captureTimestamp,captureDateTime,captureRevision,statePostal,reportingunitID,reportingunitLevel,pollClosingTime,level,fipsCode,electTotal,lastUpdated,precinctsReporting,eevp,precinctsTotal,precinctsReportingPct,candidates.0.candidateID,candidates.0.voteCount,candidates.0.votePct,candidates.1.candidateID,candidates.1.voteCount,candidates.1.votePct,parameters.vote.expected.actual,parameters.vote.expected.eevpCap,parameters.vote.total,parameters.vote.registered,parameters.precinctsReportingActual,parameters.precinctsReportingProportional
1667886761,2022-11-08 05:52:41 +0000,454ce019f86614717daba988180b8577e032630f,KY,21155,2,2022-11-08T23:00:00.000Z,FIPSCode,21155,0,2022-11-07T20:49:17.437Z,0,0.0,17,0.0,6773,0,0.0,6774,0,0.0,7495,99,0,13886,0,0
1667944347,2022-11-08 21:52:27 +0000,05a3e91e497cb8d3251b3f2f481fd479b6ed8cc7,KY,21155,2,2022-11-08T23:00:00.000Z,FIPSCode,21155,0,2022-11-08T20:18:46.150Z,0,0.0,17,0.0,6773,0,0.0,6774,0,0.0,7495,99,0,13886,0,0
1667949028,2022-11-08 23:10:28 +0000,1af998fab4b75e7c8b2a13fbf0b3df6b3aab5232,KY,21155,2,2022-11-08T23:00:00.000Z,FIPSCode,21155,0,2022-11-08T23:03:51.023Z,0,0.0,17,0.0,6773,0,0.0,6774,0,0.0,7495,99,0,13886,0,0
1667949299,2022-11-08 23:14:59 +0000,b334f05b75bafb94958f7797e615fb57e746d9de,KY,21155,2,2022-11-08T23:00:00.000Z,FIPSCode,21155,0,2022-11-08T23:11:13.202Z,0,0.0,17,0.0,6773,0,0.0,6774,0,0.0,7495,99,0,13886,0,0
1667949842,2022-11-08 23:24:02 +0000,e733c733b3b3c33f13905f9501db69cb94a55a64,KY,21155,2,2022-11-08T23:00:00.000Z,FIPSCode,21155,0,2022-11-08T23:11:13.202Z,0,0.0,17,0.0,6773,0,0.0,6774,0,0.0,7495,99,0,13886,0,0
1667950106,2022-11-08 23:28:26 +0000,03bd9b09dc6ae9d95766d3877a273fc07c395a68,KY,21155,2,2022-11-08T23:00:00.000Z,FIPSCode,21155,0,2022-11-08T23:11:13.202Z,0,0.0,17,0.0,6773,0,0.0,6774,0,0.0,7495,99,0,13886,0,0
1667950906,2022-11-08 23:41:46 +0000,e16ff5d831c790d2a4ca6ae54f46d1aa82402f94,KY,21155,2,2022-11-08T23:00:00.000Z,FIPSCode,21155,0,2022-11-08T23:11:13.202Z,0,0.0,17,0.0,6773,0,0.0,6774,0,0.0,7495,99,0,13886,0,0
1667951181,2022-11-08 23:46:21 +0000,c8f35c523efdf4413ea5833ae3ff85e5f5285402,KY,21155,2,2022-11-08T23:00:00.000Z,FIPSCode,21155,0,2022-11-08T23:42:46.937Z,4,7.53,17,23.53,6773,304,53.9,6774,260,46.1,7495,99,564,13886,4,1
1667951453,2022-11-08 23:50:53 +0000,51814c015a687d0f6e1b2067a56d2aa6de446931,KY,21155,2,2022-11-08T23:00:00.000Z,FIPSCode,21155,0,2022-11-08T23:42:46.937Z,4,7.53,17,23.53,6773,304,53.9,6774,260,46.1,7495,99,564,13886,4,1
1667951984,2022-11-08 23:59:44 +0000,1d5f0496addabb850b6478bc4089a95c0ef07c4b,KY,21155,2,2022-11-08T23:00:00.000Z,FIPSCode,21155,0,2022-11-08T23:42:46.937Z,4,7.53,17,23.53,6773,304,53.9,6774,260,46.1,7495,99,564,13886,4,1
1667952254,2022-11-09 00:04:14 +0000,01f078a675119f6cdf4e095b5cc2a41189aff91c,KY,21155,2,2022-11-08T23:00:00.000Z,FIPSCode,21155,0,2022-11-08T23:42:46.937Z,4,7.53,17,23.53,6773,304,53.9,6774,260,46.1,7495,99,564,13886,4,1
1667952515,2022-11-09 00:08:35 +0000,b696a55e80164ecdcb71059e68ae6204a1f65e5b,KY,21155,2,2022-11-08T23:00:00.000Z,FIPSCode,21155,0,2022-11-08T23:42:46.937Z,4,7.53,17,23.53,6773,304,53.9,6774,260,46.1,7495,99,564,13886,4,1
1667952827,2022-11-09 00:13:47 +0000,e67364b5505081c4cca0f28ef8e8d84768d1cc02,KY,21155,2,2022-11-08T23:00:00.000Z,FIPSCode,21155,0,2022-11-08T23:42:46.937Z,4,7.53,17,23.53,6773,304,53.9,6774,260,46.1,7495,99,564,13886,4,1
1667953197,2022-11-09 00:19:57 +0000,4752cb39f35c63d02e72237179350aec6f014171,KY,21155,2,2022-11-08T23:00:00.000Z,FIPSCode,21155,0,2022-11-08T23:42:46.937Z,4,7.53,17,23.53,6773,304,53.9,6774,260,46.1,7495,99,564,13886,4,1
1667953518,2022-11-09 00:25:18 +0000,c5fd4e03c2339afc5fd044a64f91f261b7e7cfa1,KY,21155,2,2022-11-08T23:00:00.000Z,FIPSCode,21155,0,2022-11-08T23:42:46.937Z,4,7.53,17,23.53,6773,304,53.9,6774,260,46.1,7495,99,564,13886,4,1
1667953790,2022-11-09 00:29:50 +0000,6070b11d4c3c0a9b2acaa63cc75a94579377e299,KY,21155,2,2022-11-08T23:00:00.000Z,FIPSCode,21155,0,2022-11-09T00:22:48.756Z,6,34.58,17,35.29,6773,1319,50.89,6774,1273,49.11,7495,99,2592,13886,6,6
1667954061,2022-11-09 00:34:21 +0000,f42b15f4268586407ce223466d2394d526a81df4,KY,21155,2,2022-11-08T23:00:00.000Z,FIPSCode,21155,0,2022-11-09T00:22:48.756Z,6,34.58,17,35.29,6773,1319,50.89,6774,1273,49.11,7495,99,2592,13886,6,6
1667954328,2022-11-09 00:38:48 +0000,bfe97281aaab58d7c74edee2f505906bcc18daea,KY,21155,2,2022-11-08T23:00:00.000Z,FIPSCode,21155,0,2022-11-09T00:22:48.756Z,6,34.58,17,35.29,6773,1319,50.89,6774,1273,49.11,7495,99,2592,13886,6,6
1667954620,2022-11-09 00:43:40 +0000,390deeca213dc77033625c9727e9139ac530f13c,KY,21155,2,2022-11-08T23:00:00.000Z,FIPSCode,21155,0,2022-11-09T00:22:48.756Z,6,34.58,17,35.29,6773,1319,50.89,6774,1273,49.11,7495,99,2592,13886,6,6
1667954884,2022-11-09 00:48:04 +0000,8f544a76833fbb21dc3fbc0ce7b73e3714be8529,KY,21155,2,2022-11-08T23:00:00.000Z,FIPSCode,21155,0,2022-11-09T00:22:48.756Z,6,34.58,17,35.29,6773,1319,50.89,6774,1273,49.11,7495,99,2592,13886,6,6
1667955153,2022-11-09 00:52:33 +0000,5dbf5007b88cfdc60ec0e8e538e0df6eb1e86637,KY,21155,2,2022-11-08T23:00:00.000Z,FIPSCode,21155,0,2022-11-09T00:22:48.756Z,6,34.58,17,35.29,6773,1319,50.89,6774,1273,49.11,7495,99,2592,13886,6,6
1667955430,2022-11-09 00:57:10 +0000,e9bf9bc2954735d2abe72015bd1ac602b27e7679,KY,21155,2,2022-11-08T23:00:00.000Z,FIPSCode,21155,0,2022-11-09T00:22:48.756Z,6,34.58,17,35.29,6773,1319,50.89,6774,1273,49.11,7495,99,2592,13886,6,6
1667955702,2022-11-09 01:01:42 +0000,f6f1267e463cf8ecb93583f1dab12bfae681d775,KY,21155,2,2022-11-08T23:00:00.000Z,FIPSCode,21155,0,2022-11-09T00:22:48.756Z,6,34.58,17,35.29,6773,1319,50.89,6774,1273,49.11,7495,99,2592,13886,6,6
1667956006,2022-11-09 01:06:46 +0000,01cc2f6d0039b2fcb59e03eced60e58dcb253844,KY,21155,2,2022-11-08T23:00:00.000Z,FIPSCode,21155,0,2022-11-09T01:02:31.178Z,6,34.58,17,35.29,6773,1319,50.89,6774,1273,49.11,7495,99,2592,13886,6,6
1667956272,2022-11-09 01:11:12 +0000,e9730fe8cd073de363599251493da8f113e7bb60,KY,21155,2,2022-11-08T23:00:00.000Z,FIPSCode,21155,0,2022-11-09T01:02:31.178Z,6,34.58,17,35.29,6773,1319,50.89,6774,1273,49.11,7495,99,2592,13886,6,6
1667956547,2022-11-09 01:15:47 +0000,8138046ce1ccc9e37269480764f23b8c9cec781a,KY,21155,2,2022-11-08T23:00:00.000Z,FIPSCode,21155,0,2022-11-09T01:11:12.271Z,10,63.03,17,58.82,6773,2536,53.68,6774,2188,46.32,7495,99,4724,13886,10,11
1667956832,2022-11-09 01:20:32 +0000,83b25784602daed92be104db5cf5a6446230f2d5,KY,21155,2,2022-11-08T23:00:00.000Z,FIPSCode,21155,0,2022-11-09T01:11:12.271Z,10,63.03,17,58.82,6773,2536,53.68,6774,2188,46.32,7495,99,4724,13886,10,11
1667957119,2022-11-09 01:25:19 +0000,6d7ee88678b17ac3babfbeca22c88d840ddf7ac8,KY,21155,2,2022-11-08T23:00:00.000Z,FIPSCode,21155,0,2022-11-09T01:11:12.271Z,10,63.03,17,58.82,6773,2536,53.68,6774,2188,46.32,7495,99,4724,13886,10,11
1667957430,2022-11-09 01:30:30 +0000,03f90a735487a191903970f5b59ebf51d460c3e0,KY,21155,2,2022-11-08T23:00:00.000Z,FIPSCode,21155,0,2022-11-09T01:11:12.271Z,10,63.03,17,58.82,6773,2536,53.68,6774,2188,46.32,7495,99,4724,13886,10,11
1667957715,2022-11-09 01:35:15 +0000,97cbc8b93cc842818a0fba948144842c3e8d51f0,KY,21155,2,2022-11-08T23:00:00.000Z,FIPSCode,21155,0,2022-11-09T01:11:12.271Z,10,63.03,17,58.82,6773,2536,53.68,6774,2188,46.32,7495,99,4724,13886,10,11
1667957993,2022-11-09 01:39:53 +0000,af6b7ce58befb45bf1dd57f93615d5da519d3770,KY,21155,2,2022-11-08T23:00:00.000Z,FIPSCode,21155,0,2022-11-09T01:11:12.271Z,10,63.03,17,58.82,6773,2536,53.68,6774,2188,46.32,7495,99,4724,13886,10,11
1667958273,2022-11-09 01:44:33 +0000,4199c67ba64ae17927c85a89877c89e59a577ae0,KY,21155,2,2022-11-08T23:00:00.000Z,FIPSCode,21155,0,2022-11-09T01:11:12.271Z,10,63.03,17,58.82,6773,2536,53.68,6774,2188,46.32,7495,99,4724,13886,10,11
1667958559,2022-11-09 01:49:19 +0000,0a6694bb1cdd9734aff1178f6a5894d33a1a95cc,KY,21155,2,2022-11-08T23:00:00.000Z,FIPSCode,21155,0,2022-11-09T01:44:19.033Z,11,68.33,17,64.71,6773,2796,54.6,6774,2325,45.4,7495,99,5121,13886,11,12
1667958843,2022-11-09 01:54:03 +0000,cdc0d2ad2c3afd665dd741c97f9de238aafb3cf6,KY,21155,2,2022-11-08T23:00:00.000Z,FIPSCode,21155,0,2022-11-09T01:44:19.033Z,11,68.33,17,64.71,6773,2796,54.6,6774,2325,45.4,7495,99,5121,13886,11,12
1667959124,2022-11-09 01:58:44 +0000,ebdb2f4efab49b8071a842b145008e58069ff969,KY,21155,2,2022-11-08T23:00:00.000Z,FIPSCode,21155,0,2022-11-09T01:44:19.033Z,11,68.33,17,64.71,6773,2796,54.6,6774,2325,45.4,7495,99,5121,13886,11,12
1667959410,2022-11-09 02:03:30 +0000,98a277291480f2bee1271d939218798a5aa6ad2a,KY,21155,2,2022-11-08T23:00:00.000Z,FIPSCode,21155,0,2022-11-09T01:44:19.033Z,11,68.33,17,64.71,6773,2796,54.6,6774,2325,45.4,7495,99,5121,13886,11,12
1667959699,2022-11-09 02:08:19 +0000,204acec220204cf7636f9483a8300da582a314fa,KY,21155,2,2022-11-08T23:00:00.000Z,FIPSCode,21155,0,2022-11-09T01:44:19.033Z,11,68.33,17,64.71,6773,2796,54.6,6774,2325,45.4,7495,99,5121,13886,11,12
1667959981,2022-11-09 02:13:01 +0000,f7108f15221a3f4ac4310e0ba678593081137a5c,KY,21155,2,2022-11-08T23:00:00.000Z,FIPSCode,21155,0,2022-11-09T01:44:19.033Z,11,68.33,17,64.71,6773,2796,54.6,6774,2325,45.4,7495,99,5121,13886,11,12
1667960264,2022-11-09 02:17:44 +0000,e239f4bcca07deff3069ebbdd016fa8b8d41d752,KY,21155,2,2022-11-08T23:00:00.000Z,FIPSCode,21155,0,2022-11-09T01:44:19.033Z,11,68.33,17,64.71,6773,2796,54.6,6774,2325,45.4,7495,99,5121,13886,11,12
1667960540,2022-11-09 02:22:20 +0000,8f457dad835364421624abf7a3b05a9acf49f0bd,KY,21155,2,2022-11-08T23:00:00.000Z,FIPSCode,21155,0,2022-11-09T01:44:19.033Z,11,68.33,17,64.71,6773,2796,54.6,6774,2325,45.4,7495,99,5121,13886,11,12
1667960816,2022-11-09 02:26:56 +0000,8a1624065b18c7c6c4408259c296b51116c46c3f,KY,21155,2,2022-11-08T23:00:00.000Z,FIPSCode,21155,0,2022-11-09T01:44:19.033Z,11,68.33,17,64.71,6773,2796,54.6,6774,2325,45.4,7495,99,5121,13886,11,12
1667961093,2022-11-09 02:31:33 +0000,1ec6490691d550bb25c67a95029d41260dad9223,KY,21155,2,2022-11-08T23:00:00.000Z,FIPSCode,21155,0,2022-11-09T01:44:19.033Z,11,68.33,17,64.71,6773,2796,54.6,6774,2325,45.4,7495,99,5121,13886,11,12
1667961378,2022-11-09 02:36:18 +0000,38867b5c6238941f5844472df77322f71d62b761,KY,21155,2,2022-11-08T23:00:00.000Z,FIPSCode,21155,0,2022-11-09T01:44:19.033Z,11,68.33,17,64.71,6773,2796,54.6,6774,2325,45.4,7495,99,5121,13886,11,12
1667961709,2022-11-09 02:41:49 +0000,0f04550731ed05e8c23b521fa0b273774c5a4a51,KY,21155,2,2022-11-08T23:00:00.000Z,FIPSCode,21155,0,2022-11-09T01:44:19.033Z,11,68.33,17,64.71,6773,2796,54.6,6774,2325,45.4,7495,99,5121,13886,11,12
1667961990,2022-11-09 02:46:30 +0000,34fd47cd084122fe0c5fed09f89e8cc11319e728,KY,21155,2,2022-11-08T23:00:00.000Z,FIPSCode,21155,0,2022-11-09T01:44:19.033Z,11,68.33,17,64.71,6773,2796,54.6,6774,2325,45.4,7495,99,5121,13886,11,12
1667962272,2022-11-09 02:51:12 +0000,22cc2cb364805735e8373437043abe797d3cbbf4,KY,21155,2,2022-11-08T23:00:00.000Z,FIPSCode,21155,0,2022-11-09T01:44:19.033Z,11,68.33,17,64.71,6773,2796,54.6,6774,2325,45.4,7495,99,5121,13886,11,12
1667962555,2022-11-09 02:55:55 +0000,84c8aec46b0824d2dabb875d986800c8bb475bfb,KY,21155,2,2022-11-08T23:00:00.000Z,FIPSCode,21155,0,2022-11-09T01:44:19.033Z,11,68.33,17,64.71,6773,2796,54.6,6774,2325,45.4,7495,99,5121,13886,11,12
1667962837,2022-11-09 03:00:37 +0000,d57fedbb0cf82cf130c9d008e459203d23c317e0,KY,21155,2,2022-11-08T23:00:00.000Z,FIPSCode,21155,0,2022-11-09T01:44:19.033Z,11,68.33,17,64.71,6773,2796,54.6,6774,2325,45.4,7495,99,5121,13886,11,12
1667963111,2022-11-09 03:05:11 +0000,e819c6c0592b367c01eebbb86e897f39b2d774d1,KY,21155,2,2022-11-08T23:00:00.000Z,FIPSCode,21155,0,2022-11-09T01:44:19.033Z,11,68.33,17,64.71,6773,2796,54.6,6774,2325,45.4,7495,99,5121,13886,11,12
1667963396,2022-11-09 03:09:56 +0000,6a46c0776c43a17d759f81499ba9ed2e8d7622fc,KY,21155,2,2022-11-08T23:00:00.000Z,FIPSCode,21155,0,2022-11-09T01:44:19.033Z,11,68.33,17,64.71,6773,2796,54.6,6774,2325,45.4,7495,99,5121,13886,11,12
1667963668,2022-11-09 03:14:28 +0000,504ec01bb7ea4ec861b67f44aa636e0055b5ba3d,KY,21155,2,2022-11-08T23:00:00.000Z,FIPSCode,21155,0,2022-11-09T01:44:19.033Z,11,68.33,17,64.71,6773,2796,54.6,6774,2325,45.4,7495,99,5121,13886,11,12
1667963936,2022-11-09 03:18:56 +0000,05b874b27e9d0f9fdd5056261aa4b35a7cfd0586,KY,21155,2,2022-11-08T23:00:00.000Z,FIPSCode,21155,0,2022-11-09T01:44:19.033Z,11,68.33,17,64.71,6773,2796,54.6,6774,2325,45.4,7495,99,5121,13886,11,12
1667964559,2022-11-09 03:29:19 +0000,9953e63a0357b9189618b1f7ef238581cfdffcbb,KY,21155,2,2022-11-08T23:00:00.000Z,FIPSCode,21155,0,2022-11-09T01:44:19.033Z,11,68.33,17,64.71,6773,2796,54.6,6774,2325,45.4,7495,99,5121,13886,11,12
1667964860,2022-11-09 03:34:20 +0000,ee3367b043972f1875e6948799a9babb4f41fd05,KY,21155,2,2022-11-08T23:00:00.000Z,FIPSCode,21155,0,2022-11-09T01:44:19.033Z,11,68.33,17,64.71,6773,2796,54.6,6774,2325,45.4,7495,99,5121,13886,11,12
1667965148,2022-11-09 03:39:08 +0000,6fdfe90630de6ba7d3077daaa37563b39e419cfc,KY,21155,2,2022-11-08T23:00:00.000Z,FIPSCode,21155,0,2022-11-09T01:44:19.033Z,11,68.33,17,64.71,6773,2796,54.6,6774,2325,45.4,7495,99,5121,13886,11,12
1667965711,2022-11-09 03:48:31 +0000,3f97935f76145660588ec69d4480a824e21e2bd4,KY,21155,2,2022-11-08T23:00:00.000Z,FIPSCode,21155,0,2022-11-09T03:39:54.634Z,11,68.33,17,64.71,6773,2796,54.6,6774,2325,45.4,7495,99,5121,13886,11,12
1667966001,2022-11-09 03:53:21 +0000,cee0a612753351ddb30fde2a157613da20f2be01,KY,21155,2,2022-11-08T23:00:00.000Z,FIPSCode,21155,0,2022-11-09T03:47:53.297Z,17,74.78,17,100.0,6773,3071,54.79,6774,2534,45.21,7495,99,5605,13886,17,13
1667966989,2022-11-09 04:09:49 +0000,47c6fd3e525919b429e23d0446afd1809e9c353c,KY,21155,2,2022-11-08T23:00:00.000Z,FIPSCode,21155,0,2022-11-09T03:47:53.297Z,17,74.78,17,100.0,6773,3071,54.79,6774,2534,45.21,7495,99,5605,13886,17,13
1667967269,2022-11-09 04:14:29 +0000,68d92bf23b94b96637a56b0d567d37a581d41ead,KY,21155,2,2022-11-08T23:00:00.000Z,FIPSCode,21155,0,2022-11-09T03:47:53.297Z,17,74.78,17,100.0,6773,3071,54.79,6774,2534,45.21,7495,99,5605,13886,17,13
1667967540,2022-11-08 22:19:00 -0600,673632f1537c7c9f2368084b99ec47b67621c41e,KY,21155,2,2022-11-08T23:00:00.000Z,FIPSCode,21155,0,2022-11-09T03:47:53.297Z,17,74.78,17,100.0,6773,3071,54.79,6774,2534,45.21,7495,99,5605,13886,17,13
1667967905,2022-11-08 22:25:05 -0600,7b53fc8cb8c53477e9f4fecf82fac92988ee5275,KY,21155,2,2022-11-08T23:00:00.000Z,FIPSCode,21155,0,2022-11-09T03:47:53.297Z,17,74.78,17,100.0,6773,3071,54.79,6774,2534,45.21,7495,99,5605,13886,17,13
1667967954,2022-11-08 22:25:54 -0600,ddd8cd55583cb4e51013ac431e84d23dc8167e7a,KY,21155,2,2022-11-08T23:00:00.000Z,FIPSCode,21155,0,2022-11-09T03:47:53.297Z,17,74.78,17,100.0,6773,3071,54.79,6774,2534,45.21,7495,99,5605,13886,17,13
1667968138,2022-11-08 22:28:58 -0600,78be3d1941803188124b187362be51adf1e8fdfb,KY,21155,2,2022-11-08T23:00:00.000Z,FIPSCode,21155,0,2022-11-09T03:47:53.297Z,17,74.78,17,100.0,6773,3071,54.79,6774,2534,45.21,7495,99,5605,13886,17,13
1667968272,2022-11-08 22:31:12 -0600,97ef6c54bfa1c7ef6beea70c87aafe0c54251ad8,KY,21155,2,2022-11-08T23:00:00.000Z,FIPSCode,21155,0,2022-11-09T03:47:53.297Z,17,74.78,17,100.0,6773,3071,54.79,6774,2534,45.21,7495,99,5605,13886,17,13
1667968667,2022-11-08 22:37:47 -0600,a013d457c641e43c359ed7cf524810962213905d,KY,21155,2,2022-11-08T23:00:00.000Z,FIPSCode,21155,0,2022-11-09T03:47:53.297Z,17,74.78,17,100.0,6773,3071,54.79,6774,2534,45.21,7495,99,5605,13886,17,13
1667969636,2022-11-08 22:53:56 -0600,343edcc3a5440ed7e985b5b1b439acfe9dc3a7bb,KY,21155,2,2022-11-08T23:00:00.000Z,FIPSCode,21155,0,2022-11-09T03:47:53.297Z,17,74.78,17,100.0,6773,3071,54.79,6774,2534,45.21,7495,99,5605,13886,17,13
1667969768,2022-11-08 22:56:08 -0600,13751e5ba6ec1b0e3bf8ed4bdd82f9ad01fec7e2,KY,21155,2,2022-11-08T23:00:00.000Z,FIPSCode,21155,0,2022-11-09T03:47:53.297Z,17,74.78,17,100.0,6773,3071,54.79,6774,2534,45.21,7495,99,5605,13886,17,13
1667970156,2022-11-08 23:02:36 -0600,84ea53799ae0036a04ac85127e62d719394c963e,KY,21155,2,2022-11-08T23:00:00.000Z,FIPSCode,21155,0,2022-11-09T03:47:53.297Z,17,74.78,17,100.0,6773,3071,54.79,6774,2534,45.21,7495,99,5605,13886,17,13
1667970373,2022-11-08 23:06:13 -0600,3ea973c74a9585b2e944f9dd59e390b2b951b2cd,KY,21155,2,2022-11-08T23:00:00.000Z,FIPSCode,21155,0,2022-11-09T03:47:53.297Z,17,74.78,17,100.0,6773,3071,54.79,6774,2534,45.21,7495,99,5605,13886,17,13
1667970548,2022-11-08 23:09:08 -0600,a039c3e3daf59c6709863984d030931ce2f47b8a,KY,21155,2,2022-11-08T23:00:00.000Z,FIPSCode,21155,0,2022-11-09T03:47:53.297Z,17,74.78,17,100.0,6773,3071,54.79,6774,2534,45.21,7495,99,5605,13886,17,13
1667971079,2022-11-08 23:17:59 -0600,1cf7281bce65e8581e70a1164dc3589ed87371d4,KY,21155,2,2022-11-08T23:00:00.000Z,FIPSCode,21155,0,2022-11-09T03:47:53.297Z,17,74.78,17,100.0,6773,3071,54.79,6774,2534,45.21,7495,99,5605,13886,17,13
1667971785,2022-11-08 23:29:45 -0600,0263826aefa5e72057a0aaa213c232b6c0eefa0d,KY,21155,2,2022-11-08T23:00:00.000Z,FIPSCode,21155,0,2022-11-09T03:47:53.297Z,17,74.78,17,100.0,6773,3071,54.79,6774,2534,45.21,7495,99,5605,13886,17,13
1667971879,2022-11-08 23:31:19 -0600,e58483b4fb47a48c624446a947423840f5e4d94b,KY,21155,2,2022-11-08T23:00:00.000Z,FIPSCode,21155,0,2022-11-09T03:47:53.297Z,17,74.78,17,100.0,6773,3071,54.79,6774,2534,45.21,7495,99,5605,13886,17,13
1667973115,2022-11-08 23:51:55 -0600,76528750fef7c265d19f91ec30e86804e3da6e06,KY,21155,2,2022-11-08T23:00:00.000Z,FIPSCode,21155,0,2022-11-09T03:47:53.297Z,17,74.78,17,100.0,6773,3071,54.79,6774,2534,45.21,7495,99,5605,13886,17,13
1667973204,2022-11-08 23:53:24 -0600,9ca1adc2a96ccb8173cfd35380377368538cfb03,KY,21155,2,2022-11-08T23:00:00.000Z,FIPSCode,21155,0,2022-11-09T03:47:53.297Z,17,74.78,17,100.0,6773,3071,54.79,6774,2534,45.21,7495,99,5605,13886,17,13
1667973292,2022-11-08 23:54:52 -0600,f4e2e76b95b1963799e86b607fe710743960389e,KY,21155,2,2022-11-08T23:00:00.000Z,FIPSCode,21155,0,2022-11-09T03:47:53.297Z,17,74.78,17,100.0,6773,3071,54.79,6774,2534,45.21,7495,99,5605,13886,17,13
1667973921,2022-11-09 00:05:21 -0600,8c7bea4e5501d62c6edf8b543f4ffeaf66fbee7c,KY,21155,2,2022-11-08T23:00:00.000Z,FIPSCode,21155,0,2022-11-09T03:47:53.297Z,17,74.78,17,100.0,6773,3071,54.79,6774,2534,45.21,7495,99,5605,13886,17,13
1667974050,2022-11-09 00:07:30 -0600,7abf683084771abb66bcbd62c846b6795b86899c,KY,21155,2,2022-11-08T23:00:00.000Z,FIPSCode,21155,0,2022-11-09T03:47:53.297Z,17,74.78,17,100.0,6773,3071,54.79,6774,2534,45.21,7495,99,5605,13886,17,13
1667975319,2022-11-09 00:28:39 -0600,7d24d010dbc95f183b9e815a9f6c12b55b48ad99,KY,21155,2,2022-11-08T23:00:00.000Z,FIPSCode,21155,0,2022-11-09T03:47:53.297Z,17,74.78,17,100.0,6773,3071,54.79,6774,2534,45.21,7495,99,5605,13886,17,13
1667975402,2022-11-09 00:30:02 -0600,1cb740bfe02888499fbb239b5454758b24512913,KY,21155,2,2022-11-08T23:00:00.000Z,FIPSCode,21155,0,2022-11-09T03:47:53.297Z,17,74.78,17,100.0,6773,3071,54.79,6774,2534,45.21,7495,99,5605,13886,17,13
1667976265,2022-11-09 00:44:25 -0600,f24bbc37a7ca703e419e133d048b4da5b1f386e7,KY,21155,2,2022-11-08T23:00:00.000Z,FIPSCode,21155,0,2022-11-09T03:47:53.297Z,17,74.78,17,100.0,6773,3071,54.79,6774,2534,45.21,7495,99,5605,13886,17,13
1667976507,2022-11-09 00:48:27 -0600,209b6e99763633b1f7b84bb7726e9e7d3ee0aee1,KY,21155,2,2022-11-08T23:00:00.000Z,FIPSCode,21155,0,2022-11-09T03:47:53.297Z,17,74.78,17,100.0,6773,3071,54.79,6774,2534,45.21,7495,99,5605,13886,17,13
1667977894,2022-11-09 01:11:34 -0600,2883987a3e0c5c512fd0db14505e99d131238c1b,KY,21155,2,2022-11-08T23:00:00.000Z,FIPSCode,21155,0,2022-11-09T03:47:53.297Z,17,74.78,17,100.0,6773,3071,54.79,6774,2534,45.21,7495,99,5605,13886,17,13
1667977976,2022-11-09 01:12:56 -0600,49c0f85ed6cbaaac8f357b536c767f0a23714980,KY,21155,2,2022-11-08T23:00:00.000Z,FIPSCode,21155,0,2022-11-09T03:47:53.297Z,17,74.78,17,100.0,6773,3071,54.79,6774,2534,45.21,7495,99,5605,13886,17,13
1667978096,2022-11-09 01:14:56 -0600,9704f9ed3b0570d75ec2a13ef6d6f848b5453f32,KY,21155,2,2022-11-08T23:00:00.000Z,FIPSCode,21155,0,2022-11-09T03:47:53.297Z,17,74.78,17,100.0,6773,3071,54.79,6774,2534,45.21,7495,99,5605,13886,17,13
1667978179,2022-11-09 01:16:19 -0600,e5b0abbb1cf26ccf017c9d5a0d528e78ff1d1e95,KY,21155,2,2022-11-08T23:00:00.000Z,FIPSCode,21155,0,2022-11-09T03:47:53.297Z,17,74.78,17,100.0,6773,3071,54.79,6774,2534,45.21,7495,99,5605,13886,17,13
1667978220,2022-11-09 01:17:00 -0600,e1b3684a64586d8bd4fc0a1bcb44792f80525495,KY,21155,2,2022-11-08T23:00:00.000Z,FIPSCode,21155,0,2022-11-09T03:47:53.297Z,17,74.78,17,100.0,6773,3071,54.79,6774,2534,45.21,7495,99,5605,13886,17,13
1667978261,2022-11-09 01:17:41 -0600,2fcf177a45bf7e84f8682ce5ff329f68ac735ac5,KY,21155,2,2022-11-08T23:00:00.000Z,FIPSCode,21155,0,2022-11-09T03:47:53.297Z,17,74.78,17,100.0,6773,3071,54.79,6774,2534,45.21,7495,99,5605,13886,17,13
1667979113,2022-11-09 01:31:53 -0600,0d95595a3cc63a938b8e112a44736f6a4c8ddf71,KY,21155,2,2022-11-08T23:00:00.000Z,FIPSCode,21155,0,2022-11-09T07:30:29.851Z,17,98.99,17,100.0,6773,3071,54.79,6774,2534,45.21,5662,99,5605,13886,17,17
1667979192,2022-11-09 01:33:12 -0600,bdaf4fc12fe65f7bcce0f8063c33ccd41427f273,KY,21155,2,2022-11-08T23:00:00.000Z,FIPSCode,21155,0,2022-11-09T07:30:29.851Z,17,98.99,17,100.0,6773,3071,54.79,6774,2534,45.21,5662,99,5605,13886,17,17
1667979231,2022-11-09 01:33:51 -0600,0aac9649608b65a23e9855cf5cacd405130eb626,KY,21155,2,2022-11-08T23:00:00.000Z,FIPSCode,21155,0,2022-11-09T07:30:29.851Z,17,98.99,17,100.0,6773,3071,54.79,6774,2534,45.21,5662,99,5605,13886,17,17
1667979271,2022-11-09 01:34:31 -0600,36151de64a934e0a3464c1509e2a12dbafec30ba,KY,21155,2,2022-11-08T23:00:00.000Z,FIPSCode,21155,0,2022-11-09T07:30:29.851Z,17,98.99,17,100.0,6773,3071,54.79,6774,2534,45.21,5662,99,5605,13886,17,17
1667979312,2022-11-09 01:35:12 -0600,5fd2ef815b3efc7160a0f621311c95958f5349fa,KY,21155,2,2022-11-08T23:00:00.000Z,FIPSCode,21155,0,2022-11-09T07:30:29.851Z,17,98.99,17,100.0,6773,3071,54.79,6774,2534,45.21,5662,99,5605,13886,17,17
1667979926,2022-11-09 01:45:26 -0600,9b0489556f79fd338933dc887f608460bae29ac3,KY,21155,2,2022-11-08T23:00:00.000Z,FIPSCode,21155,0,2022-11-09T07:30:29.851Z,17,98.99,17,100.0,6773,3071,54.79,6774,2534,45.21,5662,99,5605,13886,17,17
1667980111,2022-11-09 01:48:31 -0600,428d6efc67001dc34b2967bd8bff4fda13dfb188,KY,21155,2,2022-11-08T23:00:00.000Z,FIPSCode,21155,0,2022-11-09T07:30:29.851Z,17,98.99,17,100.0,6773,3071,54.79,6774,2534,45.21,5662,99,5605,13886,17,17
1667980354,2022-11-09 01:52:34 -0600,b95b3aa03864d3aa8e20ef68881e81d2ed7e17c2,KY,21155,2,2022-11-08T23:00:00.000Z,FIPSCode,21155,0,2022-11-09T07:30:29.851Z,17,98.99,17,100.0,6773,3071,54.79,6774,2534,45.21,5662,99,5605,13886,17,17
1668000083,2022-11-09 07:21:23 -0600,cd15fa44ef86c92ad60e6b0fe8210797c111ce2f,KY,21155,2,2022-11-08T23:00:00.000Z,FIPSCode,21155,0,2022-11-09T13:20:07.243Z,17,98.99,17,100.0,6773,3071,54.79,6774,2534,45.21,5662,99,5605,13886,17,17
1668002566,2022-11-09 08:02:46 -0600,8f8e6a7b3246af77afa91fd57fc0758be0d6fde9,KY,21155,2,2022-11-08T23:00:00.000Z,FIPSCode,21155,0,2022-11-09T13:20:07.243Z,17,98.99,17,100.0,6773,3071,54.79,6774,2534,45.21,5662,99,5605,13886,17,17
1668002810,2022-11-09 08:06:50 -0600,7590bf9347769015d5dcc46ba756d7a394e0c264,KY,21155,2,2022-11-08T23:00:00.000Z,FIPSCode,21155,0,2022-11-09T13:20:07.243Z,17,98.99,17,100.0,6773,3071,54.79,6774,2534,45.21,5662,99,5605,13886,17,17
1668003014,2022-11-09 08:10:14 -0600,0eab4b276eab898af2627f71dd9e0a6c47fdd193,KY,21155,2,2022-11-08T23:00:00.000Z,FIPSCode,21155,0,2022-11-09T13:20:07.243Z,17,98.99,17,100.0,6773,3071,54.79,6774,2534,45.21,5662,99,5605,13886,17,17
1668005359,2022-11-09 08:49:19 -0600,8a3561bb1b120b6d476ceda58466564d1187d8e6,KY,21155,2,2022-11-08T23:00:00.000Z,FIPSCode,21155,0,2022-11-09T13:20:07.243Z,17,98.99,17,100.0,6773,3071,54.79,6774,2534,45.21,5662,99,5605,13886,17,17
1668006370,2022-11-09 09:06:10 -0600,c8673591ea870e6c097f4102a0483f7cf4142d44,KY,21155,2,2022-11-08T23:00:00.000Z,FIPSCode,21155,0,2022-11-09T13:20:07.243Z,17,98.99,17,100.0,6773,3071,54.79,6774,2534,45.21,5662,99,5605,13886,17,17
1668006410,2022-11-09 09:06:50 -0600,73a43ccba5ee483d503b65c05400f3d9ba231823,KY,21155,2,2022-11-08T23:00:00.000Z,FIPSCode,21155,0,2022-11-09T13:20:07.243Z,17,98.99,17,100.0,6773,3071,54.79,6774,2534,45.21,5662,99,5605,13886,17,17
1668007468,2022-11-09 09:24:28 -0600,a95193f808ce663b6451bc7ad7d36cc7505d3dca,KY,21155,2,2022-11-08T23:00:00.000Z,FIPSCode,21155,0,2022-11-09T13:20:07.243Z,17,98.99,17,100.0,6773,3071,54.79,6774,2534,45.21,5662,99,5605,13886,17,17
1668007672,2022-11-09 09:27:52 -0600,d2fae316d1cdcc38fce18fe769ac97b545fa77dc,KY,21155,2,2022-11-08T23:00:00.000Z,FIPSCode,21155,0,2022-11-09T13:20:07.243Z,17,98.99,17,100.0,6773,3071,54.79,6774,2534,45.21,5662,99,5605,13886,17,17
1668009179,2022-11-09 09:52:59 -0600,82e6b1c43ede5c94414df2640ec15246a5ef7705,KY,21155,2,2022-11-08T23:00:00.000Z,FIPSCode,21155,0,2022-11-09T13:20:07.243Z,17,98.99,17,100.0,6773,3071,54.79,6774,2534,45.21,5662,99,5605,13886,17,17
1668009262,2022-11-09 09:54:22 -0600,05b2df033de8074b9e224f40acbc04f63ff3f1d3,KY,21155,2,2022-11-08T23:00:00.000Z,FIPSCode,21155,0,2022-11-09T13:20:07.243Z,17,98.99,17,100.0,6773,3071,54.79,6774,2534,45.21,5662,99,5605,13886,17,17
1668009956,2022-11-09 10:05:56 -0600,a19678ee22e50e9909778b88f3520bc5939e89b8,KY,21155,2,2022-11-08T23:00:00.000Z,FIPSCode,21155,0,2022-11-09T13:20:07.243Z,17,98.99,17,100.0,6773,3071,54.79,6774,2534,45.21,5662,99,5605,13886,17,17
1668010038,2022-11-09 10:07:18 -0600,7f882ee806ab6b93215a59fa3c5a05469e090576,KY,21155,2,2022-11-08T23:00:00.000Z,FIPSCode,21155,0,2022-11-09T13:20:07.243Z,17,98.99,17,100.0,6773,3071,54.79,6774,2534,45.21,5662,99,5605,13886,17,17
1668010245,2022-11-09 10:10:45 -0600,c4b5308f940511c9838b928c648ccd32f76b1dc7,KY,21155,2,2022-11-08T23:00:00.000Z,FIPSCode,21155,0,2022-11-09T13:20:07.243Z,17,98.99,17,100.0,6773,3071,54.79,6774,2534,45.21,5662,99,5605,13886,17,17
1668010285,2022-11-09 10:11:25 -0600,b64b12d7f879ecda657a24a58c402a84aed97c29,KY,21155,2,2022-11-08T23:00:00.000Z,FIPSCode,21155,0,2022-11-09T13:20:07.243Z,17,98.99,17,100.0,6773,3071,54.79,6774,2534,45.21,5662,99,5605,13886,17,17
1668010329,2022-11-09 10:12:09 -0600,2c68f6da732af379db0136e9620f465556d8bc74,KY,21155,2,2022-11-08T23:00:00.000Z,FIPSCode,21155,0,2022-11-09T13:20:07.243Z,17,98.99,17,100.0,6773,3071,54.79,6774,2534,45.21,5662,99,5605,13886,17,17
1668012149,2022-11-09 10:42:29 -0600,f53dbeb5f07396847b14d9e7fd74a0421f081df4,KY,21155,2,2022-11-08T23:00:00.000Z,FIPSCode,21155,0,2022-11-09T13:20:07.243Z,17,98.99,17,100.0,6773,3071,54.79,6774,2534,45.21,5662,99,5605,13886,17,17
1668012231,2022-11-09 10:43:51 -0600,51e37339d513ad9dcc140e4b5c4fc06fc715c118,KY,21155,2,2022-11-08T23:00:00.000Z,FIPSCode,21155,0,2022-11-09T13:20:07.243Z,17,98.99,17,100.0,6773,3071,54.79,6774,2534,45.21,5662,99,5605,13886,17,17
1668015568,2022-11-09 11:39:28 -0600,33190113064ad375aa9519b929545fa467366fc2,KY,21155,2,2022-11-08T23:00:00.000Z,FIPSCode,21155,0,2022-11-09T13:20:07.243Z,17,98.99,17,100.0,6773,3071,54.79,6774,2534,45.21,5662,99,5605,13886,17,17
1668016075,2022-11-09 11:47:55 -0600,9bfa0a5cf8ac4701c56c56f1bd6c4457c4bab4d1,KY,21155,2,2022-11-08T23:00:00.000Z,FIPSCode,21155,0,2022-11-09T13:20:07.243Z,17,98.99,17,100.0,6773,3071,54.79,6774,2534,45.21,5662,99,5605,13886,17,17
1668016578,2022-11-09 11:56:18 -0600,0d81dc844cc25b6a9bfd8886e149711097097217,KY,21155,2,2022-11-08T23:00:00.000Z,FIPSCode,21155,0,2022-11-09T13:20:07.243Z,17,98.99,17,100.0,6773,3071,54.79,6774,2534,45.21,5662,99,5605,13886,17,17
1668016706,2022-11-09 11:58:26 -0600,a8a8152d171d20763a6bdce25630001755be4535,KY,21155,2,2022-11-08T23:00:00.000Z,FIPSCode,21155,0,2022-11-09T13:20:07.243Z,17,98.99,17,100.0,6773,3071,54.79,6774,2534,45.21,5662,99,5605,13886,17,17
1668017247,2022-11-09 12:07:27 -0600,f1f74c2eca7236dd8b17feefcbe0f888cbf26fb5,KY,21155,2,2022-11-08T23:00:00.000Z,FIPSCode,21155,0,2022-11-09T13:20:07.243Z,17,98.99,17,100.0,6773,3071,54.79,6774,2534,45.21,5662,99,5605,13886,17,17
1668017875,2022-11-09 12:17:55 -0600,dd5823554da9b1a7badf1ebca68d659d5aabd5b8,KY,21155,2,2022-11-08T23:00:00.000Z,FIPSCode,21155,0,2022-11-09T13:20:07.243Z,17,98.99,17,100.0,6773,3071,54.79,6774,2534,45.21,5662,99,5605,13886,17,17
1668017961,2022-11-09 12:19:21 -0600,68ccc01fe598d71852b4d6c9d568579da1559216,KY,21155,2,2022-11-08T23:00:00.000Z,FIPSCode,21155,0,2022-11-09T13:20:07.243Z,17,98.99,17,100.0,6773,3071,54.79,6774,2534,45.21,5662,99,5605,13886,17,17
1668018341,2022-11-09 12:25:41 -0600,b56d245c33e708c17fef45737243740ad771695a,KY,21155,2,2022-11-08T23:00:00.000Z,FIPSCode,21155,0,2022-11-09T13:20:07.243Z,17,98.99,17,100.0,6773,3071,54.79,6774,2534,45.21,5662,99,5605,13886,17,17
1668018466,2022-11-09 12:27:46 -0600,0785bca3bbc679a92f56254d20d82519e87f768e,KY,21155,2,2022-11-08T23:00:00.000Z,FIPSCode,21155,0,2022-11-09T13:20:07.243Z,17,98.99,17,100.0,6773,3071,54.79,6774,2534,45.21,5662,99,5605,13886,17,17
1668018507,2022-11-09 12:28:27 -0600,9f5b63a2e9436dcbec4801b49f0bd7498332bbce,KY,21155,2,2022-11-08T23:00:00.000Z,FIPSCode,21155,0,2022-11-09T13:20:07.243Z,17,98.99,17,100.0,6773,3071,54.79,6774,2534,45.21,5662,99,5605,13886,17,17
1668018549,2022-11-09 12:29:09 -0600,4e324682e7f9ee7a5ba1db8cea48e0bb78cee9e3,KY,21155,2,2022-11-08T23:00:00.000Z,FIPSCode,21155,0,2022-11-09T13:20:07.243Z,17,98.99,17,100.0,6773,3071,54.79,6774,2534,45.21,5662,99,5605,13886,17,17
1668019304,2022-11-09 12:41:44 -0600,08a8f9673ad6bf39fbb17792092397226efb35d1,KY,21155,2,2022-11-08T23:00:00.000Z,FIPSCode,21155,0,2022-11-09T13:20:07.243Z,17,98.99,17,100.0,6773,3071,54.79,6774,2534,45.21,5662,99,5605,13886,17,17
1668019472,2022-11-09 12:44:32 -0600,3b7b22f6881dc16cddc7cb3a860b125359c1f128,KY,21155,2,2022-11-08T23:00:00.000Z,FIPSCode,21155,0,2022-11-09T13:20:07.243Z,17,98.99,17,100.0,6773,3071,54.79,6774,2534,45.21,5662,99,5605,13886,17,17
1668019856,2022-11-09 12:50:56 -0600,ec0e356d30cec8af4199e2186e0a6655699be0f2,KY,21155,2,2022-11-08T23:00:00.000Z,FIPSCode,21155,0,2022-11-09T13:20:07.243Z,17,98.99,17,100.0,6773,3071,54.79,6774,2534,45.21,5662,99,5605,13886,17,17
1668020106,2022-11-09 12:55:06 -0600,1cea6be431ad468a34d3324a40be1a320f07b8d5,KY,21155,2,2022-11-08T23:00:00.000Z,FIPSCode,21155,0,2022-11-09T13:20:07.243Z,17,98.99,17,100.0,6773,3071,54.79,6774,2534,45.21,5662,99,5605,13886,17,17
1668020829,2022-11-09 13:07:09 -0600,cd9b0b308e2600eda290b677d3b43036fe5b7d54,KY,21155,2,2022-11-08T23:00:00.000Z,FIPSCode,21155,0,2022-11-09T13:20:07.243Z,17,98.99,17,100.0,6773,3071,54.79,6774,2534,45.21,5662,99,5605,13886,17,17
1668021042,2022-11-09 13:10:42 -0600,7e276d2df65632f8578ad57945fa0f6dea785555,KY,21155,2,2022-11-08T23:00:00.000Z,FIPSCode,21155,0,2022-11-09T13:20:07.243Z,17,98.99,17,100.0,6773,3071,54.79,6774,2534,45.21,5662,99,5605,13886,17,17
1668022068,2022-11-09 13:27:48 -0600,54989ad132a27574aa6308acb004b2d4010a3eda,KY,21155,2,2022-11-08T23:00:00.000Z,FIPSCode,21155,0,2022-11-09T13:20:07.243Z,17,98.99,17,100.0,6773,3071,54.79,6774,2534,45.21,5662,99,5605,13886,17,17
1668022191,2022-11-09 13:29:51 -0600,bb7c1b0b672fb7cee94f77e8bad4d13c5235dc86,KY,21155,2,2022-11-08T23:00:00.000Z,FIPSCode,21155,0,2022-11-09T13:20:07.243Z,17,98.99,17,100.0,6773,3071,54.79,6774,2534,45.21,5662,99,5605,13886,17,17
1668022481,2022-11-09 13:34:41 -0600,1e63325bf00655da2897fbaff11c82ce07d25b5f,KY,21155,2,2022-11-08T23:00:00.000Z,FIPSCode,21155,0,2022-11-09T13:20:07.243Z,17,98.99,17,100.0,6773,3071,54.79,6774,2534,45.21,5662,99,5605,13886,17,17
1668022810,2022-11-09 13:40:10 -0600,bbac424ed10ffdddc4bbd6f0891c8167a885dae7,KY,21155,2,2022-11-08T23:00:00.000Z,FIPSCode,21155,0,2022-11-09T13:20:07.243Z,17,98.99,17,100.0,6773,3071,54.79,6774,2534,45.21,5662,99,5605,13886,17,17
1668022974,2022-11-09 13:42:54 -0600,a11dc43a9075d05d62ad127e02a2dc10aa2604c0,KY,21155,2,2022-11-08T23:00:00.000Z,FIPSCode,21155,0,2022-11-09T13:20:07.243Z,17,98.99,17,100.0,6773,3071,54.79,6774,2534,45.21,5662,99,5605,13886,17,17
1668024143,2022-11-09 14:02:23 -0600,e4b7a1e33b9683adcc751de2de4a871870778b81,KY,21155,2,2022-11-08T23:00:00.000Z,FIPSCode,21155,0,2022-11-09T13:20:07.243Z,17,98.99,17,100.0,6773,3071,54.79,6774,2534,45.21,5662,99,5605,13886,17,17
1668024653,2022-11-09 14:10:53 -0600,c6090a6ba7ea6cdd97f5b05ade99fad44f900dd0,KY,21155,2,2022-11-08T23:00:00.000Z,FIPSCode,21155,0,2022-11-09T13:20:07.243Z,17,98.99,17,100.0,6773,3071,54.79,6774,2534,45.21,5662,99,5605,13886,17,17
1668024695,2022-11-09 14:11:35 -0600,9e613beb082afe3c3a4cbd8252f0c9025ffae7f3,KY,21155,2,2022-11-08T23:00:00.000Z,FIPSCode,21155,0,2022-11-09T13:20:07.243Z,17,98.99,17,100.0,6773,3071,54.79,6774,2534,45.21,5662,99,5605,13886,17,17
1668025028,2022-11-09 14:17:08 -0600,1f552e04125cad89b74460d89f4e0f54b6a0aec7,KY,21155,2,2022-11-08T23:00:00.000Z,FIPSCode,21155,0,2022-11-09T13:20:07.243Z,17,98.99,17,100.0,6773,3071,54.79,6774,2534,45.21,5662,99,5605,13886,17,17
1668025898,2022-11-09 14:31:38 -0600,0258f33e10be26825c79f387f879f906cbe72eb3,KY,21155,2,2022-11-08T23:00:00.000Z,FIPSCode,21155,0,2022-11-09T13:20:07.243Z,17,98.99,17,100.0,6773,3071,54.79,6774,2534,45.21,5662,99,5605,13886,17,17
1668026980,2022-11-09 14:49:40 -0600,cc13db511071e888c71814530498f8ca9b571fbc,KY,21155,2,2022-11-08T23:00:00.000Z,FIPSCode,21155,0,2022-11-09T13:20:07.243Z,17,98.99,17,100.0,6773,3071,54.79,6774,2534,45.21,5662,99,5605,13886,17,17
1668028683,2022-11-09 15:18:03 -0600,5fd6158255049d3bce406fa1ec502b3133e7a8d0,KY,21155,2,2022-11-08T23:00:00.000Z,FIPSCode,21155,0,2022-11-09T13:20:07.243Z,17,98.99,17,100.0,6773,3071,54.79,6774,2534,45.21,5662,99,5605,13886,17,17
1668028889,2022-11-09 15:21:29 -0600,bf7b64c6a39847758c5ef7e0f035e367105b2aab,KY,21155,2,2022-11-08T23:00:00.000Z,FIPSCode,21155,0,2022-11-09T13:20:07.243Z,17,98.99,17,100.0,6773,3071,54.79,6774,2534,45.21,5662,99,5605,13886,17,17
1668028931,2022-11-09 15:22:11 -0600,98e847be6f116f34710042957d453ff48d2ba8a9,KY,21155,2,2022-11-08T23:00:00.000Z,FIPSCode,21155,0,2022-11-09T13:20:07.243Z,17,98.99,17,100.0,6773,3071,54.79,6774,2534,45.21,5662,99,5605,13886,17,17
1668028974,2022-11-09 15:22:54 -0600,e668b7118a9c7cb19c1e0b859ddc1b3c56677e38,KY,21155,2,2022-11-08T23:00:00.000Z,FIPSCode,21155,0,2022-11-09T13:20:07.243Z,17,98.99,17,100.0,6773,3071,54.79,6774,2534,45.21,5662,99,5605,13886,17,17
1668029057,2022-11-09 15:24:17 -0600,696b22712e7505f43983489919f13ed1e2331814,KY,21155,2,2022-11-08T23:00:00.000Z,FIPSCode,21155,0,2022-11-09T21:23:27.434Z,17,98.99,17,100.0,6773,3071,54.79,6774,2534,45.21,5662,99,5605,13886,17,17
1668029099,2022-11-09 15:24:59 -0600,7b334ff94232507ca6c912e61304eea7e7cf51da,KY,21155,2,2022-11-08T23:00:00.000Z,FIPSCode,21155,0,2022-11-09T21:23:27.434Z,17,98.99,17,100.0,6773,3071,54.79,6774,2534,45.21,5662,99,5605,13886,17,17
1668030076,2022-11-09 15:41:16 -0600,4590bd3ac7b6b6ec9f24d25abb16978304543a8f,KY,21155,2,2022-11-08T23:00:00.000Z,FIPSCode,21155,0,2022-11-09T21:23:27.434Z,17,98.99,17,100.0,6773,3071,54.79,6774,2534,45.21,5662,99,5605,13886,17,17
1668030457,2022-11-09 15:47:37 -0600,d424ac4d9b8d24a7e1f34cac4dbae8484cf80384,KY,21155,2,2022-11-08T23:00:00.000Z,FIPSCode,21155,0,2022-11-09T21:23:27.434Z,17,98.99,17,100.0,6773,3071,54.79,6774,2534,45.21,5662,99,5605,13886,17,17
1668034668,2022-11-09 16:57:48 -0600,2696aa4cb37c8bc42cfcece9af4a9371414dbffa,KY,21155,2,2022-11-08T23:00:00.000Z,FIPSCode,21155,0,2022-11-09T22:56:23.310Z,17,98.99,17,100.0,6773,3071,54.79,6774,2534,45.21,5662,99,5605,13886,17,17
1668036687,2022-11-09 17:31:27 -0600,147d1059e7b8117a0f03988713dfd5c5064ca0ce,KY,21155,2,2022-11-08T23:00:00.000Z,FIPSCode,21155,0,2022-11-09T22:56:23.310Z,17,98.99,17,100.0,6773,3071,54.79,6774,2534,45.21,5662,99,5605,13886,17,17
1668050595,2022-11-09 21:23:15 -0600,e1610b83277da512911c1dadffbc2c5f15c68be3,KY,21155,2,2022-11-08T23:00:00.000Z,FIPSCode,21155,0,2022-11-09T22:56:23.310Z,17,98.99,17,100.0,6773,3071,54.79,6774,2534,45.21,5662,99,5605,13886,17,17
1668096355,2022-11-10 10:05:55 -0600,d4bb8365e60493e69ae9a0c28e2ff4441ab285de,KY,21155,2,2022-11-08T23:00:00.000Z,FIPSCode,21155,0,2022-11-09T22:56:23.310Z,17,98.99,17,100.0,6773,3071,54.79,6774,2534,45.21,5662,99,5605,13886,17,17
1668096855,2022-11-10 10:14:15 -0600,a11ecf66559bdd482152580cad1b8c862088b0e2,KY,21155,2,2022-11-08T23:00:00.000Z,FIPSCode,21155,0,2022-11-09T22:56:23.310Z,17,98.99,17,100.0,6773,3071,54.79,6774,2534,45.21,5662,99,5605,13886,17,17
1668097113,2022-11-10 10:18:33 -0600,16924585f76036517e4898bc05acfd5b4f3850d0,KY,21155,2,2022-11-08T23:00:00.000Z,FIPSCode,21155,0,2022-11-09T22:56:23.310Z,17,98.99,17,100.0,6773,3071,54.79,6774,2534,45.21,5662,99,5605,13886,17,17
1668097623,2022-11-10 10:27:03 -0600,04d5e6ac8753c44293309c72d3492c41be8b7507,KY,21155,2,2022-11-08T23:00:00.000Z,FIPSCode,21155,0,2022-11-09T22:56:23.310Z,17,98.99,17,100.0,6773,3071,54.79,6774,2534,45.21,5662,99,5605,13886,17,17
1668097786,2022-11-10 10:29:46 -0600,7dffb29b589a3da71af3768b0bef151d9bd06175,KY,21155,2,2022-11-08T23:00:00.000Z,FIPSCode,21155,0,2022-11-09T22:56:23.310Z,17,98.99,17,100.0,6773,3071,54.79,6774,2534,45.21,5662,99,5605,13886,17,17
1668098123,2022-11-10 10:35:23 -0600,276eb71d077f55038e3ec1a2865b8f0976e93962,KY,21155,2,2022-11-08T23:00:00.000Z,FIPSCode,21155,0,2022-11-09T22:56:23.310Z,17,98.99,17,100.0,6773,3071,54.79,6774,2534,45.21,5662,99,5605,13886,17,17
1668106620,2022-11-10 12:57:00 -0600,5b8b3effd2684e8ba3ef22a553570ca53b18de34,KY,21155,2,2022-11-08T23:00:00.000Z,FIPSCode,21155,0,2022-11-09T22:56:23.310Z,17,98.99,17,100.0,6773,3071,54.79,6774,2534,45.21,5662,99,5605,13886,17,17
1668107328,2022-11-10 13:08:48 -0600,f01085d79974d6d111c9eb08da5fa48947a4c6ba,KY,21155,2,2022-11-08T23:00:00.000Z,FIPSCode,21155,0,2022-11-09T22:56:23.310Z,17,98.99,17,100.0,6773,3071,54.79,6774,2534,45.21,5662,99,5605,13886,17,17
1668109234,2022-11-10 13:40:34 -0600,dfcbf47fe6648bf66233fe8c8995016ec11019fe,KY,21155,2,2022-11-08T23:00:00.000Z,FIPSCode,21155,0,2022-11-09T22:56:23.310Z,17,98.99,17,100.0,6773,3071,54.79,6774,2534,45.21,5662,99,5605,13886,17,17
1668112106,2022-11-10 14:28:26 -0600,23fd2562ad2611d58c5e74a56f3054523ac22aa9,KY,21155,2,2022-11-08T23:00:00.000Z,FIPSCode,21155,0,2022-11-09T22:56:23.310Z,17,98.99,17,100.0,6773,3071,54.79,6774,2534,45.21,5662,99,5605,13886,17,17
1668114410,2022-11-10 15:06:50 -0600,a63cedc64bdc10cdd2b42f9ea157325887b13bd2,KY,21155,2,2022-11-08T23:00:00.000Z,FIPSCode,21155,0,2022-11-10T21:05:45.768Z,17,98.99,17,100.0,6773,3071,54.79,6774,2534,45.21,5662,99,5605,13886,17,17
1668114498,2022-11-10 15:08:18 -0600,bd19a8b4201d65f180b18793fd0ac9e89bbdf960,KY,21155,2,2022-11-08T23:00:00.000Z,FIPSCode,21155,0,2022-11-10T21:07:02.397Z,17,98.99,17,100.0,6773,3071,54.79,6774,2534,45.21,5662,99,5605,13886,17,17
1668120394,2022-11-10 16:46:34 -0600,09d7094082b40d230e52ee876f1b9ad1711c2dbb,KY,21155,2,2022-11-08T23:00:00.000Z,FIPSCode,21155,0,2022-11-10T21:07:02.397Z,17,98.99,17,100.0,6773,3071,54.79,6774,2534,45.21,5662,99,5605,13886,17,17
1668283407,2022-11-12 14:03:27 -0600,7ae0d4977a383713981e48b2766f3ff93e0e4555,KY,21155,2,2022-11-08T23:00:00.000Z,FIPSCode,21155,0,2022-11-10T21:07:02.397Z,17,98.99,17,100.0,6773,3071,54.79,6774,2534,45.21,5662,99,5605,13886,17,17
1668460059,2022-11-14 15:07:39 -0600,5d0f2345d087cf78ac144e6fad97d440f67405b2,KY,21155,2,2022-11-08T23:00:00.000Z,FIPSCode,21155,0,2022-11-10T21:07:02.397Z,17,98.99,17,100.0,6773,3071,54.79,6774,2534,45.21,5662,99,5605,13886,17,17
1668608383,2022-11-16 08:19:43 -0600,e651e7b6c54ce10f021b32438aef7efab7136a25,KY,21155,2,2022-11-08T23:00:00.000Z,FIPSCode,21155,0,2022-11-10T21:07:02.397Z,17,98.99,17,100.0,6773,3071,54.79,6774,2534,45.21,5662,99,5605,13886,17,17
1668608427,2022-11-16 08:20:27 -0600,b29cf523db87e7bdd01cd7d887d8c65afa3803ec,KY,21155,2,2022-11-08T23:00:00.000Z,FIPSCode,21155,0,2022-11-10T21:07:02.397Z,17,98.99,17,100.0,6773,3071,54.79,6774,2534,45.21,5662,99,5605,13886,17,17
1668608438,2022-11-16 08:20:38 -0600,8ace26fd2778952bc61a0799b698c3f6e14c114e,KY,21155,2,2022-11-08T23:00:00.000Z,FIPSCode,21155,0,2022-11-10T21:07:02.397Z,17,98.99,17,100.0,6773,3071,54.79,6774,2534,45.21,5662,99,5605,13886,17,17
1668608455,2022-11-16 08:20:55 -0600,3338c47dce2d26d97651cd1e82c79b222665bd5d,KY,21155,2,2022-11-08T23:00:00.000Z,FIPSCode,21155,0,2022-11-10T21:07:02.397Z,17,98.99,17,100.0,6773,3071,54.79,6774,2534,45.21,5662,99,5605,13886,17,17
1668608583,2022-11-16 08:23:03 -0600,659a70fb964a589c83e12b9a4ed680a64cd41228,KY,21155,2,2022-11-08T23:00:00.000Z,FIPSCode,21155,0,2022-11-10T21:07:02.397Z,17,98.99,17,100.0,6773,3071,54.79,6774,2534,45.21,5662,99,5605,13886,17,17
1668608595,2022-11-16 08:23:15 -0600,c16677ea1218a95105234efdefc1eba647b24628,KY,21155,2,2022-11-08T23:00:00.000Z,FIPSCode,21155,0,2022-11-10T21:07:02.397Z,17,98.99,17,100.0,6773,3071,54.79,6774,2534,45.21,5662,99,5605,13886,17,17
1668608613,2022-11-16 08:23:33 -0600,6f001d76a1627f0753eacfb7ff7e13e80144fa04,KY,21155,2,2022-11-08T23:00:00.000Z,FIPSCode,21155,0,2022-11-10T21:07:02.397Z,17,98.99,17,100.0,6773,3071,54.79,6774,2534,45.21,5662,99,5605,13886,17,17
1668608625,2022-11-16 08:23:45 -0600,8eb74c98880342c61d6a08ceb1c0eaf3f37e20fd,KY,21155,2,2022-11-08T23:00:00.000Z,FIPSCode,21155,0,2022-11-10T21:07:02.397Z,17,98.99,17,100.0,6773,3071,54.79,6774,2534,45.21,5662,99,5605,13886,17,17
1668608642,2022-11-16 08:24:02 -0600,da420aea01e56729019397e298feb7d8bd1cd8cc,KY,21155,2,2022-11-08T23:00:00.000Z,FIPSCode,21155,0,2022-11-10T21:07:02.397Z,17,98.99,17,100.0,6773,3071,54.79,6774,2534,45.21,5662,99,5605,13886,17,17
1668608660,2022-11-16 08:24:20 -0600,4da5cb4698bdd4b5a1d1e9a65233a1227fa4819c,KY,21155,2,2022-11-08T23:00:00.000Z,FIPSCode,21155,0,2022-11-10T21:07:02.397Z,17,98.99,17,100.0,6773,3071,54.79,6774,2534,45.21,5662,99,5605,13886,17,17
1668608688,2022-11-16 08:24:48 -0600,f991717a8f652ae74cdcfbcdc3adf245a939bf1b,KY,21155,2,2022-11-08T23:00:00.000Z,FIPSCode,21155,0,2022-11-10T21:07:02.397Z,17,98.99,17,100.0,6773,3071,54.79,6774,2534,45.21,5662,99,5605,13886,17,17
1668608716,2022-11-16 08:25:16 -0600,f0308988e6df2ffcb2d7ecb037335368509dfb5f,KY,21155,2,2022-11-08T23:00:00.000Z,FIPSCode,21155,0,2022-11-10T21:07:02.397Z,17,98.99,17,100.0,6773,3071,54.79,6774,2534,45.21,5662,99,5605,13886,17,17
1668608774,2022-11-16 08:26:14 -0600,52f7493f933e4e811987a86228898ef1ab081310,KY,21155,2,2022-11-08T23:00:00.000Z,FIPSCode,21155,0,2022-11-10T21:07:02.397Z,17,98.99,17,100.0,6773,3071,54.79,6774,2534,45.21,5662,99,5605,13886,17,17
1668608791,2022-11-16 08:26:31 -0600,a5c429901a6472f8afdd9d35d45ed2cf11e91b40,KY,21155,2,2022-11-08T23:00:00.000Z,FIPSCode,21155,0,2022-11-10T21:07:02.397Z,17,98.99,17,100.0,6773,3071,54.79,6774,2534,45.21,5662,99,5605,13886,17,17
1668608803,2022-11-16 08:26:43 -0600,d60144d85497ea436c97f319b3d5aa75dd4dc97b,KY,21155,2,2022-11-08T23:00:00.000Z,FIPSCode,21155,0,2022-11-10T21:07:02.397Z,17,98.99,17,100.0,6773,3071,54.79,6774,2534,45.21,5662,99,5605,13886,17,17
1668608825,2022-11-16 08:27:05 -0600,b38ee3f9157f242df08bf32e9be54203796f432d,KY,21155,2,2022-11-08T23:00:00.000Z,FIPSCode,21155,0,2022-11-10T21:07:02.397Z,17,98.99,17,100.0,6773,3071,54.79,6774,2534,45.21,5662,99,5605,13886,17,17
1668608842,2022-11-16 08:27:22 -0600,8aa416ffa34beb51fde4b74c6bd634a10c9aefb8,KY,21155,2,2022-11-08T23:00:00.000Z,FIPSCode,21155,0,2022-11-10T21:07:02.397Z,17,98.99,17,100.0,6773,3071,54.79,6774,2534,45.21,5662,99,5605,13886,17,17
1668608853,2022-11-16 08:27:33 -0600,5b75ad49ade6a299c4cd5438ec88f08f7bc266e4,KY,21155,2,2022-11-08T23:00:00.000Z,FIPSCode,21155,0,2022-11-10T21:07:02.397Z,17,98.99,17,100.0,6773,3071,54.79,6774,2534,45.21,5662,99,5605,13886,17,17
1668608871,2022-11-16 08:27:51 -0600,1d07c39980a4499dcab09a725032f307b92e568e,KY,21155,2,2022-11-08T23:00:00.000Z,FIPSCode,21155,0,2022-11-10T21:07:02.397Z,17,98.99,17,100.0,6773,3071,54.79,6774,2534,45.21,5662,99,5605,13886,17,17
1668608894,2022-11-16 08:28:14 -0600,a3744ecb7e7fc467a8dfe5724a845fa9498d9470,KY,21155,2,2022-11-08T23:00:00.000Z,FIPSCode,21155,0,2022-11-10T21:07:02.397Z,17,98.99,17,100.0,6773,3071,54.79,6774,2534,45.21,5662,99,5605,13886,17,17
1668608917,2022-11-16 08:28:37 -0600,fedcc69dd28579e3f1361a133b57e1bfc25034f8,KY,21155,2,2022-11-08T23:00:00.000Z,FIPSCode,21155,0,2022-11-10T21:07:02.397Z,17,98.99,17,100.0,6773,3071,54.79,6774,2534,45.21,5662,99,5605,13886,17,17
1668608934,2022-11-16 08:28:54 -0600,0ff97b9d8fe82d47fd2cdf28e1592c75d6264902,KY,21155,2,2022-11-08T23:00:00.000Z,FIPSCode,21155,0,2022-11-10T21:07:02.397Z,17,98.99,17,100.0,6773,3071,54.79,6774,2534,45.21,5662,99,5605,13886,17,17
1668609500,2022-11-16 08:38:20 -0600,a33051445761ca692189b96e3cdcaa172585185b,KY,21155,2,2022-11-08T23:00:00.000Z,FIPSCode,21155,0,2022-11-10T21:07:02.397Z,17,98.99,17,100.0,6773,3071,54.79,6774,2534,45.21,5662,99,5605,13886,17,17
1668610405,2022-11-16 08:53:25 -0600,1557def23813918d89d7c35b4c2da6a457f249a2,KY,21155,2,2022-11-08T23:00:00.000Z,FIPSCode,21155,0,2022-11-10T21:07:02.397Z,17,98.99,17,100.0,6773,3071,54.79,6774,2534,45.21,5662,99,5605,13886,17,17
1668613494,2022-11-16 09:44:54 -0600,d729bc62c32e0b0f156797abd1c964d89fb05079,KY,21155,2,2022-11-08T23:00:00.000Z,FIPSCode,21155,0,2022-11-10T21:07:02.397Z,17,98.99,17,100.0,6773,3071,54.79,6774,2534,45.21,5662,99,5605,13886,17,17
1669735294,2022-11-29 09:21:34 -0600,8142bc7c1a0783fbb93650b5a2e5984011e550e6,KY,21155,2,2022-11-08T23:00:00.000Z,FIPSCode,21155,0,2022-11-29T15:20:53.102Z,17,100.0,17,100.0,6773,3071,54.79,6774,2534,45.21,5605,100,5605,13886,17,17
1669736535,2022-11-29 09:42:15 -0600,d54747c8c39fffefe9d8a42a445756fa3d39a14e,KY,21155,2,2022-11-08T23:00:00.000Z,FIPSCode,21155,0,2022-11-29T15:20:53.102Z,17,100.0,17,100.0,6773,3071,54.79,6774,2534,45.21,5605,100,5605,13886,17,17
1669736556,2022-11-29 09:42:36 -0600,285a03943ec839aa901be6c133dc9b19f66c5d0c,KY,21155,2,2022-11-08T23:00:00.000Z,FIPSCode,21155,0,2022-11-29T15:20:53.102Z,17,100.0,17,100.0,6773,3071,54.79,6774,2534,45.21,5605,100,5605,13886,17,17
1669736572,2022-11-29 09:42:52 -0600,5ebc7033755914fee5b1b0e4690862ddf146b83c,KY,21155,2,2022-11-08T23:00:00.000Z,FIPSCode,21155,0,2022-11-29T15:42:31.533Z,17,100.0,17,100.0,6773,3071,54.79,6774,2534,45.21,5605,100,5605,13886,17,17
1669736583,2022-11-29 09:43:03 -0600,42a956172dbd36cb808d11d1a52e9d0fc50a82d5,KY,21155,2,2022-11-08T23:00:00.000Z,FIPSCode,21155,0,2022-11-29T15:42:31.533Z,17,100.0,17,100.0,6773,3071,54.79,6774,2534,45.21,5605,100,5605,13886,17,17
