captureTimestamp,captureDateTime,captureRevision,statePostal,reportingunitID,reportingunitLevel,pollClosingTime,level,fipsCode,electTotal,lastUpdated,precinctsReporting,eevp,precinctsTotal,precinctsReportingPct,candidates.0.candidateID,candidates.0.voteCount,candidates.0.votePct,candidates.1.candidateID,candidates.1.voteCount,candidates.1.votePct,candidates.2.candidateID,candidates.2.voteCount,candidates.2.votePct,candidates.3.candidateID,candidates.3.voteCount,candidates.3.votePct,parameters.vote.expected.actual,parameters.vote.expected.eevpCap,parameters.vote.total,parameters.vote.registered,parameters.precinctsReportingActual,parameters.precinctsReportingProportional
1667886761,2022-11-08 05:52:41 +0000,454ce019f86614717daba988180b8577e032630f,TX,48059,2,2022-11-09T01:00:00.000Z,FIPSCode,48059,0,2022-11-07T21:28:42.993Z,0,0.0,8,0.0,58549,0,0.0,63031,0,0.0,63506,0,0.0,63505,0,0.0,5511,99,0,10020,0,0
1667944347,2022-11-08 21:52:27 +0000,05a3e91e497cb8d3251b3f2f481fd479b6ed8cc7,TX,48059,2,2022-11-09T01:00:00.000Z,FIPSCode,48059,0,2022-11-08T20:06:22.709Z,0,0.0,8,0.0,58549,0,0.0,63031,0,0.0,63506,0,0.0,63505,0,0.0,5511,99,0,10020,0,0
1667947162,2022-11-08 22:39:22 +0000,f4d4d4ee9c0c708eecc555d85fad1ae05b59ac98,TX,48059,2,2022-11-09T01:00:00.000Z,FIPSCode,48059,0,2022-11-08T20:06:22.709Z,0,0.0,8,0.0,58549,0,0.0,63031,0,0.0,63506,0,0.0,63505,0,0.0,5511,99,0,10020,0,0
1667947429,2022-11-08 22:43:49 +0000,e6d5bcf1f6c68c6499934b6e270555c5d0bb1bbf,TX,48059,2,2022-11-09T01:00:00.000Z,FIPSCode,48059,0,2022-11-08T20:06:22.709Z,0,0.0,8,0.0,58549,0,0.0,63031,0,0.0,63506,0,0.0,63505,0,0.0,5511,99,0,10020,0,0
1667947695,2022-11-08 22:48:15 +0000,d34bad58f4d41f9cfcdcd94796fa010d33630ef0,TX,48059,2,2022-11-09T01:00:00.000Z,FIPSCode,48059,0,2022-11-08T22:44:38.836Z,0,0.0,8,0.0,58549,0,0.0,63031,0,0.0,63506,0,0.0,63505,0,0.0,5511,75,0,10020,0,0
1667948492,2022-11-08 23:01:32 +0000,4eb83dd49b993821ffa569282c4b4b23a1b3e76b,TX,48059,2,2022-11-09T01:00:00.000Z,FIPSCode,48059,0,2022-11-08T22:44:38.836Z,0,0.0,8,0.0,58549,0,0.0,63031,0,0.0,63506,0,0.0,63505,0,0.0,5511,75,0,10020,0,0
1667949028,2022-11-08 23:10:28 +0000,1af998fab4b75e7c8b2a13fbf0b3df6b3aab5232,TX,48059,2,2022-11-09T01:00:00.000Z,FIPSCode,48059,0,2022-11-08T22:44:38.836Z,0,0.0,8,0.0,58549,0,0.0,63031,0,0.0,63506,0,0.0,63505,0,0.0,5511,75,0,10020,0,0
1667949299,2022-11-08 23:14:59 +0000,b334f05b75bafb94958f7797e615fb57e746d9de,TX,48059,2,2022-11-09T01:00:00.000Z,FIPSCode,48059,0,2022-11-08T22:44:38.836Z,0,0.0,8,0.0,58549,0,0.0,63031,0,0.0,63506,0,0.0,63505,0,0.0,5511,75,0,10020,0,0
1667949573,2022-11-08 23:19:33 +0000,2891155c76df951385c61df78f71bb7f4a65a56b,TX,48059,2,2022-11-09T01:00:00.000Z,FIPSCode,48059,0,2022-11-08T22:44:38.836Z,0,0.0,8,0.0,58549,0,0.0,63031,0,0.0,63506,0,0.0,63505,0,0.0,5511,75,0,10020,0,0
1667949842,2022-11-08 23:24:02 +0000,e733c733b3b3c33f13905f9501db69cb94a55a64,TX,48059,2,2022-11-09T01:00:00.000Z,FIPSCode,48059,0,2022-11-08T22:44:38.836Z,0,0.0,8,0.0,58549,0,0.0,63031,0,0.0,63506,0,0.0,63505,0,0.0,5511,75,0,10020,0,0
1667950106,2022-11-08 23:28:26 +0000,03bd9b09dc6ae9d95766d3877a273fc07c395a68,TX,48059,2,2022-11-09T01:00:00.000Z,FIPSCode,48059,0,2022-11-08T22:44:38.836Z,0,0.0,8,0.0,58549,0,0.0,63031,0,0.0,63506,0,0.0,63505,0,0.0,5511,75,0,10020,0,0
1667950369,2022-11-08 23:32:49 +0000,88781f78b51366cb56dbc8603a43b441a541be7f,TX,48059,2,2022-11-09T01:00:00.000Z,FIPSCode,48059,0,2022-11-08T22:44:38.836Z,0,0.0,8,0.0,58549,0,0.0,63031,0,0.0,63506,0,0.0,63505,0,0.0,5511,75,0,10020,0,0
1667950906,2022-11-08 23:41:46 +0000,e16ff5d831c790d2a4ca6ae54f46d1aa82402f94,TX,48059,2,2022-11-09T01:00:00.000Z,FIPSCode,48059,0,2022-11-08T22:44:38.836Z,0,0.0,8,0.0,58549,0,0.0,63031,0,0.0,63506,0,0.0,63505,0,0.0,5511,75,0,10020,0,0
1667951181,2022-11-08 23:46:21 +0000,c8f35c523efdf4413ea5833ae3ff85e5f5285402,TX,48059,2,2022-11-09T01:00:00.000Z,FIPSCode,48059,0,2022-11-08T22:44:38.836Z,0,0.0,8,0.0,58549,0,0.0,63031,0,0.0,63506,0,0.0,63505,0,0.0,5511,75,0,10020,0,0
1667951453,2022-11-08 23:50:53 +0000,51814c015a687d0f6e1b2067a56d2aa6de446931,TX,48059,2,2022-11-09T01:00:00.000Z,FIPSCode,48059,0,2022-11-08T22:44:38.836Z,0,0.0,8,0.0,58549,0,0.0,63031,0,0.0,63506,0,0.0,63505,0,0.0,5511,75,0,10020,0,0
1667951715,2022-11-08 23:55:15 +0000,faab8f07ee94099dfc5995c0bbfcebae02c81c74,TX,48059,2,2022-11-09T01:00:00.000Z,FIPSCode,48059,0,2022-11-08T22:44:38.836Z,0,0.0,8,0.0,58549,0,0.0,63031,0,0.0,63506,0,0.0,63505,0,0.0,5511,75,0,10020,0,0
1667951984,2022-11-08 23:59:44 +0000,1d5f0496addabb850b6478bc4089a95c0ef07c4b,TX,48059,2,2022-11-09T01:00:00.000Z,FIPSCode,48059,0,2022-11-08T22:44:38.836Z,0,0.0,8,0.0,58549,0,0.0,63031,0,0.0,63506,0,0.0,63505,0,0.0,5511,75,0,10020,0,0
1667952254,2022-11-09 00:04:14 +0000,01f078a675119f6cdf4e095b5cc2a41189aff91c,TX,48059,2,2022-11-09T01:00:00.000Z,FIPSCode,48059,0,2022-11-08T22:44:38.836Z,0,0.0,8,0.0,58549,0,0.0,63031,0,0.0,63506,0,0.0,63505,0,0.0,5511,75,0,10020,0,0
1667952515,2022-11-09 00:08:35 +0000,b696a55e80164ecdcb71059e68ae6204a1f65e5b,TX,48059,2,2022-11-09T01:00:00.000Z,FIPSCode,48059,0,2022-11-08T22:44:38.836Z,0,0.0,8,0.0,58549,0,0.0,63031,0,0.0,63506,0,0.0,63505,0,0.0,5511,75,0,10020,0,0
1667952827,2022-11-09 00:13:47 +0000,e67364b5505081c4cca0f28ef8e8d84768d1cc02,TX,48059,2,2022-11-09T01:00:00.000Z,FIPSCode,48059,0,2022-11-08T22:44:38.836Z,0,0.0,8,0.0,58549,0,0.0,63031,0,0.0,63506,0,0.0,63505,0,0.0,5511,75,0,10020,0,0
1667953197,2022-11-09 00:19:57 +0000,4752cb39f35c63d02e72237179350aec6f014171,TX,48059,2,2022-11-09T01:00:00.000Z,FIPSCode,48059,0,2022-11-08T22:44:38.836Z,0,0.0,8,0.0,58549,0,0.0,63031,0,0.0,63506,0,0.0,63505,0,0.0,5511,75,0,10020,0,0
1667953518,2022-11-09 00:25:18 +0000,c5fd4e03c2339afc5fd044a64f91f261b7e7cfa1,TX,48059,2,2022-11-09T01:00:00.000Z,FIPSCode,48059,0,2022-11-08T22:44:38.836Z,0,0.0,8,0.0,58549,0,0.0,63031,0,0.0,63506,0,0.0,63505,0,0.0,5511,75,0,10020,0,0
1667953790,2022-11-09 00:29:50 +0000,6070b11d4c3c0a9b2acaa63cc75a94579377e299,TX,48059,2,2022-11-09T01:00:00.000Z,FIPSCode,48059,0,2022-11-08T22:44:38.836Z,0,0.0,8,0.0,58549,0,0.0,63031,0,0.0,63506,0,0.0,63505,0,0.0,5511,75,0,10020,0,0
1667954061,2022-11-09 00:34:21 +0000,f42b15f4268586407ce223466d2394d526a81df4,TX,48059,2,2022-11-09T01:00:00.000Z,FIPSCode,48059,0,2022-11-09T00:30:09.682Z,0,0.0,8,0.0,58549,0,0.0,63031,0,0.0,63506,0,0.0,63505,0,0.0,5511,75,0,10020,0,0
1667954328,2022-11-09 00:38:48 +0000,bfe97281aaab58d7c74edee2f505906bcc18daea,TX,48059,2,2022-11-09T01:00:00.000Z,FIPSCode,48059,0,2022-11-09T00:30:09.682Z,0,0.0,8,0.0,58549,0,0.0,63031,0,0.0,63506,0,0.0,63505,0,0.0,5511,75,0,10020,0,0
1667954884,2022-11-09 00:48:04 +0000,8f544a76833fbb21dc3fbc0ce7b73e3714be8529,TX,48059,2,2022-11-09T01:00:00.000Z,FIPSCode,48059,0,2022-11-09T00:30:09.682Z,0,0.0,8,0.0,58549,0,0.0,63031,0,0.0,63506,0,0.0,63505,0,0.0,5511,75,0,10020,0,0
1667955702,2022-11-09 01:01:42 +0000,f6f1267e463cf8ecb93583f1dab12bfae681d775,TX,48059,2,2022-11-09T01:00:00.000Z,FIPSCode,48059,0,2022-11-09T00:30:09.682Z,0,0.0,8,0.0,58549,0,0.0,63031,0,0.0,63506,0,0.0,63505,0,0.0,5511,75,0,10020,0,0
1667956006,2022-11-09 01:06:46 +0000,01cc2f6d0039b2fcb59e03eced60e58dcb253844,TX,48059,2,2022-11-09T01:00:00.000Z,FIPSCode,48059,0,2022-11-09T01:03:31.331Z,0,0.0,8,0.0,58549,0,0.0,63031,0,0.0,63506,0,0.0,63505,0,0.0,5511,75,0,10020,0,0
1667956547,2022-11-09 01:15:47 +0000,8138046ce1ccc9e37269480764f23b8c9cec781a,TX,48059,2,2022-11-09T01:00:00.000Z,FIPSCode,48059,0,2022-11-09T01:10:32.847Z,0,0.0,8,0.0,58549,0,0.0,63031,0,0.0,63506,0,0.0,63505,0,0.0,5511,75,0,10020,0,0
1667956832,2022-11-09 01:20:32 +0000,83b25784602daed92be104db5cf5a6446230f2d5,TX,48059,2,2022-11-09T01:00:00.000Z,FIPSCode,48059,0,2022-11-09T01:10:32.847Z,0,0.0,8,0.0,58549,0,0.0,63031,0,0.0,63506,0,0.0,63505,0,0.0,5511,75,0,10020,0,0
1667957119,2022-11-09 01:25:19 +0000,6d7ee88678b17ac3babfbeca22c88d840ddf7ac8,TX,48059,2,2022-11-09T01:00:00.000Z,FIPSCode,48059,0,2022-11-09T01:10:32.847Z,0,0.0,8,0.0,58549,0,0.0,63031,0,0.0,63506,0,0.0,63505,0,0.0,5511,75,0,10020,0,0
1667957430,2022-11-09 01:30:30 +0000,03f90a735487a191903970f5b59ebf51d460c3e0,TX,48059,2,2022-11-09T01:00:00.000Z,FIPSCode,48059,0,2022-11-09T01:28:52.579Z,0,0.0,8,0.0,58549,0,0.0,63031,0,0.0,63506,0,0.0,63505,0,0.0,5511,75,0,10020,0,0
1667957715,2022-11-09 01:35:15 +0000,97cbc8b93cc842818a0fba948144842c3e8d51f0,TX,48059,2,2022-11-09T01:00:00.000Z,FIPSCode,48059,0,2022-11-09T01:31:30.736Z,0,0.0,8,0.0,58549,0,0.0,63031,0,0.0,63506,0,0.0,63505,0,0.0,5511,75,0,10020,0,0
1667957993,2022-11-09 01:39:53 +0000,af6b7ce58befb45bf1dd57f93615d5da519d3770,TX,48059,2,2022-11-09T01:00:00.000Z,FIPSCode,48059,0,2022-11-09T01:37:06.037Z,3,56.51,8,37.5,58549,2848,91.46,63031,249,8.0,63506,11,0.35,63505,6,0.19,5511,75,3114,10020,3,5
1667958273,2022-11-09 01:44:33 +0000,4199c67ba64ae17927c85a89877c89e59a577ae0,TX,48059,2,2022-11-09T01:00:00.000Z,FIPSCode,48059,0,2022-11-09T01:37:06.037Z,3,56.51,8,37.5,58549,2848,91.46,63031,249,8.0,63506,11,0.35,63505,6,0.19,5511,75,3114,10020,3,5
1667958559,2022-11-09 01:49:19 +0000,0a6694bb1cdd9734aff1178f6a5894d33a1a95cc,TX,48059,2,2022-11-09T01:00:00.000Z,FIPSCode,48059,0,2022-11-09T01:37:06.037Z,3,56.51,8,37.5,58549,2848,91.46,63031,249,8.0,63506,11,0.35,63505,6,0.19,5511,75,3114,10020,3,5
1667958843,2022-11-09 01:54:03 +0000,cdc0d2ad2c3afd665dd741c97f9de238aafb3cf6,TX,48059,2,2022-11-09T01:00:00.000Z,FIPSCode,48059,0,2022-11-09T01:51:52.362Z,3,56.51,8,37.5,58549,2848,91.46,63031,249,8.0,63506,11,0.35,63505,6,0.19,5511,75,3114,10020,3,5
1667959124,2022-11-09 01:58:44 +0000,ebdb2f4efab49b8071a842b145008e58069ff969,TX,48059,2,2022-11-09T01:00:00.000Z,FIPSCode,48059,0,2022-11-09T01:51:52.362Z,3,56.51,8,37.5,58549,2848,91.46,63031,249,8.0,63506,11,0.35,63505,6,0.19,5511,75,3114,10020,3,5
1667959410,2022-11-09 02:03:30 +0000,98a277291480f2bee1271d939218798a5aa6ad2a,TX,48059,2,2022-11-09T01:00:00.000Z,FIPSCode,48059,0,2022-11-09T01:57:20.114Z,3,56.51,8,37.5,58549,2848,91.46,63031,249,8.0,63506,11,0.35,63505,6,0.19,5511,75,3114,10020,3,5
1667959699,2022-11-09 02:08:19 +0000,204acec220204cf7636f9483a8300da582a314fa,TX,48059,2,2022-11-09T01:00:00.000Z,FIPSCode,48059,0,2022-11-09T01:57:20.114Z,3,56.51,8,37.5,58549,2848,91.46,63031,249,8.0,63506,11,0.35,63505,6,0.19,5511,75,3114,10020,3,5
1667959981,2022-11-09 02:13:01 +0000,f7108f15221a3f4ac4310e0ba678593081137a5c,TX,48059,2,2022-11-09T01:00:00.000Z,FIPSCode,48059,0,2022-11-09T02:06:38.653Z,3,56.51,8,37.5,58549,2848,91.46,63031,249,8.0,63506,11,0.35,63505,6,0.19,5511,75,3114,10020,3,5
1667960264,2022-11-09 02:17:44 +0000,e239f4bcca07deff3069ebbdd016fa8b8d41d752,TX,48059,2,2022-11-09T01:00:00.000Z,FIPSCode,48059,0,2022-11-09T02:11:24.364Z,3,56.51,8,37.5,58549,2848,91.46,63031,249,8.0,63506,11,0.35,63505,6,0.19,5511,75,3114,10020,3,5
1667960540,2022-11-09 02:22:20 +0000,8f457dad835364421624abf7a3b05a9acf49f0bd,TX,48059,2,2022-11-09T01:00:00.000Z,FIPSCode,48059,0,2022-11-09T02:11:24.364Z,3,56.51,8,37.5,58549,2848,91.46,63031,249,8.0,63506,11,0.35,63505,6,0.19,5511,75,3114,10020,3,5
1667960816,2022-11-09 02:26:56 +0000,8a1624065b18c7c6c4408259c296b51116c46c3f,TX,48059,2,2022-11-09T01:00:00.000Z,FIPSCode,48059,0,2022-11-09T02:11:24.364Z,3,56.51,8,37.5,58549,2848,91.46,63031,249,8.0,63506,11,0.35,63505,6,0.19,5511,75,3114,10020,3,5
1667961093,2022-11-09 02:31:33 +0000,1ec6490691d550bb25c67a95029d41260dad9223,TX,48059,2,2022-11-09T01:00:00.000Z,FIPSCode,48059,0,2022-11-09T02:11:24.364Z,3,56.51,8,37.5,58549,2848,91.46,63031,249,8.0,63506,11,0.35,63505,6,0.19,5511,75,3114,10020,3,5
1667961378,2022-11-09 02:36:18 +0000,38867b5c6238941f5844472df77322f71d62b761,TX,48059,2,2022-11-09T01:00:00.000Z,FIPSCode,48059,0,2022-11-09T02:11:24.364Z,3,56.51,8,37.5,58549,2848,91.46,63031,249,8.0,63506,11,0.35,63505,6,0.19,5511,75,3114,10020,3,5
1667961709,2022-11-09 02:41:49 +0000,0f04550731ed05e8c23b521fa0b273774c5a4a51,TX,48059,2,2022-11-09T01:00:00.000Z,FIPSCode,48059,0,2022-11-09T02:11:24.364Z,3,56.51,8,37.5,58549,2848,91.46,63031,249,8.0,63506,11,0.35,63505,6,0.19,5511,75,3114,10020,3,5
1667961990,2022-11-09 02:46:30 +0000,34fd47cd084122fe0c5fed09f89e8cc11319e728,TX,48059,2,2022-11-09T01:00:00.000Z,FIPSCode,48059,0,2022-11-09T02:42:35.934Z,3,56.51,8,37.5,58549,2848,91.46,63031,249,8.0,63506,11,0.35,63505,6,0.19,5511,75,3114,10020,3,5
1667962272,2022-11-09 02:51:12 +0000,22cc2cb364805735e8373437043abe797d3cbbf4,TX,48059,2,2022-11-09T01:00:00.000Z,FIPSCode,48059,0,2022-11-09T02:48:44.093Z,4,67.54,8,50.0,58549,3367,90.46,63031,323,8.68,63506,20,0.54,63505,12,0.32,5511,75,3722,10020,4,5
1667962555,2022-11-09 02:55:55 +0000,84c8aec46b0824d2dabb875d986800c8bb475bfb,TX,48059,2,2022-11-09T01:00:00.000Z,FIPSCode,48059,0,2022-11-09T02:48:44.093Z,4,67.54,8,50.0,58549,3367,90.46,63031,323,8.68,63506,20,0.54,63505,12,0.32,5511,75,3722,10020,4,5
1667962837,2022-11-09 03:00:37 +0000,d57fedbb0cf82cf130c9d008e459203d23c317e0,TX,48059,2,2022-11-09T01:00:00.000Z,FIPSCode,48059,0,2022-11-09T02:55:16.396Z,4,67.54,8,50.0,58549,3367,90.46,63031,323,8.68,63506,20,0.54,63505,12,0.32,5511,75,3722,10020,4,5
1667963111,2022-11-09 03:05:11 +0000,e819c6c0592b367c01eebbb86e897f39b2d774d1,TX,48059,2,2022-11-09T01:00:00.000Z,FIPSCode,48059,0,2022-11-09T03:02:27.445Z,4,67.54,8,50.0,58549,3367,90.46,63031,323,8.68,63506,20,0.54,63505,12,0.32,5511,75,3722,10020,4,5
1667963396,2022-11-09 03:09:56 +0000,6a46c0776c43a17d759f81499ba9ed2e8d7622fc,TX,48059,2,2022-11-09T01:00:00.000Z,FIPSCode,48059,0,2022-11-09T03:02:27.445Z,4,67.54,8,50.0,58549,3367,90.46,63031,323,8.68,63506,20,0.54,63505,12,0.32,5511,75,3722,10020,4,5
1667963668,2022-11-09 03:14:28 +0000,504ec01bb7ea4ec861b67f44aa636e0055b5ba3d,TX,48059,2,2022-11-09T01:00:00.000Z,FIPSCode,48059,0,2022-11-09T03:12:34.226Z,4,67.54,8,50.0,58549,3367,90.46,63031,323,8.68,63506,20,0.54,63505,12,0.32,5511,75,3722,10020,4,5
1667963936,2022-11-09 03:18:56 +0000,05b874b27e9d0f9fdd5056261aa4b35a7cfd0586,TX,48059,2,2022-11-09T01:00:00.000Z,FIPSCode,48059,0,2022-11-09T03:12:48.601Z,4,67.54,8,50.0,58549,3367,90.46,63031,323,8.68,63506,20,0.54,63505,12,0.32,5511,75,3722,10020,4,5
1667964227,2022-11-09 03:23:47 +0000,1cb90b95cdd6c1be23968f2b7d9618a95c5a5ad9,TX,48059,2,2022-11-09T01:00:00.000Z,FIPSCode,48059,0,2022-11-09T03:12:48.601Z,4,67.54,8,50.0,58549,3367,90.46,63031,323,8.68,63506,20,0.54,63505,12,0.32,5511,75,3722,10020,4,5
1667964559,2022-11-09 03:29:19 +0000,9953e63a0357b9189618b1f7ef238581cfdffcbb,TX,48059,2,2022-11-09T01:00:00.000Z,FIPSCode,48059,0,2022-11-09T03:25:29.729Z,4,67.54,8,50.0,58549,3367,90.46,63031,323,8.68,63506,20,0.54,63505,12,0.32,5511,75,3722,10020,4,5
1667964860,2022-11-09 03:34:20 +0000,ee3367b043972f1875e6948799a9babb4f41fd05,TX,48059,2,2022-11-09T01:00:00.000Z,FIPSCode,48059,0,2022-11-09T03:25:29.729Z,4,67.54,8,50.0,58549,3367,90.46,63031,323,8.68,63506,20,0.54,63505,12,0.32,5511,75,3722,10020,4,5
1667965148,2022-11-09 03:39:08 +0000,6fdfe90630de6ba7d3077daaa37563b39e419cfc,TX,48059,2,2022-11-09T01:00:00.000Z,FIPSCode,48059,0,2022-11-09T03:25:29.729Z,4,67.54,8,50.0,58549,3367,90.46,63031,323,8.68,63506,20,0.54,63505,12,0.32,5511,75,3722,10020,4,5
1667965711,2022-11-09 03:48:31 +0000,3f97935f76145660588ec69d4480a824e21e2bd4,TX,48059,2,2022-11-09T01:00:00.000Z,FIPSCode,48059,0,2022-11-09T03:42:43.189Z,4,67.54,8,50.0,58549,3367,90.46,63031,323,8.68,63506,20,0.54,63505,12,0.32,5511,75,3722,10020,4,5
1667966001,2022-11-09 03:53:21 +0000,cee0a612753351ddb30fde2a157613da20f2be01,TX,48059,2,2022-11-09T01:00:00.000Z,FIPSCode,48059,0,2022-11-09T03:42:43.189Z,4,67.54,8,50.0,58549,3367,90.46,63031,323,8.68,63506,20,0.54,63505,12,0.32,5511,75,3722,10020,4,5
1667966989,2022-11-09 04:09:49 +0000,47c6fd3e525919b429e23d0446afd1809e9c353c,TX,48059,2,2022-11-09T01:00:00.000Z,FIPSCode,48059,0,2022-11-09T03:59:29.335Z,4,67.54,8,50.0,58549,3367,90.46,63031,323,8.68,63506,20,0.54,63505,12,0.32,5511,75,3722,10020,4,5
1667967269,2022-11-09 04:14:29 +0000,68d92bf23b94b96637a56b0d567d37a581d41ead,TX,48059,2,2022-11-09T01:00:00.000Z,FIPSCode,48059,0,2022-11-09T03:59:29.335Z,4,67.54,8,50.0,58549,3367,90.46,63031,323,8.68,63506,20,0.54,63505,12,0.32,5511,75,3722,10020,4,5
1667967540,2022-11-08 22:19:00 -0600,673632f1537c7c9f2368084b99ec47b67621c41e,TX,48059,2,2022-11-09T01:00:00.000Z,FIPSCode,48059,0,2022-11-09T04:16:53.256Z,8,75.0,8,100.0,58549,4769,90.61,63031,442,8.4,63506,37,0.7,63505,15,0.29,5511,75,5263,10020,8,6
1667967862,2022-11-08 22:24:22 -0600,70f93394ffa370662e7d52b8ef52310baba3c929,TX,48059,2,2022-11-09T01:00:00.000Z,FIPSCode,48059,0,2022-11-09T04:17:50.597Z,8,75.0,8,100.0,58549,4769,90.61,63031,442,8.4,63506,37,0.7,63505,15,0.29,5511,75,5263,10020,8,6
1667967905,2022-11-08 22:25:05 -0600,7b53fc8cb8c53477e9f4fecf82fac92988ee5275,TX,48059,2,2022-11-09T01:00:00.000Z,FIPSCode,48059,0,2022-11-09T04:17:50.597Z,8,75.0,8,100.0,58549,4769,90.61,63031,442,8.4,63506,37,0.7,63505,15,0.29,5511,75,5263,10020,8,6
1667967954,2022-11-08 22:25:54 -0600,ddd8cd55583cb4e51013ac431e84d23dc8167e7a,TX,48059,2,2022-11-09T01:00:00.000Z,FIPSCode,48059,0,2022-11-09T04:17:50.597Z,8,75.0,8,100.0,58549,4769,90.61,63031,442,8.4,63506,37,0.7,63505,15,0.29,5511,75,5263,10020,8,6
1667968002,2022-11-08 22:26:42 -0600,1235204137f0f06fe3cd4983951d9356477924c9,TX,48059,2,2022-11-09T01:00:00.000Z,FIPSCode,48059,0,2022-11-09T04:17:50.597Z,8,75.0,8,100.0,58549,4769,90.61,63031,442,8.4,63506,37,0.7,63505,15,0.29,5511,75,5263,10020,8,6
1667968047,2022-11-08 22:27:27 -0600,3febed665f84b6f0a9717d87750ee8049f50fab6,TX,48059,2,2022-11-09T01:00:00.000Z,FIPSCode,48059,0,2022-11-09T04:17:50.597Z,8,75.0,8,100.0,58549,4769,90.61,63031,442,8.4,63506,37,0.7,63505,15,0.29,5511,75,5263,10020,8,6
1667968092,2022-11-08 22:28:12 -0600,c3a7bcfa6d57d19e0339cd5eff437c13c5a7dec5,TX,48059,2,2022-11-09T01:00:00.000Z,FIPSCode,48059,0,2022-11-09T04:17:50.597Z,8,75.0,8,100.0,58549,4769,90.61,63031,442,8.4,63506,37,0.7,63505,15,0.29,5511,75,5263,10020,8,6
1667968138,2022-11-08 22:28:58 -0600,78be3d1941803188124b187362be51adf1e8fdfb,TX,48059,2,2022-11-09T01:00:00.000Z,FIPSCode,48059,0,2022-11-09T04:17:50.597Z,8,75.0,8,100.0,58549,4769,90.61,63031,442,8.4,63506,37,0.7,63505,15,0.29,5511,75,5263,10020,8,6
1667968182,2022-11-08 22:29:42 -0600,8e189a9f8e65ddc0a78641bf1d30b4fa1f53a113,TX,48059,2,2022-11-09T01:00:00.000Z,FIPSCode,48059,0,2022-11-09T04:17:50.597Z,8,75.0,8,100.0,58549,4769,90.61,63031,442,8.4,63506,37,0.7,63505,15,0.29,5511,75,5263,10020,8,6
1667968227,2022-11-08 22:30:27 -0600,b78ec951061d2bf917e09f1eb01cb079af5e3a88,TX,48059,2,2022-11-09T01:00:00.000Z,FIPSCode,48059,0,2022-11-09T04:17:50.597Z,8,75.0,8,100.0,58549,4769,90.61,63031,442,8.4,63506,37,0.7,63505,15,0.29,5511,75,5263,10020,8,6
1667968272,2022-11-08 22:31:12 -0600,97ef6c54bfa1c7ef6beea70c87aafe0c54251ad8,TX,48059,2,2022-11-09T01:00:00.000Z,FIPSCode,48059,0,2022-11-09T04:30:30.219Z,8,75.0,8,100.0,58549,4769,90.61,63031,442,8.4,63506,37,0.7,63505,15,0.29,5511,75,5263,10020,8,6
1667968316,2022-11-08 22:31:56 -0600,c7364a5d7197a125b098705a317e32ff0afe0f57,TX,48059,2,2022-11-09T01:00:00.000Z,FIPSCode,48059,0,2022-11-09T04:30:30.219Z,8,75.0,8,100.0,58549,4769,90.61,63031,442,8.4,63506,37,0.7,63505,15,0.29,5511,75,5263,10020,8,6
1667968361,2022-11-08 22:32:41 -0600,0b888fe41bc653990f05b2c6fe09da530560e7a3,TX,48059,2,2022-11-09T01:00:00.000Z,FIPSCode,48059,0,2022-11-09T04:31:53.548Z,8,75.0,8,100.0,58549,4769,90.61,63031,442,8.4,63506,37,0.7,63505,15,0.29,5511,75,5263,10020,8,6
1667968406,2022-11-08 22:33:26 -0600,9894c9990b429281fa1911dc561355d202f43cc4,TX,48059,2,2022-11-09T01:00:00.000Z,FIPSCode,48059,0,2022-11-09T04:32:48.807Z,8,75.0,8,100.0,58549,4769,90.61,63031,442,8.4,63506,37,0.7,63505,15,0.29,5511,75,5263,10020,8,6
1667968451,2022-11-08 22:34:11 -0600,ec7c4c2fbdf80046dac3b25dd67b45de79385a9e,TX,48059,2,2022-11-09T01:00:00.000Z,FIPSCode,48059,0,2022-11-09T04:32:48.807Z,8,75.0,8,100.0,58549,4769,90.61,63031,442,8.4,63506,37,0.7,63505,15,0.29,5511,75,5263,10020,8,6
1667968494,2022-11-08 22:34:54 -0600,cfbd241bb06919184c9a5ad42a24eb60bc59879a,TX,48059,2,2022-11-09T01:00:00.000Z,FIPSCode,48059,0,2022-11-09T04:32:48.807Z,8,75.0,8,100.0,58549,4769,90.61,63031,442,8.4,63506,37,0.7,63505,15,0.29,5511,75,5263,10020,8,6
1667968709,2022-11-08 22:38:29 -0600,a479186c1a21e09ae947de1863bf72d461e8b879,TX,48059,2,2022-11-09T01:00:00.000Z,FIPSCode,48059,0,2022-11-09T04:32:48.807Z,8,75.0,8,100.0,58549,4769,90.61,63031,442,8.4,63506,37,0.7,63505,15,0.29,5511,75,5263,10020,8,6
1667968757,2022-11-08 22:39:17 -0600,444e7baf756125a86bedac9f7455307c41fed63a,TX,48059,2,2022-11-09T01:00:00.000Z,FIPSCode,48059,0,2022-11-09T04:32:48.807Z,8,75.0,8,100.0,58549,4769,90.61,63031,442,8.4,63506,37,0.7,63505,15,0.29,5511,75,5263,10020,8,6
1667968844,2022-11-08 22:40:44 -0600,9af6e1ce44325ca43504ad5e0ccab8e9f14ef964,TX,48059,2,2022-11-09T01:00:00.000Z,FIPSCode,48059,0,2022-11-09T04:32:48.807Z,8,75.0,8,100.0,58549,4769,90.61,63031,442,8.4,63506,37,0.7,63505,15,0.29,5511,75,5263,10020,8,6
1667968885,2022-11-08 22:41:25 -0600,5c24a01105c8e263f0bd136533d71002afb61845,TX,48059,2,2022-11-09T01:00:00.000Z,FIPSCode,48059,0,2022-11-09T04:32:48.807Z,8,75.0,8,100.0,58549,4769,90.61,63031,442,8.4,63506,37,0.7,63505,15,0.29,5511,75,5263,10020,8,6
1667968931,2022-11-08 22:42:11 -0600,cca40a484cb23456c0df129e9bd1750068cb4880,TX,48059,2,2022-11-09T01:00:00.000Z,FIPSCode,48059,0,2022-11-09T04:32:48.807Z,8,75.0,8,100.0,58549,4769,90.61,63031,442,8.4,63506,37,0.7,63505,15,0.29,5511,75,5263,10020,8,6
1667969116,2022-11-08 22:45:16 -0600,79682069eac6cae3840febac265b40363b9c51ff,TX,48059,2,2022-11-09T01:00:00.000Z,FIPSCode,48059,0,2022-11-09T04:32:48.807Z,8,75.0,8,100.0,58549,4769,90.61,63031,442,8.4,63506,37,0.7,63505,15,0.29,5511,75,5263,10020,8,6
1667969160,2022-11-08 22:46:00 -0600,702f27aec8e9117aaf59a55a71ae69d9a7aed7a6,TX,48059,2,2022-11-09T01:00:00.000Z,FIPSCode,48059,0,2022-11-09T04:32:48.807Z,8,75.0,8,100.0,58549,4769,90.61,63031,442,8.4,63506,37,0.7,63505,15,0.29,5511,75,5263,10020,8,6
1667969204,2022-11-08 22:46:44 -0600,861af312a343e9b4769e08b8c7c8c17fab4dadef,TX,48059,2,2022-11-09T01:00:00.000Z,FIPSCode,48059,0,2022-11-09T04:32:48.807Z,8,75.0,8,100.0,58549,4769,90.61,63031,442,8.4,63506,37,0.7,63505,15,0.29,5511,75,5263,10020,8,6
1667969248,2022-11-08 22:47:28 -0600,22d8758416ee8e5b986d6c680c79fc8b3c4bdaaf,TX,48059,2,2022-11-09T01:00:00.000Z,FIPSCode,48059,0,2022-11-09T04:32:48.807Z,8,75.0,8,100.0,58549,4769,90.61,63031,442,8.4,63506,37,0.7,63505,15,0.29,5511,75,5263,10020,8,6
1667969292,2022-11-08 22:48:12 -0600,27c0128769cb9950dd2d2f7b010376c6821eb8bd,TX,48059,2,2022-11-09T01:00:00.000Z,FIPSCode,48059,0,2022-11-09T04:32:48.807Z,8,75.0,8,100.0,58549,4769,90.61,63031,442,8.4,63506,37,0.7,63505,15,0.29,5511,75,5263,10020,8,6
1667969334,2022-11-08 22:48:54 -0600,564b670a16af98b12d8c8533dac3052916cfa498,TX,48059,2,2022-11-09T01:00:00.000Z,FIPSCode,48059,0,2022-11-09T04:32:48.807Z,8,75.0,8,100.0,58549,4769,90.61,63031,442,8.4,63506,37,0.7,63505,15,0.29,5511,75,5263,10020,8,6
1667969376,2022-11-08 22:49:36 -0600,4ac813ba060ccffdf02cdf61aae9dd9c0b214438,TX,48059,2,2022-11-09T01:00:00.000Z,FIPSCode,48059,0,2022-11-09T04:32:48.807Z,8,75.0,8,100.0,58549,4769,90.61,63031,442,8.4,63506,37,0.7,63505,15,0.29,5511,75,5263,10020,8,6
1667969419,2022-11-08 22:50:19 -0600,01bf108661ea741dad657f108c5a84b69d73a32c,TX,48059,2,2022-11-09T01:00:00.000Z,FIPSCode,48059,0,2022-11-09T04:32:48.807Z,8,75.0,8,100.0,58549,4769,90.61,63031,442,8.4,63506,37,0.7,63505,15,0.29,5511,75,5263,10020,8,6
1667969463,2022-11-08 22:51:03 -0600,33a57724ad86936b636ee9df9a6a905b84cec6b3,TX,48059,2,2022-11-09T01:00:00.000Z,FIPSCode,48059,0,2022-11-09T04:50:11.633Z,8,75.0,8,100.0,58549,4769,90.61,63031,442,8.4,63506,37,0.7,63505,15,0.29,5511,75,5263,10020,8,6
1667969505,2022-11-08 22:51:45 -0600,ffc1def8f9e2bf7a494bb8b128a38f199b58da48,TX,48059,2,2022-11-09T01:00:00.000Z,FIPSCode,48059,0,2022-11-09T04:50:51.124Z,8,75.0,8,100.0,58549,4769,90.61,63031,442,8.4,63506,37,0.7,63505,15,0.29,5511,75,5263,10020,8,6
1667969592,2022-11-08 22:53:12 -0600,1aa535c5b76797aa0c55f68109cd2149e6f7b08a,TX,48059,2,2022-11-09T01:00:00.000Z,FIPSCode,48059,0,2022-11-09T04:51:49.020Z,8,75.0,8,100.0,58549,4769,90.61,63031,442,8.4,63506,37,0.7,63505,15,0.29,5511,75,5263,10020,8,6
1667969636,2022-11-08 22:53:56 -0600,343edcc3a5440ed7e985b5b1b439acfe9dc3a7bb,TX,48059,2,2022-11-09T01:00:00.000Z,FIPSCode,48059,0,2022-11-09T04:52:52.582Z,8,75.0,8,100.0,58549,4769,90.61,63031,442,8.4,63506,37,0.7,63505,15,0.29,5511,75,5263,10020,8,6
1667969681,2022-11-08 22:54:41 -0600,4488651d53a6ff54750765f807b5aba2e7544f5e,TX,48059,2,2022-11-09T01:00:00.000Z,FIPSCode,48059,0,2022-11-09T04:52:52.582Z,8,75.0,8,100.0,58549,4769,90.61,63031,442,8.4,63506,37,0.7,63505,15,0.29,5511,75,5263,10020,8,6
1667969723,2022-11-08 22:55:23 -0600,b509b5bfc09bde62e91159629c11e0b7e48daab9,TX,48059,2,2022-11-09T01:00:00.000Z,FIPSCode,48059,0,2022-11-09T04:52:52.582Z,8,75.0,8,100.0,58549,4769,90.61,63031,442,8.4,63506,37,0.7,63505,15,0.29,5511,75,5263,10020,8,6
1667969768,2022-11-08 22:56:08 -0600,13751e5ba6ec1b0e3bf8ed4bdd82f9ad01fec7e2,TX,48059,2,2022-11-09T01:00:00.000Z,FIPSCode,48059,0,2022-11-09T04:52:52.582Z,8,75.0,8,100.0,58549,4769,90.61,63031,442,8.4,63506,37,0.7,63505,15,0.29,5511,75,5263,10020,8,6
1667969810,2022-11-08 22:56:50 -0600,b4af1c5ed222b2aca51b198a04f7adfc76d9c4e9,TX,48059,2,2022-11-09T01:00:00.000Z,FIPSCode,48059,0,2022-11-09T04:52:52.582Z,8,75.0,8,100.0,58549,4769,90.61,63031,442,8.4,63506,37,0.7,63505,15,0.29,5511,75,5263,10020,8,6
1667969855,2022-11-08 22:57:35 -0600,8c3f41d4804fda622cab89f365a05518b70e5a91,TX,48059,2,2022-11-09T01:00:00.000Z,FIPSCode,48059,0,2022-11-09T04:52:52.582Z,8,75.0,8,100.0,58549,4769,90.61,63031,442,8.4,63506,37,0.7,63505,15,0.29,5511,75,5263,10020,8,6
1667969897,2022-11-08 22:58:17 -0600,4cc79ac7abd56ff5901adb554fdccc45c88f1310,TX,48059,2,2022-11-09T01:00:00.000Z,FIPSCode,48059,0,2022-11-09T04:52:52.582Z,8,75.0,8,100.0,58549,4769,90.61,63031,442,8.4,63506,37,0.7,63505,15,0.29,5511,75,5263,10020,8,6
1667969942,2022-11-08 22:59:02 -0600,302c96144aa0d22b0603db04cac0928c1e8a79f9,TX,48059,2,2022-11-09T01:00:00.000Z,FIPSCode,48059,0,2022-11-09T04:52:52.582Z,8,75.0,8,100.0,58549,4769,90.61,63031,442,8.4,63506,37,0.7,63505,15,0.29,5511,75,5263,10020,8,6
1667969984,2022-11-08 22:59:44 -0600,a2fb710992b888fe9f7e47092d88395e89230dfc,TX,48059,2,2022-11-09T01:00:00.000Z,FIPSCode,48059,0,2022-11-09T04:52:52.582Z,8,75.0,8,100.0,58549,4769,90.61,63031,442,8.4,63506,37,0.7,63505,15,0.29,5511,75,5263,10020,8,6
1667970027,2022-11-08 23:00:27 -0600,0d3c5c12e1d5e510cd8a9d7ec7188e7376d3702a,TX,48059,2,2022-11-09T01:00:00.000Z,FIPSCode,48059,0,2022-11-09T04:52:52.582Z,8,75.0,8,100.0,58549,4769,90.61,63031,442,8.4,63506,37,0.7,63505,15,0.29,5511,75,5263,10020,8,6
1667970114,2022-11-08 23:01:54 -0600,68b6dbb0ab0b313af53b82f98636ce9a824bdc54,TX,48059,2,2022-11-09T01:00:00.000Z,FIPSCode,48059,0,2022-11-09T04:52:52.582Z,8,75.0,8,100.0,58549,4769,90.61,63031,442,8.4,63506,37,0.7,63505,15,0.29,5511,75,5263,10020,8,6
1667970284,2022-11-08 23:04:44 -0600,0fc8b3fccaefe74cf333b488517dd0339b8dd0b7,TX,48059,2,2022-11-09T01:00:00.000Z,FIPSCode,48059,0,2022-11-09T04:52:52.582Z,8,75.0,8,100.0,58549,4769,90.61,63031,442,8.4,63506,37,0.7,63505,15,0.29,5511,75,5263,10020,8,6
1667970327,2022-11-08 23:05:27 -0600,1b6c4725cf9e59e40e1d6792336f8520d5b10b5b,TX,48059,2,2022-11-09T01:00:00.000Z,FIPSCode,48059,0,2022-11-09T04:52:52.582Z,8,75.0,8,100.0,58549,4769,90.61,63031,442,8.4,63506,37,0.7,63505,15,0.29,5511,75,5263,10020,8,6
1667970373,2022-11-08 23:06:13 -0600,3ea973c74a9585b2e944f9dd59e390b2b951b2cd,TX,48059,2,2022-11-09T01:00:00.000Z,FIPSCode,48059,0,2022-11-09T05:05:11.282Z,8,75.0,8,100.0,58549,4769,90.61,63031,442,8.4,63506,37,0.7,63505,15,0.29,5511,75,5263,10020,8,6
1667970415,2022-11-08 23:06:55 -0600,f1d4e9736f94ffa7aa7ebd5da07699c9a419c5df,TX,48059,2,2022-11-09T01:00:00.000Z,FIPSCode,48059,0,2022-11-09T05:05:11.282Z,8,75.0,8,100.0,58549,4769,90.61,63031,442,8.4,63506,37,0.7,63505,15,0.29,5511,75,5263,10020,8,6
1667970461,2022-11-08 23:07:41 -0600,7d669d180641a9a00e537201f92d2f70ea120169,TX,48059,2,2022-11-09T01:00:00.000Z,FIPSCode,48059,0,2022-11-09T05:05:11.282Z,8,75.0,8,100.0,58549,4769,90.61,63031,442,8.4,63506,37,0.7,63505,15,0.29,5511,75,5263,10020,8,6
1667970504,2022-11-08 23:08:24 -0600,218805bf82c018e2091a699549a3db0180a36d98,TX,48059,2,2022-11-09T01:00:00.000Z,FIPSCode,48059,0,2022-11-09T05:05:11.282Z,8,75.0,8,100.0,58549,4769,90.61,63031,442,8.4,63506,37,0.7,63505,15,0.29,5511,75,5263,10020,8,6
1667970548,2022-11-08 23:09:08 -0600,a039c3e3daf59c6709863984d030931ce2f47b8a,TX,48059,2,2022-11-09T01:00:00.000Z,FIPSCode,48059,0,2022-11-09T05:05:11.282Z,8,75.0,8,100.0,58549,4769,90.61,63031,442,8.4,63506,37,0.7,63505,15,0.29,5511,75,5263,10020,8,6
1667970594,2022-11-08 23:09:54 -0600,d4f30f0656d3b91d4423d751f85b9496715af7d9,TX,48059,2,2022-11-09T01:00:00.000Z,FIPSCode,48059,0,2022-11-09T05:05:11.282Z,8,75.0,8,100.0,58549,4769,90.61,63031,442,8.4,63506,37,0.7,63505,15,0.29,5511,75,5263,10020,8,6
1667970637,2022-11-08 23:10:37 -0600,879713b6aae904f8cc55b1a8c3ce99346dd39ab3,TX,48059,2,2022-11-09T01:00:00.000Z,FIPSCode,48059,0,2022-11-09T05:05:11.282Z,8,75.0,8,100.0,58549,4769,90.61,63031,442,8.4,63506,37,0.7,63505,15,0.29,5511,75,5263,10020,8,6
1667970681,2022-11-08 23:11:21 -0600,dd69cd860a28762a05e9344e662f63641aef1dd4,TX,48059,2,2022-11-09T01:00:00.000Z,FIPSCode,48059,0,2022-11-09T05:05:11.282Z,8,75.0,8,100.0,58549,4769,90.61,63031,442,8.4,63506,37,0.7,63505,15,0.29,5511,75,5263,10020,8,6
1667970856,2022-11-08 23:14:16 -0600,ff06f2de4e569cd29ca92d25039a935917deb88f,TX,48059,2,2022-11-09T01:00:00.000Z,FIPSCode,48059,0,2022-11-09T05:12:53.414Z,8,75.0,8,100.0,58549,4769,90.61,63031,442,8.4,63506,37,0.7,63505,15,0.29,5511,75,5263,10020,8,6
1667970899,2022-11-08 23:14:59 -0600,ca5b649b3885623b3ef37439107a0fa8db2d1846,TX,48059,2,2022-11-09T01:00:00.000Z,FIPSCode,48059,0,2022-11-09T05:12:53.414Z,8,75.0,8,100.0,58549,4769,90.61,63031,442,8.4,63506,37,0.7,63505,15,0.29,5511,75,5263,10020,8,6
1667970944,2022-11-08 23:15:44 -0600,ade12abccb70834d17788a299f1a5de3ad7d230d,TX,48059,2,2022-11-09T01:00:00.000Z,FIPSCode,48059,0,2022-11-09T05:12:53.414Z,8,75.0,8,100.0,58549,4769,90.61,63031,442,8.4,63506,37,0.7,63505,15,0.29,5511,75,5263,10020,8,6
1667970985,2022-11-08 23:16:25 -0600,458b8c029ed943a1966fd047ace4d102323e3185,TX,48059,2,2022-11-09T01:00:00.000Z,FIPSCode,48059,0,2022-11-09T05:13:52.228Z,8,75.0,8,100.0,58549,4769,90.61,63031,442,8.4,63506,37,0.7,63505,15,0.29,5511,75,5263,10020,8,6
1667971032,2022-11-08 23:17:12 -0600,84fafb476f7846131500489058ff24997434ed54,TX,48059,2,2022-11-09T01:00:00.000Z,FIPSCode,48059,0,2022-11-09T05:13:52.228Z,8,75.0,8,100.0,58549,4769,90.61,63031,442,8.4,63506,37,0.7,63505,15,0.29,5511,75,5263,10020,8,6
1667971124,2022-11-08 23:18:44 -0600,f9d1c6b5aa5f6a3f4c976d51307de08576c2bf77,TX,48059,2,2022-11-09T01:00:00.000Z,FIPSCode,48059,0,2022-11-09T05:13:52.228Z,8,75.0,8,100.0,58549,4769,90.61,63031,442,8.4,63506,37,0.7,63505,15,0.29,5511,75,5263,10020,8,6
1667971169,2022-11-08 23:19:29 -0600,a70df26f7f471d11543c24ba2a2ee8ee294f6f1b,TX,48059,2,2022-11-09T01:00:00.000Z,FIPSCode,48059,0,2022-11-09T05:13:52.228Z,8,75.0,8,100.0,58549,4769,90.61,63031,442,8.4,63506,37,0.7,63505,15,0.29,5511,75,5263,10020,8,6
1667971213,2022-11-08 23:20:13 -0600,5f24f417653bba3396590267801436b107c31ac9,TX,48059,2,2022-11-09T01:00:00.000Z,FIPSCode,48059,0,2022-11-09T05:19:50.831Z,8,75.0,8,100.0,58549,4769,90.61,63031,442,8.4,63506,37,0.7,63505,15,0.29,5511,75,5263,10020,8,6
1667971258,2022-11-08 23:20:58 -0600,66df93c53186cc5d338c8a4f0b94d8e859c4ec59,TX,48059,2,2022-11-09T01:00:00.000Z,FIPSCode,48059,0,2022-11-09T05:19:50.831Z,8,75.0,8,100.0,58549,4769,90.61,63031,442,8.4,63506,37,0.7,63505,15,0.29,5511,75,5263,10020,8,6
1667971395,2022-11-08 23:23:15 -0600,d97519c7c3720d6e80913290b35064b53dd231cc,TX,48059,2,2022-11-09T01:00:00.000Z,FIPSCode,48059,0,2022-11-09T05:20:51.505Z,8,75.0,8,100.0,58549,4769,90.61,63031,442,8.4,63506,37,0.7,63505,15,0.29,5511,75,5263,10020,8,6
1667971438,2022-11-08 23:23:58 -0600,d5ddddc05986f343066e92d34cfda0b6971066eb,TX,48059,2,2022-11-09T01:00:00.000Z,FIPSCode,48059,0,2022-11-09T05:20:51.505Z,8,75.0,8,100.0,58549,4769,90.61,63031,442,8.4,63506,37,0.7,63505,15,0.29,5511,75,5263,10020,8,6
1667971525,2022-11-08 23:25:25 -0600,8a3d225df35b90ad7577e78c738af67af6cd9c8b,TX,48059,2,2022-11-09T01:00:00.000Z,FIPSCode,48059,0,2022-11-09T05:20:51.505Z,8,75.0,8,100.0,58549,4769,90.61,63031,442,8.4,63506,37,0.7,63505,15,0.29,5511,75,5263,10020,8,6
1667971571,2022-11-08 23:26:11 -0600,d2379320e55d7c8b235939474aad516c1cf9a83b,TX,48059,2,2022-11-09T01:00:00.000Z,FIPSCode,48059,0,2022-11-09T05:20:51.505Z,8,75.0,8,100.0,58549,4769,90.61,63031,442,8.4,63506,37,0.7,63505,15,0.29,5511,75,5263,10020,8,6
1667971614,2022-11-08 23:26:54 -0600,3e2db293b352d34f57f22cada11d4f92f345178d,TX,48059,2,2022-11-09T01:00:00.000Z,FIPSCode,48059,0,2022-11-09T05:20:51.505Z,8,75.0,8,100.0,58549,4769,90.61,63031,442,8.4,63506,37,0.7,63505,15,0.29,5511,75,5263,10020,8,6
1667971657,2022-11-08 23:27:37 -0600,d29b633bc901fb24234e16251a717d43d2b1d6c1,TX,48059,2,2022-11-09T01:00:00.000Z,FIPSCode,48059,0,2022-11-09T05:20:51.505Z,8,75.0,8,100.0,58549,4769,90.61,63031,442,8.4,63506,37,0.7,63505,15,0.29,5511,75,5263,10020,8,6
1667971699,2022-11-08 23:28:19 -0600,ab5f2b666bd1b9bf6989ccd1e80db43497d771dc,TX,48059,2,2022-11-09T01:00:00.000Z,FIPSCode,48059,0,2022-11-09T05:20:51.505Z,8,75.0,8,100.0,58549,4769,90.61,63031,442,8.4,63506,37,0.7,63505,15,0.29,5511,75,5263,10020,8,6
1667971742,2022-11-08 23:29:02 -0600,928d948d0f0c53b13f9f2ca578d94ee9e3764e1c,TX,48059,2,2022-11-09T01:00:00.000Z,FIPSCode,48059,0,2022-11-09T05:20:51.505Z,8,75.0,8,100.0,58549,4769,90.61,63031,442,8.4,63506,37,0.7,63505,15,0.29,5511,75,5263,10020,8,6
1667971785,2022-11-08 23:29:45 -0600,0263826aefa5e72057a0aaa213c232b6c0eefa0d,TX,48059,2,2022-11-09T01:00:00.000Z,FIPSCode,48059,0,2022-11-09T05:20:51.505Z,8,75.0,8,100.0,58549,4769,90.61,63031,442,8.4,63506,37,0.7,63505,15,0.29,5511,75,5263,10020,8,6
1667971839,2022-11-08 23:30:39 -0600,3cda52854e51a6576b7495d3201be6e474dda96c,TX,48059,2,2022-11-09T01:00:00.000Z,FIPSCode,48059,0,2022-11-09T05:20:51.505Z,8,75.0,8,100.0,58549,4769,90.61,63031,442,8.4,63506,37,0.7,63505,15,0.29,5511,75,5263,10020,8,6
1667971879,2022-11-08 23:31:19 -0600,e58483b4fb47a48c624446a947423840f5e4d94b,TX,48059,2,2022-11-09T01:00:00.000Z,FIPSCode,48059,0,2022-11-09T05:20:51.505Z,8,75.0,8,100.0,58549,4769,90.61,63031,442,8.4,63506,37,0.7,63505,15,0.29,5511,75,5263,10020,8,6
1667972176,2022-11-08 23:36:16 -0600,a6fd708cc30eea79171ae74711d81685981a53ab,TX,48059,2,2022-11-09T01:00:00.000Z,FIPSCode,48059,0,2022-11-09T05:29:58.123Z,8,75.0,8,100.0,58549,4769,90.61,63031,442,8.4,63506,37,0.7,63505,15,0.29,5316,75,5263,10020,8,6
1667972216,2022-11-08 23:36:56 -0600,85a5bd7dbe5253f418489691a179128d5ff518d6,TX,48059,2,2022-11-09T01:00:00.000Z,FIPSCode,48059,0,2022-11-09T05:29:58.123Z,8,75.0,8,100.0,58549,4769,90.61,63031,442,8.4,63506,37,0.7,63505,15,0.29,5316,75,5263,10020,8,6
1667972264,2022-11-08 23:37:44 -0600,32512d68a8869811d6b4c587f4ea396147ae27a4,TX,48059,2,2022-11-09T01:00:00.000Z,FIPSCode,48059,0,2022-11-09T05:29:58.123Z,8,75.0,8,100.0,58549,4769,90.61,63031,442,8.4,63506,37,0.7,63505,15,0.29,5316,75,5263,10020,8,6
1667972308,2022-11-08 23:38:28 -0600,ba9f5f7b5ce443fdefcabab3b6292f3cd1310af6,TX,48059,2,2022-11-09T01:00:00.000Z,FIPSCode,48059,0,2022-11-09T05:29:58.123Z,8,75.0,8,100.0,58549,4769,90.61,63031,442,8.4,63506,37,0.7,63505,15,0.29,5316,75,5263,10020,8,6
1667972364,2022-11-08 23:39:24 -0600,bfe9cb466aa6b65574c16effa903cd993efd4fe0,TX,48059,2,2022-11-09T01:00:00.000Z,FIPSCode,48059,0,2022-11-09T05:29:58.123Z,8,75.0,8,100.0,58549,4769,90.61,63031,442,8.4,63506,37,0.7,63505,15,0.29,5316,75,5263,10020,8,6
1667972473,2022-11-08 23:41:13 -0600,a29b2b07dc776af5545ee4ec64ead9d5ba96e873,TX,48059,2,2022-11-09T01:00:00.000Z,FIPSCode,48059,0,2022-11-09T05:29:58.123Z,8,75.0,8,100.0,58549,4769,90.61,63031,442,8.4,63506,37,0.7,63505,15,0.29,5316,75,5263,10020,8,6
1667972541,2022-11-08 23:42:21 -0600,d38f954f3e6be3d250d58a04e08655875ea7700c,TX,48059,2,2022-11-09T01:00:00.000Z,FIPSCode,48059,0,2022-11-09T05:29:58.123Z,8,75.0,8,100.0,58549,4769,90.61,63031,442,8.4,63506,37,0.7,63505,15,0.29,5316,75,5263,10020,8,6
1667972585,2022-11-08 23:43:05 -0600,801d3f687be77bd20982c8b22a575eda658a7594,TX,48059,2,2022-11-09T01:00:00.000Z,FIPSCode,48059,0,2022-11-09T05:29:58.123Z,8,75.0,8,100.0,58549,4769,90.61,63031,442,8.4,63506,37,0.7,63505,15,0.29,5316,75,5263,10020,8,6
1667972634,2022-11-08 23:43:54 -0600,3031aa1b4c4f867ee3a729dc96e8d9a1d63eee32,TX,48059,2,2022-11-09T01:00:00.000Z,FIPSCode,48059,0,2022-11-09T05:29:58.123Z,8,75.0,8,100.0,58549,4769,90.61,63031,442,8.4,63506,37,0.7,63505,15,0.29,5316,75,5263,10020,8,6
1667972764,2022-11-08 23:46:04 -0600,82ba377844e9961d9064213cab9939b1444d2eba,TX,48059,2,2022-11-09T01:00:00.000Z,FIPSCode,48059,0,2022-11-09T05:29:58.123Z,8,75.0,8,100.0,58549,4769,90.61,63031,442,8.4,63506,37,0.7,63505,15,0.29,5316,75,5263,10020,8,6
1667972810,2022-11-08 23:46:50 -0600,aa61daf8417c040e13c56de238053c966d7a0302,TX,48059,2,2022-11-09T01:00:00.000Z,FIPSCode,48059,0,2022-11-09T05:29:58.123Z,8,75.0,8,100.0,58549,4769,90.61,63031,442,8.4,63506,37,0.7,63505,15,0.29,5316,75,5263,10020,8,6
1667972854,2022-11-08 23:47:34 -0600,4c493d7ad5df619297ee4ec86e6725cbd0fcac02,TX,48059,2,2022-11-09T01:00:00.000Z,FIPSCode,48059,0,2022-11-09T05:29:58.123Z,8,75.0,8,100.0,58549,4769,90.61,63031,442,8.4,63506,37,0.7,63505,15,0.29,5316,75,5263,10020,8,6
1667972898,2022-11-08 23:48:18 -0600,7f5611a68542690dfbbea4b10f2d25fb123813f8,TX,48059,2,2022-11-09T01:00:00.000Z,FIPSCode,48059,0,2022-11-09T05:29:58.123Z,8,75.0,8,100.0,58549,4769,90.61,63031,442,8.4,63506,37,0.7,63505,15,0.29,5316,75,5263,10020,8,6
1667972943,2022-11-08 23:49:03 -0600,2188e3ab5f27e10fb4df9e561d0af4cab5cf665c,TX,48059,2,2022-11-09T01:00:00.000Z,FIPSCode,48059,0,2022-11-09T05:29:58.123Z,8,75.0,8,100.0,58549,4769,90.61,63031,442,8.4,63506,37,0.7,63505,15,0.29,5316,75,5263,10020,8,6
1667972986,2022-11-08 23:49:46 -0600,8b5a6bad408154143d5639ac38f52891382240a4,TX,48059,2,2022-11-09T01:00:00.000Z,FIPSCode,48059,0,2022-11-09T05:29:58.123Z,8,75.0,8,100.0,58549,4769,90.61,63031,442,8.4,63506,37,0.7,63505,15,0.29,5316,75,5263,10020,8,6
1667973028,2022-11-08 23:50:28 -0600,a3d91b8cb9f4b51cad939bdf33c45f8678401177,TX,48059,2,2022-11-09T01:00:00.000Z,FIPSCode,48059,0,2022-11-09T05:29:58.123Z,8,75.0,8,100.0,58549,4769,90.61,63031,442,8.4,63506,37,0.7,63505,15,0.29,5316,75,5263,10020,8,6
1667973074,2022-11-08 23:51:14 -0600,eb28abe2520dfc732dc2e53485df27d909fe0dce,TX,48059,2,2022-11-09T01:00:00.000Z,FIPSCode,48059,0,2022-11-09T05:29:58.123Z,8,75.0,8,100.0,58549,4769,90.61,63031,442,8.4,63506,37,0.7,63505,15,0.29,5316,75,5263,10020,8,6
1667973115,2022-11-08 23:51:55 -0600,76528750fef7c265d19f91ec30e86804e3da6e06,TX,48059,2,2022-11-09T01:00:00.000Z,FIPSCode,48059,0,2022-11-09T05:29:58.123Z,8,75.0,8,100.0,58549,4769,90.61,63031,442,8.4,63506,37,0.7,63505,15,0.29,5316,75,5263,10020,8,6
1667973248,2022-11-08 23:54:08 -0600,fb954f3a0e354e923f1bd778e51927737d2c1332,TX,48059,2,2022-11-09T01:00:00.000Z,FIPSCode,48059,0,2022-11-09T05:29:58.123Z,8,75.0,8,100.0,58549,4769,90.61,63031,442,8.4,63506,37,0.7,63505,15,0.29,5316,75,5263,10020,8,6
1667973292,2022-11-08 23:54:52 -0600,f4e2e76b95b1963799e86b607fe710743960389e,TX,48059,2,2022-11-09T01:00:00.000Z,FIPSCode,48059,0,2022-11-09T05:29:58.123Z,8,75.0,8,100.0,58549,4769,90.61,63031,442,8.4,63506,37,0.7,63505,15,0.29,5316,75,5263,10020,8,6
1667973338,2022-11-08 23:55:38 -0600,60e23f89b0832d690c2e9c2012f75df6b998f230,TX,48059,2,2022-11-09T01:00:00.000Z,FIPSCode,48059,0,2022-11-09T05:29:58.123Z,8,75.0,8,100.0,58549,4769,90.61,63031,442,8.4,63506,37,0.7,63505,15,0.29,5316,75,5263,10020,8,6
1667973379,2022-11-08 23:56:19 -0600,ed82c57e44d916231a228645db25042e154a7fb4,TX,48059,2,2022-11-09T01:00:00.000Z,FIPSCode,48059,0,2022-11-09T05:29:58.123Z,8,75.0,8,100.0,58549,4769,90.61,63031,442,8.4,63506,37,0.7,63505,15,0.29,5316,75,5263,10020,8,6
1667973424,2022-11-08 23:57:04 -0600,af3468c86121e4f756caa76aafa8fe74e6306883,TX,48059,2,2022-11-09T01:00:00.000Z,FIPSCode,48059,0,2022-11-09T05:29:58.123Z,8,75.0,8,100.0,58549,4769,90.61,63031,442,8.4,63506,37,0.7,63505,15,0.29,5316,75,5263,10020,8,6
1667973512,2022-11-08 23:58:32 -0600,c5b8277525be0367964460ee9775326f5b2cc341,TX,48059,2,2022-11-09T01:00:00.000Z,FIPSCode,48059,0,2022-11-09T05:29:58.123Z,8,75.0,8,100.0,58549,4769,90.61,63031,442,8.4,63506,37,0.7,63505,15,0.29,5316,75,5263,10020,8,6
1667973600,2022-11-09 00:00:00 -0600,bfc0ff3fe5ed1f4adc762f2d1128321f016d691f,TX,48059,2,2022-11-09T01:00:00.000Z,FIPSCode,48059,0,2022-11-09T05:29:58.123Z,8,75.0,8,100.0,58549,4769,90.61,63031,442,8.4,63506,37,0.7,63505,15,0.29,5316,75,5263,10020,8,6
1667973648,2022-11-09 00:00:48 -0600,56d1333c268e0ca83267f304bc7ebda9b0c770b6,TX,48059,2,2022-11-09T01:00:00.000Z,FIPSCode,48059,0,2022-11-09T05:29:58.123Z,8,75.0,8,100.0,58549,4769,90.61,63031,442,8.4,63506,37,0.7,63505,15,0.29,5316,75,5263,10020,8,6
1667973692,2022-11-09 00:01:32 -0600,ace2173236427104569b3ce7a51ec8e19284acf6,TX,48059,2,2022-11-09T01:00:00.000Z,FIPSCode,48059,0,2022-11-09T05:29:58.123Z,8,75.0,8,100.0,58549,4769,90.61,63031,442,8.4,63506,37,0.7,63505,15,0.29,5316,75,5263,10020,8,6
1667973737,2022-11-09 00:02:17 -0600,f7940d04f83247dd0cbf585d2d4f25b8c66e477d,TX,48059,2,2022-11-09T01:00:00.000Z,FIPSCode,48059,0,2022-11-09T05:29:58.123Z,8,75.0,8,100.0,58549,4769,90.61,63031,442,8.4,63506,37,0.7,63505,15,0.29,5316,75,5263,10020,8,6
1667973793,2022-11-09 00:03:13 -0600,471324a7f30a6780d5e1d2eb6bf6c21c79776e91,TX,48059,2,2022-11-09T01:00:00.000Z,FIPSCode,48059,0,2022-11-09T05:29:58.123Z,8,75.0,8,100.0,58549,4769,90.61,63031,442,8.4,63506,37,0.7,63505,15,0.29,5316,75,5263,10020,8,6
1667973835,2022-11-09 00:03:55 -0600,b3bdd8a625be8657c0e5a46d72158acdcfd366d2,TX,48059,2,2022-11-09T01:00:00.000Z,FIPSCode,48059,0,2022-11-09T05:29:58.123Z,8,75.0,8,100.0,58549,4769,90.61,63031,442,8.4,63506,37,0.7,63505,15,0.29,5316,75,5263,10020,8,6
1667973878,2022-11-09 00:04:38 -0600,dd0a2fb7e0a1ea86d312428fcf4c7c68541cc7da,TX,48059,2,2022-11-09T01:00:00.000Z,FIPSCode,48059,0,2022-11-09T05:29:58.123Z,8,75.0,8,100.0,58549,4769,90.61,63031,442,8.4,63506,37,0.7,63505,15,0.29,5316,75,5263,10020,8,6
1667973921,2022-11-09 00:05:21 -0600,8c7bea4e5501d62c6edf8b543f4ffeaf66fbee7c,TX,48059,2,2022-11-09T01:00:00.000Z,FIPSCode,48059,0,2022-11-09T05:29:58.123Z,8,75.0,8,100.0,58549,4769,90.61,63031,442,8.4,63506,37,0.7,63505,15,0.29,5316,75,5263,10020,8,6
1667973964,2022-11-09 00:06:04 -0600,9272ebff43a029380ebf987d0a9fa080674e7e91,TX,48059,2,2022-11-09T01:00:00.000Z,FIPSCode,48059,0,2022-11-09T05:29:58.123Z,8,75.0,8,100.0,58549,4769,90.61,63031,442,8.4,63506,37,0.7,63505,15,0.29,5316,75,5263,10020,8,6
1667974006,2022-11-09 00:06:46 -0600,c8cae7bec2b0c7f4ed9e9ca6a473abc069a1d034,TX,48059,2,2022-11-09T01:00:00.000Z,FIPSCode,48059,0,2022-11-09T05:29:58.123Z,8,75.0,8,100.0,58549,4769,90.61,63031,442,8.4,63506,37,0.7,63505,15,0.29,5316,75,5263,10020,8,6
1667974099,2022-11-09 00:08:19 -0600,67d73bab95116eb2dbcfbbf8bea9e7546d6f9d87,TX,48059,2,2022-11-09T01:00:00.000Z,FIPSCode,48059,0,2022-11-09T05:29:58.123Z,8,75.0,8,100.0,58549,4769,90.61,63031,442,8.4,63506,37,0.7,63505,15,0.29,5316,75,5263,10020,8,6
1667974141,2022-11-09 00:09:01 -0600,6ac032f537e1cf474dd6798112535df8c4f1f419,TX,48059,2,2022-11-09T01:00:00.000Z,FIPSCode,48059,0,2022-11-09T05:29:58.123Z,8,75.0,8,100.0,58549,4769,90.61,63031,442,8.4,63506,37,0.7,63505,15,0.29,5316,75,5263,10020,8,6
1667974184,2022-11-09 00:09:44 -0600,5e29bdc6dd3e2b02c04e87a98f0009af6b85de6f,TX,48059,2,2022-11-09T01:00:00.000Z,FIPSCode,48059,0,2022-11-09T05:29:58.123Z,8,75.0,8,100.0,58549,4769,90.61,63031,442,8.4,63506,37,0.7,63505,15,0.29,5316,75,5263,10020,8,6
1667974269,2022-11-09 00:11:09 -0600,13a14ca127ca598b674838e5aa250bed9ab33b53,TX,48059,2,2022-11-09T01:00:00.000Z,FIPSCode,48059,0,2022-11-09T06:09:01.167Z,8,75.0,8,100.0,58549,4769,90.61,63031,442,8.4,63506,37,0.7,63505,15,0.29,5316,75,5263,10020,8,6
1667974664,2022-11-09 00:17:44 -0600,d987a91643923201706646f74ed6cc4da6a088a6,TX,48059,2,2022-11-09T01:00:00.000Z,FIPSCode,48059,0,2022-11-09T06:09:01.167Z,8,75.0,8,100.0,58549,4769,90.61,63031,442,8.4,63506,37,0.7,63505,15,0.29,5316,75,5263,10020,8,6
1667974945,2022-11-09 00:22:25 -0600,681ef884856b9c75efe2b0acf64bb4a515303482,TX,48059,2,2022-11-09T01:00:00.000Z,FIPSCode,48059,0,2022-11-09T06:17:11.004Z,8,75.0,8,100.0,58549,4769,90.61,63031,442,8.4,63506,37,0.7,63505,15,0.29,5316,75,5263,10020,8,6
1667974988,2022-11-09 00:23:08 -0600,5d6616b419546bd84ca0c06ee5a7a5389ea5fc67,TX,48059,2,2022-11-09T01:00:00.000Z,FIPSCode,48059,0,2022-11-09T06:17:11.004Z,8,75.0,8,100.0,58549,4769,90.61,63031,442,8.4,63506,37,0.7,63505,15,0.29,5316,75,5263,10020,8,6
1667975032,2022-11-09 00:23:52 -0600,2b4eef55da041b24d8b907ba1775c35ebda992e0,TX,48059,2,2022-11-09T01:00:00.000Z,FIPSCode,48059,0,2022-11-09T06:17:11.004Z,8,75.0,8,100.0,58549,4769,90.61,63031,442,8.4,63506,37,0.7,63505,15,0.29,5316,75,5263,10020,8,6
1667975072,2022-11-09 00:24:32 -0600,1160439825d46dbd816d3f7122a5cf79a867a03f,TX,48059,2,2022-11-09T01:00:00.000Z,FIPSCode,48059,0,2022-11-09T06:17:11.004Z,8,75.0,8,100.0,58549,4769,90.61,63031,442,8.4,63506,37,0.7,63505,15,0.29,5316,75,5263,10020,8,6
1667975114,2022-11-09 00:25:14 -0600,7de9a48755736c6c6b0e73777ec236e813c5ce50,TX,48059,2,2022-11-09T01:00:00.000Z,FIPSCode,48059,0,2022-11-09T06:17:11.004Z,8,75.0,8,100.0,58549,4769,90.61,63031,442,8.4,63506,37,0.7,63505,15,0.29,5316,75,5263,10020,8,6
1667975154,2022-11-09 00:25:54 -0600,e385cf3ed45230deb4315fbba874f4f4144f56b6,TX,48059,2,2022-11-09T01:00:00.000Z,FIPSCode,48059,0,2022-11-09T06:17:11.004Z,8,75.0,8,100.0,58549,4769,90.61,63031,442,8.4,63506,37,0.7,63505,15,0.29,5316,75,5263,10020,8,6
1667975319,2022-11-09 00:28:39 -0600,7d24d010dbc95f183b9e815a9f6c12b55b48ad99,TX,48059,2,2022-11-09T01:00:00.000Z,FIPSCode,48059,0,2022-11-09T06:17:11.004Z,8,75.0,8,100.0,58549,4769,90.61,63031,442,8.4,63506,37,0.7,63505,15,0.29,5316,75,5263,10020,8,6
1667975361,2022-11-09 00:29:21 -0600,d37d846c431e83eb6217de33215cf28365760117,TX,48059,2,2022-11-09T01:00:00.000Z,FIPSCode,48059,0,2022-11-09T06:17:11.004Z,8,75.0,8,100.0,58549,4769,90.61,63031,442,8.4,63506,37,0.7,63505,15,0.29,5316,75,5263,10020,8,6
1667975402,2022-11-09 00:30:02 -0600,1cb740bfe02888499fbb239b5454758b24512913,TX,48059,2,2022-11-09T01:00:00.000Z,FIPSCode,48059,0,2022-11-09T06:17:11.004Z,8,75.0,8,100.0,58549,4769,90.61,63031,442,8.4,63506,37,0.7,63505,15,0.29,5316,75,5263,10020,8,6
1667975443,2022-11-09 00:30:43 -0600,d3fce30549290fb6ab466f77998222999d6c79b9,TX,48059,2,2022-11-09T01:00:00.000Z,FIPSCode,48059,0,2022-11-09T06:17:11.004Z,8,75.0,8,100.0,58549,4769,90.61,63031,442,8.4,63506,37,0.7,63505,15,0.29,5316,75,5263,10020,8,6
1667975484,2022-11-09 00:31:24 -0600,81d3631081e4e7b24b990567f86cc67079a95e6c,TX,48059,2,2022-11-09T01:00:00.000Z,FIPSCode,48059,0,2022-11-09T06:17:11.004Z,8,75.0,8,100.0,58549,4769,90.61,63031,442,8.4,63506,37,0.7,63505,15,0.29,5316,75,5263,10020,8,6
1667975526,2022-11-09 00:32:06 -0600,5374366d2c6a2b7e8af014c09c7cd85c5fd86ee7,TX,48059,2,2022-11-09T01:00:00.000Z,FIPSCode,48059,0,2022-11-09T06:17:11.004Z,8,75.0,8,100.0,58549,4769,90.61,63031,442,8.4,63506,37,0.7,63505,15,0.29,5316,75,5263,10020,8,6
1667975568,2022-11-09 00:32:48 -0600,0b16058e032a73c78e2e4b787403862608e151dd,TX,48059,2,2022-11-09T01:00:00.000Z,FIPSCode,48059,0,2022-11-09T06:17:11.004Z,8,75.0,8,100.0,58549,4769,90.61,63031,442,8.4,63506,37,0.7,63505,15,0.29,5316,75,5263,10020,8,6
1667975652,2022-11-09 00:34:12 -0600,d498600900e4c0350d8f00907a8e8a97bd48aba6,TX,48059,2,2022-11-09T01:00:00.000Z,FIPSCode,48059,0,2022-11-09T06:17:11.004Z,8,75.0,8,100.0,58549,4769,90.61,63031,442,8.4,63506,37,0.7,63505,15,0.29,5316,75,5263,10020,8,6
1667975692,2022-11-09 00:34:52 -0600,da1c62563fe966a79ac256315975a76cf151abd0,TX,48059,2,2022-11-09T01:00:00.000Z,FIPSCode,48059,0,2022-11-09T06:17:11.004Z,8,75.0,8,100.0,58549,4769,90.61,63031,442,8.4,63506,37,0.7,63505,15,0.29,5316,75,5263,10020,8,6
1667975734,2022-11-09 00:35:34 -0600,416f9cd2c686176e63aeb1ee56cb9d01151b28ae,TX,48059,2,2022-11-09T01:00:00.000Z,FIPSCode,48059,0,2022-11-09T06:17:11.004Z,8,75.0,8,100.0,58549,4769,90.61,63031,442,8.4,63506,37,0.7,63505,15,0.29,5316,75,5263,10020,8,6
1667975773,2022-11-09 00:36:13 -0600,deab40fdc8485b2c990cf91d96e98447d46f3b20,TX,48059,2,2022-11-09T01:00:00.000Z,FIPSCode,48059,0,2022-11-09T06:17:11.004Z,8,75.0,8,100.0,58549,4769,90.61,63031,442,8.4,63506,37,0.7,63505,15,0.29,5316,75,5263,10020,8,6
1667975815,2022-11-09 00:36:55 -0600,bd9ec1a9bacd26e63399e24cdeba1aa1e9b2608a,TX,48059,2,2022-11-09T01:00:00.000Z,FIPSCode,48059,0,2022-11-09T06:17:11.004Z,8,75.0,8,100.0,58549,4769,90.61,63031,442,8.4,63506,37,0.7,63505,15,0.29,5316,75,5263,10020,8,6
1667975855,2022-11-09 00:37:35 -0600,d40e181df232b9ad900add6b9f138db1906ff011,TX,48059,2,2022-11-09T01:00:00.000Z,FIPSCode,48059,0,2022-11-09T06:17:11.004Z,8,75.0,8,100.0,58549,4769,90.61,63031,442,8.4,63506,37,0.7,63505,15,0.29,5316,75,5263,10020,8,6
1667975898,2022-11-09 00:38:18 -0600,7609424c163438fd3cafbbf7ed6226754e52c1bd,TX,48059,2,2022-11-09T01:00:00.000Z,FIPSCode,48059,0,2022-11-09T06:17:11.004Z,8,75.0,8,100.0,58549,4769,90.61,63031,442,8.4,63506,37,0.7,63505,15,0.29,5316,75,5263,10020,8,6
1667975941,2022-11-09 00:39:01 -0600,824726c09f3a54d568715997d5b46bff5c7f219d,TX,48059,2,2022-11-09T01:00:00.000Z,FIPSCode,48059,0,2022-11-09T06:17:11.004Z,8,75.0,8,100.0,58549,4769,90.61,63031,442,8.4,63506,37,0.7,63505,15,0.29,5316,75,5263,10020,8,6
1667975981,2022-11-09 00:39:41 -0600,41d3dfc6389002e5c03a1c16c1b7382e8f7f3159,TX,48059,2,2022-11-09T01:00:00.000Z,FIPSCode,48059,0,2022-11-09T06:17:11.004Z,8,75.0,8,100.0,58549,4769,90.61,63031,442,8.4,63506,37,0.7,63505,15,0.29,5316,75,5263,10020,8,6
1667976021,2022-11-09 00:40:21 -0600,1f65c40d3c652c15981217b194d23b97d0290d89,TX,48059,2,2022-11-09T01:00:00.000Z,FIPSCode,48059,0,2022-11-09T06:17:11.004Z,8,75.0,8,100.0,58549,4769,90.61,63031,442,8.4,63506,37,0.7,63505,15,0.29,5316,75,5263,10020,8,6
1667976061,2022-11-09 00:41:01 -0600,2426095677e6aeddf8c3a2913a97b500b67dca61,TX,48059,2,2022-11-09T01:00:00.000Z,FIPSCode,48059,0,2022-11-09T06:17:11.004Z,8,75.0,8,100.0,58549,4769,90.61,63031,442,8.4,63506,37,0.7,63505,15,0.29,5316,75,5263,10020,8,6
1667976144,2022-11-09 00:42:24 -0600,9ba67be41054bbe85d475769a3f52b32f07bb1ad,TX,48059,2,2022-11-09T01:00:00.000Z,FIPSCode,48059,0,2022-11-09T06:17:11.004Z,8,75.0,8,100.0,58549,4769,90.61,63031,442,8.4,63506,37,0.7,63505,15,0.29,5316,75,5263,10020,8,6
1667976184,2022-11-09 00:43:04 -0600,fe83a024be41b5416de8f3b3aadef0173027df04,TX,48059,2,2022-11-09T01:00:00.000Z,FIPSCode,48059,0,2022-11-09T06:17:11.004Z,8,75.0,8,100.0,58549,4769,90.61,63031,442,8.4,63506,37,0.7,63505,15,0.29,5316,75,5263,10020,8,6
1667976225,2022-11-09 00:43:45 -0600,c783db16cb20062f52dbeb35e3ddece74a1360e9,TX,48059,2,2022-11-09T01:00:00.000Z,FIPSCode,48059,0,2022-11-09T06:17:11.004Z,8,75.0,8,100.0,58549,4769,90.61,63031,442,8.4,63506,37,0.7,63505,15,0.29,5316,75,5263,10020,8,6
1667976265,2022-11-09 00:44:25 -0600,f24bbc37a7ca703e419e133d048b4da5b1f386e7,TX,48059,2,2022-11-09T01:00:00.000Z,FIPSCode,48059,0,2022-11-09T06:17:11.004Z,8,75.0,8,100.0,58549,4769,90.61,63031,442,8.4,63506,37,0.7,63505,15,0.29,5316,75,5263,10020,8,6
1667976306,2022-11-09 00:45:06 -0600,a65306ebcf7e41c11b1557bbe78229c6107820ce,TX,48059,2,2022-11-09T01:00:00.000Z,FIPSCode,48059,0,2022-11-09T06:17:11.004Z,8,75.0,8,100.0,58549,4769,90.61,63031,442,8.4,63506,37,0.7,63505,15,0.29,5316,75,5263,10020,8,6
1667976346,2022-11-09 00:45:46 -0600,b9be9344301c155fbb38561b225d36627ab71bd2,TX,48059,2,2022-11-09T01:00:00.000Z,FIPSCode,48059,0,2022-11-09T06:17:11.004Z,8,75.0,8,100.0,58549,4769,90.61,63031,442,8.4,63506,37,0.7,63505,15,0.29,5316,75,5263,10020,8,6
1667976387,2022-11-09 00:46:27 -0600,3fc81e357a75429f605eafd56848166989ceb407,TX,48059,2,2022-11-09T01:00:00.000Z,FIPSCode,48059,0,2022-11-09T06:17:11.004Z,8,75.0,8,100.0,58549,4769,90.61,63031,442,8.4,63506,37,0.7,63505,15,0.29,5316,75,5263,10020,8,6
1667976427,2022-11-09 00:47:07 -0600,37543865b42fa093eb6d12d5468203ace58ae06d,TX,48059,2,2022-11-09T01:00:00.000Z,FIPSCode,48059,0,2022-11-09T06:17:11.004Z,8,75.0,8,100.0,58549,4769,90.61,63031,442,8.4,63506,37,0.7,63505,15,0.29,5316,75,5263,10020,8,6
1667976467,2022-11-09 00:47:47 -0600,32bb8c730464b2ab549dbe977eea353741198772,TX,48059,2,2022-11-09T01:00:00.000Z,FIPSCode,48059,0,2022-11-09T06:17:11.004Z,8,75.0,8,100.0,58549,4769,90.61,63031,442,8.4,63506,37,0.7,63505,15,0.29,5316,75,5263,10020,8,6
1667976507,2022-11-09 00:48:27 -0600,209b6e99763633b1f7b84bb7726e9e7d3ee0aee1,TX,48059,2,2022-11-09T01:00:00.000Z,FIPSCode,48059,0,2022-11-09T06:17:11.004Z,8,75.0,8,100.0,58549,4769,90.61,63031,442,8.4,63506,37,0.7,63505,15,0.29,5316,75,5263,10020,8,6
1667976548,2022-11-09 00:49:08 -0600,6a83da7820809fa5eca34d5b2e493e02ed29f8e1,TX,48059,2,2022-11-09T01:00:00.000Z,FIPSCode,48059,0,2022-11-09T06:17:11.004Z,8,75.0,8,100.0,58549,4769,90.61,63031,442,8.4,63506,37,0.7,63505,15,0.29,5316,75,5263,10020,8,6
1667976590,2022-11-09 00:49:50 -0600,94cc860afa532570fe1eea1ef2140983ffb9d8e8,TX,48059,2,2022-11-09T01:00:00.000Z,FIPSCode,48059,0,2022-11-09T06:17:11.004Z,8,75.0,8,100.0,58549,4769,90.61,63031,442,8.4,63506,37,0.7,63505,15,0.29,5316,75,5263,10020,8,6
1667976834,2022-11-09 00:53:54 -0600,66d316822c5fe8194918b7a1fd16a85b82525509,TX,48059,2,2022-11-09T01:00:00.000Z,FIPSCode,48059,0,2022-11-09T06:17:11.004Z,8,75.0,8,100.0,58549,4769,90.61,63031,442,8.4,63506,37,0.7,63505,15,0.29,5316,75,5263,10020,8,6
1667976875,2022-11-09 00:54:35 -0600,aef5a4a9a30b34f946f3098786ce9297f77ec589,TX,48059,2,2022-11-09T01:00:00.000Z,FIPSCode,48059,0,2022-11-09T06:17:11.004Z,8,75.0,8,100.0,58549,4769,90.61,63031,442,8.4,63506,37,0.7,63505,15,0.29,5316,75,5263,10020,8,6
1667976914,2022-11-09 00:55:14 -0600,5c39d98cea3779ab691e2ae42f4961d1de16c4b9,TX,48059,2,2022-11-09T01:00:00.000Z,FIPSCode,48059,0,2022-11-09T06:17:11.004Z,8,75.0,8,100.0,58549,4769,90.61,63031,442,8.4,63506,37,0.7,63505,15,0.29,5316,75,5263,10020,8,6
1667976954,2022-11-09 00:55:54 -0600,b26423d65e9f21df9fee7b50d1d50f05b43eb8df,TX,48059,2,2022-11-09T01:00:00.000Z,FIPSCode,48059,0,2022-11-09T06:17:11.004Z,8,75.0,8,100.0,58549,4769,90.61,63031,442,8.4,63506,37,0.7,63505,15,0.29,5316,75,5263,10020,8,6
1667977118,2022-11-09 00:58:38 -0600,166d3636d4ad2b271b1961e941eeb74972fe2b9a,TX,48059,2,2022-11-09T01:00:00.000Z,FIPSCode,48059,0,2022-11-09T06:17:11.004Z,8,75.0,8,100.0,58549,4769,90.61,63031,442,8.4,63506,37,0.7,63505,15,0.29,5316,75,5263,10020,8,6
1667977161,2022-11-09 00:59:21 -0600,d4158baa35ee56754832f9c50c65e72445101881,TX,48059,2,2022-11-09T01:00:00.000Z,FIPSCode,48059,0,2022-11-09T06:17:11.004Z,8,75.0,8,100.0,58549,4769,90.61,63031,442,8.4,63506,37,0.7,63505,15,0.29,5316,75,5263,10020,8,6
1667977204,2022-11-09 01:00:04 -0600,dac000c6cb8d5ec813c750db85e9cfb1bed2692e,TX,48059,2,2022-11-09T01:00:00.000Z,FIPSCode,48059,0,2022-11-09T06:17:11.004Z,8,75.0,8,100.0,58549,4769,90.61,63031,442,8.4,63506,37,0.7,63505,15,0.29,5316,75,5263,10020,8,6
1667977245,2022-11-09 01:00:45 -0600,941801650b13c3c4f4a2abd9523403803c17f776,TX,48059,2,2022-11-09T01:00:00.000Z,FIPSCode,48059,0,2022-11-09T06:17:11.004Z,8,75.0,8,100.0,58549,4769,90.61,63031,442,8.4,63506,37,0.7,63505,15,0.29,5316,75,5263,10020,8,6
1667977288,2022-11-09 01:01:28 -0600,8a44f565442a4579e6df315edf5565e7f37a882b,TX,48059,2,2022-11-09T01:00:00.000Z,FIPSCode,48059,0,2022-11-09T06:17:11.004Z,8,75.0,8,100.0,58549,4769,90.61,63031,442,8.4,63506,37,0.7,63505,15,0.29,5316,75,5263,10020,8,6
1667977327,2022-11-09 01:02:07 -0600,384f6f6bf04bdb7a89e98ac973406bc3b1a77127,TX,48059,2,2022-11-09T01:00:00.000Z,FIPSCode,48059,0,2022-11-09T06:17:11.004Z,8,75.0,8,100.0,58549,4769,90.61,63031,442,8.4,63506,37,0.7,63505,15,0.29,5316,75,5263,10020,8,6
1667977447,2022-11-09 01:04:07 -0600,85b5a3bb4e8662c6fa8f3bf8244be3cdf20864e6,TX,48059,2,2022-11-09T01:00:00.000Z,FIPSCode,48059,0,2022-11-09T06:17:11.004Z,8,75.0,8,100.0,58549,4769,90.61,63031,442,8.4,63506,37,0.7,63505,15,0.29,5316,75,5263,10020,8,6
1667977490,2022-11-09 01:04:50 -0600,73af89bd198396be18bf17786481f7c1aff2cd2b,TX,48059,2,2022-11-09T01:00:00.000Z,FIPSCode,48059,0,2022-11-09T06:17:11.004Z,8,75.0,8,100.0,58549,4769,90.61,63031,442,8.4,63506,37,0.7,63505,15,0.29,5316,75,5263,10020,8,6
1667977529,2022-11-09 01:05:29 -0600,41a86a702268ec57df877a606f8777dfeb75024d,TX,48059,2,2022-11-09T01:00:00.000Z,FIPSCode,48059,0,2022-11-09T06:17:11.004Z,8,75.0,8,100.0,58549,4769,90.61,63031,442,8.4,63506,37,0.7,63505,15,0.29,5316,75,5263,10020,8,6
1667978542,2022-11-09 01:22:22 -0600,643a62c46ea55cf4fad03f9b86a6bd47ba933cb2,TX,48059,2,2022-11-09T01:00:00.000Z,FIPSCode,48059,0,2022-11-09T06:17:11.004Z,8,75.0,8,100.0,58549,4769,90.61,63031,442,8.4,63506,37,0.7,63505,15,0.29,5316,75,5263,10020,8,6
1667978582,2022-11-09 01:23:02 -0600,6fbbff39de224458e6936cb861e2ada647e487bb,TX,48059,2,2022-11-09T01:00:00.000Z,FIPSCode,48059,0,2022-11-09T06:17:11.004Z,8,75.0,8,100.0,58549,4769,90.61,63031,442,8.4,63506,37,0.7,63505,15,0.29,5316,75,5263,10020,8,6
1667978624,2022-11-09 01:23:44 -0600,97e704602754dedf1a218b99d26e3136f940ebe6,TX,48059,2,2022-11-09T01:00:00.000Z,FIPSCode,48059,0,2022-11-09T06:17:11.004Z,8,75.0,8,100.0,58549,4769,90.61,63031,442,8.4,63506,37,0.7,63505,15,0.29,5316,75,5263,10020,8,6
1667978664,2022-11-09 01:24:24 -0600,73bce36c5ea8401647e246b61818fdde84855229,TX,48059,2,2022-11-09T01:00:00.000Z,FIPSCode,48059,0,2022-11-09T06:17:11.004Z,8,75.0,8,100.0,58549,4769,90.61,63031,442,8.4,63506,37,0.7,63505,15,0.29,5316,75,5263,10020,8,6
1667978704,2022-11-09 01:25:04 -0600,063886ef628b03936d6bad5059dd21f00c0a4b43,TX,48059,2,2022-11-09T01:00:00.000Z,FIPSCode,48059,0,2022-11-09T06:17:11.004Z,8,75.0,8,100.0,58549,4769,90.61,63031,442,8.4,63506,37,0.7,63505,15,0.29,5316,75,5263,10020,8,6
1667978744,2022-11-09 01:25:44 -0600,8b13f33679adcee88a6a055b710570330a1d0128,TX,48059,2,2022-11-09T01:00:00.000Z,FIPSCode,48059,0,2022-11-09T06:17:11.004Z,8,75.0,8,100.0,58549,4769,90.61,63031,442,8.4,63506,37,0.7,63505,15,0.29,5316,75,5263,10020,8,6
1667978785,2022-11-09 01:26:25 -0600,af0eab9768fdd8200aa460357a21f2c42b46d660,TX,48059,2,2022-11-09T01:00:00.000Z,FIPSCode,48059,0,2022-11-09T06:17:11.004Z,8,75.0,8,100.0,58549,4769,90.61,63031,442,8.4,63506,37,0.7,63505,15,0.29,5316,75,5263,10020,8,6
1667978825,2022-11-09 01:27:05 -0600,ed8458f772ea0933c9d3b12809962c80fa9401d5,TX,48059,2,2022-11-09T01:00:00.000Z,FIPSCode,48059,0,2022-11-09T06:17:11.004Z,8,75.0,8,100.0,58549,4769,90.61,63031,442,8.4,63506,37,0.7,63505,15,0.29,5316,75,5263,10020,8,6
1667978906,2022-11-09 01:28:26 -0600,46fb017a53063e25347989264492b06463ea0564,TX,48059,2,2022-11-09T01:00:00.000Z,FIPSCode,48059,0,2022-11-09T06:17:11.004Z,8,75.0,8,100.0,58549,4769,90.61,63031,442,8.4,63506,37,0.7,63505,15,0.29,5316,75,5263,10020,8,6
1667978947,2022-11-09 01:29:07 -0600,fbdf43e99d03976809db926359d350cf01d6dc4e,TX,48059,2,2022-11-09T01:00:00.000Z,FIPSCode,48059,0,2022-11-09T06:17:11.004Z,8,75.0,8,100.0,58549,4769,90.61,63031,442,8.4,63506,37,0.7,63505,15,0.29,5316,75,5263,10020,8,6
1667978987,2022-11-09 01:29:47 -0600,6fcf7a05ae4e9ea8d79e41c9b355c51adf37e425,TX,48059,2,2022-11-09T01:00:00.000Z,FIPSCode,48059,0,2022-11-09T06:17:11.004Z,8,75.0,8,100.0,58549,4769,90.61,63031,442,8.4,63506,37,0.7,63505,15,0.29,5316,75,5263,10020,8,6
1667979032,2022-11-09 01:30:32 -0600,a31ce2695fce3442cac91f4d2a6adca7af21c91c,TX,48059,2,2022-11-09T01:00:00.000Z,FIPSCode,48059,0,2022-11-09T06:17:11.004Z,8,75.0,8,100.0,58549,4769,90.61,63031,442,8.4,63506,37,0.7,63505,15,0.29,5316,75,5263,10020,8,6
1667979072,2022-11-09 01:31:12 -0600,00d0273ce2273675231b3e46721cb19b13a68da3,TX,48059,2,2022-11-09T01:00:00.000Z,FIPSCode,48059,0,2022-11-09T06:17:11.004Z,8,75.0,8,100.0,58549,4769,90.61,63031,442,8.4,63506,37,0.7,63505,15,0.29,5316,75,5263,10020,8,6
1667979113,2022-11-09 01:31:53 -0600,0d95595a3cc63a938b8e112a44736f6a4c8ddf71,TX,48059,2,2022-11-09T01:00:00.000Z,FIPSCode,48059,0,2022-11-09T06:17:11.004Z,8,75.0,8,100.0,58549,4769,90.61,63031,442,8.4,63506,37,0.7,63505,15,0.29,5316,75,5263,10020,8,6
1667979192,2022-11-09 01:33:12 -0600,bdaf4fc12fe65f7bcce0f8063c33ccd41427f273,TX,48059,2,2022-11-09T01:00:00.000Z,FIPSCode,48059,0,2022-11-09T06:17:11.004Z,8,75.0,8,100.0,58549,4769,90.61,63031,442,8.4,63506,37,0.7,63505,15,0.29,5316,75,5263,10020,8,6
1667979231,2022-11-09 01:33:51 -0600,0aac9649608b65a23e9855cf5cacd405130eb626,TX,48059,2,2022-11-09T01:00:00.000Z,FIPSCode,48059,0,2022-11-09T06:17:11.004Z,8,75.0,8,100.0,58549,4769,90.61,63031,442,8.4,63506,37,0.7,63505,15,0.29,5316,75,5263,10020,8,6
1667979352,2022-11-09 01:35:52 -0600,e079dbe0e2152cacf9a0e6dcdd2341bfb90f0345,TX,48059,2,2022-11-09T01:00:00.000Z,FIPSCode,48059,0,2022-11-09T06:17:11.004Z,8,75.0,8,100.0,58549,4769,90.61,63031,442,8.4,63506,37,0.7,63505,15,0.29,5316,75,5263,10020,8,6
1667979392,2022-11-09 01:36:32 -0600,2a9713d989c4e8842dc1ac9158bf609fb05242be,TX,48059,2,2022-11-09T01:00:00.000Z,FIPSCode,48059,0,2022-11-09T06:17:11.004Z,8,75.0,8,100.0,58549,4769,90.61,63031,442,8.4,63506,37,0.7,63505,15,0.29,5316,75,5263,10020,8,6
1667979433,2022-11-09 01:37:13 -0600,b7be8d17f50fbb84fade52b1ec374c1ebe32c0c9,TX,48059,2,2022-11-09T01:00:00.000Z,FIPSCode,48059,0,2022-11-09T06:17:11.004Z,8,75.0,8,100.0,58549,4769,90.61,63031,442,8.4,63506,37,0.7,63505,15,0.29,5316,75,5263,10020,8,6
1667979555,2022-11-09 01:39:15 -0600,99fec7a54323274fb19e99f68c07f24f79e69250,TX,48059,2,2022-11-09T01:00:00.000Z,FIPSCode,48059,0,2022-11-09T06:17:11.004Z,8,75.0,8,100.0,58549,4769,90.61,63031,442,8.4,63506,37,0.7,63505,15,0.29,5316,75,5263,10020,8,6
1667979607,2022-11-09 01:40:07 -0600,421947c10ff858f42c586f7d9249efab54b1c5f4,TX,48059,2,2022-11-09T01:00:00.000Z,FIPSCode,48059,0,2022-11-09T06:17:11.004Z,8,75.0,8,100.0,58549,4769,90.61,63031,442,8.4,63506,37,0.7,63505,15,0.29,5316,75,5263,10020,8,6
1667979647,2022-11-09 01:40:47 -0600,7abb1af5d8a57363e01f3459ad06df304ed6bc82,TX,48059,2,2022-11-09T01:00:00.000Z,FIPSCode,48059,0,2022-11-09T06:17:11.004Z,8,75.0,8,100.0,58549,4769,90.61,63031,442,8.4,63506,37,0.7,63505,15,0.29,5316,75,5263,10020,8,6
1667979685,2022-11-09 01:41:25 -0600,af7b8ef1f38511aa48d86442ff26098954b3c7df,TX,48059,2,2022-11-09T01:00:00.000Z,FIPSCode,48059,0,2022-11-09T06:17:11.004Z,8,75.0,8,100.0,58549,4769,90.61,63031,442,8.4,63506,37,0.7,63505,15,0.29,5316,75,5263,10020,8,6
1667980632,2022-11-09 01:57:12 -0600,64acd32e8668f8543b9301ec796b80c9900834d5,TX,48059,2,2022-11-09T01:00:00.000Z,FIPSCode,48059,0,2022-11-09T07:54:49.165Z,8,75.0,8,100.0,58549,4769,90.61,63031,442,8.4,63506,37,0.7,63505,15,0.29,5316,75,5263,10020,8,6
1667980673,2022-11-09 01:57:53 -0600,8a7dca48f9ace0440c702512ea351f0c51b77c4d,TX,48059,2,2022-11-09T01:00:00.000Z,FIPSCode,48059,0,2022-11-09T07:54:49.165Z,8,75.0,8,100.0,58549,4769,90.61,63031,442,8.4,63506,37,0.7,63505,15,0.29,5316,75,5263,10020,8,6
1667980717,2022-11-09 01:58:37 -0600,979cc4970243f257438e38dd6dfd832de95ae652,TX,48059,2,2022-11-09T01:00:00.000Z,FIPSCode,48059,0,2022-11-09T07:57:49.920Z,8,75.0,8,100.0,58549,4769,90.61,63031,442,8.4,63506,37,0.7,63505,15,0.29,5316,75,5263,10020,8,6
1667980757,2022-11-09 01:59:17 -0600,72f60e217e1e476f42d6eb7260450e361322e2a9,TX,48059,2,2022-11-09T01:00:00.000Z,FIPSCode,48059,0,2022-11-09T07:58:49.402Z,8,75.0,8,100.0,58549,4769,90.61,63031,442,8.4,63506,37,0.7,63505,15,0.29,5316,75,5263,10020,8,6
1667980799,2022-11-09 01:59:59 -0600,934823804566c431cf70570e863807e708ff1c49,TX,48059,2,2022-11-09T01:00:00.000Z,FIPSCode,48059,0,2022-11-09T07:58:49.402Z,8,75.0,8,100.0,58549,4769,90.61,63031,442,8.4,63506,37,0.7,63505,15,0.29,5316,75,5263,10020,8,6
1667980840,2022-11-09 02:00:40 -0600,5418f1636d7484673d071c25f7efde6e91377caa,TX,48059,2,2022-11-09T01:00:00.000Z,FIPSCode,48059,0,2022-11-09T07:58:49.402Z,8,75.0,8,100.0,58549,4769,90.61,63031,442,8.4,63506,37,0.7,63505,15,0.29,5316,75,5263,10020,8,6
1667980960,2022-11-09 02:02:40 -0600,77e86fad3864f77f6953461bce33086104908ed9,TX,48059,2,2022-11-09T01:00:00.000Z,FIPSCode,48059,0,2022-11-09T07:59:50.826Z,8,75.0,8,100.0,58549,4769,90.61,63031,442,8.4,63506,37,0.7,63505,15,0.29,5316,75,5263,10020,8,6
1667981123,2022-11-09 02:05:23 -0600,cab57d2c03fab6367d8f4209c67e475f346b5a09,TX,48059,2,2022-11-09T01:00:00.000Z,FIPSCode,48059,0,2022-11-09T07:59:50.826Z,8,75.0,8,100.0,58549,4769,90.61,63031,442,8.4,63506,37,0.7,63505,15,0.29,5316,75,5263,10020,8,6
1667981204,2022-11-09 02:06:44 -0600,09a8563a8daa3136c9787fc4f73c6b797a1fddf0,TX,48059,2,2022-11-09T01:00:00.000Z,FIPSCode,48059,0,2022-11-09T07:59:50.826Z,8,75.0,8,100.0,58549,4769,90.61,63031,442,8.4,63506,37,0.7,63505,15,0.29,5316,75,5263,10020,8,6
1667981242,2022-11-09 02:07:22 -0600,cf751ccf5a467e68d03bb00a59a524242998a7c9,TX,48059,2,2022-11-09T01:00:00.000Z,FIPSCode,48059,0,2022-11-09T07:59:50.826Z,8,75.0,8,100.0,58549,4769,90.61,63031,442,8.4,63506,37,0.7,63505,15,0.29,5316,75,5263,10020,8,6
1667981283,2022-11-09 02:08:03 -0600,b50945b2097c96d288eb118e41604458b9594ee2,TX,48059,2,2022-11-09T01:00:00.000Z,FIPSCode,48059,0,2022-11-09T07:59:50.826Z,8,75.0,8,100.0,58549,4769,90.61,63031,442,8.4,63506,37,0.7,63505,15,0.29,5316,75,5263,10020,8,6
1667981323,2022-11-09 02:08:43 -0600,b5f3db39a2b7f38cd8f1d18e952da1355d85c27d,TX,48059,2,2022-11-09T01:00:00.000Z,FIPSCode,48059,0,2022-11-09T07:59:50.826Z,8,75.0,8,100.0,58549,4769,90.61,63031,442,8.4,63506,37,0.7,63505,15,0.29,5316,75,5263,10020,8,6
1667981363,2022-11-09 02:09:23 -0600,bfa0f0af48aad4f07dbb25f4832040f613fe6f03,TX,48059,2,2022-11-09T01:00:00.000Z,FIPSCode,48059,0,2022-11-09T07:59:50.826Z,8,75.0,8,100.0,58549,4769,90.61,63031,442,8.4,63506,37,0.7,63505,15,0.29,5316,75,5263,10020,8,6
1667981404,2022-11-09 02:10:04 -0600,e09740c31d10d15245b40b33933c939d855e3457,TX,48059,2,2022-11-09T01:00:00.000Z,FIPSCode,48059,0,2022-11-09T07:59:50.826Z,8,75.0,8,100.0,58549,4769,90.61,63031,442,8.4,63506,37,0.7,63505,15,0.29,5316,75,5263,10020,8,6
1667981603,2022-11-09 02:13:23 -0600,3310dbe8867ffe9b16ad80e27a2817750d56a0d9,TX,48059,2,2022-11-09T01:00:00.000Z,FIPSCode,48059,0,2022-11-09T08:10:58.099Z,8,75.0,8,100.0,58549,4769,90.61,63031,442,8.4,63506,37,0.7,63505,15,0.29,5316,75,5263,10020,8,6
1667981644,2022-11-09 02:14:04 -0600,795b577eaa6c2f9211213427433f95db1d9ee856,TX,48059,2,2022-11-09T01:00:00.000Z,FIPSCode,48059,0,2022-11-09T08:10:58.099Z,8,75.0,8,100.0,58549,4769,90.61,63031,442,8.4,63506,37,0.7,63505,15,0.29,5316,75,5263,10020,8,6
1667981683,2022-11-09 02:14:43 -0600,d173eee0ef4c7ccaabca12671861bcb345cf2884,TX,48059,2,2022-11-09T01:00:00.000Z,FIPSCode,48059,0,2022-11-09T08:10:58.099Z,8,75.0,8,100.0,58549,4769,90.61,63031,442,8.4,63506,37,0.7,63505,15,0.29,5316,75,5263,10020,8,6
1667981765,2022-11-09 02:16:05 -0600,737a3c50fdb927ba12862e09b821f52e102aeb12,TX,48059,2,2022-11-09T01:00:00.000Z,FIPSCode,48059,0,2022-11-09T08:14:48.883Z,8,75.0,8,100.0,58549,4769,90.61,63031,442,8.4,63506,37,0.7,63505,15,0.29,5316,75,5263,10020,8,6
1667981805,2022-11-09 02:16:45 -0600,cef5b5fb19b6f6b9bd4c9e58e7a861d84a08f22a,TX,48059,2,2022-11-09T01:00:00.000Z,FIPSCode,48059,0,2022-11-09T08:14:48.883Z,8,75.0,8,100.0,58549,4769,90.61,63031,442,8.4,63506,37,0.7,63505,15,0.29,5316,75,5263,10020,8,6
1667981845,2022-11-09 02:17:25 -0600,7e68193d40ccd008289f64ac07d8a8176d00c571,TX,48059,2,2022-11-09T01:00:00.000Z,FIPSCode,48059,0,2022-11-09T08:14:48.883Z,8,75.0,8,100.0,58549,4769,90.61,63031,442,8.4,63506,37,0.7,63505,15,0.29,5316,75,5263,10020,8,6
1667981884,2022-11-09 02:18:04 -0600,1d01d3e7b1a7d975fd5163dbde647aabc94b3598,TX,48059,2,2022-11-09T01:00:00.000Z,FIPSCode,48059,0,2022-11-09T08:14:48.883Z,8,75.0,8,100.0,58549,4769,90.61,63031,442,8.4,63506,37,0.7,63505,15,0.29,5316,75,5263,10020,8,6
1667981923,2022-11-09 02:18:43 -0600,72d70ddd6acecdb673c79e8b3e57763fb964c22c,TX,48059,2,2022-11-09T01:00:00.000Z,FIPSCode,48059,0,2022-11-09T08:14:48.883Z,8,75.0,8,100.0,58549,4769,90.61,63031,442,8.4,63506,37,0.7,63505,15,0.29,5316,75,5263,10020,8,6
1667981963,2022-11-09 02:19:23 -0600,27628ad8c215439f4566e17bc920c9c4e5beb919,TX,48059,2,2022-11-09T01:00:00.000Z,FIPSCode,48059,0,2022-11-09T08:14:48.883Z,8,75.0,8,100.0,58549,4769,90.61,63031,442,8.4,63506,37,0.7,63505,15,0.29,5316,75,5263,10020,8,6
1667982002,2022-11-09 02:20:02 -0600,55d43d6174b4d852acbda6bae98fc1f4f93cabfe,TX,48059,2,2022-11-09T01:00:00.000Z,FIPSCode,48059,0,2022-11-09T08:19:29.980Z,8,75.0,8,100.0,58549,4769,90.61,63031,442,8.4,63506,37,0.7,63505,15,0.29,5316,75,5263,10020,8,6
1667982042,2022-11-09 02:20:42 -0600,1e1b79cb7bc9522db41bc5476a7c87eefd10c31c,TX,48059,2,2022-11-09T01:00:00.000Z,FIPSCode,48059,0,2022-11-09T08:19:29.980Z,8,75.0,8,100.0,58549,4769,90.61,63031,442,8.4,63506,37,0.7,63505,15,0.29,5316,75,5263,10020,8,6
1667982082,2022-11-09 02:21:22 -0600,efc6bd4a8435ce6de04f9d630307ac2568a3defb,TX,48059,2,2022-11-09T01:00:00.000Z,FIPSCode,48059,0,2022-11-09T08:19:29.980Z,8,75.0,8,100.0,58549,4769,90.61,63031,442,8.4,63506,37,0.7,63505,15,0.29,5316,75,5263,10020,8,6
1667982160,2022-11-09 02:22:40 -0600,6db70592cb0a84a4c1b9ef4b9bd094fff199cc3d,TX,48059,2,2022-11-09T01:00:00.000Z,FIPSCode,48059,0,2022-11-09T08:19:29.980Z,8,75.0,8,100.0,58549,4769,90.61,63031,442,8.4,63506,37,0.7,63505,15,0.29,5316,75,5263,10020,8,6
1667982199,2022-11-09 02:23:19 -0600,0f8260b25929c4b69b3b9d7f2f5fb7ed3444679e,TX,48059,2,2022-11-09T01:00:00.000Z,FIPSCode,48059,0,2022-11-09T08:21:52.805Z,8,75.0,8,100.0,58549,4769,90.61,63031,442,8.4,63506,37,0.7,63505,15,0.29,5316,75,5263,10020,8,6
1667982239,2022-11-09 02:23:59 -0600,6ac7decc37ff65117d96ebb80dff7cb7afcf6df0,TX,48059,2,2022-11-09T01:00:00.000Z,FIPSCode,48059,0,2022-11-09T08:21:52.805Z,8,75.0,8,100.0,58549,4769,90.61,63031,442,8.4,63506,37,0.7,63505,15,0.29,5316,75,5263,10020,8,6
1667982278,2022-11-09 02:24:38 -0600,718a2ffef5798f82177f24a035d713be22213363,TX,48059,2,2022-11-09T01:00:00.000Z,FIPSCode,48059,0,2022-11-09T08:21:52.805Z,8,75.0,8,100.0,58549,4769,90.61,63031,442,8.4,63506,37,0.7,63505,15,0.29,5316,75,5263,10020,8,6
1667982318,2022-11-09 02:25:18 -0600,d78896390711a8466dc4ef9e83dee06bc896d9df,TX,48059,2,2022-11-09T01:00:00.000Z,FIPSCode,48059,0,2022-11-09T08:21:52.805Z,8,75.0,8,100.0,58549,4769,90.61,63031,442,8.4,63506,37,0.7,63505,15,0.29,5316,75,5263,10020,8,6
1667982357,2022-11-09 02:25:57 -0600,ff53ebff45de84907b3660264b93dcdeaff24a17,TX,48059,2,2022-11-09T01:00:00.000Z,FIPSCode,48059,0,2022-11-09T08:21:52.805Z,8,75.0,8,100.0,58549,4769,90.61,63031,442,8.4,63506,37,0.7,63505,15,0.29,5316,75,5263,10020,8,6
1667982715,2022-11-09 02:31:55 -0600,adeb1bd568c98eed36a0f10c8c3df06cf197a331,TX,48059,2,2022-11-09T01:00:00.000Z,FIPSCode,48059,0,2022-11-09T08:21:52.805Z,8,75.0,8,100.0,58549,4769,90.61,63031,442,8.4,63506,37,0.7,63505,15,0.29,5316,75,5263,10020,8,6
1667982754,2022-11-09 02:32:34 -0600,7ca68f8ef320b98b699412f31fe7addeef9565e0,TX,48059,2,2022-11-09T01:00:00.000Z,FIPSCode,48059,0,2022-11-09T08:21:52.805Z,8,75.0,8,100.0,58549,4769,90.61,63031,442,8.4,63506,37,0.7,63505,15,0.29,5316,75,5263,10020,8,6
1667982835,2022-11-09 02:33:55 -0600,8e48ed8e0efd40f8d0dda28d27448766e0119b60,TX,48059,2,2022-11-09T01:00:00.000Z,FIPSCode,48059,0,2022-11-09T08:21:52.805Z,8,75.0,8,100.0,58549,4769,90.61,63031,442,8.4,63506,37,0.7,63505,15,0.29,5316,75,5263,10020,8,6
1667982876,2022-11-09 02:34:36 -0600,f1dcf8490c2a8ff76c7720ff88b0d3bca82564fc,TX,48059,2,2022-11-09T01:00:00.000Z,FIPSCode,48059,0,2022-11-09T08:21:52.805Z,8,75.0,8,100.0,58549,4769,90.61,63031,442,8.4,63506,37,0.7,63505,15,0.29,5316,75,5263,10020,8,6
1667983031,2022-11-09 02:37:11 -0600,f73872b641d39df66d685f81da0fecf0e5d77276,TX,48059,2,2022-11-09T01:00:00.000Z,FIPSCode,48059,0,2022-11-09T08:21:52.805Z,8,75.0,8,100.0,58549,4769,90.61,63031,442,8.4,63506,37,0.7,63505,15,0.29,5316,75,5263,10020,8,6
1667983190,2022-11-09 02:39:50 -0600,33d66fac29e7b6dbaed9d0c4d2c158e412e07a74,TX,48059,2,2022-11-09T01:00:00.000Z,FIPSCode,48059,0,2022-11-09T08:21:52.805Z,8,75.0,8,100.0,58549,4769,90.61,63031,442,8.4,63506,37,0.7,63505,15,0.29,5316,75,5263,10020,8,6
1667983229,2022-11-09 02:40:29 -0600,5b6b583d0dd7858f4cafcb8ac071cba07c7204a0,TX,48059,2,2022-11-09T01:00:00.000Z,FIPSCode,48059,0,2022-11-09T08:21:52.805Z,8,75.0,8,100.0,58549,4769,90.61,63031,442,8.4,63506,37,0.7,63505,15,0.29,5316,75,5263,10020,8,6
1667983269,2022-11-09 02:41:09 -0600,fe371635a53b2674f8adcbd4182420c0aa48bacc,TX,48059,2,2022-11-09T01:00:00.000Z,FIPSCode,48059,0,2022-11-09T08:21:52.805Z,8,75.0,8,100.0,58549,4769,90.61,63031,442,8.4,63506,37,0.7,63505,15,0.29,5316,75,5263,10020,8,6
1667983389,2022-11-09 02:43:09 -0600,1ddd3dfbd0a60636dc0989de2dbe39844110e2a9,TX,48059,2,2022-11-09T01:00:00.000Z,FIPSCode,48059,0,2022-11-09T08:21:52.805Z,8,75.0,8,100.0,58549,4769,90.61,63031,442,8.4,63506,37,0.7,63505,15,0.29,5316,75,5263,10020,8,6
1667983429,2022-11-09 02:43:49 -0600,91ad4bfbba7a9cd52231076db531ea20d83a9660,TX,48059,2,2022-11-09T01:00:00.000Z,FIPSCode,48059,0,2022-11-09T08:40:50.373Z,8,75.0,8,100.0,58549,4769,90.61,63031,442,8.4,63506,37,0.7,63505,15,0.29,5316,75,5263,10020,8,6
1667983471,2022-11-09 02:44:31 -0600,70d36d9850461d49fa32ba3e867341f797936529,TX,48059,2,2022-11-09T01:00:00.000Z,FIPSCode,48059,0,2022-11-09T08:40:50.373Z,8,75.0,8,100.0,58549,4769,90.61,63031,442,8.4,63506,37,0.7,63505,15,0.29,5316,75,5263,10020,8,6
1667983553,2022-11-09 02:45:53 -0600,c63600d3f3c0c1ad8d91025412d32752158fb3d0,TX,48059,2,2022-11-09T01:00:00.000Z,FIPSCode,48059,0,2022-11-09T08:43:32.247Z,8,75.0,8,100.0,58549,4769,90.61,63031,442,8.4,63506,37,0.7,63505,15,0.29,5316,75,5263,10020,8,6
1667983595,2022-11-09 02:46:35 -0600,2dd0aebbae72cb28f364a323cce9d6d3c29ae669,TX,48059,2,2022-11-09T01:00:00.000Z,FIPSCode,48059,0,2022-11-09T08:43:32.247Z,8,75.0,8,100.0,58549,4769,90.61,63031,442,8.4,63506,37,0.7,63505,15,0.29,5316,75,5263,10020,8,6
1667983635,2022-11-09 02:47:15 -0600,1cdb9a7b5c0dc8139636f660659c4c3e1664a857,TX,48059,2,2022-11-09T01:00:00.000Z,FIPSCode,48059,0,2022-11-09T08:43:32.247Z,8,75.0,8,100.0,58549,4769,90.61,63031,442,8.4,63506,37,0.7,63505,15,0.29,5316,75,5263,10020,8,6
1667983677,2022-11-09 02:47:57 -0600,9b7838a280f19cbb6fbc0c7b4c210c0b0c878b69,TX,48059,2,2022-11-09T01:00:00.000Z,FIPSCode,48059,0,2022-11-09T08:43:32.247Z,8,75.0,8,100.0,58549,4769,90.61,63031,442,8.4,63506,37,0.7,63505,15,0.29,5316,75,5263,10020,8,6
1667983719,2022-11-09 02:48:39 -0600,a8d889d3e1698c6a2e70070696b60b41396d5c92,TX,48059,2,2022-11-09T01:00:00.000Z,FIPSCode,48059,0,2022-11-09T08:43:32.247Z,8,75.0,8,100.0,58549,4769,90.61,63031,442,8.4,63506,37,0.7,63505,15,0.29,5316,75,5263,10020,8,6
1667983760,2022-11-09 02:49:20 -0600,4ed2d8add795cb81b92bf39e25df171a596e9b4c,TX,48059,2,2022-11-09T01:00:00.000Z,FIPSCode,48059,0,2022-11-09T08:43:32.247Z,8,75.0,8,100.0,58549,4769,90.61,63031,442,8.4,63506,37,0.7,63505,15,0.29,5316,75,5263,10020,8,6
1667983801,2022-11-09 02:50:01 -0600,f8dcd2921862fa8f2b18f478a2ad042ae3e8bf73,TX,48059,2,2022-11-09T01:00:00.000Z,FIPSCode,48059,0,2022-11-09T08:43:32.247Z,8,75.0,8,100.0,58549,4769,90.61,63031,442,8.4,63506,37,0.7,63505,15,0.29,5316,75,5263,10020,8,6
1667983921,2022-11-09 02:52:01 -0600,e28a6eb225402fb173e795ae259b4d56ced3a40a,TX,48059,2,2022-11-09T01:00:00.000Z,FIPSCode,48059,0,2022-11-09T08:43:32.247Z,8,75.0,8,100.0,58549,4769,90.61,63031,442,8.4,63506,37,0.7,63505,15,0.29,5316,75,5263,10020,8,6
1667983963,2022-11-09 02:52:43 -0600,f1299e7b87e7b24a37e8c19b46028623185c8975,TX,48059,2,2022-11-09T01:00:00.000Z,FIPSCode,48059,0,2022-11-09T08:43:32.247Z,8,75.0,8,100.0,58549,4769,90.61,63031,442,8.4,63506,37,0.7,63505,15,0.29,5316,75,5263,10020,8,6
1667984041,2022-11-09 02:54:01 -0600,ee9283493546aa4a6a95b649cf7bb242fe63b0e6,TX,48059,2,2022-11-09T01:00:00.000Z,FIPSCode,48059,0,2022-11-09T08:43:32.247Z,8,75.0,8,100.0,58549,4769,90.61,63031,442,8.4,63506,37,0.7,63505,15,0.29,5316,75,5263,10020,8,6
1667984080,2022-11-09 02:54:40 -0600,64f6a7ce21c05e56c49189b02387a15c5c842df8,TX,48059,2,2022-11-09T01:00:00.000Z,FIPSCode,48059,0,2022-11-09T08:43:32.247Z,8,75.0,8,100.0,58549,4769,90.61,63031,442,8.4,63506,37,0.7,63505,15,0.29,5316,75,5263,10020,8,6
1667984122,2022-11-09 02:55:22 -0600,f2e853654cd27abddf023ce23da337dc2bd7eb19,TX,48059,2,2022-11-09T01:00:00.000Z,FIPSCode,48059,0,2022-11-09T08:43:32.247Z,8,75.0,8,100.0,58549,4769,90.61,63031,442,8.4,63506,37,0.7,63505,15,0.29,5316,75,5263,10020,8,6
1667984162,2022-11-09 02:56:02 -0600,b6b6d8a3f4801ed3185f0ad55bce4f5decede761,TX,48059,2,2022-11-09T01:00:00.000Z,FIPSCode,48059,0,2022-11-09T08:43:32.247Z,8,75.0,8,100.0,58549,4769,90.61,63031,442,8.4,63506,37,0.7,63505,15,0.29,5316,75,5263,10020,8,6
1667984202,2022-11-09 02:56:42 -0600,2a3d229469fbf73bd09fff993afa4c97a371b1a0,TX,48059,2,2022-11-09T01:00:00.000Z,FIPSCode,48059,0,2022-11-09T08:43:32.247Z,8,75.0,8,100.0,58549,4769,90.61,63031,442,8.4,63506,37,0.7,63505,15,0.29,5316,75,5263,10020,8,6
1667984243,2022-11-09 02:57:23 -0600,7115c058bcd3ff51a93d48244a4b79656d48a186,TX,48059,2,2022-11-09T01:00:00.000Z,FIPSCode,48059,0,2022-11-09T08:43:32.247Z,8,75.0,8,100.0,58549,4769,90.61,63031,442,8.4,63506,37,0.7,63505,15,0.29,5316,75,5263,10020,8,6
1667984283,2022-11-09 02:58:03 -0600,0170dd1ad3b2504037f68d6f19c85fd52c958ac5,TX,48059,2,2022-11-09T01:00:00.000Z,FIPSCode,48059,0,2022-11-09T08:43:32.247Z,8,75.0,8,100.0,58549,4769,90.61,63031,442,8.4,63506,37,0.7,63505,15,0.29,5316,75,5263,10020,8,6
1667984322,2022-11-09 02:58:42 -0600,e276221deb2b56aa282835bda46e8d0628c88dc4,TX,48059,2,2022-11-09T01:00:00.000Z,FIPSCode,48059,0,2022-11-09T08:43:32.247Z,8,75.0,8,100.0,58549,4769,90.61,63031,442,8.4,63506,37,0.7,63505,15,0.29,5316,75,5263,10020,8,6
1667984363,2022-11-09 02:59:23 -0600,d6a9e6483825182d1040b09b3e047ae20cab1e3a,TX,48059,2,2022-11-09T01:00:00.000Z,FIPSCode,48059,0,2022-11-09T08:43:32.247Z,8,75.0,8,100.0,58549,4769,90.61,63031,442,8.4,63506,37,0.7,63505,15,0.29,5316,75,5263,10020,8,6
1667984402,2022-11-09 03:00:02 -0600,555c6c1c19b6031d93d1a0906788ce779bfb8929,TX,48059,2,2022-11-09T01:00:00.000Z,FIPSCode,48059,0,2022-11-09T08:43:32.247Z,8,75.0,8,100.0,58549,4769,90.61,63031,442,8.4,63506,37,0.7,63505,15,0.29,5316,75,5263,10020,8,6
1667984442,2022-11-09 03:00:42 -0600,b88c277a236e329327b5836883a7e075e996d2d1,TX,48059,2,2022-11-09T01:00:00.000Z,FIPSCode,48059,0,2022-11-09T08:43:32.247Z,8,75.0,8,100.0,58549,4769,90.61,63031,442,8.4,63506,37,0.7,63505,15,0.29,5316,75,5263,10020,8,6
1667984482,2022-11-09 03:01:22 -0600,5c66e8f8bf216c8c04bb7dfe44cfd67b3ea5a2ba,TX,48059,2,2022-11-09T01:00:00.000Z,FIPSCode,48059,0,2022-11-09T08:43:32.247Z,8,75.0,8,100.0,58549,4769,90.61,63031,442,8.4,63506,37,0.7,63505,15,0.29,5316,75,5263,10020,8,6
1667984601,2022-11-09 03:03:21 -0600,932ac8732eb74666c5c0cf274fd2822c2821b401,TX,48059,2,2022-11-09T01:00:00.000Z,FIPSCode,48059,0,2022-11-09T08:43:32.247Z,8,75.0,8,100.0,58549,4769,90.61,63031,442,8.4,63506,37,0.7,63505,15,0.29,5316,75,5263,10020,8,6
1667984643,2022-11-09 03:04:03 -0600,c379357a888a5ba9047063da02c1ed2809e3ab76,TX,48059,2,2022-11-09T01:00:00.000Z,FIPSCode,48059,0,2022-11-09T08:43:32.247Z,8,75.0,8,100.0,58549,4769,90.61,63031,442,8.4,63506,37,0.7,63505,15,0.29,5316,75,5263,10020,8,6
1667984684,2022-11-09 03:04:44 -0600,40abf9921c14d95618cf6117bc4a3cf26112c935,TX,48059,2,2022-11-09T01:00:00.000Z,FIPSCode,48059,0,2022-11-09T08:43:32.247Z,8,75.0,8,100.0,58549,4769,90.61,63031,442,8.4,63506,37,0.7,63505,15,0.29,5316,75,5263,10020,8,6
1667984723,2022-11-09 03:05:23 -0600,6ac28a34ef8dbaf25c87c723f770fe76efba1e6a,TX,48059,2,2022-11-09T01:00:00.000Z,FIPSCode,48059,0,2022-11-09T08:43:32.247Z,8,75.0,8,100.0,58549,4769,90.61,63031,442,8.4,63506,37,0.7,63505,15,0.29,5316,75,5263,10020,8,6
1667984764,2022-11-09 03:06:04 -0600,db7461c203555bdc9bc9774db7ede91b31160520,TX,48059,2,2022-11-09T01:00:00.000Z,FIPSCode,48059,0,2022-11-09T08:43:32.247Z,8,75.0,8,100.0,58549,4769,90.61,63031,442,8.4,63506,37,0.7,63505,15,0.29,5316,75,5263,10020,8,6
1667984807,2022-11-09 03:06:47 -0600,5153412fed905c9aa9ebe6edf631d1fa90c2b102,TX,48059,2,2022-11-09T01:00:00.000Z,FIPSCode,48059,0,2022-11-09T08:43:32.247Z,8,75.0,8,100.0,58549,4769,90.61,63031,442,8.4,63506,37,0.7,63505,15,0.29,5316,75,5263,10020,8,6
1667984848,2022-11-09 03:07:28 -0600,e9b16afb9db085ca2bb568866869f7546b9f3f94,TX,48059,2,2022-11-09T01:00:00.000Z,FIPSCode,48059,0,2022-11-09T08:43:32.247Z,8,75.0,8,100.0,58549,4769,90.61,63031,442,8.4,63506,37,0.7,63505,15,0.29,5316,75,5263,10020,8,6
1667984888,2022-11-09 03:08:08 -0600,0a25683529b8d73a4f5b69baea0a2f251fde5a9e,TX,48059,2,2022-11-09T01:00:00.000Z,FIPSCode,48059,0,2022-11-09T08:43:32.247Z,8,75.0,8,100.0,58549,4769,90.61,63031,442,8.4,63506,37,0.7,63505,15,0.29,5316,75,5263,10020,8,6
1667984930,2022-11-09 03:08:50 -0600,10c4f67041e9ff33fbd9fde6d5b2468e0d88d48f,TX,48059,2,2022-11-09T01:00:00.000Z,FIPSCode,48059,0,2022-11-09T08:43:32.247Z,8,75.0,8,100.0,58549,4769,90.61,63031,442,8.4,63506,37,0.7,63505,15,0.29,5316,75,5263,10020,8,6
1667984971,2022-11-09 03:09:31 -0600,ca323806bb0a142691a34098ab7e77a27e2a4fc6,TX,48059,2,2022-11-09T01:00:00.000Z,FIPSCode,48059,0,2022-11-09T08:43:32.247Z,8,75.0,8,100.0,58549,4769,90.61,63031,442,8.4,63506,37,0.7,63505,15,0.29,5316,75,5263,10020,8,6
1667985011,2022-11-09 03:10:11 -0600,0743f6f16071cb28a6e8a0e363705623355a94c0,TX,48059,2,2022-11-09T01:00:00.000Z,FIPSCode,48059,0,2022-11-09T08:43:32.247Z,8,75.0,8,100.0,58549,4769,90.61,63031,442,8.4,63506,37,0.7,63505,15,0.29,5316,75,5263,10020,8,6
1667985052,2022-11-09 03:10:52 -0600,8db4cd830de981fcfc96ae5cfa5893c8fdf058d5,TX,48059,2,2022-11-09T01:00:00.000Z,FIPSCode,48059,0,2022-11-09T08:43:32.247Z,8,75.0,8,100.0,58549,4769,90.61,63031,442,8.4,63506,37,0.7,63505,15,0.29,5316,75,5263,10020,8,6
1667985093,2022-11-09 03:11:33 -0600,add46abbfc92cef6d2edcd2670f5bac30248fa35,TX,48059,2,2022-11-09T01:00:00.000Z,FIPSCode,48059,0,2022-11-09T08:43:32.247Z,8,75.0,8,100.0,58549,4769,90.61,63031,442,8.4,63506,37,0.7,63505,15,0.29,5316,75,5263,10020,8,6
1667985134,2022-11-09 03:12:14 -0600,2c897b0fc200e1893488b5752c5c41a90d4a2217,TX,48059,2,2022-11-09T01:00:00.000Z,FIPSCode,48059,0,2022-11-09T08:43:32.247Z,8,75.0,8,100.0,58549,4769,90.61,63031,442,8.4,63506,37,0.7,63505,15,0.29,5316,75,5263,10020,8,6
1667985336,2022-11-09 03:15:36 -0600,e680c144e30a7078448ff3666071965db0334e66,TX,48059,2,2022-11-09T01:00:00.000Z,FIPSCode,48059,0,2022-11-09T08:43:32.247Z,8,75.0,8,100.0,58549,4769,90.61,63031,442,8.4,63506,37,0.7,63505,15,0.29,5316,75,5263,10020,8,6
1667985436,2022-11-09 03:17:16 -0600,3424d47f5341c2a346e8a3799f78a52faeab6c0b,TX,48059,2,2022-11-09T01:00:00.000Z,FIPSCode,48059,0,2022-11-09T08:43:32.247Z,8,75.0,8,100.0,58549,4769,90.61,63031,442,8.4,63506,37,0.7,63505,15,0.29,5316,75,5263,10020,8,6
1667985515,2022-11-09 03:18:35 -0600,31dd34586ab7b0bee9484705570a9db12d11e661,TX,48059,2,2022-11-09T01:00:00.000Z,FIPSCode,48059,0,2022-11-09T08:43:32.247Z,8,75.0,8,100.0,58549,4769,90.61,63031,442,8.4,63506,37,0.7,63505,15,0.29,5316,75,5263,10020,8,6
1667985591,2022-11-09 03:19:51 -0600,483b045d8eb45553d1fc158eaa878605708e5845,TX,48059,2,2022-11-09T01:00:00.000Z,FIPSCode,48059,0,2022-11-09T08:43:32.247Z,8,75.0,8,100.0,58549,4769,90.61,63031,442,8.4,63506,37,0.7,63505,15,0.29,5316,75,5263,10020,8,6
1667985683,2022-11-09 03:21:23 -0600,8d6490b73382f2ed58c3fbdb846897b79d79f217,TX,48059,2,2022-11-09T01:00:00.000Z,FIPSCode,48059,0,2022-11-09T08:43:32.247Z,8,75.0,8,100.0,58549,4769,90.61,63031,442,8.4,63506,37,0.7,63505,15,0.29,5316,75,5263,10020,8,6
1667985732,2022-11-09 03:22:12 -0600,3702b24fea3edad701ffe581ae9d29fa7027d761,TX,48059,2,2022-11-09T01:00:00.000Z,FIPSCode,48059,0,2022-11-09T08:43:32.247Z,8,75.0,8,100.0,58549,4769,90.61,63031,442,8.4,63506,37,0.7,63505,15,0.29,5316,75,5263,10020,8,6
1667985779,2022-11-09 03:22:59 -0600,af9ba99ad8f2bff9ef334fac2128203d4237fb3b,TX,48059,2,2022-11-09T01:00:00.000Z,FIPSCode,48059,0,2022-11-09T08:43:32.247Z,8,75.0,8,100.0,58549,4769,90.61,63031,442,8.4,63506,37,0.7,63505,15,0.29,5316,75,5263,10020,8,6
1667985822,2022-11-09 03:23:42 -0600,fe208075ec8f2013e218507464df245c10479ee1,TX,48059,2,2022-11-09T01:00:00.000Z,FIPSCode,48059,0,2022-11-09T08:43:32.247Z,8,75.0,8,100.0,58549,4769,90.61,63031,442,8.4,63506,37,0.7,63505,15,0.29,5316,75,5263,10020,8,6
1667985862,2022-11-09 03:24:22 -0600,c99936830ae024241422f34e194ea28fd47bbfa6,TX,48059,2,2022-11-09T01:00:00.000Z,FIPSCode,48059,0,2022-11-09T08:43:32.247Z,8,75.0,8,100.0,58549,4769,90.61,63031,442,8.4,63506,37,0.7,63505,15,0.29,5316,75,5263,10020,8,6
1667985904,2022-11-09 03:25:04 -0600,9a93968822f66fb5ab1446dd87e58d49f4859b6e,TX,48059,2,2022-11-09T01:00:00.000Z,FIPSCode,48059,0,2022-11-09T08:43:32.247Z,8,75.0,8,100.0,58549,4769,90.61,63031,442,8.4,63506,37,0.7,63505,15,0.29,5316,75,5263,10020,8,6
1667985945,2022-11-09 03:25:45 -0600,ccf1c188a3cd33e1e940a35bdccf1b24a50383f8,TX,48059,2,2022-11-09T01:00:00.000Z,FIPSCode,48059,0,2022-11-09T08:43:32.247Z,8,75.0,8,100.0,58549,4769,90.61,63031,442,8.4,63506,37,0.7,63505,15,0.29,5316,75,5263,10020,8,6
1667985985,2022-11-09 03:26:25 -0600,2d478258f7e72765d03704400226b05aa5dfba31,TX,48059,2,2022-11-09T01:00:00.000Z,FIPSCode,48059,0,2022-11-09T08:43:32.247Z,8,75.0,8,100.0,58549,4769,90.61,63031,442,8.4,63506,37,0.7,63505,15,0.29,5316,75,5263,10020,8,6
1667986026,2022-11-09 03:27:06 -0600,e99be915e2896b0e6ab292dfb14f5ee346ab658c,TX,48059,2,2022-11-09T01:00:00.000Z,FIPSCode,48059,0,2022-11-09T08:43:32.247Z,8,75.0,8,100.0,58549,4769,90.61,63031,442,8.4,63506,37,0.7,63505,15,0.29,5316,75,5263,10020,8,6
1667986070,2022-11-09 03:27:50 -0600,842d9624fa3e4ff5a6b6d21ac818296b8b09522a,TX,48059,2,2022-11-09T01:00:00.000Z,FIPSCode,48059,0,2022-11-09T08:43:32.247Z,8,75.0,8,100.0,58549,4769,90.61,63031,442,8.4,63506,37,0.7,63505,15,0.29,5316,75,5263,10020,8,6
1667986108,2022-11-09 03:28:28 -0600,0d89337504a89a16ce478d64716763f3ed0e0320,TX,48059,2,2022-11-09T01:00:00.000Z,FIPSCode,48059,0,2022-11-09T08:43:32.247Z,8,75.0,8,100.0,58549,4769,90.61,63031,442,8.4,63506,37,0.7,63505,15,0.29,5316,75,5263,10020,8,6
1667987280,2022-11-09 03:48:00 -0600,a88286d7028ba2595139baf03aeca44134230973,TX,48059,2,2022-11-09T01:00:00.000Z,FIPSCode,48059,0,2022-11-09T09:41:49.833Z,8,75.0,8,100.0,58549,4769,90.61,63031,442,8.4,63506,37,0.7,63505,15,0.29,5511,75,5263,10020,8,6
1667987322,2022-11-09 03:48:42 -0600,c4941bd0c330c6a68f39d6af84344c6410041a01,TX,48059,2,2022-11-09T01:00:00.000Z,FIPSCode,48059,0,2022-11-09T09:41:49.833Z,8,75.0,8,100.0,58549,4769,90.61,63031,442,8.4,63506,37,0.7,63505,15,0.29,5511,75,5263,10020,8,6
1667987361,2022-11-09 03:49:21 -0600,9cc128b5987d9c59e09370f209f1915ff92ed38a,TX,48059,2,2022-11-09T01:00:00.000Z,FIPSCode,48059,0,2022-11-09T09:41:49.833Z,8,75.0,8,100.0,58549,4769,90.61,63031,442,8.4,63506,37,0.7,63505,15,0.29,5511,75,5263,10020,8,6
1667987403,2022-11-09 03:50:03 -0600,eef7197364d0afbe2fb1aa00d4cd30fccd721d19,TX,48059,2,2022-11-09T01:00:00.000Z,FIPSCode,48059,0,2022-11-09T09:41:49.833Z,8,75.0,8,100.0,58549,4769,90.61,63031,442,8.4,63506,37,0.7,63505,15,0.29,5511,75,5263,10020,8,6
1667987444,2022-11-09 03:50:44 -0600,535a461b75364f2c1d70c8e62728ceb9443765d2,TX,48059,2,2022-11-09T01:00:00.000Z,FIPSCode,48059,0,2022-11-09T09:41:49.833Z,8,75.0,8,100.0,58549,4769,90.61,63031,442,8.4,63506,37,0.7,63505,15,0.29,5511,75,5263,10020,8,6
1667987484,2022-11-09 03:51:24 -0600,980f6fe5a4a9ffa7810478d35fa77761f4ccdcbc,TX,48059,2,2022-11-09T01:00:00.000Z,FIPSCode,48059,0,2022-11-09T09:41:49.833Z,8,75.0,8,100.0,58549,4769,90.61,63031,442,8.4,63506,37,0.7,63505,15,0.29,5511,75,5263,10020,8,6
1667987524,2022-11-09 03:52:04 -0600,c251c6fbf74f00217c61f2d533377b35edad2d39,TX,48059,2,2022-11-09T01:00:00.000Z,FIPSCode,48059,0,2022-11-09T09:41:49.833Z,8,75.0,8,100.0,58549,4769,90.61,63031,442,8.4,63506,37,0.7,63505,15,0.29,5511,75,5263,10020,8,6
1667987563,2022-11-09 03:52:43 -0600,8abcd32a71680efad0e1b14075bb8680bae203ec,TX,48059,2,2022-11-09T01:00:00.000Z,FIPSCode,48059,0,2022-11-09T09:41:49.833Z,8,75.0,8,100.0,58549,4769,90.61,63031,442,8.4,63506,37,0.7,63505,15,0.29,5511,75,5263,10020,8,6
1667987603,2022-11-09 03:53:23 -0600,907e925b1b5bf0815b2f82ea78e7a5d530eaf2f1,TX,48059,2,2022-11-09T01:00:00.000Z,FIPSCode,48059,0,2022-11-09T09:41:49.833Z,8,75.0,8,100.0,58549,4769,90.61,63031,442,8.4,63506,37,0.7,63505,15,0.29,5511,75,5263,10020,8,6
1667987643,2022-11-09 03:54:03 -0600,f798a1f9c8d4d3a3f69f26fb63de81045062e5fc,TX,48059,2,2022-11-09T01:00:00.000Z,FIPSCode,48059,0,2022-11-09T09:41:49.833Z,8,75.0,8,100.0,58549,4769,90.61,63031,442,8.4,63506,37,0.7,63505,15,0.29,5511,75,5263,10020,8,6
1667987685,2022-11-09 03:54:45 -0600,5ac8581414e90c984ffb886be64a0515cb61a92b,TX,48059,2,2022-11-09T01:00:00.000Z,FIPSCode,48059,0,2022-11-09T09:41:49.833Z,8,75.0,8,100.0,58549,4769,90.61,63031,442,8.4,63506,37,0.7,63505,15,0.29,5511,75,5263,10020,8,6
1667987724,2022-11-09 03:55:24 -0600,e2b744a1d315e0b0cd2e8cf8e84b4bbaa0ecd42c,TX,48059,2,2022-11-09T01:00:00.000Z,FIPSCode,48059,0,2022-11-09T09:41:49.833Z,8,75.0,8,100.0,58549,4769,90.61,63031,442,8.4,63506,37,0.7,63505,15,0.29,5511,75,5263,10020,8,6
1667987766,2022-11-09 03:56:06 -0600,0c97af721e07528c29c550b7bce84d073343534b,TX,48059,2,2022-11-09T01:00:00.000Z,FIPSCode,48059,0,2022-11-09T09:41:49.833Z,8,75.0,8,100.0,58549,4769,90.61,63031,442,8.4,63506,37,0.7,63505,15,0.29,5511,75,5263,10020,8,6
1667987805,2022-11-09 03:56:45 -0600,bbb6a6d5fd03b4b1c0bc88f9b3ab4c08369a3edd,TX,48059,2,2022-11-09T01:00:00.000Z,FIPSCode,48059,0,2022-11-09T09:41:49.833Z,8,75.0,8,100.0,58549,4769,90.61,63031,442,8.4,63506,37,0.7,63505,15,0.29,5511,75,5263,10020,8,6
1667987845,2022-11-09 03:57:25 -0600,04698ff03d3880ab18ac0be368b46275958c136c,TX,48059,2,2022-11-09T01:00:00.000Z,FIPSCode,48059,0,2022-11-09T09:41:49.833Z,8,75.0,8,100.0,58549,4769,90.61,63031,442,8.4,63506,37,0.7,63505,15,0.29,5511,75,5263,10020,8,6
1667987885,2022-11-09 03:58:05 -0600,e58f83f6209f6acb460b43b5d889d2b7efed466d,TX,48059,2,2022-11-09T01:00:00.000Z,FIPSCode,48059,0,2022-11-09T09:41:49.833Z,8,75.0,8,100.0,58549,4769,90.61,63031,442,8.4,63506,37,0.7,63505,15,0.29,5511,75,5263,10020,8,6
1667987926,2022-11-09 03:58:46 -0600,73e091fdf26f4aa144c64e02115a1b8534b6c6ed,TX,48059,2,2022-11-09T01:00:00.000Z,FIPSCode,48059,0,2022-11-09T09:41:49.833Z,8,75.0,8,100.0,58549,4769,90.61,63031,442,8.4,63506,37,0.7,63505,15,0.29,5511,75,5263,10020,8,6
1667987965,2022-11-09 03:59:25 -0600,4dde3c8f59c3bcf3cff48ec0c0bbba8cecf9614a,TX,48059,2,2022-11-09T01:00:00.000Z,FIPSCode,48059,0,2022-11-09T09:41:49.833Z,8,75.0,8,100.0,58549,4769,90.61,63031,442,8.4,63506,37,0.7,63505,15,0.29,5511,75,5263,10020,8,6
1667988006,2022-11-09 04:00:06 -0600,4a727edcdaed346df9a04de89a91559ac20cd2b0,TX,48059,2,2022-11-09T01:00:00.000Z,FIPSCode,48059,0,2022-11-09T09:41:49.833Z,8,75.0,8,100.0,58549,4769,90.61,63031,442,8.4,63506,37,0.7,63505,15,0.29,5511,75,5263,10020,8,6
1667988045,2022-11-09 04:00:45 -0600,f9afc4942e53b5b1b333210f3a236d56363229e8,TX,48059,2,2022-11-09T01:00:00.000Z,FIPSCode,48059,0,2022-11-09T09:41:49.833Z,8,75.0,8,100.0,58549,4769,90.61,63031,442,8.4,63506,37,0.7,63505,15,0.29,5511,75,5263,10020,8,6
1667988091,2022-11-09 04:01:31 -0600,ad99db3e9080c7ed6200ad727ad2ea36cd855591,TX,48059,2,2022-11-09T01:00:00.000Z,FIPSCode,48059,0,2022-11-09T09:41:49.833Z,8,75.0,8,100.0,58549,4769,90.61,63031,442,8.4,63506,37,0.7,63505,15,0.29,5511,75,5263,10020,8,6
1667988128,2022-11-09 04:02:08 -0600,f8fa13f4892e3059720f56202eb33a9d12022027,TX,48059,2,2022-11-09T01:00:00.000Z,FIPSCode,48059,0,2022-11-09T09:41:49.833Z,8,75.0,8,100.0,58549,4769,90.61,63031,442,8.4,63506,37,0.7,63505,15,0.29,5511,75,5263,10020,8,6
1667988167,2022-11-09 04:02:47 -0600,0f435c562543b15444714c77c0ab7ab51485d91e,TX,48059,2,2022-11-09T01:00:00.000Z,FIPSCode,48059,0,2022-11-09T09:41:49.833Z,8,75.0,8,100.0,58549,4769,90.61,63031,442,8.4,63506,37,0.7,63505,15,0.29,5511,75,5263,10020,8,6
1667988326,2022-11-09 04:05:26 -0600,81f3312db0f02393b6f99b1a3db05495e5086572,TX,48059,2,2022-11-09T01:00:00.000Z,FIPSCode,48059,0,2022-11-09T09:41:49.833Z,8,75.0,8,100.0,58549,4769,90.61,63031,442,8.4,63506,37,0.7,63505,15,0.29,5511,75,5263,10020,8,6
1667988367,2022-11-09 04:06:07 -0600,569f912dbebdb6a9fd0dc530b121779cb6ef9407,TX,48059,2,2022-11-09T01:00:00.000Z,FIPSCode,48059,0,2022-11-09T09:41:49.833Z,8,75.0,8,100.0,58549,4769,90.61,63031,442,8.4,63506,37,0.7,63505,15,0.29,5511,75,5263,10020,8,6
1667988406,2022-11-09 04:06:46 -0600,13f2a5928c898dd4d3c7860a848c46f4b423449f,TX,48059,2,2022-11-09T01:00:00.000Z,FIPSCode,48059,0,2022-11-09T09:41:49.833Z,8,75.0,8,100.0,58549,4769,90.61,63031,442,8.4,63506,37,0.7,63505,15,0.29,5511,75,5263,10020,8,6
1667988564,2022-11-09 04:09:24 -0600,2aeef9544d1832238b865b50255c72fd72952396,TX,48059,2,2022-11-09T01:00:00.000Z,FIPSCode,48059,0,2022-11-09T09:41:49.833Z,8,75.0,8,100.0,58549,4769,90.61,63031,442,8.4,63506,37,0.7,63505,15,0.29,5511,75,5263,10020,8,6
1667988603,2022-11-09 04:10:03 -0600,c57fd67b0b96993b9f7c98a49335fed712bca534,TX,48059,2,2022-11-09T01:00:00.000Z,FIPSCode,48059,0,2022-11-09T09:41:49.833Z,8,75.0,8,100.0,58549,4769,90.61,63031,442,8.4,63506,37,0.7,63505,15,0.29,5511,75,5263,10020,8,6
1667988643,2022-11-09 04:10:43 -0600,591a6073b04ab0ebd3abfd9fecd162fe68e47757,TX,48059,2,2022-11-09T01:00:00.000Z,FIPSCode,48059,0,2022-11-09T09:41:49.833Z,8,75.0,8,100.0,58549,4769,90.61,63031,442,8.4,63506,37,0.7,63505,15,0.29,5511,75,5263,10020,8,6
1667988683,2022-11-09 04:11:23 -0600,730aa85a41cde9ade0ab0457bb30546a32d14e79,TX,48059,2,2022-11-09T01:00:00.000Z,FIPSCode,48059,0,2022-11-09T09:41:49.833Z,8,75.0,8,100.0,58549,4769,90.61,63031,442,8.4,63506,37,0.7,63505,15,0.29,5511,75,5263,10020,8,6
1667988722,2022-11-09 04:12:02 -0600,bd79a899567605757bf50a8e1f566a203e64b328,TX,48059,2,2022-11-09T01:00:00.000Z,FIPSCode,48059,0,2022-11-09T09:41:49.833Z,8,75.0,8,100.0,58549,4769,90.61,63031,442,8.4,63506,37,0.7,63505,15,0.29,5511,75,5263,10020,8,6
1667988762,2022-11-09 04:12:42 -0600,92057add7b99ef94d7883b2d3dff835f8d4d2ede,TX,48059,2,2022-11-09T01:00:00.000Z,FIPSCode,48059,0,2022-11-09T09:41:49.833Z,8,75.0,8,100.0,58549,4769,90.61,63031,442,8.4,63506,37,0.7,63505,15,0.29,5511,75,5263,10020,8,6
1667988801,2022-11-09 04:13:21 -0600,4c72a5c0e2471fa350291b6c4da371e39c3bbefa,TX,48059,2,2022-11-09T01:00:00.000Z,FIPSCode,48059,0,2022-11-09T09:41:49.833Z,8,75.0,8,100.0,58549,4769,90.61,63031,442,8.4,63506,37,0.7,63505,15,0.29,5511,75,5263,10020,8,6
1667988842,2022-11-09 04:14:02 -0600,3835bc37083d35ed57d75f316b86fe0fcddac7da,TX,48059,2,2022-11-09T01:00:00.000Z,FIPSCode,48059,0,2022-11-09T09:41:49.833Z,8,75.0,8,100.0,58549,4769,90.61,63031,442,8.4,63506,37,0.7,63505,15,0.29,5511,75,5263,10020,8,6
1667988882,2022-11-09 04:14:42 -0600,50e686bbeb599e4b3a701673cc58310482a21b94,TX,48059,2,2022-11-09T01:00:00.000Z,FIPSCode,48059,0,2022-11-09T09:41:49.833Z,8,75.0,8,100.0,58549,4769,90.61,63031,442,8.4,63506,37,0.7,63505,15,0.29,5511,75,5263,10020,8,6
1667988922,2022-11-09 04:15:22 -0600,f2fa14f9c9cdc4848abee151cdeb35c28ce0f80a,TX,48059,2,2022-11-09T01:00:00.000Z,FIPSCode,48059,0,2022-11-09T09:41:49.833Z,8,75.0,8,100.0,58549,4769,90.61,63031,442,8.4,63506,37,0.7,63505,15,0.29,5511,75,5263,10020,8,6
1667988962,2022-11-09 04:16:02 -0600,c9c4a60677ea04d6ab18d6eec6d6c3a7761f64fa,TX,48059,2,2022-11-09T01:00:00.000Z,FIPSCode,48059,0,2022-11-09T09:41:49.833Z,8,75.0,8,100.0,58549,4769,90.61,63031,442,8.4,63506,37,0.7,63505,15,0.29,5511,75,5263,10020,8,6
1667989001,2022-11-09 04:16:41 -0600,bf48d088f90a7df84b22532f076e84f8881100c4,TX,48059,2,2022-11-09T01:00:00.000Z,FIPSCode,48059,0,2022-11-09T09:41:49.833Z,8,75.0,8,100.0,58549,4769,90.61,63031,442,8.4,63506,37,0.7,63505,15,0.29,5511,75,5263,10020,8,6
1667989041,2022-11-09 04:17:21 -0600,bc5911b3ed71beee72651a07b463dd7490179043,TX,48059,2,2022-11-09T01:00:00.000Z,FIPSCode,48059,0,2022-11-09T09:41:49.833Z,8,75.0,8,100.0,58549,4769,90.61,63031,442,8.4,63506,37,0.7,63505,15,0.29,5511,75,5263,10020,8,6
1667989081,2022-11-09 04:18:01 -0600,563fc595ee6cbed39038ea61943efe67b7efb8ba,TX,48059,2,2022-11-09T01:00:00.000Z,FIPSCode,48059,0,2022-11-09T09:41:49.833Z,8,75.0,8,100.0,58549,4769,90.61,63031,442,8.4,63506,37,0.7,63505,15,0.29,5511,75,5263,10020,8,6
1667989121,2022-11-09 04:18:41 -0600,c465f18bc76653d10d16bdf8263355edd2fe0344,TX,48059,2,2022-11-09T01:00:00.000Z,FIPSCode,48059,0,2022-11-09T09:41:49.833Z,8,75.0,8,100.0,58549,4769,90.61,63031,442,8.4,63506,37,0.7,63505,15,0.29,5511,75,5263,10020,8,6
1667989162,2022-11-09 04:19:22 -0600,a00a55b6e4b2e7194f9b097d510baa2b86d6d503,TX,48059,2,2022-11-09T01:00:00.000Z,FIPSCode,48059,0,2022-11-09T09:41:49.833Z,8,75.0,8,100.0,58549,4769,90.61,63031,442,8.4,63506,37,0.7,63505,15,0.29,5511,75,5263,10020,8,6
1667989201,2022-11-09 04:20:01 -0600,2770f40101960610cfbac039b7f8df7241b56094,TX,48059,2,2022-11-09T01:00:00.000Z,FIPSCode,48059,0,2022-11-09T09:41:49.833Z,8,75.0,8,100.0,58549,4769,90.61,63031,442,8.4,63506,37,0.7,63505,15,0.29,5511,75,5263,10020,8,6
1667989241,2022-11-09 04:20:41 -0600,ecd9fb0f9a32ee803b2df09a44e32a9bfebbebb4,TX,48059,2,2022-11-09T01:00:00.000Z,FIPSCode,48059,0,2022-11-09T09:41:49.833Z,8,75.0,8,100.0,58549,4769,90.61,63031,442,8.4,63506,37,0.7,63505,15,0.29,5511,75,5263,10020,8,6
1667989281,2022-11-09 04:21:21 -0600,863e0dcda57147251f9f1e6acbc921ffd1afb73e,TX,48059,2,2022-11-09T01:00:00.000Z,FIPSCode,48059,0,2022-11-09T09:41:49.833Z,8,75.0,8,100.0,58549,4769,90.61,63031,442,8.4,63506,37,0.7,63505,15,0.29,5511,75,5263,10020,8,6
1667989322,2022-11-09 04:22:02 -0600,d457f03e4e72b327b99f4802024f635832ef663e,TX,48059,2,2022-11-09T01:00:00.000Z,FIPSCode,48059,0,2022-11-09T09:41:49.833Z,8,75.0,8,100.0,58549,4769,90.61,63031,442,8.4,63506,37,0.7,63505,15,0.29,5511,75,5263,10020,8,6
1667989362,2022-11-09 04:22:42 -0600,7d7e6bdfbd3448a38ee52e4c7da63d3df7255eb5,TX,48059,2,2022-11-09T01:00:00.000Z,FIPSCode,48059,0,2022-11-09T09:41:49.833Z,8,75.0,8,100.0,58549,4769,90.61,63031,442,8.4,63506,37,0.7,63505,15,0.29,5511,75,5263,10020,8,6
1667989403,2022-11-09 04:23:23 -0600,3960f2a4186e207e2f1267a38abefd37b2a3bb6b,TX,48059,2,2022-11-09T01:00:00.000Z,FIPSCode,48059,0,2022-11-09T10:22:48.606Z,8,75.0,8,100.0,58549,4769,90.61,63031,442,8.4,63506,37,0.7,63505,15,0.29,5511,75,5263,10020,8,6
1667989442,2022-11-09 04:24:02 -0600,364fd392403a5661fc5e3dab8aaacc2dcbbce838,TX,48059,2,2022-11-09T01:00:00.000Z,FIPSCode,48059,0,2022-11-09T10:22:48.606Z,8,75.0,8,100.0,58549,4769,90.61,63031,442,8.4,63506,37,0.7,63505,15,0.29,5511,75,5263,10020,8,6
1667989482,2022-11-09 04:24:42 -0600,77906ec83e155654462ccb3bee22530112b7270e,TX,48059,2,2022-11-09T01:00:00.000Z,FIPSCode,48059,0,2022-11-09T10:23:56.381Z,8,75.0,8,100.0,58549,4769,90.61,63031,442,8.4,63506,37,0.7,63505,15,0.29,5511,75,5263,10020,8,6
1667989521,2022-11-09 04:25:21 -0600,74685ed35984562d85c6e361ffade5bfbfbbc6ab,TX,48059,2,2022-11-09T01:00:00.000Z,FIPSCode,48059,0,2022-11-09T10:23:56.381Z,8,75.0,8,100.0,58549,4769,90.61,63031,442,8.4,63506,37,0.7,63505,15,0.29,5511,75,5263,10020,8,6
1667989561,2022-11-09 04:26:01 -0600,47ece8d933215267bcb907f354b91267dbe0644f,TX,48059,2,2022-11-09T01:00:00.000Z,FIPSCode,48059,0,2022-11-09T10:23:56.381Z,8,75.0,8,100.0,58549,4769,90.61,63031,442,8.4,63506,37,0.7,63505,15,0.29,5511,75,5263,10020,8,6
1667989601,2022-11-09 04:26:41 -0600,dc86e4cd00902bc0e04bbdd36be1e9dd1552423e,TX,48059,2,2022-11-09T01:00:00.000Z,FIPSCode,48059,0,2022-11-09T10:23:56.381Z,8,75.0,8,100.0,58549,4769,90.61,63031,442,8.4,63506,37,0.7,63505,15,0.29,5511,75,5263,10020,8,6
1667989642,2022-11-09 04:27:22 -0600,5576adf945e145b7e2df2be75f5ae4deb91e6665,TX,48059,2,2022-11-09T01:00:00.000Z,FIPSCode,48059,0,2022-11-09T10:23:56.381Z,8,75.0,8,100.0,58549,4769,90.61,63031,442,8.4,63506,37,0.7,63505,15,0.29,5511,75,5263,10020,8,6
1667989683,2022-11-09 04:28:03 -0600,5aabae5966347229d464f1f0729356666e0679bf,TX,48059,2,2022-11-09T01:00:00.000Z,FIPSCode,48059,0,2022-11-09T10:23:56.381Z,8,75.0,8,100.0,58549,4769,90.61,63031,442,8.4,63506,37,0.7,63505,15,0.29,5511,75,5263,10020,8,6
1667989723,2022-11-09 04:28:43 -0600,dafacf7e31964ad605ca80218ca8e7a0ec8fa136,TX,48059,2,2022-11-09T01:00:00.000Z,FIPSCode,48059,0,2022-11-09T10:23:56.381Z,8,75.0,8,100.0,58549,4769,90.61,63031,442,8.4,63506,37,0.7,63505,15,0.29,5511,75,5263,10020,8,6
1667989763,2022-11-09 04:29:23 -0600,df58263396b66ef421d79815b8f4d77bd793e4dd,TX,48059,2,2022-11-09T01:00:00.000Z,FIPSCode,48059,0,2022-11-09T10:23:56.381Z,8,75.0,8,100.0,58549,4769,90.61,63031,442,8.4,63506,37,0.7,63505,15,0.29,5511,75,5263,10020,8,6
1667989844,2022-11-09 04:30:44 -0600,be603c3b15162897d2768d930f59296f3f29ad16,TX,48059,2,2022-11-09T01:00:00.000Z,FIPSCode,48059,0,2022-11-09T10:23:56.381Z,8,75.0,8,100.0,58549,4769,90.61,63031,442,8.4,63506,37,0.7,63505,15,0.29,5511,75,5263,10020,8,6
1667989883,2022-11-09 04:31:23 -0600,924024c8f2bc998a14f0708e86a72e0a3e9e1da1,TX,48059,2,2022-11-09T01:00:00.000Z,FIPSCode,48059,0,2022-11-09T10:23:56.381Z,8,75.0,8,100.0,58549,4769,90.61,63031,442,8.4,63506,37,0.7,63505,15,0.29,5511,75,5263,10020,8,6
1667989923,2022-11-09 04:32:03 -0600,f881493089f8c3de2e07f4496acde349ad0b8fae,TX,48059,2,2022-11-09T01:00:00.000Z,FIPSCode,48059,0,2022-11-09T10:23:56.381Z,8,75.0,8,100.0,58549,4769,90.61,63031,442,8.4,63506,37,0.7,63505,15,0.29,5511,75,5263,10020,8,6
1667989964,2022-11-09 04:32:44 -0600,e12368fd650f7327d8a65280bef2d437245f4e91,TX,48059,2,2022-11-09T01:00:00.000Z,FIPSCode,48059,0,2022-11-09T10:23:56.381Z,8,75.0,8,100.0,58549,4769,90.61,63031,442,8.4,63506,37,0.7,63505,15,0.29,5511,75,5263,10020,8,6
1667990004,2022-11-09 04:33:24 -0600,b5512043c807372aece5d9552635d27376720fc2,TX,48059,2,2022-11-09T01:00:00.000Z,FIPSCode,48059,0,2022-11-09T10:23:56.381Z,8,75.0,8,100.0,58549,4769,90.61,63031,442,8.4,63506,37,0.7,63505,15,0.29,5511,75,5263,10020,8,6
1667990044,2022-11-09 04:34:04 -0600,b31639d107a0f86a9a0ed2e2ed076b52871cd559,TX,48059,2,2022-11-09T01:00:00.000Z,FIPSCode,48059,0,2022-11-09T10:23:56.381Z,8,75.0,8,100.0,58549,4769,90.61,63031,442,8.4,63506,37,0.7,63505,15,0.29,5511,75,5263,10020,8,6
1667990084,2022-11-09 04:34:44 -0600,45716aed81695dc8882d856a53214d8956dc86f7,TX,48059,2,2022-11-09T01:00:00.000Z,FIPSCode,48059,0,2022-11-09T10:23:56.381Z,8,75.0,8,100.0,58549,4769,90.61,63031,442,8.4,63506,37,0.7,63505,15,0.29,5511,75,5263,10020,8,6
1667990125,2022-11-09 04:35:25 -0600,575f474da52ac9ed8d1a366d90afd59a4bdc22ae,TX,48059,2,2022-11-09T01:00:00.000Z,FIPSCode,48059,0,2022-11-09T10:23:56.381Z,8,75.0,8,100.0,58549,4769,90.61,63031,442,8.4,63506,37,0.7,63505,15,0.29,5511,75,5263,10020,8,6
1667990166,2022-11-09 04:36:06 -0600,e6a0850ee69af2de9e8831e4e3b8738cfc8730f8,TX,48059,2,2022-11-09T01:00:00.000Z,FIPSCode,48059,0,2022-11-09T10:23:56.381Z,8,75.0,8,100.0,58549,4769,90.61,63031,442,8.4,63506,37,0.7,63505,15,0.29,5511,75,5263,10020,8,6
1667990206,2022-11-09 04:36:46 -0600,4d22e690cce917555fbfa3ae1082938f39d97783,TX,48059,2,2022-11-09T01:00:00.000Z,FIPSCode,48059,0,2022-11-09T10:23:56.381Z,8,75.0,8,100.0,58549,4769,90.61,63031,442,8.4,63506,37,0.7,63505,15,0.29,5511,75,5263,10020,8,6
1667990246,2022-11-09 04:37:26 -0600,079f130b06c9c31f13a378f496d9d7e10e842e7f,TX,48059,2,2022-11-09T01:00:00.000Z,FIPSCode,48059,0,2022-11-09T10:23:56.381Z,8,75.0,8,100.0,58549,4769,90.61,63031,442,8.4,63506,37,0.7,63505,15,0.29,5511,75,5263,10020,8,6
1667990286,2022-11-09 04:38:06 -0600,68ff25b8660ff23dc0bef45677d8c14ade1312e8,TX,48059,2,2022-11-09T01:00:00.000Z,FIPSCode,48059,0,2022-11-09T10:23:56.381Z,8,75.0,8,100.0,58549,4769,90.61,63031,442,8.4,63506,37,0.7,63505,15,0.29,5511,75,5263,10020,8,6
1667990326,2022-11-09 04:38:46 -0600,76f1b7907e87cb93abe20ba310086b729b0e99d9,TX,48059,2,2022-11-09T01:00:00.000Z,FIPSCode,48059,0,2022-11-09T10:23:56.381Z,8,75.0,8,100.0,58549,4769,90.61,63031,442,8.4,63506,37,0.7,63505,15,0.29,5511,75,5263,10020,8,6
1667990366,2022-11-09 04:39:26 -0600,94cea64a17420440333987a3eb87c742c3abb792,TX,48059,2,2022-11-09T01:00:00.000Z,FIPSCode,48059,0,2022-11-09T10:23:56.381Z,8,75.0,8,100.0,58549,4769,90.61,63031,442,8.4,63506,37,0.7,63505,15,0.29,5511,75,5263,10020,8,6
1667990407,2022-11-09 04:40:07 -0600,c93ceb6395e9537cb6932486e53827020153f0ea,TX,48059,2,2022-11-09T01:00:00.000Z,FIPSCode,48059,0,2022-11-09T10:23:56.381Z,8,75.0,8,100.0,58549,4769,90.61,63031,442,8.4,63506,37,0.7,63505,15,0.29,5511,75,5263,10020,8,6
1667990446,2022-11-09 04:40:46 -0600,805558bfd75490d99d522ebbdb0e69e5228c5c4c,TX,48059,2,2022-11-09T01:00:00.000Z,FIPSCode,48059,0,2022-11-09T10:23:56.381Z,8,75.0,8,100.0,58549,4769,90.61,63031,442,8.4,63506,37,0.7,63505,15,0.29,5511,75,5263,10020,8,6
1667990485,2022-11-09 04:41:25 -0600,a251afa9583d4fd975b5fc14142e9861066a4a7d,TX,48059,2,2022-11-09T01:00:00.000Z,FIPSCode,48059,0,2022-11-09T10:23:56.381Z,8,75.0,8,100.0,58549,4769,90.61,63031,442,8.4,63506,37,0.7,63505,15,0.29,5511,75,5263,10020,8,6
1667990526,2022-11-09 04:42:06 -0600,70be907630a2873d9a33e021189fd13031a24665,TX,48059,2,2022-11-09T01:00:00.000Z,FIPSCode,48059,0,2022-11-09T10:23:56.381Z,8,75.0,8,100.0,58549,4769,90.61,63031,442,8.4,63506,37,0.7,63505,15,0.29,5511,75,5263,10020,8,6
1667990565,2022-11-09 04:42:45 -0600,08df97d368be303a6d5e0c630c5d444a285fc06a,TX,48059,2,2022-11-09T01:00:00.000Z,FIPSCode,48059,0,2022-11-09T10:23:56.381Z,8,75.0,8,100.0,58549,4769,90.61,63031,442,8.4,63506,37,0.7,63505,15,0.29,5511,75,5263,10020,8,6
1667990605,2022-11-09 04:43:25 -0600,8cf2c31a35d93f1377d718b530053605a75546dc,TX,48059,2,2022-11-09T01:00:00.000Z,FIPSCode,48059,0,2022-11-09T10:23:56.381Z,8,75.0,8,100.0,58549,4769,90.61,63031,442,8.4,63506,37,0.7,63505,15,0.29,5511,75,5263,10020,8,6
1667990644,2022-11-09 04:44:04 -0600,ab17cb3cd797ec2b452314492a94e2e0209de181,TX,48059,2,2022-11-09T01:00:00.000Z,FIPSCode,48059,0,2022-11-09T10:23:56.381Z,8,75.0,8,100.0,58549,4769,90.61,63031,442,8.4,63506,37,0.7,63505,15,0.29,5511,75,5263,10020,8,6
1667990684,2022-11-09 04:44:44 -0600,efdfb7c669faa1b581c8efc142e9f0a832c5334d,TX,48059,2,2022-11-09T01:00:00.000Z,FIPSCode,48059,0,2022-11-09T10:23:56.381Z,8,75.0,8,100.0,58549,4769,90.61,63031,442,8.4,63506,37,0.7,63505,15,0.29,5511,75,5263,10020,8,6
1667990724,2022-11-09 04:45:24 -0600,eb8cf2ed3ae6e8770a6efab0caeeccde85c49e9a,TX,48059,2,2022-11-09T01:00:00.000Z,FIPSCode,48059,0,2022-11-09T10:44:29.228Z,8,75.0,8,100.0,58549,4769,90.61,63031,442,8.4,63506,37,0.7,63505,15,0.29,5511,75,5263,10020,8,6
1667990763,2022-11-09 04:46:03 -0600,2b5173ede90d3526057063cf26c1127c856e73ce,TX,48059,2,2022-11-09T01:00:00.000Z,FIPSCode,48059,0,2022-11-09T10:44:29.228Z,8,75.0,8,100.0,58549,4769,90.61,63031,442,8.4,63506,37,0.7,63505,15,0.29,5511,75,5263,10020,8,6
1667990964,2022-11-09 04:49:24 -0600,e5ddb97730cda8d6e8e9bcfcaaba7976a894547f,TX,48059,2,2022-11-09T01:00:00.000Z,FIPSCode,48059,0,2022-11-09T10:46:47.392Z,8,75.0,8,100.0,58549,4769,90.61,63031,442,8.4,63506,37,0.7,63505,15,0.29,5511,75,5263,10020,8,6
1667991005,2022-11-09 04:50:05 -0600,133a14294e26d55ccf7a190803d56a92b5f93881,TX,48059,2,2022-11-09T01:00:00.000Z,FIPSCode,48059,0,2022-11-09T10:46:47.392Z,8,75.0,8,100.0,58549,4769,90.61,63031,442,8.4,63506,37,0.7,63505,15,0.29,5511,75,5263,10020,8,6
1667991044,2022-11-09 04:50:44 -0600,44063f5b8255ae3b06db53d1a68c3b871a7e3c8e,TX,48059,2,2022-11-09T01:00:00.000Z,FIPSCode,48059,0,2022-11-09T10:46:47.392Z,8,75.0,8,100.0,58549,4769,90.61,63031,442,8.4,63506,37,0.7,63505,15,0.29,5511,75,5263,10020,8,6
1667991166,2022-11-09 04:52:46 -0600,606d4fb1af282899ecf9ac2d6964d5cc88e8d05d,TX,48059,2,2022-11-09T01:00:00.000Z,FIPSCode,48059,0,2022-11-09T10:46:47.392Z,8,75.0,8,100.0,58549,4769,90.61,63031,442,8.4,63506,37,0.7,63505,15,0.29,5511,75,5263,10020,8,6
1667991206,2022-11-09 04:53:26 -0600,6cffc68bef231669149bccf87b74683f61f2d0fb,TX,48059,2,2022-11-09T01:00:00.000Z,FIPSCode,48059,0,2022-11-09T10:46:47.392Z,8,75.0,8,100.0,58549,4769,90.61,63031,442,8.4,63506,37,0.7,63505,15,0.29,5511,75,5263,10020,8,6
1667991246,2022-11-09 04:54:06 -0600,c054387a89a4648e031f332cc6faaeeb9b573847,TX,48059,2,2022-11-09T01:00:00.000Z,FIPSCode,48059,0,2022-11-09T10:46:47.392Z,8,75.0,8,100.0,58549,4769,90.61,63031,442,8.4,63506,37,0.7,63505,15,0.29,5511,75,5263,10020,8,6
1667991285,2022-11-09 04:54:45 -0600,e376c59e65756675a03e1e8f7ddbddb3ae038111,TX,48059,2,2022-11-09T01:00:00.000Z,FIPSCode,48059,0,2022-11-09T10:46:47.392Z,8,75.0,8,100.0,58549,4769,90.61,63031,442,8.4,63506,37,0.7,63505,15,0.29,5511,75,5263,10020,8,6
1667991325,2022-11-09 04:55:25 -0600,87b13b3c1577ba495e747b7290f5c1b1880eb9b9,TX,48059,2,2022-11-09T01:00:00.000Z,FIPSCode,48059,0,2022-11-09T10:46:47.392Z,8,75.0,8,100.0,58549,4769,90.61,63031,442,8.4,63506,37,0.7,63505,15,0.29,5511,75,5263,10020,8,6
1667991366,2022-11-09 04:56:06 -0600,37788b17957a88a1d6b51557f47b0619fcb5e8c6,TX,48059,2,2022-11-09T01:00:00.000Z,FIPSCode,48059,0,2022-11-09T10:46:47.392Z,8,75.0,8,100.0,58549,4769,90.61,63031,442,8.4,63506,37,0.7,63505,15,0.29,5511,75,5263,10020,8,6
1667991407,2022-11-09 04:56:47 -0600,e9b5faa07aea260c7887fcaf3d07577a1a21adae,TX,48059,2,2022-11-09T01:00:00.000Z,FIPSCode,48059,0,2022-11-09T10:46:47.392Z,8,75.0,8,100.0,58549,4769,90.61,63031,442,8.4,63506,37,0.7,63505,15,0.29,5511,75,5263,10020,8,6
1667991448,2022-11-09 04:57:28 -0600,5c33acd121e3ed637ebe523a9845e1113ed0e4c8,TX,48059,2,2022-11-09T01:00:00.000Z,FIPSCode,48059,0,2022-11-09T10:46:47.392Z,8,75.0,8,100.0,58549,4769,90.61,63031,442,8.4,63506,37,0.7,63505,15,0.29,5511,75,5263,10020,8,6
1667991487,2022-11-09 04:58:07 -0600,c92076ea20cbf95ad9ca886872c15819131d07fe,TX,48059,2,2022-11-09T01:00:00.000Z,FIPSCode,48059,0,2022-11-09T10:46:47.392Z,8,75.0,8,100.0,58549,4769,90.61,63031,442,8.4,63506,37,0.7,63505,15,0.29,5511,75,5263,10020,8,6
1667991528,2022-11-09 04:58:48 -0600,a13f4801288cc4ef524408203909300f4668df64,TX,48059,2,2022-11-09T01:00:00.000Z,FIPSCode,48059,0,2022-11-09T10:46:47.392Z,8,75.0,8,100.0,58549,4769,90.61,63031,442,8.4,63506,37,0.7,63505,15,0.29,5511,75,5263,10020,8,6
1667991568,2022-11-09 04:59:28 -0600,33cbd0fb16bac410d3d8be329c1759839ee2bd9f,TX,48059,2,2022-11-09T01:00:00.000Z,FIPSCode,48059,0,2022-11-09T10:46:47.392Z,8,75.0,8,100.0,58549,4769,90.61,63031,442,8.4,63506,37,0.7,63505,15,0.29,5511,75,5263,10020,8,6
1667991608,2022-11-09 05:00:08 -0600,3f611dc22e70e34b02ef0e288a3370ae01bc6f2d,TX,48059,2,2022-11-09T01:00:00.000Z,FIPSCode,48059,0,2022-11-09T10:46:47.392Z,8,75.0,8,100.0,58549,4769,90.61,63031,442,8.4,63506,37,0.7,63505,15,0.29,5511,75,5263,10020,8,6
1667991648,2022-11-09 05:00:48 -0600,721f7f72d46bee92532ccf2d174cb32e0329f1bd,TX,48059,2,2022-11-09T01:00:00.000Z,FIPSCode,48059,0,2022-11-09T10:46:47.392Z,8,75.0,8,100.0,58549,4769,90.61,63031,442,8.4,63506,37,0.7,63505,15,0.29,5511,75,5263,10020,8,6
1667991688,2022-11-09 05:01:28 -0600,4fcd2ee3e3bcac0c1c2c10b7e0f6729c62750215,TX,48059,2,2022-11-09T01:00:00.000Z,FIPSCode,48059,0,2022-11-09T10:46:47.392Z,8,75.0,8,100.0,58549,4769,90.61,63031,442,8.4,63506,37,0.7,63505,15,0.29,5511,75,5263,10020,8,6
1667991728,2022-11-09 05:02:08 -0600,fa9f4eca65d0196b19eed1af63c7bf9ab65633e2,TX,48059,2,2022-11-09T01:00:00.000Z,FIPSCode,48059,0,2022-11-09T10:46:47.392Z,8,75.0,8,100.0,58549,4769,90.61,63031,442,8.4,63506,37,0.7,63505,15,0.29,5511,75,5263,10020,8,6
1667991767,2022-11-09 05:02:47 -0600,7f3a54a579d44f39363f4d9fef95e19dbc4ed9ac,TX,48059,2,2022-11-09T01:00:00.000Z,FIPSCode,48059,0,2022-11-09T10:46:47.392Z,8,75.0,8,100.0,58549,4769,90.61,63031,442,8.4,63506,37,0.7,63505,15,0.29,5511,75,5263,10020,8,6
1667991808,2022-11-09 05:03:28 -0600,6e79d4561ecabf659261f5e34d872fecf5e7fe40,TX,48059,2,2022-11-09T01:00:00.000Z,FIPSCode,48059,0,2022-11-09T10:46:47.392Z,8,75.0,8,100.0,58549,4769,90.61,63031,442,8.4,63506,37,0.7,63505,15,0.29,5511,75,5263,10020,8,6
1667991846,2022-11-09 05:04:06 -0600,aea2a3aeba1c2e2c54839f6f93ec469532385448,TX,48059,2,2022-11-09T01:00:00.000Z,FIPSCode,48059,0,2022-11-09T10:46:47.392Z,8,75.0,8,100.0,58549,4769,90.61,63031,442,8.4,63506,37,0.7,63505,15,0.29,5511,75,5263,10020,8,6
1667991888,2022-11-09 05:04:48 -0600,36d78ca8943d58722d37b0a3c1d57d5f86cee322,TX,48059,2,2022-11-09T01:00:00.000Z,FIPSCode,48059,0,2022-11-09T10:46:47.392Z,8,75.0,8,100.0,58549,4769,90.61,63031,442,8.4,63506,37,0.7,63505,15,0.29,5511,75,5263,10020,8,6
1667994271,2022-11-09 05:44:31 -0600,5864c1700baf17cbdd47156c55f3b9bc81d18496,TX,48059,2,2022-11-09T01:00:00.000Z,FIPSCode,48059,0,2022-11-09T11:30:05.525Z,8,75.0,8,100.0,58549,4769,90.61,63031,442,8.4,63506,37,0.7,63505,15,0.29,5511,75,5263,10020,8,6
1667994429,2022-11-09 05:47:09 -0600,2331ce4c03742a3d8969a782ac80ebfb5332bd38,TX,48059,2,2022-11-09T01:00:00.000Z,FIPSCode,48059,0,2022-11-09T11:30:05.525Z,8,75.0,8,100.0,58549,4769,90.61,63031,442,8.4,63506,37,0.7,63505,15,0.29,5511,75,5263,10020,8,6
1667994470,2022-11-09 05:47:50 -0600,570ab91e0b4f915de52baec619bfee4d14dcca3f,TX,48059,2,2022-11-09T01:00:00.000Z,FIPSCode,48059,0,2022-11-09T11:30:05.525Z,8,75.0,8,100.0,58549,4769,90.61,63031,442,8.4,63506,37,0.7,63505,15,0.29,5511,75,5263,10020,8,6
1667994510,2022-11-09 05:48:30 -0600,0e318c7cd7bd74a5c719fe3c4a14bcac84bd2b50,TX,48059,2,2022-11-09T01:00:00.000Z,FIPSCode,48059,0,2022-11-09T11:30:05.525Z,8,75.0,8,100.0,58549,4769,90.61,63031,442,8.4,63506,37,0.7,63505,15,0.29,5511,75,5263,10020,8,6
1667994551,2022-11-09 05:49:11 -0600,e6ad231bbcf9467c54ed7b0b386682a89c91c7ed,TX,48059,2,2022-11-09T01:00:00.000Z,FIPSCode,48059,0,2022-11-09T11:30:05.525Z,8,75.0,8,100.0,58549,4769,90.61,63031,442,8.4,63506,37,0.7,63505,15,0.29,5511,75,5263,10020,8,6
1667994592,2022-11-09 05:49:52 -0600,e66dd7317543120cf58fff247cdd54f156f92a68,TX,48059,2,2022-11-09T01:00:00.000Z,FIPSCode,48059,0,2022-11-09T11:30:05.525Z,8,75.0,8,100.0,58549,4769,90.61,63031,442,8.4,63506,37,0.7,63505,15,0.29,5511,75,5263,10020,8,6
1667994630,2022-11-09 05:50:30 -0600,1dcccfb8a698e990fd4d57c0a4146c2ccecda72b,TX,48059,2,2022-11-09T01:00:00.000Z,FIPSCode,48059,0,2022-11-09T11:30:05.525Z,8,75.0,8,100.0,58549,4769,90.61,63031,442,8.4,63506,37,0.7,63505,15,0.29,5511,75,5263,10020,8,6
1667994669,2022-11-09 05:51:09 -0600,180a7c35bdceb22f97b49157217a393232e5fa99,TX,48059,2,2022-11-09T01:00:00.000Z,FIPSCode,48059,0,2022-11-09T11:30:05.525Z,8,75.0,8,100.0,58549,4769,90.61,63031,442,8.4,63506,37,0.7,63505,15,0.29,5511,75,5263,10020,8,6
1667994708,2022-11-09 05:51:48 -0600,66060b3d2e5bdae91f679888203c8d3f20327697,TX,48059,2,2022-11-09T01:00:00.000Z,FIPSCode,48059,0,2022-11-09T11:30:05.525Z,8,75.0,8,100.0,58549,4769,90.61,63031,442,8.4,63506,37,0.7,63505,15,0.29,5511,75,5263,10020,8,6
1667994749,2022-11-09 05:52:29 -0600,148724610ce66af596333590b2c0815505e94ceb,TX,48059,2,2022-11-09T01:00:00.000Z,FIPSCode,48059,0,2022-11-09T11:30:05.525Z,8,75.0,8,100.0,58549,4769,90.61,63031,442,8.4,63506,37,0.7,63505,15,0.29,5511,75,5263,10020,8,6
1667994788,2022-11-09 05:53:08 -0600,2ed6ccd3159171c76e4eb41bed748d399372f8c9,TX,48059,2,2022-11-09T01:00:00.000Z,FIPSCode,48059,0,2022-11-09T11:30:05.525Z,8,75.0,8,100.0,58549,4769,90.61,63031,442,8.4,63506,37,0.7,63505,15,0.29,5511,75,5263,10020,8,6
1667994827,2022-11-09 05:53:47 -0600,57d0350cfd5dc4c4078a7c77cc7496df1dc2a82a,TX,48059,2,2022-11-09T01:00:00.000Z,FIPSCode,48059,0,2022-11-09T11:30:05.525Z,8,75.0,8,100.0,58549,4769,90.61,63031,442,8.4,63506,37,0.7,63505,15,0.29,5511,75,5263,10020,8,6
1667994867,2022-11-09 05:54:27 -0600,5e4ef8f938db46f968d602c9da608630954b1cd8,TX,48059,2,2022-11-09T01:00:00.000Z,FIPSCode,48059,0,2022-11-09T11:30:05.525Z,8,75.0,8,100.0,58549,4769,90.61,63031,442,8.4,63506,37,0.7,63505,15,0.29,5511,75,5263,10020,8,6
1667994906,2022-11-09 05:55:06 -0600,09d245d6d78f6d01b127983fa098ed9a182d90ff,TX,48059,2,2022-11-09T01:00:00.000Z,FIPSCode,48059,0,2022-11-09T11:30:05.525Z,8,75.0,8,100.0,58549,4769,90.61,63031,442,8.4,63506,37,0.7,63505,15,0.29,5511,75,5263,10020,8,6
1667994947,2022-11-09 05:55:47 -0600,47de35b3d5597d33669f6ae94b43dcd0f7dfb82b,TX,48059,2,2022-11-09T01:00:00.000Z,FIPSCode,48059,0,2022-11-09T11:30:05.525Z,8,75.0,8,100.0,58549,4769,90.61,63031,442,8.4,63506,37,0.7,63505,15,0.29,5511,75,5263,10020,8,6
1667995068,2022-11-09 05:57:48 -0600,86e7c02664819435e1a7b3730440c014f49e30f4,TX,48059,2,2022-11-09T01:00:00.000Z,FIPSCode,48059,0,2022-11-09T11:30:05.525Z,8,75.0,8,100.0,58549,4769,90.61,63031,442,8.4,63506,37,0.7,63505,15,0.29,5511,75,5263,10020,8,6
1667995107,2022-11-09 05:58:27 -0600,2a97b5b4e1ba2c5fd25f693b06cba9ca4a268eeb,TX,48059,2,2022-11-09T01:00:00.000Z,FIPSCode,48059,0,2022-11-09T11:30:05.525Z,8,75.0,8,100.0,58549,4769,90.61,63031,442,8.4,63506,37,0.7,63505,15,0.29,5511,75,5263,10020,8,6
1667995149,2022-11-09 05:59:09 -0600,49ca173451ab45cbf1950d34002bb074273e206d,TX,48059,2,2022-11-09T01:00:00.000Z,FIPSCode,48059,0,2022-11-09T11:30:05.525Z,8,75.0,8,100.0,58549,4769,90.61,63031,442,8.4,63506,37,0.7,63505,15,0.29,5511,75,5263,10020,8,6
1667995189,2022-11-09 05:59:49 -0600,5b5d2da7083e91ed76b58b01c898372966aa5369,TX,48059,2,2022-11-09T01:00:00.000Z,FIPSCode,48059,0,2022-11-09T11:30:05.525Z,8,75.0,8,100.0,58549,4769,90.61,63031,442,8.4,63506,37,0.7,63505,15,0.29,5511,75,5263,10020,8,6
1667995230,2022-11-09 06:00:30 -0600,65597c3d5c0d0f16c9cb86cea9093ff4e64f677b,TX,48059,2,2022-11-09T01:00:00.000Z,FIPSCode,48059,0,2022-11-09T11:30:05.525Z,8,75.0,8,100.0,58549,4769,90.61,63031,442,8.4,63506,37,0.7,63505,15,0.29,5511,75,5263,10020,8,6
1667995269,2022-11-09 06:01:09 -0600,b44ac677bcc11e2ff55c7df6cb863375ff98109b,TX,48059,2,2022-11-09T01:00:00.000Z,FIPSCode,48059,0,2022-11-09T11:30:05.525Z,8,75.0,8,100.0,58549,4769,90.61,63031,442,8.4,63506,37,0.7,63505,15,0.29,5511,75,5263,10020,8,6
1667995308,2022-11-09 06:01:48 -0600,f957326b2e72b4ce697c71a684d7ecbf8e94ff95,TX,48059,2,2022-11-09T01:00:00.000Z,FIPSCode,48059,0,2022-11-09T11:30:05.525Z,8,75.0,8,100.0,58549,4769,90.61,63031,442,8.4,63506,37,0.7,63505,15,0.29,5511,75,5263,10020,8,6
1667995348,2022-11-09 06:02:28 -0600,cc5f99ae0d5adc27ee657011f21f8c96241536e8,TX,48059,2,2022-11-09T01:00:00.000Z,FIPSCode,48059,0,2022-11-09T11:30:05.525Z,8,75.0,8,100.0,58549,4769,90.61,63031,442,8.4,63506,37,0.7,63505,15,0.29,5511,75,5263,10020,8,6
1667995387,2022-11-09 06:03:07 -0600,b0db8eee3ec3f41524a9adb8a2a20acb709b10c2,TX,48059,2,2022-11-09T01:00:00.000Z,FIPSCode,48059,0,2022-11-09T11:30:05.525Z,8,75.0,8,100.0,58549,4769,90.61,63031,442,8.4,63506,37,0.7,63505,15,0.29,5511,75,5263,10020,8,6
1667995426,2022-11-09 06:03:46 -0600,c3d9e1e62b42912007270359af2fb7d76f256a95,TX,48059,2,2022-11-09T01:00:00.000Z,FIPSCode,48059,0,2022-11-09T11:30:05.525Z,8,75.0,8,100.0,58549,4769,90.61,63031,442,8.4,63506,37,0.7,63505,15,0.29,5511,75,5263,10020,8,6
1667995465,2022-11-09 06:04:25 -0600,ca21b6ccb83d3182c93d66b0c663d6d840fe981c,TX,48059,2,2022-11-09T01:00:00.000Z,FIPSCode,48059,0,2022-11-09T11:30:05.525Z,8,75.0,8,100.0,58549,4769,90.61,63031,442,8.4,63506,37,0.7,63505,15,0.29,5511,75,5263,10020,8,6
1667995505,2022-11-09 06:05:05 -0600,de3dc32925c28f02d44d80a7b86061db3334d1ee,TX,48059,2,2022-11-09T01:00:00.000Z,FIPSCode,48059,0,2022-11-09T11:30:05.525Z,8,75.0,8,100.0,58549,4769,90.61,63031,442,8.4,63506,37,0.7,63505,15,0.29,5511,75,5263,10020,8,6
1667995548,2022-11-09 06:05:48 -0600,08bfcf4df862d9746c33888e597d539af4dbd2c0,TX,48059,2,2022-11-09T01:00:00.000Z,FIPSCode,48059,0,2022-11-09T11:30:05.525Z,8,75.0,8,100.0,58549,4769,90.61,63031,442,8.4,63506,37,0.7,63505,15,0.29,5511,75,5263,10020,8,6
1667995589,2022-11-09 06:06:29 -0600,2025f148fa354e45cf5b1ac8a4d30095a5f0adb2,TX,48059,2,2022-11-09T01:00:00.000Z,FIPSCode,48059,0,2022-11-09T11:30:05.525Z,8,75.0,8,100.0,58549,4769,90.61,63031,442,8.4,63506,37,0.7,63505,15,0.29,5511,75,5263,10020,8,6
1667995630,2022-11-09 06:07:10 -0600,c38d9d0c7fe9f059a75113f79e920eda770d6422,TX,48059,2,2022-11-09T01:00:00.000Z,FIPSCode,48059,0,2022-11-09T11:30:05.525Z,8,75.0,8,100.0,58549,4769,90.61,63031,442,8.4,63506,37,0.7,63505,15,0.29,5511,75,5263,10020,8,6
1667995670,2022-11-09 06:07:50 -0600,f3e1042f01812662009d6418ce8b4f288428fb82,TX,48059,2,2022-11-09T01:00:00.000Z,FIPSCode,48059,0,2022-11-09T11:30:05.525Z,8,75.0,8,100.0,58549,4769,90.61,63031,442,8.4,63506,37,0.7,63505,15,0.29,5511,75,5263,10020,8,6
1667995710,2022-11-09 06:08:30 -0600,962f3f394af10c453d233b04b469ae64bfc0d291,TX,48059,2,2022-11-09T01:00:00.000Z,FIPSCode,48059,0,2022-11-09T11:30:05.525Z,8,75.0,8,100.0,58549,4769,90.61,63031,442,8.4,63506,37,0.7,63505,15,0.29,5511,75,5263,10020,8,6
1667995750,2022-11-09 06:09:10 -0600,66abd8ec18a4a4455146be9e5f26128bbe9d0c97,TX,48059,2,2022-11-09T01:00:00.000Z,FIPSCode,48059,0,2022-11-09T11:30:05.525Z,8,75.0,8,100.0,58549,4769,90.61,63031,442,8.4,63506,37,0.7,63505,15,0.29,5511,75,5263,10020,8,6
1667995789,2022-11-09 06:09:49 -0600,6012c48e10e67e108b87dcb196d70450963d8ae9,TX,48059,2,2022-11-09T01:00:00.000Z,FIPSCode,48059,0,2022-11-09T11:30:05.525Z,8,75.0,8,100.0,58549,4769,90.61,63031,442,8.4,63506,37,0.7,63505,15,0.29,5511,75,5263,10020,8,6
1667995828,2022-11-09 06:10:28 -0600,307215f184b7f378fb36224093a2b665152da4fb,TX,48059,2,2022-11-09T01:00:00.000Z,FIPSCode,48059,0,2022-11-09T11:30:05.525Z,8,75.0,8,100.0,58549,4769,90.61,63031,442,8.4,63506,37,0.7,63505,15,0.29,5511,75,5263,10020,8,6
1667995869,2022-11-09 06:11:09 -0600,3b215528ad2b0581ceb8769b4d1b1c42bf065319,TX,48059,2,2022-11-09T01:00:00.000Z,FIPSCode,48059,0,2022-11-09T11:30:05.525Z,8,75.0,8,100.0,58549,4769,90.61,63031,442,8.4,63506,37,0.7,63505,15,0.29,5511,75,5263,10020,8,6
1667995909,2022-11-09 06:11:49 -0600,86fb714ad3def448162bea0ce7860ad4ab5804ce,TX,48059,2,2022-11-09T01:00:00.000Z,FIPSCode,48059,0,2022-11-09T11:30:05.525Z,8,75.0,8,100.0,58549,4769,90.61,63031,442,8.4,63506,37,0.7,63505,15,0.29,5511,75,5263,10020,8,6
1667995949,2022-11-09 06:12:29 -0600,fef8a2a975466905454860bba33cc6d7eb96defa,TX,48059,2,2022-11-09T01:00:00.000Z,FIPSCode,48059,0,2022-11-09T11:30:05.525Z,8,75.0,8,100.0,58549,4769,90.61,63031,442,8.4,63506,37,0.7,63505,15,0.29,5511,75,5263,10020,8,6
1667995991,2022-11-09 06:13:11 -0600,5e8f17747cd014c66d6629fde12e2ebb35517625,TX,48059,2,2022-11-09T01:00:00.000Z,FIPSCode,48059,0,2022-11-09T11:30:05.525Z,8,75.0,8,100.0,58549,4769,90.61,63031,442,8.4,63506,37,0.7,63505,15,0.29,5511,75,5263,10020,8,6
1667996030,2022-11-09 06:13:50 -0600,4c3e550975c316be14dbc1bf8dfd513204d39d72,TX,48059,2,2022-11-09T01:00:00.000Z,FIPSCode,48059,0,2022-11-09T11:30:05.525Z,8,75.0,8,100.0,58549,4769,90.61,63031,442,8.4,63506,37,0.7,63505,15,0.29,5511,75,5263,10020,8,6
1667996070,2022-11-09 06:14:30 -0600,9a70a1aae2765cd9a1b05877084cc0d5efa0a61a,TX,48059,2,2022-11-09T01:00:00.000Z,FIPSCode,48059,0,2022-11-09T12:13:17.908Z,8,75.0,8,100.0,58549,4769,90.61,63031,442,8.4,63506,37,0.7,63505,15,0.29,5316,75,5263,10020,8,6
1667996111,2022-11-09 06:15:11 -0600,fa58391b4460cd8a38ae5026370ae99cf8be7d71,TX,48059,2,2022-11-09T01:00:00.000Z,FIPSCode,48059,0,2022-11-09T12:13:17.908Z,8,75.0,8,100.0,58549,4769,90.61,63031,442,8.4,63506,37,0.7,63505,15,0.29,5316,75,5263,10020,8,6
1667996151,2022-11-09 06:15:51 -0600,f43ecce5f34940930ea8e86fa59e48783fc0e805,TX,48059,2,2022-11-09T01:00:00.000Z,FIPSCode,48059,0,2022-11-09T12:13:17.908Z,8,75.0,8,100.0,58549,4769,90.61,63031,442,8.4,63506,37,0.7,63505,15,0.29,5316,75,5263,10020,8,6
1667996193,2022-11-09 06:16:33 -0600,28e3ec10844b594254f975ce478ea7cf0a36394b,TX,48059,2,2022-11-09T01:00:00.000Z,FIPSCode,48059,0,2022-11-09T12:13:17.908Z,8,75.0,8,100.0,58549,4769,90.61,63031,442,8.4,63506,37,0.7,63505,15,0.29,5316,75,5263,10020,8,6
1667996231,2022-11-09 06:17:11 -0600,85312c3826ed165592e32c619b5be8817bd5c146,TX,48059,2,2022-11-09T01:00:00.000Z,FIPSCode,48059,0,2022-11-09T12:13:17.908Z,8,75.0,8,100.0,58549,4769,90.61,63031,442,8.4,63506,37,0.7,63505,15,0.29,5316,75,5263,10020,8,6
1667996273,2022-11-09 06:17:53 -0600,2ed015c6d3787e04d0973d50070f7f96b5dd006c,TX,48059,2,2022-11-09T01:00:00.000Z,FIPSCode,48059,0,2022-11-09T12:13:17.908Z,8,75.0,8,100.0,58549,4769,90.61,63031,442,8.4,63506,37,0.7,63505,15,0.29,5316,75,5263,10020,8,6
1667996313,2022-11-09 06:18:33 -0600,e9a13f150dcaa96e6c7dd3d8a266928e84e92409,TX,48059,2,2022-11-09T01:00:00.000Z,FIPSCode,48059,0,2022-11-09T12:13:17.908Z,8,75.0,8,100.0,58549,4769,90.61,63031,442,8.4,63506,37,0.7,63505,15,0.29,5316,75,5263,10020,8,6
1667996352,2022-11-09 06:19:12 -0600,92f2340f0c34b474cca4cfedf8a8b05e085b3030,TX,48059,2,2022-11-09T01:00:00.000Z,FIPSCode,48059,0,2022-11-09T12:13:17.908Z,8,75.0,8,100.0,58549,4769,90.61,63031,442,8.4,63506,37,0.7,63505,15,0.29,5316,75,5263,10020,8,6
1667996395,2022-11-09 06:19:55 -0600,d9e7beb5cf34798665cd100debfb30ec4eb697fa,TX,48059,2,2022-11-09T01:00:00.000Z,FIPSCode,48059,0,2022-11-09T12:13:17.908Z,8,75.0,8,100.0,58549,4769,90.61,63031,442,8.4,63506,37,0.7,63505,15,0.29,5316,75,5263,10020,8,6
1667996434,2022-11-09 06:20:34 -0600,874f2303adf5afcbff65558a6cc4a19905a534d3,TX,48059,2,2022-11-09T01:00:00.000Z,FIPSCode,48059,0,2022-11-09T12:13:17.908Z,8,75.0,8,100.0,58549,4769,90.61,63031,442,8.4,63506,37,0.7,63505,15,0.29,5316,75,5263,10020,8,6
1667996475,2022-11-09 06:21:15 -0600,3678215d63aaa3fdb30dbded7cb668153e64af41,TX,48059,2,2022-11-09T01:00:00.000Z,FIPSCode,48059,0,2022-11-09T12:13:17.908Z,8,75.0,8,100.0,58549,4769,90.61,63031,442,8.4,63506,37,0.7,63505,15,0.29,5316,75,5263,10020,8,6
1667996516,2022-11-09 06:21:56 -0600,54882b720f52ff19a1eb6601f2536c6cf4967df5,TX,48059,2,2022-11-09T01:00:00.000Z,FIPSCode,48059,0,2022-11-09T12:13:17.908Z,8,75.0,8,100.0,58549,4769,90.61,63031,442,8.4,63506,37,0.7,63505,15,0.29,5316,75,5263,10020,8,6
1667996558,2022-11-09 06:22:38 -0600,6ed410a7a425f22f9d63a92f2659d3edeff4d1d6,TX,48059,2,2022-11-09T01:00:00.000Z,FIPSCode,48059,0,2022-11-09T12:13:17.908Z,8,75.0,8,100.0,58549,4769,90.61,63031,442,8.4,63506,37,0.7,63505,15,0.29,5316,75,5263,10020,8,6
1667996598,2022-11-09 06:23:18 -0600,e026488316632a988d60d7a65b7a584a6760186a,TX,48059,2,2022-11-09T01:00:00.000Z,FIPSCode,48059,0,2022-11-09T12:13:17.908Z,8,75.0,8,100.0,58549,4769,90.61,63031,442,8.4,63506,37,0.7,63505,15,0.29,5316,75,5263,10020,8,6
1667996638,2022-11-09 06:23:58 -0600,86eab173e10119c32e3765793aa23aaf23c22c60,TX,48059,2,2022-11-09T01:00:00.000Z,FIPSCode,48059,0,2022-11-09T12:13:17.908Z,8,75.0,8,100.0,58549,4769,90.61,63031,442,8.4,63506,37,0.7,63505,15,0.29,5316,75,5263,10020,8,6
1667996677,2022-11-09 06:24:37 -0600,0439f76b60052e25de2ce950ead063a51f660e9d,TX,48059,2,2022-11-09T01:00:00.000Z,FIPSCode,48059,0,2022-11-09T12:13:17.908Z,8,75.0,8,100.0,58549,4769,90.61,63031,442,8.4,63506,37,0.7,63505,15,0.29,5316,75,5263,10020,8,6
1667996717,2022-11-09 06:25:17 -0600,f6875b979274587f92c879c527ce1d84e3ab5188,TX,48059,2,2022-11-09T01:00:00.000Z,FIPSCode,48059,0,2022-11-09T12:13:17.908Z,8,75.0,8,100.0,58549,4769,90.61,63031,442,8.4,63506,37,0.7,63505,15,0.29,5316,75,5263,10020,8,6
1667996758,2022-11-09 06:25:58 -0600,a3aad5a78cf89bbfb450f58ebedf39a84f11028b,TX,48059,2,2022-11-09T01:00:00.000Z,FIPSCode,48059,0,2022-11-09T12:13:17.908Z,8,75.0,8,100.0,58549,4769,90.61,63031,442,8.4,63506,37,0.7,63505,15,0.29,5316,75,5263,10020,8,6
1667996797,2022-11-09 06:26:37 -0600,8c48d5624981284a096830518fe601502dd817ac,TX,48059,2,2022-11-09T01:00:00.000Z,FIPSCode,48059,0,2022-11-09T12:13:17.908Z,8,75.0,8,100.0,58549,4769,90.61,63031,442,8.4,63506,37,0.7,63505,15,0.29,5316,75,5263,10020,8,6
1667996837,2022-11-09 06:27:17 -0600,dba8831f71df0fb9ca84579d6bff02f47b2f5d3f,TX,48059,2,2022-11-09T01:00:00.000Z,FIPSCode,48059,0,2022-11-09T12:13:17.908Z,8,75.0,8,100.0,58549,4769,90.61,63031,442,8.4,63506,37,0.7,63505,15,0.29,5316,75,5263,10020,8,6
1667996877,2022-11-09 06:27:57 -0600,3ab85577acef291668b0a0e772f749b84da89f24,TX,48059,2,2022-11-09T01:00:00.000Z,FIPSCode,48059,0,2022-11-09T12:13:17.908Z,8,75.0,8,100.0,58549,4769,90.61,63031,442,8.4,63506,37,0.7,63505,15,0.29,5316,75,5263,10020,8,6
1667996915,2022-11-09 06:28:35 -0600,6dc761aa7a3a47c558d607e38b2ad46f8af67a68,TX,48059,2,2022-11-09T01:00:00.000Z,FIPSCode,48059,0,2022-11-09T12:13:17.908Z,8,75.0,8,100.0,58549,4769,90.61,63031,442,8.4,63506,37,0.7,63505,15,0.29,5316,75,5263,10020,8,6
1667996956,2022-11-09 06:29:16 -0600,156650a19d4a324031c13efee2409a11d3b5e020,TX,48059,2,2022-11-09T01:00:00.000Z,FIPSCode,48059,0,2022-11-09T12:13:17.908Z,8,75.0,8,100.0,58549,4769,90.61,63031,442,8.4,63506,37,0.7,63505,15,0.29,5316,75,5263,10020,8,6
1667996995,2022-11-09 06:29:55 -0600,de4e815697c5d62bc19ad0161a399507e41c0e0b,TX,48059,2,2022-11-09T01:00:00.000Z,FIPSCode,48059,0,2022-11-09T12:13:17.908Z,8,75.0,8,100.0,58549,4769,90.61,63031,442,8.4,63506,37,0.7,63505,15,0.29,5316,75,5263,10020,8,6
1667997036,2022-11-09 06:30:36 -0600,cdacc4bec11b237d4aaf6d61e2d0e8e57d5bd0e4,TX,48059,2,2022-11-09T01:00:00.000Z,FIPSCode,48059,0,2022-11-09T12:13:17.908Z,8,75.0,8,100.0,58549,4769,90.61,63031,442,8.4,63506,37,0.7,63505,15,0.29,5316,75,5263,10020,8,6
1667997074,2022-11-09 06:31:14 -0600,d7450659f6282292927dcf89f6969214e4e4936e,TX,48059,2,2022-11-09T01:00:00.000Z,FIPSCode,48059,0,2022-11-09T12:13:17.908Z,8,75.0,8,100.0,58549,4769,90.61,63031,442,8.4,63506,37,0.7,63505,15,0.29,5316,75,5263,10020,8,6
1667997116,2022-11-09 06:31:56 -0600,4220d07bff6db3521db12f02acbfcbf32fd8aad9,TX,48059,2,2022-11-09T01:00:00.000Z,FIPSCode,48059,0,2022-11-09T12:13:17.908Z,8,75.0,8,100.0,58549,4769,90.61,63031,442,8.4,63506,37,0.7,63505,15,0.29,5316,75,5263,10020,8,6
1667997156,2022-11-09 06:32:36 -0600,76cbb1a4420f8ccf56e710b1abbaedd26f721b5e,TX,48059,2,2022-11-09T01:00:00.000Z,FIPSCode,48059,0,2022-11-09T12:13:17.908Z,8,75.0,8,100.0,58549,4769,90.61,63031,442,8.4,63506,37,0.7,63505,15,0.29,5316,75,5263,10020,8,6
1667997196,2022-11-09 06:33:16 -0600,46c7ed4c3d838ce57657c234967b0e5ad6bfed65,TX,48059,2,2022-11-09T01:00:00.000Z,FIPSCode,48059,0,2022-11-09T12:13:17.908Z,8,75.0,8,100.0,58549,4769,90.61,63031,442,8.4,63506,37,0.7,63505,15,0.29,5316,75,5263,10020,8,6
1667997236,2022-11-09 06:33:56 -0600,8da49e5e8b10891a31cf0309fdcd04810ff1cca1,TX,48059,2,2022-11-09T01:00:00.000Z,FIPSCode,48059,0,2022-11-09T12:13:17.908Z,8,75.0,8,100.0,58549,4769,90.61,63031,442,8.4,63506,37,0.7,63505,15,0.29,5316,75,5263,10020,8,6
1667997277,2022-11-09 06:34:37 -0600,f72ac4b6667ab414d059a70d7f9a1da37cdf1a5d,TX,48059,2,2022-11-09T01:00:00.000Z,FIPSCode,48059,0,2022-11-09T12:13:17.908Z,8,75.0,8,100.0,58549,4769,90.61,63031,442,8.4,63506,37,0.7,63505,15,0.29,5316,75,5263,10020,8,6
1667997316,2022-11-09 06:35:16 -0600,65cdc61e6cf9e290806b6595bb62c705ffa3bf39,TX,48059,2,2022-11-09T01:00:00.000Z,FIPSCode,48059,0,2022-11-09T12:13:17.908Z,8,75.0,8,100.0,58549,4769,90.61,63031,442,8.4,63506,37,0.7,63505,15,0.29,5316,75,5263,10020,8,6
1667997358,2022-11-09 06:35:58 -0600,fcb0838f3b70f5120e381c81b4077a6cbd197201,TX,48059,2,2022-11-09T01:00:00.000Z,FIPSCode,48059,0,2022-11-09T12:13:17.908Z,8,75.0,8,100.0,58549,4769,90.61,63031,442,8.4,63506,37,0.7,63505,15,0.29,5316,75,5263,10020,8,6
1667997396,2022-11-09 06:36:36 -0600,16bbf40be0575b4f2c38176de642f55cb902679f,TX,48059,2,2022-11-09T01:00:00.000Z,FIPSCode,48059,0,2022-11-09T12:13:17.908Z,8,75.0,8,100.0,58549,4769,90.61,63031,442,8.4,63506,37,0.7,63505,15,0.29,5316,75,5263,10020,8,6
1667997437,2022-11-09 06:37:17 -0600,59114d251c78ade40c37bc82b261a5985b669aca,TX,48059,2,2022-11-09T01:00:00.000Z,FIPSCode,48059,0,2022-11-09T12:13:17.908Z,8,75.0,8,100.0,58549,4769,90.61,63031,442,8.4,63506,37,0.7,63505,15,0.29,5316,75,5263,10020,8,6
1667997477,2022-11-09 06:37:57 -0600,20d52e1e0c285944447af9756e04cf1e2fd1f8d8,TX,48059,2,2022-11-09T01:00:00.000Z,FIPSCode,48059,0,2022-11-09T12:13:17.908Z,8,75.0,8,100.0,58549,4769,90.61,63031,442,8.4,63506,37,0.7,63505,15,0.29,5316,75,5263,10020,8,6
1667997517,2022-11-09 06:38:37 -0600,75d2c2095329c564b91d30743795d2ff655b7c5a,TX,48059,2,2022-11-09T01:00:00.000Z,FIPSCode,48059,0,2022-11-09T12:13:17.908Z,8,75.0,8,100.0,58549,4769,90.61,63031,442,8.4,63506,37,0.7,63505,15,0.29,5316,75,5263,10020,8,6
1667997556,2022-11-09 06:39:16 -0600,ba6011c094384d5534729a03a404c0cea5c7aea4,TX,48059,2,2022-11-09T01:00:00.000Z,FIPSCode,48059,0,2022-11-09T12:38:50.863Z,8,75.0,8,100.0,58549,4769,90.61,63031,442,8.4,63506,37,0.7,63505,15,0.29,5316,75,5263,10020,8,6
1667997595,2022-11-09 06:39:55 -0600,00b7b0be7639f9f231ec602b0dc72177d59393cd,TX,48059,2,2022-11-09T01:00:00.000Z,FIPSCode,48059,0,2022-11-09T12:38:50.863Z,8,75.0,8,100.0,58549,4769,90.61,63031,442,8.4,63506,37,0.7,63505,15,0.29,5316,75,5263,10020,8,6
1667997635,2022-11-09 06:40:35 -0600,483d8afc108d40a4d9250973903ade714f14d02d,TX,48059,2,2022-11-09T01:00:00.000Z,FIPSCode,48059,0,2022-11-09T12:38:50.863Z,8,75.0,8,100.0,58549,4769,90.61,63031,442,8.4,63506,37,0.7,63505,15,0.29,5316,75,5263,10020,8,6
1667997675,2022-11-09 06:41:15 -0600,f587540d6dd0e3926353b151f8bcf76cfe66bafb,TX,48059,2,2022-11-09T01:00:00.000Z,FIPSCode,48059,0,2022-11-09T12:40:50.374Z,8,75.0,8,100.0,58549,4769,90.61,63031,442,8.4,63506,37,0.7,63505,15,0.29,5316,75,5263,10020,8,6
1667997716,2022-11-09 06:41:56 -0600,5861750232be122a4c8ac10d1d48862833a69bd2,TX,48059,2,2022-11-09T01:00:00.000Z,FIPSCode,48059,0,2022-11-09T12:40:50.374Z,8,75.0,8,100.0,58549,4769,90.61,63031,442,8.4,63506,37,0.7,63505,15,0.29,5316,75,5263,10020,8,6
1667997757,2022-11-09 06:42:37 -0600,32e03596ced4acfb0926f7fd03591d958cf0e064,TX,48059,2,2022-11-09T01:00:00.000Z,FIPSCode,48059,0,2022-11-09T12:41:49.622Z,8,75.0,8,100.0,58549,4769,90.61,63031,442,8.4,63506,37,0.7,63505,15,0.29,5316,75,5263,10020,8,6
1667997797,2022-11-09 06:43:17 -0600,7131276310157f09e3dcc1803618f6653c6f2824,TX,48059,2,2022-11-09T01:00:00.000Z,FIPSCode,48059,0,2022-11-09T12:41:49.622Z,8,75.0,8,100.0,58549,4769,90.61,63031,442,8.4,63506,37,0.7,63505,15,0.29,5316,75,5263,10020,8,6
1667997837,2022-11-09 06:43:57 -0600,b811199be836a9630dd52c17ad2fe696b30cd23b,TX,48059,2,2022-11-09T01:00:00.000Z,FIPSCode,48059,0,2022-11-09T12:41:49.622Z,8,75.0,8,100.0,58549,4769,90.61,63031,442,8.4,63506,37,0.7,63505,15,0.29,5316,75,5263,10020,8,6
1667997878,2022-11-09 06:44:38 -0600,8b611d606153bf4ac53a13c45b1327d8b035cd8a,TX,48059,2,2022-11-09T01:00:00.000Z,FIPSCode,48059,0,2022-11-09T12:41:49.622Z,8,75.0,8,100.0,58549,4769,90.61,63031,442,8.4,63506,37,0.7,63505,15,0.29,5316,75,5263,10020,8,6
1667997917,2022-11-09 06:45:17 -0600,3d83f53ab5637f4fc806ec20922540cde12fb236,TX,48059,2,2022-11-09T01:00:00.000Z,FIPSCode,48059,0,2022-11-09T12:41:49.622Z,8,75.0,8,100.0,58549,4769,90.61,63031,442,8.4,63506,37,0.7,63505,15,0.29,5316,75,5263,10020,8,6
1667997958,2022-11-09 06:45:58 -0600,907216b011a9b854f49c915fd9ad5a5036e575ca,TX,48059,2,2022-11-09T01:00:00.000Z,FIPSCode,48059,0,2022-11-09T12:41:49.622Z,8,75.0,8,100.0,58549,4769,90.61,63031,442,8.4,63506,37,0.7,63505,15,0.29,5316,75,5263,10020,8,6
1667997998,2022-11-09 06:46:38 -0600,434560f182534d1b93c3ddc892b67bf9eab9a520,TX,48059,2,2022-11-09T01:00:00.000Z,FIPSCode,48059,0,2022-11-09T12:41:49.622Z,8,75.0,8,100.0,58549,4769,90.61,63031,442,8.4,63506,37,0.7,63505,15,0.29,5316,75,5263,10020,8,6
1667998037,2022-11-09 06:47:17 -0600,d4ab46cb06a0e0e83b45c49f009260912662fc6b,TX,48059,2,2022-11-09T01:00:00.000Z,FIPSCode,48059,0,2022-11-09T12:41:49.622Z,8,75.0,8,100.0,58549,4769,90.61,63031,442,8.4,63506,37,0.7,63505,15,0.29,5316,75,5263,10020,8,6
1667998076,2022-11-09 06:47:56 -0600,407678e26489b951ff177a269b97ea69f044149f,TX,48059,2,2022-11-09T01:00:00.000Z,FIPSCode,48059,0,2022-11-09T12:41:49.622Z,8,75.0,8,100.0,58549,4769,90.61,63031,442,8.4,63506,37,0.7,63505,15,0.29,5316,75,5263,10020,8,6
1667998116,2022-11-09 06:48:36 -0600,e0296a536ea9a86feeb5c91ba790e9ba234b38b0,TX,48059,2,2022-11-09T01:00:00.000Z,FIPSCode,48059,0,2022-11-09T12:41:49.622Z,8,75.0,8,100.0,58549,4769,90.61,63031,442,8.4,63506,37,0.7,63505,15,0.29,5316,75,5263,10020,8,6
1667998156,2022-11-09 06:49:16 -0600,de556223e3f68da516a63773ec673df2db13921d,TX,48059,2,2022-11-09T01:00:00.000Z,FIPSCode,48059,0,2022-11-09T12:41:49.622Z,8,75.0,8,100.0,58549,4769,90.61,63031,442,8.4,63506,37,0.7,63505,15,0.29,5316,75,5263,10020,8,6
1667998196,2022-11-09 06:49:56 -0600,20e89e72b97752fc05507942f1993a70418a2312,TX,48059,2,2022-11-09T01:00:00.000Z,FIPSCode,48059,0,2022-11-09T12:41:49.622Z,8,75.0,8,100.0,58549,4769,90.61,63031,442,8.4,63506,37,0.7,63505,15,0.29,5316,75,5263,10020,8,6
1667998237,2022-11-09 06:50:37 -0600,96eeacbc1be76aaa353a19d4df6e028406f148b8,TX,48059,2,2022-11-09T01:00:00.000Z,FIPSCode,48059,0,2022-11-09T12:41:49.622Z,8,75.0,8,100.0,58549,4769,90.61,63031,442,8.4,63506,37,0.7,63505,15,0.29,5316,75,5263,10020,8,6
1667998277,2022-11-09 06:51:17 -0600,454d73e111aa5f9ec82973f9220ba6974398d46b,TX,48059,2,2022-11-09T01:00:00.000Z,FIPSCode,48059,0,2022-11-09T12:41:49.622Z,8,75.0,8,100.0,58549,4769,90.61,63031,442,8.4,63506,37,0.7,63505,15,0.29,5316,75,5263,10020,8,6
1667998320,2022-11-09 06:52:00 -0600,2d4640ef3facece68b488254b9d3632e188cfcd1,TX,48059,2,2022-11-09T01:00:00.000Z,FIPSCode,48059,0,2022-11-09T12:41:49.622Z,8,75.0,8,100.0,58549,4769,90.61,63031,442,8.4,63506,37,0.7,63505,15,0.29,5316,75,5263,10020,8,6
1667998360,2022-11-09 06:52:40 -0600,a58fe5e482160272ae93301e588c5391355088af,TX,48059,2,2022-11-09T01:00:00.000Z,FIPSCode,48059,0,2022-11-09T12:41:49.622Z,8,75.0,8,100.0,58549,4769,90.61,63031,442,8.4,63506,37,0.7,63505,15,0.29,5316,75,5263,10020,8,6
1667998399,2022-11-09 06:53:19 -0600,1a00fb3584a3d5a185eef54e9bdb6d737f43a889,TX,48059,2,2022-11-09T01:00:00.000Z,FIPSCode,48059,0,2022-11-09T12:41:49.622Z,8,75.0,8,100.0,58549,4769,90.61,63031,442,8.4,63506,37,0.7,63505,15,0.29,5316,75,5263,10020,8,6
1667998439,2022-11-09 06:53:59 -0600,768bbb13f3ba2049e7b6fac3227b7b2850b84ee6,TX,48059,2,2022-11-09T01:00:00.000Z,FIPSCode,48059,0,2022-11-09T12:41:49.622Z,8,75.0,8,100.0,58549,4769,90.61,63031,442,8.4,63506,37,0.7,63505,15,0.29,5316,75,5263,10020,8,6
1667998479,2022-11-09 06:54:39 -0600,f6c03d14a4dcbae4a28cf2316f6d0d6054991567,TX,48059,2,2022-11-09T01:00:00.000Z,FIPSCode,48059,0,2022-11-09T12:41:49.622Z,8,75.0,8,100.0,58549,4769,90.61,63031,442,8.4,63506,37,0.7,63505,15,0.29,5316,75,5263,10020,8,6
1667998718,2022-11-09 06:58:38 -0600,a1890311c6f8674e147263a442b870ee1a8a8af0,TX,48059,2,2022-11-09T01:00:00.000Z,FIPSCode,48059,0,2022-11-09T12:41:49.622Z,8,75.0,8,100.0,58549,4769,90.61,63031,442,8.4,63506,37,0.7,63505,15,0.29,5316,75,5263,10020,8,6
1667998757,2022-11-09 06:59:17 -0600,c7cf533d5050ace66db09f09de5b571df0350496,TX,48059,2,2022-11-09T01:00:00.000Z,FIPSCode,48059,0,2022-11-09T12:41:49.622Z,8,75.0,8,100.0,58549,4769,90.61,63031,442,8.4,63506,37,0.7,63505,15,0.29,5316,75,5263,10020,8,6
1667998796,2022-11-09 06:59:56 -0600,1b267cf605ea0d2a1af9e88cb14981c20bac33d5,TX,48059,2,2022-11-09T01:00:00.000Z,FIPSCode,48059,0,2022-11-09T12:41:49.622Z,8,75.0,8,100.0,58549,4769,90.61,63031,442,8.4,63506,37,0.7,63505,15,0.29,5316,75,5263,10020,8,6
1667998835,2022-11-09 07:00:35 -0600,3f0dcd7c82a89c3ead07c6b01bce6ca5adf54501,TX,48059,2,2022-11-09T01:00:00.000Z,FIPSCode,48059,0,2022-11-09T12:41:49.622Z,8,75.0,8,100.0,58549,4769,90.61,63031,442,8.4,63506,37,0.7,63505,15,0.29,5316,75,5263,10020,8,6
1667998875,2022-11-09 07:01:15 -0600,0794fb8a2f5ddefbac283dc72431d858157fa565,TX,48059,2,2022-11-09T01:00:00.000Z,FIPSCode,48059,0,2022-11-09T12:41:49.622Z,8,75.0,8,100.0,58549,4769,90.61,63031,442,8.4,63506,37,0.7,63505,15,0.29,5316,75,5263,10020,8,6
1667998915,2022-11-09 07:01:55 -0600,885157fdec24f7c73ab17ec1c42b553007179baa,TX,48059,2,2022-11-09T01:00:00.000Z,FIPSCode,48059,0,2022-11-09T12:41:49.622Z,8,75.0,8,100.0,58549,4769,90.61,63031,442,8.4,63506,37,0.7,63505,15,0.29,5316,75,5263,10020,8,6
1667998956,2022-11-09 07:02:36 -0600,1f9ce3b9b0613a55d7dfb8ed3630012e0b149a34,TX,48059,2,2022-11-09T01:00:00.000Z,FIPSCode,48059,0,2022-11-09T12:41:49.622Z,8,75.0,8,100.0,58549,4769,90.61,63031,442,8.4,63506,37,0.7,63505,15,0.29,5316,75,5263,10020,8,6
1667998995,2022-11-09 07:03:15 -0600,878b4517f6f5454c3770299982f58418c141bf60,TX,48059,2,2022-11-09T01:00:00.000Z,FIPSCode,48059,0,2022-11-09T12:41:49.622Z,8,75.0,8,100.0,58549,4769,90.61,63031,442,8.4,63506,37,0.7,63505,15,0.29,5316,75,5263,10020,8,6
1667999039,2022-11-09 07:03:59 -0600,8643711f56a72e2a83edcd6bc96d12bfeee5fd1b,TX,48059,2,2022-11-09T01:00:00.000Z,FIPSCode,48059,0,2022-11-09T12:41:49.622Z,8,75.0,8,100.0,58549,4769,90.61,63031,442,8.4,63506,37,0.7,63505,15,0.29,5316,75,5263,10020,8,6
1667999077,2022-11-09 07:04:37 -0600,af5879868d27b44374e5ddda0d08bc550cf0d51b,TX,48059,2,2022-11-09T01:00:00.000Z,FIPSCode,48059,0,2022-11-09T12:41:49.622Z,8,75.0,8,100.0,58549,4769,90.61,63031,442,8.4,63506,37,0.7,63505,15,0.29,5316,75,5263,10020,8,6
1667999117,2022-11-09 07:05:17 -0600,d59adb8660bf70d84cd50d075d0c74682d076413,TX,48059,2,2022-11-09T01:00:00.000Z,FIPSCode,48059,0,2022-11-09T13:04:31.324Z,8,75.0,8,100.0,58549,4769,90.61,63031,442,8.4,63506,37,0.7,63505,15,0.29,5316,75,5263,10020,8,6
1667999156,2022-11-09 07:05:56 -0600,5c16ad99df9e5571e450c11970ca597d56b2f27a,TX,48059,2,2022-11-09T01:00:00.000Z,FIPSCode,48059,0,2022-11-09T13:05:29.819Z,8,75.0,8,100.0,58549,4769,90.61,63031,442,8.4,63506,37,0.7,63505,15,0.29,5316,75,5263,10020,8,6
1667999196,2022-11-09 07:06:36 -0600,33bfc87e0f48f1cae459e8972fd9a6d01601b11b,TX,48059,2,2022-11-09T01:00:00.000Z,FIPSCode,48059,0,2022-11-09T13:05:29.819Z,8,75.0,8,100.0,58549,4769,90.61,63031,442,8.4,63506,37,0.7,63505,15,0.29,5316,75,5263,10020,8,6
1667999235,2022-11-09 07:07:15 -0600,9210782d8a9e5fd21140da65c015156eefcaa04b,TX,48059,2,2022-11-09T01:00:00.000Z,FIPSCode,48059,0,2022-11-09T13:05:29.819Z,8,75.0,8,100.0,58549,4769,90.61,63031,442,8.4,63506,37,0.7,63505,15,0.29,5316,75,5263,10020,8,6
1667999276,2022-11-09 07:07:56 -0600,e2a3fe471e226419e3c4d1e27e96722f1689d00b,TX,48059,2,2022-11-09T01:00:00.000Z,FIPSCode,48059,0,2022-11-09T13:05:29.819Z,8,75.0,8,100.0,58549,4769,90.61,63031,442,8.4,63506,37,0.7,63505,15,0.29,5316,75,5263,10020,8,6
1667999316,2022-11-09 07:08:36 -0600,4d60c45a869869c92fca3290a7def0ecf4dbae04,TX,48059,2,2022-11-09T01:00:00.000Z,FIPSCode,48059,0,2022-11-09T13:05:29.819Z,8,75.0,8,100.0,58549,4769,90.61,63031,442,8.4,63506,37,0.7,63505,15,0.29,5316,75,5263,10020,8,6
1667999357,2022-11-09 07:09:17 -0600,977ec23e0da0e7ea1f4c81bdc0789fa1be14dfeb,TX,48059,2,2022-11-09T01:00:00.000Z,FIPSCode,48059,0,2022-11-09T13:05:29.819Z,8,75.0,8,100.0,58549,4769,90.61,63031,442,8.4,63506,37,0.7,63505,15,0.29,5316,75,5263,10020,8,6
1667999397,2022-11-09 07:09:57 -0600,536291a9b6476912f428250d170715904546dd22,TX,48059,2,2022-11-09T01:00:00.000Z,FIPSCode,48059,0,2022-11-09T13:05:29.819Z,8,75.0,8,100.0,58549,4769,90.61,63031,442,8.4,63506,37,0.7,63505,15,0.29,5316,75,5263,10020,8,6
1667999438,2022-11-09 07:10:38 -0600,db569a04d0c47bdf9e7648bbe385e655f632d145,TX,48059,2,2022-11-09T01:00:00.000Z,FIPSCode,48059,0,2022-11-09T13:05:29.819Z,8,75.0,8,100.0,58549,4769,90.61,63031,442,8.4,63506,37,0.7,63505,15,0.29,5316,75,5263,10020,8,6
1667999478,2022-11-09 07:11:18 -0600,4e3cae8aaffb92e2ba7019dc9b0393173ab36864,TX,48059,2,2022-11-09T01:00:00.000Z,FIPSCode,48059,0,2022-11-09T13:05:29.819Z,8,75.0,8,100.0,58549,4769,90.61,63031,442,8.4,63506,37,0.7,63505,15,0.29,5316,75,5263,10020,8,6
1667999519,2022-11-09 07:11:59 -0600,ada5895a321723a510d17b1d68fec133426d1890,TX,48059,2,2022-11-09T01:00:00.000Z,FIPSCode,48059,0,2022-11-09T13:05:29.819Z,8,75.0,8,100.0,58549,4769,90.61,63031,442,8.4,63506,37,0.7,63505,15,0.29,5316,75,5263,10020,8,6
1667999560,2022-11-09 07:12:40 -0600,49daef66c29bee7aa1a886fa04af4167fce34cf9,TX,48059,2,2022-11-09T01:00:00.000Z,FIPSCode,48059,0,2022-11-09T13:05:29.819Z,8,75.0,8,100.0,58549,4769,90.61,63031,442,8.4,63506,37,0.7,63505,15,0.29,5316,75,5263,10020,8,6
1667999601,2022-11-09 07:13:21 -0600,8816c73ae59275ec0a7adf18b607f3fa8e25d880,TX,48059,2,2022-11-09T01:00:00.000Z,FIPSCode,48059,0,2022-11-09T13:05:29.819Z,8,75.0,8,100.0,58549,4769,90.61,63031,442,8.4,63506,37,0.7,63505,15,0.29,5316,75,5263,10020,8,6
1667999640,2022-11-09 07:14:00 -0600,ff0160b92115291e8580594c8a3332a83d96ff92,TX,48059,2,2022-11-09T01:00:00.000Z,FIPSCode,48059,0,2022-11-09T13:05:29.819Z,8,75.0,8,100.0,58549,4769,90.61,63031,442,8.4,63506,37,0.7,63505,15,0.29,5316,75,5263,10020,8,6
1667999680,2022-11-09 07:14:40 -0600,b2dfa5053f20cad526376916cba2c12a4fecc0cc,TX,48059,2,2022-11-09T01:00:00.000Z,FIPSCode,48059,0,2022-11-09T13:05:29.819Z,8,75.0,8,100.0,58549,4769,90.61,63031,442,8.4,63506,37,0.7,63505,15,0.29,5316,75,5263,10020,8,6
1667999720,2022-11-09 07:15:20 -0600,c40ddc5dffa7c343b02b01f63de2c9ba2bcdefc9,TX,48059,2,2022-11-09T01:00:00.000Z,FIPSCode,48059,0,2022-11-09T13:05:29.819Z,8,75.0,8,100.0,58549,4769,90.61,63031,442,8.4,63506,37,0.7,63505,15,0.29,5316,75,5263,10020,8,6
1667999760,2022-11-09 07:16:00 -0600,e98bf06e249e5e12e2a396ab74d027839309f885,TX,48059,2,2022-11-09T01:00:00.000Z,FIPSCode,48059,0,2022-11-09T13:05:29.819Z,8,75.0,8,100.0,58549,4769,90.61,63031,442,8.4,63506,37,0.7,63505,15,0.29,5316,75,5263,10020,8,6
1667999800,2022-11-09 07:16:40 -0600,9ba81249801053c2733e185dcda00f31ecdd3d30,TX,48059,2,2022-11-09T01:00:00.000Z,FIPSCode,48059,0,2022-11-09T13:05:29.819Z,8,75.0,8,100.0,58549,4769,90.61,63031,442,8.4,63506,37,0.7,63505,15,0.29,5316,75,5263,10020,8,6
1667999840,2022-11-09 07:17:20 -0600,34618c1c471321c7794705d1c2e9e8a53102c26c,TX,48059,2,2022-11-09T01:00:00.000Z,FIPSCode,48059,0,2022-11-09T13:05:29.819Z,8,75.0,8,100.0,58549,4769,90.61,63031,442,8.4,63506,37,0.7,63505,15,0.29,5316,75,5263,10020,8,6
1667999881,2022-11-09 07:18:01 -0600,b8df4dccbca32f7a29673c3e4c5e5eb60f47ec69,TX,48059,2,2022-11-09T01:00:00.000Z,FIPSCode,48059,0,2022-11-09T13:05:29.819Z,8,75.0,8,100.0,58549,4769,90.61,63031,442,8.4,63506,37,0.7,63505,15,0.29,5316,75,5263,10020,8,6
1667999922,2022-11-09 07:18:42 -0600,0f51f0a16ec4b62851dbf036d5fcc9d97c15bbd6,TX,48059,2,2022-11-09T01:00:00.000Z,FIPSCode,48059,0,2022-11-09T13:05:29.819Z,8,75.0,8,100.0,58549,4769,90.61,63031,442,8.4,63506,37,0.7,63505,15,0.29,5316,75,5263,10020,8,6
1667999961,2022-11-09 07:19:21 -0600,15515f859881570a03c648c10e6900e2fa3fa652,TX,48059,2,2022-11-09T01:00:00.000Z,FIPSCode,48059,0,2022-11-09T13:05:29.819Z,8,75.0,8,100.0,58549,4769,90.61,63031,442,8.4,63506,37,0.7,63505,15,0.29,5316,75,5263,10020,8,6
1668000002,2022-11-09 07:20:02 -0600,d7575821dbf2e200969b301d53f4684cf5a6145c,TX,48059,2,2022-11-09T01:00:00.000Z,FIPSCode,48059,0,2022-11-09T13:05:29.819Z,8,75.0,8,100.0,58549,4769,90.61,63031,442,8.4,63506,37,0.7,63505,15,0.29,5316,75,5263,10020,8,6
1668000042,2022-11-09 07:20:42 -0600,e58537b49d1289ab7e9a0a9926fbd7c713bdfddb,TX,48059,2,2022-11-09T01:00:00.000Z,FIPSCode,48059,0,2022-11-09T13:05:29.819Z,8,75.0,8,100.0,58549,4769,90.61,63031,442,8.4,63506,37,0.7,63505,15,0.29,5316,75,5263,10020,8,6
1668000083,2022-11-09 07:21:23 -0600,cd15fa44ef86c92ad60e6b0fe8210797c111ce2f,TX,48059,2,2022-11-09T01:00:00.000Z,FIPSCode,48059,0,2022-11-09T13:05:29.819Z,8,75.0,8,100.0,58549,4769,90.61,63031,442,8.4,63506,37,0.7,63505,15,0.29,5316,75,5263,10020,8,6
1668000122,2022-11-09 07:22:02 -0600,a0e93c877402a2e7ef2b6ab1b580586b3eb8ad65,TX,48059,2,2022-11-09T01:00:00.000Z,FIPSCode,48059,0,2022-11-09T13:05:29.819Z,8,75.0,8,100.0,58549,4769,90.61,63031,442,8.4,63506,37,0.7,63505,15,0.29,5316,75,5263,10020,8,6
1668000162,2022-11-09 07:22:42 -0600,7a251b7d6b70b4cf4d74b501509d2b4d23090f7a,TX,48059,2,2022-11-09T01:00:00.000Z,FIPSCode,48059,0,2022-11-09T13:05:29.819Z,8,75.0,8,100.0,58549,4769,90.61,63031,442,8.4,63506,37,0.7,63505,15,0.29,5316,75,5263,10020,8,6
1668000202,2022-11-09 07:23:22 -0600,5f13dc48753cd7b9b4c8b2925891a31750953d21,TX,48059,2,2022-11-09T01:00:00.000Z,FIPSCode,48059,0,2022-11-09T13:22:51.445Z,8,75.0,8,100.0,58549,4769,90.61,63031,442,8.4,63506,37,0.7,63505,15,0.29,5316,75,5263,10020,8,6
1668000243,2022-11-09 07:24:03 -0600,3b034baf5e4e96b16616f7a54172fc9b6d8151e2,TX,48059,2,2022-11-09T01:00:00.000Z,FIPSCode,48059,0,2022-11-09T13:22:51.445Z,8,75.0,8,100.0,58549,4769,90.61,63031,442,8.4,63506,37,0.7,63505,15,0.29,5316,75,5263,10020,8,6
1668000282,2022-11-09 07:24:42 -0600,4d67ee3f9d1d38ac5af31bd9aa0b53cc7ab0e973,TX,48059,2,2022-11-09T01:00:00.000Z,FIPSCode,48059,0,2022-11-09T13:22:51.445Z,8,75.0,8,100.0,58549,4769,90.61,63031,442,8.4,63506,37,0.7,63505,15,0.29,5316,75,5263,10020,8,6
1668000322,2022-11-09 07:25:22 -0600,7c26f67da4d5ba72e79ff82c005c99a182977590,TX,48059,2,2022-11-09T01:00:00.000Z,FIPSCode,48059,0,2022-11-09T13:24:48.568Z,8,75.0,8,100.0,58549,4769,90.61,63031,442,8.4,63506,37,0.7,63505,15,0.29,5316,75,5263,10020,8,6
1668000362,2022-11-09 07:26:02 -0600,38f37edd53633e400e00c1099cdca86e62e745de,TX,48059,2,2022-11-09T01:00:00.000Z,FIPSCode,48059,0,2022-11-09T13:24:48.568Z,8,75.0,8,100.0,58549,4769,90.61,63031,442,8.4,63506,37,0.7,63505,15,0.29,5316,75,5263,10020,8,6
1668000402,2022-11-09 07:26:42 -0600,df3887495baf385ed5f7d0e530cab48cb86eeca6,TX,48059,2,2022-11-09T01:00:00.000Z,FIPSCode,48059,0,2022-11-09T13:24:48.568Z,8,75.0,8,100.0,58549,4769,90.61,63031,442,8.4,63506,37,0.7,63505,15,0.29,5316,75,5263,10020,8,6
1668000444,2022-11-09 07:27:24 -0600,3a586e35b11e7744a2a248a3b3e8f6b8cc1bc13d,TX,48059,2,2022-11-09T01:00:00.000Z,FIPSCode,48059,0,2022-11-09T13:24:48.568Z,8,75.0,8,100.0,58549,4769,90.61,63031,442,8.4,63506,37,0.7,63505,15,0.29,5316,75,5263,10020,8,6
1668000484,2022-11-09 07:28:04 -0600,fe7b41478177bb6dbad04b1a40eb120ab703994a,TX,48059,2,2022-11-09T01:00:00.000Z,FIPSCode,48059,0,2022-11-09T13:24:48.568Z,8,75.0,8,100.0,58549,4769,90.61,63031,442,8.4,63506,37,0.7,63505,15,0.29,5316,75,5263,10020,8,6
1668000524,2022-11-09 07:28:44 -0600,6cad24c1cb91a404cd391a3b99bdea545482262f,TX,48059,2,2022-11-09T01:00:00.000Z,FIPSCode,48059,0,2022-11-09T13:24:48.568Z,8,75.0,8,100.0,58549,4769,90.61,63031,442,8.4,63506,37,0.7,63505,15,0.29,5316,75,5263,10020,8,6
1668000564,2022-11-09 07:29:24 -0600,bc3c916cd3a00edffbff42272b897d4760642321,TX,48059,2,2022-11-09T01:00:00.000Z,FIPSCode,48059,0,2022-11-09T13:24:48.568Z,8,75.0,8,100.0,58549,4769,90.61,63031,442,8.4,63506,37,0.7,63505,15,0.29,5316,75,5263,10020,8,6
1668000605,2022-11-09 07:30:05 -0600,29aeb662faf55b08cdddf215cb7d81100e196d09,TX,48059,2,2022-11-09T01:00:00.000Z,FIPSCode,48059,0,2022-11-09T13:24:48.568Z,8,75.0,8,100.0,58549,4769,90.61,63031,442,8.4,63506,37,0.7,63505,15,0.29,5316,75,5263,10020,8,6
1668000644,2022-11-09 07:30:44 -0600,8af43fb2232687adf79db96595e5fd04e41d678f,TX,48059,2,2022-11-09T01:00:00.000Z,FIPSCode,48059,0,2022-11-09T13:24:48.568Z,8,75.0,8,100.0,58549,4769,90.61,63031,442,8.4,63506,37,0.7,63505,15,0.29,5316,75,5263,10020,8,6
1668000684,2022-11-09 07:31:24 -0600,aecc9014ac0e43a8d3258376cad227cba7cf58c3,TX,48059,2,2022-11-09T01:00:00.000Z,FIPSCode,48059,0,2022-11-09T13:24:48.568Z,8,75.0,8,100.0,58549,4769,90.61,63031,442,8.4,63506,37,0.7,63505,15,0.29,5316,75,5263,10020,8,6
1668000726,2022-11-09 07:32:06 -0600,0e612da0c362a9261eaf72fefb7efb4c87c74054,TX,48059,2,2022-11-09T01:00:00.000Z,FIPSCode,48059,0,2022-11-09T13:24:48.568Z,8,75.0,8,100.0,58549,4769,90.61,63031,442,8.4,63506,37,0.7,63505,15,0.29,5316,75,5263,10020,8,6
1668000766,2022-11-09 07:32:46 -0600,8a120f72c9059f15cf03ad99f6428796d750e322,TX,48059,2,2022-11-09T01:00:00.000Z,FIPSCode,48059,0,2022-11-09T13:24:48.568Z,8,75.0,8,100.0,58549,4769,90.61,63031,442,8.4,63506,37,0.7,63505,15,0.29,5316,75,5263,10020,8,6
1668000808,2022-11-09 07:33:28 -0600,e37e7dd51500ae064e1d7d299e2f4f949ac8bcac,TX,48059,2,2022-11-09T01:00:00.000Z,FIPSCode,48059,0,2022-11-09T13:24:48.568Z,8,75.0,8,100.0,58549,4769,90.61,63031,442,8.4,63506,37,0.7,63505,15,0.29,5316,75,5263,10020,8,6
1668000847,2022-11-09 07:34:07 -0600,d77034621e10bd64e15b52aa189c6ae6979d14ea,TX,48059,2,2022-11-09T01:00:00.000Z,FIPSCode,48059,0,2022-11-09T13:24:48.568Z,8,75.0,8,100.0,58549,4769,90.61,63031,442,8.4,63506,37,0.7,63505,15,0.29,5316,75,5263,10020,8,6
1668000887,2022-11-09 07:34:47 -0600,9bc9a52ef2eb115df55b19f59b85f6115e336d46,TX,48059,2,2022-11-09T01:00:00.000Z,FIPSCode,48059,0,2022-11-09T13:24:48.568Z,8,75.0,8,100.0,58549,4769,90.61,63031,442,8.4,63506,37,0.7,63505,15,0.29,5316,75,5263,10020,8,6
1668000926,2022-11-09 07:35:26 -0600,6784c31a514f354cc584d28eed6002ae74af130e,TX,48059,2,2022-11-09T01:00:00.000Z,FIPSCode,48059,0,2022-11-09T13:24:48.568Z,8,75.0,8,100.0,58549,4769,90.61,63031,442,8.4,63506,37,0.7,63505,15,0.29,5316,75,5263,10020,8,6
1668000966,2022-11-09 07:36:06 -0600,8dc7d48577a854089c816b9df8b3100b640062e1,TX,48059,2,2022-11-09T01:00:00.000Z,FIPSCode,48059,0,2022-11-09T13:24:48.568Z,8,75.0,8,100.0,58549,4769,90.61,63031,442,8.4,63506,37,0.7,63505,15,0.29,5316,75,5263,10020,8,6
1668001085,2022-11-09 07:38:05 -0600,b9e6b6e893935309e67b17b865f01027379224d4,TX,48059,2,2022-11-09T01:00:00.000Z,FIPSCode,48059,0,2022-11-09T13:36:29.295Z,8,75.0,8,100.0,58549,4769,90.61,63031,442,8.4,63506,37,0.7,63505,15,0.29,5316,75,5263,10020,8,6
1668001127,2022-11-09 07:38:47 -0600,e7c2cede1a162e78640a193d499d089eaff4caa2,TX,48059,2,2022-11-09T01:00:00.000Z,FIPSCode,48059,0,2022-11-09T13:37:53.708Z,8,75.0,8,100.0,58549,4769,90.61,63031,442,8.4,63506,37,0.7,63505,15,0.29,5316,75,5263,10020,8,6
1668001166,2022-11-09 07:39:26 -0600,208f134c744a9ccd21ea92c4832b2302e475c455,TX,48059,2,2022-11-09T01:00:00.000Z,FIPSCode,48059,0,2022-11-09T13:37:53.708Z,8,75.0,8,100.0,58549,4769,90.61,63031,442,8.4,63506,37,0.7,63505,15,0.29,5316,75,5263,10020,8,6
1668001206,2022-11-09 07:40:06 -0600,09a765f9b2c655b9d6f4a6e75e4c893cc4b6cb51,TX,48059,2,2022-11-09T01:00:00.000Z,FIPSCode,48059,0,2022-11-09T13:37:53.708Z,8,75.0,8,100.0,58549,4769,90.61,63031,442,8.4,63506,37,0.7,63505,15,0.29,5316,75,5263,10020,8,6
1668001245,2022-11-09 07:40:45 -0600,91a83d0e0a4ec0595f3415a92593517818fbc192,TX,48059,2,2022-11-09T01:00:00.000Z,FIPSCode,48059,0,2022-11-09T13:37:53.708Z,8,75.0,8,100.0,58549,4769,90.61,63031,442,8.4,63506,37,0.7,63505,15,0.29,5316,75,5263,10020,8,6
1668001284,2022-11-09 07:41:24 -0600,975986d18eab06f24cbb363ee7f8588f518aeb55,TX,48059,2,2022-11-09T01:00:00.000Z,FIPSCode,48059,0,2022-11-09T13:37:53.708Z,8,75.0,8,100.0,58549,4769,90.61,63031,442,8.4,63506,37,0.7,63505,15,0.29,5316,75,5263,10020,8,6
1668001324,2022-11-09 07:42:04 -0600,249e7ab43e80cd6fe5da7ff00358168a7221893e,TX,48059,2,2022-11-09T01:00:00.000Z,FIPSCode,48059,0,2022-11-09T13:37:53.708Z,8,75.0,8,100.0,58549,4769,90.61,63031,442,8.4,63506,37,0.7,63505,15,0.29,5316,75,5263,10020,8,6
1668001364,2022-11-09 07:42:44 -0600,3518cab4e05d54daa733f93cb1edd6fbf39ccb6a,TX,48059,2,2022-11-09T01:00:00.000Z,FIPSCode,48059,0,2022-11-09T13:37:53.708Z,8,75.0,8,100.0,58549,4769,90.61,63031,442,8.4,63506,37,0.7,63505,15,0.29,5316,75,5263,10020,8,6
1668001404,2022-11-09 07:43:24 -0600,a0eef1a5ac824ed4e9db62fe359950b89b8a01de,TX,48059,2,2022-11-09T01:00:00.000Z,FIPSCode,48059,0,2022-11-09T13:37:53.708Z,8,75.0,8,100.0,58549,4769,90.61,63031,442,8.4,63506,37,0.7,63505,15,0.29,5316,75,5263,10020,8,6
1668001444,2022-11-09 07:44:04 -0600,b791ed2e7cab7e19098d5e8916e5a1ece6db64f0,TX,48059,2,2022-11-09T01:00:00.000Z,FIPSCode,48059,0,2022-11-09T13:37:53.708Z,8,75.0,8,100.0,58549,4769,90.61,63031,442,8.4,63506,37,0.7,63505,15,0.29,5316,75,5263,10020,8,6
1668001484,2022-11-09 07:44:44 -0600,fe26d541d0135994372779f4227aa2999a1508b4,TX,48059,2,2022-11-09T01:00:00.000Z,FIPSCode,48059,0,2022-11-09T13:37:53.708Z,8,75.0,8,100.0,58549,4769,90.61,63031,442,8.4,63506,37,0.7,63505,15,0.29,5316,75,5263,10020,8,6
1668001525,2022-11-09 07:45:25 -0600,fc4674ab44f4b8444e9bba0ce0b54cb745fd4944,TX,48059,2,2022-11-09T01:00:00.000Z,FIPSCode,48059,0,2022-11-09T13:37:53.708Z,8,75.0,8,100.0,58549,4769,90.61,63031,442,8.4,63506,37,0.7,63505,15,0.29,5316,75,5263,10020,8,6
1668001564,2022-11-09 07:46:04 -0600,76f6353ce65fa8a09e7de4c600240dbe12492f27,TX,48059,2,2022-11-09T01:00:00.000Z,FIPSCode,48059,0,2022-11-09T13:37:53.708Z,8,75.0,8,100.0,58549,4769,90.61,63031,442,8.4,63506,37,0.7,63505,15,0.29,5316,75,5263,10020,8,6
1668001605,2022-11-09 07:46:45 -0600,47c9755e563b80c8c620fca9a94387278fc27481,TX,48059,2,2022-11-09T01:00:00.000Z,FIPSCode,48059,0,2022-11-09T13:37:53.708Z,8,75.0,8,100.0,58549,4769,90.61,63031,442,8.4,63506,37,0.7,63505,15,0.29,5316,75,5263,10020,8,6
1668001645,2022-11-09 07:47:25 -0600,ebed161a3b83957b2acca3a487e0d252fb93665c,TX,48059,2,2022-11-09T01:00:00.000Z,FIPSCode,48059,0,2022-11-09T13:37:53.708Z,8,75.0,8,100.0,58549,4769,90.61,63031,442,8.4,63506,37,0.7,63505,15,0.29,5316,75,5263,10020,8,6
1668001687,2022-11-09 07:48:07 -0600,791f136e7a6c81de75aa536d031f0275a558b16f,TX,48059,2,2022-11-09T01:00:00.000Z,FIPSCode,48059,0,2022-11-09T13:37:53.708Z,8,75.0,8,100.0,58549,4769,90.61,63031,442,8.4,63506,37,0.7,63505,15,0.29,5316,75,5263,10020,8,6
1668001726,2022-11-09 07:48:46 -0600,29b4123a64d40d30f5a30f36cef5dd1a632e7545,TX,48059,2,2022-11-09T01:00:00.000Z,FIPSCode,48059,0,2022-11-09T13:37:53.708Z,8,75.0,8,100.0,58549,4769,90.61,63031,442,8.4,63506,37,0.7,63505,15,0.29,5316,75,5263,10020,8,6
1668001766,2022-11-09 07:49:26 -0600,6d35488327dc9640d3700ae299d64cb6bac26280,TX,48059,2,2022-11-09T01:00:00.000Z,FIPSCode,48059,0,2022-11-09T13:37:53.708Z,8,75.0,8,100.0,58549,4769,90.61,63031,442,8.4,63506,37,0.7,63505,15,0.29,5316,75,5263,10020,8,6
1668001805,2022-11-09 07:50:05 -0600,24de70c603e53a363baa019f62f7baa1ab381f93,TX,48059,2,2022-11-09T01:00:00.000Z,FIPSCode,48059,0,2022-11-09T13:37:53.708Z,8,75.0,8,100.0,58549,4769,90.61,63031,442,8.4,63506,37,0.7,63505,15,0.29,5316,75,5263,10020,8,6
1668001845,2022-11-09 07:50:45 -0600,e32c497307887ba40ff28b886d6f756f9d70de52,TX,48059,2,2022-11-09T01:00:00.000Z,FIPSCode,48059,0,2022-11-09T13:37:53.708Z,8,75.0,8,100.0,58549,4769,90.61,63031,442,8.4,63506,37,0.7,63505,15,0.29,5316,75,5263,10020,8,6
1668001886,2022-11-09 07:51:26 -0600,d4fcd5474557d6bfbea87edfa413855f972ff77d,TX,48059,2,2022-11-09T01:00:00.000Z,FIPSCode,48059,0,2022-11-09T13:37:53.708Z,8,75.0,8,100.0,58549,4769,90.61,63031,442,8.4,63506,37,0.7,63505,15,0.29,5316,75,5263,10020,8,6
1668001927,2022-11-09 07:52:07 -0600,2c1fcdfc6f72c70adc50473b6a3727a7bd770a64,TX,48059,2,2022-11-09T01:00:00.000Z,FIPSCode,48059,0,2022-11-09T13:51:49.904Z,8,75.0,8,100.0,58549,4769,90.61,63031,442,8.4,63506,37,0.7,63505,15,0.29,5316,75,5263,10020,8,6
1668001965,2022-11-09 07:52:45 -0600,3953ba4db1ba4b9998cd5ffd51a3ee33a833a6b9,TX,48059,2,2022-11-09T01:00:00.000Z,FIPSCode,48059,0,2022-11-09T13:51:49.904Z,8,75.0,8,100.0,58549,4769,90.61,63031,442,8.4,63506,37,0.7,63505,15,0.29,5316,75,5263,10020,8,6
1668002005,2022-11-09 07:53:25 -0600,b0c6e8d8ad99c39fa74bb85e522c86501e5df9c1,TX,48059,2,2022-11-09T01:00:00.000Z,FIPSCode,48059,0,2022-11-09T13:52:53.582Z,8,75.0,8,100.0,58549,4769,90.61,63031,442,8.4,63506,37,0.7,63505,15,0.29,5316,75,5263,10020,8,6
1668002046,2022-11-09 07:54:06 -0600,951596907fd105004123ebe5d8b63441de2163cf,TX,48059,2,2022-11-09T01:00:00.000Z,FIPSCode,48059,0,2022-11-09T13:52:53.582Z,8,75.0,8,100.0,58549,4769,90.61,63031,442,8.4,63506,37,0.7,63505,15,0.29,5316,75,5263,10020,8,6
1668002087,2022-11-09 07:54:47 -0600,d36b2e29567668c84d9c6dcd74ee6215ba97a61d,TX,48059,2,2022-11-09T01:00:00.000Z,FIPSCode,48059,0,2022-11-09T13:52:53.582Z,8,75.0,8,100.0,58549,4769,90.61,63031,442,8.4,63506,37,0.7,63505,15,0.29,5316,75,5263,10020,8,6
1668002128,2022-11-09 07:55:28 -0600,28c2c580aafe4784e4ea170e49296210eb162413,TX,48059,2,2022-11-09T01:00:00.000Z,FIPSCode,48059,0,2022-11-09T13:52:53.582Z,8,75.0,8,100.0,58549,4769,90.61,63031,442,8.4,63506,37,0.7,63505,15,0.29,5316,75,5263,10020,8,6
1668002167,2022-11-09 07:56:07 -0600,e9606997605b5c8cba6c00f3657b7f4ad417bee0,TX,48059,2,2022-11-09T01:00:00.000Z,FIPSCode,48059,0,2022-11-09T13:55:30.871Z,8,75.0,8,100.0,58549,4769,90.61,63031,442,8.4,63506,37,0.7,63505,15,0.29,5316,75,5263,10020,8,6
1668002208,2022-11-09 07:56:48 -0600,45d49fb9bee2119e5bc9a55f17fdd6327a8348ec,TX,48059,2,2022-11-09T01:00:00.000Z,FIPSCode,48059,0,2022-11-09T13:55:30.871Z,8,75.0,8,100.0,58549,4769,90.61,63031,442,8.4,63506,37,0.7,63505,15,0.29,5316,75,5263,10020,8,6
1668002247,2022-11-09 07:57:27 -0600,f33c9ebdf474f431e7e2d4bd97d5e9867ec3a9dc,TX,48059,2,2022-11-09T01:00:00.000Z,FIPSCode,48059,0,2022-11-09T13:55:30.871Z,8,75.0,8,100.0,58549,4769,90.61,63031,442,8.4,63506,37,0.7,63505,15,0.29,5316,75,5263,10020,8,6
1668002288,2022-11-09 07:58:08 -0600,bf9a9fb118901a4aad4d912e610f4bf7abfb403e,TX,48059,2,2022-11-09T01:00:00.000Z,FIPSCode,48059,0,2022-11-09T13:55:30.871Z,8,75.0,8,100.0,58549,4769,90.61,63031,442,8.4,63506,37,0.7,63505,15,0.29,5316,75,5263,10020,8,6
1668002327,2022-11-09 07:58:47 -0600,c97452e41f892f775385997ba0b7e37cc3f6a951,TX,48059,2,2022-11-09T01:00:00.000Z,FIPSCode,48059,0,2022-11-09T13:55:30.871Z,8,75.0,8,100.0,58549,4769,90.61,63031,442,8.4,63506,37,0.7,63505,15,0.29,5316,75,5263,10020,8,6
1668002367,2022-11-09 07:59:27 -0600,62f03cd7cc8861f07b2b3586aa7bd8c6f55edeb0,TX,48059,2,2022-11-09T01:00:00.000Z,FIPSCode,48059,0,2022-11-09T13:55:30.871Z,8,75.0,8,100.0,58549,4769,90.61,63031,442,8.4,63506,37,0.7,63505,15,0.29,5316,75,5263,10020,8,6
1668002407,2022-11-09 08:00:07 -0600,29d796ec09341971b69a4b836fdf6cd7f41dc58d,TX,48059,2,2022-11-09T01:00:00.000Z,FIPSCode,48059,0,2022-11-09T13:55:30.871Z,8,75.0,8,100.0,58549,4769,90.61,63031,442,8.4,63506,37,0.7,63505,15,0.29,5316,75,5263,10020,8,6
1668002447,2022-11-09 08:00:47 -0600,6b6e6bf83815b2339ebcf98670b91beb88869bd3,TX,48059,2,2022-11-09T01:00:00.000Z,FIPSCode,48059,0,2022-11-09T13:55:30.871Z,8,75.0,8,100.0,58549,4769,90.61,63031,442,8.4,63506,37,0.7,63505,15,0.29,5316,75,5263,10020,8,6
1668002487,2022-11-09 08:01:27 -0600,4a40db5987e0a0c00d246ce0056bf3166635c5d9,TX,48059,2,2022-11-09T01:00:00.000Z,FIPSCode,48059,0,2022-11-09T13:55:30.871Z,8,75.0,8,100.0,58549,4769,90.61,63031,442,8.4,63506,37,0.7,63505,15,0.29,5316,75,5263,10020,8,6
1668002526,2022-11-09 08:02:06 -0600,70bf507846e648bdcf0b799ce311e59406400ffd,TX,48059,2,2022-11-09T01:00:00.000Z,FIPSCode,48059,0,2022-11-09T14:01:29.933Z,8,75.0,8,100.0,58549,4769,90.61,63031,442,8.4,63506,37,0.7,63505,15,0.29,5316,75,5263,10020,8,6
1668002566,2022-11-09 08:02:46 -0600,8f8e6a7b3246af77afa91fd57fc0758be0d6fde9,TX,48059,2,2022-11-09T01:00:00.000Z,FIPSCode,48059,0,2022-11-09T14:01:29.933Z,8,75.0,8,100.0,58549,4769,90.61,63031,442,8.4,63506,37,0.7,63505,15,0.29,5316,75,5263,10020,8,6
1668002607,2022-11-09 08:03:27 -0600,ff261b881a325c8d9255f39fb455fafb782b229e,TX,48059,2,2022-11-09T01:00:00.000Z,FIPSCode,48059,0,2022-11-09T14:01:29.933Z,8,75.0,8,100.0,58549,4769,90.61,63031,442,8.4,63506,37,0.7,63505,15,0.29,5316,75,5263,10020,8,6
1668002648,2022-11-09 08:04:08 -0600,70005330f3f4a16d702eb57f5e2c56db4d710eaa,TX,48059,2,2022-11-09T01:00:00.000Z,FIPSCode,48059,0,2022-11-09T14:01:29.933Z,8,75.0,8,100.0,58549,4769,90.61,63031,442,8.4,63506,37,0.7,63505,15,0.29,5316,75,5263,10020,8,6
1668002688,2022-11-09 08:04:48 -0600,1f974678ddfd837e0860f8f2d6bda993e667a08e,TX,48059,2,2022-11-09T01:00:00.000Z,FIPSCode,48059,0,2022-11-09T14:03:59.044Z,8,75.0,8,100.0,58549,4769,90.61,63031,442,8.4,63506,37,0.7,63505,15,0.29,5316,75,5263,10020,8,6
1668002730,2022-11-09 08:05:30 -0600,7008bbeb9f383c745e900b942d7f96421448660d,TX,48059,2,2022-11-09T01:00:00.000Z,FIPSCode,48059,0,2022-11-09T14:03:59.044Z,8,75.0,8,100.0,58549,4769,90.61,63031,442,8.4,63506,37,0.7,63505,15,0.29,5316,75,5263,10020,8,6
1668002771,2022-11-09 08:06:11 -0600,b928ef02b4b44be3ce5f30b076048e328b886f9f,TX,48059,2,2022-11-09T01:00:00.000Z,FIPSCode,48059,0,2022-11-09T14:03:59.044Z,8,75.0,8,100.0,58549,4769,90.61,63031,442,8.4,63506,37,0.7,63505,15,0.29,5316,75,5263,10020,8,6
1668002810,2022-11-09 08:06:50 -0600,7590bf9347769015d5dcc46ba756d7a394e0c264,TX,48059,2,2022-11-09T01:00:00.000Z,FIPSCode,48059,0,2022-11-09T14:03:59.044Z,8,75.0,8,100.0,58549,4769,90.61,63031,442,8.4,63506,37,0.7,63505,15,0.29,5316,75,5263,10020,8,6
1668002852,2022-11-09 08:07:32 -0600,7a7da3394e290cff5b626e103f745fbea3ef433b,TX,48059,2,2022-11-09T01:00:00.000Z,FIPSCode,48059,0,2022-11-09T14:07:12.176Z,8,75.0,8,100.0,58549,4769,90.61,63031,442,8.4,63506,37,0.7,63505,15,0.29,5316,75,5263,10020,8,6
1668002893,2022-11-09 08:08:13 -0600,755e10f90e16a53e7f0d4396abc887d651878572,TX,48059,2,2022-11-09T01:00:00.000Z,FIPSCode,48059,0,2022-11-09T14:07:12.176Z,8,75.0,8,100.0,58549,4769,90.61,63031,442,8.4,63506,37,0.7,63505,15,0.29,5316,75,5263,10020,8,6
1668002933,2022-11-09 08:08:53 -0600,6fad7865dab377bf346d3ee00b5f259fd1e6c82a,TX,48059,2,2022-11-09T01:00:00.000Z,FIPSCode,48059,0,2022-11-09T14:07:12.176Z,8,75.0,8,100.0,58549,4769,90.61,63031,442,8.4,63506,37,0.7,63505,15,0.29,5316,75,5263,10020,8,6
1668002974,2022-11-09 08:09:34 -0600,1451051e10a6da77416d1b0cf9c7d235e9f3d1db,TX,48059,2,2022-11-09T01:00:00.000Z,FIPSCode,48059,0,2022-11-09T14:08:53.657Z,8,75.0,8,100.0,58549,4769,90.61,63031,442,8.4,63506,37,0.7,63505,15,0.29,5316,75,5263,10020,8,6
1668003014,2022-11-09 08:10:14 -0600,0eab4b276eab898af2627f71dd9e0a6c47fdd193,TX,48059,2,2022-11-09T01:00:00.000Z,FIPSCode,48059,0,2022-11-09T14:08:53.657Z,8,75.0,8,100.0,58549,4769,90.61,63031,442,8.4,63506,37,0.7,63505,15,0.29,5316,75,5263,10020,8,6
1668003054,2022-11-09 08:10:54 -0600,99c9a1e8bc4895e8ab6814fdf53fb244bb76eda3,TX,48059,2,2022-11-09T01:00:00.000Z,FIPSCode,48059,0,2022-11-09T14:08:53.657Z,8,75.0,8,100.0,58549,4769,90.61,63031,442,8.4,63506,37,0.7,63505,15,0.29,5316,75,5263,10020,8,6
1668003096,2022-11-09 08:11:36 -0600,9d78346e173da10030b89551765abc30dee7ec44,TX,48059,2,2022-11-09T01:00:00.000Z,FIPSCode,48059,0,2022-11-09T14:08:53.657Z,8,75.0,8,100.0,58549,4769,90.61,63031,442,8.4,63506,37,0.7,63505,15,0.29,5316,75,5263,10020,8,6
1668003136,2022-11-09 08:12:16 -0600,012e84ecb32a491c522e20645a10ebb106897dcb,TX,48059,2,2022-11-09T01:00:00.000Z,FIPSCode,48059,0,2022-11-09T14:08:53.657Z,8,75.0,8,100.0,58549,4769,90.61,63031,442,8.4,63506,37,0.7,63505,15,0.29,5316,75,5263,10020,8,6
1668003176,2022-11-09 08:12:56 -0600,922cc6ab235b50734c8743c74e1b7fb12699c96d,TX,48059,2,2022-11-09T01:00:00.000Z,FIPSCode,48059,0,2022-11-09T14:08:53.657Z,8,75.0,8,100.0,58549,4769,90.61,63031,442,8.4,63506,37,0.7,63505,15,0.29,5316,75,5263,10020,8,6
1668003296,2022-11-09 08:14:56 -0600,27bd104633a13ea8a56b4077741996784ab1340c,TX,48059,2,2022-11-09T01:00:00.000Z,FIPSCode,48059,0,2022-11-09T14:08:53.657Z,8,75.0,8,100.0,58549,4769,90.61,63031,442,8.4,63506,37,0.7,63505,15,0.29,5316,75,5263,10020,8,6
1668003337,2022-11-09 08:15:37 -0600,ea43270ea240a08651bcd80a091d8db56279c9f8,TX,48059,2,2022-11-09T01:00:00.000Z,FIPSCode,48059,0,2022-11-09T14:08:53.657Z,8,75.0,8,100.0,58549,4769,90.61,63031,442,8.4,63506,37,0.7,63505,15,0.29,5316,75,5263,10020,8,6
1668003459,2022-11-09 08:17:39 -0600,5aa5edcc1ce10856ba2602e6aa78496aa75cf8ac,TX,48059,2,2022-11-09T01:00:00.000Z,FIPSCode,48059,0,2022-11-09T14:08:53.657Z,8,75.0,8,100.0,58549,4769,90.61,63031,442,8.4,63506,37,0.7,63505,15,0.29,5316,75,5263,10020,8,6
1668003500,2022-11-09 08:18:20 -0600,a962d0258b51fca8269ffd171ba268eea4c63dfc,TX,48059,2,2022-11-09T01:00:00.000Z,FIPSCode,48059,0,2022-11-09T14:17:51.263Z,8,75.0,8,100.0,58549,4769,90.61,63031,442,8.4,63506,37,0.7,63505,15,0.29,5316,75,5263,10020,8,6
1668003541,2022-11-09 08:19:01 -0600,16efe28cef975e9ff26fb573cca8ed84ed86b7c4,TX,48059,2,2022-11-09T01:00:00.000Z,FIPSCode,48059,0,2022-11-09T14:17:51.263Z,8,75.0,8,100.0,58549,4769,90.61,63031,442,8.4,63506,37,0.7,63505,15,0.29,5316,75,5263,10020,8,6
1668003583,2022-11-09 08:19:43 -0600,3e76f29caf78495832439390214a992384e65d77,TX,48059,2,2022-11-09T01:00:00.000Z,FIPSCode,48059,0,2022-11-09T14:18:57.604Z,8,75.0,8,100.0,58549,4769,90.61,63031,442,8.4,63506,37,0.7,63505,15,0.29,5316,75,5263,10020,8,6
1668003623,2022-11-09 08:20:23 -0600,f98ce965800df96b877e6119a2a00e2b42d2e670,TX,48059,2,2022-11-09T01:00:00.000Z,FIPSCode,48059,0,2022-11-09T14:19:51.834Z,8,75.0,8,100.0,58549,4769,90.61,63031,442,8.4,63506,37,0.7,63505,15,0.29,5316,75,5263,10020,8,6
1668003664,2022-11-09 08:21:04 -0600,039a76f2968c8f7d81c8712d5ed24043f5abfba9,TX,48059,2,2022-11-09T01:00:00.000Z,FIPSCode,48059,0,2022-11-09T14:19:51.834Z,8,75.0,8,100.0,58549,4769,90.61,63031,442,8.4,63506,37,0.7,63505,15,0.29,5316,75,5263,10020,8,6
1668003704,2022-11-09 08:21:44 -0600,c41593b16ca127788d392a80debfd0f906ce7c99,TX,48059,2,2022-11-09T01:00:00.000Z,FIPSCode,48059,0,2022-11-09T14:19:51.834Z,8,75.0,8,100.0,58549,4769,90.61,63031,442,8.4,63506,37,0.7,63505,15,0.29,5316,75,5263,10020,8,6
1668003744,2022-11-09 08:22:24 -0600,81457a14864f7e8d249d1f6be7b2b54fab9c3abb,TX,48059,2,2022-11-09T01:00:00.000Z,FIPSCode,48059,0,2022-11-09T14:19:51.834Z,8,75.0,8,100.0,58549,4769,90.61,63031,442,8.4,63506,37,0.7,63505,15,0.29,5316,75,5263,10020,8,6
1668003784,2022-11-09 08:23:04 -0600,59012c72d46803c2819e1e148816f5146b8bea27,TX,48059,2,2022-11-09T01:00:00.000Z,FIPSCode,48059,0,2022-11-09T14:19:51.834Z,8,75.0,8,100.0,58549,4769,90.61,63031,442,8.4,63506,37,0.7,63505,15,0.29,5316,75,5263,10020,8,6
1668003824,2022-11-09 08:23:44 -0600,f5f05cef18d3f5f4c631e6578a95ca46d084942c,TX,48059,2,2022-11-09T01:00:00.000Z,FIPSCode,48059,0,2022-11-09T14:19:51.834Z,8,75.0,8,100.0,58549,4769,90.61,63031,442,8.4,63506,37,0.7,63505,15,0.29,5316,75,5263,10020,8,6
1668003864,2022-11-09 08:24:24 -0600,20cee9a4137750b5e8baae09e501889a336704e3,TX,48059,2,2022-11-09T01:00:00.000Z,FIPSCode,48059,0,2022-11-09T14:19:51.834Z,8,75.0,8,100.0,58549,4769,90.61,63031,442,8.4,63506,37,0.7,63505,15,0.29,5316,75,5263,10020,8,6
1668003904,2022-11-09 08:25:04 -0600,7201f5240e83b67faf1a9f4a4973b53f68014a5c,TX,48059,2,2022-11-09T01:00:00.000Z,FIPSCode,48059,0,2022-11-09T14:19:51.834Z,8,75.0,8,100.0,58549,4769,90.61,63031,442,8.4,63506,37,0.7,63505,15,0.29,5316,75,5263,10020,8,6
1668003944,2022-11-09 08:25:44 -0600,d3e733a1395c696dbdf7a1306bd0d9e58c34e97f,TX,48059,2,2022-11-09T01:00:00.000Z,FIPSCode,48059,0,2022-11-09T14:19:51.834Z,8,75.0,8,100.0,58549,4769,90.61,63031,442,8.4,63506,37,0.7,63505,15,0.29,5316,75,5263,10020,8,6
1668003985,2022-11-09 08:26:25 -0600,683135af29f5288e72f6b9bf98f2ef5d89d8f429,TX,48059,2,2022-11-09T01:00:00.000Z,FIPSCode,48059,0,2022-11-09T14:19:51.834Z,8,75.0,8,100.0,58549,4769,90.61,63031,442,8.4,63506,37,0.7,63505,15,0.29,5316,75,5263,10020,8,6
1668004025,2022-11-09 08:27:05 -0600,2263c414f319c47ea2c7de1b91c28bdbae6e02c2,TX,48059,2,2022-11-09T01:00:00.000Z,FIPSCode,48059,0,2022-11-09T14:19:51.834Z,8,75.0,8,100.0,58549,4769,90.61,63031,442,8.4,63506,37,0.7,63505,15,0.29,5316,75,5263,10020,8,6
1668004066,2022-11-09 08:27:46 -0600,5afcd795b5ad60809485a6833c3e89f7586ee4b7,TX,48059,2,2022-11-09T01:00:00.000Z,FIPSCode,48059,0,2022-11-09T14:19:51.834Z,8,75.0,8,100.0,58549,4769,90.61,63031,442,8.4,63506,37,0.7,63505,15,0.29,5316,75,5263,10020,8,6
1668004106,2022-11-09 08:28:26 -0600,34044eb99747331d7e015a21c078f5ee04eb775d,TX,48059,2,2022-11-09T01:00:00.000Z,FIPSCode,48059,0,2022-11-09T14:19:51.834Z,8,75.0,8,100.0,58549,4769,90.61,63031,442,8.4,63506,37,0.7,63505,15,0.29,5316,75,5263,10020,8,6
1668004146,2022-11-09 08:29:06 -0600,b9169ba7fa99c20656799825a0677eca3846acd6,TX,48059,2,2022-11-09T01:00:00.000Z,FIPSCode,48059,0,2022-11-09T14:19:51.834Z,8,75.0,8,100.0,58549,4769,90.61,63031,442,8.4,63506,37,0.7,63505,15,0.29,5316,75,5263,10020,8,6
1668004189,2022-11-09 08:29:49 -0600,9e46a7b04135dc088dfe666df6469993b48b6f54,TX,48059,2,2022-11-09T01:00:00.000Z,FIPSCode,48059,0,2022-11-09T14:19:51.834Z,8,75.0,8,100.0,58549,4769,90.61,63031,442,8.4,63506,37,0.7,63505,15,0.29,5316,75,5263,10020,8,6
1668004229,2022-11-09 08:30:29 -0600,ba83ba0e4fb7247a499fcad1a30dc94c9dedf9b2,TX,48059,2,2022-11-09T01:00:00.000Z,FIPSCode,48059,0,2022-11-09T14:19:51.834Z,8,75.0,8,100.0,58549,4769,90.61,63031,442,8.4,63506,37,0.7,63505,15,0.29,5316,75,5263,10020,8,6
1668004270,2022-11-09 08:31:10 -0600,4f292c9a87a04b90d1f1e4b5f6f1afb92a8c89bb,TX,48059,2,2022-11-09T01:00:00.000Z,FIPSCode,48059,0,2022-11-09T14:19:51.834Z,8,75.0,8,100.0,58549,4769,90.61,63031,442,8.4,63506,37,0.7,63505,15,0.29,5316,75,5263,10020,8,6
1668004310,2022-11-09 08:31:50 -0600,18a1dd450b17a57a17f543a50cd88e0f41c342d1,TX,48059,2,2022-11-09T01:00:00.000Z,FIPSCode,48059,0,2022-11-09T14:31:31.527Z,8,75.0,8,100.0,58549,4769,90.61,63031,442,8.4,63506,37,0.7,63505,15,0.29,5316,75,5263,10020,8,6
1668004351,2022-11-09 08:32:31 -0600,4d4794cebfe73e1de9e8dbb39a94f1954a00aed2,TX,48059,2,2022-11-09T01:00:00.000Z,FIPSCode,48059,0,2022-11-09T14:31:31.527Z,8,75.0,8,100.0,58549,4769,90.61,63031,442,8.4,63506,37,0.7,63505,15,0.29,5316,75,5263,10020,8,6
1668004392,2022-11-09 08:33:12 -0600,d9b2a5522ce5d70cfec86b8fd59cba09a134da80,TX,48059,2,2022-11-09T01:00:00.000Z,FIPSCode,48059,0,2022-11-09T14:32:52.596Z,8,75.0,8,100.0,58549,4769,90.61,63031,442,8.4,63506,37,0.7,63505,15,0.29,5316,75,5263,10020,8,6
1668004433,2022-11-09 08:33:53 -0600,47405dd30324403968f2d89245555d97ced9d072,TX,48059,2,2022-11-09T01:00:00.000Z,FIPSCode,48059,0,2022-11-09T14:32:52.596Z,8,75.0,8,100.0,58549,4769,90.61,63031,442,8.4,63506,37,0.7,63505,15,0.29,5316,75,5263,10020,8,6
1668004474,2022-11-09 08:34:34 -0600,356da01ede441097be7cbe62d712b34e636acc22,TX,48059,2,2022-11-09T01:00:00.000Z,FIPSCode,48059,0,2022-11-09T14:33:50.683Z,8,75.0,8,100.0,58549,4769,90.61,63031,442,8.4,63506,37,0.7,63505,15,0.29,5316,75,5263,10020,8,6
1668004513,2022-11-09 08:35:13 -0600,d66434394306d6acf951ad0b82a5fce2ddffe5e9,TX,48059,2,2022-11-09T01:00:00.000Z,FIPSCode,48059,0,2022-11-09T14:33:50.683Z,8,75.0,8,100.0,58549,4769,90.61,63031,442,8.4,63506,37,0.7,63505,15,0.29,5316,75,5263,10020,8,6
1668004554,2022-11-09 08:35:54 -0600,1c59b7ea4a0869f69079422ca923094cda494566,TX,48059,2,2022-11-09T01:00:00.000Z,FIPSCode,48059,0,2022-11-09T14:33:50.683Z,8,75.0,8,100.0,58549,4769,90.61,63031,442,8.4,63506,37,0.7,63505,15,0.29,5316,75,5263,10020,8,6
1668004596,2022-11-09 08:36:36 -0600,eb6cf89279fbfa5cd60a7f462ce5c79fc0b0182a,TX,48059,2,2022-11-09T01:00:00.000Z,FIPSCode,48059,0,2022-11-09T14:33:50.683Z,8,75.0,8,100.0,58549,4769,90.61,63031,442,8.4,63506,37,0.7,63505,15,0.29,5316,75,5263,10020,8,6
1668004636,2022-11-09 08:37:16 -0600,ca1d3e0e670fc08fcb0e7605b25eed10e60b0a3f,TX,48059,2,2022-11-09T01:00:00.000Z,FIPSCode,48059,0,2022-11-09T14:33:50.683Z,8,75.0,8,100.0,58549,4769,90.61,63031,442,8.4,63506,37,0.7,63505,15,0.29,5316,75,5263,10020,8,6
1668004676,2022-11-09 08:37:56 -0600,4187b6f93ea0ffbc3a86aa4a9fd4fc9865735003,TX,48059,2,2022-11-09T01:00:00.000Z,FIPSCode,48059,0,2022-11-09T14:33:50.683Z,8,75.0,8,100.0,58549,4769,90.61,63031,442,8.4,63506,37,0.7,63505,15,0.29,5316,75,5263,10020,8,6
1668004715,2022-11-09 08:38:35 -0600,9af0257f1432a0aadb6b755e0bdee89bd504c803,TX,48059,2,2022-11-09T01:00:00.000Z,FIPSCode,48059,0,2022-11-09T14:33:50.683Z,8,75.0,8,100.0,58549,4769,90.61,63031,442,8.4,63506,37,0.7,63505,15,0.29,5316,75,5263,10020,8,6
1668004756,2022-11-09 08:39:16 -0600,c06681941eae3b2c6d5285d19938ecb377651dd8,TX,48059,2,2022-11-09T01:00:00.000Z,FIPSCode,48059,0,2022-11-09T14:33:50.683Z,8,75.0,8,100.0,58549,4769,90.61,63031,442,8.4,63506,37,0.7,63505,15,0.29,5316,75,5263,10020,8,6
1668004797,2022-11-09 08:39:57 -0600,0a9c6795b43da7d5cc6276cb36d4aaa43f0e03e4,TX,48059,2,2022-11-09T01:00:00.000Z,FIPSCode,48059,0,2022-11-09T14:33:50.683Z,8,75.0,8,100.0,58549,4769,90.61,63031,442,8.4,63506,37,0.7,63505,15,0.29,5316,75,5263,10020,8,6
1668004836,2022-11-09 08:40:36 -0600,fa58a8656735861510ce9885697c2ea8b91bef32,TX,48059,2,2022-11-09T01:00:00.000Z,FIPSCode,48059,0,2022-11-09T14:33:50.683Z,8,75.0,8,100.0,58549,4769,90.61,63031,442,8.4,63506,37,0.7,63505,15,0.29,5316,75,5263,10020,8,6
1668004876,2022-11-09 08:41:16 -0600,9017c0dadd78a925dc0976b928cd2f1e14db043b,TX,48059,2,2022-11-09T01:00:00.000Z,FIPSCode,48059,0,2022-11-09T14:33:50.683Z,8,75.0,8,100.0,58549,4769,90.61,63031,442,8.4,63506,37,0.7,63505,15,0.29,5316,75,5263,10020,8,6
1668004917,2022-11-09 08:41:57 -0600,38cebc8901d6d0e6b8e6ff46e20705033ba597f6,TX,48059,2,2022-11-09T01:00:00.000Z,FIPSCode,48059,0,2022-11-09T14:33:50.683Z,8,75.0,8,100.0,58549,4769,90.61,63031,442,8.4,63506,37,0.7,63505,15,0.29,5316,75,5263,10020,8,6
1668004957,2022-11-09 08:42:37 -0600,64feccf4baab464e2f46b790c9c973782cda35ad,TX,48059,2,2022-11-09T01:00:00.000Z,FIPSCode,48059,0,2022-11-09T14:33:50.683Z,8,75.0,8,100.0,58549,4769,90.61,63031,442,8.4,63506,37,0.7,63505,15,0.29,5316,75,5263,10020,8,6
1668004998,2022-11-09 08:43:18 -0600,a29756c9d2e388f67adf29cb475fc0ae73bd8099,TX,48059,2,2022-11-09T01:00:00.000Z,FIPSCode,48059,0,2022-11-09T14:33:50.683Z,8,75.0,8,100.0,58549,4769,90.61,63031,442,8.4,63506,37,0.7,63505,15,0.29,5316,75,5263,10020,8,6
1668005038,2022-11-09 08:43:58 -0600,2ae206ba4d2ee14bcf3da16e8e982fd193537f8d,TX,48059,2,2022-11-09T01:00:00.000Z,FIPSCode,48059,0,2022-11-09T14:33:50.683Z,8,75.0,8,100.0,58549,4769,90.61,63031,442,8.4,63506,37,0.7,63505,15,0.29,5316,75,5263,10020,8,6
1668005078,2022-11-09 08:44:38 -0600,c6f59193a22a92e267aa5fd4f2ba36bc9b20f50f,TX,48059,2,2022-11-09T01:00:00.000Z,FIPSCode,48059,0,2022-11-09T14:33:50.683Z,8,75.0,8,100.0,58549,4769,90.61,63031,442,8.4,63506,37,0.7,63505,15,0.29,5316,75,5263,10020,8,6
1668005118,2022-11-09 08:45:18 -0600,353330a8f0f3ed0c320c7aa34fb13030b5729f1a,TX,48059,2,2022-11-09T01:00:00.000Z,FIPSCode,48059,0,2022-11-09T14:33:50.683Z,8,75.0,8,100.0,58549,4769,90.61,63031,442,8.4,63506,37,0.7,63505,15,0.29,5316,75,5263,10020,8,6
1668005158,2022-11-09 08:45:58 -0600,b77a34ca02ab5f8abe69729ff43c0713c81f6a55,TX,48059,2,2022-11-09T01:00:00.000Z,FIPSCode,48059,0,2022-11-09T14:33:50.683Z,8,75.0,8,100.0,58549,4769,90.61,63031,442,8.4,63506,37,0.7,63505,15,0.29,5316,75,5263,10020,8,6
1668005199,2022-11-09 08:46:39 -0600,98ced53226593b95cf8386362fde9ccb2a44775b,TX,48059,2,2022-11-09T01:00:00.000Z,FIPSCode,48059,0,2022-11-09T14:33:50.683Z,8,75.0,8,100.0,58549,4769,90.61,63031,442,8.4,63506,37,0.7,63505,15,0.29,5316,75,5263,10020,8,6
1668005239,2022-11-09 08:47:19 -0600,d061dd5d10a7a2d15498fdc871ba81a37c2d27b7,TX,48059,2,2022-11-09T01:00:00.000Z,FIPSCode,48059,0,2022-11-09T14:33:50.683Z,8,75.0,8,100.0,58549,4769,90.61,63031,442,8.4,63506,37,0.7,63505,15,0.29,5316,75,5263,10020,8,6
1668005278,2022-11-09 08:47:58 -0600,2bc6c1c3f3df8fc59c24634625c7cdaaead10398,TX,48059,2,2022-11-09T01:00:00.000Z,FIPSCode,48059,0,2022-11-09T14:33:50.683Z,8,75.0,8,100.0,58549,4769,90.61,63031,442,8.4,63506,37,0.7,63505,15,0.29,5316,75,5263,10020,8,6
1668005318,2022-11-09 08:48:38 -0600,6782880f2da547c6b2b5fa07698b0ad75757f342,TX,48059,2,2022-11-09T01:00:00.000Z,FIPSCode,48059,0,2022-11-09T14:33:50.683Z,8,75.0,8,100.0,58549,4769,90.61,63031,442,8.4,63506,37,0.7,63505,15,0.29,5316,75,5263,10020,8,6
1668005359,2022-11-09 08:49:19 -0600,8a3561bb1b120b6d476ceda58466564d1187d8e6,TX,48059,2,2022-11-09T01:00:00.000Z,FIPSCode,48059,0,2022-11-09T14:33:50.683Z,8,75.0,8,100.0,58549,4769,90.61,63031,442,8.4,63506,37,0.7,63505,15,0.29,5316,75,5263,10020,8,6
1668005399,2022-11-09 08:49:59 -0600,99b4f7872f1a139c33aa152e2c2e1a2eed08de5e,TX,48059,2,2022-11-09T01:00:00.000Z,FIPSCode,48059,0,2022-11-09T14:33:50.683Z,8,75.0,8,100.0,58549,4769,90.61,63031,442,8.4,63506,37,0.7,63505,15,0.29,5316,75,5263,10020,8,6
1668005440,2022-11-09 08:50:40 -0600,3c55df8f3da66d899c5e85501b5000ce221aefd3,TX,48059,2,2022-11-09T01:00:00.000Z,FIPSCode,48059,0,2022-11-09T14:33:50.683Z,8,75.0,8,100.0,58549,4769,90.61,63031,442,8.4,63506,37,0.7,63505,15,0.29,5316,75,5263,10020,8,6
1668005481,2022-11-09 08:51:21 -0600,c60523aac0c62a399ce847ce06f19640a77ef096,TX,48059,2,2022-11-09T01:00:00.000Z,FIPSCode,48059,0,2022-11-09T14:33:50.683Z,8,75.0,8,100.0,58549,4769,90.61,63031,442,8.4,63506,37,0.7,63505,15,0.29,5316,75,5263,10020,8,6
1668005521,2022-11-09 08:52:01 -0600,b8d6cd0b58cd8ae21798f51ba7f6a2fe5da04c80,TX,48059,2,2022-11-09T01:00:00.000Z,FIPSCode,48059,0,2022-11-09T14:33:50.683Z,8,75.0,8,100.0,58549,4769,90.61,63031,442,8.4,63506,37,0.7,63505,15,0.29,5316,75,5263,10020,8,6
1668005561,2022-11-09 08:52:41 -0600,6c0d1de9f029f7e2059a9f231657451853af39a3,TX,48059,2,2022-11-09T01:00:00.000Z,FIPSCode,48059,0,2022-11-09T14:33:50.683Z,8,75.0,8,100.0,58549,4769,90.61,63031,442,8.4,63506,37,0.7,63505,15,0.29,5316,75,5263,10020,8,6
1668005601,2022-11-09 08:53:21 -0600,6f472d8575f1e7a4d8fdb6e2d182297a88cc5cbe,TX,48059,2,2022-11-09T01:00:00.000Z,FIPSCode,48059,0,2022-11-09T14:33:50.683Z,8,75.0,8,100.0,58549,4769,90.61,63031,442,8.4,63506,37,0.7,63505,15,0.29,5316,75,5263,10020,8,6
1668005641,2022-11-09 08:54:01 -0600,190a7e7ca8b9d16f244e9a7ac70ed678ac91869b,TX,48059,2,2022-11-09T01:00:00.000Z,FIPSCode,48059,0,2022-11-09T14:33:50.683Z,8,75.0,8,100.0,58549,4769,90.61,63031,442,8.4,63506,37,0.7,63505,15,0.29,5316,75,5263,10020,8,6
1668005682,2022-11-09 08:54:42 -0600,b1f25f267ca6b01ebcb14f957c6812e1ea15723a,TX,48059,2,2022-11-09T01:00:00.000Z,FIPSCode,48059,0,2022-11-09T14:33:50.683Z,8,75.0,8,100.0,58549,4769,90.61,63031,442,8.4,63506,37,0.7,63505,15,0.29,5316,75,5263,10020,8,6
1668005722,2022-11-09 08:55:22 -0600,61b58fc0ef5156a1597f29be784f5d01076a5303,TX,48059,2,2022-11-09T01:00:00.000Z,FIPSCode,48059,0,2022-11-09T14:33:50.683Z,8,75.0,8,100.0,58549,4769,90.61,63031,442,8.4,63506,37,0.7,63505,15,0.29,5316,75,5263,10020,8,6
1668005762,2022-11-09 08:56:02 -0600,307ba24af73c27ee28138caea25484bd3ece64e9,TX,48059,2,2022-11-09T01:00:00.000Z,FIPSCode,48059,0,2022-11-09T14:33:50.683Z,8,75.0,8,100.0,58549,4769,90.61,63031,442,8.4,63506,37,0.7,63505,15,0.29,5316,75,5263,10020,8,6
1668005801,2022-11-09 08:56:41 -0600,0d91baa7840bfa536d1d6ff8ddee6b3bc8cf43d1,TX,48059,2,2022-11-09T01:00:00.000Z,FIPSCode,48059,0,2022-11-09T14:33:50.683Z,8,75.0,8,100.0,58549,4769,90.61,63031,442,8.4,63506,37,0.7,63505,15,0.29,5316,75,5263,10020,8,6
1668005841,2022-11-09 08:57:21 -0600,12993f9fa4bbae6815cb69862bd0625d2669ac5c,TX,48059,2,2022-11-09T01:00:00.000Z,FIPSCode,48059,0,2022-11-09T14:33:50.683Z,8,75.0,8,100.0,58549,4769,90.61,63031,442,8.4,63506,37,0.7,63505,15,0.29,5316,75,5263,10020,8,6
1668005881,2022-11-09 08:58:01 -0600,2f050442db7af87073e0ba7eae4b52d4b9aad7a1,TX,48059,2,2022-11-09T01:00:00.000Z,FIPSCode,48059,0,2022-11-09T14:33:50.683Z,8,75.0,8,100.0,58549,4769,90.61,63031,442,8.4,63506,37,0.7,63505,15,0.29,5316,75,5263,10020,8,6
1668005922,2022-11-09 08:58:42 -0600,010b3051918a5ece085a5de0fce7f5e27f57dc55,TX,48059,2,2022-11-09T01:00:00.000Z,FIPSCode,48059,0,2022-11-09T14:33:50.683Z,8,75.0,8,100.0,58549,4769,90.61,63031,442,8.4,63506,37,0.7,63505,15,0.29,5316,75,5263,10020,8,6
1668005963,2022-11-09 08:59:23 -0600,f9d1f33703f144a50380fd021fd18e3b66d1c3e8,TX,48059,2,2022-11-09T01:00:00.000Z,FIPSCode,48059,0,2022-11-09T14:58:29.273Z,8,75.0,8,100.0,58549,4769,90.61,63031,442,8.4,63506,37,0.7,63505,15,0.29,5316,75,5263,10020,8,6
1668006002,2022-11-09 09:00:02 -0600,03f331904dd6fa9a68eab47e7b6126e4bc4f2a21,TX,48059,2,2022-11-09T01:00:00.000Z,FIPSCode,48059,0,2022-11-09T14:58:29.273Z,8,75.0,8,100.0,58549,4769,90.61,63031,442,8.4,63506,37,0.7,63505,15,0.29,5316,75,5263,10020,8,6
1668006044,2022-11-09 09:00:44 -0600,88cf8705d47f406adcf0875ba231023fb547d9e1,TX,48059,2,2022-11-09T01:00:00.000Z,FIPSCode,48059,0,2022-11-09T14:59:53.430Z,8,75.0,8,100.0,58549,4769,90.61,63031,442,8.4,63506,37,0.7,63505,15,0.29,5316,75,5263,10020,8,6
1668006085,2022-11-09 09:01:25 -0600,f4225b4431b1abfa2e5aed2b920a7f7aa5217c1a,TX,48059,2,2022-11-09T01:00:00.000Z,FIPSCode,48059,0,2022-11-09T15:00:30.774Z,8,75.0,8,100.0,58549,4769,90.61,63031,442,8.4,63506,37,0.7,63505,15,0.29,5316,75,5263,10020,8,6
1668006124,2022-11-09 09:02:04 -0600,92e899ac6c0af89fdf7479ecfb2703f964c65a0e,TX,48059,2,2022-11-09T01:00:00.000Z,FIPSCode,48059,0,2022-11-09T15:00:30.774Z,8,75.0,8,100.0,58549,4769,90.61,63031,442,8.4,63506,37,0.7,63505,15,0.29,5316,75,5263,10020,8,6
1668006166,2022-11-09 09:02:46 -0600,6c6461d81fc6de781fde6de0d6e01af07b3e8936,TX,48059,2,2022-11-09T01:00:00.000Z,FIPSCode,48059,0,2022-11-09T15:00:30.774Z,8,75.0,8,100.0,58549,4769,90.61,63031,442,8.4,63506,37,0.7,63505,15,0.29,5316,75,5263,10020,8,6
1668006206,2022-11-09 09:03:26 -0600,fba649bbba7cc622071f367b14039dad70de5d5a,TX,48059,2,2022-11-09T01:00:00.000Z,FIPSCode,48059,0,2022-11-09T15:00:30.774Z,8,75.0,8,100.0,58549,4769,90.61,63031,442,8.4,63506,37,0.7,63505,15,0.29,5316,75,5263,10020,8,6
1668006248,2022-11-09 09:04:08 -0600,2ddfe46350281fd802f61114acacb259fba5b686,TX,48059,2,2022-11-09T01:00:00.000Z,FIPSCode,48059,0,2022-11-09T15:00:30.774Z,8,75.0,8,100.0,58549,4769,90.61,63031,442,8.4,63506,37,0.7,63505,15,0.29,5316,75,5263,10020,8,6
1668006288,2022-11-09 09:04:48 -0600,e0e40b70a1b0540a49aff6a8cd23d9c7034b2ee6,TX,48059,2,2022-11-09T01:00:00.000Z,FIPSCode,48059,0,2022-11-09T15:00:30.774Z,8,75.0,8,100.0,58549,4769,90.61,63031,442,8.4,63506,37,0.7,63505,15,0.29,5316,75,5263,10020,8,6
1668006329,2022-11-09 09:05:29 -0600,eeb2f3e080d5ff6571ef7637d1d1f1a86f74d0d4,TX,48059,2,2022-11-09T01:00:00.000Z,FIPSCode,48059,0,2022-11-09T15:00:30.774Z,8,75.0,8,100.0,58549,4769,90.61,63031,442,8.4,63506,37,0.7,63505,15,0.29,5316,75,5263,10020,8,6
1668006370,2022-11-09 09:06:10 -0600,c8673591ea870e6c097f4102a0483f7cf4142d44,TX,48059,2,2022-11-09T01:00:00.000Z,FIPSCode,48059,0,2022-11-09T15:00:30.774Z,8,75.0,8,100.0,58549,4769,90.61,63031,442,8.4,63506,37,0.7,63505,15,0.29,5316,75,5263,10020,8,6
1668006410,2022-11-09 09:06:50 -0600,73a43ccba5ee483d503b65c05400f3d9ba231823,TX,48059,2,2022-11-09T01:00:00.000Z,FIPSCode,48059,0,2022-11-09T15:00:30.774Z,8,75.0,8,100.0,58549,4769,90.61,63031,442,8.4,63506,37,0.7,63505,15,0.29,5316,75,5263,10020,8,6
1668006452,2022-11-09 09:07:32 -0600,42a1033f1937c3b0511cd442b989732120775b3a,TX,48059,2,2022-11-09T01:00:00.000Z,FIPSCode,48059,0,2022-11-09T15:00:30.774Z,8,75.0,8,100.0,58549,4769,90.61,63031,442,8.4,63506,37,0.7,63505,15,0.29,5316,75,5263,10020,8,6
1668006492,2022-11-09 09:08:12 -0600,115aff085cc7e211713fd6506cb67af95d7abda1,TX,48059,2,2022-11-09T01:00:00.000Z,FIPSCode,48059,0,2022-11-09T15:00:30.774Z,8,75.0,8,100.0,58549,4769,90.61,63031,442,8.4,63506,37,0.7,63505,15,0.29,5316,75,5263,10020,8,6
1668006533,2022-11-09 09:08:53 -0600,1ef6384592edcafddbb0ff8e390de9bbf4eb5918,TX,48059,2,2022-11-09T01:00:00.000Z,FIPSCode,48059,0,2022-11-09T15:00:30.774Z,8,75.0,8,100.0,58549,4769,90.61,63031,442,8.4,63506,37,0.7,63505,15,0.29,5316,75,5263,10020,8,6
1668006573,2022-11-09 09:09:33 -0600,e240040bb24af9f262fe43237ee4ca62dcc50c70,TX,48059,2,2022-11-09T01:00:00.000Z,FIPSCode,48059,0,2022-11-09T15:00:30.774Z,8,75.0,8,100.0,58549,4769,90.61,63031,442,8.4,63506,37,0.7,63505,15,0.29,5316,75,5263,10020,8,6
1668006615,2022-11-09 09:10:15 -0600,649ef87a8882f4374ee76c22d12af44701370d31,TX,48059,2,2022-11-09T01:00:00.000Z,FIPSCode,48059,0,2022-11-09T15:00:30.774Z,8,75.0,8,100.0,58549,4769,90.61,63031,442,8.4,63506,37,0.7,63505,15,0.29,5316,75,5263,10020,8,6
1668006656,2022-11-09 09:10:56 -0600,167919462a0707f3c0cfb309913efd48f9276b12,TX,48059,2,2022-11-09T01:00:00.000Z,FIPSCode,48059,0,2022-11-09T15:00:30.774Z,8,75.0,8,100.0,58549,4769,90.61,63031,442,8.4,63506,37,0.7,63505,15,0.29,5316,75,5263,10020,8,6
1668006696,2022-11-09 09:11:36 -0600,8e20658c1fbcb1f007bb0768d4729295c12ec3a9,TX,48059,2,2022-11-09T01:00:00.000Z,FIPSCode,48059,0,2022-11-09T15:00:30.774Z,8,75.0,8,100.0,58549,4769,90.61,63031,442,8.4,63506,37,0.7,63505,15,0.29,5316,75,5263,10020,8,6
1668006739,2022-11-09 09:12:19 -0600,fc998c998fb95c3d36e9a0dc0813ae1de3ccce2b,TX,48059,2,2022-11-09T01:00:00.000Z,FIPSCode,48059,0,2022-11-09T15:00:30.774Z,8,75.0,8,100.0,58549,4769,90.61,63031,442,8.4,63506,37,0.7,63505,15,0.29,5316,75,5263,10020,8,6
1668006778,2022-11-09 09:12:58 -0600,636a2ed89d2354abc2d55d1b61bbd660b224b50f,TX,48059,2,2022-11-09T01:00:00.000Z,FIPSCode,48059,0,2022-11-09T15:00:30.774Z,8,75.0,8,100.0,58549,4769,90.61,63031,442,8.4,63506,37,0.7,63505,15,0.29,5316,75,5263,10020,8,6
1668006819,2022-11-09 09:13:39 -0600,35aa3108a75242f36421b94550a9841b0ef5435c,TX,48059,2,2022-11-09T01:00:00.000Z,FIPSCode,48059,0,2022-11-09T15:00:30.774Z,8,75.0,8,100.0,58549,4769,90.61,63031,442,8.4,63506,37,0.7,63505,15,0.29,5316,75,5263,10020,8,6
1668006860,2022-11-09 09:14:20 -0600,9518afc98bc0a25d5524a44185eda8ff04d969a8,TX,48059,2,2022-11-09T01:00:00.000Z,FIPSCode,48059,0,2022-11-09T15:00:30.774Z,8,75.0,8,100.0,58549,4769,90.61,63031,442,8.4,63506,37,0.7,63505,15,0.29,5316,75,5263,10020,8,6
1668006901,2022-11-09 09:15:01 -0600,f21267999011947f39c2ad912edb85baae0d4b52,TX,48059,2,2022-11-09T01:00:00.000Z,FIPSCode,48059,0,2022-11-09T15:00:30.774Z,8,75.0,8,100.0,58549,4769,90.61,63031,442,8.4,63506,37,0.7,63505,15,0.29,5316,75,5263,10020,8,6
1668006943,2022-11-09 09:15:43 -0600,3007c0fbd94a6cd8b1ef96df6562683fea8b9cc5,TX,48059,2,2022-11-09T01:00:00.000Z,FIPSCode,48059,0,2022-11-09T15:00:30.774Z,8,75.0,8,100.0,58549,4769,90.61,63031,442,8.4,63506,37,0.7,63505,15,0.29,5316,75,5263,10020,8,6
1668006983,2022-11-09 09:16:23 -0600,2a7242d8b06b039aca3206fce535c2f010a18c71,TX,48059,2,2022-11-09T01:00:00.000Z,FIPSCode,48059,0,2022-11-09T15:00:30.774Z,8,75.0,8,100.0,58549,4769,90.61,63031,442,8.4,63506,37,0.7,63505,15,0.29,5316,75,5263,10020,8,6
1668007024,2022-11-09 09:17:04 -0600,f7a3e790a3e4fbb4fd8791acd3bdf21ad9fbc07f,TX,48059,2,2022-11-09T01:00:00.000Z,FIPSCode,48059,0,2022-11-09T15:00:30.774Z,8,75.0,8,100.0,58549,4769,90.61,63031,442,8.4,63506,37,0.7,63505,15,0.29,5316,75,5263,10020,8,6
1668007064,2022-11-09 09:17:44 -0600,d0b2eb0a4448c9f69ea5d586fac46faa205c45dc,TX,48059,2,2022-11-09T01:00:00.000Z,FIPSCode,48059,0,2022-11-09T15:00:30.774Z,8,75.0,8,100.0,58549,4769,90.61,63031,442,8.4,63506,37,0.7,63505,15,0.29,5316,75,5263,10020,8,6
1668007105,2022-11-09 09:18:25 -0600,1a24f83ca1cf403357e2b24fa6c87497103d847e,TX,48059,2,2022-11-09T01:00:00.000Z,FIPSCode,48059,0,2022-11-09T15:00:30.774Z,8,75.0,8,100.0,58549,4769,90.61,63031,442,8.4,63506,37,0.7,63505,15,0.29,5316,75,5263,10020,8,6
1668007145,2022-11-09 09:19:05 -0600,70e3ff1a64c7848981d7ecc33bbb3cbe270d6380,TX,48059,2,2022-11-09T01:00:00.000Z,FIPSCode,48059,0,2022-11-09T15:00:30.774Z,8,75.0,8,100.0,58549,4769,90.61,63031,442,8.4,63506,37,0.7,63505,15,0.29,5316,75,5263,10020,8,6
1668007185,2022-11-09 09:19:45 -0600,4ac7e5aec524ec5d33db9e1aec49a985a8583b74,TX,48059,2,2022-11-09T01:00:00.000Z,FIPSCode,48059,0,2022-11-09T15:00:30.774Z,8,75.0,8,100.0,58549,4769,90.61,63031,442,8.4,63506,37,0.7,63505,15,0.29,5316,75,5263,10020,8,6
1668007226,2022-11-09 09:20:26 -0600,7e4a42aadba649e416b93a4880892df978741226,TX,48059,2,2022-11-09T01:00:00.000Z,FIPSCode,48059,0,2022-11-09T15:00:30.774Z,8,75.0,8,100.0,58549,4769,90.61,63031,442,8.4,63506,37,0.7,63505,15,0.29,5316,75,5263,10020,8,6
1668007266,2022-11-09 09:21:06 -0600,57dbe3c51dc4a6c9ecfbf50bf7f2c7f6a80aef58,TX,48059,2,2022-11-09T01:00:00.000Z,FIPSCode,48059,0,2022-11-09T15:00:30.774Z,8,75.0,8,100.0,58549,4769,90.61,63031,442,8.4,63506,37,0.7,63505,15,0.29,5316,75,5263,10020,8,6
1668007306,2022-11-09 09:21:46 -0600,033a2ccfbacaf733d51acf4436971b8ca52f2dc6,TX,48059,2,2022-11-09T01:00:00.000Z,FIPSCode,48059,0,2022-11-09T15:00:30.774Z,8,75.0,8,100.0,58549,4769,90.61,63031,442,8.4,63506,37,0.7,63505,15,0.29,5316,75,5263,10020,8,6
1668007346,2022-11-09 09:22:26 -0600,f6b980a00d97c3c687f3cb686a576e58833e7e35,TX,48059,2,2022-11-09T01:00:00.000Z,FIPSCode,48059,0,2022-11-09T15:00:30.774Z,8,75.0,8,100.0,58549,4769,90.61,63031,442,8.4,63506,37,0.7,63505,15,0.29,5316,75,5263,10020,8,6
1668007387,2022-11-09 09:23:07 -0600,bea0c94185fce6e47125e27fdd292e977a1919ae,TX,48059,2,2022-11-09T01:00:00.000Z,FIPSCode,48059,0,2022-11-09T15:00:30.774Z,8,75.0,8,100.0,58549,4769,90.61,63031,442,8.4,63506,37,0.7,63505,15,0.29,5316,75,5263,10020,8,6
1668007427,2022-11-09 09:23:47 -0600,810d539dcb78e8fb01be53cd8a268c9a5599e883,TX,48059,2,2022-11-09T01:00:00.000Z,FIPSCode,48059,0,2022-11-09T15:00:30.774Z,8,75.0,8,100.0,58549,4769,90.61,63031,442,8.4,63506,37,0.7,63505,15,0.29,5316,75,5263,10020,8,6
1668007468,2022-11-09 09:24:28 -0600,a95193f808ce663b6451bc7ad7d36cc7505d3dca,TX,48059,2,2022-11-09T01:00:00.000Z,FIPSCode,48059,0,2022-11-09T15:00:30.774Z,8,75.0,8,100.0,58549,4769,90.61,63031,442,8.4,63506,37,0.7,63505,15,0.29,5316,75,5263,10020,8,6
1668007509,2022-11-09 09:25:09 -0600,b85fd38276b6000fb4a31432cab1a1e6fb9e8fc0,TX,48059,2,2022-11-09T01:00:00.000Z,FIPSCode,48059,0,2022-11-09T15:00:30.774Z,8,75.0,8,100.0,58549,4769,90.61,63031,442,8.4,63506,37,0.7,63505,15,0.29,5316,75,5263,10020,8,6
1668007672,2022-11-09 09:27:52 -0600,d2fae316d1cdcc38fce18fe769ac97b545fa77dc,TX,48059,2,2022-11-09T01:00:00.000Z,FIPSCode,48059,0,2022-11-09T15:00:30.774Z,8,75.0,8,100.0,58549,4769,90.61,63031,442,8.4,63506,37,0.7,63505,15,0.29,5316,75,5263,10020,8,6
1668007712,2022-11-09 09:28:32 -0600,3013b7b0c6df275647f8b8665fba5839b1fd0b54,TX,48059,2,2022-11-09T01:00:00.000Z,FIPSCode,48059,0,2022-11-09T15:00:30.774Z,8,75.0,8,100.0,58549,4769,90.61,63031,442,8.4,63506,37,0.7,63505,15,0.29,5316,75,5263,10020,8,6
1668007753,2022-11-09 09:29:13 -0600,12c46f52f302eec6d53a89451012e01a709f120a,TX,48059,2,2022-11-09T01:00:00.000Z,FIPSCode,48059,0,2022-11-09T15:00:30.774Z,8,75.0,8,100.0,58549,4769,90.61,63031,442,8.4,63506,37,0.7,63505,15,0.29,5316,75,5263,10020,8,6
1668007794,2022-11-09 09:29:54 -0600,609efe51fa52be4e4ab0bca2d10e749e561c9ce4,TX,48059,2,2022-11-09T01:00:00.000Z,FIPSCode,48059,0,2022-11-09T15:00:30.774Z,8,75.0,8,100.0,58549,4769,90.61,63031,442,8.4,63506,37,0.7,63505,15,0.29,5316,75,5263,10020,8,6
1668007834,2022-11-09 09:30:34 -0600,464b8f767376d618e794a56a3257f748489cbd47,TX,48059,2,2022-11-09T01:00:00.000Z,FIPSCode,48059,0,2022-11-09T15:00:30.774Z,8,75.0,8,100.0,58549,4769,90.61,63031,442,8.4,63506,37,0.7,63505,15,0.29,5316,75,5263,10020,8,6
1668007958,2022-11-09 09:32:38 -0600,9ee2c56ac32030f31659c088b6cae3bac4d7e870,TX,48059,2,2022-11-09T01:00:00.000Z,FIPSCode,48059,0,2022-11-09T15:00:30.774Z,8,75.0,8,100.0,58549,4769,90.61,63031,442,8.4,63506,37,0.7,63505,15,0.29,5316,75,5263,10020,8,6
1668007997,2022-11-09 09:33:17 -0600,c31f8323a740c6a07cb9d427e62bf507cddf2040,TX,48059,2,2022-11-09T01:00:00.000Z,FIPSCode,48059,0,2022-11-09T15:00:30.774Z,8,75.0,8,100.0,58549,4769,90.61,63031,442,8.4,63506,37,0.7,63505,15,0.29,5316,75,5263,10020,8,6
1668008037,2022-11-09 09:33:57 -0600,4779ec774c5f2518605741f744afd415f0ba829d,TX,48059,2,2022-11-09T01:00:00.000Z,FIPSCode,48059,0,2022-11-09T15:00:30.774Z,8,75.0,8,100.0,58549,4769,90.61,63031,442,8.4,63506,37,0.7,63505,15,0.29,5316,75,5263,10020,8,6
1668008078,2022-11-09 09:34:38 -0600,e6ee907ed8a6179329164aeeccfc106c7d0916e6,TX,48059,2,2022-11-09T01:00:00.000Z,FIPSCode,48059,0,2022-11-09T15:00:30.774Z,8,75.0,8,100.0,58549,4769,90.61,63031,442,8.4,63506,37,0.7,63505,15,0.29,5316,75,5263,10020,8,6
1668008121,2022-11-09 09:35:21 -0600,b80564f1e93c71d4fbfdd4bc2eecbc45c51aaad8,TX,48059,2,2022-11-09T01:00:00.000Z,FIPSCode,48059,0,2022-11-09T15:00:30.774Z,8,75.0,8,100.0,58549,4769,90.61,63031,442,8.4,63506,37,0.7,63505,15,0.29,5316,75,5263,10020,8,6
1668008162,2022-11-09 09:36:02 -0600,ee3ba892b0a9d70f7fa76b610d9240079f71b247,TX,48059,2,2022-11-09T01:00:00.000Z,FIPSCode,48059,0,2022-11-09T15:00:30.774Z,8,75.0,8,100.0,58549,4769,90.61,63031,442,8.4,63506,37,0.7,63505,15,0.29,5316,75,5263,10020,8,6
1668008202,2022-11-09 09:36:42 -0600,a2a3f777d5bf91f45fb3fb657ffd78f4c8edc2f0,TX,48059,2,2022-11-09T01:00:00.000Z,FIPSCode,48059,0,2022-11-09T15:00:30.774Z,8,75.0,8,100.0,58549,4769,90.61,63031,442,8.4,63506,37,0.7,63505,15,0.29,5316,75,5263,10020,8,6
1668008241,2022-11-09 09:37:21 -0600,9e4a290ce56ed69fb572218981618fb5cacdc944,TX,48059,2,2022-11-09T01:00:00.000Z,FIPSCode,48059,0,2022-11-09T15:00:30.774Z,8,75.0,8,100.0,58549,4769,90.61,63031,442,8.4,63506,37,0.7,63505,15,0.29,5316,75,5263,10020,8,6
1668008283,2022-11-09 09:38:03 -0600,bced99b1536e5338ec75c756fbe9d23ae3240399,TX,48059,2,2022-11-09T01:00:00.000Z,FIPSCode,48059,0,2022-11-09T15:00:30.774Z,8,75.0,8,100.0,58549,4769,90.61,63031,442,8.4,63506,37,0.7,63505,15,0.29,5316,75,5263,10020,8,6
1668008321,2022-11-09 09:38:41 -0600,ee191cc90067ca3af77cd51575681b1f04a13c1e,TX,48059,2,2022-11-09T01:00:00.000Z,FIPSCode,48059,0,2022-11-09T15:00:30.774Z,8,75.0,8,100.0,58549,4769,90.61,63031,442,8.4,63506,37,0.7,63505,15,0.29,5316,75,5263,10020,8,6
1668008363,2022-11-09 09:39:23 -0600,4c6b9b20960762f2ce7ebea4971969196bf23aa9,TX,48059,2,2022-11-09T01:00:00.000Z,FIPSCode,48059,0,2022-11-09T15:00:30.774Z,8,75.0,8,100.0,58549,4769,90.61,63031,442,8.4,63506,37,0.7,63505,15,0.29,5316,75,5263,10020,8,6
1668008403,2022-11-09 09:40:03 -0600,8ad92182bca6e3f338c6f1342265586ab3037086,TX,48059,2,2022-11-09T01:00:00.000Z,FIPSCode,48059,0,2022-11-09T15:00:30.774Z,8,75.0,8,100.0,58549,4769,90.61,63031,442,8.4,63506,37,0.7,63505,15,0.29,5316,75,5263,10020,8,6
1668008444,2022-11-09 09:40:44 -0600,7a7d57c5f6e24a7c3a58f95fb1be6a6a35d03970,TX,48059,2,2022-11-09T01:00:00.000Z,FIPSCode,48059,0,2022-11-09T15:00:30.774Z,8,75.0,8,100.0,58549,4769,90.61,63031,442,8.4,63506,37,0.7,63505,15,0.29,5316,75,5263,10020,8,6
1668008484,2022-11-09 09:41:24 -0600,696d392101b7df3252766d38bfc17cbd4e0bea25,TX,48059,2,2022-11-09T01:00:00.000Z,FIPSCode,48059,0,2022-11-09T15:00:30.774Z,8,75.0,8,100.0,58549,4769,90.61,63031,442,8.4,63506,37,0.7,63505,15,0.29,5316,75,5263,10020,8,6
1668008525,2022-11-09 09:42:05 -0600,e3238c32a61096c5dc42dea84c60bdd3ff7c4629,TX,48059,2,2022-11-09T01:00:00.000Z,FIPSCode,48059,0,2022-11-09T15:00:30.774Z,8,75.0,8,100.0,58549,4769,90.61,63031,442,8.4,63506,37,0.7,63505,15,0.29,5316,75,5263,10020,8,6
1668008565,2022-11-09 09:42:45 -0600,6de0d5aa8a09a0eb66eb64ed87c1579491250449,TX,48059,2,2022-11-09T01:00:00.000Z,FIPSCode,48059,0,2022-11-09T15:00:30.774Z,8,75.0,8,100.0,58549,4769,90.61,63031,442,8.4,63506,37,0.7,63505,15,0.29,5316,75,5263,10020,8,6
1668008605,2022-11-09 09:43:25 -0600,07f360cc2ba5105c5f02f855cd5f4098e61e4ca9,TX,48059,2,2022-11-09T01:00:00.000Z,FIPSCode,48059,0,2022-11-09T15:00:30.774Z,8,75.0,8,100.0,58549,4769,90.61,63031,442,8.4,63506,37,0.7,63505,15,0.29,5316,75,5263,10020,8,6
1668008647,2022-11-09 09:44:07 -0600,a29ae319d8e2179ffed6e1ca850277640b6f8c02,TX,48059,2,2022-11-09T01:00:00.000Z,FIPSCode,48059,0,2022-11-09T15:00:30.774Z,8,75.0,8,100.0,58549,4769,90.61,63031,442,8.4,63506,37,0.7,63505,15,0.29,5316,75,5263,10020,8,6
1668008687,2022-11-09 09:44:47 -0600,0788ccea03c4c514afffce1e59b8768e6a707040,TX,48059,2,2022-11-09T01:00:00.000Z,FIPSCode,48059,0,2022-11-09T15:00:30.774Z,8,75.0,8,100.0,58549,4769,90.61,63031,442,8.4,63506,37,0.7,63505,15,0.29,5316,75,5263,10020,8,6
1668008728,2022-11-09 09:45:28 -0600,3162c81a60eb7be2506d6fe6665c62f47530a485,TX,48059,2,2022-11-09T01:00:00.000Z,FIPSCode,48059,0,2022-11-09T15:00:30.774Z,8,75.0,8,100.0,58549,4769,90.61,63031,442,8.4,63506,37,0.7,63505,15,0.29,5316,75,5263,10020,8,6
1668008769,2022-11-09 09:46:09 -0600,15a255388547e109ae522086e2fc33265bd73f9f,TX,48059,2,2022-11-09T01:00:00.000Z,FIPSCode,48059,0,2022-11-09T15:00:30.774Z,8,75.0,8,100.0,58549,4769,90.61,63031,442,8.4,63506,37,0.7,63505,15,0.29,5316,75,5263,10020,8,6
1668008811,2022-11-09 09:46:51 -0600,af91d94677404b54ebad3dd25a0cba4098d7569d,TX,48059,2,2022-11-09T01:00:00.000Z,FIPSCode,48059,0,2022-11-09T15:00:30.774Z,8,75.0,8,100.0,58549,4769,90.61,63031,442,8.4,63506,37,0.7,63505,15,0.29,5316,75,5263,10020,8,6
1668008851,2022-11-09 09:47:31 -0600,4eae96cb5afd738f6ff1a06c1e6f29b746e53059,TX,48059,2,2022-11-09T01:00:00.000Z,FIPSCode,48059,0,2022-11-09T15:00:30.774Z,8,75.0,8,100.0,58549,4769,90.61,63031,442,8.4,63506,37,0.7,63505,15,0.29,5316,75,5263,10020,8,6
1668008893,2022-11-09 09:48:13 -0600,dc8e785f7656e918f5dae83bcc693dd8b1fec0b1,TX,48059,2,2022-11-09T01:00:00.000Z,FIPSCode,48059,0,2022-11-09T15:00:30.774Z,8,75.0,8,100.0,58549,4769,90.61,63031,442,8.4,63506,37,0.7,63505,15,0.29,5316,75,5263,10020,8,6
1668008933,2022-11-09 09:48:53 -0600,a34346dad298d19229aea3d5a87817fdbc7bef00,TX,48059,2,2022-11-09T01:00:00.000Z,FIPSCode,48059,0,2022-11-09T15:00:30.774Z,8,75.0,8,100.0,58549,4769,90.61,63031,442,8.4,63506,37,0.7,63505,15,0.29,5316,75,5263,10020,8,6
1668008974,2022-11-09 09:49:34 -0600,e714dd6ae238fbda1ba3df413da7a41154f39add,TX,48059,2,2022-11-09T01:00:00.000Z,FIPSCode,48059,0,2022-11-09T15:00:30.774Z,8,75.0,8,100.0,58549,4769,90.61,63031,442,8.4,63506,37,0.7,63505,15,0.29,5316,75,5263,10020,8,6
1668009015,2022-11-09 09:50:15 -0600,a58abf3ce5014c3ab300c7ccbe315dede076fe2d,TX,48059,2,2022-11-09T01:00:00.000Z,FIPSCode,48059,0,2022-11-09T15:00:30.774Z,8,75.0,8,100.0,58549,4769,90.61,63031,442,8.4,63506,37,0.7,63505,15,0.29,5316,75,5263,10020,8,6
1668009055,2022-11-09 09:50:55 -0600,ca21631bef466daf18eb75515a4448ef84a9d26d,TX,48059,2,2022-11-09T01:00:00.000Z,FIPSCode,48059,0,2022-11-09T15:00:30.774Z,8,75.0,8,100.0,58549,4769,90.61,63031,442,8.4,63506,37,0.7,63505,15,0.29,5316,75,5263,10020,8,6
1668009097,2022-11-09 09:51:37 -0600,da607f5d2265cb4100a2d56c17b13c4421b1c146,TX,48059,2,2022-11-09T01:00:00.000Z,FIPSCode,48059,0,2022-11-09T15:00:30.774Z,8,75.0,8,100.0,58549,4769,90.61,63031,442,8.4,63506,37,0.7,63505,15,0.29,5316,75,5263,10020,8,6
1668009138,2022-11-09 09:52:18 -0600,ed2b0bcf3f643ba99f29f2dae1192b8b01c130ef,TX,48059,2,2022-11-09T01:00:00.000Z,FIPSCode,48059,0,2022-11-09T15:00:30.774Z,8,75.0,8,100.0,58549,4769,90.61,63031,442,8.4,63506,37,0.7,63505,15,0.29,5316,75,5263,10020,8,6
1668009179,2022-11-09 09:52:59 -0600,82e6b1c43ede5c94414df2640ec15246a5ef7705,TX,48059,2,2022-11-09T01:00:00.000Z,FIPSCode,48059,0,2022-11-09T15:00:30.774Z,8,75.0,8,100.0,58549,4769,90.61,63031,442,8.4,63506,37,0.7,63505,15,0.29,5316,75,5263,10020,8,6
1668009221,2022-11-09 09:53:41 -0600,9a0a6eb57298d053ea4997217d4e21af6b192e07,TX,48059,2,2022-11-09T01:00:00.000Z,FIPSCode,48059,0,2022-11-09T15:00:30.774Z,8,75.0,8,100.0,58549,4769,90.61,63031,442,8.4,63506,37,0.7,63505,15,0.29,5316,75,5263,10020,8,6
1668009262,2022-11-09 09:54:22 -0600,05b2df033de8074b9e224f40acbc04f63ff3f1d3,TX,48059,2,2022-11-09T01:00:00.000Z,FIPSCode,48059,0,2022-11-09T15:00:30.774Z,8,75.0,8,100.0,58549,4769,90.61,63031,442,8.4,63506,37,0.7,63505,15,0.29,5316,75,5263,10020,8,6
1668009303,2022-11-09 09:55:03 -0600,493d445a784846a37c4a1c96ce7d5914225ae853,TX,48059,2,2022-11-09T01:00:00.000Z,FIPSCode,48059,0,2022-11-09T15:00:30.774Z,8,75.0,8,100.0,58549,4769,90.61,63031,442,8.4,63506,37,0.7,63505,15,0.29,5316,75,5263,10020,8,6
1668009344,2022-11-09 09:55:44 -0600,103f7dcb639cffed26127c0f99e8d0d25a317cde,TX,48059,2,2022-11-09T01:00:00.000Z,FIPSCode,48059,0,2022-11-09T15:00:30.774Z,8,75.0,8,100.0,58549,4769,90.61,63031,442,8.4,63506,37,0.7,63505,15,0.29,5316,75,5263,10020,8,6
1668009384,2022-11-09 09:56:24 -0600,4a507cdb9be992bd073bab4e140fcadf1b06c6d8,TX,48059,2,2022-11-09T01:00:00.000Z,FIPSCode,48059,0,2022-11-09T15:00:30.774Z,8,75.0,8,100.0,58549,4769,90.61,63031,442,8.4,63506,37,0.7,63505,15,0.29,5316,75,5263,10020,8,6
1668009425,2022-11-09 09:57:05 -0600,79bb21e46d58300d1d505b68ee8ecdd642a8f532,TX,48059,2,2022-11-09T01:00:00.000Z,FIPSCode,48059,0,2022-11-09T15:00:30.774Z,8,75.0,8,100.0,58549,4769,90.61,63031,442,8.4,63506,37,0.7,63505,15,0.29,5316,75,5263,10020,8,6
1668009466,2022-11-09 09:57:46 -0600,403ca7e5cc3ea0259720dcc478172fa6d2b8852b,TX,48059,2,2022-11-09T01:00:00.000Z,FIPSCode,48059,0,2022-11-09T15:00:30.774Z,8,75.0,8,100.0,58549,4769,90.61,63031,442,8.4,63506,37,0.7,63505,15,0.29,5316,75,5263,10020,8,6
1668009506,2022-11-09 09:58:26 -0600,5e2f03394495092ba7b1b579276c8bf3194685b4,TX,48059,2,2022-11-09T01:00:00.000Z,FIPSCode,48059,0,2022-11-09T15:00:30.774Z,8,75.0,8,100.0,58549,4769,90.61,63031,442,8.4,63506,37,0.7,63505,15,0.29,5316,75,5263,10020,8,6
1668009546,2022-11-09 09:59:06 -0600,6e378ac858fc1545987dd420bf05dcea84f12ae7,TX,48059,2,2022-11-09T01:00:00.000Z,FIPSCode,48059,0,2022-11-09T15:00:30.774Z,8,75.0,8,100.0,58549,4769,90.61,63031,442,8.4,63506,37,0.7,63505,15,0.29,5316,75,5263,10020,8,6
1668009587,2022-11-09 09:59:47 -0600,d480cdd5ee548a2e4fd3b00fd65b46559426b34b,TX,48059,2,2022-11-09T01:00:00.000Z,FIPSCode,48059,0,2022-11-09T15:00:30.774Z,8,75.0,8,100.0,58549,4769,90.61,63031,442,8.4,63506,37,0.7,63505,15,0.29,5316,75,5263,10020,8,6
1668009628,2022-11-09 10:00:28 -0600,ccba9a7ad97689de5831484242aaefff4a48998e,TX,48059,2,2022-11-09T01:00:00.000Z,FIPSCode,48059,0,2022-11-09T15:00:30.774Z,8,75.0,8,100.0,58549,4769,90.61,63031,442,8.4,63506,37,0.7,63505,15,0.29,5316,75,5263,10020,8,6
1668009669,2022-11-09 10:01:09 -0600,54f6b2eac7d596c4b9fc2605b9a549e39c140695,TX,48059,2,2022-11-09T01:00:00.000Z,FIPSCode,48059,0,2022-11-09T15:00:30.774Z,8,75.0,8,100.0,58549,4769,90.61,63031,442,8.4,63506,37,0.7,63505,15,0.29,5316,75,5263,10020,8,6
1668009710,2022-11-09 10:01:50 -0600,74116622b8c9b2150fa904b12a554af9ef5dfe6f,TX,48059,2,2022-11-09T01:00:00.000Z,FIPSCode,48059,0,2022-11-09T15:00:30.774Z,8,75.0,8,100.0,58549,4769,90.61,63031,442,8.4,63506,37,0.7,63505,15,0.29,5316,75,5263,10020,8,6
1668009751,2022-11-09 10:02:31 -0600,bc4e6acb19e3f7b144fb6b3f301c19cc6e35f693,TX,48059,2,2022-11-09T01:00:00.000Z,FIPSCode,48059,0,2022-11-09T15:00:30.774Z,8,75.0,8,100.0,58549,4769,90.61,63031,442,8.4,63506,37,0.7,63505,15,0.29,5316,75,5263,10020,8,6
1668009791,2022-11-09 10:03:11 -0600,168a5c44c08980df5211064870e4e8418b67d4d8,TX,48059,2,2022-11-09T01:00:00.000Z,FIPSCode,48059,0,2022-11-09T15:00:30.774Z,8,75.0,8,100.0,58549,4769,90.61,63031,442,8.4,63506,37,0.7,63505,15,0.29,5316,75,5263,10020,8,6
1668009833,2022-11-09 10:03:53 -0600,e548f3e1d556d9aab4282bf27d853f5838774858,TX,48059,2,2022-11-09T01:00:00.000Z,FIPSCode,48059,0,2022-11-09T15:00:30.774Z,8,75.0,8,100.0,58549,4769,90.61,63031,442,8.4,63506,37,0.7,63505,15,0.29,5316,75,5263,10020,8,6
1668009874,2022-11-09 10:04:34 -0600,11b8834593a88447f151c2b14e88da1e99d29b7a,TX,48059,2,2022-11-09T01:00:00.000Z,FIPSCode,48059,0,2022-11-09T15:00:30.774Z,8,75.0,8,100.0,58549,4769,90.61,63031,442,8.4,63506,37,0.7,63505,15,0.29,5316,75,5263,10020,8,6
1668009915,2022-11-09 10:05:15 -0600,deca978d2dbb8ad869cb71528fef42155ecc7a0d,TX,48059,2,2022-11-09T01:00:00.000Z,FIPSCode,48059,0,2022-11-09T15:00:30.774Z,8,75.0,8,100.0,58549,4769,90.61,63031,442,8.4,63506,37,0.7,63505,15,0.29,5316,75,5263,10020,8,6
1668009956,2022-11-09 10:05:56 -0600,a19678ee22e50e9909778b88f3520bc5939e89b8,TX,48059,2,2022-11-09T01:00:00.000Z,FIPSCode,48059,0,2022-11-09T15:00:30.774Z,8,75.0,8,100.0,58549,4769,90.61,63031,442,8.4,63506,37,0.7,63505,15,0.29,5316,75,5263,10020,8,6
1668009996,2022-11-09 10:06:36 -0600,d86e01de1ad3a6bc9f8847eb2864d81b8848bccf,TX,48059,2,2022-11-09T01:00:00.000Z,FIPSCode,48059,0,2022-11-09T15:00:30.774Z,8,75.0,8,100.0,58549,4769,90.61,63031,442,8.4,63506,37,0.7,63505,15,0.29,5316,75,5263,10020,8,6
1668010038,2022-11-09 10:07:18 -0600,7f882ee806ab6b93215a59fa3c5a05469e090576,TX,48059,2,2022-11-09T01:00:00.000Z,FIPSCode,48059,0,2022-11-09T15:00:30.774Z,8,75.0,8,100.0,58549,4769,90.61,63031,442,8.4,63506,37,0.7,63505,15,0.29,5316,75,5263,10020,8,6
1668010078,2022-11-09 10:07:58 -0600,c64d9949bd83aacb0615ca297bcbf8884d3fa4a5,TX,48059,2,2022-11-09T01:00:00.000Z,FIPSCode,48059,0,2022-11-09T15:00:30.774Z,8,75.0,8,100.0,58549,4769,90.61,63031,442,8.4,63506,37,0.7,63505,15,0.29,5316,75,5263,10020,8,6
1668010121,2022-11-09 10:08:41 -0600,c38745d8182dec6b7878083215e13d3489f1534d,TX,48059,2,2022-11-09T01:00:00.000Z,FIPSCode,48059,0,2022-11-09T15:00:30.774Z,8,75.0,8,100.0,58549,4769,90.61,63031,442,8.4,63506,37,0.7,63505,15,0.29,5316,75,5263,10020,8,6
1668010161,2022-11-09 10:09:21 -0600,dcb18984e62889df1882515931115f8398eb2423,TX,48059,2,2022-11-09T01:00:00.000Z,FIPSCode,48059,0,2022-11-09T15:00:30.774Z,8,75.0,8,100.0,58549,4769,90.61,63031,442,8.4,63506,37,0.7,63505,15,0.29,5316,75,5263,10020,8,6
1668010203,2022-11-09 10:10:03 -0600,d675e5bf7ec81abbdc87efd897c84b8bc774de9d,TX,48059,2,2022-11-09T01:00:00.000Z,FIPSCode,48059,0,2022-11-09T15:00:30.774Z,8,75.0,8,100.0,58549,4769,90.61,63031,442,8.4,63506,37,0.7,63505,15,0.29,5316,75,5263,10020,8,6
1668010245,2022-11-09 10:10:45 -0600,c4b5308f940511c9838b928c648ccd32f76b1dc7,TX,48059,2,2022-11-09T01:00:00.000Z,FIPSCode,48059,0,2022-11-09T15:00:30.774Z,8,75.0,8,100.0,58549,4769,90.61,63031,442,8.4,63506,37,0.7,63505,15,0.29,5316,75,5263,10020,8,6
1668010285,2022-11-09 10:11:25 -0600,b64b12d7f879ecda657a24a58c402a84aed97c29,TX,48059,2,2022-11-09T01:00:00.000Z,FIPSCode,48059,0,2022-11-09T15:00:30.774Z,8,75.0,8,100.0,58549,4769,90.61,63031,442,8.4,63506,37,0.7,63505,15,0.29,5316,75,5263,10020,8,6
1668010329,2022-11-09 10:12:09 -0600,2c68f6da732af379db0136e9620f465556d8bc74,TX,48059,2,2022-11-09T01:00:00.000Z,FIPSCode,48059,0,2022-11-09T15:00:30.774Z,8,75.0,8,100.0,58549,4769,90.61,63031,442,8.4,63506,37,0.7,63505,15,0.29,5316,75,5263,10020,8,6
1668010371,2022-11-09 10:12:51 -0600,8552c5c15160da81b68846865e7ca5cf9b813567,TX,48059,2,2022-11-09T01:00:00.000Z,FIPSCode,48059,0,2022-11-09T15:00:30.774Z,8,75.0,8,100.0,58549,4769,90.61,63031,442,8.4,63506,37,0.7,63505,15,0.29,5316,75,5263,10020,8,6
1668010412,2022-11-09 10:13:32 -0600,fe0811daba2f34ba72aa0fbcb6b7ac72fa000630,TX,48059,2,2022-11-09T01:00:00.000Z,FIPSCode,48059,0,2022-11-09T15:00:30.774Z,8,75.0,8,100.0,58549,4769,90.61,63031,442,8.4,63506,37,0.7,63505,15,0.29,5316,75,5263,10020,8,6
1668010454,2022-11-09 10:14:14 -0600,feb8c3c255ae6ba3de59cc8068ea01cbd3d97bf5,TX,48059,2,2022-11-09T01:00:00.000Z,FIPSCode,48059,0,2022-11-09T15:00:30.774Z,8,75.0,8,100.0,58549,4769,90.61,63031,442,8.4,63506,37,0.7,63505,15,0.29,5316,75,5263,10020,8,6
1668010496,2022-11-09 10:14:56 -0600,c434caf70fc610cb722d23bbf455b4f6371ebffe,TX,48059,2,2022-11-09T01:00:00.000Z,FIPSCode,48059,0,2022-11-09T15:00:30.774Z,8,75.0,8,100.0,58549,4769,90.61,63031,442,8.4,63506,37,0.7,63505,15,0.29,5316,75,5263,10020,8,6
1668010538,2022-11-09 10:15:38 -0600,dcf7c42835c3c123da8a52ac3e52b7d191441353,TX,48059,2,2022-11-09T01:00:00.000Z,FIPSCode,48059,0,2022-11-09T15:00:30.774Z,8,75.0,8,100.0,58549,4769,90.61,63031,442,8.4,63506,37,0.7,63505,15,0.29,5316,75,5263,10020,8,6
1668010579,2022-11-09 10:16:19 -0600,592a3bc68988af696982d033e96f0cab9e847320,TX,48059,2,2022-11-09T01:00:00.000Z,FIPSCode,48059,0,2022-11-09T15:00:30.774Z,8,75.0,8,100.0,58549,4769,90.61,63031,442,8.4,63506,37,0.7,63505,15,0.29,5316,75,5263,10020,8,6
1668010621,2022-11-09 10:17:01 -0600,581dd8b0f72676061820f7b7e7586e4e1dd3f7da,TX,48059,2,2022-11-09T01:00:00.000Z,FIPSCode,48059,0,2022-11-09T15:00:30.774Z,8,75.0,8,100.0,58549,4769,90.61,63031,442,8.4,63506,37,0.7,63505,15,0.29,5316,75,5263,10020,8,6
1668010662,2022-11-09 10:17:42 -0600,157b7cfb643c54368a013a4322403d0b44c3c968,TX,48059,2,2022-11-09T01:00:00.000Z,FIPSCode,48059,0,2022-11-09T15:00:30.774Z,8,75.0,8,100.0,58549,4769,90.61,63031,442,8.4,63506,37,0.7,63505,15,0.29,5316,75,5263,10020,8,6
1668010703,2022-11-09 10:18:23 -0600,6d7acff3176b9752a5c9b92ef5b1f6ce3b6e6ae3,TX,48059,2,2022-11-09T01:00:00.000Z,FIPSCode,48059,0,2022-11-09T15:00:30.774Z,8,75.0,8,100.0,58549,4769,90.61,63031,442,8.4,63506,37,0.7,63505,15,0.29,5316,75,5263,10020,8,6
1668010744,2022-11-09 10:19:04 -0600,9f4800340e388fd704cd69dcf2897919d1f12003,TX,48059,2,2022-11-09T01:00:00.000Z,FIPSCode,48059,0,2022-11-09T15:00:30.774Z,8,75.0,8,100.0,58549,4769,90.61,63031,442,8.4,63506,37,0.7,63505,15,0.29,5316,75,5263,10020,8,6
1668010785,2022-11-09 10:19:45 -0600,ac95fcb5187b0ec568bfc31a45db0af40e500b93,TX,48059,2,2022-11-09T01:00:00.000Z,FIPSCode,48059,0,2022-11-09T15:00:30.774Z,8,75.0,8,100.0,58549,4769,90.61,63031,442,8.4,63506,37,0.7,63505,15,0.29,5316,75,5263,10020,8,6
1668010826,2022-11-09 10:20:26 -0600,5799c988eb65f6db48d94853ab7ea4e355fd564f,TX,48059,2,2022-11-09T01:00:00.000Z,FIPSCode,48059,0,2022-11-09T15:00:30.774Z,8,75.0,8,100.0,58549,4769,90.61,63031,442,8.4,63506,37,0.7,63505,15,0.29,5316,75,5263,10020,8,6
1668010867,2022-11-09 10:21:07 -0600,2b6206385c47a6e43e0f3521efe602a7e6d9c006,TX,48059,2,2022-11-09T01:00:00.000Z,FIPSCode,48059,0,2022-11-09T15:00:30.774Z,8,75.0,8,100.0,58549,4769,90.61,63031,442,8.4,63506,37,0.7,63505,15,0.29,5316,75,5263,10020,8,6
1668010950,2022-11-09 10:22:30 -0600,ca496c00ac8684ae930b72e74c509755dbaee465,TX,48059,2,2022-11-09T01:00:00.000Z,FIPSCode,48059,0,2022-11-09T15:00:30.774Z,8,75.0,8,100.0,58549,4769,90.61,63031,442,8.4,63506,37,0.7,63505,15,0.29,5316,75,5263,10020,8,6
1668010991,2022-11-09 10:23:11 -0600,d615054313803abcb992949d65a79f2b63ccab60,TX,48059,2,2022-11-09T01:00:00.000Z,FIPSCode,48059,0,2022-11-09T15:00:30.774Z,8,75.0,8,100.0,58549,4769,90.61,63031,442,8.4,63506,37,0.7,63505,15,0.29,5316,75,5263,10020,8,6
1668011033,2022-11-09 10:23:53 -0600,90acd6cbd7dabfa258d3b48f5494d8e0fcc49554,TX,48059,2,2022-11-09T01:00:00.000Z,FIPSCode,48059,0,2022-11-09T15:00:30.774Z,8,75.0,8,100.0,58549,4769,90.61,63031,442,8.4,63506,37,0.7,63505,15,0.29,5316,75,5263,10020,8,6
1668011074,2022-11-09 10:24:34 -0600,3da5a8d43923706883b3e57dc426e7258988a99b,TX,48059,2,2022-11-09T01:00:00.000Z,FIPSCode,48059,0,2022-11-09T15:00:30.774Z,8,75.0,8,100.0,58549,4769,90.61,63031,442,8.4,63506,37,0.7,63505,15,0.29,5316,75,5263,10020,8,6
1668011115,2022-11-09 10:25:15 -0600,3a318087dc9992b1ec09b4d0dda948b81d3e6079,TX,48059,2,2022-11-09T01:00:00.000Z,FIPSCode,48059,0,2022-11-09T15:00:30.774Z,8,75.0,8,100.0,58549,4769,90.61,63031,442,8.4,63506,37,0.7,63505,15,0.29,5316,75,5263,10020,8,6
1668011155,2022-11-09 10:25:55 -0600,13b67ec66c7d75d32ddf8981c2d25b91ed14be57,TX,48059,2,2022-11-09T01:00:00.000Z,FIPSCode,48059,0,2022-11-09T15:00:30.774Z,8,75.0,8,100.0,58549,4769,90.61,63031,442,8.4,63506,37,0.7,63505,15,0.29,5316,75,5263,10020,8,6
1668011197,2022-11-09 10:26:37 -0600,1b554ea7bf9f739d7b56884f55a9c3e491413606,TX,48059,2,2022-11-09T01:00:00.000Z,FIPSCode,48059,0,2022-11-09T15:00:30.774Z,8,75.0,8,100.0,58549,4769,90.61,63031,442,8.4,63506,37,0.7,63505,15,0.29,5316,75,5263,10020,8,6
1668011238,2022-11-09 10:27:18 -0600,c148e034d802fcddfdc86721b83c735113d39a3c,TX,48059,2,2022-11-09T01:00:00.000Z,FIPSCode,48059,0,2022-11-09T15:00:30.774Z,8,75.0,8,100.0,58549,4769,90.61,63031,442,8.4,63506,37,0.7,63505,15,0.29,5316,75,5263,10020,8,6
1668011278,2022-11-09 10:27:58 -0600,89fa544870eee2597fbb47bcdb0446569b121cd8,TX,48059,2,2022-11-09T01:00:00.000Z,FIPSCode,48059,0,2022-11-09T15:00:30.774Z,8,75.0,8,100.0,58549,4769,90.61,63031,442,8.4,63506,37,0.7,63505,15,0.29,5316,75,5263,10020,8,6
1668011321,2022-11-09 10:28:41 -0600,11e9755a36d8a569b29930d66b85892a440e5805,TX,48059,2,2022-11-09T01:00:00.000Z,FIPSCode,48059,0,2022-11-09T15:00:30.774Z,8,75.0,8,100.0,58549,4769,90.61,63031,442,8.4,63506,37,0.7,63505,15,0.29,5316,75,5263,10020,8,6
1668011361,2022-11-09 10:29:21 -0600,8b53d9447a0dedc64b161ed24568ec5b8e0b4870,TX,48059,2,2022-11-09T01:00:00.000Z,FIPSCode,48059,0,2022-11-09T15:00:30.774Z,8,75.0,8,100.0,58549,4769,90.61,63031,442,8.4,63506,37,0.7,63505,15,0.29,5316,75,5263,10020,8,6
1668011402,2022-11-09 10:30:02 -0600,79774e919ed568526310afbb349c53e3e3446ed5,TX,48059,2,2022-11-09T01:00:00.000Z,FIPSCode,48059,0,2022-11-09T15:00:30.774Z,8,75.0,8,100.0,58549,4769,90.61,63031,442,8.4,63506,37,0.7,63505,15,0.29,5316,75,5263,10020,8,6
1668011443,2022-11-09 10:30:43 -0600,38564662959e1a093aff317613aeb5b8d7ff046e,TX,48059,2,2022-11-09T01:00:00.000Z,FIPSCode,48059,0,2022-11-09T15:00:30.774Z,8,75.0,8,100.0,58549,4769,90.61,63031,442,8.4,63506,37,0.7,63505,15,0.29,5316,75,5263,10020,8,6
1668011942,2022-11-09 10:39:02 -0600,c48653ae1a71e3e10ed442b22f8418ac80633590,TX,48059,2,2022-11-09T01:00:00.000Z,FIPSCode,48059,0,2022-11-09T15:00:30.774Z,8,75.0,8,100.0,58549,4769,90.61,63031,442,8.4,63506,37,0.7,63505,15,0.29,5316,75,5263,10020,8,6
1668011985,2022-11-09 10:39:45 -0600,f99d68d724c40ea013cdd835d11d0e0fef8b13dd,TX,48059,2,2022-11-09T01:00:00.000Z,FIPSCode,48059,0,2022-11-09T16:39:29.913Z,8,75.0,8,100.0,58549,4769,90.61,63031,442,8.4,63506,37,0.7,63505,15,0.29,5316,75,5263,10020,8,6
1668012026,2022-11-09 10:40:26 -0600,147e8aeeb6a157c6bb3940f4810ee378f5d632df,TX,48059,2,2022-11-09T01:00:00.000Z,FIPSCode,48059,0,2022-11-09T16:39:29.913Z,8,75.0,8,100.0,58549,4769,90.61,63031,442,8.4,63506,37,0.7,63505,15,0.29,5316,75,5263,10020,8,6
1668012066,2022-11-09 10:41:06 -0600,c004980ebaaa2705273a2f8962b47674b4618f8c,TX,48059,2,2022-11-09T01:00:00.000Z,FIPSCode,48059,0,2022-11-09T16:39:29.913Z,8,75.0,8,100.0,58549,4769,90.61,63031,442,8.4,63506,37,0.7,63505,15,0.29,5316,75,5263,10020,8,6
1668012107,2022-11-09 10:41:47 -0600,c035c67210a2add268f40ad917cbf1ad527e7938,TX,48059,2,2022-11-09T01:00:00.000Z,FIPSCode,48059,0,2022-11-09T16:40:51.426Z,8,75.0,8,100.0,58549,4769,90.61,63031,442,8.4,63506,37,0.7,63505,15,0.29,5316,75,5263,10020,8,6
1668012814,2022-11-09 10:53:34 -0600,ee6f73dee4022988c15a61ca75baffa5bc86cfac,TX,48059,2,2022-11-09T01:00:00.000Z,FIPSCode,48059,0,2022-11-09T16:50:33.596Z,8,75.0,8,100.0,58549,4769,90.61,63031,442,8.4,63506,37,0.7,63505,15,0.29,5316,75,5263,10020,8,6
1668012856,2022-11-09 10:54:16 -0600,93ff30b92a39cdcd9f976355f09863982e71e518,TX,48059,2,2022-11-09T01:00:00.000Z,FIPSCode,48059,0,2022-11-09T16:50:33.596Z,8,75.0,8,100.0,58549,4769,90.61,63031,442,8.4,63506,37,0.7,63505,15,0.29,5316,75,5263,10020,8,6
1668012897,2022-11-09 10:54:57 -0600,8f95bf5db6fcb787e7d51906b36eebff79b3ad0c,TX,48059,2,2022-11-09T01:00:00.000Z,FIPSCode,48059,0,2022-11-09T16:50:33.596Z,8,75.0,8,100.0,58549,4769,90.61,63031,442,8.4,63506,37,0.7,63505,15,0.29,5316,75,5263,10020,8,6
1668012938,2022-11-09 10:55:38 -0600,eb3a861c4b45d59b4767cdd42226991fce698da2,TX,48059,2,2022-11-09T01:00:00.000Z,FIPSCode,48059,0,2022-11-09T16:50:33.596Z,8,75.0,8,100.0,58549,4769,90.61,63031,442,8.4,63506,37,0.7,63505,15,0.29,5316,75,5263,10020,8,6
1668012980,2022-11-09 10:56:20 -0600,4f183e7cbe6831b97d283341e458fd68593ab4f5,TX,48059,2,2022-11-09T01:00:00.000Z,FIPSCode,48059,0,2022-11-09T16:50:33.596Z,8,75.0,8,100.0,58549,4769,90.61,63031,442,8.4,63506,37,0.7,63505,15,0.29,5316,75,5263,10020,8,6
1668013021,2022-11-09 10:57:01 -0600,1fa719635a45a784804b5be262c5b531389d3282,TX,48059,2,2022-11-09T01:00:00.000Z,FIPSCode,48059,0,2022-11-09T16:50:33.596Z,8,75.0,8,100.0,58549,4769,90.61,63031,442,8.4,63506,37,0.7,63505,15,0.29,5316,75,5263,10020,8,6
1668013062,2022-11-09 10:57:42 -0600,7c5f12ddee1ee5b6f912806ea70c04f71dada662,TX,48059,2,2022-11-09T01:00:00.000Z,FIPSCode,48059,0,2022-11-09T16:50:33.596Z,8,75.0,8,100.0,58549,4769,90.61,63031,442,8.4,63506,37,0.7,63505,15,0.29,5316,75,5263,10020,8,6
1668013107,2022-11-09 10:58:27 -0600,c1dd85264039d93e9856f08ffcb84de87087a69c,TX,48059,2,2022-11-09T01:00:00.000Z,FIPSCode,48059,0,2022-11-09T16:50:33.596Z,8,75.0,8,100.0,58549,4769,90.61,63031,442,8.4,63506,37,0.7,63505,15,0.29,5316,75,5263,10020,8,6
1668013147,2022-11-09 10:59:07 -0600,bd2adfd6956e3ab01377a6596fbb14c3d4e701e7,TX,48059,2,2022-11-09T01:00:00.000Z,FIPSCode,48059,0,2022-11-09T16:50:33.596Z,8,75.0,8,100.0,58549,4769,90.61,63031,442,8.4,63506,37,0.7,63505,15,0.29,5316,75,5263,10020,8,6
1668013229,2022-11-09 11:00:29 -0600,cfa4d181560a1cb77fee4e388d177270a0b992df,TX,48059,2,2022-11-09T01:00:00.000Z,FIPSCode,48059,0,2022-11-09T16:50:33.596Z,8,75.0,8,100.0,58549,4769,90.61,63031,442,8.4,63506,37,0.7,63505,15,0.29,5316,75,5263,10020,8,6
1668013271,2022-11-09 11:01:11 -0600,d707a7d2f1ba60f7e77cd74704d3a092722d3796,TX,48059,2,2022-11-09T01:00:00.000Z,FIPSCode,48059,0,2022-11-09T16:50:33.596Z,8,75.0,8,100.0,58549,4769,90.61,63031,442,8.4,63506,37,0.7,63505,15,0.29,5316,75,5263,10020,8,6
1668013315,2022-11-09 11:01:55 -0600,a63ff640109f379b4e3dc0d69b8c926a1459e532,TX,48059,2,2022-11-09T01:00:00.000Z,FIPSCode,48059,0,2022-11-09T17:01:10.994Z,8,75.0,8,100.0,58549,4769,90.61,63031,442,8.4,63506,37,0.7,63505,15,0.29,5316,75,5263,10020,8,6
1668013355,2022-11-09 11:02:35 -0600,d6c3cb6f891d18bc454099c56211d14d63b767a7,TX,48059,2,2022-11-09T01:00:00.000Z,FIPSCode,48059,0,2022-11-09T17:01:10.994Z,8,75.0,8,100.0,58549,4769,90.61,63031,442,8.4,63506,37,0.7,63505,15,0.29,5316,75,5263,10020,8,6
1668013395,2022-11-09 11:03:15 -0600,970159917435d5993011473bd609e0423a2acc01,TX,48059,2,2022-11-09T01:00:00.000Z,FIPSCode,48059,0,2022-11-09T17:02:30.406Z,8,75.0,8,100.0,58549,4769,90.61,63031,442,8.4,63506,37,0.7,63505,15,0.29,5316,75,5263,10020,8,6
1668013436,2022-11-09 11:03:56 -0600,b8a07d78bf872fba80e5570f26d2834d74ea67c9,TX,48059,2,2022-11-09T01:00:00.000Z,FIPSCode,48059,0,2022-11-09T17:03:32.057Z,8,75.0,8,100.0,58549,4769,90.61,63031,442,8.4,63506,37,0.7,63505,15,0.29,5316,75,5263,10020,8,6
1668013558,2022-11-09 11:05:58 -0600,2966491f3b2df7be82879ffa173bfea995dfc769,TX,48059,2,2022-11-09T01:00:00.000Z,FIPSCode,48059,0,2022-11-09T17:04:32.329Z,8,99.0,8,100.0,58549,4769,90.61,63031,442,8.4,63506,37,0.7,63505,15,0.29,5316,99,5263,10020,8,8
1668013598,2022-11-09 11:06:38 -0600,b73843ea180f5fe85f68d153a7e2e2afb94e9f06,TX,48059,2,2022-11-09T01:00:00.000Z,FIPSCode,48059,0,2022-11-09T17:04:32.329Z,8,99.0,8,100.0,58549,4769,90.61,63031,442,8.4,63506,37,0.7,63505,15,0.29,5316,99,5263,10020,8,8
1668013644,2022-11-09 11:07:24 -0600,149fa4c47bc02be1867d5154d9cb65935c12b338,TX,48059,2,2022-11-09T01:00:00.000Z,FIPSCode,48059,0,2022-11-09T17:04:32.329Z,8,99.0,8,100.0,58549,4769,90.61,63031,442,8.4,63506,37,0.7,63505,15,0.29,5316,99,5263,10020,8,8
1668013686,2022-11-09 11:08:06 -0600,4b297ad2cb57f1b845901b4dd6335b6a0e0d49bf,TX,48059,2,2022-11-09T01:00:00.000Z,FIPSCode,48059,0,2022-11-09T17:04:32.329Z,8,99.0,8,100.0,58549,4769,90.61,63031,442,8.4,63506,37,0.7,63505,15,0.29,5316,99,5263,10020,8,8
1668013729,2022-11-09 11:08:49 -0600,94f4ef7ff4d7cdd1203f0c6148d903f215e9ee90,TX,48059,2,2022-11-09T01:00:00.000Z,FIPSCode,48059,0,2022-11-09T17:04:32.329Z,8,99.0,8,100.0,58549,4769,90.61,63031,442,8.4,63506,37,0.7,63505,15,0.29,5316,99,5263,10020,8,8
1668013770,2022-11-09 11:09:30 -0600,985ba2507ef43cb105755e4f1f403a98dc80d4cd,TX,48059,2,2022-11-09T01:00:00.000Z,FIPSCode,48059,0,2022-11-09T17:04:32.329Z,8,99.0,8,100.0,58549,4769,90.61,63031,442,8.4,63506,37,0.7,63505,15,0.29,5316,99,5263,10020,8,8
1668013811,2022-11-09 11:10:11 -0600,7a8747f1feb7e25f7e4d582bb6814946a01887a1,TX,48059,2,2022-11-09T01:00:00.000Z,FIPSCode,48059,0,2022-11-09T17:04:32.329Z,8,99.0,8,100.0,58549,4769,90.61,63031,442,8.4,63506,37,0.7,63505,15,0.29,5316,99,5263,10020,8,8
1668013852,2022-11-09 11:10:52 -0600,5b03d2479cae36edb330a0b15975e2491ca134c4,TX,48059,2,2022-11-09T01:00:00.000Z,FIPSCode,48059,0,2022-11-09T17:04:32.329Z,8,99.0,8,100.0,58549,4769,90.61,63031,442,8.4,63506,37,0.7,63505,15,0.29,5316,99,5263,10020,8,8
1668013894,2022-11-09 11:11:34 -0600,5a34255d3aefd2368129ef77fd2acdcf370b5145,TX,48059,2,2022-11-09T01:00:00.000Z,FIPSCode,48059,0,2022-11-09T17:04:32.329Z,8,99.0,8,100.0,58549,4769,90.61,63031,442,8.4,63506,37,0.7,63505,15,0.29,5316,99,5263,10020,8,8
1668013935,2022-11-09 11:12:15 -0600,f56c264d3a910e38670b199d2156906044004eb9,TX,48059,2,2022-11-09T01:00:00.000Z,FIPSCode,48059,0,2022-11-09T17:04:32.329Z,8,99.0,8,100.0,58549,4769,90.61,63031,442,8.4,63506,37,0.7,63505,15,0.29,5316,99,5263,10020,8,8
1668013976,2022-11-09 11:12:56 -0600,f0e992483c3e53e2ad91fa7321fce75f638e9cd5,TX,48059,2,2022-11-09T01:00:00.000Z,FIPSCode,48059,0,2022-11-09T17:04:32.329Z,8,99.0,8,100.0,58549,4769,90.61,63031,442,8.4,63506,37,0.7,63505,15,0.29,5316,99,5263,10020,8,8
1668014018,2022-11-09 11:13:38 -0600,8bcbfebaf000247d589b51a6db21a1a627d84fe4,TX,48059,2,2022-11-09T01:00:00.000Z,FIPSCode,48059,0,2022-11-09T17:04:32.329Z,8,99.0,8,100.0,58549,4769,90.61,63031,442,8.4,63506,37,0.7,63505,15,0.29,5316,99,5263,10020,8,8
1668014060,2022-11-09 11:14:20 -0600,c77137b7ddb0fbccbd1e559cabaf7b86fff6cde9,TX,48059,2,2022-11-09T01:00:00.000Z,FIPSCode,48059,0,2022-11-09T17:04:32.329Z,8,99.0,8,100.0,58549,4769,90.61,63031,442,8.4,63506,37,0.7,63505,15,0.29,5316,99,5263,10020,8,8
1668014102,2022-11-09 11:15:02 -0600,b2cabcd1e7aaf8bc5b9fff7c805b0088e4c6d7ac,TX,48059,2,2022-11-09T01:00:00.000Z,FIPSCode,48059,0,2022-11-09T17:04:32.329Z,8,99.0,8,100.0,58549,4769,90.61,63031,442,8.4,63506,37,0.7,63505,15,0.29,5316,99,5263,10020,8,8
1668014142,2022-11-09 11:15:42 -0600,aa64d8908a210b343f6c0c86d6e063a24d797404,TX,48059,2,2022-11-09T01:00:00.000Z,FIPSCode,48059,0,2022-11-09T17:04:32.329Z,8,99.0,8,100.0,58549,4769,90.61,63031,442,8.4,63506,37,0.7,63505,15,0.29,5316,99,5263,10020,8,8
1668014183,2022-11-09 11:16:23 -0600,20e0975e77d9f2f627b44e544b559a3888ade22d,TX,48059,2,2022-11-09T01:00:00.000Z,FIPSCode,48059,0,2022-11-09T17:04:32.329Z,8,99.0,8,100.0,58549,4769,90.61,63031,442,8.4,63506,37,0.7,63505,15,0.29,5316,99,5263,10020,8,8
1668014224,2022-11-09 11:17:04 -0600,dc1fee1a1c7c910eae4bf2d164f09f508e17eae5,TX,48059,2,2022-11-09T01:00:00.000Z,FIPSCode,48059,0,2022-11-09T17:04:32.329Z,8,99.0,8,100.0,58549,4769,90.61,63031,442,8.4,63506,37,0.7,63505,15,0.29,5316,99,5263,10020,8,8
1668014266,2022-11-09 11:17:46 -0600,3cc2a74a0bad85503e955836fa2f85a5c7e3fb0f,TX,48059,2,2022-11-09T01:00:00.000Z,FIPSCode,48059,0,2022-11-09T17:04:32.329Z,8,99.0,8,100.0,58549,4769,90.61,63031,442,8.4,63506,37,0.7,63505,15,0.29,5316,99,5263,10020,8,8
1668014307,2022-11-09 11:18:27 -0600,c3ddd486f30f04610626b462b6208d0d71bc2685,TX,48059,2,2022-11-09T01:00:00.000Z,FIPSCode,48059,0,2022-11-09T17:04:32.329Z,8,99.0,8,100.0,58549,4769,90.61,63031,442,8.4,63506,37,0.7,63505,15,0.29,5316,99,5263,10020,8,8
1668014348,2022-11-09 11:19:08 -0600,ab32fe2693b69782613e84bc432d1d92dbde03aa,TX,48059,2,2022-11-09T01:00:00.000Z,FIPSCode,48059,0,2022-11-09T17:04:32.329Z,8,99.0,8,100.0,58549,4769,90.61,63031,442,8.4,63506,37,0.7,63505,15,0.29,5316,99,5263,10020,8,8
1668014391,2022-11-09 11:19:51 -0600,084b762ad3fc844808263e7e1b29a5f570fad4ba,TX,48059,2,2022-11-09T01:00:00.000Z,FIPSCode,48059,0,2022-11-09T17:04:32.329Z,8,99.0,8,100.0,58549,4769,90.61,63031,442,8.4,63506,37,0.7,63505,15,0.29,5316,99,5263,10020,8,8
1668014433,2022-11-09 11:20:33 -0600,8fa24b4a18c51565cf10fa8dfa12d6aeae991f1a,TX,48059,2,2022-11-09T01:00:00.000Z,FIPSCode,48059,0,2022-11-09T17:04:32.329Z,8,99.0,8,100.0,58549,4769,90.61,63031,442,8.4,63506,37,0.7,63505,15,0.29,5316,99,5263,10020,8,8
1668014475,2022-11-09 11:21:15 -0600,b0d59362c1ec54f62602b75bd88ee097f5fe6673,TX,48059,2,2022-11-09T01:00:00.000Z,FIPSCode,48059,0,2022-11-09T17:04:32.329Z,8,99.0,8,100.0,58549,4769,90.61,63031,442,8.4,63506,37,0.7,63505,15,0.29,5316,99,5263,10020,8,8
1668014516,2022-11-09 11:21:56 -0600,1c4a229319d60d6f6f29be2d109ac60cd45d4593,TX,48059,2,2022-11-09T01:00:00.000Z,FIPSCode,48059,0,2022-11-09T17:04:32.329Z,8,99.0,8,100.0,58549,4769,90.61,63031,442,8.4,63506,37,0.7,63505,15,0.29,5316,99,5263,10020,8,8
1668014559,2022-11-09 11:22:39 -0600,05066aab4c0b93d613c359f22c9813470546f78b,TX,48059,2,2022-11-09T01:00:00.000Z,FIPSCode,48059,0,2022-11-09T17:04:32.329Z,8,99.0,8,100.0,58549,4769,90.61,63031,442,8.4,63506,37,0.7,63505,15,0.29,5316,99,5263,10020,8,8
1668014601,2022-11-09 11:23:21 -0600,d7b46f3fc5058d40d0108d04d992d59115a9539e,TX,48059,2,2022-11-09T01:00:00.000Z,FIPSCode,48059,0,2022-11-09T17:04:32.329Z,8,99.0,8,100.0,58549,4769,90.61,63031,442,8.4,63506,37,0.7,63505,15,0.29,5316,99,5263,10020,8,8
1668014643,2022-11-09 11:24:03 -0600,f5f86614da7b9c70e333016a9cf826d5cc8dc111,TX,48059,2,2022-11-09T01:00:00.000Z,FIPSCode,48059,0,2022-11-09T17:04:32.329Z,8,99.0,8,100.0,58549,4769,90.61,63031,442,8.4,63506,37,0.7,63505,15,0.29,5316,99,5263,10020,8,8
1668014768,2022-11-09 11:26:08 -0600,9ffc273adbb3a83519417aa9a3840515f35f0e97,TX,48059,2,2022-11-09T01:00:00.000Z,FIPSCode,48059,0,2022-11-09T17:04:32.329Z,8,99.0,8,100.0,58549,4769,90.61,63031,442,8.4,63506,37,0.7,63505,15,0.29,5316,99,5263,10020,8,8
1668014809,2022-11-09 11:26:49 -0600,fffdf43f0b6fc755d70750f983e80a24f6b5fc65,TX,48059,2,2022-11-09T01:00:00.000Z,FIPSCode,48059,0,2022-11-09T17:04:32.329Z,8,99.0,8,100.0,58549,4769,90.61,63031,442,8.4,63506,37,0.7,63505,15,0.29,5316,99,5263,10020,8,8
1668014853,2022-11-09 11:27:33 -0600,51a27ed0c3cfe5efb5023de7e4a3e36e8bf5f610,TX,48059,2,2022-11-09T01:00:00.000Z,FIPSCode,48059,0,2022-11-09T17:04:32.329Z,8,99.0,8,100.0,58549,4769,90.61,63031,442,8.4,63506,37,0.7,63505,15,0.29,5316,99,5263,10020,8,8
1668014894,2022-11-09 11:28:14 -0600,dd9c208ce748b097a4d9367acbdf7ee31014b2ef,TX,48059,2,2022-11-09T01:00:00.000Z,FIPSCode,48059,0,2022-11-09T17:04:32.329Z,8,99.0,8,100.0,58549,4769,90.61,63031,442,8.4,63506,37,0.7,63505,15,0.29,5316,99,5263,10020,8,8
1668014936,2022-11-09 11:28:56 -0600,96f8d865c0d13e3b4af5adb0b9d51f50cb9f3abb,TX,48059,2,2022-11-09T01:00:00.000Z,FIPSCode,48059,0,2022-11-09T17:04:32.329Z,8,99.0,8,100.0,58549,4769,90.61,63031,442,8.4,63506,37,0.7,63505,15,0.29,5316,99,5263,10020,8,8
1668014978,2022-11-09 11:29:38 -0600,e0f266ec74c8fb34e7edcdea056520c9c858a950,TX,48059,2,2022-11-09T01:00:00.000Z,FIPSCode,48059,0,2022-11-09T17:04:32.329Z,8,99.0,8,100.0,58549,4769,90.61,63031,442,8.4,63506,37,0.7,63505,15,0.29,5316,99,5263,10020,8,8
1668015021,2022-11-09 11:30:21 -0600,e4d4d750c306b5d6512f6dac36b0537b3910d1d4,TX,48059,2,2022-11-09T01:00:00.000Z,FIPSCode,48059,0,2022-11-09T17:04:32.329Z,8,99.0,8,100.0,58549,4769,90.61,63031,442,8.4,63506,37,0.7,63505,15,0.29,5316,99,5263,10020,8,8
1668015063,2022-11-09 11:31:03 -0600,e560d94f821e5ddb9bf39e59ffc22cc893d5e8b0,TX,48059,2,2022-11-09T01:00:00.000Z,FIPSCode,48059,0,2022-11-09T17:04:32.329Z,8,99.0,8,100.0,58549,4769,90.61,63031,442,8.4,63506,37,0.7,63505,15,0.29,5316,99,5263,10020,8,8
1668015106,2022-11-09 11:31:46 -0600,90d3e1c1335a8931b636e29c902643ff6eccbab9,TX,48059,2,2022-11-09T01:00:00.000Z,FIPSCode,48059,0,2022-11-09T17:04:32.329Z,8,99.0,8,100.0,58549,4769,90.61,63031,442,8.4,63506,37,0.7,63505,15,0.29,5316,99,5263,10020,8,8
1668015147,2022-11-09 11:32:27 -0600,2d327c7ef6485dd4c12a543762dbd12b7a0525d8,TX,48059,2,2022-11-09T01:00:00.000Z,FIPSCode,48059,0,2022-11-09T17:04:32.329Z,8,99.0,8,100.0,58549,4769,90.61,63031,442,8.4,63506,37,0.7,63505,15,0.29,5316,99,5263,10020,8,8
1668015190,2022-11-09 11:33:10 -0600,d52385464df39ba60b93a76ab54f5eec5ee963c7,TX,48059,2,2022-11-09T01:00:00.000Z,FIPSCode,48059,0,2022-11-09T17:04:32.329Z,8,99.0,8,100.0,58549,4769,90.61,63031,442,8.4,63506,37,0.7,63505,15,0.29,5316,99,5263,10020,8,8
1668015232,2022-11-09 11:33:52 -0600,aa16c216f9ca390a446365ba174b850ec304e8ee,TX,48059,2,2022-11-09T01:00:00.000Z,FIPSCode,48059,0,2022-11-09T17:04:32.329Z,8,99.0,8,100.0,58549,4769,90.61,63031,442,8.4,63506,37,0.7,63505,15,0.29,5316,99,5263,10020,8,8
1668015276,2022-11-09 11:34:36 -0600,dcda9d10235f87ec4665b5c918b5272474a1d6ee,TX,48059,2,2022-11-09T01:00:00.000Z,FIPSCode,48059,0,2022-11-09T17:04:32.329Z,8,99.0,8,100.0,58549,4769,90.61,63031,442,8.4,63506,37,0.7,63505,15,0.29,5316,99,5263,10020,8,8
1668015317,2022-11-09 11:35:17 -0600,3b3a94a823fdcdf9f0f559c768f2970ef63e9699,TX,48059,2,2022-11-09T01:00:00.000Z,FIPSCode,48059,0,2022-11-09T17:04:32.329Z,8,99.0,8,100.0,58549,4769,90.61,63031,442,8.4,63506,37,0.7,63505,15,0.29,5316,99,5263,10020,8,8
1668015360,2022-11-09 11:36:00 -0600,624c58a757fb5b888f32a2738e1108f82536b437,TX,48059,2,2022-11-09T01:00:00.000Z,FIPSCode,48059,0,2022-11-09T17:04:32.329Z,8,99.0,8,100.0,58549,4769,90.61,63031,442,8.4,63506,37,0.7,63505,15,0.29,5316,99,5263,10020,8,8
1668015402,2022-11-09 11:36:42 -0600,4c62318089f9d9fbff475a67c67ffd29acfe7753,TX,48059,2,2022-11-09T01:00:00.000Z,FIPSCode,48059,0,2022-11-09T17:04:32.329Z,8,99.0,8,100.0,58549,4769,90.61,63031,442,8.4,63506,37,0.7,63505,15,0.29,5316,99,5263,10020,8,8
1668015444,2022-11-09 11:37:24 -0600,f4b4b6d878d26e865113e0655fad6fc713e2fdcb,TX,48059,2,2022-11-09T01:00:00.000Z,FIPSCode,48059,0,2022-11-09T17:04:32.329Z,8,99.0,8,100.0,58549,4769,90.61,63031,442,8.4,63506,37,0.7,63505,15,0.29,5316,99,5263,10020,8,8
1668015485,2022-11-09 11:38:05 -0600,86cfe33b1ec05150e4b2afef8fe68a6c3574f562,TX,48059,2,2022-11-09T01:00:00.000Z,FIPSCode,48059,0,2022-11-09T17:04:32.329Z,8,99.0,8,100.0,58549,4769,90.61,63031,442,8.4,63506,37,0.7,63505,15,0.29,5316,99,5263,10020,8,8
1668015526,2022-11-09 11:38:46 -0600,e3b3fd23d45364b537f8c33365ef4f3952da133d,TX,48059,2,2022-11-09T01:00:00.000Z,FIPSCode,48059,0,2022-11-09T17:04:32.329Z,8,99.0,8,100.0,58549,4769,90.61,63031,442,8.4,63506,37,0.7,63505,15,0.29,5316,99,5263,10020,8,8
1668015568,2022-11-09 11:39:28 -0600,33190113064ad375aa9519b929545fa467366fc2,TX,48059,2,2022-11-09T01:00:00.000Z,FIPSCode,48059,0,2022-11-09T17:04:32.329Z,8,99.0,8,100.0,58549,4769,90.61,63031,442,8.4,63506,37,0.7,63505,15,0.29,5316,99,5263,10020,8,8
1668015610,2022-11-09 11:40:10 -0600,491bd045e4672d0d9bb2414b52976cc9b6f8c270,TX,48059,2,2022-11-09T01:00:00.000Z,FIPSCode,48059,0,2022-11-09T17:04:32.329Z,8,99.0,8,100.0,58549,4769,90.61,63031,442,8.4,63506,37,0.7,63505,15,0.29,5316,99,5263,10020,8,8
1668015653,2022-11-09 11:40:53 -0600,fde650966704592fa59e7d24c1d2e8effa9361ba,TX,48059,2,2022-11-09T01:00:00.000Z,FIPSCode,48059,0,2022-11-09T17:04:32.329Z,8,99.0,8,100.0,58549,4769,90.61,63031,442,8.4,63506,37,0.7,63505,15,0.29,5316,99,5263,10020,8,8
1668015694,2022-11-09 11:41:34 -0600,ce0677c22ad54acfecf4b507a316ae443e7960da,TX,48059,2,2022-11-09T01:00:00.000Z,FIPSCode,48059,0,2022-11-09T17:04:32.329Z,8,99.0,8,100.0,58549,4769,90.61,63031,442,8.4,63506,37,0.7,63505,15,0.29,5316,99,5263,10020,8,8
1668015735,2022-11-09 11:42:15 -0600,92d508f9d8c68925003ee654a5cec0c53d1eedc4,TX,48059,2,2022-11-09T01:00:00.000Z,FIPSCode,48059,0,2022-11-09T17:04:32.329Z,8,99.0,8,100.0,58549,4769,90.61,63031,442,8.4,63506,37,0.7,63505,15,0.29,5316,99,5263,10020,8,8
1668015778,2022-11-09 11:42:58 -0600,b2ca2e5e78cfd63f34843bde6136a4b7d01b1d3a,TX,48059,2,2022-11-09T01:00:00.000Z,FIPSCode,48059,0,2022-11-09T17:04:32.329Z,8,99.0,8,100.0,58549,4769,90.61,63031,442,8.4,63506,37,0.7,63505,15,0.29,5316,99,5263,10020,8,8
1668015818,2022-11-09 11:43:38 -0600,b11c3ea90c79211ffe3ec66d60bc706c7e21d1ea,TX,48059,2,2022-11-09T01:00:00.000Z,FIPSCode,48059,0,2022-11-09T17:04:32.329Z,8,99.0,8,100.0,58549,4769,90.61,63031,442,8.4,63506,37,0.7,63505,15,0.29,5316,99,5263,10020,8,8
1668015862,2022-11-09 11:44:22 -0600,f3ee9624322cb8b0922d09600522dac8ee8580d0,TX,48059,2,2022-11-09T01:00:00.000Z,FIPSCode,48059,0,2022-11-09T17:43:34.335Z,8,99.0,8,100.0,58549,4769,90.61,63031,442,8.4,63506,37,0.7,63505,15,0.29,5316,99,5263,10020,8,8
1668015906,2022-11-09 11:45:06 -0600,1b2d3c96a0733d8add574d56c3374f2ca8c58fe3,TX,48059,2,2022-11-09T01:00:00.000Z,FIPSCode,48059,0,2022-11-09T17:44:49.940Z,8,99.0,8,100.0,58549,4769,90.61,63031,442,8.4,63506,37,0.7,63505,15,0.29,5316,99,5263,10020,8,8
1668015946,2022-11-09 11:45:46 -0600,71e07354f0d02a4fca59dc3119a5772fa165ab79,TX,48059,2,2022-11-09T01:00:00.000Z,FIPSCode,48059,0,2022-11-09T17:44:49.940Z,8,99.0,8,100.0,58549,4769,90.61,63031,442,8.4,63506,37,0.7,63505,15,0.29,5316,99,5263,10020,8,8
1668015990,2022-11-09 11:46:30 -0600,482d638c59682223180b47012c1bd7df8aea8c12,TX,48059,2,2022-11-09T01:00:00.000Z,FIPSCode,48059,0,2022-11-09T17:45:52.098Z,8,99.0,8,100.0,58549,4769,90.61,63031,442,8.4,63506,37,0.7,63505,15,0.29,5316,99,5263,10020,8,8
1668016032,2022-11-09 11:47:12 -0600,27b6d59993f2586749b8d889b9e5b55f9654ac9a,TX,48059,2,2022-11-09T01:00:00.000Z,FIPSCode,48059,0,2022-11-09T17:46:32.396Z,8,99.0,8,100.0,58549,4769,90.61,63031,442,8.4,63506,37,0.7,63505,15,0.29,5316,99,5263,10020,8,8
1668016075,2022-11-09 11:47:55 -0600,9bfa0a5cf8ac4701c56c56f1bd6c4457c4bab4d1,TX,48059,2,2022-11-09T01:00:00.000Z,FIPSCode,48059,0,2022-11-09T17:46:32.396Z,8,99.0,8,100.0,58549,4769,90.61,63031,442,8.4,63506,37,0.7,63505,15,0.29,5316,99,5263,10020,8,8
1668016115,2022-11-09 11:48:35 -0600,44fe66a37f2c05d790cd33766e2c79a936a02af4,TX,48059,2,2022-11-09T01:00:00.000Z,FIPSCode,48059,0,2022-11-09T17:46:32.396Z,8,99.0,8,100.0,58549,4769,90.61,63031,442,8.4,63506,37,0.7,63505,15,0.29,5316,99,5263,10020,8,8
1668016198,2022-11-09 11:49:58 -0600,b2d753ce34093bf99b02c955de2d0060a5ac9e0c,TX,48059,2,2022-11-09T01:00:00.000Z,FIPSCode,48059,0,2022-11-09T17:46:32.396Z,8,99.0,8,100.0,58549,4769,90.61,63031,442,8.4,63506,37,0.7,63505,15,0.29,5316,99,5263,10020,8,8
1668016241,2022-11-09 11:50:41 -0600,3983f72315cfef024e0a26beca22ece9ce5e50a1,TX,48059,2,2022-11-09T01:00:00.000Z,FIPSCode,48059,0,2022-11-09T17:46:32.396Z,8,99.0,8,100.0,58549,4769,90.61,63031,442,8.4,63506,37,0.7,63505,15,0.29,5316,99,5263,10020,8,8
1668016282,2022-11-09 11:51:22 -0600,e151fd806f6dbeb7a6baf8d7eec7750307077882,TX,48059,2,2022-11-09T01:00:00.000Z,FIPSCode,48059,0,2022-11-09T17:46:32.396Z,8,99.0,8,100.0,58549,4769,90.61,63031,442,8.4,63506,37,0.7,63505,15,0.29,5316,99,5263,10020,8,8
1668016324,2022-11-09 11:52:04 -0600,a9b75462dd7fbdf01ae32b38debcb3f77456d2b1,TX,48059,2,2022-11-09T01:00:00.000Z,FIPSCode,48059,0,2022-11-09T17:46:32.396Z,8,99.0,8,100.0,58549,4769,90.61,63031,442,8.4,63506,37,0.7,63505,15,0.29,5316,99,5263,10020,8,8
1668016367,2022-11-09 11:52:47 -0600,a5646ecd803051dafdf54d504e1f2df15091e93b,TX,48059,2,2022-11-09T01:00:00.000Z,FIPSCode,48059,0,2022-11-09T17:46:32.396Z,8,99.0,8,100.0,58549,4769,90.61,63031,442,8.4,63506,37,0.7,63505,15,0.29,5316,99,5263,10020,8,8
1668016409,2022-11-09 11:53:29 -0600,279db1cf38d7d5b75d89b8589ac06a38ed0aaa0f,TX,48059,2,2022-11-09T01:00:00.000Z,FIPSCode,48059,0,2022-11-09T17:46:32.396Z,8,99.0,8,100.0,58549,4769,90.61,63031,442,8.4,63506,37,0.7,63505,15,0.29,5316,99,5263,10020,8,8
1668016450,2022-11-09 11:54:10 -0600,4aa6c4007022e205d2fa1b19cd3d8be240cd3261,TX,48059,2,2022-11-09T01:00:00.000Z,FIPSCode,48059,0,2022-11-09T17:46:32.396Z,8,99.0,8,100.0,58549,4769,90.61,63031,442,8.4,63506,37,0.7,63505,15,0.29,5316,99,5263,10020,8,8
1668016493,2022-11-09 11:54:53 -0600,bf31e8e9625ec1e3bccf3a7c7df25bbf348e093b,TX,48059,2,2022-11-09T01:00:00.000Z,FIPSCode,48059,0,2022-11-09T17:46:32.396Z,8,99.0,8,100.0,58549,4769,90.61,63031,442,8.4,63506,37,0.7,63505,15,0.29,5316,99,5263,10020,8,8
1668016535,2022-11-09 11:55:35 -0600,361b576c42b8fa48c25eb0b9ccc9b8242b809f6e,TX,48059,2,2022-11-09T01:00:00.000Z,FIPSCode,48059,0,2022-11-09T17:46:32.396Z,8,99.0,8,100.0,58549,4769,90.61,63031,442,8.4,63506,37,0.7,63505,15,0.29,5316,99,5263,10020,8,8
1668016578,2022-11-09 11:56:18 -0600,0d81dc844cc25b6a9bfd8886e149711097097217,TX,48059,2,2022-11-09T01:00:00.000Z,FIPSCode,48059,0,2022-11-09T17:46:32.396Z,8,99.0,8,100.0,58549,4769,90.61,63031,442,8.4,63506,37,0.7,63505,15,0.29,5316,99,5263,10020,8,8
1668016621,2022-11-09 11:57:01 -0600,39411eba4613cbf80a9dc23f0153200509871323,TX,48059,2,2022-11-09T01:00:00.000Z,FIPSCode,48059,0,2022-11-09T17:46:32.396Z,8,99.0,8,100.0,58549,4769,90.61,63031,442,8.4,63506,37,0.7,63505,15,0.29,5316,99,5263,10020,8,8
1668016663,2022-11-09 11:57:43 -0600,46e82c144552097453731f775f0650c1d62e5e96,TX,48059,2,2022-11-09T01:00:00.000Z,FIPSCode,48059,0,2022-11-09T17:46:32.396Z,8,99.0,8,100.0,58549,4769,90.61,63031,442,8.4,63506,37,0.7,63505,15,0.29,5316,99,5263,10020,8,8
1668016706,2022-11-09 11:58:26 -0600,a8a8152d171d20763a6bdce25630001755be4535,TX,48059,2,2022-11-09T01:00:00.000Z,FIPSCode,48059,0,2022-11-09T17:46:32.396Z,8,99.0,8,100.0,58549,4769,90.61,63031,442,8.4,63506,37,0.7,63505,15,0.29,5316,99,5263,10020,8,8
1668016746,2022-11-09 11:59:06 -0600,d0f6c10ab15aed35914ea8aa72e5bf15c254dc16,TX,48059,2,2022-11-09T01:00:00.000Z,FIPSCode,48059,0,2022-11-09T17:46:32.396Z,8,99.0,8,100.0,58549,4769,90.61,63031,442,8.4,63506,37,0.7,63505,15,0.29,5316,99,5263,10020,8,8
1668016790,2022-11-09 11:59:50 -0600,80d6ec4c67d71c567603b1223e198dbd76c1ae26,TX,48059,2,2022-11-09T01:00:00.000Z,FIPSCode,48059,0,2022-11-09T17:46:32.396Z,8,99.0,8,100.0,58549,4769,90.61,63031,442,8.4,63506,37,0.7,63505,15,0.29,5316,99,5263,10020,8,8
1668016831,2022-11-09 12:00:31 -0600,f365e50d6b9c5421628944440efedfd45ca3d35a,TX,48059,2,2022-11-09T01:00:00.000Z,FIPSCode,48059,0,2022-11-09T17:46:32.396Z,8,99.0,8,100.0,58549,4769,90.61,63031,442,8.4,63506,37,0.7,63505,15,0.29,5316,99,5263,10020,8,8
1668016873,2022-11-09 12:01:13 -0600,7b8e19c5a1731711af176adfaab402a07957a30f,TX,48059,2,2022-11-09T01:00:00.000Z,FIPSCode,48059,0,2022-11-09T17:46:32.396Z,8,99.0,8,100.0,58549,4769,90.61,63031,442,8.4,63506,37,0.7,63505,15,0.29,5316,99,5263,10020,8,8
1668016956,2022-11-09 12:02:36 -0600,e0786de1770723b37c4abaf99c5827707c690e6c,TX,48059,2,2022-11-09T01:00:00.000Z,FIPSCode,48059,0,2022-11-09T17:46:32.396Z,8,99.0,8,100.0,58549,4769,90.61,63031,442,8.4,63506,37,0.7,63505,15,0.29,5316,99,5263,10020,8,8
1668016998,2022-11-09 12:03:18 -0600,89e901f5a581335bb9a4d8a9099e520604f43b49,TX,48059,2,2022-11-09T01:00:00.000Z,FIPSCode,48059,0,2022-11-09T17:46:32.396Z,8,99.0,8,100.0,58549,4769,90.61,63031,442,8.4,63506,37,0.7,63505,15,0.29,5316,99,5263,10020,8,8
1668017040,2022-11-09 12:04:00 -0600,24a3999bfe81183a3c3d2e97d258d715c818c871,TX,48059,2,2022-11-09T01:00:00.000Z,FIPSCode,48059,0,2022-11-09T17:46:32.396Z,8,99.0,8,100.0,58549,4769,90.61,63031,442,8.4,63506,37,0.7,63505,15,0.29,5316,99,5263,10020,8,8
1668017082,2022-11-09 12:04:42 -0600,411ee94de8918806a7f49eed76d9af201d40cd42,TX,48059,2,2022-11-09T01:00:00.000Z,FIPSCode,48059,0,2022-11-09T17:46:32.396Z,8,99.0,8,100.0,58549,4769,90.61,63031,442,8.4,63506,37,0.7,63505,15,0.29,5316,99,5263,10020,8,8
1668017123,2022-11-09 12:05:23 -0600,ed18f7216787cdb5ef36ddfcc78146352dc91fa1,TX,48059,2,2022-11-09T01:00:00.000Z,FIPSCode,48059,0,2022-11-09T17:46:32.396Z,8,99.0,8,100.0,58549,4769,90.61,63031,442,8.4,63506,37,0.7,63505,15,0.29,5316,99,5263,10020,8,8
1668017165,2022-11-09 12:06:05 -0600,082aa88b5912cef98698929006425a7c1aa446a4,TX,48059,2,2022-11-09T01:00:00.000Z,FIPSCode,48059,0,2022-11-09T17:46:32.396Z,8,99.0,8,100.0,58549,4769,90.61,63031,442,8.4,63506,37,0.7,63505,15,0.29,5316,99,5263,10020,8,8
1668017206,2022-11-09 12:06:46 -0600,cab9fc351a41a1f6c3290dfad4c74d7e203c2ccf,TX,48059,2,2022-11-09T01:00:00.000Z,FIPSCode,48059,0,2022-11-09T17:46:32.396Z,8,99.0,8,100.0,58549,4769,90.61,63031,442,8.4,63506,37,0.7,63505,15,0.29,5316,99,5263,10020,8,8
1668017247,2022-11-09 12:07:27 -0600,f1f74c2eca7236dd8b17feefcbe0f888cbf26fb5,TX,48059,2,2022-11-09T01:00:00.000Z,FIPSCode,48059,0,2022-11-09T17:46:32.396Z,8,99.0,8,100.0,58549,4769,90.61,63031,442,8.4,63506,37,0.7,63505,15,0.29,5316,99,5263,10020,8,8
1668017289,2022-11-09 12:08:09 -0600,7b983a56cedaa2cb0faa24773b64fe45682a1bbd,TX,48059,2,2022-11-09T01:00:00.000Z,FIPSCode,48059,0,2022-11-09T17:46:32.396Z,8,99.0,8,100.0,58549,4769,90.61,63031,442,8.4,63506,37,0.7,63505,15,0.29,5316,99,5263,10020,8,8
1668017331,2022-11-09 12:08:51 -0600,8f60c5aca98d786811482ddf7c356bd606cb8b10,TX,48059,2,2022-11-09T01:00:00.000Z,FIPSCode,48059,0,2022-11-09T17:46:32.396Z,8,99.0,8,100.0,58549,4769,90.61,63031,442,8.4,63506,37,0.7,63505,15,0.29,5316,99,5263,10020,8,8
1668017373,2022-11-09 12:09:33 -0600,a66cc3fd3cee29b8c80138ffdc848edde54da44a,TX,48059,2,2022-11-09T01:00:00.000Z,FIPSCode,48059,0,2022-11-09T17:46:32.396Z,8,99.0,8,100.0,58549,4769,90.61,63031,442,8.4,63506,37,0.7,63505,15,0.29,5316,99,5263,10020,8,8
1668017415,2022-11-09 12:10:15 -0600,867af4c3e54fedde7872ac4ad131e4b807e36fb5,TX,48059,2,2022-11-09T01:00:00.000Z,FIPSCode,48059,0,2022-11-09T17:46:32.396Z,8,99.0,8,100.0,58549,4769,90.61,63031,442,8.4,63506,37,0.7,63505,15,0.29,5316,99,5263,10020,8,8
1668017457,2022-11-09 12:10:57 -0600,786bebe816c647daf10b858457deb406e077453c,TX,48059,2,2022-11-09T01:00:00.000Z,FIPSCode,48059,0,2022-11-09T17:46:32.396Z,8,99.0,8,100.0,58549,4769,90.61,63031,442,8.4,63506,37,0.7,63505,15,0.29,5316,99,5263,10020,8,8
1668017499,2022-11-09 12:11:39 -0600,ba3829571487a5c0cbdc22acb7dcdfa5af8ac885,TX,48059,2,2022-11-09T01:00:00.000Z,FIPSCode,48059,0,2022-11-09T17:46:32.396Z,8,99.0,8,100.0,58549,4769,90.61,63031,442,8.4,63506,37,0.7,63505,15,0.29,5316,99,5263,10020,8,8
1668017542,2022-11-09 12:12:22 -0600,dc1c18bbdfb3359f629137f22d4bd2f95dd78960,TX,48059,2,2022-11-09T01:00:00.000Z,FIPSCode,48059,0,2022-11-09T17:46:32.396Z,8,99.0,8,100.0,58549,4769,90.61,63031,442,8.4,63506,37,0.7,63505,15,0.29,5316,99,5263,10020,8,8
1668017583,2022-11-09 12:13:03 -0600,58e8e7118cc28f94d2f7500d8271dd8329a7e1e3,TX,48059,2,2022-11-09T01:00:00.000Z,FIPSCode,48059,0,2022-11-09T17:46:32.396Z,8,99.0,8,100.0,58549,4769,90.61,63031,442,8.4,63506,37,0.7,63505,15,0.29,5316,99,5263,10020,8,8
1668017625,2022-11-09 12:13:45 -0600,e95f6d0af08bd77d57bf0b98ceec92c1b86b6eef,TX,48059,2,2022-11-09T01:00:00.000Z,FIPSCode,48059,0,2022-11-09T17:46:32.396Z,8,99.0,8,100.0,58549,4769,90.61,63031,442,8.4,63506,37,0.7,63505,15,0.29,5316,99,5263,10020,8,8
1668017667,2022-11-09 12:14:27 -0600,3654f693a279db397b6d6797cd43f2c8eaef3e1e,TX,48059,2,2022-11-09T01:00:00.000Z,FIPSCode,48059,0,2022-11-09T17:46:32.396Z,8,99.0,8,100.0,58549,4769,90.61,63031,442,8.4,63506,37,0.7,63505,15,0.29,5316,99,5263,10020,8,8
1668017708,2022-11-09 12:15:08 -0600,08e0b9d27644cf6985103182515e1ce23ac8a2ce,TX,48059,2,2022-11-09T01:00:00.000Z,FIPSCode,48059,0,2022-11-09T18:14:29.725Z,8,99.0,8,100.0,58549,4769,90.61,63031,442,8.4,63506,37,0.7,63505,15,0.29,5316,99,5263,10020,8,8
1668017875,2022-11-09 12:17:55 -0600,dd5823554da9b1a7badf1ebca68d659d5aabd5b8,TX,48059,2,2022-11-09T01:00:00.000Z,FIPSCode,48059,0,2022-11-09T18:16:49.221Z,8,99.0,8,100.0,58549,4769,90.61,63031,442,8.4,63506,37,0.7,63505,15,0.29,5316,99,5263,10020,8,8
1668017920,2022-11-09 12:18:40 -0600,b3335bb15e0e6f6208266c54cadb6b6af703e3b7,TX,48059,2,2022-11-09T01:00:00.000Z,FIPSCode,48059,0,2022-11-09T18:16:49.221Z,8,99.0,8,100.0,58549,4769,90.61,63031,442,8.4,63506,37,0.7,63505,15,0.29,5316,99,5263,10020,8,8
1668017961,2022-11-09 12:19:21 -0600,68ccc01fe598d71852b4d6c9d568579da1559216,TX,48059,2,2022-11-09T01:00:00.000Z,FIPSCode,48059,0,2022-11-09T18:16:49.221Z,8,99.0,8,100.0,58549,4769,90.61,63031,442,8.4,63506,37,0.7,63505,15,0.29,5316,99,5263,10020,8,8
1668018004,2022-11-09 12:20:04 -0600,60b2503bcd7308902ff4a2049872255350769dfc,TX,48059,2,2022-11-09T01:00:00.000Z,FIPSCode,48059,0,2022-11-09T18:16:49.221Z,8,99.0,8,100.0,58549,4769,90.61,63031,442,8.4,63506,37,0.7,63505,15,0.29,5316,99,5263,10020,8,8
1668018046,2022-11-09 12:20:46 -0600,f39f5395bce3d08abf023c8cdf19c243dd1dfbca,TX,48059,2,2022-11-09T01:00:00.000Z,FIPSCode,48059,0,2022-11-09T18:16:49.221Z,8,99.0,8,100.0,58549,4769,90.61,63031,442,8.4,63506,37,0.7,63505,15,0.29,5316,99,5263,10020,8,8
1668018088,2022-11-09 12:21:28 -0600,b0b7c547b2f48d58915a85053bef03dde28f77e5,TX,48059,2,2022-11-09T01:00:00.000Z,FIPSCode,48059,0,2022-11-09T18:16:49.221Z,8,99.0,8,100.0,58549,4769,90.61,63031,442,8.4,63506,37,0.7,63505,15,0.29,5316,99,5263,10020,8,8
1668018298,2022-11-09 12:24:58 -0600,b90fb5b431f7dd2518c84c4620c56a39796bc969,TX,48059,2,2022-11-09T01:00:00.000Z,FIPSCode,48059,0,2022-11-09T18:16:49.221Z,8,99.0,8,100.0,58549,4769,90.61,63031,442,8.4,63506,37,0.7,63505,15,0.29,5316,99,5263,10020,8,8
1668018341,2022-11-09 12:25:41 -0600,b56d245c33e708c17fef45737243740ad771695a,TX,48059,2,2022-11-09T01:00:00.000Z,FIPSCode,48059,0,2022-11-09T18:16:49.221Z,8,99.0,8,100.0,58549,4769,90.61,63031,442,8.4,63506,37,0.7,63505,15,0.29,5316,99,5263,10020,8,8
1668018385,2022-11-09 12:26:25 -0600,e75977acf838069a165f5092d6831e3f2384b980,TX,48059,2,2022-11-09T01:00:00.000Z,FIPSCode,48059,0,2022-11-09T18:16:49.221Z,8,99.0,8,100.0,58549,4769,90.61,63031,442,8.4,63506,37,0.7,63505,15,0.29,5316,99,5263,10020,8,8
1668018425,2022-11-09 12:27:05 -0600,7c3190d5624213e8f00b546a91dcc2673310cec6,TX,48059,2,2022-11-09T01:00:00.000Z,FIPSCode,48059,0,2022-11-09T18:16:49.221Z,8,99.0,8,100.0,58549,4769,90.61,63031,442,8.4,63506,37,0.7,63505,15,0.29,5316,99,5263,10020,8,8
1668018466,2022-11-09 12:27:46 -0600,0785bca3bbc679a92f56254d20d82519e87f768e,TX,48059,2,2022-11-09T01:00:00.000Z,FIPSCode,48059,0,2022-11-09T18:16:49.221Z,8,99.0,8,100.0,58549,4769,90.61,63031,442,8.4,63506,37,0.7,63505,15,0.29,5316,99,5263,10020,8,8
1668018507,2022-11-09 12:28:27 -0600,9f5b63a2e9436dcbec4801b49f0bd7498332bbce,TX,48059,2,2022-11-09T01:00:00.000Z,FIPSCode,48059,0,2022-11-09T18:16:49.221Z,8,99.0,8,100.0,58549,4769,90.61,63031,442,8.4,63506,37,0.7,63505,15,0.29,5316,99,5263,10020,8,8
1668018549,2022-11-09 12:29:09 -0600,4e324682e7f9ee7a5ba1db8cea48e0bb78cee9e3,TX,48059,2,2022-11-09T01:00:00.000Z,FIPSCode,48059,0,2022-11-09T18:16:49.221Z,8,99.0,8,100.0,58549,4769,90.61,63031,442,8.4,63506,37,0.7,63505,15,0.29,5316,99,5263,10020,8,8
1668018590,2022-11-09 12:29:50 -0600,6622ba45660515eada462a4a268b05f1f66bfb6b,TX,48059,2,2022-11-09T01:00:00.000Z,FIPSCode,48059,0,2022-11-09T18:16:49.221Z,8,99.0,8,100.0,58549,4769,90.61,63031,442,8.4,63506,37,0.7,63505,15,0.29,5316,99,5263,10020,8,8
1668018632,2022-11-09 12:30:32 -0600,696dcb2a4595c95bf626518c3008f70478688e48,TX,48059,2,2022-11-09T01:00:00.000Z,FIPSCode,48059,0,2022-11-09T18:16:49.221Z,8,99.0,8,100.0,58549,4769,90.61,63031,442,8.4,63506,37,0.7,63505,15,0.29,5316,99,5263,10020,8,8
1668018674,2022-11-09 12:31:14 -0600,91deeb96b821b770dfc70a7587979b3ee6edbe5e,TX,48059,2,2022-11-09T01:00:00.000Z,FIPSCode,48059,0,2022-11-09T18:16:49.221Z,8,99.0,8,100.0,58549,4769,90.61,63031,442,8.4,63506,37,0.7,63505,15,0.29,5316,99,5263,10020,8,8
1668018716,2022-11-09 12:31:56 -0600,4096cf0f4f140e2696a47d7492f925dbcd405abd,TX,48059,2,2022-11-09T01:00:00.000Z,FIPSCode,48059,0,2022-11-09T18:16:49.221Z,8,99.0,8,100.0,58549,4769,90.61,63031,442,8.4,63506,37,0.7,63505,15,0.29,5316,99,5263,10020,8,8
1668018759,2022-11-09 12:32:39 -0600,9aea45c33471e738804dfe919e717b56c6e2642b,TX,48059,2,2022-11-09T01:00:00.000Z,FIPSCode,48059,0,2022-11-09T18:16:49.221Z,8,99.0,8,100.0,58549,4769,90.61,63031,442,8.4,63506,37,0.7,63505,15,0.29,5316,99,5263,10020,8,8
1668018801,2022-11-09 12:33:21 -0600,8c52d61bb61d6ebce3413c22b732ce59d216da01,TX,48059,2,2022-11-09T01:00:00.000Z,FIPSCode,48059,0,2022-11-09T18:16:49.221Z,8,99.0,8,100.0,58549,4769,90.61,63031,442,8.4,63506,37,0.7,63505,15,0.29,5316,99,5263,10020,8,8
1668018843,2022-11-09 12:34:03 -0600,c10cf09bb45b876a44441d4d309775eae93805b6,TX,48059,2,2022-11-09T01:00:00.000Z,FIPSCode,48059,0,2022-11-09T18:16:49.221Z,8,99.0,8,100.0,58549,4769,90.61,63031,442,8.4,63506,37,0.7,63505,15,0.29,5316,99,5263,10020,8,8
1668027356,2022-11-09 14:55:56 -0600,5f55f4f99d30d3ac8430ce726beef259bee6b29d,TX,48059,2,2022-11-09T01:00:00.000Z,FIPSCode,48059,0,2022-11-09T20:52:52.063Z,8,99.0,8,100.0,58549,4769,90.61,63031,442,8.4,63506,37,0.7,63505,15,0.29,5316,99,5263,10020,8,8
1668027396,2022-11-09 14:56:36 -0600,35ba55d0a494b3389c96ce80e886feeb3a83815c,TX,48059,2,2022-11-09T01:00:00.000Z,FIPSCode,48059,0,2022-11-09T20:52:52.063Z,8,99.0,8,100.0,58549,4769,90.61,63031,442,8.4,63506,37,0.7,63505,15,0.29,5316,99,5263,10020,8,8
1668027438,2022-11-09 14:57:18 -0600,cd595eb8a0adc8971543d43b48db3b9923c5295c,TX,48059,2,2022-11-09T01:00:00.000Z,FIPSCode,48059,0,2022-11-09T20:52:52.063Z,8,99.0,8,100.0,58549,4769,90.61,63031,442,8.4,63506,37,0.7,63505,15,0.29,5316,99,5263,10020,8,8
1668027479,2022-11-09 14:57:59 -0600,8abc0863f97d3a63ea19cd9df865b55a70083047,TX,48059,2,2022-11-09T01:00:00.000Z,FIPSCode,48059,0,2022-11-09T20:52:52.063Z,8,99.0,8,100.0,58549,4769,90.61,63031,442,8.4,63506,37,0.7,63505,15,0.29,5316,99,5263,10020,8,8
1668027522,2022-11-09 14:58:42 -0600,f51c5ed86d119361b016fd62799666509c5bb6f4,TX,48059,2,2022-11-09T01:00:00.000Z,FIPSCode,48059,0,2022-11-09T20:52:52.063Z,8,99.0,8,100.0,58549,4769,90.61,63031,442,8.4,63506,37,0.7,63505,15,0.29,5316,99,5263,10020,8,8
1668027564,2022-11-09 14:59:24 -0600,ca0732df11229e186d611f62f7cb80edc0ef2867,TX,48059,2,2022-11-09T01:00:00.000Z,FIPSCode,48059,0,2022-11-09T20:52:52.063Z,8,99.0,8,100.0,58549,4769,90.61,63031,442,8.4,63506,37,0.7,63505,15,0.29,5316,99,5263,10020,8,8
1668027606,2022-11-09 15:00:06 -0600,7f5353162a524c1c32ccd5aeee967b6d44fea95e,TX,48059,2,2022-11-09T01:00:00.000Z,FIPSCode,48059,0,2022-11-09T20:52:52.063Z,8,99.0,8,100.0,58549,4769,90.61,63031,442,8.4,63506,37,0.7,63505,15,0.29,5316,99,5263,10020,8,8
1668027647,2022-11-09 15:00:47 -0600,5dedcd743ff511e3a0f0c54025bad5df1de34044,TX,48059,2,2022-11-09T01:00:00.000Z,FIPSCode,48059,0,2022-11-09T20:52:52.063Z,8,99.0,8,100.0,58549,4769,90.61,63031,442,8.4,63506,37,0.7,63505,15,0.29,5316,99,5263,10020,8,8
1668027689,2022-11-09 15:01:29 -0600,8085018ebd0ae250bb4f889d36c21d3c21d24392,TX,48059,2,2022-11-09T01:00:00.000Z,FIPSCode,48059,0,2022-11-09T20:52:52.063Z,8,99.0,8,100.0,58549,4769,90.61,63031,442,8.4,63506,37,0.7,63505,15,0.29,5316,99,5263,10020,8,8
1668027729,2022-11-09 15:02:09 -0600,d5d88d1b20e1a43623c87bd459d7581b792c539a,TX,48059,2,2022-11-09T01:00:00.000Z,FIPSCode,48059,0,2022-11-09T20:52:52.063Z,8,99.0,8,100.0,58549,4769,90.61,63031,442,8.4,63506,37,0.7,63505,15,0.29,5316,99,5263,10020,8,8
1668027771,2022-11-09 15:02:51 -0600,edc88da9e2f7c8cdb5bef9a6a6da871910edaac4,TX,48059,2,2022-11-09T01:00:00.000Z,FIPSCode,48059,0,2022-11-09T20:52:52.063Z,8,99.0,8,100.0,58549,4769,90.61,63031,442,8.4,63506,37,0.7,63505,15,0.29,5316,99,5263,10020,8,8
1668027812,2022-11-09 15:03:32 -0600,0a42c061fc15d21481dccf46ae01e69325d1c895,TX,48059,2,2022-11-09T01:00:00.000Z,FIPSCode,48059,0,2022-11-09T20:52:52.063Z,8,99.0,8,100.0,58549,4769,90.61,63031,442,8.4,63506,37,0.7,63505,15,0.29,5316,99,5263,10020,8,8
1668027897,2022-11-09 15:04:57 -0600,f0b5cd2d9e41c12599466886a4196893572eb027,TX,48059,2,2022-11-09T01:00:00.000Z,FIPSCode,48059,0,2022-11-09T20:52:52.063Z,8,99.0,8,100.0,58549,4769,90.61,63031,442,8.4,63506,37,0.7,63505,15,0.29,5316,99,5263,10020,8,8
1668027937,2022-11-09 15:05:37 -0600,f1005c19d75305df1048b0fc4daaed471da645f5,TX,48059,2,2022-11-09T01:00:00.000Z,FIPSCode,48059,0,2022-11-09T20:52:52.063Z,8,99.0,8,100.0,58549,4769,90.61,63031,442,8.4,63506,37,0.7,63505,15,0.29,5316,99,5263,10020,8,8
1668027978,2022-11-09 15:06:18 -0600,c5f8343f0c088ef9ab661acfac4a7ec6ca8ba4e5,TX,48059,2,2022-11-09T01:00:00.000Z,FIPSCode,48059,0,2022-11-09T20:52:52.063Z,8,99.0,8,100.0,58549,4769,90.61,63031,442,8.4,63506,37,0.7,63505,15,0.29,5316,99,5263,10020,8,8
1668028021,2022-11-09 15:07:01 -0600,f05725f558c5ba5d33323b1924681056209e6490,TX,48059,2,2022-11-09T01:00:00.000Z,FIPSCode,48059,0,2022-11-09T20:52:52.063Z,8,99.0,8,100.0,58549,4769,90.61,63031,442,8.4,63506,37,0.7,63505,15,0.29,5316,99,5263,10020,8,8
1668028062,2022-11-09 15:07:42 -0600,c6d52fa7d3a2bae89b5a9f12ecde09a922b2cc29,TX,48059,2,2022-11-09T01:00:00.000Z,FIPSCode,48059,0,2022-11-09T20:52:52.063Z,8,99.0,8,100.0,58549,4769,90.61,63031,442,8.4,63506,37,0.7,63505,15,0.29,5316,99,5263,10020,8,8
1668029264,2022-11-09 15:27:44 -0600,e5d7116c161caae563633a8e096f9d6dd3efec6c,TX,48059,2,2022-11-09T01:00:00.000Z,FIPSCode,48059,0,2022-11-09T20:52:52.063Z,8,99.0,8,100.0,58549,4769,90.61,63031,442,8.4,63506,37,0.7,63505,15,0.29,5316,99,5263,10020,8,8
1668029305,2022-11-09 15:28:25 -0600,5a1ea76cd9f32ed9518e137ac721ab39a77f9767,TX,48059,2,2022-11-09T01:00:00.000Z,FIPSCode,48059,0,2022-11-09T20:52:52.063Z,8,99.0,8,100.0,58549,4769,90.61,63031,442,8.4,63506,37,0.7,63505,15,0.29,5316,99,5263,10020,8,8
1668029347,2022-11-09 15:29:07 -0600,03e8be443fa0307e88c7bf4d1acf9f3e30552f5c,TX,48059,2,2022-11-09T01:00:00.000Z,FIPSCode,48059,0,2022-11-09T20:52:52.063Z,8,99.0,8,100.0,58549,4769,90.61,63031,442,8.4,63506,37,0.7,63505,15,0.29,5316,99,5263,10020,8,8
1668029388,2022-11-09 15:29:48 -0600,67abe93914586cc85a64e4d4f9d2852d6cfdee82,TX,48059,2,2022-11-09T01:00:00.000Z,FIPSCode,48059,0,2022-11-09T20:52:52.063Z,8,99.0,8,100.0,58549,4769,90.61,63031,442,8.4,63506,37,0.7,63505,15,0.29,5316,99,5263,10020,8,8
1668029429,2022-11-09 15:30:29 -0600,38f4854a9f228d06996f31f81eeb137a02a631ff,TX,48059,2,2022-11-09T01:00:00.000Z,FIPSCode,48059,0,2022-11-09T20:52:52.063Z,8,99.0,8,100.0,58549,4769,90.61,63031,442,8.4,63506,37,0.7,63505,15,0.29,5316,99,5263,10020,8,8
1668029473,2022-11-09 15:31:13 -0600,4e1c1dd47e592397bb8e278b18fe7b87cf4f5b55,TX,48059,2,2022-11-09T01:00:00.000Z,FIPSCode,48059,0,2022-11-09T20:52:52.063Z,8,99.0,8,100.0,58549,4769,90.61,63031,442,8.4,63506,37,0.7,63505,15,0.29,5316,99,5263,10020,8,8
1668029515,2022-11-09 15:31:55 -0600,27a5098a989232f9c180a22ec9ad4f68e87a5c06,TX,48059,2,2022-11-09T01:00:00.000Z,FIPSCode,48059,0,2022-11-09T20:52:52.063Z,8,99.0,8,100.0,58549,4769,90.61,63031,442,8.4,63506,37,0.7,63505,15,0.29,5316,99,5263,10020,8,8
1668029556,2022-11-09 15:32:36 -0600,375eb7a5faf1941434bdce1704f4911ca8d3924a,TX,48059,2,2022-11-09T01:00:00.000Z,FIPSCode,48059,0,2022-11-09T20:52:52.063Z,8,99.0,8,100.0,58549,4769,90.61,63031,442,8.4,63506,37,0.7,63505,15,0.29,5316,99,5263,10020,8,8
1668029598,2022-11-09 15:33:18 -0600,edbd029d93dabda1db0689a5187a3973ad5d68de,TX,48059,2,2022-11-09T01:00:00.000Z,FIPSCode,48059,0,2022-11-09T20:52:52.063Z,8,99.0,8,100.0,58549,4769,90.61,63031,442,8.4,63506,37,0.7,63505,15,0.29,5316,99,5263,10020,8,8
1668029644,2022-11-09 15:34:04 -0600,58edc5f45a0b9f9e004c1b86e2987c31db6a5d94,TX,48059,2,2022-11-09T01:00:00.000Z,FIPSCode,48059,0,2022-11-09T20:52:52.063Z,8,99.0,8,100.0,58549,4769,90.61,63031,442,8.4,63506,37,0.7,63505,15,0.29,5316,99,5263,10020,8,8
1668029686,2022-11-09 15:34:46 -0600,98ebed407e71ff313155424aaf484aedf5c2c1a2,TX,48059,2,2022-11-09T01:00:00.000Z,FIPSCode,48059,0,2022-11-09T21:34:02.533Z,8,99.0,8,100.0,58549,4769,90.61,63031,442,8.4,63506,37,0.7,63505,15,0.29,5316,99,5263,10020,8,8
1668029730,2022-11-09 15:35:30 -0600,579b2dfd289e870142a83224f4c480d6fb1f70df,TX,48059,2,2022-11-09T01:00:00.000Z,FIPSCode,48059,0,2022-11-09T21:34:51.459Z,8,99.0,8,100.0,58549,4769,90.61,63031,442,8.4,63506,37,0.7,63505,15,0.29,5316,99,5263,10020,8,8
1668029776,2022-11-09 15:36:16 -0600,8b1f5f943f70dcb8faef86ecbaaa54886610d315,TX,48059,2,2022-11-09T01:00:00.000Z,FIPSCode,48059,0,2022-11-09T21:35:49.595Z,8,99.0,8,100.0,58549,4769,90.61,63031,442,8.4,63506,37,0.7,63505,15,0.29,5316,99,5263,10020,8,8
1668029818,2022-11-09 15:36:58 -0600,a53513ca18493a87067377e4bb808d4c42975eb4,TX,48059,2,2022-11-09T01:00:00.000Z,FIPSCode,48059,0,2022-11-09T21:35:49.595Z,8,99.0,8,100.0,58549,4769,90.61,63031,442,8.4,63506,37,0.7,63505,15,0.29,5316,99,5263,10020,8,8
1668030160,2022-11-09 15:42:40 -0600,59d67d4e8b7fe4f2d3b191e042edd2f077e051ef,TX,48059,2,2022-11-09T01:00:00.000Z,FIPSCode,48059,0,2022-11-09T21:36:49.593Z,8,99.0,8,100.0,58549,4769,90.61,63031,442,8.4,63506,37,0.7,63505,15,0.29,5316,99,5263,10020,8,8
1668030204,2022-11-09 15:43:24 -0600,84068d956ff70c66bcabd34921234a7444ff97cf,TX,48059,2,2022-11-09T01:00:00.000Z,FIPSCode,48059,0,2022-11-09T21:36:49.593Z,8,99.0,8,100.0,58549,4769,90.61,63031,442,8.4,63506,37,0.7,63505,15,0.29,5316,99,5263,10020,8,8
1668030247,2022-11-09 15:44:07 -0600,b01fa1e1e52f91b2517588e3ee35370b324ee358,TX,48059,2,2022-11-09T01:00:00.000Z,FIPSCode,48059,0,2022-11-09T21:36:49.593Z,8,99.0,8,100.0,58549,4769,90.61,63031,442,8.4,63506,37,0.7,63505,15,0.29,5316,99,5263,10020,8,8
1668030287,2022-11-09 15:44:47 -0600,355df951cfffedb423aafd4e24244b8ea2cae795,TX,48059,2,2022-11-09T01:00:00.000Z,FIPSCode,48059,0,2022-11-09T21:36:49.593Z,8,99.0,8,100.0,58549,4769,90.61,63031,442,8.4,63506,37,0.7,63505,15,0.29,5316,99,5263,10020,8,8
1668030331,2022-11-09 15:45:31 -0600,328a7fe37cbb62ae0926b979d93092e05a4b3e3f,TX,48059,2,2022-11-09T01:00:00.000Z,FIPSCode,48059,0,2022-11-09T21:36:49.593Z,8,99.0,8,100.0,58549,4769,90.61,63031,442,8.4,63506,37,0.7,63505,15,0.29,5316,99,5263,10020,8,8
1668030373,2022-11-09 15:46:13 -0600,b56b7c6b320db5353c97f84cf55d8f244fdca847,TX,48059,2,2022-11-09T01:00:00.000Z,FIPSCode,48059,0,2022-11-09T21:45:31.676Z,8,99.0,8,100.0,58549,4769,90.61,63031,442,8.4,63506,37,0.7,63505,15,0.29,5316,99,5263,10020,8,8
1668030414,2022-11-09 15:46:54 -0600,f528cb66af389986eabc1a32bc09169c54fff0c7,TX,48059,2,2022-11-09T01:00:00.000Z,FIPSCode,48059,0,2022-11-09T21:45:31.676Z,8,99.0,8,100.0,58549,4769,90.61,63031,442,8.4,63506,37,0.7,63505,15,0.29,5316,99,5263,10020,8,8
1668030457,2022-11-09 15:47:37 -0600,d424ac4d9b8d24a7e1f34cac4dbae8484cf80384,TX,48059,2,2022-11-09T01:00:00.000Z,FIPSCode,48059,0,2022-11-09T21:46:56.072Z,8,99.0,8,100.0,58549,4769,90.61,63031,442,8.4,63506,37,0.7,63505,15,0.29,5316,99,5263,10020,8,8
1668030498,2022-11-09 15:48:18 -0600,f6565c0954d09d679279c10ed8e38bb39e6bfd2b,TX,48059,2,2022-11-09T01:00:00.000Z,FIPSCode,48059,0,2022-11-09T21:47:56.431Z,8,99.0,8,100.0,58549,4769,90.61,63031,442,8.4,63506,37,0.7,63505,15,0.29,5316,99,5263,10020,8,8
1668030540,2022-11-09 15:49:00 -0600,db80963ffb6b44f9605ec3c31aa2e6fec490242e,TX,48059,2,2022-11-09T01:00:00.000Z,FIPSCode,48059,0,2022-11-09T21:48:30.417Z,8,99.0,8,100.0,58549,4769,90.61,63031,442,8.4,63506,37,0.7,63505,15,0.29,5316,99,5263,10020,8,8
1668030583,2022-11-09 15:49:43 -0600,86fa1b609ff22a14d342b5fe92ddfff67ac6b790,TX,48059,2,2022-11-09T01:00:00.000Z,FIPSCode,48059,0,2022-11-09T21:48:30.417Z,8,99.0,8,100.0,58549,4769,90.61,63031,442,8.4,63506,37,0.7,63505,15,0.29,5316,99,5263,10020,8,8
1668031634,2022-11-09 16:07:14 -0600,627ec89447b79fe2e0f97ee9e8b89af18a4f6f5b,TX,48059,2,2022-11-09T01:00:00.000Z,FIPSCode,48059,0,2022-11-09T21:56:50.526Z,8,99.0,8,100.0,58549,4769,90.61,63031,442,8.4,63506,37,0.7,63505,15,0.29,5316,99,5263,10020,8,8
1668031675,2022-11-09 16:07:55 -0600,1994b9382cf3ce6e42e818b889ac841c80da5797,TX,48059,2,2022-11-09T01:00:00.000Z,FIPSCode,48059,0,2022-11-09T21:56:50.526Z,8,99.0,8,100.0,58549,4769,90.61,63031,442,8.4,63506,37,0.7,63505,15,0.29,5316,99,5263,10020,8,8
1668031716,2022-11-09 16:08:36 -0600,d733b6eaf68a85c7f650dffafd683403c3c413a8,TX,48059,2,2022-11-09T01:00:00.000Z,FIPSCode,48059,0,2022-11-09T21:56:50.526Z,8,99.0,8,100.0,58549,4769,90.61,63031,442,8.4,63506,37,0.7,63505,15,0.29,5316,99,5263,10020,8,8
1668031757,2022-11-09 16:09:17 -0600,0a6421d2fd1a2cdffaf35e2c94bdeb66e6e85a65,TX,48059,2,2022-11-09T01:00:00.000Z,FIPSCode,48059,0,2022-11-09T21:56:50.526Z,8,99.0,8,100.0,58549,4769,90.61,63031,442,8.4,63506,37,0.7,63505,15,0.29,5316,99,5263,10020,8,8
1668031798,2022-11-09 16:09:58 -0600,b0814cf96d31a18bb2105cf44bc9ba3a8b00aa11,TX,48059,2,2022-11-09T01:00:00.000Z,FIPSCode,48059,0,2022-11-09T21:56:50.526Z,8,99.0,8,100.0,58549,4769,90.61,63031,442,8.4,63506,37,0.7,63505,15,0.29,5316,99,5263,10020,8,8
1668031839,2022-11-09 16:10:39 -0600,33beb2d7a1d0af560a16f0f1a272a4c5ada7b16b,TX,48059,2,2022-11-09T01:00:00.000Z,FIPSCode,48059,0,2022-11-09T21:56:50.526Z,8,99.0,8,100.0,58549,4769,90.61,63031,442,8.4,63506,37,0.7,63505,15,0.29,5316,99,5263,10020,8,8
1668031963,2022-11-09 16:12:43 -0600,a07dae3796e566f8ece6de8b5b44893d35ddec18,TX,48059,2,2022-11-09T01:00:00.000Z,FIPSCode,48059,0,2022-11-09T21:56:50.526Z,8,99.0,8,100.0,58549,4769,90.61,63031,442,8.4,63506,37,0.7,63505,15,0.29,5316,99,5263,10020,8,8
1668032004,2022-11-09 16:13:24 -0600,cca0d5018b66d09b92cb5c5d93e76e9c7eb088ca,TX,48059,2,2022-11-09T01:00:00.000Z,FIPSCode,48059,0,2022-11-09T21:56:50.526Z,8,99.0,8,100.0,58549,4769,90.61,63031,442,8.4,63506,37,0.7,63505,15,0.29,5316,99,5263,10020,8,8
1668032046,2022-11-09 16:14:06 -0600,ec9dcb518c9cfcc1c5103088ea21530d7e0bdfc6,TX,48059,2,2022-11-09T01:00:00.000Z,FIPSCode,48059,0,2022-11-09T21:56:50.526Z,8,99.0,8,100.0,58549,4769,90.61,63031,442,8.4,63506,37,0.7,63505,15,0.29,5316,99,5263,10020,8,8
1668032169,2022-11-09 16:16:09 -0600,34374ee6f282323c9f4bce5efec496c6f297ec06,TX,48059,2,2022-11-09T01:00:00.000Z,FIPSCode,48059,0,2022-11-09T21:56:50.526Z,8,99.0,8,100.0,58549,4769,90.61,63031,442,8.4,63506,37,0.7,63505,15,0.29,5316,99,5263,10020,8,8
1668032211,2022-11-09 16:16:51 -0600,34b68c619e28f268a24e09ae97c553b9f99bbe8e,TX,48059,2,2022-11-09T01:00:00.000Z,FIPSCode,48059,0,2022-11-09T21:56:50.526Z,8,99.0,8,100.0,58549,4769,90.61,63031,442,8.4,63506,37,0.7,63505,15,0.29,5316,99,5263,10020,8,8
1668032252,2022-11-09 16:17:32 -0600,2a50b2cd48f7db564406b6f67a2014e43b42f7d0,TX,48059,2,2022-11-09T01:00:00.000Z,FIPSCode,48059,0,2022-11-09T21:56:50.526Z,8,99.0,8,100.0,58549,4769,90.61,63031,442,8.4,63506,37,0.7,63505,15,0.29,5316,99,5263,10020,8,8
1668032294,2022-11-09 16:18:14 -0600,b2a7e940db2fe682bcc39d3864e03b0d3680ce19,TX,48059,2,2022-11-09T01:00:00.000Z,FIPSCode,48059,0,2022-11-09T21:56:50.526Z,8,99.0,8,100.0,58549,4769,90.61,63031,442,8.4,63506,37,0.7,63505,15,0.29,5316,99,5263,10020,8,8
1668032336,2022-11-09 16:18:56 -0600,38bab782bd4aac261c81c400d491a1c7c96f0cb8,TX,48059,2,2022-11-09T01:00:00.000Z,FIPSCode,48059,0,2022-11-09T21:56:50.526Z,8,99.0,8,100.0,58549,4769,90.61,63031,442,8.4,63506,37,0.7,63505,15,0.29,5316,99,5263,10020,8,8
1668032377,2022-11-09 16:19:37 -0600,7c0fa5c17e5dae5b53e134bf04688ee8cb588e79,TX,48059,2,2022-11-09T01:00:00.000Z,FIPSCode,48059,0,2022-11-09T21:56:50.526Z,8,99.0,8,100.0,58549,4769,90.61,63031,442,8.4,63506,37,0.7,63505,15,0.29,5316,99,5263,10020,8,8
1668032419,2022-11-09 16:20:19 -0600,640c85b29d010294b5cdd7e9b3cbe620690a6366,TX,48059,2,2022-11-09T01:00:00.000Z,FIPSCode,48059,0,2022-11-09T21:56:50.526Z,8,99.0,8,100.0,58549,4769,90.61,63031,442,8.4,63506,37,0.7,63505,15,0.29,5316,99,5263,10020,8,8
1668032460,2022-11-09 16:21:00 -0600,a4dab718777a045becbfca4327a34b5d8c437f97,TX,48059,2,2022-11-09T01:00:00.000Z,FIPSCode,48059,0,2022-11-09T21:56:50.526Z,8,99.0,8,100.0,58549,4769,90.61,63031,442,8.4,63506,37,0.7,63505,15,0.29,5316,99,5263,10020,8,8
1668032501,2022-11-09 16:21:41 -0600,4bc482635b5a957784f9d3bb48a16bb2da19cca6,TX,48059,2,2022-11-09T01:00:00.000Z,FIPSCode,48059,0,2022-11-09T22:20:53.057Z,8,99.0,8,100.0,58549,4769,90.61,63031,442,8.4,63506,37,0.7,63505,15,0.29,5316,99,5263,10020,8,8
1668032542,2022-11-09 16:22:22 -0600,90c92122ca365864031981438f872d89c2843876,TX,48059,2,2022-11-09T01:00:00.000Z,FIPSCode,48059,0,2022-11-09T22:21:56.667Z,8,99.0,8,100.0,58549,4769,90.61,63031,442,8.4,63506,37,0.7,63505,15,0.29,5316,99,5263,10020,8,8
1668032585,2022-11-09 16:23:05 -0600,a0565a3a3e4b31f155562a5b172e9f3e7b2ddb30,TX,48059,2,2022-11-09T01:00:00.000Z,FIPSCode,48059,0,2022-11-09T22:21:56.667Z,8,99.0,8,100.0,58549,4769,90.61,63031,442,8.4,63506,37,0.7,63505,15,0.29,5316,99,5263,10020,8,8
1668032625,2022-11-09 16:23:45 -0600,67f1289cc6ac9864249eb09c3b2b6b846faa3359,TX,48059,2,2022-11-09T01:00:00.000Z,FIPSCode,48059,0,2022-11-09T22:21:56.667Z,8,99.0,8,100.0,58549,4769,90.61,63031,442,8.4,63506,37,0.7,63505,15,0.29,5316,99,5263,10020,8,8
1668032669,2022-11-09 16:24:29 -0600,aab9ae736acd12cab4db2b04dea15a5782bac83b,TX,48059,2,2022-11-09T01:00:00.000Z,FIPSCode,48059,0,2022-11-09T22:23:52.404Z,8,99.0,8,100.0,58549,4769,90.61,63031,442,8.4,63506,37,0.7,63505,15,0.29,5316,99,5263,10020,8,8
1668032711,2022-11-09 16:25:11 -0600,5a2a0895d13d39b6a5367f44e9bc3888219bb159,TX,48059,2,2022-11-09T01:00:00.000Z,FIPSCode,48059,0,2022-11-09T22:23:52.404Z,8,99.0,8,100.0,58549,4769,90.61,63031,442,8.4,63506,37,0.7,63505,15,0.29,5316,99,5263,10020,8,8
1668032754,2022-11-09 16:25:54 -0600,ce079fe3c7e668d61ba8a6b2142f1cae36283e4f,TX,48059,2,2022-11-09T01:00:00.000Z,FIPSCode,48059,0,2022-11-09T22:23:52.404Z,8,99.0,8,100.0,58549,4769,90.61,63031,442,8.4,63506,37,0.7,63505,15,0.29,5316,99,5263,10020,8,8
1668032794,2022-11-09 16:26:34 -0600,167a1f0b87f3a37d8b01b64920065f8813272223,TX,48059,2,2022-11-09T01:00:00.000Z,FIPSCode,48059,0,2022-11-09T22:25:49.270Z,8,99.0,8,100.0,58549,4769,90.61,63031,442,8.4,63506,37,0.7,63505,15,0.29,5316,99,5263,10020,8,8
1668032837,2022-11-09 16:27:17 -0600,3b73df2e12ddcbccd26f843d397a8fe2cd1528bf,TX,48059,2,2022-11-09T01:00:00.000Z,FIPSCode,48059,0,2022-11-09T22:26:30.311Z,8,99.0,8,100.0,58549,4769,90.61,63031,442,8.4,63506,37,0.7,63505,15,0.29,5316,99,5263,10020,8,8
1668032879,2022-11-09 16:27:59 -0600,92fbe433178118f29e34d3b4018220b5548d685d,TX,48059,2,2022-11-09T01:00:00.000Z,FIPSCode,48059,0,2022-11-09T22:26:30.311Z,8,99.0,8,100.0,58549,4769,90.61,63031,442,8.4,63506,37,0.7,63505,15,0.29,5316,99,5263,10020,8,8
1668032922,2022-11-09 16:28:42 -0600,a0bbb023b7bf96c05745c6696fb09394f0eab8c6,TX,48059,2,2022-11-09T01:00:00.000Z,FIPSCode,48059,0,2022-11-09T22:26:30.311Z,8,99.0,8,100.0,58549,4769,90.61,63031,442,8.4,63506,37,0.7,63505,15,0.29,5316,99,5263,10020,8,8
1668032966,2022-11-09 16:29:26 -0600,fb40b42606611691bfc8e5c22f473b198d705aee,TX,48059,2,2022-11-09T01:00:00.000Z,FIPSCode,48059,0,2022-11-09T22:26:30.311Z,8,99.0,8,100.0,58549,4769,90.61,63031,442,8.4,63506,37,0.7,63505,15,0.29,5316,99,5263,10020,8,8
1668033008,2022-11-09 16:30:08 -0600,472c6572149aad4c40b593e8275726a67dbbd71b,TX,48059,2,2022-11-09T01:00:00.000Z,FIPSCode,48059,0,2022-11-09T22:26:30.311Z,8,99.0,8,100.0,58549,4769,90.61,63031,442,8.4,63506,37,0.7,63505,15,0.29,5316,99,5263,10020,8,8
1668033052,2022-11-09 16:30:52 -0600,d8bd1bd03434ba1b5902d4ca152239105e14b506,TX,48059,2,2022-11-09T01:00:00.000Z,FIPSCode,48059,0,2022-11-09T22:26:30.311Z,8,99.0,8,100.0,58549,4769,90.61,63031,442,8.4,63506,37,0.7,63505,15,0.29,5316,99,5263,10020,8,8
1668033094,2022-11-09 16:31:34 -0600,98da3999dc259e93a6fc6dd2caad1e6bcd653b18,TX,48059,2,2022-11-09T01:00:00.000Z,FIPSCode,48059,0,2022-11-09T22:26:30.311Z,8,99.0,8,100.0,58549,4769,90.61,63031,442,8.4,63506,37,0.7,63505,15,0.29,5316,99,5263,10020,8,8
1668033136,2022-11-09 16:32:16 -0600,2ad19fa3535357cd738f3c280833299f9cb0aa5e,TX,48059,2,2022-11-09T01:00:00.000Z,FIPSCode,48059,0,2022-11-09T22:26:30.311Z,8,99.0,8,100.0,58549,4769,90.61,63031,442,8.4,63506,37,0.7,63505,15,0.29,5316,99,5263,10020,8,8
1668033178,2022-11-09 16:32:58 -0600,bbb8ac0b6113bcf1b662243136f87202a4188ea5,TX,48059,2,2022-11-09T01:00:00.000Z,FIPSCode,48059,0,2022-11-09T22:26:30.311Z,8,99.0,8,100.0,58549,4769,90.61,63031,442,8.4,63506,37,0.7,63505,15,0.29,5316,99,5263,10020,8,8
1668033221,2022-11-09 16:33:41 -0600,a45340b06d18439260c07f1f3edc5fc86e81af42,TX,48059,2,2022-11-09T01:00:00.000Z,FIPSCode,48059,0,2022-11-09T22:26:30.311Z,8,99.0,8,100.0,58549,4769,90.61,63031,442,8.4,63506,37,0.7,63505,15,0.29,5316,99,5263,10020,8,8
1668033263,2022-11-09 16:34:23 -0600,ea29f9e2998d19acc1de4609ccdc65bba77d0d99,TX,48059,2,2022-11-09T01:00:00.000Z,FIPSCode,48059,0,2022-11-09T22:26:30.311Z,8,99.0,8,100.0,58549,4769,90.61,63031,442,8.4,63506,37,0.7,63505,15,0.29,5316,99,5263,10020,8,8
1668033305,2022-11-09 16:35:05 -0600,938ff66c343f88bf29efd28fd22a5de9bc4c4fc1,TX,48059,2,2022-11-09T01:00:00.000Z,FIPSCode,48059,0,2022-11-09T22:34:34.192Z,8,99.0,8,100.0,58549,4769,90.61,63031,442,8.4,63506,37,0.7,63505,15,0.29,5316,99,5263,10020,8,8
1668033347,2022-11-09 16:35:47 -0600,f26927e149e44430c8e8e31e6f5c9e6b80e2849a,TX,48059,2,2022-11-09T01:00:00.000Z,FIPSCode,48059,0,2022-11-09T22:34:34.192Z,8,99.0,8,100.0,58549,4769,90.61,63031,442,8.4,63506,37,0.7,63505,15,0.29,5316,99,5263,10020,8,8
1668033389,2022-11-09 16:36:29 -0600,85f900109ab1cb7224d2e2b2f799268db98b9136,TX,48059,2,2022-11-09T01:00:00.000Z,FIPSCode,48059,0,2022-11-09T22:35:54.870Z,8,99.0,8,100.0,58549,4769,90.61,63031,442,8.4,63506,37,0.7,63505,15,0.29,5316,99,5263,10020,8,8
1668033432,2022-11-09 16:37:12 -0600,90e4a985f0ca9f8e6c54759406bec4916688ea78,TX,48059,2,2022-11-09T01:00:00.000Z,FIPSCode,48059,0,2022-11-09T22:35:54.870Z,8,99.0,8,100.0,58549,4769,90.61,63031,442,8.4,63506,37,0.7,63505,15,0.29,5316,99,5263,10020,8,8
1668033477,2022-11-09 16:37:57 -0600,97a6a9a00e8aaf9ddfa1361660d3e199f4c7f4b9,TX,48059,2,2022-11-09T01:00:00.000Z,FIPSCode,48059,0,2022-11-09T22:37:30.197Z,8,99.0,8,100.0,58549,4769,90.61,63031,442,8.4,63506,37,0.7,63505,15,0.29,5316,99,5263,10020,8,8
1668033518,2022-11-09 16:38:38 -0600,05831fb2078a0ec799051beeed04254e35bb6449,TX,48059,2,2022-11-09T01:00:00.000Z,FIPSCode,48059,0,2022-11-09T22:37:30.197Z,8,99.0,8,100.0,58549,4769,90.61,63031,442,8.4,63506,37,0.7,63505,15,0.29,5316,99,5263,10020,8,8
1668033563,2022-11-09 16:39:23 -0600,50657d3775be8b434b92b0cbc1e41ad089510bad,TX,48059,2,2022-11-09T01:00:00.000Z,FIPSCode,48059,0,2022-11-09T22:37:30.197Z,8,99.0,8,100.0,58549,4769,90.61,63031,442,8.4,63506,37,0.7,63505,15,0.29,5316,99,5263,10020,8,8
1668033609,2022-11-09 16:40:09 -0600,67a8888a8d8ada5939ed97226fa771141aff63d9,TX,48059,2,2022-11-09T01:00:00.000Z,FIPSCode,48059,0,2022-11-09T22:37:30.197Z,8,99.0,8,100.0,58549,4769,90.61,63031,442,8.4,63506,37,0.7,63505,15,0.29,5316,99,5263,10020,8,8
1668033650,2022-11-09 16:40:50 -0600,7521938e63650debb18dab9de7bb20fcf93b323f,TX,48059,2,2022-11-09T01:00:00.000Z,FIPSCode,48059,0,2022-11-09T22:37:30.197Z,8,99.0,8,100.0,58549,4769,90.61,63031,442,8.4,63506,37,0.7,63505,15,0.29,5316,99,5263,10020,8,8
1668033693,2022-11-09 16:41:33 -0600,f3f529a47f02501cd396f681f3599fc47f0d5f5d,TX,48059,2,2022-11-09T01:00:00.000Z,FIPSCode,48059,0,2022-11-09T22:37:30.197Z,8,99.0,8,100.0,58549,4769,90.61,63031,442,8.4,63506,37,0.7,63505,15,0.29,5316,99,5263,10020,8,8
1668033736,2022-11-09 16:42:16 -0600,072c6ba880d7e94c78e800d369ae20c45147a4df,TX,48059,2,2022-11-09T01:00:00.000Z,FIPSCode,48059,0,2022-11-09T22:37:30.197Z,8,99.0,8,100.0,58549,4769,90.61,63031,442,8.4,63506,37,0.7,63505,15,0.29,5316,99,5263,10020,8,8
1668033779,2022-11-09 16:42:59 -0600,8a5cb953a1ac8767db2a00e615c671195b1eab4e,TX,48059,2,2022-11-09T01:00:00.000Z,FIPSCode,48059,0,2022-11-09T22:37:30.197Z,8,99.0,8,100.0,58549,4769,90.61,63031,442,8.4,63506,37,0.7,63505,15,0.29,5316,99,5263,10020,8,8
1668033821,2022-11-09 16:43:41 -0600,c03fafbe082037890758afcb9a48bcb3e3e1dd97,TX,48059,2,2022-11-09T01:00:00.000Z,FIPSCode,48059,0,2022-11-09T22:37:30.197Z,8,99.0,8,100.0,58549,4769,90.61,63031,442,8.4,63506,37,0.7,63505,15,0.29,5316,99,5263,10020,8,8
1668033863,2022-11-09 16:44:23 -0600,dec81ac765e6a8a42518a2a0ff038290b4283306,TX,48059,2,2022-11-09T01:00:00.000Z,FIPSCode,48059,0,2022-11-09T22:37:30.197Z,8,99.0,8,100.0,58549,4769,90.61,63031,442,8.4,63506,37,0.7,63505,15,0.29,5316,99,5263,10020,8,8
1668033905,2022-11-09 16:45:05 -0600,5ba00d7830661b15b810e5cbdf2badada77a1adc,TX,48059,2,2022-11-09T01:00:00.000Z,FIPSCode,48059,0,2022-11-09T22:37:30.197Z,8,99.0,8,100.0,58549,4769,90.61,63031,442,8.4,63506,37,0.7,63505,15,0.29,5316,99,5263,10020,8,8
1668033947,2022-11-09 16:45:47 -0600,267ac61a53e30c0698ad8ec63d2759d8fc28bee2,TX,48059,2,2022-11-09T01:00:00.000Z,FIPSCode,48059,0,2022-11-09T22:37:30.197Z,8,99.0,8,100.0,58549,4769,90.61,63031,442,8.4,63506,37,0.7,63505,15,0.29,5316,99,5263,10020,8,8
1668033988,2022-11-09 16:46:28 -0600,47115298971d5b101350f130e572b0321626e937,TX,48059,2,2022-11-09T01:00:00.000Z,FIPSCode,48059,0,2022-11-09T22:37:30.197Z,8,99.0,8,100.0,58549,4769,90.61,63031,442,8.4,63506,37,0.7,63505,15,0.29,5316,99,5263,10020,8,8
1668034031,2022-11-09 16:47:11 -0600,53e20d0a9858894f6349aa7cc2853a56ff13c887,TX,48059,2,2022-11-09T01:00:00.000Z,FIPSCode,48059,0,2022-11-09T22:37:30.197Z,8,99.0,8,100.0,58549,4769,90.61,63031,442,8.4,63506,37,0.7,63505,15,0.29,5316,99,5263,10020,8,8
1668034077,2022-11-09 16:47:57 -0600,7fe0a02b877ed97b2604175897708b2dffdc97da,TX,48059,2,2022-11-09T01:00:00.000Z,FIPSCode,48059,0,2022-11-09T22:37:30.197Z,8,99.0,8,100.0,58549,4769,90.61,63031,442,8.4,63506,37,0.7,63505,15,0.29,5316,99,5263,10020,8,8
1668034119,2022-11-09 16:48:39 -0600,8097f1c652f6ddaf099df41b1be3e300adb76692,TX,48059,2,2022-11-09T01:00:00.000Z,FIPSCode,48059,0,2022-11-09T22:37:30.197Z,8,99.0,8,100.0,58549,4769,90.61,63031,442,8.4,63506,37,0.7,63505,15,0.29,5316,99,5263,10020,8,8
1668034162,2022-11-09 16:49:22 -0600,e09beb78bb7a8bdf180b7b215632981e03229905,TX,48059,2,2022-11-09T01:00:00.000Z,FIPSCode,48059,0,2022-11-09T22:37:30.197Z,8,99.0,8,100.0,58549,4769,90.61,63031,442,8.4,63506,37,0.7,63505,15,0.29,5316,99,5263,10020,8,8
1668034204,2022-11-09 16:50:04 -0600,efa1183fc3f94ce57e76733c17431d67dc4d518d,TX,48059,2,2022-11-09T01:00:00.000Z,FIPSCode,48059,0,2022-11-09T22:37:30.197Z,8,99.0,8,100.0,58549,4769,90.61,63031,442,8.4,63506,37,0.7,63505,15,0.29,5316,99,5263,10020,8,8
1668034247,2022-11-09 16:50:47 -0600,1f064bc668677f07dd1b29d60b2f32a5855b6403,TX,48059,2,2022-11-09T01:00:00.000Z,FIPSCode,48059,0,2022-11-09T22:37:30.197Z,8,99.0,8,100.0,58549,4769,90.61,63031,442,8.4,63506,37,0.7,63505,15,0.29,5316,99,5263,10020,8,8
1668034288,2022-11-09 16:51:28 -0600,35a028d4d5252bf394159f3b0895eb75aa8cccff,TX,48059,2,2022-11-09T01:00:00.000Z,FIPSCode,48059,0,2022-11-09T22:37:30.197Z,8,99.0,8,100.0,58549,4769,90.61,63031,442,8.4,63506,37,0.7,63505,15,0.29,5316,99,5263,10020,8,8
1668034331,2022-11-09 16:52:11 -0600,d41bee5252ca11f591aeae1fac257a0abb39a12c,TX,48059,2,2022-11-09T01:00:00.000Z,FIPSCode,48059,0,2022-11-09T22:37:30.197Z,8,99.0,8,100.0,58549,4769,90.61,63031,442,8.4,63506,37,0.7,63505,15,0.29,5316,99,5263,10020,8,8
1668034373,2022-11-09 16:52:53 -0600,c6d0ada17a75bba7e83a28ea6e49f51805529d25,TX,48059,2,2022-11-09T01:00:00.000Z,FIPSCode,48059,0,2022-11-09T22:37:30.197Z,8,99.0,8,100.0,58549,4769,90.61,63031,442,8.4,63506,37,0.7,63505,15,0.29,5316,99,5263,10020,8,8
1668034415,2022-11-09 16:53:35 -0600,b8794a6e2cccd07bf9cae51f1752d9fb6b3e9630,TX,48059,2,2022-11-09T01:00:00.000Z,FIPSCode,48059,0,2022-11-09T22:37:30.197Z,8,99.0,8,100.0,58549,4769,90.61,63031,442,8.4,63506,37,0.7,63505,15,0.29,5316,99,5263,10020,8,8
1668034457,2022-11-09 16:54:17 -0600,8d634f71d6750cdbc20321634807546efa69969e,TX,48059,2,2022-11-09T01:00:00.000Z,FIPSCode,48059,0,2022-11-09T22:37:30.197Z,8,99.0,8,100.0,58549,4769,90.61,63031,442,8.4,63506,37,0.7,63505,15,0.29,5316,99,5263,10020,8,8
1668034500,2022-11-09 16:55:00 -0600,5ec4f01f1471ccd67929bd2df41e84d110223926,TX,48059,2,2022-11-09T01:00:00.000Z,FIPSCode,48059,0,2022-11-09T22:37:30.197Z,8,99.0,8,100.0,58549,4769,90.61,63031,442,8.4,63506,37,0.7,63505,15,0.29,5316,99,5263,10020,8,8
1668034545,2022-11-09 16:55:45 -0600,c8b02fd9464928622651dd0dde90b1b943ffa388,TX,48059,2,2022-11-09T01:00:00.000Z,FIPSCode,48059,0,2022-11-09T22:37:30.197Z,8,99.0,8,100.0,58549,4769,90.61,63031,442,8.4,63506,37,0.7,63505,15,0.29,5316,99,5263,10020,8,8
1668034585,2022-11-09 16:56:25 -0600,5d4a1ef61ab4b73ea42c6db38924b1c131a66dba,TX,48059,2,2022-11-09T01:00:00.000Z,FIPSCode,48059,0,2022-11-09T22:37:30.197Z,8,99.0,8,100.0,58549,4769,90.61,63031,442,8.4,63506,37,0.7,63505,15,0.29,5316,99,5263,10020,8,8
1668034627,2022-11-09 16:57:07 -0600,678c08c61ce4082425c0ebc97fd7a9f89975755a,TX,48059,2,2022-11-09T01:00:00.000Z,FIPSCode,48059,0,2022-11-09T22:37:30.197Z,8,99.0,8,100.0,58549,4769,90.61,63031,442,8.4,63506,37,0.7,63505,15,0.29,5316,99,5263,10020,8,8
1668034668,2022-11-09 16:57:48 -0600,2696aa4cb37c8bc42cfcece9af4a9371414dbffa,TX,48059,2,2022-11-09T01:00:00.000Z,FIPSCode,48059,0,2022-11-09T22:37:30.197Z,8,99.0,8,100.0,58549,4769,90.61,63031,442,8.4,63506,37,0.7,63505,15,0.29,5316,99,5263,10020,8,8
1668034712,2022-11-09 16:58:32 -0600,c48081556f37271c5fdb54d63964907b82d18467,TX,48059,2,2022-11-09T01:00:00.000Z,FIPSCode,48059,0,2022-11-09T22:37:30.197Z,8,99.0,8,100.0,58549,4769,90.61,63031,442,8.4,63506,37,0.7,63505,15,0.29,5316,99,5263,10020,8,8
1668034753,2022-11-09 16:59:13 -0600,880264c7d0f7b0ec4b6526e644e1b59ef62f7fe4,TX,48059,2,2022-11-09T01:00:00.000Z,FIPSCode,48059,0,2022-11-09T22:37:30.197Z,8,99.0,8,100.0,58549,4769,90.61,63031,442,8.4,63506,37,0.7,63505,15,0.29,5316,99,5263,10020,8,8
1668034795,2022-11-09 16:59:55 -0600,172108f1ee7c87a5d4703a721551ec285f8fb325,TX,48059,2,2022-11-09T01:00:00.000Z,FIPSCode,48059,0,2022-11-09T22:37:30.197Z,8,99.0,8,100.0,58549,4769,90.61,63031,442,8.4,63506,37,0.7,63505,15,0.29,5316,99,5263,10020,8,8
1668034837,2022-11-09 17:00:37 -0600,c63e4f0ba510718aef59ea5d4b3a1c07b3a28ffb,TX,48059,2,2022-11-09T01:00:00.000Z,FIPSCode,48059,0,2022-11-09T22:37:30.197Z,8,99.0,8,100.0,58549,4769,90.61,63031,442,8.4,63506,37,0.7,63505,15,0.29,5316,99,5263,10020,8,8
1668034879,2022-11-09 17:01:19 -0600,d5d5b98b6b8c150d2121989683048019be62ec60,TX,48059,2,2022-11-09T01:00:00.000Z,FIPSCode,48059,0,2022-11-09T22:37:30.197Z,8,99.0,8,100.0,58549,4769,90.61,63031,442,8.4,63506,37,0.7,63505,15,0.29,5316,99,5263,10020,8,8
1668034922,2022-11-09 17:02:02 -0600,4f7dfbbd001a1a37da2f5317d96ab94170d161cd,TX,48059,2,2022-11-09T01:00:00.000Z,FIPSCode,48059,0,2022-11-09T22:37:30.197Z,8,99.0,8,100.0,58549,4769,90.61,63031,442,8.4,63506,37,0.7,63505,15,0.29,5316,99,5263,10020,8,8
1668034964,2022-11-09 17:02:44 -0600,308dbe4b1666d6ce0e9127d06715884fb73b066d,TX,48059,2,2022-11-09T01:00:00.000Z,FIPSCode,48059,0,2022-11-09T22:37:30.197Z,8,99.0,8,100.0,58549,4769,90.61,63031,442,8.4,63506,37,0.7,63505,15,0.29,5316,99,5263,10020,8,8
1668035007,2022-11-09 17:03:27 -0600,43133944602e1e0b8843fe10adadb4aed74ddc19,TX,48059,2,2022-11-09T01:00:00.000Z,FIPSCode,48059,0,2022-11-09T22:37:30.197Z,8,99.0,8,100.0,58549,4769,90.61,63031,442,8.4,63506,37,0.7,63505,15,0.29,5316,99,5263,10020,8,8
1668035049,2022-11-09 17:04:09 -0600,bff087a16a7b280445ae4738ddb66814d22774a9,TX,48059,2,2022-11-09T01:00:00.000Z,FIPSCode,48059,0,2022-11-09T22:37:30.197Z,8,99.0,8,100.0,58549,4769,90.61,63031,442,8.4,63506,37,0.7,63505,15,0.29,5316,99,5263,10020,8,8
1668035092,2022-11-09 17:04:52 -0600,bb1348c48f28c323c7acd58318cbd29acbae94e0,TX,48059,2,2022-11-09T01:00:00.000Z,FIPSCode,48059,0,2022-11-09T22:37:30.197Z,8,99.0,8,100.0,58549,4769,90.61,63031,442,8.4,63506,37,0.7,63505,15,0.29,5316,99,5263,10020,8,8
1668035133,2022-11-09 17:05:33 -0600,9277815e11a548ab0a8d21e93a618336e51c4630,TX,48059,2,2022-11-09T01:00:00.000Z,FIPSCode,48059,0,2022-11-09T22:37:30.197Z,8,99.0,8,100.0,58549,4769,90.61,63031,442,8.4,63506,37,0.7,63505,15,0.29,5316,99,5263,10020,8,8
1668035176,2022-11-09 17:06:16 -0600,6ce64e7d30deacdb518af68f3c25c19be3fefa82,TX,48059,2,2022-11-09T01:00:00.000Z,FIPSCode,48059,0,2022-11-09T22:37:30.197Z,8,99.0,8,100.0,58549,4769,90.61,63031,442,8.4,63506,37,0.7,63505,15,0.29,5316,99,5263,10020,8,8
1668035217,2022-11-09 17:06:57 -0600,5756b5d7730803e313bbfd3707c5425f18d4c523,TX,48059,2,2022-11-09T01:00:00.000Z,FIPSCode,48059,0,2022-11-09T22:37:30.197Z,8,99.0,8,100.0,58549,4769,90.61,63031,442,8.4,63506,37,0.7,63505,15,0.29,5316,99,5263,10020,8,8
1668035261,2022-11-09 17:07:41 -0600,28ab8be45c3815cc723ccebae7d42ba7f647d3c4,TX,48059,2,2022-11-09T01:00:00.000Z,FIPSCode,48059,0,2022-11-09T22:37:30.197Z,8,99.0,8,100.0,58549,4769,90.61,63031,442,8.4,63506,37,0.7,63505,15,0.29,5316,99,5263,10020,8,8
1668035305,2022-11-09 17:08:25 -0600,c28ce79fa17f5db120bec105555718ed650f4d22,TX,48059,2,2022-11-09T01:00:00.000Z,FIPSCode,48059,0,2022-11-09T22:37:30.197Z,8,99.0,8,100.0,58549,4769,90.61,63031,442,8.4,63506,37,0.7,63505,15,0.29,5316,99,5263,10020,8,8
1668035430,2022-11-09 17:10:30 -0600,06f5bae54bae7151bf9edf05821efcacde731737,TX,48059,2,2022-11-09T01:00:00.000Z,FIPSCode,48059,0,2022-11-09T22:37:30.197Z,8,99.0,8,100.0,58549,4769,90.61,63031,442,8.4,63506,37,0.7,63505,15,0.29,5316,99,5263,10020,8,8
1668035473,2022-11-09 17:11:13 -0600,53e6deb7a8b3afdd75e905a5d17c62a67c04eae8,TX,48059,2,2022-11-09T01:00:00.000Z,FIPSCode,48059,0,2022-11-09T22:37:30.197Z,8,99.0,8,100.0,58549,4769,90.61,63031,442,8.4,63506,37,0.7,63505,15,0.29,5316,99,5263,10020,8,8
1668035515,2022-11-09 17:11:55 -0600,f975291a6821b35d88032d15ac48e4c44d4eeae1,TX,48059,2,2022-11-09T01:00:00.000Z,FIPSCode,48059,0,2022-11-09T22:37:30.197Z,8,99.0,8,100.0,58549,4769,90.61,63031,442,8.4,63506,37,0.7,63505,15,0.29,5316,99,5263,10020,8,8
1668042762,2022-11-09 19:12:42 -0600,b6d0bdba324f9b1a2e87e5eb8eb7f90c6c1d213d,TX,48059,2,2022-11-09T01:00:00.000Z,FIPSCode,48059,0,2022-11-10T01:05:52.280Z,8,99.0,8,100.0,58549,4769,90.61,63031,442,8.4,63506,37,0.7,63505,15,0.29,5316,99,5263,10020,8,8
1668042803,2022-11-09 19:13:23 -0600,be00e9dd455824427f1d8d961d5e948c31b74514,TX,48059,2,2022-11-09T01:00:00.000Z,FIPSCode,48059,0,2022-11-10T01:05:52.280Z,8,99.0,8,100.0,58549,4769,90.61,63031,442,8.4,63506,37,0.7,63505,15,0.29,5316,99,5263,10020,8,8
1668042844,2022-11-09 19:14:04 -0600,ab69378f31e710fe7ed5a1342417d6e0db898dfe,TX,48059,2,2022-11-09T01:00:00.000Z,FIPSCode,48059,0,2022-11-10T01:05:52.280Z,8,99.0,8,100.0,58549,4769,90.61,63031,442,8.4,63506,37,0.7,63505,15,0.29,5316,99,5263,10020,8,8
1668042887,2022-11-09 19:14:47 -0600,d1e703cb6904b10b82ba124e2000c0fcde7ed731,TX,48059,2,2022-11-09T01:00:00.000Z,FIPSCode,48059,0,2022-11-10T01:05:52.280Z,8,99.0,8,100.0,58549,4769,90.61,63031,442,8.4,63506,37,0.7,63505,15,0.29,5316,99,5263,10020,8,8
1668042928,2022-11-09 19:15:28 -0600,5e00af970d8de024aaea936ace563c1f04bf1cad,TX,48059,2,2022-11-09T01:00:00.000Z,FIPSCode,48059,0,2022-11-10T01:05:52.280Z,8,99.0,8,100.0,58549,4769,90.61,63031,442,8.4,63506,37,0.7,63505,15,0.29,5316,99,5263,10020,8,8
1668042970,2022-11-09 19:16:10 -0600,63c3d04d30c30d192a86d193cc0a719d3b07961d,TX,48059,2,2022-11-09T01:00:00.000Z,FIPSCode,48059,0,2022-11-10T01:05:52.280Z,8,99.0,8,100.0,58549,4769,90.61,63031,442,8.4,63506,37,0.7,63505,15,0.29,5316,99,5263,10020,8,8
1668043013,2022-11-09 19:16:53 -0600,99b14fa3a44ee71bdff622024b1a59d3398390e8,TX,48059,2,2022-11-09T01:00:00.000Z,FIPSCode,48059,0,2022-11-10T01:15:55.872Z,8,99.0,8,100.0,58549,4769,90.61,63031,442,8.4,63506,37,0.7,63505,15,0.29,5316,99,5263,10020,8,8
1668043055,2022-11-09 19:17:35 -0600,9423ae1f29fe73be11377b81ec7ad16041ef4445,TX,48059,2,2022-11-09T01:00:00.000Z,FIPSCode,48059,0,2022-11-10T01:16:51.386Z,8,99.0,8,100.0,58549,4769,90.61,63031,442,8.4,63506,37,0.7,63505,15,0.29,5316,99,5263,10020,8,8
1668043097,2022-11-09 19:18:17 -0600,b775f001c839b5bdc44073756e0a81fa446b7520,TX,48059,2,2022-11-09T01:00:00.000Z,FIPSCode,48059,0,2022-11-10T01:17:52.334Z,8,99.0,8,100.0,58549,4769,90.61,63031,442,8.4,63506,37,0.7,63505,15,0.29,5316,99,5263,10020,8,8
1668043140,2022-11-09 19:19:00 -0600,9e222f73939c5b6d80153ab798d2943be282471d,TX,48059,2,2022-11-09T01:00:00.000Z,FIPSCode,48059,0,2022-11-10T01:17:52.334Z,8,99.0,8,100.0,58549,4769,90.61,63031,442,8.4,63506,37,0.7,63505,15,0.29,5316,99,5263,10020,8,8
1668043183,2022-11-09 19:19:43 -0600,d44b422f5db403f39405edffed172c37aae2eaaf,TX,48059,2,2022-11-09T01:00:00.000Z,FIPSCode,48059,0,2022-11-10T01:17:52.334Z,8,99.0,8,100.0,58549,4769,90.61,63031,442,8.4,63506,37,0.7,63505,15,0.29,5316,99,5263,10020,8,8
1668043225,2022-11-09 19:20:25 -0600,35e7bda4399f4e2fc99e1fbd79da63598db7578c,TX,48059,2,2022-11-09T01:00:00.000Z,FIPSCode,48059,0,2022-11-10T01:17:52.334Z,8,99.0,8,100.0,58549,4769,90.61,63031,442,8.4,63506,37,0.7,63505,15,0.29,5316,99,5263,10020,8,8
1668043268,2022-11-09 19:21:08 -0600,7115736f25c4974a673b3cf7eaa80b936d9d8efb,TX,48059,2,2022-11-09T01:00:00.000Z,FIPSCode,48059,0,2022-11-10T01:17:52.334Z,8,99.0,8,100.0,58549,4769,90.61,63031,442,8.4,63506,37,0.7,63505,15,0.29,5316,99,5263,10020,8,8
1668043310,2022-11-09 19:21:50 -0600,9e18dc187deac0586afe626598b49005ef937467,TX,48059,2,2022-11-09T01:00:00.000Z,FIPSCode,48059,0,2022-11-10T01:17:52.334Z,8,99.0,8,100.0,58549,4769,90.61,63031,442,8.4,63506,37,0.7,63505,15,0.29,5316,99,5263,10020,8,8
1668043354,2022-11-09 19:22:34 -0600,59a417bc2026aa8debb1e5b19d140ee19423beda,TX,48059,2,2022-11-09T01:00:00.000Z,FIPSCode,48059,0,2022-11-10T01:17:52.334Z,8,99.0,8,100.0,58549,4769,90.61,63031,442,8.4,63506,37,0.7,63505,15,0.29,5316,99,5263,10020,8,8
1668043394,2022-11-09 19:23:14 -0600,2d1a5a29bc6c18230bd707449bc3502aba6d12a0,TX,48059,2,2022-11-09T01:00:00.000Z,FIPSCode,48059,0,2022-11-10T01:17:52.334Z,8,99.0,8,100.0,58549,4769,90.61,63031,442,8.4,63506,37,0.7,63505,15,0.29,5316,99,5263,10020,8,8
1668043438,2022-11-09 19:23:58 -0600,237a164d223d20230051f65b571b11dae26cbf48,TX,48059,2,2022-11-09T01:00:00.000Z,FIPSCode,48059,0,2022-11-10T01:17:52.334Z,8,99.0,8,100.0,58549,4769,90.61,63031,442,8.4,63506,37,0.7,63505,15,0.29,5316,99,5263,10020,8,8
1668043479,2022-11-09 19:24:39 -0600,4f93e31a15ff08f039bfde4cc4332f4fce8e0a89,TX,48059,2,2022-11-09T01:00:00.000Z,FIPSCode,48059,0,2022-11-10T01:17:52.334Z,8,99.0,8,100.0,58549,4769,90.61,63031,442,8.4,63506,37,0.7,63505,15,0.29,5316,99,5263,10020,8,8
1668043522,2022-11-09 19:25:22 -0600,1e5abbef015c8b652306caaf6a72944f68379df9,TX,48059,2,2022-11-09T01:00:00.000Z,FIPSCode,48059,0,2022-11-10T01:17:52.334Z,8,99.0,8,100.0,58549,4769,90.61,63031,442,8.4,63506,37,0.7,63505,15,0.29,5316,99,5263,10020,8,8
1668043564,2022-11-09 19:26:04 -0600,e043cd9e83e6054515df5964de9fb2d5fbf62041,TX,48059,2,2022-11-09T01:00:00.000Z,FIPSCode,48059,0,2022-11-10T01:17:52.334Z,8,99.0,8,100.0,58549,4769,90.61,63031,442,8.4,63506,37,0.7,63505,15,0.29,5316,99,5263,10020,8,8
1668043606,2022-11-09 19:26:46 -0600,71d6b6bf0a23ca1105d78fef964ac83792d166e1,TX,48059,2,2022-11-09T01:00:00.000Z,FIPSCode,48059,0,2022-11-10T01:17:52.334Z,8,99.0,8,100.0,58549,4769,90.61,63031,442,8.4,63506,37,0.7,63505,15,0.29,5316,99,5263,10020,8,8
1668043647,2022-11-09 19:27:27 -0600,e7daa1fc5d6c2a6555bfecae63c67b04bcbe6791,TX,48059,2,2022-11-09T01:00:00.000Z,FIPSCode,48059,0,2022-11-10T01:17:52.334Z,8,99.0,8,100.0,58549,4769,90.61,63031,442,8.4,63506,37,0.7,63505,15,0.29,5316,99,5263,10020,8,8
1668043689,2022-11-09 19:28:09 -0600,1222ab518382ffec8c4cf5a4249af54e41e12a83,TX,48059,2,2022-11-09T01:00:00.000Z,FIPSCode,48059,0,2022-11-10T01:17:52.334Z,8,99.0,8,100.0,58549,4769,90.61,63031,442,8.4,63506,37,0.7,63505,15,0.29,5316,99,5263,10020,8,8
1668043731,2022-11-09 19:28:51 -0600,8c2520b6890e94409af8eb73de7eb1d552f361cc,TX,48059,2,2022-11-09T01:00:00.000Z,FIPSCode,48059,0,2022-11-10T01:17:52.334Z,8,99.0,8,100.0,58549,4769,90.61,63031,442,8.4,63506,37,0.7,63505,15,0.29,5316,99,5263,10020,8,8
1668043772,2022-11-09 19:29:32 -0600,c7373b60a17dac2dc185f8025e734a1c59f26082,TX,48059,2,2022-11-09T01:00:00.000Z,FIPSCode,48059,0,2022-11-10T01:17:52.334Z,8,99.0,8,100.0,58549,4769,90.61,63031,442,8.4,63506,37,0.7,63505,15,0.29,5316,99,5263,10020,8,8
1668043814,2022-11-09 19:30:14 -0600,e714ae709567e7b8fcd814e8d352de486dbd8375,TX,48059,2,2022-11-09T01:00:00.000Z,FIPSCode,48059,0,2022-11-10T01:17:52.334Z,8,99.0,8,100.0,58549,4769,90.61,63031,442,8.4,63506,37,0.7,63505,15,0.29,5316,99,5263,10020,8,8
1668043856,2022-11-09 19:30:56 -0600,c97480a45186bd91a3cceb854e88993fe1b120a3,TX,48059,2,2022-11-09T01:00:00.000Z,FIPSCode,48059,0,2022-11-10T01:17:52.334Z,8,99.0,8,100.0,58549,4769,90.61,63031,442,8.4,63506,37,0.7,63505,15,0.29,5316,99,5263,10020,8,8
1668043896,2022-11-09 19:31:36 -0600,a4fe5d6be65a3c7e81f16ff799b0bd2838c963cb,TX,48059,2,2022-11-09T01:00:00.000Z,FIPSCode,48059,0,2022-11-10T01:17:52.334Z,8,99.0,8,100.0,58549,4769,90.61,63031,442,8.4,63506,37,0.7,63505,15,0.29,5316,99,5263,10020,8,8
1668043940,2022-11-09 19:32:20 -0600,b806b8c5eba75e43247d2d7aa5334b96cd1fd388,TX,48059,2,2022-11-09T01:00:00.000Z,FIPSCode,48059,0,2022-11-10T01:17:52.334Z,8,99.0,8,100.0,58549,4769,90.61,63031,442,8.4,63506,37,0.7,63505,15,0.29,5316,99,5263,10020,8,8
1668043981,2022-11-09 19:33:01 -0600,29f331bc37ef6ca20e2949bc3a29d5e261e8782c,TX,48059,2,2022-11-09T01:00:00.000Z,FIPSCode,48059,0,2022-11-10T01:17:52.334Z,8,99.0,8,100.0,58549,4769,90.61,63031,442,8.4,63506,37,0.7,63505,15,0.29,5316,99,5263,10020,8,8
1668044023,2022-11-09 19:33:43 -0600,bb8ed62657ff71573a752cf929a9aaa6c1df9628,TX,48059,2,2022-11-09T01:00:00.000Z,FIPSCode,48059,0,2022-11-10T01:17:52.334Z,8,99.0,8,100.0,58549,4769,90.61,63031,442,8.4,63506,37,0.7,63505,15,0.29,5316,99,5263,10020,8,8
1668044064,2022-11-09 19:34:24 -0600,b9322e8334ebe349a5a26ba1456322c8128f5613,TX,48059,2,2022-11-09T01:00:00.000Z,FIPSCode,48059,0,2022-11-10T01:17:52.334Z,8,99.0,8,100.0,58549,4769,90.61,63031,442,8.4,63506,37,0.7,63505,15,0.29,5316,99,5263,10020,8,8
1668044106,2022-11-09 19:35:06 -0600,6e7f2d0c57b26cc45ce69b95e85da1344d3f2d25,TX,48059,2,2022-11-09T01:00:00.000Z,FIPSCode,48059,0,2022-11-10T01:17:52.334Z,8,99.0,8,100.0,58549,4769,90.61,63031,442,8.4,63506,37,0.7,63505,15,0.29,5316,99,5263,10020,8,8
1668044147,2022-11-09 19:35:47 -0600,f4b2930f484ea721eba7cf1d0e4dd26718eb8dcd,TX,48059,2,2022-11-09T01:00:00.000Z,FIPSCode,48059,0,2022-11-10T01:17:52.334Z,8,99.0,8,100.0,58549,4769,90.61,63031,442,8.4,63506,37,0.7,63505,15,0.29,5316,99,5263,10020,8,8
1668044189,2022-11-09 19:36:29 -0600,b55606e82425e630804175f7d51953f7275faec9,TX,48059,2,2022-11-09T01:00:00.000Z,FIPSCode,48059,0,2022-11-10T01:17:52.334Z,8,99.0,8,100.0,58549,4769,90.61,63031,442,8.4,63506,37,0.7,63505,15,0.29,5316,99,5263,10020,8,8
1668044231,2022-11-09 19:37:11 -0600,43bfa5a4c2a3f1a3e1c9f35692b128feddcc1b7a,TX,48059,2,2022-11-09T01:00:00.000Z,FIPSCode,48059,0,2022-11-10T01:36:32.275Z,8,99.0,8,100.0,58549,4769,90.61,63031,442,8.4,63506,37,0.7,63505,15,0.29,5316,99,5263,10020,8,8
1668044272,2022-11-09 19:37:52 -0600,6e4560523495b0318459b123de549f0d3f3b871f,TX,48059,2,2022-11-09T01:00:00.000Z,FIPSCode,48059,0,2022-11-10T01:37:30.813Z,8,99.0,8,100.0,58549,4769,90.61,63031,442,8.4,63506,37,0.7,63505,15,0.29,5316,99,5263,10020,8,8
1668044315,2022-11-09 19:38:35 -0600,071a368a59e4d84e497b85ade8beb146feae0850,TX,48059,2,2022-11-09T01:00:00.000Z,FIPSCode,48059,0,2022-11-10T01:37:30.813Z,8,99.0,8,100.0,58549,4769,90.61,63031,442,8.4,63506,37,0.7,63505,15,0.29,5316,99,5263,10020,8,8
1668044356,2022-11-09 19:39:16 -0600,dcf0440b9c8ef50c574db27661a16df54234e77d,TX,48059,2,2022-11-09T01:00:00.000Z,FIPSCode,48059,0,2022-11-10T01:38:32.603Z,8,99.0,8,100.0,58549,4769,90.61,63031,442,8.4,63506,37,0.7,63505,15,0.29,5316,99,5263,10020,8,8
1668044398,2022-11-09 19:39:58 -0600,0884da6a53ef537940422acec980f221b9e7895e,TX,48059,2,2022-11-09T01:00:00.000Z,FIPSCode,48059,0,2022-11-10T01:38:32.603Z,8,99.0,8,100.0,58549,4769,90.61,63031,442,8.4,63506,37,0.7,63505,15,0.29,5316,99,5263,10020,8,8
1668044441,2022-11-09 19:40:41 -0600,c7b54c6ba04006c9a4a29c084773b28dc912acdc,TX,48059,2,2022-11-09T01:00:00.000Z,FIPSCode,48059,0,2022-11-10T01:38:32.603Z,8,99.0,8,100.0,58549,4769,90.61,63031,442,8.4,63506,37,0.7,63505,15,0.29,5316,99,5263,10020,8,8
1668044482,2022-11-09 19:41:22 -0600,2a86ea2a573e03a1366c30ed6b1179618ee69c85,TX,48059,2,2022-11-09T01:00:00.000Z,FIPSCode,48059,0,2022-11-10T01:38:32.603Z,8,99.0,8,100.0,58549,4769,90.61,63031,442,8.4,63506,37,0.7,63505,15,0.29,5316,99,5263,10020,8,8
1668044525,2022-11-09 19:42:05 -0600,dbe363ed19d86e5b6fa45e1a75e9a231ab06d3da,TX,48059,2,2022-11-09T01:00:00.000Z,FIPSCode,48059,0,2022-11-10T01:38:32.603Z,8,99.0,8,100.0,58549,4769,90.61,63031,442,8.4,63506,37,0.7,63505,15,0.29,5316,99,5263,10020,8,8
1668044565,2022-11-09 19:42:45 -0600,886c22f91d1bb084ef35288be0dcbafeefea600e,TX,48059,2,2022-11-09T01:00:00.000Z,FIPSCode,48059,0,2022-11-10T01:38:32.603Z,8,99.0,8,100.0,58549,4769,90.61,63031,442,8.4,63506,37,0.7,63505,15,0.29,5316,99,5263,10020,8,8
1668044608,2022-11-09 19:43:28 -0600,e388a1d89911b6a0e89c644fe77202f2026af40d,TX,48059,2,2022-11-09T01:00:00.000Z,FIPSCode,48059,0,2022-11-10T01:38:32.603Z,8,99.0,8,100.0,58549,4769,90.61,63031,442,8.4,63506,37,0.7,63505,15,0.29,5316,99,5263,10020,8,8
1668044648,2022-11-09 19:44:08 -0600,55d5797ae2b973b90d8e47181cec491bb25cfbb5,TX,48059,2,2022-11-09T01:00:00.000Z,FIPSCode,48059,0,2022-11-10T01:38:32.603Z,8,99.0,8,100.0,58549,4769,90.61,63031,442,8.4,63506,37,0.7,63505,15,0.29,5316,99,5263,10020,8,8
1668044692,2022-11-09 19:44:52 -0600,574fe3d9d57dca30268b7bd31c3dbcd880412396,TX,48059,2,2022-11-09T01:00:00.000Z,FIPSCode,48059,0,2022-11-10T01:38:32.603Z,8,99.0,8,100.0,58549,4769,90.61,63031,442,8.4,63506,37,0.7,63505,15,0.29,5316,99,5263,10020,8,8
1668044734,2022-11-09 19:45:34 -0600,ca0a13ff0ad940804d92fa1ac2498cecb969bbb2,TX,48059,2,2022-11-09T01:00:00.000Z,FIPSCode,48059,0,2022-11-10T01:38:32.603Z,8,99.0,8,100.0,58549,4769,90.61,63031,442,8.4,63506,37,0.7,63505,15,0.29,5316,99,5263,10020,8,8
1668044777,2022-11-09 19:46:17 -0600,bee6969d792b4e164c8a16d0e04efced33272a08,TX,48059,2,2022-11-09T01:00:00.000Z,FIPSCode,48059,0,2022-11-10T01:38:32.603Z,8,99.0,8,100.0,58549,4769,90.61,63031,442,8.4,63506,37,0.7,63505,15,0.29,5316,99,5263,10020,8,8
1668044818,2022-11-09 19:46:58 -0600,3e7ca14e1d8c9bbbd652871be3c4ee414fac499e,TX,48059,2,2022-11-09T01:00:00.000Z,FIPSCode,48059,0,2022-11-10T01:38:32.603Z,8,99.0,8,100.0,58549,4769,90.61,63031,442,8.4,63506,37,0.7,63505,15,0.29,5316,99,5263,10020,8,8
1668044860,2022-11-09 19:47:40 -0600,92217768af4befdaf502c92b5d5461b7e4767340,TX,48059,2,2022-11-09T01:00:00.000Z,FIPSCode,48059,0,2022-11-10T01:38:32.603Z,8,99.0,8,100.0,58549,4769,90.61,63031,442,8.4,63506,37,0.7,63505,15,0.29,5316,99,5263,10020,8,8
1668044903,2022-11-09 19:48:23 -0600,9bd982a190e9237dff9ba219ee2df8449d8b0fd8,TX,48059,2,2022-11-09T01:00:00.000Z,FIPSCode,48059,0,2022-11-10T01:38:32.603Z,8,99.0,8,100.0,58549,4769,90.61,63031,442,8.4,63506,37,0.7,63505,15,0.29,5316,99,5263,10020,8,8
1668044945,2022-11-09 19:49:05 -0600,2c3c1a26bfe12431c2627940e7f0f1260e1f9ec6,TX,48059,2,2022-11-09T01:00:00.000Z,FIPSCode,48059,0,2022-11-10T01:38:32.603Z,8,99.0,8,100.0,58549,4769,90.61,63031,442,8.4,63506,37,0.7,63505,15,0.29,5316,99,5263,10020,8,8
1668044985,2022-11-09 19:49:45 -0600,9d3a0e86c726b04c966faf8f14aec55c0bda867b,TX,48059,2,2022-11-09T01:00:00.000Z,FIPSCode,48059,0,2022-11-10T01:38:32.603Z,8,99.0,8,100.0,58549,4769,90.61,63031,442,8.4,63506,37,0.7,63505,15,0.29,5316,99,5263,10020,8,8
1668045028,2022-11-09 19:50:28 -0600,316e77f325a543f33a99d5976367a4f26b3c9f12,TX,48059,2,2022-11-09T01:00:00.000Z,FIPSCode,48059,0,2022-11-10T01:38:32.603Z,8,99.0,8,100.0,58549,4769,90.61,63031,442,8.4,63506,37,0.7,63505,15,0.29,5316,99,5263,10020,8,8
1668045070,2022-11-09 19:51:10 -0600,7ef78fa0bbead8f53016dfec28f716add8ee64a1,TX,48059,2,2022-11-09T01:00:00.000Z,FIPSCode,48059,0,2022-11-10T01:38:32.603Z,8,99.0,8,100.0,58549,4769,90.61,63031,442,8.4,63506,37,0.7,63505,15,0.29,5316,99,5263,10020,8,8
1668045113,2022-11-09 19:51:53 -0600,2a8e4a2229b9679aaf0a8c53b73b63272434b327,TX,48059,2,2022-11-09T01:00:00.000Z,FIPSCode,48059,0,2022-11-10T01:38:32.603Z,8,99.0,8,100.0,58549,4769,90.61,63031,442,8.4,63506,37,0.7,63505,15,0.29,5316,99,5263,10020,8,8
1668045154,2022-11-09 19:52:34 -0600,47a54ec94addfae341ba5b48ee15577c3dc6331b,TX,48059,2,2022-11-09T01:00:00.000Z,FIPSCode,48059,0,2022-11-10T01:38:32.603Z,8,99.0,8,100.0,58549,4769,90.61,63031,442,8.4,63506,37,0.7,63505,15,0.29,5316,99,5263,10020,8,8
1668045196,2022-11-09 19:53:16 -0600,883df7462b522d5aa2bba6a83df9dc655dbc6241,TX,48059,2,2022-11-09T01:00:00.000Z,FIPSCode,48059,0,2022-11-10T01:38:32.603Z,8,99.0,8,100.0,58549,4769,90.61,63031,442,8.4,63506,37,0.7,63505,15,0.29,5316,99,5263,10020,8,8
1668045238,2022-11-09 19:53:58 -0600,00dcaddd93d3b3f51d494e8c94dc8639d52ea0bd,TX,48059,2,2022-11-09T01:00:00.000Z,FIPSCode,48059,0,2022-11-10T01:38:32.603Z,8,99.0,8,100.0,58549,4769,90.61,63031,442,8.4,63506,37,0.7,63505,15,0.29,5316,99,5263,10020,8,8
1668045281,2022-11-09 19:54:41 -0600,e7176ea21456102df282ae970ea6ac960353b7a4,TX,48059,2,2022-11-09T01:00:00.000Z,FIPSCode,48059,0,2022-11-10T01:38:32.603Z,8,99.0,8,100.0,58549,4769,90.61,63031,442,8.4,63506,37,0.7,63505,15,0.29,5316,99,5263,10020,8,8
1668045323,2022-11-09 19:55:23 -0600,7765bc2f4d4a3b28bdc56c709e93ed3164b2d5be,TX,48059,2,2022-11-09T01:00:00.000Z,FIPSCode,48059,0,2022-11-10T01:38:32.603Z,8,99.0,8,100.0,58549,4769,90.61,63031,442,8.4,63506,37,0.7,63505,15,0.29,5316,99,5263,10020,8,8
1668045365,2022-11-09 19:56:05 -0600,4e57bc9e44ab42ba85ec281d8635c630bcc0b225,TX,48059,2,2022-11-09T01:00:00.000Z,FIPSCode,48059,0,2022-11-10T01:38:32.603Z,8,99.0,8,100.0,58549,4769,90.61,63031,442,8.4,63506,37,0.7,63505,15,0.29,5316,99,5263,10020,8,8
1668045409,2022-11-09 19:56:49 -0600,bddfc4fb27d7700b0cd523c70879e6644f1df4ab,TX,48059,2,2022-11-09T01:00:00.000Z,FIPSCode,48059,0,2022-11-10T01:38:32.603Z,8,99.0,8,100.0,58549,4769,90.61,63031,442,8.4,63506,37,0.7,63505,15,0.29,5316,99,5263,10020,8,8
1668045453,2022-11-09 19:57:33 -0600,8265775541e5ab8c2ef0b040bbab549ff01d3a7c,TX,48059,2,2022-11-09T01:00:00.000Z,FIPSCode,48059,0,2022-11-10T01:38:32.603Z,8,99.0,8,100.0,58549,4769,90.61,63031,442,8.4,63506,37,0.7,63505,15,0.29,5316,99,5263,10020,8,8
1668045495,2022-11-09 19:58:15 -0600,0b47f09ce50c906249f85df27f1dc5e414c79067,TX,48059,2,2022-11-09T01:00:00.000Z,FIPSCode,48059,0,2022-11-10T01:38:32.603Z,8,99.0,8,100.0,58549,4769,90.61,63031,442,8.4,63506,37,0.7,63505,15,0.29,5316,99,5263,10020,8,8
1668045538,2022-11-09 19:58:58 -0600,c097c6b773a372e3aff808dea9e94f60de13e648,TX,48059,2,2022-11-09T01:00:00.000Z,FIPSCode,48059,0,2022-11-10T01:38:32.603Z,8,99.0,8,100.0,58549,4769,90.61,63031,442,8.4,63506,37,0.7,63505,15,0.29,5316,99,5263,10020,8,8
1668045582,2022-11-09 19:59:42 -0600,7d3a0e7013e0269decebb4314cb265f420dd1db3,TX,48059,2,2022-11-09T01:00:00.000Z,FIPSCode,48059,0,2022-11-10T01:38:32.603Z,8,99.0,8,100.0,58549,4769,90.61,63031,442,8.4,63506,37,0.7,63505,15,0.29,5316,99,5263,10020,8,8
1668045625,2022-11-09 20:00:25 -0600,a1bcb5c25b3ae1c2023546bad22e49876262edd1,TX,48059,2,2022-11-09T01:00:00.000Z,FIPSCode,48059,0,2022-11-10T01:38:32.603Z,8,99.0,8,100.0,58549,4769,90.61,63031,442,8.4,63506,37,0.7,63505,15,0.29,5316,99,5263,10020,8,8
1668045668,2022-11-09 20:01:08 -0600,86319115f366666c9b54865ee2c7771bb6b80825,TX,48059,2,2022-11-09T01:00:00.000Z,FIPSCode,48059,0,2022-11-10T01:38:32.603Z,8,99.0,8,100.0,58549,4769,90.61,63031,442,8.4,63506,37,0.7,63505,15,0.29,5316,99,5263,10020,8,8
1668045714,2022-11-09 20:01:54 -0600,a3c9175d55db1dab7dd88ded51ed1f7b709a5965,TX,48059,2,2022-11-09T01:00:00.000Z,FIPSCode,48059,0,2022-11-10T01:38:32.603Z,8,99.0,8,100.0,58549,4769,90.61,63031,442,8.4,63506,37,0.7,63505,15,0.29,5316,99,5263,10020,8,8
1668045757,2022-11-09 20:02:37 -0600,55de0600c2e16d9740845a89bcaa280f1a163e7a,TX,48059,2,2022-11-09T01:00:00.000Z,FIPSCode,48059,0,2022-11-10T01:38:32.603Z,8,99.0,8,100.0,58549,4769,90.61,63031,442,8.4,63506,37,0.7,63505,15,0.29,5316,99,5263,10020,8,8
1668045802,2022-11-09 20:03:22 -0600,42bf794759e40d4677470ac3a87ea169d5339902,TX,48059,2,2022-11-09T01:00:00.000Z,FIPSCode,48059,0,2022-11-10T01:38:32.603Z,8,99.0,8,100.0,58549,4769,90.61,63031,442,8.4,63506,37,0.7,63505,15,0.29,5316,99,5263,10020,8,8
1668045846,2022-11-09 20:04:06 -0600,3ae0181a2a7d9229f3d2f44b1ffc8b1bef4836ce,TX,48059,2,2022-11-09T01:00:00.000Z,FIPSCode,48059,0,2022-11-10T01:38:32.603Z,8,99.0,8,100.0,58549,4769,90.61,63031,442,8.4,63506,37,0.7,63505,15,0.29,5316,99,5263,10020,8,8
1668045887,2022-11-09 20:04:47 -0600,457e6842cebde886bc2f16d8d89f313364dd49f8,TX,48059,2,2022-11-09T01:00:00.000Z,FIPSCode,48059,0,2022-11-10T01:38:32.603Z,8,99.0,8,100.0,58549,4769,90.61,63031,442,8.4,63506,37,0.7,63505,15,0.29,5316,99,5263,10020,8,8
1668045930,2022-11-09 20:05:30 -0600,18ef9a463d8715c470284d7afea524fa8aff9ffb,TX,48059,2,2022-11-09T01:00:00.000Z,FIPSCode,48059,0,2022-11-10T01:38:32.603Z,8,99.0,8,100.0,58549,4769,90.61,63031,442,8.4,63506,37,0.7,63505,15,0.29,5316,99,5263,10020,8,8
1668045976,2022-11-09 20:06:16 -0600,769221c697cec700d9a6d53bf8e6a853af11420a,TX,48059,2,2022-11-09T01:00:00.000Z,FIPSCode,48059,0,2022-11-10T01:38:32.603Z,8,99.0,8,100.0,58549,4769,90.61,63031,442,8.4,63506,37,0.7,63505,15,0.29,5316,99,5263,10020,8,8
1668046018,2022-11-09 20:06:58 -0600,94c0fd261c3bb8585282b01877f5d89f11894014,TX,48059,2,2022-11-09T01:00:00.000Z,FIPSCode,48059,0,2022-11-10T01:38:32.603Z,8,99.0,8,100.0,58549,4769,90.61,63031,442,8.4,63506,37,0.7,63505,15,0.29,5316,99,5263,10020,8,8
1668046060,2022-11-09 20:07:40 -0600,d22137444ac10ccd3dbd2e99b960f5227a75cb33,TX,48059,2,2022-11-09T01:00:00.000Z,FIPSCode,48059,0,2022-11-10T01:38:32.603Z,8,99.0,8,100.0,58549,4769,90.61,63031,442,8.4,63506,37,0.7,63505,15,0.29,5316,99,5263,10020,8,8
1668046103,2022-11-09 20:08:23 -0600,4a532006ce069fcee034008ecebafd05241a165b,TX,48059,2,2022-11-09T01:00:00.000Z,FIPSCode,48059,0,2022-11-10T01:38:32.603Z,8,99.0,8,100.0,58549,4769,90.61,63031,442,8.4,63506,37,0.7,63505,15,0.29,5316,99,5263,10020,8,8
1668046145,2022-11-09 20:09:05 -0600,dbea89b223c5758f4add27fc3c65a5d0601c6265,TX,48059,2,2022-11-09T01:00:00.000Z,FIPSCode,48059,0,2022-11-10T01:38:32.603Z,8,99.0,8,100.0,58549,4769,90.61,63031,442,8.4,63506,37,0.7,63505,15,0.29,5316,99,5263,10020,8,8
1668046189,2022-11-09 20:09:49 -0600,f682ccf2d1ae34104984a0e62a45a0448dfe2890,TX,48059,2,2022-11-09T01:00:00.000Z,FIPSCode,48059,0,2022-11-10T01:38:32.603Z,8,99.0,8,100.0,58549,4769,90.61,63031,442,8.4,63506,37,0.7,63505,15,0.29,5316,99,5263,10020,8,8
1668046232,2022-11-09 20:10:32 -0600,b241f3ab0948242fe02d670311c557476abe2f83,TX,48059,2,2022-11-09T01:00:00.000Z,FIPSCode,48059,0,2022-11-10T01:38:32.603Z,8,99.0,8,100.0,58549,4769,90.61,63031,442,8.4,63506,37,0.7,63505,15,0.29,5316,99,5263,10020,8,8
1668046273,2022-11-09 20:11:13 -0600,c938260bd815d2474670be42111e4d1ec142e117,TX,48059,2,2022-11-09T01:00:00.000Z,FIPSCode,48059,0,2022-11-10T01:38:32.603Z,8,99.0,8,100.0,58549,4769,90.61,63031,442,8.4,63506,37,0.7,63505,15,0.29,5316,99,5263,10020,8,8
1668046316,2022-11-09 20:11:56 -0600,c8b1b2cb02beed9f312c71e2031442841d9b754b,TX,48059,2,2022-11-09T01:00:00.000Z,FIPSCode,48059,0,2022-11-10T01:38:32.603Z,8,99.0,8,100.0,58549,4769,90.61,63031,442,8.4,63506,37,0.7,63505,15,0.29,5316,99,5263,10020,8,8
1668046358,2022-11-09 20:12:38 -0600,163cc07d8fa19da490ca49d6b15e75092ee927ec,TX,48059,2,2022-11-09T01:00:00.000Z,FIPSCode,48059,0,2022-11-10T01:38:32.603Z,8,99.0,8,100.0,58549,4769,90.61,63031,442,8.4,63506,37,0.7,63505,15,0.29,5316,99,5263,10020,8,8
1668046400,2022-11-09 20:13:20 -0600,0cadc3ebe9115ef5ea9b819bf843cb891e269ddb,TX,48059,2,2022-11-09T01:00:00.000Z,FIPSCode,48059,0,2022-11-10T01:38:32.603Z,8,99.0,8,100.0,58549,4769,90.61,63031,442,8.4,63506,37,0.7,63505,15,0.29,5316,99,5263,10020,8,8
1668046442,2022-11-09 20:14:02 -0600,0797f04c8f2233bfe6af7d9ed17a338745fe4ba0,TX,48059,2,2022-11-09T01:00:00.000Z,FIPSCode,48059,0,2022-11-10T01:38:32.603Z,8,99.0,8,100.0,58549,4769,90.61,63031,442,8.4,63506,37,0.7,63505,15,0.29,5316,99,5263,10020,8,8
1668046485,2022-11-09 20:14:45 -0600,0b61c1463e7341c260f447b9c8ff5243ce11a632,TX,48059,2,2022-11-09T01:00:00.000Z,FIPSCode,48059,0,2022-11-10T01:38:32.603Z,8,99.0,8,100.0,58549,4769,90.61,63031,442,8.4,63506,37,0.7,63505,15,0.29,5316,99,5263,10020,8,8
1668046527,2022-11-09 20:15:27 -0600,56b8f0496524746069ba9fb72162adafe0215eb5,TX,48059,2,2022-11-09T01:00:00.000Z,FIPSCode,48059,0,2022-11-10T01:38:32.603Z,8,99.0,8,100.0,58549,4769,90.61,63031,442,8.4,63506,37,0.7,63505,15,0.29,5316,99,5263,10020,8,8
1668046571,2022-11-09 20:16:11 -0600,8a5dd2f9ae189007a4822ce73fabcc642fdf719d,TX,48059,2,2022-11-09T01:00:00.000Z,FIPSCode,48059,0,2022-11-10T01:38:32.603Z,8,99.0,8,100.0,58549,4769,90.61,63031,442,8.4,63506,37,0.7,63505,15,0.29,5316,99,5263,10020,8,8
1668046615,2022-11-09 20:16:55 -0600,4d8001661bccdaadec4404a2152406974d476e7c,TX,48059,2,2022-11-09T01:00:00.000Z,FIPSCode,48059,0,2022-11-10T01:38:32.603Z,8,99.0,8,100.0,58549,4769,90.61,63031,442,8.4,63506,37,0.7,63505,15,0.29,5316,99,5263,10020,8,8
1668046657,2022-11-09 20:17:37 -0600,e1579b917e7ebd5d5da463da1d696a27970869e8,TX,48059,2,2022-11-09T01:00:00.000Z,FIPSCode,48059,0,2022-11-10T01:38:32.603Z,8,99.0,8,100.0,58549,4769,90.61,63031,442,8.4,63506,37,0.7,63505,15,0.29,5316,99,5263,10020,8,8
1668046700,2022-11-09 20:18:20 -0600,9183598b5bf342918e51ea320caf6e5305c2af72,TX,48059,2,2022-11-09T01:00:00.000Z,FIPSCode,48059,0,2022-11-10T01:38:32.603Z,8,99.0,8,100.0,58549,4769,90.61,63031,442,8.4,63506,37,0.7,63505,15,0.29,5316,99,5263,10020,8,8
1668046742,2022-11-09 20:19:02 -0600,ea1826187f67eee3effa295c6a297e605759e8db,TX,48059,2,2022-11-09T01:00:00.000Z,FIPSCode,48059,0,2022-11-10T01:38:32.603Z,8,99.0,8,100.0,58549,4769,90.61,63031,442,8.4,63506,37,0.7,63505,15,0.29,5316,99,5263,10020,8,8
1668046786,2022-11-09 20:19:46 -0600,19d95a55a9ff9c887e48293e44b8d8c24fd8fdf5,TX,48059,2,2022-11-09T01:00:00.000Z,FIPSCode,48059,0,2022-11-10T01:38:32.603Z,8,99.0,8,100.0,58549,4769,90.61,63031,442,8.4,63506,37,0.7,63505,15,0.29,5316,99,5263,10020,8,8
1668046829,2022-11-09 20:20:29 -0600,fee699d9300733b8d50e34af35e1fc8e77e8068e,TX,48059,2,2022-11-09T01:00:00.000Z,FIPSCode,48059,0,2022-11-10T01:38:32.603Z,8,99.0,8,100.0,58549,4769,90.61,63031,442,8.4,63506,37,0.7,63505,15,0.29,5316,99,5263,10020,8,8
1668046872,2022-11-09 20:21:12 -0600,9574b1101a20e2928b23bc098c577acd19a7247d,TX,48059,2,2022-11-09T01:00:00.000Z,FIPSCode,48059,0,2022-11-10T01:38:32.603Z,8,99.0,8,100.0,58549,4769,90.61,63031,442,8.4,63506,37,0.7,63505,15,0.29,5316,99,5263,10020,8,8
1668046915,2022-11-09 20:21:55 -0600,1016badcc77405b16f931c825d891337a2b2a859,TX,48059,2,2022-11-09T01:00:00.000Z,FIPSCode,48059,0,2022-11-10T01:38:32.603Z,8,99.0,8,100.0,58549,4769,90.61,63031,442,8.4,63506,37,0.7,63505,15,0.29,5316,99,5263,10020,8,8
1668046959,2022-11-09 20:22:39 -0600,e0a7e7057da7f037a6a9ca6793ec648e3b983506,TX,48059,2,2022-11-09T01:00:00.000Z,FIPSCode,48059,0,2022-11-10T01:38:32.603Z,8,99.0,8,100.0,58549,4769,90.61,63031,442,8.4,63506,37,0.7,63505,15,0.29,5316,99,5263,10020,8,8
1668047001,2022-11-09 20:23:21 -0600,e8ec59f327086c594897d35508ddae492b9e5a9e,TX,48059,2,2022-11-09T01:00:00.000Z,FIPSCode,48059,0,2022-11-10T01:38:32.603Z,8,99.0,8,100.0,58549,4769,90.61,63031,442,8.4,63506,37,0.7,63505,15,0.29,5316,99,5263,10020,8,8
1668047044,2022-11-09 20:24:04 -0600,594293aeae3bbcb44056f0c46cc61efde4229884,TX,48059,2,2022-11-09T01:00:00.000Z,FIPSCode,48059,0,2022-11-10T01:38:32.603Z,8,99.0,8,100.0,58549,4769,90.61,63031,442,8.4,63506,37,0.7,63505,15,0.29,5316,99,5263,10020,8,8
1668047086,2022-11-09 20:24:46 -0600,5fb867abea3b74af6f09f61b0aff7182ece83f29,TX,48059,2,2022-11-09T01:00:00.000Z,FIPSCode,48059,0,2022-11-10T01:38:32.603Z,8,99.0,8,100.0,58549,4769,90.61,63031,442,8.4,63506,37,0.7,63505,15,0.29,5316,99,5263,10020,8,8
1668047131,2022-11-09 20:25:31 -0600,d8cdd7025c7b6550a371321f9367077eb431f8ef,TX,48059,2,2022-11-09T01:00:00.000Z,FIPSCode,48059,0,2022-11-10T01:38:32.603Z,8,99.0,8,100.0,58549,4769,90.61,63031,442,8.4,63506,37,0.7,63505,15,0.29,5316,99,5263,10020,8,8
1668047172,2022-11-09 20:26:12 -0600,22623cdb3e3427e75fc63438359e3a7de6636b00,TX,48059,2,2022-11-09T01:00:00.000Z,FIPSCode,48059,0,2022-11-10T01:38:32.603Z,8,99.0,8,100.0,58549,4769,90.61,63031,442,8.4,63506,37,0.7,63505,15,0.29,5316,99,5263,10020,8,8
1668047215,2022-11-09 20:26:55 -0600,874c727af17b9ba8a6dc2c2f64f51fcc3bdb770a,TX,48059,2,2022-11-09T01:00:00.000Z,FIPSCode,48059,0,2022-11-10T01:38:32.603Z,8,99.0,8,100.0,58549,4769,90.61,63031,442,8.4,63506,37,0.7,63505,15,0.29,5316,99,5263,10020,8,8
1668047305,2022-11-09 20:28:25 -0600,7f51c85e660b8eec492deb4fe92caa64225e3d8b,TX,48059,2,2022-11-09T01:00:00.000Z,FIPSCode,48059,0,2022-11-10T02:27:52.826Z,8,99.0,8,100.0,58549,4769,90.61,63031,442,8.4,63506,37,0.7,63505,15,0.29,5316,99,5263,10020,8,8
1668047347,2022-11-09 20:29:07 -0600,6e0ded363deabfee9b50a594bdb509d2def5f6f2,TX,48059,2,2022-11-09T01:00:00.000Z,FIPSCode,48059,0,2022-11-10T02:28:48.029Z,8,99.0,8,100.0,58549,4769,90.61,63031,442,8.4,63506,37,0.7,63505,15,0.29,5316,99,5263,10020,8,8
1668047389,2022-11-09 20:29:49 -0600,851447934cabda4aeba1e602aaf8c23f9101b5e8,TX,48059,2,2022-11-09T01:00:00.000Z,FIPSCode,48059,0,2022-11-10T02:28:48.029Z,8,99.0,8,100.0,58549,4769,90.61,63031,442,8.4,63506,37,0.7,63505,15,0.29,5316,99,5263,10020,8,8
1668047433,2022-11-09 20:30:33 -0600,2c45a1b7006efadb77e75b0d4dc27993cb7af273,TX,48059,2,2022-11-09T01:00:00.000Z,FIPSCode,48059,0,2022-11-10T02:28:48.029Z,8,99.0,8,100.0,58549,4769,90.61,63031,442,8.4,63506,37,0.7,63505,15,0.29,5316,99,5263,10020,8,8
1668047475,2022-11-09 20:31:15 -0600,e6491f0497af047d2102319c8ac1137e01716ac9,TX,48059,2,2022-11-09T01:00:00.000Z,FIPSCode,48059,0,2022-11-10T02:30:52.079Z,8,99.0,8,100.0,58549,4769,90.61,63031,442,8.4,63506,37,0.7,63505,15,0.29,5316,99,5263,10020,8,8
1668047518,2022-11-09 20:31:58 -0600,aea3c6dc8b2a75206361ada6a9ea536d2a0b2cd5,TX,48059,2,2022-11-09T01:00:00.000Z,FIPSCode,48059,0,2022-11-10T02:30:52.079Z,8,99.0,8,100.0,58549,4769,90.61,63031,442,8.4,63506,37,0.7,63505,15,0.29,5316,99,5263,10020,8,8
1668047560,2022-11-09 20:32:40 -0600,948a561a76685d8b49969b692100a28dca840627,TX,48059,2,2022-11-09T01:00:00.000Z,FIPSCode,48059,0,2022-11-10T02:30:52.079Z,8,99.0,8,100.0,58549,4769,90.61,63031,442,8.4,63506,37,0.7,63505,15,0.29,5316,99,5263,10020,8,8
1668047604,2022-11-09 20:33:24 -0600,131998b646f3d8b4637cbdc429de4b4d89a0fbf5,TX,48059,2,2022-11-09T01:00:00.000Z,FIPSCode,48059,0,2022-11-10T02:30:52.079Z,8,99.0,8,100.0,58549,4769,90.61,63031,442,8.4,63506,37,0.7,63505,15,0.29,5316,99,5263,10020,8,8
1668047646,2022-11-09 20:34:06 -0600,27299ad1e40dce5077bc21a5c69aed87cc69d0c9,TX,48059,2,2022-11-09T01:00:00.000Z,FIPSCode,48059,0,2022-11-10T02:30:52.079Z,8,99.0,8,100.0,58549,4769,90.61,63031,442,8.4,63506,37,0.7,63505,15,0.29,5316,99,5263,10020,8,8
1668047689,2022-11-09 20:34:49 -0600,b6d5f71afb4dfef406da0fa83042c9a222a5fd4e,TX,48059,2,2022-11-09T01:00:00.000Z,FIPSCode,48059,0,2022-11-10T02:30:52.079Z,8,99.0,8,100.0,58549,4769,90.61,63031,442,8.4,63506,37,0.7,63505,15,0.29,5316,99,5263,10020,8,8
1668047731,2022-11-09 20:35:31 -0600,2189e84dd70525c08c597f552cdaa04b71a67a2e,TX,48059,2,2022-11-09T01:00:00.000Z,FIPSCode,48059,0,2022-11-10T02:30:52.079Z,8,99.0,8,100.0,58549,4769,90.61,63031,442,8.4,63506,37,0.7,63505,15,0.29,5316,99,5263,10020,8,8
1668047773,2022-11-09 20:36:13 -0600,e8d39aafe9e25cfc50875999ce7a7f32543ab430,TX,48059,2,2022-11-09T01:00:00.000Z,FIPSCode,48059,0,2022-11-10T02:30:52.079Z,8,99.0,8,100.0,58549,4769,90.61,63031,442,8.4,63506,37,0.7,63505,15,0.29,5316,99,5263,10020,8,8
1668047815,2022-11-09 20:36:55 -0600,1b592de8e1dc701c2133f083667e26340c416c66,TX,48059,2,2022-11-09T01:00:00.000Z,FIPSCode,48059,0,2022-11-10T02:30:52.079Z,8,99.0,8,100.0,58549,4769,90.61,63031,442,8.4,63506,37,0.7,63505,15,0.29,5316,99,5263,10020,8,8
1668047858,2022-11-09 20:37:38 -0600,6b45ca3db302a8583dfe7e69e78e186bcda9db6a,TX,48059,2,2022-11-09T01:00:00.000Z,FIPSCode,48059,0,2022-11-10T02:30:52.079Z,8,99.0,8,100.0,58549,4769,90.61,63031,442,8.4,63506,37,0.7,63505,15,0.29,5316,99,5263,10020,8,8
1668047900,2022-11-09 20:38:20 -0600,f43ded6985e388a4b7df7313155cea8961edcd7d,TX,48059,2,2022-11-09T01:00:00.000Z,FIPSCode,48059,0,2022-11-10T02:30:52.079Z,8,99.0,8,100.0,58549,4769,90.61,63031,442,8.4,63506,37,0.7,63505,15,0.29,5316,99,5263,10020,8,8
1668047944,2022-11-09 20:39:04 -0600,304c0d418c2b6119f26c977789530f3b1d6aeb45,TX,48059,2,2022-11-09T01:00:00.000Z,FIPSCode,48059,0,2022-11-10T02:30:52.079Z,8,99.0,8,100.0,58549,4769,90.61,63031,442,8.4,63506,37,0.7,63505,15,0.29,5316,99,5263,10020,8,8
1668047988,2022-11-09 20:39:48 -0600,04348e220ac62bd58e909a7429a617f053459203,TX,48059,2,2022-11-09T01:00:00.000Z,FIPSCode,48059,0,2022-11-10T02:30:52.079Z,8,99.0,8,100.0,58549,4769,90.61,63031,442,8.4,63506,37,0.7,63505,15,0.29,5316,99,5263,10020,8,8
1668048030,2022-11-09 20:40:30 -0600,8b03b15fd95c278dcbe64fe4d8ceba33f2b7fdf0,TX,48059,2,2022-11-09T01:00:00.000Z,FIPSCode,48059,0,2022-11-10T02:30:52.079Z,8,99.0,8,100.0,58549,4769,90.61,63031,442,8.4,63506,37,0.7,63505,15,0.29,5316,99,5263,10020,8,8
1668048073,2022-11-09 20:41:13 -0600,90d467d3723e2865bf3100be15c479e9131956f8,TX,48059,2,2022-11-09T01:00:00.000Z,FIPSCode,48059,0,2022-11-10T02:30:52.079Z,8,99.0,8,100.0,58549,4769,90.61,63031,442,8.4,63506,37,0.7,63505,15,0.29,5316,99,5263,10020,8,8
1668048119,2022-11-09 20:41:59 -0600,5680c91bbde6e86b1980d86ac7610e2829cf4eef,TX,48059,2,2022-11-09T01:00:00.000Z,FIPSCode,48059,0,2022-11-10T02:30:52.079Z,8,99.0,8,100.0,58549,4769,90.61,63031,442,8.4,63506,37,0.7,63505,15,0.29,5316,99,5263,10020,8,8
1668048160,2022-11-09 20:42:40 -0600,feaefce5df01192887eee2eb427f5fcf1e9e6d6f,TX,48059,2,2022-11-09T01:00:00.000Z,FIPSCode,48059,0,2022-11-10T02:30:52.079Z,8,99.0,8,100.0,58549,4769,90.61,63031,442,8.4,63506,37,0.7,63505,15,0.29,5316,99,5263,10020,8,8
1668048203,2022-11-09 20:43:23 -0600,4984eedb1487db94ad5be17749afdcf5953a7451,TX,48059,2,2022-11-09T01:00:00.000Z,FIPSCode,48059,0,2022-11-10T02:30:52.079Z,8,99.0,8,100.0,58549,4769,90.61,63031,442,8.4,63506,37,0.7,63505,15,0.29,5316,99,5263,10020,8,8
1668048244,2022-11-09 20:44:04 -0600,a97c07351df1dc2a4d632c6589f256833c66af80,TX,48059,2,2022-11-09T01:00:00.000Z,FIPSCode,48059,0,2022-11-10T02:30:52.079Z,8,99.0,8,100.0,58549,4769,90.61,63031,442,8.4,63506,37,0.7,63505,15,0.29,5316,99,5263,10020,8,8
1668048286,2022-11-09 20:44:46 -0600,63deea6582e09b45cf1c856e2eceb233f787fe0c,TX,48059,2,2022-11-09T01:00:00.000Z,FIPSCode,48059,0,2022-11-10T02:30:52.079Z,8,99.0,8,100.0,58549,4769,90.61,63031,442,8.4,63506,37,0.7,63505,15,0.29,5316,99,5263,10020,8,8
1668048329,2022-11-09 20:45:29 -0600,2506bf20c5e43b18d930ee8e52577f94c1fb131a,TX,48059,2,2022-11-09T01:00:00.000Z,FIPSCode,48059,0,2022-11-10T02:30:52.079Z,8,99.0,8,100.0,58549,4769,90.61,63031,442,8.4,63506,37,0.7,63505,15,0.29,5316,99,5263,10020,8,8
1668048372,2022-11-09 20:46:12 -0600,522c5fc4c79c5f51030b120f6443e280ddd245ca,TX,48059,2,2022-11-09T01:00:00.000Z,FIPSCode,48059,0,2022-11-10T02:30:52.079Z,8,99.0,8,100.0,58549,4769,90.61,63031,442,8.4,63506,37,0.7,63505,15,0.29,5316,99,5263,10020,8,8
1668048419,2022-11-09 20:46:59 -0600,590133e7598192dd6f8228faa83c52abbea3159b,TX,48059,2,2022-11-09T01:00:00.000Z,FIPSCode,48059,0,2022-11-10T02:30:52.079Z,8,99.0,8,100.0,58549,4769,90.61,63031,442,8.4,63506,37,0.7,63505,15,0.29,5316,99,5263,10020,8,8
1668048460,2022-11-09 20:47:40 -0600,17859ed337e255ba30c50ecfe4ee2e6b866696f0,TX,48059,2,2022-11-09T01:00:00.000Z,FIPSCode,48059,0,2022-11-10T02:30:52.079Z,8,99.0,8,100.0,58549,4769,90.61,63031,442,8.4,63506,37,0.7,63505,15,0.29,5316,99,5263,10020,8,8
1668048502,2022-11-09 20:48:22 -0600,3530dd61c35ca7391f8a9935d8e3339170f503dd,TX,48059,2,2022-11-09T01:00:00.000Z,FIPSCode,48059,0,2022-11-10T02:30:52.079Z,8,99.0,8,100.0,58549,4769,90.61,63031,442,8.4,63506,37,0.7,63505,15,0.29,5316,99,5263,10020,8,8
1668048545,2022-11-09 20:49:05 -0600,4bde5ed257cf3bebc37dbf1965245acccae0f8c2,TX,48059,2,2022-11-09T01:00:00.000Z,FIPSCode,48059,0,2022-11-10T02:30:52.079Z,8,99.0,8,100.0,58549,4769,90.61,63031,442,8.4,63506,37,0.7,63505,15,0.29,5316,99,5263,10020,8,8
1668048836,2022-11-09 20:53:56 -0600,245978502a58b1bc292c79ebd276219a5ff8753c,TX,48059,2,2022-11-09T01:00:00.000Z,FIPSCode,48059,0,2022-11-10T02:51:54.046Z,8,99.0,8,100.0,58549,4769,90.61,63031,442,8.4,63506,37,0.7,63505,15,0.29,5316,99,5263,10020,8,8
1668048877,2022-11-09 20:54:37 -0600,3e553cc7b23e1bb775090984c4f75854d182e819,TX,48059,2,2022-11-09T01:00:00.000Z,FIPSCode,48059,0,2022-11-10T02:53:32.284Z,8,99.0,8,100.0,58549,4769,90.61,63031,442,8.4,63506,37,0.7,63505,15,0.29,5316,99,5263,10020,8,8
1668048919,2022-11-09 20:55:19 -0600,8c852fb0e97c63bbf973a26f0a3e28845223046c,TX,48059,2,2022-11-09T01:00:00.000Z,FIPSCode,48059,0,2022-11-10T02:54:51.093Z,8,99.0,8,100.0,58549,4769,90.61,63031,442,8.4,63506,37,0.7,63505,15,0.29,5316,99,5263,10020,8,8
1668048961,2022-11-09 20:56:01 -0600,bd5d40aa94732baf47e4e47ab92f8860a06300cd,TX,48059,2,2022-11-09T01:00:00.000Z,FIPSCode,48059,0,2022-11-10T02:54:51.093Z,8,99.0,8,100.0,58549,4769,90.61,63031,442,8.4,63506,37,0.7,63505,15,0.29,5316,99,5263,10020,8,8
1668049003,2022-11-09 20:56:43 -0600,0b908471de49951d747d480f63184bbfe23b304a,TX,48059,2,2022-11-09T01:00:00.000Z,FIPSCode,48059,0,2022-11-10T02:54:51.093Z,8,99.0,8,100.0,58549,4769,90.61,63031,442,8.4,63506,37,0.7,63505,15,0.29,5316,99,5263,10020,8,8
1668049046,2022-11-09 20:57:26 -0600,2e7641c0a314c0e721c6a5555e22f1b221c66f29,TX,48059,2,2022-11-09T01:00:00.000Z,FIPSCode,48059,0,2022-11-10T02:54:51.093Z,8,99.0,8,100.0,58549,4769,90.61,63031,442,8.4,63506,37,0.7,63505,15,0.29,5316,99,5263,10020,8,8
1668049089,2022-11-09 20:58:09 -0600,646688d5761691759731a6891d8c7e6021a42fc8,TX,48059,2,2022-11-09T01:00:00.000Z,FIPSCode,48059,0,2022-11-10T02:54:51.093Z,8,99.0,8,100.0,58549,4769,90.61,63031,442,8.4,63506,37,0.7,63505,15,0.29,5316,99,5263,10020,8,8
1668049133,2022-11-09 20:58:53 -0600,1a9271ef07e879ae1a9e7f66095d782be187670c,TX,48059,2,2022-11-09T01:00:00.000Z,FIPSCode,48059,0,2022-11-10T02:54:51.093Z,8,99.0,8,100.0,58549,4769,90.61,63031,442,8.4,63506,37,0.7,63505,15,0.29,5316,99,5263,10020,8,8
1668049174,2022-11-09 20:59:34 -0600,f2e009167ba38c4c5df6824653a8c0c3fed8b194,TX,48059,2,2022-11-09T01:00:00.000Z,FIPSCode,48059,0,2022-11-10T02:54:51.093Z,8,99.0,8,100.0,58549,4769,90.61,63031,442,8.4,63506,37,0.7,63505,15,0.29,5316,99,5263,10020,8,8
1668049216,2022-11-09 21:00:16 -0600,1b3bc7237ef5061d214de445eef527ec0bd882ab,TX,48059,2,2022-11-09T01:00:00.000Z,FIPSCode,48059,0,2022-11-10T02:54:51.093Z,8,99.0,8,100.0,58549,4769,90.61,63031,442,8.4,63506,37,0.7,63505,15,0.29,5316,99,5263,10020,8,8
1668049258,2022-11-09 21:00:58 -0600,992acc8882386808510426dfdb31629a8b2c2464,TX,48059,2,2022-11-09T01:00:00.000Z,FIPSCode,48059,0,2022-11-10T02:54:51.093Z,8,99.0,8,100.0,58549,4769,90.61,63031,442,8.4,63506,37,0.7,63505,15,0.29,5316,99,5263,10020,8,8
1668049302,2022-11-09 21:01:42 -0600,9600e30427bb846b62d6d2095eb9b7d0af44754d,TX,48059,2,2022-11-09T01:00:00.000Z,FIPSCode,48059,0,2022-11-10T02:54:51.093Z,8,99.0,8,100.0,58549,4769,90.61,63031,442,8.4,63506,37,0.7,63505,15,0.29,5316,99,5263,10020,8,8
1668049344,2022-11-09 21:02:24 -0600,3c3b9a225d55f121a6500c16f7370cc51e64f8d1,TX,48059,2,2022-11-09T01:00:00.000Z,FIPSCode,48059,0,2022-11-10T02:54:51.093Z,8,99.0,8,100.0,58549,4769,90.61,63031,442,8.4,63506,37,0.7,63505,15,0.29,5316,99,5263,10020,8,8
1668049387,2022-11-09 21:03:07 -0600,89aeecd39fe47dba2a6f81615ec8a7a12a6c9a4d,TX,48059,2,2022-11-09T01:00:00.000Z,FIPSCode,48059,0,2022-11-10T02:54:51.093Z,8,99.0,8,100.0,58549,4769,90.61,63031,442,8.4,63506,37,0.7,63505,15,0.29,5316,99,5263,10020,8,8
1668049429,2022-11-09 21:03:49 -0600,df51c80d820e365c9ccb9068d4ba4da256edce71,TX,48059,2,2022-11-09T01:00:00.000Z,FIPSCode,48059,0,2022-11-10T02:54:51.093Z,8,99.0,8,100.0,58549,4769,90.61,63031,442,8.4,63506,37,0.7,63505,15,0.29,5316,99,5263,10020,8,8
1668049474,2022-11-09 21:04:34 -0600,b648ce8f7cae9daab8e76e252cc70dc8c229445b,TX,48059,2,2022-11-09T01:00:00.000Z,FIPSCode,48059,0,2022-11-10T02:54:51.093Z,8,99.0,8,100.0,58549,4769,90.61,63031,442,8.4,63506,37,0.7,63505,15,0.29,5316,99,5263,10020,8,8
1668049517,2022-11-09 21:05:17 -0600,2e06a15c2650fae9611beac895623301412c5941,TX,48059,2,2022-11-09T01:00:00.000Z,FIPSCode,48059,0,2022-11-10T02:54:51.093Z,8,99.0,8,100.0,58549,4769,90.61,63031,442,8.4,63506,37,0.7,63505,15,0.29,5316,99,5263,10020,8,8
1668049560,2022-11-09 21:06:00 -0600,8e18c76d3297eb66b076553ed6502502e2f2d513,TX,48059,2,2022-11-09T01:00:00.000Z,FIPSCode,48059,0,2022-11-10T02:54:51.093Z,8,99.0,8,100.0,58549,4769,90.61,63031,442,8.4,63506,37,0.7,63505,15,0.29,5316,99,5263,10020,8,8
1668049605,2022-11-09 21:06:45 -0600,103fb0e20f256f758b722b90d261ca8264ea5f80,TX,48059,2,2022-11-09T01:00:00.000Z,FIPSCode,48059,0,2022-11-10T02:54:51.093Z,8,99.0,8,100.0,58549,4769,90.61,63031,442,8.4,63506,37,0.7,63505,15,0.29,5316,99,5263,10020,8,8
1668049648,2022-11-09 21:07:28 -0600,736260f6e394f103b7826e8324e88ca5d0899be2,TX,48059,2,2022-11-09T01:00:00.000Z,FIPSCode,48059,0,2022-11-10T02:54:51.093Z,8,99.0,8,100.0,58549,4769,90.61,63031,442,8.4,63506,37,0.7,63505,15,0.29,5316,99,5263,10020,8,8
1668049692,2022-11-09 21:08:12 -0600,f0f956dc4baebdacd112bd6cc74c20e4d1ff0e95,TX,48059,2,2022-11-09T01:00:00.000Z,FIPSCode,48059,0,2022-11-10T02:54:51.093Z,8,99.0,8,100.0,58549,4769,90.61,63031,442,8.4,63506,37,0.7,63505,15,0.29,5316,99,5263,10020,8,8
1668049736,2022-11-09 21:08:56 -0600,7068a19d6246112b9658f704c21282e7182b624c,TX,48059,2,2022-11-09T01:00:00.000Z,FIPSCode,48059,0,2022-11-10T02:54:51.093Z,8,99.0,8,100.0,58549,4769,90.61,63031,442,8.4,63506,37,0.7,63505,15,0.29,5316,99,5263,10020,8,8
1668049784,2022-11-09 21:09:44 -0600,e9706417fba08f74c308eb9d0182413ba23da03d,TX,48059,2,2022-11-09T01:00:00.000Z,FIPSCode,48059,0,2022-11-10T02:54:51.093Z,8,99.0,8,100.0,58549,4769,90.61,63031,442,8.4,63506,37,0.7,63505,15,0.29,5316,99,5263,10020,8,8
1668049828,2022-11-09 21:10:28 -0600,931a82d88fc02659900459340c8bce8785209c37,TX,48059,2,2022-11-09T01:00:00.000Z,FIPSCode,48059,0,2022-11-10T02:54:51.093Z,8,99.0,8,100.0,58549,4769,90.61,63031,442,8.4,63506,37,0.7,63505,15,0.29,5316,99,5263,10020,8,8
1668049872,2022-11-09 21:11:12 -0600,7bf7150b0cf6ce2f84c4388ea20973deff835f89,TX,48059,2,2022-11-09T01:00:00.000Z,FIPSCode,48059,0,2022-11-10T02:54:51.093Z,8,99.0,8,100.0,58549,4769,90.61,63031,442,8.4,63506,37,0.7,63505,15,0.29,5316,99,5263,10020,8,8
1668049999,2022-11-09 21:13:19 -0600,3ea693c4e2cfff32694d3225cb409ac7873dde48,TX,48059,2,2022-11-09T01:00:00.000Z,FIPSCode,48059,0,2022-11-10T02:54:51.093Z,8,99.0,8,100.0,58549,4769,90.61,63031,442,8.4,63506,37,0.7,63505,15,0.29,5316,99,5263,10020,8,8
1668050042,2022-11-09 21:14:02 -0600,c7180485fd5d01459e6fd9b725d3084a98f584af,TX,48059,2,2022-11-09T01:00:00.000Z,FIPSCode,48059,0,2022-11-10T02:54:51.093Z,8,99.0,8,100.0,58549,4769,90.61,63031,442,8.4,63506,37,0.7,63505,15,0.29,5316,99,5263,10020,8,8
1668050083,2022-11-09 21:14:43 -0600,6b1e3c4da017b297ecad33828f1cbe15b2c1945f,TX,48059,2,2022-11-09T01:00:00.000Z,FIPSCode,48059,0,2022-11-10T02:54:51.093Z,8,99.0,8,100.0,58549,4769,90.61,63031,442,8.4,63506,37,0.7,63505,15,0.29,5316,99,5263,10020,8,8
1668050127,2022-11-09 21:15:27 -0600,23948b6f3850b0fded8dbcce268fb1d6631325b0,TX,48059,2,2022-11-09T01:00:00.000Z,FIPSCode,48059,0,2022-11-10T02:54:51.093Z,8,99.0,8,100.0,58549,4769,90.61,63031,442,8.4,63506,37,0.7,63505,15,0.29,5316,99,5263,10020,8,8
1668050170,2022-11-09 21:16:10 -0600,f27a08527fef6503702572302c84f915e34224c0,TX,48059,2,2022-11-09T01:00:00.000Z,FIPSCode,48059,0,2022-11-10T02:54:51.093Z,8,99.0,8,100.0,58549,4769,90.61,63031,442,8.4,63506,37,0.7,63505,15,0.29,5316,99,5263,10020,8,8
1668050213,2022-11-09 21:16:53 -0600,e0e023917405ad36ec4b6ed6ca8dd4c20a57843a,TX,48059,2,2022-11-09T01:00:00.000Z,FIPSCode,48059,0,2022-11-10T02:54:51.093Z,8,99.0,8,100.0,58549,4769,90.61,63031,442,8.4,63506,37,0.7,63505,15,0.29,5316,99,5263,10020,8,8
1668050255,2022-11-09 21:17:35 -0600,93f8da46f2d5faab4e80ce66f050b418c6adb3d3,TX,48059,2,2022-11-09T01:00:00.000Z,FIPSCode,48059,0,2022-11-10T02:54:51.093Z,8,99.0,8,100.0,58549,4769,90.61,63031,442,8.4,63506,37,0.7,63505,15,0.29,5316,99,5263,10020,8,8
1668050299,2022-11-09 21:18:19 -0600,00704aa34cf7c098be852afae59b8e3ff38cb55f,TX,48059,2,2022-11-09T01:00:00.000Z,FIPSCode,48059,0,2022-11-10T02:54:51.093Z,8,99.0,8,100.0,58549,4769,90.61,63031,442,8.4,63506,37,0.7,63505,15,0.29,5316,99,5263,10020,8,8
1668050341,2022-11-09 21:19:01 -0600,2de22de46b7f3f07aceef43f4de6ae6088a95cbb,TX,48059,2,2022-11-09T01:00:00.000Z,FIPSCode,48059,0,2022-11-10T02:54:51.093Z,8,99.0,8,100.0,58549,4769,90.61,63031,442,8.4,63506,37,0.7,63505,15,0.29,5316,99,5263,10020,8,8
1668050384,2022-11-09 21:19:44 -0600,6cac59f89a6a1535f1ce75a0ae9f130534b59bae,TX,48059,2,2022-11-09T01:00:00.000Z,FIPSCode,48059,0,2022-11-10T02:54:51.093Z,8,99.0,8,100.0,58549,4769,90.61,63031,442,8.4,63506,37,0.7,63505,15,0.29,5316,99,5263,10020,8,8
1668050426,2022-11-09 21:20:26 -0600,9e83feb32f277391385c518389198ce31d4252b8,TX,48059,2,2022-11-09T01:00:00.000Z,FIPSCode,48059,0,2022-11-10T02:54:51.093Z,8,99.0,8,100.0,58549,4769,90.61,63031,442,8.4,63506,37,0.7,63505,15,0.29,5316,99,5263,10020,8,8
1668050467,2022-11-09 21:21:07 -0600,132ac9a1ba61f2ec088fe4903626e9865bcfcf1b,TX,48059,2,2022-11-09T01:00:00.000Z,FIPSCode,48059,0,2022-11-10T02:54:51.093Z,8,99.0,8,100.0,58549,4769,90.61,63031,442,8.4,63506,37,0.7,63505,15,0.29,5316,99,5263,10020,8,8
1668050510,2022-11-09 21:21:50 -0600,4b87d9808791398aa412bf7b329bc463df42d059,TX,48059,2,2022-11-09T01:00:00.000Z,FIPSCode,48059,0,2022-11-10T02:54:51.093Z,8,99.0,8,100.0,58549,4769,90.61,63031,442,8.4,63506,37,0.7,63505,15,0.29,5316,99,5263,10020,8,8
1668050552,2022-11-09 21:22:32 -0600,079f96258d046ee1a6f9fdd8f0db927badd2caeb,TX,48059,2,2022-11-09T01:00:00.000Z,FIPSCode,48059,0,2022-11-10T02:54:51.093Z,8,99.0,8,100.0,58549,4769,90.61,63031,442,8.4,63506,37,0.7,63505,15,0.29,5316,99,5263,10020,8,8
1668050595,2022-11-09 21:23:15 -0600,e1610b83277da512911c1dadffbc2c5f15c68be3,TX,48059,2,2022-11-09T01:00:00.000Z,FIPSCode,48059,0,2022-11-10T02:54:51.093Z,8,99.0,8,100.0,58549,4769,90.61,63031,442,8.4,63506,37,0.7,63505,15,0.29,5316,99,5263,10020,8,8
1668050638,2022-11-09 21:23:58 -0600,494d10442ede3282a3fe79abd5915efec97c956d,TX,48059,2,2022-11-09T01:00:00.000Z,FIPSCode,48059,0,2022-11-10T02:54:51.093Z,8,99.0,8,100.0,58549,4769,90.61,63031,442,8.4,63506,37,0.7,63505,15,0.29,5316,99,5263,10020,8,8
1668050680,2022-11-09 21:24:40 -0600,f486460e5469d4ee8fdc4d2f5854755efb4adb7c,TX,48059,2,2022-11-09T01:00:00.000Z,FIPSCode,48059,0,2022-11-10T02:54:51.093Z,8,99.0,8,100.0,58549,4769,90.61,63031,442,8.4,63506,37,0.7,63505,15,0.29,5316,99,5263,10020,8,8
1668050724,2022-11-09 21:25:24 -0600,389e85baf3e070c80673b2bb61c7d96ef780e900,TX,48059,2,2022-11-09T01:00:00.000Z,FIPSCode,48059,0,2022-11-10T02:54:51.093Z,8,99.0,8,100.0,58549,4769,90.61,63031,442,8.4,63506,37,0.7,63505,15,0.29,5316,99,5263,10020,8,8
1668050765,2022-11-09 21:26:05 -0600,3be842ff9a1c6a0da480fa8a971076b19896baf2,TX,48059,2,2022-11-09T01:00:00.000Z,FIPSCode,48059,0,2022-11-10T02:54:51.093Z,8,99.0,8,100.0,58549,4769,90.61,63031,442,8.4,63506,37,0.7,63505,15,0.29,5316,99,5263,10020,8,8
1668050807,2022-11-09 21:26:47 -0600,6e5f83ab69864227eae1948ce6aeacf04940b974,TX,48059,2,2022-11-09T01:00:00.000Z,FIPSCode,48059,0,2022-11-10T02:54:51.093Z,8,99.0,8,100.0,58549,4769,90.61,63031,442,8.4,63506,37,0.7,63505,15,0.29,5316,99,5263,10020,8,8
1668050850,2022-11-09 21:27:30 -0600,02c8adf85c6b6026925d4538c217e1c151bde581,TX,48059,2,2022-11-09T01:00:00.000Z,FIPSCode,48059,0,2022-11-10T02:54:51.093Z,8,99.0,8,100.0,58549,4769,90.61,63031,442,8.4,63506,37,0.7,63505,15,0.29,5316,99,5263,10020,8,8
1668050892,2022-11-09 21:28:12 -0600,ad2a092499c86c1d30cfaf2dbd125c58125cb58f,TX,48059,2,2022-11-09T01:00:00.000Z,FIPSCode,48059,0,2022-11-10T02:54:51.093Z,8,99.0,8,100.0,58549,4769,90.61,63031,442,8.4,63506,37,0.7,63505,15,0.29,5316,99,5263,10020,8,8
1668050933,2022-11-09 21:28:53 -0600,0628d9c341bf59d47af0cf42204a2799fe85af97,TX,48059,2,2022-11-09T01:00:00.000Z,FIPSCode,48059,0,2022-11-10T02:54:51.093Z,8,99.0,8,100.0,58549,4769,90.61,63031,442,8.4,63506,37,0.7,63505,15,0.29,5316,99,5263,10020,8,8
1668051062,2022-11-09 21:31:02 -0600,d949fc7d1d635b1d2a35440cc531109d411da97b,TX,48059,2,2022-11-09T01:00:00.000Z,FIPSCode,48059,0,2022-11-10T02:54:51.093Z,8,99.0,8,100.0,58549,4769,90.61,63031,442,8.4,63506,37,0.7,63505,15,0.29,5316,99,5263,10020,8,8
1668051103,2022-11-09 21:31:43 -0600,7858ef1994c4eb1ab42d89714710220523b8abcb,TX,48059,2,2022-11-09T01:00:00.000Z,FIPSCode,48059,0,2022-11-10T02:54:51.093Z,8,99.0,8,100.0,58549,4769,90.61,63031,442,8.4,63506,37,0.7,63505,15,0.29,5316,99,5263,10020,8,8
1668051144,2022-11-09 21:32:24 -0600,8aa5fca8eb324c3c4d0028f71c3430f6ba0e251a,TX,48059,2,2022-11-09T01:00:00.000Z,FIPSCode,48059,0,2022-11-10T02:54:51.093Z,8,99.0,8,100.0,58549,4769,90.61,63031,442,8.4,63506,37,0.7,63505,15,0.29,5316,99,5263,10020,8,8
1668051187,2022-11-09 21:33:07 -0600,d5e5f4111f9c62d623677f8ebf655ca2cdc20186,TX,48059,2,2022-11-09T01:00:00.000Z,FIPSCode,48059,0,2022-11-10T02:54:51.093Z,8,99.0,8,100.0,58549,4769,90.61,63031,442,8.4,63506,37,0.7,63505,15,0.29,5316,99,5263,10020,8,8
1668051229,2022-11-09 21:33:49 -0600,219546eccc08c05d383d9c726f1fc144ca57d2fd,TX,48059,2,2022-11-09T01:00:00.000Z,FIPSCode,48059,0,2022-11-10T02:54:51.093Z,8,99.0,8,100.0,58549,4769,90.61,63031,442,8.4,63506,37,0.7,63505,15,0.29,5316,99,5263,10020,8,8
1668051271,2022-11-09 21:34:31 -0600,bd927cb6299656d05f9c8a8e2467fdb2e0a92cdd,TX,48059,2,2022-11-09T01:00:00.000Z,FIPSCode,48059,0,2022-11-10T02:54:51.093Z,8,99.0,8,100.0,58549,4769,90.61,63031,442,8.4,63506,37,0.7,63505,15,0.29,5316,99,5263,10020,8,8
1668051313,2022-11-09 21:35:13 -0600,49df2d6fd9e1e9d7c07f91f75c9f87a3d86d7044,TX,48059,2,2022-11-09T01:00:00.000Z,FIPSCode,48059,0,2022-11-10T02:54:51.093Z,8,99.0,8,100.0,58549,4769,90.61,63031,442,8.4,63506,37,0.7,63505,15,0.29,5316,99,5263,10020,8,8
1668051356,2022-11-09 21:35:56 -0600,4fba278bcdce8de77b3b004ba8455a85081e77d3,TX,48059,2,2022-11-09T01:00:00.000Z,FIPSCode,48059,0,2022-11-10T02:54:51.093Z,8,99.0,8,100.0,58549,4769,90.61,63031,442,8.4,63506,37,0.7,63505,15,0.29,5316,99,5263,10020,8,8
1668051396,2022-11-09 21:36:36 -0600,ff38119325716b9369723280cdf546b47fa89dac,TX,48059,2,2022-11-09T01:00:00.000Z,FIPSCode,48059,0,2022-11-10T02:54:51.093Z,8,99.0,8,100.0,58549,4769,90.61,63031,442,8.4,63506,37,0.7,63505,15,0.29,5316,99,5263,10020,8,8
1668051440,2022-11-09 21:37:20 -0600,28179e5340f5c07f2f42803f1d8ea393a163da5d,TX,48059,2,2022-11-09T01:00:00.000Z,FIPSCode,48059,0,2022-11-10T02:54:51.093Z,8,99.0,8,100.0,58549,4769,90.61,63031,442,8.4,63506,37,0.7,63505,15,0.29,5316,99,5263,10020,8,8
1668051650,2022-11-09 21:40:50 -0600,c7b9ee2d80e70632ef0d958c0ee98820b1430edc,TX,48059,2,2022-11-09T01:00:00.000Z,FIPSCode,48059,0,2022-11-10T02:54:51.093Z,8,99.0,8,100.0,58549,4769,90.61,63031,442,8.4,63506,37,0.7,63505,15,0.29,5316,99,5263,10020,8,8
1668051692,2022-11-09 21:41:32 -0600,53163250d8d710f5359e43f73d7986343ce40844,TX,48059,2,2022-11-09T01:00:00.000Z,FIPSCode,48059,0,2022-11-10T02:54:51.093Z,8,99.0,8,100.0,58549,4769,90.61,63031,442,8.4,63506,37,0.7,63505,15,0.29,5316,99,5263,10020,8,8
1668051777,2022-11-09 21:42:57 -0600,221b2844647187af0c3180dc93e7bcbcc7611026,TX,48059,2,2022-11-09T01:00:00.000Z,FIPSCode,48059,0,2022-11-10T02:54:51.093Z,8,99.0,8,100.0,58549,4769,90.61,63031,442,8.4,63506,37,0.7,63505,15,0.29,5316,99,5263,10020,8,8
1668051821,2022-11-09 21:43:41 -0600,1701548acb58e29421a176054d461d01184074cc,TX,48059,2,2022-11-09T01:00:00.000Z,FIPSCode,48059,0,2022-11-10T02:54:51.093Z,8,99.0,8,100.0,58549,4769,90.61,63031,442,8.4,63506,37,0.7,63505,15,0.29,5316,99,5263,10020,8,8
1668051863,2022-11-09 21:44:23 -0600,bdf4352d77d4aac9d3184d1eeacf5dfc1a6bfa3b,TX,48059,2,2022-11-09T01:00:00.000Z,FIPSCode,48059,0,2022-11-10T02:54:51.093Z,8,99.0,8,100.0,58549,4769,90.61,63031,442,8.4,63506,37,0.7,63505,15,0.29,5316,99,5263,10020,8,8
1668051905,2022-11-09 21:45:05 -0600,84cca9b56ac937fb8469eed3b1a8eac05140d677,TX,48059,2,2022-11-09T01:00:00.000Z,FIPSCode,48059,0,2022-11-10T02:54:51.093Z,8,99.0,8,100.0,58549,4769,90.61,63031,442,8.4,63506,37,0.7,63505,15,0.29,5316,99,5263,10020,8,8
1668051948,2022-11-09 21:45:48 -0600,08feb2c37be56027d725e14cac6625cfb3fb2b16,TX,48059,2,2022-11-09T01:00:00.000Z,FIPSCode,48059,0,2022-11-10T02:54:51.093Z,8,99.0,8,100.0,58549,4769,90.61,63031,442,8.4,63506,37,0.7,63505,15,0.29,5316,99,5263,10020,8,8
1668051992,2022-11-09 21:46:32 -0600,5a12b23f3535c9e7b9b706b1e6697ed40efed824,TX,48059,2,2022-11-09T01:00:00.000Z,FIPSCode,48059,0,2022-11-10T02:54:51.093Z,8,99.0,8,100.0,58549,4769,90.61,63031,442,8.4,63506,37,0.7,63505,15,0.29,5316,99,5263,10020,8,8
1668052035,2022-11-09 21:47:15 -0600,cb4525620204a6b71bd5ab5ecd18b0a0df8b812f,TX,48059,2,2022-11-09T01:00:00.000Z,FIPSCode,48059,0,2022-11-10T02:54:51.093Z,8,99.0,8,100.0,58549,4769,90.61,63031,442,8.4,63506,37,0.7,63505,15,0.29,5316,99,5263,10020,8,8
1668052076,2022-11-09 21:47:56 -0600,6f6668ccfb10774ef70c0c8c52d6f6be2508dd6a,TX,48059,2,2022-11-09T01:00:00.000Z,FIPSCode,48059,0,2022-11-10T02:54:51.093Z,8,99.0,8,100.0,58549,4769,90.61,63031,442,8.4,63506,37,0.7,63505,15,0.29,5316,99,5263,10020,8,8
1668052118,2022-11-09 21:48:38 -0600,780f8731d624c24aa39c2cc2427a06c61a11a4b7,TX,48059,2,2022-11-09T01:00:00.000Z,FIPSCode,48059,0,2022-11-10T02:54:51.093Z,8,99.0,8,100.0,58549,4769,90.61,63031,442,8.4,63506,37,0.7,63505,15,0.29,5316,99,5263,10020,8,8
1668052160,2022-11-09 21:49:20 -0600,2b67b6df6d30104ee2d523bc8b233119877eb116,TX,48059,2,2022-11-09T01:00:00.000Z,FIPSCode,48059,0,2022-11-10T02:54:51.093Z,8,99.0,8,100.0,58549,4769,90.61,63031,442,8.4,63506,37,0.7,63505,15,0.29,5316,99,5263,10020,8,8
1668052412,2022-11-09 21:53:32 -0600,1a31a17191e4856dfcf920225465400700950540,TX,48059,2,2022-11-09T01:00:00.000Z,FIPSCode,48059,0,2022-11-10T02:54:51.093Z,8,99.0,8,100.0,58549,4769,90.61,63031,442,8.4,63506,37,0.7,63505,15,0.29,5316,99,5263,10020,8,8
1668052454,2022-11-09 21:54:14 -0600,b44f977f861c18a0e7f0877d63881e22680ed722,TX,48059,2,2022-11-09T01:00:00.000Z,FIPSCode,48059,0,2022-11-10T02:54:51.093Z,8,99.0,8,100.0,58549,4769,90.61,63031,442,8.4,63506,37,0.7,63505,15,0.29,5316,99,5263,10020,8,8
1668052497,2022-11-09 21:54:57 -0600,82bf599f47df2571958e22a5e4c31b84b2dfe873,TX,48059,2,2022-11-09T01:00:00.000Z,FIPSCode,48059,0,2022-11-10T02:54:51.093Z,8,99.0,8,100.0,58549,4769,90.61,63031,442,8.4,63506,37,0.7,63505,15,0.29,5316,99,5263,10020,8,8
1668052539,2022-11-09 21:55:39 -0600,f19ce05cf6c64ed24c154b044df9c4f396fc4e25,TX,48059,2,2022-11-09T01:00:00.000Z,FIPSCode,48059,0,2022-11-10T02:54:51.093Z,8,99.0,8,100.0,58549,4769,90.61,63031,442,8.4,63506,37,0.7,63505,15,0.29,5316,99,5263,10020,8,8
1668052582,2022-11-09 21:56:22 -0600,7b8f8a247d94e88c2f2afe818788077d5ff21c4c,TX,48059,2,2022-11-09T01:00:00.000Z,FIPSCode,48059,0,2022-11-10T02:54:51.093Z,8,99.0,8,100.0,58549,4769,90.61,63031,442,8.4,63506,37,0.7,63505,15,0.29,5316,99,5263,10020,8,8
1668052624,2022-11-09 21:57:04 -0600,b32d59bbbb72728d6171677516568310e95a02ec,TX,48059,2,2022-11-09T01:00:00.000Z,FIPSCode,48059,0,2022-11-10T02:54:51.093Z,8,99.0,8,100.0,58549,4769,90.61,63031,442,8.4,63506,37,0.7,63505,15,0.29,5316,99,5263,10020,8,8
1668052667,2022-11-09 21:57:47 -0600,f3bd62b1837ea501861bd389b99f0ac5b69366de,TX,48059,2,2022-11-09T01:00:00.000Z,FIPSCode,48059,0,2022-11-10T02:54:51.093Z,8,99.0,8,100.0,58549,4769,90.61,63031,442,8.4,63506,37,0.7,63505,15,0.29,5316,99,5263,10020,8,8
1668052709,2022-11-09 21:58:29 -0600,9f9b4dca36bc1b358845aefd08336bace15f379f,TX,48059,2,2022-11-09T01:00:00.000Z,FIPSCode,48059,0,2022-11-10T02:54:51.093Z,8,99.0,8,100.0,58549,4769,90.61,63031,442,8.4,63506,37,0.7,63505,15,0.29,5316,99,5263,10020,8,8
1668052751,2022-11-09 21:59:11 -0600,2ecb8d788fcd485e38ba67f99598c7855a16e8f4,TX,48059,2,2022-11-09T01:00:00.000Z,FIPSCode,48059,0,2022-11-10T02:54:51.093Z,8,99.0,8,100.0,58549,4769,90.61,63031,442,8.4,63506,37,0.7,63505,15,0.29,5316,99,5263,10020,8,8
1668052792,2022-11-09 21:59:52 -0600,f35b155ec70190f042d49820b66e6ed0e6b1dede,TX,48059,2,2022-11-09T01:00:00.000Z,FIPSCode,48059,0,2022-11-10T02:54:51.093Z,8,99.0,8,100.0,58549,4769,90.61,63031,442,8.4,63506,37,0.7,63505,15,0.29,5316,99,5263,10020,8,8
1668052842,2022-11-09 22:00:42 -0600,58dfcb30e7f1fcd052812ae8a48d39f6f43899d3,TX,48059,2,2022-11-09T01:00:00.000Z,FIPSCode,48059,0,2022-11-10T02:54:51.093Z,8,99.0,8,100.0,58549,4769,90.61,63031,442,8.4,63506,37,0.7,63505,15,0.29,5316,99,5263,10020,8,8
1668052882,2022-11-09 22:01:22 -0600,f1e8100dcb0c919c38d41ccee1fafeaba2cbed30,TX,48059,2,2022-11-09T01:00:00.000Z,FIPSCode,48059,0,2022-11-10T02:54:51.093Z,8,99.0,8,100.0,58549,4769,90.61,63031,442,8.4,63506,37,0.7,63505,15,0.29,5316,99,5263,10020,8,8
1668052924,2022-11-09 22:02:04 -0600,809a77d4ed00214c18a1ae6baabd678515ce4b92,TX,48059,2,2022-11-09T01:00:00.000Z,FIPSCode,48059,0,2022-11-10T02:54:51.093Z,8,99.0,8,100.0,58549,4769,90.61,63031,442,8.4,63506,37,0.7,63505,15,0.29,5316,99,5263,10020,8,8
1668052965,2022-11-09 22:02:45 -0600,75f2b7ffea703bf7d2961030bbc3dde0715eae83,TX,48059,2,2022-11-09T01:00:00.000Z,FIPSCode,48059,0,2022-11-10T02:54:51.093Z,8,99.0,8,100.0,58549,4769,90.61,63031,442,8.4,63506,37,0.7,63505,15,0.29,5316,99,5263,10020,8,8
1668053007,2022-11-09 22:03:27 -0600,4aaec0bfa49fcc62ee66b9d1498654c831eac762,TX,48059,2,2022-11-09T01:00:00.000Z,FIPSCode,48059,0,2022-11-10T02:54:51.093Z,8,99.0,8,100.0,58549,4769,90.61,63031,442,8.4,63506,37,0.7,63505,15,0.29,5316,99,5263,10020,8,8
1668053048,2022-11-09 22:04:08 -0600,bcf5b6c82362f281abba2676ff95e3498aa1e008,TX,48059,2,2022-11-09T01:00:00.000Z,FIPSCode,48059,0,2022-11-10T02:54:51.093Z,8,99.0,8,100.0,58549,4769,90.61,63031,442,8.4,63506,37,0.7,63505,15,0.29,5316,99,5263,10020,8,8
1668053090,2022-11-09 22:04:50 -0600,d3a51d1c089ccb6bd3f8694967654e9c635008b5,TX,48059,2,2022-11-09T01:00:00.000Z,FIPSCode,48059,0,2022-11-10T02:54:51.093Z,8,99.0,8,100.0,58549,4769,90.61,63031,442,8.4,63506,37,0.7,63505,15,0.29,5316,99,5263,10020,8,8
1668053131,2022-11-09 22:05:31 -0600,2403654c1d81fac433391adea01b1b8c100ae9ea,TX,48059,2,2022-11-09T01:00:00.000Z,FIPSCode,48059,0,2022-11-10T02:54:51.093Z,8,99.0,8,100.0,58549,4769,90.61,63031,442,8.4,63506,37,0.7,63505,15,0.29,5316,99,5263,10020,8,8
1668053173,2022-11-09 22:06:13 -0600,fc8546ca7bf9f4b926801e8858ebea96a414cee7,TX,48059,2,2022-11-09T01:00:00.000Z,FIPSCode,48059,0,2022-11-10T02:54:51.093Z,8,99.0,8,100.0,58549,4769,90.61,63031,442,8.4,63506,37,0.7,63505,15,0.29,5316,99,5263,10020,8,8
1668053216,2022-11-09 22:06:56 -0600,6110bd128cd401481c07bc7b795da7b131a1d4de,TX,48059,2,2022-11-09T01:00:00.000Z,FIPSCode,48059,0,2022-11-10T02:54:51.093Z,8,99.0,8,100.0,58549,4769,90.61,63031,442,8.4,63506,37,0.7,63505,15,0.29,5316,99,5263,10020,8,8
1668053256,2022-11-09 22:07:36 -0600,6e527dec35d982d3ead211113aa9b05a8a1ebeeb,TX,48059,2,2022-11-09T01:00:00.000Z,FIPSCode,48059,0,2022-11-10T02:54:51.093Z,8,99.0,8,100.0,58549,4769,90.61,63031,442,8.4,63506,37,0.7,63505,15,0.29,5316,99,5263,10020,8,8
1668053298,2022-11-09 22:08:18 -0600,d775a9a3940b60282e9b32c5e861b9a2bdf9ff95,TX,48059,2,2022-11-09T01:00:00.000Z,FIPSCode,48059,0,2022-11-10T02:54:51.093Z,8,99.0,8,100.0,58549,4769,90.61,63031,442,8.4,63506,37,0.7,63505,15,0.29,5316,99,5263,10020,8,8
1668053340,2022-11-09 22:09:00 -0600,11526b3e7ae5ac94d1ca58a97ee773f4d8a3ad3f,TX,48059,2,2022-11-09T01:00:00.000Z,FIPSCode,48059,0,2022-11-10T02:54:51.093Z,8,99.0,8,100.0,58549,4769,90.61,63031,442,8.4,63506,37,0.7,63505,15,0.29,5316,99,5263,10020,8,8
1668053381,2022-11-09 22:09:41 -0600,ec07021a4cad68c829386f506a0efeeaf3370cc8,TX,48059,2,2022-11-09T01:00:00.000Z,FIPSCode,48059,0,2022-11-10T02:54:51.093Z,8,99.0,8,100.0,58549,4769,90.61,63031,442,8.4,63506,37,0.7,63505,15,0.29,5316,99,5263,10020,8,8
1668053422,2022-11-09 22:10:22 -0600,ceaf7fcf052490bcc6324f28cac0a02fa33f2138,TX,48059,2,2022-11-09T01:00:00.000Z,FIPSCode,48059,0,2022-11-10T02:54:51.093Z,8,99.0,8,100.0,58549,4769,90.61,63031,442,8.4,63506,37,0.7,63505,15,0.29,5316,99,5263,10020,8,8
1668053464,2022-11-09 22:11:04 -0600,e0fc780cebab40390e3aa3688ed28d6b793ef279,TX,48059,2,2022-11-09T01:00:00.000Z,FIPSCode,48059,0,2022-11-10T02:54:51.093Z,8,99.0,8,100.0,58549,4769,90.61,63031,442,8.4,63506,37,0.7,63505,15,0.29,5316,99,5263,10020,8,8
1668053506,2022-11-09 22:11:46 -0600,416bdc54c1b9324d33dff588831dd546b7d02d40,TX,48059,2,2022-11-09T01:00:00.000Z,FIPSCode,48059,0,2022-11-10T02:54:51.093Z,8,99.0,8,100.0,58549,4769,90.61,63031,442,8.4,63506,37,0.7,63505,15,0.29,5316,99,5263,10020,8,8
1668053546,2022-11-09 22:12:26 -0600,56afab0929a9c6136c2a203071be066204ccd28e,TX,48059,2,2022-11-09T01:00:00.000Z,FIPSCode,48059,0,2022-11-10T02:54:51.093Z,8,99.0,8,100.0,58549,4769,90.61,63031,442,8.4,63506,37,0.7,63505,15,0.29,5316,99,5263,10020,8,8
1668053590,2022-11-09 22:13:10 -0600,9b5d31733444aec3e73758aa5e9ff41bec7a310e,TX,48059,2,2022-11-09T01:00:00.000Z,FIPSCode,48059,0,2022-11-10T02:54:51.093Z,8,99.0,8,100.0,58549,4769,90.61,63031,442,8.4,63506,37,0.7,63505,15,0.29,5316,99,5263,10020,8,8
1668053630,2022-11-09 22:13:50 -0600,06657409b3f522256d8a6a77b1857db749c6d097,TX,48059,2,2022-11-09T01:00:00.000Z,FIPSCode,48059,0,2022-11-10T02:54:51.093Z,8,99.0,8,100.0,58549,4769,90.61,63031,442,8.4,63506,37,0.7,63505,15,0.29,5316,99,5263,10020,8,8
1668053673,2022-11-09 22:14:33 -0600,0046f5a0c2285ab69b14c94461bd12bfe2f793ee,TX,48059,2,2022-11-09T01:00:00.000Z,FIPSCode,48059,0,2022-11-10T02:54:51.093Z,8,99.0,8,100.0,58549,4769,90.61,63031,442,8.4,63506,37,0.7,63505,15,0.29,5316,99,5263,10020,8,8
1668053713,2022-11-09 22:15:13 -0600,46ff1b19ac6764a2db16102cdbc0e75cec64f16a,TX,48059,2,2022-11-09T01:00:00.000Z,FIPSCode,48059,0,2022-11-10T02:54:51.093Z,8,99.0,8,100.0,58549,4769,90.61,63031,442,8.4,63506,37,0.7,63505,15,0.29,5316,99,5263,10020,8,8
1668053755,2022-11-09 22:15:55 -0600,166b0e27572b1b3b4254758e7ba8ad39e73d4dc6,TX,48059,2,2022-11-09T01:00:00.000Z,FIPSCode,48059,0,2022-11-10T02:54:51.093Z,8,99.0,8,100.0,58549,4769,90.61,63031,442,8.4,63506,37,0.7,63505,15,0.29,5316,99,5263,10020,8,8
1668053795,2022-11-09 22:16:35 -0600,a0a753a177f2e7b3b7d13f9f720c88b3a49b798b,TX,48059,2,2022-11-09T01:00:00.000Z,FIPSCode,48059,0,2022-11-10T02:54:51.093Z,8,99.0,8,100.0,58549,4769,90.61,63031,442,8.4,63506,37,0.7,63505,15,0.29,5316,99,5263,10020,8,8
1668053837,2022-11-09 22:17:17 -0600,2168a42ef0dc11551c88648657bf55c712972c20,TX,48059,2,2022-11-09T01:00:00.000Z,FIPSCode,48059,0,2022-11-10T02:54:51.093Z,8,99.0,8,100.0,58549,4769,90.61,63031,442,8.4,63506,37,0.7,63505,15,0.29,5316,99,5263,10020,8,8
1668053878,2022-11-09 22:17:58 -0600,7a2c779f339e7e941194217fd78b65ded1fa5bac,TX,48059,2,2022-11-09T01:00:00.000Z,FIPSCode,48059,0,2022-11-10T02:54:51.093Z,8,99.0,8,100.0,58549,4769,90.61,63031,442,8.4,63506,37,0.7,63505,15,0.29,5316,99,5263,10020,8,8
1668053918,2022-11-09 22:18:38 -0600,a159db74cb47c34dfffcd555760e8b4e59addb7a,TX,48059,2,2022-11-09T01:00:00.000Z,FIPSCode,48059,0,2022-11-10T02:54:51.093Z,8,99.0,8,100.0,58549,4769,90.61,63031,442,8.4,63506,37,0.7,63505,15,0.29,5316,99,5263,10020,8,8
1668053962,2022-11-09 22:19:22 -0600,491de5a62212c08e09994f47260d9979605eb531,TX,48059,2,2022-11-09T01:00:00.000Z,FIPSCode,48059,0,2022-11-10T04:18:36.049Z,8,99.0,8,100.0,58549,4769,90.61,63031,442,8.4,63506,37,0.7,63505,15,0.29,5316,99,5263,10020,8,8
1668054004,2022-11-09 22:20:04 -0600,4888c5ca9aea8a293b5e4b0d80495b33baa5e2e7,TX,48059,2,2022-11-09T01:00:00.000Z,FIPSCode,48059,0,2022-11-10T04:18:36.049Z,8,99.0,8,100.0,58549,4769,90.61,63031,442,8.4,63506,37,0.7,63505,15,0.29,5316,99,5263,10020,8,8
1668054046,2022-11-09 22:20:46 -0600,561a71af259aaea8dc0eb7eefacf94cc75205e3a,TX,48059,2,2022-11-09T01:00:00.000Z,FIPSCode,48059,0,2022-11-10T04:19:51.142Z,8,99.0,8,100.0,58549,4769,90.61,63031,442,8.4,63506,37,0.7,63505,15,0.29,5316,99,5263,10020,8,8
1668054086,2022-11-09 22:21:26 -0600,55cff5ba2004c5b38447107057aa95f943a54ee6,TX,48059,2,2022-11-09T01:00:00.000Z,FIPSCode,48059,0,2022-11-10T04:20:50.274Z,8,99.0,8,100.0,58549,4769,90.61,63031,442,8.4,63506,37,0.7,63505,15,0.29,5316,99,5263,10020,8,8
1668054128,2022-11-09 22:22:08 -0600,2423f3578805b61ec345c6506e6275f42be188be,TX,48059,2,2022-11-09T01:00:00.000Z,FIPSCode,48059,0,2022-11-10T04:20:50.274Z,8,99.0,8,100.0,58549,4769,90.61,63031,442,8.4,63506,37,0.7,63505,15,0.29,5316,99,5263,10020,8,8
1668054169,2022-11-09 22:22:49 -0600,41deba7e0b1c4fa6b49893db04c0f209d490e4e0,TX,48059,2,2022-11-09T01:00:00.000Z,FIPSCode,48059,0,2022-11-10T04:20:50.274Z,8,99.0,8,100.0,58549,4769,90.61,63031,442,8.4,63506,37,0.7,63505,15,0.29,5316,99,5263,10020,8,8
1668054212,2022-11-09 22:23:32 -0600,06da54c21603df0b0c698c3de147d14ae31f60b7,TX,48059,2,2022-11-09T01:00:00.000Z,FIPSCode,48059,0,2022-11-10T04:20:50.274Z,8,99.0,8,100.0,58549,4769,90.61,63031,442,8.4,63506,37,0.7,63505,15,0.29,5316,99,5263,10020,8,8
1668054253,2022-11-09 22:24:13 -0600,71ba736c7fcd6e0f1ac19af3cff2cf64b1a9d276,TX,48059,2,2022-11-09T01:00:00.000Z,FIPSCode,48059,0,2022-11-10T04:20:50.274Z,8,99.0,8,100.0,58549,4769,90.61,63031,442,8.4,63506,37,0.7,63505,15,0.29,5316,99,5263,10020,8,8
1668054294,2022-11-09 22:24:54 -0600,736bd7c898940ece6164300ee78df45979cdc76a,TX,48059,2,2022-11-09T01:00:00.000Z,FIPSCode,48059,0,2022-11-10T04:20:50.274Z,8,99.0,8,100.0,58549,4769,90.61,63031,442,8.4,63506,37,0.7,63505,15,0.29,5316,99,5263,10020,8,8
1668054335,2022-11-09 22:25:35 -0600,9bf583af3892a1a32b451e8de6640583dc3cf2a8,TX,48059,2,2022-11-09T01:00:00.000Z,FIPSCode,48059,0,2022-11-10T04:20:50.274Z,8,99.0,8,100.0,58549,4769,90.61,63031,442,8.4,63506,37,0.7,63505,15,0.29,5316,99,5263,10020,8,8
1668054376,2022-11-09 22:26:16 -0600,049a9c132bb576f08720a0a32a63465f2342073f,TX,48059,2,2022-11-09T01:00:00.000Z,FIPSCode,48059,0,2022-11-10T04:20:50.274Z,8,99.0,8,100.0,58549,4769,90.61,63031,442,8.4,63506,37,0.7,63505,15,0.29,5316,99,5263,10020,8,8
1668054417,2022-11-09 22:26:57 -0600,2a3780280d8164da5463bb6483536c527ae70069,TX,48059,2,2022-11-09T01:00:00.000Z,FIPSCode,48059,0,2022-11-10T04:20:50.274Z,8,99.0,8,100.0,58549,4769,90.61,63031,442,8.4,63506,37,0.7,63505,15,0.29,5316,99,5263,10020,8,8
1668054458,2022-11-09 22:27:38 -0600,76a3530d747cbdef37b578ab8742b35981387269,TX,48059,2,2022-11-09T01:00:00.000Z,FIPSCode,48059,0,2022-11-10T04:20:50.274Z,8,99.0,8,100.0,58549,4769,90.61,63031,442,8.4,63506,37,0.7,63505,15,0.29,5316,99,5263,10020,8,8
1668054500,2022-11-09 22:28:20 -0600,f2843ca79d3f2377f8f8ebb902d7a87856a965ff,TX,48059,2,2022-11-09T01:00:00.000Z,FIPSCode,48059,0,2022-11-10T04:20:50.274Z,8,99.0,8,100.0,58549,4769,90.61,63031,442,8.4,63506,37,0.7,63505,15,0.29,5316,99,5263,10020,8,8
1668054542,2022-11-09 22:29:02 -0600,0dd7768d2af1d742dabc646b7167934a3c710647,TX,48059,2,2022-11-09T01:00:00.000Z,FIPSCode,48059,0,2022-11-10T04:20:50.274Z,8,99.0,8,100.0,58549,4769,90.61,63031,442,8.4,63506,37,0.7,63505,15,0.29,5316,99,5263,10020,8,8
1668054583,2022-11-09 22:29:43 -0600,bf19567a87e2f395e70a86ceb498e2f18f516fba,TX,48059,2,2022-11-09T01:00:00.000Z,FIPSCode,48059,0,2022-11-10T04:20:50.274Z,8,99.0,8,100.0,58549,4769,90.61,63031,442,8.4,63506,37,0.7,63505,15,0.29,5316,99,5263,10020,8,8
1668054624,2022-11-09 22:30:24 -0600,1ba87c69c69606276c422f4507723c0e4bb05bd3,TX,48059,2,2022-11-09T01:00:00.000Z,FIPSCode,48059,0,2022-11-10T04:20:50.274Z,8,99.0,8,100.0,58549,4769,90.61,63031,442,8.4,63506,37,0.7,63505,15,0.29,5316,99,5263,10020,8,8
1668054664,2022-11-09 22:31:04 -0600,3b60cd9884d1854ce197f9419692070b643d17cb,TX,48059,2,2022-11-09T01:00:00.000Z,FIPSCode,48059,0,2022-11-10T04:20:50.274Z,8,99.0,8,100.0,58549,4769,90.61,63031,442,8.4,63506,37,0.7,63505,15,0.29,5316,99,5263,10020,8,8
1668054705,2022-11-09 22:31:45 -0600,d21559a02dc7b4fc4b7e24e80da5876d9066c49f,TX,48059,2,2022-11-09T01:00:00.000Z,FIPSCode,48059,0,2022-11-10T04:20:50.274Z,8,99.0,8,100.0,58549,4769,90.61,63031,442,8.4,63506,37,0.7,63505,15,0.29,5316,99,5263,10020,8,8
1668054746,2022-11-09 22:32:26 -0600,b32d652493b67cb1a323e060b010314970fc1d59,TX,48059,2,2022-11-09T01:00:00.000Z,FIPSCode,48059,0,2022-11-10T04:20:50.274Z,8,99.0,8,100.0,58549,4769,90.61,63031,442,8.4,63506,37,0.7,63505,15,0.29,5316,99,5263,10020,8,8
1668054786,2022-11-09 22:33:06 -0600,514ab3dfd6aae47bebca43f9c6b5a05ad80b5db0,TX,48059,2,2022-11-09T01:00:00.000Z,FIPSCode,48059,0,2022-11-10T04:20:50.274Z,8,99.0,8,100.0,58549,4769,90.61,63031,442,8.4,63506,37,0.7,63505,15,0.29,5316,99,5263,10020,8,8
1668054827,2022-11-09 22:33:47 -0600,a89a36beab8a10b1d154f43d28d482d9e4f7b560,TX,48059,2,2022-11-09T01:00:00.000Z,FIPSCode,48059,0,2022-11-10T04:20:50.274Z,8,99.0,8,100.0,58549,4769,90.61,63031,442,8.4,63506,37,0.7,63505,15,0.29,5316,99,5263,10020,8,8
1668054869,2022-11-09 22:34:29 -0600,15c2722767ab7103cbfa3cf1767be2b191f5d2d2,TX,48059,2,2022-11-09T01:00:00.000Z,FIPSCode,48059,0,2022-11-10T04:20:50.274Z,8,99.0,8,100.0,58549,4769,90.61,63031,442,8.4,63506,37,0.7,63505,15,0.29,5316,99,5263,10020,8,8
1668054909,2022-11-09 22:35:09 -0600,dc029cb5378497cc146974b79d33886595b53143,TX,48059,2,2022-11-09T01:00:00.000Z,FIPSCode,48059,0,2022-11-10T04:20:50.274Z,8,99.0,8,100.0,58549,4769,90.61,63031,442,8.4,63506,37,0.7,63505,15,0.29,5316,99,5263,10020,8,8
1668054955,2022-11-09 22:35:55 -0600,64f74135cf160eea79395c8fe8da2f5dd6fffebc,TX,48059,2,2022-11-09T01:00:00.000Z,FIPSCode,48059,0,2022-11-10T04:20:50.274Z,8,99.0,8,100.0,58549,4769,90.61,63031,442,8.4,63506,37,0.7,63505,15,0.29,5316,99,5263,10020,8,8
1668054999,2022-11-09 22:36:39 -0600,30b12cfe467e4222860b1abe0a502ffb37101a82,TX,48059,2,2022-11-09T01:00:00.000Z,FIPSCode,48059,0,2022-11-10T04:20:50.274Z,8,99.0,8,100.0,58549,4769,90.61,63031,442,8.4,63506,37,0.7,63505,15,0.29,5316,99,5263,10020,8,8
1668055042,2022-11-09 22:37:22 -0600,819bc783d8215d25588332ff2127ccb5ac1a5640,TX,48059,2,2022-11-09T01:00:00.000Z,FIPSCode,48059,0,2022-11-10T04:20:50.274Z,8,99.0,8,100.0,58549,4769,90.61,63031,442,8.4,63506,37,0.7,63505,15,0.29,5316,99,5263,10020,8,8
1668055090,2022-11-09 22:38:10 -0600,45d15552a51898bf0fe4ca12602122d318049108,TX,48059,2,2022-11-09T01:00:00.000Z,FIPSCode,48059,0,2022-11-10T04:20:50.274Z,8,99.0,8,100.0,58549,4769,90.61,63031,442,8.4,63506,37,0.7,63505,15,0.29,5316,99,5263,10020,8,8
1668055129,2022-11-09 22:38:49 -0600,c6bf2af94b1e1e38f247b8b1d62bd6494ed87b76,TX,48059,2,2022-11-09T01:00:00.000Z,FIPSCode,48059,0,2022-11-10T04:20:50.274Z,8,99.0,8,100.0,58549,4769,90.61,63031,442,8.4,63506,37,0.7,63505,15,0.29,5316,99,5263,10020,8,8
1668055172,2022-11-09 22:39:32 -0600,0df86638de9f78e2682773a15f295d2d959f0fee,TX,48059,2,2022-11-09T01:00:00.000Z,FIPSCode,48059,0,2022-11-10T04:20:50.274Z,8,99.0,8,100.0,58549,4769,90.61,63031,442,8.4,63506,37,0.7,63505,15,0.29,5316,99,5263,10020,8,8
1668055215,2022-11-09 22:40:15 -0600,8c475d37bccd8a7855cf2c4f84ac208c8d7c04a4,TX,48059,2,2022-11-09T01:00:00.000Z,FIPSCode,48059,0,2022-11-10T04:20:50.274Z,8,99.0,8,100.0,58549,4769,90.61,63031,442,8.4,63506,37,0.7,63505,15,0.29,5316,99,5263,10020,8,8
1668055256,2022-11-09 22:40:56 -0600,e71721c50db4ff7ca126b2a1504f77f36fdb686d,TX,48059,2,2022-11-09T01:00:00.000Z,FIPSCode,48059,0,2022-11-10T04:20:50.274Z,8,99.0,8,100.0,58549,4769,90.61,63031,442,8.4,63506,37,0.7,63505,15,0.29,5316,99,5263,10020,8,8
1668055299,2022-11-09 22:41:39 -0600,3e13cfce4e949fe91b7b41e8d273181cd4137d5d,TX,48059,2,2022-11-09T01:00:00.000Z,FIPSCode,48059,0,2022-11-10T04:20:50.274Z,8,99.0,8,100.0,58549,4769,90.61,63031,442,8.4,63506,37,0.7,63505,15,0.29,5316,99,5263,10020,8,8
1668055341,2022-11-09 22:42:21 -0600,b896158173dc231ea63a1a34144aca3d92b02c75,TX,48059,2,2022-11-09T01:00:00.000Z,FIPSCode,48059,0,2022-11-10T04:20:50.274Z,8,99.0,8,100.0,58549,4769,90.61,63031,442,8.4,63506,37,0.7,63505,15,0.29,5316,99,5263,10020,8,8
1668055382,2022-11-09 22:43:02 -0600,5617db5343916197e54f6edaa7ba8bd666d82035,TX,48059,2,2022-11-09T01:00:00.000Z,FIPSCode,48059,0,2022-11-10T04:20:50.274Z,8,99.0,8,100.0,58549,4769,90.61,63031,442,8.4,63506,37,0.7,63505,15,0.29,5316,99,5263,10020,8,8
1668055424,2022-11-09 22:43:44 -0600,ed774a5283eeb141d20d0ed1641b1ed6161ca0d9,TX,48059,2,2022-11-09T01:00:00.000Z,FIPSCode,48059,0,2022-11-10T04:20:50.274Z,8,99.0,8,100.0,58549,4769,90.61,63031,442,8.4,63506,37,0.7,63505,15,0.29,5316,99,5263,10020,8,8
1668055465,2022-11-09 22:44:25 -0600,c311dc3ed1354217474d660dce768c4ddf388e8d,TX,48059,2,2022-11-09T01:00:00.000Z,FIPSCode,48059,0,2022-11-10T04:20:50.274Z,8,99.0,8,100.0,58549,4769,90.61,63031,442,8.4,63506,37,0.7,63505,15,0.29,5316,99,5263,10020,8,8
1668055508,2022-11-09 22:45:08 -0600,af6e3db67df1895812c9c9865d657307707e5cc7,TX,48059,2,2022-11-09T01:00:00.000Z,FIPSCode,48059,0,2022-11-10T04:20:50.274Z,8,99.0,8,100.0,58549,4769,90.61,63031,442,8.4,63506,37,0.7,63505,15,0.29,5316,99,5263,10020,8,8
1668055550,2022-11-09 22:45:50 -0600,63747b0147649bb0b7cdf12e06853d631bad5795,TX,48059,2,2022-11-09T01:00:00.000Z,FIPSCode,48059,0,2022-11-10T04:20:50.274Z,8,99.0,8,100.0,58549,4769,90.61,63031,442,8.4,63506,37,0.7,63505,15,0.29,5316,99,5263,10020,8,8
1668055675,2022-11-09 22:47:55 -0600,86c916aae14dcc471284e4698988b0be8371a9f3,TX,48059,2,2022-11-09T01:00:00.000Z,FIPSCode,48059,0,2022-11-10T04:20:50.274Z,8,99.0,8,100.0,58549,4769,90.61,63031,442,8.4,63506,37,0.7,63505,15,0.29,5316,99,5263,10020,8,8
1668055715,2022-11-09 22:48:35 -0600,4d34820ac54784cebc98bb9319986b6bf35a1e0c,TX,48059,2,2022-11-09T01:00:00.000Z,FIPSCode,48059,0,2022-11-10T04:20:50.274Z,8,99.0,8,100.0,58549,4769,90.61,63031,442,8.4,63506,37,0.7,63505,15,0.29,5316,99,5263,10020,8,8
1668055756,2022-11-09 22:49:16 -0600,8fb429c7471717d873660ec7bd92561ec8e2f9a3,TX,48059,2,2022-11-09T01:00:00.000Z,FIPSCode,48059,0,2022-11-10T04:20:50.274Z,8,99.0,8,100.0,58549,4769,90.61,63031,442,8.4,63506,37,0.7,63505,15,0.29,5316,99,5263,10020,8,8
1668055799,2022-11-09 22:49:59 -0600,69aec7bc14cf4e8c9a84dbd396c415960dd40b24,TX,48059,2,2022-11-09T01:00:00.000Z,FIPSCode,48059,0,2022-11-10T04:20:50.274Z,8,99.0,8,100.0,58549,4769,90.61,63031,442,8.4,63506,37,0.7,63505,15,0.29,5316,99,5263,10020,8,8
1668055840,2022-11-09 22:50:40 -0600,13c7deab759bc159a8ae840a9540c0f2ba2b742e,TX,48059,2,2022-11-09T01:00:00.000Z,FIPSCode,48059,0,2022-11-10T04:20:50.274Z,8,99.0,8,100.0,58549,4769,90.61,63031,442,8.4,63506,37,0.7,63505,15,0.29,5316,99,5263,10020,8,8
1668055882,2022-11-09 22:51:22 -0600,bfce4f8b08c032dad1aad20aef7577562a6974f8,TX,48059,2,2022-11-09T01:00:00.000Z,FIPSCode,48059,0,2022-11-10T04:20:50.274Z,8,99.0,8,100.0,58549,4769,90.61,63031,442,8.4,63506,37,0.7,63505,15,0.29,5316,99,5263,10020,8,8
1668055923,2022-11-09 22:52:03 -0600,208899286e4cfd7ad7c13fd083435f2565ffb4b8,TX,48059,2,2022-11-09T01:00:00.000Z,FIPSCode,48059,0,2022-11-10T04:20:50.274Z,8,99.0,8,100.0,58549,4769,90.61,63031,442,8.4,63506,37,0.7,63505,15,0.29,5316,99,5263,10020,8,8
1668055965,2022-11-09 22:52:45 -0600,48f0a924a665dc3fb9885d76e1f95bdf7a0c87ac,TX,48059,2,2022-11-09T01:00:00.000Z,FIPSCode,48059,0,2022-11-10T04:20:50.274Z,8,99.0,8,100.0,58549,4769,90.61,63031,442,8.4,63506,37,0.7,63505,15,0.29,5316,99,5263,10020,8,8
1668056008,2022-11-09 22:53:28 -0600,223bdd8438e9743edcc7ab96919ffdd8f448320e,TX,48059,2,2022-11-09T01:00:00.000Z,FIPSCode,48059,0,2022-11-10T04:20:50.274Z,8,99.0,8,100.0,58549,4769,90.61,63031,442,8.4,63506,37,0.7,63505,15,0.29,5316,99,5263,10020,8,8
1668056049,2022-11-09 22:54:09 -0600,5f5c595301c5548d826a47a0e016dbc633212ffc,TX,48059,2,2022-11-09T01:00:00.000Z,FIPSCode,48059,0,2022-11-10T04:20:50.274Z,8,99.0,8,100.0,58549,4769,90.61,63031,442,8.4,63506,37,0.7,63505,15,0.29,5316,99,5263,10020,8,8
1668056092,2022-11-09 22:54:52 -0600,d43bd544e87c67ccaf1702dc15da4fafe7b5d0db,TX,48059,2,2022-11-09T01:00:00.000Z,FIPSCode,48059,0,2022-11-10T04:20:50.274Z,8,99.0,8,100.0,58549,4769,90.61,63031,442,8.4,63506,37,0.7,63505,15,0.29,5316,99,5263,10020,8,8
1668056134,2022-11-09 22:55:34 -0600,af0b1be6769c04dfd587c219fd92cfb60869f3a6,TX,48059,2,2022-11-09T01:00:00.000Z,FIPSCode,48059,0,2022-11-10T04:20:50.274Z,8,99.0,8,100.0,58549,4769,90.61,63031,442,8.4,63506,37,0.7,63505,15,0.29,5316,99,5263,10020,8,8
1668056198,2022-11-09 22:56:38 -0600,0795f8cf14b699d426730de8963a8156d80c4077,TX,48059,2,2022-11-09T01:00:00.000Z,FIPSCode,48059,0,2022-11-10T04:20:50.274Z,8,99.0,8,100.0,58549,4769,90.61,63031,442,8.4,63506,37,0.7,63505,15,0.29,5316,99,5263,10020,8,8
1668056234,2022-11-09 22:57:14 -0600,54bf536f914382c578858cac314e6bd90607180d,TX,48059,2,2022-11-09T01:00:00.000Z,FIPSCode,48059,0,2022-11-10T04:20:50.274Z,8,99.0,8,100.0,58549,4769,90.61,63031,442,8.4,63506,37,0.7,63505,15,0.29,5316,99,5263,10020,8,8
1668056278,2022-11-09 22:57:58 -0600,e96523339d19fdceeadafea1a4d8aa71f1b9fc73,TX,48059,2,2022-11-09T01:00:00.000Z,FIPSCode,48059,0,2022-11-10T04:20:50.274Z,8,99.0,8,100.0,58549,4769,90.61,63031,442,8.4,63506,37,0.7,63505,15,0.29,5316,99,5263,10020,8,8
1668056320,2022-11-09 22:58:40 -0600,ef0a39f55d593170544db085135b214d9597682e,TX,48059,2,2022-11-09T01:00:00.000Z,FIPSCode,48059,0,2022-11-10T04:20:50.274Z,8,99.0,8,100.0,58549,4769,90.61,63031,442,8.4,63506,37,0.7,63505,15,0.29,5316,99,5263,10020,8,8
1668056362,2022-11-09 22:59:22 -0600,4cbc4f1bf93c39cec766a619eecc74c474fa372c,TX,48059,2,2022-11-09T01:00:00.000Z,FIPSCode,48059,0,2022-11-10T04:20:50.274Z,8,99.0,8,100.0,58549,4769,90.61,63031,442,8.4,63506,37,0.7,63505,15,0.29,5316,99,5263,10020,8,8
1668056404,2022-11-09 23:00:04 -0600,afad38697e16aaf025e56be595f171a9f121fb5a,TX,48059,2,2022-11-09T01:00:00.000Z,FIPSCode,48059,0,2022-11-10T04:20:50.274Z,8,99.0,8,100.0,58549,4769,90.61,63031,442,8.4,63506,37,0.7,63505,15,0.29,5316,99,5263,10020,8,8
1668056448,2022-11-09 23:00:48 -0600,04a2b56dc7066e142fa769df3acc655169a1ca50,TX,48059,2,2022-11-09T01:00:00.000Z,FIPSCode,48059,0,2022-11-10T04:20:50.274Z,8,99.0,8,100.0,58549,4769,90.61,63031,442,8.4,63506,37,0.7,63505,15,0.29,5316,99,5263,10020,8,8
1668056491,2022-11-09 23:01:31 -0600,8e06231468ee131d265d218385c534e2c9e15498,TX,48059,2,2022-11-09T01:00:00.000Z,FIPSCode,48059,0,2022-11-10T04:20:50.274Z,8,99.0,8,100.0,58549,4769,90.61,63031,442,8.4,63506,37,0.7,63505,15,0.29,5316,99,5263,10020,8,8
1668056536,2022-11-09 23:02:16 -0600,5a225a01eccef8d37ff045642c0a6277ea5c1cd6,TX,48059,2,2022-11-09T01:00:00.000Z,FIPSCode,48059,0,2022-11-10T04:20:50.274Z,8,99.0,8,100.0,58549,4769,90.61,63031,442,8.4,63506,37,0.7,63505,15,0.29,5316,99,5263,10020,8,8
1668056576,2022-11-09 23:02:56 -0600,319201c0e3fa342ee211022551ea5f372920d2da,TX,48059,2,2022-11-09T01:00:00.000Z,FIPSCode,48059,0,2022-11-10T04:20:50.274Z,8,99.0,8,100.0,58549,4769,90.61,63031,442,8.4,63506,37,0.7,63505,15,0.29,5316,99,5263,10020,8,8
1668056619,2022-11-09 23:03:39 -0600,49c2a5f4bd4c736f2636f4b866561f787894b03e,TX,48059,2,2022-11-09T01:00:00.000Z,FIPSCode,48059,0,2022-11-10T04:20:50.274Z,8,99.0,8,100.0,58549,4769,90.61,63031,442,8.4,63506,37,0.7,63505,15,0.29,5316,99,5263,10020,8,8
1668056661,2022-11-09 23:04:21 -0600,974b751f9404f1c2dcd6b150b757b8dd1f27e71d,TX,48059,2,2022-11-09T01:00:00.000Z,FIPSCode,48059,0,2022-11-10T04:20:50.274Z,8,99.0,8,100.0,58549,4769,90.61,63031,442,8.4,63506,37,0.7,63505,15,0.29,5316,99,5263,10020,8,8
1668056702,2022-11-09 23:05:02 -0600,919f3fa69f73e524dfc912c8acc492a9a0ca9534,TX,48059,2,2022-11-09T01:00:00.000Z,FIPSCode,48059,0,2022-11-10T04:20:50.274Z,8,99.0,8,100.0,58549,4769,90.61,63031,442,8.4,63506,37,0.7,63505,15,0.29,5316,99,5263,10020,8,8
1668056744,2022-11-09 23:05:44 -0600,569e217349fd616f0f5b6e29288c1aae8f5ee2f0,TX,48059,2,2022-11-09T01:00:00.000Z,FIPSCode,48059,0,2022-11-10T04:20:50.274Z,8,99.0,8,100.0,58549,4769,90.61,63031,442,8.4,63506,37,0.7,63505,15,0.29,5316,99,5263,10020,8,8
1668056785,2022-11-09 23:06:25 -0600,6950a7e69d61313406507f24ad6f0968477add95,TX,48059,2,2022-11-09T01:00:00.000Z,FIPSCode,48059,0,2022-11-10T04:20:50.274Z,8,99.0,8,100.0,58549,4769,90.61,63031,442,8.4,63506,37,0.7,63505,15,0.29,5316,99,5263,10020,8,8
1668056827,2022-11-09 23:07:07 -0600,88dc5aa8a3680307f24dab6dbe67bab26f1d8f4b,TX,48059,2,2022-11-09T01:00:00.000Z,FIPSCode,48059,0,2022-11-10T04:20:50.274Z,8,99.0,8,100.0,58549,4769,90.61,63031,442,8.4,63506,37,0.7,63505,15,0.29,5316,99,5263,10020,8,8
1668056869,2022-11-09 23:07:49 -0600,828ba8a082f74c353b227f082beaa2a39b64bc7f,TX,48059,2,2022-11-09T01:00:00.000Z,FIPSCode,48059,0,2022-11-10T04:20:50.274Z,8,99.0,8,100.0,58549,4769,90.61,63031,442,8.4,63506,37,0.7,63505,15,0.29,5316,99,5263,10020,8,8
1668056910,2022-11-09 23:08:30 -0600,2f29bd10655bab3d4598c3367bd2e0137e225323,TX,48059,2,2022-11-09T01:00:00.000Z,FIPSCode,48059,0,2022-11-10T04:20:50.274Z,8,99.0,8,100.0,58549,4769,90.61,63031,442,8.4,63506,37,0.7,63505,15,0.29,5316,99,5263,10020,8,8
1668056953,2022-11-09 23:09:13 -0600,7874cf85ee0b101e92b4776baa1b195a4e7d4d35,TX,48059,2,2022-11-09T01:00:00.000Z,FIPSCode,48059,0,2022-11-10T04:20:50.274Z,8,99.0,8,100.0,58549,4769,90.61,63031,442,8.4,63506,37,0.7,63505,15,0.29,5316,99,5263,10020,8,8
1668056995,2022-11-09 23:09:55 -0600,d0be78d1e6d6af2e45f46b64e50a14670ad44255,TX,48059,2,2022-11-09T01:00:00.000Z,FIPSCode,48059,0,2022-11-10T04:20:50.274Z,8,99.0,8,100.0,58549,4769,90.61,63031,442,8.4,63506,37,0.7,63505,15,0.29,5316,99,5263,10020,8,8
1668057037,2022-11-09 23:10:37 -0600,7ccfc63b964ceafe63eefaec0a1a59858f8b6fd4,TX,48059,2,2022-11-09T01:00:00.000Z,FIPSCode,48059,0,2022-11-10T04:20:50.274Z,8,99.0,8,100.0,58549,4769,90.61,63031,442,8.4,63506,37,0.7,63505,15,0.29,5316,99,5263,10020,8,8
1668057092,2022-11-09 23:11:32 -0600,9bcd51441ec748bc0d56863c48db6e8effe5d42b,TX,48059,2,2022-11-09T01:00:00.000Z,FIPSCode,48059,0,2022-11-10T04:20:50.274Z,8,99.0,8,100.0,58549,4769,90.61,63031,442,8.4,63506,37,0.7,63505,15,0.29,5316,99,5263,10020,8,8
1668057132,2022-11-09 23:12:12 -0600,bc8dceb6a6e3a8b9fba495659c6ade001eab7242,TX,48059,2,2022-11-09T01:00:00.000Z,FIPSCode,48059,0,2022-11-10T04:20:50.274Z,8,99.0,8,100.0,58549,4769,90.61,63031,442,8.4,63506,37,0.7,63505,15,0.29,5316,99,5263,10020,8,8
1668057176,2022-11-09 23:12:56 -0600,04f385b3868d146e8f3ce33c3b2832e320ed76d1,TX,48059,2,2022-11-09T01:00:00.000Z,FIPSCode,48059,0,2022-11-10T04:20:50.274Z,8,99.0,8,100.0,58549,4769,90.61,63031,442,8.4,63506,37,0.7,63505,15,0.29,5316,99,5263,10020,8,8
1668057221,2022-11-09 23:13:41 -0600,5c31fde562768a7b3e62c3212ee91a3f0b3a918a,TX,48059,2,2022-11-09T01:00:00.000Z,FIPSCode,48059,0,2022-11-10T04:20:50.274Z,8,99.0,8,100.0,58549,4769,90.61,63031,442,8.4,63506,37,0.7,63505,15,0.29,5316,99,5263,10020,8,8
1668057261,2022-11-09 23:14:21 -0600,7a0d5624a55bcc8c526303263343ca6a44f15c08,TX,48059,2,2022-11-09T01:00:00.000Z,FIPSCode,48059,0,2022-11-10T04:20:50.274Z,8,99.0,8,100.0,58549,4769,90.61,63031,442,8.4,63506,37,0.7,63505,15,0.29,5316,99,5263,10020,8,8
1668057305,2022-11-09 23:15:05 -0600,bdbe4145715f53f8f05292dfd20bc84ac9a87dd7,TX,48059,2,2022-11-09T01:00:00.000Z,FIPSCode,48059,0,2022-11-10T04:20:50.274Z,8,99.0,8,100.0,58549,4769,90.61,63031,442,8.4,63506,37,0.7,63505,15,0.29,5316,99,5263,10020,8,8
1668057346,2022-11-09 23:15:46 -0600,66e04ae03f13e401a3c86416e759e2525a42bf78,TX,48059,2,2022-11-09T01:00:00.000Z,FIPSCode,48059,0,2022-11-10T04:20:50.274Z,8,99.0,8,100.0,58549,4769,90.61,63031,442,8.4,63506,37,0.7,63505,15,0.29,5316,99,5263,10020,8,8
1668057389,2022-11-09 23:16:29 -0600,997374ad17e8a92fba1a636a639abaebbaca4222,TX,48059,2,2022-11-09T01:00:00.000Z,FIPSCode,48059,0,2022-11-10T04:20:50.274Z,8,99.0,8,100.0,58549,4769,90.61,63031,442,8.4,63506,37,0.7,63505,15,0.29,5316,99,5263,10020,8,8
1668057431,2022-11-09 23:17:11 -0600,e213429159b484bbd73702d49ea41dcf1b13f582,TX,48059,2,2022-11-09T01:00:00.000Z,FIPSCode,48059,0,2022-11-10T04:20:50.274Z,8,99.0,8,100.0,58549,4769,90.61,63031,442,8.4,63506,37,0.7,63505,15,0.29,5316,99,5263,10020,8,8
1668057472,2022-11-09 23:17:52 -0600,e05fc2c511c7671506635ae528b0c05c49a9e0d9,TX,48059,2,2022-11-09T01:00:00.000Z,FIPSCode,48059,0,2022-11-10T04:20:50.274Z,8,99.0,8,100.0,58549,4769,90.61,63031,442,8.4,63506,37,0.7,63505,15,0.29,5316,99,5263,10020,8,8
1668057515,2022-11-09 23:18:35 -0600,c3242c99536f12b147b0b60110070f4a5224ae8a,TX,48059,2,2022-11-09T01:00:00.000Z,FIPSCode,48059,0,2022-11-10T04:20:50.274Z,8,99.0,8,100.0,58549,4769,90.61,63031,442,8.4,63506,37,0.7,63505,15,0.29,5316,99,5263,10020,8,8
1668057557,2022-11-09 23:19:17 -0600,d005a3c83e967ec770ff9c749c5dae08633307e4,TX,48059,2,2022-11-09T01:00:00.000Z,FIPSCode,48059,0,2022-11-10T04:20:50.274Z,8,99.0,8,100.0,58549,4769,90.61,63031,442,8.4,63506,37,0.7,63505,15,0.29,5316,99,5263,10020,8,8
1668057600,2022-11-09 23:20:00 -0600,20b3ccbc0556c50fc6d6c4bfe11b55d2b409c14c,TX,48059,2,2022-11-09T01:00:00.000Z,FIPSCode,48059,0,2022-11-10T04:20:50.274Z,8,99.0,8,100.0,58549,4769,90.61,63031,442,8.4,63506,37,0.7,63505,15,0.29,5316,99,5263,10020,8,8
1668057641,2022-11-09 23:20:41 -0600,62734ba5fad436521a4d2f0e1b4e75b7f75ec496,TX,48059,2,2022-11-09T01:00:00.000Z,FIPSCode,48059,0,2022-11-10T04:20:50.274Z,8,99.0,8,100.0,58549,4769,90.61,63031,442,8.4,63506,37,0.7,63505,15,0.29,5316,99,5263,10020,8,8
1668057685,2022-11-09 23:21:25 -0600,d5efe4a094df4d43a2be5d04654b187f0a2d4142,TX,48059,2,2022-11-09T01:00:00.000Z,FIPSCode,48059,0,2022-11-10T04:20:50.274Z,8,99.0,8,100.0,58549,4769,90.61,63031,442,8.4,63506,37,0.7,63505,15,0.29,5316,99,5263,10020,8,8
1668057725,2022-11-09 23:22:05 -0600,64ef53494b317ba9c8400bf7702165d925a9631f,TX,48059,2,2022-11-09T01:00:00.000Z,FIPSCode,48059,0,2022-11-10T04:20:50.274Z,8,99.0,8,100.0,58549,4769,90.61,63031,442,8.4,63506,37,0.7,63505,15,0.29,5316,99,5263,10020,8,8
1668057767,2022-11-09 23:22:47 -0600,d8fa751dd1a670bd7c481a282b5d1fa8c87d7496,TX,48059,2,2022-11-09T01:00:00.000Z,FIPSCode,48059,0,2022-11-10T04:20:50.274Z,8,99.0,8,100.0,58549,4769,90.61,63031,442,8.4,63506,37,0.7,63505,15,0.29,5316,99,5263,10020,8,8
1668057807,2022-11-09 23:23:27 -0600,068737d731270c80cf7b38c2401c6be0278ace13,TX,48059,2,2022-11-09T01:00:00.000Z,FIPSCode,48059,0,2022-11-10T04:20:50.274Z,8,99.0,8,100.0,58549,4769,90.61,63031,442,8.4,63506,37,0.7,63505,15,0.29,5316,99,5263,10020,8,8
1668057849,2022-11-09 23:24:09 -0600,dd80b7be183c9e337d0f9892578b7718d3522a66,TX,48059,2,2022-11-09T01:00:00.000Z,FIPSCode,48059,0,2022-11-10T04:20:50.274Z,8,99.0,8,100.0,58549,4769,90.61,63031,442,8.4,63506,37,0.7,63505,15,0.29,5316,99,5263,10020,8,8
1668057893,2022-11-09 23:24:53 -0600,f490a73cefe1dbe5bf278910f0363fe87001efed,TX,48059,2,2022-11-09T01:00:00.000Z,FIPSCode,48059,0,2022-11-10T04:20:50.274Z,8,99.0,8,100.0,58549,4769,90.61,63031,442,8.4,63506,37,0.7,63505,15,0.29,5316,99,5263,10020,8,8
1668057934,2022-11-09 23:25:34 -0600,d7ced11af495052388bfebbf69074eac19755550,TX,48059,2,2022-11-09T01:00:00.000Z,FIPSCode,48059,0,2022-11-10T04:20:50.274Z,8,99.0,8,100.0,58549,4769,90.61,63031,442,8.4,63506,37,0.7,63505,15,0.29,5316,99,5263,10020,8,8
1668057977,2022-11-09 23:26:17 -0600,6370e0ef9575ca6dd4c1f56f42507f2ac3615149,TX,48059,2,2022-11-09T01:00:00.000Z,FIPSCode,48059,0,2022-11-10T04:20:50.274Z,8,99.0,8,100.0,58549,4769,90.61,63031,442,8.4,63506,37,0.7,63505,15,0.29,5316,99,5263,10020,8,8
1668058018,2022-11-09 23:26:58 -0600,1ec69a2ecddb2cffe8110244866e19fbaecc4f74,TX,48059,2,2022-11-09T01:00:00.000Z,FIPSCode,48059,0,2022-11-10T04:20:50.274Z,8,99.0,8,100.0,58549,4769,90.61,63031,442,8.4,63506,37,0.7,63505,15,0.29,5316,99,5263,10020,8,8
1668058061,2022-11-09 23:27:41 -0600,ad5921ec6175380f7403b807eaf9a862119ec78c,TX,48059,2,2022-11-09T01:00:00.000Z,FIPSCode,48059,0,2022-11-10T04:20:50.274Z,8,99.0,8,100.0,58549,4769,90.61,63031,442,8.4,63506,37,0.7,63505,15,0.29,5316,99,5263,10020,8,8
1668058103,2022-11-09 23:28:23 -0600,26a89947ff9c1f9705e7049714d0151f6ff3dbb5,TX,48059,2,2022-11-09T01:00:00.000Z,FIPSCode,48059,0,2022-11-10T04:20:50.274Z,8,99.0,8,100.0,58549,4769,90.61,63031,442,8.4,63506,37,0.7,63505,15,0.29,5316,99,5263,10020,8,8
1668058145,2022-11-09 23:29:05 -0600,5112924ad2cf4f71482b125a5b9ae4a9bd25f58b,TX,48059,2,2022-11-09T01:00:00.000Z,FIPSCode,48059,0,2022-11-10T04:20:50.274Z,8,99.0,8,100.0,58549,4769,90.61,63031,442,8.4,63506,37,0.7,63505,15,0.29,5316,99,5263,10020,8,8
1668058188,2022-11-09 23:29:48 -0600,d3351eb7d19a29869173e298311f6dfafc4b93a0,TX,48059,2,2022-11-09T01:00:00.000Z,FIPSCode,48059,0,2022-11-10T04:20:50.274Z,8,99.0,8,100.0,58549,4769,90.61,63031,442,8.4,63506,37,0.7,63505,15,0.29,5316,99,5263,10020,8,8
1668058230,2022-11-09 23:30:30 -0600,81c782a6320f8b4d81d6f3a9cb98a673ae9cff3b,TX,48059,2,2022-11-09T01:00:00.000Z,FIPSCode,48059,0,2022-11-10T04:20:50.274Z,8,99.0,8,100.0,58549,4769,90.61,63031,442,8.4,63506,37,0.7,63505,15,0.29,5316,99,5263,10020,8,8
1668058273,2022-11-09 23:31:13 -0600,245f275aca6e50619b455f8fec98c8561165bb21,TX,48059,2,2022-11-09T01:00:00.000Z,FIPSCode,48059,0,2022-11-10T04:20:50.274Z,8,99.0,8,100.0,58549,4769,90.61,63031,442,8.4,63506,37,0.7,63505,15,0.29,5316,99,5263,10020,8,8
1668058315,2022-11-09 23:31:55 -0600,b31047080abd689a49b7ec3914f61c74a08a4aa6,TX,48059,2,2022-11-09T01:00:00.000Z,FIPSCode,48059,0,2022-11-10T04:20:50.274Z,8,99.0,8,100.0,58549,4769,90.61,63031,442,8.4,63506,37,0.7,63505,15,0.29,5316,99,5263,10020,8,8
1668058356,2022-11-09 23:32:36 -0600,7e5628fa2e06590395864cafd780ccd5a027c63c,TX,48059,2,2022-11-09T01:00:00.000Z,FIPSCode,48059,0,2022-11-10T04:20:50.274Z,8,99.0,8,100.0,58549,4769,90.61,63031,442,8.4,63506,37,0.7,63505,15,0.29,5316,99,5263,10020,8,8
1668058399,2022-11-09 23:33:19 -0600,0d7f79f7be1d1f6c81a029af16222c78dd5d649a,TX,48059,2,2022-11-09T01:00:00.000Z,FIPSCode,48059,0,2022-11-10T04:20:50.274Z,8,99.0,8,100.0,58549,4769,90.61,63031,442,8.4,63506,37,0.7,63505,15,0.29,5316,99,5263,10020,8,8
1668058441,2022-11-09 23:34:01 -0600,62402159382e089801fa4a5b82efcb3f3b6c7faf,TX,48059,2,2022-11-09T01:00:00.000Z,FIPSCode,48059,0,2022-11-10T04:20:50.274Z,8,99.0,8,100.0,58549,4769,90.61,63031,442,8.4,63506,37,0.7,63505,15,0.29,5316,99,5263,10020,8,8
1668058483,2022-11-09 23:34:43 -0600,3d39ceca61343344c31b664cb21801b8a4524c4b,TX,48059,2,2022-11-09T01:00:00.000Z,FIPSCode,48059,0,2022-11-10T04:20:50.274Z,8,99.0,8,100.0,58549,4769,90.61,63031,442,8.4,63506,37,0.7,63505,15,0.29,5316,99,5263,10020,8,8
1668058526,2022-11-09 23:35:26 -0600,e7ba23baea1f7ecd94a661ed4b191f1486199e0e,TX,48059,2,2022-11-09T01:00:00.000Z,FIPSCode,48059,0,2022-11-10T04:20:50.274Z,8,99.0,8,100.0,58549,4769,90.61,63031,442,8.4,63506,37,0.7,63505,15,0.29,5316,99,5263,10020,8,8
1668058568,2022-11-09 23:36:08 -0600,42a066a911ba5669a15572482c08277012bae022,TX,48059,2,2022-11-09T01:00:00.000Z,FIPSCode,48059,0,2022-11-10T04:20:50.274Z,8,99.0,8,100.0,58549,4769,90.61,63031,442,8.4,63506,37,0.7,63505,15,0.29,5316,99,5263,10020,8,8
1668058610,2022-11-09 23:36:50 -0600,77af3ceafd79317061475732200df4d9edb9579e,TX,48059,2,2022-11-09T01:00:00.000Z,FIPSCode,48059,0,2022-11-10T04:20:50.274Z,8,99.0,8,100.0,58549,4769,90.61,63031,442,8.4,63506,37,0.7,63505,15,0.29,5316,99,5263,10020,8,8
1668058866,2022-11-09 23:41:06 -0600,845cc5092ffbf38f5a4895f7ac48450b5691eba8,TX,48059,2,2022-11-09T01:00:00.000Z,FIPSCode,48059,0,2022-11-10T04:20:50.274Z,8,99.0,8,100.0,58549,4769,90.61,63031,442,8.4,63506,37,0.7,63505,15,0.29,5316,99,5263,10020,8,8
1668058906,2022-11-09 23:41:46 -0600,c39f6590ba47c94479e516d7a81f25e2ce80f05a,TX,48059,2,2022-11-09T01:00:00.000Z,FIPSCode,48059,0,2022-11-10T04:20:50.274Z,8,99.0,8,100.0,58549,4769,90.61,63031,442,8.4,63506,37,0.7,63505,15,0.29,5316,99,5263,10020,8,8
1668058948,2022-11-09 23:42:28 -0600,379dda36a61a6c3f8a152ac7332e74de58e531ce,TX,48059,2,2022-11-09T01:00:00.000Z,FIPSCode,48059,0,2022-11-10T04:20:50.274Z,8,99.0,8,100.0,58549,4769,90.61,63031,442,8.4,63506,37,0.7,63505,15,0.29,5316,99,5263,10020,8,8
1668058991,2022-11-09 23:43:11 -0600,2751434d9ccc16ac7b5a3dcc1df80a49d7b315a0,TX,48059,2,2022-11-09T01:00:00.000Z,FIPSCode,48059,0,2022-11-10T04:20:50.274Z,8,99.0,8,100.0,58549,4769,90.61,63031,442,8.4,63506,37,0.7,63505,15,0.29,5316,99,5263,10020,8,8
1668059034,2022-11-09 23:43:54 -0600,46f482a923a1229847aaa9c08a1ea29468d14215,TX,48059,2,2022-11-09T01:00:00.000Z,FIPSCode,48059,0,2022-11-10T04:20:50.274Z,8,99.0,8,100.0,58549,4769,90.61,63031,442,8.4,63506,37,0.7,63505,15,0.29,5316,99,5263,10020,8,8
1668059076,2022-11-09 23:44:36 -0600,6d973be0696813934b778e455cfd6e9fcc399617,TX,48059,2,2022-11-09T01:00:00.000Z,FIPSCode,48059,0,2022-11-10T04:20:50.274Z,8,99.0,8,100.0,58549,4769,90.61,63031,442,8.4,63506,37,0.7,63505,15,0.29,5316,99,5263,10020,8,8
1668059117,2022-11-09 23:45:17 -0600,57328595ab356c4174276956438e862999a0f5aa,TX,48059,2,2022-11-09T01:00:00.000Z,FIPSCode,48059,0,2022-11-10T04:20:50.274Z,8,99.0,8,100.0,58549,4769,90.61,63031,442,8.4,63506,37,0.7,63505,15,0.29,5316,99,5263,10020,8,8
1668059161,2022-11-09 23:46:01 -0600,1f05a0c1aff593d8c8a2dbed9b9407eff19ad23f,TX,48059,2,2022-11-09T01:00:00.000Z,FIPSCode,48059,0,2022-11-10T04:20:50.274Z,8,99.0,8,100.0,58549,4769,90.61,63031,442,8.4,63506,37,0.7,63505,15,0.29,5316,99,5263,10020,8,8
1668059203,2022-11-09 23:46:43 -0600,964d410b6e5b50996ddd567b8862f68d6dbf42e0,TX,48059,2,2022-11-09T01:00:00.000Z,FIPSCode,48059,0,2022-11-10T04:20:50.274Z,8,99.0,8,100.0,58549,4769,90.61,63031,442,8.4,63506,37,0.7,63505,15,0.29,5316,99,5263,10020,8,8
1668059245,2022-11-09 23:47:25 -0600,c78b571bd9e191ce4c412e58c322a226ac28bef1,TX,48059,2,2022-11-09T01:00:00.000Z,FIPSCode,48059,0,2022-11-10T04:20:50.274Z,8,99.0,8,100.0,58549,4769,90.61,63031,442,8.4,63506,37,0.7,63505,15,0.29,5316,99,5263,10020,8,8
1668059287,2022-11-09 23:48:07 -0600,996c185d05299698e58cf48a95b61d5e8ee529ff,TX,48059,2,2022-11-09T01:00:00.000Z,FIPSCode,48059,0,2022-11-10T04:20:50.274Z,8,99.0,8,100.0,58549,4769,90.61,63031,442,8.4,63506,37,0.7,63505,15,0.29,5316,99,5263,10020,8,8
1668059329,2022-11-09 23:48:49 -0600,e4174716079915f82011982f1dd5b915dc0910bb,TX,48059,2,2022-11-09T01:00:00.000Z,FIPSCode,48059,0,2022-11-10T04:20:50.274Z,8,99.0,8,100.0,58549,4769,90.61,63031,442,8.4,63506,37,0.7,63505,15,0.29,5316,99,5263,10020,8,8
1668059372,2022-11-09 23:49:32 -0600,17d304b56cd8afa0585745355049d62079bd8fa1,TX,48059,2,2022-11-09T01:00:00.000Z,FIPSCode,48059,0,2022-11-10T04:20:50.274Z,8,99.0,8,100.0,58549,4769,90.61,63031,442,8.4,63506,37,0.7,63505,15,0.29,5316,99,5263,10020,8,8
1668059416,2022-11-09 23:50:16 -0600,73684e18a18c0687526fcde0885ba3f733ea3613,TX,48059,2,2022-11-09T01:00:00.000Z,FIPSCode,48059,0,2022-11-10T04:20:50.274Z,8,99.0,8,100.0,58549,4769,90.61,63031,442,8.4,63506,37,0.7,63505,15,0.29,5316,99,5263,10020,8,8
1668059457,2022-11-09 23:50:57 -0600,7d8a8b28319dadf781482663ed847317364e5a05,TX,48059,2,2022-11-09T01:00:00.000Z,FIPSCode,48059,0,2022-11-10T04:20:50.274Z,8,99.0,8,100.0,58549,4769,90.61,63031,442,8.4,63506,37,0.7,63505,15,0.29,5316,99,5263,10020,8,8
1668059499,2022-11-09 23:51:39 -0600,4d91388dd9b188e45c1807aaec6d7227d88fbc7d,TX,48059,2,2022-11-09T01:00:00.000Z,FIPSCode,48059,0,2022-11-10T04:20:50.274Z,8,99.0,8,100.0,58549,4769,90.61,63031,442,8.4,63506,37,0.7,63505,15,0.29,5316,99,5263,10020,8,8
1668059542,2022-11-09 23:52:22 -0600,217dedceba5ba047d7e79923d286f291903de523,TX,48059,2,2022-11-09T01:00:00.000Z,FIPSCode,48059,0,2022-11-10T04:20:50.274Z,8,99.0,8,100.0,58549,4769,90.61,63031,442,8.4,63506,37,0.7,63505,15,0.29,5316,99,5263,10020,8,8
1668059584,2022-11-09 23:53:04 -0600,d4c2a82fbb28d5d1a95f66fa7116efe2333771f0,TX,48059,2,2022-11-09T01:00:00.000Z,FIPSCode,48059,0,2022-11-10T04:20:50.274Z,8,99.0,8,100.0,58549,4769,90.61,63031,442,8.4,63506,37,0.7,63505,15,0.29,5316,99,5263,10020,8,8
1668059626,2022-11-09 23:53:46 -0600,8a908edbf3b2e01900339427fb7c2b881a8a8a86,TX,48059,2,2022-11-09T01:00:00.000Z,FIPSCode,48059,0,2022-11-10T04:20:50.274Z,8,99.0,8,100.0,58549,4769,90.61,63031,442,8.4,63506,37,0.7,63505,15,0.29,5316,99,5263,10020,8,8
1668059667,2022-11-09 23:54:27 -0600,8b50c6fe8819aec298f4da7ccd3b1eeac6b47070,TX,48059,2,2022-11-09T01:00:00.000Z,FIPSCode,48059,0,2022-11-10T04:20:50.274Z,8,99.0,8,100.0,58549,4769,90.61,63031,442,8.4,63506,37,0.7,63505,15,0.29,5316,99,5263,10020,8,8
1668059710,2022-11-09 23:55:10 -0600,bd4599df876f84668d822269a092d1f30e2bd84b,TX,48059,2,2022-11-09T01:00:00.000Z,FIPSCode,48059,0,2022-11-10T04:20:50.274Z,8,99.0,8,100.0,58549,4769,90.61,63031,442,8.4,63506,37,0.7,63505,15,0.29,5316,99,5263,10020,8,8
1668059752,2022-11-09 23:55:52 -0600,4bab08d9724541f8bb42b423f3e38ffe1dfa929e,TX,48059,2,2022-11-09T01:00:00.000Z,FIPSCode,48059,0,2022-11-10T04:20:50.274Z,8,99.0,8,100.0,58549,4769,90.61,63031,442,8.4,63506,37,0.7,63505,15,0.29,5316,99,5263,10020,8,8
1668059794,2022-11-09 23:56:34 -0600,14d13f6ece37b9474aa41ff952cdc2f24c93f2fc,TX,48059,2,2022-11-09T01:00:00.000Z,FIPSCode,48059,0,2022-11-10T04:20:50.274Z,8,99.0,8,100.0,58549,4769,90.61,63031,442,8.4,63506,37,0.7,63505,15,0.29,5316,99,5263,10020,8,8
1668059838,2022-11-09 23:57:18 -0600,2b762be7a4cce1dc4606605fef706aa94533bd1e,TX,48059,2,2022-11-09T01:00:00.000Z,FIPSCode,48059,0,2022-11-10T04:20:50.274Z,8,99.0,8,100.0,58549,4769,90.61,63031,442,8.4,63506,37,0.7,63505,15,0.29,5316,99,5263,10020,8,8
1668059879,2022-11-09 23:57:59 -0600,070ae216b3d2261e744dcdc8d935c0bd9f7fab36,TX,48059,2,2022-11-09T01:00:00.000Z,FIPSCode,48059,0,2022-11-10T04:20:50.274Z,8,99.0,8,100.0,58549,4769,90.61,63031,442,8.4,63506,37,0.7,63505,15,0.29,5316,99,5263,10020,8,8
1668059922,2022-11-09 23:58:42 -0600,e28d1d493e0d9b9cf179029c465978931c572385,TX,48059,2,2022-11-09T01:00:00.000Z,FIPSCode,48059,0,2022-11-10T04:20:50.274Z,8,99.0,8,100.0,58549,4769,90.61,63031,442,8.4,63506,37,0.7,63505,15,0.29,5316,99,5263,10020,8,8
1668059965,2022-11-09 23:59:25 -0600,79fab5b38e8597b64e41da0b20d31d24ee5a51be,TX,48059,2,2022-11-09T01:00:00.000Z,FIPSCode,48059,0,2022-11-10T04:20:50.274Z,8,99.0,8,100.0,58549,4769,90.61,63031,442,8.4,63506,37,0.7,63505,15,0.29,5316,99,5263,10020,8,8
1668060008,2022-11-10 00:00:08 -0600,219e301cca3c868e092effd19a6156fae5b1d0b4,TX,48059,2,2022-11-09T01:00:00.000Z,FIPSCode,48059,0,2022-11-10T04:20:50.274Z,8,99.0,8,100.0,58549,4769,90.61,63031,442,8.4,63506,37,0.7,63505,15,0.29,5316,99,5263,10020,8,8
1668060050,2022-11-10 00:00:50 -0600,c67f7599f08a0ff70937569f3aca69194ee3798a,TX,48059,2,2022-11-09T01:00:00.000Z,FIPSCode,48059,0,2022-11-10T04:20:50.274Z,8,99.0,8,100.0,58549,4769,90.61,63031,442,8.4,63506,37,0.7,63505,15,0.29,5316,99,5263,10020,8,8
1668060092,2022-11-10 00:01:32 -0600,60462b1b4ed082e8826bd2008d584b7f8bdfdf74,TX,48059,2,2022-11-09T01:00:00.000Z,FIPSCode,48059,0,2022-11-10T04:20:50.274Z,8,99.0,8,100.0,58549,4769,90.61,63031,442,8.4,63506,37,0.7,63505,15,0.29,5316,99,5263,10020,8,8
1668060134,2022-11-10 00:02:14 -0600,1e3ef41f516e5a513b039e368e1241597eef8189,TX,48059,2,2022-11-09T01:00:00.000Z,FIPSCode,48059,0,2022-11-10T04:20:50.274Z,8,99.0,8,100.0,58549,4769,90.61,63031,442,8.4,63506,37,0.7,63505,15,0.29,5316,99,5263,10020,8,8
1668060176,2022-11-10 00:02:56 -0600,62e1dafb57237d2224cbaf53eea6a203fcbf7169,TX,48059,2,2022-11-09T01:00:00.000Z,FIPSCode,48059,0,2022-11-10T04:20:50.274Z,8,99.0,8,100.0,58549,4769,90.61,63031,442,8.4,63506,37,0.7,63505,15,0.29,5316,99,5263,10020,8,8
1668060218,2022-11-10 00:03:38 -0600,9f8c0a13e13c793dded44793c3d4923ed5e59c97,TX,48059,2,2022-11-09T01:00:00.000Z,FIPSCode,48059,0,2022-11-10T04:20:50.274Z,8,99.0,8,100.0,58549,4769,90.61,63031,442,8.4,63506,37,0.7,63505,15,0.29,5316,99,5263,10020,8,8
1668060260,2022-11-10 00:04:20 -0600,66a67926790295bd9be599b468287b90d8e91979,TX,48059,2,2022-11-09T01:00:00.000Z,FIPSCode,48059,0,2022-11-10T04:20:50.274Z,8,99.0,8,100.0,58549,4769,90.61,63031,442,8.4,63506,37,0.7,63505,15,0.29,5316,99,5263,10020,8,8
1668060302,2022-11-10 00:05:02 -0600,adda7c9975024825f6cd78026046dd30c84904e1,TX,48059,2,2022-11-09T01:00:00.000Z,FIPSCode,48059,0,2022-11-10T04:20:50.274Z,8,99.0,8,100.0,58549,4769,90.61,63031,442,8.4,63506,37,0.7,63505,15,0.29,5316,99,5263,10020,8,8
1668060346,2022-11-10 00:05:46 -0600,6fca00c1958fa1a77668d1803292ed6ec70fdfa6,TX,48059,2,2022-11-09T01:00:00.000Z,FIPSCode,48059,0,2022-11-10T04:20:50.274Z,8,99.0,8,100.0,58549,4769,90.61,63031,442,8.4,63506,37,0.7,63505,15,0.29,5316,99,5263,10020,8,8
1668060387,2022-11-10 00:06:27 -0600,9e48849a9a4fb736987754fe6de8c7c82fbea306,TX,48059,2,2022-11-09T01:00:00.000Z,FIPSCode,48059,0,2022-11-10T04:20:50.274Z,8,99.0,8,100.0,58549,4769,90.61,63031,442,8.4,63506,37,0.7,63505,15,0.29,5316,99,5263,10020,8,8
1668060430,2022-11-10 00:07:10 -0600,c4a664a77933b7ff89eb7f150bf98386d0f5bfc8,TX,48059,2,2022-11-09T01:00:00.000Z,FIPSCode,48059,0,2022-11-10T04:20:50.274Z,8,99.0,8,100.0,58549,4769,90.61,63031,442,8.4,63506,37,0.7,63505,15,0.29,5316,99,5263,10020,8,8
1668060473,2022-11-10 00:07:53 -0600,9740c7e4a495c620a98728205d4427c624736a26,TX,48059,2,2022-11-09T01:00:00.000Z,FIPSCode,48059,0,2022-11-10T04:20:50.274Z,8,99.0,8,100.0,58549,4769,90.61,63031,442,8.4,63506,37,0.7,63505,15,0.29,5316,99,5263,10020,8,8
1668060518,2022-11-10 00:08:38 -0600,3d3e403c4b13de8d1b0f6cb4aa1b55052d5848de,TX,48059,2,2022-11-09T01:00:00.000Z,FIPSCode,48059,0,2022-11-10T04:20:50.274Z,8,99.0,8,100.0,58549,4769,90.61,63031,442,8.4,63506,37,0.7,63505,15,0.29,5316,99,5263,10020,8,8
1668060559,2022-11-10 00:09:19 -0600,ab40b804734533fd51d6d3a27ae6cbf6caa7d2e9,TX,48059,2,2022-11-09T01:00:00.000Z,FIPSCode,48059,0,2022-11-10T04:20:50.274Z,8,99.0,8,100.0,58549,4769,90.61,63031,442,8.4,63506,37,0.7,63505,15,0.29,5316,99,5263,10020,8,8
1668060603,2022-11-10 00:10:03 -0600,8b6c4833c5306552370a436e8b58761c50fccd12,TX,48059,2,2022-11-09T01:00:00.000Z,FIPSCode,48059,0,2022-11-10T04:20:50.274Z,8,99.0,8,100.0,58549,4769,90.61,63031,442,8.4,63506,37,0.7,63505,15,0.29,5316,99,5263,10020,8,8
1668060646,2022-11-10 00:10:46 -0600,8348b4b17415e287025fbafeb9f2dba2635f20c1,TX,48059,2,2022-11-09T01:00:00.000Z,FIPSCode,48059,0,2022-11-10T04:20:50.274Z,8,99.0,8,100.0,58549,4769,90.61,63031,442,8.4,63506,37,0.7,63505,15,0.29,5316,99,5263,10020,8,8
1668060688,2022-11-10 00:11:28 -0600,666cdc851b8685031b45e3afc5c5d67a704e88df,TX,48059,2,2022-11-09T01:00:00.000Z,FIPSCode,48059,0,2022-11-10T04:20:50.274Z,8,99.0,8,100.0,58549,4769,90.61,63031,442,8.4,63506,37,0.7,63505,15,0.29,5316,99,5263,10020,8,8
1668060731,2022-11-10 00:12:11 -0600,2fb5b69713c05ec769b7bd663e520b331c1e1407,TX,48059,2,2022-11-09T01:00:00.000Z,FIPSCode,48059,0,2022-11-10T04:20:50.274Z,8,99.0,8,100.0,58549,4769,90.61,63031,442,8.4,63506,37,0.7,63505,15,0.29,5316,99,5263,10020,8,8
1668060982,2022-11-10 00:16:22 -0600,d16778c65874eba429fbafbae59ddb1bf98890e8,TX,48059,2,2022-11-09T01:00:00.000Z,FIPSCode,48059,0,2022-11-10T04:20:50.274Z,8,99.0,8,100.0,58549,4769,90.61,63031,442,8.4,63506,37,0.7,63505,15,0.29,5316,99,5263,10020,8,8
1668061022,2022-11-10 00:17:02 -0600,7f71044ecf7768ebeb757b9af7c097e122277f59,TX,48059,2,2022-11-09T01:00:00.000Z,FIPSCode,48059,0,2022-11-10T04:20:50.274Z,8,99.0,8,100.0,58549,4769,90.61,63031,442,8.4,63506,37,0.7,63505,15,0.29,5316,99,5263,10020,8,8
1668061065,2022-11-10 00:17:45 -0600,095f219ffa5f8da81ecbd31ecad5a4c72378bd78,TX,48059,2,2022-11-09T01:00:00.000Z,FIPSCode,48059,0,2022-11-10T04:20:50.274Z,8,99.0,8,100.0,58549,4769,90.61,63031,442,8.4,63506,37,0.7,63505,15,0.29,5316,99,5263,10020,8,8
1668061106,2022-11-10 00:18:26 -0600,477f44387b4acd152ce00dcab4360c5b1827d3ab,TX,48059,2,2022-11-09T01:00:00.000Z,FIPSCode,48059,0,2022-11-10T04:20:50.274Z,8,99.0,8,100.0,58549,4769,90.61,63031,442,8.4,63506,37,0.7,63505,15,0.29,5316,99,5263,10020,8,8
1668061149,2022-11-10 00:19:09 -0600,b5f50f7e97bc0f71e6be4eeb63d00fc320c74c85,TX,48059,2,2022-11-09T01:00:00.000Z,FIPSCode,48059,0,2022-11-10T04:20:50.274Z,8,99.0,8,100.0,58549,4769,90.61,63031,442,8.4,63506,37,0.7,63505,15,0.29,5316,99,5263,10020,8,8
1668061191,2022-11-10 00:19:51 -0600,65a5324973e80c6af0c2ebb35fefb12a7d0ae2e6,TX,48059,2,2022-11-09T01:00:00.000Z,FIPSCode,48059,0,2022-11-10T04:20:50.274Z,8,99.0,8,100.0,58549,4769,90.61,63031,442,8.4,63506,37,0.7,63505,15,0.29,5316,99,5263,10020,8,8
1668061233,2022-11-10 00:20:33 -0600,0388ae2867b8fc07501ca79b374dbcb6f1528b5d,TX,48059,2,2022-11-09T01:00:00.000Z,FIPSCode,48059,0,2022-11-10T04:20:50.274Z,8,99.0,8,100.0,58549,4769,90.61,63031,442,8.4,63506,37,0.7,63505,15,0.29,5316,99,5263,10020,8,8
1668061275,2022-11-10 00:21:15 -0600,f931cc25c86ec37368611336adb2c90db33172ad,TX,48059,2,2022-11-09T01:00:00.000Z,FIPSCode,48059,0,2022-11-10T04:20:50.274Z,8,99.0,8,100.0,58549,4769,90.61,63031,442,8.4,63506,37,0.7,63505,15,0.29,5316,99,5263,10020,8,8
1668061317,2022-11-10 00:21:57 -0600,c98b4cd813df2a12de5489a1d70e59f42f57ee1f,TX,48059,2,2022-11-09T01:00:00.000Z,FIPSCode,48059,0,2022-11-10T04:20:50.274Z,8,99.0,8,100.0,58549,4769,90.61,63031,442,8.4,63506,37,0.7,63505,15,0.29,5316,99,5263,10020,8,8
1668061359,2022-11-10 00:22:39 -0600,2487fce5f2a7f93feb9fb765dbd0869480eb3042,TX,48059,2,2022-11-09T01:00:00.000Z,FIPSCode,48059,0,2022-11-10T04:20:50.274Z,8,99.0,8,100.0,58549,4769,90.61,63031,442,8.4,63506,37,0.7,63505,15,0.29,5316,99,5263,10020,8,8
1668061402,2022-11-10 00:23:22 -0600,7ca56b1cf854614b01c3539c60dfe2fbb0f3435e,TX,48059,2,2022-11-09T01:00:00.000Z,FIPSCode,48059,0,2022-11-10T04:20:50.274Z,8,99.0,8,100.0,58549,4769,90.61,63031,442,8.4,63506,37,0.7,63505,15,0.29,5316,99,5263,10020,8,8
1668061445,2022-11-10 00:24:05 -0600,dcc204366df2512d2950e00572607292429da6f4,TX,48059,2,2022-11-09T01:00:00.000Z,FIPSCode,48059,0,2022-11-10T04:20:50.274Z,8,99.0,8,100.0,58549,4769,90.61,63031,442,8.4,63506,37,0.7,63505,15,0.29,5316,99,5263,10020,8,8
1668061488,2022-11-10 00:24:48 -0600,92cb94ba0094039f8775b60a3400826e519c4761,TX,48059,2,2022-11-09T01:00:00.000Z,FIPSCode,48059,0,2022-11-10T04:20:50.274Z,8,99.0,8,100.0,58549,4769,90.61,63031,442,8.4,63506,37,0.7,63505,15,0.29,5316,99,5263,10020,8,8
1668061531,2022-11-10 00:25:31 -0600,52ca38217029e840f720e456c44bceb851a2c0da,TX,48059,2,2022-11-09T01:00:00.000Z,FIPSCode,48059,0,2022-11-10T04:20:50.274Z,8,99.0,8,100.0,58549,4769,90.61,63031,442,8.4,63506,37,0.7,63505,15,0.29,5316,99,5263,10020,8,8
1668061575,2022-11-10 00:26:15 -0600,7134bb3b429ebea17af8c1c06c90fc76aa765a2f,TX,48059,2,2022-11-09T01:00:00.000Z,FIPSCode,48059,0,2022-11-10T04:20:50.274Z,8,99.0,8,100.0,58549,4769,90.61,63031,442,8.4,63506,37,0.7,63505,15,0.29,5316,99,5263,10020,8,8
1668061617,2022-11-10 00:26:57 -0600,c8ad60c33f57be04014b0253d15937a95f98b86f,TX,48059,2,2022-11-09T01:00:00.000Z,FIPSCode,48059,0,2022-11-10T04:20:50.274Z,8,99.0,8,100.0,58549,4769,90.61,63031,442,8.4,63506,37,0.7,63505,15,0.29,5316,99,5263,10020,8,8
1668061664,2022-11-10 00:27:44 -0600,5efc21efa30d1d0e74e52ba1762f8d2a8227c3b7,TX,48059,2,2022-11-09T01:00:00.000Z,FIPSCode,48059,0,2022-11-10T04:20:50.274Z,8,99.0,8,100.0,58549,4769,90.61,63031,442,8.4,63506,37,0.7,63505,15,0.29,5316,99,5263,10020,8,8
1668061707,2022-11-10 00:28:27 -0600,623766c59c566f629f6b75e8827225638e9e7d5d,TX,48059,2,2022-11-09T01:00:00.000Z,FIPSCode,48059,0,2022-11-10T04:20:50.274Z,8,99.0,8,100.0,58549,4769,90.61,63031,442,8.4,63506,37,0.7,63505,15,0.29,5316,99,5263,10020,8,8
1668061750,2022-11-10 00:29:10 -0600,9c4db629a70af2af70458bbb02101a930b8c13ed,TX,48059,2,2022-11-09T01:00:00.000Z,FIPSCode,48059,0,2022-11-10T04:20:50.274Z,8,99.0,8,100.0,58549,4769,90.61,63031,442,8.4,63506,37,0.7,63505,15,0.29,5316,99,5263,10020,8,8
1668061793,2022-11-10 00:29:53 -0600,08fdbb2c0498f7b5988c7c0d44c32b8d5453a90b,TX,48059,2,2022-11-09T01:00:00.000Z,FIPSCode,48059,0,2022-11-10T04:20:50.274Z,8,99.0,8,100.0,58549,4769,90.61,63031,442,8.4,63506,37,0.7,63505,15,0.29,5316,99,5263,10020,8,8
1668061835,2022-11-10 00:30:35 -0600,0e43a4c4499c940f60b212c70333c2f0477af5ad,TX,48059,2,2022-11-09T01:00:00.000Z,FIPSCode,48059,0,2022-11-10T04:20:50.274Z,8,99.0,8,100.0,58549,4769,90.61,63031,442,8.4,63506,37,0.7,63505,15,0.29,5316,99,5263,10020,8,8
1668061878,2022-11-10 00:31:18 -0600,d9a3d80f52f93902b6e215bb3e63c78574d95b3a,TX,48059,2,2022-11-09T01:00:00.000Z,FIPSCode,48059,0,2022-11-10T04:20:50.274Z,8,99.0,8,100.0,58549,4769,90.61,63031,442,8.4,63506,37,0.7,63505,15,0.29,5316,99,5263,10020,8,8
1668061920,2022-11-10 00:32:00 -0600,ec645155b8d287c3e9bf8b860c083a4d68ddf96d,TX,48059,2,2022-11-09T01:00:00.000Z,FIPSCode,48059,0,2022-11-10T04:20:50.274Z,8,99.0,8,100.0,58549,4769,90.61,63031,442,8.4,63506,37,0.7,63505,15,0.29,5316,99,5263,10020,8,8
1668061963,2022-11-10 00:32:43 -0600,f36919d192670f8b53fcc34bfeaf6a2d38bc9005,TX,48059,2,2022-11-09T01:00:00.000Z,FIPSCode,48059,0,2022-11-10T06:31:50.811Z,8,99.0,8,100.0,58549,4769,90.61,63031,442,8.4,63506,37,0.7,63505,15,0.29,5316,99,5263,10020,8,8
1668062004,2022-11-10 00:33:24 -0600,1476c017004633a1bf47ba725f86d849c30b34cc,TX,48059,2,2022-11-09T01:00:00.000Z,FIPSCode,48059,0,2022-11-10T06:32:50.059Z,8,99.0,8,100.0,58549,4769,90.61,63031,442,8.4,63506,37,0.7,63505,15,0.29,5316,99,5263,10020,8,8
1668062048,2022-11-10 00:34:08 -0600,cabe85267f6ed5abc9fe026837403c4667541173,TX,48059,2,2022-11-09T01:00:00.000Z,FIPSCode,48059,0,2022-11-10T06:33:29.757Z,8,99.0,8,100.0,58549,4769,90.61,63031,442,8.4,63506,37,0.7,63505,15,0.29,5316,99,5263,10020,8,8
1668062090,2022-11-10 00:34:50 -0600,e378775a4f20e6cbaeb43cd184231e9b05ab8d2f,TX,48059,2,2022-11-09T01:00:00.000Z,FIPSCode,48059,0,2022-11-10T06:33:29.757Z,8,99.0,8,100.0,58549,4769,90.61,63031,442,8.4,63506,37,0.7,63505,15,0.29,5316,99,5263,10020,8,8
1668062131,2022-11-10 00:35:31 -0600,36e0c6891edc69e7be5b51509ff89fd30e1278f5,TX,48059,2,2022-11-09T01:00:00.000Z,FIPSCode,48059,0,2022-11-10T06:33:29.757Z,8,99.0,8,100.0,58549,4769,90.61,63031,442,8.4,63506,37,0.7,63505,15,0.29,5316,99,5263,10020,8,8
1668062172,2022-11-10 00:36:12 -0600,15fdb735d274c9e6192073221e0423620217c007,TX,48059,2,2022-11-09T01:00:00.000Z,FIPSCode,48059,0,2022-11-10T06:33:29.757Z,8,99.0,8,100.0,58549,4769,90.61,63031,442,8.4,63506,37,0.7,63505,15,0.29,5316,99,5263,10020,8,8
1668062216,2022-11-10 00:36:56 -0600,688a06b6774a784a69525d5e3f3c4611e510fb17,TX,48059,2,2022-11-09T01:00:00.000Z,FIPSCode,48059,0,2022-11-10T06:33:29.757Z,8,99.0,8,100.0,58549,4769,90.61,63031,442,8.4,63506,37,0.7,63505,15,0.29,5316,99,5263,10020,8,8
1668062257,2022-11-10 00:37:37 -0600,c6cd3ea6c9f4f4fcdd55c03fac0526cdb42d3d31,TX,48059,2,2022-11-09T01:00:00.000Z,FIPSCode,48059,0,2022-11-10T06:33:29.757Z,8,99.0,8,100.0,58549,4769,90.61,63031,442,8.4,63506,37,0.7,63505,15,0.29,5316,99,5263,10020,8,8
1668062298,2022-11-10 00:38:18 -0600,2bed176e085e2b5575edf4ec84308d563925c21c,TX,48059,2,2022-11-09T01:00:00.000Z,FIPSCode,48059,0,2022-11-10T06:33:29.757Z,8,99.0,8,100.0,58549,4769,90.61,63031,442,8.4,63506,37,0.7,63505,15,0.29,5316,99,5263,10020,8,8
1668062339,2022-11-10 00:38:59 -0600,35a4821f36cdac545d7b445a6e9366ab79ef5ac7,TX,48059,2,2022-11-09T01:00:00.000Z,FIPSCode,48059,0,2022-11-10T06:33:29.757Z,8,99.0,8,100.0,58549,4769,90.61,63031,442,8.4,63506,37,0.7,63505,15,0.29,5316,99,5263,10020,8,8
1668062381,2022-11-10 00:39:41 -0600,01c17d4730632a5af90496cced15d3e4a844d4e3,TX,48059,2,2022-11-09T01:00:00.000Z,FIPSCode,48059,0,2022-11-10T06:33:29.757Z,8,99.0,8,100.0,58549,4769,90.61,63031,442,8.4,63506,37,0.7,63505,15,0.29,5316,99,5263,10020,8,8
1668062421,2022-11-10 00:40:21 -0600,ae37172acd324307a276a0cbf14b46e0f980ba25,TX,48059,2,2022-11-09T01:00:00.000Z,FIPSCode,48059,0,2022-11-10T06:33:29.757Z,8,99.0,8,100.0,58549,4769,90.61,63031,442,8.4,63506,37,0.7,63505,15,0.29,5316,99,5263,10020,8,8
1668062463,2022-11-10 00:41:03 -0600,d2a30aee88b1ed1f7268f8faa37d4cab089feb61,TX,48059,2,2022-11-09T01:00:00.000Z,FIPSCode,48059,0,2022-11-10T06:33:29.757Z,8,99.0,8,100.0,58549,4769,90.61,63031,442,8.4,63506,37,0.7,63505,15,0.29,5316,99,5263,10020,8,8
1668062504,2022-11-10 00:41:44 -0600,6efaa627acc5ba972dde72eed394117f5bd2cbda,TX,48059,2,2022-11-09T01:00:00.000Z,FIPSCode,48059,0,2022-11-10T06:33:29.757Z,8,99.0,8,100.0,58549,4769,90.61,63031,442,8.4,63506,37,0.7,63505,15,0.29,5316,99,5263,10020,8,8
1668062546,2022-11-10 00:42:26 -0600,36b27cef6697cb2ec10417c9f9502a22bb76efe3,TX,48059,2,2022-11-09T01:00:00.000Z,FIPSCode,48059,0,2022-11-10T06:33:29.757Z,8,99.0,8,100.0,58549,4769,90.61,63031,442,8.4,63506,37,0.7,63505,15,0.29,5316,99,5263,10020,8,8
1668062589,2022-11-10 00:43:09 -0600,6d9eba6070b141050b5916b03e2802adc17f2c84,TX,48059,2,2022-11-09T01:00:00.000Z,FIPSCode,48059,0,2022-11-10T06:33:29.757Z,8,99.0,8,100.0,58549,4769,90.61,63031,442,8.4,63506,37,0.7,63505,15,0.29,5316,99,5263,10020,8,8
1668062629,2022-11-10 00:43:49 -0600,cc92892d117d67ac2535f41e4a3a1e804ce36cdc,TX,48059,2,2022-11-09T01:00:00.000Z,FIPSCode,48059,0,2022-11-10T06:33:29.757Z,8,99.0,8,100.0,58549,4769,90.61,63031,442,8.4,63506,37,0.7,63505,15,0.29,5316,99,5263,10020,8,8
1668062670,2022-11-10 00:44:30 -0600,f5c8aa1aa0328b427c23fa570667bf048d9a8dd2,TX,48059,2,2022-11-09T01:00:00.000Z,FIPSCode,48059,0,2022-11-10T06:33:29.757Z,8,99.0,8,100.0,58549,4769,90.61,63031,442,8.4,63506,37,0.7,63505,15,0.29,5316,99,5263,10020,8,8
1668062711,2022-11-10 00:45:11 -0600,1fcdf9c68169ffe546780e0a8af8f6d40251bff4,TX,48059,2,2022-11-09T01:00:00.000Z,FIPSCode,48059,0,2022-11-10T06:33:29.757Z,8,99.0,8,100.0,58549,4769,90.61,63031,442,8.4,63506,37,0.7,63505,15,0.29,5316,99,5263,10020,8,8
1668062753,2022-11-10 00:45:53 -0600,563374923afe7a6a5ca62f4f87afdd8601470e45,TX,48059,2,2022-11-09T01:00:00.000Z,FIPSCode,48059,0,2022-11-10T06:33:29.757Z,8,99.0,8,100.0,58549,4769,90.61,63031,442,8.4,63506,37,0.7,63505,15,0.29,5316,99,5263,10020,8,8
1668062794,2022-11-10 00:46:34 -0600,9ea6ce12af3d30581707fe59d805035cf3cb0dcf,TX,48059,2,2022-11-09T01:00:00.000Z,FIPSCode,48059,0,2022-11-10T06:33:29.757Z,8,99.0,8,100.0,58549,4769,90.61,63031,442,8.4,63506,37,0.7,63505,15,0.29,5316,99,5263,10020,8,8
1668062837,2022-11-10 00:47:17 -0600,0c22bcb45e6eea69354d4f6fb97ca3fd8a2adc84,TX,48059,2,2022-11-09T01:00:00.000Z,FIPSCode,48059,0,2022-11-10T06:33:29.757Z,8,99.0,8,100.0,58549,4769,90.61,63031,442,8.4,63506,37,0.7,63505,15,0.29,5316,99,5263,10020,8,8
1668062879,2022-11-10 00:47:59 -0600,52e42811f952c6514d3ef0b0d81a953e123e10dc,TX,48059,2,2022-11-09T01:00:00.000Z,FIPSCode,48059,0,2022-11-10T06:33:29.757Z,8,99.0,8,100.0,58549,4769,90.61,63031,442,8.4,63506,37,0.7,63505,15,0.29,5316,99,5263,10020,8,8
1668062922,2022-11-10 00:48:42 -0600,53df6066338d9fcba74996cd81b16d295a36c898,TX,48059,2,2022-11-09T01:00:00.000Z,FIPSCode,48059,0,2022-11-10T06:33:29.757Z,8,99.0,8,100.0,58549,4769,90.61,63031,442,8.4,63506,37,0.7,63505,15,0.29,5316,99,5263,10020,8,8
1668062964,2022-11-10 00:49:24 -0600,35ddb4edb36e45d20334efb632d330956954f180,TX,48059,2,2022-11-09T01:00:00.000Z,FIPSCode,48059,0,2022-11-10T06:33:29.757Z,8,99.0,8,100.0,58549,4769,90.61,63031,442,8.4,63506,37,0.7,63505,15,0.29,5316,99,5263,10020,8,8
1668063005,2022-11-10 00:50:05 -0600,7e2fb24bba841c328d41462808d0623ebc7fdb5d,TX,48059,2,2022-11-09T01:00:00.000Z,FIPSCode,48059,0,2022-11-10T06:33:29.757Z,8,99.0,8,100.0,58549,4769,90.61,63031,442,8.4,63506,37,0.7,63505,15,0.29,5316,99,5263,10020,8,8
1668063047,2022-11-10 00:50:47 -0600,24c3c043df2fc0ff0cdefc119c626517e3124350,TX,48059,2,2022-11-09T01:00:00.000Z,FIPSCode,48059,0,2022-11-10T06:33:29.757Z,8,99.0,8,100.0,58549,4769,90.61,63031,442,8.4,63506,37,0.7,63505,15,0.29,5316,99,5263,10020,8,8
1668063088,2022-11-10 00:51:28 -0600,4358355fd34acd55ddb4cd00c44725bfc3b5dc83,TX,48059,2,2022-11-09T01:00:00.000Z,FIPSCode,48059,0,2022-11-10T06:33:29.757Z,8,99.0,8,100.0,58549,4769,90.61,63031,442,8.4,63506,37,0.7,63505,15,0.29,5316,99,5263,10020,8,8
1668063130,2022-11-10 00:52:10 -0600,04578fff40f018da49850ec8ef1ea3a6d81a9d02,TX,48059,2,2022-11-09T01:00:00.000Z,FIPSCode,48059,0,2022-11-10T06:33:29.757Z,8,99.0,8,100.0,58549,4769,90.61,63031,442,8.4,63506,37,0.7,63505,15,0.29,5316,99,5263,10020,8,8
1668063171,2022-11-10 00:52:51 -0600,e53f12c5b0500895c2b3bf7dc2ec3cf1f7e8d7c4,TX,48059,2,2022-11-09T01:00:00.000Z,FIPSCode,48059,0,2022-11-10T06:33:29.757Z,8,99.0,8,100.0,58549,4769,90.61,63031,442,8.4,63506,37,0.7,63505,15,0.29,5316,99,5263,10020,8,8
1668063214,2022-11-10 00:53:34 -0600,b150295306dcddebf2289951b5188f89815fe695,TX,48059,2,2022-11-09T01:00:00.000Z,FIPSCode,48059,0,2022-11-10T06:33:29.757Z,8,99.0,8,100.0,58549,4769,90.61,63031,442,8.4,63506,37,0.7,63505,15,0.29,5316,99,5263,10020,8,8
1668063256,2022-11-10 00:54:16 -0600,13dd57c7677164ea49fb07ef4673843234f277d4,TX,48059,2,2022-11-09T01:00:00.000Z,FIPSCode,48059,0,2022-11-10T06:33:29.757Z,8,99.0,8,100.0,58549,4769,90.61,63031,442,8.4,63506,37,0.7,63505,15,0.29,5316,99,5263,10020,8,8
1668063299,2022-11-10 00:54:59 -0600,d60e395c8ec398636d68daf4fdef7e14cfd76513,TX,48059,2,2022-11-09T01:00:00.000Z,FIPSCode,48059,0,2022-11-10T06:33:29.757Z,8,99.0,8,100.0,58549,4769,90.61,63031,442,8.4,63506,37,0.7,63505,15,0.29,5316,99,5263,10020,8,8
1668063342,2022-11-10 00:55:42 -0600,edb2d3f31cb36699b261d224af9507bc5ad33673,TX,48059,2,2022-11-09T01:00:00.000Z,FIPSCode,48059,0,2022-11-10T06:33:29.757Z,8,99.0,8,100.0,58549,4769,90.61,63031,442,8.4,63506,37,0.7,63505,15,0.29,5316,99,5263,10020,8,8
1668063385,2022-11-10 00:56:25 -0600,aaa33be532eda1d0927e573104e0e8cbc015c420,TX,48059,2,2022-11-09T01:00:00.000Z,FIPSCode,48059,0,2022-11-10T06:33:29.757Z,8,99.0,8,100.0,58549,4769,90.61,63031,442,8.4,63506,37,0.7,63505,15,0.29,5316,99,5263,10020,8,8
1668063428,2022-11-10 00:57:08 -0600,76dda5d02de4e59aa313389c3dc1c0485329734d,TX,48059,2,2022-11-09T01:00:00.000Z,FIPSCode,48059,0,2022-11-10T06:33:29.757Z,8,99.0,8,100.0,58549,4769,90.61,63031,442,8.4,63506,37,0.7,63505,15,0.29,5316,99,5263,10020,8,8
1668063470,2022-11-10 00:57:50 -0600,f68de196bc2891e54e3dc7b68da20c84b027c8e0,TX,48059,2,2022-11-09T01:00:00.000Z,FIPSCode,48059,0,2022-11-10T06:33:29.757Z,8,99.0,8,100.0,58549,4769,90.61,63031,442,8.4,63506,37,0.7,63505,15,0.29,5316,99,5263,10020,8,8
1668063513,2022-11-10 00:58:33 -0600,53df7272fdb490f7db350ade12f91fabe6ec0832,TX,48059,2,2022-11-09T01:00:00.000Z,FIPSCode,48059,0,2022-11-10T06:33:29.757Z,8,99.0,8,100.0,58549,4769,90.61,63031,442,8.4,63506,37,0.7,63505,15,0.29,5316,99,5263,10020,8,8
1668063556,2022-11-10 00:59:16 -0600,cab4423f461ecf14287da4acf3dfe73ee998bec4,TX,48059,2,2022-11-09T01:00:00.000Z,FIPSCode,48059,0,2022-11-10T06:33:29.757Z,8,99.0,8,100.0,58549,4769,90.61,63031,442,8.4,63506,37,0.7,63505,15,0.29,5316,99,5263,10020,8,8
1668063598,2022-11-10 00:59:58 -0600,7f71cc7a0fce8e8b22a81d434b4103d27b6ddd12,TX,48059,2,2022-11-09T01:00:00.000Z,FIPSCode,48059,0,2022-11-10T06:33:29.757Z,8,99.0,8,100.0,58549,4769,90.61,63031,442,8.4,63506,37,0.7,63505,15,0.29,5316,99,5263,10020,8,8
1668063641,2022-11-10 01:00:41 -0600,8d2b6bbb28404d8b8f748d37db87094744603544,TX,48059,2,2022-11-09T01:00:00.000Z,FIPSCode,48059,0,2022-11-10T06:33:29.757Z,8,99.0,8,100.0,58549,4769,90.61,63031,442,8.4,63506,37,0.7,63505,15,0.29,5316,99,5263,10020,8,8
1668063683,2022-11-10 01:01:23 -0600,171ca272825f7da5736b839a9205d722f64f8f79,TX,48059,2,2022-11-09T01:00:00.000Z,FIPSCode,48059,0,2022-11-10T06:33:29.757Z,8,99.0,8,100.0,58549,4769,90.61,63031,442,8.4,63506,37,0.7,63505,15,0.29,5316,99,5263,10020,8,8
1668063725,2022-11-10 01:02:05 -0600,0fe9d681ba10b32b2be5211e7447b726fe66cfaa,TX,48059,2,2022-11-09T01:00:00.000Z,FIPSCode,48059,0,2022-11-10T06:33:29.757Z,8,99.0,8,100.0,58549,4769,90.61,63031,442,8.4,63506,37,0.7,63505,15,0.29,5316,99,5263,10020,8,8
1668063767,2022-11-10 01:02:47 -0600,00d024540fe2e3af716a445e3c0306e6a5320e6e,TX,48059,2,2022-11-09T01:00:00.000Z,FIPSCode,48059,0,2022-11-10T06:33:29.757Z,8,99.0,8,100.0,58549,4769,90.61,63031,442,8.4,63506,37,0.7,63505,15,0.29,5316,99,5263,10020,8,8
1668063809,2022-11-10 01:03:29 -0600,a8317fcc5854854c62ecc0de0f2e62d7f247153f,TX,48059,2,2022-11-09T01:00:00.000Z,FIPSCode,48059,0,2022-11-10T06:33:29.757Z,8,99.0,8,100.0,58549,4769,90.61,63031,442,8.4,63506,37,0.7,63505,15,0.29,5316,99,5263,10020,8,8
1668063852,2022-11-10 01:04:12 -0600,2b1485f9dc78216ed2dc7502a3bd6738cb2aeb74,TX,48059,2,2022-11-09T01:00:00.000Z,FIPSCode,48059,0,2022-11-10T06:33:29.757Z,8,99.0,8,100.0,58549,4769,90.61,63031,442,8.4,63506,37,0.7,63505,15,0.29,5316,99,5263,10020,8,8
1668063894,2022-11-10 01:04:54 -0600,e09a34d18096d21e7030c9ddbf39408ac0f628c9,TX,48059,2,2022-11-09T01:00:00.000Z,FIPSCode,48059,0,2022-11-10T06:33:29.757Z,8,99.0,8,100.0,58549,4769,90.61,63031,442,8.4,63506,37,0.7,63505,15,0.29,5316,99,5263,10020,8,8
1668063935,2022-11-10 01:05:35 -0600,9bd9f8df5d0eda9d9514e7f01a1088ce5b636c25,TX,48059,2,2022-11-09T01:00:00.000Z,FIPSCode,48059,0,2022-11-10T06:33:29.757Z,8,99.0,8,100.0,58549,4769,90.61,63031,442,8.4,63506,37,0.7,63505,15,0.29,5316,99,5263,10020,8,8
1668063978,2022-11-10 01:06:18 -0600,5bcb27a40f64022dbd96517d94c07b990b620679,TX,48059,2,2022-11-09T01:00:00.000Z,FIPSCode,48059,0,2022-11-10T06:33:29.757Z,8,99.0,8,100.0,58549,4769,90.61,63031,442,8.4,63506,37,0.7,63505,15,0.29,5316,99,5263,10020,8,8
1668064021,2022-11-10 01:07:01 -0600,cc5ab03701277eaba4824039c8c71a9f3be13c1b,TX,48059,2,2022-11-09T01:00:00.000Z,FIPSCode,48059,0,2022-11-10T06:33:29.757Z,8,99.0,8,100.0,58549,4769,90.61,63031,442,8.4,63506,37,0.7,63505,15,0.29,5316,99,5263,10020,8,8
1668064065,2022-11-10 01:07:45 -0600,ba96a9e87a09972355beaa89e38572c0e8da55fe,TX,48059,2,2022-11-09T01:00:00.000Z,FIPSCode,48059,0,2022-11-10T06:33:29.757Z,8,99.0,8,100.0,58549,4769,90.61,63031,442,8.4,63506,37,0.7,63505,15,0.29,5316,99,5263,10020,8,8
1668064108,2022-11-10 01:08:28 -0600,14aa1766a0fc38a66c70c8276096b136c2c14bdb,TX,48059,2,2022-11-09T01:00:00.000Z,FIPSCode,48059,0,2022-11-10T06:33:29.757Z,8,99.0,8,100.0,58549,4769,90.61,63031,442,8.4,63506,37,0.7,63505,15,0.29,5316,99,5263,10020,8,8
1668064150,2022-11-10 01:09:10 -0600,76ea4784582b1e49aac3940778b6c1e2d241bc07,TX,48059,2,2022-11-09T01:00:00.000Z,FIPSCode,48059,0,2022-11-10T07:08:51.381Z,8,99.0,8,100.0,58549,4769,90.61,63031,442,8.4,63506,37,0.7,63505,15,0.29,5316,99,5263,10020,8,8
1668064193,2022-11-10 01:09:53 -0600,5b2f111a05a8ceefb51cb424e2c40a0ac36a7bc4,TX,48059,2,2022-11-09T01:00:00.000Z,FIPSCode,48059,0,2022-11-10T07:08:51.381Z,8,99.0,8,100.0,58549,4769,90.61,63031,442,8.4,63506,37,0.7,63505,15,0.29,5316,99,5263,10020,8,8
1668064232,2022-11-10 01:10:32 -0600,b6400d754a1641f6bcf42cd0a2d9861151189892,TX,48059,2,2022-11-09T01:00:00.000Z,FIPSCode,48059,0,2022-11-10T07:09:50.495Z,8,99.0,8,100.0,58549,4769,90.61,63031,442,8.4,63506,37,0.7,63505,15,0.29,5316,99,5263,10020,8,8
1668064273,2022-11-10 01:11:13 -0600,6c8bda7f02a81c8f82f6644931999558eccdb88d,TX,48059,2,2022-11-09T01:00:00.000Z,FIPSCode,48059,0,2022-11-10T07:10:47.444Z,8,99.0,8,100.0,58549,4769,90.61,63031,442,8.4,63506,37,0.7,63505,15,0.29,5316,99,5263,10020,8,8
1668064316,2022-11-10 01:11:56 -0600,178ee480aeffb2506f244bdbc5be3de7f052af39,TX,48059,2,2022-11-09T01:00:00.000Z,FIPSCode,48059,0,2022-11-10T07:10:47.444Z,8,99.0,8,100.0,58549,4769,90.61,63031,442,8.4,63506,37,0.7,63505,15,0.29,5316,99,5263,10020,8,8
1668064356,2022-11-10 01:12:36 -0600,6ef07d91153576a0c88a1b11e03d186fedc9d0f4,TX,48059,2,2022-11-09T01:00:00.000Z,FIPSCode,48059,0,2022-11-10T07:10:47.444Z,8,99.0,8,100.0,58549,4769,90.61,63031,442,8.4,63506,37,0.7,63505,15,0.29,5316,99,5263,10020,8,8
1668064398,2022-11-10 01:13:18 -0600,bc211e23caad4b1be518d3d0949212743c12fdbc,TX,48059,2,2022-11-09T01:00:00.000Z,FIPSCode,48059,0,2022-11-10T07:10:47.444Z,8,99.0,8,100.0,58549,4769,90.61,63031,442,8.4,63506,37,0.7,63505,15,0.29,5316,99,5263,10020,8,8
1668064441,2022-11-10 01:14:01 -0600,073248a9b6c595f3b001bc618dd9fcca3e9e5a64,TX,48059,2,2022-11-09T01:00:00.000Z,FIPSCode,48059,0,2022-11-10T07:10:47.444Z,8,99.0,8,100.0,58549,4769,90.61,63031,442,8.4,63506,37,0.7,63505,15,0.29,5316,99,5263,10020,8,8
1668064482,2022-11-10 01:14:42 -0600,758c18649875a314529cb0cbc67df0fbe76c0f71,TX,48059,2,2022-11-09T01:00:00.000Z,FIPSCode,48059,0,2022-11-10T07:10:47.444Z,8,99.0,8,100.0,58549,4769,90.61,63031,442,8.4,63506,37,0.7,63505,15,0.29,5316,99,5263,10020,8,8
1668064523,2022-11-10 01:15:23 -0600,fc87127024bfc69aeef19793d9eed9782091944d,TX,48059,2,2022-11-09T01:00:00.000Z,FIPSCode,48059,0,2022-11-10T07:10:47.444Z,8,99.0,8,100.0,58549,4769,90.61,63031,442,8.4,63506,37,0.7,63505,15,0.29,5316,99,5263,10020,8,8
1668064564,2022-11-10 01:16:04 -0600,d1e406cac90cef43d03097dfaa1adba706a8780b,TX,48059,2,2022-11-09T01:00:00.000Z,FIPSCode,48059,0,2022-11-10T07:10:47.444Z,8,99.0,8,100.0,58549,4769,90.61,63031,442,8.4,63506,37,0.7,63505,15,0.29,5316,99,5263,10020,8,8
1668064603,2022-11-10 01:16:43 -0600,4a9ad998013218cef29b31cdac8f1700cd5a867e,TX,48059,2,2022-11-09T01:00:00.000Z,FIPSCode,48059,0,2022-11-10T07:10:47.444Z,8,99.0,8,100.0,58549,4769,90.61,63031,442,8.4,63506,37,0.7,63505,15,0.29,5316,99,5263,10020,8,8
1668064644,2022-11-10 01:17:24 -0600,21303df4cc6f8a1f6c0c906ad86df17becf4f582,TX,48059,2,2022-11-09T01:00:00.000Z,FIPSCode,48059,0,2022-11-10T07:10:47.444Z,8,99.0,8,100.0,58549,4769,90.61,63031,442,8.4,63506,37,0.7,63505,15,0.29,5316,99,5263,10020,8,8
1668064686,2022-11-10 01:18:06 -0600,7c4f4c87cce6253d352bff090c0770573837e20f,TX,48059,2,2022-11-09T01:00:00.000Z,FIPSCode,48059,0,2022-11-10T07:10:47.444Z,8,99.0,8,100.0,58549,4769,90.61,63031,442,8.4,63506,37,0.7,63505,15,0.29,5316,99,5263,10020,8,8
1668064726,2022-11-10 01:18:46 -0600,4c0afa6686ce0f52ab4e57db5d89766fe307a01f,TX,48059,2,2022-11-09T01:00:00.000Z,FIPSCode,48059,0,2022-11-10T07:10:47.444Z,8,99.0,8,100.0,58549,4769,90.61,63031,442,8.4,63506,37,0.7,63505,15,0.29,5316,99,5263,10020,8,8
1668064769,2022-11-10 01:19:29 -0600,94a37a56313acb82cda67b32c8dc6031c5bef03a,TX,48059,2,2022-11-09T01:00:00.000Z,FIPSCode,48059,0,2022-11-10T07:10:47.444Z,8,99.0,8,100.0,58549,4769,90.61,63031,442,8.4,63506,37,0.7,63505,15,0.29,5316,99,5263,10020,8,8
1668064810,2022-11-10 01:20:10 -0600,5f0f1a0e38ec5ceb94c0698feb0fc4fb85c96dfd,TX,48059,2,2022-11-09T01:00:00.000Z,FIPSCode,48059,0,2022-11-10T07:10:47.444Z,8,99.0,8,100.0,58549,4769,90.61,63031,442,8.4,63506,37,0.7,63505,15,0.29,5316,99,5263,10020,8,8
1668064853,2022-11-10 01:20:53 -0600,b9e95b9aba90b618cec29a31e2e487b2e0ae3c69,TX,48059,2,2022-11-09T01:00:00.000Z,FIPSCode,48059,0,2022-11-10T07:10:47.444Z,8,99.0,8,100.0,58549,4769,90.61,63031,442,8.4,63506,37,0.7,63505,15,0.29,5316,99,5263,10020,8,8
1668064894,2022-11-10 01:21:34 -0600,ca1267fff053fc9a594ef097f4429146d3e5ae35,TX,48059,2,2022-11-09T01:00:00.000Z,FIPSCode,48059,0,2022-11-10T07:10:47.444Z,8,99.0,8,100.0,58549,4769,90.61,63031,442,8.4,63506,37,0.7,63505,15,0.29,5316,99,5263,10020,8,8
1668064937,2022-11-10 01:22:17 -0600,d2e36c93f69dfad01c33397da6cfc82adb5ec51d,TX,48059,2,2022-11-09T01:00:00.000Z,FIPSCode,48059,0,2022-11-10T07:10:47.444Z,8,99.0,8,100.0,58549,4769,90.61,63031,442,8.4,63506,37,0.7,63505,15,0.29,5316,99,5263,10020,8,8
1668064977,2022-11-10 01:22:57 -0600,ab411e43a7a5aeeb3e3ff579e4db2882b38b2214,TX,48059,2,2022-11-09T01:00:00.000Z,FIPSCode,48059,0,2022-11-10T07:10:47.444Z,8,99.0,8,100.0,58549,4769,90.61,63031,442,8.4,63506,37,0.7,63505,15,0.29,5316,99,5263,10020,8,8
1668065017,2022-11-10 01:23:37 -0600,9cb70fabc03a329af925cd09b08290bd514274ea,TX,48059,2,2022-11-09T01:00:00.000Z,FIPSCode,48059,0,2022-11-10T07:10:47.444Z,8,99.0,8,100.0,58549,4769,90.61,63031,442,8.4,63506,37,0.7,63505,15,0.29,5316,99,5263,10020,8,8
1668065058,2022-11-10 01:24:18 -0600,924b1dbb65b0b487e4dd00c0e89a0a9521992cc0,TX,48059,2,2022-11-09T01:00:00.000Z,FIPSCode,48059,0,2022-11-10T07:10:47.444Z,8,99.0,8,100.0,58549,4769,90.61,63031,442,8.4,63506,37,0.7,63505,15,0.29,5316,99,5263,10020,8,8
1668065099,2022-11-10 01:24:59 -0600,d4a9bcc0c361e4346c9759bee595c88e17699bd6,TX,48059,2,2022-11-09T01:00:00.000Z,FIPSCode,48059,0,2022-11-10T07:10:47.444Z,8,99.0,8,100.0,58549,4769,90.61,63031,442,8.4,63506,37,0.7,63505,15,0.29,5316,99,5263,10020,8,8
1668065141,2022-11-10 01:25:41 -0600,0195f0d4884a329848923e36a112d9f1b4ef0e68,TX,48059,2,2022-11-09T01:00:00.000Z,FIPSCode,48059,0,2022-11-10T07:10:47.444Z,8,99.0,8,100.0,58549,4769,90.61,63031,442,8.4,63506,37,0.7,63505,15,0.29,5316,99,5263,10020,8,8
1668065383,2022-11-10 01:29:43 -0600,60816feba9f47c7b1115b46978f18930d74fd938,TX,48059,2,2022-11-09T01:00:00.000Z,FIPSCode,48059,0,2022-11-10T07:10:47.444Z,8,99.0,8,100.0,58549,4769,90.61,63031,442,8.4,63506,37,0.7,63505,15,0.29,5316,99,5263,10020,8,8
1668065425,2022-11-10 01:30:25 -0600,14cc919e3aeff49ecc3b2f3787db2bc71a946b34,TX,48059,2,2022-11-09T01:00:00.000Z,FIPSCode,48059,0,2022-11-10T07:10:47.444Z,8,99.0,8,100.0,58549,4769,90.61,63031,442,8.4,63506,37,0.7,63505,15,0.29,5316,99,5263,10020,8,8
1668065467,2022-11-10 01:31:07 -0600,bf6057aab1efdb2fa923b3596abdc4442486145e,TX,48059,2,2022-11-09T01:00:00.000Z,FIPSCode,48059,0,2022-11-10T07:10:47.444Z,8,99.0,8,100.0,58549,4769,90.61,63031,442,8.4,63506,37,0.7,63505,15,0.29,5316,99,5263,10020,8,8
1668065508,2022-11-10 01:31:48 -0600,7e528816567c4003f65815eedc2fc8ba9a02b91e,TX,48059,2,2022-11-09T01:00:00.000Z,FIPSCode,48059,0,2022-11-10T07:10:47.444Z,8,99.0,8,100.0,58549,4769,90.61,63031,442,8.4,63506,37,0.7,63505,15,0.29,5316,99,5263,10020,8,8
1668065550,2022-11-10 01:32:30 -0600,2519301852800daf330ceb49f0ccce7777ec0be4,TX,48059,2,2022-11-09T01:00:00.000Z,FIPSCode,48059,0,2022-11-10T07:10:47.444Z,8,99.0,8,100.0,58549,4769,90.61,63031,442,8.4,63506,37,0.7,63505,15,0.29,5316,99,5263,10020,8,8
1668065591,2022-11-10 01:33:11 -0600,9b9ddaaff76badfcbb869d37a1c45ef695096159,TX,48059,2,2022-11-09T01:00:00.000Z,FIPSCode,48059,0,2022-11-10T07:10:47.444Z,8,99.0,8,100.0,58549,4769,90.61,63031,442,8.4,63506,37,0.7,63505,15,0.29,5316,99,5263,10020,8,8
1668065631,2022-11-10 01:33:51 -0600,b136869a3ed8716b25180297b6827d34451d79ba,TX,48059,2,2022-11-09T01:00:00.000Z,FIPSCode,48059,0,2022-11-10T07:10:47.444Z,8,99.0,8,100.0,58549,4769,90.61,63031,442,8.4,63506,37,0.7,63505,15,0.29,5316,99,5263,10020,8,8
1668065672,2022-11-10 01:34:32 -0600,8a7ed8dd53e5ee4b76b212dace5560253d3ecac2,TX,48059,2,2022-11-09T01:00:00.000Z,FIPSCode,48059,0,2022-11-10T07:10:47.444Z,8,99.0,8,100.0,58549,4769,90.61,63031,442,8.4,63506,37,0.7,63505,15,0.29,5316,99,5263,10020,8,8
1668065713,2022-11-10 01:35:13 -0600,46bae80c79d40655e5de5918ab66d2f34cb64cd5,TX,48059,2,2022-11-09T01:00:00.000Z,FIPSCode,48059,0,2022-11-10T07:10:47.444Z,8,99.0,8,100.0,58549,4769,90.61,63031,442,8.4,63506,37,0.7,63505,15,0.29,5316,99,5263,10020,8,8
1668065754,2022-11-10 01:35:54 -0600,0a7508644a7a9ebb3ea522c0b15e590919fc7651,TX,48059,2,2022-11-09T01:00:00.000Z,FIPSCode,48059,0,2022-11-10T07:10:47.444Z,8,99.0,8,100.0,58549,4769,90.61,63031,442,8.4,63506,37,0.7,63505,15,0.29,5316,99,5263,10020,8,8
1668065796,2022-11-10 01:36:36 -0600,b04f8d85d5bec6424951ae1e8be54c338a0efe3c,TX,48059,2,2022-11-09T01:00:00.000Z,FIPSCode,48059,0,2022-11-10T07:10:47.444Z,8,99.0,8,100.0,58549,4769,90.61,63031,442,8.4,63506,37,0.7,63505,15,0.29,5316,99,5263,10020,8,8
1668065837,2022-11-10 01:37:17 -0600,917451550415851083f0b362f8ae7302b069e239,TX,48059,2,2022-11-09T01:00:00.000Z,FIPSCode,48059,0,2022-11-10T07:10:47.444Z,8,99.0,8,100.0,58549,4769,90.61,63031,442,8.4,63506,37,0.7,63505,15,0.29,5316,99,5263,10020,8,8
1668065877,2022-11-10 01:37:57 -0600,c3b7374e64c8bf7a1ebffc155abd3c31efe96a8b,TX,48059,2,2022-11-09T01:00:00.000Z,FIPSCode,48059,0,2022-11-10T07:10:47.444Z,8,99.0,8,100.0,58549,4769,90.61,63031,442,8.4,63506,37,0.7,63505,15,0.29,5316,99,5263,10020,8,8
1668065917,2022-11-10 01:38:37 -0600,3f8c6ea07d6916193c66ea8d0e9b2d436ecc278c,TX,48059,2,2022-11-09T01:00:00.000Z,FIPSCode,48059,0,2022-11-10T07:10:47.444Z,8,99.0,8,100.0,58549,4769,90.61,63031,442,8.4,63506,37,0.7,63505,15,0.29,5316,99,5263,10020,8,8
1668065957,2022-11-10 01:39:17 -0600,c180aaf0d0c6c3cda16c1dc7619c3b9dab96b686,TX,48059,2,2022-11-09T01:00:00.000Z,FIPSCode,48059,0,2022-11-10T07:10:47.444Z,8,99.0,8,100.0,58549,4769,90.61,63031,442,8.4,63506,37,0.7,63505,15,0.29,5316,99,5263,10020,8,8
1668065998,2022-11-10 01:39:58 -0600,67f5efe18482c2ca423d756fb3f9728d83d250c1,TX,48059,2,2022-11-09T01:00:00.000Z,FIPSCode,48059,0,2022-11-10T07:10:47.444Z,8,99.0,8,100.0,58549,4769,90.61,63031,442,8.4,63506,37,0.7,63505,15,0.29,5316,99,5263,10020,8,8
1668066038,2022-11-10 01:40:38 -0600,ad824dcaf8c9f02bd9ea22a45ad0a204b935baac,TX,48059,2,2022-11-09T01:00:00.000Z,FIPSCode,48059,0,2022-11-10T07:10:47.444Z,8,99.0,8,100.0,58549,4769,90.61,63031,442,8.4,63506,37,0.7,63505,15,0.29,5316,99,5263,10020,8,8
1668066079,2022-11-10 01:41:19 -0600,f9ea744ccd4bda96569ff474a3a5250a8a0943c6,TX,48059,2,2022-11-09T01:00:00.000Z,FIPSCode,48059,0,2022-11-10T07:10:47.444Z,8,99.0,8,100.0,58549,4769,90.61,63031,442,8.4,63506,37,0.7,63505,15,0.29,5316,99,5263,10020,8,8
1668066246,2022-11-10 01:44:06 -0600,235e6d099573c1be06f8b404375b40a316e4f30b,TX,48059,2,2022-11-09T01:00:00.000Z,FIPSCode,48059,0,2022-11-10T07:10:47.444Z,8,99.0,8,100.0,58549,4769,90.61,63031,442,8.4,63506,37,0.7,63505,15,0.29,5316,99,5263,10020,8,8
1668066289,2022-11-10 01:44:49 -0600,9acab4a24dabac9021cd4ff06c7b038f593f7721,TX,48059,2,2022-11-09T01:00:00.000Z,FIPSCode,48059,0,2022-11-10T07:10:47.444Z,8,99.0,8,100.0,58549,4769,90.61,63031,442,8.4,63506,37,0.7,63505,15,0.29,5316,99,5263,10020,8,8
1668066331,2022-11-10 01:45:31 -0600,76ab2158da55c5eef039fa72eccb183291ee4f86,TX,48059,2,2022-11-09T01:00:00.000Z,FIPSCode,48059,0,2022-11-10T07:10:47.444Z,8,99.0,8,100.0,58549,4769,90.61,63031,442,8.4,63506,37,0.7,63505,15,0.29,5316,99,5263,10020,8,8
1668066484,2022-11-10 01:48:04 -0600,e6d842fa882856968165134a36e51d75e23e67b1,TX,48059,2,2022-11-09T01:00:00.000Z,FIPSCode,48059,0,2022-11-10T07:10:47.444Z,8,99.0,8,100.0,58549,4769,90.61,63031,442,8.4,63506,37,0.7,63505,15,0.29,5316,99,5263,10020,8,8
1668066524,2022-11-10 01:48:44 -0600,92859fc2f3824328775e9970e06f666f03389a2a,TX,48059,2,2022-11-09T01:00:00.000Z,FIPSCode,48059,0,2022-11-10T07:10:47.444Z,8,99.0,8,100.0,58549,4769,90.61,63031,442,8.4,63506,37,0.7,63505,15,0.29,5316,99,5263,10020,8,8
1668066568,2022-11-10 01:49:28 -0600,19b7fdf9a12de723f8557993bf75a2a71e729a3b,TX,48059,2,2022-11-09T01:00:00.000Z,FIPSCode,48059,0,2022-11-10T07:10:47.444Z,8,99.0,8,100.0,58549,4769,90.61,63031,442,8.4,63506,37,0.7,63505,15,0.29,5316,99,5263,10020,8,8
1668066608,2022-11-10 01:50:08 -0600,8a117611902054c73f193a89ad94c89bb736aff9,TX,48059,2,2022-11-09T01:00:00.000Z,FIPSCode,48059,0,2022-11-10T07:10:47.444Z,8,99.0,8,100.0,58549,4769,90.61,63031,442,8.4,63506,37,0.7,63505,15,0.29,5316,99,5263,10020,8,8
1668066650,2022-11-10 01:50:50 -0600,0b3ba4523720b7d25803b7fdd4ad9608396a761b,TX,48059,2,2022-11-09T01:00:00.000Z,FIPSCode,48059,0,2022-11-10T07:10:47.444Z,8,99.0,8,100.0,58549,4769,90.61,63031,442,8.4,63506,37,0.7,63505,15,0.29,5316,99,5263,10020,8,8
1668066697,2022-11-10 01:51:37 -0600,5a7dbd5d02520a9147045289b25e264bbde98b4b,TX,48059,2,2022-11-09T01:00:00.000Z,FIPSCode,48059,0,2022-11-10T07:10:47.444Z,8,99.0,8,100.0,58549,4769,90.61,63031,442,8.4,63506,37,0.7,63505,15,0.29,5316,99,5263,10020,8,8
1668066738,2022-11-10 01:52:18 -0600,08cebc6001723a9d01d8de67f8fee2c7aa3b3855,TX,48059,2,2022-11-09T01:00:00.000Z,FIPSCode,48059,0,2022-11-10T07:10:47.444Z,8,99.0,8,100.0,58549,4769,90.61,63031,442,8.4,63506,37,0.7,63505,15,0.29,5316,99,5263,10020,8,8
1668066781,2022-11-10 01:53:01 -0600,9da561883a379cc3828e1a624c508d65343fe339,TX,48059,2,2022-11-09T01:00:00.000Z,FIPSCode,48059,0,2022-11-10T07:10:47.444Z,8,99.0,8,100.0,58549,4769,90.61,63031,442,8.4,63506,37,0.7,63505,15,0.29,5316,99,5263,10020,8,8
1668066821,2022-11-10 01:53:41 -0600,058d94a1bfeb799d063a55ef0d69ae6ef1afc8bb,TX,48059,2,2022-11-09T01:00:00.000Z,FIPSCode,48059,0,2022-11-10T07:10:47.444Z,8,99.0,8,100.0,58549,4769,90.61,63031,442,8.4,63506,37,0.7,63505,15,0.29,5316,99,5263,10020,8,8
1668066862,2022-11-10 01:54:22 -0600,c17f2f3b44af4d6d0cbfe1d8761fd8b7a65c062a,TX,48059,2,2022-11-09T01:00:00.000Z,FIPSCode,48059,0,2022-11-10T07:10:47.444Z,8,99.0,8,100.0,58549,4769,90.61,63031,442,8.4,63506,37,0.7,63505,15,0.29,5316,99,5263,10020,8,8
1668066902,2022-11-10 01:55:02 -0600,1d5474b656a28e6341c0d6c3a3dbb88625458177,TX,48059,2,2022-11-09T01:00:00.000Z,FIPSCode,48059,0,2022-11-10T07:10:47.444Z,8,99.0,8,100.0,58549,4769,90.61,63031,442,8.4,63506,37,0.7,63505,15,0.29,5316,99,5263,10020,8,8
1668066944,2022-11-10 01:55:44 -0600,42f6bfa4d9bb6dc11fbc0c02c985bbf35209347f,TX,48059,2,2022-11-09T01:00:00.000Z,FIPSCode,48059,0,2022-11-10T07:10:47.444Z,8,99.0,8,100.0,58549,4769,90.61,63031,442,8.4,63506,37,0.7,63505,15,0.29,5316,99,5263,10020,8,8
1668066983,2022-11-10 01:56:23 -0600,8a57c006782ab2bd428062333dab85928ea3867d,TX,48059,2,2022-11-09T01:00:00.000Z,FIPSCode,48059,0,2022-11-10T07:10:47.444Z,8,99.0,8,100.0,58549,4769,90.61,63031,442,8.4,63506,37,0.7,63505,15,0.29,5316,99,5263,10020,8,8
1668067024,2022-11-10 01:57:04 -0600,e37fd2d27f8b13909bb1388ab588a18fa719efa1,TX,48059,2,2022-11-09T01:00:00.000Z,FIPSCode,48059,0,2022-11-10T07:10:47.444Z,8,99.0,8,100.0,58549,4769,90.61,63031,442,8.4,63506,37,0.7,63505,15,0.29,5316,99,5263,10020,8,8
1668067065,2022-11-10 01:57:45 -0600,464749cb320e53ce6a292061325692cd6b1062b2,TX,48059,2,2022-11-09T01:00:00.000Z,FIPSCode,48059,0,2022-11-10T07:10:47.444Z,8,99.0,8,100.0,58549,4769,90.61,63031,442,8.4,63506,37,0.7,63505,15,0.29,5316,99,5263,10020,8,8
1668067104,2022-11-10 01:58:24 -0600,9bc67f19634762bc7c99a5ac5ea3fd71209910d4,TX,48059,2,2022-11-09T01:00:00.000Z,FIPSCode,48059,0,2022-11-10T07:10:47.444Z,8,99.0,8,100.0,58549,4769,90.61,63031,442,8.4,63506,37,0.7,63505,15,0.29,5316,99,5263,10020,8,8
1668067143,2022-11-10 01:59:03 -0600,b7b4c3488ee9bf156e5aff1c1bfdd00cf0ea351f,TX,48059,2,2022-11-09T01:00:00.000Z,FIPSCode,48059,0,2022-11-10T07:10:47.444Z,8,99.0,8,100.0,58549,4769,90.61,63031,442,8.4,63506,37,0.7,63505,15,0.29,5316,99,5263,10020,8,8
1668067184,2022-11-10 01:59:44 -0600,b766a9e37e794c747191a823f2ef5e4d55db1606,TX,48059,2,2022-11-09T01:00:00.000Z,FIPSCode,48059,0,2022-11-10T07:10:47.444Z,8,99.0,8,100.0,58549,4769,90.61,63031,442,8.4,63506,37,0.7,63505,15,0.29,5316,99,5263,10020,8,8
1668067223,2022-11-10 02:00:23 -0600,4d6a6024334db8a9bb2960acc3bd0b2c0bf4870c,TX,48059,2,2022-11-09T01:00:00.000Z,FIPSCode,48059,0,2022-11-10T07:10:47.444Z,8,99.0,8,100.0,58549,4769,90.61,63031,442,8.4,63506,37,0.7,63505,15,0.29,5316,99,5263,10020,8,8
1668067263,2022-11-10 02:01:03 -0600,7be425a600b39465c9287c99853c8eacd0a9d342,TX,48059,2,2022-11-09T01:00:00.000Z,FIPSCode,48059,0,2022-11-10T07:10:47.444Z,8,99.0,8,100.0,58549,4769,90.61,63031,442,8.4,63506,37,0.7,63505,15,0.29,5316,99,5263,10020,8,8
1668067302,2022-11-10 02:01:42 -0600,312420842d0ce0409a69f8253e3b9babe71030b0,TX,48059,2,2022-11-09T01:00:00.000Z,FIPSCode,48059,0,2022-11-10T07:10:47.444Z,8,99.0,8,100.0,58549,4769,90.61,63031,442,8.4,63506,37,0.7,63505,15,0.29,5316,99,5263,10020,8,8
1668067343,2022-11-10 02:02:23 -0600,a5a4930b2a851effe1780858cfd7394da876439d,TX,48059,2,2022-11-09T01:00:00.000Z,FIPSCode,48059,0,2022-11-10T07:10:47.444Z,8,99.0,8,100.0,58549,4769,90.61,63031,442,8.4,63506,37,0.7,63505,15,0.29,5316,99,5263,10020,8,8
1668067383,2022-11-10 02:03:03 -0600,0ac1d5a444f6126be21f0bd20ec923505b9b3f4c,TX,48059,2,2022-11-09T01:00:00.000Z,FIPSCode,48059,0,2022-11-10T07:10:47.444Z,8,99.0,8,100.0,58549,4769,90.61,63031,442,8.4,63506,37,0.7,63505,15,0.29,5316,99,5263,10020,8,8
1668067424,2022-11-10 02:03:44 -0600,a48de0c5cd052028cf77653888120171e3a7985f,TX,48059,2,2022-11-09T01:00:00.000Z,FIPSCode,48059,0,2022-11-10T07:10:47.444Z,8,99.0,8,100.0,58549,4769,90.61,63031,442,8.4,63506,37,0.7,63505,15,0.29,5316,99,5263,10020,8,8
1668067464,2022-11-10 02:04:24 -0600,206f0323dba9ab2be91d8a760e46a7999b551bbd,TX,48059,2,2022-11-09T01:00:00.000Z,FIPSCode,48059,0,2022-11-10T07:10:47.444Z,8,99.0,8,100.0,58549,4769,90.61,63031,442,8.4,63506,37,0.7,63505,15,0.29,5316,99,5263,10020,8,8
1668067504,2022-11-10 02:05:04 -0600,c320f9047ea425432608643c88246e96cf6fdc04,TX,48059,2,2022-11-09T01:00:00.000Z,FIPSCode,48059,0,2022-11-10T07:10:47.444Z,8,99.0,8,100.0,58549,4769,90.61,63031,442,8.4,63506,37,0.7,63505,15,0.29,5316,99,5263,10020,8,8
1668067544,2022-11-10 02:05:44 -0600,59883f2974bc0a5d398557bb8a253e701e1f0acb,TX,48059,2,2022-11-09T01:00:00.000Z,FIPSCode,48059,0,2022-11-10T07:10:47.444Z,8,99.0,8,100.0,58549,4769,90.61,63031,442,8.4,63506,37,0.7,63505,15,0.29,5316,99,5263,10020,8,8
1668067585,2022-11-10 02:06:25 -0600,e8bbfab8466b3fc935c6fbc5c9969b719ad8925f,TX,48059,2,2022-11-09T01:00:00.000Z,FIPSCode,48059,0,2022-11-10T07:10:47.444Z,8,99.0,8,100.0,58549,4769,90.61,63031,442,8.4,63506,37,0.7,63505,15,0.29,5316,99,5263,10020,8,8
1668067624,2022-11-10 02:07:04 -0600,37731fc552d5d8e08ab283fc66c11c133e5fb93a,TX,48059,2,2022-11-09T01:00:00.000Z,FIPSCode,48059,0,2022-11-10T07:10:47.444Z,8,99.0,8,100.0,58549,4769,90.61,63031,442,8.4,63506,37,0.7,63505,15,0.29,5316,99,5263,10020,8,8
1668067664,2022-11-10 02:07:44 -0600,e3818ba6dd376889b83f2cc27f22945e14a47c2d,TX,48059,2,2022-11-09T01:00:00.000Z,FIPSCode,48059,0,2022-11-10T07:10:47.444Z,8,99.0,8,100.0,58549,4769,90.61,63031,442,8.4,63506,37,0.7,63505,15,0.29,5316,99,5263,10020,8,8
1668067704,2022-11-10 02:08:24 -0600,c981094695142bf4dd1d49ec4af43cad0ca1fc39,TX,48059,2,2022-11-09T01:00:00.000Z,FIPSCode,48059,0,2022-11-10T07:10:47.444Z,8,99.0,8,100.0,58549,4769,90.61,63031,442,8.4,63506,37,0.7,63505,15,0.29,5316,99,5263,10020,8,8
1668067744,2022-11-10 02:09:04 -0600,82729781d8865d029284394d00ced9a958320c3b,TX,48059,2,2022-11-09T01:00:00.000Z,FIPSCode,48059,0,2022-11-10T07:10:47.444Z,8,99.0,8,100.0,58549,4769,90.61,63031,442,8.4,63506,37,0.7,63505,15,0.29,5316,99,5263,10020,8,8
1668067784,2022-11-10 02:09:44 -0600,5d5507ec20ad79e5d3b3248af0b9fe36dca47199,TX,48059,2,2022-11-09T01:00:00.000Z,FIPSCode,48059,0,2022-11-10T07:10:47.444Z,8,99.0,8,100.0,58549,4769,90.61,63031,442,8.4,63506,37,0.7,63505,15,0.29,5316,99,5263,10020,8,8
1668067824,2022-11-10 02:10:24 -0600,03616ffa2e35fd1654bfce664ce42900738c1116,TX,48059,2,2022-11-09T01:00:00.000Z,FIPSCode,48059,0,2022-11-10T07:10:47.444Z,8,99.0,8,100.0,58549,4769,90.61,63031,442,8.4,63506,37,0.7,63505,15,0.29,5316,99,5263,10020,8,8
1668067865,2022-11-10 02:11:05 -0600,18068d73233b12c0ae135d12acf632a8597744e9,TX,48059,2,2022-11-09T01:00:00.000Z,FIPSCode,48059,0,2022-11-10T07:10:47.444Z,8,99.0,8,100.0,58549,4769,90.61,63031,442,8.4,63506,37,0.7,63505,15,0.29,5316,99,5263,10020,8,8
1668067904,2022-11-10 02:11:44 -0600,8023c265a3bcab6a513dfd2f10012eac4f25ffec,TX,48059,2,2022-11-09T01:00:00.000Z,FIPSCode,48059,0,2022-11-10T07:10:47.444Z,8,99.0,8,100.0,58549,4769,90.61,63031,442,8.4,63506,37,0.7,63505,15,0.29,5316,99,5263,10020,8,8
1668067945,2022-11-10 02:12:25 -0600,d1130f6e740a08935bee246008c5a6c8d519d550,TX,48059,2,2022-11-09T01:00:00.000Z,FIPSCode,48059,0,2022-11-10T07:10:47.444Z,8,99.0,8,100.0,58549,4769,90.61,63031,442,8.4,63506,37,0.7,63505,15,0.29,5316,99,5263,10020,8,8
1668067985,2022-11-10 02:13:05 -0600,b07b38f8d56e48e08b0944ae960f9770b39a1bee,TX,48059,2,2022-11-09T01:00:00.000Z,FIPSCode,48059,0,2022-11-10T07:10:47.444Z,8,99.0,8,100.0,58549,4769,90.61,63031,442,8.4,63506,37,0.7,63505,15,0.29,5316,99,5263,10020,8,8
1668068024,2022-11-10 02:13:44 -0600,7f44476f4b904f7622c7a333dec4afbabae2e485,TX,48059,2,2022-11-09T01:00:00.000Z,FIPSCode,48059,0,2022-11-10T07:10:47.444Z,8,99.0,8,100.0,58549,4769,90.61,63031,442,8.4,63506,37,0.7,63505,15,0.29,5316,99,5263,10020,8,8
1668068064,2022-11-10 02:14:24 -0600,6e9d9b6a0c2b7197fc237133a1197081a75a553b,TX,48059,2,2022-11-09T01:00:00.000Z,FIPSCode,48059,0,2022-11-10T07:10:47.444Z,8,99.0,8,100.0,58549,4769,90.61,63031,442,8.4,63506,37,0.7,63505,15,0.29,5316,99,5263,10020,8,8
1668068104,2022-11-10 02:15:04 -0600,6dcd3fde67cc44b13fcdea87a630f40f2410646a,TX,48059,2,2022-11-09T01:00:00.000Z,FIPSCode,48059,0,2022-11-10T07:10:47.444Z,8,99.0,8,100.0,58549,4769,90.61,63031,442,8.4,63506,37,0.7,63505,15,0.29,5316,99,5263,10020,8,8
1668068143,2022-11-10 02:15:43 -0600,930a1aa20c265a1e93b903354ef4f96260697574,TX,48059,2,2022-11-09T01:00:00.000Z,FIPSCode,48059,0,2022-11-10T07:10:47.444Z,8,99.0,8,100.0,58549,4769,90.61,63031,442,8.4,63506,37,0.7,63505,15,0.29,5316,99,5263,10020,8,8
1668068183,2022-11-10 02:16:23 -0600,fc39d7c4027007233f32a1e473545ebf4bded12f,TX,48059,2,2022-11-09T01:00:00.000Z,FIPSCode,48059,0,2022-11-10T07:10:47.444Z,8,99.0,8,100.0,58549,4769,90.61,63031,442,8.4,63506,37,0.7,63505,15,0.29,5316,99,5263,10020,8,8
1668068222,2022-11-10 02:17:02 -0600,8a63b0ffa344a2444bebaf0bde41ff720c69ac09,TX,48059,2,2022-11-09T01:00:00.000Z,FIPSCode,48059,0,2022-11-10T07:10:47.444Z,8,99.0,8,100.0,58549,4769,90.61,63031,442,8.4,63506,37,0.7,63505,15,0.29,5316,99,5263,10020,8,8
1668068263,2022-11-10 02:17:43 -0600,50ee10f11ba2f3cfd4520aaeed1f30214311d696,TX,48059,2,2022-11-09T01:00:00.000Z,FIPSCode,48059,0,2022-11-10T07:10:47.444Z,8,99.0,8,100.0,58549,4769,90.61,63031,442,8.4,63506,37,0.7,63505,15,0.29,5316,99,5263,10020,8,8
1668068304,2022-11-10 02:18:24 -0600,adf7d3f1dda71f01f64f9211cefb00ff3d5f5e0a,TX,48059,2,2022-11-09T01:00:00.000Z,FIPSCode,48059,0,2022-11-10T07:10:47.444Z,8,99.0,8,100.0,58549,4769,90.61,63031,442,8.4,63506,37,0.7,63505,15,0.29,5316,99,5263,10020,8,8
1668068344,2022-11-10 02:19:04 -0600,413acd4acf26801098a5fa5972d41704a24de52e,TX,48059,2,2022-11-09T01:00:00.000Z,FIPSCode,48059,0,2022-11-10T07:10:47.444Z,8,99.0,8,100.0,58549,4769,90.61,63031,442,8.4,63506,37,0.7,63505,15,0.29,5316,99,5263,10020,8,8
1668068383,2022-11-10 02:19:43 -0600,a0ccdfc73fc62769d89023046414ce7a677c9f62,TX,48059,2,2022-11-09T01:00:00.000Z,FIPSCode,48059,0,2022-11-10T07:10:47.444Z,8,99.0,8,100.0,58549,4769,90.61,63031,442,8.4,63506,37,0.7,63505,15,0.29,5316,99,5263,10020,8,8
1668068424,2022-11-10 02:20:24 -0600,52f6bfa89d4bdac30d31d56d8f32261116ca3f95,TX,48059,2,2022-11-09T01:00:00.000Z,FIPSCode,48059,0,2022-11-10T07:10:47.444Z,8,99.0,8,100.0,58549,4769,90.61,63031,442,8.4,63506,37,0.7,63505,15,0.29,5316,99,5263,10020,8,8
1668068463,2022-11-10 02:21:03 -0600,46af92bc4210475f0c3a29abceaa7d35be8d2c82,TX,48059,2,2022-11-09T01:00:00.000Z,FIPSCode,48059,0,2022-11-10T07:10:47.444Z,8,99.0,8,100.0,58549,4769,90.61,63031,442,8.4,63506,37,0.7,63505,15,0.29,5316,99,5263,10020,8,8
1668068503,2022-11-10 02:21:43 -0600,5dc24fbf6ad4f2b5436fb1e29d0f7a6ac2020818,TX,48059,2,2022-11-09T01:00:00.000Z,FIPSCode,48059,0,2022-11-10T07:10:47.444Z,8,99.0,8,100.0,58549,4769,90.61,63031,442,8.4,63506,37,0.7,63505,15,0.29,5316,99,5263,10020,8,8
1668068541,2022-11-10 02:22:21 -0600,187bf673b6d4449bf88bea7b863e5c4eff5b48d7,TX,48059,2,2022-11-09T01:00:00.000Z,FIPSCode,48059,0,2022-11-10T07:10:47.444Z,8,99.0,8,100.0,58549,4769,90.61,63031,442,8.4,63506,37,0.7,63505,15,0.29,5316,99,5263,10020,8,8
1668068581,2022-11-10 02:23:01 -0600,a60e38face7be8f1829758b1cb586e00d474fac8,TX,48059,2,2022-11-09T01:00:00.000Z,FIPSCode,48059,0,2022-11-10T07:10:47.444Z,8,99.0,8,100.0,58549,4769,90.61,63031,442,8.4,63506,37,0.7,63505,15,0.29,5316,99,5263,10020,8,8
1668068621,2022-11-10 02:23:41 -0600,a8c07d7ce1938ada2f6010982904a6919705ade8,TX,48059,2,2022-11-09T01:00:00.000Z,FIPSCode,48059,0,2022-11-10T07:10:47.444Z,8,99.0,8,100.0,58549,4769,90.61,63031,442,8.4,63506,37,0.7,63505,15,0.29,5316,99,5263,10020,8,8
1668068660,2022-11-10 02:24:20 -0600,92d57dde4714d924adcb9bd744b0c89d614e0b6f,TX,48059,2,2022-11-09T01:00:00.000Z,FIPSCode,48059,0,2022-11-10T07:10:47.444Z,8,99.0,8,100.0,58549,4769,90.61,63031,442,8.4,63506,37,0.7,63505,15,0.29,5316,99,5263,10020,8,8
1668068700,2022-11-10 02:25:00 -0600,88e733b10915cddf4eef5d2939538a6633c95f97,TX,48059,2,2022-11-09T01:00:00.000Z,FIPSCode,48059,0,2022-11-10T07:10:47.444Z,8,99.0,8,100.0,58549,4769,90.61,63031,442,8.4,63506,37,0.7,63505,15,0.29,5316,99,5263,10020,8,8
1668068741,2022-11-10 02:25:41 -0600,cbe795777eddf3abd44796f9fb0fc28668aaea81,TX,48059,2,2022-11-09T01:00:00.000Z,FIPSCode,48059,0,2022-11-10T07:10:47.444Z,8,99.0,8,100.0,58549,4769,90.61,63031,442,8.4,63506,37,0.7,63505,15,0.29,5316,99,5263,10020,8,8
1668068782,2022-11-10 02:26:22 -0600,2df6ef85f29f81115df9880e215056852006dcdb,TX,48059,2,2022-11-09T01:00:00.000Z,FIPSCode,48059,0,2022-11-10T07:10:47.444Z,8,99.0,8,100.0,58549,4769,90.61,63031,442,8.4,63506,37,0.7,63505,15,0.29,5316,99,5263,10020,8,8
1668068822,2022-11-10 02:27:02 -0600,a282e073ae8443157947433c41de2b2ecac6e46d,TX,48059,2,2022-11-09T01:00:00.000Z,FIPSCode,48059,0,2022-11-10T07:10:47.444Z,8,99.0,8,100.0,58549,4769,90.61,63031,442,8.4,63506,37,0.7,63505,15,0.29,5316,99,5263,10020,8,8
1668068862,2022-11-10 02:27:42 -0600,a1a64bb43a59c8ba47bb87a0e3475c1b3ae2df3c,TX,48059,2,2022-11-09T01:00:00.000Z,FIPSCode,48059,0,2022-11-10T07:10:47.444Z,8,99.0,8,100.0,58549,4769,90.61,63031,442,8.4,63506,37,0.7,63505,15,0.29,5316,99,5263,10020,8,8
1668068903,2022-11-10 02:28:23 -0600,15dc884501d9df316d9bdc4cf5d380f1e56f02bd,TX,48059,2,2022-11-09T01:00:00.000Z,FIPSCode,48059,0,2022-11-10T07:10:47.444Z,8,99.0,8,100.0,58549,4769,90.61,63031,442,8.4,63506,37,0.7,63505,15,0.29,5316,99,5263,10020,8,8
1668068942,2022-11-10 02:29:02 -0600,f226e35dba6e6f058f1cfcf4d8e557c6a7024302,TX,48059,2,2022-11-09T01:00:00.000Z,FIPSCode,48059,0,2022-11-10T07:10:47.444Z,8,99.0,8,100.0,58549,4769,90.61,63031,442,8.4,63506,37,0.7,63505,15,0.29,5316,99,5263,10020,8,8
1668068983,2022-11-10 02:29:43 -0600,4d2ca4364a53fb7a93c6eb7afd9905acaed9c052,TX,48059,2,2022-11-09T01:00:00.000Z,FIPSCode,48059,0,2022-11-10T07:10:47.444Z,8,99.0,8,100.0,58549,4769,90.61,63031,442,8.4,63506,37,0.7,63505,15,0.29,5316,99,5263,10020,8,8
1668069023,2022-11-10 02:30:23 -0600,1177997dde4bba6abe5da14edea7c703cfdfafaf,TX,48059,2,2022-11-09T01:00:00.000Z,FIPSCode,48059,0,2022-11-10T07:10:47.444Z,8,99.0,8,100.0,58549,4769,90.61,63031,442,8.4,63506,37,0.7,63505,15,0.29,5316,99,5263,10020,8,8
1668069063,2022-11-10 02:31:03 -0600,00e6ff97135441bf6054fbe71c13e356d248a080,TX,48059,2,2022-11-09T01:00:00.000Z,FIPSCode,48059,0,2022-11-10T07:10:47.444Z,8,99.0,8,100.0,58549,4769,90.61,63031,442,8.4,63506,37,0.7,63505,15,0.29,5316,99,5263,10020,8,8
1668069103,2022-11-10 02:31:43 -0600,6f93b7ac0ca4b07e21b851d200c33193caaa2d70,TX,48059,2,2022-11-09T01:00:00.000Z,FIPSCode,48059,0,2022-11-10T07:10:47.444Z,8,99.0,8,100.0,58549,4769,90.61,63031,442,8.4,63506,37,0.7,63505,15,0.29,5316,99,5263,10020,8,8
1668069142,2022-11-10 02:32:22 -0600,db90f778f965a8f229f249b5a66a2a8148fe58b5,TX,48059,2,2022-11-09T01:00:00.000Z,FIPSCode,48059,0,2022-11-10T07:10:47.444Z,8,99.0,8,100.0,58549,4769,90.61,63031,442,8.4,63506,37,0.7,63505,15,0.29,5316,99,5263,10020,8,8
1668069183,2022-11-10 02:33:03 -0600,e31f6db5f1274b27878458caf1610c0afc33d8b3,TX,48059,2,2022-11-09T01:00:00.000Z,FIPSCode,48059,0,2022-11-10T07:10:47.444Z,8,99.0,8,100.0,58549,4769,90.61,63031,442,8.4,63506,37,0.7,63505,15,0.29,5316,99,5263,10020,8,8
1668069221,2022-11-10 02:33:41 -0600,4e369788443df0fdd539cb767e35d60c235a19bf,TX,48059,2,2022-11-09T01:00:00.000Z,FIPSCode,48059,0,2022-11-10T07:10:47.444Z,8,99.0,8,100.0,58549,4769,90.61,63031,442,8.4,63506,37,0.7,63505,15,0.29,5316,99,5263,10020,8,8
1668069261,2022-11-10 02:34:21 -0600,31a9b95a2885f20a661e91de6041ab249dac876d,TX,48059,2,2022-11-09T01:00:00.000Z,FIPSCode,48059,0,2022-11-10T08:33:32.400Z,8,99.0,8,100.0,58549,4769,90.61,63031,442,8.4,63506,37,0.7,63505,15,0.29,5316,99,5263,10020,8,8
1668069300,2022-11-10 02:35:00 -0600,b2dc69bf00ee5dca957d073eeaa6dacfbf1c9ff6,TX,48059,2,2022-11-09T01:00:00.000Z,FIPSCode,48059,0,2022-11-10T08:33:32.400Z,8,99.0,8,100.0,58549,4769,90.61,63031,442,8.4,63506,37,0.7,63505,15,0.29,5316,99,5263,10020,8,8
1668069340,2022-11-10 02:35:40 -0600,889f39a4d699a0a3b19930fc6d43db839094d6aa,TX,48059,2,2022-11-09T01:00:00.000Z,FIPSCode,48059,0,2022-11-10T08:33:32.400Z,8,99.0,8,100.0,58549,4769,90.61,63031,442,8.4,63506,37,0.7,63505,15,0.29,5316,99,5263,10020,8,8
1668069379,2022-11-10 02:36:19 -0600,231a2ee6532ba9ef458640b84aa1bf5086c72593,TX,48059,2,2022-11-09T01:00:00.000Z,FIPSCode,48059,0,2022-11-10T08:33:32.400Z,8,99.0,8,100.0,58549,4769,90.61,63031,442,8.4,63506,37,0.7,63505,15,0.29,5316,99,5263,10020,8,8
1668069420,2022-11-10 02:37:00 -0600,eba64733ebab366187d2552a526a4718bfd2d4d8,TX,48059,2,2022-11-09T01:00:00.000Z,FIPSCode,48059,0,2022-11-10T08:33:32.400Z,8,99.0,8,100.0,58549,4769,90.61,63031,442,8.4,63506,37,0.7,63505,15,0.29,5316,99,5263,10020,8,8
1668069459,2022-11-10 02:37:39 -0600,694ab8404e672c63834c4442c53db6128f7e380c,TX,48059,2,2022-11-09T01:00:00.000Z,FIPSCode,48059,0,2022-11-10T08:33:32.400Z,8,99.0,8,100.0,58549,4769,90.61,63031,442,8.4,63506,37,0.7,63505,15,0.29,5316,99,5263,10020,8,8
1668069499,2022-11-10 02:38:19 -0600,913ad35acc1ccfcc06d3750e23e89a97cbe11023,TX,48059,2,2022-11-09T01:00:00.000Z,FIPSCode,48059,0,2022-11-10T08:33:32.400Z,8,99.0,8,100.0,58549,4769,90.61,63031,442,8.4,63506,37,0.7,63505,15,0.29,5316,99,5263,10020,8,8
1668069538,2022-11-10 02:38:58 -0600,f093e1e7063a98baf5716c6e787e69dbb19127d0,TX,48059,2,2022-11-09T01:00:00.000Z,FIPSCode,48059,0,2022-11-10T08:33:32.400Z,8,99.0,8,100.0,58549,4769,90.61,63031,442,8.4,63506,37,0.7,63505,15,0.29,5316,99,5263,10020,8,8
1668069579,2022-11-10 02:39:39 -0600,c7e229aab10c2c2867784904d578da82d76e0315,TX,48059,2,2022-11-09T01:00:00.000Z,FIPSCode,48059,0,2022-11-10T08:33:32.400Z,8,99.0,8,100.0,58549,4769,90.61,63031,442,8.4,63506,37,0.7,63505,15,0.29,5316,99,5263,10020,8,8
1668069618,2022-11-10 02:40:18 -0600,6d17a1c354dcb6d6747c27b0fd265b09a44ed40d,TX,48059,2,2022-11-09T01:00:00.000Z,FIPSCode,48059,0,2022-11-10T08:33:32.400Z,8,99.0,8,100.0,58549,4769,90.61,63031,442,8.4,63506,37,0.7,63505,15,0.29,5316,99,5263,10020,8,8
1668069658,2022-11-10 02:40:58 -0600,01f35ef0e4586c0c933871d8bfb654866985b6d1,TX,48059,2,2022-11-09T01:00:00.000Z,FIPSCode,48059,0,2022-11-10T08:33:32.400Z,8,99.0,8,100.0,58549,4769,90.61,63031,442,8.4,63506,37,0.7,63505,15,0.29,5316,99,5263,10020,8,8
1668069697,2022-11-10 02:41:37 -0600,e8df7e7049cb0aac19dc72a02332a5b47a53c197,TX,48059,2,2022-11-09T01:00:00.000Z,FIPSCode,48059,0,2022-11-10T08:33:32.400Z,8,99.0,8,100.0,58549,4769,90.61,63031,442,8.4,63506,37,0.7,63505,15,0.29,5316,99,5263,10020,8,8
1668069735,2022-11-10 02:42:15 -0600,068b5bc6d88e1b2e681757f2c25ffc6f33a29d77,TX,48059,2,2022-11-09T01:00:00.000Z,FIPSCode,48059,0,2022-11-10T08:33:32.400Z,8,99.0,8,100.0,58549,4769,90.61,63031,442,8.4,63506,37,0.7,63505,15,0.29,5316,99,5263,10020,8,8
1668069775,2022-11-10 02:42:55 -0600,f3663564254daabe1b38e939e867cfb9e5415ef2,TX,48059,2,2022-11-09T01:00:00.000Z,FIPSCode,48059,0,2022-11-10T08:33:32.400Z,8,99.0,8,100.0,58549,4769,90.61,63031,442,8.4,63506,37,0.7,63505,15,0.29,5316,99,5263,10020,8,8
1668069815,2022-11-10 02:43:35 -0600,04be2a18fd442e74bdb80f932be2f617639f2437,TX,48059,2,2022-11-09T01:00:00.000Z,FIPSCode,48059,0,2022-11-10T08:33:32.400Z,8,99.0,8,100.0,58549,4769,90.61,63031,442,8.4,63506,37,0.7,63505,15,0.29,5316,99,5263,10020,8,8
1668069854,2022-11-10 02:44:14 -0600,7169b1a726d06ee993860267e3accbd3d399f526,TX,48059,2,2022-11-09T01:00:00.000Z,FIPSCode,48059,0,2022-11-10T08:33:32.400Z,8,99.0,8,100.0,58549,4769,90.61,63031,442,8.4,63506,37,0.7,63505,15,0.29,5316,99,5263,10020,8,8
1668069894,2022-11-10 02:44:54 -0600,bb6862bd39b61a88398be1cd9292d466c51e8018,TX,48059,2,2022-11-09T01:00:00.000Z,FIPSCode,48059,0,2022-11-10T08:33:32.400Z,8,99.0,8,100.0,58549,4769,90.61,63031,442,8.4,63506,37,0.7,63505,15,0.29,5316,99,5263,10020,8,8
1668069934,2022-11-10 02:45:34 -0600,48fe411ee414dc484dcd32e6af385282dfb5345b,TX,48059,2,2022-11-09T01:00:00.000Z,FIPSCode,48059,0,2022-11-10T08:33:32.400Z,8,99.0,8,100.0,58549,4769,90.61,63031,442,8.4,63506,37,0.7,63505,15,0.29,5316,99,5263,10020,8,8
1668069974,2022-11-10 02:46:14 -0600,5e782b9f7a08eba8793656c73d8a82cf1bc615dd,TX,48059,2,2022-11-09T01:00:00.000Z,FIPSCode,48059,0,2022-11-10T08:45:47.239Z,8,99.0,8,100.0,58549,4769,90.61,63031,442,8.4,63506,37,0.7,63505,15,0.29,5316,99,5263,10020,8,8
1668070015,2022-11-10 02:46:55 -0600,a931ba619b064f2b1a1162882b6babaabecadad1,TX,48059,2,2022-11-09T01:00:00.000Z,FIPSCode,48059,0,2022-11-10T08:45:47.239Z,8,99.0,8,100.0,58549,4769,90.61,63031,442,8.4,63506,37,0.7,63505,15,0.29,5316,99,5263,10020,8,8
1668070054,2022-11-10 02:47:34 -0600,b94aedb0a2d10a0b6ca718ad286b20ff3c6f6718,TX,48059,2,2022-11-09T01:00:00.000Z,FIPSCode,48059,0,2022-11-10T08:46:52.773Z,8,99.0,8,100.0,58549,4769,90.61,63031,442,8.4,63506,37,0.7,63505,15,0.29,5316,99,5263,10020,8,8
1668070095,2022-11-10 02:48:15 -0600,89ec76b6567edae96e56c8faa81e3ec7888dfb30,TX,48059,2,2022-11-09T01:00:00.000Z,FIPSCode,48059,0,2022-11-10T08:47:30.828Z,8,99.0,8,100.0,58549,4769,90.61,63031,442,8.4,63506,37,0.7,63505,15,0.29,5316,99,5263,10020,8,8
1668070136,2022-11-10 02:48:56 -0600,f69e09814552424cf0db9e90d07379f9c5465d77,TX,48059,2,2022-11-09T01:00:00.000Z,FIPSCode,48059,0,2022-11-10T08:47:30.828Z,8,99.0,8,100.0,58549,4769,90.61,63031,442,8.4,63506,37,0.7,63505,15,0.29,5316,99,5263,10020,8,8
1668070176,2022-11-10 02:49:36 -0600,931cd4c53e12941341d54085a8a88383c6efdaa6,TX,48059,2,2022-11-09T01:00:00.000Z,FIPSCode,48059,0,2022-11-10T08:47:30.828Z,8,99.0,8,100.0,58549,4769,90.61,63031,442,8.4,63506,37,0.7,63505,15,0.29,5316,99,5263,10020,8,8
1668070215,2022-11-10 02:50:15 -0600,ca698f91143c88bc5cc93579dc1ba25ec99e319d,TX,48059,2,2022-11-09T01:00:00.000Z,FIPSCode,48059,0,2022-11-10T08:47:30.828Z,8,99.0,8,100.0,58549,4769,90.61,63031,442,8.4,63506,37,0.7,63505,15,0.29,5316,99,5263,10020,8,8
1668070255,2022-11-10 02:50:55 -0600,995a3035c031c0be239f72ff17ecff4f694dac5e,TX,48059,2,2022-11-09T01:00:00.000Z,FIPSCode,48059,0,2022-11-10T08:47:30.828Z,8,99.0,8,100.0,58549,4769,90.61,63031,442,8.4,63506,37,0.7,63505,15,0.29,5316,99,5263,10020,8,8
1668070294,2022-11-10 02:51:34 -0600,da843256f756a49df9209634057bb62177217cd3,TX,48059,2,2022-11-09T01:00:00.000Z,FIPSCode,48059,0,2022-11-10T08:47:30.828Z,8,99.0,8,100.0,58549,4769,90.61,63031,442,8.4,63506,37,0.7,63505,15,0.29,5316,99,5263,10020,8,8
1668070334,2022-11-10 02:52:14 -0600,73de2a31427453b9bac8a51fd4b8ee365752ff00,TX,48059,2,2022-11-09T01:00:00.000Z,FIPSCode,48059,0,2022-11-10T08:47:30.828Z,8,99.0,8,100.0,58549,4769,90.61,63031,442,8.4,63506,37,0.7,63505,15,0.29,5316,99,5263,10020,8,8
1668070373,2022-11-10 02:52:53 -0600,cd66b278823bb6ade7fce3ce191db172d08463cc,TX,48059,2,2022-11-09T01:00:00.000Z,FIPSCode,48059,0,2022-11-10T08:47:30.828Z,8,99.0,8,100.0,58549,4769,90.61,63031,442,8.4,63506,37,0.7,63505,15,0.29,5316,99,5263,10020,8,8
1668070413,2022-11-10 02:53:33 -0600,8bb3c35eb3c4fd295a60602cfa76f5459308863b,TX,48059,2,2022-11-09T01:00:00.000Z,FIPSCode,48059,0,2022-11-10T08:47:30.828Z,8,99.0,8,100.0,58549,4769,90.61,63031,442,8.4,63506,37,0.7,63505,15,0.29,5316,99,5263,10020,8,8
1668070452,2022-11-10 02:54:12 -0600,be585dcc77536c9a7086c1469a3c04b3eba0dbf3,TX,48059,2,2022-11-09T01:00:00.000Z,FIPSCode,48059,0,2022-11-10T08:47:30.828Z,8,99.0,8,100.0,58549,4769,90.61,63031,442,8.4,63506,37,0.7,63505,15,0.29,5316,99,5263,10020,8,8
1668070496,2022-11-10 02:54:56 -0600,7e1666ca5d8f2e99910cb3f26be190f53f9a8be5,TX,48059,2,2022-11-09T01:00:00.000Z,FIPSCode,48059,0,2022-11-10T08:47:30.828Z,8,99.0,8,100.0,58549,4769,90.61,63031,442,8.4,63506,37,0.7,63505,15,0.29,5316,99,5263,10020,8,8
1668070537,2022-11-10 02:55:37 -0600,49e4f8e666e8cab7f4e84a868e3f0ba08c771e01,TX,48059,2,2022-11-09T01:00:00.000Z,FIPSCode,48059,0,2022-11-10T08:47:30.828Z,8,99.0,8,100.0,58549,4769,90.61,63031,442,8.4,63506,37,0.7,63505,15,0.29,5316,99,5263,10020,8,8
1668070576,2022-11-10 02:56:16 -0600,acbe80963b886c8fa8eba62809dde7e2b3c2b2fa,TX,48059,2,2022-11-09T01:00:00.000Z,FIPSCode,48059,0,2022-11-10T08:55:52.596Z,8,99.0,8,100.0,58549,4769,90.61,63031,442,8.4,63506,37,0.7,63505,15,0.29,5316,99,5263,10020,8,8
1668070613,2022-11-10 02:56:53 -0600,08d3860a9777b3b86bf4d7bab44b8d09622fa698,TX,48059,2,2022-11-09T01:00:00.000Z,FIPSCode,48059,0,2022-11-10T08:55:52.596Z,8,99.0,8,100.0,58549,4769,90.61,63031,442,8.4,63506,37,0.7,63505,15,0.29,5316,99,5263,10020,8,8
1668070654,2022-11-10 02:57:34 -0600,895302b5cb0e39adfef652b638b5c8fd627e969a,TX,48059,2,2022-11-09T01:00:00.000Z,FIPSCode,48059,0,2022-11-10T08:56:51.299Z,8,99.0,8,100.0,58549,4769,90.61,63031,442,8.4,63506,37,0.7,63505,15,0.29,5316,99,5263,10020,8,8
1668070694,2022-11-10 02:58:14 -0600,2d567d58f3bb7029e9b2695cffde9cdf2173844b,TX,48059,2,2022-11-09T01:00:00.000Z,FIPSCode,48059,0,2022-11-10T08:56:51.299Z,8,99.0,8,100.0,58549,4769,90.61,63031,442,8.4,63506,37,0.7,63505,15,0.29,5316,99,5263,10020,8,8
1668070734,2022-11-10 02:58:54 -0600,9d7d585ae41b3664f897e07ecd347f922c290706,TX,48059,2,2022-11-09T01:00:00.000Z,FIPSCode,48059,0,2022-11-10T08:56:51.299Z,8,99.0,8,100.0,58549,4769,90.61,63031,442,8.4,63506,37,0.7,63505,15,0.29,5316,99,5263,10020,8,8
1668070774,2022-11-10 02:59:34 -0600,db799ee366204cbc878f547d6b112728d1304c7d,TX,48059,2,2022-11-09T01:00:00.000Z,FIPSCode,48059,0,2022-11-10T08:58:49.619Z,8,99.0,8,100.0,58549,4769,90.61,63031,442,8.4,63506,37,0.7,63505,15,0.29,5316,99,5263,10020,8,8
1668070813,2022-11-10 03:00:13 -0600,6b0a0a577e602127207f9d5749f65569a02459cc,TX,48059,2,2022-11-09T01:00:00.000Z,FIPSCode,48059,0,2022-11-10T08:58:49.619Z,8,99.0,8,100.0,58549,4769,90.61,63031,442,8.4,63506,37,0.7,63505,15,0.29,5316,99,5263,10020,8,8
1668070853,2022-11-10 03:00:53 -0600,4ff985cbb505e8803a02000234a693f3b981b256,TX,48059,2,2022-11-09T01:00:00.000Z,FIPSCode,48059,0,2022-11-10T08:58:49.619Z,8,99.0,8,100.0,58549,4769,90.61,63031,442,8.4,63506,37,0.7,63505,15,0.29,5316,99,5263,10020,8,8
1668070892,2022-11-10 03:01:32 -0600,2d66d8e6b8e090ae8abc4a7c893f187b47b2d21a,TX,48059,2,2022-11-09T01:00:00.000Z,FIPSCode,48059,0,2022-11-10T08:58:49.619Z,8,99.0,8,100.0,58549,4769,90.61,63031,442,8.4,63506,37,0.7,63505,15,0.29,5316,99,5263,10020,8,8
1668070932,2022-11-10 03:02:12 -0600,86c92e7de1eca63e96cad0e3736a22b091cb74cb,TX,48059,2,2022-11-09T01:00:00.000Z,FIPSCode,48059,0,2022-11-10T08:58:49.619Z,8,99.0,8,100.0,58549,4769,90.61,63031,442,8.4,63506,37,0.7,63505,15,0.29,5316,99,5263,10020,8,8
1668070973,2022-11-10 03:02:53 -0600,f5d4865a8faab47b72b366fc4ee95c3b6c1490b7,TX,48059,2,2022-11-09T01:00:00.000Z,FIPSCode,48059,0,2022-11-10T08:58:49.619Z,8,99.0,8,100.0,58549,4769,90.61,63031,442,8.4,63506,37,0.7,63505,15,0.29,5316,99,5263,10020,8,8
1668071012,2022-11-10 03:03:32 -0600,231e2de2c87ebe1cfeeea56f5f4e6d74c6b73a86,TX,48059,2,2022-11-09T01:00:00.000Z,FIPSCode,48059,0,2022-11-10T08:58:49.619Z,8,99.0,8,100.0,58549,4769,90.61,63031,442,8.4,63506,37,0.7,63505,15,0.29,5316,99,5263,10020,8,8
1668071052,2022-11-10 03:04:12 -0600,6a3a84457fbb079136d25218ae188e4667afa8d2,TX,48059,2,2022-11-09T01:00:00.000Z,FIPSCode,48059,0,2022-11-10T08:58:49.619Z,8,99.0,8,100.0,58549,4769,90.61,63031,442,8.4,63506,37,0.7,63505,15,0.29,5316,99,5263,10020,8,8
1668071091,2022-11-10 03:04:51 -0600,4893703ae4bb2becfc95c3cd6e6cd8d72224b6fd,TX,48059,2,2022-11-09T01:00:00.000Z,FIPSCode,48059,0,2022-11-10T08:58:49.619Z,8,99.0,8,100.0,58549,4769,90.61,63031,442,8.4,63506,37,0.7,63505,15,0.29,5316,99,5263,10020,8,8
1668071129,2022-11-10 03:05:29 -0600,482c23f000005e7c3528eea4a319932e8486a40e,TX,48059,2,2022-11-09T01:00:00.000Z,FIPSCode,48059,0,2022-11-10T08:58:49.619Z,8,99.0,8,100.0,58549,4769,90.61,63031,442,8.4,63506,37,0.7,63505,15,0.29,5316,99,5263,10020,8,8
1668071170,2022-11-10 03:06:10 -0600,4163afecc7f57f707fa581259b0117fd2388833f,TX,48059,2,2022-11-09T01:00:00.000Z,FIPSCode,48059,0,2022-11-10T08:58:49.619Z,8,99.0,8,100.0,58549,4769,90.61,63031,442,8.4,63506,37,0.7,63505,15,0.29,5316,99,5263,10020,8,8
1668071208,2022-11-10 03:06:48 -0600,67e61bb93f5acfe746a1e85364e93036cad6d876,TX,48059,2,2022-11-09T01:00:00.000Z,FIPSCode,48059,0,2022-11-10T08:58:49.619Z,8,99.0,8,100.0,58549,4769,90.61,63031,442,8.4,63506,37,0.7,63505,15,0.29,5316,99,5263,10020,8,8
1668071248,2022-11-10 03:07:28 -0600,952a464532f6a6fd1e3b4067f0488f6919cba155,TX,48059,2,2022-11-09T01:00:00.000Z,FIPSCode,48059,0,2022-11-10T08:58:49.619Z,8,99.0,8,100.0,58549,4769,90.61,63031,442,8.4,63506,37,0.7,63505,15,0.29,5316,99,5263,10020,8,8
1668071288,2022-11-10 03:08:08 -0600,af0d9ec1fb63646f9f4bcfee0035c3bf7d2ed1d2,TX,48059,2,2022-11-09T01:00:00.000Z,FIPSCode,48059,0,2022-11-10T08:58:49.619Z,8,99.0,8,100.0,58549,4769,90.61,63031,442,8.4,63506,37,0.7,63505,15,0.29,5316,99,5263,10020,8,8
1668071327,2022-11-10 03:08:47 -0600,ba915ba6dfab995268355b8cac3a2c8bf9a1d2f3,TX,48059,2,2022-11-09T01:00:00.000Z,FIPSCode,48059,0,2022-11-10T08:58:49.619Z,8,99.0,8,100.0,58549,4769,90.61,63031,442,8.4,63506,37,0.7,63505,15,0.29,5316,99,5263,10020,8,8
1668071365,2022-11-10 03:09:25 -0600,0ae7c9eb92308bac35753d279acd90995a2e20ec,TX,48059,2,2022-11-09T01:00:00.000Z,FIPSCode,48059,0,2022-11-10T08:58:49.619Z,8,99.0,8,100.0,58549,4769,90.61,63031,442,8.4,63506,37,0.7,63505,15,0.29,5316,99,5263,10020,8,8
1668071404,2022-11-10 03:10:04 -0600,3ef72b8f18306a9ccb4f76f137de4ca04ff46da5,TX,48059,2,2022-11-09T01:00:00.000Z,FIPSCode,48059,0,2022-11-10T08:58:49.619Z,8,99.0,8,100.0,58549,4769,90.61,63031,442,8.4,63506,37,0.7,63505,15,0.29,5316,99,5263,10020,8,8
1668071444,2022-11-10 03:10:44 -0600,459db775f15f680e39bd4f8e6aeb9e13158bae2a,TX,48059,2,2022-11-09T01:00:00.000Z,FIPSCode,48059,0,2022-11-10T08:58:49.619Z,8,99.0,8,100.0,58549,4769,90.61,63031,442,8.4,63506,37,0.7,63505,15,0.29,5316,99,5263,10020,8,8
1668071484,2022-11-10 03:11:24 -0600,3c0761848db94e534b40c9a3a6dec565ec62568a,TX,48059,2,2022-11-09T01:00:00.000Z,FIPSCode,48059,0,2022-11-10T08:58:49.619Z,8,99.0,8,100.0,58549,4769,90.61,63031,442,8.4,63506,37,0.7,63505,15,0.29,5316,99,5263,10020,8,8
1668071523,2022-11-10 03:12:03 -0600,efc2be32ac93c2f80f897510030dbd825149b076,TX,48059,2,2022-11-09T01:00:00.000Z,FIPSCode,48059,0,2022-11-10T08:58:49.619Z,8,99.0,8,100.0,58549,4769,90.61,63031,442,8.4,63506,37,0.7,63505,15,0.29,5316,99,5263,10020,8,8
1668071642,2022-11-10 03:14:02 -0600,9a364e9969b94f8e0268ec42f15c85e4623ac80a,TX,48059,2,2022-11-09T01:00:00.000Z,FIPSCode,48059,0,2022-11-10T08:58:49.619Z,8,99.0,8,100.0,58549,4769,90.61,63031,442,8.4,63506,37,0.7,63505,15,0.29,5316,99,5263,10020,8,8
1668071682,2022-11-10 03:14:42 -0600,b2bf5ee19560655f8e84d265cf78d6d37d751381,TX,48059,2,2022-11-09T01:00:00.000Z,FIPSCode,48059,0,2022-11-10T08:58:49.619Z,8,99.0,8,100.0,58549,4769,90.61,63031,442,8.4,63506,37,0.7,63505,15,0.29,5316,99,5263,10020,8,8
1668071721,2022-11-10 03:15:21 -0600,07847e431ad2d89ba23b4d84660d9f2db5704841,TX,48059,2,2022-11-09T01:00:00.000Z,FIPSCode,48059,0,2022-11-10T08:58:49.619Z,8,99.0,8,100.0,58549,4769,90.61,63031,442,8.4,63506,37,0.7,63505,15,0.29,5316,99,5263,10020,8,8
1668071761,2022-11-10 03:16:01 -0600,8059074bed3f461e2041c35123fc3c978abebb85,TX,48059,2,2022-11-09T01:00:00.000Z,FIPSCode,48059,0,2022-11-10T08:58:49.619Z,8,99.0,8,100.0,58549,4769,90.61,63031,442,8.4,63506,37,0.7,63505,15,0.29,5316,99,5263,10020,8,8
1668071801,2022-11-10 03:16:41 -0600,f6f9bf158e7b313ec47103fd22077f22c5bc2ad0,TX,48059,2,2022-11-09T01:00:00.000Z,FIPSCode,48059,0,2022-11-10T08:58:49.619Z,8,99.0,8,100.0,58549,4769,90.61,63031,442,8.4,63506,37,0.7,63505,15,0.29,5316,99,5263,10020,8,8
1668071841,2022-11-10 03:17:21 -0600,73e89d5c9907ca939ff9af7ce95e7eb04e1e32b4,TX,48059,2,2022-11-09T01:00:00.000Z,FIPSCode,48059,0,2022-11-10T08:58:49.619Z,8,99.0,8,100.0,58549,4769,90.61,63031,442,8.4,63506,37,0.7,63505,15,0.29,5316,99,5263,10020,8,8
1668071881,2022-11-10 03:18:01 -0600,0cc03051987fe21f87e5a4efaa09b6362bfd7f50,TX,48059,2,2022-11-09T01:00:00.000Z,FIPSCode,48059,0,2022-11-10T08:58:49.619Z,8,99.0,8,100.0,58549,4769,90.61,63031,442,8.4,63506,37,0.7,63505,15,0.29,5316,99,5263,10020,8,8
1668071922,2022-11-10 03:18:42 -0600,90d7d37de62f767952e89acf0feb783b1f77607c,TX,48059,2,2022-11-09T01:00:00.000Z,FIPSCode,48059,0,2022-11-10T08:58:49.619Z,8,99.0,8,100.0,58549,4769,90.61,63031,442,8.4,63506,37,0.7,63505,15,0.29,5316,99,5263,10020,8,8
1668071962,2022-11-10 03:19:22 -0600,5047e34059d3e8cce8b59b123eab7797c26e098c,TX,48059,2,2022-11-09T01:00:00.000Z,FIPSCode,48059,0,2022-11-10T08:58:49.619Z,8,99.0,8,100.0,58549,4769,90.61,63031,442,8.4,63506,37,0.7,63505,15,0.29,5316,99,5263,10020,8,8
1668072003,2022-11-10 03:20:03 -0600,75edefe6e427a0e0541b0b8e44b16a81b5bb7828,TX,48059,2,2022-11-09T01:00:00.000Z,FIPSCode,48059,0,2022-11-10T08:58:49.619Z,8,99.0,8,100.0,58549,4769,90.61,63031,442,8.4,63506,37,0.7,63505,15,0.29,5316,99,5263,10020,8,8
1668072042,2022-11-10 03:20:42 -0600,9560fb360638550f4a3cfe7ed8766efa92c2bca6,TX,48059,2,2022-11-09T01:00:00.000Z,FIPSCode,48059,0,2022-11-10T08:58:49.619Z,8,99.0,8,100.0,58549,4769,90.61,63031,442,8.4,63506,37,0.7,63505,15,0.29,5316,99,5263,10020,8,8
1668072083,2022-11-10 03:21:23 -0600,8be5ec757f040cecc9a06458895f8cce111db048,TX,48059,2,2022-11-09T01:00:00.000Z,FIPSCode,48059,0,2022-11-10T08:58:49.619Z,8,99.0,8,100.0,58549,4769,90.61,63031,442,8.4,63506,37,0.7,63505,15,0.29,5316,99,5263,10020,8,8
1668072123,2022-11-10 03:22:03 -0600,88f09d271051fb5a74afa1703778fd9ff2b46c01,TX,48059,2,2022-11-09T01:00:00.000Z,FIPSCode,48059,0,2022-11-10T08:58:49.619Z,8,99.0,8,100.0,58549,4769,90.61,63031,442,8.4,63506,37,0.7,63505,15,0.29,5316,99,5263,10020,8,8
1668072164,2022-11-10 03:22:44 -0600,ccdc68d0ab2d31a5a8ee93d0818519448d45ba4c,TX,48059,2,2022-11-09T01:00:00.000Z,FIPSCode,48059,0,2022-11-10T08:58:49.619Z,8,99.0,8,100.0,58549,4769,90.61,63031,442,8.4,63506,37,0.7,63505,15,0.29,5316,99,5263,10020,8,8
1668072204,2022-11-10 03:23:24 -0600,cf935d1dbd5b7d55c9ef20643cc7adc90c50b962,TX,48059,2,2022-11-09T01:00:00.000Z,FIPSCode,48059,0,2022-11-10T09:22:55.680Z,8,99.0,8,100.0,58549,4769,90.61,63031,442,8.4,63506,37,0.7,63505,15,0.29,5316,99,5263,10020,8,8
1668072243,2022-11-10 03:24:03 -0600,af637fdd44db8647b1c367067b4f00e9a2af8048,TX,48059,2,2022-11-09T01:00:00.000Z,FIPSCode,48059,0,2022-11-10T09:22:55.680Z,8,99.0,8,100.0,58549,4769,90.61,63031,442,8.4,63506,37,0.7,63505,15,0.29,5316,99,5263,10020,8,8
1668072283,2022-11-10 03:24:43 -0600,dd3d1d1b699ce4e45c8cc34743bdac4559cca000,TX,48059,2,2022-11-09T01:00:00.000Z,FIPSCode,48059,0,2022-11-10T09:23:48.857Z,8,99.0,8,100.0,58549,4769,90.61,63031,442,8.4,63506,37,0.7,63505,15,0.29,5316,99,5263,10020,8,8
1668072322,2022-11-10 03:25:22 -0600,fb62827a04f7870189cd470723f67ffc73e5543b,TX,48059,2,2022-11-09T01:00:00.000Z,FIPSCode,48059,0,2022-11-10T09:23:48.857Z,8,99.0,8,100.0,58549,4769,90.61,63031,442,8.4,63506,37,0.7,63505,15,0.29,5316,99,5263,10020,8,8
1668072362,2022-11-10 03:26:02 -0600,0f0fc4ed086ddcfacc3aac8f7716816ba67801b9,TX,48059,2,2022-11-09T01:00:00.000Z,FIPSCode,48059,0,2022-11-10T09:24:55.331Z,8,99.0,8,100.0,58549,4769,90.61,63031,442,8.4,63506,37,0.7,63505,15,0.29,5316,99,5263,10020,8,8
1668072401,2022-11-10 03:26:41 -0600,7a047fbeb81009d636e9be9a9447d20f0b8cf66e,TX,48059,2,2022-11-09T01:00:00.000Z,FIPSCode,48059,0,2022-11-10T09:24:55.331Z,8,99.0,8,100.0,58549,4769,90.61,63031,442,8.4,63506,37,0.7,63505,15,0.29,5316,99,5263,10020,8,8
1668072441,2022-11-10 03:27:21 -0600,d2648964f2022e5f460741f96927a8ca79ba231e,TX,48059,2,2022-11-09T01:00:00.000Z,FIPSCode,48059,0,2022-11-10T09:24:55.331Z,8,99.0,8,100.0,58549,4769,90.61,63031,442,8.4,63506,37,0.7,63505,15,0.29,5316,99,5263,10020,8,8
1668072481,2022-11-10 03:28:01 -0600,5d26460100931a5376af722f9b17e286e7431d87,TX,48059,2,2022-11-09T01:00:00.000Z,FIPSCode,48059,0,2022-11-10T09:24:55.331Z,8,99.0,8,100.0,58549,4769,90.61,63031,442,8.4,63506,37,0.7,63505,15,0.29,5316,99,5263,10020,8,8
1668072521,2022-11-10 03:28:41 -0600,1c6220fc8e023a8751b53f01c0b69c73c47bfbb5,TX,48059,2,2022-11-09T01:00:00.000Z,FIPSCode,48059,0,2022-11-10T09:24:55.331Z,8,99.0,8,100.0,58549,4769,90.61,63031,442,8.4,63506,37,0.7,63505,15,0.29,5316,99,5263,10020,8,8
1668072560,2022-11-10 03:29:20 -0600,b12fad31b3d08686fb6c9be56672a30c80f16ec1,TX,48059,2,2022-11-09T01:00:00.000Z,FIPSCode,48059,0,2022-11-10T09:24:55.331Z,8,99.0,8,100.0,58549,4769,90.61,63031,442,8.4,63506,37,0.7,63505,15,0.29,5316,99,5263,10020,8,8
1668072600,2022-11-10 03:30:00 -0600,d3a7f178e74affb31d8a631be749ea38e80f590f,TX,48059,2,2022-11-09T01:00:00.000Z,FIPSCode,48059,0,2022-11-10T09:24:55.331Z,8,99.0,8,100.0,58549,4769,90.61,63031,442,8.4,63506,37,0.7,63505,15,0.29,5316,99,5263,10020,8,8
1668072640,2022-11-10 03:30:40 -0600,f27fa908bd0e9ba131bf9b187738b1780e05b2d3,TX,48059,2,2022-11-09T01:00:00.000Z,FIPSCode,48059,0,2022-11-10T09:24:55.331Z,8,99.0,8,100.0,58549,4769,90.61,63031,442,8.4,63506,37,0.7,63505,15,0.29,5316,99,5263,10020,8,8
1668072680,2022-11-10 03:31:20 -0600,d164c2b9435c5b398dc29d50fdfbe9bba57963c2,TX,48059,2,2022-11-09T01:00:00.000Z,FIPSCode,48059,0,2022-11-10T09:24:55.331Z,8,99.0,8,100.0,58549,4769,90.61,63031,442,8.4,63506,37,0.7,63505,15,0.29,5316,99,5263,10020,8,8
1668072719,2022-11-10 03:31:59 -0600,b7bf14e6f64d519fd67a40d505d41345632ff6ef,TX,48059,2,2022-11-09T01:00:00.000Z,FIPSCode,48059,0,2022-11-10T09:24:55.331Z,8,99.0,8,100.0,58549,4769,90.61,63031,442,8.4,63506,37,0.7,63505,15,0.29,5316,99,5263,10020,8,8
1668072760,2022-11-10 03:32:40 -0600,2faa0ea1e561f9466d8579646c5a7c60c3c2e38c,TX,48059,2,2022-11-09T01:00:00.000Z,FIPSCode,48059,0,2022-11-10T09:24:55.331Z,8,99.0,8,100.0,58549,4769,90.61,63031,442,8.4,63506,37,0.7,63505,15,0.29,5316,99,5263,10020,8,8
1668072799,2022-11-10 03:33:19 -0600,08003753a180b8edab4bfd41d8f8f0938e7e3cee,TX,48059,2,2022-11-09T01:00:00.000Z,FIPSCode,48059,0,2022-11-10T09:24:55.331Z,8,99.0,8,100.0,58549,4769,90.61,63031,442,8.4,63506,37,0.7,63505,15,0.29,5316,99,5263,10020,8,8
1668072838,2022-11-10 03:33:58 -0600,2f71f1952374ad35b7d3a4b9c8ef33570788dcaf,TX,48059,2,2022-11-09T01:00:00.000Z,FIPSCode,48059,0,2022-11-10T09:24:55.331Z,8,99.0,8,100.0,58549,4769,90.61,63031,442,8.4,63506,37,0.7,63505,15,0.29,5316,99,5263,10020,8,8
1668072879,2022-11-10 03:34:39 -0600,c713ce3dde07c618cc5631d73c1b4e3f6aee41b5,TX,48059,2,2022-11-09T01:00:00.000Z,FIPSCode,48059,0,2022-11-10T09:24:55.331Z,8,99.0,8,100.0,58549,4769,90.61,63031,442,8.4,63506,37,0.7,63505,15,0.29,5316,99,5263,10020,8,8
1668072920,2022-11-10 03:35:20 -0600,7c032dff10db2410055307d9ec1bb8c540f0187f,TX,48059,2,2022-11-09T01:00:00.000Z,FIPSCode,48059,0,2022-11-10T09:24:55.331Z,8,99.0,8,100.0,58549,4769,90.61,63031,442,8.4,63506,37,0.7,63505,15,0.29,5316,99,5263,10020,8,8
1668072959,2022-11-10 03:35:59 -0600,cdd42bddbfb75f8ce9be82a9b20d2936061c9951,TX,48059,2,2022-11-09T01:00:00.000Z,FIPSCode,48059,0,2022-11-10T09:24:55.331Z,8,99.0,8,100.0,58549,4769,90.61,63031,442,8.4,63506,37,0.7,63505,15,0.29,5316,99,5263,10020,8,8
1668072998,2022-11-10 03:36:38 -0600,9eebe7e87c0bd58288008f2b7e3bf0be43d4a494,TX,48059,2,2022-11-09T01:00:00.000Z,FIPSCode,48059,0,2022-11-10T09:24:55.331Z,8,99.0,8,100.0,58549,4769,90.61,63031,442,8.4,63506,37,0.7,63505,15,0.29,5316,99,5263,10020,8,8
1668073038,2022-11-10 03:37:18 -0600,cf5f6dff5f4f69c6da52a7806530d85b2f49f544,TX,48059,2,2022-11-09T01:00:00.000Z,FIPSCode,48059,0,2022-11-10T09:24:55.331Z,8,99.0,8,100.0,58549,4769,90.61,63031,442,8.4,63506,37,0.7,63505,15,0.29,5316,99,5263,10020,8,8
1668073078,2022-11-10 03:37:58 -0600,4d9cc4057ea35dd2f81e92c7e32e6fc21dfc396e,TX,48059,2,2022-11-09T01:00:00.000Z,FIPSCode,48059,0,2022-11-10T09:24:55.331Z,8,99.0,8,100.0,58549,4769,90.61,63031,442,8.4,63506,37,0.7,63505,15,0.29,5316,99,5263,10020,8,8
1668073117,2022-11-10 03:38:37 -0600,0d0523b4931946dd4518679273efc24a8bce9cd4,TX,48059,2,2022-11-09T01:00:00.000Z,FIPSCode,48059,0,2022-11-10T09:24:55.331Z,8,99.0,8,100.0,58549,4769,90.61,63031,442,8.4,63506,37,0.7,63505,15,0.29,5316,99,5263,10020,8,8
1668073159,2022-11-10 03:39:19 -0600,71eacd680201c171a1ae54831a8aa8738b402805,TX,48059,2,2022-11-09T01:00:00.000Z,FIPSCode,48059,0,2022-11-10T09:24:55.331Z,8,99.0,8,100.0,58549,4769,90.61,63031,442,8.4,63506,37,0.7,63505,15,0.29,5316,99,5263,10020,8,8
1668073199,2022-11-10 03:39:59 -0600,528a3cb21f1559a9c12de7323df761fd2fef39e6,TX,48059,2,2022-11-09T01:00:00.000Z,FIPSCode,48059,0,2022-11-10T09:24:55.331Z,8,99.0,8,100.0,58549,4769,90.61,63031,442,8.4,63506,37,0.7,63505,15,0.29,5316,99,5263,10020,8,8
1668073239,2022-11-10 03:40:39 -0600,29abc533556a75a496417fd2926250f7609ed07c,TX,48059,2,2022-11-09T01:00:00.000Z,FIPSCode,48059,0,2022-11-10T09:24:55.331Z,8,99.0,8,100.0,58549,4769,90.61,63031,442,8.4,63506,37,0.7,63505,15,0.29,5316,99,5263,10020,8,8
1668073279,2022-11-10 03:41:19 -0600,69f94f0cc85a939676e1ef328778a13739db3bed,TX,48059,2,2022-11-09T01:00:00.000Z,FIPSCode,48059,0,2022-11-10T09:24:55.331Z,8,99.0,8,100.0,58549,4769,90.61,63031,442,8.4,63506,37,0.7,63505,15,0.29,5316,99,5263,10020,8,8
1668073319,2022-11-10 03:41:59 -0600,3bf17965e49865fdebc12abd6bb428ee63ce1003,TX,48059,2,2022-11-09T01:00:00.000Z,FIPSCode,48059,0,2022-11-10T09:24:55.331Z,8,99.0,8,100.0,58549,4769,90.61,63031,442,8.4,63506,37,0.7,63505,15,0.29,5316,99,5263,10020,8,8
1668073360,2022-11-10 03:42:40 -0600,c74579345492b8171c4f8a38384a8e1818eeeea8,TX,48059,2,2022-11-09T01:00:00.000Z,FIPSCode,48059,0,2022-11-10T09:24:55.331Z,8,99.0,8,100.0,58549,4769,90.61,63031,442,8.4,63506,37,0.7,63505,15,0.29,5316,99,5263,10020,8,8
1668073399,2022-11-10 03:43:19 -0600,502565e8cb4175a3558933bdd0d5ab37c866f39c,TX,48059,2,2022-11-09T01:00:00.000Z,FIPSCode,48059,0,2022-11-10T09:24:55.331Z,8,99.0,8,100.0,58549,4769,90.61,63031,442,8.4,63506,37,0.7,63505,15,0.29,5316,99,5263,10020,8,8
1668073440,2022-11-10 03:44:00 -0600,2537b4a80ea6aa5c97658d5d85042ca57f31ede7,TX,48059,2,2022-11-09T01:00:00.000Z,FIPSCode,48059,0,2022-11-10T09:24:55.331Z,8,99.0,8,100.0,58549,4769,90.61,63031,442,8.4,63506,37,0.7,63505,15,0.29,5316,99,5263,10020,8,8
1668073480,2022-11-10 03:44:40 -0600,eb7150c9c443f69412de0fae96d40633119a8fe0,TX,48059,2,2022-11-09T01:00:00.000Z,FIPSCode,48059,0,2022-11-10T09:24:55.331Z,8,99.0,8,100.0,58549,4769,90.61,63031,442,8.4,63506,37,0.7,63505,15,0.29,5316,99,5263,10020,8,8
1668073519,2022-11-10 03:45:19 -0600,e26dd318fbbcd5a63a40c48447487dcb9b875d52,TX,48059,2,2022-11-09T01:00:00.000Z,FIPSCode,48059,0,2022-11-10T09:24:55.331Z,8,99.0,8,100.0,58549,4769,90.61,63031,442,8.4,63506,37,0.7,63505,15,0.29,5316,99,5263,10020,8,8
1668073559,2022-11-10 03:45:59 -0600,f8edda455885e0aa5e01ade7785559c1cb6e35bd,TX,48059,2,2022-11-09T01:00:00.000Z,FIPSCode,48059,0,2022-11-10T09:24:55.331Z,8,99.0,8,100.0,58549,4769,90.61,63031,442,8.4,63506,37,0.7,63505,15,0.29,5316,99,5263,10020,8,8
1668073599,2022-11-10 03:46:39 -0600,1c44ec20faad7c4be923d4f307feebc4505c6889,TX,48059,2,2022-11-09T01:00:00.000Z,FIPSCode,48059,0,2022-11-10T09:24:55.331Z,8,99.0,8,100.0,58549,4769,90.61,63031,442,8.4,63506,37,0.7,63505,15,0.29,5316,99,5263,10020,8,8
1668073638,2022-11-10 03:47:18 -0600,8f96d9dbd5fa96c9b1ca736c11c0c1e7bb2a11cb,TX,48059,2,2022-11-09T01:00:00.000Z,FIPSCode,48059,0,2022-11-10T09:24:55.331Z,8,99.0,8,100.0,58549,4769,90.61,63031,442,8.4,63506,37,0.7,63505,15,0.29,5316,99,5263,10020,8,8
1668073678,2022-11-10 03:47:58 -0600,4e4ff0f59cfa9c38f15f145bdf834dc71ff405a2,TX,48059,2,2022-11-09T01:00:00.000Z,FIPSCode,48059,0,2022-11-10T09:24:55.331Z,8,99.0,8,100.0,58549,4769,90.61,63031,442,8.4,63506,37,0.7,63505,15,0.29,5316,99,5263,10020,8,8
1668073717,2022-11-10 03:48:37 -0600,7a6b160224c2f028e87fbf632ce1d435ac030959,TX,48059,2,2022-11-09T01:00:00.000Z,FIPSCode,48059,0,2022-11-10T09:24:55.331Z,8,99.0,8,100.0,58549,4769,90.61,63031,442,8.4,63506,37,0.7,63505,15,0.29,5316,99,5263,10020,8,8
1668073757,2022-11-10 03:49:17 -0600,c53ef56ddfe476772c3a2dd075a6ac4603ba6b8d,TX,48059,2,2022-11-09T01:00:00.000Z,FIPSCode,48059,0,2022-11-10T09:24:55.331Z,8,99.0,8,100.0,58549,4769,90.61,63031,442,8.4,63506,37,0.7,63505,15,0.29,5316,99,5263,10020,8,8
1668073795,2022-11-10 03:49:55 -0600,4093e32978717cf24992c2b7048399a1f4dec5aa,TX,48059,2,2022-11-09T01:00:00.000Z,FIPSCode,48059,0,2022-11-10T09:24:55.331Z,8,99.0,8,100.0,58549,4769,90.61,63031,442,8.4,63506,37,0.7,63505,15,0.29,5316,99,5263,10020,8,8
1668073836,2022-11-10 03:50:36 -0600,aaa65b657558e2ceeaf3bbabcdd9e8f383e8e800,TX,48059,2,2022-11-09T01:00:00.000Z,FIPSCode,48059,0,2022-11-10T09:24:55.331Z,8,99.0,8,100.0,58549,4769,90.61,63031,442,8.4,63506,37,0.7,63505,15,0.29,5316,99,5263,10020,8,8
1668073875,2022-11-10 03:51:15 -0600,8fbd8a5689586ebf6df33e9a0b4e3c069e2bdc6b,TX,48059,2,2022-11-09T01:00:00.000Z,FIPSCode,48059,0,2022-11-10T09:50:51.403Z,8,99.0,8,100.0,58549,4769,90.61,63031,442,8.4,63506,37,0.7,63505,15,0.29,5316,99,5263,10020,8,8
1668073916,2022-11-10 03:51:56 -0600,34267da4dfc77ca21ac5dfd1c051ba2ceb7bcb19,TX,48059,2,2022-11-09T01:00:00.000Z,FIPSCode,48059,0,2022-11-10T09:50:51.403Z,8,99.0,8,100.0,58549,4769,90.61,63031,442,8.4,63506,37,0.7,63505,15,0.29,5316,99,5263,10020,8,8
1668073954,2022-11-10 03:52:34 -0600,1877faed61d47ae715fb1bd5523d63d238e3b0f4,TX,48059,2,2022-11-09T01:00:00.000Z,FIPSCode,48059,0,2022-11-10T09:51:51.819Z,8,99.0,8,100.0,58549,4769,90.61,63031,442,8.4,63506,37,0.7,63505,15,0.29,5316,99,5263,10020,8,8
1668073994,2022-11-10 03:53:14 -0600,4b0e5512ab59c86cd8da45ca26dd4b8bbad08128,TX,48059,2,2022-11-09T01:00:00.000Z,FIPSCode,48059,0,2022-11-10T09:52:49.736Z,8,99.0,8,100.0,58549,4769,90.61,63031,442,8.4,63506,37,0.7,63505,15,0.29,5316,99,5263,10020,8,8
1668074034,2022-11-10 03:53:54 -0600,3154af9a4d8360164fc9b7d0dd94d4d63a3135a7,TX,48059,2,2022-11-09T01:00:00.000Z,FIPSCode,48059,0,2022-11-10T09:52:49.736Z,8,99.0,8,100.0,58549,4769,90.61,63031,442,8.4,63506,37,0.7,63505,15,0.29,5316,99,5263,10020,8,8
1668074073,2022-11-10 03:54:33 -0600,c4008695ce2d528804eee1827e47023303c4b087,TX,48059,2,2022-11-09T01:00:00.000Z,FIPSCode,48059,0,2022-11-10T09:52:49.736Z,8,99.0,8,100.0,58549,4769,90.61,63031,442,8.4,63506,37,0.7,63505,15,0.29,5316,99,5263,10020,8,8
1668074113,2022-11-10 03:55:13 -0600,a0ae0256b5c92c77fd3ee646eee9d4c4bdda6b9d,TX,48059,2,2022-11-09T01:00:00.000Z,FIPSCode,48059,0,2022-11-10T09:52:49.736Z,8,99.0,8,100.0,58549,4769,90.61,63031,442,8.4,63506,37,0.7,63505,15,0.29,5316,99,5263,10020,8,8
1668074153,2022-11-10 03:55:53 -0600,dc4d25ad7e62b6cf9eefa25d44a84f12e500ec71,TX,48059,2,2022-11-09T01:00:00.000Z,FIPSCode,48059,0,2022-11-10T09:52:49.736Z,8,99.0,8,100.0,58549,4769,90.61,63031,442,8.4,63506,37,0.7,63505,15,0.29,5316,99,5263,10020,8,8
1668074192,2022-11-10 03:56:32 -0600,3433a58407631351e3bae952545afc39e2310f31,TX,48059,2,2022-11-09T01:00:00.000Z,FIPSCode,48059,0,2022-11-10T09:52:49.736Z,8,99.0,8,100.0,58549,4769,90.61,63031,442,8.4,63506,37,0.7,63505,15,0.29,5316,99,5263,10020,8,8
1668074231,2022-11-10 03:57:11 -0600,70d2c5fdd38901539c78f1b2857a33dede63bbe6,TX,48059,2,2022-11-09T01:00:00.000Z,FIPSCode,48059,0,2022-11-10T09:52:49.736Z,8,99.0,8,100.0,58549,4769,90.61,63031,442,8.4,63506,37,0.7,63505,15,0.29,5316,99,5263,10020,8,8
1668074271,2022-11-10 03:57:51 -0600,da065843359ca583c0f657a57ee1a4cbfa56d049,TX,48059,2,2022-11-09T01:00:00.000Z,FIPSCode,48059,0,2022-11-10T09:52:49.736Z,8,99.0,8,100.0,58549,4769,90.61,63031,442,8.4,63506,37,0.7,63505,15,0.29,5316,99,5263,10020,8,8
1668074310,2022-11-10 03:58:30 -0600,87022240c986a6b913fc48d7f9fb7ca4a198067e,TX,48059,2,2022-11-09T01:00:00.000Z,FIPSCode,48059,0,2022-11-10T09:52:49.736Z,8,99.0,8,100.0,58549,4769,90.61,63031,442,8.4,63506,37,0.7,63505,15,0.29,5316,99,5263,10020,8,8
1668074349,2022-11-10 03:59:09 -0600,f5de72c1196a775e2f083d3b783b44b73522ffa6,TX,48059,2,2022-11-09T01:00:00.000Z,FIPSCode,48059,0,2022-11-10T09:52:49.736Z,8,99.0,8,100.0,58549,4769,90.61,63031,442,8.4,63506,37,0.7,63505,15,0.29,5316,99,5263,10020,8,8
1668074388,2022-11-10 03:59:48 -0600,982216e1d737e13e2801ff359d0679fdb21497a8,TX,48059,2,2022-11-09T01:00:00.000Z,FIPSCode,48059,0,2022-11-10T09:52:49.736Z,8,99.0,8,100.0,58549,4769,90.61,63031,442,8.4,63506,37,0.7,63505,15,0.29,5316,99,5263,10020,8,8
1668074428,2022-11-10 04:00:28 -0600,1c9f0551510cb8749c0126610ab2441b735f6348,TX,48059,2,2022-11-09T01:00:00.000Z,FIPSCode,48059,0,2022-11-10T09:52:49.736Z,8,99.0,8,100.0,58549,4769,90.61,63031,442,8.4,63506,37,0.7,63505,15,0.29,5316,99,5263,10020,8,8
1668074467,2022-11-10 04:01:07 -0600,e5e283b1e9d12e8238c1f52eb954024ca84626bb,TX,48059,2,2022-11-09T01:00:00.000Z,FIPSCode,48059,0,2022-11-10T09:52:49.736Z,8,99.0,8,100.0,58549,4769,90.61,63031,442,8.4,63506,37,0.7,63505,15,0.29,5316,99,5263,10020,8,8
1668074506,2022-11-10 04:01:46 -0600,15b32ccac469f4ae107688c64b41be9e1e9c3cd2,TX,48059,2,2022-11-09T01:00:00.000Z,FIPSCode,48059,0,2022-11-10T09:52:49.736Z,8,99.0,8,100.0,58549,4769,90.61,63031,442,8.4,63506,37,0.7,63505,15,0.29,5316,99,5263,10020,8,8
1668074546,2022-11-10 04:02:26 -0600,57c714fcea60efaaa8fa7249e71fff52194bac5e,TX,48059,2,2022-11-09T01:00:00.000Z,FIPSCode,48059,0,2022-11-10T09:52:49.736Z,8,99.0,8,100.0,58549,4769,90.61,63031,442,8.4,63506,37,0.7,63505,15,0.29,5316,99,5263,10020,8,8
1668074584,2022-11-10 04:03:04 -0600,2c68af46d03f6eaadfe5d138fe1f179db70ade3d,TX,48059,2,2022-11-09T01:00:00.000Z,FIPSCode,48059,0,2022-11-10T09:52:49.736Z,8,99.0,8,100.0,58549,4769,90.61,63031,442,8.4,63506,37,0.7,63505,15,0.29,5316,99,5263,10020,8,8
1668074623,2022-11-10 04:03:43 -0600,b72daa08331dd7ec21ebd1ca06e662d1516a354e,TX,48059,2,2022-11-09T01:00:00.000Z,FIPSCode,48059,0,2022-11-10T09:52:49.736Z,8,99.0,8,100.0,58549,4769,90.61,63031,442,8.4,63506,37,0.7,63505,15,0.29,5316,99,5263,10020,8,8
1668074663,2022-11-10 04:04:23 -0600,3091717bb75a7c19759651aaf75d2290028e3a8a,TX,48059,2,2022-11-09T01:00:00.000Z,FIPSCode,48059,0,2022-11-10T09:52:49.736Z,8,99.0,8,100.0,58549,4769,90.61,63031,442,8.4,63506,37,0.7,63505,15,0.29,5316,99,5263,10020,8,8
1668074705,2022-11-10 04:05:05 -0600,31ffbd8ac0313120618743d28531246023be11c5,TX,48059,2,2022-11-09T01:00:00.000Z,FIPSCode,48059,0,2022-11-10T09:52:49.736Z,8,99.0,8,100.0,58549,4769,90.61,63031,442,8.4,63506,37,0.7,63505,15,0.29,5316,99,5263,10020,8,8
1668074743,2022-11-10 04:05:43 -0600,b925e98e10d9ab96d31398a677a45430f178dd97,TX,48059,2,2022-11-09T01:00:00.000Z,FIPSCode,48059,0,2022-11-10T09:52:49.736Z,8,99.0,8,100.0,58549,4769,90.61,63031,442,8.4,63506,37,0.7,63505,15,0.29,5316,99,5263,10020,8,8
1668074784,2022-11-10 04:06:24 -0600,df121ec546c8c77cae7e32f8af96c948b8020b9a,TX,48059,2,2022-11-09T01:00:00.000Z,FIPSCode,48059,0,2022-11-10T09:52:49.736Z,8,99.0,8,100.0,58549,4769,90.61,63031,442,8.4,63506,37,0.7,63505,15,0.29,5316,99,5263,10020,8,8
1668074824,2022-11-10 04:07:04 -0600,1e33b1ec7e7b1c14492a9cb7fbfd832810a64c00,TX,48059,2,2022-11-09T01:00:00.000Z,FIPSCode,48059,0,2022-11-10T09:52:49.736Z,8,99.0,8,100.0,58549,4769,90.61,63031,442,8.4,63506,37,0.7,63505,15,0.29,5316,99,5263,10020,8,8
1668074863,2022-11-10 04:07:43 -0600,39ebb7f70c27efd453ab522c4b5bea73ba0f8e50,TX,48059,2,2022-11-09T01:00:00.000Z,FIPSCode,48059,0,2022-11-10T09:52:49.736Z,8,99.0,8,100.0,58549,4769,90.61,63031,442,8.4,63506,37,0.7,63505,15,0.29,5316,99,5263,10020,8,8
1668074902,2022-11-10 04:08:22 -0600,26efd00d41751e6916504c1a8352dc238aa4ca29,TX,48059,2,2022-11-09T01:00:00.000Z,FIPSCode,48059,0,2022-11-10T09:52:49.736Z,8,99.0,8,100.0,58549,4769,90.61,63031,442,8.4,63506,37,0.7,63505,15,0.29,5316,99,5263,10020,8,8
1668074941,2022-11-10 04:09:01 -0600,290117941da69a63411b222887f859dc41eae9ba,TX,48059,2,2022-11-09T01:00:00.000Z,FIPSCode,48059,0,2022-11-10T09:52:49.736Z,8,99.0,8,100.0,58549,4769,90.61,63031,442,8.4,63506,37,0.7,63505,15,0.29,5316,99,5263,10020,8,8
1668074981,2022-11-10 04:09:41 -0600,097a65c9ff9f5d8ad5ad42fec0367f2b472e1e58,TX,48059,2,2022-11-09T01:00:00.000Z,FIPSCode,48059,0,2022-11-10T09:52:49.736Z,8,99.0,8,100.0,58549,4769,90.61,63031,442,8.4,63506,37,0.7,63505,15,0.29,5316,99,5263,10020,8,8
1668075020,2022-11-10 04:10:20 -0600,093c57187aa2df594b0fe38bc23d224f3998907e,TX,48059,2,2022-11-09T01:00:00.000Z,FIPSCode,48059,0,2022-11-10T09:52:49.736Z,8,99.0,8,100.0,58549,4769,90.61,63031,442,8.4,63506,37,0.7,63505,15,0.29,5316,99,5263,10020,8,8
1668075059,2022-11-10 04:10:59 -0600,144b491fd054217b4f552f2346aac04e02c801ff,TX,48059,2,2022-11-09T01:00:00.000Z,FIPSCode,48059,0,2022-11-10T09:52:49.736Z,8,99.0,8,100.0,58549,4769,90.61,63031,442,8.4,63506,37,0.7,63505,15,0.29,5316,99,5263,10020,8,8
1668075100,2022-11-10 04:11:40 -0600,e3322040caa7f61312eabd57995847f3ac7c48c8,TX,48059,2,2022-11-09T01:00:00.000Z,FIPSCode,48059,0,2022-11-10T09:52:49.736Z,8,99.0,8,100.0,58549,4769,90.61,63031,442,8.4,63506,37,0.7,63505,15,0.29,5316,99,5263,10020,8,8
1668075140,2022-11-10 04:12:20 -0600,78d797182a7faa906fc5e22fc1e73e56c34ab181,TX,48059,2,2022-11-09T01:00:00.000Z,FIPSCode,48059,0,2022-11-10T09:52:49.736Z,8,99.0,8,100.0,58549,4769,90.61,63031,442,8.4,63506,37,0.7,63505,15,0.29,5316,99,5263,10020,8,8
1668075180,2022-11-10 04:13:00 -0600,e47e2686407026ccab4177513df95867ce28eac2,TX,48059,2,2022-11-09T01:00:00.000Z,FIPSCode,48059,0,2022-11-10T09:52:49.736Z,8,99.0,8,100.0,58549,4769,90.61,63031,442,8.4,63506,37,0.7,63505,15,0.29,5316,99,5263,10020,8,8
1668075219,2022-11-10 04:13:39 -0600,98c2e4dc5baf83a50e3d2d04b92ab838741e5994,TX,48059,2,2022-11-09T01:00:00.000Z,FIPSCode,48059,0,2022-11-10T09:52:49.736Z,8,99.0,8,100.0,58549,4769,90.61,63031,442,8.4,63506,37,0.7,63505,15,0.29,5316,99,5263,10020,8,8
1668075261,2022-11-10 04:14:21 -0600,3c0b18b368d722a16997abcf72354e93d8d1fcdf,TX,48059,2,2022-11-09T01:00:00.000Z,FIPSCode,48059,0,2022-11-10T09:52:49.736Z,8,99.0,8,100.0,58549,4769,90.61,63031,442,8.4,63506,37,0.7,63505,15,0.29,5316,99,5263,10020,8,8
1668075300,2022-11-10 04:15:00 -0600,6c79aa8dfd4c6a5ef12d1e2ef8ab1f1cf0cf0d07,TX,48059,2,2022-11-09T01:00:00.000Z,FIPSCode,48059,0,2022-11-10T09:52:49.736Z,8,99.0,8,100.0,58549,4769,90.61,63031,442,8.4,63506,37,0.7,63505,15,0.29,5316,99,5263,10020,8,8
1668075340,2022-11-10 04:15:40 -0600,5c622d8bba4e3727c99e9ef957233297036c0400,TX,48059,2,2022-11-09T01:00:00.000Z,FIPSCode,48059,0,2022-11-10T09:52:49.736Z,8,99.0,8,100.0,58549,4769,90.61,63031,442,8.4,63506,37,0.7,63505,15,0.29,5316,99,5263,10020,8,8
1668075380,2022-11-10 04:16:20 -0600,9b5d0039c5fff636821ae21e540014c8e0cbdab6,TX,48059,2,2022-11-09T01:00:00.000Z,FIPSCode,48059,0,2022-11-10T09:52:49.736Z,8,99.0,8,100.0,58549,4769,90.61,63031,442,8.4,63506,37,0.7,63505,15,0.29,5316,99,5263,10020,8,8
1668075420,2022-11-10 04:17:00 -0600,81ba2c22a2299cd7f36bb6c0acac89b2ed7f4318,TX,48059,2,2022-11-09T01:00:00.000Z,FIPSCode,48059,0,2022-11-10T09:52:49.736Z,8,99.0,8,100.0,58549,4769,90.61,63031,442,8.4,63506,37,0.7,63505,15,0.29,5316,99,5263,10020,8,8
1668075459,2022-11-10 04:17:39 -0600,c4bde033a28fea2b07c6af327a4321790ee403ee,TX,48059,2,2022-11-09T01:00:00.000Z,FIPSCode,48059,0,2022-11-10T09:52:49.736Z,8,99.0,8,100.0,58549,4769,90.61,63031,442,8.4,63506,37,0.7,63505,15,0.29,5316,99,5263,10020,8,8
1668075499,2022-11-10 04:18:19 -0600,7744a4156e7331eefb9b56da5ab5e30ba9d4a7cb,TX,48059,2,2022-11-09T01:00:00.000Z,FIPSCode,48059,0,2022-11-10T10:17:50.241Z,8,99.0,8,100.0,58549,4769,90.61,63031,442,8.4,63506,37,0.7,63505,15,0.29,5316,99,5263,10020,8,8
1668075540,2022-11-10 04:19:00 -0600,a868f7c215e4045364c1f3ccefc2f6e7c503c250,TX,48059,2,2022-11-09T01:00:00.000Z,FIPSCode,48059,0,2022-11-10T10:17:50.241Z,8,99.0,8,100.0,58549,4769,90.61,63031,442,8.4,63506,37,0.7,63505,15,0.29,5316,99,5263,10020,8,8
1668075580,2022-11-10 04:19:40 -0600,51706d6395d859abb75ef46d269af1d4a36cfeff,TX,48059,2,2022-11-09T01:00:00.000Z,FIPSCode,48059,0,2022-11-10T10:18:51.401Z,8,99.0,8,100.0,58549,4769,90.61,63031,442,8.4,63506,37,0.7,63505,15,0.29,5316,99,5263,10020,8,8
1668075621,2022-11-10 04:20:21 -0600,100ab5c0f3078912da77453b139b450f807ed019,TX,48059,2,2022-11-09T01:00:00.000Z,FIPSCode,48059,0,2022-11-10T10:18:51.401Z,8,99.0,8,100.0,58549,4769,90.61,63031,442,8.4,63506,37,0.7,63505,15,0.29,5316,99,5263,10020,8,8
1668075661,2022-11-10 04:21:01 -0600,51c16f3d093da49c496f33f5d2b31ad3f7e0a11a,TX,48059,2,2022-11-09T01:00:00.000Z,FIPSCode,48059,0,2022-11-10T10:18:51.401Z,8,99.0,8,100.0,58549,4769,90.61,63031,442,8.4,63506,37,0.7,63505,15,0.29,5316,99,5263,10020,8,8
1668075701,2022-11-10 04:21:41 -0600,3f1ce43ee797745911f4d1e542f17b71021805ce,TX,48059,2,2022-11-09T01:00:00.000Z,FIPSCode,48059,0,2022-11-10T10:18:51.401Z,8,99.0,8,100.0,58549,4769,90.61,63031,442,8.4,63506,37,0.7,63505,15,0.29,5316,99,5263,10020,8,8
1668075742,2022-11-10 04:22:22 -0600,4ecdfccad58b1906851c3edad223ab913fbcc2ac,TX,48059,2,2022-11-09T01:00:00.000Z,FIPSCode,48059,0,2022-11-10T10:18:51.401Z,8,99.0,8,100.0,58549,4769,90.61,63031,442,8.4,63506,37,0.7,63505,15,0.29,5316,99,5263,10020,8,8
1668075781,2022-11-10 04:23:01 -0600,e1ddd774197ca138f416cb457ee2fc36ae55e100,TX,48059,2,2022-11-09T01:00:00.000Z,FIPSCode,48059,0,2022-11-10T10:18:51.401Z,8,99.0,8,100.0,58549,4769,90.61,63031,442,8.4,63506,37,0.7,63505,15,0.29,5316,99,5263,10020,8,8
1668075821,2022-11-10 04:23:41 -0600,43880189c6fcc1092ca7a17c487a8d7a85f2ef56,TX,48059,2,2022-11-09T01:00:00.000Z,FIPSCode,48059,0,2022-11-10T10:18:51.401Z,8,99.0,8,100.0,58549,4769,90.61,63031,442,8.4,63506,37,0.7,63505,15,0.29,5316,99,5263,10020,8,8
1668075861,2022-11-10 04:24:21 -0600,c16bf73d99470471a5207b076c671da41aa50f9b,TX,48059,2,2022-11-09T01:00:00.000Z,FIPSCode,48059,0,2022-11-10T10:18:51.401Z,8,99.0,8,100.0,58549,4769,90.61,63031,442,8.4,63506,37,0.7,63505,15,0.29,5316,99,5263,10020,8,8
1668075900,2022-11-10 04:25:00 -0600,3343d8c3bb7c2b781fb7daaea837bfd3bfbf0f4f,TX,48059,2,2022-11-09T01:00:00.000Z,FIPSCode,48059,0,2022-11-10T10:18:51.401Z,8,99.0,8,100.0,58549,4769,90.61,63031,442,8.4,63506,37,0.7,63505,15,0.29,5316,99,5263,10020,8,8
1668075940,2022-11-10 04:25:40 -0600,3f2ee00900c9a7f0c35f59bcbeac56810b5adc9c,TX,48059,2,2022-11-09T01:00:00.000Z,FIPSCode,48059,0,2022-11-10T10:18:51.401Z,8,99.0,8,100.0,58549,4769,90.61,63031,442,8.4,63506,37,0.7,63505,15,0.29,5316,99,5263,10020,8,8
1668075979,2022-11-10 04:26:19 -0600,450633b9a35bd905c6baefbb4ad72868037eda42,TX,48059,2,2022-11-09T01:00:00.000Z,FIPSCode,48059,0,2022-11-10T10:18:51.401Z,8,99.0,8,100.0,58549,4769,90.61,63031,442,8.4,63506,37,0.7,63505,15,0.29,5316,99,5263,10020,8,8
1668076021,2022-11-10 04:27:01 -0600,67f4426c426af7dad05d5e7ac9897e1647c24be3,TX,48059,2,2022-11-09T01:00:00.000Z,FIPSCode,48059,0,2022-11-10T10:18:51.401Z,8,99.0,8,100.0,58549,4769,90.61,63031,442,8.4,63506,37,0.7,63505,15,0.29,5316,99,5263,10020,8,8
1668076059,2022-11-10 04:27:39 -0600,7ae844c954bbf018061a42879a0e90ada0b5950f,TX,48059,2,2022-11-09T01:00:00.000Z,FIPSCode,48059,0,2022-11-10T10:18:51.401Z,8,99.0,8,100.0,58549,4769,90.61,63031,442,8.4,63506,37,0.7,63505,15,0.29,5316,99,5263,10020,8,8
1668076101,2022-11-10 04:28:21 -0600,945cf97b0e1dedbf54e01b53c38e816178b77e28,TX,48059,2,2022-11-09T01:00:00.000Z,FIPSCode,48059,0,2022-11-10T10:18:51.401Z,8,99.0,8,100.0,58549,4769,90.61,63031,442,8.4,63506,37,0.7,63505,15,0.29,5316,99,5263,10020,8,8
1668076139,2022-11-10 04:28:59 -0600,9270b3733f5f5a103692814e4f6de4f4bce830e4,TX,48059,2,2022-11-09T01:00:00.000Z,FIPSCode,48059,0,2022-11-10T10:18:51.401Z,8,99.0,8,100.0,58549,4769,90.61,63031,442,8.4,63506,37,0.7,63505,15,0.29,5316,99,5263,10020,8,8
1668076179,2022-11-10 04:29:39 -0600,85178bcaade86da8dca409eb6cc0d3371476f24f,TX,48059,2,2022-11-09T01:00:00.000Z,FIPSCode,48059,0,2022-11-10T10:18:51.401Z,8,99.0,8,100.0,58549,4769,90.61,63031,442,8.4,63506,37,0.7,63505,15,0.29,5316,99,5263,10020,8,8
1668076219,2022-11-10 04:30:19 -0600,519495cf1098bf4dfdcc371e775f3dc066e391bc,TX,48059,2,2022-11-09T01:00:00.000Z,FIPSCode,48059,0,2022-11-10T10:18:51.401Z,8,99.0,8,100.0,58549,4769,90.61,63031,442,8.4,63506,37,0.7,63505,15,0.29,5316,99,5263,10020,8,8
1668076258,2022-11-10 04:30:58 -0600,b616c90a00d7da7e21a4686de660e139b3f6d227,TX,48059,2,2022-11-09T01:00:00.000Z,FIPSCode,48059,0,2022-11-10T10:18:51.401Z,8,99.0,8,100.0,58549,4769,90.61,63031,442,8.4,63506,37,0.7,63505,15,0.29,5316,99,5263,10020,8,8
1668076297,2022-11-10 04:31:37 -0600,dc69e8e0e73491826ceee08c1db264ef472d1275,TX,48059,2,2022-11-09T01:00:00.000Z,FIPSCode,48059,0,2022-11-10T10:18:51.401Z,8,99.0,8,100.0,58549,4769,90.61,63031,442,8.4,63506,37,0.7,63505,15,0.29,5316,99,5263,10020,8,8
1668076341,2022-11-10 04:32:21 -0600,8e664bebfc4300612f0d6bf8de7e9d4220213f17,TX,48059,2,2022-11-09T01:00:00.000Z,FIPSCode,48059,0,2022-11-10T10:18:51.401Z,8,99.0,8,100.0,58549,4769,90.61,63031,442,8.4,63506,37,0.7,63505,15,0.29,5316,99,5263,10020,8,8
1668076382,2022-11-10 04:33:02 -0600,13686ad5b3e5d5f89e18c55f1c453d8dcbc038e8,TX,48059,2,2022-11-09T01:00:00.000Z,FIPSCode,48059,0,2022-11-10T10:18:51.401Z,8,99.0,8,100.0,58549,4769,90.61,63031,442,8.4,63506,37,0.7,63505,15,0.29,5316,99,5263,10020,8,8
1668076424,2022-11-10 04:33:44 -0600,d4cfa89ca2e4ca1e61ffab8ea1b93d90d6797f83,TX,48059,2,2022-11-09T01:00:00.000Z,FIPSCode,48059,0,2022-11-10T10:18:51.401Z,8,99.0,8,100.0,58549,4769,90.61,63031,442,8.4,63506,37,0.7,63505,15,0.29,5316,99,5263,10020,8,8
1668076464,2022-11-10 04:34:24 -0600,097dcd130a6377d592c9e507203e3971d4a37692,TX,48059,2,2022-11-09T01:00:00.000Z,FIPSCode,48059,0,2022-11-10T10:18:51.401Z,8,99.0,8,100.0,58549,4769,90.61,63031,442,8.4,63506,37,0.7,63505,15,0.29,5316,99,5263,10020,8,8
1668076505,2022-11-10 04:35:05 -0600,b2a1a84e8f9f225334dbc7226211eee2b04f5f64,TX,48059,2,2022-11-09T01:00:00.000Z,FIPSCode,48059,0,2022-11-10T10:18:51.401Z,8,99.0,8,100.0,58549,4769,90.61,63031,442,8.4,63506,37,0.7,63505,15,0.29,5316,99,5263,10020,8,8
1668076548,2022-11-10 04:35:48 -0600,965e89e7d832aafd58a8cc7264716cc6760608b0,TX,48059,2,2022-11-09T01:00:00.000Z,FIPSCode,48059,0,2022-11-10T10:18:51.401Z,8,99.0,8,100.0,58549,4769,90.61,63031,442,8.4,63506,37,0.7,63505,15,0.29,5316,99,5263,10020,8,8
1668076587,2022-11-10 04:36:27 -0600,26627410df26658534372672228324eae1d97702,TX,48059,2,2022-11-09T01:00:00.000Z,FIPSCode,48059,0,2022-11-10T10:18:51.401Z,8,99.0,8,100.0,58549,4769,90.61,63031,442,8.4,63506,37,0.7,63505,15,0.29,5316,99,5263,10020,8,8
1668076626,2022-11-10 04:37:06 -0600,51b4a64b0d3f1ab2d1898bd38a00af327fc1673a,TX,48059,2,2022-11-09T01:00:00.000Z,FIPSCode,48059,0,2022-11-10T10:18:51.401Z,8,99.0,8,100.0,58549,4769,90.61,63031,442,8.4,63506,37,0.7,63505,15,0.29,5316,99,5263,10020,8,8
1668076666,2022-11-10 04:37:46 -0600,5f5ad25727f0557044f746b6f9947066ffbbd4da,TX,48059,2,2022-11-09T01:00:00.000Z,FIPSCode,48059,0,2022-11-10T10:18:51.401Z,8,99.0,8,100.0,58549,4769,90.61,63031,442,8.4,63506,37,0.7,63505,15,0.29,5316,99,5263,10020,8,8
1668076706,2022-11-10 04:38:26 -0600,e381f2b109a0ffed8661402ad35985e2ac60f8d5,TX,48059,2,2022-11-09T01:00:00.000Z,FIPSCode,48059,0,2022-11-10T10:18:51.401Z,8,99.0,8,100.0,58549,4769,90.61,63031,442,8.4,63506,37,0.7,63505,15,0.29,5316,99,5263,10020,8,8
1668076746,2022-11-10 04:39:06 -0600,a5b843e15fec4b35efb11c46d2685e94fa3b458a,TX,48059,2,2022-11-09T01:00:00.000Z,FIPSCode,48059,0,2022-11-10T10:18:51.401Z,8,99.0,8,100.0,58549,4769,90.61,63031,442,8.4,63506,37,0.7,63505,15,0.29,5316,99,5263,10020,8,8
1668076788,2022-11-10 04:39:48 -0600,76d8d60a666c604cb90c4688afd74a5b2631361e,TX,48059,2,2022-11-09T01:00:00.000Z,FIPSCode,48059,0,2022-11-10T10:18:51.401Z,8,99.0,8,100.0,58549,4769,90.61,63031,442,8.4,63506,37,0.7,63505,15,0.29,5316,99,5263,10020,8,8
1668076827,2022-11-10 04:40:27 -0600,111879bb7a9376f093fdb12c8c6a542f392c3fbf,TX,48059,2,2022-11-09T01:00:00.000Z,FIPSCode,48059,0,2022-11-10T10:18:51.401Z,8,99.0,8,100.0,58549,4769,90.61,63031,442,8.4,63506,37,0.7,63505,15,0.29,5316,99,5263,10020,8,8
1668076866,2022-11-10 04:41:06 -0600,663ac8550f2efa90848d31fc0cd8313674df73b0,TX,48059,2,2022-11-09T01:00:00.000Z,FIPSCode,48059,0,2022-11-10T10:18:51.401Z,8,99.0,8,100.0,58549,4769,90.61,63031,442,8.4,63506,37,0.7,63505,15,0.29,5316,99,5263,10020,8,8
1668076907,2022-11-10 04:41:47 -0600,74d1cad1deb3179e444c9f4ad01cebe4c6b7882c,TX,48059,2,2022-11-09T01:00:00.000Z,FIPSCode,48059,0,2022-11-10T10:18:51.401Z,8,99.0,8,100.0,58549,4769,90.61,63031,442,8.4,63506,37,0.7,63505,15,0.29,5316,99,5263,10020,8,8
1668076945,2022-11-10 04:42:25 -0600,36ef8557954c49970c8ed58e7d32e7002911eee4,TX,48059,2,2022-11-09T01:00:00.000Z,FIPSCode,48059,0,2022-11-10T10:18:51.401Z,8,99.0,8,100.0,58549,4769,90.61,63031,442,8.4,63506,37,0.7,63505,15,0.29,5316,99,5263,10020,8,8
1668076987,2022-11-10 04:43:07 -0600,d597d84343c888407906ebf7c9352386bf6aca8a,TX,48059,2,2022-11-09T01:00:00.000Z,FIPSCode,48059,0,2022-11-10T10:18:51.401Z,8,99.0,8,100.0,58549,4769,90.61,63031,442,8.4,63506,37,0.7,63505,15,0.29,5316,99,5263,10020,8,8
1668077027,2022-11-10 04:43:47 -0600,2332a37b36f9d8dedc3b2e716fb068ba45bd8c9a,TX,48059,2,2022-11-09T01:00:00.000Z,FIPSCode,48059,0,2022-11-10T10:18:51.401Z,8,99.0,8,100.0,58549,4769,90.61,63031,442,8.4,63506,37,0.7,63505,15,0.29,5316,99,5263,10020,8,8
1668077067,2022-11-10 04:44:27 -0600,49f134da53150b572e485f34fdea003e76562ea7,TX,48059,2,2022-11-09T01:00:00.000Z,FIPSCode,48059,0,2022-11-10T10:18:51.401Z,8,99.0,8,100.0,58549,4769,90.61,63031,442,8.4,63506,37,0.7,63505,15,0.29,5316,99,5263,10020,8,8
1668077106,2022-11-10 04:45:06 -0600,688bd6e4fe670af22fb94bf8ac2e76674aab039b,TX,48059,2,2022-11-09T01:00:00.000Z,FIPSCode,48059,0,2022-11-10T10:18:51.401Z,8,99.0,8,100.0,58549,4769,90.61,63031,442,8.4,63506,37,0.7,63505,15,0.29,5316,99,5263,10020,8,8
1668077147,2022-11-10 04:45:47 -0600,1731c4b17724bb8a131bda5fa9342d42466ea391,TX,48059,2,2022-11-09T01:00:00.000Z,FIPSCode,48059,0,2022-11-10T10:18:51.401Z,8,99.0,8,100.0,58549,4769,90.61,63031,442,8.4,63506,37,0.7,63505,15,0.29,5316,99,5263,10020,8,8
1668077187,2022-11-10 04:46:27 -0600,6c5b18640271c4e23e1883e3992c7df3c9e6c952,TX,48059,2,2022-11-09T01:00:00.000Z,FIPSCode,48059,0,2022-11-10T10:18:51.401Z,8,99.0,8,100.0,58549,4769,90.61,63031,442,8.4,63506,37,0.7,63505,15,0.29,5316,99,5263,10020,8,8
1668077227,2022-11-10 04:47:07 -0600,d68aa1e4fb4086e8b901d0cae2b1a1506574a8d5,TX,48059,2,2022-11-09T01:00:00.000Z,FIPSCode,48059,0,2022-11-10T10:18:51.401Z,8,99.0,8,100.0,58549,4769,90.61,63031,442,8.4,63506,37,0.7,63505,15,0.29,5316,99,5263,10020,8,8
1668077266,2022-11-10 04:47:46 -0600,3f070c3d304ab9646361119738c1882b79c981b3,TX,48059,2,2022-11-09T01:00:00.000Z,FIPSCode,48059,0,2022-11-10T10:18:51.401Z,8,99.0,8,100.0,58549,4769,90.61,63031,442,8.4,63506,37,0.7,63505,15,0.29,5316,99,5263,10020,8,8
1668077310,2022-11-10 04:48:30 -0600,aa0e33c449921d2765218d84f2f4c8dbbce86aa3,TX,48059,2,2022-11-09T01:00:00.000Z,FIPSCode,48059,0,2022-11-10T10:47:47.313Z,8,99.0,8,100.0,58549,4769,90.61,63031,442,8.4,63506,37,0.7,63505,15,0.29,5316,99,5263,10020,8,8
1668077348,2022-11-10 04:49:08 -0600,ba3531b5711d5f657b5fc9af8744da724dad67fc,TX,48059,2,2022-11-09T01:00:00.000Z,FIPSCode,48059,0,2022-11-10T10:47:47.313Z,8,99.0,8,100.0,58549,4769,90.61,63031,442,8.4,63506,37,0.7,63505,15,0.29,5316,99,5263,10020,8,8
1668077387,2022-11-10 04:49:47 -0600,16ca62830a06d9f424a27e85c09858bae08b1f49,TX,48059,2,2022-11-09T01:00:00.000Z,FIPSCode,48059,0,2022-11-10T10:47:47.313Z,8,99.0,8,100.0,58549,4769,90.61,63031,442,8.4,63506,37,0.7,63505,15,0.29,5316,99,5263,10020,8,8
1668077426,2022-11-10 04:50:26 -0600,1165f09d16ffdf5321ea22d96d1a9587e41cb73a,TX,48059,2,2022-11-09T01:00:00.000Z,FIPSCode,48059,0,2022-11-10T10:47:47.313Z,8,99.0,8,100.0,58549,4769,90.61,63031,442,8.4,63506,37,0.7,63505,15,0.29,5316,99,5263,10020,8,8
1668077465,2022-11-10 04:51:05 -0600,da70d6e0a545556c0519a8f28121a86c5db79ea1,TX,48059,2,2022-11-09T01:00:00.000Z,FIPSCode,48059,0,2022-11-10T10:47:47.313Z,8,99.0,8,100.0,58549,4769,90.61,63031,442,8.4,63506,37,0.7,63505,15,0.29,5316,99,5263,10020,8,8
1668077506,2022-11-10 04:51:46 -0600,5d9712ef759bc6dbe00078167dfa1b53af1c7592,TX,48059,2,2022-11-09T01:00:00.000Z,FIPSCode,48059,0,2022-11-10T10:47:47.313Z,8,99.0,8,100.0,58549,4769,90.61,63031,442,8.4,63506,37,0.7,63505,15,0.29,5316,99,5263,10020,8,8
1668077544,2022-11-10 04:52:24 -0600,9412196fe16f7714302073feb2ba3c73790f728c,TX,48059,2,2022-11-09T01:00:00.000Z,FIPSCode,48059,0,2022-11-10T10:47:47.313Z,8,99.0,8,100.0,58549,4769,90.61,63031,442,8.4,63506,37,0.7,63505,15,0.29,5316,99,5263,10020,8,8
1668077584,2022-11-10 04:53:04 -0600,6533ce146db6dc4b5df0e0620ea2a705b999ecbd,TX,48059,2,2022-11-09T01:00:00.000Z,FIPSCode,48059,0,2022-11-10T10:47:47.313Z,8,99.0,8,100.0,58549,4769,90.61,63031,442,8.4,63506,37,0.7,63505,15,0.29,5316,99,5263,10020,8,8
1668077623,2022-11-10 04:53:43 -0600,1de0a0ced14ebc6d37c8ba6ef1f2e7e578c5318e,TX,48059,2,2022-11-09T01:00:00.000Z,FIPSCode,48059,0,2022-11-10T10:47:47.313Z,8,99.0,8,100.0,58549,4769,90.61,63031,442,8.4,63506,37,0.7,63505,15,0.29,5316,99,5263,10020,8,8
1668077663,2022-11-10 04:54:23 -0600,5ac9e6643cda307dcc53aa5ff6107b43425b9bf0,TX,48059,2,2022-11-09T01:00:00.000Z,FIPSCode,48059,0,2022-11-10T10:47:47.313Z,8,99.0,8,100.0,58549,4769,90.61,63031,442,8.4,63506,37,0.7,63505,15,0.29,5316,99,5263,10020,8,8
1668077706,2022-11-10 04:55:06 -0600,9ce4e150a355907e816a0f2bb9885a7d62f5293e,TX,48059,2,2022-11-09T01:00:00.000Z,FIPSCode,48059,0,2022-11-10T10:47:47.313Z,8,99.0,8,100.0,58549,4769,90.61,63031,442,8.4,63506,37,0.7,63505,15,0.29,5316,99,5263,10020,8,8
1668077743,2022-11-10 04:55:43 -0600,f2e5d866938d52c2250a848df159851f40acea0a,TX,48059,2,2022-11-09T01:00:00.000Z,FIPSCode,48059,0,2022-11-10T10:47:47.313Z,8,99.0,8,100.0,58549,4769,90.61,63031,442,8.4,63506,37,0.7,63505,15,0.29,5316,99,5263,10020,8,8
1668077783,2022-11-10 04:56:23 -0600,509dc304ec19469576e862d5f2fb852a722419d5,TX,48059,2,2022-11-09T01:00:00.000Z,FIPSCode,48059,0,2022-11-10T10:47:47.313Z,8,99.0,8,100.0,58549,4769,90.61,63031,442,8.4,63506,37,0.7,63505,15,0.29,5316,99,5263,10020,8,8
1668077824,2022-11-10 04:57:04 -0600,47b4d79ab14b8a1ebc709c8f8e5f93fc3c5a92e6,TX,48059,2,2022-11-09T01:00:00.000Z,FIPSCode,48059,0,2022-11-10T10:47:47.313Z,8,99.0,8,100.0,58549,4769,90.61,63031,442,8.4,63506,37,0.7,63505,15,0.29,5316,99,5263,10020,8,8
1668077863,2022-11-10 04:57:43 -0600,e0d6fc7261c13c610506a6425293475ed440d474,TX,48059,2,2022-11-09T01:00:00.000Z,FIPSCode,48059,0,2022-11-10T10:47:47.313Z,8,99.0,8,100.0,58549,4769,90.61,63031,442,8.4,63506,37,0.7,63505,15,0.29,5316,99,5263,10020,8,8
1668077904,2022-11-10 04:58:24 -0600,2109baa497147b696cb0969f77135d0ff55715ce,TX,48059,2,2022-11-09T01:00:00.000Z,FIPSCode,48059,0,2022-11-10T10:47:47.313Z,8,99.0,8,100.0,58549,4769,90.61,63031,442,8.4,63506,37,0.7,63505,15,0.29,5316,99,5263,10020,8,8
1668077945,2022-11-10 04:59:05 -0600,7c952bd69769c247cdf3edf54013e7614769dec6,TX,48059,2,2022-11-09T01:00:00.000Z,FIPSCode,48059,0,2022-11-10T10:47:47.313Z,8,99.0,8,100.0,58549,4769,90.61,63031,442,8.4,63506,37,0.7,63505,15,0.29,5316,99,5263,10020,8,8
1668077985,2022-11-10 04:59:45 -0600,ea312daec77b45bef8a130c56ceaa752239aaa54,TX,48059,2,2022-11-09T01:00:00.000Z,FIPSCode,48059,0,2022-11-10T10:47:47.313Z,8,99.0,8,100.0,58549,4769,90.61,63031,442,8.4,63506,37,0.7,63505,15,0.29,5316,99,5263,10020,8,8
1668078025,2022-11-10 05:00:25 -0600,4e4921ebf094cca7037249ab8024b200fabe8ca2,TX,48059,2,2022-11-09T01:00:00.000Z,FIPSCode,48059,0,2022-11-10T10:47:47.313Z,8,99.0,8,100.0,58549,4769,90.61,63031,442,8.4,63506,37,0.7,63505,15,0.29,5316,99,5263,10020,8,8
1668078065,2022-11-10 05:01:05 -0600,8f33c77e705b90e4def0b79d6483715f907505ce,TX,48059,2,2022-11-09T01:00:00.000Z,FIPSCode,48059,0,2022-11-10T10:47:47.313Z,8,99.0,8,100.0,58549,4769,90.61,63031,442,8.4,63506,37,0.7,63505,15,0.29,5316,99,5263,10020,8,8
1668078106,2022-11-10 05:01:46 -0600,e9dc6406123d84e69b0acbf1f4d3eebd21faa95e,TX,48059,2,2022-11-09T01:00:00.000Z,FIPSCode,48059,0,2022-11-10T10:47:47.313Z,8,99.0,8,100.0,58549,4769,90.61,63031,442,8.4,63506,37,0.7,63505,15,0.29,5316,99,5263,10020,8,8
1668078146,2022-11-10 05:02:26 -0600,7b9965cff19631a56d509c35b708aa4e61a5f6eb,TX,48059,2,2022-11-09T01:00:00.000Z,FIPSCode,48059,0,2022-11-10T10:47:47.313Z,8,99.0,8,100.0,58549,4769,90.61,63031,442,8.4,63506,37,0.7,63505,15,0.29,5316,99,5263,10020,8,8
1668078185,2022-11-10 05:03:05 -0600,4b0bf71ba254f3c04246dcf1856cb79b945fd924,TX,48059,2,2022-11-09T01:00:00.000Z,FIPSCode,48059,0,2022-11-10T10:47:47.313Z,8,99.0,8,100.0,58549,4769,90.61,63031,442,8.4,63506,37,0.7,63505,15,0.29,5316,99,5263,10020,8,8
1668078224,2022-11-10 05:03:44 -0600,69e88d4879b8096c9702c0c68746573a4f2f21c1,TX,48059,2,2022-11-09T01:00:00.000Z,FIPSCode,48059,0,2022-11-10T10:47:47.313Z,8,99.0,8,100.0,58549,4769,90.61,63031,442,8.4,63506,37,0.7,63505,15,0.29,5316,99,5263,10020,8,8
1668078267,2022-11-10 05:04:27 -0600,fc081c9f86c496df1768b286ace7708420f79f03,TX,48059,2,2022-11-09T01:00:00.000Z,FIPSCode,48059,0,2022-11-10T10:47:47.313Z,8,99.0,8,100.0,58549,4769,90.61,63031,442,8.4,63506,37,0.7,63505,15,0.29,5316,99,5263,10020,8,8
1668078306,2022-11-10 05:05:06 -0600,cd589dcd64ff840df398d97812c9750646a2f5eb,TX,48059,2,2022-11-09T01:00:00.000Z,FIPSCode,48059,0,2022-11-10T10:47:47.313Z,8,99.0,8,100.0,58549,4769,90.61,63031,442,8.4,63506,37,0.7,63505,15,0.29,5316,99,5263,10020,8,8
1668078346,2022-11-10 05:05:46 -0600,3cf45571fe563df2e120f8fc3e93c77f8f128637,TX,48059,2,2022-11-09T01:00:00.000Z,FIPSCode,48059,0,2022-11-10T10:47:47.313Z,8,99.0,8,100.0,58549,4769,90.61,63031,442,8.4,63506,37,0.7,63505,15,0.29,5316,99,5263,10020,8,8
1668078386,2022-11-10 05:06:26 -0600,a4fe6815360946df19dde4791a44ad288e52e369,TX,48059,2,2022-11-09T01:00:00.000Z,FIPSCode,48059,0,2022-11-10T10:47:47.313Z,8,99.0,8,100.0,58549,4769,90.61,63031,442,8.4,63506,37,0.7,63505,15,0.29,5316,99,5263,10020,8,8
1668078425,2022-11-10 05:07:05 -0600,d314a78e10fd9282273e3470c33c885119b8871b,TX,48059,2,2022-11-09T01:00:00.000Z,FIPSCode,48059,0,2022-11-10T10:47:47.313Z,8,99.0,8,100.0,58549,4769,90.61,63031,442,8.4,63506,37,0.7,63505,15,0.29,5316,99,5263,10020,8,8
1668078580,2022-11-10 05:09:40 -0600,74d435749dfb02774725286abca8a9b5bd14b6d6,TX,48059,2,2022-11-09T01:00:00.000Z,FIPSCode,48059,0,2022-11-10T10:47:47.313Z,8,99.0,8,100.0,58549,4769,90.61,63031,442,8.4,63506,37,0.7,63505,15,0.29,5316,99,5263,10020,8,8
1668078620,2022-11-10 05:10:20 -0600,b5728a2f382acf89e17a3d11b7f7ec36f809ea70,TX,48059,2,2022-11-09T01:00:00.000Z,FIPSCode,48059,0,2022-11-10T10:47:47.313Z,8,99.0,8,100.0,58549,4769,90.61,63031,442,8.4,63506,37,0.7,63505,15,0.29,5316,99,5263,10020,8,8
1668078664,2022-11-10 05:11:04 -0600,8c788aead69a48985a1d7e67ff774390abc7ba46,TX,48059,2,2022-11-09T01:00:00.000Z,FIPSCode,48059,0,2022-11-10T10:47:47.313Z,8,99.0,8,100.0,58549,4769,90.61,63031,442,8.4,63506,37,0.7,63505,15,0.29,5316,99,5263,10020,8,8
1668078704,2022-11-10 05:11:44 -0600,8d519277e3c2d526ecd3349e77e9fc02dcb65b14,TX,48059,2,2022-11-09T01:00:00.000Z,FIPSCode,48059,0,2022-11-10T10:47:47.313Z,8,99.0,8,100.0,58549,4769,90.61,63031,442,8.4,63506,37,0.7,63505,15,0.29,5316,99,5263,10020,8,8
1668078745,2022-11-10 05:12:25 -0600,fc3fb0e2e504c0452fd3106b5c065945ab82f3ce,TX,48059,2,2022-11-09T01:00:00.000Z,FIPSCode,48059,0,2022-11-10T10:47:47.313Z,8,99.0,8,100.0,58549,4769,90.61,63031,442,8.4,63506,37,0.7,63505,15,0.29,5316,99,5263,10020,8,8
1668078785,2022-11-10 05:13:05 -0600,6f6d24203644fd17b362b31489cccbff7cf7fb68,TX,48059,2,2022-11-09T01:00:00.000Z,FIPSCode,48059,0,2022-11-10T10:47:47.313Z,8,99.0,8,100.0,58549,4769,90.61,63031,442,8.4,63506,37,0.7,63505,15,0.29,5316,99,5263,10020,8,8
1668078825,2022-11-10 05:13:45 -0600,130fe253d0a1c3ea9b4c9b673ff0c4be4b7b24dc,TX,48059,2,2022-11-09T01:00:00.000Z,FIPSCode,48059,0,2022-11-10T10:47:47.313Z,8,99.0,8,100.0,58549,4769,90.61,63031,442,8.4,63506,37,0.7,63505,15,0.29,5316,99,5263,10020,8,8
1668078865,2022-11-10 05:14:25 -0600,8433c0c727b8356f0242af6f8367d444d352e2a5,TX,48059,2,2022-11-09T01:00:00.000Z,FIPSCode,48059,0,2022-11-10T10:47:47.313Z,8,99.0,8,100.0,58549,4769,90.61,63031,442,8.4,63506,37,0.7,63505,15,0.29,5316,99,5263,10020,8,8
1668078912,2022-11-10 05:15:12 -0600,443abcd8acd8158bf9f0675ec7b825ab0693d3b5,TX,48059,2,2022-11-09T01:00:00.000Z,FIPSCode,48059,0,2022-11-10T10:47:47.313Z,8,99.0,8,100.0,58549,4769,90.61,63031,442,8.4,63506,37,0.7,63505,15,0.29,5316,99,5263,10020,8,8
1668078953,2022-11-10 05:15:53 -0600,4649e3e62a8c45c338d263b2172c923da51bf303,TX,48059,2,2022-11-09T01:00:00.000Z,FIPSCode,48059,0,2022-11-10T10:47:47.313Z,8,99.0,8,100.0,58549,4769,90.61,63031,442,8.4,63506,37,0.7,63505,15,0.29,5316,99,5263,10020,8,8
1668078991,2022-11-10 05:16:31 -0600,ea032cb7b76eab075213ae86363bb0716666e85c,TX,48059,2,2022-11-09T01:00:00.000Z,FIPSCode,48059,0,2022-11-10T10:47:47.313Z,8,99.0,8,100.0,58549,4769,90.61,63031,442,8.4,63506,37,0.7,63505,15,0.29,5316,99,5263,10020,8,8
1668079031,2022-11-10 05:17:11 -0600,fbb3203ca879946897114534d5f53748a32dbb20,TX,48059,2,2022-11-09T01:00:00.000Z,FIPSCode,48059,0,2022-11-10T10:47:47.313Z,8,99.0,8,100.0,58549,4769,90.61,63031,442,8.4,63506,37,0.7,63505,15,0.29,5316,99,5263,10020,8,8
1668079073,2022-11-10 05:17:53 -0600,c0fed5f374dd5d426274d06e47ddde014de2b0de,TX,48059,2,2022-11-09T01:00:00.000Z,FIPSCode,48059,0,2022-11-10T10:47:47.313Z,8,99.0,8,100.0,58549,4769,90.61,63031,442,8.4,63506,37,0.7,63505,15,0.29,5316,99,5263,10020,8,8
1668079111,2022-11-10 05:18:31 -0600,7e1f5bad5f6f675282dd33b7caf55ff5b795d7d8,TX,48059,2,2022-11-09T01:00:00.000Z,FIPSCode,48059,0,2022-11-10T10:47:47.313Z,8,99.0,8,100.0,58549,4769,90.61,63031,442,8.4,63506,37,0.7,63505,15,0.29,5316,99,5263,10020,8,8
1668079152,2022-11-10 05:19:12 -0600,d282ba1100980fadbf6e1d54fc7394a8c7a6ce99,TX,48059,2,2022-11-09T01:00:00.000Z,FIPSCode,48059,0,2022-11-10T10:47:47.313Z,8,99.0,8,100.0,58549,4769,90.61,63031,442,8.4,63506,37,0.7,63505,15,0.29,5316,99,5263,10020,8,8
1668079193,2022-11-10 05:19:53 -0600,c259975afb063a2137050fe210ed5a00565116a9,TX,48059,2,2022-11-09T01:00:00.000Z,FIPSCode,48059,0,2022-11-10T10:47:47.313Z,8,99.0,8,100.0,58549,4769,90.61,63031,442,8.4,63506,37,0.7,63505,15,0.29,5316,99,5263,10020,8,8
1668079234,2022-11-10 05:20:34 -0600,fa42a45fe9a3daa32eacbd5fcd546c5f7f26c01b,TX,48059,2,2022-11-09T01:00:00.000Z,FIPSCode,48059,0,2022-11-10T10:47:47.313Z,8,99.0,8,100.0,58549,4769,90.61,63031,442,8.4,63506,37,0.7,63505,15,0.29,5316,99,5263,10020,8,8
1668079277,2022-11-10 05:21:17 -0600,ed64fa0eee8a13145344bd28a83633afe4fe5225,TX,48059,2,2022-11-09T01:00:00.000Z,FIPSCode,48059,0,2022-11-10T10:47:47.313Z,8,99.0,8,100.0,58549,4769,90.61,63031,442,8.4,63506,37,0.7,63505,15,0.29,5316,99,5263,10020,8,8
1668079321,2022-11-10 05:22:01 -0600,4ab323ee2fdaf988824e1a2814316b8990609c20,TX,48059,2,2022-11-09T01:00:00.000Z,FIPSCode,48059,0,2022-11-10T10:47:47.313Z,8,99.0,8,100.0,58549,4769,90.61,63031,442,8.4,63506,37,0.7,63505,15,0.29,5316,99,5263,10020,8,8
1668079363,2022-11-10 05:22:43 -0600,abc748bdc3911d245ed1bd1fa769dd70a1dd47f4,TX,48059,2,2022-11-09T01:00:00.000Z,FIPSCode,48059,0,2022-11-10T10:47:47.313Z,8,99.0,8,100.0,58549,4769,90.61,63031,442,8.4,63506,37,0.7,63505,15,0.29,5316,99,5263,10020,8,8
1668079403,2022-11-10 05:23:23 -0600,db5850d25dba64a0ba3b51392a1c8364b3d778f7,TX,48059,2,2022-11-09T01:00:00.000Z,FIPSCode,48059,0,2022-11-10T10:47:47.313Z,8,99.0,8,100.0,58549,4769,90.61,63031,442,8.4,63506,37,0.7,63505,15,0.29,5316,99,5263,10020,8,8
1668079442,2022-11-10 05:24:02 -0600,2866800c7ff2eae4c17936bfc16e2476f2654c92,TX,48059,2,2022-11-09T01:00:00.000Z,FIPSCode,48059,0,2022-11-10T10:47:47.313Z,8,99.0,8,100.0,58549,4769,90.61,63031,442,8.4,63506,37,0.7,63505,15,0.29,5316,99,5263,10020,8,8
1668079482,2022-11-10 05:24:42 -0600,a2afdd36f6c8e52af8899eccdb6d7b34043ce745,TX,48059,2,2022-11-09T01:00:00.000Z,FIPSCode,48059,0,2022-11-10T10:47:47.313Z,8,99.0,8,100.0,58549,4769,90.61,63031,442,8.4,63506,37,0.7,63505,15,0.29,5316,99,5263,10020,8,8
1668079525,2022-11-10 05:25:25 -0600,e7552a4cf8d696dd1e4082b8605138513edb6696,TX,48059,2,2022-11-09T01:00:00.000Z,FIPSCode,48059,0,2022-11-10T10:47:47.313Z,8,99.0,8,100.0,58549,4769,90.61,63031,442,8.4,63506,37,0.7,63505,15,0.29,5316,99,5263,10020,8,8
1668079569,2022-11-10 05:26:09 -0600,348ad8655e8111434827e963ac3f3a256df900cc,TX,48059,2,2022-11-09T01:00:00.000Z,FIPSCode,48059,0,2022-11-10T10:47:47.313Z,8,99.0,8,100.0,58549,4769,90.61,63031,442,8.4,63506,37,0.7,63505,15,0.29,5316,99,5263,10020,8,8
1668079610,2022-11-10 05:26:50 -0600,8b280e08cfd26dbcca15b6c39ec5837f0401e28f,TX,48059,2,2022-11-09T01:00:00.000Z,FIPSCode,48059,0,2022-11-10T10:47:47.313Z,8,99.0,8,100.0,58549,4769,90.61,63031,442,8.4,63506,37,0.7,63505,15,0.29,5316,99,5263,10020,8,8
1668079652,2022-11-10 05:27:32 -0600,29ab5f0d57dbea98c3875279f665d38f084bfbd4,TX,48059,2,2022-11-09T01:00:00.000Z,FIPSCode,48059,0,2022-11-10T10:47:47.313Z,8,99.0,8,100.0,58549,4769,90.61,63031,442,8.4,63506,37,0.7,63505,15,0.29,5316,99,5263,10020,8,8
1668079695,2022-11-10 05:28:15 -0600,3578ff15451c1c2a6494f6711e476de8296788fa,TX,48059,2,2022-11-09T01:00:00.000Z,FIPSCode,48059,0,2022-11-10T10:47:47.313Z,8,99.0,8,100.0,58549,4769,90.61,63031,442,8.4,63506,37,0.7,63505,15,0.29,5316,99,5263,10020,8,8
1668079734,2022-11-10 05:28:54 -0600,6275559b8876d3f3b2b8b8db201d7719dd587546,TX,48059,2,2022-11-09T01:00:00.000Z,FIPSCode,48059,0,2022-11-10T10:47:47.313Z,8,99.0,8,100.0,58549,4769,90.61,63031,442,8.4,63506,37,0.7,63505,15,0.29,5316,99,5263,10020,8,8
1668079773,2022-11-10 05:29:33 -0600,afd20ac32e1dc9016e8c986bb6f5528065b16d72,TX,48059,2,2022-11-09T01:00:00.000Z,FIPSCode,48059,0,2022-11-10T10:47:47.313Z,8,99.0,8,100.0,58549,4769,90.61,63031,442,8.4,63506,37,0.7,63505,15,0.29,5316,99,5263,10020,8,8
1668079819,2022-11-10 05:30:19 -0600,9e0031da0f7d9f7e3f2937dc9b3cc5c308037623,TX,48059,2,2022-11-09T01:00:00.000Z,FIPSCode,48059,0,2022-11-10T10:47:47.313Z,8,99.0,8,100.0,58549,4769,90.61,63031,442,8.4,63506,37,0.7,63505,15,0.29,5316,99,5263,10020,8,8
1668079866,2022-11-10 05:31:06 -0600,e0bf8eb03730faafedd7ac087377f2a07c2eba68,TX,48059,2,2022-11-09T01:00:00.000Z,FIPSCode,48059,0,2022-11-10T10:47:47.313Z,8,99.0,8,100.0,58549,4769,90.61,63031,442,8.4,63506,37,0.7,63505,15,0.29,5316,99,5263,10020,8,8
1668079905,2022-11-10 05:31:45 -0600,72e896a77f848ff20b304892818ba293eb4cd977,TX,48059,2,2022-11-09T01:00:00.000Z,FIPSCode,48059,0,2022-11-10T10:47:47.313Z,8,99.0,8,100.0,58549,4769,90.61,63031,442,8.4,63506,37,0.7,63505,15,0.29,5316,99,5263,10020,8,8
1668079947,2022-11-10 05:32:27 -0600,82f803d7359ee1b592c0370a0935a7ff82900a27,TX,48059,2,2022-11-09T01:00:00.000Z,FIPSCode,48059,0,2022-11-10T10:47:47.313Z,8,99.0,8,100.0,58549,4769,90.61,63031,442,8.4,63506,37,0.7,63505,15,0.29,5316,99,5263,10020,8,8
1668079986,2022-11-10 05:33:06 -0600,0aebb625abd858e45c65b7cddbbb7f89c3e1517e,TX,48059,2,2022-11-09T01:00:00.000Z,FIPSCode,48059,0,2022-11-10T10:47:47.313Z,8,99.0,8,100.0,58549,4769,90.61,63031,442,8.4,63506,37,0.7,63505,15,0.29,5316,99,5263,10020,8,8
1668080026,2022-11-10 05:33:46 -0600,a42bffa91af790cc0a992cb4e0f9c488b8073742,TX,48059,2,2022-11-09T01:00:00.000Z,FIPSCode,48059,0,2022-11-10T10:47:47.313Z,8,99.0,8,100.0,58549,4769,90.61,63031,442,8.4,63506,37,0.7,63505,15,0.29,5316,99,5263,10020,8,8
1668080066,2022-11-10 05:34:26 -0600,6c2806998947320d2a24025b18a8ed2de0069b1f,TX,48059,2,2022-11-09T01:00:00.000Z,FIPSCode,48059,0,2022-11-10T10:47:47.313Z,8,99.0,8,100.0,58549,4769,90.61,63031,442,8.4,63506,37,0.7,63505,15,0.29,5316,99,5263,10020,8,8
1668080106,2022-11-10 05:35:06 -0600,ff3348060bd39adfa59a781287b58c7c717fc5fb,TX,48059,2,2022-11-09T01:00:00.000Z,FIPSCode,48059,0,2022-11-10T10:47:47.313Z,8,99.0,8,100.0,58549,4769,90.61,63031,442,8.4,63506,37,0.7,63505,15,0.29,5316,99,5263,10020,8,8
1668080150,2022-11-10 05:35:50 -0600,d44d38008e727d1687704d09f6bf0eab52407bf4,TX,48059,2,2022-11-09T01:00:00.000Z,FIPSCode,48059,0,2022-11-10T10:47:47.313Z,8,99.0,8,100.0,58549,4769,90.61,63031,442,8.4,63506,37,0.7,63505,15,0.29,5316,99,5263,10020,8,8
1668080198,2022-11-10 05:36:38 -0600,13369f34703f71ef2b171e0665ca51d013cea48f,TX,48059,2,2022-11-09T01:00:00.000Z,FIPSCode,48059,0,2022-11-10T10:47:47.313Z,8,99.0,8,100.0,58549,4769,90.61,63031,442,8.4,63506,37,0.7,63505,15,0.29,5316,99,5263,10020,8,8
1668080236,2022-11-10 05:37:16 -0600,c22ab696322d64b3ca5febb9cbc49e23abf9567a,TX,48059,2,2022-11-09T01:00:00.000Z,FIPSCode,48059,0,2022-11-10T10:47:47.313Z,8,99.0,8,100.0,58549,4769,90.61,63031,442,8.4,63506,37,0.7,63505,15,0.29,5316,99,5263,10020,8,8
1668080276,2022-11-10 05:37:56 -0600,f20284b2c677f42a9b290ee6447b40d6f3b1417b,TX,48059,2,2022-11-09T01:00:00.000Z,FIPSCode,48059,0,2022-11-10T10:47:47.313Z,8,99.0,8,100.0,58549,4769,90.61,63031,442,8.4,63506,37,0.7,63505,15,0.29,5316,99,5263,10020,8,8
1668080316,2022-11-10 05:38:36 -0600,0b8b5880fe5c6596dbcbcd317ab5eadb46c09aa6,TX,48059,2,2022-11-09T01:00:00.000Z,FIPSCode,48059,0,2022-11-10T10:47:47.313Z,8,99.0,8,100.0,58549,4769,90.61,63031,442,8.4,63506,37,0.7,63505,15,0.29,5316,99,5263,10020,8,8
1668080356,2022-11-10 05:39:16 -0600,6aa79bd83d9a757e0b9e47d60e236dbbbfb23a7d,TX,48059,2,2022-11-09T01:00:00.000Z,FIPSCode,48059,0,2022-11-10T10:47:47.313Z,8,99.0,8,100.0,58549,4769,90.61,63031,442,8.4,63506,37,0.7,63505,15,0.29,5316,99,5263,10020,8,8
1668080396,2022-11-10 05:39:56 -0600,6497dbbb5b60f4758aa834b731ec4d3a14aa8503,TX,48059,2,2022-11-09T01:00:00.000Z,FIPSCode,48059,0,2022-11-10T10:47:47.313Z,8,99.0,8,100.0,58549,4769,90.61,63031,442,8.4,63506,37,0.7,63505,15,0.29,5316,99,5263,10020,8,8
1668080435,2022-11-10 05:40:35 -0600,d6be5c9be744e50eee4d3b04dd96297cea5074a4,TX,48059,2,2022-11-09T01:00:00.000Z,FIPSCode,48059,0,2022-11-10T10:47:47.313Z,8,99.0,8,100.0,58549,4769,90.61,63031,442,8.4,63506,37,0.7,63505,15,0.29,5316,99,5263,10020,8,8
1668080482,2022-11-10 05:41:22 -0600,21472ebd0ec9c623ba80dd87fbe9ae044216eeff,TX,48059,2,2022-11-09T01:00:00.000Z,FIPSCode,48059,0,2022-11-10T10:47:47.313Z,8,99.0,8,100.0,58549,4769,90.61,63031,442,8.4,63506,37,0.7,63505,15,0.29,5316,99,5263,10020,8,8
1668080528,2022-11-10 05:42:08 -0600,4fd91a4e5b4c390529408079ee13f90df0abbf60,TX,48059,2,2022-11-09T01:00:00.000Z,FIPSCode,48059,0,2022-11-10T10:47:47.313Z,8,99.0,8,100.0,58549,4769,90.61,63031,442,8.4,63506,37,0.7,63505,15,0.29,5316,99,5263,10020,8,8
1668080572,2022-11-10 05:42:52 -0600,4a2a6c3d6236feb4cde9666e9e331d90df0bd8db,TX,48059,2,2022-11-09T01:00:00.000Z,FIPSCode,48059,0,2022-11-10T10:47:47.313Z,8,99.0,8,100.0,58549,4769,90.61,63031,442,8.4,63506,37,0.7,63505,15,0.29,5316,99,5263,10020,8,8
1668080610,2022-11-10 05:43:30 -0600,1879e1f1e485c7d290cb9b4da2afaa34a3487747,TX,48059,2,2022-11-09T01:00:00.000Z,FIPSCode,48059,0,2022-11-10T10:47:47.313Z,8,99.0,8,100.0,58549,4769,90.61,63031,442,8.4,63506,37,0.7,63505,15,0.29,5316,99,5263,10020,8,8
1668080651,2022-11-10 05:44:11 -0600,12341c0fe2f97801e0ab12e096ba5878a173d117,TX,48059,2,2022-11-09T01:00:00.000Z,FIPSCode,48059,0,2022-11-10T10:47:47.313Z,8,99.0,8,100.0,58549,4769,90.61,63031,442,8.4,63506,37,0.7,63505,15,0.29,5316,99,5263,10020,8,8
1668080689,2022-11-10 05:44:49 -0600,11e8629f2b7893325a3238d3d1b778ee8b5b9ad7,TX,48059,2,2022-11-09T01:00:00.000Z,FIPSCode,48059,0,2022-11-10T10:47:47.313Z,8,99.0,8,100.0,58549,4769,90.61,63031,442,8.4,63506,37,0.7,63505,15,0.29,5316,99,5263,10020,8,8
1668080730,2022-11-10 05:45:30 -0600,af861d9874a5a069211d513a7d8dde5e00ceabc6,TX,48059,2,2022-11-09T01:00:00.000Z,FIPSCode,48059,0,2022-11-10T10:47:47.313Z,8,99.0,8,100.0,58549,4769,90.61,63031,442,8.4,63506,37,0.7,63505,15,0.29,5316,99,5263,10020,8,8
1668080774,2022-11-10 05:46:14 -0600,b1a8264f026d9e361448f2af5a6cb46293b1663f,TX,48059,2,2022-11-09T01:00:00.000Z,FIPSCode,48059,0,2022-11-10T10:47:47.313Z,8,99.0,8,100.0,58549,4769,90.61,63031,442,8.4,63506,37,0.7,63505,15,0.29,5316,99,5263,10020,8,8
1668080823,2022-11-10 05:47:03 -0600,a62846b79f258ef279ae015505220c3a64ffaa02,TX,48059,2,2022-11-09T01:00:00.000Z,FIPSCode,48059,0,2022-11-10T10:47:47.313Z,8,99.0,8,100.0,58549,4769,90.61,63031,442,8.4,63506,37,0.7,63505,15,0.29,5316,99,5263,10020,8,8
1668080864,2022-11-10 05:47:44 -0600,a08cb6f8f89c9f38ae61ee944b0e71e57821473d,TX,48059,2,2022-11-09T01:00:00.000Z,FIPSCode,48059,0,2022-11-10T10:47:47.313Z,8,99.0,8,100.0,58549,4769,90.61,63031,442,8.4,63506,37,0.7,63505,15,0.29,5316,99,5263,10020,8,8
1668080902,2022-11-10 05:48:22 -0600,572f4308ce627273c9f99c5144904b3dcb6421d8,TX,48059,2,2022-11-09T01:00:00.000Z,FIPSCode,48059,0,2022-11-10T11:48:03.502Z,8,99.0,8,100.0,58549,4769,90.61,63031,442,8.4,63506,37,0.7,63505,15,0.29,5316,99,5263,10020,8,8
1668080948,2022-11-10 05:49:08 -0600,a5b4280eb971d182b90381f99f3af4c30a0589c8,TX,48059,2,2022-11-09T01:00:00.000Z,FIPSCode,48059,0,2022-11-10T11:48:03.502Z,8,99.0,8,100.0,58549,4769,90.61,63031,442,8.4,63506,37,0.7,63505,15,0.29,5316,99,5263,10020,8,8
1668080987,2022-11-10 05:49:47 -0600,ed684ecf919af4f12458cc555a64e41f4c1b386b,TX,48059,2,2022-11-09T01:00:00.000Z,FIPSCode,48059,0,2022-11-10T11:48:03.502Z,8,99.0,8,100.0,58549,4769,90.61,63031,442,8.4,63506,37,0.7,63505,15,0.29,5316,99,5263,10020,8,8
1668081027,2022-11-10 05:50:27 -0600,1c9d05b4e7a544d51fe9f431c5259de0eeee9fc2,TX,48059,2,2022-11-09T01:00:00.000Z,FIPSCode,48059,0,2022-11-10T11:49:49.142Z,8,99.0,8,100.0,58549,4769,90.61,63031,442,8.4,63506,37,0.7,63505,15,0.29,5316,99,5263,10020,8,8
1668081066,2022-11-10 05:51:06 -0600,82296494a929a94965f744a924f0d35037472956,TX,48059,2,2022-11-09T01:00:00.000Z,FIPSCode,48059,0,2022-11-10T11:49:49.142Z,8,99.0,8,100.0,58549,4769,90.61,63031,442,8.4,63506,37,0.7,63505,15,0.29,5316,99,5263,10020,8,8
1668081115,2022-11-10 05:51:55 -0600,4fa615e704c7b635a3cb1ce544317e6b85a35811,TX,48059,2,2022-11-09T01:00:00.000Z,FIPSCode,48059,0,2022-11-10T11:50:52.848Z,8,99.0,8,100.0,58549,4769,90.61,63031,442,8.4,63506,37,0.7,63505,15,0.29,5316,99,5263,10020,8,8
1668081154,2022-11-10 05:52:34 -0600,3a290e8daf03de8197ebae0f9fc4032551d50b99,TX,48059,2,2022-11-09T01:00:00.000Z,FIPSCode,48059,0,2022-11-10T11:50:52.848Z,8,99.0,8,100.0,58549,4769,90.61,63031,442,8.4,63506,37,0.7,63505,15,0.29,5316,99,5263,10020,8,8
1668081195,2022-11-10 05:53:15 -0600,76a3c8eb7ff5ebc90ec2a1beb4cbcaa5afa60ba7,TX,48059,2,2022-11-09T01:00:00.000Z,FIPSCode,48059,0,2022-11-10T11:50:52.848Z,8,99.0,8,100.0,58549,4769,90.61,63031,442,8.4,63506,37,0.7,63505,15,0.29,5316,99,5263,10020,8,8
1668081235,2022-11-10 05:53:55 -0600,e9c9e31f5e711e3bde8777bf150e62e0475780e2,TX,48059,2,2022-11-09T01:00:00.000Z,FIPSCode,48059,0,2022-11-10T11:50:52.848Z,8,99.0,8,100.0,58549,4769,90.61,63031,442,8.4,63506,37,0.7,63505,15,0.29,5316,99,5263,10020,8,8
1668081274,2022-11-10 05:54:34 -0600,45020d42a65c3f051c9a0087ae409b5ff733e7ef,TX,48059,2,2022-11-09T01:00:00.000Z,FIPSCode,48059,0,2022-11-10T11:50:52.848Z,8,99.0,8,100.0,58549,4769,90.61,63031,442,8.4,63506,37,0.7,63505,15,0.29,5316,99,5263,10020,8,8
1668081314,2022-11-10 05:55:14 -0600,79d1658962d98091f8063dc419ccc7dc70a7d5ad,TX,48059,2,2022-11-09T01:00:00.000Z,FIPSCode,48059,0,2022-11-10T11:50:52.848Z,8,99.0,8,100.0,58549,4769,90.61,63031,442,8.4,63506,37,0.7,63505,15,0.29,5316,99,5263,10020,8,8
1668081354,2022-11-10 05:55:54 -0600,8d6ee00a3e3886abc58becee291b6460cc84bbe7,TX,48059,2,2022-11-09T01:00:00.000Z,FIPSCode,48059,0,2022-11-10T11:50:52.848Z,8,99.0,8,100.0,58549,4769,90.61,63031,442,8.4,63506,37,0.7,63505,15,0.29,5316,99,5263,10020,8,8
1668081395,2022-11-10 05:56:35 -0600,eafe9b1b38e0277299d6c4b22825ffedbd3266e1,TX,48059,2,2022-11-09T01:00:00.000Z,FIPSCode,48059,0,2022-11-10T11:50:52.848Z,8,99.0,8,100.0,58549,4769,90.61,63031,442,8.4,63506,37,0.7,63505,15,0.29,5316,99,5263,10020,8,8
1668081439,2022-11-10 05:57:19 -0600,738426b56705b877b697d0a753e0c866d76e4453,TX,48059,2,2022-11-09T01:00:00.000Z,FIPSCode,48059,0,2022-11-10T11:50:52.848Z,8,99.0,8,100.0,58549,4769,90.61,63031,442,8.4,63506,37,0.7,63505,15,0.29,5316,99,5263,10020,8,8
1668081486,2022-11-10 05:58:06 -0600,12a04d40c3e23de29433e439739c22cb0c76c217,TX,48059,2,2022-11-09T01:00:00.000Z,FIPSCode,48059,0,2022-11-10T11:50:52.848Z,8,99.0,8,100.0,58549,4769,90.61,63031,442,8.4,63506,37,0.7,63505,15,0.29,5316,99,5263,10020,8,8
1668081524,2022-11-10 05:58:44 -0600,4a191f2dd98808686a341efc403651e44a0a1b91,TX,48059,2,2022-11-09T01:00:00.000Z,FIPSCode,48059,0,2022-11-10T11:50:52.848Z,8,99.0,8,100.0,58549,4769,90.61,63031,442,8.4,63506,37,0.7,63505,15,0.29,5316,99,5263,10020,8,8
1668081567,2022-11-10 05:59:27 -0600,fad79e2cdd4baa7911a033ab3e2ef7bd7e490aff,TX,48059,2,2022-11-09T01:00:00.000Z,FIPSCode,48059,0,2022-11-10T11:50:52.848Z,8,99.0,8,100.0,58549,4769,90.61,63031,442,8.4,63506,37,0.7,63505,15,0.29,5316,99,5263,10020,8,8
1668081608,2022-11-10 06:00:08 -0600,af721fc22d6a2559cef20006bc40793c0579dd25,TX,48059,2,2022-11-09T01:00:00.000Z,FIPSCode,48059,0,2022-11-10T11:50:52.848Z,8,99.0,8,100.0,58549,4769,90.61,63031,442,8.4,63506,37,0.7,63505,15,0.29,5316,99,5263,10020,8,8
1668081648,2022-11-10 06:00:48 -0600,2d67b034c1981930fe401ada24337d322ec682ee,TX,48059,2,2022-11-09T01:00:00.000Z,FIPSCode,48059,0,2022-11-10T11:50:52.848Z,8,99.0,8,100.0,58549,4769,90.61,63031,442,8.4,63506,37,0.7,63505,15,0.29,5316,99,5263,10020,8,8
1668081687,2022-11-10 06:01:27 -0600,77ac6a7bf003e22ca7a0b68027ade8ac2e8b3b23,TX,48059,2,2022-11-09T01:00:00.000Z,FIPSCode,48059,0,2022-11-10T11:50:52.848Z,8,99.0,8,100.0,58549,4769,90.61,63031,442,8.4,63506,37,0.7,63505,15,0.29,5316,99,5263,10020,8,8
1668081729,2022-11-10 06:02:09 -0600,e01df5b5b69b808b67a5980c8f9c86fe10007719,TX,48059,2,2022-11-09T01:00:00.000Z,FIPSCode,48059,0,2022-11-10T11:50:52.848Z,8,99.0,8,100.0,58549,4769,90.61,63031,442,8.4,63506,37,0.7,63505,15,0.29,5316,99,5263,10020,8,8
1668081773,2022-11-10 06:02:53 -0600,017a2bda61fec6773f5f3a2db32c712e7524c362,TX,48059,2,2022-11-09T01:00:00.000Z,FIPSCode,48059,0,2022-11-10T11:50:52.848Z,8,99.0,8,100.0,58549,4769,90.61,63031,442,8.4,63506,37,0.7,63505,15,0.29,5316,99,5263,10020,8,8
1668081817,2022-11-10 06:03:37 -0600,e651cfbf0596d88d50244dcc38fbdcce9ff86acb,TX,48059,2,2022-11-09T01:00:00.000Z,FIPSCode,48059,0,2022-11-10T11:50:52.848Z,8,99.0,8,100.0,58549,4769,90.61,63031,442,8.4,63506,37,0.7,63505,15,0.29,5316,99,5263,10020,8,8
1668081863,2022-11-10 06:04:23 -0600,96c52d98563460c924178a43a8ca608651724efa,TX,48059,2,2022-11-09T01:00:00.000Z,FIPSCode,48059,0,2022-11-10T11:50:52.848Z,8,99.0,8,100.0,58549,4769,90.61,63031,442,8.4,63506,37,0.7,63505,15,0.29,5316,99,5263,10020,8,8
1668081902,2022-11-10 06:05:02 -0600,93d8dfbe036cd0e7ea33adc037d800d2f66a7085,TX,48059,2,2022-11-09T01:00:00.000Z,FIPSCode,48059,0,2022-11-10T11:50:52.848Z,8,99.0,8,100.0,58549,4769,90.61,63031,442,8.4,63506,37,0.7,63505,15,0.29,5316,99,5263,10020,8,8
1668081941,2022-11-10 06:05:41 -0600,4634d5873e9e1beb01921cd7bec2b62eee319c60,TX,48059,2,2022-11-09T01:00:00.000Z,FIPSCode,48059,0,2022-11-10T11:50:52.848Z,8,99.0,8,100.0,58549,4769,90.61,63031,442,8.4,63506,37,0.7,63505,15,0.29,5316,99,5263,10020,8,8
1668081982,2022-11-10 06:06:22 -0600,5ce9a858caaef4f73371b06cc81d25054ef60daf,TX,48059,2,2022-11-09T01:00:00.000Z,FIPSCode,48059,0,2022-11-10T11:50:52.848Z,8,99.0,8,100.0,58549,4769,90.61,63031,442,8.4,63506,37,0.7,63505,15,0.29,5316,99,5263,10020,8,8
1668082025,2022-11-10 06:07:05 -0600,92bf89c8f3f0a88ec4409a7b920aa721b21b3674,TX,48059,2,2022-11-09T01:00:00.000Z,FIPSCode,48059,0,2022-11-10T11:50:52.848Z,8,99.0,8,100.0,58549,4769,90.61,63031,442,8.4,63506,37,0.7,63505,15,0.29,5316,99,5263,10020,8,8
1668082067,2022-11-10 06:07:47 -0600,f5d2b79545733e9b33871de748401b4f011c2c05,TX,48059,2,2022-11-09T01:00:00.000Z,FIPSCode,48059,0,2022-11-10T11:50:52.848Z,8,99.0,8,100.0,58549,4769,90.61,63031,442,8.4,63506,37,0.7,63505,15,0.29,5316,99,5263,10020,8,8
1668082112,2022-11-10 06:08:32 -0600,109394a1e6b7644eef632fd880c4aff53b0d6e53,TX,48059,2,2022-11-09T01:00:00.000Z,FIPSCode,48059,0,2022-11-10T11:50:52.848Z,8,99.0,8,100.0,58549,4769,90.61,63031,442,8.4,63506,37,0.7,63505,15,0.29,5316,99,5263,10020,8,8
1668082151,2022-11-10 06:09:11 -0600,56ed929509a619b34902ff5c3c6fe24f57453ce8,TX,48059,2,2022-11-09T01:00:00.000Z,FIPSCode,48059,0,2022-11-10T11:50:52.848Z,8,99.0,8,100.0,58549,4769,90.61,63031,442,8.4,63506,37,0.7,63505,15,0.29,5316,99,5263,10020,8,8
1668082195,2022-11-10 06:09:55 -0600,9dca10b85108b8f63de6f86bf12bf170bb2609ae,TX,48059,2,2022-11-09T01:00:00.000Z,FIPSCode,48059,0,2022-11-10T11:50:52.848Z,8,99.0,8,100.0,58549,4769,90.61,63031,442,8.4,63506,37,0.7,63505,15,0.29,5316,99,5263,10020,8,8
1668082236,2022-11-10 06:10:36 -0600,57b00634225f135631119d2d0f5cb54487df67f2,TX,48059,2,2022-11-09T01:00:00.000Z,FIPSCode,48059,0,2022-11-10T11:50:52.848Z,8,99.0,8,100.0,58549,4769,90.61,63031,442,8.4,63506,37,0.7,63505,15,0.29,5316,99,5263,10020,8,8
1668082363,2022-11-10 06:12:43 -0600,3c04f06faa0f51d7807f873ed3a8553e7d764404,TX,48059,2,2022-11-09T01:00:00.000Z,FIPSCode,48059,0,2022-11-10T11:50:52.848Z,8,99.0,8,100.0,58549,4769,90.61,63031,442,8.4,63506,37,0.7,63505,15,0.29,5316,99,5263,10020,8,8
1668082405,2022-11-10 06:13:25 -0600,c99639128c6c8ac2abf3ac710baf9f2c06a5a44a,TX,48059,2,2022-11-09T01:00:00.000Z,FIPSCode,48059,0,2022-11-10T12:12:53.264Z,8,99.0,8,100.0,58549,4769,90.61,63031,442,8.4,63506,37,0.7,63505,15,0.29,5316,99,5263,10020,8,8
1668082443,2022-11-10 06:14:03 -0600,9a8b5a16fc8bb87243b5b49590031f21a1719ad2,TX,48059,2,2022-11-09T01:00:00.000Z,FIPSCode,48059,0,2022-11-10T12:12:53.264Z,8,99.0,8,100.0,58549,4769,90.61,63031,442,8.4,63506,37,0.7,63505,15,0.29,5316,99,5263,10020,8,8
1668082491,2022-11-10 06:14:51 -0600,876874844a2afc88c64fd340a24fff839eea4981,TX,48059,2,2022-11-09T01:00:00.000Z,FIPSCode,48059,0,2022-11-10T12:12:53.264Z,8,99.0,8,100.0,58549,4769,90.61,63031,442,8.4,63506,37,0.7,63505,15,0.29,5316,99,5263,10020,8,8
1668082533,2022-11-10 06:15:33 -0600,bfe7059484f6082b3365c9b0f737c0254a0962f9,TX,48059,2,2022-11-09T01:00:00.000Z,FIPSCode,48059,0,2022-11-10T12:12:53.264Z,8,99.0,8,100.0,58549,4769,90.61,63031,442,8.4,63506,37,0.7,63505,15,0.29,5316,99,5263,10020,8,8
1668082577,2022-11-10 06:16:17 -0600,8e2603cd051f50df607ab9603163d9b659ae20df,TX,48059,2,2022-11-09T01:00:00.000Z,FIPSCode,48059,0,2022-11-10T12:15:31.960Z,8,99.0,8,100.0,58549,4769,90.61,63031,442,8.4,63506,37,0.7,63505,15,0.29,5316,99,5263,10020,8,8
1668082615,2022-11-10 06:16:55 -0600,9e1a213a5ad58fcd2dc3d813ec50acce6f561ca4,TX,48059,2,2022-11-09T01:00:00.000Z,FIPSCode,48059,0,2022-11-10T12:15:31.960Z,8,99.0,8,100.0,58549,4769,90.61,63031,442,8.4,63506,37,0.7,63505,15,0.29,5316,99,5263,10020,8,8
1668082664,2022-11-10 06:17:44 -0600,8edcbfadc4051e00d44a227d71eb7fc173197d2f,TX,48059,2,2022-11-09T01:00:00.000Z,FIPSCode,48059,0,2022-11-10T12:15:31.960Z,8,99.0,8,100.0,58549,4769,90.61,63031,442,8.4,63506,37,0.7,63505,15,0.29,5316,99,5263,10020,8,8
1668082707,2022-11-10 06:18:27 -0600,adc62b583848c7df665107049775f500a84e375f,TX,48059,2,2022-11-09T01:00:00.000Z,FIPSCode,48059,0,2022-11-10T12:15:31.960Z,8,99.0,8,100.0,58549,4769,90.61,63031,442,8.4,63506,37,0.7,63505,15,0.29,5316,99,5263,10020,8,8
1668082746,2022-11-10 06:19:06 -0600,b9c90098b02c6fcf6250819856d97dd4fd69e4fa,TX,48059,2,2022-11-09T01:00:00.000Z,FIPSCode,48059,0,2022-11-10T12:15:31.960Z,8,99.0,8,100.0,58549,4769,90.61,63031,442,8.4,63506,37,0.7,63505,15,0.29,5316,99,5263,10020,8,8
1668082791,2022-11-10 06:19:51 -0600,854593667a4d23a0b87162d5a412d66043a41567,TX,48059,2,2022-11-09T01:00:00.000Z,FIPSCode,48059,0,2022-11-10T12:15:31.960Z,8,99.0,8,100.0,58549,4769,90.61,63031,442,8.4,63506,37,0.7,63505,15,0.29,5316,99,5263,10020,8,8
1668082834,2022-11-10 06:20:34 -0600,e2d6344ed7315934b5db7102a679ced75159e80b,TX,48059,2,2022-11-09T01:00:00.000Z,FIPSCode,48059,0,2022-11-10T12:15:31.960Z,8,99.0,8,100.0,58549,4769,90.61,63031,442,8.4,63506,37,0.7,63505,15,0.29,5316,99,5263,10020,8,8
1668082878,2022-11-10 06:21:18 -0600,61fd7e1a6965985c7b1c1f7a07221e72fbe84b8c,TX,48059,2,2022-11-09T01:00:00.000Z,FIPSCode,48059,0,2022-11-10T12:15:31.960Z,8,99.0,8,100.0,58549,4769,90.61,63031,442,8.4,63506,37,0.7,63505,15,0.29,5316,99,5263,10020,8,8
1668082916,2022-11-10 06:21:56 -0600,ec9ab4db0500305b3c33d77cf7983c42f4bcc88f,TX,48059,2,2022-11-09T01:00:00.000Z,FIPSCode,48059,0,2022-11-10T12:15:31.960Z,8,99.0,8,100.0,58549,4769,90.61,63031,442,8.4,63506,37,0.7,63505,15,0.29,5316,99,5263,10020,8,8
1668082962,2022-11-10 06:22:42 -0600,11ea946f8278d36f5afad81bc1e9f856cc9343eb,TX,48059,2,2022-11-09T01:00:00.000Z,FIPSCode,48059,0,2022-11-10T12:15:31.960Z,8,99.0,8,100.0,58549,4769,90.61,63031,442,8.4,63506,37,0.7,63505,15,0.29,5316,99,5263,10020,8,8
1668083001,2022-11-10 06:23:21 -0600,835b801e51454b76f8c4db017b3dcb371ceb9457,TX,48059,2,2022-11-09T01:00:00.000Z,FIPSCode,48059,0,2022-11-10T12:15:31.960Z,8,99.0,8,100.0,58549,4769,90.61,63031,442,8.4,63506,37,0.7,63505,15,0.29,5316,99,5263,10020,8,8
1668083046,2022-11-10 06:24:06 -0600,3b0d483f2be8f90d805edba39c3eb1279dbc51dc,TX,48059,2,2022-11-09T01:00:00.000Z,FIPSCode,48059,0,2022-11-10T12:15:31.960Z,8,99.0,8,100.0,58549,4769,90.61,63031,442,8.4,63506,37,0.7,63505,15,0.29,5316,99,5263,10020,8,8
1668083090,2022-11-10 06:24:50 -0600,48f8f914b70e518f78010d64bb96f487c9e0af2c,TX,48059,2,2022-11-09T01:00:00.000Z,FIPSCode,48059,0,2022-11-10T12:15:31.960Z,8,99.0,8,100.0,58549,4769,90.61,63031,442,8.4,63506,37,0.7,63505,15,0.29,5316,99,5263,10020,8,8
1668083131,2022-11-10 06:25:31 -0600,64ed50559829f95a047d62b3d40adcc6ed58c126,TX,48059,2,2022-11-09T01:00:00.000Z,FIPSCode,48059,0,2022-11-10T12:15:31.960Z,8,99.0,8,100.0,58549,4769,90.61,63031,442,8.4,63506,37,0.7,63505,15,0.29,5316,99,5263,10020,8,8
1668083173,2022-11-10 06:26:13 -0600,df6758b49e1884fb6fd056e87f806ce710d54d19,TX,48059,2,2022-11-09T01:00:00.000Z,FIPSCode,48059,0,2022-11-10T12:15:31.960Z,8,99.0,8,100.0,58549,4769,90.61,63031,442,8.4,63506,37,0.7,63505,15,0.29,5316,99,5263,10020,8,8
1668083213,2022-11-10 06:26:53 -0600,dda312eeaef147988beec4cf559fdfc7efb23645,TX,48059,2,2022-11-09T01:00:00.000Z,FIPSCode,48059,0,2022-11-10T12:15:31.960Z,8,99.0,8,100.0,58549,4769,90.61,63031,442,8.4,63506,37,0.7,63505,15,0.29,5316,99,5263,10020,8,8
1668083259,2022-11-10 06:27:39 -0600,d7ff6d76d6e346766713740b2a23aa621732b122,TX,48059,2,2022-11-09T01:00:00.000Z,FIPSCode,48059,0,2022-11-10T12:15:31.960Z,8,99.0,8,100.0,58549,4769,90.61,63031,442,8.4,63506,37,0.7,63505,15,0.29,5316,99,5263,10020,8,8
1668083298,2022-11-10 06:28:18 -0600,16bdabe12c1072e8ca4356672d4b0f5969639b4e,TX,48059,2,2022-11-09T01:00:00.000Z,FIPSCode,48059,0,2022-11-10T12:15:31.960Z,8,99.0,8,100.0,58549,4769,90.61,63031,442,8.4,63506,37,0.7,63505,15,0.29,5316,99,5263,10020,8,8
1668083342,2022-11-10 06:29:02 -0600,ed937521f21f4fa058c2b01e1f62b94792ea42a3,TX,48059,2,2022-11-09T01:00:00.000Z,FIPSCode,48059,0,2022-11-10T12:15:31.960Z,8,99.0,8,100.0,58549,4769,90.61,63031,442,8.4,63506,37,0.7,63505,15,0.29,5316,99,5263,10020,8,8
1668083387,2022-11-10 06:29:47 -0600,0cf6e6edf14fffab5db25cd73b8125441dadd690,TX,48059,2,2022-11-09T01:00:00.000Z,FIPSCode,48059,0,2022-11-10T12:15:31.960Z,8,99.0,8,100.0,58549,4769,90.61,63031,442,8.4,63506,37,0.7,63505,15,0.29,5316,99,5263,10020,8,8
1668083430,2022-11-10 06:30:30 -0600,649e68e688526000a098cdbe8db2e911c8bef3ce,TX,48059,2,2022-11-09T01:00:00.000Z,FIPSCode,48059,0,2022-11-10T12:15:31.960Z,8,99.0,8,100.0,58549,4769,90.61,63031,442,8.4,63506,37,0.7,63505,15,0.29,5316,99,5263,10020,8,8
1668083473,2022-11-10 06:31:13 -0600,b50a482170d8cb76f1207d0243f761c4235b1f9c,TX,48059,2,2022-11-09T01:00:00.000Z,FIPSCode,48059,0,2022-11-10T12:15:31.960Z,8,99.0,8,100.0,58549,4769,90.61,63031,442,8.4,63506,37,0.7,63505,15,0.29,5316,99,5263,10020,8,8
1668083512,2022-11-10 06:31:52 -0600,eec7621c0caaa4b979467077bdfca3f27f8ed57c,TX,48059,2,2022-11-09T01:00:00.000Z,FIPSCode,48059,0,2022-11-10T12:15:31.960Z,8,99.0,8,100.0,58549,4769,90.61,63031,442,8.4,63506,37,0.7,63505,15,0.29,5316,99,5263,10020,8,8
1668083554,2022-11-10 06:32:34 -0600,4afa5a1a3ab35a477417982ac465df17d0e98922,TX,48059,2,2022-11-09T01:00:00.000Z,FIPSCode,48059,0,2022-11-10T12:15:31.960Z,8,99.0,8,100.0,58549,4769,90.61,63031,442,8.4,63506,37,0.7,63505,15,0.29,5316,99,5263,10020,8,8
1668083596,2022-11-10 06:33:16 -0600,b07fda1f761ddce4655c924115e091eb8606412a,TX,48059,2,2022-11-09T01:00:00.000Z,FIPSCode,48059,0,2022-11-10T12:15:31.960Z,8,99.0,8,100.0,58549,4769,90.61,63031,442,8.4,63506,37,0.7,63505,15,0.29,5316,99,5263,10020,8,8
1668083637,2022-11-10 06:33:57 -0600,1940dea747c2554cb941edb2824a42804013c0b4,TX,48059,2,2022-11-09T01:00:00.000Z,FIPSCode,48059,0,2022-11-10T12:15:31.960Z,8,99.0,8,100.0,58549,4769,90.61,63031,442,8.4,63506,37,0.7,63505,15,0.29,5316,99,5263,10020,8,8
1668083680,2022-11-10 06:34:40 -0600,86846cd9cc22326bbfb4626c1d42b8599fabdcfc,TX,48059,2,2022-11-09T01:00:00.000Z,FIPSCode,48059,0,2022-11-10T12:15:31.960Z,8,99.0,8,100.0,58549,4769,90.61,63031,442,8.4,63506,37,0.7,63505,15,0.29,5316,99,5263,10020,8,8
1668083727,2022-11-10 06:35:27 -0600,942290c190d7736ca69d1c4acada2f2d09a6287a,TX,48059,2,2022-11-09T01:00:00.000Z,FIPSCode,48059,0,2022-11-10T12:15:31.960Z,8,99.0,8,100.0,58549,4769,90.61,63031,442,8.4,63506,37,0.7,63505,15,0.29,5316,99,5263,10020,8,8
1668083769,2022-11-10 06:36:09 -0600,0d91a51a70e9adff04f14bf612e249dd60f2c99b,TX,48059,2,2022-11-09T01:00:00.000Z,FIPSCode,48059,0,2022-11-10T12:15:31.960Z,8,99.0,8,100.0,58549,4769,90.61,63031,442,8.4,63506,37,0.7,63505,15,0.29,5316,99,5263,10020,8,8
1668083808,2022-11-10 06:36:48 -0600,970117f2ba28dc85b5809e2a0da72f7f2053b2a4,TX,48059,2,2022-11-09T01:00:00.000Z,FIPSCode,48059,0,2022-11-10T12:15:31.960Z,8,99.0,8,100.0,58549,4769,90.61,63031,442,8.4,63506,37,0.7,63505,15,0.29,5316,99,5263,10020,8,8
1668083849,2022-11-10 06:37:29 -0600,6296bff6087e1efaaeae83549b78a9298df6cba2,TX,48059,2,2022-11-09T01:00:00.000Z,FIPSCode,48059,0,2022-11-10T12:15:31.960Z,8,99.0,8,100.0,58549,4769,90.61,63031,442,8.4,63506,37,0.7,63505,15,0.29,5316,99,5263,10020,8,8
1668083893,2022-11-10 06:38:13 -0600,3311534b02da67cda9e1fdce2dae55f5c5b2ee9a,TX,48059,2,2022-11-09T01:00:00.000Z,FIPSCode,48059,0,2022-11-10T12:15:31.960Z,8,99.0,8,100.0,58549,4769,90.61,63031,442,8.4,63506,37,0.7,63505,15,0.29,5316,99,5263,10020,8,8
1668083932,2022-11-10 06:38:52 -0600,a5368be5fee45f8a3d896e78bcdcf53b38a72f63,TX,48059,2,2022-11-09T01:00:00.000Z,FIPSCode,48059,0,2022-11-10T12:15:31.960Z,8,99.0,8,100.0,58549,4769,90.61,63031,442,8.4,63506,37,0.7,63505,15,0.29,5316,99,5263,10020,8,8
1668083975,2022-11-10 06:39:35 -0600,63119e36e1cb32f7efc24f6178043e11b01c4a75,TX,48059,2,2022-11-09T01:00:00.000Z,FIPSCode,48059,0,2022-11-10T12:15:31.960Z,8,99.0,8,100.0,58549,4769,90.61,63031,442,8.4,63506,37,0.7,63505,15,0.29,5316,99,5263,10020,8,8
1668084020,2022-11-10 06:40:20 -0600,7dc22af1c3fcb42b88c354a9369067b3382a8860,TX,48059,2,2022-11-09T01:00:00.000Z,FIPSCode,48059,0,2022-11-10T12:15:31.960Z,8,99.0,8,100.0,58549,4769,90.61,63031,442,8.4,63506,37,0.7,63505,15,0.29,5316,99,5263,10020,8,8
1668084058,2022-11-10 06:40:58 -0600,9e5ed7f8c6bd3fe69a8389a996f7d8dfd4fc5c6e,TX,48059,2,2022-11-09T01:00:00.000Z,FIPSCode,48059,0,2022-11-10T12:15:31.960Z,8,99.0,8,100.0,58549,4769,90.61,63031,442,8.4,63506,37,0.7,63505,15,0.29,5316,99,5263,10020,8,8
1668084105,2022-11-10 06:41:45 -0600,a5e551ea0cd9e30775194f32d2e6adaedb63406d,TX,48059,2,2022-11-09T01:00:00.000Z,FIPSCode,48059,0,2022-11-10T12:15:31.960Z,8,99.0,8,100.0,58549,4769,90.61,63031,442,8.4,63506,37,0.7,63505,15,0.29,5316,99,5263,10020,8,8
1668084145,2022-11-10 06:42:25 -0600,af6df74fc651df1b9acd4307fac12b48fcee40eb,TX,48059,2,2022-11-09T01:00:00.000Z,FIPSCode,48059,0,2022-11-10T12:15:31.960Z,8,99.0,8,100.0,58549,4769,90.61,63031,442,8.4,63506,37,0.7,63505,15,0.29,5316,99,5263,10020,8,8
1668084189,2022-11-10 06:43:09 -0600,bbe4208a4e8b41b8f294f460e7a94a741c1c6a1d,TX,48059,2,2022-11-09T01:00:00.000Z,FIPSCode,48059,0,2022-11-10T12:15:31.960Z,8,99.0,8,100.0,58549,4769,90.61,63031,442,8.4,63506,37,0.7,63505,15,0.29,5316,99,5263,10020,8,8
1668084225,2022-11-10 06:43:45 -0600,74b3789483cd430f45b6d934d4d9a823ce5fbc21,TX,48059,2,2022-11-09T01:00:00.000Z,FIPSCode,48059,0,2022-11-10T12:15:31.960Z,8,99.0,8,100.0,58549,4769,90.61,63031,442,8.4,63506,37,0.7,63505,15,0.29,5316,99,5263,10020,8,8
1668084273,2022-11-10 06:44:33 -0600,861ce3df6073945b9de86497e37a61bc56db4369,TX,48059,2,2022-11-09T01:00:00.000Z,FIPSCode,48059,0,2022-11-10T12:43:52.400Z,8,99.0,8,100.0,58549,4769,90.61,63031,442,8.4,63506,37,0.7,63505,15,0.29,5316,99,5263,10020,8,8
1668084309,2022-11-10 06:45:09 -0600,d43849c6a304b5122b795990dc152b9c2fa4a313,TX,48059,2,2022-11-09T01:00:00.000Z,FIPSCode,48059,0,2022-11-10T12:44:50.072Z,8,99.0,8,100.0,58549,4769,90.61,63031,442,8.4,63506,37,0.7,63505,15,0.29,5316,99,5263,10020,8,8
1668084353,2022-11-10 06:45:53 -0600,88da6bf43a29f5348f704b64a469c2e47c305641,TX,48059,2,2022-11-09T01:00:00.000Z,FIPSCode,48059,0,2022-11-10T12:44:50.072Z,8,99.0,8,100.0,58549,4769,90.61,63031,442,8.4,63506,37,0.7,63505,15,0.29,5316,99,5263,10020,8,8
1668084398,2022-11-10 06:46:38 -0600,441e7c036614510514a1d3d75f86d67ad519271f,TX,48059,2,2022-11-09T01:00:00.000Z,FIPSCode,48059,0,2022-11-10T12:44:50.072Z,8,99.0,8,100.0,58549,4769,90.61,63031,442,8.4,63506,37,0.7,63505,15,0.29,5316,99,5263,10020,8,8
1668084439,2022-11-10 06:47:19 -0600,5623f612324842460c52ac59d1eb5eb88c0847d9,TX,48059,2,2022-11-09T01:00:00.000Z,FIPSCode,48059,0,2022-11-10T12:46:49.196Z,8,99.0,8,100.0,58549,4769,90.61,63031,442,8.4,63506,37,0.7,63505,15,0.29,5316,99,5263,10020,8,8
1668084485,2022-11-10 06:48:05 -0600,4439d619358fb55ce49a9ee5dd066a3cfce146d4,TX,48059,2,2022-11-09T01:00:00.000Z,FIPSCode,48059,0,2022-11-10T12:46:49.196Z,8,99.0,8,100.0,58549,4769,90.61,63031,442,8.4,63506,37,0.7,63505,15,0.29,5316,99,5263,10020,8,8
1668084521,2022-11-10 06:48:41 -0600,1b055e6448619f258bc6e115abb634ab0228b4de,TX,48059,2,2022-11-09T01:00:00.000Z,FIPSCode,48059,0,2022-11-10T12:47:50.575Z,8,99.0,8,100.0,58549,4769,90.61,63031,442,8.4,63506,37,0.7,63505,15,0.29,5316,99,5263,10020,8,8
1668084562,2022-11-10 06:49:22 -0600,079f0466a7dc2efb7197749a2ef61fbde7fc8dc8,TX,48059,2,2022-11-09T01:00:00.000Z,FIPSCode,48059,0,2022-11-10T12:48:48.907Z,8,99.0,8,100.0,58549,4769,90.61,63031,442,8.4,63506,37,0.7,63505,15,0.29,5316,99,5263,10020,8,8
1668084606,2022-11-10 06:50:06 -0600,b874648f18d780590a28798303e92856853d9e70,TX,48059,2,2022-11-09T01:00:00.000Z,FIPSCode,48059,0,2022-11-10T12:48:48.907Z,8,99.0,8,100.0,58549,4769,90.61,63031,442,8.4,63506,37,0.7,63505,15,0.29,5316,99,5263,10020,8,8
1668084646,2022-11-10 06:50:46 -0600,416cde0ab284fc43271ee4e11773338f731ea93d,TX,48059,2,2022-11-09T01:00:00.000Z,FIPSCode,48059,0,2022-11-10T12:48:48.907Z,8,99.0,8,100.0,58549,4769,90.61,63031,442,8.4,63506,37,0.7,63505,15,0.29,5316,99,5263,10020,8,8
1668084692,2022-11-10 06:51:32 -0600,b589bb4b61cbb84bb5b942224c4d56ea372e5ce7,TX,48059,2,2022-11-09T01:00:00.000Z,FIPSCode,48059,0,2022-11-10T12:48:48.907Z,8,99.0,8,100.0,58549,4769,90.61,63031,442,8.4,63506,37,0.7,63505,15,0.29,5316,99,5263,10020,8,8
1668084735,2022-11-10 06:52:15 -0600,19f5dd72a6ff6b328d87c78862c34995f3482b96,TX,48059,2,2022-11-09T01:00:00.000Z,FIPSCode,48059,0,2022-11-10T12:48:48.907Z,8,99.0,8,100.0,58549,4769,90.61,63031,442,8.4,63506,37,0.7,63505,15,0.29,5316,99,5263,10020,8,8
1668084778,2022-11-10 06:52:58 -0600,158f73de4fceb75f1b11c66fdafe5067b131035a,TX,48059,2,2022-11-09T01:00:00.000Z,FIPSCode,48059,0,2022-11-10T12:48:48.907Z,8,99.0,8,100.0,58549,4769,90.61,63031,442,8.4,63506,37,0.7,63505,15,0.29,5316,99,5263,10020,8,8
1668084819,2022-11-10 06:53:39 -0600,626f74c6f5e46846e0d21ab6d7fd8e0c5f54d4db,TX,48059,2,2022-11-09T01:00:00.000Z,FIPSCode,48059,0,2022-11-10T12:48:48.907Z,8,99.0,8,100.0,58549,4769,90.61,63031,442,8.4,63506,37,0.7,63505,15,0.29,5316,99,5263,10020,8,8
1668084859,2022-11-10 06:54:19 -0600,60e9b36898000430e14c3ea5646bd55dd61a4e8b,TX,48059,2,2022-11-09T01:00:00.000Z,FIPSCode,48059,0,2022-11-10T12:48:48.907Z,8,99.0,8,100.0,58549,4769,90.61,63031,442,8.4,63506,37,0.7,63505,15,0.29,5316,99,5263,10020,8,8
1668084902,2022-11-10 06:55:02 -0600,cd448eaecea706ad68c8ca9d009af5e0766c5339,TX,48059,2,2022-11-09T01:00:00.000Z,FIPSCode,48059,0,2022-11-10T12:48:48.907Z,8,99.0,8,100.0,58549,4769,90.61,63031,442,8.4,63506,37,0.7,63505,15,0.29,5316,99,5263,10020,8,8
1668084942,2022-11-10 06:55:42 -0600,daf6a68e3f13774ff01d46d5f6a3aa2fa79f25af,TX,48059,2,2022-11-09T01:00:00.000Z,FIPSCode,48059,0,2022-11-10T12:48:48.907Z,8,99.0,8,100.0,58549,4769,90.61,63031,442,8.4,63506,37,0.7,63505,15,0.29,5316,99,5263,10020,8,8
1668084987,2022-11-10 06:56:27 -0600,050c86dbc022616b9ee40bc54005398a680bed6d,TX,48059,2,2022-11-09T01:00:00.000Z,FIPSCode,48059,0,2022-11-10T12:48:48.907Z,8,99.0,8,100.0,58549,4769,90.61,63031,442,8.4,63506,37,0.7,63505,15,0.29,5316,99,5263,10020,8,8
1668085025,2022-11-10 06:57:05 -0600,fef4cba0dbfc65c86f6313ee3f00d89b9a72e0fc,TX,48059,2,2022-11-09T01:00:00.000Z,FIPSCode,48059,0,2022-11-10T12:48:48.907Z,8,99.0,8,100.0,58549,4769,90.61,63031,442,8.4,63506,37,0.7,63505,15,0.29,5316,99,5263,10020,8,8
1668085066,2022-11-10 06:57:46 -0600,217c0126ae3c5d5a6f708f5ec3bd6f04ecd4d78e,TX,48059,2,2022-11-09T01:00:00.000Z,FIPSCode,48059,0,2022-11-10T12:48:48.907Z,8,99.0,8,100.0,58549,4769,90.61,63031,442,8.4,63506,37,0.7,63505,15,0.29,5316,99,5263,10020,8,8
1668085112,2022-11-10 06:58:32 -0600,681502e7c0d86681a575bbd066f51efe4c63afe0,TX,48059,2,2022-11-09T01:00:00.000Z,FIPSCode,48059,0,2022-11-10T12:48:48.907Z,8,99.0,8,100.0,58549,4769,90.61,63031,442,8.4,63506,37,0.7,63505,15,0.29,5316,99,5263,10020,8,8
1668085152,2022-11-10 06:59:12 -0600,b812f3aa2902588cc72c392e317cbb570f748b36,TX,48059,2,2022-11-09T01:00:00.000Z,FIPSCode,48059,0,2022-11-10T12:48:48.907Z,8,99.0,8,100.0,58549,4769,90.61,63031,442,8.4,63506,37,0.7,63505,15,0.29,5316,99,5263,10020,8,8
1668085196,2022-11-10 06:59:56 -0600,c5f106926d09a7b8697c8c64127af31d661014d6,TX,48059,2,2022-11-09T01:00:00.000Z,FIPSCode,48059,0,2022-11-10T12:48:48.907Z,8,99.0,8,100.0,58549,4769,90.61,63031,442,8.4,63506,37,0.7,63505,15,0.29,5316,99,5263,10020,8,8
1668085235,2022-11-10 07:00:35 -0600,5c516e089efda7aaeb6cfb0c7afd6fa8428e5a90,TX,48059,2,2022-11-09T01:00:00.000Z,FIPSCode,48059,0,2022-11-10T12:48:48.907Z,8,99.0,8,100.0,58549,4769,90.61,63031,442,8.4,63506,37,0.7,63505,15,0.29,5316,99,5263,10020,8,8
1668085275,2022-11-10 07:01:15 -0600,c26c80345901fa8f0afc090544fb9156abe5e5f7,TX,48059,2,2022-11-09T01:00:00.000Z,FIPSCode,48059,0,2022-11-10T12:48:48.907Z,8,99.0,8,100.0,58549,4769,90.61,63031,442,8.4,63506,37,0.7,63505,15,0.29,5316,99,5263,10020,8,8
1668085318,2022-11-10 07:01:58 -0600,516c36c87d6b2cdb5100776e40ece520a51111d7,TX,48059,2,2022-11-09T01:00:00.000Z,FIPSCode,48059,0,2022-11-10T12:48:48.907Z,8,99.0,8,100.0,58549,4769,90.61,63031,442,8.4,63506,37,0.7,63505,15,0.29,5316,99,5263,10020,8,8
1668085357,2022-11-10 07:02:37 -0600,43aa92f06eda13a16081c40477b841ce23fa491f,TX,48059,2,2022-11-09T01:00:00.000Z,FIPSCode,48059,0,2022-11-10T12:48:48.907Z,8,99.0,8,100.0,58549,4769,90.61,63031,442,8.4,63506,37,0.7,63505,15,0.29,5316,99,5263,10020,8,8
1668085406,2022-11-10 07:03:26 -0600,4a83410e9717e9eae77d19ebdb08d81588d24c4c,TX,48059,2,2022-11-09T01:00:00.000Z,FIPSCode,48059,0,2022-11-10T12:48:48.907Z,8,99.0,8,100.0,58549,4769,90.61,63031,442,8.4,63506,37,0.7,63505,15,0.29,5316,99,5263,10020,8,8
1668085449,2022-11-10 07:04:09 -0600,7a5eadc404b52e13401a251eae589177d7bb1f16,TX,48059,2,2022-11-09T01:00:00.000Z,FIPSCode,48059,0,2022-11-10T12:48:48.907Z,8,99.0,8,100.0,58549,4769,90.61,63031,442,8.4,63506,37,0.7,63505,15,0.29,5316,99,5263,10020,8,8
1668085494,2022-11-10 07:04:54 -0600,edf2549419bc69215ba6a02dbc0c2745e2f0c5a5,TX,48059,2,2022-11-09T01:00:00.000Z,FIPSCode,48059,0,2022-11-10T12:48:48.907Z,8,99.0,8,100.0,58549,4769,90.61,63031,442,8.4,63506,37,0.7,63505,15,0.29,5316,99,5263,10020,8,8
1668085532,2022-11-10 07:05:32 -0600,36423900906276f5be4acbb8f397ca23b241b73d,TX,48059,2,2022-11-09T01:00:00.000Z,FIPSCode,48059,0,2022-11-10T12:48:48.907Z,8,99.0,8,100.0,58549,4769,90.61,63031,442,8.4,63506,37,0.7,63505,15,0.29,5316,99,5263,10020,8,8
1668085574,2022-11-10 07:06:14 -0600,f538aea4ee2210e2f8312dd6f04e68ca88b959a2,TX,48059,2,2022-11-09T01:00:00.000Z,FIPSCode,48059,0,2022-11-10T12:48:48.907Z,8,99.0,8,100.0,58549,4769,90.61,63031,442,8.4,63506,37,0.7,63505,15,0.29,5316,99,5263,10020,8,8
1668085614,2022-11-10 07:06:54 -0600,1c9c593c7673e65766a7f837a0f128844036dcf6,TX,48059,2,2022-11-09T01:00:00.000Z,FIPSCode,48059,0,2022-11-10T12:48:48.907Z,8,99.0,8,100.0,58549,4769,90.61,63031,442,8.4,63506,37,0.7,63505,15,0.29,5316,99,5263,10020,8,8
1668085656,2022-11-10 07:07:36 -0600,dc470b67adea63da06451aab9a2e7e49e46371ef,TX,48059,2,2022-11-09T01:00:00.000Z,FIPSCode,48059,0,2022-11-10T12:48:48.907Z,8,99.0,8,100.0,58549,4769,90.61,63031,442,8.4,63506,37,0.7,63505,15,0.29,5316,99,5263,10020,8,8
1668085701,2022-11-10 07:08:21 -0600,3953bf01e605858aaca8d51bd0686ba9db6f3436,TX,48059,2,2022-11-09T01:00:00.000Z,FIPSCode,48059,0,2022-11-10T13:07:49.392Z,8,99.0,8,100.0,58549,4769,90.61,63031,442,8.4,63506,37,0.7,63505,15,0.29,5316,99,5263,10020,8,8
1668085746,2022-11-10 07:09:06 -0600,0a9e516c1be4ce89ea2bd76831ebfba5f78bc429,TX,48059,2,2022-11-09T01:00:00.000Z,FIPSCode,48059,0,2022-11-10T13:07:49.392Z,8,99.0,8,100.0,58549,4769,90.61,63031,442,8.4,63506,37,0.7,63505,15,0.29,5316,99,5263,10020,8,8
1668085789,2022-11-10 07:09:49 -0600,d14de8d3cdee01ce3f4d8caf06a1f6cf5a2046d6,TX,48059,2,2022-11-09T01:00:00.000Z,FIPSCode,48059,0,2022-11-10T13:09:29.488Z,8,99.0,8,100.0,58549,4769,90.61,63031,442,8.4,63506,37,0.7,63505,15,0.29,5316,99,5263,10020,8,8
1668085828,2022-11-10 07:10:28 -0600,236753ca1c574c99be44701b89f6b88c00ab82b4,TX,48059,2,2022-11-09T01:00:00.000Z,FIPSCode,48059,0,2022-11-10T13:09:29.488Z,8,99.0,8,100.0,58549,4769,90.61,63031,442,8.4,63506,37,0.7,63505,15,0.29,5316,99,5263,10020,8,8
1668085869,2022-11-10 07:11:09 -0600,4eb0e2ac7690ab3a68bdf1e69b0df8022968df82,TX,48059,2,2022-11-09T01:00:00.000Z,FIPSCode,48059,0,2022-11-10T13:09:29.488Z,8,99.0,8,100.0,58549,4769,90.61,63031,442,8.4,63506,37,0.7,63505,15,0.29,5316,99,5263,10020,8,8
1668085912,2022-11-10 07:11:52 -0600,b7bc2fa836e597478db23bd86b54dbda77daca45,TX,48059,2,2022-11-09T01:00:00.000Z,FIPSCode,48059,0,2022-11-10T13:09:29.488Z,8,99.0,8,100.0,58549,4769,90.61,63031,442,8.4,63506,37,0.7,63505,15,0.29,5316,99,5263,10020,8,8
1668085951,2022-11-10 07:12:31 -0600,b6d66015bdf307b064f2c142ac16dd82ea54b9d6,TX,48059,2,2022-11-09T01:00:00.000Z,FIPSCode,48059,0,2022-11-10T13:09:29.488Z,8,99.0,8,100.0,58549,4769,90.61,63031,442,8.4,63506,37,0.7,63505,15,0.29,5316,99,5263,10020,8,8
1668085997,2022-11-10 07:13:17 -0600,96a8a8a1b304d7b1811cf279fc64f6d5e80315ba,TX,48059,2,2022-11-09T01:00:00.000Z,FIPSCode,48059,0,2022-11-10T13:12:51.700Z,8,99.0,8,100.0,58549,4769,90.61,63031,442,8.4,63506,37,0.7,63505,15,0.29,5316,99,5263,10020,8,8
1668086040,2022-11-10 07:14:00 -0600,54dee3b5fffd07e1961b82fb53219a8121084e42,TX,48059,2,2022-11-09T01:00:00.000Z,FIPSCode,48059,0,2022-11-10T13:12:51.700Z,8,99.0,8,100.0,58549,4769,90.61,63031,442,8.4,63506,37,0.7,63505,15,0.29,5316,99,5263,10020,8,8
1668086085,2022-11-10 07:14:45 -0600,2c5fef228cd64c97be3244b8c592729a1e6decd0,TX,48059,2,2022-11-09T01:00:00.000Z,FIPSCode,48059,0,2022-11-10T13:12:51.700Z,8,99.0,8,100.0,58549,4769,90.61,63031,442,8.4,63506,37,0.7,63505,15,0.29,5316,99,5263,10020,8,8
1668086129,2022-11-10 07:15:29 -0600,f289898d063a73b67716ec1f70ba5290660356bb,TX,48059,2,2022-11-09T01:00:00.000Z,FIPSCode,48059,0,2022-11-10T13:12:51.700Z,8,99.0,8,100.0,58549,4769,90.61,63031,442,8.4,63506,37,0.7,63505,15,0.29,5316,99,5263,10020,8,8
1668086167,2022-11-10 07:16:07 -0600,f87ba92a87abbbb2dbd8af23b6096a60d03aa640,TX,48059,2,2022-11-09T01:00:00.000Z,FIPSCode,48059,0,2022-11-10T13:12:51.700Z,8,99.0,8,100.0,58549,4769,90.61,63031,442,8.4,63506,37,0.7,63505,15,0.29,5316,99,5263,10020,8,8
1668086208,2022-11-10 07:16:48 -0600,c6cb6be0df61b9ce09f9b48b91ac4dfe1e35cd85,TX,48059,2,2022-11-09T01:00:00.000Z,FIPSCode,48059,0,2022-11-10T13:15:49.225Z,8,99.0,8,100.0,58549,4769,90.61,63031,442,8.4,63506,37,0.7,63505,15,0.29,5316,99,5263,10020,8,8
1668086247,2022-11-10 07:17:27 -0600,001972b9aa84bb71b5aacea7dc074d8ee11d88fe,TX,48059,2,2022-11-09T01:00:00.000Z,FIPSCode,48059,0,2022-11-10T13:15:49.225Z,8,99.0,8,100.0,58549,4769,90.61,63031,442,8.4,63506,37,0.7,63505,15,0.29,5316,99,5263,10020,8,8
1668086288,2022-11-10 07:18:08 -0600,a66a4648d8961784696e23170e50e015ce744724,TX,48059,2,2022-11-09T01:00:00.000Z,FIPSCode,48059,0,2022-11-10T13:15:49.225Z,8,99.0,8,100.0,58549,4769,90.61,63031,442,8.4,63506,37,0.7,63505,15,0.29,5316,99,5263,10020,8,8
1668086329,2022-11-10 07:18:49 -0600,2c2579754b7675ea8a241883f6090b7a2a6093ea,TX,48059,2,2022-11-09T01:00:00.000Z,FIPSCode,48059,0,2022-11-10T13:15:49.225Z,8,99.0,8,100.0,58549,4769,90.61,63031,442,8.4,63506,37,0.7,63505,15,0.29,5316,99,5263,10020,8,8
1668086380,2022-11-10 07:19:40 -0600,9797cb7d587b4fbd8320b2587621f6b7a49a218f,TX,48059,2,2022-11-09T01:00:00.000Z,FIPSCode,48059,0,2022-11-10T13:15:49.225Z,8,99.0,8,100.0,58549,4769,90.61,63031,442,8.4,63506,37,0.7,63505,15,0.29,5316,99,5263,10020,8,8
1668086419,2022-11-10 07:20:19 -0600,46bbb96abbd9f85058a066af409a43a3dd7be1b9,TX,48059,2,2022-11-09T01:00:00.000Z,FIPSCode,48059,0,2022-11-10T13:15:49.225Z,8,99.0,8,100.0,58549,4769,90.61,63031,442,8.4,63506,37,0.7,63505,15,0.29,5316,99,5263,10020,8,8
1668086463,2022-11-10 07:21:03 -0600,caff52dc6396645d58e0cb2c1e8645cf55e60d83,TX,48059,2,2022-11-09T01:00:00.000Z,FIPSCode,48059,0,2022-11-10T13:15:49.225Z,8,99.0,8,100.0,58549,4769,90.61,63031,442,8.4,63506,37,0.7,63505,15,0.29,5316,99,5263,10020,8,8
1668086504,2022-11-10 07:21:44 -0600,76a0a3656152fc78f616d2de6a870b87be0b6aab,TX,48059,2,2022-11-09T01:00:00.000Z,FIPSCode,48059,0,2022-11-10T13:15:49.225Z,8,99.0,8,100.0,58549,4769,90.61,63031,442,8.4,63506,37,0.7,63505,15,0.29,5316,99,5263,10020,8,8
1668086545,2022-11-10 07:22:25 -0600,48fd7d4977466f06fc4a0a1fdd29853aadc7ab75,TX,48059,2,2022-11-09T01:00:00.000Z,FIPSCode,48059,0,2022-11-10T13:15:49.225Z,8,99.0,8,100.0,58549,4769,90.61,63031,442,8.4,63506,37,0.7,63505,15,0.29,5316,99,5263,10020,8,8
1668086584,2022-11-10 07:23:04 -0600,2b7788fbd85fee5bac3f588fc977c0ffa5aee6d4,TX,48059,2,2022-11-09T01:00:00.000Z,FIPSCode,48059,0,2022-11-10T13:15:49.225Z,8,99.0,8,100.0,58549,4769,90.61,63031,442,8.4,63506,37,0.7,63505,15,0.29,5316,99,5263,10020,8,8
1668086625,2022-11-10 07:23:45 -0600,817ae8895f04109464e8693e231edfeb68306645,TX,48059,2,2022-11-09T01:00:00.000Z,FIPSCode,48059,0,2022-11-10T13:15:49.225Z,8,99.0,8,100.0,58549,4769,90.61,63031,442,8.4,63506,37,0.7,63505,15,0.29,5316,99,5263,10020,8,8
1668086670,2022-11-10 07:24:30 -0600,692cee7e14b492a52c2ed472172651b9ca2a6436,TX,48059,2,2022-11-09T01:00:00.000Z,FIPSCode,48059,0,2022-11-10T13:15:49.225Z,8,99.0,8,100.0,58549,4769,90.61,63031,442,8.4,63506,37,0.7,63505,15,0.29,5316,99,5263,10020,8,8
1668086714,2022-11-10 07:25:14 -0600,e523d70df4439780ce6f84f1b4f187b3548720bc,TX,48059,2,2022-11-09T01:00:00.000Z,FIPSCode,48059,0,2022-11-10T13:24:51.709Z,8,99.0,8,100.0,58549,4769,90.61,63031,442,8.4,63506,37,0.7,63505,15,0.29,5316,99,5263,10020,8,8
1668086760,2022-11-10 07:26:00 -0600,a47dc608fdc5119a55d56823742da6e0be734190,TX,48059,2,2022-11-09T01:00:00.000Z,FIPSCode,48059,0,2022-11-10T13:24:51.709Z,8,99.0,8,100.0,58549,4769,90.61,63031,442,8.4,63506,37,0.7,63505,15,0.29,5316,99,5263,10020,8,8
1668086799,2022-11-10 07:26:39 -0600,e7d65747df73aa7c529f25f373beddc25d298ed4,TX,48059,2,2022-11-09T01:00:00.000Z,FIPSCode,48059,0,2022-11-10T13:24:51.709Z,8,99.0,8,100.0,58549,4769,90.61,63031,442,8.4,63506,37,0.7,63505,15,0.29,5316,99,5263,10020,8,8
1668086839,2022-11-10 07:27:19 -0600,741e53f971fcf94d43516a69f29c8f72cfa3c814,TX,48059,2,2022-11-09T01:00:00.000Z,FIPSCode,48059,0,2022-11-10T13:26:50.755Z,8,99.0,8,100.0,58549,4769,90.61,63031,442,8.4,63506,37,0.7,63505,15,0.29,5316,99,5263,10020,8,8
1668086879,2022-11-10 07:27:59 -0600,fc871b0e6dc6b55dd22c3662fc82e61d38b8498d,TX,48059,2,2022-11-09T01:00:00.000Z,FIPSCode,48059,0,2022-11-10T13:26:50.755Z,8,99.0,8,100.0,58549,4769,90.61,63031,442,8.4,63506,37,0.7,63505,15,0.29,5316,99,5263,10020,8,8
1668086922,2022-11-10 07:28:42 -0600,cbb55d6ef134c590125d164fa27ac2e454965a51,TX,48059,2,2022-11-09T01:00:00.000Z,FIPSCode,48059,0,2022-11-10T13:26:50.755Z,8,99.0,8,100.0,58549,4769,90.61,63031,442,8.4,63506,37,0.7,63505,15,0.29,5316,99,5263,10020,8,8
1668086966,2022-11-10 07:29:26 -0600,3e0bac01051537db82c89e21f9ca243c6ef9b22c,TX,48059,2,2022-11-09T01:00:00.000Z,FIPSCode,48059,0,2022-11-10T13:28:29.097Z,8,99.0,8,100.0,58549,4769,90.61,63031,442,8.4,63506,37,0.7,63505,15,0.29,5316,99,5263,10020,8,8
1668087009,2022-11-10 07:30:09 -0600,91a874ddd8694726c873d50b186d124f01d0c5c8,TX,48059,2,2022-11-09T01:00:00.000Z,FIPSCode,48059,0,2022-11-10T13:28:29.097Z,8,99.0,8,100.0,58549,4769,90.61,63031,442,8.4,63506,37,0.7,63505,15,0.29,5316,99,5263,10020,8,8
1668087056,2022-11-10 07:30:56 -0600,45c2dceafd986ba9fb28fa14c5b640a9faf3cfbc,TX,48059,2,2022-11-09T01:00:00.000Z,FIPSCode,48059,0,2022-11-10T13:28:29.097Z,8,99.0,8,100.0,58549,4769,90.61,63031,442,8.4,63506,37,0.7,63505,15,0.29,5316,99,5263,10020,8,8
1668087093,2022-11-10 07:31:33 -0600,41fbc1ead0bcaac21b887d79a74a09d5a137744f,TX,48059,2,2022-11-09T01:00:00.000Z,FIPSCode,48059,0,2022-11-10T13:30:53.095Z,8,99.0,8,100.0,58549,4769,90.61,63031,442,8.4,63506,37,0.7,63505,15,0.29,5316,99,5263,10020,8,8
1668087139,2022-11-10 07:32:19 -0600,30e993a0d4f80bb6e22ef3bd7615104b12f88ed9,TX,48059,2,2022-11-09T01:00:00.000Z,FIPSCode,48059,0,2022-11-10T13:31:48.161Z,8,99.0,8,100.0,58549,4769,90.61,63031,442,8.4,63506,37,0.7,63505,15,0.29,5316,99,5263,10020,8,8
1668087178,2022-11-10 07:32:58 -0600,c6db53bad7b9cd0de82f429429c0731213212e61,TX,48059,2,2022-11-09T01:00:00.000Z,FIPSCode,48059,0,2022-11-10T13:31:48.161Z,8,99.0,8,100.0,58549,4769,90.61,63031,442,8.4,63506,37,0.7,63505,15,0.29,5316,99,5263,10020,8,8
1668087217,2022-11-10 07:33:37 -0600,9cc76c6488707e2422d2ecf718f75ce242eb2997,TX,48059,2,2022-11-09T01:00:00.000Z,FIPSCode,48059,0,2022-11-10T13:32:50.743Z,8,99.0,8,100.0,58549,4769,90.61,63031,442,8.4,63506,37,0.7,63505,15,0.29,5316,99,5263,10020,8,8
1668087353,2022-11-10 07:35:53 -0600,a4dc9efa96c6fb792bc97927aac79cf84bd73b36,TX,48059,2,2022-11-09T01:00:00.000Z,FIPSCode,48059,0,2022-11-10T13:32:50.743Z,8,99.0,8,100.0,58549,4769,90.61,63031,442,8.4,63506,37,0.7,63505,15,0.29,5316,99,5263,10020,8,8
1668087395,2022-11-10 07:36:35 -0600,058a26c84f8a5c4ccb912dac958fcd42b17c8a41,TX,48059,2,2022-11-09T01:00:00.000Z,FIPSCode,48059,0,2022-11-10T13:32:50.743Z,8,99.0,8,100.0,58549,4769,90.61,63031,442,8.4,63506,37,0.7,63505,15,0.29,5316,99,5263,10020,8,8
1668087432,2022-11-10 07:37:12 -0600,17ac9c459f839a18dc74de11015410f8b98cc2ae,TX,48059,2,2022-11-09T01:00:00.000Z,FIPSCode,48059,0,2022-11-10T13:32:50.743Z,8,99.0,8,100.0,58549,4769,90.61,63031,442,8.4,63506,37,0.7,63505,15,0.29,5316,99,5263,10020,8,8
1668087475,2022-11-10 07:37:55 -0600,dec3657c0b5deb3063804415edddb2b1a22da7b6,TX,48059,2,2022-11-09T01:00:00.000Z,FIPSCode,48059,0,2022-11-10T13:32:50.743Z,8,99.0,8,100.0,58549,4769,90.61,63031,442,8.4,63506,37,0.7,63505,15,0.29,5316,99,5263,10020,8,8
1668087514,2022-11-10 07:38:34 -0600,6fb5fb1cf97c8ac075e5c457ba64de4497258905,TX,48059,2,2022-11-09T01:00:00.000Z,FIPSCode,48059,0,2022-11-10T13:32:50.743Z,8,99.0,8,100.0,58549,4769,90.61,63031,442,8.4,63506,37,0.7,63505,15,0.29,5316,99,5263,10020,8,8
1668087559,2022-11-10 07:39:19 -0600,3faf4abcc9de243a4996fb38674d440f2f4a3c29,TX,48059,2,2022-11-09T01:00:00.000Z,FIPSCode,48059,0,2022-11-10T13:32:50.743Z,8,99.0,8,100.0,58549,4769,90.61,63031,442,8.4,63506,37,0.7,63505,15,0.29,5316,99,5263,10020,8,8
1668087604,2022-11-10 07:40:04 -0600,4c0f437e834552bff3a8589223a69d25363e1c54,TX,48059,2,2022-11-09T01:00:00.000Z,FIPSCode,48059,0,2022-11-10T13:32:50.743Z,8,99.0,8,100.0,58549,4769,90.61,63031,442,8.4,63506,37,0.7,63505,15,0.29,5316,99,5263,10020,8,8
1668087647,2022-11-10 07:40:47 -0600,4b65c57f77d8ac053dda51f5ecb4855ee1836f76,TX,48059,2,2022-11-09T01:00:00.000Z,FIPSCode,48059,0,2022-11-10T13:32:50.743Z,8,99.0,8,100.0,58549,4769,90.61,63031,442,8.4,63506,37,0.7,63505,15,0.29,5316,99,5263,10020,8,8
1668087689,2022-11-10 07:41:29 -0600,91543ca4775bff3a4c834dfaa636083dd91f5a3d,TX,48059,2,2022-11-09T01:00:00.000Z,FIPSCode,48059,0,2022-11-10T13:32:50.743Z,8,99.0,8,100.0,58549,4769,90.61,63031,442,8.4,63506,37,0.7,63505,15,0.29,5316,99,5263,10020,8,8
1668087728,2022-11-10 07:42:08 -0600,0357ff8aefed488fa65992fa3b52a266341d526a,TX,48059,2,2022-11-09T01:00:00.000Z,FIPSCode,48059,0,2022-11-10T13:32:50.743Z,8,99.0,8,100.0,58549,4769,90.61,63031,442,8.4,63506,37,0.7,63505,15,0.29,5316,99,5263,10020,8,8
1668087769,2022-11-10 07:42:49 -0600,bf77bec661e98d2ca662004915c10037d410556c,TX,48059,2,2022-11-09T01:00:00.000Z,FIPSCode,48059,0,2022-11-10T13:32:50.743Z,8,99.0,8,100.0,58549,4769,90.61,63031,442,8.4,63506,37,0.7,63505,15,0.29,5316,99,5263,10020,8,8
1668087810,2022-11-10 07:43:30 -0600,f8e11636af62a291c895524f3460e39cc1ecbc8f,TX,48059,2,2022-11-09T01:00:00.000Z,FIPSCode,48059,0,2022-11-10T13:32:50.743Z,8,99.0,8,100.0,58549,4769,90.61,63031,442,8.4,63506,37,0.7,63505,15,0.29,5316,99,5263,10020,8,8
1668087848,2022-11-10 07:44:08 -0600,a8fe6b4167fa7977e9192b843fac6c177deca046,TX,48059,2,2022-11-09T01:00:00.000Z,FIPSCode,48059,0,2022-11-10T13:32:50.743Z,8,99.0,8,100.0,58549,4769,90.61,63031,442,8.4,63506,37,0.7,63505,15,0.29,5316,99,5263,10020,8,8
1668087900,2022-11-10 07:45:00 -0600,ef1f35945086b944f0541c7efc12d2d1d9ef5439,TX,48059,2,2022-11-09T01:00:00.000Z,FIPSCode,48059,0,2022-11-10T13:32:50.743Z,8,99.0,8,100.0,58549,4769,90.61,63031,442,8.4,63506,37,0.7,63505,15,0.29,5316,99,5263,10020,8,8
1668087937,2022-11-10 07:45:37 -0600,f1e64f4ae6891853b21fa98e4d8aecd9536e9413,TX,48059,2,2022-11-09T01:00:00.000Z,FIPSCode,48059,0,2022-11-10T13:32:50.743Z,8,99.0,8,100.0,58549,4769,90.61,63031,442,8.4,63506,37,0.7,63505,15,0.29,5316,99,5263,10020,8,8
1668087986,2022-11-10 07:46:26 -0600,704deae9192f015368618e6bb2cd8514b044e8d3,TX,48059,2,2022-11-09T01:00:00.000Z,FIPSCode,48059,0,2022-11-10T13:32:50.743Z,8,99.0,8,100.0,58549,4769,90.61,63031,442,8.4,63506,37,0.7,63505,15,0.29,5316,99,5263,10020,8,8
1668088066,2022-11-10 07:47:46 -0600,42f74ed51223056ffaaabe24ffe8494542da5b5d,TX,48059,2,2022-11-09T01:00:00.000Z,FIPSCode,48059,0,2022-11-10T13:32:50.743Z,8,99.0,8,100.0,58549,4769,90.61,63031,442,8.4,63506,37,0.7,63505,15,0.29,5316,99,5263,10020,8,8
1668088105,2022-11-10 07:48:25 -0600,893fddd6e3fbdefb344ee21277e2c74b72a46288,TX,48059,2,2022-11-09T01:00:00.000Z,FIPSCode,48059,0,2022-11-10T13:32:50.743Z,8,99.0,8,100.0,58549,4769,90.61,63031,442,8.4,63506,37,0.7,63505,15,0.29,5316,99,5263,10020,8,8
1668088146,2022-11-10 07:49:06 -0600,2f704d5a853722ea2d3e0a025a333a02fa5c77ad,TX,48059,2,2022-11-09T01:00:00.000Z,FIPSCode,48059,0,2022-11-10T13:32:50.743Z,8,99.0,8,100.0,58549,4769,90.61,63031,442,8.4,63506,37,0.7,63505,15,0.29,5316,99,5263,10020,8,8
1668088192,2022-11-10 07:49:52 -0600,db675efecfc6595ffe8a4bf2a39ef7c116019860,TX,48059,2,2022-11-09T01:00:00.000Z,FIPSCode,48059,0,2022-11-10T13:32:50.743Z,8,99.0,8,100.0,58549,4769,90.61,63031,442,8.4,63506,37,0.7,63505,15,0.29,5316,99,5263,10020,8,8
1668088229,2022-11-10 07:50:29 -0600,272b4603b6c946ee64d740783b8f6316082fc7ea,TX,48059,2,2022-11-09T01:00:00.000Z,FIPSCode,48059,0,2022-11-10T13:32:50.743Z,8,99.0,8,100.0,58549,4769,90.61,63031,442,8.4,63506,37,0.7,63505,15,0.29,5316,99,5263,10020,8,8
1668088280,2022-11-10 07:51:20 -0600,9757535736931a05c5a822b0b4e727b61baa1752,TX,48059,2,2022-11-09T01:00:00.000Z,FIPSCode,48059,0,2022-11-10T13:32:50.743Z,8,99.0,8,100.0,58549,4769,90.61,63031,442,8.4,63506,37,0.7,63505,15,0.29,5316,99,5263,10020,8,8
1668088316,2022-11-10 07:51:56 -0600,19201c073c9ca597cab096e533b89ad9e3a02a0f,TX,48059,2,2022-11-09T01:00:00.000Z,FIPSCode,48059,0,2022-11-10T13:32:50.743Z,8,99.0,8,100.0,58549,4769,90.61,63031,442,8.4,63506,37,0.7,63505,15,0.29,5316,99,5263,10020,8,8
1668088363,2022-11-10 07:52:43 -0600,bcf30293de0e11f851a6b0fddbbbadd5a1a21d8a,TX,48059,2,2022-11-09T01:00:00.000Z,FIPSCode,48059,0,2022-11-10T13:32:50.743Z,8,99.0,8,100.0,58549,4769,90.61,63031,442,8.4,63506,37,0.7,63505,15,0.29,5316,99,5263,10020,8,8
1668088400,2022-11-10 07:53:20 -0600,1fc322626078fd361ea5e98612776dff52eef5ac,TX,48059,2,2022-11-09T01:00:00.000Z,FIPSCode,48059,0,2022-11-10T13:32:50.743Z,8,99.0,8,100.0,58549,4769,90.61,63031,442,8.4,63506,37,0.7,63505,15,0.29,5316,99,5263,10020,8,8
1668088441,2022-11-10 07:54:01 -0600,c93bb38820099f523c1bfc36d822b489934aac99,TX,48059,2,2022-11-09T01:00:00.000Z,FIPSCode,48059,0,2022-11-10T13:32:50.743Z,8,99.0,8,100.0,58549,4769,90.61,63031,442,8.4,63506,37,0.7,63505,15,0.29,5316,99,5263,10020,8,8
1668088486,2022-11-10 07:54:46 -0600,0eaa836293b972a9fd9ddb051db031e303ce6cf9,TX,48059,2,2022-11-09T01:00:00.000Z,FIPSCode,48059,0,2022-11-10T13:32:50.743Z,8,99.0,8,100.0,58549,4769,90.61,63031,442,8.4,63506,37,0.7,63505,15,0.29,5316,99,5263,10020,8,8
1668088530,2022-11-10 07:55:30 -0600,b8b205eb0a50676c0c6454a6b379f37164ccba84,TX,48059,2,2022-11-09T01:00:00.000Z,FIPSCode,48059,0,2022-11-10T13:32:50.743Z,8,99.0,8,100.0,58549,4769,90.61,63031,442,8.4,63506,37,0.7,63505,15,0.29,5316,99,5263,10020,8,8
1668088579,2022-11-10 07:56:19 -0600,d45b22e0f062822632934692c62e78f164c5c9ae,TX,48059,2,2022-11-09T01:00:00.000Z,FIPSCode,48059,0,2022-11-10T13:32:50.743Z,8,99.0,8,100.0,58549,4769,90.61,63031,442,8.4,63506,37,0.7,63505,15,0.29,5316,99,5263,10020,8,8
1668088615,2022-11-10 07:56:55 -0600,4b2df0408db8fafa520f2160f68aa38d4d65082d,TX,48059,2,2022-11-09T01:00:00.000Z,FIPSCode,48059,0,2022-11-10T13:32:50.743Z,8,99.0,8,100.0,58549,4769,90.61,63031,442,8.4,63506,37,0.7,63505,15,0.29,5316,99,5263,10020,8,8
1668088655,2022-11-10 07:57:35 -0600,c7ddff4b40cc3c0afd1235f63acc99bd2c24a60b,TX,48059,2,2022-11-09T01:00:00.000Z,FIPSCode,48059,0,2022-11-10T13:32:50.743Z,8,99.0,8,100.0,58549,4769,90.61,63031,442,8.4,63506,37,0.7,63505,15,0.29,5316,99,5263,10020,8,8
1668088695,2022-11-10 07:58:15 -0600,8bd4033d06f9a23a7678dbd2124ea6f182741516,TX,48059,2,2022-11-09T01:00:00.000Z,FIPSCode,48059,0,2022-11-10T13:32:50.743Z,8,99.0,8,100.0,58549,4769,90.61,63031,442,8.4,63506,37,0.7,63505,15,0.29,5316,99,5263,10020,8,8
1668088736,2022-11-10 07:58:56 -0600,cf2899b5a1a31fc2fee3123c40733e573f37ca90,TX,48059,2,2022-11-09T01:00:00.000Z,FIPSCode,48059,0,2022-11-10T13:32:50.743Z,8,99.0,8,100.0,58549,4769,90.61,63031,442,8.4,63506,37,0.7,63505,15,0.29,5316,99,5263,10020,8,8
1668088782,2022-11-10 07:59:42 -0600,343201bad6d6b6f4b5828891aae24648869f5443,TX,48059,2,2022-11-09T01:00:00.000Z,FIPSCode,48059,0,2022-11-10T13:32:50.743Z,8,99.0,8,100.0,58549,4769,90.61,63031,442,8.4,63506,37,0.7,63505,15,0.29,5316,99,5263,10020,8,8
1668088822,2022-11-10 08:00:22 -0600,09db8bf7042c6ad96e9ca14fccbbd69234847e8a,TX,48059,2,2022-11-09T01:00:00.000Z,FIPSCode,48059,0,2022-11-10T13:32:50.743Z,8,99.0,8,100.0,58549,4769,90.61,63031,442,8.4,63506,37,0.7,63505,15,0.29,5316,99,5263,10020,8,8
1668088866,2022-11-10 08:01:06 -0600,43e581bbcb711959c67fc30f122e749f85e0b432,TX,48059,2,2022-11-09T01:00:00.000Z,FIPSCode,48059,0,2022-11-10T13:32:50.743Z,8,99.0,8,100.0,58549,4769,90.61,63031,442,8.4,63506,37,0.7,63505,15,0.29,5316,99,5263,10020,8,8
1668088911,2022-11-10 08:01:51 -0600,f8f767a219d2d69a15557203e1d0e8f04fc759fd,TX,48059,2,2022-11-09T01:00:00.000Z,FIPSCode,48059,0,2022-11-10T13:32:50.743Z,8,99.0,8,100.0,58549,4769,90.61,63031,442,8.4,63506,37,0.7,63505,15,0.29,5316,99,5263,10020,8,8
1668088953,2022-11-10 08:02:33 -0600,a9120d450cb977e02cdf50c3cc99026990cd1613,TX,48059,2,2022-11-09T01:00:00.000Z,FIPSCode,48059,0,2022-11-10T13:32:50.743Z,8,99.0,8,100.0,58549,4769,90.61,63031,442,8.4,63506,37,0.7,63505,15,0.29,5316,99,5263,10020,8,8
1668088993,2022-11-10 08:03:13 -0600,499dd6cebe2bce9c6a77faa504fbaba25b3a696c,TX,48059,2,2022-11-09T01:00:00.000Z,FIPSCode,48059,0,2022-11-10T13:32:50.743Z,8,99.0,8,100.0,58549,4769,90.61,63031,442,8.4,63506,37,0.7,63505,15,0.29,5316,99,5263,10020,8,8
1668089034,2022-11-10 08:03:54 -0600,b71838cc17d86089703df8e3888ebc903166e805,TX,48059,2,2022-11-09T01:00:00.000Z,FIPSCode,48059,0,2022-11-10T13:32:50.743Z,8,99.0,8,100.0,58549,4769,90.61,63031,442,8.4,63506,37,0.7,63505,15,0.29,5316,99,5263,10020,8,8
1668089074,2022-11-10 08:04:34 -0600,7abb133b1680252d76d27bb7417b3198279a4b65,TX,48059,2,2022-11-09T01:00:00.000Z,FIPSCode,48059,0,2022-11-10T13:32:50.743Z,8,99.0,8,100.0,58549,4769,90.61,63031,442,8.4,63506,37,0.7,63505,15,0.29,5316,99,5263,10020,8,8
1668089114,2022-11-10 08:05:14 -0600,0aa5d3ee5bc9cae20b3398f819f396e35ad0e143,TX,48059,2,2022-11-09T01:00:00.000Z,FIPSCode,48059,0,2022-11-10T13:32:50.743Z,8,99.0,8,100.0,58549,4769,90.61,63031,442,8.4,63506,37,0.7,63505,15,0.29,5316,99,5263,10020,8,8
1668089155,2022-11-10 08:05:55 -0600,d544273423976c2656706f09033909320efafac1,TX,48059,2,2022-11-09T01:00:00.000Z,FIPSCode,48059,0,2022-11-10T14:05:30.572Z,8,99.0,8,100.0,58549,4769,90.61,63031,442,8.4,63506,37,0.7,63505,15,0.29,5316,99,5263,10020,8,8
1668089204,2022-11-10 08:06:44 -0600,9168ffb32e4ee8fd0cab1138674f47b06d1e5eea,TX,48059,2,2022-11-09T01:00:00.000Z,FIPSCode,48059,0,2022-11-10T14:05:30.572Z,8,99.0,8,100.0,58549,4769,90.61,63031,442,8.4,63506,37,0.7,63505,15,0.29,5316,99,5263,10020,8,8
1668089247,2022-11-10 08:07:27 -0600,a3b9dd170e60a811ef7e3dca608552462a2a8f98,TX,48059,2,2022-11-09T01:00:00.000Z,FIPSCode,48059,0,2022-11-10T14:06:52.252Z,8,99.0,8,100.0,58549,4769,90.61,63031,442,8.4,63506,37,0.7,63505,15,0.29,5316,99,5263,10020,8,8
1668089286,2022-11-10 08:08:06 -0600,c650b387684db90e8705bce5172c9c77765ee94c,TX,48059,2,2022-11-09T01:00:00.000Z,FIPSCode,48059,0,2022-11-10T14:06:52.252Z,8,99.0,8,100.0,58549,4769,90.61,63031,442,8.4,63506,37,0.7,63505,15,0.29,5316,99,5263,10020,8,8
1668089328,2022-11-10 08:08:48 -0600,bb2581db779ab14d96eef1e21634d47c274f1c7d,TX,48059,2,2022-11-09T01:00:00.000Z,FIPSCode,48059,0,2022-11-10T14:07:50.425Z,8,99.0,8,100.0,58549,4769,90.61,63031,442,8.4,63506,37,0.7,63505,15,0.29,5316,99,5263,10020,8,8
1668089367,2022-11-10 08:09:27 -0600,fe23bf384e8d390b06c5caa93aedd2ae96de417e,TX,48059,2,2022-11-09T01:00:00.000Z,FIPSCode,48059,0,2022-11-10T14:07:50.425Z,8,99.0,8,100.0,58549,4769,90.61,63031,442,8.4,63506,37,0.7,63505,15,0.29,5316,99,5263,10020,8,8
1668089408,2022-11-10 08:10:08 -0600,ff40226960e02bcff2f72f52235a3a685bf45500,TX,48059,2,2022-11-09T01:00:00.000Z,FIPSCode,48059,0,2022-11-10T14:07:50.425Z,8,99.0,8,100.0,58549,4769,90.61,63031,442,8.4,63506,37,0.7,63505,15,0.29,5316,99,5263,10020,8,8
1668089448,2022-11-10 08:10:48 -0600,e4a7eaec54ffa629dde7b1c3701e9142a639673c,TX,48059,2,2022-11-09T01:00:00.000Z,FIPSCode,48059,0,2022-11-10T14:07:50.425Z,8,99.0,8,100.0,58549,4769,90.61,63031,442,8.4,63506,37,0.7,63505,15,0.29,5316,99,5263,10020,8,8
1668089498,2022-11-10 08:11:38 -0600,81c89c2cece44c1563fff0b897dfdb1a4f80ec98,TX,48059,2,2022-11-09T01:00:00.000Z,FIPSCode,48059,0,2022-11-10T14:07:50.425Z,8,99.0,8,100.0,58549,4769,90.61,63031,442,8.4,63506,37,0.7,63505,15,0.29,5316,99,5263,10020,8,8
1668089541,2022-11-10 08:12:21 -0600,657f160bc64648cefc4d6f926868c22fb3a5b117,TX,48059,2,2022-11-09T01:00:00.000Z,FIPSCode,48059,0,2022-11-10T14:07:50.425Z,8,99.0,8,100.0,58549,4769,90.61,63031,442,8.4,63506,37,0.7,63505,15,0.29,5316,99,5263,10020,8,8
1668089581,2022-11-10 08:13:01 -0600,fa1c4283049ddb2cccb87f681a42cb8aaf43236a,TX,48059,2,2022-11-09T01:00:00.000Z,FIPSCode,48059,0,2022-11-10T14:07:50.425Z,8,99.0,8,100.0,58549,4769,90.61,63031,442,8.4,63506,37,0.7,63505,15,0.29,5316,99,5263,10020,8,8
1668089621,2022-11-10 08:13:41 -0600,5e8ac3510831b3006f9ae98d82af4b0940346fd2,TX,48059,2,2022-11-09T01:00:00.000Z,FIPSCode,48059,0,2022-11-10T14:07:50.425Z,8,99.0,8,100.0,58549,4769,90.61,63031,442,8.4,63506,37,0.7,63505,15,0.29,5316,99,5263,10020,8,8
1668089662,2022-11-10 08:14:22 -0600,d9bbd526a11a51e6ba3877748bbcfee9b8ed05aa,TX,48059,2,2022-11-09T01:00:00.000Z,FIPSCode,48059,0,2022-11-10T14:07:50.425Z,8,99.0,8,100.0,58549,4769,90.61,63031,442,8.4,63506,37,0.7,63505,15,0.29,5316,99,5263,10020,8,8
1668089703,2022-11-10 08:15:03 -0600,993adcf27f3904febaa107ae1b51a1d792ac9fb5,TX,48059,2,2022-11-09T01:00:00.000Z,FIPSCode,48059,0,2022-11-10T14:07:50.425Z,8,99.0,8,100.0,58549,4769,90.61,63031,442,8.4,63506,37,0.7,63505,15,0.29,5316,99,5263,10020,8,8
1668089743,2022-11-10 08:15:43 -0600,47f7019356c365343d8b120b47ee7240f18001e7,TX,48059,2,2022-11-09T01:00:00.000Z,FIPSCode,48059,0,2022-11-10T14:07:50.425Z,8,99.0,8,100.0,58549,4769,90.61,63031,442,8.4,63506,37,0.7,63505,15,0.29,5316,99,5263,10020,8,8
1668089794,2022-11-10 08:16:34 -0600,1b32d0ea1fb71daccf353c08f962ad838621df5e,TX,48059,2,2022-11-09T01:00:00.000Z,FIPSCode,48059,0,2022-11-10T14:07:50.425Z,8,99.0,8,100.0,58549,4769,90.61,63031,442,8.4,63506,37,0.7,63505,15,0.29,5316,99,5263,10020,8,8
1668089834,2022-11-10 08:17:14 -0600,8f852b310ab830f092e524b22a23d6fd26579dd0,TX,48059,2,2022-11-09T01:00:00.000Z,FIPSCode,48059,0,2022-11-10T14:07:50.425Z,8,99.0,8,100.0,58549,4769,90.61,63031,442,8.4,63506,37,0.7,63505,15,0.29,5316,99,5263,10020,8,8
1668089874,2022-11-10 08:17:54 -0600,3aae1863fee63603736c5561e84daeba8b869e0c,TX,48059,2,2022-11-09T01:00:00.000Z,FIPSCode,48059,0,2022-11-10T14:07:50.425Z,8,99.0,8,100.0,58549,4769,90.61,63031,442,8.4,63506,37,0.7,63505,15,0.29,5316,99,5263,10020,8,8
1668089920,2022-11-10 08:18:40 -0600,67b2150e3e49731e0250cd29279c26bf4667f56d,TX,48059,2,2022-11-09T01:00:00.000Z,FIPSCode,48059,0,2022-11-10T14:07:50.425Z,8,99.0,8,100.0,58549,4769,90.61,63031,442,8.4,63506,37,0.7,63505,15,0.29,5316,99,5263,10020,8,8
1668089960,2022-11-10 08:19:20 -0600,ca1758a052ef88a13a34df66006608d7c768f46e,TX,48059,2,2022-11-09T01:00:00.000Z,FIPSCode,48059,0,2022-11-10T14:07:50.425Z,8,99.0,8,100.0,58549,4769,90.61,63031,442,8.4,63506,37,0.7,63505,15,0.29,5316,99,5263,10020,8,8
1668090001,2022-11-10 08:20:01 -0600,ec146d26477cc255b06547b2714458e8ee8679d0,TX,48059,2,2022-11-09T01:00:00.000Z,FIPSCode,48059,0,2022-11-10T14:07:50.425Z,8,99.0,8,100.0,58549,4769,90.61,63031,442,8.4,63506,37,0.7,63505,15,0.29,5316,99,5263,10020,8,8
1668090041,2022-11-10 08:20:41 -0600,738522bf836ae38a62d1eaf80cf54d65b785cf64,TX,48059,2,2022-11-09T01:00:00.000Z,FIPSCode,48059,0,2022-11-10T14:07:50.425Z,8,99.0,8,100.0,58549,4769,90.61,63031,442,8.4,63506,37,0.7,63505,15,0.29,5316,99,5263,10020,8,8
1668090081,2022-11-10 08:21:21 -0600,d4aef368134133053a4de51ed44ee8ca1c720e17,TX,48059,2,2022-11-09T01:00:00.000Z,FIPSCode,48059,0,2022-11-10T14:07:50.425Z,8,99.0,8,100.0,58549,4769,90.61,63031,442,8.4,63506,37,0.7,63505,15,0.29,5316,99,5263,10020,8,8
1668090124,2022-11-10 08:22:04 -0600,6cece2e111085a475e2ffb41958c1a01d54c7bd7,TX,48059,2,2022-11-09T01:00:00.000Z,FIPSCode,48059,0,2022-11-10T14:07:50.425Z,8,99.0,8,100.0,58549,4769,90.61,63031,442,8.4,63506,37,0.7,63505,15,0.29,5316,99,5263,10020,8,8
1668090167,2022-11-10 08:22:47 -0600,d040b756e8394577917a57620e07fc765207145e,TX,48059,2,2022-11-09T01:00:00.000Z,FIPSCode,48059,0,2022-11-10T14:07:50.425Z,8,99.0,8,100.0,58549,4769,90.61,63031,442,8.4,63506,37,0.7,63505,15,0.29,5316,99,5263,10020,8,8
1668090210,2022-11-10 08:23:30 -0600,463c1ee27e42c226b2e9f3fe0b3f8829b3c14033,TX,48059,2,2022-11-09T01:00:00.000Z,FIPSCode,48059,0,2022-11-10T14:07:50.425Z,8,99.0,8,100.0,58549,4769,90.61,63031,442,8.4,63506,37,0.7,63505,15,0.29,5316,99,5263,10020,8,8
1668090252,2022-11-10 08:24:12 -0600,676b81ea7e224da50676ef654aafad55327e391c,TX,48059,2,2022-11-09T01:00:00.000Z,FIPSCode,48059,0,2022-11-10T14:23:17.845Z,8,99.0,8,100.0,58549,4769,90.61,63031,442,8.4,63506,37,0.7,63505,15,0.29,5316,99,5263,10020,8,8
1668090299,2022-11-10 08:24:59 -0600,fe88938ca673a7e52a16a6a79050cff2c8155d95,TX,48059,2,2022-11-09T01:00:00.000Z,FIPSCode,48059,0,2022-11-10T14:23:17.845Z,8,99.0,8,100.0,58549,4769,90.61,63031,442,8.4,63506,37,0.7,63505,15,0.29,5316,99,5263,10020,8,8
1668090339,2022-11-10 08:25:39 -0600,46cf4cd812961f644aaf0cb0289fe55557b87ad0,TX,48059,2,2022-11-09T01:00:00.000Z,FIPSCode,48059,0,2022-11-10T14:24:52.106Z,8,99.0,8,100.0,58549,4769,90.61,63031,442,8.4,63506,37,0.7,63505,15,0.29,5316,99,5263,10020,8,8
1668090379,2022-11-10 08:26:19 -0600,99d9def951d94e993bc5da3346902b97465c948c,TX,48059,2,2022-11-09T01:00:00.000Z,FIPSCode,48059,0,2022-11-10T14:25:51.100Z,8,99.0,8,100.0,58549,4769,90.61,63031,442,8.4,63506,37,0.7,63505,15,0.29,5316,99,5263,10020,8,8
1668090420,2022-11-10 08:27:00 -0600,edc69a2024172867c68ff0e64675d7cb7077dfd2,TX,48059,2,2022-11-09T01:00:00.000Z,FIPSCode,48059,0,2022-11-10T14:25:51.100Z,8,99.0,8,100.0,58549,4769,90.61,63031,442,8.4,63506,37,0.7,63505,15,0.29,5316,99,5263,10020,8,8
1668090546,2022-11-10 08:29:06 -0600,cfc867798476f97e3fd40559dd470a91652a0416,TX,48059,2,2022-11-09T01:00:00.000Z,FIPSCode,48059,0,2022-11-10T14:27:29.356Z,8,99.0,8,100.0,58549,4769,90.61,63031,442,8.4,63506,37,0.7,63505,15,0.29,5316,99,5263,10020,8,8
1668090586,2022-11-10 08:29:46 -0600,db4510a41833f0f14e48912eea2ad35844e43fc2,TX,48059,2,2022-11-09T01:00:00.000Z,FIPSCode,48059,0,2022-11-10T14:27:29.356Z,8,99.0,8,100.0,58549,4769,90.61,63031,442,8.4,63506,37,0.7,63505,15,0.29,5316,99,5263,10020,8,8
1668090631,2022-11-10 08:30:31 -0600,7221b1e4bcb457843125f81c8b0d902c40274dc8,TX,48059,2,2022-11-09T01:00:00.000Z,FIPSCode,48059,0,2022-11-10T14:27:29.356Z,8,99.0,8,100.0,58549,4769,90.61,63031,442,8.4,63506,37,0.7,63505,15,0.29,5316,99,5263,10020,8,8
1668090671,2022-11-10 08:31:11 -0600,bdccaba02b0367c27dcd77dd47c4292943bdabd5,TX,48059,2,2022-11-09T01:00:00.000Z,FIPSCode,48059,0,2022-11-10T14:27:29.356Z,8,99.0,8,100.0,58549,4769,90.61,63031,442,8.4,63506,37,0.7,63505,15,0.29,5316,99,5263,10020,8,8
1668090717,2022-11-10 08:31:57 -0600,1c1cc336979933fb62593ea1a674b030bc03a0ec,TX,48059,2,2022-11-09T01:00:00.000Z,FIPSCode,48059,0,2022-11-10T14:27:29.356Z,8,99.0,8,100.0,58549,4769,90.61,63031,442,8.4,63506,37,0.7,63505,15,0.29,5316,99,5263,10020,8,8
1668090801,2022-11-10 08:33:21 -0600,c30e79978fe16eaaabfa29c13a5719badae27c46,TX,48059,2,2022-11-09T01:00:00.000Z,FIPSCode,48059,0,2022-11-10T14:31:17.419Z,8,99.0,8,100.0,58549,4769,90.61,63031,442,8.4,63506,37,0.7,63505,15,0.29,5316,99,5263,10020,8,8
1668090841,2022-11-10 08:34:01 -0600,eb72b491ce0b123a6508da69ef75649db0e27f4f,TX,48059,2,2022-11-09T01:00:00.000Z,FIPSCode,48059,0,2022-11-10T14:31:17.419Z,8,99.0,8,100.0,58549,4769,90.61,63031,442,8.4,63506,37,0.7,63505,15,0.29,5316,99,5263,10020,8,8
1668090882,2022-11-10 08:34:42 -0600,abeb90a61e13b214dbdc5268528a47a5fdb0489f,TX,48059,2,2022-11-09T01:00:00.000Z,FIPSCode,48059,0,2022-11-10T14:31:17.419Z,8,99.0,8,100.0,58549,4769,90.61,63031,442,8.4,63506,37,0.7,63505,15,0.29,5316,99,5263,10020,8,8
1668091011,2022-11-10 08:36:51 -0600,9f5654bfcba823ebcdbee3b713187f1339d7787e,TX,48059,2,2022-11-09T01:00:00.000Z,FIPSCode,48059,0,2022-11-10T14:31:17.419Z,8,99.0,8,100.0,58549,4769,90.61,63031,442,8.4,63506,37,0.7,63505,15,0.29,5316,99,5263,10020,8,8
1668091049,2022-11-10 08:37:29 -0600,112933e4184381b0f5e47cee4865d5a6a5ba2037,TX,48059,2,2022-11-09T01:00:00.000Z,FIPSCode,48059,0,2022-11-10T14:31:17.419Z,8,99.0,8,100.0,58549,4769,90.61,63031,442,8.4,63506,37,0.7,63505,15,0.29,5316,99,5263,10020,8,8
1668091090,2022-11-10 08:38:10 -0600,57471e690d734a9df12c6eaa6a855ed0e2422491,TX,48059,2,2022-11-09T01:00:00.000Z,FIPSCode,48059,0,2022-11-10T14:31:17.419Z,8,99.0,8,100.0,58549,4769,90.61,63031,442,8.4,63506,37,0.7,63505,15,0.29,5316,99,5263,10020,8,8
1668091133,2022-11-10 08:38:53 -0600,8b67c38a8c2db3f40e6a0eac9d60922e560bc003,TX,48059,2,2022-11-09T01:00:00.000Z,FIPSCode,48059,0,2022-11-10T14:31:17.419Z,8,99.0,8,100.0,58549,4769,90.61,63031,442,8.4,63506,37,0.7,63505,15,0.29,5316,99,5263,10020,8,8
1668091261,2022-11-10 08:41:01 -0600,39346b5e584872e20aecb41d86161bf565355435,TX,48059,2,2022-11-09T01:00:00.000Z,FIPSCode,48059,0,2022-11-10T14:40:32.594Z,8,99.0,8,100.0,58549,4769,90.61,63031,442,8.4,63506,37,0.7,63505,15,0.29,5316,99,5263,10020,8,8
1668091300,2022-11-10 08:41:40 -0600,320a8ab0aa341c2f92e474d3124b0c17d7f2733f,TX,48059,2,2022-11-09T01:00:00.000Z,FIPSCode,48059,0,2022-11-10T14:40:32.594Z,8,99.0,8,100.0,58549,4769,90.61,63031,442,8.4,63506,37,0.7,63505,15,0.29,5316,99,5263,10020,8,8
1668091346,2022-11-10 08:42:26 -0600,bbf88bea853383c17ce254a32a70ba754695a592,TX,48059,2,2022-11-09T01:00:00.000Z,FIPSCode,48059,0,2022-11-10T14:41:35.289Z,8,99.0,8,100.0,58549,4769,90.61,63031,442,8.4,63506,37,0.7,63505,15,0.29,5316,99,5263,10020,8,8
1668091385,2022-11-10 08:43:05 -0600,0c0bd989805e6e7e65e0d161ecc6f81ded6704b9,TX,48059,2,2022-11-09T01:00:00.000Z,FIPSCode,48059,0,2022-11-10T14:41:35.289Z,8,99.0,8,100.0,58549,4769,90.61,63031,442,8.4,63506,37,0.7,63505,15,0.29,5316,99,5263,10020,8,8
1668091429,2022-11-10 08:43:49 -0600,18f28c43fbaf8f9016cd70986fe809f04eb19556,TX,48059,2,2022-11-09T01:00:00.000Z,FIPSCode,48059,0,2022-11-10T14:41:35.289Z,8,99.0,8,100.0,58549,4769,90.61,63031,442,8.4,63506,37,0.7,63505,15,0.29,5316,99,5263,10020,8,8
1668091469,2022-11-10 08:44:29 -0600,25d0c180af3f4fba5dadb7abd05f564dbf1754d1,TX,48059,2,2022-11-09T01:00:00.000Z,FIPSCode,48059,0,2022-11-10T14:41:35.289Z,8,99.0,8,100.0,58549,4769,90.61,63031,442,8.4,63506,37,0.7,63505,15,0.29,5316,99,5263,10020,8,8
1668091514,2022-11-10 08:45:14 -0600,0b65ebfaa6a59cd10f7eed8d2e2a47ccfd221a3e,TX,48059,2,2022-11-09T01:00:00.000Z,FIPSCode,48059,0,2022-11-10T14:41:35.289Z,8,99.0,8,100.0,58549,4769,90.61,63031,442,8.4,63506,37,0.7,63505,15,0.29,5316,99,5263,10020,8,8
1668091553,2022-11-10 08:45:53 -0600,aeaa480f7a30d4465cd5c8a0fb465c4b342a9f4d,TX,48059,2,2022-11-09T01:00:00.000Z,FIPSCode,48059,0,2022-11-10T14:41:35.289Z,8,99.0,8,100.0,58549,4769,90.61,63031,442,8.4,63506,37,0.7,63505,15,0.29,5316,99,5263,10020,8,8
1668091594,2022-11-10 08:46:34 -0600,d136610bc7ef43e0c322f12e8d29d61e1e5dbbe7,TX,48059,2,2022-11-09T01:00:00.000Z,FIPSCode,48059,0,2022-11-10T14:41:35.289Z,8,99.0,8,100.0,58549,4769,90.61,63031,442,8.4,63506,37,0.7,63505,15,0.29,5316,99,5263,10020,8,8
1668091639,2022-11-10 08:47:19 -0600,79b3799150862bfd84e40ead7e2bab360638bc89,TX,48059,2,2022-11-09T01:00:00.000Z,FIPSCode,48059,0,2022-11-10T14:41:35.289Z,8,99.0,8,100.0,58549,4769,90.61,63031,442,8.4,63506,37,0.7,63505,15,0.29,5316,99,5263,10020,8,8
1668091682,2022-11-10 08:48:02 -0600,7d2bc29f1fe2b8354fe0c94f44c3f36e2bce72f3,TX,48059,2,2022-11-09T01:00:00.000Z,FIPSCode,48059,0,2022-11-10T14:41:35.289Z,8,99.0,8,100.0,58549,4769,90.61,63031,442,8.4,63506,37,0.7,63505,15,0.29,5316,99,5263,10020,8,8
1668091722,2022-11-10 08:48:42 -0600,5449cf4f65e44985c4ef33fd081546f9e893091c,TX,48059,2,2022-11-09T01:00:00.000Z,FIPSCode,48059,0,2022-11-10T14:41:35.289Z,8,99.0,8,100.0,58549,4769,90.61,63031,442,8.4,63506,37,0.7,63505,15,0.29,5316,99,5263,10020,8,8
1668091762,2022-11-10 08:49:22 -0600,137c8c0be700d080eb92b6623f1d8d6d89457c16,TX,48059,2,2022-11-09T01:00:00.000Z,FIPSCode,48059,0,2022-11-10T14:41:35.289Z,8,99.0,8,100.0,58549,4769,90.61,63031,442,8.4,63506,37,0.7,63505,15,0.29,5316,99,5263,10020,8,8
1668091890,2022-11-10 08:51:30 -0600,0aa1f6fcfc6a1a635d4b75d0d78a180d6fec32a4,TX,48059,2,2022-11-09T01:00:00.000Z,FIPSCode,48059,0,2022-11-10T14:41:35.289Z,8,99.0,8,100.0,58549,4769,90.61,63031,442,8.4,63506,37,0.7,63505,15,0.29,5316,99,5263,10020,8,8
1668091934,2022-11-10 08:52:14 -0600,eb3603ad014708163455df96e12fcfe1256ac59d,TX,48059,2,2022-11-09T01:00:00.000Z,FIPSCode,48059,0,2022-11-10T14:41:35.289Z,8,99.0,8,100.0,58549,4769,90.61,63031,442,8.4,63506,37,0.7,63505,15,0.29,5316,99,5263,10020,8,8
1668091977,2022-11-10 08:52:57 -0600,d9af708700239f4372b2362a9cc299a5c387c1d9,TX,48059,2,2022-11-09T01:00:00.000Z,FIPSCode,48059,0,2022-11-10T14:41:35.289Z,8,99.0,8,100.0,58549,4769,90.61,63031,442,8.4,63506,37,0.7,63505,15,0.29,5316,99,5263,10020,8,8
1668092015,2022-11-10 08:53:35 -0600,99c2e3e5318dc4beb1e3832136d986ea52a873d6,TX,48059,2,2022-11-09T01:00:00.000Z,FIPSCode,48059,0,2022-11-10T14:41:35.289Z,8,99.0,8,100.0,58549,4769,90.61,63031,442,8.4,63506,37,0.7,63505,15,0.29,5316,99,5263,10020,8,8
1668092056,2022-11-10 08:54:16 -0600,3075a9abd2fef15c82a870d429fc5cdadde3f12e,TX,48059,2,2022-11-09T01:00:00.000Z,FIPSCode,48059,0,2022-11-10T14:41:35.289Z,8,99.0,8,100.0,58549,4769,90.61,63031,442,8.4,63506,37,0.7,63505,15,0.29,5316,99,5263,10020,8,8
1668092095,2022-11-10 08:54:55 -0600,2a48898fdeb856cad9faba4af96e65ffbd064688,TX,48059,2,2022-11-09T01:00:00.000Z,FIPSCode,48059,0,2022-11-10T14:41:35.289Z,8,99.0,8,100.0,58549,4769,90.61,63031,442,8.4,63506,37,0.7,63505,15,0.29,5316,99,5263,10020,8,8
1668092141,2022-11-10 08:55:41 -0600,17ce61eec9163ebe8f98f10ce8916f340f93cd85,TX,48059,2,2022-11-09T01:00:00.000Z,FIPSCode,48059,0,2022-11-10T14:41:35.289Z,8,99.0,8,100.0,58549,4769,90.61,63031,442,8.4,63506,37,0.7,63505,15,0.29,5316,99,5263,10020,8,8
1668092179,2022-11-10 08:56:19 -0600,90e17ea5adcbdc46ab1a02602844204a8f524721,TX,48059,2,2022-11-09T01:00:00.000Z,FIPSCode,48059,0,2022-11-10T14:41:35.289Z,8,99.0,8,100.0,58549,4769,90.61,63031,442,8.4,63506,37,0.7,63505,15,0.29,5316,99,5263,10020,8,8
1668092223,2022-11-10 08:57:03 -0600,359c02ac4b477c11c61802e8a4cd775d5d83dbfc,TX,48059,2,2022-11-09T01:00:00.000Z,FIPSCode,48059,0,2022-11-10T14:41:35.289Z,8,99.0,8,100.0,58549,4769,90.61,63031,442,8.4,63506,37,0.7,63505,15,0.29,5316,99,5263,10020,8,8
1668092266,2022-11-10 08:57:46 -0600,f7e5e0399e3dc69f00a77d0198104f6c72290c55,TX,48059,2,2022-11-09T01:00:00.000Z,FIPSCode,48059,0,2022-11-10T14:41:35.289Z,8,99.0,8,100.0,58549,4769,90.61,63031,442,8.4,63506,37,0.7,63505,15,0.29,5316,99,5263,10020,8,8
1668092308,2022-11-10 08:58:28 -0600,3ce2858f35f55c2251236d1b941a985db055855b,TX,48059,2,2022-11-09T01:00:00.000Z,FIPSCode,48059,0,2022-11-10T14:41:35.289Z,8,99.0,8,100.0,58549,4769,90.61,63031,442,8.4,63506,37,0.7,63505,15,0.29,5316,99,5263,10020,8,8
1668092346,2022-11-10 08:59:06 -0600,0554b32678c6ba2ca4bcc7c9af2a59d349d2134f,TX,48059,2,2022-11-09T01:00:00.000Z,FIPSCode,48059,0,2022-11-10T14:41:35.289Z,8,99.0,8,100.0,58549,4769,90.61,63031,442,8.4,63506,37,0.7,63505,15,0.29,5316,99,5263,10020,8,8
1668092390,2022-11-10 08:59:50 -0600,3f408e101eeb9f31c7ed25948620b40f600e5c81,TX,48059,2,2022-11-09T01:00:00.000Z,FIPSCode,48059,0,2022-11-10T14:41:35.289Z,8,99.0,8,100.0,58549,4769,90.61,63031,442,8.4,63506,37,0.7,63505,15,0.29,5316,99,5263,10020,8,8
1668092434,2022-11-10 09:00:34 -0600,c421d1e53b5751b32bf4261f094942ffe6415e1a,TX,48059,2,2022-11-09T01:00:00.000Z,FIPSCode,48059,0,2022-11-10T14:41:35.289Z,8,99.0,8,100.0,58549,4769,90.61,63031,442,8.4,63506,37,0.7,63505,15,0.29,5316,99,5263,10020,8,8
1668092478,2022-11-10 09:01:18 -0600,54b36b7b496f3569c355c13c8d9029ac64a7047b,TX,48059,2,2022-11-09T01:00:00.000Z,FIPSCode,48059,0,2022-11-10T14:41:35.289Z,8,99.0,8,100.0,58549,4769,90.61,63031,442,8.4,63506,37,0.7,63505,15,0.29,5316,99,5263,10020,8,8
1668092519,2022-11-10 09:01:59 -0600,3399a8985bd331b8b790fc41b87273ffdaac2b6b,TX,48059,2,2022-11-09T01:00:00.000Z,FIPSCode,48059,0,2022-11-10T14:41:35.289Z,8,99.0,8,100.0,58549,4769,90.61,63031,442,8.4,63506,37,0.7,63505,15,0.29,5316,99,5263,10020,8,8
1668092562,2022-11-10 09:02:42 -0600,4e07fb88505b2db430c7a343ee1f824d8ab6fa3a,TX,48059,2,2022-11-09T01:00:00.000Z,FIPSCode,48059,0,2022-11-10T14:41:35.289Z,8,99.0,8,100.0,58549,4769,90.61,63031,442,8.4,63506,37,0.7,63505,15,0.29,5316,99,5263,10020,8,8
1668092610,2022-11-10 09:03:30 -0600,ae0fe03e8f1622f1b37fe3e7e5862d9d15581dd8,TX,48059,2,2022-11-09T01:00:00.000Z,FIPSCode,48059,0,2022-11-10T15:03:06.300Z,8,99.0,8,100.0,58549,4769,90.61,63031,442,8.4,63506,37,0.7,63505,15,0.29,5316,99,5263,10020,8,8
1668092648,2022-11-10 09:04:08 -0600,5a7b83feff40207555262dab757a957ec0433e4f,TX,48059,2,2022-11-09T01:00:00.000Z,FIPSCode,48059,0,2022-11-10T15:03:06.300Z,8,99.0,8,100.0,58549,4769,90.61,63031,442,8.4,63506,37,0.7,63505,15,0.29,5316,99,5263,10020,8,8
1668092688,2022-11-10 09:04:48 -0600,341c1811d2ec88d7499c130f5b8baf6f6aa62326,TX,48059,2,2022-11-09T01:00:00.000Z,FIPSCode,48059,0,2022-11-10T15:03:06.300Z,8,99.0,8,100.0,58549,4769,90.61,63031,442,8.4,63506,37,0.7,63505,15,0.29,5316,99,5263,10020,8,8
1668092728,2022-11-10 09:05:28 -0600,c972c6d3ce478b3c6abaecff036f1837a77fc558,TX,48059,2,2022-11-09T01:00:00.000Z,FIPSCode,48059,0,2022-11-10T15:04:32.288Z,8,99.0,8,100.0,58549,4769,90.61,63031,442,8.4,63506,37,0.7,63505,15,0.29,5316,99,5263,10020,8,8
1668092770,2022-11-10 09:06:10 -0600,f9691919c22efa28246614884ac09764938c0591,TX,48059,2,2022-11-09T01:00:00.000Z,FIPSCode,48059,0,2022-11-10T15:04:32.288Z,8,99.0,8,100.0,58549,4769,90.61,63031,442,8.4,63506,37,0.7,63505,15,0.29,5316,99,5263,10020,8,8
1668092812,2022-11-10 09:06:52 -0600,105e81fdad76af3d4d167cb8a6ce9e54d15dbd11,TX,48059,2,2022-11-09T01:00:00.000Z,FIPSCode,48059,0,2022-11-10T15:04:32.288Z,8,99.0,8,100.0,58549,4769,90.61,63031,442,8.4,63506,37,0.7,63505,15,0.29,5316,99,5263,10020,8,8
1668092858,2022-11-10 09:07:38 -0600,95990698d189dfa8b8d1e9fbf01a8de0a696b5ea,TX,48059,2,2022-11-09T01:00:00.000Z,FIPSCode,48059,0,2022-11-10T15:04:32.288Z,8,99.0,8,100.0,58549,4769,90.61,63031,442,8.4,63506,37,0.7,63505,15,0.29,5316,99,5263,10020,8,8
1668092908,2022-11-10 09:08:28 -0600,bbbae8971ed8c885ec9951072e2d1d7ad397ec93,TX,48059,2,2022-11-09T01:00:00.000Z,FIPSCode,48059,0,2022-11-10T15:04:32.288Z,8,99.0,8,100.0,58549,4769,90.61,63031,442,8.4,63506,37,0.7,63505,15,0.29,5316,99,5263,10020,8,8
1668092945,2022-11-10 09:09:05 -0600,e81365bfdfca2cb59e4995102172b0e7223c731f,TX,48059,2,2022-11-09T01:00:00.000Z,FIPSCode,48059,0,2022-11-10T15:04:32.288Z,8,99.0,8,100.0,58549,4769,90.61,63031,442,8.4,63506,37,0.7,63505,15,0.29,5316,99,5263,10020,8,8
1668092987,2022-11-10 09:09:47 -0600,b04db98ecb3582f35bce10e9bc3d25f2d3be07ba,TX,48059,2,2022-11-09T01:00:00.000Z,FIPSCode,48059,0,2022-11-10T15:04:32.288Z,8,99.0,8,100.0,58549,4769,90.61,63031,442,8.4,63506,37,0.7,63505,15,0.29,5316,99,5263,10020,8,8
1668093028,2022-11-10 09:10:28 -0600,cd3c1129c45125ee31030e71aba2851f35565463,TX,48059,2,2022-11-09T01:00:00.000Z,FIPSCode,48059,0,2022-11-10T15:04:32.288Z,8,99.0,8,100.0,58549,4769,90.61,63031,442,8.4,63506,37,0.7,63505,15,0.29,5316,99,5263,10020,8,8
1668093070,2022-11-10 09:11:10 -0600,164aeddf198f82c035a8c8bbc6aca61037fca473,TX,48059,2,2022-11-09T01:00:00.000Z,FIPSCode,48059,0,2022-11-10T15:04:32.288Z,8,99.0,8,100.0,58549,4769,90.61,63031,442,8.4,63506,37,0.7,63505,15,0.29,5316,99,5263,10020,8,8
1668093120,2022-11-10 09:12:00 -0600,676b69113e5334e35a8d77f0137d221ee675d375,TX,48059,2,2022-11-09T01:00:00.000Z,FIPSCode,48059,0,2022-11-10T15:04:32.288Z,8,99.0,8,100.0,58549,4769,90.61,63031,442,8.4,63506,37,0.7,63505,15,0.29,5316,99,5263,10020,8,8
1668093159,2022-11-10 09:12:39 -0600,376a6d10b2cb058fcde92d5f25d6889173cd3e1c,TX,48059,2,2022-11-09T01:00:00.000Z,FIPSCode,48059,0,2022-11-10T15:04:32.288Z,8,99.0,8,100.0,58549,4769,90.61,63031,442,8.4,63506,37,0.7,63505,15,0.29,5316,99,5263,10020,8,8
1668093199,2022-11-10 09:13:19 -0600,d34cd975bc45172c4643e8bc7a744bf484e0df0c,TX,48059,2,2022-11-09T01:00:00.000Z,FIPSCode,48059,0,2022-11-10T15:04:32.288Z,8,99.0,8,100.0,58549,4769,90.61,63031,442,8.4,63506,37,0.7,63505,15,0.29,5316,99,5263,10020,8,8
1668093240,2022-11-10 09:14:00 -0600,6f66bf306efdeb37e21b34bb3fa612c5c1fcb91a,TX,48059,2,2022-11-09T01:00:00.000Z,FIPSCode,48059,0,2022-11-10T15:04:32.288Z,8,99.0,8,100.0,58549,4769,90.61,63031,442,8.4,63506,37,0.7,63505,15,0.29,5316,99,5263,10020,8,8
1668093281,2022-11-10 09:14:41 -0600,5db63eae5f96be72c6beee5c1149745e8ecacd95,TX,48059,2,2022-11-09T01:00:00.000Z,FIPSCode,48059,0,2022-11-10T15:04:32.288Z,8,99.0,8,100.0,58549,4769,90.61,63031,442,8.4,63506,37,0.7,63505,15,0.29,5316,99,5263,10020,8,8
1668093325,2022-11-10 09:15:25 -0600,ec58b6cfe5dc14548e96d3117f7e5f2ef5dcd35f,TX,48059,2,2022-11-09T01:00:00.000Z,FIPSCode,48059,0,2022-11-10T15:04:32.288Z,8,99.0,8,100.0,58549,4769,90.61,63031,442,8.4,63506,37,0.7,63505,15,0.29,5316,99,5263,10020,8,8
1668093366,2022-11-10 09:16:06 -0600,b8b8bdecea92f291fb09b9568c13ade92cbc0c13,TX,48059,2,2022-11-09T01:00:00.000Z,FIPSCode,48059,0,2022-11-10T15:04:32.288Z,8,99.0,8,100.0,58549,4769,90.61,63031,442,8.4,63506,37,0.7,63505,15,0.29,5316,99,5263,10020,8,8
1668093405,2022-11-10 09:16:45 -0600,f64bc799b3f239a2f249c0e06fb71a9ba5048a65,TX,48059,2,2022-11-09T01:00:00.000Z,FIPSCode,48059,0,2022-11-10T15:04:32.288Z,8,99.0,8,100.0,58549,4769,90.61,63031,442,8.4,63506,37,0.7,63505,15,0.29,5316,99,5263,10020,8,8
1668093530,2022-11-10 09:18:50 -0600,4a65ab32f4949606ebfcdac800da899a9716b158,TX,48059,2,2022-11-09T01:00:00.000Z,FIPSCode,48059,0,2022-11-10T15:04:32.288Z,8,99.0,8,100.0,58549,4769,90.61,63031,442,8.4,63506,37,0.7,63505,15,0.29,5316,99,5263,10020,8,8
1668093572,2022-11-10 09:19:32 -0600,d04d6894e6b3c8254846a4bb12ddf585ca409264,TX,48059,2,2022-11-09T01:00:00.000Z,FIPSCode,48059,0,2022-11-10T15:04:32.288Z,8,99.0,8,100.0,58549,4769,90.61,63031,442,8.4,63506,37,0.7,63505,15,0.29,5316,99,5263,10020,8,8
1668093616,2022-11-10 09:20:16 -0600,3dee101737c4d37b164115ac2353e7d8473cad1c,TX,48059,2,2022-11-09T01:00:00.000Z,FIPSCode,48059,0,2022-11-10T15:04:32.288Z,8,99.0,8,100.0,58549,4769,90.61,63031,442,8.4,63506,37,0.7,63505,15,0.29,5316,99,5263,10020,8,8
1668093653,2022-11-10 09:20:53 -0600,174c1d3617222cdb2706065635d58bf17c353cf7,TX,48059,2,2022-11-09T01:00:00.000Z,FIPSCode,48059,0,2022-11-10T15:04:32.288Z,8,99.0,8,100.0,58549,4769,90.61,63031,442,8.4,63506,37,0.7,63505,15,0.29,5316,99,5263,10020,8,8
1668093696,2022-11-10 09:21:36 -0600,11ee6432e7f928b019d85e99cf26c1b1d01ffccb,TX,48059,2,2022-11-09T01:00:00.000Z,FIPSCode,48059,0,2022-11-10T15:04:32.288Z,8,99.0,8,100.0,58549,4769,90.61,63031,442,8.4,63506,37,0.7,63505,15,0.29,5316,99,5263,10020,8,8
1668093746,2022-11-10 09:22:26 -0600,765a9dc8db795d2054be27175bccccaa3f25f856,TX,48059,2,2022-11-09T01:00:00.000Z,FIPSCode,48059,0,2022-11-10T15:04:32.288Z,8,99.0,8,100.0,58549,4769,90.61,63031,442,8.4,63506,37,0.7,63505,15,0.29,5316,99,5263,10020,8,8
1668093785,2022-11-10 09:23:05 -0600,89347d9406fb475aa4316df40f4a9c0acb03e3fb,TX,48059,2,2022-11-09T01:00:00.000Z,FIPSCode,48059,0,2022-11-10T15:04:32.288Z,8,99.0,8,100.0,58549,4769,90.61,63031,442,8.4,63506,37,0.7,63505,15,0.29,5316,99,5263,10020,8,8
1668093826,2022-11-10 09:23:46 -0600,eb7f0279e51a67247427b6a86f2069548b05b672,TX,48059,2,2022-11-09T01:00:00.000Z,FIPSCode,48059,0,2022-11-10T15:04:32.288Z,8,99.0,8,100.0,58549,4769,90.61,63031,442,8.4,63506,37,0.7,63505,15,0.29,5316,99,5263,10020,8,8
1668093867,2022-11-10 09:24:27 -0600,9a16cea316d258eaa9aacc8c930f229af0454c01,TX,48059,2,2022-11-09T01:00:00.000Z,FIPSCode,48059,0,2022-11-10T15:04:32.288Z,8,99.0,8,100.0,58549,4769,90.61,63031,442,8.4,63506,37,0.7,63505,15,0.29,5316,99,5263,10020,8,8
1668093906,2022-11-10 09:25:06 -0600,48930793a42c8121ade3430ac348b64d2d9352b1,TX,48059,2,2022-11-09T01:00:00.000Z,FIPSCode,48059,0,2022-11-10T15:04:32.288Z,8,99.0,8,100.0,58549,4769,90.61,63031,442,8.4,63506,37,0.7,63505,15,0.29,5316,99,5263,10020,8,8
1668093949,2022-11-10 09:25:49 -0600,22d20023abe7b12bfd77ea59db191d16ded54b2b,TX,48059,2,2022-11-09T01:00:00.000Z,FIPSCode,48059,0,2022-11-10T15:04:32.288Z,8,99.0,8,100.0,58549,4769,90.61,63031,442,8.4,63506,37,0.7,63505,15,0.29,5316,99,5263,10020,8,8
1668093989,2022-11-10 09:26:29 -0600,ef198f77994117ecec2de0e8061c444cd7ae8e46,TX,48059,2,2022-11-09T01:00:00.000Z,FIPSCode,48059,0,2022-11-10T15:04:32.288Z,8,99.0,8,100.0,58549,4769,90.61,63031,442,8.4,63506,37,0.7,63505,15,0.29,5316,99,5263,10020,8,8
1668094036,2022-11-10 09:27:16 -0600,9a524362cfbdea0c1be8ac2a096dbb5873a399c9,TX,48059,2,2022-11-09T01:00:00.000Z,FIPSCode,48059,0,2022-11-10T15:04:32.288Z,8,99.0,8,100.0,58549,4769,90.61,63031,442,8.4,63506,37,0.7,63505,15,0.29,5316,99,5263,10020,8,8
1668094077,2022-11-10 09:27:57 -0600,17754e834b72323952b31a29b660e0bc1b220e30,TX,48059,2,2022-11-09T01:00:00.000Z,FIPSCode,48059,0,2022-11-10T15:04:32.288Z,8,99.0,8,100.0,58549,4769,90.61,63031,442,8.4,63506,37,0.7,63505,15,0.29,5316,99,5263,10020,8,8
1668094118,2022-11-10 09:28:38 -0600,e1370bca3adc7f48299ad8e714f525c15c280f8f,TX,48059,2,2022-11-09T01:00:00.000Z,FIPSCode,48059,0,2022-11-10T15:04:32.288Z,8,99.0,8,100.0,58549,4769,90.61,63031,442,8.4,63506,37,0.7,63505,15,0.29,5316,99,5263,10020,8,8
1668094157,2022-11-10 09:29:17 -0600,ef5252850de9410d020e443c70414c397621fe7d,TX,48059,2,2022-11-09T01:00:00.000Z,FIPSCode,48059,0,2022-11-10T15:04:32.288Z,8,99.0,8,100.0,58549,4769,90.61,63031,442,8.4,63506,37,0.7,63505,15,0.29,5316,99,5263,10020,8,8
1668094286,2022-11-10 09:31:26 -0600,89dee8869112391a995457683698353782e060ba,TX,48059,2,2022-11-09T01:00:00.000Z,FIPSCode,48059,0,2022-11-10T15:04:32.288Z,8,99.0,8,100.0,58549,4769,90.61,63031,442,8.4,63506,37,0.7,63505,15,0.29,5316,99,5263,10020,8,8
1668094328,2022-11-10 09:32:08 -0600,95e5eb4efd1485e1829ff005e97195b83f5cb2c4,TX,48059,2,2022-11-09T01:00:00.000Z,FIPSCode,48059,0,2022-11-10T15:04:32.288Z,8,99.0,8,100.0,58549,4769,90.61,63031,442,8.4,63506,37,0.7,63505,15,0.29,5316,99,5263,10020,8,8
1668094375,2022-11-10 09:32:55 -0600,7665a75f2b17fc555e0da1ca2e5e7229c8100987,TX,48059,2,2022-11-09T01:00:00.000Z,FIPSCode,48059,0,2022-11-10T15:04:32.288Z,8,99.0,8,100.0,58549,4769,90.61,63031,442,8.4,63506,37,0.7,63505,15,0.29,5316,99,5263,10020,8,8
1668094414,2022-11-10 09:33:34 -0600,8162f62ae2210a9b5df31a163c5dd7524eabc632,TX,48059,2,2022-11-09T01:00:00.000Z,FIPSCode,48059,0,2022-11-10T15:04:32.288Z,8,99.0,8,100.0,58549,4769,90.61,63031,442,8.4,63506,37,0.7,63505,15,0.29,5316,99,5263,10020,8,8
1668094456,2022-11-10 09:34:16 -0600,b678c9fe70ac1c13d7cee4dfc84e9d787715728f,TX,48059,2,2022-11-09T01:00:00.000Z,FIPSCode,48059,0,2022-11-10T15:04:32.288Z,8,99.0,8,100.0,58549,4769,90.61,63031,442,8.4,63506,37,0.7,63505,15,0.29,5316,99,5263,10020,8,8
1668094496,2022-11-10 09:34:56 -0600,7fed92a99cf43ef64d03433ef34a71950833274b,TX,48059,2,2022-11-09T01:00:00.000Z,FIPSCode,48059,0,2022-11-10T15:04:32.288Z,8,99.0,8,100.0,58549,4769,90.61,63031,442,8.4,63506,37,0.7,63505,15,0.29,5316,99,5263,10020,8,8
1668094544,2022-11-10 09:35:44 -0600,4f71c5561103590103d39c72ff9db5a08cece117,TX,48059,2,2022-11-09T01:00:00.000Z,FIPSCode,48059,0,2022-11-10T15:34:29.550Z,8,99.0,8,100.0,58549,4769,90.61,63031,442,8.4,63506,37,0.7,63505,15,0.29,5316,99,5263,10020,8,8
1668094583,2022-11-10 09:36:23 -0600,8f9201cf4585128f002d3115bf7ce238f41b53e4,TX,48059,2,2022-11-09T01:00:00.000Z,FIPSCode,48059,0,2022-11-10T15:34:29.550Z,8,99.0,8,100.0,58549,4769,90.61,63031,442,8.4,63506,37,0.7,63505,15,0.29,5316,99,5263,10020,8,8
1668094712,2022-11-10 09:38:32 -0600,a172fe54d93ab4a4428d43d26a1cde467dacf7cd,TX,48059,2,2022-11-09T01:00:00.000Z,FIPSCode,48059,0,2022-11-10T15:36:55.098Z,8,99.0,8,100.0,58549,4769,90.61,63031,442,8.4,63506,37,0.7,63505,15,0.29,5316,99,5263,10020,8,8
1668094754,2022-11-10 09:39:14 -0600,3064e94f7b24d3c0612e7a5672db08a1aee42019,TX,48059,2,2022-11-09T01:00:00.000Z,FIPSCode,48059,0,2022-11-10T15:36:55.098Z,8,99.0,8,100.0,58549,4769,90.61,63031,442,8.4,63506,37,0.7,63505,15,0.29,5316,99,5263,10020,8,8
1668094797,2022-11-10 09:39:57 -0600,a219a11a7b922515e863becdc941780efd01afd0,TX,48059,2,2022-11-09T01:00:00.000Z,FIPSCode,48059,0,2022-11-10T15:36:55.098Z,8,99.0,8,100.0,58549,4769,90.61,63031,442,8.4,63506,37,0.7,63505,15,0.29,5316,99,5263,10020,8,8
1668094839,2022-11-10 09:40:39 -0600,fb56d80d5b053d4fb7b115c5062f106ce19b1fd0,TX,48059,2,2022-11-09T01:00:00.000Z,FIPSCode,48059,0,2022-11-10T15:36:55.098Z,8,99.0,8,100.0,58549,4769,90.61,63031,442,8.4,63506,37,0.7,63505,15,0.29,5316,99,5263,10020,8,8
1668094881,2022-11-10 09:41:21 -0600,609903bf16893a7ba7c8140ba28903f5dab75d84,TX,48059,2,2022-11-09T01:00:00.000Z,FIPSCode,48059,0,2022-11-10T15:36:55.098Z,8,99.0,8,100.0,58549,4769,90.61,63031,442,8.4,63506,37,0.7,63505,15,0.29,5316,99,5263,10020,8,8
1668094924,2022-11-10 09:42:04 -0600,1967775f47010bd8f5adb085d8c8d70414a084bc,TX,48059,2,2022-11-09T01:00:00.000Z,FIPSCode,48059,0,2022-11-10T15:36:55.098Z,8,99.0,8,100.0,58549,4769,90.61,63031,442,8.4,63506,37,0.7,63505,15,0.29,5316,99,5263,10020,8,8
1668094966,2022-11-10 09:42:46 -0600,61b8b6e59f806450c4bcd9787bd99375fbb7f5a8,TX,48059,2,2022-11-09T01:00:00.000Z,FIPSCode,48059,0,2022-11-10T15:36:55.098Z,8,99.0,8,100.0,58549,4769,90.61,63031,442,8.4,63506,37,0.7,63505,15,0.29,5316,99,5263,10020,8,8
1668095010,2022-11-10 09:43:30 -0600,2dd58d486c91841c84022ff7f462c673b04d84c8,TX,48059,2,2022-11-09T01:00:00.000Z,FIPSCode,48059,0,2022-11-10T15:36:55.098Z,8,99.0,8,100.0,58549,4769,90.61,63031,442,8.4,63506,37,0.7,63505,15,0.29,5316,99,5263,10020,8,8
1668095052,2022-11-10 09:44:12 -0600,bb1e5e432bf2327427f5f778c1ca17da6101e9b9,TX,48059,2,2022-11-09T01:00:00.000Z,FIPSCode,48059,0,2022-11-10T15:36:55.098Z,8,99.0,8,100.0,58549,4769,90.61,63031,442,8.4,63506,37,0.7,63505,15,0.29,5316,99,5263,10020,8,8
1668095094,2022-11-10 09:44:54 -0600,f2e3220707d563de04b53c7d3b0c4a6e1f4f944b,TX,48059,2,2022-11-09T01:00:00.000Z,FIPSCode,48059,0,2022-11-10T15:36:55.098Z,8,99.0,8,100.0,58549,4769,90.61,63031,442,8.4,63506,37,0.7,63505,15,0.29,5316,99,5263,10020,8,8
1668095136,2022-11-10 09:45:36 -0600,f9250087ce922e2bdfe704b9e568bce54b142c3b,TX,48059,2,2022-11-09T01:00:00.000Z,FIPSCode,48059,0,2022-11-10T15:36:55.098Z,8,99.0,8,100.0,58549,4769,90.61,63031,442,8.4,63506,37,0.7,63505,15,0.29,5316,99,5263,10020,8,8
1668095178,2022-11-10 09:46:18 -0600,bdf7f37a06ba8c73455100dda956a7e26e1d677d,TX,48059,2,2022-11-09T01:00:00.000Z,FIPSCode,48059,0,2022-11-10T15:36:55.098Z,8,99.0,8,100.0,58549,4769,90.61,63031,442,8.4,63506,37,0.7,63505,15,0.29,5316,99,5263,10020,8,8
1668095224,2022-11-10 09:47:04 -0600,0e26f4c4494a8cb2aa1e14153af4857659853624,TX,48059,2,2022-11-09T01:00:00.000Z,FIPSCode,48059,0,2022-11-10T15:36:55.098Z,8,99.0,8,100.0,58549,4769,90.61,63031,442,8.4,63506,37,0.7,63505,15,0.29,5316,99,5263,10020,8,8
1668095266,2022-11-10 09:47:46 -0600,a5c037678b46bad126d87534e384c53194b76c37,TX,48059,2,2022-11-09T01:00:00.000Z,FIPSCode,48059,0,2022-11-10T15:36:55.098Z,8,99.0,8,100.0,58549,4769,90.61,63031,442,8.4,63506,37,0.7,63505,15,0.29,5316,99,5263,10020,8,8
1668095390,2022-11-10 09:49:50 -0600,be05030e9aba6f664658488e205f60afaf4ba5d7,TX,48059,2,2022-11-09T01:00:00.000Z,FIPSCode,48059,0,2022-11-10T15:36:55.098Z,8,99.0,8,100.0,58549,4769,90.61,63031,442,8.4,63506,37,0.7,63505,15,0.29,5316,99,5263,10020,8,8
1668095433,2022-11-10 09:50:33 -0600,55bf35d165776c967a250cd97a27bfb1ef836a9e,TX,48059,2,2022-11-09T01:00:00.000Z,FIPSCode,48059,0,2022-11-10T15:36:55.098Z,8,99.0,8,100.0,58549,4769,90.61,63031,442,8.4,63506,37,0.7,63505,15,0.29,5316,99,5263,10020,8,8
1668095472,2022-11-10 09:51:12 -0600,2cf7bf75bb8c5a4d90b73514a4d222343ebef9c8,TX,48059,2,2022-11-09T01:00:00.000Z,FIPSCode,48059,0,2022-11-10T15:36:55.098Z,8,99.0,8,100.0,58549,4769,90.61,63031,442,8.4,63506,37,0.7,63505,15,0.29,5316,99,5263,10020,8,8
1668095517,2022-11-10 09:51:57 -0600,3f39e4837a25f5ba633f36744be72729d36f615f,TX,48059,2,2022-11-09T01:00:00.000Z,FIPSCode,48059,0,2022-11-10T15:36:55.098Z,8,99.0,8,100.0,58549,4769,90.61,63031,442,8.4,63506,37,0.7,63505,15,0.29,5316,99,5263,10020,8,8
1668095558,2022-11-10 09:52:38 -0600,55e1d7059232b92c3d32c69202fb01055864ccfd,TX,48059,2,2022-11-09T01:00:00.000Z,FIPSCode,48059,0,2022-11-10T15:36:55.098Z,8,99.0,8,100.0,58549,4769,90.61,63031,442,8.4,63506,37,0.7,63505,15,0.29,5316,99,5263,10020,8,8
1668095598,2022-11-10 09:53:18 -0600,064783ac34ea29dae9e4b4e99f1186b2d3472f64,TX,48059,2,2022-11-09T01:00:00.000Z,FIPSCode,48059,0,2022-11-10T15:36:55.098Z,8,99.0,8,100.0,58549,4769,90.61,63031,442,8.4,63506,37,0.7,63505,15,0.29,5316,99,5263,10020,8,8
1668095647,2022-11-10 09:54:07 -0600,f3e0e43bcf61bf70c7594d8e9218d38aa7120c83,TX,48059,2,2022-11-09T01:00:00.000Z,FIPSCode,48059,0,2022-11-10T15:36:55.098Z,8,99.0,8,100.0,58549,4769,90.61,63031,442,8.4,63506,37,0.7,63505,15,0.29,5316,99,5263,10020,8,8
1668095728,2022-11-10 09:55:28 -0600,6de3e632cb6573e62e4c1ac75048a2e8a01ef587,TX,48059,2,2022-11-09T01:00:00.000Z,FIPSCode,48059,0,2022-11-10T15:54:04.591Z,8,99.0,8,100.0,58549,4769,90.61,63031,442,8.4,63506,37,0.7,63505,15,0.29,5316,99,5263,10020,8,8
1668095807,2022-11-10 09:56:47 -0600,7c89847a1081ced0040e0f0fa437a924968042ba,TX,48059,2,2022-11-09T01:00:00.000Z,FIPSCode,48059,0,2022-11-10T15:54:39.035Z,8,99.0,8,100.0,58549,4769,90.61,63031,442,8.4,63506,37,0.7,63505,15,0.29,5316,99,5263,10020,8,8
1668095890,2022-11-10 09:58:10 -0600,4b73efce7090e5cd581dc381cb5be4760b2a4508,TX,48059,2,2022-11-09T01:00:00.000Z,FIPSCode,48059,0,2022-11-10T15:54:39.035Z,8,99.0,8,100.0,58549,4769,90.61,63031,442,8.4,63506,37,0.7,63505,15,0.29,5316,99,5263,10020,8,8
1668098591,2022-11-10 10:43:11 -0600,83bd411aa2b0cf25227065c791f6d56a6e8c31ef,TX,48059,2,2022-11-09T01:00:00.000Z,FIPSCode,48059,0,2022-11-10T16:38:50.091Z,8,99.0,8,100.0,58549,4769,90.61,63031,442,8.4,63506,37,0.7,63505,15,0.29,5316,99,5263,10020,8,8
1668098631,2022-11-10 10:43:51 -0600,c54d69d515fda5b0a74f825b5adda54a9e716b13,TX,48059,2,2022-11-09T01:00:00.000Z,FIPSCode,48059,0,2022-11-10T16:38:50.091Z,8,99.0,8,100.0,58549,4769,90.61,63031,442,8.4,63506,37,0.7,63505,15,0.29,5316,99,5263,10020,8,8
1668098673,2022-11-10 10:44:33 -0600,aa57ad6aa691fffe7e370f5dc6b7aeea8579c187,TX,48059,2,2022-11-09T01:00:00.000Z,FIPSCode,48059,0,2022-11-10T16:43:50.309Z,8,99.0,8,100.0,58549,4769,90.61,63031,442,8.4,63506,37,0.7,63505,15,0.29,5316,99,5263,10020,8,8
1668098713,2022-11-10 10:45:13 -0600,8db8da59db19cd17fe927059bcbf296b296eb0c8,TX,48059,2,2022-11-09T01:00:00.000Z,FIPSCode,48059,0,2022-11-10T16:43:50.309Z,8,99.0,8,100.0,58549,4769,90.61,63031,442,8.4,63506,37,0.7,63505,15,0.29,5316,99,5263,10020,8,8
1668098756,2022-11-10 10:45:56 -0600,d5d9aaaefe4ede135aeccd2916efb2914cab932a,TX,48059,2,2022-11-09T01:00:00.000Z,FIPSCode,48059,0,2022-11-10T16:44:57.498Z,8,99.0,8,100.0,58549,4769,90.61,63031,442,8.4,63506,37,0.7,63505,15,0.29,5316,99,5263,10020,8,8
1668098883,2022-11-10 10:48:03 -0600,7b07abde7057e64bff52516b1c1bf796c48fd089,TX,48059,2,2022-11-09T01:00:00.000Z,FIPSCode,48059,0,2022-11-10T16:45:52.372Z,8,99.0,8,100.0,58549,4769,90.61,63031,442,8.4,63506,37,0.7,63505,15,0.29,5316,99,5263,10020,8,8
1668098924,2022-11-10 10:48:44 -0600,711b211c723dbfa7124ce44369bec5c73160f008,TX,48059,2,2022-11-09T01:00:00.000Z,FIPSCode,48059,0,2022-11-10T16:45:52.372Z,8,99.0,8,100.0,58549,4769,90.61,63031,442,8.4,63506,37,0.7,63505,15,0.29,5316,99,5263,10020,8,8
1668098966,2022-11-10 10:49:26 -0600,030671501d1b998ff457e230dc5937808f938f99,TX,48059,2,2022-11-09T01:00:00.000Z,FIPSCode,48059,0,2022-11-10T16:45:52.372Z,8,99.0,8,100.0,58549,4769,90.61,63031,442,8.4,63506,37,0.7,63505,15,0.29,5316,99,5263,10020,8,8
1668099007,2022-11-10 10:50:07 -0600,224da111f9f53ebb8e46e3e8ab4582682558ff6e,TX,48059,2,2022-11-09T01:00:00.000Z,FIPSCode,48059,0,2022-11-10T16:45:52.372Z,8,99.0,8,100.0,58549,4769,90.61,63031,442,8.4,63506,37,0.7,63505,15,0.29,5316,99,5263,10020,8,8
1668099050,2022-11-10 10:50:50 -0600,f5b60fa82877d53caeb6f88fda2864b34a71dcb5,TX,48059,2,2022-11-09T01:00:00.000Z,FIPSCode,48059,0,2022-11-10T16:45:52.372Z,8,99.0,8,100.0,58549,4769,90.61,63031,442,8.4,63506,37,0.7,63505,15,0.29,5316,99,5263,10020,8,8
1668099175,2022-11-10 10:52:55 -0600,4a65a0aff9f2e72db3788ed634b45ac92ed13608,TX,48059,2,2022-11-09T01:00:00.000Z,FIPSCode,48059,0,2022-11-10T16:45:52.372Z,8,99.0,8,100.0,58549,4769,90.61,63031,442,8.4,63506,37,0.7,63505,15,0.29,5316,99,5263,10020,8,8
1668099305,2022-11-10 10:55:05 -0600,5a83efb33c5b86535b9faffc296f5b112a9cef78,TX,48059,2,2022-11-09T01:00:00.000Z,FIPSCode,48059,0,2022-11-10T16:45:52.372Z,8,99.0,8,100.0,58549,4769,90.61,63031,442,8.4,63506,37,0.7,63505,15,0.29,5316,99,5263,10020,8,8
1668099346,2022-11-10 10:55:46 -0600,20e97477055347042c02a190f9865eea42557801,TX,48059,2,2022-11-09T01:00:00.000Z,FIPSCode,48059,0,2022-11-10T16:45:52.372Z,8,99.0,8,100.0,58549,4769,90.61,63031,442,8.4,63506,37,0.7,63505,15,0.29,5316,99,5263,10020,8,8
1668099388,2022-11-10 10:56:28 -0600,b20484309e81d6080fb15ceb57d64e0194075a7f,TX,48059,2,2022-11-09T01:00:00.000Z,FIPSCode,48059,0,2022-11-10T16:55:50.846Z,8,99.0,8,100.0,58549,4769,90.61,63031,442,8.4,63506,37,0.7,63505,15,0.29,5316,99,5263,10020,8,8
1668099430,2022-11-10 10:57:10 -0600,420aa9462377923ca8c643f59ddcf35af5975ec6,TX,48059,2,2022-11-09T01:00:00.000Z,FIPSCode,48059,0,2022-11-10T16:55:50.846Z,8,99.0,8,100.0,58549,4769,90.61,63031,442,8.4,63506,37,0.7,63505,15,0.29,5316,99,5263,10020,8,8
1668099471,2022-11-10 10:57:51 -0600,46d370c91b1554bc859822c7e566f7f27b3080e2,TX,48059,2,2022-11-09T01:00:00.000Z,FIPSCode,48059,0,2022-11-10T16:56:53.294Z,8,99.0,8,100.0,58549,4769,90.61,63031,442,8.4,63506,37,0.7,63505,15,0.29,5316,99,5263,10020,8,8
1668099513,2022-11-10 10:58:33 -0600,80c90d48cd7c8071c247c9767e8ba97f58b30459,TX,48059,2,2022-11-09T01:00:00.000Z,FIPSCode,48059,0,2022-11-10T16:57:55.350Z,8,99.0,8,100.0,58549,4769,90.61,63031,442,8.4,63506,37,0.7,63505,15,0.29,5316,99,5263,10020,8,8
1668099558,2022-11-10 10:59:18 -0600,3cfc5933247973ca992ad21e83ee5ea11dfeb6b1,TX,48059,2,2022-11-09T01:00:00.000Z,FIPSCode,48059,0,2022-11-10T16:58:32.201Z,8,99.0,8,100.0,58549,4769,90.61,63031,442,8.4,63506,37,0.7,63505,15,0.29,5316,99,5263,10020,8,8
1668099599,2022-11-10 10:59:59 -0600,b5645937db977377df132ab1e556dbf4f652f5b7,TX,48059,2,2022-11-09T01:00:00.000Z,FIPSCode,48059,0,2022-11-10T16:58:32.201Z,8,99.0,8,100.0,58549,4769,90.61,63031,442,8.4,63506,37,0.7,63505,15,0.29,5316,99,5263,10020,8,8
1668099641,2022-11-10 11:00:41 -0600,d01f6f99c624ed32da7e52881f8fb7c558cd8dcf,TX,48059,2,2022-11-09T01:00:00.000Z,FIPSCode,48059,0,2022-11-10T16:58:32.201Z,8,99.0,8,100.0,58549,4769,90.61,63031,442,8.4,63506,37,0.7,63505,15,0.29,5316,99,5263,10020,8,8
1668099682,2022-11-10 11:01:22 -0600,8b72ba970c2b1017ef683cfdf379073b723d0d4d,TX,48059,2,2022-11-09T01:00:00.000Z,FIPSCode,48059,0,2022-11-10T16:58:32.201Z,8,99.0,8,100.0,58549,4769,90.61,63031,442,8.4,63506,37,0.7,63505,15,0.29,5316,99,5263,10020,8,8
1668099723,2022-11-10 11:02:03 -0600,0acf03701b808f372225838175d4e270133c93d2,TX,48059,2,2022-11-09T01:00:00.000Z,FIPSCode,48059,0,2022-11-10T16:58:32.201Z,8,99.0,8,100.0,58549,4769,90.61,63031,442,8.4,63506,37,0.7,63505,15,0.29,5316,99,5263,10020,8,8
1668099765,2022-11-10 11:02:45 -0600,34eb4ee02f57274bb05d46d1cd035f83c01657e6,TX,48059,2,2022-11-09T01:00:00.000Z,FIPSCode,48059,0,2022-11-10T16:58:32.201Z,8,99.0,8,100.0,58549,4769,90.61,63031,442,8.4,63506,37,0.7,63505,15,0.29,5316,99,5263,10020,8,8
1668099806,2022-11-10 11:03:26 -0600,32472c342bd3bdecdf361b6362c56793e1bd78a0,TX,48059,2,2022-11-09T01:00:00.000Z,FIPSCode,48059,0,2022-11-10T16:58:32.201Z,8,99.0,8,100.0,58549,4769,90.61,63031,442,8.4,63506,37,0.7,63505,15,0.29,5316,99,5263,10020,8,8
1668099853,2022-11-10 11:04:13 -0600,a289553876c5fe7a9777a05c80a5ded34a7612b1,TX,48059,2,2022-11-09T01:00:00.000Z,FIPSCode,48059,0,2022-11-10T16:58:32.201Z,8,99.0,8,100.0,58549,4769,90.61,63031,442,8.4,63506,37,0.7,63505,15,0.29,5316,99,5263,10020,8,8
1668099895,2022-11-10 11:04:55 -0600,0b40ee25d1be9341fa29be70fb79d960fed60326,TX,48059,2,2022-11-09T01:00:00.000Z,FIPSCode,48059,0,2022-11-10T16:58:32.201Z,8,99.0,8,100.0,58549,4769,90.61,63031,442,8.4,63506,37,0.7,63505,15,0.29,5316,99,5263,10020,8,8
1668099934,2022-11-10 11:05:34 -0600,56c1d035311b500a97c9495522b7005619f23d72,TX,48059,2,2022-11-09T01:00:00.000Z,FIPSCode,48059,0,2022-11-10T16:58:32.201Z,8,99.0,8,100.0,58549,4769,90.61,63031,442,8.4,63506,37,0.7,63505,15,0.29,5316,99,5263,10020,8,8
1668099976,2022-11-10 11:06:16 -0600,3dd8f7efe3d0b1172355aff7151362b4cbb131ae,TX,48059,2,2022-11-09T01:00:00.000Z,FIPSCode,48059,0,2022-11-10T16:58:32.201Z,8,99.0,8,100.0,58549,4769,90.61,63031,442,8.4,63506,37,0.7,63505,15,0.29,5316,99,5263,10020,8,8
1668100018,2022-11-10 11:06:58 -0600,f71780d79d60fbd75b65b78f2792c9980da1e9b5,TX,48059,2,2022-11-09T01:00:00.000Z,FIPSCode,48059,0,2022-11-10T16:58:32.201Z,8,99.0,8,100.0,58549,4769,90.61,63031,442,8.4,63506,37,0.7,63505,15,0.29,5316,99,5263,10020,8,8
1668100059,2022-11-10 11:07:39 -0600,d85e6fd28c0dfe001f4939b8f4799125542401cb,TX,48059,2,2022-11-09T01:00:00.000Z,FIPSCode,48059,0,2022-11-10T16:58:32.201Z,8,99.0,8,100.0,58549,4769,90.61,63031,442,8.4,63506,37,0.7,63505,15,0.29,5316,99,5263,10020,8,8
1668100101,2022-11-10 11:08:21 -0600,7dcc083e31bbefb4d0b8dab546d1d1a8162b4071,TX,48059,2,2022-11-09T01:00:00.000Z,FIPSCode,48059,0,2022-11-10T16:58:32.201Z,8,99.0,8,100.0,58549,4769,90.61,63031,442,8.4,63506,37,0.7,63505,15,0.29,5316,99,5263,10020,8,8
1668100143,2022-11-10 11:09:03 -0600,891ed0b62ceeec7dc999d4c825d55728ebff0003,TX,48059,2,2022-11-09T01:00:00.000Z,FIPSCode,48059,0,2022-11-10T16:58:32.201Z,8,99.0,8,100.0,58549,4769,90.61,63031,442,8.4,63506,37,0.7,63505,15,0.29,5316,99,5263,10020,8,8
1668100188,2022-11-10 11:09:48 -0600,f7c4e856a9b378f0fb9a439450a2ce110235c1ef,TX,48059,2,2022-11-09T01:00:00.000Z,FIPSCode,48059,0,2022-11-10T16:58:32.201Z,8,99.0,8,100.0,58549,4769,90.61,63031,442,8.4,63506,37,0.7,63505,15,0.29,5316,99,5263,10020,8,8
1668117237,2022-11-10 15:53:57 -0600,a0be84b2f337108b2a882f9fff8a3f6b66cdadcb,TX,48059,2,2022-11-09T01:00:00.000Z,FIPSCode,48059,0,2022-11-10T21:40:34.612Z,8,99.0,8,100.0,58549,4769,90.61,63031,442,8.4,63506,37,0.7,63505,15,0.29,5316,99,5263,10020,8,8
1668117277,2022-11-10 15:54:37 -0600,b26f493df716939647135ca67d050ca6504e4174,TX,48059,2,2022-11-09T01:00:00.000Z,FIPSCode,48059,0,2022-11-10T21:40:34.612Z,8,99.0,8,100.0,58549,4769,90.61,63031,442,8.4,63506,37,0.7,63505,15,0.29,5316,99,5263,10020,8,8
1668117320,2022-11-10 15:55:20 -0600,ebeeb7a4a6ca9f950ace48d46ad99b78621929b1,TX,48059,2,2022-11-09T01:00:00.000Z,FIPSCode,48059,0,2022-11-10T21:40:34.612Z,8,99.0,8,100.0,58549,4769,90.61,63031,442,8.4,63506,37,0.7,63505,15,0.29,5316,99,5263,10020,8,8
1668117362,2022-11-10 15:56:02 -0600,3287c5663df924fb12ebed2fc8a1a2547fc6c5fa,TX,48059,2,2022-11-09T01:00:00.000Z,FIPSCode,48059,0,2022-11-10T21:55:32.683Z,8,99.0,8,100.0,58549,4769,90.61,63031,442,8.4,63506,37,0.7,63505,15,0.29,5316,99,5263,10020,8,8
1668117404,2022-11-10 15:56:44 -0600,816c70d411bd8911801f6a8aa50032279dfc928d,TX,48059,2,2022-11-09T01:00:00.000Z,FIPSCode,48059,0,2022-11-10T21:56:29.993Z,8,99.0,8,100.0,58549,4769,90.61,63031,442,8.4,63506,37,0.7,63505,15,0.29,5316,99,5263,10020,8,8
1668117444,2022-11-10 15:57:24 -0600,fffd9816063a1f0ca7269de018762cc643cd9685,TX,48059,2,2022-11-09T01:00:00.000Z,FIPSCode,48059,0,2022-11-10T21:56:29.993Z,8,99.0,8,100.0,58549,4769,90.61,63031,442,8.4,63506,37,0.7,63505,15,0.29,5316,99,5263,10020,8,8
1668117487,2022-11-10 15:58:07 -0600,fa0e9e771b570a676d97e8322d84a5406d850b4c,TX,48059,2,2022-11-09T01:00:00.000Z,FIPSCode,48059,0,2022-11-10T21:57:29.099Z,8,99.0,8,100.0,58549,4769,90.61,63031,442,8.4,63506,37,0.7,63505,15,0.29,5316,99,5263,10020,8,8
1668117531,2022-11-10 15:58:51 -0600,1c08e93cde0f04dbf6224a108c01d78c31da0499,TX,48059,2,2022-11-09T01:00:00.000Z,FIPSCode,48059,0,2022-11-10T21:57:29.099Z,8,99.0,8,100.0,58549,4769,90.61,63031,442,8.4,63506,37,0.7,63505,15,0.29,5316,99,5263,10020,8,8
1668117655,2022-11-10 16:00:55 -0600,ff00c779c558551c31c4fb1faf3d3579087d0301,TX,48059,2,2022-11-09T01:00:00.000Z,FIPSCode,48059,0,2022-11-10T21:58:29.967Z,8,99.0,8,100.0,58549,4769,90.61,63031,442,8.4,63506,37,0.7,63505,15,0.29,5316,99,5263,10020,8,8
1668117697,2022-11-10 16:01:37 -0600,e0dffa1854409778e393f870ac6c02677069a733,TX,48059,2,2022-11-09T01:00:00.000Z,FIPSCode,48059,0,2022-11-10T21:58:29.967Z,8,99.0,8,100.0,58549,4769,90.61,63031,442,8.4,63506,37,0.7,63505,15,0.29,5316,99,5263,10020,8,8
1668117740,2022-11-10 16:02:20 -0600,1daa5286d3da6a4296b0f892074111e01cbe20d1,TX,48059,2,2022-11-09T01:00:00.000Z,FIPSCode,48059,0,2022-11-10T21:58:29.967Z,8,99.0,8,100.0,58549,4769,90.61,63031,442,8.4,63506,37,0.7,63505,15,0.29,5316,99,5263,10020,8,8
1668117781,2022-11-10 16:03:01 -0600,a71f5c06685c4a19d9a501a818a62067b1c965f1,TX,48059,2,2022-11-09T01:00:00.000Z,FIPSCode,48059,0,2022-11-10T21:58:29.967Z,8,99.0,8,100.0,58549,4769,90.61,63031,442,8.4,63506,37,0.7,63505,15,0.29,5316,99,5263,10020,8,8
1668117823,2022-11-10 16:03:43 -0600,0ffb60f1815faebde7d80724161d5b08b68339e1,TX,48059,2,2022-11-09T01:00:00.000Z,FIPSCode,48059,0,2022-11-10T21:58:29.967Z,8,99.0,8,100.0,58549,4769,90.61,63031,442,8.4,63506,37,0.7,63505,15,0.29,5316,99,5263,10020,8,8
1668117951,2022-11-10 16:05:51 -0600,616136716518f84cfc92114bfbe9d4bc7cc421c4,TX,48059,2,2022-11-09T01:00:00.000Z,FIPSCode,48059,0,2022-11-10T22:04:55.212Z,8,99.0,8,100.0,58549,4769,90.61,63031,442,8.4,63506,37,0.7,63505,15,0.29,5316,99,5263,10020,8,8
1668117993,2022-11-10 16:06:33 -0600,fb551f24fe73f68e25234f9c188bf39c6b7e4643,TX,48059,2,2022-11-09T01:00:00.000Z,FIPSCode,48059,0,2022-11-10T22:06:11.760Z,8,99.0,8,100.0,58549,4769,90.61,63031,442,8.4,63506,37,0.7,63505,15,0.29,5316,99,5263,10020,8,8
1668118033,2022-11-10 16:07:13 -0600,82356510c84a5949d5654e62731d4d4f0421c30b,TX,48059,2,2022-11-09T01:00:00.000Z,FIPSCode,48059,0,2022-11-10T22:06:11.760Z,8,99.0,8,100.0,58549,4769,90.61,63031,442,8.4,63506,37,0.7,63505,15,0.29,5316,99,5263,10020,8,8
1668118075,2022-11-10 16:07:55 -0600,c7414ad127c54f52536a527f4c0ef07b3f40479c,TX,48059,2,2022-11-09T01:00:00.000Z,FIPSCode,48059,0,2022-11-10T22:06:11.760Z,8,99.0,8,100.0,58549,4769,90.61,63031,442,8.4,63506,37,0.7,63505,15,0.29,5316,99,5263,10020,8,8
1668118117,2022-11-10 16:08:37 -0600,aec408410f97779b2f27b3a52caa33171f393c1a,TX,48059,2,2022-11-09T01:00:00.000Z,FIPSCode,48059,0,2022-11-10T22:06:11.760Z,8,99.0,8,100.0,58549,4769,90.61,63031,442,8.4,63506,37,0.7,63505,15,0.29,5316,99,5263,10020,8,8
1668118159,2022-11-10 16:09:19 -0600,fcd7adb1e01c5c633f1d349841b53904d3c8db62,TX,48059,2,2022-11-09T01:00:00.000Z,FIPSCode,48059,0,2022-11-10T22:06:11.760Z,8,99.0,8,100.0,58549,4769,90.61,63031,442,8.4,63506,37,0.7,63505,15,0.29,5316,99,5263,10020,8,8
1668118201,2022-11-10 16:10:01 -0600,f8cf5188b160daa553482628931dbe1645a2abaf,TX,48059,2,2022-11-09T01:00:00.000Z,FIPSCode,48059,0,2022-11-10T22:06:11.760Z,8,99.0,8,100.0,58549,4769,90.61,63031,442,8.4,63506,37,0.7,63505,15,0.29,5316,99,5263,10020,8,8
1668118243,2022-11-10 16:10:43 -0600,71d68ae8685df108eb8c076ea3d81f7cedae418c,TX,48059,2,2022-11-09T01:00:00.000Z,FIPSCode,48059,0,2022-11-10T22:06:11.760Z,8,99.0,8,100.0,58549,4769,90.61,63031,442,8.4,63506,37,0.7,63505,15,0.29,5316,99,5263,10020,8,8
1668118286,2022-11-10 16:11:26 -0600,041a25d9a4a17b9f7978fd3ef6213234cc2769f2,TX,48059,2,2022-11-09T01:00:00.000Z,FIPSCode,48059,0,2022-11-10T22:06:11.760Z,8,99.0,8,100.0,58549,4769,90.61,63031,442,8.4,63506,37,0.7,63505,15,0.29,5316,99,5263,10020,8,8
1668118327,2022-11-10 16:12:07 -0600,ade45523ce6d191d403b388900b9c6e435dc0946,TX,48059,2,2022-11-09T01:00:00.000Z,FIPSCode,48059,0,2022-11-10T22:06:11.760Z,8,99.0,8,100.0,58549,4769,90.61,63031,442,8.4,63506,37,0.7,63505,15,0.29,5316,99,5263,10020,8,8
1668118369,2022-11-10 16:12:49 -0600,f421b39c8e92a5747de52528367cd1c068b050e6,TX,48059,2,2022-11-09T01:00:00.000Z,FIPSCode,48059,0,2022-11-10T22:06:11.760Z,8,99.0,8,100.0,58549,4769,90.61,63031,442,8.4,63506,37,0.7,63505,15,0.29,5316,99,5263,10020,8,8
1668118412,2022-11-10 16:13:32 -0600,4ecf80c8873e7d3586cc9c5c8be1c8b7716befdc,TX,48059,2,2022-11-09T01:00:00.000Z,FIPSCode,48059,0,2022-11-10T22:06:11.760Z,8,99.0,8,100.0,58549,4769,90.61,63031,442,8.4,63506,37,0.7,63505,15,0.29,5316,99,5263,10020,8,8
1668118454,2022-11-10 16:14:14 -0600,6c6c7c1a6a8f4a3b18ed0e46f0d00632e2b88e2b,TX,48059,2,2022-11-09T01:00:00.000Z,FIPSCode,48059,0,2022-11-10T22:06:11.760Z,8,99.0,8,100.0,58549,4769,90.61,63031,442,8.4,63506,37,0.7,63505,15,0.29,5316,99,5263,10020,8,8
1668118497,2022-11-10 16:14:57 -0600,8ec0891bd8bfae9e20f8f647cb393fc295e41525,TX,48059,2,2022-11-09T01:00:00.000Z,FIPSCode,48059,0,2022-11-10T22:06:11.760Z,8,99.0,8,100.0,58549,4769,90.61,63031,442,8.4,63506,37,0.7,63505,15,0.29,5316,99,5263,10020,8,8
1668118543,2022-11-10 16:15:43 -0600,8422bb2d69fff5059667da0a04bba8b8775603ab,TX,48059,2,2022-11-09T01:00:00.000Z,FIPSCode,48059,0,2022-11-10T22:06:11.760Z,8,99.0,8,100.0,58549,4769,90.61,63031,442,8.4,63506,37,0.7,63505,15,0.29,5316,99,5263,10020,8,8
1668118583,2022-11-10 16:16:23 -0600,e581e7807c9c6cf95da612112c568af4e4cf58a5,TX,48059,2,2022-11-09T01:00:00.000Z,FIPSCode,48059,0,2022-11-10T22:06:11.760Z,8,99.0,8,100.0,58549,4769,90.61,63031,442,8.4,63506,37,0.7,63505,15,0.29,5316,99,5263,10020,8,8
1668118625,2022-11-10 16:17:05 -0600,58cc260e98c4edb0f7a41ab71fd8e42fc6b2d101,TX,48059,2,2022-11-09T01:00:00.000Z,FIPSCode,48059,0,2022-11-10T22:06:11.760Z,8,99.0,8,100.0,58549,4769,90.61,63031,442,8.4,63506,37,0.7,63505,15,0.29,5316,99,5263,10020,8,8
1668118666,2022-11-10 16:17:46 -0600,0c5ff3d9bb399805d045bd8543d5549b54ca778c,TX,48059,2,2022-11-09T01:00:00.000Z,FIPSCode,48059,0,2022-11-10T22:06:11.760Z,8,99.0,8,100.0,58549,4769,90.61,63031,442,8.4,63506,37,0.7,63505,15,0.29,5316,99,5263,10020,8,8
1668118709,2022-11-10 16:18:29 -0600,2a67bb09e51832b4a8a866717cccdd6cab1786d5,TX,48059,2,2022-11-09T01:00:00.000Z,FIPSCode,48059,0,2022-11-10T22:06:11.760Z,8,99.0,8,100.0,58549,4769,90.61,63031,442,8.4,63506,37,0.7,63505,15,0.29,5316,99,5263,10020,8,8
1668118750,2022-11-10 16:19:10 -0600,ecf4150ab42126bc752d7e467e17263c72b7e4b0,TX,48059,2,2022-11-09T01:00:00.000Z,FIPSCode,48059,0,2022-11-10T22:06:11.760Z,8,99.0,8,100.0,58549,4769,90.61,63031,442,8.4,63506,37,0.7,63505,15,0.29,5316,99,5263,10020,8,8
1668118793,2022-11-10 16:19:53 -0600,15756e71406f3a18dad68c1c2abc679b8edf71f5,TX,48059,2,2022-11-09T01:00:00.000Z,FIPSCode,48059,0,2022-11-10T22:06:11.760Z,8,99.0,8,100.0,58549,4769,90.61,63031,442,8.4,63506,37,0.7,63505,15,0.29,5316,99,5263,10020,8,8
1668118838,2022-11-10 16:20:38 -0600,e724842cc8de0debe83b0f8d65ee00551f92f05c,TX,48059,2,2022-11-09T01:00:00.000Z,FIPSCode,48059,0,2022-11-10T22:06:11.760Z,8,99.0,8,100.0,58549,4769,90.61,63031,442,8.4,63506,37,0.7,63505,15,0.29,5316,99,5263,10020,8,8
1668118878,2022-11-10 16:21:18 -0600,b0b37230d5f65203fdd1e6bd8d8d73efb37eb97f,TX,48059,2,2022-11-09T01:00:00.000Z,FIPSCode,48059,0,2022-11-10T22:20:57.683Z,8,99.0,8,100.0,58549,4769,90.61,63031,442,8.4,63506,37,0.7,63505,15,0.29,5316,99,5263,10020,8,8
1668118922,2022-11-10 16:22:02 -0600,afdbc752db298c7b59d0485b0a373c5b6909147e,TX,48059,2,2022-11-09T01:00:00.000Z,FIPSCode,48059,0,2022-11-10T22:21:49.695Z,8,99.0,8,100.0,58549,4769,90.61,63031,442,8.4,63506,37,0.7,63505,15,0.29,5316,99,5263,10020,8,8
1668118962,2022-11-10 16:22:42 -0600,01b91a24b5503ee5092e0e404f2954fea3e766f6,TX,48059,2,2022-11-09T01:00:00.000Z,FIPSCode,48059,0,2022-11-10T22:21:49.695Z,8,99.0,8,100.0,58549,4769,90.61,63031,442,8.4,63506,37,0.7,63505,15,0.29,5316,99,5263,10020,8,8
1668119005,2022-11-10 16:23:25 -0600,9543fd0abade138dacf78203ab132eccf165190a,TX,48059,2,2022-11-09T01:00:00.000Z,FIPSCode,48059,0,2022-11-10T22:22:30.199Z,8,99.0,8,100.0,58549,4769,90.61,63031,442,8.4,63506,37,0.7,63505,15,0.29,5316,99,5263,10020,8,8
1668119047,2022-11-10 16:24:07 -0600,0343ac671e318bd4e321cf4b6b10baf682d88447,TX,48059,2,2022-11-09T01:00:00.000Z,FIPSCode,48059,0,2022-11-10T22:22:30.199Z,8,99.0,8,100.0,58549,4769,90.61,63031,442,8.4,63506,37,0.7,63505,15,0.29,5316,99,5263,10020,8,8
1668119089,2022-11-10 16:24:49 -0600,b39152ca9cfc2a676d53f102ef365b1d71efd8ef,TX,48059,2,2022-11-09T01:00:00.000Z,FIPSCode,48059,0,2022-11-10T22:23:48.968Z,8,99.0,8,100.0,58549,4769,90.61,63031,442,8.4,63506,37,0.7,63505,15,0.29,5316,99,5263,10020,8,8
1668119132,2022-11-10 16:25:32 -0600,2a25fd6104bf529fbfab6151a0f4a162c0a01c68,TX,48059,2,2022-11-09T01:00:00.000Z,FIPSCode,48059,0,2022-11-10T22:23:48.968Z,8,99.0,8,100.0,58549,4769,90.61,63031,442,8.4,63506,37,0.7,63505,15,0.29,5316,99,5263,10020,8,8
1668119173,2022-11-10 16:26:13 -0600,3aa57f0606b8a4963afe24abd2813bb4e54d256a,TX,48059,2,2022-11-09T01:00:00.000Z,FIPSCode,48059,0,2022-11-10T22:23:48.968Z,8,99.0,8,100.0,58549,4769,90.61,63031,442,8.4,63506,37,0.7,63505,15,0.29,5316,99,5263,10020,8,8
1668119215,2022-11-10 16:26:55 -0600,4d953e6024961b2edd84e21be65fe4b1c494aeb9,TX,48059,2,2022-11-09T01:00:00.000Z,FIPSCode,48059,0,2022-11-10T22:23:48.968Z,8,99.0,8,100.0,58549,4769,90.61,63031,442,8.4,63506,37,0.7,63505,15,0.29,5316,99,5263,10020,8,8
1668119341,2022-11-10 16:29:01 -0600,1a3aad005a4f256f12705703789ea61bd776f61e,TX,48059,2,2022-11-09T01:00:00.000Z,FIPSCode,48059,0,2022-11-10T22:23:48.968Z,8,99.0,8,100.0,58549,4769,90.61,63031,442,8.4,63506,37,0.7,63505,15,0.29,5316,99,5263,10020,8,8
1668119383,2022-11-10 16:29:43 -0600,ceadeb87d54eb6b192e1ddc34ca4e7f0a9c5d9ea,TX,48059,2,2022-11-09T01:00:00.000Z,FIPSCode,48059,0,2022-11-10T22:23:48.968Z,8,99.0,8,100.0,58549,4769,90.61,63031,442,8.4,63506,37,0.7,63505,15,0.29,5316,99,5263,10020,8,8
1668119424,2022-11-10 16:30:24 -0600,dc751032c69ff188205500e8c8b4522a9dbb59bd,TX,48059,2,2022-11-09T01:00:00.000Z,FIPSCode,48059,0,2022-11-10T22:23:48.968Z,8,99.0,8,100.0,58549,4769,90.61,63031,442,8.4,63506,37,0.7,63505,15,0.29,5316,99,5263,10020,8,8
1668119467,2022-11-10 16:31:07 -0600,dc330ef89b1599ab5c03de8c10d4a31a9700da0c,TX,48059,2,2022-11-09T01:00:00.000Z,FIPSCode,48059,0,2022-11-10T22:23:48.968Z,8,99.0,8,100.0,58549,4769,90.61,63031,442,8.4,63506,37,0.7,63505,15,0.29,5316,99,5263,10020,8,8
1668119510,2022-11-10 16:31:50 -0600,acc22b4646aa8f0cfce601d8a66dff06f3fdc6ec,TX,48059,2,2022-11-09T01:00:00.000Z,FIPSCode,48059,0,2022-11-10T22:23:48.968Z,8,99.0,8,100.0,58549,4769,90.61,63031,442,8.4,63506,37,0.7,63505,15,0.29,5316,99,5263,10020,8,8
1668119555,2022-11-10 16:32:35 -0600,4869d16477c3530f6c8f1334e3b75d75a9977974,TX,48059,2,2022-11-09T01:00:00.000Z,FIPSCode,48059,0,2022-11-10T22:23:48.968Z,8,99.0,8,100.0,58549,4769,90.61,63031,442,8.4,63506,37,0.7,63505,15,0.29,5316,99,5263,10020,8,8
1668119595,2022-11-10 16:33:15 -0600,cf0acd44f1fab7b961b8c37f60e7d6d835311309,TX,48059,2,2022-11-09T01:00:00.000Z,FIPSCode,48059,0,2022-11-10T22:23:48.968Z,8,99.0,8,100.0,58549,4769,90.61,63031,442,8.4,63506,37,0.7,63505,15,0.29,5316,99,5263,10020,8,8
1668119636,2022-11-10 16:33:56 -0600,8b08cdd0d5a46906ec382d1ff98dc0e31b0e5559,TX,48059,2,2022-11-09T01:00:00.000Z,FIPSCode,48059,0,2022-11-10T22:23:48.968Z,8,99.0,8,100.0,58549,4769,90.61,63031,442,8.4,63506,37,0.7,63505,15,0.29,5316,99,5263,10020,8,8
1668119677,2022-11-10 16:34:37 -0600,375d2dad7cfcd6cafe50575bde7c24fe54352452,TX,48059,2,2022-11-09T01:00:00.000Z,FIPSCode,48059,0,2022-11-10T22:23:48.968Z,8,99.0,8,100.0,58549,4769,90.61,63031,442,8.4,63506,37,0.7,63505,15,0.29,5316,99,5263,10020,8,8
1668119719,2022-11-10 16:35:19 -0600,96d47661500be4a6a513c5471bdc51230bb10b8c,TX,48059,2,2022-11-09T01:00:00.000Z,FIPSCode,48059,0,2022-11-10T22:23:48.968Z,8,99.0,8,100.0,58549,4769,90.61,63031,442,8.4,63506,37,0.7,63505,15,0.29,5316,99,5263,10020,8,8
1668119761,2022-11-10 16:36:01 -0600,4153a70aa3d7ffed9b1df2b72e7078f63ee3662c,TX,48059,2,2022-11-09T01:00:00.000Z,FIPSCode,48059,0,2022-11-10T22:23:48.968Z,8,99.0,8,100.0,58549,4769,90.61,63031,442,8.4,63506,37,0.7,63505,15,0.29,5316,99,5263,10020,8,8
1668119802,2022-11-10 16:36:42 -0600,053b3b39b932e384d0d4f090bd4b957a49a7e015,TX,48059,2,2022-11-09T01:00:00.000Z,FIPSCode,48059,0,2022-11-10T22:23:48.968Z,8,99.0,8,100.0,58549,4769,90.61,63031,442,8.4,63506,37,0.7,63505,15,0.29,5316,99,5263,10020,8,8
1668119845,2022-11-10 16:37:25 -0600,e43a8c5d5ab8bc505a1d20a305b3dfebceb129bd,TX,48059,2,2022-11-09T01:00:00.000Z,FIPSCode,48059,0,2022-11-10T22:23:48.968Z,8,99.0,8,100.0,58549,4769,90.61,63031,442,8.4,63506,37,0.7,63505,15,0.29,5316,99,5263,10020,8,8
1668119885,2022-11-10 16:38:05 -0600,09bdf3d88175785ad6168f422d503785402d2bef,TX,48059,2,2022-11-09T01:00:00.000Z,FIPSCode,48059,0,2022-11-10T22:23:48.968Z,8,99.0,8,100.0,58549,4769,90.61,63031,442,8.4,63506,37,0.7,63505,15,0.29,5316,99,5263,10020,8,8
1668119931,2022-11-10 16:38:51 -0600,a772bce200f8701c43204387247b78081874fbbf,TX,48059,2,2022-11-09T01:00:00.000Z,FIPSCode,48059,0,2022-11-10T22:23:48.968Z,8,99.0,8,100.0,58549,4769,90.61,63031,442,8.4,63506,37,0.7,63505,15,0.29,5316,99,5263,10020,8,8
1668119970,2022-11-10 16:39:30 -0600,6653463680683f9c7021a6a434ac2bf41735b906,TX,48059,2,2022-11-09T01:00:00.000Z,FIPSCode,48059,0,2022-11-10T22:23:48.968Z,8,99.0,8,100.0,58549,4769,90.61,63031,442,8.4,63506,37,0.7,63505,15,0.29,5316,99,5263,10020,8,8
1668120014,2022-11-10 16:40:14 -0600,2322589661d7ac90b59b1038480c429af176c859,TX,48059,2,2022-11-09T01:00:00.000Z,FIPSCode,48059,0,2022-11-10T22:23:48.968Z,8,99.0,8,100.0,58549,4769,90.61,63031,442,8.4,63506,37,0.7,63505,15,0.29,5316,99,5263,10020,8,8
1668120053,2022-11-10 16:40:53 -0600,bd0a28d489420a25b7d50be447c2eb47ae09114b,TX,48059,2,2022-11-09T01:00:00.000Z,FIPSCode,48059,0,2022-11-10T22:23:48.968Z,8,99.0,8,100.0,58549,4769,90.61,63031,442,8.4,63506,37,0.7,63505,15,0.29,5316,99,5263,10020,8,8
1668120095,2022-11-10 16:41:35 -0600,9d79c84871b2b6c31f22e6d1526f96c4a9f376c3,TX,48059,2,2022-11-09T01:00:00.000Z,FIPSCode,48059,0,2022-11-10T22:23:48.968Z,8,99.0,8,100.0,58549,4769,90.61,63031,442,8.4,63506,37,0.7,63505,15,0.29,5316,99,5263,10020,8,8
1668120137,2022-11-10 16:42:17 -0600,d38cba322caf2e318c84cb1cf464f36fe1507d61,TX,48059,2,2022-11-09T01:00:00.000Z,FIPSCode,48059,0,2022-11-10T22:23:48.968Z,8,99.0,8,100.0,58549,4769,90.61,63031,442,8.4,63506,37,0.7,63505,15,0.29,5316,99,5263,10020,8,8
1668120177,2022-11-10 16:42:57 -0600,84884425a7f244b66e5fcf4af84fce639b39f0d8,TX,48059,2,2022-11-09T01:00:00.000Z,FIPSCode,48059,0,2022-11-10T22:23:48.968Z,8,99.0,8,100.0,58549,4769,90.61,63031,442,8.4,63506,37,0.7,63505,15,0.29,5316,99,5263,10020,8,8
1668120223,2022-11-10 16:43:43 -0600,5be48a3c037d2d1b9411a3791a8567ed4d655fc0,TX,48059,2,2022-11-09T01:00:00.000Z,FIPSCode,48059,0,2022-11-10T22:43:29.975Z,8,99.0,8,100.0,58549,4769,90.61,63031,442,8.4,63506,37,0.7,63505,15,0.29,5316,99,5263,10020,8,8
1668120266,2022-11-10 16:44:26 -0600,a970b867315477aeba957094458646b341830fed,TX,48059,2,2022-11-09T01:00:00.000Z,FIPSCode,48059,0,2022-11-10T22:43:29.975Z,8,99.0,8,100.0,58549,4769,90.61,63031,442,8.4,63506,37,0.7,63505,15,0.29,5316,99,5263,10020,8,8
1668120311,2022-11-10 16:45:11 -0600,8878877d994dc697368a8c9bf721f630bfdb31d9,TX,48059,2,2022-11-09T01:00:00.000Z,FIPSCode,48059,0,2022-11-10T22:43:29.975Z,8,99.0,8,100.0,58549,4769,90.61,63031,442,8.4,63506,37,0.7,63505,15,0.29,5316,99,5263,10020,8,8
1668120350,2022-11-10 16:45:50 -0600,db563ef9a97d853039c5e2be016a39194cf108b2,TX,48059,2,2022-11-09T01:00:00.000Z,FIPSCode,48059,0,2022-11-10T22:44:53.533Z,8,99.0,8,100.0,58549,4769,90.61,63031,442,8.4,63506,37,0.7,63505,15,0.29,5316,99,5263,10020,8,8
1668120394,2022-11-10 16:46:34 -0600,09d7094082b40d230e52ee876f1b9ad1711c2dbb,TX,48059,2,2022-11-09T01:00:00.000Z,FIPSCode,48059,0,2022-11-10T22:44:53.533Z,8,99.0,8,100.0,58549,4769,90.61,63031,442,8.4,63506,37,0.7,63505,15,0.29,5316,99,5263,10020,8,8
1668120433,2022-11-10 16:47:13 -0600,7d9e07fdcec530bc2792d148bf4b913d064acf50,TX,48059,2,2022-11-09T01:00:00.000Z,FIPSCode,48059,0,2022-11-10T22:44:53.533Z,8,99.0,8,100.0,58549,4769,90.61,63031,442,8.4,63506,37,0.7,63505,15,0.29,5316,99,5263,10020,8,8
1668120474,2022-11-10 16:47:54 -0600,8015256161fedcaa7dd72a4e1a381213e8fe1b52,TX,48059,2,2022-11-09T01:00:00.000Z,FIPSCode,48059,0,2022-11-10T22:44:53.533Z,8,99.0,8,100.0,58549,4769,90.61,63031,442,8.4,63506,37,0.7,63505,15,0.29,5316,99,5263,10020,8,8
1668120516,2022-11-10 16:48:36 -0600,cce09d470154673d02db7fd61df7c47e65b384e9,TX,48059,2,2022-11-09T01:00:00.000Z,FIPSCode,48059,0,2022-11-10T22:44:53.533Z,8,99.0,8,100.0,58549,4769,90.61,63031,442,8.4,63506,37,0.7,63505,15,0.29,5316,99,5263,10020,8,8
1668120565,2022-11-10 16:49:25 -0600,f60b1b574785a5557bbfc6548b776b9096c47eae,TX,48059,2,2022-11-09T01:00:00.000Z,FIPSCode,48059,0,2022-11-10T22:44:53.533Z,8,99.0,8,100.0,58549,4769,90.61,63031,442,8.4,63506,37,0.7,63505,15,0.29,5316,99,5263,10020,8,8
1668120604,2022-11-10 16:50:04 -0600,d72decae99512b62e7e4b38fd26057a138c1f1cb,TX,48059,2,2022-11-09T01:00:00.000Z,FIPSCode,48059,0,2022-11-10T22:44:53.533Z,8,99.0,8,100.0,58549,4769,90.61,63031,442,8.4,63506,37,0.7,63505,15,0.29,5316,99,5263,10020,8,8
1668120645,2022-11-10 16:50:45 -0600,c1cd7b89e0daa4dbf3b4d7f9310686c744a8bf18,TX,48059,2,2022-11-09T01:00:00.000Z,FIPSCode,48059,0,2022-11-10T22:44:53.533Z,8,99.0,8,100.0,58549,4769,90.61,63031,442,8.4,63506,37,0.7,63505,15,0.29,5316,99,5263,10020,8,8
1668124690,2022-11-10 17:58:10 -0600,9c765b49f8c66153097719ed3f31367c8822f316,TX,48059,2,2022-11-09T01:00:00.000Z,FIPSCode,48059,0,2022-11-10T23:57:34.635Z,8,99.0,8,100.0,58549,4769,90.61,63031,442,8.4,63506,37,0.7,63505,15,0.29,5316,99,5263,10020,8,8
1668124733,2022-11-10 17:58:53 -0600,6a38e671ba18648eeb8b24188472c991929d2c23,TX,48059,2,2022-11-09T01:00:00.000Z,FIPSCode,48059,0,2022-11-10T23:57:59.127Z,8,99.0,8,100.0,58549,4769,90.61,63031,442,8.4,63506,37,0.7,63505,15,0.29,5316,99,5263,10020,8,8
1668124774,2022-11-10 17:59:34 -0600,fe13f64ac6086b0e7fe8bd699826ad2d61a8961c,TX,48059,2,2022-11-09T01:00:00.000Z,FIPSCode,48059,0,2022-11-10T23:57:59.127Z,8,99.0,8,100.0,58549,4769,90.61,63031,442,8.4,63506,37,0.7,63505,15,0.29,5316,99,5263,10020,8,8
1668124821,2022-11-10 18:00:21 -0600,b5b38ef762c5865817c6f89a48b10568ebac57e0,TX,48059,2,2022-11-09T01:00:00.000Z,FIPSCode,48059,0,2022-11-10T23:57:59.127Z,8,99.0,8,100.0,58549,4769,90.61,63031,442,8.4,63506,37,0.7,63505,15,0.29,5316,99,5263,10020,8,8
1668124902,2022-11-10 18:01:42 -0600,cd9cf8334d498df528100178658a6c7eec9ddfbd,TX,48059,2,2022-11-09T01:00:00.000Z,FIPSCode,48059,0,2022-11-10T23:57:59.127Z,8,99.0,8,100.0,58549,4769,90.61,63031,442,8.4,63506,37,0.7,63505,15,0.29,5316,99,5263,10020,8,8
1668125067,2022-11-10 18:04:27 -0600,e820d6d7244409514fab2d932d84db7239fb789d,TX,48059,2,2022-11-09T01:00:00.000Z,FIPSCode,48059,0,2022-11-10T23:57:59.127Z,8,99.0,8,100.0,58549,4769,90.61,63031,442,8.4,63506,37,0.7,63505,15,0.29,5316,99,5263,10020,8,8
1668125195,2022-11-10 18:06:35 -0600,7f132092628366ed9ec8fa9881a350b57801a68b,TX,48059,2,2022-11-09T01:00:00.000Z,FIPSCode,48059,0,2022-11-10T23:57:59.127Z,8,99.0,8,100.0,58549,4769,90.61,63031,442,8.4,63506,37,0.7,63505,15,0.29,5316,99,5263,10020,8,8
1668125236,2022-11-10 18:07:16 -0600,f4b09108a78890baf12183e206873dbd2aafd742,TX,48059,2,2022-11-09T01:00:00.000Z,FIPSCode,48059,0,2022-11-10T23:57:59.127Z,8,99.0,8,100.0,58549,4769,90.61,63031,442,8.4,63506,37,0.7,63505,15,0.29,5316,99,5263,10020,8,8
1668125278,2022-11-10 18:07:58 -0600,7e47315b7fb5346371ecbb9e633260aa725190f4,TX,48059,2,2022-11-09T01:00:00.000Z,FIPSCode,48059,0,2022-11-10T23:57:59.127Z,8,99.0,8,100.0,58549,4769,90.61,63031,442,8.4,63506,37,0.7,63505,15,0.29,5316,99,5263,10020,8,8
1668125319,2022-11-10 18:08:39 -0600,c33e007515b114729c07f34f008ed737dcf12a8f,TX,48059,2,2022-11-09T01:00:00.000Z,FIPSCode,48059,0,2022-11-10T23:57:59.127Z,8,99.0,8,100.0,58549,4769,90.61,63031,442,8.4,63506,37,0.7,63505,15,0.29,5316,99,5263,10020,8,8
1668125361,2022-11-10 18:09:21 -0600,e3c2ecf865b7a88313af4d9682e9926c42371c8e,TX,48059,2,2022-11-09T01:00:00.000Z,FIPSCode,48059,0,2022-11-10T23:57:59.127Z,8,99.0,8,100.0,58549,4769,90.61,63031,442,8.4,63506,37,0.7,63505,15,0.29,5316,99,5263,10020,8,8
1668125405,2022-11-10 18:10:05 -0600,bc72fb8e5b29cc7146e08433a25086f0bea918a6,TX,48059,2,2022-11-09T01:00:00.000Z,FIPSCode,48059,0,2022-11-10T23:57:59.127Z,8,99.0,8,100.0,58549,4769,90.61,63031,442,8.4,63506,37,0.7,63505,15,0.29,5316,99,5263,10020,8,8
1668125450,2022-11-10 18:10:50 -0600,b03a1ffe011e46d254f52541af2346f47f982364,TX,48059,2,2022-11-09T01:00:00.000Z,FIPSCode,48059,0,2022-11-10T23:57:59.127Z,8,99.0,8,100.0,58549,4769,90.61,63031,442,8.4,63506,37,0.7,63505,15,0.29,5316,99,5263,10020,8,8
1668125493,2022-11-10 18:11:33 -0600,9080e758569bbb7df728dcf52eb23a78116ded53,TX,48059,2,2022-11-09T01:00:00.000Z,FIPSCode,48059,0,2022-11-10T23:57:59.127Z,8,99.0,8,100.0,58549,4769,90.61,63031,442,8.4,63506,37,0.7,63505,15,0.29,5316,99,5263,10020,8,8
1668125535,2022-11-10 18:12:15 -0600,7283b8bef5bf81bfdec5daa6c8f736f547c976f7,TX,48059,2,2022-11-09T01:00:00.000Z,FIPSCode,48059,0,2022-11-10T23:57:59.127Z,8,99.0,8,100.0,58549,4769,90.61,63031,442,8.4,63506,37,0.7,63505,15,0.29,5316,99,5263,10020,8,8
1668125577,2022-11-10 18:12:57 -0600,1b8e649a6050073caa0ba0125d27e8b528fe3c96,TX,48059,2,2022-11-09T01:00:00.000Z,FIPSCode,48059,0,2022-11-10T23:57:59.127Z,8,99.0,8,100.0,58549,4769,90.61,63031,442,8.4,63506,37,0.7,63505,15,0.29,5316,99,5263,10020,8,8
1668125620,2022-11-10 18:13:40 -0600,49f5e2e752c1d5229933ddebde4a8bb3cef9f96e,TX,48059,2,2022-11-09T01:00:00.000Z,FIPSCode,48059,0,2022-11-10T23:57:59.127Z,8,99.0,8,100.0,58549,4769,90.61,63031,442,8.4,63506,37,0.7,63505,15,0.29,5316,99,5263,10020,8,8
1668125662,2022-11-10 18:14:22 -0600,aa218580f76ed13dc3a78862a685fe829d8de493,TX,48059,2,2022-11-09T01:00:00.000Z,FIPSCode,48059,0,2022-11-10T23:57:59.127Z,8,99.0,8,100.0,58549,4769,90.61,63031,442,8.4,63506,37,0.7,63505,15,0.29,5316,99,5263,10020,8,8
1668125704,2022-11-10 18:15:04 -0600,4876a684bf105e9792ea3c480cd812c4e178a953,TX,48059,2,2022-11-09T01:00:00.000Z,FIPSCode,48059,0,2022-11-10T23:57:59.127Z,8,99.0,8,100.0,58549,4769,90.61,63031,442,8.4,63506,37,0.7,63505,15,0.29,5316,99,5263,10020,8,8
1668125746,2022-11-10 18:15:46 -0600,712fa2964c90d21cac4672181890427ce60573bc,TX,48059,2,2022-11-09T01:00:00.000Z,FIPSCode,48059,0,2022-11-10T23:57:59.127Z,8,99.0,8,100.0,58549,4769,90.61,63031,442,8.4,63506,37,0.7,63505,15,0.29,5316,99,5263,10020,8,8
1668125789,2022-11-10 18:16:29 -0600,a8a65adde498e82c7fba7f7f741c2e25c07fb23c,TX,48059,2,2022-11-09T01:00:00.000Z,FIPSCode,48059,0,2022-11-10T23:57:59.127Z,8,99.0,8,100.0,58549,4769,90.61,63031,442,8.4,63506,37,0.7,63505,15,0.29,5316,99,5263,10020,8,8
1668125831,2022-11-10 18:17:11 -0600,c4b6a96345b72b0becdc92c02f94ec88e7e4a4b4,TX,48059,2,2022-11-09T01:00:00.000Z,FIPSCode,48059,0,2022-11-10T23:57:59.127Z,8,99.0,8,100.0,58549,4769,90.61,63031,442,8.4,63506,37,0.7,63505,15,0.29,5316,99,5263,10020,8,8
1668125874,2022-11-10 18:17:54 -0600,60879baf329a7dd5a71b2255087b905479a43c34,TX,48059,2,2022-11-09T01:00:00.000Z,FIPSCode,48059,0,2022-11-10T23:57:59.127Z,8,99.0,8,100.0,58549,4769,90.61,63031,442,8.4,63506,37,0.7,63505,15,0.29,5316,99,5263,10020,8,8
1668125915,2022-11-10 18:18:35 -0600,2afef8e7ccb7308abeeb3501e95851c2bbf1799e,TX,48059,2,2022-11-09T01:00:00.000Z,FIPSCode,48059,0,2022-11-10T23:57:59.127Z,8,99.0,8,100.0,58549,4769,90.61,63031,442,8.4,63506,37,0.7,63505,15,0.29,5316,99,5263,10020,8,8
1668125957,2022-11-10 18:19:17 -0600,811717e04c4da9729e417f14f2f0b2526ad81af7,TX,48059,2,2022-11-09T01:00:00.000Z,FIPSCode,48059,0,2022-11-10T23:57:59.127Z,8,99.0,8,100.0,58549,4769,90.61,63031,442,8.4,63506,37,0.7,63505,15,0.29,5316,99,5263,10020,8,8
1668125997,2022-11-10 18:19:57 -0600,b8f37f45e7c057cdc23c1d827d188e8cfa3fc75b,TX,48059,2,2022-11-09T01:00:00.000Z,FIPSCode,48059,0,2022-11-10T23:57:59.127Z,8,99.0,8,100.0,58549,4769,90.61,63031,442,8.4,63506,37,0.7,63505,15,0.29,5316,99,5263,10020,8,8
1668126040,2022-11-10 18:20:40 -0600,00a91d3479696b8af6ec9eb67bbdd0277db64cd2,TX,48059,2,2022-11-09T01:00:00.000Z,FIPSCode,48059,0,2022-11-10T23:57:59.127Z,8,99.0,8,100.0,58549,4769,90.61,63031,442,8.4,63506,37,0.7,63505,15,0.29,5316,99,5263,10020,8,8
1668126081,2022-11-10 18:21:21 -0600,c9aee3eda5bc8d7123c283718ece10c9b96c1c90,TX,48059,2,2022-11-09T01:00:00.000Z,FIPSCode,48059,0,2022-11-10T23:57:59.127Z,8,99.0,8,100.0,58549,4769,90.61,63031,442,8.4,63506,37,0.7,63505,15,0.29,5316,99,5263,10020,8,8
1668126123,2022-11-10 18:22:03 -0600,037a3bcde07d0b07830cceacd78f100f6c2f6257,TX,48059,2,2022-11-09T01:00:00.000Z,FIPSCode,48059,0,2022-11-10T23:57:59.127Z,8,99.0,8,100.0,58549,4769,90.61,63031,442,8.4,63506,37,0.7,63505,15,0.29,5316,99,5263,10020,8,8
1668126165,2022-11-10 18:22:45 -0600,05bd49f53c07a1d7a197101da313af5173114796,TX,48059,2,2022-11-09T01:00:00.000Z,FIPSCode,48059,0,2022-11-10T23:57:59.127Z,8,99.0,8,100.0,58549,4769,90.61,63031,442,8.4,63506,37,0.7,63505,15,0.29,5316,99,5263,10020,8,8
1668126207,2022-11-10 18:23:27 -0600,48879847d799c61880afe0137d07ab416b314663,TX,48059,2,2022-11-09T01:00:00.000Z,FIPSCode,48059,0,2022-11-10T23:57:59.127Z,8,99.0,8,100.0,58549,4769,90.61,63031,442,8.4,63506,37,0.7,63505,15,0.29,5316,99,5263,10020,8,8
1668126249,2022-11-10 18:24:09 -0600,d88f4d188712cdd1dc19ba3285fa0bb4b95f18bf,TX,48059,2,2022-11-09T01:00:00.000Z,FIPSCode,48059,0,2022-11-10T23:57:59.127Z,8,99.0,8,100.0,58549,4769,90.61,63031,442,8.4,63506,37,0.7,63505,15,0.29,5316,99,5263,10020,8,8
1668126291,2022-11-10 18:24:51 -0600,c04d8da779608abf4c2b759c96e1ce027dd873f0,TX,48059,2,2022-11-09T01:00:00.000Z,FIPSCode,48059,0,2022-11-10T23:57:59.127Z,8,99.0,8,100.0,58549,4769,90.61,63031,442,8.4,63506,37,0.7,63505,15,0.29,5316,99,5263,10020,8,8
1668126333,2022-11-10 18:25:33 -0600,2116dabfa3c7d3af6e40485f8731d4a02c2a03e7,TX,48059,2,2022-11-09T01:00:00.000Z,FIPSCode,48059,0,2022-11-10T23:57:59.127Z,8,99.0,8,100.0,58549,4769,90.61,63031,442,8.4,63506,37,0.7,63505,15,0.29,5316,99,5263,10020,8,8
1668126375,2022-11-10 18:26:15 -0600,f10b330346976f1b030e7f2febee72940dde8c84,TX,48059,2,2022-11-09T01:00:00.000Z,FIPSCode,48059,0,2022-11-10T23:57:59.127Z,8,99.0,8,100.0,58549,4769,90.61,63031,442,8.4,63506,37,0.7,63505,15,0.29,5316,99,5263,10020,8,8
1668126417,2022-11-10 18:26:57 -0600,1aa517c983a182b94df38f39a3671cd8c4581cc0,TX,48059,2,2022-11-09T01:00:00.000Z,FIPSCode,48059,0,2022-11-10T23:57:59.127Z,8,99.0,8,100.0,58549,4769,90.61,63031,442,8.4,63506,37,0.7,63505,15,0.29,5316,99,5263,10020,8,8
1668126458,2022-11-10 18:27:38 -0600,0395de690b00104fea4adefd8951bf39fb618532,TX,48059,2,2022-11-09T01:00:00.000Z,FIPSCode,48059,0,2022-11-10T23:57:59.127Z,8,99.0,8,100.0,58549,4769,90.61,63031,442,8.4,63506,37,0.7,63505,15,0.29,5316,99,5263,10020,8,8
1668126500,2022-11-10 18:28:20 -0600,ead211e80136568d711d293f012199a551f7af5c,TX,48059,2,2022-11-09T01:00:00.000Z,FIPSCode,48059,0,2022-11-10T23:57:59.127Z,8,99.0,8,100.0,58549,4769,90.61,63031,442,8.4,63506,37,0.7,63505,15,0.29,5316,99,5263,10020,8,8
1668126542,2022-11-10 18:29:02 -0600,4ca7b2989c30961bcea70819806f93c3bbb1e329,TX,48059,2,2022-11-09T01:00:00.000Z,FIPSCode,48059,0,2022-11-10T23:57:59.127Z,8,99.0,8,100.0,58549,4769,90.61,63031,442,8.4,63506,37,0.7,63505,15,0.29,5316,99,5263,10020,8,8
1668126584,2022-11-10 18:29:44 -0600,453141100ace421a19856331250b0b3b9ee0b7ac,TX,48059,2,2022-11-09T01:00:00.000Z,FIPSCode,48059,0,2022-11-10T23:57:59.127Z,8,99.0,8,100.0,58549,4769,90.61,63031,442,8.4,63506,37,0.7,63505,15,0.29,5316,99,5263,10020,8,8
1668126626,2022-11-10 18:30:26 -0600,27a49e6a4fec28c354ee0126d7d65bb37aadf83a,TX,48059,2,2022-11-09T01:00:00.000Z,FIPSCode,48059,0,2022-11-10T23:57:59.127Z,8,99.0,8,100.0,58549,4769,90.61,63031,442,8.4,63506,37,0.7,63505,15,0.29,5316,99,5263,10020,8,8
1668126667,2022-11-10 18:31:07 -0600,a228a812fde70232de2e96bbb6e30da5f9a51b77,TX,48059,2,2022-11-09T01:00:00.000Z,FIPSCode,48059,0,2022-11-10T23:57:59.127Z,8,99.0,8,100.0,58549,4769,90.61,63031,442,8.4,63506,37,0.7,63505,15,0.29,5316,99,5263,10020,8,8
1668126710,2022-11-10 18:31:50 -0600,3f4def6ffdee4afd920a2007cc90878a99947ee2,TX,48059,2,2022-11-09T01:00:00.000Z,FIPSCode,48059,0,2022-11-10T23:57:59.127Z,8,99.0,8,100.0,58549,4769,90.61,63031,442,8.4,63506,37,0.7,63505,15,0.29,5316,99,5263,10020,8,8
1668126753,2022-11-10 18:32:33 -0600,fac17baee2dd28eef246aa634faeff2fa7b04ae9,TX,48059,2,2022-11-09T01:00:00.000Z,FIPSCode,48059,0,2022-11-10T23:57:59.127Z,8,99.0,8,100.0,58549,4769,90.61,63031,442,8.4,63506,37,0.7,63505,15,0.29,5316,99,5263,10020,8,8
1668126794,2022-11-10 18:33:14 -0600,95630eadc7ded1f3e26b18f650e9a6e22cb77b69,TX,48059,2,2022-11-09T01:00:00.000Z,FIPSCode,48059,0,2022-11-11T00:32:31.575Z,8,99.0,8,100.0,58549,4769,90.61,63031,442,8.4,63506,37,0.7,63505,15,0.29,5316,99,5263,10020,8,8
1668126835,2022-11-10 18:33:55 -0600,766b40167bfe2088795d969ea4156cf0d919d86a,TX,48059,2,2022-11-09T01:00:00.000Z,FIPSCode,48059,0,2022-11-11T00:32:31.575Z,8,99.0,8,100.0,58549,4769,90.61,63031,442,8.4,63506,37,0.7,63505,15,0.29,5316,99,5263,10020,8,8
1668126877,2022-11-10 18:34:37 -0600,2b7c48b26d80626504cfc75d523a38d49b6c6727,TX,48059,2,2022-11-09T01:00:00.000Z,FIPSCode,48059,0,2022-11-11T00:33:52.822Z,8,99.0,8,100.0,58549,4769,90.61,63031,442,8.4,63506,37,0.7,63505,15,0.29,5316,99,5263,10020,8,8
1668126918,2022-11-10 18:35:18 -0600,89734b5ceb774290747768f844f02255052b10ff,TX,48059,2,2022-11-09T01:00:00.000Z,FIPSCode,48059,0,2022-11-11T00:34:53.343Z,8,99.0,8,100.0,58549,4769,90.61,63031,442,8.4,63506,37,0.7,63505,15,0.29,5316,99,5263,10020,8,8
1668126961,2022-11-10 18:36:01 -0600,4e8d41daa71921b511d5cfcb528853ce6cee1944,TX,48059,2,2022-11-09T01:00:00.000Z,FIPSCode,48059,0,2022-11-11T00:34:53.343Z,8,99.0,8,100.0,58549,4769,90.61,63031,442,8.4,63506,37,0.7,63505,15,0.29,5316,99,5263,10020,8,8
1668127003,2022-11-10 18:36:43 -0600,63b608c6dbfd9c01d5130d122a433612ec3af237,TX,48059,2,2022-11-09T01:00:00.000Z,FIPSCode,48059,0,2022-11-11T00:34:53.343Z,8,99.0,8,100.0,58549,4769,90.61,63031,442,8.4,63506,37,0.7,63505,15,0.29,5316,99,5263,10020,8,8
1668127044,2022-11-10 18:37:24 -0600,b05f647281fdd72bd4dd50134006332164616118,TX,48059,2,2022-11-09T01:00:00.000Z,FIPSCode,48059,0,2022-11-11T00:34:53.343Z,8,99.0,8,100.0,58549,4769,90.61,63031,442,8.4,63506,37,0.7,63505,15,0.29,5316,99,5263,10020,8,8
1668127087,2022-11-10 18:38:07 -0600,c17492421a8084f66d99e4e489bc2f6c1fb37cb7,TX,48059,2,2022-11-09T01:00:00.000Z,FIPSCode,48059,0,2022-11-11T00:34:53.343Z,8,99.0,8,100.0,58549,4769,90.61,63031,442,8.4,63506,37,0.7,63505,15,0.29,5316,99,5263,10020,8,8
1668127128,2022-11-10 18:38:48 -0600,cf33a989cf85c18b06ec5d7592c06865039a664b,TX,48059,2,2022-11-09T01:00:00.000Z,FIPSCode,48059,0,2022-11-11T00:34:53.343Z,8,99.0,8,100.0,58549,4769,90.61,63031,442,8.4,63506,37,0.7,63505,15,0.29,5316,99,5263,10020,8,8
1668127171,2022-11-10 18:39:31 -0600,d652023a810a4bca2a7c20909e3fdd79fdd1b2d4,TX,48059,2,2022-11-09T01:00:00.000Z,FIPSCode,48059,0,2022-11-11T00:38:49.287Z,8,99.0,8,100.0,58549,4769,90.61,63031,442,8.4,63506,37,0.7,63505,15,0.29,5316,99,5263,10020,8,8
1668127213,2022-11-10 18:40:13 -0600,6e137b8be7182b1a75132da2a64c32858637ad23,TX,48059,2,2022-11-09T01:00:00.000Z,FIPSCode,48059,0,2022-11-11T00:38:49.287Z,8,99.0,8,100.0,58549,4769,90.61,63031,442,8.4,63506,37,0.7,63505,15,0.29,5316,99,5263,10020,8,8
1668127255,2022-11-10 18:40:55 -0600,1812b03a1ea0b010eca4e8ced243ca00fad40732,TX,48059,2,2022-11-09T01:00:00.000Z,FIPSCode,48059,0,2022-11-11T00:38:49.287Z,8,99.0,8,100.0,58549,4769,90.61,63031,442,8.4,63506,37,0.7,63505,15,0.29,5316,99,5263,10020,8,8
1668127296,2022-11-10 18:41:36 -0600,7f836ab44efa0b74a2393355b88e9c978ddae5e7,TX,48059,2,2022-11-09T01:00:00.000Z,FIPSCode,48059,0,2022-11-11T00:40:51.108Z,8,99.0,8,100.0,58549,4769,90.61,63031,442,8.4,63506,37,0.7,63505,15,0.29,5316,99,5263,10020,8,8
1668127339,2022-11-10 18:42:19 -0600,8216fc725e6b2042730f5b7b35ef731855d5cd07,TX,48059,2,2022-11-09T01:00:00.000Z,FIPSCode,48059,0,2022-11-11T00:40:51.108Z,8,99.0,8,100.0,58549,4769,90.61,63031,442,8.4,63506,37,0.7,63505,15,0.29,5316,99,5263,10020,8,8
1668127381,2022-11-10 18:43:01 -0600,b182a5668c827b72fb08fb561461b62fbce17670,TX,48059,2,2022-11-09T01:00:00.000Z,FIPSCode,48059,0,2022-11-11T00:40:51.108Z,8,99.0,8,100.0,58549,4769,90.61,63031,442,8.4,63506,37,0.7,63505,15,0.29,5316,99,5263,10020,8,8
1668127424,2022-11-10 18:43:44 -0600,bcf8f156c42b3294a222f241642d20bb0a9e0416,TX,48059,2,2022-11-09T01:00:00.000Z,FIPSCode,48059,0,2022-11-11T00:40:51.108Z,8,99.0,8,100.0,58549,4769,90.61,63031,442,8.4,63506,37,0.7,63505,15,0.29,5316,99,5263,10020,8,8
1668127466,2022-11-10 18:44:26 -0600,a9adebb41c97ca44f8d4437dc4e179d6c8a0ce8f,TX,48059,2,2022-11-09T01:00:00.000Z,FIPSCode,48059,0,2022-11-11T00:40:51.108Z,8,99.0,8,100.0,58549,4769,90.61,63031,442,8.4,63506,37,0.7,63505,15,0.29,5316,99,5263,10020,8,8
1668127507,2022-11-10 18:45:07 -0600,1b42102816f49874e3b0b1243b629fe1e95a0e56,TX,48059,2,2022-11-09T01:00:00.000Z,FIPSCode,48059,0,2022-11-11T00:40:51.108Z,8,99.0,8,100.0,58549,4769,90.61,63031,442,8.4,63506,37,0.7,63505,15,0.29,5316,99,5263,10020,8,8
1668127549,2022-11-10 18:45:49 -0600,31f0c5389af27245cb20279cebf1e5e4ebf5774e,TX,48059,2,2022-11-09T01:00:00.000Z,FIPSCode,48059,0,2022-11-11T00:40:51.108Z,8,99.0,8,100.0,58549,4769,90.61,63031,442,8.4,63506,37,0.7,63505,15,0.29,5316,99,5263,10020,8,8
1668127592,2022-11-10 18:46:32 -0600,735ccbffbf38bafdb6abaa370af329193f6069de,TX,48059,2,2022-11-09T01:00:00.000Z,FIPSCode,48059,0,2022-11-11T00:40:51.108Z,8,99.0,8,100.0,58549,4769,90.61,63031,442,8.4,63506,37,0.7,63505,15,0.29,5316,99,5263,10020,8,8
1668127632,2022-11-10 18:47:12 -0600,5a2dcad4089e483cbf3f2c0fd356c81add0311e9,TX,48059,2,2022-11-09T01:00:00.000Z,FIPSCode,48059,0,2022-11-11T00:40:51.108Z,8,99.0,8,100.0,58549,4769,90.61,63031,442,8.4,63506,37,0.7,63505,15,0.29,5316,99,5263,10020,8,8
1668127675,2022-11-10 18:47:55 -0600,997a73dcead84928cf85d41a70b1ec02563eb188,TX,48059,2,2022-11-09T01:00:00.000Z,FIPSCode,48059,0,2022-11-11T00:40:51.108Z,8,99.0,8,100.0,58549,4769,90.61,63031,442,8.4,63506,37,0.7,63505,15,0.29,5316,99,5263,10020,8,8
1668127716,2022-11-10 18:48:36 -0600,a2480ce01c488e6e7282bbb391b9ae2d0e0df023,TX,48059,2,2022-11-09T01:00:00.000Z,FIPSCode,48059,0,2022-11-11T00:40:51.108Z,8,99.0,8,100.0,58549,4769,90.61,63031,442,8.4,63506,37,0.7,63505,15,0.29,5316,99,5263,10020,8,8
1668127757,2022-11-10 18:49:17 -0600,e7fb5bef1e60abd4388ae24f179888d78181eb67,TX,48059,2,2022-11-09T01:00:00.000Z,FIPSCode,48059,0,2022-11-11T00:40:51.108Z,8,99.0,8,100.0,58549,4769,90.61,63031,442,8.4,63506,37,0.7,63505,15,0.29,5316,99,5263,10020,8,8
1668127841,2022-11-10 18:50:41 -0600,63ec2ccec3f894ad080b2b74e31380d82c702c7e,TX,48059,2,2022-11-09T01:00:00.000Z,FIPSCode,48059,0,2022-11-11T00:40:51.108Z,8,99.0,8,100.0,58549,4769,90.61,63031,442,8.4,63506,37,0.7,63505,15,0.29,5316,99,5263,10020,8,8
1668127884,2022-11-10 18:51:24 -0600,12601806a85729b8fa010a3c1b25c0d57904a782,TX,48059,2,2022-11-09T01:00:00.000Z,FIPSCode,48059,0,2022-11-11T00:40:51.108Z,8,99.0,8,100.0,58549,4769,90.61,63031,442,8.4,63506,37,0.7,63505,15,0.29,5316,99,5263,10020,8,8
1668127925,2022-11-10 18:52:05 -0600,9fead935eae4eb9f490fc8866574df60ffe9a54a,TX,48059,2,2022-11-09T01:00:00.000Z,FIPSCode,48059,0,2022-11-11T00:40:51.108Z,8,99.0,8,100.0,58549,4769,90.61,63031,442,8.4,63506,37,0.7,63505,15,0.29,5316,99,5263,10020,8,8
1668127967,2022-11-10 18:52:47 -0600,3c5b2a802fcb962c955a24c84cb5d734254bd9f0,TX,48059,2,2022-11-09T01:00:00.000Z,FIPSCode,48059,0,2022-11-11T00:40:51.108Z,8,99.0,8,100.0,58549,4769,90.61,63031,442,8.4,63506,37,0.7,63505,15,0.29,5316,99,5263,10020,8,8
1668128009,2022-11-10 18:53:29 -0600,7c9523f45b6bbe496b275d3070de6567a9849824,TX,48059,2,2022-11-09T01:00:00.000Z,FIPSCode,48059,0,2022-11-11T00:40:51.108Z,8,99.0,8,100.0,58549,4769,90.61,63031,442,8.4,63506,37,0.7,63505,15,0.29,5316,99,5263,10020,8,8
1668128050,2022-11-10 18:54:10 -0600,992b136954b5548f6d42c0ae04f18e8c36131c99,TX,48059,2,2022-11-09T01:00:00.000Z,FIPSCode,48059,0,2022-11-11T00:40:51.108Z,8,99.0,8,100.0,58549,4769,90.61,63031,442,8.4,63506,37,0.7,63505,15,0.29,5316,99,5263,10020,8,8
1668128092,2022-11-10 18:54:52 -0600,e1dbd21604a09a26bb21ca6ea22cab9ff86cd407,TX,48059,2,2022-11-09T01:00:00.000Z,FIPSCode,48059,0,2022-11-11T00:40:51.108Z,8,99.0,8,100.0,58549,4769,90.61,63031,442,8.4,63506,37,0.7,63505,15,0.29,5316,99,5263,10020,8,8
1668128133,2022-11-10 18:55:33 -0600,ded10af39abb6d8fed3cb9e7a69189572354e2ac,TX,48059,2,2022-11-09T01:00:00.000Z,FIPSCode,48059,0,2022-11-11T00:40:51.108Z,8,99.0,8,100.0,58549,4769,90.61,63031,442,8.4,63506,37,0.7,63505,15,0.29,5316,99,5263,10020,8,8
1668128176,2022-11-10 18:56:16 -0600,fc18b90a8af15a7882b64d8fa0ebdbfbfda681b3,TX,48059,2,2022-11-09T01:00:00.000Z,FIPSCode,48059,0,2022-11-11T00:40:51.108Z,8,99.0,8,100.0,58549,4769,90.61,63031,442,8.4,63506,37,0.7,63505,15,0.29,5316,99,5263,10020,8,8
1668128217,2022-11-10 18:56:57 -0600,6db9a87bc6bfeb8582452ddad174f967a290d5f5,TX,48059,2,2022-11-09T01:00:00.000Z,FIPSCode,48059,0,2022-11-11T00:40:51.108Z,8,99.0,8,100.0,58549,4769,90.61,63031,442,8.4,63506,37,0.7,63505,15,0.29,5316,99,5263,10020,8,8
1668128258,2022-11-10 18:57:38 -0600,c52c5ecfae4f2bfec61e0c9cdb622262309f8f00,TX,48059,2,2022-11-09T01:00:00.000Z,FIPSCode,48059,0,2022-11-11T00:40:51.108Z,8,99.0,8,100.0,58549,4769,90.61,63031,442,8.4,63506,37,0.7,63505,15,0.29,5316,99,5263,10020,8,8
1668128300,2022-11-10 18:58:20 -0600,723af1441302adf57f792f00b1770c200484f374,TX,48059,2,2022-11-09T01:00:00.000Z,FIPSCode,48059,0,2022-11-11T00:40:51.108Z,8,99.0,8,100.0,58549,4769,90.61,63031,442,8.4,63506,37,0.7,63505,15,0.29,5316,99,5263,10020,8,8
1668128345,2022-11-10 18:59:05 -0600,4046effca5d47432c61d0ad3e8f7e186ecf30fe7,TX,48059,2,2022-11-09T01:00:00.000Z,FIPSCode,48059,0,2022-11-11T00:40:51.108Z,8,99.0,8,100.0,58549,4769,90.61,63031,442,8.4,63506,37,0.7,63505,15,0.29,5316,99,5263,10020,8,8
1668128467,2022-11-10 19:01:07 -0600,528e73c2093df2b3c6c5bf45e75a81f8db3f799f,TX,48059,2,2022-11-09T01:00:00.000Z,FIPSCode,48059,0,2022-11-11T00:40:51.108Z,8,99.0,8,100.0,58549,4769,90.61,63031,442,8.4,63506,37,0.7,63505,15,0.29,5316,99,5263,10020,8,8
1668128510,2022-11-10 19:01:50 -0600,6961e37c2c55c45e9f0b05502436865a2f5344bf,TX,48059,2,2022-11-09T01:00:00.000Z,FIPSCode,48059,0,2022-11-11T00:40:51.108Z,8,99.0,8,100.0,58549,4769,90.61,63031,442,8.4,63506,37,0.7,63505,15,0.29,5316,99,5263,10020,8,8
1668128553,2022-11-10 19:02:33 -0600,cf3b12c85c3964940819ec2575de5f1fda017ec6,TX,48059,2,2022-11-09T01:00:00.000Z,FIPSCode,48059,0,2022-11-11T00:40:51.108Z,8,99.0,8,100.0,58549,4769,90.61,63031,442,8.4,63506,37,0.7,63505,15,0.29,5316,99,5263,10020,8,8
1668128594,2022-11-10 19:03:14 -0600,67b18e047b4c1078a21a9261ce478bbbf1d914f8,TX,48059,2,2022-11-09T01:00:00.000Z,FIPSCode,48059,0,2022-11-11T00:40:51.108Z,8,99.0,8,100.0,58549,4769,90.61,63031,442,8.4,63506,37,0.7,63505,15,0.29,5316,99,5263,10020,8,8
1668128638,2022-11-10 19:03:58 -0600,a7970ec5f57f50664f6eb41dc7886381a02fa415,TX,48059,2,2022-11-09T01:00:00.000Z,FIPSCode,48059,0,2022-11-11T00:40:51.108Z,8,99.0,8,100.0,58549,4769,90.61,63031,442,8.4,63506,37,0.7,63505,15,0.29,5316,99,5263,10020,8,8
1668128680,2022-11-10 19:04:40 -0600,831740f7e99d8f4eb82d7fd9184f00b4bf71eb1b,TX,48059,2,2022-11-09T01:00:00.000Z,FIPSCode,48059,0,2022-11-11T00:40:51.108Z,8,99.0,8,100.0,58549,4769,90.61,63031,442,8.4,63506,37,0.7,63505,15,0.29,5316,99,5263,10020,8,8
1668128723,2022-11-10 19:05:23 -0600,ac964235da8dc3ac8ef7c69e9b2908c113cc4927,TX,48059,2,2022-11-09T01:00:00.000Z,FIPSCode,48059,0,2022-11-11T00:40:51.108Z,8,99.0,8,100.0,58549,4769,90.61,63031,442,8.4,63506,37,0.7,63505,15,0.29,5316,99,5263,10020,8,8
1668128763,2022-11-10 19:06:03 -0600,960ac767bbd075ca2c841bc5533f4f4ae1775d85,TX,48059,2,2022-11-09T01:00:00.000Z,FIPSCode,48059,0,2022-11-11T00:40:51.108Z,8,99.0,8,100.0,58549,4769,90.61,63031,442,8.4,63506,37,0.7,63505,15,0.29,5316,99,5263,10020,8,8
1668128805,2022-11-10 19:06:45 -0600,90c8b5602da19a2774c09886d0f12db07995ff7b,TX,48059,2,2022-11-09T01:00:00.000Z,FIPSCode,48059,0,2022-11-11T00:40:51.108Z,8,99.0,8,100.0,58549,4769,90.61,63031,442,8.4,63506,37,0.7,63505,15,0.29,5316,99,5263,10020,8,8
1668128847,2022-11-10 19:07:27 -0600,f57eeb279c31740e18a85136f928ccd7557c4c1c,TX,48059,2,2022-11-09T01:00:00.000Z,FIPSCode,48059,0,2022-11-11T00:40:51.108Z,8,99.0,8,100.0,58549,4769,90.61,63031,442,8.4,63506,37,0.7,63505,15,0.29,5316,99,5263,10020,8,8
1668128887,2022-11-10 19:08:07 -0600,db49610b5e3054cf56a221c4ff20ec7d505b8569,TX,48059,2,2022-11-09T01:00:00.000Z,FIPSCode,48059,0,2022-11-11T00:40:51.108Z,8,99.0,8,100.0,58549,4769,90.61,63031,442,8.4,63506,37,0.7,63505,15,0.29,5316,99,5263,10020,8,8
1668128934,2022-11-10 19:08:54 -0600,8271fe22b75e5c1580aed463ae7187c39c3d6934,TX,48059,2,2022-11-09T01:00:00.000Z,FIPSCode,48059,0,2022-11-11T00:40:51.108Z,8,99.0,8,100.0,58549,4769,90.61,63031,442,8.4,63506,37,0.7,63505,15,0.29,5316,99,5263,10020,8,8
1668128973,2022-11-10 19:09:33 -0600,2e53ab5acfcc869a61c1fa0b9ade340ba866c6b6,TX,48059,2,2022-11-09T01:00:00.000Z,FIPSCode,48059,0,2022-11-11T00:40:51.108Z,8,99.0,8,100.0,58549,4769,90.61,63031,442,8.4,63506,37,0.7,63505,15,0.29,5316,99,5263,10020,8,8
1668129015,2022-11-10 19:10:15 -0600,ece7490ee7e1627b0b2eeb9cf4462b2e8b083657,TX,48059,2,2022-11-09T01:00:00.000Z,FIPSCode,48059,0,2022-11-11T00:40:51.108Z,8,99.0,8,100.0,58549,4769,90.61,63031,442,8.4,63506,37,0.7,63505,15,0.29,5316,99,5263,10020,8,8
1668129267,2022-11-10 19:14:27 -0600,c1a56134959b142144f176e005fcb3939763a8e1,TX,48059,2,2022-11-09T01:00:00.000Z,FIPSCode,48059,0,2022-11-11T00:40:51.108Z,8,99.0,8,100.0,58549,4769,90.61,63031,442,8.4,63506,37,0.7,63505,15,0.29,5316,99,5263,10020,8,8
1668129308,2022-11-10 19:15:08 -0600,2365d8ce8eeafb81e7cee2bfde7ce17ffd013635,TX,48059,2,2022-11-09T01:00:00.000Z,FIPSCode,48059,0,2022-11-11T00:40:51.108Z,8,99.0,8,100.0,58549,4769,90.61,63031,442,8.4,63506,37,0.7,63505,15,0.29,5316,99,5263,10020,8,8
1668129353,2022-11-10 19:15:53 -0600,780d58b2110156b5aea0c51401d556af16bf3b45,TX,48059,2,2022-11-09T01:00:00.000Z,FIPSCode,48059,0,2022-11-11T00:40:51.108Z,8,99.0,8,100.0,58549,4769,90.61,63031,442,8.4,63506,37,0.7,63505,15,0.29,5316,99,5263,10020,8,8
1668129394,2022-11-10 19:16:34 -0600,a74af6a9d299eebe2d5f981c590a818532a1f334,TX,48059,2,2022-11-09T01:00:00.000Z,FIPSCode,48059,0,2022-11-11T00:40:51.108Z,8,99.0,8,100.0,58549,4769,90.61,63031,442,8.4,63506,37,0.7,63505,15,0.29,5316,99,5263,10020,8,8
1668129436,2022-11-10 19:17:16 -0600,870a8de5b6d146e9229edf38127836bc0ff402de,TX,48059,2,2022-11-09T01:00:00.000Z,FIPSCode,48059,0,2022-11-11T00:40:51.108Z,8,99.0,8,100.0,58549,4769,90.61,63031,442,8.4,63506,37,0.7,63505,15,0.29,5316,99,5263,10020,8,8
1668129478,2022-11-10 19:17:58 -0600,bac8b53f8dab81541f136e2799083584aa488f91,TX,48059,2,2022-11-09T01:00:00.000Z,FIPSCode,48059,0,2022-11-11T00:40:51.108Z,8,99.0,8,100.0,58549,4769,90.61,63031,442,8.4,63506,37,0.7,63505,15,0.29,5316,99,5263,10020,8,8
1668129520,2022-11-10 19:18:40 -0600,759e3188944673a2d1596481b2649d1d2f7ff089,TX,48059,2,2022-11-09T01:00:00.000Z,FIPSCode,48059,0,2022-11-11T00:40:51.108Z,8,99.0,8,100.0,58549,4769,90.61,63031,442,8.4,63506,37,0.7,63505,15,0.29,5316,99,5263,10020,8,8
1668129562,2022-11-10 19:19:22 -0600,7545222e68f009e1dc81d70b47c2894c555a47c5,TX,48059,2,2022-11-09T01:00:00.000Z,FIPSCode,48059,0,2022-11-11T00:40:51.108Z,8,99.0,8,100.0,58549,4769,90.61,63031,442,8.4,63506,37,0.7,63505,15,0.29,5316,99,5263,10020,8,8
1668129604,2022-11-10 19:20:04 -0600,d9049aa3a06a8ed6c025225e96b653902a675eb6,TX,48059,2,2022-11-09T01:00:00.000Z,FIPSCode,48059,0,2022-11-11T00:40:51.108Z,8,99.0,8,100.0,58549,4769,90.61,63031,442,8.4,63506,37,0.7,63505,15,0.29,5316,99,5263,10020,8,8
1668129645,2022-11-10 19:20:45 -0600,ce15509d1838bbfe0e3e4b27f4bd3afc6bb63292,TX,48059,2,2022-11-09T01:00:00.000Z,FIPSCode,48059,0,2022-11-11T00:40:51.108Z,8,99.0,8,100.0,58549,4769,90.61,63031,442,8.4,63506,37,0.7,63505,15,0.29,5316,99,5263,10020,8,8
1668129686,2022-11-10 19:21:26 -0600,709b4431416cbf8c2ae1a141f1af267d04ca463a,TX,48059,2,2022-11-09T01:00:00.000Z,FIPSCode,48059,0,2022-11-11T00:40:51.108Z,8,99.0,8,100.0,58549,4769,90.61,63031,442,8.4,63506,37,0.7,63505,15,0.29,5316,99,5263,10020,8,8
1668129729,2022-11-10 19:22:09 -0600,0c4844dde34a486799b31f81e91a5c94cad86243,TX,48059,2,2022-11-09T01:00:00.000Z,FIPSCode,48059,0,2022-11-11T00:40:51.108Z,8,99.0,8,100.0,58549,4769,90.61,63031,442,8.4,63506,37,0.7,63505,15,0.29,5316,99,5263,10020,8,8
1668129769,2022-11-10 19:22:49 -0600,d6b2bd6b039cc848be10c9431ecdfb5e24ab60fe,TX,48059,2,2022-11-09T01:00:00.000Z,FIPSCode,48059,0,2022-11-11T00:40:51.108Z,8,99.0,8,100.0,58549,4769,90.61,63031,442,8.4,63506,37,0.7,63505,15,0.29,5316,99,5263,10020,8,8
1668129812,2022-11-10 19:23:32 -0600,35aa8cd437e5f56db5f3a95763b16453b88d0541,TX,48059,2,2022-11-09T01:00:00.000Z,FIPSCode,48059,0,2022-11-11T00:40:51.108Z,8,99.0,8,100.0,58549,4769,90.61,63031,442,8.4,63506,37,0.7,63505,15,0.29,5316,99,5263,10020,8,8
1668129852,2022-11-10 19:24:12 -0600,1b259a8caf68cba4757b4593967833e1bb79c119,TX,48059,2,2022-11-09T01:00:00.000Z,FIPSCode,48059,0,2022-11-11T00:40:51.108Z,8,99.0,8,100.0,58549,4769,90.61,63031,442,8.4,63506,37,0.7,63505,15,0.29,5316,99,5263,10020,8,8
1668129894,2022-11-10 19:24:54 -0600,2e9fcc3e75f6da15b02935823952975d95e0fb81,TX,48059,2,2022-11-09T01:00:00.000Z,FIPSCode,48059,0,2022-11-11T00:40:51.108Z,8,99.0,8,100.0,58549,4769,90.61,63031,442,8.4,63506,37,0.7,63505,15,0.29,5316,99,5263,10020,8,8
1668129934,2022-11-10 19:25:34 -0600,eabda2ab5300e72f729db6edcdbd803e3053a989,TX,48059,2,2022-11-09T01:00:00.000Z,FIPSCode,48059,0,2022-11-11T00:40:51.108Z,8,99.0,8,100.0,58549,4769,90.61,63031,442,8.4,63506,37,0.7,63505,15,0.29,5316,99,5263,10020,8,8
1668129976,2022-11-10 19:26:16 -0600,65dcc311c533a902e40a2a1abd6a74c75eba49dd,TX,48059,2,2022-11-09T01:00:00.000Z,FIPSCode,48059,0,2022-11-11T00:40:51.108Z,8,99.0,8,100.0,58549,4769,90.61,63031,442,8.4,63506,37,0.7,63505,15,0.29,5316,99,5263,10020,8,8
1668130022,2022-11-10 19:27:02 -0600,3cf8587862b3eb117c1cd2a9b4822a5b279dd13a,TX,48059,2,2022-11-09T01:00:00.000Z,FIPSCode,48059,0,2022-11-11T00:40:51.108Z,8,99.0,8,100.0,58549,4769,90.61,63031,442,8.4,63506,37,0.7,63505,15,0.29,5316,99,5263,10020,8,8
1668130062,2022-11-10 19:27:42 -0600,262aabc8ead0faae3d5b836704dd8f53be5871e4,TX,48059,2,2022-11-09T01:00:00.000Z,FIPSCode,48059,0,2022-11-11T00:40:51.108Z,8,99.0,8,100.0,58549,4769,90.61,63031,442,8.4,63506,37,0.7,63505,15,0.29,5316,99,5263,10020,8,8
1668130104,2022-11-10 19:28:24 -0600,e815c2488ade265be98d30e5fb78aef712dff319,TX,48059,2,2022-11-09T01:00:00.000Z,FIPSCode,48059,0,2022-11-11T00:40:51.108Z,8,99.0,8,100.0,58549,4769,90.61,63031,442,8.4,63506,37,0.7,63505,15,0.29,5316,99,5263,10020,8,8
1668130145,2022-11-10 19:29:05 -0600,98ea731a109add7fbd21265528fd0073f50cbed9,TX,48059,2,2022-11-09T01:00:00.000Z,FIPSCode,48059,0,2022-11-11T00:40:51.108Z,8,99.0,8,100.0,58549,4769,90.61,63031,442,8.4,63506,37,0.7,63505,15,0.29,5316,99,5263,10020,8,8
1668130186,2022-11-10 19:29:46 -0600,7742fd440a76ace08f6ea442eeebc7561f4decf2,TX,48059,2,2022-11-09T01:00:00.000Z,FIPSCode,48059,0,2022-11-11T00:40:51.108Z,8,99.0,8,100.0,58549,4769,90.61,63031,442,8.4,63506,37,0.7,63505,15,0.29,5316,99,5263,10020,8,8
1668130228,2022-11-10 19:30:28 -0600,55bc3d39e780daf1e4e136ff0e7a898adf6018eb,TX,48059,2,2022-11-09T01:00:00.000Z,FIPSCode,48059,0,2022-11-11T00:40:51.108Z,8,99.0,8,100.0,58549,4769,90.61,63031,442,8.4,63506,37,0.7,63505,15,0.29,5316,99,5263,10020,8,8
1668130271,2022-11-10 19:31:11 -0600,af8511e806fb7c5de1011d3764b51d660b94d847,TX,48059,2,2022-11-09T01:00:00.000Z,FIPSCode,48059,0,2022-11-11T00:40:51.108Z,8,99.0,8,100.0,58549,4769,90.61,63031,442,8.4,63506,37,0.7,63505,15,0.29,5316,99,5263,10020,8,8
1668130318,2022-11-10 19:31:58 -0600,828ceb0c2848e573b3d8602fe3b366efc367311f,TX,48059,2,2022-11-09T01:00:00.000Z,FIPSCode,48059,0,2022-11-11T00:40:51.108Z,8,99.0,8,100.0,58549,4769,90.61,63031,442,8.4,63506,37,0.7,63505,15,0.29,5316,99,5263,10020,8,8
1668130442,2022-11-10 19:34:02 -0600,fc4e388f149905b6c84a115db19cfaffd194ffa1,TX,48059,2,2022-11-09T01:00:00.000Z,FIPSCode,48059,0,2022-11-11T00:40:51.108Z,8,99.0,8,100.0,58549,4769,90.61,63031,442,8.4,63506,37,0.7,63505,15,0.29,5316,99,5263,10020,8,8
1668130485,2022-11-10 19:34:45 -0600,f23c52e639331e28968cf8a5b9fbec027e7966ed,TX,48059,2,2022-11-09T01:00:00.000Z,FIPSCode,48059,0,2022-11-11T00:40:51.108Z,8,99.0,8,100.0,58549,4769,90.61,63031,442,8.4,63506,37,0.7,63505,15,0.29,5316,99,5263,10020,8,8
1668130525,2022-11-10 19:35:25 -0600,0a17532259e369df7dd6ca39ccc35e294db608e6,TX,48059,2,2022-11-09T01:00:00.000Z,FIPSCode,48059,0,2022-11-11T00:40:51.108Z,8,99.0,8,100.0,58549,4769,90.61,63031,442,8.4,63506,37,0.7,63505,15,0.29,5316,99,5263,10020,8,8
1668130567,2022-11-10 19:36:07 -0600,bd45e0b88bd6e40ce988ada235c2acd28087d88a,TX,48059,2,2022-11-09T01:00:00.000Z,FIPSCode,48059,0,2022-11-11T00:40:51.108Z,8,99.0,8,100.0,58549,4769,90.61,63031,442,8.4,63506,37,0.7,63505,15,0.29,5316,99,5263,10020,8,8
1668130611,2022-11-10 19:36:51 -0600,3895c6b1c0dcbe91ba2cc96b1beace125bc4e57f,TX,48059,2,2022-11-09T01:00:00.000Z,FIPSCode,48059,0,2022-11-11T00:40:51.108Z,8,99.0,8,100.0,58549,4769,90.61,63031,442,8.4,63506,37,0.7,63505,15,0.29,5316,99,5263,10020,8,8
1668130662,2022-11-10 19:37:42 -0600,a1401f9f084a48432675a3dee0d21565fd6f0687,TX,48059,2,2022-11-09T01:00:00.000Z,FIPSCode,48059,0,2022-11-11T00:40:51.108Z,8,99.0,8,100.0,58549,4769,90.61,63031,442,8.4,63506,37,0.7,63505,15,0.29,5316,99,5263,10020,8,8
1668130703,2022-11-10 19:38:23 -0600,e189a9641517e0817cdd6abbee39c55cd8c1c00a,TX,48059,2,2022-11-09T01:00:00.000Z,FIPSCode,48059,0,2022-11-11T00:40:51.108Z,8,99.0,8,100.0,58549,4769,90.61,63031,442,8.4,63506,37,0.7,63505,15,0.29,5316,99,5263,10020,8,8
1668130746,2022-11-10 19:39:06 -0600,283834424c78374f60fd6bb1512d10297d47aef2,TX,48059,2,2022-11-09T01:00:00.000Z,FIPSCode,48059,0,2022-11-11T00:40:51.108Z,8,99.0,8,100.0,58549,4769,90.61,63031,442,8.4,63506,37,0.7,63505,15,0.29,5316,99,5263,10020,8,8
1668130788,2022-11-10 19:39:48 -0600,a202e8e88f30436d1903b62d09c51eda366d031e,TX,48059,2,2022-11-09T01:00:00.000Z,FIPSCode,48059,0,2022-11-11T00:40:51.108Z,8,99.0,8,100.0,58549,4769,90.61,63031,442,8.4,63506,37,0.7,63505,15,0.29,5316,99,5263,10020,8,8
1668130830,2022-11-10 19:40:30 -0600,4a41f009b64f1b38ba1a5b4be3182931ce380762,TX,48059,2,2022-11-09T01:00:00.000Z,FIPSCode,48059,0,2022-11-11T00:40:51.108Z,8,99.0,8,100.0,58549,4769,90.61,63031,442,8.4,63506,37,0.7,63505,15,0.29,5316,99,5263,10020,8,8
1668130873,2022-11-10 19:41:13 -0600,a25a1d194736cca4fe375a78de7e5ff8f37f9308,TX,48059,2,2022-11-09T01:00:00.000Z,FIPSCode,48059,0,2022-11-11T00:40:51.108Z,8,99.0,8,100.0,58549,4769,90.61,63031,442,8.4,63506,37,0.7,63505,15,0.29,5316,99,5263,10020,8,8
1668130914,2022-11-10 19:41:54 -0600,148b5ae04c6f9e4b1fc861c6004be315bb9fb42d,TX,48059,2,2022-11-09T01:00:00.000Z,FIPSCode,48059,0,2022-11-11T00:40:51.108Z,8,99.0,8,100.0,58549,4769,90.61,63031,442,8.4,63506,37,0.7,63505,15,0.29,5316,99,5263,10020,8,8
1668130957,2022-11-10 19:42:37 -0600,25c730f228ffcbe1ca719d356d872c71ed08c4cd,TX,48059,2,2022-11-09T01:00:00.000Z,FIPSCode,48059,0,2022-11-11T00:40:51.108Z,8,99.0,8,100.0,58549,4769,90.61,63031,442,8.4,63506,37,0.7,63505,15,0.29,5316,99,5263,10020,8,8
1668130998,2022-11-10 19:43:18 -0600,94c377f8c62819e4707d811afd7ed371d8fd1fd5,TX,48059,2,2022-11-09T01:00:00.000Z,FIPSCode,48059,0,2022-11-11T00:40:51.108Z,8,99.0,8,100.0,58549,4769,90.61,63031,442,8.4,63506,37,0.7,63505,15,0.29,5316,99,5263,10020,8,8
1668131042,2022-11-10 19:44:02 -0600,d9b60f5b799db08e2f2bb7c20ed3cae30d1d9a5d,TX,48059,2,2022-11-09T01:00:00.000Z,FIPSCode,48059,0,2022-11-11T00:40:51.108Z,8,99.0,8,100.0,58549,4769,90.61,63031,442,8.4,63506,37,0.7,63505,15,0.29,5316,99,5263,10020,8,8
1668131083,2022-11-10 19:44:43 -0600,2c6d9b5ec68a1c2232d60c7e3cc383a2c948af40,TX,48059,2,2022-11-09T01:00:00.000Z,FIPSCode,48059,0,2022-11-11T00:40:51.108Z,8,99.0,8,100.0,58549,4769,90.61,63031,442,8.4,63506,37,0.7,63505,15,0.29,5316,99,5263,10020,8,8
1668131126,2022-11-10 19:45:26 -0600,e00c76664c49bf5361c57952a8f2a1447e41517b,TX,48059,2,2022-11-09T01:00:00.000Z,FIPSCode,48059,0,2022-11-11T00:40:51.108Z,8,99.0,8,100.0,58549,4769,90.61,63031,442,8.4,63506,37,0.7,63505,15,0.29,5316,99,5263,10020,8,8
1668131168,2022-11-10 19:46:08 -0600,93bee0e6bf0140e5bbe9c8473c21184eea7b5e31,TX,48059,2,2022-11-09T01:00:00.000Z,FIPSCode,48059,0,2022-11-11T00:40:51.108Z,8,99.0,8,100.0,58549,4769,90.61,63031,442,8.4,63506,37,0.7,63505,15,0.29,5316,99,5263,10020,8,8
1668131210,2022-11-10 19:46:50 -0600,c2e62f67ec7150589f524bcac1fdde61997ef209,TX,48059,2,2022-11-09T01:00:00.000Z,FIPSCode,48059,0,2022-11-11T00:40:51.108Z,8,99.0,8,100.0,58549,4769,90.61,63031,442,8.4,63506,37,0.7,63505,15,0.29,5316,99,5263,10020,8,8
1668131255,2022-11-10 19:47:35 -0600,5e08d11e142fcbf231b74491d22c671e8ca70991,TX,48059,2,2022-11-09T01:00:00.000Z,FIPSCode,48059,0,2022-11-11T00:40:51.108Z,8,99.0,8,100.0,58549,4769,90.61,63031,442,8.4,63506,37,0.7,63505,15,0.29,5316,99,5263,10020,8,8
1668131294,2022-11-10 19:48:14 -0600,78a604b5cc9bd4bbf2c82280640ae5bff690fa48,TX,48059,2,2022-11-09T01:00:00.000Z,FIPSCode,48059,0,2022-11-11T00:40:51.108Z,8,99.0,8,100.0,58549,4769,90.61,63031,442,8.4,63506,37,0.7,63505,15,0.29,5316,99,5263,10020,8,8
1668131338,2022-11-10 19:48:58 -0600,7cdcd799d48fc7b28238648faa9f094159a8b4db,TX,48059,2,2022-11-09T01:00:00.000Z,FIPSCode,48059,0,2022-11-11T00:40:51.108Z,8,99.0,8,100.0,58549,4769,90.61,63031,442,8.4,63506,37,0.7,63505,15,0.29,5316,99,5263,10020,8,8
1668131380,2022-11-10 19:49:40 -0600,39fb6043e7916648a9f217456bd08474a70f8728,TX,48059,2,2022-11-09T01:00:00.000Z,FIPSCode,48059,0,2022-11-11T00:40:51.108Z,8,99.0,8,100.0,58549,4769,90.61,63031,442,8.4,63506,37,0.7,63505,15,0.29,5316,99,5263,10020,8,8
1668131423,2022-11-10 19:50:23 -0600,592351bcc0b2ebb2dfdc91bde60efa8d7eab216a,TX,48059,2,2022-11-09T01:00:00.000Z,FIPSCode,48059,0,2022-11-11T00:40:51.108Z,8,99.0,8,100.0,58549,4769,90.61,63031,442,8.4,63506,37,0.7,63505,15,0.29,5316,99,5263,10020,8,8
1668131465,2022-11-10 19:51:05 -0600,ac74028f8a7f4060b3a7232fc6bacbf7a0c28577,TX,48059,2,2022-11-09T01:00:00.000Z,FIPSCode,48059,0,2022-11-11T00:40:51.108Z,8,99.0,8,100.0,58549,4769,90.61,63031,442,8.4,63506,37,0.7,63505,15,0.29,5316,99,5263,10020,8,8
1668131508,2022-11-10 19:51:48 -0600,fac47a5cf886202582fd4ff4ea7d3c168e119495,TX,48059,2,2022-11-09T01:00:00.000Z,FIPSCode,48059,0,2022-11-11T00:40:51.108Z,8,99.0,8,100.0,58549,4769,90.61,63031,442,8.4,63506,37,0.7,63505,15,0.29,5316,99,5263,10020,8,8
1668131550,2022-11-10 19:52:30 -0600,34c1b23e00a6a8f54485877476b3534b26d0e05c,TX,48059,2,2022-11-09T01:00:00.000Z,FIPSCode,48059,0,2022-11-11T00:40:51.108Z,8,99.0,8,100.0,58549,4769,90.61,63031,442,8.4,63506,37,0.7,63505,15,0.29,5316,99,5263,10020,8,8
1668131592,2022-11-10 19:53:12 -0600,c48bd8f21119f781226a7c5e24b17e97d9560248,TX,48059,2,2022-11-09T01:00:00.000Z,FIPSCode,48059,0,2022-11-11T00:40:51.108Z,8,99.0,8,100.0,58549,4769,90.61,63031,442,8.4,63506,37,0.7,63505,15,0.29,5316,99,5263,10020,8,8
1668131635,2022-11-10 19:53:55 -0600,6dbd3a8a318f0721ab193bc7ebdb634bede50b16,TX,48059,2,2022-11-09T01:00:00.000Z,FIPSCode,48059,0,2022-11-11T00:40:51.108Z,8,99.0,8,100.0,58549,4769,90.61,63031,442,8.4,63506,37,0.7,63505,15,0.29,5316,99,5263,10020,8,8
1668131677,2022-11-10 19:54:37 -0600,b480c80f04ceab49f93baf935f02f872e05c3a9f,TX,48059,2,2022-11-09T01:00:00.000Z,FIPSCode,48059,0,2022-11-11T00:40:51.108Z,8,99.0,8,100.0,58549,4769,90.61,63031,442,8.4,63506,37,0.7,63505,15,0.29,5316,99,5263,10020,8,8
1668131720,2022-11-10 19:55:20 -0600,8c2b41ccc2e43cd6285605ba2c2a2a6301daeb75,TX,48059,2,2022-11-09T01:00:00.000Z,FIPSCode,48059,0,2022-11-11T01:54:55.462Z,8,99.0,8,100.0,58549,4769,90.61,63031,442,8.4,63506,37,0.7,63505,15,0.29,5316,99,5263,10020,8,8
1668131763,2022-11-10 19:56:03 -0600,69e8a790a4c7a4c2b745ed17e2ba37bff3a768ee,TX,48059,2,2022-11-09T01:00:00.000Z,FIPSCode,48059,0,2022-11-11T01:54:55.462Z,8,99.0,8,100.0,58549,4769,90.61,63031,442,8.4,63506,37,0.7,63505,15,0.29,5316,99,5263,10020,8,8
1668131805,2022-11-10 19:56:45 -0600,39cd7118fac0c51ac667112fbf8caab8077fdfc4,TX,48059,2,2022-11-09T01:00:00.000Z,FIPSCode,48059,0,2022-11-11T01:54:55.462Z,8,99.0,8,100.0,58549,4769,90.61,63031,442,8.4,63506,37,0.7,63505,15,0.29,5316,99,5263,10020,8,8
1668131846,2022-11-10 19:57:26 -0600,51b6321ed65cc2806e1b6e51cd2b2d170e59e0d0,TX,48059,2,2022-11-09T01:00:00.000Z,FIPSCode,48059,0,2022-11-11T01:56:31.197Z,8,99.0,8,100.0,58549,4769,90.61,63031,442,8.4,63506,37,0.7,63505,15,0.29,5316,99,5263,10020,8,8
1668131889,2022-11-10 19:58:09 -0600,dbafa472312649e16759256f2e93b0361f99dcca,TX,48059,2,2022-11-09T01:00:00.000Z,FIPSCode,48059,0,2022-11-11T01:56:31.197Z,8,99.0,8,100.0,58549,4769,90.61,63031,442,8.4,63506,37,0.7,63505,15,0.29,5316,99,5263,10020,8,8
1668131931,2022-11-10 19:58:51 -0600,c602ab9e05caf1d0902b64b70a6e6a65924fe5a1,TX,48059,2,2022-11-09T01:00:00.000Z,FIPSCode,48059,0,2022-11-11T01:56:31.197Z,8,99.0,8,100.0,58549,4769,90.61,63031,442,8.4,63506,37,0.7,63505,15,0.29,5316,99,5263,10020,8,8
1668131973,2022-11-10 19:59:33 -0600,fff7eb0b4ea9728e5801da10bf6ca5aa97e786aa,TX,48059,2,2022-11-09T01:00:00.000Z,FIPSCode,48059,0,2022-11-11T01:56:31.197Z,8,99.0,8,100.0,58549,4769,90.61,63031,442,8.4,63506,37,0.7,63505,15,0.29,5316,99,5263,10020,8,8
1668132015,2022-11-10 20:00:15 -0600,94a5438860e05d58a72c50709de3b3a26cd66387,TX,48059,2,2022-11-09T01:00:00.000Z,FIPSCode,48059,0,2022-11-11T01:56:31.197Z,8,99.0,8,100.0,58549,4769,90.61,63031,442,8.4,63506,37,0.7,63505,15,0.29,5316,99,5263,10020,8,8
1668132059,2022-11-10 20:00:59 -0600,ff61223a1a6c892d9f942413f7132d00f5fc6019,TX,48059,2,2022-11-09T01:00:00.000Z,FIPSCode,48059,0,2022-11-11T01:56:31.197Z,8,99.0,8,100.0,58549,4769,90.61,63031,442,8.4,63506,37,0.7,63505,15,0.29,5316,99,5263,10020,8,8
1668132100,2022-11-10 20:01:40 -0600,425e2e625f3255f03ffe7660e068c295d39d2201,TX,48059,2,2022-11-09T01:00:00.000Z,FIPSCode,48059,0,2022-11-11T01:56:31.197Z,8,99.0,8,100.0,58549,4769,90.61,63031,442,8.4,63506,37,0.7,63505,15,0.29,5316,99,5263,10020,8,8
1668132142,2022-11-10 20:02:22 -0600,f7a339043cce61e25a02cbec1b753be08364ff35,TX,48059,2,2022-11-09T01:00:00.000Z,FIPSCode,48059,0,2022-11-11T01:56:31.197Z,8,99.0,8,100.0,58549,4769,90.61,63031,442,8.4,63506,37,0.7,63505,15,0.29,5316,99,5263,10020,8,8
1668132184,2022-11-10 20:03:04 -0600,29b6a6cbfa3fdf185996b1e0c3a72529dcc5fce2,TX,48059,2,2022-11-09T01:00:00.000Z,FIPSCode,48059,0,2022-11-11T01:56:31.197Z,8,99.0,8,100.0,58549,4769,90.61,63031,442,8.4,63506,37,0.7,63505,15,0.29,5316,99,5263,10020,8,8
1668132226,2022-11-10 20:03:46 -0600,8487dda9be8dfab35461e1c6b2a71d408aa0f9da,TX,48059,2,2022-11-09T01:00:00.000Z,FIPSCode,48059,0,2022-11-11T01:56:31.197Z,8,99.0,8,100.0,58549,4769,90.61,63031,442,8.4,63506,37,0.7,63505,15,0.29,5316,99,5263,10020,8,8
1668132268,2022-11-10 20:04:28 -0600,36bccb042251917fa001b4c34071a8f0b3130a89,TX,48059,2,2022-11-09T01:00:00.000Z,FIPSCode,48059,0,2022-11-11T02:03:49.254Z,8,99.0,8,100.0,58549,4769,90.61,63031,442,8.4,63506,37,0.7,63505,15,0.29,5316,99,5263,10020,8,8
1668132310,2022-11-10 20:05:10 -0600,ced871ce0ca148e9abecbdb8f33854d7ca537514,TX,48059,2,2022-11-09T01:00:00.000Z,FIPSCode,48059,0,2022-11-11T02:04:53.724Z,8,99.0,8,100.0,58549,4769,90.61,63031,442,8.4,63506,37,0.7,63505,15,0.29,5316,99,5263,10020,8,8
1668132352,2022-11-10 20:05:52 -0600,3394fe45fae52c158ad0ced733a3a5d2204a1279,TX,48059,2,2022-11-09T01:00:00.000Z,FIPSCode,48059,0,2022-11-11T02:04:53.724Z,8,99.0,8,100.0,58549,4769,90.61,63031,442,8.4,63506,37,0.7,63505,15,0.29,5316,99,5263,10020,8,8
1668132394,2022-11-10 20:06:34 -0600,9b72209142fb5e30dcf65c5a49838b12a47b6b6c,TX,48059,2,2022-11-09T01:00:00.000Z,FIPSCode,48059,0,2022-11-11T02:05:51.679Z,8,99.0,8,100.0,58549,4769,90.61,63031,442,8.4,63506,37,0.7,63505,15,0.29,5316,99,5263,10020,8,8
1668132436,2022-11-10 20:07:16 -0600,930d1f48378fdc2d0662857a6854aba84834b1c5,TX,48059,2,2022-11-09T01:00:00.000Z,FIPSCode,48059,0,2022-11-11T02:05:51.679Z,8,99.0,8,100.0,58549,4769,90.61,63031,442,8.4,63506,37,0.7,63505,15,0.29,5316,99,5263,10020,8,8
1668132481,2022-11-10 20:08:01 -0600,0cadc7a8352f0d474b3ea4eff9b37ad96161df83,TX,48059,2,2022-11-09T01:00:00.000Z,FIPSCode,48059,0,2022-11-11T02:05:51.679Z,8,99.0,8,100.0,58549,4769,90.61,63031,442,8.4,63506,37,0.7,63505,15,0.29,5316,99,5263,10020,8,8
1668132522,2022-11-10 20:08:42 -0600,0b4b346e30049eda23b061a9506dd43f2cef2100,TX,48059,2,2022-11-09T01:00:00.000Z,FIPSCode,48059,0,2022-11-11T02:05:51.679Z,8,99.0,8,100.0,58549,4769,90.61,63031,442,8.4,63506,37,0.7,63505,15,0.29,5316,99,5263,10020,8,8
1668132565,2022-11-10 20:09:25 -0600,fd2904757d5cedf5d84c86ec384b8ca60d4c753c,TX,48059,2,2022-11-09T01:00:00.000Z,FIPSCode,48059,0,2022-11-11T02:05:51.679Z,8,99.0,8,100.0,58549,4769,90.61,63031,442,8.4,63506,37,0.7,63505,15,0.29,5316,99,5263,10020,8,8
1668132606,2022-11-10 20:10:06 -0600,efe4f4668a41b79327c0008acbd48734c3e22bca,TX,48059,2,2022-11-09T01:00:00.000Z,FIPSCode,48059,0,2022-11-11T02:05:51.679Z,8,99.0,8,100.0,58549,4769,90.61,63031,442,8.4,63506,37,0.7,63505,15,0.29,5316,99,5263,10020,8,8
1668132649,2022-11-10 20:10:49 -0600,158557a71859a290774b36930f1ce22648cf9b50,TX,48059,2,2022-11-09T01:00:00.000Z,FIPSCode,48059,0,2022-11-11T02:05:51.679Z,8,99.0,8,100.0,58549,4769,90.61,63031,442,8.4,63506,37,0.7,63505,15,0.29,5316,99,5263,10020,8,8
1668132693,2022-11-10 20:11:33 -0600,897c04edf06be40faeefa5b6bcb1ef49e2a59b78,TX,48059,2,2022-11-09T01:00:00.000Z,FIPSCode,48059,0,2022-11-11T02:05:51.679Z,8,99.0,8,100.0,58549,4769,90.61,63031,442,8.4,63506,37,0.7,63505,15,0.29,5316,99,5263,10020,8,8
1668132735,2022-11-10 20:12:15 -0600,607353833a466eb57af22c34f46031eea9e6d814,TX,48059,2,2022-11-09T01:00:00.000Z,FIPSCode,48059,0,2022-11-11T02:05:51.679Z,8,99.0,8,100.0,58549,4769,90.61,63031,442,8.4,63506,37,0.7,63505,15,0.29,5316,99,5263,10020,8,8
1668132778,2022-11-10 20:12:58 -0600,a6ba9704d7063ce981d5bd8c2c33cad4bdd5ed03,TX,48059,2,2022-11-09T01:00:00.000Z,FIPSCode,48059,0,2022-11-11T02:05:51.679Z,8,99.0,8,100.0,58549,4769,90.61,63031,442,8.4,63506,37,0.7,63505,15,0.29,5316,99,5263,10020,8,8
1668132819,2022-11-10 20:13:39 -0600,3b6bf65d45878eada899d10f6c024470c85b89e3,TX,48059,2,2022-11-09T01:00:00.000Z,FIPSCode,48059,0,2022-11-11T02:05:51.679Z,8,99.0,8,100.0,58549,4769,90.61,63031,442,8.4,63506,37,0.7,63505,15,0.29,5316,99,5263,10020,8,8
1668132862,2022-11-10 20:14:22 -0600,1891bd39f242f7a0a696f89bf10a7ae19116da5a,TX,48059,2,2022-11-09T01:00:00.000Z,FIPSCode,48059,0,2022-11-11T02:05:51.679Z,8,99.0,8,100.0,58549,4769,90.61,63031,442,8.4,63506,37,0.7,63505,15,0.29,5316,99,5263,10020,8,8
1668132904,2022-11-10 20:15:04 -0600,fd2f984898005bb9d91adb0155cdf296302c13b2,TX,48059,2,2022-11-09T01:00:00.000Z,FIPSCode,48059,0,2022-11-11T02:05:51.679Z,8,99.0,8,100.0,58549,4769,90.61,63031,442,8.4,63506,37,0.7,63505,15,0.29,5316,99,5263,10020,8,8
1668132946,2022-11-10 20:15:46 -0600,f6f6c73050cef4d4bca0e150fdd5060571b5a016,TX,48059,2,2022-11-09T01:00:00.000Z,FIPSCode,48059,0,2022-11-11T02:05:51.679Z,8,99.0,8,100.0,58549,4769,90.61,63031,442,8.4,63506,37,0.7,63505,15,0.29,5316,99,5263,10020,8,8
1668132988,2022-11-10 20:16:28 -0600,e7bd45670392bb69ab5b1134685d038d08b891ea,TX,48059,2,2022-11-09T01:00:00.000Z,FIPSCode,48059,0,2022-11-11T02:05:51.679Z,8,99.0,8,100.0,58549,4769,90.61,63031,442,8.4,63506,37,0.7,63505,15,0.29,5316,99,5263,10020,8,8
1668133031,2022-11-10 20:17:11 -0600,eb6fec73adf9d569072eb62a47f6260743bbe72f,TX,48059,2,2022-11-09T01:00:00.000Z,FIPSCode,48059,0,2022-11-11T02:05:51.679Z,8,99.0,8,100.0,58549,4769,90.61,63031,442,8.4,63506,37,0.7,63505,15,0.29,5316,99,5263,10020,8,8
1668133074,2022-11-10 20:17:54 -0600,261cbd821395071d0518afe23060274194b0103f,TX,48059,2,2022-11-09T01:00:00.000Z,FIPSCode,48059,0,2022-11-11T02:05:51.679Z,8,99.0,8,100.0,58549,4769,90.61,63031,442,8.4,63506,37,0.7,63505,15,0.29,5316,99,5263,10020,8,8
1668133116,2022-11-10 20:18:36 -0600,0afbd92d669eebbd0d2aee2c9eee0189b219dcd8,TX,48059,2,2022-11-09T01:00:00.000Z,FIPSCode,48059,0,2022-11-11T02:05:51.679Z,8,99.0,8,100.0,58549,4769,90.61,63031,442,8.4,63506,37,0.7,63505,15,0.29,5316,99,5263,10020,8,8
1668133159,2022-11-10 20:19:19 -0600,428daa23d8dee24a8d4e7c79569b2f1f3408139c,TX,48059,2,2022-11-09T01:00:00.000Z,FIPSCode,48059,0,2022-11-11T02:05:51.679Z,8,99.0,8,100.0,58549,4769,90.61,63031,442,8.4,63506,37,0.7,63505,15,0.29,5316,99,5263,10020,8,8
1668133203,2022-11-10 20:20:03 -0600,fd6fd9baee009e8f9ab2dbfe762e147dd28acac1,TX,48059,2,2022-11-09T01:00:00.000Z,FIPSCode,48059,0,2022-11-11T02:05:51.679Z,8,99.0,8,100.0,58549,4769,90.61,63031,442,8.4,63506,37,0.7,63505,15,0.29,5316,99,5263,10020,8,8
1668133245,2022-11-10 20:20:45 -0600,1d10c4ad4b4920ad4487c55de852cc25fde4a4ee,TX,48059,2,2022-11-09T01:00:00.000Z,FIPSCode,48059,0,2022-11-11T02:05:51.679Z,8,99.0,8,100.0,58549,4769,90.61,63031,442,8.4,63506,37,0.7,63505,15,0.29,5316,99,5263,10020,8,8
1668133288,2022-11-10 20:21:28 -0600,518f66fc51081ddf6ce51ff8227aa087c535c663,TX,48059,2,2022-11-09T01:00:00.000Z,FIPSCode,48059,0,2022-11-11T02:05:51.679Z,8,99.0,8,100.0,58549,4769,90.61,63031,442,8.4,63506,37,0.7,63505,15,0.29,5316,99,5263,10020,8,8
1668133330,2022-11-10 20:22:10 -0600,9df1a389fdf1292fdf5db68c8b6816b8d3a9549f,TX,48059,2,2022-11-09T01:00:00.000Z,FIPSCode,48059,0,2022-11-11T02:05:51.679Z,8,99.0,8,100.0,58549,4769,90.61,63031,442,8.4,63506,37,0.7,63505,15,0.29,5316,99,5263,10020,8,8
1668133374,2022-11-10 20:22:54 -0600,34c5589da9adb7d949f3af9c4eea6967b94b777c,TX,48059,2,2022-11-09T01:00:00.000Z,FIPSCode,48059,0,2022-11-11T02:05:51.679Z,8,99.0,8,100.0,58549,4769,90.61,63031,442,8.4,63506,37,0.7,63505,15,0.29,5316,99,5263,10020,8,8
1668133415,2022-11-10 20:23:35 -0600,9ab84c3b311625d296cc5201a49c0b135bd15389,TX,48059,2,2022-11-09T01:00:00.000Z,FIPSCode,48059,0,2022-11-11T02:05:51.679Z,8,99.0,8,100.0,58549,4769,90.61,63031,442,8.4,63506,37,0.7,63505,15,0.29,5316,99,5263,10020,8,8
1668133457,2022-11-10 20:24:17 -0600,6c911e6292906384e2526d07bcdb2611242e91a6,TX,48059,2,2022-11-09T01:00:00.000Z,FIPSCode,48059,0,2022-11-11T02:05:51.679Z,8,99.0,8,100.0,58549,4769,90.61,63031,442,8.4,63506,37,0.7,63505,15,0.29,5316,99,5263,10020,8,8
1668133500,2022-11-10 20:25:00 -0600,eb0a06e37d9f88691c6b2409c7199f42be53d599,TX,48059,2,2022-11-09T01:00:00.000Z,FIPSCode,48059,0,2022-11-11T02:05:51.679Z,8,99.0,8,100.0,58549,4769,90.61,63031,442,8.4,63506,37,0.7,63505,15,0.29,5316,99,5263,10020,8,8
1668133546,2022-11-10 20:25:46 -0600,e01bd60a1f24d766f827eccdbfe2328baa06f184,TX,48059,2,2022-11-09T01:00:00.000Z,FIPSCode,48059,0,2022-11-11T02:05:51.679Z,8,99.0,8,100.0,58549,4769,90.61,63031,442,8.4,63506,37,0.7,63505,15,0.29,5316,99,5263,10020,8,8
1668133587,2022-11-10 20:26:27 -0600,248b26729931918ffab9c921834cb9b377dce5ab,TX,48059,2,2022-11-09T01:00:00.000Z,FIPSCode,48059,0,2022-11-11T02:05:51.679Z,8,99.0,8,100.0,58549,4769,90.61,63031,442,8.4,63506,37,0.7,63505,15,0.29,5316,99,5263,10020,8,8
1668133630,2022-11-10 20:27:10 -0600,a67254b88951357df48cdcd69c6ce58c8f8a6db3,TX,48059,2,2022-11-09T01:00:00.000Z,FIPSCode,48059,0,2022-11-11T02:05:51.679Z,8,99.0,8,100.0,58549,4769,90.61,63031,442,8.4,63506,37,0.7,63505,15,0.29,5316,99,5263,10020,8,8
1668133673,2022-11-10 20:27:53 -0600,a06068ccb0e8d01f929f598f1ade2c03109b8eb3,TX,48059,2,2022-11-09T01:00:00.000Z,FIPSCode,48059,0,2022-11-11T02:05:51.679Z,8,99.0,8,100.0,58549,4769,90.61,63031,442,8.4,63506,37,0.7,63505,15,0.29,5316,99,5263,10020,8,8
1668133715,2022-11-10 20:28:35 -0600,cfc25eb9e7dd584a36f1f1e1f335b9554bfee17b,TX,48059,2,2022-11-09T01:00:00.000Z,FIPSCode,48059,0,2022-11-11T02:27:28.906Z,8,99.0,8,100.0,58549,4769,90.61,63031,442,8.4,63506,37,0.7,63505,15,0.29,5316,99,5263,10020,8,8
1668133757,2022-11-10 20:29:17 -0600,fdc52428744267524d03f664165a9db503b77c5a,TX,48059,2,2022-11-09T01:00:00.000Z,FIPSCode,48059,0,2022-11-11T02:28:52.746Z,8,99.0,8,100.0,58549,4769,90.61,63031,442,8.4,63506,37,0.7,63505,15,0.29,5316,99,5263,10020,8,8
1668133799,2022-11-10 20:29:59 -0600,ba924871a2ab8daf40073fb7ba719d40d14d95ed,TX,48059,2,2022-11-09T01:00:00.000Z,FIPSCode,48059,0,2022-11-11T02:28:52.746Z,8,99.0,8,100.0,58549,4769,90.61,63031,442,8.4,63506,37,0.7,63505,15,0.29,5316,99,5263,10020,8,8
1668133842,2022-11-10 20:30:42 -0600,9b68cdcc1aa17dc04b137717f9dfac493a72f574,TX,48059,2,2022-11-09T01:00:00.000Z,FIPSCode,48059,0,2022-11-11T02:28:52.746Z,8,99.0,8,100.0,58549,4769,90.61,63031,442,8.4,63506,37,0.7,63505,15,0.29,5316,99,5263,10020,8,8
1668133885,2022-11-10 20:31:25 -0600,7df2e737585c595574ee2f4d82c95e4b20213040,TX,48059,2,2022-11-09T01:00:00.000Z,FIPSCode,48059,0,2022-11-11T02:28:52.746Z,8,99.0,8,100.0,58549,4769,90.61,63031,442,8.4,63506,37,0.7,63505,15,0.29,5316,99,5263,10020,8,8
1668133927,2022-11-10 20:32:07 -0600,fb3dd7aa115bf4bede539d1feb772fd2fcd5a59f,TX,48059,2,2022-11-09T01:00:00.000Z,FIPSCode,48059,0,2022-11-11T02:28:52.746Z,8,99.0,8,100.0,58549,4769,90.61,63031,442,8.4,63506,37,0.7,63505,15,0.29,5316,99,5263,10020,8,8
1668133970,2022-11-10 20:32:50 -0600,418936c9c4f8940ec59fb59ad131834a4dc55307,TX,48059,2,2022-11-09T01:00:00.000Z,FIPSCode,48059,0,2022-11-11T02:28:52.746Z,8,99.0,8,100.0,58549,4769,90.61,63031,442,8.4,63506,37,0.7,63505,15,0.29,5316,99,5263,10020,8,8
1668134014,2022-11-10 20:33:34 -0600,4b5034dbf4463d233e1fbeabaabb4d4ef91cd747,TX,48059,2,2022-11-09T01:00:00.000Z,FIPSCode,48059,0,2022-11-11T02:28:52.746Z,8,99.0,8,100.0,58549,4769,90.61,63031,442,8.4,63506,37,0.7,63505,15,0.29,5316,99,5263,10020,8,8
1668134056,2022-11-10 20:34:16 -0600,bba257aec71ca7bb708a385492aa2c497586a609,TX,48059,2,2022-11-09T01:00:00.000Z,FIPSCode,48059,0,2022-11-11T02:28:52.746Z,8,99.0,8,100.0,58549,4769,90.61,63031,442,8.4,63506,37,0.7,63505,15,0.29,5316,99,5263,10020,8,8
1668134099,2022-11-10 20:34:59 -0600,4bc34595483497ae542c2be500cabf388af5e2a4,TX,48059,2,2022-11-09T01:00:00.000Z,FIPSCode,48059,0,2022-11-11T02:28:52.746Z,8,99.0,8,100.0,58549,4769,90.61,63031,442,8.4,63506,37,0.7,63505,15,0.29,5316,99,5263,10020,8,8
1668134143,2022-11-10 20:35:43 -0600,fc704a4904e9d21469823a98fcd62b1031067fec,TX,48059,2,2022-11-09T01:00:00.000Z,FIPSCode,48059,0,2022-11-11T02:28:52.746Z,8,99.0,8,100.0,58549,4769,90.61,63031,442,8.4,63506,37,0.7,63505,15,0.29,5316,99,5263,10020,8,8
1668134184,2022-11-10 20:36:24 -0600,2752e6c76eff323a2fa6ae9012f6d6069069facb,TX,48059,2,2022-11-09T01:00:00.000Z,FIPSCode,48059,0,2022-11-11T02:28:52.746Z,8,99.0,8,100.0,58549,4769,90.61,63031,442,8.4,63506,37,0.7,63505,15,0.29,5316,99,5263,10020,8,8
1668134227,2022-11-10 20:37:07 -0600,384768ece83e9158d31de76e0770f5d24b4753ae,TX,48059,2,2022-11-09T01:00:00.000Z,FIPSCode,48059,0,2022-11-11T02:28:52.746Z,8,99.0,8,100.0,58549,4769,90.61,63031,442,8.4,63506,37,0.7,63505,15,0.29,5316,99,5263,10020,8,8
1668134356,2022-11-10 20:39:16 -0600,2f7fa024c6fec334e67a5b8f80d4ac042400a766,TX,48059,2,2022-11-09T01:00:00.000Z,FIPSCode,48059,0,2022-11-11T02:28:52.746Z,8,99.0,8,100.0,58549,4769,90.61,63031,442,8.4,63506,37,0.7,63505,15,0.29,5316,99,5263,10020,8,8
1668134398,2022-11-10 20:39:58 -0600,0a8458a58decced3f0e4c913439b5432de00d5b6,TX,48059,2,2022-11-09T01:00:00.000Z,FIPSCode,48059,0,2022-11-11T02:28:52.746Z,8,99.0,8,100.0,58549,4769,90.61,63031,442,8.4,63506,37,0.7,63505,15,0.29,5316,99,5263,10020,8,8
1668134443,2022-11-10 20:40:43 -0600,d1c6734497708424174cb623efdea8411b93da40,TX,48059,2,2022-11-09T01:00:00.000Z,FIPSCode,48059,0,2022-11-11T02:28:52.746Z,8,99.0,8,100.0,58549,4769,90.61,63031,442,8.4,63506,37,0.7,63505,15,0.29,5316,99,5263,10020,8,8
1668134485,2022-11-10 20:41:25 -0600,3a548a160d559f943644f36b97f45c6393d72cce,TX,48059,2,2022-11-09T01:00:00.000Z,FIPSCode,48059,0,2022-11-11T02:28:52.746Z,8,99.0,8,100.0,58549,4769,90.61,63031,442,8.4,63506,37,0.7,63505,15,0.29,5316,99,5263,10020,8,8
1668134529,2022-11-10 20:42:09 -0600,e4271092c5df1c6526b65daaf58f0e5789a72d24,TX,48059,2,2022-11-09T01:00:00.000Z,FIPSCode,48059,0,2022-11-11T02:28:52.746Z,8,99.0,8,100.0,58549,4769,90.61,63031,442,8.4,63506,37,0.7,63505,15,0.29,5316,99,5263,10020,8,8
1668134571,2022-11-10 20:42:51 -0600,12a4afe7c2dc2e1b9166d66362a49e5a9aa39615,TX,48059,2,2022-11-09T01:00:00.000Z,FIPSCode,48059,0,2022-11-11T02:28:52.746Z,8,99.0,8,100.0,58549,4769,90.61,63031,442,8.4,63506,37,0.7,63505,15,0.29,5316,99,5263,10020,8,8
1668134615,2022-11-10 20:43:35 -0600,1c2b9dbdfa5b086718141d976424ffdb74cf06ca,TX,48059,2,2022-11-09T01:00:00.000Z,FIPSCode,48059,0,2022-11-11T02:28:52.746Z,8,99.0,8,100.0,58549,4769,90.61,63031,442,8.4,63506,37,0.7,63505,15,0.29,5316,99,5263,10020,8,8
1668134658,2022-11-10 20:44:18 -0600,40b946f4d0d9d1ac2076a1380a69b8f02b76c77e,TX,48059,2,2022-11-09T01:00:00.000Z,FIPSCode,48059,0,2022-11-11T02:28:52.746Z,8,99.0,8,100.0,58549,4769,90.61,63031,442,8.4,63506,37,0.7,63505,15,0.29,5316,99,5263,10020,8,8
1668134829,2022-11-10 20:47:09 -0600,124aae7a51f8b24b01d2e2198668f4951279f827,TX,48059,2,2022-11-09T01:00:00.000Z,FIPSCode,48059,0,2022-11-11T02:28:52.746Z,8,99.0,8,100.0,58549,4769,90.61,63031,442,8.4,63506,37,0.7,63505,15,0.29,5316,99,5263,10020,8,8
1668134872,2022-11-10 20:47:52 -0600,e120aff305050b22a747790f908a7d0e7e5ce8e9,TX,48059,2,2022-11-09T01:00:00.000Z,FIPSCode,48059,0,2022-11-11T02:28:52.746Z,8,99.0,8,100.0,58549,4769,90.61,63031,442,8.4,63506,37,0.7,63505,15,0.29,5316,99,5263,10020,8,8
1668134914,2022-11-10 20:48:34 -0600,a6258aa18d0d94db75b3b4ec74bfab57603c7913,TX,48059,2,2022-11-09T01:00:00.000Z,FIPSCode,48059,0,2022-11-11T02:28:52.746Z,8,99.0,8,100.0,58549,4769,90.61,63031,442,8.4,63506,37,0.7,63505,15,0.29,5316,99,5263,10020,8,8
1668134957,2022-11-10 20:49:17 -0600,37da64d4b267a416585d64e28113d3727295be48,TX,48059,2,2022-11-09T01:00:00.000Z,FIPSCode,48059,0,2022-11-11T02:28:52.746Z,8,99.0,8,100.0,58549,4769,90.61,63031,442,8.4,63506,37,0.7,63505,15,0.29,5316,99,5263,10020,8,8
1668135001,2022-11-10 20:50:01 -0600,8b6295221c8eb40fcd5c40f8a93da3c02c0bd251,TX,48059,2,2022-11-09T01:00:00.000Z,FIPSCode,48059,0,2022-11-11T02:28:52.746Z,8,99.0,8,100.0,58549,4769,90.61,63031,442,8.4,63506,37,0.7,63505,15,0.29,5316,99,5263,10020,8,8
1668135044,2022-11-10 20:50:44 -0600,810663b37536843149dd45ef0ee9d16c0d2e8874,TX,48059,2,2022-11-09T01:00:00.000Z,FIPSCode,48059,0,2022-11-11T02:28:52.746Z,8,99.0,8,100.0,58549,4769,90.61,63031,442,8.4,63506,37,0.7,63505,15,0.29,5316,99,5263,10020,8,8
1668135087,2022-11-10 20:51:27 -0600,6ea445120bcf13d9a139ec0a58f9dffa9bb111f6,TX,48059,2,2022-11-09T01:00:00.000Z,FIPSCode,48059,0,2022-11-11T02:28:52.746Z,8,99.0,8,100.0,58549,4769,90.61,63031,442,8.4,63506,37,0.7,63505,15,0.29,5316,99,5263,10020,8,8
1668135129,2022-11-10 20:52:09 -0600,63fb71cdc1a79107366e1b6cc04255b8fdcfa0df,TX,48059,2,2022-11-09T01:00:00.000Z,FIPSCode,48059,0,2022-11-11T02:28:52.746Z,8,99.0,8,100.0,58549,4769,90.61,63031,442,8.4,63506,37,0.7,63505,15,0.29,5316,99,5263,10020,8,8
1668135172,2022-11-10 20:52:52 -0600,98824253962d34a252ad57080e514f9c5da7b8a3,TX,48059,2,2022-11-09T01:00:00.000Z,FIPSCode,48059,0,2022-11-11T02:28:52.746Z,8,99.0,8,100.0,58549,4769,90.61,63031,442,8.4,63506,37,0.7,63505,15,0.29,5316,99,5263,10020,8,8
1668135216,2022-11-10 20:53:36 -0600,f6f9517905a8696c2e3ae5837e4ecc24f7b0f28e,TX,48059,2,2022-11-09T01:00:00.000Z,FIPSCode,48059,0,2022-11-11T02:28:52.746Z,8,99.0,8,100.0,58549,4769,90.61,63031,442,8.4,63506,37,0.7,63505,15,0.29,5316,99,5263,10020,8,8
1668135257,2022-11-10 20:54:17 -0600,70afe4a5faeaacca346d5a2e083f842360edd25c,TX,48059,2,2022-11-09T01:00:00.000Z,FIPSCode,48059,0,2022-11-11T02:28:52.746Z,8,99.0,8,100.0,58549,4769,90.61,63031,442,8.4,63506,37,0.7,63505,15,0.29,5316,99,5263,10020,8,8
1668135300,2022-11-10 20:55:00 -0600,3ea61f6dd47b9112cbb8a6ce56ff36b9f2869bd0,TX,48059,2,2022-11-09T01:00:00.000Z,FIPSCode,48059,0,2022-11-11T02:28:52.746Z,8,99.0,8,100.0,58549,4769,90.61,63031,442,8.4,63506,37,0.7,63505,15,0.29,5316,99,5263,10020,8,8
1668135342,2022-11-10 20:55:42 -0600,5270420aa4c9cb4ddf9235fa638c118e9d4e7acd,TX,48059,2,2022-11-09T01:00:00.000Z,FIPSCode,48059,0,2022-11-11T02:28:52.746Z,8,99.0,8,100.0,58549,4769,90.61,63031,442,8.4,63506,37,0.7,63505,15,0.29,5316,99,5263,10020,8,8
1668135384,2022-11-10 20:56:24 -0600,3433f7e7e5734eb70e5a82ea8745e3f86be669b8,TX,48059,2,2022-11-09T01:00:00.000Z,FIPSCode,48059,0,2022-11-11T02:28:52.746Z,8,99.0,8,100.0,58549,4769,90.61,63031,442,8.4,63506,37,0.7,63505,15,0.29,5316,99,5263,10020,8,8
1668135509,2022-11-10 20:58:29 -0600,45441a58cefabea7b2d91aa4814b5a9b5c7251cc,TX,48059,2,2022-11-09T01:00:00.000Z,FIPSCode,48059,0,2022-11-11T02:28:52.746Z,8,99.0,8,100.0,58549,4769,90.61,63031,442,8.4,63506,37,0.7,63505,15,0.29,5316,99,5263,10020,8,8
1668135555,2022-11-10 20:59:15 -0600,41b5a9e84cda97b09df4ea62da60421fbfd9306f,TX,48059,2,2022-11-09T01:00:00.000Z,FIPSCode,48059,0,2022-11-11T02:28:52.746Z,8,99.0,8,100.0,58549,4769,90.61,63031,442,8.4,63506,37,0.7,63505,15,0.29,5316,99,5263,10020,8,8
1668135595,2022-11-10 20:59:55 -0600,2e4050206a560b7aecc217757d36ca63b4ad71e1,TX,48059,2,2022-11-09T01:00:00.000Z,FIPSCode,48059,0,2022-11-11T02:28:52.746Z,8,99.0,8,100.0,58549,4769,90.61,63031,442,8.4,63506,37,0.7,63505,15,0.29,5316,99,5263,10020,8,8
1668135638,2022-11-10 21:00:38 -0600,dff723e2caed682e865ca97f84243ded910fd281,TX,48059,2,2022-11-09T01:00:00.000Z,FIPSCode,48059,0,2022-11-11T02:28:52.746Z,8,99.0,8,100.0,58549,4769,90.61,63031,442,8.4,63506,37,0.7,63505,15,0.29,5316,99,5263,10020,8,8
1668135681,2022-11-10 21:01:21 -0600,9133ae5e8bb8f952215412a4b45367eb0b4e948a,TX,48059,2,2022-11-09T01:00:00.000Z,FIPSCode,48059,0,2022-11-11T02:28:52.746Z,8,99.0,8,100.0,58549,4769,90.61,63031,442,8.4,63506,37,0.7,63505,15,0.29,5316,99,5263,10020,8,8
1668135724,2022-11-10 21:02:04 -0600,197645184c2697b3eb3196f1e3931fcbafd328ca,TX,48059,2,2022-11-09T01:00:00.000Z,FIPSCode,48059,0,2022-11-11T02:28:52.746Z,8,99.0,8,100.0,58549,4769,90.61,63031,442,8.4,63506,37,0.7,63505,15,0.29,5316,99,5263,10020,8,8
1668135766,2022-11-10 21:02:46 -0600,80d4e3caceda6a442a6185bd683fbce098cac946,TX,48059,2,2022-11-09T01:00:00.000Z,FIPSCode,48059,0,2022-11-11T03:01:51.283Z,8,99.0,8,100.0,58549,4769,90.61,63031,442,8.4,63506,37,0.7,63505,15,0.29,5316,99,5263,10020,8,8
1668135809,2022-11-10 21:03:29 -0600,78a47f079f7d5745a3642977458421f6d9034fc2,TX,48059,2,2022-11-09T01:00:00.000Z,FIPSCode,48059,0,2022-11-11T03:02:33.211Z,8,99.0,8,100.0,58549,4769,90.61,63031,442,8.4,63506,37,0.7,63505,15,0.29,5316,99,5263,10020,8,8
1668135852,2022-11-10 21:04:12 -0600,17df64c6ec54a0b48b2eab8a3bf1e7a9a0351493,TX,48059,2,2022-11-09T01:00:00.000Z,FIPSCode,48059,0,2022-11-11T03:02:33.211Z,8,99.0,8,100.0,58549,4769,90.61,63031,442,8.4,63506,37,0.7,63505,15,0.29,5316,99,5263,10020,8,8
1668135894,2022-11-10 21:04:54 -0600,adfa59f5889aaf3504fce6c9564f2a1c95230ad3,TX,48059,2,2022-11-09T01:00:00.000Z,FIPSCode,48059,0,2022-11-11T03:02:33.211Z,8,99.0,8,100.0,58549,4769,90.61,63031,442,8.4,63506,37,0.7,63505,15,0.29,5316,99,5263,10020,8,8
1668135935,2022-11-10 21:05:35 -0600,d356ce2ee45761348938f97e3e2d4fd52f4f53ec,TX,48059,2,2022-11-09T01:00:00.000Z,FIPSCode,48059,0,2022-11-11T03:02:33.211Z,8,99.0,8,100.0,58549,4769,90.61,63031,442,8.4,63506,37,0.7,63505,15,0.29,5316,99,5263,10020,8,8
1668135978,2022-11-10 21:06:18 -0600,b039ba89d40d61de72eaf43e053430432affda41,TX,48059,2,2022-11-09T01:00:00.000Z,FIPSCode,48059,0,2022-11-11T03:02:33.211Z,8,99.0,8,100.0,58549,4769,90.61,63031,442,8.4,63506,37,0.7,63505,15,0.29,5316,99,5263,10020,8,8
1668136021,2022-11-10 21:07:01 -0600,699bfd7bc646f3d2d2bad714f744167de119cbeb,TX,48059,2,2022-11-09T01:00:00.000Z,FIPSCode,48059,0,2022-11-11T03:02:33.211Z,8,99.0,8,100.0,58549,4769,90.61,63031,442,8.4,63506,37,0.7,63505,15,0.29,5316,99,5263,10020,8,8
1668136063,2022-11-10 21:07:43 -0600,30b6a430da773a8ff8dcd9ec293fe4b7b4592f32,TX,48059,2,2022-11-09T01:00:00.000Z,FIPSCode,48059,0,2022-11-11T03:02:33.211Z,8,99.0,8,100.0,58549,4769,90.61,63031,442,8.4,63506,37,0.7,63505,15,0.29,5316,99,5263,10020,8,8
1668136105,2022-11-10 21:08:25 -0600,7a48360fc139aeb7eb60075b6e41e192e5071ec4,TX,48059,2,2022-11-09T01:00:00.000Z,FIPSCode,48059,0,2022-11-11T03:02:33.211Z,8,99.0,8,100.0,58549,4769,90.61,63031,442,8.4,63506,37,0.7,63505,15,0.29,5316,99,5263,10020,8,8
1668136147,2022-11-10 21:09:07 -0600,824757a7dede1b9a61b2ff4515f5b45f7f7eb2b4,TX,48059,2,2022-11-09T01:00:00.000Z,FIPSCode,48059,0,2022-11-11T03:02:33.211Z,8,99.0,8,100.0,58549,4769,90.61,63031,442,8.4,63506,37,0.7,63505,15,0.29,5316,99,5263,10020,8,8
1668136189,2022-11-10 21:09:49 -0600,7b939f2d7514067553925a9c34e30176950dbe0e,TX,48059,2,2022-11-09T01:00:00.000Z,FIPSCode,48059,0,2022-11-11T03:02:33.211Z,8,99.0,8,100.0,58549,4769,90.61,63031,442,8.4,63506,37,0.7,63505,15,0.29,5316,99,5263,10020,8,8
1668136234,2022-11-10 21:10:34 -0600,be06630804523d884b3441d5d75ed20502cf0d3c,TX,48059,2,2022-11-09T01:00:00.000Z,FIPSCode,48059,0,2022-11-11T03:02:33.211Z,8,99.0,8,100.0,58549,4769,90.61,63031,442,8.4,63506,37,0.7,63505,15,0.29,5316,99,5263,10020,8,8
1668136274,2022-11-10 21:11:14 -0600,11a27954386bcdec67e2a63208caa56d2ec1d373,TX,48059,2,2022-11-09T01:00:00.000Z,FIPSCode,48059,0,2022-11-11T03:02:33.211Z,8,99.0,8,100.0,58549,4769,90.61,63031,442,8.4,63506,37,0.7,63505,15,0.29,5316,99,5263,10020,8,8
1668136318,2022-11-10 21:11:58 -0600,1ee140bd7dea70ebeb3a49bd99903b9bc5e5ba31,TX,48059,2,2022-11-09T01:00:00.000Z,FIPSCode,48059,0,2022-11-11T03:02:33.211Z,8,99.0,8,100.0,58549,4769,90.61,63031,442,8.4,63506,37,0.7,63505,15,0.29,5316,99,5263,10020,8,8
1668136359,2022-11-10 21:12:39 -0600,ae5cff4d113b5eeef260f60bd4882e3f12b01b96,TX,48059,2,2022-11-09T01:00:00.000Z,FIPSCode,48059,0,2022-11-11T03:02:33.211Z,8,99.0,8,100.0,58549,4769,90.61,63031,442,8.4,63506,37,0.7,63505,15,0.29,5316,99,5263,10020,8,8
1668136401,2022-11-10 21:13:21 -0600,34af08f77b8f33a588bffdf5f80c8b6be999bfbe,TX,48059,2,2022-11-09T01:00:00.000Z,FIPSCode,48059,0,2022-11-11T03:02:33.211Z,8,99.0,8,100.0,58549,4769,90.61,63031,442,8.4,63506,37,0.7,63505,15,0.29,5316,99,5263,10020,8,8
1668136443,2022-11-10 21:14:03 -0600,b932b07b356787590ed4f3905974f658b20eb725,TX,48059,2,2022-11-09T01:00:00.000Z,FIPSCode,48059,0,2022-11-11T03:02:33.211Z,8,99.0,8,100.0,58549,4769,90.61,63031,442,8.4,63506,37,0.7,63505,15,0.29,5316,99,5263,10020,8,8
1668136485,2022-11-10 21:14:45 -0600,836ae62d832874476c1de530de979384d62861fb,TX,48059,2,2022-11-09T01:00:00.000Z,FIPSCode,48059,0,2022-11-11T03:02:33.211Z,8,99.0,8,100.0,58549,4769,90.61,63031,442,8.4,63506,37,0.7,63505,15,0.29,5316,99,5263,10020,8,8
1668136528,2022-11-10 21:15:28 -0600,c41464bdca4515b36d3690a270ba2344dc8512ea,TX,48059,2,2022-11-09T01:00:00.000Z,FIPSCode,48059,0,2022-11-11T03:02:33.211Z,8,99.0,8,100.0,58549,4769,90.61,63031,442,8.4,63506,37,0.7,63505,15,0.29,5316,99,5263,10020,8,8
1668136573,2022-11-10 21:16:13 -0600,4a6758188bcfdfa22fbad243b389a340bf9fb2ae,TX,48059,2,2022-11-09T01:00:00.000Z,FIPSCode,48059,0,2022-11-11T03:02:33.211Z,8,99.0,8,100.0,58549,4769,90.61,63031,442,8.4,63506,37,0.7,63505,15,0.29,5316,99,5263,10020,8,8
1668136616,2022-11-10 21:16:56 -0600,6f7b04966674ddd18c4b68ea6e298067c359fc1b,TX,48059,2,2022-11-09T01:00:00.000Z,FIPSCode,48059,0,2022-11-11T03:02:33.211Z,8,99.0,8,100.0,58549,4769,90.61,63031,442,8.4,63506,37,0.7,63505,15,0.29,5316,99,5263,10020,8,8
1668136656,2022-11-10 21:17:36 -0600,14bf081f4fc89ec151851a788b94043605f39ffd,TX,48059,2,2022-11-09T01:00:00.000Z,FIPSCode,48059,0,2022-11-11T03:02:33.211Z,8,99.0,8,100.0,58549,4769,90.61,63031,442,8.4,63506,37,0.7,63505,15,0.29,5316,99,5263,10020,8,8
1668136699,2022-11-10 21:18:19 -0600,476ff2a010522021b77ee378594d60b0eb8ef1c7,TX,48059,2,2022-11-09T01:00:00.000Z,FIPSCode,48059,0,2022-11-11T03:02:33.211Z,8,99.0,8,100.0,58549,4769,90.61,63031,442,8.4,63506,37,0.7,63505,15,0.29,5316,99,5263,10020,8,8
1668136741,2022-11-10 21:19:01 -0600,18b3718dd56bd2acc926750da221f41633e52a5b,TX,48059,2,2022-11-09T01:00:00.000Z,FIPSCode,48059,0,2022-11-11T03:02:33.211Z,8,99.0,8,100.0,58549,4769,90.61,63031,442,8.4,63506,37,0.7,63505,15,0.29,5316,99,5263,10020,8,8
1668136783,2022-11-10 21:19:43 -0600,18c76580787193e2947557255c348e8a0e2c2006,TX,48059,2,2022-11-09T01:00:00.000Z,FIPSCode,48059,0,2022-11-11T03:02:33.211Z,8,99.0,8,100.0,58549,4769,90.61,63031,442,8.4,63506,37,0.7,63505,15,0.29,5316,99,5263,10020,8,8
1668136825,2022-11-10 21:20:25 -0600,418f13fced17fc8188513795acd2a710f33a32f3,TX,48059,2,2022-11-09T01:00:00.000Z,FIPSCode,48059,0,2022-11-11T03:02:33.211Z,8,99.0,8,100.0,58549,4769,90.61,63031,442,8.4,63506,37,0.7,63505,15,0.29,5316,99,5263,10020,8,8
1668136871,2022-11-10 21:21:11 -0600,609c27ab48c2125d47a3c1502d18978ae6ea1af1,TX,48059,2,2022-11-09T01:00:00.000Z,FIPSCode,48059,0,2022-11-11T03:02:33.211Z,8,99.0,8,100.0,58549,4769,90.61,63031,442,8.4,63506,37,0.7,63505,15,0.29,5316,99,5263,10020,8,8
1668136911,2022-11-10 21:21:51 -0600,f70a51899704adaf1460164afceed1953eafa520,TX,48059,2,2022-11-09T01:00:00.000Z,FIPSCode,48059,0,2022-11-11T03:02:33.211Z,8,99.0,8,100.0,58549,4769,90.61,63031,442,8.4,63506,37,0.7,63505,15,0.29,5316,99,5263,10020,8,8
1668136953,2022-11-10 21:22:33 -0600,aa9b5f080afd4e0bfa509adcf48660f285572d85,TX,48059,2,2022-11-09T01:00:00.000Z,FIPSCode,48059,0,2022-11-11T03:02:33.211Z,8,99.0,8,100.0,58549,4769,90.61,63031,442,8.4,63506,37,0.7,63505,15,0.29,5316,99,5263,10020,8,8
1668136995,2022-11-10 21:23:15 -0600,8b399d2ef84944406070d837be37e7ebb759327a,TX,48059,2,2022-11-09T01:00:00.000Z,FIPSCode,48059,0,2022-11-11T03:02:33.211Z,8,99.0,8,100.0,58549,4769,90.61,63031,442,8.4,63506,37,0.7,63505,15,0.29,5316,99,5263,10020,8,8
1668137037,2022-11-10 21:23:57 -0600,baeb314379441aa3c79cd50f08b9d050c1142a37,TX,48059,2,2022-11-09T01:00:00.000Z,FIPSCode,48059,0,2022-11-11T03:02:33.211Z,8,99.0,8,100.0,58549,4769,90.61,63031,442,8.4,63506,37,0.7,63505,15,0.29,5316,99,5263,10020,8,8
1668137078,2022-11-10 21:24:38 -0600,405ab2048f7a4b8c67fe8b942d1c36e43f94c415,TX,48059,2,2022-11-09T01:00:00.000Z,FIPSCode,48059,0,2022-11-11T03:02:33.211Z,8,99.0,8,100.0,58549,4769,90.61,63031,442,8.4,63506,37,0.7,63505,15,0.29,5316,99,5263,10020,8,8
1668137120,2022-11-10 21:25:20 -0600,2501850c0ee5b9ede05fc6d1285c2a8557834b8b,TX,48059,2,2022-11-09T01:00:00.000Z,FIPSCode,48059,0,2022-11-11T03:02:33.211Z,8,99.0,8,100.0,58549,4769,90.61,63031,442,8.4,63506,37,0.7,63505,15,0.29,5316,99,5263,10020,8,8
1668137165,2022-11-10 21:26:05 -0600,504e82648ef46bd66b2487638c7ab887dfede3ba,TX,48059,2,2022-11-09T01:00:00.000Z,FIPSCode,48059,0,2022-11-11T03:02:33.211Z,8,99.0,8,100.0,58549,4769,90.61,63031,442,8.4,63506,37,0.7,63505,15,0.29,5316,99,5263,10020,8,8
1668137206,2022-11-10 21:26:46 -0600,7b9d67687c5312eeb0b0074d4af0aa6818fe883c,TX,48059,2,2022-11-09T01:00:00.000Z,FIPSCode,48059,0,2022-11-11T03:02:33.211Z,8,99.0,8,100.0,58549,4769,90.61,63031,442,8.4,63506,37,0.7,63505,15,0.29,5316,99,5263,10020,8,8
1668137248,2022-11-10 21:27:28 -0600,e461f5ff1ea373b32435346619c878bec5d4a872,TX,48059,2,2022-11-09T01:00:00.000Z,FIPSCode,48059,0,2022-11-11T03:02:33.211Z,8,99.0,8,100.0,58549,4769,90.61,63031,442,8.4,63506,37,0.7,63505,15,0.29,5316,99,5263,10020,8,8
1668137290,2022-11-10 21:28:10 -0600,b91f322866cd07d1955d6dd260ec281b4cd976cc,TX,48059,2,2022-11-09T01:00:00.000Z,FIPSCode,48059,0,2022-11-11T03:02:33.211Z,8,99.0,8,100.0,58549,4769,90.61,63031,442,8.4,63506,37,0.7,63505,15,0.29,5316,99,5263,10020,8,8
1668137331,2022-11-10 21:28:51 -0600,2e2110dcee7deb5a1c294fea8db2a273ea59888f,TX,48059,2,2022-11-09T01:00:00.000Z,FIPSCode,48059,0,2022-11-11T03:02:33.211Z,8,99.0,8,100.0,58549,4769,90.61,63031,442,8.4,63506,37,0.7,63505,15,0.29,5316,99,5263,10020,8,8
1668137373,2022-11-10 21:29:33 -0600,47947e2959350d7f278fe777ab361a8e2c9c4f52,TX,48059,2,2022-11-09T01:00:00.000Z,FIPSCode,48059,0,2022-11-11T03:02:33.211Z,8,99.0,8,100.0,58549,4769,90.61,63031,442,8.4,63506,37,0.7,63505,15,0.29,5316,99,5263,10020,8,8
1668137416,2022-11-10 21:30:16 -0600,a7a3148b5366a398a80800937854c0494437ca00,TX,48059,2,2022-11-09T01:00:00.000Z,FIPSCode,48059,0,2022-11-11T03:02:33.211Z,8,99.0,8,100.0,58549,4769,90.61,63031,442,8.4,63506,37,0.7,63505,15,0.29,5316,99,5263,10020,8,8
1668137462,2022-11-10 21:31:02 -0600,c46c743a4f3d08852008e3965f6ba3e9ce50f879,TX,48059,2,2022-11-09T01:00:00.000Z,FIPSCode,48059,0,2022-11-11T03:02:33.211Z,8,99.0,8,100.0,58549,4769,90.61,63031,442,8.4,63506,37,0.7,63505,15,0.29,5316,99,5263,10020,8,8
1668137503,2022-11-10 21:31:43 -0600,3bc7eba7852de7e3e5a9ea9cc153279924252ec1,TX,48059,2,2022-11-09T01:00:00.000Z,FIPSCode,48059,0,2022-11-11T03:02:33.211Z,8,99.0,8,100.0,58549,4769,90.61,63031,442,8.4,63506,37,0.7,63505,15,0.29,5316,99,5263,10020,8,8
1668137546,2022-11-10 21:32:26 -0600,b5e9b085da519f37d629a390bac7051c62e4853c,TX,48059,2,2022-11-09T01:00:00.000Z,FIPSCode,48059,0,2022-11-11T03:02:33.211Z,8,99.0,8,100.0,58549,4769,90.61,63031,442,8.4,63506,37,0.7,63505,15,0.29,5316,99,5263,10020,8,8
1668137588,2022-11-10 21:33:08 -0600,d2daf93e82f35f030b59fb00d4a578f756583ade,TX,48059,2,2022-11-09T01:00:00.000Z,FIPSCode,48059,0,2022-11-11T03:02:33.211Z,8,99.0,8,100.0,58549,4769,90.61,63031,442,8.4,63506,37,0.7,63505,15,0.29,5316,99,5263,10020,8,8
1668137630,2022-11-10 21:33:50 -0600,c429d84ce0b8f31e28a54c36c4cd32de42933422,TX,48059,2,2022-11-09T01:00:00.000Z,FIPSCode,48059,0,2022-11-11T03:02:33.211Z,8,99.0,8,100.0,58549,4769,90.61,63031,442,8.4,63506,37,0.7,63505,15,0.29,5316,99,5263,10020,8,8
1668137672,2022-11-10 21:34:32 -0600,95469088ded6a5ec8bd38b66b17f547c5d14b770,TX,48059,2,2022-11-09T01:00:00.000Z,FIPSCode,48059,0,2022-11-11T03:02:33.211Z,8,99.0,8,100.0,58549,4769,90.61,63031,442,8.4,63506,37,0.7,63505,15,0.29,5316,99,5263,10020,8,8
1668137714,2022-11-10 21:35:14 -0600,ca0d009dd9dc74c32e800c4eff9515a4948b7750,TX,48059,2,2022-11-09T01:00:00.000Z,FIPSCode,48059,0,2022-11-11T03:02:33.211Z,8,99.0,8,100.0,58549,4769,90.61,63031,442,8.4,63506,37,0.7,63505,15,0.29,5316,99,5263,10020,8,8
1668137758,2022-11-10 21:35:58 -0600,2b675f955e047c6f41aaa67606cc5358698ab81b,TX,48059,2,2022-11-09T01:00:00.000Z,FIPSCode,48059,0,2022-11-11T03:02:33.211Z,8,99.0,8,100.0,58549,4769,90.61,63031,442,8.4,63506,37,0.7,63505,15,0.29,5316,99,5263,10020,8,8
1668137801,2022-11-10 21:36:41 -0600,06eefdcdf3cdd19be46ed4b5287ee97ae09d7b2c,TX,48059,2,2022-11-09T01:00:00.000Z,FIPSCode,48059,0,2022-11-11T03:02:33.211Z,8,99.0,8,100.0,58549,4769,90.61,63031,442,8.4,63506,37,0.7,63505,15,0.29,5316,99,5263,10020,8,8
1668137845,2022-11-10 21:37:25 -0600,ffdcc0c46d8744800dde6c9ba691663053158a1c,TX,48059,2,2022-11-09T01:00:00.000Z,FIPSCode,48059,0,2022-11-11T03:02:33.211Z,8,99.0,8,100.0,58549,4769,90.61,63031,442,8.4,63506,37,0.7,63505,15,0.29,5316,99,5263,10020,8,8
1668137888,2022-11-10 21:38:08 -0600,3a475dac201417cf1744103eeb78eb673bdc584d,TX,48059,2,2022-11-09T01:00:00.000Z,FIPSCode,48059,0,2022-11-11T03:02:33.211Z,8,99.0,8,100.0,58549,4769,90.61,63031,442,8.4,63506,37,0.7,63505,15,0.29,5316,99,5263,10020,8,8
1668137930,2022-11-10 21:38:50 -0600,c87458acf7d74be84e38f68027303e2c95973eae,TX,48059,2,2022-11-09T01:00:00.000Z,FIPSCode,48059,0,2022-11-11T03:02:33.211Z,8,99.0,8,100.0,58549,4769,90.61,63031,442,8.4,63506,37,0.7,63505,15,0.29,5316,99,5263,10020,8,8
1668137973,2022-11-10 21:39:33 -0600,d51ce74ae467c33e465dea9bdc0b5df82560bc80,TX,48059,2,2022-11-09T01:00:00.000Z,FIPSCode,48059,0,2022-11-11T03:02:33.211Z,8,99.0,8,100.0,58549,4769,90.61,63031,442,8.4,63506,37,0.7,63505,15,0.29,5316,99,5263,10020,8,8
1668138015,2022-11-10 21:40:15 -0600,e2b71434be1320857f90c3767ea2d0c553bb16fc,TX,48059,2,2022-11-09T01:00:00.000Z,FIPSCode,48059,0,2022-11-11T03:02:33.211Z,8,99.0,8,100.0,58549,4769,90.61,63031,442,8.4,63506,37,0.7,63505,15,0.29,5316,99,5263,10020,8,8
1668138059,2022-11-10 21:40:59 -0600,b2c7362c512484b29348e3c168b980420bab951e,TX,48059,2,2022-11-09T01:00:00.000Z,FIPSCode,48059,0,2022-11-11T03:02:33.211Z,8,99.0,8,100.0,58549,4769,90.61,63031,442,8.4,63506,37,0.7,63505,15,0.29,5316,99,5263,10020,8,8
1668138101,2022-11-10 21:41:41 -0600,68c428568dae0a49cccdcb811563158f52124ecb,TX,48059,2,2022-11-09T01:00:00.000Z,FIPSCode,48059,0,2022-11-11T03:02:33.211Z,8,99.0,8,100.0,58549,4769,90.61,63031,442,8.4,63506,37,0.7,63505,15,0.29,5316,99,5263,10020,8,8
1668138143,2022-11-10 21:42:23 -0600,0b8ab66c3de39a1feaf4f38372981d9086bf201f,TX,48059,2,2022-11-09T01:00:00.000Z,FIPSCode,48059,0,2022-11-11T03:02:33.211Z,8,99.0,8,100.0,58549,4769,90.61,63031,442,8.4,63506,37,0.7,63505,15,0.29,5316,99,5263,10020,8,8
1668138187,2022-11-10 21:43:07 -0600,f2b2300ee9b4d41578c0136285cba6abb676c33d,TX,48059,2,2022-11-09T01:00:00.000Z,FIPSCode,48059,0,2022-11-11T03:02:33.211Z,8,99.0,8,100.0,58549,4769,90.61,63031,442,8.4,63506,37,0.7,63505,15,0.29,5316,99,5263,10020,8,8
1668138232,2022-11-10 21:43:52 -0600,add2bcc63d9597b9ff924cb0c2f62c47a8b40dd9,TX,48059,2,2022-11-09T01:00:00.000Z,FIPSCode,48059,0,2022-11-11T03:02:33.211Z,8,99.0,8,100.0,58549,4769,90.61,63031,442,8.4,63506,37,0.7,63505,15,0.29,5316,99,5263,10020,8,8
1668138276,2022-11-10 21:44:36 -0600,b1d2a6a0c213c73a01ed38a3d1110782abe37600,TX,48059,2,2022-11-09T01:00:00.000Z,FIPSCode,48059,0,2022-11-11T03:02:33.211Z,8,99.0,8,100.0,58549,4769,90.61,63031,442,8.4,63506,37,0.7,63505,15,0.29,5316,99,5263,10020,8,8
1668138320,2022-11-10 21:45:20 -0600,d4a4e5ab1a487e4536a9c9ac0be5ce69c5a71100,TX,48059,2,2022-11-09T01:00:00.000Z,FIPSCode,48059,0,2022-11-11T03:02:33.211Z,8,99.0,8,100.0,58549,4769,90.61,63031,442,8.4,63506,37,0.7,63505,15,0.29,5316,99,5263,10020,8,8
1668138364,2022-11-10 21:46:04 -0600,26471e0d991181ea2b33886b5f9c908500e94aaa,TX,48059,2,2022-11-09T01:00:00.000Z,FIPSCode,48059,0,2022-11-11T03:02:33.211Z,8,99.0,8,100.0,58549,4769,90.61,63031,442,8.4,63506,37,0.7,63505,15,0.29,5316,99,5263,10020,8,8
1668138408,2022-11-10 21:46:48 -0600,f63f2396f29627b6b61479c2a6387c0af5a7c3d1,TX,48059,2,2022-11-09T01:00:00.000Z,FIPSCode,48059,0,2022-11-11T03:02:33.211Z,8,99.0,8,100.0,58549,4769,90.61,63031,442,8.4,63506,37,0.7,63505,15,0.29,5316,99,5263,10020,8,8
1668138454,2022-11-10 21:47:34 -0600,13bd33c1cdda577c5d5e80d47b9ec213b09e3e5c,TX,48059,2,2022-11-09T01:00:00.000Z,FIPSCode,48059,0,2022-11-11T03:02:33.211Z,8,99.0,8,100.0,58549,4769,90.61,63031,442,8.4,63506,37,0.7,63505,15,0.29,5316,99,5263,10020,8,8
1668138497,2022-11-10 21:48:17 -0600,9b91ac2c941b4719149843ae6fe282dda15bd17a,TX,48059,2,2022-11-09T01:00:00.000Z,FIPSCode,48059,0,2022-11-11T03:02:33.211Z,8,99.0,8,100.0,58549,4769,90.61,63031,442,8.4,63506,37,0.7,63505,15,0.29,5316,99,5263,10020,8,8
1668138540,2022-11-10 21:49:00 -0600,53cbfacece485d4eaa820474a3bccf22492aaa7f,TX,48059,2,2022-11-09T01:00:00.000Z,FIPSCode,48059,0,2022-11-11T03:02:33.211Z,8,99.0,8,100.0,58549,4769,90.61,63031,442,8.4,63506,37,0.7,63505,15,0.29,5316,99,5263,10020,8,8
1668138584,2022-11-10 21:49:44 -0600,0e298ea32096cc922b25ba77c38613a5f34643a4,TX,48059,2,2022-11-09T01:00:00.000Z,FIPSCode,48059,0,2022-11-11T03:02:33.211Z,8,99.0,8,100.0,58549,4769,90.61,63031,442,8.4,63506,37,0.7,63505,15,0.29,5316,99,5263,10020,8,8
1668138628,2022-11-10 21:50:28 -0600,7cd455eb80342b61d54c2e562c2f9c5de0fac899,TX,48059,2,2022-11-09T01:00:00.000Z,FIPSCode,48059,0,2022-11-11T03:02:33.211Z,8,99.0,8,100.0,58549,4769,90.61,63031,442,8.4,63506,37,0.7,63505,15,0.29,5316,99,5263,10020,8,8
1668138671,2022-11-10 21:51:11 -0600,489166a6689af88300db8f5e48a0679d9b4dd4f3,TX,48059,2,2022-11-09T01:00:00.000Z,FIPSCode,48059,0,2022-11-11T03:02:33.211Z,8,99.0,8,100.0,58549,4769,90.61,63031,442,8.4,63506,37,0.7,63505,15,0.29,5316,99,5263,10020,8,8
1668138716,2022-11-10 21:51:56 -0600,b5afc4e5e2c69d596175643bf593b982d2c18f40,TX,48059,2,2022-11-09T01:00:00.000Z,FIPSCode,48059,0,2022-11-11T03:02:33.211Z,8,99.0,8,100.0,58549,4769,90.61,63031,442,8.4,63506,37,0.7,63505,15,0.29,5316,99,5263,10020,8,8
1668138756,2022-11-10 21:52:36 -0600,766dfac7a7cb3a0a71ef4df0ce85ddf541cbc868,TX,48059,2,2022-11-09T01:00:00.000Z,FIPSCode,48059,0,2022-11-11T03:02:33.211Z,8,99.0,8,100.0,58549,4769,90.61,63031,442,8.4,63506,37,0.7,63505,15,0.29,5316,99,5263,10020,8,8
1668138797,2022-11-10 21:53:17 -0600,e5467fe85a411edd50b0ee8bb99de698e416d6c7,TX,48059,2,2022-11-09T01:00:00.000Z,FIPSCode,48059,0,2022-11-11T03:02:33.211Z,8,99.0,8,100.0,58549,4769,90.61,63031,442,8.4,63506,37,0.7,63505,15,0.29,5316,99,5263,10020,8,8
1668138841,2022-11-10 21:54:01 -0600,5c3d485277d9f85e24bac131106541f5d54dc135,TX,48059,2,2022-11-09T01:00:00.000Z,FIPSCode,48059,0,2022-11-11T03:02:33.211Z,8,99.0,8,100.0,58549,4769,90.61,63031,442,8.4,63506,37,0.7,63505,15,0.29,5316,99,5263,10020,8,8
1668138885,2022-11-10 21:54:45 -0600,9db38f39235584e7a551c5cb62a5406f0ec26059,TX,48059,2,2022-11-09T01:00:00.000Z,FIPSCode,48059,0,2022-11-11T03:02:33.211Z,8,99.0,8,100.0,58549,4769,90.61,63031,442,8.4,63506,37,0.7,63505,15,0.29,5316,99,5263,10020,8,8
1668138928,2022-11-10 21:55:28 -0600,b874bbe51af6f3ee6fbbe212a63e442e5ee07443,TX,48059,2,2022-11-09T01:00:00.000Z,FIPSCode,48059,0,2022-11-11T03:54:54.308Z,8,99.0,8,100.0,58549,4769,90.61,63031,442,8.4,63506,37,0.7,63505,15,0.29,5316,99,5263,10020,8,8
1668138970,2022-11-10 21:56:10 -0600,14026101383ff005bb17d59a4edff603e8895c03,TX,48059,2,2022-11-09T01:00:00.000Z,FIPSCode,48059,0,2022-11-11T03:54:54.308Z,8,99.0,8,100.0,58549,4769,90.61,63031,442,8.4,63506,37,0.7,63505,15,0.29,5316,99,5263,10020,8,8
1668139100,2022-11-10 21:58:20 -0600,67a89de9fc21941b27dd96692cc5e771486b3f4c,TX,48059,2,2022-11-09T01:00:00.000Z,FIPSCode,48059,0,2022-11-11T03:57:53.002Z,8,99.0,8,100.0,58549,4769,90.61,63031,442,8.4,63506,37,0.7,63505,15,0.29,5316,99,5263,10020,8,8
1668139148,2022-11-10 21:59:08 -0600,662d32e35d493f200820f8b694778bf16fcc4377,TX,48059,2,2022-11-09T01:00:00.000Z,FIPSCode,48059,0,2022-11-11T03:58:48.388Z,8,99.0,8,100.0,58549,4769,90.61,63031,442,8.4,63506,37,0.7,63505,15,0.29,5316,99,5263,10020,8,8
1668139189,2022-11-10 21:59:49 -0600,44020ddf9eb3dbb971cb1787d2de09d3397298af,TX,48059,2,2022-11-09T01:00:00.000Z,FIPSCode,48059,0,2022-11-11T03:58:48.388Z,8,99.0,8,100.0,58549,4769,90.61,63031,442,8.4,63506,37,0.7,63505,15,0.29,5316,99,5263,10020,8,8
1668139233,2022-11-10 22:00:33 -0600,004663e0c492ca4eb6954bd51d16a2b999302040,TX,48059,2,2022-11-09T01:00:00.000Z,FIPSCode,48059,0,2022-11-11T03:58:48.388Z,8,99.0,8,100.0,58549,4769,90.61,63031,442,8.4,63506,37,0.7,63505,15,0.29,5316,99,5263,10020,8,8
1668139282,2022-11-10 22:01:22 -0600,98d153297eb0cab3e0caa0404660026ce0ff1491,TX,48059,2,2022-11-09T01:00:00.000Z,FIPSCode,48059,0,2022-11-11T03:58:48.388Z,8,99.0,8,100.0,58549,4769,90.61,63031,442,8.4,63506,37,0.7,63505,15,0.29,5316,99,5263,10020,8,8
1668139323,2022-11-10 22:02:03 -0600,13f484af6309b5c0775fc343412fdc3c67adecc1,TX,48059,2,2022-11-09T01:00:00.000Z,FIPSCode,48059,0,2022-11-11T03:58:48.388Z,8,99.0,8,100.0,58549,4769,90.61,63031,442,8.4,63506,37,0.7,63505,15,0.29,5316,99,5263,10020,8,8
1668139368,2022-11-10 22:02:48 -0600,7ca9d3455586b8a31c53825e67a7924a24df06a0,TX,48059,2,2022-11-09T01:00:00.000Z,FIPSCode,48059,0,2022-11-11T03:58:48.388Z,8,99.0,8,100.0,58549,4769,90.61,63031,442,8.4,63506,37,0.7,63505,15,0.29,5316,99,5263,10020,8,8
1668139410,2022-11-10 22:03:30 -0600,8f89f29dae93758d3a8ac01fddc844314bfc571e,TX,48059,2,2022-11-09T01:00:00.000Z,FIPSCode,48059,0,2022-11-11T03:58:48.388Z,8,99.0,8,100.0,58549,4769,90.61,63031,442,8.4,63506,37,0.7,63505,15,0.29,5316,99,5263,10020,8,8
1668139454,2022-11-10 22:04:14 -0600,f4cdaba9f935d9153be9ec1681eeb91ca6493493,TX,48059,2,2022-11-09T01:00:00.000Z,FIPSCode,48059,0,2022-11-11T04:03:50.081Z,8,99.0,8,100.0,58549,4769,90.61,63031,442,8.4,63506,37,0.7,63505,15,0.29,5316,99,5263,10020,8,8
1668139495,2022-11-10 22:04:55 -0600,8ce40eb06a14b41e3f239abc6c7b63f89aaa5768,TX,48059,2,2022-11-09T01:00:00.000Z,FIPSCode,48059,0,2022-11-11T04:03:50.081Z,8,99.0,8,100.0,58549,4769,90.61,63031,442,8.4,63506,37,0.7,63505,15,0.29,5316,99,5263,10020,8,8
1668139539,2022-11-10 22:05:39 -0600,e715181c0c9c556e1bdc74f02883e2a0df8c39ce,TX,48059,2,2022-11-09T01:00:00.000Z,FIPSCode,48059,0,2022-11-11T04:04:54.261Z,8,99.0,8,100.0,58549,4769,90.61,63031,442,8.4,63506,37,0.7,63505,15,0.29,5316,99,5263,10020,8,8
1668139581,2022-11-10 22:06:21 -0600,f32ff0929afea8e13cb32a8cc934515a0f0cc1dd,TX,48059,2,2022-11-09T01:00:00.000Z,FIPSCode,48059,0,2022-11-11T04:04:54.261Z,8,99.0,8,100.0,58549,4769,90.61,63031,442,8.4,63506,37,0.7,63505,15,0.29,5316,99,5263,10020,8,8
1668139708,2022-11-10 22:08:28 -0600,d61e6740a607e33f9f298ec3fee247981fa993f3,TX,48059,2,2022-11-09T01:00:00.000Z,FIPSCode,48059,0,2022-11-11T04:04:54.261Z,8,99.0,8,100.0,58549,4769,90.61,63031,442,8.4,63506,37,0.7,63505,15,0.29,5316,99,5263,10020,8,8
1668139752,2022-11-10 22:09:12 -0600,857540622c7a418497496423277049403a81ed7d,TX,48059,2,2022-11-09T01:00:00.000Z,FIPSCode,48059,0,2022-11-11T04:04:54.261Z,8,99.0,8,100.0,58549,4769,90.61,63031,442,8.4,63506,37,0.7,63505,15,0.29,5316,99,5263,10020,8,8
1668139796,2022-11-10 22:09:56 -0600,ae7ff71b352fee3e84c32d0a7e9bbd2db083108f,TX,48059,2,2022-11-09T01:00:00.000Z,FIPSCode,48059,0,2022-11-11T04:04:54.261Z,8,99.0,8,100.0,58549,4769,90.61,63031,442,8.4,63506,37,0.7,63505,15,0.29,5316,99,5263,10020,8,8
1668139839,2022-11-10 22:10:39 -0600,5e061f807fce1b8f614c43651346634e36ab8f16,TX,48059,2,2022-11-09T01:00:00.000Z,FIPSCode,48059,0,2022-11-11T04:04:54.261Z,8,99.0,8,100.0,58549,4769,90.61,63031,442,8.4,63506,37,0.7,63505,15,0.29,5316,99,5263,10020,8,8
1668139883,2022-11-10 22:11:23 -0600,bb45c5dd567a3a284076d7aff14f213c46e40a20,TX,48059,2,2022-11-09T01:00:00.000Z,FIPSCode,48059,0,2022-11-11T04:04:54.261Z,8,99.0,8,100.0,58549,4769,90.61,63031,442,8.4,63506,37,0.7,63505,15,0.29,5316,99,5263,10020,8,8
1668139928,2022-11-10 22:12:08 -0600,567c57f321478734808e4ee7230f587778f99148,TX,48059,2,2022-11-09T01:00:00.000Z,FIPSCode,48059,0,2022-11-11T04:04:54.261Z,8,99.0,8,100.0,58549,4769,90.61,63031,442,8.4,63506,37,0.7,63505,15,0.29,5316,99,5263,10020,8,8
1668139973,2022-11-10 22:12:53 -0600,d45b20694dbe60615e4911c10b747f2cbb398f7b,TX,48059,2,2022-11-09T01:00:00.000Z,FIPSCode,48059,0,2022-11-11T04:04:54.261Z,8,99.0,8,100.0,58549,4769,90.61,63031,442,8.4,63506,37,0.7,63505,15,0.29,5316,99,5263,10020,8,8
1668140016,2022-11-10 22:13:36 -0600,88228081fdd75a2ae1fc6c18b805f731b2592927,TX,48059,2,2022-11-09T01:00:00.000Z,FIPSCode,48059,0,2022-11-11T04:04:54.261Z,8,99.0,8,100.0,58549,4769,90.61,63031,442,8.4,63506,37,0.7,63505,15,0.29,5316,99,5263,10020,8,8
1668140061,2022-11-10 22:14:21 -0600,c72e872b5213f294128cda460a5c587bab390cbd,TX,48059,2,2022-11-09T01:00:00.000Z,FIPSCode,48059,0,2022-11-11T04:04:54.261Z,8,99.0,8,100.0,58549,4769,90.61,63031,442,8.4,63506,37,0.7,63505,15,0.29,5316,99,5263,10020,8,8
1668140104,2022-11-10 22:15:04 -0600,882f8925f07f5ae452539a5f14b423717cc8cd1a,TX,48059,2,2022-11-09T01:00:00.000Z,FIPSCode,48059,0,2022-11-11T04:04:54.261Z,8,99.0,8,100.0,58549,4769,90.61,63031,442,8.4,63506,37,0.7,63505,15,0.29,5316,99,5263,10020,8,8
1668140148,2022-11-10 22:15:48 -0600,d94b7542e769e1eab7d605881690782680dd75b8,TX,48059,2,2022-11-09T01:00:00.000Z,FIPSCode,48059,0,2022-11-11T04:04:54.261Z,8,99.0,8,100.0,58549,4769,90.61,63031,442,8.4,63506,37,0.7,63505,15,0.29,5316,99,5263,10020,8,8
1668140190,2022-11-10 22:16:30 -0600,e8dc1fbf1269424fb746057882dca20707719ba8,TX,48059,2,2022-11-09T01:00:00.000Z,FIPSCode,48059,0,2022-11-11T04:04:54.261Z,8,99.0,8,100.0,58549,4769,90.61,63031,442,8.4,63506,37,0.7,63505,15,0.29,5316,99,5263,10020,8,8
1668140233,2022-11-10 22:17:13 -0600,ccaedf8f93f10ad05c57c267722153a6c88ab6fb,TX,48059,2,2022-11-09T01:00:00.000Z,FIPSCode,48059,0,2022-11-11T04:04:54.261Z,8,99.0,8,100.0,58549,4769,90.61,63031,442,8.4,63506,37,0.7,63505,15,0.29,5316,99,5263,10020,8,8
1668140276,2022-11-10 22:17:56 -0600,fa1f217ef0fa957c1bf596eede98e30f9e40e271,TX,48059,2,2022-11-09T01:00:00.000Z,FIPSCode,48059,0,2022-11-11T04:04:54.261Z,8,99.0,8,100.0,58549,4769,90.61,63031,442,8.4,63506,37,0.7,63505,15,0.29,5316,99,5263,10020,8,8
1668140318,2022-11-10 22:18:38 -0600,393f9cb5c4056b1a29c7c39bed197a8ee2cc2f51,TX,48059,2,2022-11-09T01:00:00.000Z,FIPSCode,48059,0,2022-11-11T04:04:54.261Z,8,99.0,8,100.0,58549,4769,90.61,63031,442,8.4,63506,37,0.7,63505,15,0.29,5316,99,5263,10020,8,8
1668140360,2022-11-10 22:19:20 -0600,31b5006a12f1305abdb190c52249d18b8a412170,TX,48059,2,2022-11-09T01:00:00.000Z,FIPSCode,48059,0,2022-11-11T04:04:54.261Z,8,99.0,8,100.0,58549,4769,90.61,63031,442,8.4,63506,37,0.7,63505,15,0.29,5316,99,5263,10020,8,8
1668140403,2022-11-10 22:20:03 -0600,41db4fe21c022916f82f547744b4818ab6e858f3,TX,48059,2,2022-11-09T01:00:00.000Z,FIPSCode,48059,0,2022-11-11T04:04:54.261Z,8,99.0,8,100.0,58549,4769,90.61,63031,442,8.4,63506,37,0.7,63505,15,0.29,5316,99,5263,10020,8,8
1668140445,2022-11-10 22:20:45 -0600,241a903cf5ea847de30095468a851f535ec84828,TX,48059,2,2022-11-09T01:00:00.000Z,FIPSCode,48059,0,2022-11-11T04:19:54.063Z,8,99.0,8,100.0,58549,4769,90.61,63031,442,8.4,63506,37,0.7,63505,15,0.29,5316,99,5263,10020,8,8
1668140487,2022-11-10 22:21:27 -0600,90b14759c959549a1ff562984d981f51d96248fe,TX,48059,2,2022-11-09T01:00:00.000Z,FIPSCode,48059,0,2022-11-11T04:19:54.063Z,8,99.0,8,100.0,58549,4769,90.61,63031,442,8.4,63506,37,0.7,63505,15,0.29,5316,99,5263,10020,8,8
1668140532,2022-11-10 22:22:12 -0600,97e7164e43ef14497d93cf092a03138dd54d7702,TX,48059,2,2022-11-09T01:00:00.000Z,FIPSCode,48059,0,2022-11-11T04:19:54.063Z,8,99.0,8,100.0,58549,4769,90.61,63031,442,8.4,63506,37,0.7,63505,15,0.29,5316,99,5263,10020,8,8
1668140575,2022-11-10 22:22:55 -0600,8b67bca043da8e818fc9a24ca77732903c85f714,TX,48059,2,2022-11-09T01:00:00.000Z,FIPSCode,48059,0,2022-11-11T04:19:54.063Z,8,99.0,8,100.0,58549,4769,90.61,63031,442,8.4,63506,37,0.7,63505,15,0.29,5316,99,5263,10020,8,8
1668140618,2022-11-10 22:23:38 -0600,3a707adc3f5ba2d579296837bd5143a9e7f20563,TX,48059,2,2022-11-09T01:00:00.000Z,FIPSCode,48059,0,2022-11-11T04:22:52.552Z,8,99.0,8,100.0,58549,4769,90.61,63031,442,8.4,63506,37,0.7,63505,15,0.29,5316,99,5263,10020,8,8
1668140660,2022-11-10 22:24:20 -0600,5b065a539e06a6cfc8d73fb4df4c8102fa68513e,TX,48059,2,2022-11-09T01:00:00.000Z,FIPSCode,48059,0,2022-11-11T04:22:52.552Z,8,99.0,8,100.0,58549,4769,90.61,63031,442,8.4,63506,37,0.7,63505,15,0.29,5316,99,5263,10020,8,8
1668140703,2022-11-10 22:25:03 -0600,63313ee7c2f414f3f0422f43e8a68990440d5572,TX,48059,2,2022-11-09T01:00:00.000Z,FIPSCode,48059,0,2022-11-11T04:22:52.552Z,8,99.0,8,100.0,58549,4769,90.61,63031,442,8.4,63506,37,0.7,63505,15,0.29,5316,99,5263,10020,8,8
1668140746,2022-11-10 22:25:46 -0600,7f524782f3d77ae4654cf225c758c611cbd03116,TX,48059,2,2022-11-09T01:00:00.000Z,FIPSCode,48059,0,2022-11-11T04:22:52.552Z,8,99.0,8,100.0,58549,4769,90.61,63031,442,8.4,63506,37,0.7,63505,15,0.29,5316,99,5263,10020,8,8
1668140790,2022-11-10 22:26:30 -0600,232a32d7a776f13706bda47bf0f9cb526888d378,TX,48059,2,2022-11-09T01:00:00.000Z,FIPSCode,48059,0,2022-11-11T04:22:52.552Z,8,99.0,8,100.0,58549,4769,90.61,63031,442,8.4,63506,37,0.7,63505,15,0.29,5316,99,5263,10020,8,8
1668140830,2022-11-10 22:27:10 -0600,0ab3315d8484c8795b4a09908836b8407718e7e7,TX,48059,2,2022-11-09T01:00:00.000Z,FIPSCode,48059,0,2022-11-11T04:22:52.552Z,8,99.0,8,100.0,58549,4769,90.61,63031,442,8.4,63506,37,0.7,63505,15,0.29,5316,99,5263,10020,8,8
1668140873,2022-11-10 22:27:53 -0600,71da76df79abc87102d4fc66387ad6e5d80dcaa0,TX,48059,2,2022-11-09T01:00:00.000Z,FIPSCode,48059,0,2022-11-11T04:22:52.552Z,8,99.0,8,100.0,58549,4769,90.61,63031,442,8.4,63506,37,0.7,63505,15,0.29,5316,99,5263,10020,8,8
1668140915,2022-11-10 22:28:35 -0600,98aa138bdcd588267f05acab7dc82ede14dcf8b7,TX,48059,2,2022-11-09T01:00:00.000Z,FIPSCode,48059,0,2022-11-11T04:22:52.552Z,8,99.0,8,100.0,58549,4769,90.61,63031,442,8.4,63506,37,0.7,63505,15,0.29,5316,99,5263,10020,8,8
1668140957,2022-11-10 22:29:17 -0600,73ed930790509b36c7490aa286a0e8d1745bc068,TX,48059,2,2022-11-09T01:00:00.000Z,FIPSCode,48059,0,2022-11-11T04:22:52.552Z,8,99.0,8,100.0,58549,4769,90.61,63031,442,8.4,63506,37,0.7,63505,15,0.29,5316,99,5263,10020,8,8
1668140999,2022-11-10 22:29:59 -0600,ab05653b3e4c26be7da2824f20ccd88b7558f9a6,TX,48059,2,2022-11-09T01:00:00.000Z,FIPSCode,48059,0,2022-11-11T04:22:52.552Z,8,99.0,8,100.0,58549,4769,90.61,63031,442,8.4,63506,37,0.7,63505,15,0.29,5316,99,5263,10020,8,8
1668141048,2022-11-10 22:30:48 -0600,c764c42e35e05bfb50eda6d44d47f814de5bdbad,TX,48059,2,2022-11-09T01:00:00.000Z,FIPSCode,48059,0,2022-11-11T04:29:53.866Z,8,99.0,8,100.0,58549,4769,90.61,63031,442,8.4,63506,37,0.7,63505,15,0.29,5316,99,5263,10020,8,8
1668141090,2022-11-10 22:31:30 -0600,bbe44c10651bcc5a914228f32c2bba8668dcde48,TX,48059,2,2022-11-09T01:00:00.000Z,FIPSCode,48059,0,2022-11-11T04:29:53.866Z,8,99.0,8,100.0,58549,4769,90.61,63031,442,8.4,63506,37,0.7,63505,15,0.29,5316,99,5263,10020,8,8
1668141133,2022-11-10 22:32:13 -0600,fbf0215d6512f344e43f47b76c65e73ad22cd8e5,TX,48059,2,2022-11-09T01:00:00.000Z,FIPSCode,48059,0,2022-11-11T04:29:53.866Z,8,99.0,8,100.0,58549,4769,90.61,63031,442,8.4,63506,37,0.7,63505,15,0.29,5316,99,5263,10020,8,8
1668141175,2022-11-10 22:32:55 -0600,e87d55c108b6b162436690fb036b9b791c46316c,TX,48059,2,2022-11-09T01:00:00.000Z,FIPSCode,48059,0,2022-11-11T04:29:53.866Z,8,99.0,8,100.0,58549,4769,90.61,63031,442,8.4,63506,37,0.7,63505,15,0.29,5316,99,5263,10020,8,8
1668141217,2022-11-10 22:33:37 -0600,4f51495ce48bc24cd5922e4807b0aefd318b4a77,TX,48059,2,2022-11-09T01:00:00.000Z,FIPSCode,48059,0,2022-11-11T04:29:53.866Z,8,99.0,8,100.0,58549,4769,90.61,63031,442,8.4,63506,37,0.7,63505,15,0.29,5316,99,5263,10020,8,8
1668141260,2022-11-10 22:34:20 -0600,a2d806b833382796c6a575d0974f85fb99c3cce1,TX,48059,2,2022-11-09T01:00:00.000Z,FIPSCode,48059,0,2022-11-11T04:29:53.866Z,8,99.0,8,100.0,58549,4769,90.61,63031,442,8.4,63506,37,0.7,63505,15,0.29,5316,99,5263,10020,8,8
1668141302,2022-11-10 22:35:02 -0600,c22207274c9b88c9c4e6590e26b3b41b6ab3fae0,TX,48059,2,2022-11-09T01:00:00.000Z,FIPSCode,48059,0,2022-11-11T04:29:53.866Z,8,99.0,8,100.0,58549,4769,90.61,63031,442,8.4,63506,37,0.7,63505,15,0.29,5316,99,5263,10020,8,8
1668141348,2022-11-10 22:35:48 -0600,6f7108325c1b3f2c2caeaa6c569c43b99205ff0b,TX,48059,2,2022-11-09T01:00:00.000Z,FIPSCode,48059,0,2022-11-11T04:29:53.866Z,8,99.0,8,100.0,58549,4769,90.61,63031,442,8.4,63506,37,0.7,63505,15,0.29,5316,99,5263,10020,8,8
1668141388,2022-11-10 22:36:28 -0600,49ec6a2757765285ef1987a6171cbdfedbdd977d,TX,48059,2,2022-11-09T01:00:00.000Z,FIPSCode,48059,0,2022-11-11T04:29:53.866Z,8,99.0,8,100.0,58549,4769,90.61,63031,442,8.4,63506,37,0.7,63505,15,0.29,5316,99,5263,10020,8,8
1668141431,2022-11-10 22:37:11 -0600,a0a375484d025d9b89cbec69135de398ee5f1bc3,TX,48059,2,2022-11-09T01:00:00.000Z,FIPSCode,48059,0,2022-11-11T04:29:53.866Z,8,99.0,8,100.0,58549,4769,90.61,63031,442,8.4,63506,37,0.7,63505,15,0.29,5316,99,5263,10020,8,8
1668141473,2022-11-10 22:37:53 -0600,70d11103fa475afcc3665e1c0ece1c35ac622578,TX,48059,2,2022-11-09T01:00:00.000Z,FIPSCode,48059,0,2022-11-11T04:29:53.866Z,8,99.0,8,100.0,58549,4769,90.61,63031,442,8.4,63506,37,0.7,63505,15,0.29,5316,99,5263,10020,8,8
1668141517,2022-11-10 22:38:37 -0600,d113edd0a4aace9774974e5eb5fa3e9354e8b930,TX,48059,2,2022-11-09T01:00:00.000Z,FIPSCode,48059,0,2022-11-11T04:29:53.866Z,8,99.0,8,100.0,58549,4769,90.61,63031,442,8.4,63506,37,0.7,63505,15,0.29,5316,99,5263,10020,8,8
1668141561,2022-11-10 22:39:21 -0600,43a844d42106700a2154d5b8e8a491e91162d92f,TX,48059,2,2022-11-09T01:00:00.000Z,FIPSCode,48059,0,2022-11-11T04:29:53.866Z,8,99.0,8,100.0,58549,4769,90.61,63031,442,8.4,63506,37,0.7,63505,15,0.29,5316,99,5263,10020,8,8
1668141601,2022-11-10 22:40:01 -0600,2bb39204055369c266225e6c33baa07cc98cbf33,TX,48059,2,2022-11-09T01:00:00.000Z,FIPSCode,48059,0,2022-11-11T04:29:53.866Z,8,99.0,8,100.0,58549,4769,90.61,63031,442,8.4,63506,37,0.7,63505,15,0.29,5316,99,5263,10020,8,8
1668141650,2022-11-10 22:40:50 -0600,24180ac923a02764dd907b144be5d4bf44cd421b,TX,48059,2,2022-11-09T01:00:00.000Z,FIPSCode,48059,0,2022-11-11T04:29:53.866Z,8,99.0,8,100.0,58549,4769,90.61,63031,442,8.4,63506,37,0.7,63505,15,0.29,5316,99,5263,10020,8,8
1668141690,2022-11-10 22:41:30 -0600,182675e8c184aaf89459aca48aa44474f36127d6,TX,48059,2,2022-11-09T01:00:00.000Z,FIPSCode,48059,0,2022-11-11T04:29:53.866Z,8,99.0,8,100.0,58549,4769,90.61,63031,442,8.4,63506,37,0.7,63505,15,0.29,5316,99,5263,10020,8,8
1668141734,2022-11-10 22:42:14 -0600,2dc1d2b7a7f2903e6f5ef43d2dd8a0cfb8d96a91,TX,48059,2,2022-11-09T01:00:00.000Z,FIPSCode,48059,0,2022-11-11T04:29:53.866Z,8,99.0,8,100.0,58549,4769,90.61,63031,442,8.4,63506,37,0.7,63505,15,0.29,5316,99,5263,10020,8,8
1668141775,2022-11-10 22:42:55 -0600,618d1a10222ee9c00a162f0f50708e5b7110a731,TX,48059,2,2022-11-09T01:00:00.000Z,FIPSCode,48059,0,2022-11-11T04:29:53.866Z,8,99.0,8,100.0,58549,4769,90.61,63031,442,8.4,63506,37,0.7,63505,15,0.29,5316,99,5263,10020,8,8
1668141818,2022-11-10 22:43:38 -0600,04d5f272c84ce79bd59565d341942ad8d86c81c9,TX,48059,2,2022-11-09T01:00:00.000Z,FIPSCode,48059,0,2022-11-11T04:29:53.866Z,8,99.0,8,100.0,58549,4769,90.61,63031,442,8.4,63506,37,0.7,63505,15,0.29,5316,99,5263,10020,8,8
1668141860,2022-11-10 22:44:20 -0600,8006830eb5340529ae8936d929dfd75cee6f7cfb,TX,48059,2,2022-11-09T01:00:00.000Z,FIPSCode,48059,0,2022-11-11T04:29:53.866Z,8,99.0,8,100.0,58549,4769,90.61,63031,442,8.4,63506,37,0.7,63505,15,0.29,5316,99,5263,10020,8,8
1668141903,2022-11-10 22:45:03 -0600,830082c1bdb476b17da47568bbd8a5e6a43942e9,TX,48059,2,2022-11-09T01:00:00.000Z,FIPSCode,48059,0,2022-11-11T04:29:53.866Z,8,99.0,8,100.0,58549,4769,90.61,63031,442,8.4,63506,37,0.7,63505,15,0.29,5316,99,5263,10020,8,8
1668141943,2022-11-10 22:45:43 -0600,64a280e6aa0a2f2849bcb4be4506514253130663,TX,48059,2,2022-11-09T01:00:00.000Z,FIPSCode,48059,0,2022-11-11T04:29:53.866Z,8,99.0,8,100.0,58549,4769,90.61,63031,442,8.4,63506,37,0.7,63505,15,0.29,5316,99,5263,10020,8,8
1668141991,2022-11-10 22:46:31 -0600,66e3813baf26f1ec846f72f9bcad959a3a2459c6,TX,48059,2,2022-11-09T01:00:00.000Z,FIPSCode,48059,0,2022-11-11T04:29:53.866Z,8,99.0,8,100.0,58549,4769,90.61,63031,442,8.4,63506,37,0.7,63505,15,0.29,5316,99,5263,10020,8,8
1668142032,2022-11-10 22:47:12 -0600,d1fefe804bf8cf29ac6984b2148a091eabb684fa,TX,48059,2,2022-11-09T01:00:00.000Z,FIPSCode,48059,0,2022-11-11T04:46:49.804Z,8,99.0,8,100.0,58549,4769,90.61,63031,442,8.4,63506,37,0.7,63505,15,0.29,5316,99,5263,10020,8,8
1668142075,2022-11-10 22:47:55 -0600,d0594abed6be06f462e7ea9e9698e237227f7cf4,TX,48059,2,2022-11-09T01:00:00.000Z,FIPSCode,48059,0,2022-11-11T04:46:49.804Z,8,99.0,8,100.0,58549,4769,90.61,63031,442,8.4,63506,37,0.7,63505,15,0.29,5316,99,5263,10020,8,8
1668142115,2022-11-10 22:48:35 -0600,1f7fd854231a125ed5e5153a0811c55d250a5bf8,TX,48059,2,2022-11-09T01:00:00.000Z,FIPSCode,48059,0,2022-11-11T04:47:53.812Z,8,99.0,8,100.0,58549,4769,90.61,63031,442,8.4,63506,37,0.7,63505,15,0.29,5316,99,5263,10020,8,8
1668142157,2022-11-10 22:49:17 -0600,9facbc59629e98553d76313b8cf3ac58e02f57d2,TX,48059,2,2022-11-09T01:00:00.000Z,FIPSCode,48059,0,2022-11-11T04:48:51.623Z,8,99.0,8,100.0,58549,4769,90.61,63031,442,8.4,63506,37,0.7,63505,15,0.29,5316,99,5263,10020,8,8
1668142198,2022-11-10 22:49:58 -0600,83d5de4ba22e143bf47f19d877bc07c1ca193422,TX,48059,2,2022-11-09T01:00:00.000Z,FIPSCode,48059,0,2022-11-11T04:48:51.623Z,8,99.0,8,100.0,58549,4769,90.61,63031,442,8.4,63506,37,0.7,63505,15,0.29,5316,99,5263,10020,8,8
1668142240,2022-11-10 22:50:40 -0600,5cf8c69d457664b00c31f5bd9ffe06c0cacd12fe,TX,48059,2,2022-11-09T01:00:00.000Z,FIPSCode,48059,0,2022-11-11T04:48:51.623Z,8,99.0,8,100.0,58549,4769,90.61,63031,442,8.4,63506,37,0.7,63505,15,0.29,5316,99,5263,10020,8,8
1668142281,2022-11-10 22:51:21 -0600,86a21969dd253e958914153ab7b0502172c91bd0,TX,48059,2,2022-11-09T01:00:00.000Z,FIPSCode,48059,0,2022-11-11T04:48:51.623Z,8,99.0,8,100.0,58549,4769,90.61,63031,442,8.4,63506,37,0.7,63505,15,0.29,5316,99,5263,10020,8,8
1668142327,2022-11-10 22:52:07 -0600,9aa5f60394f2791d5528ae443a387f016094ad35,TX,48059,2,2022-11-09T01:00:00.000Z,FIPSCode,48059,0,2022-11-11T04:48:51.623Z,8,99.0,8,100.0,58549,4769,90.61,63031,442,8.4,63506,37,0.7,63505,15,0.29,5316,99,5263,10020,8,8
1668142367,2022-11-10 22:52:47 -0600,d0cbcaea8894f997977c4adb8b068c2776ab5a66,TX,48059,2,2022-11-09T01:00:00.000Z,FIPSCode,48059,0,2022-11-11T04:51:50.947Z,8,99.0,8,100.0,58549,4769,90.61,63031,442,8.4,63506,37,0.7,63505,15,0.29,5316,99,5263,10020,8,8
1668142408,2022-11-10 22:53:28 -0600,b16f986c933af2c969dcc13f9b3f0239f083a894,TX,48059,2,2022-11-09T01:00:00.000Z,FIPSCode,48059,0,2022-11-11T04:51:50.947Z,8,99.0,8,100.0,58549,4769,90.61,63031,442,8.4,63506,37,0.7,63505,15,0.29,5316,99,5263,10020,8,8
1668142449,2022-11-10 22:54:09 -0600,d1b16dd228e0ca71d2d40e1dd5fd00fe532dadc5,TX,48059,2,2022-11-09T01:00:00.000Z,FIPSCode,48059,0,2022-11-11T04:51:50.947Z,8,99.0,8,100.0,58549,4769,90.61,63031,442,8.4,63506,37,0.7,63505,15,0.29,5316,99,5263,10020,8,8
1668142495,2022-11-10 22:54:55 -0600,00817cd4e0e155e088938eac763e046170659bc8,TX,48059,2,2022-11-09T01:00:00.000Z,FIPSCode,48059,0,2022-11-11T04:51:50.947Z,8,99.0,8,100.0,58549,4769,90.61,63031,442,8.4,63506,37,0.7,63505,15,0.29,5316,99,5263,10020,8,8
1668142539,2022-11-10 22:55:39 -0600,6fbc1d3ef8d1b055d9e186a1336f849825c2518a,TX,48059,2,2022-11-09T01:00:00.000Z,FIPSCode,48059,0,2022-11-11T04:54:49.519Z,8,99.0,8,100.0,58549,4769,90.61,63031,442,8.4,63506,37,0.7,63505,15,0.29,5316,99,5263,10020,8,8
1668142579,2022-11-10 22:56:19 -0600,e671fdac0cf72d9356d608af12c69352eb17d62f,TX,48059,2,2022-11-09T01:00:00.000Z,FIPSCode,48059,0,2022-11-11T04:54:49.519Z,8,99.0,8,100.0,58549,4769,90.61,63031,442,8.4,63506,37,0.7,63505,15,0.29,5316,99,5263,10020,8,8
1668142623,2022-11-10 22:57:03 -0600,758d03f49b3a3129fa480454ddfc6021ab1dab0d,TX,48059,2,2022-11-09T01:00:00.000Z,FIPSCode,48059,0,2022-11-11T04:54:49.519Z,8,99.0,8,100.0,58549,4769,90.61,63031,442,8.4,63506,37,0.7,63505,15,0.29,5316,99,5263,10020,8,8
1668142665,2022-11-10 22:57:45 -0600,15ac997d545045d951bf31d36b417c9d15368861,TX,48059,2,2022-11-09T01:00:00.000Z,FIPSCode,48059,0,2022-11-11T04:54:49.519Z,8,99.0,8,100.0,58549,4769,90.61,63031,442,8.4,63506,37,0.7,63505,15,0.29,5316,99,5263,10020,8,8
1668142708,2022-11-10 22:58:28 -0600,05eab1e3374694be809beed27d3c0ef1a37e2ccd,TX,48059,2,2022-11-09T01:00:00.000Z,FIPSCode,48059,0,2022-11-11T04:54:49.519Z,8,99.0,8,100.0,58549,4769,90.61,63031,442,8.4,63506,37,0.7,63505,15,0.29,5316,99,5263,10020,8,8
1668142839,2022-11-10 23:00:39 -0600,ed8a5b579a1d1ef569d57ba0df20e24578d3b301,TX,48059,2,2022-11-09T01:00:00.000Z,FIPSCode,48059,0,2022-11-11T04:54:49.519Z,8,99.0,8,100.0,58549,4769,90.61,63031,442,8.4,63506,37,0.7,63505,15,0.29,5316,99,5263,10020,8,8
1668142880,2022-11-10 23:01:20 -0600,f59e15ec46f12975a8f496d3369e3ea2bdf6c447,TX,48059,2,2022-11-09T01:00:00.000Z,FIPSCode,48059,0,2022-11-11T04:54:49.519Z,8,99.0,8,100.0,58549,4769,90.61,63031,442,8.4,63506,37,0.7,63505,15,0.29,5316,99,5263,10020,8,8
1668142922,2022-11-10 23:02:02 -0600,5abd2726be18bae96004a83a17de63e935d7cad9,TX,48059,2,2022-11-09T01:00:00.000Z,FIPSCode,48059,0,2022-11-11T04:54:49.519Z,8,99.0,8,100.0,58549,4769,90.61,63031,442,8.4,63506,37,0.7,63505,15,0.29,5316,99,5263,10020,8,8
1668142966,2022-11-10 23:02:46 -0600,38af30c4f2944d7d58dc54b9202cc6088029c711,TX,48059,2,2022-11-09T01:00:00.000Z,FIPSCode,48059,0,2022-11-11T04:54:49.519Z,8,99.0,8,100.0,58549,4769,90.61,63031,442,8.4,63506,37,0.7,63505,15,0.29,5316,99,5263,10020,8,8
1668143008,2022-11-10 23:03:28 -0600,0d24f4461569b9b20974fbe7a7fed02546f2c23c,TX,48059,2,2022-11-09T01:00:00.000Z,FIPSCode,48059,0,2022-11-11T04:54:49.519Z,8,99.0,8,100.0,58549,4769,90.61,63031,442,8.4,63506,37,0.7,63505,15,0.29,5316,99,5263,10020,8,8
1668143051,2022-11-10 23:04:11 -0600,fa1d6bba2cc6a35271fd095e9c2b792f1852f74d,TX,48059,2,2022-11-09T01:00:00.000Z,FIPSCode,48059,0,2022-11-11T04:54:49.519Z,8,99.0,8,100.0,58549,4769,90.61,63031,442,8.4,63506,37,0.7,63505,15,0.29,5316,99,5263,10020,8,8
1668143093,2022-11-10 23:04:53 -0600,0fba20d01407a3105d5aa453c3840a19f34a9882,TX,48059,2,2022-11-09T01:00:00.000Z,FIPSCode,48059,0,2022-11-11T04:54:49.519Z,8,99.0,8,100.0,58549,4769,90.61,63031,442,8.4,63506,37,0.7,63505,15,0.29,5316,99,5263,10020,8,8
1668143135,2022-11-10 23:05:35 -0600,20c2a7b1a1cea125e3e9f54f9aa8d7fd09193e20,TX,48059,2,2022-11-09T01:00:00.000Z,FIPSCode,48059,0,2022-11-11T05:04:50.436Z,8,99.0,8,100.0,58549,4769,90.61,63031,442,8.4,63506,37,0.7,63505,15,0.29,5316,99,5263,10020,8,8
1668143177,2022-11-10 23:06:17 -0600,2a0b34f6d157d0adf3d0438e87c4371367b2f5b3,TX,48059,2,2022-11-09T01:00:00.000Z,FIPSCode,48059,0,2022-11-11T05:04:50.436Z,8,99.0,8,100.0,58549,4769,90.61,63031,442,8.4,63506,37,0.7,63505,15,0.29,5316,99,5263,10020,8,8
1668143308,2022-11-10 23:08:28 -0600,68d6af4aadfbc0753fef858ef3dfba4cc4c26e06,TX,48059,2,2022-11-09T01:00:00.000Z,FIPSCode,48059,0,2022-11-11T05:07:33.196Z,8,99.0,8,100.0,58549,4769,90.61,63031,442,8.4,63506,37,0.7,63505,15,0.29,5316,99,5263,10020,8,8
1668143350,2022-11-10 23:09:10 -0600,a993dfea1f9d4c19b9e52a73772974d231118b10,TX,48059,2,2022-11-09T01:00:00.000Z,FIPSCode,48059,0,2022-11-11T05:07:33.196Z,8,99.0,8,100.0,58549,4769,90.61,63031,442,8.4,63506,37,0.7,63505,15,0.29,5316,99,5263,10020,8,8
1668143394,2022-11-10 23:09:54 -0600,e79073b3b1bc41582eea6cac17774311b26c811c,TX,48059,2,2022-11-09T01:00:00.000Z,FIPSCode,48059,0,2022-11-11T05:07:33.196Z,8,99.0,8,100.0,58549,4769,90.61,63031,442,8.4,63506,37,0.7,63505,15,0.29,5316,99,5263,10020,8,8
1668143437,2022-11-10 23:10:37 -0600,0d381f2725fd3198d618663b701102d2f9c8d6f1,TX,48059,2,2022-11-09T01:00:00.000Z,FIPSCode,48059,0,2022-11-11T05:07:33.196Z,8,99.0,8,100.0,58549,4769,90.61,63031,442,8.4,63506,37,0.7,63505,15,0.29,5316,99,5263,10020,8,8
1668143479,2022-11-10 23:11:19 -0600,73d3c99d6288ab0df1907bcbf62b4d81e60225f0,TX,48059,2,2022-11-09T01:00:00.000Z,FIPSCode,48059,0,2022-11-11T05:07:33.196Z,8,99.0,8,100.0,58549,4769,90.61,63031,442,8.4,63506,37,0.7,63505,15,0.29,5316,99,5263,10020,8,8
1668143522,2022-11-10 23:12:02 -0600,7364f0acedc1c1b0fdb31cf9e9ec47f7beb25910,TX,48059,2,2022-11-09T01:00:00.000Z,FIPSCode,48059,0,2022-11-11T05:07:33.196Z,8,99.0,8,100.0,58549,4769,90.61,63031,442,8.4,63506,37,0.7,63505,15,0.29,5316,99,5263,10020,8,8
1668143565,2022-11-10 23:12:45 -0600,f85b38e2040654097f6e4de1c6885ff796e51c72,TX,48059,2,2022-11-09T01:00:00.000Z,FIPSCode,48059,0,2022-11-11T05:07:33.196Z,8,99.0,8,100.0,58549,4769,90.61,63031,442,8.4,63506,37,0.7,63505,15,0.29,5316,99,5263,10020,8,8
1668143608,2022-11-10 23:13:28 -0600,0f7754acb0e0e59fde89ff4b414c3f8d11de1363,TX,48059,2,2022-11-09T01:00:00.000Z,FIPSCode,48059,0,2022-11-11T05:07:33.196Z,8,99.0,8,100.0,58549,4769,90.61,63031,442,8.4,63506,37,0.7,63505,15,0.29,5316,99,5263,10020,8,8
1668143651,2022-11-10 23:14:11 -0600,98de2d2dee57dc3020472df87799240858991b3a,TX,48059,2,2022-11-09T01:00:00.000Z,FIPSCode,48059,0,2022-11-11T05:07:33.196Z,8,99.0,8,100.0,58549,4769,90.61,63031,442,8.4,63506,37,0.7,63505,15,0.29,5316,99,5263,10020,8,8
1668143738,2022-11-10 23:15:38 -0600,315a1221e6d89f22078aa612418369189c2e2fa4,TX,48059,2,2022-11-09T01:00:00.000Z,FIPSCode,48059,0,2022-11-11T05:07:33.196Z,8,99.0,8,100.0,58549,4769,90.61,63031,442,8.4,63506,37,0.7,63505,15,0.29,5316,99,5263,10020,8,8
1668143780,2022-11-10 23:16:20 -0600,6a7bf692436b8f817167654a308c9b95c6f6cb9c,TX,48059,2,2022-11-09T01:00:00.000Z,FIPSCode,48059,0,2022-11-11T05:07:33.196Z,8,99.0,8,100.0,58549,4769,90.61,63031,442,8.4,63506,37,0.7,63505,15,0.29,5316,99,5263,10020,8,8
1668143823,2022-11-10 23:17:03 -0600,8ba6937026e709923b657dc77cea1215742195be,TX,48059,2,2022-11-09T01:00:00.000Z,FIPSCode,48059,0,2022-11-11T05:07:33.196Z,8,99.0,8,100.0,58549,4769,90.61,63031,442,8.4,63506,37,0.7,63505,15,0.29,5316,99,5263,10020,8,8
1668143865,2022-11-10 23:17:45 -0600,60c62d40784660b2eab925e95a7042c7e71cba76,TX,48059,2,2022-11-09T01:00:00.000Z,FIPSCode,48059,0,2022-11-11T05:07:33.196Z,8,99.0,8,100.0,58549,4769,90.61,63031,442,8.4,63506,37,0.7,63505,15,0.29,5316,99,5263,10020,8,8
1668143906,2022-11-10 23:18:26 -0600,734430be3ec710399c4778d039748c0ab8e04154,TX,48059,2,2022-11-09T01:00:00.000Z,FIPSCode,48059,0,2022-11-11T05:07:33.196Z,8,99.0,8,100.0,58549,4769,90.61,63031,442,8.4,63506,37,0.7,63505,15,0.29,5316,99,5263,10020,8,8
1668143950,2022-11-10 23:19:10 -0600,a371063c0c457c5ea845412663a13f1e97510adc,TX,48059,2,2022-11-09T01:00:00.000Z,FIPSCode,48059,0,2022-11-11T05:07:33.196Z,8,99.0,8,100.0,58549,4769,90.61,63031,442,8.4,63506,37,0.7,63505,15,0.29,5316,99,5263,10020,8,8
1668143993,2022-11-10 23:19:53 -0600,f9f965fb94696dd56d99fa46c1dc423608ad8433,TX,48059,2,2022-11-09T01:00:00.000Z,FIPSCode,48059,0,2022-11-11T05:07:33.196Z,8,99.0,8,100.0,58549,4769,90.61,63031,442,8.4,63506,37,0.7,63505,15,0.29,5316,99,5263,10020,8,8
1668144036,2022-11-10 23:20:36 -0600,fc3916f78632e5404a78a1091ad1768eea5ac2aa,TX,48059,2,2022-11-09T01:00:00.000Z,FIPSCode,48059,0,2022-11-11T05:07:33.196Z,8,99.0,8,100.0,58549,4769,90.61,63031,442,8.4,63506,37,0.7,63505,15,0.29,5316,99,5263,10020,8,8
1668144078,2022-11-10 23:21:18 -0600,7e72cb55a0efef055fe3407a8ba7689b151b5e1b,TX,48059,2,2022-11-09T01:00:00.000Z,FIPSCode,48059,0,2022-11-11T05:07:33.196Z,8,99.0,8,100.0,58549,4769,90.61,63031,442,8.4,63506,37,0.7,63505,15,0.29,5316,99,5263,10020,8,8
1668144122,2022-11-10 23:22:02 -0600,b502407d84e74c7e61ae808c783807c8f14f4d6d,TX,48059,2,2022-11-09T01:00:00.000Z,FIPSCode,48059,0,2022-11-11T05:07:33.196Z,8,99.0,8,100.0,58549,4769,90.61,63031,442,8.4,63506,37,0.7,63505,15,0.29,5316,99,5263,10020,8,8
1668144165,2022-11-10 23:22:45 -0600,395752124269d9129df6ec5cf9fbab1305907459,TX,48059,2,2022-11-09T01:00:00.000Z,FIPSCode,48059,0,2022-11-11T05:07:33.196Z,8,99.0,8,100.0,58549,4769,90.61,63031,442,8.4,63506,37,0.7,63505,15,0.29,5316,99,5263,10020,8,8
1668144207,2022-11-10 23:23:27 -0600,2b2d472eae88e6099f57faee1c2dfc7653f343dc,TX,48059,2,2022-11-09T01:00:00.000Z,FIPSCode,48059,0,2022-11-11T05:07:33.196Z,8,99.0,8,100.0,58549,4769,90.61,63031,442,8.4,63506,37,0.7,63505,15,0.29,5316,99,5263,10020,8,8
1668144250,2022-11-10 23:24:10 -0600,52745d3ecbb12d5e5822ae8e9001f60e3451f950,TX,48059,2,2022-11-09T01:00:00.000Z,FIPSCode,48059,0,2022-11-11T05:07:33.196Z,8,99.0,8,100.0,58549,4769,90.61,63031,442,8.4,63506,37,0.7,63505,15,0.29,5316,99,5263,10020,8,8
1668144292,2022-11-10 23:24:52 -0600,2838c663430fea1d46b5727608a55a3527411670,TX,48059,2,2022-11-09T01:00:00.000Z,FIPSCode,48059,0,2022-11-11T05:07:33.196Z,8,99.0,8,100.0,58549,4769,90.61,63031,442,8.4,63506,37,0.7,63505,15,0.29,5316,99,5263,10020,8,8
1668144335,2022-11-10 23:25:35 -0600,89f2fb341a83a0e4df8246acdcb01643f4bd7cb4,TX,48059,2,2022-11-09T01:00:00.000Z,FIPSCode,48059,0,2022-11-11T05:07:33.196Z,8,99.0,8,100.0,58549,4769,90.61,63031,442,8.4,63506,37,0.7,63505,15,0.29,5316,99,5263,10020,8,8
1668144377,2022-11-10 23:26:17 -0600,a2dae900812c87403c1f67a23925f3f1140baf64,TX,48059,2,2022-11-09T01:00:00.000Z,FIPSCode,48059,0,2022-11-11T05:25:51.892Z,8,99.0,8,100.0,58549,4769,90.61,63031,442,8.4,63506,37,0.7,63505,15,0.29,5316,99,5263,10020,8,8
1668144419,2022-11-10 23:26:59 -0600,166f01d785981225016ad398f50654f419395041,TX,48059,2,2022-11-09T01:00:00.000Z,FIPSCode,48059,0,2022-11-11T05:25:51.892Z,8,99.0,8,100.0,58549,4769,90.61,63031,442,8.4,63506,37,0.7,63505,15,0.29,5316,99,5263,10020,8,8
1668144462,2022-11-10 23:27:42 -0600,cfcfc56f64182a9fb9918762a50932082cc8ab7a,TX,48059,2,2022-11-09T01:00:00.000Z,FIPSCode,48059,0,2022-11-11T05:25:51.892Z,8,99.0,8,100.0,58549,4769,90.61,63031,442,8.4,63506,37,0.7,63505,15,0.29,5316,99,5263,10020,8,8
1668144505,2022-11-10 23:28:25 -0600,9348036cf7848239e57dc4abc5c1d77826661fa2,TX,48059,2,2022-11-09T01:00:00.000Z,FIPSCode,48059,0,2022-11-11T05:25:51.892Z,8,99.0,8,100.0,58549,4769,90.61,63031,442,8.4,63506,37,0.7,63505,15,0.29,5316,99,5263,10020,8,8
1668144547,2022-11-10 23:29:07 -0600,94411a18c0b38af8c639934cc252bcb033b846cd,TX,48059,2,2022-11-09T01:00:00.000Z,FIPSCode,48059,0,2022-11-11T05:25:51.892Z,8,99.0,8,100.0,58549,4769,90.61,63031,442,8.4,63506,37,0.7,63505,15,0.29,5316,99,5263,10020,8,8
1668144590,2022-11-10 23:29:50 -0600,da9483b5bbb1fbed0e426fd6b5ea1fa521f8bbfa,TX,48059,2,2022-11-09T01:00:00.000Z,FIPSCode,48059,0,2022-11-11T05:25:51.892Z,8,99.0,8,100.0,58549,4769,90.61,63031,442,8.4,63506,37,0.7,63505,15,0.29,5316,99,5263,10020,8,8
1668144633,2022-11-10 23:30:33 -0600,ac8d91b4666376e3237e24aab7d027370f0937e7,TX,48059,2,2022-11-09T01:00:00.000Z,FIPSCode,48059,0,2022-11-11T05:25:51.892Z,8,99.0,8,100.0,58549,4769,90.61,63031,442,8.4,63506,37,0.7,63505,15,0.29,5316,99,5263,10020,8,8
1668144722,2022-11-10 23:32:02 -0600,4dd2c3abfbcb138ec00f951ac82f3d0cee31f89a,TX,48059,2,2022-11-09T01:00:00.000Z,FIPSCode,48059,0,2022-11-11T05:25:51.892Z,8,99.0,8,100.0,58549,4769,90.61,63031,442,8.4,63506,37,0.7,63505,15,0.29,5316,99,5263,10020,8,8
1668144764,2022-11-10 23:32:44 -0600,ba8c24541ba3e85c7c7091c0ae967350b279b4fe,TX,48059,2,2022-11-09T01:00:00.000Z,FIPSCode,48059,0,2022-11-11T05:25:51.892Z,8,99.0,8,100.0,58549,4769,90.61,63031,442,8.4,63506,37,0.7,63505,15,0.29,5316,99,5263,10020,8,8
1668144807,2022-11-10 23:33:27 -0600,f78a757b91ae51042d8ec65db9c4a1fb0f5d38ee,TX,48059,2,2022-11-09T01:00:00.000Z,FIPSCode,48059,0,2022-11-11T05:25:51.892Z,8,99.0,8,100.0,58549,4769,90.61,63031,442,8.4,63506,37,0.7,63505,15,0.29,5316,99,5263,10020,8,8
1668144851,2022-11-10 23:34:11 -0600,999633baeb09a9ae24ea155c7783b4c84420bdf9,TX,48059,2,2022-11-09T01:00:00.000Z,FIPSCode,48059,0,2022-11-11T05:25:51.892Z,8,99.0,8,100.0,58549,4769,90.61,63031,442,8.4,63506,37,0.7,63505,15,0.29,5316,99,5263,10020,8,8
1668144895,2022-11-10 23:34:55 -0600,9fe81e957f9ac3be867bcf2997e98f491c31be56,TX,48059,2,2022-11-09T01:00:00.000Z,FIPSCode,48059,0,2022-11-11T05:25:51.892Z,8,99.0,8,100.0,58549,4769,90.61,63031,442,8.4,63506,37,0.7,63505,15,0.29,5316,99,5263,10020,8,8
1668144937,2022-11-10 23:35:37 -0600,5e9adabeef1a877df06fab84690acea82cdbb08d,TX,48059,2,2022-11-09T01:00:00.000Z,FIPSCode,48059,0,2022-11-11T05:34:48.990Z,8,99.0,8,100.0,58549,4769,90.61,63031,442,8.4,63506,37,0.7,63505,15,0.29,5316,99,5263,10020,8,8
1668144982,2022-11-10 23:36:22 -0600,86547cdb59ae5624d71108b55718033999e7f380,TX,48059,2,2022-11-09T01:00:00.000Z,FIPSCode,48059,0,2022-11-11T05:34:48.990Z,8,99.0,8,100.0,58549,4769,90.61,63031,442,8.4,63506,37,0.7,63505,15,0.29,5316,99,5263,10020,8,8
1668145023,2022-11-10 23:37:03 -0600,02cf4bc4da6da78a10e21617cc621e305a446ceb,TX,48059,2,2022-11-09T01:00:00.000Z,FIPSCode,48059,0,2022-11-11T05:36:11.006Z,8,99.0,8,100.0,58549,4769,90.61,63031,442,8.4,63506,37,0.7,63505,15,0.29,5316,99,5263,10020,8,8
1668145066,2022-11-10 23:37:46 -0600,cfcbd5a2b0fddc6de7a73d02f3f03c6dbeb86341,TX,48059,2,2022-11-09T01:00:00.000Z,FIPSCode,48059,0,2022-11-11T05:36:52.945Z,8,99.0,8,100.0,58549,4769,90.61,63031,442,8.4,63506,37,0.7,63505,15,0.29,5316,99,5263,10020,8,8
1668145107,2022-11-10 23:38:27 -0600,d333a2cf3cf3b41baa008be02c9069230840c069,TX,48059,2,2022-11-09T01:00:00.000Z,FIPSCode,48059,0,2022-11-11T05:36:52.945Z,8,99.0,8,100.0,58549,4769,90.61,63031,442,8.4,63506,37,0.7,63505,15,0.29,5316,99,5263,10020,8,8
1668145151,2022-11-10 23:39:11 -0600,0539559d50dc51c0c2805d43661797561352cda7,TX,48059,2,2022-11-09T01:00:00.000Z,FIPSCode,48059,0,2022-11-11T05:36:52.945Z,8,99.0,8,100.0,58549,4769,90.61,63031,442,8.4,63506,37,0.7,63505,15,0.29,5316,99,5263,10020,8,8
1668145194,2022-11-10 23:39:54 -0600,2c6168d36c0637221bd804d803040ea161eda6d9,TX,48059,2,2022-11-09T01:00:00.000Z,FIPSCode,48059,0,2022-11-11T05:36:52.945Z,8,99.0,8,100.0,58549,4769,90.61,63031,442,8.4,63506,37,0.7,63505,15,0.29,5316,99,5263,10020,8,8
1668145237,2022-11-10 23:40:37 -0600,ee6e221a29041ce3fbd93eba91dfaca8b9fc9a29,TX,48059,2,2022-11-09T01:00:00.000Z,FIPSCode,48059,0,2022-11-11T05:36:52.945Z,8,99.0,8,100.0,58549,4769,90.61,63031,442,8.4,63506,37,0.7,63505,15,0.29,5316,99,5263,10020,8,8
1668145278,2022-11-10 23:41:18 -0600,bbd6d3d4068cc86a3ec69409f2ad8cf7eccc264e,TX,48059,2,2022-11-09T01:00:00.000Z,FIPSCode,48059,0,2022-11-11T05:36:52.945Z,8,99.0,8,100.0,58549,4769,90.61,63031,442,8.4,63506,37,0.7,63505,15,0.29,5316,99,5263,10020,8,8
1668145321,2022-11-10 23:42:01 -0600,2e1bc6233b8b8656020388201bdbfa5fa3c101b9,TX,48059,2,2022-11-09T01:00:00.000Z,FIPSCode,48059,0,2022-11-11T05:36:52.945Z,8,99.0,8,100.0,58549,4769,90.61,63031,442,8.4,63506,37,0.7,63505,15,0.29,5316,99,5263,10020,8,8
1668145365,2022-11-10 23:42:45 -0600,090f7fecb562f27930974cc25096736a7d88ed4d,TX,48059,2,2022-11-09T01:00:00.000Z,FIPSCode,48059,0,2022-11-11T05:36:52.945Z,8,99.0,8,100.0,58549,4769,90.61,63031,442,8.4,63506,37,0.7,63505,15,0.29,5316,99,5263,10020,8,8
1668145406,2022-11-10 23:43:26 -0600,1d05dc06d19d0bf7ff6a14208d1155e2b703dfd8,TX,48059,2,2022-11-09T01:00:00.000Z,FIPSCode,48059,0,2022-11-11T05:36:52.945Z,8,99.0,8,100.0,58549,4769,90.61,63031,442,8.4,63506,37,0.7,63505,15,0.29,5316,99,5263,10020,8,8
1668145449,2022-11-10 23:44:09 -0600,fec7fc815392ff283b5c2cae541a980a4bc30601,TX,48059,2,2022-11-09T01:00:00.000Z,FIPSCode,48059,0,2022-11-11T05:36:52.945Z,8,99.0,8,100.0,58549,4769,90.61,63031,442,8.4,63506,37,0.7,63505,15,0.29,5316,99,5263,10020,8,8
1668145492,2022-11-10 23:44:52 -0600,1839ed93b8e0919c271b517946e14fe8384c9d24,TX,48059,2,2022-11-09T01:00:00.000Z,FIPSCode,48059,0,2022-11-11T05:36:52.945Z,8,99.0,8,100.0,58549,4769,90.61,63031,442,8.4,63506,37,0.7,63505,15,0.29,5316,99,5263,10020,8,8
1668145535,2022-11-10 23:45:35 -0600,182de6acc08e6a22b6bcad57810918b9ba32b185,TX,48059,2,2022-11-09T01:00:00.000Z,FIPSCode,48059,0,2022-11-11T05:36:52.945Z,8,99.0,8,100.0,58549,4769,90.61,63031,442,8.4,63506,37,0.7,63505,15,0.29,5316,99,5263,10020,8,8
1668145578,2022-11-10 23:46:18 -0600,bfa5bbf09d3de09b7fca8457bbe75ebc387437c3,TX,48059,2,2022-11-09T01:00:00.000Z,FIPSCode,48059,0,2022-11-11T05:36:52.945Z,8,99.0,8,100.0,58549,4769,90.61,63031,442,8.4,63506,37,0.7,63505,15,0.29,5316,99,5263,10020,8,8
1668145620,2022-11-10 23:47:00 -0600,fb23218ef6961fbc7841bd67eaab0b140c6e6139,TX,48059,2,2022-11-09T01:00:00.000Z,FIPSCode,48059,0,2022-11-11T05:36:52.945Z,8,99.0,8,100.0,58549,4769,90.61,63031,442,8.4,63506,37,0.7,63505,15,0.29,5316,99,5263,10020,8,8
1668145664,2022-11-10 23:47:44 -0600,a20f866ebc6b4cc486bb71e3bcd449360e99c827,TX,48059,2,2022-11-09T01:00:00.000Z,FIPSCode,48059,0,2022-11-11T05:36:52.945Z,8,99.0,8,100.0,58549,4769,90.61,63031,442,8.4,63506,37,0.7,63505,15,0.29,5316,99,5263,10020,8,8
1668145705,2022-11-10 23:48:25 -0600,f9a5407ed631b5041cf07d1596682560ee4dc89b,TX,48059,2,2022-11-09T01:00:00.000Z,FIPSCode,48059,0,2022-11-11T05:36:52.945Z,8,99.0,8,100.0,58549,4769,90.61,63031,442,8.4,63506,37,0.7,63505,15,0.29,5316,99,5263,10020,8,8
1668145747,2022-11-10 23:49:07 -0600,06bcd101f4632292c8814128483de3336ebc6543,TX,48059,2,2022-11-09T01:00:00.000Z,FIPSCode,48059,0,2022-11-11T05:36:52.945Z,8,99.0,8,100.0,58549,4769,90.61,63031,442,8.4,63506,37,0.7,63505,15,0.29,5316,99,5263,10020,8,8
1668145788,2022-11-10 23:49:48 -0600,1185342299bddc7725e19cadb4f98a99a719215e,TX,48059,2,2022-11-09T01:00:00.000Z,FIPSCode,48059,0,2022-11-11T05:36:52.945Z,8,99.0,8,100.0,58549,4769,90.61,63031,442,8.4,63506,37,0.7,63505,15,0.29,5316,99,5263,10020,8,8
1668145830,2022-11-10 23:50:30 -0600,af30aa9caa9d2167bb4ebf188448c087c2dd02fa,TX,48059,2,2022-11-09T01:00:00.000Z,FIPSCode,48059,0,2022-11-11T05:36:52.945Z,8,99.0,8,100.0,58549,4769,90.61,63031,442,8.4,63506,37,0.7,63505,15,0.29,5316,99,5263,10020,8,8
1668145874,2022-11-10 23:51:14 -0600,99eb163115c18a49ddf9f2a55a5e1545566e3774,TX,48059,2,2022-11-09T01:00:00.000Z,FIPSCode,48059,0,2022-11-11T05:36:52.945Z,8,99.0,8,100.0,58549,4769,90.61,63031,442,8.4,63506,37,0.7,63505,15,0.29,5316,99,5263,10020,8,8
1668145914,2022-11-10 23:51:54 -0600,ce8018e0da523eeb604fc272b32a04dc46c9e747,TX,48059,2,2022-11-09T01:00:00.000Z,FIPSCode,48059,0,2022-11-11T05:36:52.945Z,8,99.0,8,100.0,58549,4769,90.61,63031,442,8.4,63506,37,0.7,63505,15,0.29,5316,99,5263,10020,8,8
1668145956,2022-11-10 23:52:36 -0600,65334a0188bbcb14107dde05b259d12bbafaaf8b,TX,48059,2,2022-11-09T01:00:00.000Z,FIPSCode,48059,0,2022-11-11T05:36:52.945Z,8,99.0,8,100.0,58549,4769,90.61,63031,442,8.4,63506,37,0.7,63505,15,0.29,5316,99,5263,10020,8,8
1668145997,2022-11-10 23:53:17 -0600,d135b7811ff4f48e3613669e42b47199407a28c3,TX,48059,2,2022-11-09T01:00:00.000Z,FIPSCode,48059,0,2022-11-11T05:36:52.945Z,8,99.0,8,100.0,58549,4769,90.61,63031,442,8.4,63506,37,0.7,63505,15,0.29,5316,99,5263,10020,8,8
1668146039,2022-11-10 23:53:59 -0600,551cbdc5869a7ccc9b1ead91d705a268b26f50d2,TX,48059,2,2022-11-09T01:00:00.000Z,FIPSCode,48059,0,2022-11-11T05:36:52.945Z,8,99.0,8,100.0,58549,4769,90.61,63031,442,8.4,63506,37,0.7,63505,15,0.29,5316,99,5263,10020,8,8
1668146082,2022-11-10 23:54:42 -0600,e01c628501826102a9b3fed137667d2a7b674a1a,TX,48059,2,2022-11-09T01:00:00.000Z,FIPSCode,48059,0,2022-11-11T05:36:52.945Z,8,99.0,8,100.0,58549,4769,90.61,63031,442,8.4,63506,37,0.7,63505,15,0.29,5316,99,5263,10020,8,8
1668146209,2022-11-10 23:56:49 -0600,2560213bc9a02171b2f4d3460702a4c871346f79,TX,48059,2,2022-11-09T01:00:00.000Z,FIPSCode,48059,0,2022-11-11T05:36:52.945Z,8,99.0,8,100.0,58549,4769,90.61,63031,442,8.4,63506,37,0.7,63505,15,0.29,5316,99,5263,10020,8,8
1668146249,2022-11-10 23:57:29 -0600,55a671679b24a8a0afd8ec5de3fc8d4e29de7ecb,TX,48059,2,2022-11-09T01:00:00.000Z,FIPSCode,48059,0,2022-11-11T05:36:52.945Z,8,99.0,8,100.0,58549,4769,90.61,63031,442,8.4,63506,37,0.7,63505,15,0.29,5316,99,5263,10020,8,8
1668146291,2022-11-10 23:58:11 -0600,0b6779ed2f48a19d0e4ab66773d1788db9515759,TX,48059,2,2022-11-09T01:00:00.000Z,FIPSCode,48059,0,2022-11-11T05:36:52.945Z,8,99.0,8,100.0,58549,4769,90.61,63031,442,8.4,63506,37,0.7,63505,15,0.29,5316,99,5263,10020,8,8
1668146333,2022-11-10 23:58:53 -0600,48d94620e4330a42ea8209e5ab878523c4ab7d79,TX,48059,2,2022-11-09T01:00:00.000Z,FIPSCode,48059,0,2022-11-11T05:36:52.945Z,8,99.0,8,100.0,58549,4769,90.61,63031,442,8.4,63506,37,0.7,63505,15,0.29,5316,99,5263,10020,8,8
1668146375,2022-11-10 23:59:35 -0600,786a143ee7f402f8490bff69e41e67687eaa62bd,TX,48059,2,2022-11-09T01:00:00.000Z,FIPSCode,48059,0,2022-11-11T05:36:52.945Z,8,99.0,8,100.0,58549,4769,90.61,63031,442,8.4,63506,37,0.7,63505,15,0.29,5316,99,5263,10020,8,8
1668146421,2022-11-11 00:00:21 -0600,d25507b4ba88fdc4d614da68ef68dbb34a20fa4e,TX,48059,2,2022-11-09T01:00:00.000Z,FIPSCode,48059,0,2022-11-11T05:36:52.945Z,8,99.0,8,100.0,58549,4769,90.61,63031,442,8.4,63506,37,0.7,63505,15,0.29,5316,99,5263,10020,8,8
1668146461,2022-11-11 00:01:01 -0600,5ebb180375a9476a3951594f1fe7baea1a638317,TX,48059,2,2022-11-09T01:00:00.000Z,FIPSCode,48059,0,2022-11-11T05:36:52.945Z,8,99.0,8,100.0,58549,4769,90.61,63031,442,8.4,63506,37,0.7,63505,15,0.29,5316,99,5263,10020,8,8
1668146503,2022-11-11 00:01:43 -0600,7f70eea5e641c61bd48526dbf5baa3345c3d36e0,TX,48059,2,2022-11-09T01:00:00.000Z,FIPSCode,48059,0,2022-11-11T05:36:52.945Z,8,99.0,8,100.0,58549,4769,90.61,63031,442,8.4,63506,37,0.7,63505,15,0.29,5316,99,5263,10020,8,8
1668146544,2022-11-11 00:02:24 -0600,3012f413fd03f9976d338f5aa47d6fb12c9b3b4e,TX,48059,2,2022-11-09T01:00:00.000Z,FIPSCode,48059,0,2022-11-11T05:36:52.945Z,8,99.0,8,100.0,58549,4769,90.61,63031,442,8.4,63506,37,0.7,63505,15,0.29,5316,99,5263,10020,8,8
1668146586,2022-11-11 00:03:06 -0600,456555afaaf6ea25e74e466ae16c3da002c9184b,TX,48059,2,2022-11-09T01:00:00.000Z,FIPSCode,48059,0,2022-11-11T05:36:52.945Z,8,99.0,8,100.0,58549,4769,90.61,63031,442,8.4,63506,37,0.7,63505,15,0.29,5316,99,5263,10020,8,8
1668146627,2022-11-11 00:03:47 -0600,2920cd4d1408fb3d4c0676f459056927fe42e257,TX,48059,2,2022-11-09T01:00:00.000Z,FIPSCode,48059,0,2022-11-11T05:36:52.945Z,8,99.0,8,100.0,58549,4769,90.61,63031,442,8.4,63506,37,0.7,63505,15,0.29,5316,99,5263,10020,8,8
1668146673,2022-11-11 00:04:33 -0600,96f4a7a39b4c888e184da939e58da7acc232ea7b,TX,48059,2,2022-11-09T01:00:00.000Z,FIPSCode,48059,0,2022-11-11T05:36:52.945Z,8,99.0,8,100.0,58549,4769,90.61,63031,442,8.4,63506,37,0.7,63505,15,0.29,5316,99,5263,10020,8,8
1668146713,2022-11-11 00:05:13 -0600,1fa2e8a16ee0da48d6ffc4129c3c5f38f5e264cd,TX,48059,2,2022-11-09T01:00:00.000Z,FIPSCode,48059,0,2022-11-11T05:36:52.945Z,8,99.0,8,100.0,58549,4769,90.61,63031,442,8.4,63506,37,0.7,63505,15,0.29,5316,99,5263,10020,8,8
1668146757,2022-11-11 00:05:57 -0600,92e7b0210b160de926aa92ebf5a60706e453acd1,TX,48059,2,2022-11-09T01:00:00.000Z,FIPSCode,48059,0,2022-11-11T05:36:52.945Z,8,99.0,8,100.0,58549,4769,90.61,63031,442,8.4,63506,37,0.7,63505,15,0.29,5316,99,5263,10020,8,8
1668146798,2022-11-11 00:06:38 -0600,5e2e057fac3e4ae8aab10138e1d30f35dcdc96b7,TX,48059,2,2022-11-09T01:00:00.000Z,FIPSCode,48059,0,2022-11-11T05:36:52.945Z,8,99.0,8,100.0,58549,4769,90.61,63031,442,8.4,63506,37,0.7,63505,15,0.29,5316,99,5263,10020,8,8
1668146839,2022-11-11 00:07:19 -0600,15e7a43198bc3262ccd86be7d230eb1d1a3ff612,TX,48059,2,2022-11-09T01:00:00.000Z,FIPSCode,48059,0,2022-11-11T05:36:52.945Z,8,99.0,8,100.0,58549,4769,90.61,63031,442,8.4,63506,37,0.7,63505,15,0.29,5316,99,5263,10020,8,8
1668146881,2022-11-11 00:08:01 -0600,00c9df25b648889cc04ab5631a11ad165ff988af,TX,48059,2,2022-11-09T01:00:00.000Z,FIPSCode,48059,0,2022-11-11T05:36:52.945Z,8,99.0,8,100.0,58549,4769,90.61,63031,442,8.4,63506,37,0.7,63505,15,0.29,5316,99,5263,10020,8,8
1668146922,2022-11-11 00:08:42 -0600,f407e555caec9b87a3123866daed19c4bcfe3c83,TX,48059,2,2022-11-09T01:00:00.000Z,FIPSCode,48059,0,2022-11-11T05:36:52.945Z,8,99.0,8,100.0,58549,4769,90.61,63031,442,8.4,63506,37,0.7,63505,15,0.29,5316,99,5263,10020,8,8
1668146965,2022-11-11 00:09:25 -0600,7f170b56fa94eeb3b133f221e6af38e0674f5146,TX,48059,2,2022-11-09T01:00:00.000Z,FIPSCode,48059,0,2022-11-11T05:36:52.945Z,8,99.0,8,100.0,58549,4769,90.61,63031,442,8.4,63506,37,0.7,63505,15,0.29,5316,99,5263,10020,8,8
1668147006,2022-11-11 00:10:06 -0600,deb05173744e5e7586dee3746ac535584b7d4d4e,TX,48059,2,2022-11-09T01:00:00.000Z,FIPSCode,48059,0,2022-11-11T05:36:52.945Z,8,99.0,8,100.0,58549,4769,90.61,63031,442,8.4,63506,37,0.7,63505,15,0.29,5316,99,5263,10020,8,8
1668147052,2022-11-11 00:10:52 -0600,82570cd91a492793c69e3dadee8a4eae87f5623a,TX,48059,2,2022-11-09T01:00:00.000Z,FIPSCode,48059,0,2022-11-11T05:36:52.945Z,8,99.0,8,100.0,58549,4769,90.61,63031,442,8.4,63506,37,0.7,63505,15,0.29,5316,99,5263,10020,8,8
1668147094,2022-11-11 00:11:34 -0600,4f90dd66cf3b430ef9e4572e5a70ec0792ba346e,TX,48059,2,2022-11-09T01:00:00.000Z,FIPSCode,48059,0,2022-11-11T05:36:52.945Z,8,99.0,8,100.0,58549,4769,90.61,63031,442,8.4,63506,37,0.7,63505,15,0.29,5316,99,5263,10020,8,8
1668147137,2022-11-11 00:12:17 -0600,fd196433fc53ba8dc16071184f3c2b53c7384ac7,TX,48059,2,2022-11-09T01:00:00.000Z,FIPSCode,48059,0,2022-11-11T05:36:52.945Z,8,99.0,8,100.0,58549,4769,90.61,63031,442,8.4,63506,37,0.7,63505,15,0.29,5316,99,5263,10020,8,8
1668147177,2022-11-11 00:12:57 -0600,0f8282b46c2daa570b38cbc277dcf27bc3d69b61,TX,48059,2,2022-11-09T01:00:00.000Z,FIPSCode,48059,0,2022-11-11T05:36:52.945Z,8,99.0,8,100.0,58549,4769,90.61,63031,442,8.4,63506,37,0.7,63505,15,0.29,5316,99,5263,10020,8,8
1668147218,2022-11-11 00:13:38 -0600,5b609a7eb273663da8d1b36edd8aaa3972b9d67b,TX,48059,2,2022-11-09T01:00:00.000Z,FIPSCode,48059,0,2022-11-11T05:36:52.945Z,8,99.0,8,100.0,58549,4769,90.61,63031,442,8.4,63506,37,0.7,63505,15,0.29,5316,99,5263,10020,8,8
1668147259,2022-11-11 00:14:19 -0600,a6d8e3f5021ab2c0c27778882b2cfbe0dd270abe,TX,48059,2,2022-11-09T01:00:00.000Z,FIPSCode,48059,0,2022-11-11T05:36:52.945Z,8,99.0,8,100.0,58549,4769,90.61,63031,442,8.4,63506,37,0.7,63505,15,0.29,5316,99,5263,10020,8,8
1668147302,2022-11-11 00:15:02 -0600,ad99c807cc3e1f57d70208430fc2279295a041b0,TX,48059,2,2022-11-09T01:00:00.000Z,FIPSCode,48059,0,2022-11-11T05:36:52.945Z,8,99.0,8,100.0,58549,4769,90.61,63031,442,8.4,63506,37,0.7,63505,15,0.29,5316,99,5263,10020,8,8
1668147351,2022-11-11 00:15:51 -0600,513b574f3eef581e42e030e680cd79c60748cc48,TX,48059,2,2022-11-09T01:00:00.000Z,FIPSCode,48059,0,2022-11-11T05:36:52.945Z,8,99.0,8,100.0,58549,4769,90.61,63031,442,8.4,63506,37,0.7,63505,15,0.29,5316,99,5263,10020,8,8
1668147392,2022-11-11 00:16:32 -0600,2a5f3a9f927c6401896f670388af6f810e83541d,TX,48059,2,2022-11-09T01:00:00.000Z,FIPSCode,48059,0,2022-11-11T05:36:52.945Z,8,99.0,8,100.0,58549,4769,90.61,63031,442,8.4,63506,37,0.7,63505,15,0.29,5316,99,5263,10020,8,8
1668147440,2022-11-11 00:17:20 -0600,664e9d8557e1d146f61cf036951c37131cfcb996,TX,48059,2,2022-11-09T01:00:00.000Z,FIPSCode,48059,0,2022-11-11T05:36:52.945Z,8,99.0,8,100.0,58549,4769,90.61,63031,442,8.4,63506,37,0.7,63505,15,0.29,5316,99,5263,10020,8,8
1668147483,2022-11-11 00:18:03 -0600,56222f76689ca82c1f3f1d56d996bd306d8f683a,TX,48059,2,2022-11-09T01:00:00.000Z,FIPSCode,48059,0,2022-11-11T05:36:52.945Z,8,99.0,8,100.0,58549,4769,90.61,63031,442,8.4,63506,37,0.7,63505,15,0.29,5316,99,5263,10020,8,8
1668147526,2022-11-11 00:18:46 -0600,a9d3e80e3c9ae0853ac36803790b940d63991b3c,TX,48059,2,2022-11-09T01:00:00.000Z,FIPSCode,48059,0,2022-11-11T05:36:52.945Z,8,99.0,8,100.0,58549,4769,90.61,63031,442,8.4,63506,37,0.7,63505,15,0.29,5316,99,5263,10020,8,8
1668147566,2022-11-11 00:19:26 -0600,ea34725826c821d02bbc96b0b8b920e8b5711f6f,TX,48059,2,2022-11-09T01:00:00.000Z,FIPSCode,48059,0,2022-11-11T05:36:52.945Z,8,99.0,8,100.0,58549,4769,90.61,63031,442,8.4,63506,37,0.7,63505,15,0.29,5316,99,5263,10020,8,8
1668147611,2022-11-11 00:20:11 -0600,3cbdc3369bf693fe3d669212f38c8040eeab46c7,TX,48059,2,2022-11-09T01:00:00.000Z,FIPSCode,48059,0,2022-11-11T05:36:52.945Z,8,99.0,8,100.0,58549,4769,90.61,63031,442,8.4,63506,37,0.7,63505,15,0.29,5316,99,5263,10020,8,8
1668147655,2022-11-11 00:20:55 -0600,65fcc26e8d68beeac07ceaa84f831c39594de6de,TX,48059,2,2022-11-09T01:00:00.000Z,FIPSCode,48059,0,2022-11-11T05:36:52.945Z,8,99.0,8,100.0,58549,4769,90.61,63031,442,8.4,63506,37,0.7,63505,15,0.29,5316,99,5263,10020,8,8
1668147697,2022-11-11 00:21:37 -0600,4290568267a11e138ee61d51e72dbf397f0c3efb,TX,48059,2,2022-11-09T01:00:00.000Z,FIPSCode,48059,0,2022-11-11T05:36:52.945Z,8,99.0,8,100.0,58549,4769,90.61,63031,442,8.4,63506,37,0.7,63505,15,0.29,5316,99,5263,10020,8,8
1668147739,2022-11-11 00:22:19 -0600,47c887ba57ad117fd92b335d07d4ebf6ad87c2e1,TX,48059,2,2022-11-09T01:00:00.000Z,FIPSCode,48059,0,2022-11-11T05:36:52.945Z,8,99.0,8,100.0,58549,4769,90.61,63031,442,8.4,63506,37,0.7,63505,15,0.29,5316,99,5263,10020,8,8
1668147782,2022-11-11 00:23:02 -0600,982efafe33e5ac9260aec24e4a3ae7d15bf93f37,TX,48059,2,2022-11-09T01:00:00.000Z,FIPSCode,48059,0,2022-11-11T05:36:52.945Z,8,99.0,8,100.0,58549,4769,90.61,63031,442,8.4,63506,37,0.7,63505,15,0.29,5316,99,5263,10020,8,8
1668147823,2022-11-11 00:23:43 -0600,41198d09ef354068512c63dcad35a8ed19c44ecf,TX,48059,2,2022-11-09T01:00:00.000Z,FIPSCode,48059,0,2022-11-11T06:22:49.836Z,8,99.0,8,100.0,58549,4769,90.61,63031,442,8.4,63506,37,0.7,63505,15,0.29,5316,99,5263,10020,8,8
1668147864,2022-11-11 00:24:24 -0600,8261695efa600a511845baadab2abc47e7674b90,TX,48059,2,2022-11-09T01:00:00.000Z,FIPSCode,48059,0,2022-11-11T06:23:50.025Z,8,99.0,8,100.0,58549,4769,90.61,63031,442,8.4,63506,37,0.7,63505,15,0.29,5316,99,5263,10020,8,8
1668147907,2022-11-11 00:25:07 -0600,060b22bc7830b6d41e1a314ef30fbaace1c9d519,TX,48059,2,2022-11-09T01:00:00.000Z,FIPSCode,48059,0,2022-11-11T06:23:50.025Z,8,99.0,8,100.0,58549,4769,90.61,63031,442,8.4,63506,37,0.7,63505,15,0.29,5316,99,5263,10020,8,8
1668147949,2022-11-11 00:25:49 -0600,18df5f0c2cb9e793a88b8564bf8b833d8a1db489,TX,48059,2,2022-11-09T01:00:00.000Z,FIPSCode,48059,0,2022-11-11T06:23:50.025Z,8,99.0,8,100.0,58549,4769,90.61,63031,442,8.4,63506,37,0.7,63505,15,0.29,5316,99,5263,10020,8,8
1668147992,2022-11-11 00:26:32 -0600,6c55cddac1ffab0349eacb5f26600c398be60667,TX,48059,2,2022-11-09T01:00:00.000Z,FIPSCode,48059,0,2022-11-11T06:25:48.018Z,8,99.0,8,100.0,58549,4769,90.61,63031,442,8.4,63506,37,0.7,63505,15,0.29,5316,99,5263,10020,8,8
1668148036,2022-11-11 00:27:16 -0600,836dfd006ff9c231ee98b94b899d417841021b65,TX,48059,2,2022-11-09T01:00:00.000Z,FIPSCode,48059,0,2022-11-11T06:25:48.018Z,8,99.0,8,100.0,58549,4769,90.61,63031,442,8.4,63506,37,0.7,63505,15,0.29,5316,99,5263,10020,8,8
1668148077,2022-11-11 00:27:57 -0600,3b1ca5c5217fa86f71caa09d5590f9f9f278f956,TX,48059,2,2022-11-09T01:00:00.000Z,FIPSCode,48059,0,2022-11-11T06:25:48.018Z,8,99.0,8,100.0,58549,4769,90.61,63031,442,8.4,63506,37,0.7,63505,15,0.29,5316,99,5263,10020,8,8
1668148121,2022-11-11 00:28:41 -0600,a0843ca8598b00b63d71a8d12c85e657cbeecd9a,TX,48059,2,2022-11-09T01:00:00.000Z,FIPSCode,48059,0,2022-11-11T06:25:48.018Z,8,99.0,8,100.0,58549,4769,90.61,63031,442,8.4,63506,37,0.7,63505,15,0.29,5316,99,5263,10020,8,8
1668148163,2022-11-11 00:29:23 -0600,611844577573ec6fffdd6ca6a81be30c22fac640,TX,48059,2,2022-11-09T01:00:00.000Z,FIPSCode,48059,0,2022-11-11T06:25:48.018Z,8,99.0,8,100.0,58549,4769,90.61,63031,442,8.4,63506,37,0.7,63505,15,0.29,5316,99,5263,10020,8,8
1668148206,2022-11-11 00:30:06 -0600,48d2d8928d33b1b23720913edefb58083ddf92fa,TX,48059,2,2022-11-09T01:00:00.000Z,FIPSCode,48059,0,2022-11-11T06:25:48.018Z,8,99.0,8,100.0,58549,4769,90.61,63031,442,8.4,63506,37,0.7,63505,15,0.29,5316,99,5263,10020,8,8
1668148247,2022-11-11 00:30:47 -0600,daee8727d3039c5bdfbc4f0b62548a471387391f,TX,48059,2,2022-11-09T01:00:00.000Z,FIPSCode,48059,0,2022-11-11T06:25:48.018Z,8,99.0,8,100.0,58549,4769,90.61,63031,442,8.4,63506,37,0.7,63505,15,0.29,5316,99,5263,10020,8,8
1668148289,2022-11-11 00:31:29 -0600,a575a78743471fd0c9d39415785e5a53f8e67f88,TX,48059,2,2022-11-09T01:00:00.000Z,FIPSCode,48059,0,2022-11-11T06:25:48.018Z,8,99.0,8,100.0,58549,4769,90.61,63031,442,8.4,63506,37,0.7,63505,15,0.29,5316,99,5263,10020,8,8
1668148332,2022-11-11 00:32:12 -0600,b15828c21d490a3433b2d47d75f4db41e1702b97,TX,48059,2,2022-11-09T01:00:00.000Z,FIPSCode,48059,0,2022-11-11T06:25:48.018Z,8,99.0,8,100.0,58549,4769,90.61,63031,442,8.4,63506,37,0.7,63505,15,0.29,5316,99,5263,10020,8,8
1668148373,2022-11-11 00:32:53 -0600,61d1164b07fc6dd064c84feea1fa25fcb0c6bf46,TX,48059,2,2022-11-09T01:00:00.000Z,FIPSCode,48059,0,2022-11-11T06:25:48.018Z,8,99.0,8,100.0,58549,4769,90.61,63031,442,8.4,63506,37,0.7,63505,15,0.29,5316,99,5263,10020,8,8
1668148415,2022-11-11 00:33:35 -0600,baaf60b6812b9aed94609ba4f3e945b7d6bc1671,TX,48059,2,2022-11-09T01:00:00.000Z,FIPSCode,48059,0,2022-11-11T06:25:48.018Z,8,99.0,8,100.0,58549,4769,90.61,63031,442,8.4,63506,37,0.7,63505,15,0.29,5316,99,5263,10020,8,8
1668148458,2022-11-11 00:34:18 -0600,294f6e7a2e227294e69221d979ab9ec17e5d45e7,TX,48059,2,2022-11-09T01:00:00.000Z,FIPSCode,48059,0,2022-11-11T06:25:48.018Z,8,99.0,8,100.0,58549,4769,90.61,63031,442,8.4,63506,37,0.7,63505,15,0.29,5316,99,5263,10020,8,8
1668148503,2022-11-11 00:35:03 -0600,a6b04bde4d8693c4d2467833fe6de3d9b7194b67,TX,48059,2,2022-11-09T01:00:00.000Z,FIPSCode,48059,0,2022-11-11T06:25:48.018Z,8,99.0,8,100.0,58549,4769,90.61,63031,442,8.4,63506,37,0.7,63505,15,0.29,5316,99,5263,10020,8,8
1668148544,2022-11-11 00:35:44 -0600,fb19504aa1f1a9a80c4f90c934ea72ef3e90fa24,TX,48059,2,2022-11-09T01:00:00.000Z,FIPSCode,48059,0,2022-11-11T06:25:48.018Z,8,99.0,8,100.0,58549,4769,90.61,63031,442,8.4,63506,37,0.7,63505,15,0.29,5316,99,5263,10020,8,8
1668148587,2022-11-11 00:36:27 -0600,ed24072f18f9981f710afc10f8bc97dec550fc2b,TX,48059,2,2022-11-09T01:00:00.000Z,FIPSCode,48059,0,2022-11-11T06:25:48.018Z,8,99.0,8,100.0,58549,4769,90.61,63031,442,8.4,63506,37,0.7,63505,15,0.29,5316,99,5263,10020,8,8
1668148627,2022-11-11 00:37:07 -0600,26b9ac67cdab6b8b67c5be08ff6da378344ca577,TX,48059,2,2022-11-09T01:00:00.000Z,FIPSCode,48059,0,2022-11-11T06:25:48.018Z,8,99.0,8,100.0,58549,4769,90.61,63031,442,8.4,63506,37,0.7,63505,15,0.29,5316,99,5263,10020,8,8
1668148671,2022-11-11 00:37:51 -0600,1b00ff4930c93e8f134bd7976f37cf5b9c32fea4,TX,48059,2,2022-11-09T01:00:00.000Z,FIPSCode,48059,0,2022-11-11T06:25:48.018Z,8,99.0,8,100.0,58549,4769,90.61,63031,442,8.4,63506,37,0.7,63505,15,0.29,5316,99,5263,10020,8,8
1668148712,2022-11-11 00:38:32 -0600,d2f756ca132547efcd6711f957a752f09a359f09,TX,48059,2,2022-11-09T01:00:00.000Z,FIPSCode,48059,0,2022-11-11T06:25:48.018Z,8,99.0,8,100.0,58549,4769,90.61,63031,442,8.4,63506,37,0.7,63505,15,0.29,5316,99,5263,10020,8,8
1668148754,2022-11-11 00:39:14 -0600,b60acccaa926ae9b682ad5d088c1f4adc805ef37,TX,48059,2,2022-11-09T01:00:00.000Z,FIPSCode,48059,0,2022-11-11T06:25:48.018Z,8,99.0,8,100.0,58549,4769,90.61,63031,442,8.4,63506,37,0.7,63505,15,0.29,5316,99,5263,10020,8,8
1668148799,2022-11-11 00:39:59 -0600,88763d71f95c7d623fd1c75d8c6a99eb2eb33b3e,TX,48059,2,2022-11-09T01:00:00.000Z,FIPSCode,48059,0,2022-11-11T06:25:48.018Z,8,99.0,8,100.0,58549,4769,90.61,63031,442,8.4,63506,37,0.7,63505,15,0.29,5316,99,5263,10020,8,8
1668148841,2022-11-11 00:40:41 -0600,ffdfd66c41183d07f715767916e043f9fac27f4b,TX,48059,2,2022-11-09T01:00:00.000Z,FIPSCode,48059,0,2022-11-11T06:25:48.018Z,8,99.0,8,100.0,58549,4769,90.61,63031,442,8.4,63506,37,0.7,63505,15,0.29,5316,99,5263,10020,8,8
1668148883,2022-11-11 00:41:23 -0600,4b5c8faeccdef456741c3f4f4b140e3c0bc772dd,TX,48059,2,2022-11-09T01:00:00.000Z,FIPSCode,48059,0,2022-11-11T06:25:48.018Z,8,99.0,8,100.0,58549,4769,90.61,63031,442,8.4,63506,37,0.7,63505,15,0.29,5316,99,5263,10020,8,8
1668148925,2022-11-11 00:42:05 -0600,0bc412cc856cf28c327a0fdebcc9ca32b17ab05d,TX,48059,2,2022-11-09T01:00:00.000Z,FIPSCode,48059,0,2022-11-11T06:25:48.018Z,8,99.0,8,100.0,58549,4769,90.61,63031,442,8.4,63506,37,0.7,63505,15,0.29,5316,99,5263,10020,8,8
1668148969,2022-11-11 00:42:49 -0600,ca705b0acc157b97bf7e63f3fb1f3136e1e34864,TX,48059,2,2022-11-09T01:00:00.000Z,FIPSCode,48059,0,2022-11-11T06:25:48.018Z,8,99.0,8,100.0,58549,4769,90.61,63031,442,8.4,63506,37,0.7,63505,15,0.29,5316,99,5263,10020,8,8
1668149011,2022-11-11 00:43:31 -0600,34b064fd3d18321b5d09c4f9ac64f044a88f05c3,TX,48059,2,2022-11-09T01:00:00.000Z,FIPSCode,48059,0,2022-11-11T06:25:48.018Z,8,99.0,8,100.0,58549,4769,90.61,63031,442,8.4,63506,37,0.7,63505,15,0.29,5316,99,5263,10020,8,8
1668149053,2022-11-11 00:44:13 -0600,503fe749208991e65b3a0e51b4aa5bf59fc140f4,TX,48059,2,2022-11-09T01:00:00.000Z,FIPSCode,48059,0,2022-11-11T06:25:48.018Z,8,99.0,8,100.0,58549,4769,90.61,63031,442,8.4,63506,37,0.7,63505,15,0.29,5316,99,5263,10020,8,8
1668149097,2022-11-11 00:44:57 -0600,86e40ab185d7e800d082e097c6d02986eb9df69a,TX,48059,2,2022-11-09T01:00:00.000Z,FIPSCode,48059,0,2022-11-11T06:25:48.018Z,8,99.0,8,100.0,58549,4769,90.61,63031,442,8.4,63506,37,0.7,63505,15,0.29,5316,99,5263,10020,8,8
1668149139,2022-11-11 00:45:39 -0600,8067909cae6be1689c05c0d340a8d6f836ecd710,TX,48059,2,2022-11-09T01:00:00.000Z,FIPSCode,48059,0,2022-11-11T06:25:48.018Z,8,99.0,8,100.0,58549,4769,90.61,63031,442,8.4,63506,37,0.7,63505,15,0.29,5316,99,5263,10020,8,8
1668149182,2022-11-11 00:46:22 -0600,57dcf120187a2fe2950e4d85e7b7f2ce6e12df1b,TX,48059,2,2022-11-09T01:00:00.000Z,FIPSCode,48059,0,2022-11-11T06:25:48.018Z,8,99.0,8,100.0,58549,4769,90.61,63031,442,8.4,63506,37,0.7,63505,15,0.29,5316,99,5263,10020,8,8
1668149225,2022-11-11 00:47:05 -0600,d9762a3ef45107c8d395de071b5a4c9d1cc5db7c,TX,48059,2,2022-11-09T01:00:00.000Z,FIPSCode,48059,0,2022-11-11T06:25:48.018Z,8,99.0,8,100.0,58549,4769,90.61,63031,442,8.4,63506,37,0.7,63505,15,0.29,5316,99,5263,10020,8,8
1668149267,2022-11-11 00:47:47 -0600,bf7feb293ed8fd5529078911c50bc345a5386c5d,TX,48059,2,2022-11-09T01:00:00.000Z,FIPSCode,48059,0,2022-11-11T06:25:48.018Z,8,99.0,8,100.0,58549,4769,90.61,63031,442,8.4,63506,37,0.7,63505,15,0.29,5316,99,5263,10020,8,8
1668149313,2022-11-11 00:48:33 -0600,7333185063e689acf93bdb3f2a65b9103e325772,TX,48059,2,2022-11-09T01:00:00.000Z,FIPSCode,48059,0,2022-11-11T06:25:48.018Z,8,99.0,8,100.0,58549,4769,90.61,63031,442,8.4,63506,37,0.7,63505,15,0.29,5316,99,5263,10020,8,8
1668149352,2022-11-11 00:49:12 -0600,1e0658e321d5ce705ead14acc59cbb5b7e5e0fb8,TX,48059,2,2022-11-09T01:00:00.000Z,FIPSCode,48059,0,2022-11-11T06:25:48.018Z,8,99.0,8,100.0,58549,4769,90.61,63031,442,8.4,63506,37,0.7,63505,15,0.29,5316,99,5263,10020,8,8
1668149395,2022-11-11 00:49:55 -0600,8f5cf2536ef6d85cf7f91329656c47c6efcca0b2,TX,48059,2,2022-11-09T01:00:00.000Z,FIPSCode,48059,0,2022-11-11T06:25:48.018Z,8,99.0,8,100.0,58549,4769,90.61,63031,442,8.4,63506,37,0.7,63505,15,0.29,5316,99,5263,10020,8,8
1668149440,2022-11-11 00:50:40 -0600,11a4bfe383aeace498a5605b10f40bd4a7d5caa4,TX,48059,2,2022-11-09T01:00:00.000Z,FIPSCode,48059,0,2022-11-11T06:25:48.018Z,8,99.0,8,100.0,58549,4769,90.61,63031,442,8.4,63506,37,0.7,63505,15,0.29,5316,99,5263,10020,8,8
1668149483,2022-11-11 00:51:23 -0600,b712d85606942557572eb90cc1a16ccb175fda36,TX,48059,2,2022-11-09T01:00:00.000Z,FIPSCode,48059,0,2022-11-11T06:25:48.018Z,8,99.0,8,100.0,58549,4769,90.61,63031,442,8.4,63506,37,0.7,63505,15,0.29,5316,99,5263,10020,8,8
1668149525,2022-11-11 00:52:05 -0600,6f1b2a03fb998763a392c53d92ee4592a5a34067,TX,48059,2,2022-11-09T01:00:00.000Z,FIPSCode,48059,0,2022-11-11T06:25:48.018Z,8,99.0,8,100.0,58549,4769,90.61,63031,442,8.4,63506,37,0.7,63505,15,0.29,5316,99,5263,10020,8,8
1668149567,2022-11-11 00:52:47 -0600,cc54580cdb3aa095ac0a4b7885aa042b6c0b65c1,TX,48059,2,2022-11-09T01:00:00.000Z,FIPSCode,48059,0,2022-11-11T06:25:48.018Z,8,99.0,8,100.0,58549,4769,90.61,63031,442,8.4,63506,37,0.7,63505,15,0.29,5316,99,5263,10020,8,8
1668149609,2022-11-11 00:53:29 -0600,be07b5ff5a890ceaced87613d3b5bd12e05ffd5f,TX,48059,2,2022-11-09T01:00:00.000Z,FIPSCode,48059,0,2022-11-11T06:25:48.018Z,8,99.0,8,100.0,58549,4769,90.61,63031,442,8.4,63506,37,0.7,63505,15,0.29,5316,99,5263,10020,8,8
1668149653,2022-11-11 00:54:13 -0600,fa520b8666421e9607ae979d3df5b76e34e16019,TX,48059,2,2022-11-09T01:00:00.000Z,FIPSCode,48059,0,2022-11-11T06:25:48.018Z,8,99.0,8,100.0,58549,4769,90.61,63031,442,8.4,63506,37,0.7,63505,15,0.29,5316,99,5263,10020,8,8
1668149695,2022-11-11 00:54:55 -0600,c590724fd8d27bc849ceeb1c43c02b2a300ebe5a,TX,48059,2,2022-11-09T01:00:00.000Z,FIPSCode,48059,0,2022-11-11T06:25:48.018Z,8,99.0,8,100.0,58549,4769,90.61,63031,442,8.4,63506,37,0.7,63505,15,0.29,5316,99,5263,10020,8,8
1668149740,2022-11-11 00:55:40 -0600,85cac25c5a4d65d5227f661edfbb9b75b70230d6,TX,48059,2,2022-11-09T01:00:00.000Z,FIPSCode,48059,0,2022-11-11T06:25:48.018Z,8,99.0,8,100.0,58549,4769,90.61,63031,442,8.4,63506,37,0.7,63505,15,0.29,5316,99,5263,10020,8,8
1668149780,2022-11-11 00:56:20 -0600,ce56e8e98c2f6d8802f94c5dfede20cfcda2e8f1,TX,48059,2,2022-11-09T01:00:00.000Z,FIPSCode,48059,0,2022-11-11T06:25:48.018Z,8,99.0,8,100.0,58549,4769,90.61,63031,442,8.4,63506,37,0.7,63505,15,0.29,5316,99,5263,10020,8,8
1668149822,2022-11-11 00:57:02 -0600,cacd9cc978f421453e5a7225d41acfe0d2c47777,TX,48059,2,2022-11-09T01:00:00.000Z,FIPSCode,48059,0,2022-11-11T06:25:48.018Z,8,99.0,8,100.0,58549,4769,90.61,63031,442,8.4,63506,37,0.7,63505,15,0.29,5316,99,5263,10020,8,8
1668149864,2022-11-11 00:57:44 -0600,5d48c659e787917b7da71eff25995a15c68df851,TX,48059,2,2022-11-09T01:00:00.000Z,FIPSCode,48059,0,2022-11-11T06:25:48.018Z,8,99.0,8,100.0,58549,4769,90.61,63031,442,8.4,63506,37,0.7,63505,15,0.29,5316,99,5263,10020,8,8
1668149906,2022-11-11 00:58:26 -0600,ebce7f24e8a1c69efc0203fd3b3cb8ea8ddfce44,TX,48059,2,2022-11-09T01:00:00.000Z,FIPSCode,48059,0,2022-11-11T06:25:48.018Z,8,99.0,8,100.0,58549,4769,90.61,63031,442,8.4,63506,37,0.7,63505,15,0.29,5316,99,5263,10020,8,8
1668149948,2022-11-11 00:59:08 -0600,1769a720e8a606a01744010cd104e96bc83a29ab,TX,48059,2,2022-11-09T01:00:00.000Z,FIPSCode,48059,0,2022-11-11T06:25:48.018Z,8,99.0,8,100.0,58549,4769,90.61,63031,442,8.4,63506,37,0.7,63505,15,0.29,5316,99,5263,10020,8,8
1668149990,2022-11-11 00:59:50 -0600,cf91d5f30755c67d1d43f043ae59f53512d05f0f,TX,48059,2,2022-11-09T01:00:00.000Z,FIPSCode,48059,0,2022-11-11T06:25:48.018Z,8,99.0,8,100.0,58549,4769,90.61,63031,442,8.4,63506,37,0.7,63505,15,0.29,5316,99,5263,10020,8,8
1668150034,2022-11-11 01:00:34 -0600,fc5eb5ab59ae1cd11155dd7bcb4205dd794a67b2,TX,48059,2,2022-11-09T01:00:00.000Z,FIPSCode,48059,0,2022-11-11T06:25:48.018Z,8,99.0,8,100.0,58549,4769,90.61,63031,442,8.4,63506,37,0.7,63505,15,0.29,5316,99,5263,10020,8,8
1668150074,2022-11-11 01:01:14 -0600,28f1cb57b953f7f8ff7ff090d7b03a07978b96db,TX,48059,2,2022-11-09T01:00:00.000Z,FIPSCode,48059,0,2022-11-11T06:25:48.018Z,8,99.0,8,100.0,58549,4769,90.61,63031,442,8.4,63506,37,0.7,63505,15,0.29,5316,99,5263,10020,8,8
1668150116,2022-11-11 01:01:56 -0600,623d9aff3a5eafc1fa1d49a1bdce79e5f3028626,TX,48059,2,2022-11-09T01:00:00.000Z,FIPSCode,48059,0,2022-11-11T06:25:48.018Z,8,99.0,8,100.0,58549,4769,90.61,63031,442,8.4,63506,37,0.7,63505,15,0.29,5316,99,5263,10020,8,8
1668150157,2022-11-11 01:02:37 -0600,bc3048d46ba47a6341ea8ca9ef325b9f0b6acb8c,TX,48059,2,2022-11-09T01:00:00.000Z,FIPSCode,48059,0,2022-11-11T06:25:48.018Z,8,99.0,8,100.0,58549,4769,90.61,63031,442,8.4,63506,37,0.7,63505,15,0.29,5316,99,5263,10020,8,8
1668150202,2022-11-11 01:03:22 -0600,aa8d5cd92ff404ffe61290775c7372fc44259dd1,TX,48059,2,2022-11-09T01:00:00.000Z,FIPSCode,48059,0,2022-11-11T06:25:48.018Z,8,99.0,8,100.0,58549,4769,90.61,63031,442,8.4,63506,37,0.7,63505,15,0.29,5316,99,5263,10020,8,8
1668150242,2022-11-11 01:04:02 -0600,9a2bfde97c49bfbe33d2e8713a7e2149fb78fba4,TX,48059,2,2022-11-09T01:00:00.000Z,FIPSCode,48059,0,2022-11-11T06:25:48.018Z,8,99.0,8,100.0,58549,4769,90.61,63031,442,8.4,63506,37,0.7,63505,15,0.29,5316,99,5263,10020,8,8
1668150283,2022-11-11 01:04:43 -0600,e3d402d8173bb59d014928b7101eb2aa599c5abb,TX,48059,2,2022-11-09T01:00:00.000Z,FIPSCode,48059,0,2022-11-11T06:25:48.018Z,8,99.0,8,100.0,58549,4769,90.61,63031,442,8.4,63506,37,0.7,63505,15,0.29,5316,99,5263,10020,8,8
1668150326,2022-11-11 01:05:26 -0600,01cf4a181f80611f928a930cec3888d514c118e8,TX,48059,2,2022-11-09T01:00:00.000Z,FIPSCode,48059,0,2022-11-11T06:25:48.018Z,8,99.0,8,100.0,58549,4769,90.61,63031,442,8.4,63506,37,0.7,63505,15,0.29,5316,99,5263,10020,8,8
1668150367,2022-11-11 01:06:07 -0600,567d508cbc3d5165a398ee53ceeed5271a39e99d,TX,48059,2,2022-11-09T01:00:00.000Z,FIPSCode,48059,0,2022-11-11T06:25:48.018Z,8,99.0,8,100.0,58549,4769,90.61,63031,442,8.4,63506,37,0.7,63505,15,0.29,5316,99,5263,10020,8,8
1668150408,2022-11-11 01:06:48 -0600,00074b195cbdf2ebaa920ba701131ee83d207d3d,TX,48059,2,2022-11-09T01:00:00.000Z,FIPSCode,48059,0,2022-11-11T06:25:48.018Z,8,99.0,8,100.0,58549,4769,90.61,63031,442,8.4,63506,37,0.7,63505,15,0.29,5316,99,5263,10020,8,8
1668150450,2022-11-11 01:07:30 -0600,79027f2109a04ed61268366eb8a1951d361e3d73,TX,48059,2,2022-11-09T01:00:00.000Z,FIPSCode,48059,0,2022-11-11T06:25:48.018Z,8,99.0,8,100.0,58549,4769,90.61,63031,442,8.4,63506,37,0.7,63505,15,0.29,5316,99,5263,10020,8,8
1668150496,2022-11-11 01:08:16 -0600,5304a8fdf26f5ac6d813c020932c1ae408f5bb5f,TX,48059,2,2022-11-09T01:00:00.000Z,FIPSCode,48059,0,2022-11-11T06:25:48.018Z,8,99.0,8,100.0,58549,4769,90.61,63031,442,8.4,63506,37,0.7,63505,15,0.29,5316,99,5263,10020,8,8
1668150535,2022-11-11 01:08:55 -0600,1e50c681c14fee8e0ac60169f64b36456b8758bc,TX,48059,2,2022-11-09T01:00:00.000Z,FIPSCode,48059,0,2022-11-11T06:25:48.018Z,8,99.0,8,100.0,58549,4769,90.61,63031,442,8.4,63506,37,0.7,63505,15,0.29,5316,99,5263,10020,8,8
1668150577,2022-11-11 01:09:37 -0600,0abbfde187a9220c52236003e7418badd8862860,TX,48059,2,2022-11-09T01:00:00.000Z,FIPSCode,48059,0,2022-11-11T06:25:48.018Z,8,99.0,8,100.0,58549,4769,90.61,63031,442,8.4,63506,37,0.7,63505,15,0.29,5316,99,5263,10020,8,8
1668150622,2022-11-11 01:10:22 -0600,2a261ea1197d0ea7a6e576ee534e90bd58c90db6,TX,48059,2,2022-11-09T01:00:00.000Z,FIPSCode,48059,0,2022-11-11T06:25:48.018Z,8,99.0,8,100.0,58549,4769,90.61,63031,442,8.4,63506,37,0.7,63505,15,0.29,5316,99,5263,10020,8,8
1668150661,2022-11-11 01:11:01 -0600,e6306073836abfb050a029397aa59180a526e44d,TX,48059,2,2022-11-09T01:00:00.000Z,FIPSCode,48059,0,2022-11-11T06:25:48.018Z,8,99.0,8,100.0,58549,4769,90.61,63031,442,8.4,63506,37,0.7,63505,15,0.29,5316,99,5263,10020,8,8
1668150702,2022-11-11 01:11:42 -0600,25c375c069d0b95d954a77aa4b349e68c7319039,TX,48059,2,2022-11-09T01:00:00.000Z,FIPSCode,48059,0,2022-11-11T06:25:48.018Z,8,99.0,8,100.0,58549,4769,90.61,63031,442,8.4,63506,37,0.7,63505,15,0.29,5316,99,5263,10020,8,8
1668150743,2022-11-11 01:12:23 -0600,625976692d376c690ab21c1d20f83e18f7730c38,TX,48059,2,2022-11-09T01:00:00.000Z,FIPSCode,48059,0,2022-11-11T06:25:48.018Z,8,99.0,8,100.0,58549,4769,90.61,63031,442,8.4,63506,37,0.7,63505,15,0.29,5316,99,5263,10020,8,8
1668150790,2022-11-11 01:13:10 -0600,607267dcec874c052a02c84c6bbc1a050c6b94b2,TX,48059,2,2022-11-09T01:00:00.000Z,FIPSCode,48059,0,2022-11-11T06:25:48.018Z,8,99.0,8,100.0,58549,4769,90.61,63031,442,8.4,63506,37,0.7,63505,15,0.29,5316,99,5263,10020,8,8
1668150917,2022-11-11 01:15:17 -0600,e8911d36fa572c12b2c4af83a1e0edea18cc8b60,TX,48059,2,2022-11-09T01:00:00.000Z,FIPSCode,48059,0,2022-11-11T06:25:48.018Z,8,99.0,8,100.0,58549,4769,90.61,63031,442,8.4,63506,37,0.7,63505,15,0.29,5316,99,5263,10020,8,8
1668150957,2022-11-11 01:15:57 -0600,3fc09609009049fb4a42b976782c9ca65ff956a0,TX,48059,2,2022-11-09T01:00:00.000Z,FIPSCode,48059,0,2022-11-11T06:25:48.018Z,8,99.0,8,100.0,58549,4769,90.61,63031,442,8.4,63506,37,0.7,63505,15,0.29,5316,99,5263,10020,8,8
1668151000,2022-11-11 01:16:40 -0600,e7a73fddab3025a6eaa05bf07a0cd02e43c058dc,TX,48059,2,2022-11-09T01:00:00.000Z,FIPSCode,48059,0,2022-11-11T06:25:48.018Z,8,99.0,8,100.0,58549,4769,90.61,63031,442,8.4,63506,37,0.7,63505,15,0.29,5316,99,5263,10020,8,8
1668151040,2022-11-11 01:17:20 -0600,ba715ef6f5b4d7b94acdd0f90f5a23033df9e72a,TX,48059,2,2022-11-09T01:00:00.000Z,FIPSCode,48059,0,2022-11-11T06:25:48.018Z,8,99.0,8,100.0,58549,4769,90.61,63031,442,8.4,63506,37,0.7,63505,15,0.29,5316,99,5263,10020,8,8
1668151082,2022-11-11 01:18:02 -0600,3cdc5cf5dbeac780e048bbf43b4a460866922bd3,TX,48059,2,2022-11-09T01:00:00.000Z,FIPSCode,48059,0,2022-11-11T06:25:48.018Z,8,99.0,8,100.0,58549,4769,90.61,63031,442,8.4,63506,37,0.7,63505,15,0.29,5316,99,5263,10020,8,8
1668151128,2022-11-11 01:18:48 -0600,3c96e086483590134e8ac2c7b03dc812aff58273,TX,48059,2,2022-11-09T01:00:00.000Z,FIPSCode,48059,0,2022-11-11T06:25:48.018Z,8,99.0,8,100.0,58549,4769,90.61,63031,442,8.4,63506,37,0.7,63505,15,0.29,5316,99,5263,10020,8,8
1668151170,2022-11-11 01:19:30 -0600,59295ea539bd6755013803bb58598cfa5181afd1,TX,48059,2,2022-11-09T01:00:00.000Z,FIPSCode,48059,0,2022-11-11T06:25:48.018Z,8,99.0,8,100.0,58549,4769,90.61,63031,442,8.4,63506,37,0.7,63505,15,0.29,5316,99,5263,10020,8,8
1668151213,2022-11-11 01:20:13 -0600,e030813863e953047fd2762eff3bbd0ca127143e,TX,48059,2,2022-11-09T01:00:00.000Z,FIPSCode,48059,0,2022-11-11T06:25:48.018Z,8,99.0,8,100.0,58549,4769,90.61,63031,442,8.4,63506,37,0.7,63505,15,0.29,5316,99,5263,10020,8,8
1668151256,2022-11-11 01:20:56 -0600,528ebdd2dadf24913dfd77c6f8d41f7e43879a06,TX,48059,2,2022-11-09T01:00:00.000Z,FIPSCode,48059,0,2022-11-11T06:25:48.018Z,8,99.0,8,100.0,58549,4769,90.61,63031,442,8.4,63506,37,0.7,63505,15,0.29,5316,99,5263,10020,8,8
1668151299,2022-11-11 01:21:39 -0600,78999d6c30e3587c66370d90c87afcf83e8c5f58,TX,48059,2,2022-11-09T01:00:00.000Z,FIPSCode,48059,0,2022-11-11T06:25:48.018Z,8,99.0,8,100.0,58549,4769,90.61,63031,442,8.4,63506,37,0.7,63505,15,0.29,5316,99,5263,10020,8,8
1668151560,2022-11-11 01:26:00 -0600,f0c7a38e82ee2c02a78652782cf41c66fec4debe,TX,48059,2,2022-11-09T01:00:00.000Z,FIPSCode,48059,0,2022-11-11T06:25:48.018Z,8,99.0,8,100.0,58549,4769,90.61,63031,442,8.4,63506,37,0.7,63505,15,0.29,5316,99,5263,10020,8,8
1668151601,2022-11-11 01:26:41 -0600,c0f673d6d1a69d986934c67d11e590027db91d99,TX,48059,2,2022-11-09T01:00:00.000Z,FIPSCode,48059,0,2022-11-11T06:25:48.018Z,8,99.0,8,100.0,58549,4769,90.61,63031,442,8.4,63506,37,0.7,63505,15,0.29,5316,99,5263,10020,8,8
1668151644,2022-11-11 01:27:24 -0600,2711b200028b29c0f9e39720734dc5f2f6e1b4bc,TX,48059,2,2022-11-09T01:00:00.000Z,FIPSCode,48059,0,2022-11-11T06:25:48.018Z,8,99.0,8,100.0,58549,4769,90.61,63031,442,8.4,63506,37,0.7,63505,15,0.29,5316,99,5263,10020,8,8
1668151686,2022-11-11 01:28:06 -0600,9278a60f736f6a440a18420d250cd6774fc3ede4,TX,48059,2,2022-11-09T01:00:00.000Z,FIPSCode,48059,0,2022-11-11T06:25:48.018Z,8,99.0,8,100.0,58549,4769,90.61,63031,442,8.4,63506,37,0.7,63505,15,0.29,5316,99,5263,10020,8,8
1668151735,2022-11-11 01:28:55 -0600,49fa98772027c1c9ead0eb0d2a54aa0c562423e6,TX,48059,2,2022-11-09T01:00:00.000Z,FIPSCode,48059,0,2022-11-11T06:25:48.018Z,8,99.0,8,100.0,58549,4769,90.61,63031,442,8.4,63506,37,0.7,63505,15,0.29,5316,99,5263,10020,8,8
1668151773,2022-11-11 01:29:33 -0600,f219a56f67d0fbeff44099249548d3078ef588ca,TX,48059,2,2022-11-09T01:00:00.000Z,FIPSCode,48059,0,2022-11-11T06:25:48.018Z,8,99.0,8,100.0,58549,4769,90.61,63031,442,8.4,63506,37,0.7,63505,15,0.29,5316,99,5263,10020,8,8
1668151816,2022-11-11 01:30:16 -0600,1633fc98c0e669c6da0b3e798ee22bb8ff5360d0,TX,48059,2,2022-11-09T01:00:00.000Z,FIPSCode,48059,0,2022-11-11T06:25:48.018Z,8,99.0,8,100.0,58549,4769,90.61,63031,442,8.4,63506,37,0.7,63505,15,0.29,5316,99,5263,10020,8,8
1668151857,2022-11-11 01:30:57 -0600,909c31402e21457ed3431091ea1998e1e80c6c87,TX,48059,2,2022-11-09T01:00:00.000Z,FIPSCode,48059,0,2022-11-11T06:25:48.018Z,8,99.0,8,100.0,58549,4769,90.61,63031,442,8.4,63506,37,0.7,63505,15,0.29,5316,99,5263,10020,8,8
1668151900,2022-11-11 01:31:40 -0600,4d8b03644d83f96674b353315ba61330b64ca67d,TX,48059,2,2022-11-09T01:00:00.000Z,FIPSCode,48059,0,2022-11-11T06:25:48.018Z,8,99.0,8,100.0,58549,4769,90.61,63031,442,8.4,63506,37,0.7,63505,15,0.29,5316,99,5263,10020,8,8
1668151942,2022-11-11 01:32:22 -0600,248c91aecdf9d50dafed48a713fa8a862f82f193,TX,48059,2,2022-11-09T01:00:00.000Z,FIPSCode,48059,0,2022-11-11T06:25:48.018Z,8,99.0,8,100.0,58549,4769,90.61,63031,442,8.4,63506,37,0.7,63505,15,0.29,5316,99,5263,10020,8,8
1668151984,2022-11-11 01:33:04 -0600,3e3d9ed8cc3e701640b5a00ebd1c7fc0e9ff9429,TX,48059,2,2022-11-09T01:00:00.000Z,FIPSCode,48059,0,2022-11-11T06:25:48.018Z,8,99.0,8,100.0,58549,4769,90.61,63031,442,8.4,63506,37,0.7,63505,15,0.29,5316,99,5263,10020,8,8
1668152032,2022-11-11 01:33:52 -0600,0400d1796ea1019d1138fb06cad3d518b884c827,TX,48059,2,2022-11-09T01:00:00.000Z,FIPSCode,48059,0,2022-11-11T06:25:48.018Z,8,99.0,8,100.0,58549,4769,90.61,63031,442,8.4,63506,37,0.7,63505,15,0.29,5316,99,5263,10020,8,8
1668152071,2022-11-11 01:34:31 -0600,1c6872834624ea8376a7425ea88c04d3620791f3,TX,48059,2,2022-11-09T01:00:00.000Z,FIPSCode,48059,0,2022-11-11T06:25:48.018Z,8,99.0,8,100.0,58549,4769,90.61,63031,442,8.4,63506,37,0.7,63505,15,0.29,5316,99,5263,10020,8,8
1668152114,2022-11-11 01:35:14 -0600,e0b39fecb1b333a8ff027c82e1b749f400fd2a8e,TX,48059,2,2022-11-09T01:00:00.000Z,FIPSCode,48059,0,2022-11-11T06:25:48.018Z,8,99.0,8,100.0,58549,4769,90.61,63031,442,8.4,63506,37,0.7,63505,15,0.29,5316,99,5263,10020,8,8
1668152158,2022-11-11 01:35:58 -0600,8ee379cc2b66c840a0ff60dcd96668207d0c3f47,TX,48059,2,2022-11-09T01:00:00.000Z,FIPSCode,48059,0,2022-11-11T06:25:48.018Z,8,99.0,8,100.0,58549,4769,90.61,63031,442,8.4,63506,37,0.7,63505,15,0.29,5316,99,5263,10020,8,8
1668152197,2022-11-11 01:36:37 -0600,fc2ac7a6609512db83e61414eb4c266f9942d845,TX,48059,2,2022-11-09T01:00:00.000Z,FIPSCode,48059,0,2022-11-11T06:25:48.018Z,8,99.0,8,100.0,58549,4769,90.61,63031,442,8.4,63506,37,0.7,63505,15,0.29,5316,99,5263,10020,8,8
1668152239,2022-11-11 01:37:19 -0600,9dc3e4b7384ede91e47fa411710694cbd7fc54fa,TX,48059,2,2022-11-09T01:00:00.000Z,FIPSCode,48059,0,2022-11-11T06:25:48.018Z,8,99.0,8,100.0,58549,4769,90.61,63031,442,8.4,63506,37,0.7,63505,15,0.29,5316,99,5263,10020,8,8
1668152281,2022-11-11 01:38:01 -0600,322aa015e5b8a1aa8fb69bb5737960bc98739031,TX,48059,2,2022-11-09T01:00:00.000Z,FIPSCode,48059,0,2022-11-11T06:25:48.018Z,8,99.0,8,100.0,58549,4769,90.61,63031,442,8.4,63506,37,0.7,63505,15,0.29,5316,99,5263,10020,8,8
1668152331,2022-11-11 01:38:51 -0600,6f49c398e6ef958117909fbdc9e946dd667cc785,TX,48059,2,2022-11-09T01:00:00.000Z,FIPSCode,48059,0,2022-11-11T06:25:48.018Z,8,99.0,8,100.0,58549,4769,90.61,63031,442,8.4,63506,37,0.7,63505,15,0.29,5316,99,5263,10020,8,8
1668152503,2022-11-11 01:41:43 -0600,8354583487da191bdd6ec0895fa65668e02f7f46,TX,48059,2,2022-11-09T01:00:00.000Z,FIPSCode,48059,0,2022-11-11T06:25:48.018Z,8,99.0,8,100.0,58549,4769,90.61,63031,442,8.4,63506,37,0.7,63505,15,0.29,5316,99,5263,10020,8,8
1668152546,2022-11-11 01:42:26 -0600,3c29258f03db820a9de6d48bd02ac53f17b3cc32,TX,48059,2,2022-11-09T01:00:00.000Z,FIPSCode,48059,0,2022-11-11T06:25:48.018Z,8,99.0,8,100.0,58549,4769,90.61,63031,442,8.4,63506,37,0.7,63505,15,0.29,5316,99,5263,10020,8,8
1668152588,2022-11-11 01:43:08 -0600,3d6a09200f7011176ce52bbbcb687d92b96d86ea,TX,48059,2,2022-11-09T01:00:00.000Z,FIPSCode,48059,0,2022-11-11T06:25:48.018Z,8,99.0,8,100.0,58549,4769,90.61,63031,442,8.4,63506,37,0.7,63505,15,0.29,5316,99,5263,10020,8,8
1668152632,2022-11-11 01:43:52 -0600,0e4e49f923bc4e8918cbf23016426bee1e7a81d5,TX,48059,2,2022-11-09T01:00:00.000Z,FIPSCode,48059,0,2022-11-11T06:25:48.018Z,8,99.0,8,100.0,58549,4769,90.61,63031,442,8.4,63506,37,0.7,63505,15,0.29,5316,99,5263,10020,8,8
1668152677,2022-11-11 01:44:37 -0600,33f945f7480f09822fd607cca15b2d01e9718508,TX,48059,2,2022-11-09T01:00:00.000Z,FIPSCode,48059,0,2022-11-11T06:25:48.018Z,8,99.0,8,100.0,58549,4769,90.61,63031,442,8.4,63506,37,0.7,63505,15,0.29,5316,99,5263,10020,8,8
1668152717,2022-11-11 01:45:17 -0600,99fcdc745af0d2b72abc68b682ac18370ed5303d,TX,48059,2,2022-11-09T01:00:00.000Z,FIPSCode,48059,0,2022-11-11T06:25:48.018Z,8,99.0,8,100.0,58549,4769,90.61,63031,442,8.4,63506,37,0.7,63505,15,0.29,5316,99,5263,10020,8,8
1668152757,2022-11-11 01:45:57 -0600,5028d8bfb10b2bcd328e04cdafc6f1ef4c100f95,TX,48059,2,2022-11-09T01:00:00.000Z,FIPSCode,48059,0,2022-11-11T06:25:48.018Z,8,99.0,8,100.0,58549,4769,90.61,63031,442,8.4,63506,37,0.7,63505,15,0.29,5316,99,5263,10020,8,8
1668153012,2022-11-11 01:50:12 -0600,13c3a5de19bc7283f95037878c56761537425f09,TX,48059,2,2022-11-09T01:00:00.000Z,FIPSCode,48059,0,2022-11-11T06:25:48.018Z,8,99.0,8,100.0,58549,4769,90.61,63031,442,8.4,63506,37,0.7,63505,15,0.29,5316,99,5263,10020,8,8
1668153055,2022-11-11 01:50:55 -0600,5b1bd4287cdb704c6656d852c63d81f8d53e1b16,TX,48059,2,2022-11-09T01:00:00.000Z,FIPSCode,48059,0,2022-11-11T06:25:48.018Z,8,99.0,8,100.0,58549,4769,90.61,63031,442,8.4,63506,37,0.7,63505,15,0.29,5316,99,5263,10020,8,8
1668153111,2022-11-11 01:51:51 -0600,4695880465a6cc118845ceadaf61a4c61bf7b4d7,TX,48059,2,2022-11-09T01:00:00.000Z,FIPSCode,48059,0,2022-11-11T06:25:48.018Z,8,99.0,8,100.0,58549,4769,90.61,63031,442,8.4,63506,37,0.7,63505,15,0.29,5316,99,5263,10020,8,8
1668153158,2022-11-11 01:52:38 -0600,15208baec409e981af41065e0e9f3e0eaa9c7896,TX,48059,2,2022-11-09T01:00:00.000Z,FIPSCode,48059,0,2022-11-11T06:25:48.018Z,8,99.0,8,100.0,58549,4769,90.61,63031,442,8.4,63506,37,0.7,63505,15,0.29,5316,99,5263,10020,8,8
1668153201,2022-11-11 01:53:21 -0600,eb84b225cd25d294bc4368d738355baff861b8ea,TX,48059,2,2022-11-09T01:00:00.000Z,FIPSCode,48059,0,2022-11-11T06:25:48.018Z,8,99.0,8,100.0,58549,4769,90.61,63031,442,8.4,63506,37,0.7,63505,15,0.29,5316,99,5263,10020,8,8
1668153244,2022-11-11 01:54:04 -0600,8774dc7c9bcd075e57fc3184b27298f569248b66,TX,48059,2,2022-11-09T01:00:00.000Z,FIPSCode,48059,0,2022-11-11T06:25:48.018Z,8,99.0,8,100.0,58549,4769,90.61,63031,442,8.4,63506,37,0.7,63505,15,0.29,5316,99,5263,10020,8,8
1668153286,2022-11-11 01:54:46 -0600,d360f882ddf06eeca9d3a4181d27dc30fb4b5757,TX,48059,2,2022-11-09T01:00:00.000Z,FIPSCode,48059,0,2022-11-11T06:25:48.018Z,8,99.0,8,100.0,58549,4769,90.61,63031,442,8.4,63506,37,0.7,63505,15,0.29,5316,99,5263,10020,8,8
1668153326,2022-11-11 01:55:26 -0600,e5f0278b8388fa309a2c989e1ecd5eea73557ba1,TX,48059,2,2022-11-09T01:00:00.000Z,FIPSCode,48059,0,2022-11-11T06:25:48.018Z,8,99.0,8,100.0,58549,4769,90.61,63031,442,8.4,63506,37,0.7,63505,15,0.29,5316,99,5263,10020,8,8
1668153368,2022-11-11 01:56:08 -0600,bbcf9bb939e7cc12237b0c71845468fd569f96aa,TX,48059,2,2022-11-09T01:00:00.000Z,FIPSCode,48059,0,2022-11-11T06:25:48.018Z,8,99.0,8,100.0,58549,4769,90.61,63031,442,8.4,63506,37,0.7,63505,15,0.29,5316,99,5263,10020,8,8
1668153407,2022-11-11 01:56:47 -0600,a65a1a2e4624ac61f36f5110f5ad55bcdb2275c5,TX,48059,2,2022-11-09T01:00:00.000Z,FIPSCode,48059,0,2022-11-11T06:25:48.018Z,8,99.0,8,100.0,58549,4769,90.61,63031,442,8.4,63506,37,0.7,63505,15,0.29,5316,99,5263,10020,8,8
1668153450,2022-11-11 01:57:30 -0600,fbe4e612ffdedb7c246cb8100fee79c384b60095,TX,48059,2,2022-11-09T01:00:00.000Z,FIPSCode,48059,0,2022-11-11T06:25:48.018Z,8,99.0,8,100.0,58549,4769,90.61,63031,442,8.4,63506,37,0.7,63505,15,0.29,5316,99,5263,10020,8,8
1668153488,2022-11-11 01:58:08 -0600,f37ea4d4e1c27138f7e2b98e26276e18a0622c79,TX,48059,2,2022-11-09T01:00:00.000Z,FIPSCode,48059,0,2022-11-11T06:25:48.018Z,8,99.0,8,100.0,58549,4769,90.61,63031,442,8.4,63506,37,0.7,63505,15,0.29,5316,99,5263,10020,8,8
1668153530,2022-11-11 01:58:50 -0600,3ca9961ddfd79a93ae2b30d6f4a870262d92c1ec,TX,48059,2,2022-11-09T01:00:00.000Z,FIPSCode,48059,0,2022-11-11T06:25:48.018Z,8,99.0,8,100.0,58549,4769,90.61,63031,442,8.4,63506,37,0.7,63505,15,0.29,5316,99,5263,10020,8,8
1668153569,2022-11-11 01:59:29 -0600,eeaea2b2733f1c007de1c686341ca2c55588b23d,TX,48059,2,2022-11-09T01:00:00.000Z,FIPSCode,48059,0,2022-11-11T06:25:48.018Z,8,99.0,8,100.0,58549,4769,90.61,63031,442,8.4,63506,37,0.7,63505,15,0.29,5316,99,5263,10020,8,8
1668153607,2022-11-11 02:00:07 -0600,fb9e075cb419abcf59dd506312534d581539e0b9,TX,48059,2,2022-11-09T01:00:00.000Z,FIPSCode,48059,0,2022-11-11T06:25:48.018Z,8,99.0,8,100.0,58549,4769,90.61,63031,442,8.4,63506,37,0.7,63505,15,0.29,5316,99,5263,10020,8,8
1668153647,2022-11-11 02:00:47 -0600,a92e5ef1e1f5fa8145f8663d2b0ef1a51b1380b9,TX,48059,2,2022-11-09T01:00:00.000Z,FIPSCode,48059,0,2022-11-11T06:25:48.018Z,8,99.0,8,100.0,58549,4769,90.61,63031,442,8.4,63506,37,0.7,63505,15,0.29,5316,99,5263,10020,8,8
1668153686,2022-11-11 02:01:26 -0600,8c8d7ccc1b64e09bfbfc7e4563c86fa87870c245,TX,48059,2,2022-11-09T01:00:00.000Z,FIPSCode,48059,0,2022-11-11T06:25:48.018Z,8,99.0,8,100.0,58549,4769,90.61,63031,442,8.4,63506,37,0.7,63505,15,0.29,5316,99,5263,10020,8,8
1668153725,2022-11-11 02:02:05 -0600,7c274aeee246af6f5a526c79e466f919e6f874ca,TX,48059,2,2022-11-09T01:00:00.000Z,FIPSCode,48059,0,2022-11-11T06:25:48.018Z,8,99.0,8,100.0,58549,4769,90.61,63031,442,8.4,63506,37,0.7,63505,15,0.29,5316,99,5263,10020,8,8
1668153765,2022-11-11 02:02:45 -0600,fc1cd49f4cb95ec036b8baf0a4afdacd66beab47,TX,48059,2,2022-11-09T01:00:00.000Z,FIPSCode,48059,0,2022-11-11T06:25:48.018Z,8,99.0,8,100.0,58549,4769,90.61,63031,442,8.4,63506,37,0.7,63505,15,0.29,5316,99,5263,10020,8,8
1668153805,2022-11-11 02:03:25 -0600,ca41feb5a996ff0afb789ec33fd775aa07c796da,TX,48059,2,2022-11-09T01:00:00.000Z,FIPSCode,48059,0,2022-11-11T06:25:48.018Z,8,99.0,8,100.0,58549,4769,90.61,63031,442,8.4,63506,37,0.7,63505,15,0.29,5316,99,5263,10020,8,8
1668153845,2022-11-11 02:04:05 -0600,c104960300e36650d1753e1ae00157d82511f2e2,TX,48059,2,2022-11-09T01:00:00.000Z,FIPSCode,48059,0,2022-11-11T06:25:48.018Z,8,99.0,8,100.0,58549,4769,90.61,63031,442,8.4,63506,37,0.7,63505,15,0.29,5316,99,5263,10020,8,8
1668153884,2022-11-11 02:04:44 -0600,ebcbe8086d3690547016e06c84dc0936299fe195,TX,48059,2,2022-11-09T01:00:00.000Z,FIPSCode,48059,0,2022-11-11T06:25:48.018Z,8,99.0,8,100.0,58549,4769,90.61,63031,442,8.4,63506,37,0.7,63505,15,0.29,5316,99,5263,10020,8,8
1668153922,2022-11-11 02:05:22 -0600,7041c6a794b353461b4b465c1a6a143285908711,TX,48059,2,2022-11-09T01:00:00.000Z,FIPSCode,48059,0,2022-11-11T06:25:48.018Z,8,99.0,8,100.0,58549,4769,90.61,63031,442,8.4,63506,37,0.7,63505,15,0.29,5316,99,5263,10020,8,8
1668153963,2022-11-11 02:06:03 -0600,feea5bb9d9104cd8ba65a5a18a005c9163791c89,TX,48059,2,2022-11-09T01:00:00.000Z,FIPSCode,48059,0,2022-11-11T06:25:48.018Z,8,99.0,8,100.0,58549,4769,90.61,63031,442,8.4,63506,37,0.7,63505,15,0.29,5316,99,5263,10020,8,8
1668154003,2022-11-11 02:06:43 -0600,b835eff6484eff9bb3f04ee8b8d54da4ae78e378,TX,48059,2,2022-11-09T01:00:00.000Z,FIPSCode,48059,0,2022-11-11T06:25:48.018Z,8,99.0,8,100.0,58549,4769,90.61,63031,442,8.4,63506,37,0.7,63505,15,0.29,5316,99,5263,10020,8,8
1668154042,2022-11-11 02:07:22 -0600,377d7b28cb62d908588b6bdef1ba06994c8c8231,TX,48059,2,2022-11-09T01:00:00.000Z,FIPSCode,48059,0,2022-11-11T06:25:48.018Z,8,99.0,8,100.0,58549,4769,90.61,63031,442,8.4,63506,37,0.7,63505,15,0.29,5316,99,5263,10020,8,8
1668154082,2022-11-11 02:08:02 -0600,19d6128aaecd629b9a27c050c83d1a15ca12f05f,TX,48059,2,2022-11-09T01:00:00.000Z,FIPSCode,48059,0,2022-11-11T06:25:48.018Z,8,99.0,8,100.0,58549,4769,90.61,63031,442,8.4,63506,37,0.7,63505,15,0.29,5316,99,5263,10020,8,8
1668154121,2022-11-11 02:08:41 -0600,f532a151b7344c91b564ff68366ed028509631db,TX,48059,2,2022-11-09T01:00:00.000Z,FIPSCode,48059,0,2022-11-11T06:25:48.018Z,8,99.0,8,100.0,58549,4769,90.61,63031,442,8.4,63506,37,0.7,63505,15,0.29,5316,99,5263,10020,8,8
1668154161,2022-11-11 02:09:21 -0600,861c15f29baf60ca4d8f084ae41b6ab2fcb26c4e,TX,48059,2,2022-11-09T01:00:00.000Z,FIPSCode,48059,0,2022-11-11T06:25:48.018Z,8,99.0,8,100.0,58549,4769,90.61,63031,442,8.4,63506,37,0.7,63505,15,0.29,5316,99,5263,10020,8,8
1668154200,2022-11-11 02:10:00 -0600,e04e37fff9398fb623886b9ba4ad7811a8fcec34,TX,48059,2,2022-11-09T01:00:00.000Z,FIPSCode,48059,0,2022-11-11T06:25:48.018Z,8,99.0,8,100.0,58549,4769,90.61,63031,442,8.4,63506,37,0.7,63505,15,0.29,5316,99,5263,10020,8,8
1668154241,2022-11-11 02:10:41 -0600,b9b87fdb0c46d03737d3a34c68ae39309244644e,TX,48059,2,2022-11-09T01:00:00.000Z,FIPSCode,48059,0,2022-11-11T06:25:48.018Z,8,99.0,8,100.0,58549,4769,90.61,63031,442,8.4,63506,37,0.7,63505,15,0.29,5316,99,5263,10020,8,8
1668154281,2022-11-11 02:11:21 -0600,908f837f04a80d9b25d0b86226b0d490bfc6f8fc,TX,48059,2,2022-11-09T01:00:00.000Z,FIPSCode,48059,0,2022-11-11T06:25:48.018Z,8,99.0,8,100.0,58549,4769,90.61,63031,442,8.4,63506,37,0.7,63505,15,0.29,5316,99,5263,10020,8,8
1668154321,2022-11-11 02:12:01 -0600,d0d594a55a99c60866a7c841b0fff8b4a36c09fc,TX,48059,2,2022-11-09T01:00:00.000Z,FIPSCode,48059,0,2022-11-11T06:25:48.018Z,8,99.0,8,100.0,58549,4769,90.61,63031,442,8.4,63506,37,0.7,63505,15,0.29,5316,99,5263,10020,8,8
1668154360,2022-11-11 02:12:40 -0600,6e3876b77b0be18e0b9044bcc334d4bac3da2c79,TX,48059,2,2022-11-09T01:00:00.000Z,FIPSCode,48059,0,2022-11-11T06:25:48.018Z,8,99.0,8,100.0,58549,4769,90.61,63031,442,8.4,63506,37,0.7,63505,15,0.29,5316,99,5263,10020,8,8
1668154399,2022-11-11 02:13:19 -0600,d261a09f7d73941f2312a8b556d296e6ff1607a2,TX,48059,2,2022-11-09T01:00:00.000Z,FIPSCode,48059,0,2022-11-11T06:25:48.018Z,8,99.0,8,100.0,58549,4769,90.61,63031,442,8.4,63506,37,0.7,63505,15,0.29,5316,99,5263,10020,8,8
1668154437,2022-11-11 02:13:57 -0600,168e8e16a259757b52bf64e431fefe436c745427,TX,48059,2,2022-11-09T01:00:00.000Z,FIPSCode,48059,0,2022-11-11T06:25:48.018Z,8,99.0,8,100.0,58549,4769,90.61,63031,442,8.4,63506,37,0.7,63505,15,0.29,5316,99,5263,10020,8,8
1668154480,2022-11-11 02:14:40 -0600,777c7482299eae86d68bd9df983c83d2d43cfd3a,TX,48059,2,2022-11-09T01:00:00.000Z,FIPSCode,48059,0,2022-11-11T06:25:48.018Z,8,99.0,8,100.0,58549,4769,90.61,63031,442,8.4,63506,37,0.7,63505,15,0.29,5316,99,5263,10020,8,8
1668154517,2022-11-11 02:15:17 -0600,e06f8011cbfd7e86ca2e9bcf42f11cc3906d1b45,TX,48059,2,2022-11-09T01:00:00.000Z,FIPSCode,48059,0,2022-11-11T06:25:48.018Z,8,99.0,8,100.0,58549,4769,90.61,63031,442,8.4,63506,37,0.7,63505,15,0.29,5316,99,5263,10020,8,8
1668154556,2022-11-11 02:15:56 -0600,fe0aec0785dfa12b9e2f237bbf9967c531485639,TX,48059,2,2022-11-09T01:00:00.000Z,FIPSCode,48059,0,2022-11-11T06:25:48.018Z,8,99.0,8,100.0,58549,4769,90.61,63031,442,8.4,63506,37,0.7,63505,15,0.29,5316,99,5263,10020,8,8
1668154594,2022-11-11 02:16:34 -0600,83a9f9bbae13989b5ad55f924b0cc9c1b6ab3c5c,TX,48059,2,2022-11-09T01:00:00.000Z,FIPSCode,48059,0,2022-11-11T06:25:48.018Z,8,99.0,8,100.0,58549,4769,90.61,63031,442,8.4,63506,37,0.7,63505,15,0.29,5316,99,5263,10020,8,8
1668154634,2022-11-11 02:17:14 -0600,89895f98414552f7d6fdab05c17ebb66c4a5ff59,TX,48059,2,2022-11-09T01:00:00.000Z,FIPSCode,48059,0,2022-11-11T06:25:48.018Z,8,99.0,8,100.0,58549,4769,90.61,63031,442,8.4,63506,37,0.7,63505,15,0.29,5316,99,5263,10020,8,8
1668154673,2022-11-11 02:17:53 -0600,452aec29046d64980e4682d3e7cfa7252c6501f3,TX,48059,2,2022-11-09T01:00:00.000Z,FIPSCode,48059,0,2022-11-11T06:25:48.018Z,8,99.0,8,100.0,58549,4769,90.61,63031,442,8.4,63506,37,0.7,63505,15,0.29,5316,99,5263,10020,8,8
1668154713,2022-11-11 02:18:33 -0600,378623996c7250e591ec2a8eca30ad0c6320f34e,TX,48059,2,2022-11-09T01:00:00.000Z,FIPSCode,48059,0,2022-11-11T06:25:48.018Z,8,99.0,8,100.0,58549,4769,90.61,63031,442,8.4,63506,37,0.7,63505,15,0.29,5316,99,5263,10020,8,8
1668154752,2022-11-11 02:19:12 -0600,6ef533b08f99a45a82af0f199f22841e1a723cc5,TX,48059,2,2022-11-09T01:00:00.000Z,FIPSCode,48059,0,2022-11-11T06:25:48.018Z,8,99.0,8,100.0,58549,4769,90.61,63031,442,8.4,63506,37,0.7,63505,15,0.29,5316,99,5263,10020,8,8
1668154793,2022-11-11 02:19:53 -0600,4e0224fb7dcd44b596697d25b1f5ed204254fc1d,TX,48059,2,2022-11-09T01:00:00.000Z,FIPSCode,48059,0,2022-11-11T06:25:48.018Z,8,99.0,8,100.0,58549,4769,90.61,63031,442,8.4,63506,37,0.7,63505,15,0.29,5316,99,5263,10020,8,8
1668154831,2022-11-11 02:20:31 -0600,e9968d82d656bcee0f40035a3e9aff2c2b01c528,TX,48059,2,2022-11-09T01:00:00.000Z,FIPSCode,48059,0,2022-11-11T06:25:48.018Z,8,99.0,8,100.0,58549,4769,90.61,63031,442,8.4,63506,37,0.7,63505,15,0.29,5316,99,5263,10020,8,8
1668154870,2022-11-11 02:21:10 -0600,58444fbae3c2fc9e6e9186a7799167162722b8d2,TX,48059,2,2022-11-09T01:00:00.000Z,FIPSCode,48059,0,2022-11-11T06:25:48.018Z,8,99.0,8,100.0,58549,4769,90.61,63031,442,8.4,63506,37,0.7,63505,15,0.29,5316,99,5263,10020,8,8
1668154911,2022-11-11 02:21:51 -0600,26dbd7e26c2a22feda4022fd1a49b790b825f5c5,TX,48059,2,2022-11-09T01:00:00.000Z,FIPSCode,48059,0,2022-11-11T06:25:48.018Z,8,99.0,8,100.0,58549,4769,90.61,63031,442,8.4,63506,37,0.7,63505,15,0.29,5316,99,5263,10020,8,8
1668154949,2022-11-11 02:22:29 -0600,385261bb58ce5e7af76a0d5b7105458243ea06c9,TX,48059,2,2022-11-09T01:00:00.000Z,FIPSCode,48059,0,2022-11-11T06:25:48.018Z,8,99.0,8,100.0,58549,4769,90.61,63031,442,8.4,63506,37,0.7,63505,15,0.29,5316,99,5263,10020,8,8
1668154989,2022-11-11 02:23:09 -0600,ed5268d0178fb23bc4c2f3ba1643d852b95a77e2,TX,48059,2,2022-11-09T01:00:00.000Z,FIPSCode,48059,0,2022-11-11T06:25:48.018Z,8,99.0,8,100.0,58549,4769,90.61,63031,442,8.4,63506,37,0.7,63505,15,0.29,5316,99,5263,10020,8,8
1668155028,2022-11-11 02:23:48 -0600,181ccbf41d1c39ab965e0d5983d1bd5fa14c3410,TX,48059,2,2022-11-09T01:00:00.000Z,FIPSCode,48059,0,2022-11-11T06:25:48.018Z,8,99.0,8,100.0,58549,4769,90.61,63031,442,8.4,63506,37,0.7,63505,15,0.29,5316,99,5263,10020,8,8
1668155067,2022-11-11 02:24:27 -0600,29780bc5e6b7c470448be0a612a0aff31741710e,TX,48059,2,2022-11-09T01:00:00.000Z,FIPSCode,48059,0,2022-11-11T06:25:48.018Z,8,99.0,8,100.0,58549,4769,90.61,63031,442,8.4,63506,37,0.7,63505,15,0.29,5316,99,5263,10020,8,8
1668155106,2022-11-11 02:25:06 -0600,1ce7967d68917df91f3bf1748fe0af260091caed,TX,48059,2,2022-11-09T01:00:00.000Z,FIPSCode,48059,0,2022-11-11T08:24:49.567Z,8,99.0,8,100.0,58549,4769,90.61,63031,442,8.4,63506,37,0.7,63505,15,0.29,5316,99,5263,10020,8,8
1668155147,2022-11-11 02:25:47 -0600,da493aca77ffb5b2128ed28f806542646d97ef90,TX,48059,2,2022-11-09T01:00:00.000Z,FIPSCode,48059,0,2022-11-11T08:24:49.567Z,8,99.0,8,100.0,58549,4769,90.61,63031,442,8.4,63506,37,0.7,63505,15,0.29,5316,99,5263,10020,8,8
1668155185,2022-11-11 02:26:25 -0600,0b4e2cc89c49fdc12cc36eb50ce0d3c05e96b2ff,TX,48059,2,2022-11-09T01:00:00.000Z,FIPSCode,48059,0,2022-11-11T08:24:49.567Z,8,99.0,8,100.0,58549,4769,90.61,63031,442,8.4,63506,37,0.7,63505,15,0.29,5316,99,5263,10020,8,8
1668155225,2022-11-11 02:27:05 -0600,8b7d7905f6c14b635107eebde91be35094169e86,TX,48059,2,2022-11-09T01:00:00.000Z,FIPSCode,48059,0,2022-11-11T08:26:32.844Z,8,99.0,8,100.0,58549,4769,90.61,63031,442,8.4,63506,37,0.7,63505,15,0.29,5316,99,5263,10020,8,8
1668155264,2022-11-11 02:27:44 -0600,b9585f236481deed144827ff528925c0c6e135cf,TX,48059,2,2022-11-09T01:00:00.000Z,FIPSCode,48059,0,2022-11-11T08:26:32.844Z,8,99.0,8,100.0,58549,4769,90.61,63031,442,8.4,63506,37,0.7,63505,15,0.29,5316,99,5263,10020,8,8
1668155303,2022-11-11 02:28:23 -0600,63f43c3cdb0bd42b93aaa4f3cd85a6d76c06c391,TX,48059,2,2022-11-09T01:00:00.000Z,FIPSCode,48059,0,2022-11-11T08:26:32.844Z,8,99.0,8,100.0,58549,4769,90.61,63031,442,8.4,63506,37,0.7,63505,15,0.29,5316,99,5263,10020,8,8
1668155342,2022-11-11 02:29:02 -0600,0d142617528eca66bf62f00036902b1910520b3e,TX,48059,2,2022-11-09T01:00:00.000Z,FIPSCode,48059,0,2022-11-11T08:26:32.844Z,8,99.0,8,100.0,58549,4769,90.61,63031,442,8.4,63506,37,0.7,63505,15,0.29,5316,99,5263,10020,8,8
1668155381,2022-11-11 02:29:41 -0600,1851ef79959fcd3ef743225893ce6266626dd399,TX,48059,2,2022-11-09T01:00:00.000Z,FIPSCode,48059,0,2022-11-11T08:26:32.844Z,8,99.0,8,100.0,58549,4769,90.61,63031,442,8.4,63506,37,0.7,63505,15,0.29,5316,99,5263,10020,8,8
1668155421,2022-11-11 02:30:21 -0600,78adfc1aea8b906f04a27ebb125180ceb6e3adcf,TX,48059,2,2022-11-09T01:00:00.000Z,FIPSCode,48059,0,2022-11-11T08:26:32.844Z,8,99.0,8,100.0,58549,4769,90.61,63031,442,8.4,63506,37,0.7,63505,15,0.29,5316,99,5263,10020,8,8
1668155461,2022-11-11 02:31:01 -0600,188b0828723547238b33bfef23a091e351059fbb,TX,48059,2,2022-11-09T01:00:00.000Z,FIPSCode,48059,0,2022-11-11T08:26:32.844Z,8,99.0,8,100.0,58549,4769,90.61,63031,442,8.4,63506,37,0.7,63505,15,0.29,5316,99,5263,10020,8,8
1668155500,2022-11-11 02:31:40 -0600,25b47d50ec646010497e669830ca11eca15f34ba,TX,48059,2,2022-11-09T01:00:00.000Z,FIPSCode,48059,0,2022-11-11T08:26:32.844Z,8,99.0,8,100.0,58549,4769,90.61,63031,442,8.4,63506,37,0.7,63505,15,0.29,5316,99,5263,10020,8,8
1668155539,2022-11-11 02:32:19 -0600,a6eb49a963d7dbbfebe01f009d77ba038943f817,TX,48059,2,2022-11-09T01:00:00.000Z,FIPSCode,48059,0,2022-11-11T08:26:32.844Z,8,99.0,8,100.0,58549,4769,90.61,63031,442,8.4,63506,37,0.7,63505,15,0.29,5316,99,5263,10020,8,8
1668155578,2022-11-11 02:32:58 -0600,575697b5aea5d22ba5d8a96f2b2a714c7f1d2f1b,TX,48059,2,2022-11-09T01:00:00.000Z,FIPSCode,48059,0,2022-11-11T08:26:32.844Z,8,99.0,8,100.0,58549,4769,90.61,63031,442,8.4,63506,37,0.7,63505,15,0.29,5316,99,5263,10020,8,8
1668155616,2022-11-11 02:33:36 -0600,292f74948b24bb77c31d1e336c74bcc7947612dd,TX,48059,2,2022-11-09T01:00:00.000Z,FIPSCode,48059,0,2022-11-11T08:26:32.844Z,8,99.0,8,100.0,58549,4769,90.61,63031,442,8.4,63506,37,0.7,63505,15,0.29,5316,99,5263,10020,8,8
1668155655,2022-11-11 02:34:15 -0600,2464092df4abddca00902e0e8ae4e01b2b7193cc,TX,48059,2,2022-11-09T01:00:00.000Z,FIPSCode,48059,0,2022-11-11T08:26:32.844Z,8,99.0,8,100.0,58549,4769,90.61,63031,442,8.4,63506,37,0.7,63505,15,0.29,5316,99,5263,10020,8,8
1668155695,2022-11-11 02:34:55 -0600,ab0503688472326798c681e9b5e30b6cc40d9ba5,TX,48059,2,2022-11-09T01:00:00.000Z,FIPSCode,48059,0,2022-11-11T08:26:32.844Z,8,99.0,8,100.0,58549,4769,90.61,63031,442,8.4,63506,37,0.7,63505,15,0.29,5316,99,5263,10020,8,8
1668155734,2022-11-11 02:35:34 -0600,ceed90fa2c1d40b348b528f66aa27eed1731a86e,TX,48059,2,2022-11-09T01:00:00.000Z,FIPSCode,48059,0,2022-11-11T08:26:32.844Z,8,99.0,8,100.0,58549,4769,90.61,63031,442,8.4,63506,37,0.7,63505,15,0.29,5316,99,5263,10020,8,8
1668155774,2022-11-11 02:36:14 -0600,3cf6d06eb83dd37968b1f50a3a55d7cd84367d25,TX,48059,2,2022-11-09T01:00:00.000Z,FIPSCode,48059,0,2022-11-11T08:26:32.844Z,8,99.0,8,100.0,58549,4769,90.61,63031,442,8.4,63506,37,0.7,63505,15,0.29,5316,99,5263,10020,8,8
1668155814,2022-11-11 02:36:54 -0600,8a96110abd39bd730b7039f4227a5e50d6473fd3,TX,48059,2,2022-11-09T01:00:00.000Z,FIPSCode,48059,0,2022-11-11T08:26:32.844Z,8,99.0,8,100.0,58549,4769,90.61,63031,442,8.4,63506,37,0.7,63505,15,0.29,5316,99,5263,10020,8,8
1668155853,2022-11-11 02:37:33 -0600,ccd0b7b7c15aa192f7babc5e314461a1d767f5fd,TX,48059,2,2022-11-09T01:00:00.000Z,FIPSCode,48059,0,2022-11-11T08:26:32.844Z,8,99.0,8,100.0,58549,4769,90.61,63031,442,8.4,63506,37,0.7,63505,15,0.29,5316,99,5263,10020,8,8
1668155891,2022-11-11 02:38:11 -0600,608e20a67f45077b706ddd04befaddfc53dd0283,TX,48059,2,2022-11-09T01:00:00.000Z,FIPSCode,48059,0,2022-11-11T08:26:32.844Z,8,99.0,8,100.0,58549,4769,90.61,63031,442,8.4,63506,37,0.7,63505,15,0.29,5316,99,5263,10020,8,8
1668155932,2022-11-11 02:38:52 -0600,0864e8bd3e1427060b1ac196fd6ad48d6ec3f9d2,TX,48059,2,2022-11-09T01:00:00.000Z,FIPSCode,48059,0,2022-11-11T08:26:32.844Z,8,99.0,8,100.0,58549,4769,90.61,63031,442,8.4,63506,37,0.7,63505,15,0.29,5316,99,5263,10020,8,8
1668155971,2022-11-11 02:39:31 -0600,a894d24b6c6e9ab01145bd4d591c9a1e970c634c,TX,48059,2,2022-11-09T01:00:00.000Z,FIPSCode,48059,0,2022-11-11T08:26:32.844Z,8,99.0,8,100.0,58549,4769,90.61,63031,442,8.4,63506,37,0.7,63505,15,0.29,5316,99,5263,10020,8,8
1668156010,2022-11-11 02:40:10 -0600,9db4d5b4c452dcba344ea30a18f71b3ca51e1673,TX,48059,2,2022-11-09T01:00:00.000Z,FIPSCode,48059,0,2022-11-11T08:26:32.844Z,8,99.0,8,100.0,58549,4769,90.61,63031,442,8.4,63506,37,0.7,63505,15,0.29,5316,99,5263,10020,8,8
1668156050,2022-11-11 02:40:50 -0600,8dc1c34ac1ef04bcf14958ef378343839bf51304,TX,48059,2,2022-11-09T01:00:00.000Z,FIPSCode,48059,0,2022-11-11T08:26:32.844Z,8,99.0,8,100.0,58549,4769,90.61,63031,442,8.4,63506,37,0.7,63505,15,0.29,5316,99,5263,10020,8,8
1668156090,2022-11-11 02:41:30 -0600,04b0ab505f25f6242e384ee5cdb53553e598ee85,TX,48059,2,2022-11-09T01:00:00.000Z,FIPSCode,48059,0,2022-11-11T08:26:32.844Z,8,99.0,8,100.0,58549,4769,90.61,63031,442,8.4,63506,37,0.7,63505,15,0.29,5316,99,5263,10020,8,8
1668156129,2022-11-11 02:42:09 -0600,54e996ba731cf431d392861c65e1fcb8f814c22f,TX,48059,2,2022-11-09T01:00:00.000Z,FIPSCode,48059,0,2022-11-11T08:26:32.844Z,8,99.0,8,100.0,58549,4769,90.61,63031,442,8.4,63506,37,0.7,63505,15,0.29,5316,99,5263,10020,8,8
1668156168,2022-11-11 02:42:48 -0600,0140c39182a1bbddcd85b7976d4c4a33ff5b8701,TX,48059,2,2022-11-09T01:00:00.000Z,FIPSCode,48059,0,2022-11-11T08:26:32.844Z,8,99.0,8,100.0,58549,4769,90.61,63031,442,8.4,63506,37,0.7,63505,15,0.29,5316,99,5263,10020,8,8
1668156208,2022-11-11 02:43:28 -0600,51904813f6491c636a9a0a50c98ae6945322227a,TX,48059,2,2022-11-09T01:00:00.000Z,FIPSCode,48059,0,2022-11-11T08:26:32.844Z,8,99.0,8,100.0,58549,4769,90.61,63031,442,8.4,63506,37,0.7,63505,15,0.29,5316,99,5263,10020,8,8
1668156248,2022-11-11 02:44:08 -0600,082af3bf9ecee9cc976247fbfd1826e52e8540f5,TX,48059,2,2022-11-09T01:00:00.000Z,FIPSCode,48059,0,2022-11-11T08:26:32.844Z,8,99.0,8,100.0,58549,4769,90.61,63031,442,8.4,63506,37,0.7,63505,15,0.29,5316,99,5263,10020,8,8
1668156288,2022-11-11 02:44:48 -0600,61abc4bf1db1596767ed10e8d74c98c02b109fdb,TX,48059,2,2022-11-09T01:00:00.000Z,FIPSCode,48059,0,2022-11-11T08:26:32.844Z,8,99.0,8,100.0,58549,4769,90.61,63031,442,8.4,63506,37,0.7,63505,15,0.29,5316,99,5263,10020,8,8
1668156327,2022-11-11 02:45:27 -0600,4833b313611493766db2ad9abca385d2159bfc93,TX,48059,2,2022-11-09T01:00:00.000Z,FIPSCode,48059,0,2022-11-11T08:26:32.844Z,8,99.0,8,100.0,58549,4769,90.61,63031,442,8.4,63506,37,0.7,63505,15,0.29,5316,99,5263,10020,8,8
1668156367,2022-11-11 02:46:07 -0600,e314c249695271b3f81af09f30c6d16fae962762,TX,48059,2,2022-11-09T01:00:00.000Z,FIPSCode,48059,0,2022-11-11T08:26:32.844Z,8,99.0,8,100.0,58549,4769,90.61,63031,442,8.4,63506,37,0.7,63505,15,0.29,5316,99,5263,10020,8,8
1668156407,2022-11-11 02:46:47 -0600,c732ab20339f683a26bd295ce79540d1770931d2,TX,48059,2,2022-11-09T01:00:00.000Z,FIPSCode,48059,0,2022-11-11T08:26:32.844Z,8,99.0,8,100.0,58549,4769,90.61,63031,442,8.4,63506,37,0.7,63505,15,0.29,5316,99,5263,10020,8,8
1668156448,2022-11-11 02:47:28 -0600,5d2f80d1372b4ff312dde3bd29761d806e87377a,TX,48059,2,2022-11-09T01:00:00.000Z,FIPSCode,48059,0,2022-11-11T08:26:32.844Z,8,99.0,8,100.0,58549,4769,90.61,63031,442,8.4,63506,37,0.7,63505,15,0.29,5316,99,5263,10020,8,8
1668156489,2022-11-11 02:48:09 -0600,95682e589dc6e35ed13f0c58d7054d8d03e9044a,TX,48059,2,2022-11-09T01:00:00.000Z,FIPSCode,48059,0,2022-11-11T08:26:32.844Z,8,99.0,8,100.0,58549,4769,90.61,63031,442,8.4,63506,37,0.7,63505,15,0.29,5316,99,5263,10020,8,8
1668156528,2022-11-11 02:48:48 -0600,7dfa6aab4873b93689d79e08586ff0ebe8e972e8,TX,48059,2,2022-11-09T01:00:00.000Z,FIPSCode,48059,0,2022-11-11T08:26:32.844Z,8,99.0,8,100.0,58549,4769,90.61,63031,442,8.4,63506,37,0.7,63505,15,0.29,5316,99,5263,10020,8,8
1668156566,2022-11-11 02:49:26 -0600,e91b7f07a10f87f4a4e0b87391724de8d4a7424f,TX,48059,2,2022-11-09T01:00:00.000Z,FIPSCode,48059,0,2022-11-11T08:26:32.844Z,8,99.0,8,100.0,58549,4769,90.61,63031,442,8.4,63506,37,0.7,63505,15,0.29,5316,99,5263,10020,8,8
1668156607,2022-11-11 02:50:07 -0600,a3ef0939284b504c87c3557d74445666d2ce9f2a,TX,48059,2,2022-11-09T01:00:00.000Z,FIPSCode,48059,0,2022-11-11T08:26:32.844Z,8,99.0,8,100.0,58549,4769,90.61,63031,442,8.4,63506,37,0.7,63505,15,0.29,5316,99,5263,10020,8,8
1668156647,2022-11-11 02:50:47 -0600,bae30fc5a3310b04aec3ca307f740dcd2e71d9cd,TX,48059,2,2022-11-09T01:00:00.000Z,FIPSCode,48059,0,2022-11-11T08:26:32.844Z,8,99.0,8,100.0,58549,4769,90.61,63031,442,8.4,63506,37,0.7,63505,15,0.29,5316,99,5263,10020,8,8
1668156687,2022-11-11 02:51:27 -0600,c15d736ee5f7730026ac5dcd267124c7aff330c2,TX,48059,2,2022-11-09T01:00:00.000Z,FIPSCode,48059,0,2022-11-11T08:26:32.844Z,8,99.0,8,100.0,58549,4769,90.61,63031,442,8.4,63506,37,0.7,63505,15,0.29,5316,99,5263,10020,8,8
1668156727,2022-11-11 02:52:07 -0600,5db3b7c17aeabb5bed2dae357cc69c93dac40a16,TX,48059,2,2022-11-09T01:00:00.000Z,FIPSCode,48059,0,2022-11-11T08:26:32.844Z,8,99.0,8,100.0,58549,4769,90.61,63031,442,8.4,63506,37,0.7,63505,15,0.29,5316,99,5263,10020,8,8
1668156768,2022-11-11 02:52:48 -0600,046160782e8c80018348ed4b1e0d9de15526a8ad,TX,48059,2,2022-11-09T01:00:00.000Z,FIPSCode,48059,0,2022-11-11T08:26:32.844Z,8,99.0,8,100.0,58549,4769,90.61,63031,442,8.4,63506,37,0.7,63505,15,0.29,5316,99,5263,10020,8,8
1668156808,2022-11-11 02:53:28 -0600,ca91b1414e8fc64814af8150d8385eb870f138de,TX,48059,2,2022-11-09T01:00:00.000Z,FIPSCode,48059,0,2022-11-11T08:26:32.844Z,8,99.0,8,100.0,58549,4769,90.61,63031,442,8.4,63506,37,0.7,63505,15,0.29,5316,99,5263,10020,8,8
1668156848,2022-11-11 02:54:08 -0600,9dd0e17cb1a048c9c2be603176db2c789bec1d98,TX,48059,2,2022-11-09T01:00:00.000Z,FIPSCode,48059,0,2022-11-11T08:26:32.844Z,8,99.0,8,100.0,58549,4769,90.61,63031,442,8.4,63506,37,0.7,63505,15,0.29,5316,99,5263,10020,8,8
1668156887,2022-11-11 02:54:47 -0600,da0ba03fa077dbbf85dc7b9bcbcf85e2bcd20103,TX,48059,2,2022-11-09T01:00:00.000Z,FIPSCode,48059,0,2022-11-11T08:26:32.844Z,8,99.0,8,100.0,58549,4769,90.61,63031,442,8.4,63506,37,0.7,63505,15,0.29,5316,99,5263,10020,8,8
1668156934,2022-11-11 02:55:34 -0600,e081f3e2f70ee71908db98bfc389bcd5662d91ca,TX,48059,2,2022-11-09T01:00:00.000Z,FIPSCode,48059,0,2022-11-11T08:26:32.844Z,8,99.0,8,100.0,58549,4769,90.61,63031,442,8.4,63506,37,0.7,63505,15,0.29,5316,99,5263,10020,8,8
1668156974,2022-11-11 02:56:14 -0600,23920709777d2a19feaa02fe9f037894c3a273e9,TX,48059,2,2022-11-09T01:00:00.000Z,FIPSCode,48059,0,2022-11-11T08:26:32.844Z,8,99.0,8,100.0,58549,4769,90.61,63031,442,8.4,63506,37,0.7,63505,15,0.29,5316,99,5263,10020,8,8
1668157014,2022-11-11 02:56:54 -0600,5d2a2d022844e7130fca988ae814dac25d9890b7,TX,48059,2,2022-11-09T01:00:00.000Z,FIPSCode,48059,0,2022-11-11T08:26:32.844Z,8,99.0,8,100.0,58549,4769,90.61,63031,442,8.4,63506,37,0.7,63505,15,0.29,5316,99,5263,10020,8,8
1668157065,2022-11-11 02:57:45 -0600,989496d61afc31f81d4ddd93b633aa827c1c6c1a,TX,48059,2,2022-11-09T01:00:00.000Z,FIPSCode,48059,0,2022-11-11T08:26:32.844Z,8,99.0,8,100.0,58549,4769,90.61,63031,442,8.4,63506,37,0.7,63505,15,0.29,5316,99,5263,10020,8,8
1668157098,2022-11-11 02:58:18 -0600,ff77768f465a802d43378773476cc17ae86455be,TX,48059,2,2022-11-09T01:00:00.000Z,FIPSCode,48059,0,2022-11-11T08:26:32.844Z,8,99.0,8,100.0,58549,4769,90.61,63031,442,8.4,63506,37,0.7,63505,15,0.29,5316,99,5263,10020,8,8
1668157139,2022-11-11 02:58:59 -0600,22d03a624130456f54c8b94cbb93dd064274490c,TX,48059,2,2022-11-09T01:00:00.000Z,FIPSCode,48059,0,2022-11-11T08:26:32.844Z,8,99.0,8,100.0,58549,4769,90.61,63031,442,8.4,63506,37,0.7,63505,15,0.29,5316,99,5263,10020,8,8
1668157178,2022-11-11 02:59:38 -0600,db195e0b6e14d9921b347cf86b188b19085763f8,TX,48059,2,2022-11-09T01:00:00.000Z,FIPSCode,48059,0,2022-11-11T08:26:32.844Z,8,99.0,8,100.0,58549,4769,90.61,63031,442,8.4,63506,37,0.7,63505,15,0.29,5316,99,5263,10020,8,8
1668157219,2022-11-11 03:00:19 -0600,3cb443e2f126aa55b663fd94abe98dd95384303d,TX,48059,2,2022-11-09T01:00:00.000Z,FIPSCode,48059,0,2022-11-11T08:26:32.844Z,8,99.0,8,100.0,58549,4769,90.61,63031,442,8.4,63506,37,0.7,63505,15,0.29,5316,99,5263,10020,8,8
1668157258,2022-11-11 03:00:58 -0600,eb21311fa344493b30a94bc8f312a16c8f93fd65,TX,48059,2,2022-11-09T01:00:00.000Z,FIPSCode,48059,0,2022-11-11T08:26:32.844Z,8,99.0,8,100.0,58549,4769,90.61,63031,442,8.4,63506,37,0.7,63505,15,0.29,5316,99,5263,10020,8,8
1668157298,2022-11-11 03:01:38 -0600,190c8f183a16c978d0d74949aba702e6f747c39d,TX,48059,2,2022-11-09T01:00:00.000Z,FIPSCode,48059,0,2022-11-11T08:26:32.844Z,8,99.0,8,100.0,58549,4769,90.61,63031,442,8.4,63506,37,0.7,63505,15,0.29,5316,99,5263,10020,8,8
1668157338,2022-11-11 03:02:18 -0600,8ca6d899f9b6f8359daf55c0e699d7df1da551b2,TX,48059,2,2022-11-09T01:00:00.000Z,FIPSCode,48059,0,2022-11-11T08:26:32.844Z,8,99.0,8,100.0,58549,4769,90.61,63031,442,8.4,63506,37,0.7,63505,15,0.29,5316,99,5263,10020,8,8
1668157378,2022-11-11 03:02:58 -0600,6317063848d82803a6d8e8db4cf21dcf86248270,TX,48059,2,2022-11-09T01:00:00.000Z,FIPSCode,48059,0,2022-11-11T08:26:32.844Z,8,99.0,8,100.0,58549,4769,90.61,63031,442,8.4,63506,37,0.7,63505,15,0.29,5316,99,5263,10020,8,8
1668157416,2022-11-11 03:03:36 -0600,90ad5d4bd31aa0b21f0ab45ae01832cd3bca07a1,TX,48059,2,2022-11-09T01:00:00.000Z,FIPSCode,48059,0,2022-11-11T08:26:32.844Z,8,99.0,8,100.0,58549,4769,90.61,63031,442,8.4,63506,37,0.7,63505,15,0.29,5316,99,5263,10020,8,8
1668157456,2022-11-11 03:04:16 -0600,d2be5c0353ee7df202c93309d33258fcf9dae2ad,TX,48059,2,2022-11-09T01:00:00.000Z,FIPSCode,48059,0,2022-11-11T08:26:32.844Z,8,99.0,8,100.0,58549,4769,90.61,63031,442,8.4,63506,37,0.7,63505,15,0.29,5316,99,5263,10020,8,8
1668157496,2022-11-11 03:04:56 -0600,4620584b47cb21cda9a6f6209fb59ad165322dbe,TX,48059,2,2022-11-09T01:00:00.000Z,FIPSCode,48059,0,2022-11-11T08:26:32.844Z,8,99.0,8,100.0,58549,4769,90.61,63031,442,8.4,63506,37,0.7,63505,15,0.29,5316,99,5263,10020,8,8
1668157535,2022-11-11 03:05:35 -0600,2070e03b6dcebe25939510efd628313444ef62f9,TX,48059,2,2022-11-09T01:00:00.000Z,FIPSCode,48059,0,2022-11-11T08:26:32.844Z,8,99.0,8,100.0,58549,4769,90.61,63031,442,8.4,63506,37,0.7,63505,15,0.29,5316,99,5263,10020,8,8
1668157575,2022-11-11 03:06:15 -0600,1eeebe19f6c0bf75840472b9e76c09a40f3ec4c4,TX,48059,2,2022-11-09T01:00:00.000Z,FIPSCode,48059,0,2022-11-11T08:26:32.844Z,8,99.0,8,100.0,58549,4769,90.61,63031,442,8.4,63506,37,0.7,63505,15,0.29,5316,99,5263,10020,8,8
1668157616,2022-11-11 03:06:56 -0600,f8e22039214a4e7814633d39ec3796777115b4cd,TX,48059,2,2022-11-09T01:00:00.000Z,FIPSCode,48059,0,2022-11-11T08:26:32.844Z,8,99.0,8,100.0,58549,4769,90.61,63031,442,8.4,63506,37,0.7,63505,15,0.29,5316,99,5263,10020,8,8
1668157655,2022-11-11 03:07:35 -0600,75cdd54e0fef20686e659e6581b02f44b9930f78,TX,48059,2,2022-11-09T01:00:00.000Z,FIPSCode,48059,0,2022-11-11T08:26:32.844Z,8,99.0,8,100.0,58549,4769,90.61,63031,442,8.4,63506,37,0.7,63505,15,0.29,5316,99,5263,10020,8,8
1668157696,2022-11-11 03:08:16 -0600,885cb457b780f580118a16efde16f396f6880b98,TX,48059,2,2022-11-09T01:00:00.000Z,FIPSCode,48059,0,2022-11-11T08:26:32.844Z,8,99.0,8,100.0,58549,4769,90.61,63031,442,8.4,63506,37,0.7,63505,15,0.29,5316,99,5263,10020,8,8
1668157735,2022-11-11 03:08:55 -0600,10dd9233264e840d1050e554103c3bbf8964a59a,TX,48059,2,2022-11-09T01:00:00.000Z,FIPSCode,48059,0,2022-11-11T08:26:32.844Z,8,99.0,8,100.0,58549,4769,90.61,63031,442,8.4,63506,37,0.7,63505,15,0.29,5316,99,5263,10020,8,8
1668157776,2022-11-11 03:09:36 -0600,4cff833a0d1bf602fc592ab5564582362c5ea037,TX,48059,2,2022-11-09T01:00:00.000Z,FIPSCode,48059,0,2022-11-11T08:26:32.844Z,8,99.0,8,100.0,58549,4769,90.61,63031,442,8.4,63506,37,0.7,63505,15,0.29,5316,99,5263,10020,8,8
1668157816,2022-11-11 03:10:16 -0600,7c0d24030a7b043880ee80be24f4beb120ac3f71,TX,48059,2,2022-11-09T01:00:00.000Z,FIPSCode,48059,0,2022-11-11T08:26:32.844Z,8,99.0,8,100.0,58549,4769,90.61,63031,442,8.4,63506,37,0.7,63505,15,0.29,5316,99,5263,10020,8,8
1668157856,2022-11-11 03:10:56 -0600,e88fed014b69f283064db0f6aed41de6aea6ab18,TX,48059,2,2022-11-09T01:00:00.000Z,FIPSCode,48059,0,2022-11-11T08:26:32.844Z,8,99.0,8,100.0,58549,4769,90.61,63031,442,8.4,63506,37,0.7,63505,15,0.29,5316,99,5263,10020,8,8
1668157895,2022-11-11 03:11:35 -0600,c3a2cb310a091616dd76da894088031ef803605e,TX,48059,2,2022-11-09T01:00:00.000Z,FIPSCode,48059,0,2022-11-11T08:26:32.844Z,8,99.0,8,100.0,58549,4769,90.61,63031,442,8.4,63506,37,0.7,63505,15,0.29,5316,99,5263,10020,8,8
1668157935,2022-11-11 03:12:15 -0600,4e869f0aded4467ab00772e9075314f3d1bbf1ab,TX,48059,2,2022-11-09T01:00:00.000Z,FIPSCode,48059,0,2022-11-11T08:26:32.844Z,8,99.0,8,100.0,58549,4769,90.61,63031,442,8.4,63506,37,0.7,63505,15,0.29,5316,99,5263,10020,8,8
1668157975,2022-11-11 03:12:55 -0600,f65ebe57c87b129b19d4210adc140229d803f486,TX,48059,2,2022-11-09T01:00:00.000Z,FIPSCode,48059,0,2022-11-11T08:26:32.844Z,8,99.0,8,100.0,58549,4769,90.61,63031,442,8.4,63506,37,0.7,63505,15,0.29,5316,99,5263,10020,8,8
1668158014,2022-11-11 03:13:34 -0600,c7dc8c96d84ab8d2aa837ba632807499b786d18a,TX,48059,2,2022-11-09T01:00:00.000Z,FIPSCode,48059,0,2022-11-11T08:26:32.844Z,8,99.0,8,100.0,58549,4769,90.61,63031,442,8.4,63506,37,0.7,63505,15,0.29,5316,99,5263,10020,8,8
1668158055,2022-11-11 03:14:15 -0600,a709b6b618a26196f587ed94fb3d5690ebe4e265,TX,48059,2,2022-11-09T01:00:00.000Z,FIPSCode,48059,0,2022-11-11T08:26:32.844Z,8,99.0,8,100.0,58549,4769,90.61,63031,442,8.4,63506,37,0.7,63505,15,0.29,5316,99,5263,10020,8,8
1668158095,2022-11-11 03:14:55 -0600,f158e25de3397874fe49c08eb2e3cd9f577490b3,TX,48059,2,2022-11-09T01:00:00.000Z,FIPSCode,48059,0,2022-11-11T08:26:32.844Z,8,99.0,8,100.0,58549,4769,90.61,63031,442,8.4,63506,37,0.7,63505,15,0.29,5316,99,5263,10020,8,8
1668158134,2022-11-11 03:15:34 -0600,f2284591a046cadae7874342e7f0ffb8a2642f06,TX,48059,2,2022-11-09T01:00:00.000Z,FIPSCode,48059,0,2022-11-11T08:26:32.844Z,8,99.0,8,100.0,58549,4769,90.61,63031,442,8.4,63506,37,0.7,63505,15,0.29,5316,99,5263,10020,8,8
1668158173,2022-11-11 03:16:13 -0600,bead7edbee058a533278ce4806638e3b509a6021,TX,48059,2,2022-11-09T01:00:00.000Z,FIPSCode,48059,0,2022-11-11T08:26:32.844Z,8,99.0,8,100.0,58549,4769,90.61,63031,442,8.4,63506,37,0.7,63505,15,0.29,5316,99,5263,10020,8,8
1668158213,2022-11-11 03:16:53 -0600,3314d02197c8fe89643935f542f5fb2ed96f5a2f,TX,48059,2,2022-11-09T01:00:00.000Z,FIPSCode,48059,0,2022-11-11T08:26:32.844Z,8,99.0,8,100.0,58549,4769,90.61,63031,442,8.4,63506,37,0.7,63505,15,0.29,5316,99,5263,10020,8,8
1668158251,2022-11-11 03:17:31 -0600,7362e8572dbf32ef402d6fdd799dd629ed8fb9f2,TX,48059,2,2022-11-09T01:00:00.000Z,FIPSCode,48059,0,2022-11-11T08:26:32.844Z,8,99.0,8,100.0,58549,4769,90.61,63031,442,8.4,63506,37,0.7,63505,15,0.29,5316,99,5263,10020,8,8
1668158291,2022-11-11 03:18:11 -0600,246fd3864ba9698dcd8394ad246177439b3330a5,TX,48059,2,2022-11-09T01:00:00.000Z,FIPSCode,48059,0,2022-11-11T08:26:32.844Z,8,99.0,8,100.0,58549,4769,90.61,63031,442,8.4,63506,37,0.7,63505,15,0.29,5316,99,5263,10020,8,8
1668158332,2022-11-11 03:18:52 -0600,f205eb83886a1fdf6e0dc5cc269773e60ef72d19,TX,48059,2,2022-11-09T01:00:00.000Z,FIPSCode,48059,0,2022-11-11T08:26:32.844Z,8,99.0,8,100.0,58549,4769,90.61,63031,442,8.4,63506,37,0.7,63505,15,0.29,5316,99,5263,10020,8,8
1668158371,2022-11-11 03:19:31 -0600,fc79be43e7133fdee119893165f21647ca4ac79e,TX,48059,2,2022-11-09T01:00:00.000Z,FIPSCode,48059,0,2022-11-11T08:26:32.844Z,8,99.0,8,100.0,58549,4769,90.61,63031,442,8.4,63506,37,0.7,63505,15,0.29,5316,99,5263,10020,8,8
1668158410,2022-11-11 03:20:10 -0600,d322b7ecf92afc7f6a5084b672b85adedf55607b,TX,48059,2,2022-11-09T01:00:00.000Z,FIPSCode,48059,0,2022-11-11T08:26:32.844Z,8,99.0,8,100.0,58549,4769,90.61,63031,442,8.4,63506,37,0.7,63505,15,0.29,5316,99,5263,10020,8,8
1668158449,2022-11-11 03:20:49 -0600,af3b81a0cabe86f09adf78a6ed1407f1e112cddd,TX,48059,2,2022-11-09T01:00:00.000Z,FIPSCode,48059,0,2022-11-11T08:26:32.844Z,8,99.0,8,100.0,58549,4769,90.61,63031,442,8.4,63506,37,0.7,63505,15,0.29,5316,99,5263,10020,8,8
1668158489,2022-11-11 03:21:29 -0600,f82327f1096fed19eab7498effdbaad43685a08c,TX,48059,2,2022-11-09T01:00:00.000Z,FIPSCode,48059,0,2022-11-11T08:26:32.844Z,8,99.0,8,100.0,58549,4769,90.61,63031,442,8.4,63506,37,0.7,63505,15,0.29,5316,99,5263,10020,8,8
1668158527,2022-11-11 03:22:07 -0600,a550a6c356505030a2020dcea33b6210ac483e7a,TX,48059,2,2022-11-09T01:00:00.000Z,FIPSCode,48059,0,2022-11-11T08:26:32.844Z,8,99.0,8,100.0,58549,4769,90.61,63031,442,8.4,63506,37,0.7,63505,15,0.29,5316,99,5263,10020,8,8
1668158567,2022-11-11 03:22:47 -0600,e20215cab084c4b64c81c4d200556617e57da3fe,TX,48059,2,2022-11-09T01:00:00.000Z,FIPSCode,48059,0,2022-11-11T08:26:32.844Z,8,99.0,8,100.0,58549,4769,90.61,63031,442,8.4,63506,37,0.7,63505,15,0.29,5316,99,5263,10020,8,8
1668158606,2022-11-11 03:23:26 -0600,b99d4d3db9c4986f5a625c73d8e79b7c7d185938,TX,48059,2,2022-11-09T01:00:00.000Z,FIPSCode,48059,0,2022-11-11T08:26:32.844Z,8,99.0,8,100.0,58549,4769,90.61,63031,442,8.4,63506,37,0.7,63505,15,0.29,5316,99,5263,10020,8,8
1668158644,2022-11-11 03:24:04 -0600,f15edf912d421e12d3ea17a5280f2bf3663b979d,TX,48059,2,2022-11-09T01:00:00.000Z,FIPSCode,48059,0,2022-11-11T08:26:32.844Z,8,99.0,8,100.0,58549,4769,90.61,63031,442,8.4,63506,37,0.7,63505,15,0.29,5316,99,5263,10020,8,8
1668158685,2022-11-11 03:24:45 -0600,bf0d63e0fff2fea9162c0e6fd2ee0d857e5afe02,TX,48059,2,2022-11-09T01:00:00.000Z,FIPSCode,48059,0,2022-11-11T08:26:32.844Z,8,99.0,8,100.0,58549,4769,90.61,63031,442,8.4,63506,37,0.7,63505,15,0.29,5316,99,5263,10020,8,8
1668158723,2022-11-11 03:25:23 -0600,bd9c2fa1a7495e28efd5994afa6fb86d6b53d0af,TX,48059,2,2022-11-09T01:00:00.000Z,FIPSCode,48059,0,2022-11-11T08:26:32.844Z,8,99.0,8,100.0,58549,4769,90.61,63031,442,8.4,63506,37,0.7,63505,15,0.29,5316,99,5263,10020,8,8
1668158763,2022-11-11 03:26:03 -0600,0194927f015b4de90e6b5b5419cedc5b8f92670c,TX,48059,2,2022-11-09T01:00:00.000Z,FIPSCode,48059,0,2022-11-11T08:26:32.844Z,8,99.0,8,100.0,58549,4769,90.61,63031,442,8.4,63506,37,0.7,63505,15,0.29,5316,99,5263,10020,8,8
1668158802,2022-11-11 03:26:42 -0600,905025245c03942635ec92f47609346adbe3f1ab,TX,48059,2,2022-11-09T01:00:00.000Z,FIPSCode,48059,0,2022-11-11T08:26:32.844Z,8,99.0,8,100.0,58549,4769,90.61,63031,442,8.4,63506,37,0.7,63505,15,0.29,5316,99,5263,10020,8,8
1668158842,2022-11-11 03:27:22 -0600,ab69bdbec4cafb6152e1d24435d5a22a881d494e,TX,48059,2,2022-11-09T01:00:00.000Z,FIPSCode,48059,0,2022-11-11T08:26:32.844Z,8,99.0,8,100.0,58549,4769,90.61,63031,442,8.4,63506,37,0.7,63505,15,0.29,5316,99,5263,10020,8,8
1668158882,2022-11-11 03:28:02 -0600,bc227c501237c9d6945d0eaadc274e2b3835d5f5,TX,48059,2,2022-11-09T01:00:00.000Z,FIPSCode,48059,0,2022-11-11T08:26:32.844Z,8,99.0,8,100.0,58549,4769,90.61,63031,442,8.4,63506,37,0.7,63505,15,0.29,5316,99,5263,10020,8,8
1668158922,2022-11-11 03:28:42 -0600,e9525b14c1385d3665ae68c14ea15996bc407b46,TX,48059,2,2022-11-09T01:00:00.000Z,FIPSCode,48059,0,2022-11-11T08:26:32.844Z,8,99.0,8,100.0,58549,4769,90.61,63031,442,8.4,63506,37,0.7,63505,15,0.29,5316,99,5263,10020,8,8
1668158962,2022-11-11 03:29:22 -0600,e554f5346ff4e26747df1bd695f472a20f385262,TX,48059,2,2022-11-09T01:00:00.000Z,FIPSCode,48059,0,2022-11-11T08:26:32.844Z,8,99.0,8,100.0,58549,4769,90.61,63031,442,8.4,63506,37,0.7,63505,15,0.29,5316,99,5263,10020,8,8
1668159001,2022-11-11 03:30:01 -0600,49b58149f25b8be10c391edf0fa568fc4bebd54d,TX,48059,2,2022-11-09T01:00:00.000Z,FIPSCode,48059,0,2022-11-11T08:26:32.844Z,8,99.0,8,100.0,58549,4769,90.61,63031,442,8.4,63506,37,0.7,63505,15,0.29,5316,99,5263,10020,8,8
1668159040,2022-11-11 03:30:40 -0600,ad0add236db38fed025619b5bc359e730e4d053f,TX,48059,2,2022-11-09T01:00:00.000Z,FIPSCode,48059,0,2022-11-11T08:26:32.844Z,8,99.0,8,100.0,58549,4769,90.61,63031,442,8.4,63506,37,0.7,63505,15,0.29,5316,99,5263,10020,8,8
1668159080,2022-11-11 03:31:20 -0600,7d65a1f45834dc1b84cea5e54a0152bef23be046,TX,48059,2,2022-11-09T01:00:00.000Z,FIPSCode,48059,0,2022-11-11T08:26:32.844Z,8,99.0,8,100.0,58549,4769,90.61,63031,442,8.4,63506,37,0.7,63505,15,0.29,5316,99,5263,10020,8,8
1668159120,2022-11-11 03:32:00 -0600,45cddbe7ed8ecf991baa84ae4d689f8d4630ff11,TX,48059,2,2022-11-09T01:00:00.000Z,FIPSCode,48059,0,2022-11-11T08:26:32.844Z,8,99.0,8,100.0,58549,4769,90.61,63031,442,8.4,63506,37,0.7,63505,15,0.29,5316,99,5263,10020,8,8
1668159160,2022-11-11 03:32:40 -0600,25509076efe360d63bb3ac5c2ac274631db81b9d,TX,48059,2,2022-11-09T01:00:00.000Z,FIPSCode,48059,0,2022-11-11T08:26:32.844Z,8,99.0,8,100.0,58549,4769,90.61,63031,442,8.4,63506,37,0.7,63505,15,0.29,5316,99,5263,10020,8,8
1668159200,2022-11-11 03:33:20 -0600,2039ea95c89249f6f2921bea25968a7941f61425,TX,48059,2,2022-11-09T01:00:00.000Z,FIPSCode,48059,0,2022-11-11T08:26:32.844Z,8,99.0,8,100.0,58549,4769,90.61,63031,442,8.4,63506,37,0.7,63505,15,0.29,5316,99,5263,10020,8,8
1668159239,2022-11-11 03:33:59 -0600,15bf5b7d24d6f8dffa1e10d9f2b0fe9f6fe5b701,TX,48059,2,2022-11-09T01:00:00.000Z,FIPSCode,48059,0,2022-11-11T08:26:32.844Z,8,99.0,8,100.0,58549,4769,90.61,63031,442,8.4,63506,37,0.7,63505,15,0.29,5316,99,5263,10020,8,8
1668159278,2022-11-11 03:34:38 -0600,c1af7fcf59396de572edee635b6c246c47fda5a7,TX,48059,2,2022-11-09T01:00:00.000Z,FIPSCode,48059,0,2022-11-11T08:26:32.844Z,8,99.0,8,100.0,58549,4769,90.61,63031,442,8.4,63506,37,0.7,63505,15,0.29,5316,99,5263,10020,8,8
1668159319,2022-11-11 03:35:19 -0600,624836c882a90a703f27a21e9b4ed1d7cb4f76a8,TX,48059,2,2022-11-09T01:00:00.000Z,FIPSCode,48059,0,2022-11-11T08:26:32.844Z,8,99.0,8,100.0,58549,4769,90.61,63031,442,8.4,63506,37,0.7,63505,15,0.29,5316,99,5263,10020,8,8
1668159358,2022-11-11 03:35:58 -0600,ae0474552c6d4e9bbc93aeb62a35d65f674d2dc7,TX,48059,2,2022-11-09T01:00:00.000Z,FIPSCode,48059,0,2022-11-11T09:35:28.676Z,8,99.0,8,100.0,58549,4769,90.61,63031,442,8.4,63506,37,0.7,63505,15,0.29,5316,99,5263,10020,8,8
1668159399,2022-11-11 03:36:39 -0600,b1483abbcb660f1853a5ea8ed16ce3ef65e7b3e1,TX,48059,2,2022-11-09T01:00:00.000Z,FIPSCode,48059,0,2022-11-11T09:35:28.676Z,8,99.0,8,100.0,58549,4769,90.61,63031,442,8.4,63506,37,0.7,63505,15,0.29,5316,99,5263,10020,8,8
1668159438,2022-11-11 03:37:18 -0600,5fa6acc66c43688416d5f712b7d5c5c40901e811,TX,48059,2,2022-11-09T01:00:00.000Z,FIPSCode,48059,0,2022-11-11T09:35:28.676Z,8,99.0,8,100.0,58549,4769,90.61,63031,442,8.4,63506,37,0.7,63505,15,0.29,5316,99,5263,10020,8,8
1668159478,2022-11-11 03:37:58 -0600,7f2328625e73b326212a481eed1db6d5ef298bad,TX,48059,2,2022-11-09T01:00:00.000Z,FIPSCode,48059,0,2022-11-11T09:35:28.676Z,8,99.0,8,100.0,58549,4769,90.61,63031,442,8.4,63506,37,0.7,63505,15,0.29,5316,99,5263,10020,8,8
1668159517,2022-11-11 03:38:37 -0600,100bd631a5358ac0aa744a255dd73bcf516aa63b,TX,48059,2,2022-11-09T01:00:00.000Z,FIPSCode,48059,0,2022-11-11T09:35:28.676Z,8,99.0,8,100.0,58549,4769,90.61,63031,442,8.4,63506,37,0.7,63505,15,0.29,5316,99,5263,10020,8,8
1668159557,2022-11-11 03:39:17 -0600,024c0dcea5bc4e889c2491db7aab472224d6b8f8,TX,48059,2,2022-11-09T01:00:00.000Z,FIPSCode,48059,0,2022-11-11T09:35:28.676Z,8,99.0,8,100.0,58549,4769,90.61,63031,442,8.4,63506,37,0.7,63505,15,0.29,5316,99,5263,10020,8,8
1668159597,2022-11-11 03:39:57 -0600,aab557e064c2ec65111f62aed78e7a0afab3c601,TX,48059,2,2022-11-09T01:00:00.000Z,FIPSCode,48059,0,2022-11-11T09:35:28.676Z,8,99.0,8,100.0,58549,4769,90.61,63031,442,8.4,63506,37,0.7,63505,15,0.29,5316,99,5263,10020,8,8
1668159636,2022-11-11 03:40:36 -0600,105d988e9b5c27bec8acf0d863878b91fa30906a,TX,48059,2,2022-11-09T01:00:00.000Z,FIPSCode,48059,0,2022-11-11T09:35:28.676Z,8,99.0,8,100.0,58549,4769,90.61,63031,442,8.4,63506,37,0.7,63505,15,0.29,5316,99,5263,10020,8,8
1668159675,2022-11-11 03:41:15 -0600,54772c8bf1b4758c470b92b5933c3a1a94432382,TX,48059,2,2022-11-09T01:00:00.000Z,FIPSCode,48059,0,2022-11-11T09:35:28.676Z,8,99.0,8,100.0,58549,4769,90.61,63031,442,8.4,63506,37,0.7,63505,15,0.29,5316,99,5263,10020,8,8
1668159714,2022-11-11 03:41:54 -0600,5f46a4d61483fd8ae1ce88ca48b7aaf080a746f4,TX,48059,2,2022-11-09T01:00:00.000Z,FIPSCode,48059,0,2022-11-11T09:35:28.676Z,8,99.0,8,100.0,58549,4769,90.61,63031,442,8.4,63506,37,0.7,63505,15,0.29,5316,99,5263,10020,8,8
1668159754,2022-11-11 03:42:34 -0600,424313367a5088c43eb03d7c429a3b43df427e44,TX,48059,2,2022-11-09T01:00:00.000Z,FIPSCode,48059,0,2022-11-11T09:35:28.676Z,8,99.0,8,100.0,58549,4769,90.61,63031,442,8.4,63506,37,0.7,63505,15,0.29,5316,99,5263,10020,8,8
1668159793,2022-11-11 03:43:13 -0600,36abddefb1246b866a00a19d2f65226714bf8c2c,TX,48059,2,2022-11-09T01:00:00.000Z,FIPSCode,48059,0,2022-11-11T09:35:28.676Z,8,99.0,8,100.0,58549,4769,90.61,63031,442,8.4,63506,37,0.7,63505,15,0.29,5316,99,5263,10020,8,8
1668159833,2022-11-11 03:43:53 -0600,fc6022dcf76958f3c1ce5b7bf0f81b6ecc5851b5,TX,48059,2,2022-11-09T01:00:00.000Z,FIPSCode,48059,0,2022-11-11T09:35:28.676Z,8,99.0,8,100.0,58549,4769,90.61,63031,442,8.4,63506,37,0.7,63505,15,0.29,5316,99,5263,10020,8,8
1668159873,2022-11-11 03:44:33 -0600,d8811464815ae59dd92be120ca0d38c4335018e1,TX,48059,2,2022-11-09T01:00:00.000Z,FIPSCode,48059,0,2022-11-11T09:35:28.676Z,8,99.0,8,100.0,58549,4769,90.61,63031,442,8.4,63506,37,0.7,63505,15,0.29,5316,99,5263,10020,8,8
1668159912,2022-11-11 03:45:12 -0600,abd271a312d6ce2633396bb323d3511205aed68b,TX,48059,2,2022-11-09T01:00:00.000Z,FIPSCode,48059,0,2022-11-11T09:35:28.676Z,8,99.0,8,100.0,58549,4769,90.61,63031,442,8.4,63506,37,0.7,63505,15,0.29,5316,99,5263,10020,8,8
1668159952,2022-11-11 03:45:52 -0600,645080d92082ea86c128398e78a23f935b24b82d,TX,48059,2,2022-11-09T01:00:00.000Z,FIPSCode,48059,0,2022-11-11T09:35:28.676Z,8,99.0,8,100.0,58549,4769,90.61,63031,442,8.4,63506,37,0.7,63505,15,0.29,5316,99,5263,10020,8,8
1668159991,2022-11-11 03:46:31 -0600,cbe51d5263beeac2896257e8426ac3999c89a8ab,TX,48059,2,2022-11-09T01:00:00.000Z,FIPSCode,48059,0,2022-11-11T09:35:28.676Z,8,99.0,8,100.0,58549,4769,90.61,63031,442,8.4,63506,37,0.7,63505,15,0.29,5316,99,5263,10020,8,8
1668160030,2022-11-11 03:47:10 -0600,d2461d7cd3bcdee44363ed9b1bf576a963d366b7,TX,48059,2,2022-11-09T01:00:00.000Z,FIPSCode,48059,0,2022-11-11T09:35:28.676Z,8,99.0,8,100.0,58549,4769,90.61,63031,442,8.4,63506,37,0.7,63505,15,0.29,5316,99,5263,10020,8,8
1668160070,2022-11-11 03:47:50 -0600,e4b5b8c78f3b9ddc4763eeea6aa0e211b64f4b46,TX,48059,2,2022-11-09T01:00:00.000Z,FIPSCode,48059,0,2022-11-11T09:35:28.676Z,8,99.0,8,100.0,58549,4769,90.61,63031,442,8.4,63506,37,0.7,63505,15,0.29,5316,99,5263,10020,8,8
1668160110,2022-11-11 03:48:30 -0600,936fbb83d6af1c4c6f02ed7d366967e8dcc174aa,TX,48059,2,2022-11-09T01:00:00.000Z,FIPSCode,48059,0,2022-11-11T09:35:28.676Z,8,99.0,8,100.0,58549,4769,90.61,63031,442,8.4,63506,37,0.7,63505,15,0.29,5316,99,5263,10020,8,8
1668160148,2022-11-11 03:49:08 -0600,137bd95799443594129130a41d3784b064d2580c,TX,48059,2,2022-11-09T01:00:00.000Z,FIPSCode,48059,0,2022-11-11T09:35:28.676Z,8,99.0,8,100.0,58549,4769,90.61,63031,442,8.4,63506,37,0.7,63505,15,0.29,5316,99,5263,10020,8,8
1668160188,2022-11-11 03:49:48 -0600,43399c8604b50121e0b6b74fab406beaeee79cb9,TX,48059,2,2022-11-09T01:00:00.000Z,FIPSCode,48059,0,2022-11-11T09:35:28.676Z,8,99.0,8,100.0,58549,4769,90.61,63031,442,8.4,63506,37,0.7,63505,15,0.29,5316,99,5263,10020,8,8
1668160227,2022-11-11 03:50:27 -0600,51683f79d3949856246aeb46a45fdab854139303,TX,48059,2,2022-11-09T01:00:00.000Z,FIPSCode,48059,0,2022-11-11T09:35:28.676Z,8,99.0,8,100.0,58549,4769,90.61,63031,442,8.4,63506,37,0.7,63505,15,0.29,5316,99,5263,10020,8,8
1668160267,2022-11-11 03:51:07 -0600,6a3c696ab19417b8ee75f819e61db12e4fa304e6,TX,48059,2,2022-11-09T01:00:00.000Z,FIPSCode,48059,0,2022-11-11T09:35:28.676Z,8,99.0,8,100.0,58549,4769,90.61,63031,442,8.4,63506,37,0.7,63505,15,0.29,5316,99,5263,10020,8,8
1668160306,2022-11-11 03:51:46 -0600,c1714fdfde2a27b63a1a19f33a52ee69f67df968,TX,48059,2,2022-11-09T01:00:00.000Z,FIPSCode,48059,0,2022-11-11T09:35:28.676Z,8,99.0,8,100.0,58549,4769,90.61,63031,442,8.4,63506,37,0.7,63505,15,0.29,5316,99,5263,10020,8,8
1668160344,2022-11-11 03:52:24 -0600,b1b56a17e21f960958a31db25f5aa6cc23331bf1,TX,48059,2,2022-11-09T01:00:00.000Z,FIPSCode,48059,0,2022-11-11T09:35:28.676Z,8,99.0,8,100.0,58549,4769,90.61,63031,442,8.4,63506,37,0.7,63505,15,0.29,5316,99,5263,10020,8,8
1668160384,2022-11-11 03:53:04 -0600,8086a64e8c3526140e9a890db2613c4f97bc9875,TX,48059,2,2022-11-09T01:00:00.000Z,FIPSCode,48059,0,2022-11-11T09:35:28.676Z,8,99.0,8,100.0,58549,4769,90.61,63031,442,8.4,63506,37,0.7,63505,15,0.29,5316,99,5263,10020,8,8
1668160423,2022-11-11 03:53:43 -0600,0c890105027816f7acb1298f0ff08d0f0c6edd67,TX,48059,2,2022-11-09T01:00:00.000Z,FIPSCode,48059,0,2022-11-11T09:35:28.676Z,8,99.0,8,100.0,58549,4769,90.61,63031,442,8.4,63506,37,0.7,63505,15,0.29,5316,99,5263,10020,8,8
1668160462,2022-11-11 03:54:22 -0600,a9d42c6d07278974bc5019f056d6088d5d7acbca,TX,48059,2,2022-11-09T01:00:00.000Z,FIPSCode,48059,0,2022-11-11T09:35:28.676Z,8,99.0,8,100.0,58549,4769,90.61,63031,442,8.4,63506,37,0.7,63505,15,0.29,5316,99,5263,10020,8,8
1668160500,2022-11-11 03:55:00 -0600,ed3de4dd8fee97b8ee42445697f6e9ee12ebb6fa,TX,48059,2,2022-11-09T01:00:00.000Z,FIPSCode,48059,0,2022-11-11T09:35:28.676Z,8,99.0,8,100.0,58549,4769,90.61,63031,442,8.4,63506,37,0.7,63505,15,0.29,5316,99,5263,10020,8,8
1668160540,2022-11-11 03:55:40 -0600,1c0886dd87844a31f1a7aaeebb530be808d36dcc,TX,48059,2,2022-11-09T01:00:00.000Z,FIPSCode,48059,0,2022-11-11T09:35:28.676Z,8,99.0,8,100.0,58549,4769,90.61,63031,442,8.4,63506,37,0.7,63505,15,0.29,5316,99,5263,10020,8,8
1668160580,2022-11-11 03:56:20 -0600,0b08d5731bd63da3849222d3a32049b6fa734174,TX,48059,2,2022-11-09T01:00:00.000Z,FIPSCode,48059,0,2022-11-11T09:35:28.676Z,8,99.0,8,100.0,58549,4769,90.61,63031,442,8.4,63506,37,0.7,63505,15,0.29,5316,99,5263,10020,8,8
1668160619,2022-11-11 03:56:59 -0600,c84d284a1477e2d9e4205afa0b4c4e025c3decb5,TX,48059,2,2022-11-09T01:00:00.000Z,FIPSCode,48059,0,2022-11-11T09:35:28.676Z,8,99.0,8,100.0,58549,4769,90.61,63031,442,8.4,63506,37,0.7,63505,15,0.29,5316,99,5263,10020,8,8
1668160658,2022-11-11 03:57:38 -0600,b98aa461f0a0a21dc885c1432c0a73386dee330f,TX,48059,2,2022-11-09T01:00:00.000Z,FIPSCode,48059,0,2022-11-11T09:35:28.676Z,8,99.0,8,100.0,58549,4769,90.61,63031,442,8.4,63506,37,0.7,63505,15,0.29,5316,99,5263,10020,8,8
1668160698,2022-11-11 03:58:18 -0600,876648ef6a1a3cae28b03615656b6525a53d75d7,TX,48059,2,2022-11-09T01:00:00.000Z,FIPSCode,48059,0,2022-11-11T09:35:28.676Z,8,99.0,8,100.0,58549,4769,90.61,63031,442,8.4,63506,37,0.7,63505,15,0.29,5316,99,5263,10020,8,8
1668160738,2022-11-11 03:58:58 -0600,1b2929a47ddc4fa8290e4a18e125f1571ef623a4,TX,48059,2,2022-11-09T01:00:00.000Z,FIPSCode,48059,0,2022-11-11T09:35:28.676Z,8,99.0,8,100.0,58549,4769,90.61,63031,442,8.4,63506,37,0.7,63505,15,0.29,5316,99,5263,10020,8,8
1668160777,2022-11-11 03:59:37 -0600,264fc44c1673013f39e82b0a5bdb28fdf1997301,TX,48059,2,2022-11-09T01:00:00.000Z,FIPSCode,48059,0,2022-11-11T09:35:28.676Z,8,99.0,8,100.0,58549,4769,90.61,63031,442,8.4,63506,37,0.7,63505,15,0.29,5316,99,5263,10020,8,8
1668160816,2022-11-11 04:00:16 -0600,853956964bd4d3d748c7341cd7b1d6e5f2e84b95,TX,48059,2,2022-11-09T01:00:00.000Z,FIPSCode,48059,0,2022-11-11T09:35:28.676Z,8,99.0,8,100.0,58549,4769,90.61,63031,442,8.4,63506,37,0.7,63505,15,0.29,5316,99,5263,10020,8,8
1668160856,2022-11-11 04:00:56 -0600,01d311f15cfc897218d94d5fbbd2b5c80134a7bd,TX,48059,2,2022-11-09T01:00:00.000Z,FIPSCode,48059,0,2022-11-11T09:35:28.676Z,8,99.0,8,100.0,58549,4769,90.61,63031,442,8.4,63506,37,0.7,63505,15,0.29,5316,99,5263,10020,8,8
1668160896,2022-11-11 04:01:36 -0600,c5497f8a00866588045a1908a5f3108175f0efcb,TX,48059,2,2022-11-09T01:00:00.000Z,FIPSCode,48059,0,2022-11-11T09:35:28.676Z,8,99.0,8,100.0,58549,4769,90.61,63031,442,8.4,63506,37,0.7,63505,15,0.29,5316,99,5263,10020,8,8
1668160936,2022-11-11 04:02:16 -0600,24e0e27aeb5f8289b2a51e05c7c5d2bb9f7944cd,TX,48059,2,2022-11-09T01:00:00.000Z,FIPSCode,48059,0,2022-11-11T09:35:28.676Z,8,99.0,8,100.0,58549,4769,90.61,63031,442,8.4,63506,37,0.7,63505,15,0.29,5316,99,5263,10020,8,8
1668160976,2022-11-11 04:02:56 -0600,5241cb16cf626647ba409358e6295a68b0fc97c6,TX,48059,2,2022-11-09T01:00:00.000Z,FIPSCode,48059,0,2022-11-11T09:35:28.676Z,8,99.0,8,100.0,58549,4769,90.61,63031,442,8.4,63506,37,0.7,63505,15,0.29,5316,99,5263,10020,8,8
1668161016,2022-11-11 04:03:36 -0600,37658b715f1875edae4ccaf19a72bbb0fd0d2191,TX,48059,2,2022-11-09T01:00:00.000Z,FIPSCode,48059,0,2022-11-11T09:35:28.676Z,8,99.0,8,100.0,58549,4769,90.61,63031,442,8.4,63506,37,0.7,63505,15,0.29,5316,99,5263,10020,8,8
1668161054,2022-11-11 04:04:14 -0600,59e1163dc5bf9eed12a8f73201a85f63d36ea03b,TX,48059,2,2022-11-09T01:00:00.000Z,FIPSCode,48059,0,2022-11-11T09:35:28.676Z,8,99.0,8,100.0,58549,4769,90.61,63031,442,8.4,63506,37,0.7,63505,15,0.29,5316,99,5263,10020,8,8
1668161093,2022-11-11 04:04:53 -0600,a236315106023be02e43c77db1867d14ff55989d,TX,48059,2,2022-11-09T01:00:00.000Z,FIPSCode,48059,0,2022-11-11T10:04:31.876Z,8,99.0,8,100.0,58549,4769,90.61,63031,442,8.4,63506,37,0.7,63505,15,0.29,5316,99,5263,10020,8,8
1668161133,2022-11-11 04:05:33 -0600,cc32caed7a7e4c69d03282450af8371eed7fe53c,TX,48059,2,2022-11-09T01:00:00.000Z,FIPSCode,48059,0,2022-11-11T10:04:31.876Z,8,99.0,8,100.0,58549,4769,90.61,63031,442,8.4,63506,37,0.7,63505,15,0.29,5316,99,5263,10020,8,8
1668161172,2022-11-11 04:06:12 -0600,7ed3f378214b6427144129b4acbf8cf34b8a4109,TX,48059,2,2022-11-09T01:00:00.000Z,FIPSCode,48059,0,2022-11-11T10:05:52.278Z,8,99.0,8,100.0,58549,4769,90.61,63031,442,8.4,63506,37,0.7,63505,15,0.29,5316,99,5263,10020,8,8
1668161211,2022-11-11 04:06:51 -0600,0156bc0b1d4467083a4f691cce39866d4d86b5f8,TX,48059,2,2022-11-09T01:00:00.000Z,FIPSCode,48059,0,2022-11-11T10:05:52.278Z,8,99.0,8,100.0,58549,4769,90.61,63031,442,8.4,63506,37,0.7,63505,15,0.29,5316,99,5263,10020,8,8
1668161252,2022-11-11 04:07:32 -0600,a565f599555de30d2bab0a584df98fc91e77804b,TX,48059,2,2022-11-09T01:00:00.000Z,FIPSCode,48059,0,2022-11-11T10:05:52.278Z,8,99.0,8,100.0,58549,4769,90.61,63031,442,8.4,63506,37,0.7,63505,15,0.29,5316,99,5263,10020,8,8
1668161292,2022-11-11 04:08:12 -0600,9760931ae8e4aa938abd12130433cf051f833ca7,TX,48059,2,2022-11-09T01:00:00.000Z,FIPSCode,48059,0,2022-11-11T10:05:52.278Z,8,99.0,8,100.0,58549,4769,90.61,63031,442,8.4,63506,37,0.7,63505,15,0.29,5316,99,5263,10020,8,8
1668161333,2022-11-11 04:08:53 -0600,1a5c4e24bff0ac434abf325d742c5bf3633a4eed,TX,48059,2,2022-11-09T01:00:00.000Z,FIPSCode,48059,0,2022-11-11T10:05:52.278Z,8,99.0,8,100.0,58549,4769,90.61,63031,442,8.4,63506,37,0.7,63505,15,0.29,5316,99,5263,10020,8,8
1668161373,2022-11-11 04:09:33 -0600,d02c7d76868e7f72256a5076fa3358ce5b1f8ba9,TX,48059,2,2022-11-09T01:00:00.000Z,FIPSCode,48059,0,2022-11-11T10:05:52.278Z,8,99.0,8,100.0,58549,4769,90.61,63031,442,8.4,63506,37,0.7,63505,15,0.29,5316,99,5263,10020,8,8
1668161413,2022-11-11 04:10:13 -0600,fe492d911e69037029df236f4a34909091f7d30a,TX,48059,2,2022-11-09T01:00:00.000Z,FIPSCode,48059,0,2022-11-11T10:05:52.278Z,8,99.0,8,100.0,58549,4769,90.61,63031,442,8.4,63506,37,0.7,63505,15,0.29,5316,99,5263,10020,8,8
1668161573,2022-11-11 04:12:53 -0600,bd11dbd8d88326204019821287ccc5d6cd07800b,TX,48059,2,2022-11-09T01:00:00.000Z,FIPSCode,48059,0,2022-11-11T10:05:52.278Z,8,99.0,8,100.0,58549,4769,90.61,63031,442,8.4,63506,37,0.7,63505,15,0.29,5316,99,5263,10020,8,8
1668161612,2022-11-11 04:13:32 -0600,9649a4a45d9fa214e7a881a94a2181b0fe98e4eb,TX,48059,2,2022-11-09T01:00:00.000Z,FIPSCode,48059,0,2022-11-11T10:05:52.278Z,8,99.0,8,100.0,58549,4769,90.61,63031,442,8.4,63506,37,0.7,63505,15,0.29,5316,99,5263,10020,8,8
1668161652,2022-11-11 04:14:12 -0600,5274346bf30894108c29f4f92f385efd324b3d10,TX,48059,2,2022-11-09T01:00:00.000Z,FIPSCode,48059,0,2022-11-11T10:05:52.278Z,8,99.0,8,100.0,58549,4769,90.61,63031,442,8.4,63506,37,0.7,63505,15,0.29,5316,99,5263,10020,8,8
1668161691,2022-11-11 04:14:51 -0600,e1f5a2fe7fa202e99ef8143de8adebfc1f73c20f,TX,48059,2,2022-11-09T01:00:00.000Z,FIPSCode,48059,0,2022-11-11T10:05:52.278Z,8,99.0,8,100.0,58549,4769,90.61,63031,442,8.4,63506,37,0.7,63505,15,0.29,5316,99,5263,10020,8,8
1668161732,2022-11-11 04:15:32 -0600,58a8bdf811f3929651cb8425b691f8b13c073f0c,TX,48059,2,2022-11-09T01:00:00.000Z,FIPSCode,48059,0,2022-11-11T10:05:52.278Z,8,99.0,8,100.0,58549,4769,90.61,63031,442,8.4,63506,37,0.7,63505,15,0.29,5316,99,5263,10020,8,8
1668161771,2022-11-11 04:16:11 -0600,0746e41590234fef26b14619a2c06034408aaf16,TX,48059,2,2022-11-09T01:00:00.000Z,FIPSCode,48059,0,2022-11-11T10:05:52.278Z,8,99.0,8,100.0,58549,4769,90.61,63031,442,8.4,63506,37,0.7,63505,15,0.29,5316,99,5263,10020,8,8
1668161811,2022-11-11 04:16:51 -0600,568ee095d6b57f37291963aadef47f9cfae0a8a1,TX,48059,2,2022-11-09T01:00:00.000Z,FIPSCode,48059,0,2022-11-11T10:05:52.278Z,8,99.0,8,100.0,58549,4769,90.61,63031,442,8.4,63506,37,0.7,63505,15,0.29,5316,99,5263,10020,8,8
1668161851,2022-11-11 04:17:31 -0600,a37ba5e9f2d1aac334f48710658c643d5f5b9854,TX,48059,2,2022-11-09T01:00:00.000Z,FIPSCode,48059,0,2022-11-11T10:05:52.278Z,8,99.0,8,100.0,58549,4769,90.61,63031,442,8.4,63506,37,0.7,63505,15,0.29,5316,99,5263,10020,8,8
1668161892,2022-11-11 04:18:12 -0600,599c8a3d64df54a9c0d61c5d3843d7a71f075724,TX,48059,2,2022-11-09T01:00:00.000Z,FIPSCode,48059,0,2022-11-11T10:05:52.278Z,8,99.0,8,100.0,58549,4769,90.61,63031,442,8.4,63506,37,0.7,63505,15,0.29,5316,99,5263,10020,8,8
1668161931,2022-11-11 04:18:51 -0600,e1af33072931e2d57abb080f6775f9a04af08a71,TX,48059,2,2022-11-09T01:00:00.000Z,FIPSCode,48059,0,2022-11-11T10:05:52.278Z,8,99.0,8,100.0,58549,4769,90.61,63031,442,8.4,63506,37,0.7,63505,15,0.29,5316,99,5263,10020,8,8
1668161971,2022-11-11 04:19:31 -0600,3758076e692ef6a43f50f3475071ce6bc57787da,TX,48059,2,2022-11-09T01:00:00.000Z,FIPSCode,48059,0,2022-11-11T10:05:52.278Z,8,99.0,8,100.0,58549,4769,90.61,63031,442,8.4,63506,37,0.7,63505,15,0.29,5316,99,5263,10020,8,8
1668162011,2022-11-11 04:20:11 -0600,51e9fbeeaa7242a06bbc6551f33261fadcb6d237,TX,48059,2,2022-11-09T01:00:00.000Z,FIPSCode,48059,0,2022-11-11T10:05:52.278Z,8,99.0,8,100.0,58549,4769,90.61,63031,442,8.4,63506,37,0.7,63505,15,0.29,5316,99,5263,10020,8,8
1668162051,2022-11-11 04:20:51 -0600,5e002d9d31b3c92403c24cd1f24d78716c3633a0,TX,48059,2,2022-11-09T01:00:00.000Z,FIPSCode,48059,0,2022-11-11T10:05:52.278Z,8,99.0,8,100.0,58549,4769,90.61,63031,442,8.4,63506,37,0.7,63505,15,0.29,5316,99,5263,10020,8,8
1668162091,2022-11-11 04:21:31 -0600,1f41dec7e2353925eacc75b06d7ed330e2596426,TX,48059,2,2022-11-09T01:00:00.000Z,FIPSCode,48059,0,2022-11-11T10:05:52.278Z,8,99.0,8,100.0,58549,4769,90.61,63031,442,8.4,63506,37,0.7,63505,15,0.29,5316,99,5263,10020,8,8
1668162130,2022-11-11 04:22:10 -0600,23ae1b2efad7d06dba69a18f33feb91c35487e24,TX,48059,2,2022-11-09T01:00:00.000Z,FIPSCode,48059,0,2022-11-11T10:05:52.278Z,8,99.0,8,100.0,58549,4769,90.61,63031,442,8.4,63506,37,0.7,63505,15,0.29,5316,99,5263,10020,8,8
1668162169,2022-11-11 04:22:49 -0600,93dcaf2534db72645449095f9d462a12cf1ae1ff,TX,48059,2,2022-11-09T01:00:00.000Z,FIPSCode,48059,0,2022-11-11T10:05:52.278Z,8,99.0,8,100.0,58549,4769,90.61,63031,442,8.4,63506,37,0.7,63505,15,0.29,5316,99,5263,10020,8,8
1668162208,2022-11-11 04:23:28 -0600,8faa45930979eb7404320420a9eabf6cc12feea9,TX,48059,2,2022-11-09T01:00:00.000Z,FIPSCode,48059,0,2022-11-11T10:05:52.278Z,8,99.0,8,100.0,58549,4769,90.61,63031,442,8.4,63506,37,0.7,63505,15,0.29,5316,99,5263,10020,8,8
1668162366,2022-11-11 04:26:06 -0600,d331355c81845df2dc9a1888e5e7a3820a0da89b,TX,48059,2,2022-11-09T01:00:00.000Z,FIPSCode,48059,0,2022-11-11T10:24:51.647Z,8,99.0,8,100.0,58549,4769,90.61,63031,442,8.4,63506,37,0.7,63505,15,0.29,5316,99,5263,10020,8,8
1668162405,2022-11-11 04:26:45 -0600,8f3e83db03d3c2425e362b313b5e28228f2f2cad,TX,48059,2,2022-11-09T01:00:00.000Z,FIPSCode,48059,0,2022-11-11T10:24:51.647Z,8,99.0,8,100.0,58549,4769,90.61,63031,442,8.4,63506,37,0.7,63505,15,0.29,5316,99,5263,10020,8,8
1668162445,2022-11-11 04:27:25 -0600,9885b79c7bc04034fbf3537645e08c174d4c632a,TX,48059,2,2022-11-09T01:00:00.000Z,FIPSCode,48059,0,2022-11-11T10:24:51.647Z,8,99.0,8,100.0,58549,4769,90.61,63031,442,8.4,63506,37,0.7,63505,15,0.29,5316,99,5263,10020,8,8
1668162563,2022-11-11 04:29:23 -0600,37d3b6a821d912c8701402bb3c04005fa04fa9d9,TX,48059,2,2022-11-09T01:00:00.000Z,FIPSCode,48059,0,2022-11-11T10:27:50.139Z,8,99.0,8,100.0,58549,4769,90.61,63031,442,8.4,63506,37,0.7,63505,15,0.29,5316,99,5263,10020,8,8
1668162602,2022-11-11 04:30:02 -0600,d80b4dec13bf0021db1f1ce341b9805cee2e8916,TX,48059,2,2022-11-09T01:00:00.000Z,FIPSCode,48059,0,2022-11-11T10:27:50.139Z,8,99.0,8,100.0,58549,4769,90.61,63031,442,8.4,63506,37,0.7,63505,15,0.29,5316,99,5263,10020,8,8
1668162641,2022-11-11 04:30:41 -0600,e2ea1b28364eeae3820f761f8da1a52644142d85,TX,48059,2,2022-11-09T01:00:00.000Z,FIPSCode,48059,0,2022-11-11T10:27:50.139Z,8,99.0,8,100.0,58549,4769,90.61,63031,442,8.4,63506,37,0.7,63505,15,0.29,5316,99,5263,10020,8,8
1668162681,2022-11-11 04:31:21 -0600,ca9e7dad645709105e305cfbacce793edfbc3f3f,TX,48059,2,2022-11-09T01:00:00.000Z,FIPSCode,48059,0,2022-11-11T10:27:50.139Z,8,99.0,8,100.0,58549,4769,90.61,63031,442,8.4,63506,37,0.7,63505,15,0.29,5316,99,5263,10020,8,8
1668162721,2022-11-11 04:32:01 -0600,4d9cbd90810ce6522ecbb8b1da3325031dc013b0,TX,48059,2,2022-11-09T01:00:00.000Z,FIPSCode,48059,0,2022-11-11T10:27:50.139Z,8,99.0,8,100.0,58549,4769,90.61,63031,442,8.4,63506,37,0.7,63505,15,0.29,5316,99,5263,10020,8,8
1668162760,2022-11-11 04:32:40 -0600,a55585ba57e9f14ff77250634e17db0960fbed99,TX,48059,2,2022-11-09T01:00:00.000Z,FIPSCode,48059,0,2022-11-11T10:27:50.139Z,8,99.0,8,100.0,58549,4769,90.61,63031,442,8.4,63506,37,0.7,63505,15,0.29,5316,99,5263,10020,8,8
1668162800,2022-11-11 04:33:20 -0600,367b94d116dacab82d63971466a2e885c447fbcd,TX,48059,2,2022-11-09T01:00:00.000Z,FIPSCode,48059,0,2022-11-11T10:27:50.139Z,8,99.0,8,100.0,58549,4769,90.61,63031,442,8.4,63506,37,0.7,63505,15,0.29,5316,99,5263,10020,8,8
1668162840,2022-11-11 04:34:00 -0600,c5881697066e6d440e43da610881ccef67c0e3fb,TX,48059,2,2022-11-09T01:00:00.000Z,FIPSCode,48059,0,2022-11-11T10:27:50.139Z,8,99.0,8,100.0,58549,4769,90.61,63031,442,8.4,63506,37,0.7,63505,15,0.29,5316,99,5263,10020,8,8
1668162879,2022-11-11 04:34:39 -0600,599939d3d47e4e425fa0d42c8358e2eb08d25f46,TX,48059,2,2022-11-09T01:00:00.000Z,FIPSCode,48059,0,2022-11-11T10:27:50.139Z,8,99.0,8,100.0,58549,4769,90.61,63031,442,8.4,63506,37,0.7,63505,15,0.29,5316,99,5263,10020,8,8
1668162918,2022-11-11 04:35:18 -0600,5223cf54e6965219ba675bd54e9182471695edca,TX,48059,2,2022-11-09T01:00:00.000Z,FIPSCode,48059,0,2022-11-11T10:27:50.139Z,8,99.0,8,100.0,58549,4769,90.61,63031,442,8.4,63506,37,0.7,63505,15,0.29,5316,99,5263,10020,8,8
1668162957,2022-11-11 04:35:57 -0600,9c3070421fd856197a39c50c7126293451f2ff23,TX,48059,2,2022-11-09T01:00:00.000Z,FIPSCode,48059,0,2022-11-11T10:27:50.139Z,8,99.0,8,100.0,58549,4769,90.61,63031,442,8.4,63506,37,0.7,63505,15,0.29,5316,99,5263,10020,8,8
1668162997,2022-11-11 04:36:37 -0600,613d4b4dea372d445b2101bc554c9692ce78bc34,TX,48059,2,2022-11-09T01:00:00.000Z,FIPSCode,48059,0,2022-11-11T10:27:50.139Z,8,99.0,8,100.0,58549,4769,90.61,63031,442,8.4,63506,37,0.7,63505,15,0.29,5316,99,5263,10020,8,8
1668163037,2022-11-11 04:37:17 -0600,fd699320a642da675d38393e7ebe273907425146,TX,48059,2,2022-11-09T01:00:00.000Z,FIPSCode,48059,0,2022-11-11T10:27:50.139Z,8,99.0,8,100.0,58549,4769,90.61,63031,442,8.4,63506,37,0.7,63505,15,0.29,5316,99,5263,10020,8,8
1668163076,2022-11-11 04:37:56 -0600,b9c21d6e41583f0db19a5a6c3ee53f58ee64aee4,TX,48059,2,2022-11-09T01:00:00.000Z,FIPSCode,48059,0,2022-11-11T10:27:50.139Z,8,99.0,8,100.0,58549,4769,90.61,63031,442,8.4,63506,37,0.7,63505,15,0.29,5316,99,5263,10020,8,8
1668163115,2022-11-11 04:38:35 -0600,3e0349a6b9399ea89845aee62d38b34223b317df,TX,48059,2,2022-11-09T01:00:00.000Z,FIPSCode,48059,0,2022-11-11T10:27:50.139Z,8,99.0,8,100.0,58549,4769,90.61,63031,442,8.4,63506,37,0.7,63505,15,0.29,5316,99,5263,10020,8,8
1668163155,2022-11-11 04:39:15 -0600,637395eccbf10f0aba3e337e7d085a01c8f47654,TX,48059,2,2022-11-09T01:00:00.000Z,FIPSCode,48059,0,2022-11-11T10:27:50.139Z,8,99.0,8,100.0,58549,4769,90.61,63031,442,8.4,63506,37,0.7,63505,15,0.29,5316,99,5263,10020,8,8
1668163194,2022-11-11 04:39:54 -0600,5f9ac6ad8d642760c11f342cd56f6cf05ac3ab8a,TX,48059,2,2022-11-09T01:00:00.000Z,FIPSCode,48059,0,2022-11-11T10:27:50.139Z,8,99.0,8,100.0,58549,4769,90.61,63031,442,8.4,63506,37,0.7,63505,15,0.29,5316,99,5263,10020,8,8
1668163233,2022-11-11 04:40:33 -0600,d0eee2815e3d05bbf48cf4cb1c1d2f5b9db91782,TX,48059,2,2022-11-09T01:00:00.000Z,FIPSCode,48059,0,2022-11-11T10:27:50.139Z,8,99.0,8,100.0,58549,4769,90.61,63031,442,8.4,63506,37,0.7,63505,15,0.29,5316,99,5263,10020,8,8
1668163273,2022-11-11 04:41:13 -0600,c3d9c8b3522a431a407c7ebd0d0b02cc915bc6bb,TX,48059,2,2022-11-09T01:00:00.000Z,FIPSCode,48059,0,2022-11-11T10:27:50.139Z,8,99.0,8,100.0,58549,4769,90.61,63031,442,8.4,63506,37,0.7,63505,15,0.29,5316,99,5263,10020,8,8
1668163312,2022-11-11 04:41:52 -0600,e92511fbcf808c050145b3dfc14a662e0255ce68,TX,48059,2,2022-11-09T01:00:00.000Z,FIPSCode,48059,0,2022-11-11T10:27:50.139Z,8,99.0,8,100.0,58549,4769,90.61,63031,442,8.4,63506,37,0.7,63505,15,0.29,5316,99,5263,10020,8,8
1668163352,2022-11-11 04:42:32 -0600,595eaa802ad0e4a27d311dc99081c5a45640ed5c,TX,48059,2,2022-11-09T01:00:00.000Z,FIPSCode,48059,0,2022-11-11T10:27:50.139Z,8,99.0,8,100.0,58549,4769,90.61,63031,442,8.4,63506,37,0.7,63505,15,0.29,5316,99,5263,10020,8,8
1668163392,2022-11-11 04:43:12 -0600,ec18d453c803986884f71be8f8d6a5b48a71825d,TX,48059,2,2022-11-09T01:00:00.000Z,FIPSCode,48059,0,2022-11-11T10:27:50.139Z,8,99.0,8,100.0,58549,4769,90.61,63031,442,8.4,63506,37,0.7,63505,15,0.29,5316,99,5263,10020,8,8
1668163432,2022-11-11 04:43:52 -0600,47c6d68e45c05ef718ef20081211038e8b0ee5c8,TX,48059,2,2022-11-09T01:00:00.000Z,FIPSCode,48059,0,2022-11-11T10:27:50.139Z,8,99.0,8,100.0,58549,4769,90.61,63031,442,8.4,63506,37,0.7,63505,15,0.29,5316,99,5263,10020,8,8
1668163471,2022-11-11 04:44:31 -0600,69538c6aa8e4bd5082e32ff358163457c694fe28,TX,48059,2,2022-11-09T01:00:00.000Z,FIPSCode,48059,0,2022-11-11T10:27:50.139Z,8,99.0,8,100.0,58549,4769,90.61,63031,442,8.4,63506,37,0.7,63505,15,0.29,5316,99,5263,10020,8,8
1668163511,2022-11-11 04:45:11 -0600,15050bb627a47b9ae217af59c6550c85233faed7,TX,48059,2,2022-11-09T01:00:00.000Z,FIPSCode,48059,0,2022-11-11T10:27:50.139Z,8,99.0,8,100.0,58549,4769,90.61,63031,442,8.4,63506,37,0.7,63505,15,0.29,5316,99,5263,10020,8,8
1668163550,2022-11-11 04:45:50 -0600,8e1caad30f121fbe5d0dd71548a2860f01ad1218,TX,48059,2,2022-11-09T01:00:00.000Z,FIPSCode,48059,0,2022-11-11T10:27:50.139Z,8,99.0,8,100.0,58549,4769,90.61,63031,442,8.4,63506,37,0.7,63505,15,0.29,5316,99,5263,10020,8,8
1668163589,2022-11-11 04:46:29 -0600,6a3eecef422863a3656d3b4701185102e8e71cd9,TX,48059,2,2022-11-09T01:00:00.000Z,FIPSCode,48059,0,2022-11-11T10:27:50.139Z,8,99.0,8,100.0,58549,4769,90.61,63031,442,8.4,63506,37,0.7,63505,15,0.29,5316,99,5263,10020,8,8
1668163629,2022-11-11 04:47:09 -0600,e14c28f694ce02d19bcd4a6bfe2897c7a1e2e477,TX,48059,2,2022-11-09T01:00:00.000Z,FIPSCode,48059,0,2022-11-11T10:27:50.139Z,8,99.0,8,100.0,58549,4769,90.61,63031,442,8.4,63506,37,0.7,63505,15,0.29,5316,99,5263,10020,8,8
1668163668,2022-11-11 04:47:48 -0600,0727cb536db86d9aceb8dcdf31e99c813808253e,TX,48059,2,2022-11-09T01:00:00.000Z,FIPSCode,48059,0,2022-11-11T10:27:50.139Z,8,99.0,8,100.0,58549,4769,90.61,63031,442,8.4,63506,37,0.7,63505,15,0.29,5316,99,5263,10020,8,8
1668163707,2022-11-11 04:48:27 -0600,b3320f5379bf8f5112610795a659635773bcbece,TX,48059,2,2022-11-09T01:00:00.000Z,FIPSCode,48059,0,2022-11-11T10:27:50.139Z,8,99.0,8,100.0,58549,4769,90.61,63031,442,8.4,63506,37,0.7,63505,15,0.29,5316,99,5263,10020,8,8
1668163747,2022-11-11 04:49:07 -0600,813b04ed0baf386d813a0ab1c2c8781e248840ee,TX,48059,2,2022-11-09T01:00:00.000Z,FIPSCode,48059,0,2022-11-11T10:27:50.139Z,8,99.0,8,100.0,58549,4769,90.61,63031,442,8.4,63506,37,0.7,63505,15,0.29,5316,99,5263,10020,8,8
1668163786,2022-11-11 04:49:46 -0600,16907ac09a84bf231bfff333fcef320b7b77f266,TX,48059,2,2022-11-09T01:00:00.000Z,FIPSCode,48059,0,2022-11-11T10:27:50.139Z,8,99.0,8,100.0,58549,4769,90.61,63031,442,8.4,63506,37,0.7,63505,15,0.29,5316,99,5263,10020,8,8
1668163826,2022-11-11 04:50:26 -0600,c51a9813597a7fbb2d54079d9f93c9a724e1909a,TX,48059,2,2022-11-09T01:00:00.000Z,FIPSCode,48059,0,2022-11-11T10:49:49.493Z,8,99.0,8,100.0,58549,4769,90.61,63031,442,8.4,63506,37,0.7,63505,15,0.29,5316,99,5263,10020,8,8
1668163865,2022-11-11 04:51:05 -0600,08f5490695f3acc5491ab299f1c0e6976adddab4,TX,48059,2,2022-11-09T01:00:00.000Z,FIPSCode,48059,0,2022-11-11T10:50:51.981Z,8,99.0,8,100.0,58549,4769,90.61,63031,442,8.4,63506,37,0.7,63505,15,0.29,5316,99,5263,10020,8,8
1668163904,2022-11-11 04:51:44 -0600,ba7e7e3a25f6122d8ab4761c9de4808265185456,TX,48059,2,2022-11-09T01:00:00.000Z,FIPSCode,48059,0,2022-11-11T10:50:51.981Z,8,99.0,8,100.0,58549,4769,90.61,63031,442,8.4,63506,37,0.7,63505,15,0.29,5316,99,5263,10020,8,8
1668163943,2022-11-11 04:52:23 -0600,c00d18e797354a6c8c29c8fc4306898cfb33888c,TX,48059,2,2022-11-09T01:00:00.000Z,FIPSCode,48059,0,2022-11-11T10:51:50.875Z,8,99.0,8,100.0,58549,4769,90.61,63031,442,8.4,63506,37,0.7,63505,15,0.29,5316,99,5263,10020,8,8
1668163981,2022-11-11 04:53:01 -0600,b0a988caa61e10d89dd47a805dc198c9dc042934,TX,48059,2,2022-11-09T01:00:00.000Z,FIPSCode,48059,0,2022-11-11T10:51:50.875Z,8,99.0,8,100.0,58549,4769,90.61,63031,442,8.4,63506,37,0.7,63505,15,0.29,5316,99,5263,10020,8,8
1668164021,2022-11-11 04:53:41 -0600,2883821ba72c193059aca38f6768e9f1d2e0c670,TX,48059,2,2022-11-09T01:00:00.000Z,FIPSCode,48059,0,2022-11-11T10:51:50.875Z,8,99.0,8,100.0,58549,4769,90.61,63031,442,8.4,63506,37,0.7,63505,15,0.29,5316,99,5263,10020,8,8
1668164062,2022-11-11 04:54:22 -0600,3f3bb9488cb44fe761dc3345fc79ff7ac0041bc8,TX,48059,2,2022-11-09T01:00:00.000Z,FIPSCode,48059,0,2022-11-11T10:51:50.875Z,8,99.0,8,100.0,58549,4769,90.61,63031,442,8.4,63506,37,0.7,63505,15,0.29,5316,99,5263,10020,8,8
1668164102,2022-11-11 04:55:02 -0600,5c5b6db22d4b7279345bcf03d1c962066cc9c9c8,TX,48059,2,2022-11-09T01:00:00.000Z,FIPSCode,48059,0,2022-11-11T10:51:50.875Z,8,99.0,8,100.0,58549,4769,90.61,63031,442,8.4,63506,37,0.7,63505,15,0.29,5316,99,5263,10020,8,8
1668164142,2022-11-11 04:55:42 -0600,609d29202771ed0ec037aecb1bd0379d2e193c01,TX,48059,2,2022-11-09T01:00:00.000Z,FIPSCode,48059,0,2022-11-11T10:51:50.875Z,8,99.0,8,100.0,58549,4769,90.61,63031,442,8.4,63506,37,0.7,63505,15,0.29,5316,99,5263,10020,8,8
1668164182,2022-11-11 04:56:22 -0600,d626602778ac208f8fffade3673f09481ec27a41,TX,48059,2,2022-11-09T01:00:00.000Z,FIPSCode,48059,0,2022-11-11T10:51:50.875Z,8,99.0,8,100.0,58549,4769,90.61,63031,442,8.4,63506,37,0.7,63505,15,0.29,5316,99,5263,10020,8,8
1668164222,2022-11-11 04:57:02 -0600,e0f32721fce30f8f6ae062a3f872cdb199322595,TX,48059,2,2022-11-09T01:00:00.000Z,FIPSCode,48059,0,2022-11-11T10:51:50.875Z,8,99.0,8,100.0,58549,4769,90.61,63031,442,8.4,63506,37,0.7,63505,15,0.29,5316,99,5263,10020,8,8
1668164261,2022-11-11 04:57:41 -0600,844a5354989fed43566d4f64ec84bb3e39312a3f,TX,48059,2,2022-11-09T01:00:00.000Z,FIPSCode,48059,0,2022-11-11T10:51:50.875Z,8,99.0,8,100.0,58549,4769,90.61,63031,442,8.4,63506,37,0.7,63505,15,0.29,5316,99,5263,10020,8,8
1668164299,2022-11-11 04:58:19 -0600,4acecbb136c4bf8af10f2655817955ad323dd30c,TX,48059,2,2022-11-09T01:00:00.000Z,FIPSCode,48059,0,2022-11-11T10:51:50.875Z,8,99.0,8,100.0,58549,4769,90.61,63031,442,8.4,63506,37,0.7,63505,15,0.29,5316,99,5263,10020,8,8
1668164338,2022-11-11 04:58:58 -0600,1b271451bf4284956981a7bd65bd93dd76bc9e79,TX,48059,2,2022-11-09T01:00:00.000Z,FIPSCode,48059,0,2022-11-11T10:51:50.875Z,8,99.0,8,100.0,58549,4769,90.61,63031,442,8.4,63506,37,0.7,63505,15,0.29,5316,99,5263,10020,8,8
1668164377,2022-11-11 04:59:37 -0600,6929c685fc5fcf9adec0d544946f24d647d5beab,TX,48059,2,2022-11-09T01:00:00.000Z,FIPSCode,48059,0,2022-11-11T10:51:50.875Z,8,99.0,8,100.0,58549,4769,90.61,63031,442,8.4,63506,37,0.7,63505,15,0.29,5316,99,5263,10020,8,8
1668164417,2022-11-11 05:00:17 -0600,ed8036b661752ddc83122d69c1987ee8cb3cbb64,TX,48059,2,2022-11-09T01:00:00.000Z,FIPSCode,48059,0,2022-11-11T10:51:50.875Z,8,99.0,8,100.0,58549,4769,90.61,63031,442,8.4,63506,37,0.7,63505,15,0.29,5316,99,5263,10020,8,8
1668164456,2022-11-11 05:00:56 -0600,0a574222ee77687dc4a0e064a68009aeb452bd35,TX,48059,2,2022-11-09T01:00:00.000Z,FIPSCode,48059,0,2022-11-11T10:51:50.875Z,8,99.0,8,100.0,58549,4769,90.61,63031,442,8.4,63506,37,0.7,63505,15,0.29,5316,99,5263,10020,8,8
1668164496,2022-11-11 05:01:36 -0600,eb3938fdcb9eecc05df63ea23750c5ab17210c58,TX,48059,2,2022-11-09T01:00:00.000Z,FIPSCode,48059,0,2022-11-11T10:51:50.875Z,8,99.0,8,100.0,58549,4769,90.61,63031,442,8.4,63506,37,0.7,63505,15,0.29,5316,99,5263,10020,8,8
1668164536,2022-11-11 05:02:16 -0600,234ae64442cec996a53ad92732f53d28bf5e40e1,TX,48059,2,2022-11-09T01:00:00.000Z,FIPSCode,48059,0,2022-11-11T10:51:50.875Z,8,99.0,8,100.0,58549,4769,90.61,63031,442,8.4,63506,37,0.7,63505,15,0.29,5316,99,5263,10020,8,8
1668164575,2022-11-11 05:02:55 -0600,127208ae38cfb8c17bf2fc9a7404688fdf87c8fb,TX,48059,2,2022-11-09T01:00:00.000Z,FIPSCode,48059,0,2022-11-11T10:51:50.875Z,8,99.0,8,100.0,58549,4769,90.61,63031,442,8.4,63506,37,0.7,63505,15,0.29,5316,99,5263,10020,8,8
1668164614,2022-11-11 05:03:34 -0600,3486a946daf8d6a436c6ce66fd82f3dcb54191e7,TX,48059,2,2022-11-09T01:00:00.000Z,FIPSCode,48059,0,2022-11-11T10:51:50.875Z,8,99.0,8,100.0,58549,4769,90.61,63031,442,8.4,63506,37,0.7,63505,15,0.29,5316,99,5263,10020,8,8
1668164654,2022-11-11 05:04:14 -0600,6b2e55ac9a029d48d4a393439261dfb2bf95cd95,TX,48059,2,2022-11-09T01:00:00.000Z,FIPSCode,48059,0,2022-11-11T10:51:50.875Z,8,99.0,8,100.0,58549,4769,90.61,63031,442,8.4,63506,37,0.7,63505,15,0.29,5316,99,5263,10020,8,8
1668164696,2022-11-11 05:04:56 -0600,0e8798f81eeca085a1159d8da240ea60618f7aba,TX,48059,2,2022-11-09T01:00:00.000Z,FIPSCode,48059,0,2022-11-11T10:51:50.875Z,8,99.0,8,100.0,58549,4769,90.61,63031,442,8.4,63506,37,0.7,63505,15,0.29,5316,99,5263,10020,8,8
1668164736,2022-11-11 05:05:36 -0600,c255149338cbed40eff371323f12cfe9bb979d96,TX,48059,2,2022-11-09T01:00:00.000Z,FIPSCode,48059,0,2022-11-11T10:51:50.875Z,8,99.0,8,100.0,58549,4769,90.61,63031,442,8.4,63506,37,0.7,63505,15,0.29,5316,99,5263,10020,8,8
1668164776,2022-11-11 05:06:16 -0600,dd62abcf73b7ddba3a1edcac29829d4617ddc3f4,TX,48059,2,2022-11-09T01:00:00.000Z,FIPSCode,48059,0,2022-11-11T10:51:50.875Z,8,99.0,8,100.0,58549,4769,90.61,63031,442,8.4,63506,37,0.7,63505,15,0.29,5316,99,5263,10020,8,8
1668164816,2022-11-11 05:06:56 -0600,00000d129659e585bd5dfe9844ea5180f04789fe,TX,48059,2,2022-11-09T01:00:00.000Z,FIPSCode,48059,0,2022-11-11T10:51:50.875Z,8,99.0,8,100.0,58549,4769,90.61,63031,442,8.4,63506,37,0.7,63505,15,0.29,5316,99,5263,10020,8,8
1668164855,2022-11-11 05:07:35 -0600,8619c8adb9d54d5f75269ba5f6ac770d8706e81f,TX,48059,2,2022-11-09T01:00:00.000Z,FIPSCode,48059,0,2022-11-11T10:51:50.875Z,8,99.0,8,100.0,58549,4769,90.61,63031,442,8.4,63506,37,0.7,63505,15,0.29,5316,99,5263,10020,8,8
1668164896,2022-11-11 05:08:16 -0600,e7e5c08ea06b3da261381cdb55e66db766998663,TX,48059,2,2022-11-09T01:00:00.000Z,FIPSCode,48059,0,2022-11-11T10:51:50.875Z,8,99.0,8,100.0,58549,4769,90.61,63031,442,8.4,63506,37,0.7,63505,15,0.29,5316,99,5263,10020,8,8
1668164937,2022-11-11 05:08:57 -0600,484ad056a6a024aed410c6b18e9ed0d6d2a6d005,TX,48059,2,2022-11-09T01:00:00.000Z,FIPSCode,48059,0,2022-11-11T10:51:50.875Z,8,99.0,8,100.0,58549,4769,90.61,63031,442,8.4,63506,37,0.7,63505,15,0.29,5316,99,5263,10020,8,8
1668164976,2022-11-11 05:09:36 -0600,1392c8100610b39eb74d5c8224f1282e2f92521c,TX,48059,2,2022-11-09T01:00:00.000Z,FIPSCode,48059,0,2022-11-11T10:51:50.875Z,8,99.0,8,100.0,58549,4769,90.61,63031,442,8.4,63506,37,0.7,63505,15,0.29,5316,99,5263,10020,8,8
1668165017,2022-11-11 05:10:17 -0600,9ea81511bac6e6cfe70f0aa6ca9194fb00a535b1,TX,48059,2,2022-11-09T01:00:00.000Z,FIPSCode,48059,0,2022-11-11T10:51:50.875Z,8,99.0,8,100.0,58549,4769,90.61,63031,442,8.4,63506,37,0.7,63505,15,0.29,5316,99,5263,10020,8,8
1668165059,2022-11-11 05:10:59 -0600,be675b0fad0d0bdd623e4baa3b9cdde2f20e08a0,TX,48059,2,2022-11-09T01:00:00.000Z,FIPSCode,48059,0,2022-11-11T10:51:50.875Z,8,99.0,8,100.0,58549,4769,90.61,63031,442,8.4,63506,37,0.7,63505,15,0.29,5316,99,5263,10020,8,8
1668165101,2022-11-11 05:11:41 -0600,68d5750dc4945881a2e5bec6ce8bff3cbe2e0c11,TX,48059,2,2022-11-09T01:00:00.000Z,FIPSCode,48059,0,2022-11-11T10:51:50.875Z,8,99.0,8,100.0,58549,4769,90.61,63031,442,8.4,63506,37,0.7,63505,15,0.29,5316,99,5263,10020,8,8
1668165141,2022-11-11 05:12:21 -0600,c7672fffbeaa7731d870be82dbfa6e23a04cdbc8,TX,48059,2,2022-11-09T01:00:00.000Z,FIPSCode,48059,0,2022-11-11T10:51:50.875Z,8,99.0,8,100.0,58549,4769,90.61,63031,442,8.4,63506,37,0.7,63505,15,0.29,5316,99,5263,10020,8,8
1668165180,2022-11-11 05:13:00 -0600,96a9f8beb4ce7aa41d5fce8cfdc92b50f682b42d,TX,48059,2,2022-11-09T01:00:00.000Z,FIPSCode,48059,0,2022-11-11T10:51:50.875Z,8,99.0,8,100.0,58549,4769,90.61,63031,442,8.4,63506,37,0.7,63505,15,0.29,5316,99,5263,10020,8,8
1668165218,2022-11-11 05:13:38 -0600,1e5a1da1227f78ec1bc115e0181b5e4230bbeb74,TX,48059,2,2022-11-09T01:00:00.000Z,FIPSCode,48059,0,2022-11-11T10:51:50.875Z,8,99.0,8,100.0,58549,4769,90.61,63031,442,8.4,63506,37,0.7,63505,15,0.29,5316,99,5263,10020,8,8
1668165258,2022-11-11 05:14:18 -0600,fae09ccc9cb1f1034c27b82b3d19291ebd155eba,TX,48059,2,2022-11-09T01:00:00.000Z,FIPSCode,48059,0,2022-11-11T10:51:50.875Z,8,99.0,8,100.0,58549,4769,90.61,63031,442,8.4,63506,37,0.7,63505,15,0.29,5316,99,5263,10020,8,8
1668165298,2022-11-11 05:14:58 -0600,25ae6801ef4d2afc2aa239a6b9549c030a66640b,TX,48059,2,2022-11-09T01:00:00.000Z,FIPSCode,48059,0,2022-11-11T10:51:50.875Z,8,99.0,8,100.0,58549,4769,90.61,63031,442,8.4,63506,37,0.7,63505,15,0.29,5316,99,5263,10020,8,8
1668165337,2022-11-11 05:15:37 -0600,6d6790b5598dd376fcbdce841a331c1925ddf7cf,TX,48059,2,2022-11-09T01:00:00.000Z,FIPSCode,48059,0,2022-11-11T10:51:50.875Z,8,99.0,8,100.0,58549,4769,90.61,63031,442,8.4,63506,37,0.7,63505,15,0.29,5316,99,5263,10020,8,8
1668165377,2022-11-11 05:16:17 -0600,6e0aedcb7ab3ee44923afa83aef3d934ec836cc0,TX,48059,2,2022-11-09T01:00:00.000Z,FIPSCode,48059,0,2022-11-11T10:51:50.875Z,8,99.0,8,100.0,58549,4769,90.61,63031,442,8.4,63506,37,0.7,63505,15,0.29,5316,99,5263,10020,8,8
1668165416,2022-11-11 05:16:56 -0600,3f1aedab87c7652770495acd898aac225fcb882d,TX,48059,2,2022-11-09T01:00:00.000Z,FIPSCode,48059,0,2022-11-11T10:51:50.875Z,8,99.0,8,100.0,58549,4769,90.61,63031,442,8.4,63506,37,0.7,63505,15,0.29,5316,99,5263,10020,8,8
1668165454,2022-11-11 05:17:34 -0600,4b05e67017ad789207ae1a7ed804031c106fe6ce,TX,48059,2,2022-11-09T01:00:00.000Z,FIPSCode,48059,0,2022-11-11T10:51:50.875Z,8,99.0,8,100.0,58549,4769,90.61,63031,442,8.4,63506,37,0.7,63505,15,0.29,5316,99,5263,10020,8,8
1668165493,2022-11-11 05:18:13 -0600,1b37b607fb3702d06e9d1933c82894c75ebc7d8c,TX,48059,2,2022-11-09T01:00:00.000Z,FIPSCode,48059,0,2022-11-11T10:51:50.875Z,8,99.0,8,100.0,58549,4769,90.61,63031,442,8.4,63506,37,0.7,63505,15,0.29,5316,99,5263,10020,8,8
1668165532,2022-11-11 05:18:52 -0600,8515456afb7af4356820167e46599481da18bad4,TX,48059,2,2022-11-09T01:00:00.000Z,FIPSCode,48059,0,2022-11-11T10:51:50.875Z,8,99.0,8,100.0,58549,4769,90.61,63031,442,8.4,63506,37,0.7,63505,15,0.29,5316,99,5263,10020,8,8
1668165572,2022-11-11 05:19:32 -0600,7b9f09b37afd7bc4a41831a45d76bb499392775c,TX,48059,2,2022-11-09T01:00:00.000Z,FIPSCode,48059,0,2022-11-11T10:51:50.875Z,8,99.0,8,100.0,58549,4769,90.61,63031,442,8.4,63506,37,0.7,63505,15,0.29,5316,99,5263,10020,8,8
1668165613,2022-11-11 05:20:13 -0600,e52d68f3a7c149936bc2e0aa391799cab2aa6666,TX,48059,2,2022-11-09T01:00:00.000Z,FIPSCode,48059,0,2022-11-11T10:51:50.875Z,8,99.0,8,100.0,58549,4769,90.61,63031,442,8.4,63506,37,0.7,63505,15,0.29,5316,99,5263,10020,8,8
1668165652,2022-11-11 05:20:52 -0600,a76fed41d308ad3be2106c8d0e0d7ff4afc32678,TX,48059,2,2022-11-09T01:00:00.000Z,FIPSCode,48059,0,2022-11-11T10:51:50.875Z,8,99.0,8,100.0,58549,4769,90.61,63031,442,8.4,63506,37,0.7,63505,15,0.29,5316,99,5263,10020,8,8
1668165691,2022-11-11 05:21:31 -0600,f70a217538df52f9fcec9ebbd3a0251a6ae3beee,TX,48059,2,2022-11-09T01:00:00.000Z,FIPSCode,48059,0,2022-11-11T10:51:50.875Z,8,99.0,8,100.0,58549,4769,90.61,63031,442,8.4,63506,37,0.7,63505,15,0.29,5316,99,5263,10020,8,8
1668165731,2022-11-11 05:22:11 -0600,dde69df44fac3d2c9f8407ffd06a02b8ed924c84,TX,48059,2,2022-11-09T01:00:00.000Z,FIPSCode,48059,0,2022-11-11T10:51:50.875Z,8,99.0,8,100.0,58549,4769,90.61,63031,442,8.4,63506,37,0.7,63505,15,0.29,5316,99,5263,10020,8,8
1668165770,2022-11-11 05:22:50 -0600,6ccd95bd6c8da51d26681415f8a2c140ffff410a,TX,48059,2,2022-11-09T01:00:00.000Z,FIPSCode,48059,0,2022-11-11T10:51:50.875Z,8,99.0,8,100.0,58549,4769,90.61,63031,442,8.4,63506,37,0.7,63505,15,0.29,5316,99,5263,10020,8,8
1668165809,2022-11-11 05:23:29 -0600,a0ffcbd82c4ec09f9e8b25e3ebcb86bfdc54aaf6,TX,48059,2,2022-11-09T01:00:00.000Z,FIPSCode,48059,0,2022-11-11T10:51:50.875Z,8,99.0,8,100.0,58549,4769,90.61,63031,442,8.4,63506,37,0.7,63505,15,0.29,5316,99,5263,10020,8,8
1668165849,2022-11-11 05:24:09 -0600,4ebfb64ecf049ab064868246528a84aebbb5da5c,TX,48059,2,2022-11-09T01:00:00.000Z,FIPSCode,48059,0,2022-11-11T10:51:50.875Z,8,99.0,8,100.0,58549,4769,90.61,63031,442,8.4,63506,37,0.7,63505,15,0.29,5316,99,5263,10020,8,8
1668165894,2022-11-11 05:24:54 -0600,c799e4219184f14f07888701e1f1c29f97d555a9,TX,48059,2,2022-11-09T01:00:00.000Z,FIPSCode,48059,0,2022-11-11T10:51:50.875Z,8,99.0,8,100.0,58549,4769,90.61,63031,442,8.4,63506,37,0.7,63505,15,0.29,5316,99,5263,10020,8,8
1668165931,2022-11-11 05:25:31 -0600,785b96c070c447f3a676953f3cbf2bdc9a8cef14,TX,48059,2,2022-11-09T01:00:00.000Z,FIPSCode,48059,0,2022-11-11T10:51:50.875Z,8,99.0,8,100.0,58549,4769,90.61,63031,442,8.4,63506,37,0.7,63505,15,0.29,5316,99,5263,10020,8,8
1668165974,2022-11-11 05:26:14 -0600,b9caf2a94280b0ba9f80260a0d2e4dd22dc3284f,TX,48059,2,2022-11-09T01:00:00.000Z,FIPSCode,48059,0,2022-11-11T10:51:50.875Z,8,99.0,8,100.0,58549,4769,90.61,63031,442,8.4,63506,37,0.7,63505,15,0.29,5316,99,5263,10020,8,8
1668166012,2022-11-11 05:26:52 -0600,f388b2453372a38fb91e86849a5d1317a0f3a7ae,TX,48059,2,2022-11-09T01:00:00.000Z,FIPSCode,48059,0,2022-11-11T10:51:50.875Z,8,99.0,8,100.0,58549,4769,90.61,63031,442,8.4,63506,37,0.7,63505,15,0.29,5316,99,5263,10020,8,8
1668166053,2022-11-11 05:27:33 -0600,8da80f0d6ba9db2c3524540af941adecac91b829,TX,48059,2,2022-11-09T01:00:00.000Z,FIPSCode,48059,0,2022-11-11T10:51:50.875Z,8,99.0,8,100.0,58549,4769,90.61,63031,442,8.4,63506,37,0.7,63505,15,0.29,5316,99,5263,10020,8,8
1668166091,2022-11-11 05:28:11 -0600,81a28a092ea1da567c1288754e1a22f4f06372b7,TX,48059,2,2022-11-09T01:00:00.000Z,FIPSCode,48059,0,2022-11-11T10:51:50.875Z,8,99.0,8,100.0,58549,4769,90.61,63031,442,8.4,63506,37,0.7,63505,15,0.29,5316,99,5263,10020,8,8
1668166132,2022-11-11 05:28:52 -0600,5cfcfead1431b1478785c9dd0ef067f863b603b0,TX,48059,2,2022-11-09T01:00:00.000Z,FIPSCode,48059,0,2022-11-11T10:51:50.875Z,8,99.0,8,100.0,58549,4769,90.61,63031,442,8.4,63506,37,0.7,63505,15,0.29,5316,99,5263,10020,8,8
1668166172,2022-11-11 05:29:32 -0600,2c50681b5cc7b0b1e57a746bec9474d46c672c01,TX,48059,2,2022-11-09T01:00:00.000Z,FIPSCode,48059,0,2022-11-11T10:51:50.875Z,8,99.0,8,100.0,58549,4769,90.61,63031,442,8.4,63506,37,0.7,63505,15,0.29,5316,99,5263,10020,8,8
1668166213,2022-11-11 05:30:13 -0600,607b30f34501bfcef586dc55dda1cec96d06f18b,TX,48059,2,2022-11-09T01:00:00.000Z,FIPSCode,48059,0,2022-11-11T10:51:50.875Z,8,99.0,8,100.0,58549,4769,90.61,63031,442,8.4,63506,37,0.7,63505,15,0.29,5316,99,5263,10020,8,8
1668166255,2022-11-11 05:30:55 -0600,bb51c2ca27be7411e91fae323eb4a139cb8f282e,TX,48059,2,2022-11-09T01:00:00.000Z,FIPSCode,48059,0,2022-11-11T10:51:50.875Z,8,99.0,8,100.0,58549,4769,90.61,63031,442,8.4,63506,37,0.7,63505,15,0.29,5316,99,5263,10020,8,8
1668166294,2022-11-11 05:31:34 -0600,a1b6db9552bed929be7a7d027e8d81a3e02506c4,TX,48059,2,2022-11-09T01:00:00.000Z,FIPSCode,48059,0,2022-11-11T10:51:50.875Z,8,99.0,8,100.0,58549,4769,90.61,63031,442,8.4,63506,37,0.7,63505,15,0.29,5316,99,5263,10020,8,8
1668166333,2022-11-11 05:32:13 -0600,50a61736eeb4bbbb712db00c243ea95766a2ffef,TX,48059,2,2022-11-09T01:00:00.000Z,FIPSCode,48059,0,2022-11-11T10:51:50.875Z,8,99.0,8,100.0,58549,4769,90.61,63031,442,8.4,63506,37,0.7,63505,15,0.29,5316,99,5263,10020,8,8
1668166372,2022-11-11 05:32:52 -0600,6c680ba5c2419e627cad17598fbbb4c0dee3a3ec,TX,48059,2,2022-11-09T01:00:00.000Z,FIPSCode,48059,0,2022-11-11T10:51:50.875Z,8,99.0,8,100.0,58549,4769,90.61,63031,442,8.4,63506,37,0.7,63505,15,0.29,5316,99,5263,10020,8,8
1668166411,2022-11-11 05:33:31 -0600,8d10cdaca82364cf03547717b555de7d50890021,TX,48059,2,2022-11-09T01:00:00.000Z,FIPSCode,48059,0,2022-11-11T10:51:50.875Z,8,99.0,8,100.0,58549,4769,90.61,63031,442,8.4,63506,37,0.7,63505,15,0.29,5316,99,5263,10020,8,8
1668166451,2022-11-11 05:34:11 -0600,2fe0ebf9f7d8571c9e5576c142ae9a9d4eb5158b,TX,48059,2,2022-11-09T01:00:00.000Z,FIPSCode,48059,0,2022-11-11T10:51:50.875Z,8,99.0,8,100.0,58549,4769,90.61,63031,442,8.4,63506,37,0.7,63505,15,0.29,5316,99,5263,10020,8,8
1668166490,2022-11-11 05:34:50 -0600,46bdeaa67e48b11d7121264b69283293f5c3a3eb,TX,48059,2,2022-11-09T01:00:00.000Z,FIPSCode,48059,0,2022-11-11T10:51:50.875Z,8,99.0,8,100.0,58549,4769,90.61,63031,442,8.4,63506,37,0.7,63505,15,0.29,5316,99,5263,10020,8,8
1668166530,2022-11-11 05:35:30 -0600,ffbfb026744080d11c16a2f5b9b5b017c54eae10,TX,48059,2,2022-11-09T01:00:00.000Z,FIPSCode,48059,0,2022-11-11T10:51:50.875Z,8,99.0,8,100.0,58549,4769,90.61,63031,442,8.4,63506,37,0.7,63505,15,0.29,5316,99,5263,10020,8,8
1668166572,2022-11-11 05:36:12 -0600,2ed0dbcacfc41c80ae94a94dc5a378e27828f1ef,TX,48059,2,2022-11-09T01:00:00.000Z,FIPSCode,48059,0,2022-11-11T10:51:50.875Z,8,99.0,8,100.0,58549,4769,90.61,63031,442,8.4,63506,37,0.7,63505,15,0.29,5316,99,5263,10020,8,8
1668166612,2022-11-11 05:36:52 -0600,d6fbd512fa3f9b5dc8bcf4f00d86a8281d871536,TX,48059,2,2022-11-09T01:00:00.000Z,FIPSCode,48059,0,2022-11-11T10:51:50.875Z,8,99.0,8,100.0,58549,4769,90.61,63031,442,8.4,63506,37,0.7,63505,15,0.29,5316,99,5263,10020,8,8
1668166651,2022-11-11 05:37:31 -0600,83e0d52adbe0a408a2cc30cdf94f53d3d31f14cf,TX,48059,2,2022-11-09T01:00:00.000Z,FIPSCode,48059,0,2022-11-11T10:51:50.875Z,8,99.0,8,100.0,58549,4769,90.61,63031,442,8.4,63506,37,0.7,63505,15,0.29,5316,99,5263,10020,8,8
1668166691,2022-11-11 05:38:11 -0600,34c867b331bb3552061f0130747a807cbf73088c,TX,48059,2,2022-11-09T01:00:00.000Z,FIPSCode,48059,0,2022-11-11T10:51:50.875Z,8,99.0,8,100.0,58549,4769,90.61,63031,442,8.4,63506,37,0.7,63505,15,0.29,5316,99,5263,10020,8,8
1668166729,2022-11-11 05:38:49 -0600,bbd0237210623e0b708c7d2317b5d6e548a96f0c,TX,48059,2,2022-11-09T01:00:00.000Z,FIPSCode,48059,0,2022-11-11T10:51:50.875Z,8,99.0,8,100.0,58549,4769,90.61,63031,442,8.4,63506,37,0.7,63505,15,0.29,5316,99,5263,10020,8,8
1668166770,2022-11-11 05:39:30 -0600,2fcc4687ecc199fd71ef965b4a5672099edd8183,TX,48059,2,2022-11-09T01:00:00.000Z,FIPSCode,48059,0,2022-11-11T10:51:50.875Z,8,99.0,8,100.0,58549,4769,90.61,63031,442,8.4,63506,37,0.7,63505,15,0.29,5316,99,5263,10020,8,8
1668166809,2022-11-11 05:40:09 -0600,7e28d83bb68e4fa9285bdcfc87212b285b538387,TX,48059,2,2022-11-09T01:00:00.000Z,FIPSCode,48059,0,2022-11-11T10:51:50.875Z,8,99.0,8,100.0,58549,4769,90.61,63031,442,8.4,63506,37,0.7,63505,15,0.29,5316,99,5263,10020,8,8
1668166849,2022-11-11 05:40:49 -0600,2182703129b1c2a17855dc02eb13ba42b9a8781c,TX,48059,2,2022-11-09T01:00:00.000Z,FIPSCode,48059,0,2022-11-11T10:51:50.875Z,8,99.0,8,100.0,58549,4769,90.61,63031,442,8.4,63506,37,0.7,63505,15,0.29,5316,99,5263,10020,8,8
1668166890,2022-11-11 05:41:30 -0600,4b595f88ebf29ec5fa0b117ebe250b9f5fa1ef9a,TX,48059,2,2022-11-09T01:00:00.000Z,FIPSCode,48059,0,2022-11-11T10:51:50.875Z,8,99.0,8,100.0,58549,4769,90.61,63031,442,8.4,63506,37,0.7,63505,15,0.29,5316,99,5263,10020,8,8
1668166930,2022-11-11 05:42:10 -0600,5b7f7cc6e7164db1bfb9446d144d08b3f9d89e35,TX,48059,2,2022-11-09T01:00:00.000Z,FIPSCode,48059,0,2022-11-11T10:51:50.875Z,8,99.0,8,100.0,58549,4769,90.61,63031,442,8.4,63506,37,0.7,63505,15,0.29,5316,99,5263,10020,8,8
1668166969,2022-11-11 05:42:49 -0600,bb712269c51845d22af322d0a0e5af0f8133d69a,TX,48059,2,2022-11-09T01:00:00.000Z,FIPSCode,48059,0,2022-11-11T11:41:51.230Z,8,99.0,8,100.0,58549,4769,90.61,63031,442,8.4,63506,37,0.7,63505,15,0.29,5316,99,5263,10020,8,8
1668167009,2022-11-11 05:43:29 -0600,fcbdc9056b17be737df774a307720a99c82b2fa0,TX,48059,2,2022-11-09T01:00:00.000Z,FIPSCode,48059,0,2022-11-11T11:42:47.777Z,8,99.0,8,100.0,58549,4769,90.61,63031,442,8.4,63506,37,0.7,63505,15,0.29,5316,99,5263,10020,8,8
1668167049,2022-11-11 05:44:09 -0600,ed25221adf41bf2dd7b405b6996ec5d750a32da5,TX,48059,2,2022-11-09T01:00:00.000Z,FIPSCode,48059,0,2022-11-11T11:43:29.511Z,8,99.0,8,100.0,58549,4769,90.61,63031,442,8.4,63506,37,0.7,63505,15,0.29,5316,99,5263,10020,8,8
1668167088,2022-11-11 05:44:48 -0600,904ec7ff75ae5b5e62c0ea9385d7b9a9b5011e9c,TX,48059,2,2022-11-09T01:00:00.000Z,FIPSCode,48059,0,2022-11-11T11:44:13.162Z,8,99.0,8,100.0,58549,4769,90.61,63031,442,8.4,63506,37,0.7,63505,15,0.29,5316,99,5263,10020,8,8
1668167128,2022-11-11 05:45:28 -0600,c34dec893dcf94f83690062d2e9242820ca75d9d,TX,48059,2,2022-11-09T01:00:00.000Z,FIPSCode,48059,0,2022-11-11T11:44:13.162Z,8,99.0,8,100.0,58549,4769,90.61,63031,442,8.4,63506,37,0.7,63505,15,0.29,5316,99,5263,10020,8,8
1668167167,2022-11-11 05:46:07 -0600,9ecdcacde1bb70ee931c27ec195d7c6de6e9f8f5,TX,48059,2,2022-11-09T01:00:00.000Z,FIPSCode,48059,0,2022-11-11T11:44:13.162Z,8,99.0,8,100.0,58549,4769,90.61,63031,442,8.4,63506,37,0.7,63505,15,0.29,5316,99,5263,10020,8,8
1668167207,2022-11-11 05:46:47 -0600,cf28c7a3d3c10f1e46156a926c76275074848300,TX,48059,2,2022-11-09T01:00:00.000Z,FIPSCode,48059,0,2022-11-11T11:44:13.162Z,8,99.0,8,100.0,58549,4769,90.61,63031,442,8.4,63506,37,0.7,63505,15,0.29,5316,99,5263,10020,8,8
1668167247,2022-11-11 05:47:27 -0600,3b2dbef4d653352849334fe12319d325fde6393f,TX,48059,2,2022-11-09T01:00:00.000Z,FIPSCode,48059,0,2022-11-11T11:44:13.162Z,8,99.0,8,100.0,58549,4769,90.61,63031,442,8.4,63506,37,0.7,63505,15,0.29,5316,99,5263,10020,8,8
1668167287,2022-11-11 05:48:07 -0600,56af7bf22c017db3fe73d8d833906b2b482dafdd,TX,48059,2,2022-11-09T01:00:00.000Z,FIPSCode,48059,0,2022-11-11T11:44:13.162Z,8,99.0,8,100.0,58549,4769,90.61,63031,442,8.4,63506,37,0.7,63505,15,0.29,5316,99,5263,10020,8,8
1668167330,2022-11-11 05:48:50 -0600,ba76ec7a3d872aa636b5dc882368b11440ac5c87,TX,48059,2,2022-11-09T01:00:00.000Z,FIPSCode,48059,0,2022-11-11T11:44:13.162Z,8,99.0,8,100.0,58549,4769,90.61,63031,442,8.4,63506,37,0.7,63505,15,0.29,5316,99,5263,10020,8,8
1668167368,2022-11-11 05:49:28 -0600,efdb0cafb42f91766ff47e0f6bdc6c60d2c95ce9,TX,48059,2,2022-11-09T01:00:00.000Z,FIPSCode,48059,0,2022-11-11T11:44:13.162Z,8,99.0,8,100.0,58549,4769,90.61,63031,442,8.4,63506,37,0.7,63505,15,0.29,5316,99,5263,10020,8,8
1668167407,2022-11-11 05:50:07 -0600,ebfca8718d364f67c4d151b4947198ce8cfbd645,TX,48059,2,2022-11-09T01:00:00.000Z,FIPSCode,48059,0,2022-11-11T11:44:13.162Z,8,99.0,8,100.0,58549,4769,90.61,63031,442,8.4,63506,37,0.7,63505,15,0.29,5316,99,5263,10020,8,8
1668167446,2022-11-11 05:50:46 -0600,d9dcfe772ed068d3dede6d24f854d45686eba717,TX,48059,2,2022-11-09T01:00:00.000Z,FIPSCode,48059,0,2022-11-11T11:44:13.162Z,8,99.0,8,100.0,58549,4769,90.61,63031,442,8.4,63506,37,0.7,63505,15,0.29,5316,99,5263,10020,8,8
1668167486,2022-11-11 05:51:26 -0600,928e53ec852dd4234b9f6f7bb650438674ad3e45,TX,48059,2,2022-11-09T01:00:00.000Z,FIPSCode,48059,0,2022-11-11T11:44:13.162Z,8,99.0,8,100.0,58549,4769,90.61,63031,442,8.4,63506,37,0.7,63505,15,0.29,5316,99,5263,10020,8,8
1668167527,2022-11-11 05:52:07 -0600,65616d7eeb3b6f1769d7ab2a7c79891c32624f56,TX,48059,2,2022-11-09T01:00:00.000Z,FIPSCode,48059,0,2022-11-11T11:44:13.162Z,8,99.0,8,100.0,58549,4769,90.61,63031,442,8.4,63506,37,0.7,63505,15,0.29,5316,99,5263,10020,8,8
1668167566,2022-11-11 05:52:46 -0600,88e936f99bf7aef6b78beb17b50bdf3da70d2c23,TX,48059,2,2022-11-09T01:00:00.000Z,FIPSCode,48059,0,2022-11-11T11:44:13.162Z,8,99.0,8,100.0,58549,4769,90.61,63031,442,8.4,63506,37,0.7,63505,15,0.29,5316,99,5263,10020,8,8
1668167605,2022-11-11 05:53:25 -0600,a321c3a007316cdb562444534327dbc736f5a030,TX,48059,2,2022-11-09T01:00:00.000Z,FIPSCode,48059,0,2022-11-11T11:44:13.162Z,8,99.0,8,100.0,58549,4769,90.61,63031,442,8.4,63506,37,0.7,63505,15,0.29,5316,99,5263,10020,8,8
1668167645,2022-11-11 05:54:05 -0600,3d473030bc98349c0179cec200c5f43dc54e4fc4,TX,48059,2,2022-11-09T01:00:00.000Z,FIPSCode,48059,0,2022-11-11T11:44:13.162Z,8,99.0,8,100.0,58549,4769,90.61,63031,442,8.4,63506,37,0.7,63505,15,0.29,5316,99,5263,10020,8,8
1668167686,2022-11-11 05:54:46 -0600,7b12fec6b78349ec0aace6654316a7dd39b56c62,TX,48059,2,2022-11-09T01:00:00.000Z,FIPSCode,48059,0,2022-11-11T11:44:13.162Z,8,99.0,8,100.0,58549,4769,90.61,63031,442,8.4,63506,37,0.7,63505,15,0.29,5316,99,5263,10020,8,8
1668167726,2022-11-11 05:55:26 -0600,81b7716ffc951d49737a19b437695f3955815721,TX,48059,2,2022-11-09T01:00:00.000Z,FIPSCode,48059,0,2022-11-11T11:44:13.162Z,8,99.0,8,100.0,58549,4769,90.61,63031,442,8.4,63506,37,0.7,63505,15,0.29,5316,99,5263,10020,8,8
1668167766,2022-11-11 05:56:06 -0600,06475d4f04a4fb6be430507d559b26a099dd97fa,TX,48059,2,2022-11-09T01:00:00.000Z,FIPSCode,48059,0,2022-11-11T11:44:13.162Z,8,99.0,8,100.0,58549,4769,90.61,63031,442,8.4,63506,37,0.7,63505,15,0.29,5316,99,5263,10020,8,8
1668167805,2022-11-11 05:56:45 -0600,285c0e0519cf5eb2c1180b80966960403f9217d5,TX,48059,2,2022-11-09T01:00:00.000Z,FIPSCode,48059,0,2022-11-11T11:44:13.162Z,8,99.0,8,100.0,58549,4769,90.61,63031,442,8.4,63506,37,0.7,63505,15,0.29,5316,99,5263,10020,8,8
1668167846,2022-11-11 05:57:26 -0600,58345c9fbe6a348af6b9f365500b0527ac9adc9a,TX,48059,2,2022-11-09T01:00:00.000Z,FIPSCode,48059,0,2022-11-11T11:44:13.162Z,8,99.0,8,100.0,58549,4769,90.61,63031,442,8.4,63506,37,0.7,63505,15,0.29,5316,99,5263,10020,8,8
1668167885,2022-11-11 05:58:05 -0600,83d6856f7e4780510a1016f5af4f23773bc24e70,TX,48059,2,2022-11-09T01:00:00.000Z,FIPSCode,48059,0,2022-11-11T11:44:13.162Z,8,99.0,8,100.0,58549,4769,90.61,63031,442,8.4,63506,37,0.7,63505,15,0.29,5316,99,5263,10020,8,8
1668167924,2022-11-11 05:58:44 -0600,abfe75e1c3405a781cd9b6a8a399d3157ddc53e1,TX,48059,2,2022-11-09T01:00:00.000Z,FIPSCode,48059,0,2022-11-11T11:44:13.162Z,8,99.0,8,100.0,58549,4769,90.61,63031,442,8.4,63506,37,0.7,63505,15,0.29,5316,99,5263,10020,8,8
1668168041,2022-11-11 06:00:41 -0600,840d8c747e255fef928ad6906a7af904ddf6fec7,TX,48059,2,2022-11-09T01:00:00.000Z,FIPSCode,48059,0,2022-11-11T11:44:13.162Z,8,99.0,8,100.0,58549,4769,90.61,63031,442,8.4,63506,37,0.7,63505,15,0.29,5316,99,5263,10020,8,8
1668168080,2022-11-11 06:01:20 -0600,a1f6b578bd716e78fd813459f4d1a7d7f2d409bb,TX,48059,2,2022-11-09T01:00:00.000Z,FIPSCode,48059,0,2022-11-11T11:44:13.162Z,8,99.0,8,100.0,58549,4769,90.61,63031,442,8.4,63506,37,0.7,63505,15,0.29,5316,99,5263,10020,8,8
1668168120,2022-11-11 06:02:00 -0600,1d4c0f815ba9eea6c66f2468e553f4ef8a9fb542,TX,48059,2,2022-11-09T01:00:00.000Z,FIPSCode,48059,0,2022-11-11T11:44:13.162Z,8,99.0,8,100.0,58549,4769,90.61,63031,442,8.4,63506,37,0.7,63505,15,0.29,5316,99,5263,10020,8,8
1668168161,2022-11-11 06:02:41 -0600,4541c14c832f8c16ee383890b3cb0b04189a8974,TX,48059,2,2022-11-09T01:00:00.000Z,FIPSCode,48059,0,2022-11-11T11:44:13.162Z,8,99.0,8,100.0,58549,4769,90.61,63031,442,8.4,63506,37,0.7,63505,15,0.29,5316,99,5263,10020,8,8
1668168201,2022-11-11 06:03:21 -0600,cd37ca56b0a68d4db872c58db0e790bce4cc07e1,TX,48059,2,2022-11-09T01:00:00.000Z,FIPSCode,48059,0,2022-11-11T11:44:13.162Z,8,99.0,8,100.0,58549,4769,90.61,63031,442,8.4,63506,37,0.7,63505,15,0.29,5316,99,5263,10020,8,8
1668168241,2022-11-11 06:04:01 -0600,a10a21084a45c50656b30e49017803efe3bb5f4b,TX,48059,2,2022-11-09T01:00:00.000Z,FIPSCode,48059,0,2022-11-11T11:44:13.162Z,8,99.0,8,100.0,58549,4769,90.61,63031,442,8.4,63506,37,0.7,63505,15,0.29,5316,99,5263,10020,8,8
1668168280,2022-11-11 06:04:40 -0600,503afebd57da5d5e6129a6dc9d69103416e7a1bc,TX,48059,2,2022-11-09T01:00:00.000Z,FIPSCode,48059,0,2022-11-11T11:44:13.162Z,8,99.0,8,100.0,58549,4769,90.61,63031,442,8.4,63506,37,0.7,63505,15,0.29,5316,99,5263,10020,8,8
1668168319,2022-11-11 06:05:19 -0600,692a72bfaf5aab57e0c396112ca6b3e9f0eca3a9,TX,48059,2,2022-11-09T01:00:00.000Z,FIPSCode,48059,0,2022-11-11T11:44:13.162Z,8,99.0,8,100.0,58549,4769,90.61,63031,442,8.4,63506,37,0.7,63505,15,0.29,5316,99,5263,10020,8,8
1668168357,2022-11-11 06:05:57 -0600,4dff8111e91ecf4d0a49605fcde70989d34cb354,TX,48059,2,2022-11-09T01:00:00.000Z,FIPSCode,48059,0,2022-11-11T11:44:13.162Z,8,99.0,8,100.0,58549,4769,90.61,63031,442,8.4,63506,37,0.7,63505,15,0.29,5316,99,5263,10020,8,8
1668168398,2022-11-11 06:06:38 -0600,09623e99a507246207bcdfb993d8617ee6625cea,TX,48059,2,2022-11-09T01:00:00.000Z,FIPSCode,48059,0,2022-11-11T11:44:13.162Z,8,99.0,8,100.0,58549,4769,90.61,63031,442,8.4,63506,37,0.7,63505,15,0.29,5316,99,5263,10020,8,8
1668168436,2022-11-11 06:07:16 -0600,29746736122c1ceb9379774bcc391111f3749106,TX,48059,2,2022-11-09T01:00:00.000Z,FIPSCode,48059,0,2022-11-11T11:44:13.162Z,8,99.0,8,100.0,58549,4769,90.61,63031,442,8.4,63506,37,0.7,63505,15,0.29,5316,99,5263,10020,8,8
1668168479,2022-11-11 06:07:59 -0600,7d9847402030a52657c92013aab44f63b130dab3,TX,48059,2,2022-11-09T01:00:00.000Z,FIPSCode,48059,0,2022-11-11T11:44:13.162Z,8,99.0,8,100.0,58549,4769,90.61,63031,442,8.4,63506,37,0.7,63505,15,0.29,5316,99,5263,10020,8,8
1668168517,2022-11-11 06:08:37 -0600,52b3c655058bcac9e89002429d3594adc964c8a1,TX,48059,2,2022-11-09T01:00:00.000Z,FIPSCode,48059,0,2022-11-11T12:07:51.325Z,8,99.0,8,100.0,58549,4769,90.61,63031,442,8.4,63506,37,0.7,63505,15,0.29,5316,99,5263,10020,8,8
1668168557,2022-11-11 06:09:17 -0600,7f29f466975de3ffaf1ce4e5a30b472065801247,TX,48059,2,2022-11-09T01:00:00.000Z,FIPSCode,48059,0,2022-11-11T12:08:30.021Z,8,99.0,8,100.0,58549,4769,90.61,63031,442,8.4,63506,37,0.7,63505,15,0.29,5316,99,5263,10020,8,8
1668168596,2022-11-11 06:09:56 -0600,c2028c6218c95c3407975dc1c7564525f10bef1b,TX,48059,2,2022-11-09T01:00:00.000Z,FIPSCode,48059,0,2022-11-11T12:08:30.021Z,8,99.0,8,100.0,58549,4769,90.61,63031,442,8.4,63506,37,0.7,63505,15,0.29,5316,99,5263,10020,8,8
1668168637,2022-11-11 06:10:37 -0600,58487ea01c11feecdf7dbe2c87414573d7b0ac83,TX,48059,2,2022-11-09T01:00:00.000Z,FIPSCode,48059,0,2022-11-11T12:08:30.021Z,8,99.0,8,100.0,58549,4769,90.61,63031,442,8.4,63506,37,0.7,63505,15,0.29,5316,99,5263,10020,8,8
1668168677,2022-11-11 06:11:17 -0600,2af2ed392cb7552b09506804bbeb56ba7798eda1,TX,48059,2,2022-11-09T01:00:00.000Z,FIPSCode,48059,0,2022-11-11T12:10:29.967Z,8,99.0,8,100.0,58549,4769,90.61,63031,442,8.4,63506,37,0.7,63505,15,0.29,5316,99,5263,10020,8,8
1668168720,2022-11-11 06:12:00 -0600,9ab666a712870c95a408d4232cb45c9ed281f24d,TX,48059,2,2022-11-09T01:00:00.000Z,FIPSCode,48059,0,2022-11-11T12:10:29.967Z,8,99.0,8,100.0,58549,4769,90.61,63031,442,8.4,63506,37,0.7,63505,15,0.29,5316,99,5263,10020,8,8
1668168759,2022-11-11 06:12:39 -0600,3f5bc007e8904e3c513841c9338d357d25267077,TX,48059,2,2022-11-09T01:00:00.000Z,FIPSCode,48059,0,2022-11-11T12:10:29.967Z,8,99.0,8,100.0,58549,4769,90.61,63031,442,8.4,63506,37,0.7,63505,15,0.29,5316,99,5263,10020,8,8
1668168798,2022-11-11 06:13:18 -0600,40e505e43e260aaee900bdf30db3c079536f6d35,TX,48059,2,2022-11-09T01:00:00.000Z,FIPSCode,48059,0,2022-11-11T12:10:29.967Z,8,99.0,8,100.0,58549,4769,90.61,63031,442,8.4,63506,37,0.7,63505,15,0.29,5316,99,5263,10020,8,8
1668168837,2022-11-11 06:13:57 -0600,d0a4d10bb777f520798925831f261011abca0570,TX,48059,2,2022-11-09T01:00:00.000Z,FIPSCode,48059,0,2022-11-11T12:10:29.967Z,8,99.0,8,100.0,58549,4769,90.61,63031,442,8.4,63506,37,0.7,63505,15,0.29,5316,99,5263,10020,8,8
1668168877,2022-11-11 06:14:37 -0600,f2dafb79d47ffab3a698e1c98737ce2b4d09e0fc,TX,48059,2,2022-11-09T01:00:00.000Z,FIPSCode,48059,0,2022-11-11T12:10:29.967Z,8,99.0,8,100.0,58549,4769,90.61,63031,442,8.4,63506,37,0.7,63505,15,0.29,5316,99,5263,10020,8,8
1668168918,2022-11-11 06:15:18 -0600,d2c77cdb5a6a5caed4c2d17b0e0e8321423ea01a,TX,48059,2,2022-11-09T01:00:00.000Z,FIPSCode,48059,0,2022-11-11T12:10:29.967Z,8,99.0,8,100.0,58549,4769,90.61,63031,442,8.4,63506,37,0.7,63505,15,0.29,5316,99,5263,10020,8,8
1668168961,2022-11-11 06:16:01 -0600,b7ca4068e05436ad36c6d22ef032234d7affb97f,TX,48059,2,2022-11-09T01:00:00.000Z,FIPSCode,48059,0,2022-11-11T12:10:29.967Z,8,99.0,8,100.0,58549,4769,90.61,63031,442,8.4,63506,37,0.7,63505,15,0.29,5316,99,5263,10020,8,8
1668169000,2022-11-11 06:16:40 -0600,0e73fa3bf2ae50129969a9e103460c31c8fbbd64,TX,48059,2,2022-11-09T01:00:00.000Z,FIPSCode,48059,0,2022-11-11T12:10:29.967Z,8,99.0,8,100.0,58549,4769,90.61,63031,442,8.4,63506,37,0.7,63505,15,0.29,5316,99,5263,10020,8,8
1668169038,2022-11-11 06:17:18 -0600,164d288ce02acdf4a1007ecdfe52e639737d9399,TX,48059,2,2022-11-09T01:00:00.000Z,FIPSCode,48059,0,2022-11-11T12:10:29.967Z,8,99.0,8,100.0,58549,4769,90.61,63031,442,8.4,63506,37,0.7,63505,15,0.29,5316,99,5263,10020,8,8
1668169078,2022-11-11 06:17:58 -0600,60630c211c7d6f02e2dbb9998c753b36b125a38a,TX,48059,2,2022-11-09T01:00:00.000Z,FIPSCode,48059,0,2022-11-11T12:10:29.967Z,8,99.0,8,100.0,58549,4769,90.61,63031,442,8.4,63506,37,0.7,63505,15,0.29,5316,99,5263,10020,8,8
1668169118,2022-11-11 06:18:38 -0600,b482fd3ff86d58b7d1ac755858c21290a590565f,TX,48059,2,2022-11-09T01:00:00.000Z,FIPSCode,48059,0,2022-11-11T12:10:29.967Z,8,99.0,8,100.0,58549,4769,90.61,63031,442,8.4,63506,37,0.7,63505,15,0.29,5316,99,5263,10020,8,8
1668169157,2022-11-11 06:19:17 -0600,5f82eab584f1e6644425c7dd0d62f85194b2415e,TX,48059,2,2022-11-09T01:00:00.000Z,FIPSCode,48059,0,2022-11-11T12:10:29.967Z,8,99.0,8,100.0,58549,4769,90.61,63031,442,8.4,63506,37,0.7,63505,15,0.29,5316,99,5263,10020,8,8
1668169199,2022-11-11 06:19:59 -0600,834c6346a89fd407f9ca8a2103a6555cc7e94276,TX,48059,2,2022-11-09T01:00:00.000Z,FIPSCode,48059,0,2022-11-11T12:10:29.967Z,8,99.0,8,100.0,58549,4769,90.61,63031,442,8.4,63506,37,0.7,63505,15,0.29,5316,99,5263,10020,8,8
1668169238,2022-11-11 06:20:38 -0600,636721b11c1a45f5678573c639244ee5c4eac9c8,TX,48059,2,2022-11-09T01:00:00.000Z,FIPSCode,48059,0,2022-11-11T12:10:29.967Z,8,99.0,8,100.0,58549,4769,90.61,63031,442,8.4,63506,37,0.7,63505,15,0.29,5316,99,5263,10020,8,8
1668169278,2022-11-11 06:21:18 -0600,53d25f3f2f7141d38088e334b5c9a5eddfda0dc1,TX,48059,2,2022-11-09T01:00:00.000Z,FIPSCode,48059,0,2022-11-11T12:10:29.967Z,8,99.0,8,100.0,58549,4769,90.61,63031,442,8.4,63506,37,0.7,63505,15,0.29,5316,99,5263,10020,8,8
1668169318,2022-11-11 06:21:58 -0600,3c55968f7769344e433a01a2c1922dbe1e7d6130,TX,48059,2,2022-11-09T01:00:00.000Z,FIPSCode,48059,0,2022-11-11T12:10:29.967Z,8,99.0,8,100.0,58549,4769,90.61,63031,442,8.4,63506,37,0.7,63505,15,0.29,5316,99,5263,10020,8,8
1668169358,2022-11-11 06:22:38 -0600,0526ac9748a511a3c72a0a5b32f5b074ab432b06,TX,48059,2,2022-11-09T01:00:00.000Z,FIPSCode,48059,0,2022-11-11T12:10:29.967Z,8,99.0,8,100.0,58549,4769,90.61,63031,442,8.4,63506,37,0.7,63505,15,0.29,5316,99,5263,10020,8,8
1668169399,2022-11-11 06:23:19 -0600,e18cbbf5848ef8ff8e51d8cb2a8f9e39eb8bac23,TX,48059,2,2022-11-09T01:00:00.000Z,FIPSCode,48059,0,2022-11-11T12:10:29.967Z,8,99.0,8,100.0,58549,4769,90.61,63031,442,8.4,63506,37,0.7,63505,15,0.29,5316,99,5263,10020,8,8
1668169441,2022-11-11 06:24:01 -0600,4a084573c952f4699187747603d832152d6c4b10,TX,48059,2,2022-11-09T01:00:00.000Z,FIPSCode,48059,0,2022-11-11T12:10:29.967Z,8,99.0,8,100.0,58549,4769,90.61,63031,442,8.4,63506,37,0.7,63505,15,0.29,5316,99,5263,10020,8,8
1668169480,2022-11-11 06:24:40 -0600,cc2ae7632e72fa89be7d130e5e3134600d2ccf6d,TX,48059,2,2022-11-09T01:00:00.000Z,FIPSCode,48059,0,2022-11-11T12:10:29.967Z,8,99.0,8,100.0,58549,4769,90.61,63031,442,8.4,63506,37,0.7,63505,15,0.29,5316,99,5263,10020,8,8
1668169519,2022-11-11 06:25:19 -0600,52c51529b9b097a3fda3ca40a57ef7314efbdf77,TX,48059,2,2022-11-09T01:00:00.000Z,FIPSCode,48059,0,2022-11-11T12:24:54.594Z,8,99.0,8,100.0,58549,4769,90.61,63031,442,8.4,63506,37,0.7,63505,15,0.29,5316,99,5263,10020,8,8
1668169559,2022-11-11 06:25:59 -0600,625c7a80d9556fa147ad817ed91a247062fe0200,TX,48059,2,2022-11-09T01:00:00.000Z,FIPSCode,48059,0,2022-11-11T12:24:54.594Z,8,99.0,8,100.0,58549,4769,90.61,63031,442,8.4,63506,37,0.7,63505,15,0.29,5316,99,5263,10020,8,8
1668169599,2022-11-11 06:26:39 -0600,9464f9a0cda8df3c7f5aef23c2d7c479f2a49f6f,TX,48059,2,2022-11-09T01:00:00.000Z,FIPSCode,48059,0,2022-11-11T12:24:54.594Z,8,99.0,8,100.0,58549,4769,90.61,63031,442,8.4,63506,37,0.7,63505,15,0.29,5316,99,5263,10020,8,8
1668169638,2022-11-11 06:27:18 -0600,0e8b643bec3b900a929ff1d56f83d2ca104e57b0,TX,48059,2,2022-11-09T01:00:00.000Z,FIPSCode,48059,0,2022-11-11T12:24:54.594Z,8,99.0,8,100.0,58549,4769,90.61,63031,442,8.4,63506,37,0.7,63505,15,0.29,5316,99,5263,10020,8,8
1668169678,2022-11-11 06:27:58 -0600,e6033ed84aaaf72d4e9eef99a9330f0a1d51b0e8,TX,48059,2,2022-11-09T01:00:00.000Z,FIPSCode,48059,0,2022-11-11T12:24:54.594Z,8,99.0,8,100.0,58549,4769,90.61,63031,442,8.4,63506,37,0.7,63505,15,0.29,5316,99,5263,10020,8,8
1668169718,2022-11-11 06:28:38 -0600,3e5f70147f9e0243592424b992e3fd87cf977027,TX,48059,2,2022-11-09T01:00:00.000Z,FIPSCode,48059,0,2022-11-11T12:27:51.182Z,8,99.0,8,100.0,58549,4769,90.61,63031,442,8.4,63506,37,0.7,63505,15,0.29,5316,99,5263,10020,8,8
1668169757,2022-11-11 06:29:17 -0600,583e84c51429f9bc11dd51e81a760ea9c110a4d4,TX,48059,2,2022-11-09T01:00:00.000Z,FIPSCode,48059,0,2022-11-11T12:28:47.360Z,8,99.0,8,100.0,58549,4769,90.61,63031,442,8.4,63506,37,0.7,63505,15,0.29,5316,99,5263,10020,8,8
1668169798,2022-11-11 06:29:58 -0600,9aa60d2d589c4af1c20433c7753b175f21cc33bc,TX,48059,2,2022-11-09T01:00:00.000Z,FIPSCode,48059,0,2022-11-11T12:29:29.673Z,8,99.0,8,100.0,58549,4769,90.61,63031,442,8.4,63506,37,0.7,63505,15,0.29,5316,99,5263,10020,8,8
1668169837,2022-11-11 06:30:37 -0600,60e598f66930291de6aae51d7dec8a9a61f22a50,TX,48059,2,2022-11-09T01:00:00.000Z,FIPSCode,48059,0,2022-11-11T12:29:29.673Z,8,99.0,8,100.0,58549,4769,90.61,63031,442,8.4,63506,37,0.7,63505,15,0.29,5316,99,5263,10020,8,8
1668169877,2022-11-11 06:31:17 -0600,6060fe087dab925054e0cd23349a45ce9eb75181,TX,48059,2,2022-11-09T01:00:00.000Z,FIPSCode,48059,0,2022-11-11T12:29:29.673Z,8,99.0,8,100.0,58549,4769,90.61,63031,442,8.4,63506,37,0.7,63505,15,0.29,5316,99,5263,10020,8,8
1668169916,2022-11-11 06:31:56 -0600,4cf9b7df1ad9ae778e2df58227c86ebda7a9e738,TX,48059,2,2022-11-09T01:00:00.000Z,FIPSCode,48059,0,2022-11-11T12:29:29.673Z,8,99.0,8,100.0,58549,4769,90.61,63031,442,8.4,63506,37,0.7,63505,15,0.29,5316,99,5263,10020,8,8
1668169956,2022-11-11 06:32:36 -0600,d945a2f83df754d10d87d9d3c1cecb1d5abe543c,TX,48059,2,2022-11-09T01:00:00.000Z,FIPSCode,48059,0,2022-11-11T12:29:29.673Z,8,99.0,8,100.0,58549,4769,90.61,63031,442,8.4,63506,37,0.7,63505,15,0.29,5316,99,5263,10020,8,8
1668169998,2022-11-11 06:33:18 -0600,6e8b3cce8544ec069ec61c5e6182e154d86ae657,TX,48059,2,2022-11-09T01:00:00.000Z,FIPSCode,48059,0,2022-11-11T12:29:29.673Z,8,99.0,8,100.0,58549,4769,90.61,63031,442,8.4,63506,37,0.7,63505,15,0.29,5316,99,5263,10020,8,8
1668170038,2022-11-11 06:33:58 -0600,9a069e31f5bfeffacdb9305afb217e579ffb529e,TX,48059,2,2022-11-09T01:00:00.000Z,FIPSCode,48059,0,2022-11-11T12:29:29.673Z,8,99.0,8,100.0,58549,4769,90.61,63031,442,8.4,63506,37,0.7,63505,15,0.29,5316,99,5263,10020,8,8
1668170078,2022-11-11 06:34:38 -0600,1e4a09ae66fee9358f5b75abd33f3c0e99998aa0,TX,48059,2,2022-11-09T01:00:00.000Z,FIPSCode,48059,0,2022-11-11T12:29:29.673Z,8,99.0,8,100.0,58549,4769,90.61,63031,442,8.4,63506,37,0.7,63505,15,0.29,5316,99,5263,10020,8,8
1668170118,2022-11-11 06:35:18 -0600,ea2e49ac06933389c1f1fbd1f3aec932479b878c,TX,48059,2,2022-11-09T01:00:00.000Z,FIPSCode,48059,0,2022-11-11T12:29:29.673Z,8,99.0,8,100.0,58549,4769,90.61,63031,442,8.4,63506,37,0.7,63505,15,0.29,5316,99,5263,10020,8,8
1668170157,2022-11-11 06:35:57 -0600,6ab3de112291af4124fa37fcba2a9c3e14fd7705,TX,48059,2,2022-11-09T01:00:00.000Z,FIPSCode,48059,0,2022-11-11T12:29:29.673Z,8,99.0,8,100.0,58549,4769,90.61,63031,442,8.4,63506,37,0.7,63505,15,0.29,5316,99,5263,10020,8,8
1668170197,2022-11-11 06:36:37 -0600,74be934cb6314912c1c2858bb53f18f6edbe9bb1,TX,48059,2,2022-11-09T01:00:00.000Z,FIPSCode,48059,0,2022-11-11T12:29:29.673Z,8,99.0,8,100.0,58549,4769,90.61,63031,442,8.4,63506,37,0.7,63505,15,0.29,5316,99,5263,10020,8,8
1668170236,2022-11-11 06:37:16 -0600,9f4a864bdac1677183eb89720bd11a8c0b419768,TX,48059,2,2022-11-09T01:00:00.000Z,FIPSCode,48059,0,2022-11-11T12:29:29.673Z,8,99.0,8,100.0,58549,4769,90.61,63031,442,8.4,63506,37,0.7,63505,15,0.29,5316,99,5263,10020,8,8
1668170276,2022-11-11 06:37:56 -0600,d0ea77d4f94408d4fe9ff676ece8f4ea33548542,TX,48059,2,2022-11-09T01:00:00.000Z,FIPSCode,48059,0,2022-11-11T12:29:29.673Z,8,99.0,8,100.0,58549,4769,90.61,63031,442,8.4,63506,37,0.7,63505,15,0.29,5316,99,5263,10020,8,8
1668170318,2022-11-11 06:38:38 -0600,1cf68dcc17ab68fc66bde65baeaddf12637691d4,TX,48059,2,2022-11-09T01:00:00.000Z,FIPSCode,48059,0,2022-11-11T12:29:29.673Z,8,99.0,8,100.0,58549,4769,90.61,63031,442,8.4,63506,37,0.7,63505,15,0.29,5316,99,5263,10020,8,8
1668170364,2022-11-11 06:39:24 -0600,3709e6742b9d1c35b2de2a79b7121fca7b1e4e12,TX,48059,2,2022-11-09T01:00:00.000Z,FIPSCode,48059,0,2022-11-11T12:29:29.673Z,8,99.0,8,100.0,58549,4769,90.61,63031,442,8.4,63506,37,0.7,63505,15,0.29,5316,99,5263,10020,8,8
1668170402,2022-11-11 06:40:02 -0600,fa1db7a8896d503996d1fd0c16c614d394c78ea9,TX,48059,2,2022-11-09T01:00:00.000Z,FIPSCode,48059,0,2022-11-11T12:29:29.673Z,8,99.0,8,100.0,58549,4769,90.61,63031,442,8.4,63506,37,0.7,63505,15,0.29,5316,99,5263,10020,8,8
1668170443,2022-11-11 06:40:43 -0600,669ebc39eb93b49d0cf7d554061cdf20d13f9e0e,TX,48059,2,2022-11-09T01:00:00.000Z,FIPSCode,48059,0,2022-11-11T12:29:29.673Z,8,99.0,8,100.0,58549,4769,90.61,63031,442,8.4,63506,37,0.7,63505,15,0.29,5316,99,5263,10020,8,8
1668170482,2022-11-11 06:41:22 -0600,f3aed5543ceddd984729cbca9026eaf0a9423bad,TX,48059,2,2022-11-09T01:00:00.000Z,FIPSCode,48059,0,2022-11-11T12:29:29.673Z,8,99.0,8,100.0,58549,4769,90.61,63031,442,8.4,63506,37,0.7,63505,15,0.29,5316,99,5263,10020,8,8
1668170524,2022-11-11 06:42:04 -0600,0f8d5007d4ef0935f2e485ed57778016b90d5772,TX,48059,2,2022-11-09T01:00:00.000Z,FIPSCode,48059,0,2022-11-11T12:29:29.673Z,8,99.0,8,100.0,58549,4769,90.61,63031,442,8.4,63506,37,0.7,63505,15,0.29,5316,99,5263,10020,8,8
1668170563,2022-11-11 06:42:43 -0600,037a7771f6f45b3516452d157081147c84ed0e3a,TX,48059,2,2022-11-09T01:00:00.000Z,FIPSCode,48059,0,2022-11-11T12:29:29.673Z,8,99.0,8,100.0,58549,4769,90.61,63031,442,8.4,63506,37,0.7,63505,15,0.29,5316,99,5263,10020,8,8
1668170603,2022-11-11 06:43:23 -0600,75af77cd1cc1a4ce2493824001bdc49a17735869,TX,48059,2,2022-11-09T01:00:00.000Z,FIPSCode,48059,0,2022-11-11T12:29:29.673Z,8,99.0,8,100.0,58549,4769,90.61,63031,442,8.4,63506,37,0.7,63505,15,0.29,5316,99,5263,10020,8,8
1668170643,2022-11-11 06:44:03 -0600,591365c9546d4d72fbc31c1092a93ae81fd15548,TX,48059,2,2022-11-09T01:00:00.000Z,FIPSCode,48059,0,2022-11-11T12:29:29.673Z,8,99.0,8,100.0,58549,4769,90.61,63031,442,8.4,63506,37,0.7,63505,15,0.29,5316,99,5263,10020,8,8
1668170685,2022-11-11 06:44:45 -0600,2cb6b2abdbd5f33dabf8b171ecb44000ca4a6146,TX,48059,2,2022-11-09T01:00:00.000Z,FIPSCode,48059,0,2022-11-11T12:29:29.673Z,8,99.0,8,100.0,58549,4769,90.61,63031,442,8.4,63506,37,0.7,63505,15,0.29,5316,99,5263,10020,8,8
1668170724,2022-11-11 06:45:24 -0600,73b6baac06b21d4279cfa92fa9577e20963205f6,TX,48059,2,2022-11-09T01:00:00.000Z,FIPSCode,48059,0,2022-11-11T12:29:29.673Z,8,99.0,8,100.0,58549,4769,90.61,63031,442,8.4,63506,37,0.7,63505,15,0.29,5316,99,5263,10020,8,8
1668170764,2022-11-11 06:46:04 -0600,c588a4b38fba33406d3fcc64917933fd554e5173,TX,48059,2,2022-11-09T01:00:00.000Z,FIPSCode,48059,0,2022-11-11T12:29:29.673Z,8,99.0,8,100.0,58549,4769,90.61,63031,442,8.4,63506,37,0.7,63505,15,0.29,5316,99,5263,10020,8,8
1668170803,2022-11-11 06:46:43 -0600,b1ef0803c82f4284b6ce8e2bbebc83e1de3f4830,TX,48059,2,2022-11-09T01:00:00.000Z,FIPSCode,48059,0,2022-11-11T12:29:29.673Z,8,99.0,8,100.0,58549,4769,90.61,63031,442,8.4,63506,37,0.7,63505,15,0.29,5316,99,5263,10020,8,8
1668170843,2022-11-11 06:47:23 -0600,1ce7a28a186f762fd61c07986df52ba685d5e07d,TX,48059,2,2022-11-09T01:00:00.000Z,FIPSCode,48059,0,2022-11-11T12:29:29.673Z,8,99.0,8,100.0,58549,4769,90.61,63031,442,8.4,63506,37,0.7,63505,15,0.29,5316,99,5263,10020,8,8
1668170883,2022-11-11 06:48:03 -0600,95e6e0257d200d8418ca1afa4053851b8680b8bc,TX,48059,2,2022-11-09T01:00:00.000Z,FIPSCode,48059,0,2022-11-11T12:29:29.673Z,8,99.0,8,100.0,58549,4769,90.61,63031,442,8.4,63506,37,0.7,63505,15,0.29,5316,99,5263,10020,8,8
1668170922,2022-11-11 06:48:42 -0600,d81f208b933e299cb7312aa6bef0204652b9be71,TX,48059,2,2022-11-09T01:00:00.000Z,FIPSCode,48059,0,2022-11-11T12:29:29.673Z,8,99.0,8,100.0,58549,4769,90.61,63031,442,8.4,63506,37,0.7,63505,15,0.29,5316,99,5263,10020,8,8
1668170961,2022-11-11 06:49:21 -0600,76a6078c1c6738336e71ad1d01816c995d889d4f,TX,48059,2,2022-11-09T01:00:00.000Z,FIPSCode,48059,0,2022-11-11T12:29:29.673Z,8,99.0,8,100.0,58549,4769,90.61,63031,442,8.4,63506,37,0.7,63505,15,0.29,5316,99,5263,10020,8,8
1668171001,2022-11-11 06:50:01 -0600,3adffee25e47980630768ae9a03982859e2b5da4,TX,48059,2,2022-11-09T01:00:00.000Z,FIPSCode,48059,0,2022-11-11T12:29:29.673Z,8,99.0,8,100.0,58549,4769,90.61,63031,442,8.4,63506,37,0.7,63505,15,0.29,5316,99,5263,10020,8,8
1668171040,2022-11-11 06:50:40 -0600,00f21ff849bebb12d4c07d0732ef9874c01e351c,TX,48059,2,2022-11-09T01:00:00.000Z,FIPSCode,48059,0,2022-11-11T12:29:29.673Z,8,99.0,8,100.0,58549,4769,90.61,63031,442,8.4,63506,37,0.7,63505,15,0.29,5316,99,5263,10020,8,8
1668171079,2022-11-11 06:51:19 -0600,5d66eef396d008215bac985f93ea5af9837e3c43,TX,48059,2,2022-11-09T01:00:00.000Z,FIPSCode,48059,0,2022-11-11T12:29:29.673Z,8,99.0,8,100.0,58549,4769,90.61,63031,442,8.4,63506,37,0.7,63505,15,0.29,5316,99,5263,10020,8,8
1668171120,2022-11-11 06:52:00 -0600,8f5081cf847c4af51dcc438918722fa5b8e3dd72,TX,48059,2,2022-11-09T01:00:00.000Z,FIPSCode,48059,0,2022-11-11T12:29:29.673Z,8,99.0,8,100.0,58549,4769,90.61,63031,442,8.4,63506,37,0.7,63505,15,0.29,5316,99,5263,10020,8,8
1668171160,2022-11-11 06:52:40 -0600,99528db253969c19b54a782374f0d9979e5c86cf,TX,48059,2,2022-11-09T01:00:00.000Z,FIPSCode,48059,0,2022-11-11T12:51:55.250Z,8,99.0,8,100.0,58549,4769,90.61,63031,442,8.4,63506,37,0.7,63505,15,0.29,5316,99,5263,10020,8,8
1668171202,2022-11-11 06:53:22 -0600,c9aec94bcf079ef2d563e287785d2ff98e08200e,TX,48059,2,2022-11-09T01:00:00.000Z,FIPSCode,48059,0,2022-11-11T12:51:55.250Z,8,99.0,8,100.0,58549,4769,90.61,63031,442,8.4,63506,37,0.7,63505,15,0.29,5316,99,5263,10020,8,8
1668171240,2022-11-11 06:54:00 -0600,a7f3cb1096c9f1c3e6f7a4d1160c80c0f8ea367e,TX,48059,2,2022-11-09T01:00:00.000Z,FIPSCode,48059,0,2022-11-11T12:53:11.141Z,8,99.0,8,100.0,58549,4769,90.61,63031,442,8.4,63506,37,0.7,63505,15,0.29,5316,99,5263,10020,8,8
1668171282,2022-11-11 06:54:42 -0600,628568dc78126d46daaba0d0412f59893dc4888b,TX,48059,2,2022-11-09T01:00:00.000Z,FIPSCode,48059,0,2022-11-11T12:53:11.141Z,8,99.0,8,100.0,58549,4769,90.61,63031,442,8.4,63506,37,0.7,63505,15,0.29,5316,99,5263,10020,8,8
1668171321,2022-11-11 06:55:21 -0600,8bd9dc01a2d7f026f87778995af7099451073c96,TX,48059,2,2022-11-09T01:00:00.000Z,FIPSCode,48059,0,2022-11-11T12:54:51.958Z,8,99.0,8,100.0,58549,4769,90.61,63031,442,8.4,63506,37,0.7,63505,15,0.29,5316,99,5263,10020,8,8
1668171362,2022-11-11 06:56:02 -0600,a6bef41d70f3b3b7c2e786ea91bac3be7f04763c,TX,48059,2,2022-11-09T01:00:00.000Z,FIPSCode,48059,0,2022-11-11T12:54:51.958Z,8,99.0,8,100.0,58549,4769,90.61,63031,442,8.4,63506,37,0.7,63505,15,0.29,5316,99,5263,10020,8,8
1668171402,2022-11-11 06:56:42 -0600,e45d44627f683daab24ef75f228819bf334720eb,TX,48059,2,2022-11-09T01:00:00.000Z,FIPSCode,48059,0,2022-11-11T12:54:51.958Z,8,99.0,8,100.0,58549,4769,90.61,63031,442,8.4,63506,37,0.7,63505,15,0.29,5316,99,5263,10020,8,8
1668171443,2022-11-11 06:57:23 -0600,29b41410ec22625fedbcaf7a52d31c45dc417326,TX,48059,2,2022-11-09T01:00:00.000Z,FIPSCode,48059,0,2022-11-11T12:54:51.958Z,8,99.0,8,100.0,58549,4769,90.61,63031,442,8.4,63506,37,0.7,63505,15,0.29,5316,99,5263,10020,8,8
1668171483,2022-11-11 06:58:03 -0600,5f8d6bcec4238e53c09dd62a1d22bbd0a37d5a89,TX,48059,2,2022-11-09T01:00:00.000Z,FIPSCode,48059,0,2022-11-11T12:54:51.958Z,8,99.0,8,100.0,58549,4769,90.61,63031,442,8.4,63506,37,0.7,63505,15,0.29,5316,99,5263,10020,8,8
1668171522,2022-11-11 06:58:42 -0600,d1ac091fc14963c2fedfb4648658e566516636e9,TX,48059,2,2022-11-09T01:00:00.000Z,FIPSCode,48059,0,2022-11-11T12:54:51.958Z,8,99.0,8,100.0,58549,4769,90.61,63031,442,8.4,63506,37,0.7,63505,15,0.29,5316,99,5263,10020,8,8
1668171562,2022-11-11 06:59:22 -0600,45732f9fb8d0784d8c84acaadb51663a8f7c15a6,TX,48059,2,2022-11-09T01:00:00.000Z,FIPSCode,48059,0,2022-11-11T12:54:51.958Z,8,99.0,8,100.0,58549,4769,90.61,63031,442,8.4,63506,37,0.7,63505,15,0.29,5316,99,5263,10020,8,8
1668171603,2022-11-11 07:00:03 -0600,8e4cd86e7e8821e6059f430d2682f8c5c835b0b7,TX,48059,2,2022-11-09T01:00:00.000Z,FIPSCode,48059,0,2022-11-11T12:54:51.958Z,8,99.0,8,100.0,58549,4769,90.61,63031,442,8.4,63506,37,0.7,63505,15,0.29,5316,99,5263,10020,8,8
1668171645,2022-11-11 07:00:45 -0600,338342d429b838fdac139dede2243ca16a785f38,TX,48059,2,2022-11-09T01:00:00.000Z,FIPSCode,48059,0,2022-11-11T12:54:51.958Z,8,99.0,8,100.0,58549,4769,90.61,63031,442,8.4,63506,37,0.7,63505,15,0.29,5316,99,5263,10020,8,8
1668171685,2022-11-11 07:01:25 -0600,0f9257c78320303d62384d3c49636f016eb9e95e,TX,48059,2,2022-11-09T01:00:00.000Z,FIPSCode,48059,0,2022-11-11T12:54:51.958Z,8,99.0,8,100.0,58549,4769,90.61,63031,442,8.4,63506,37,0.7,63505,15,0.29,5316,99,5263,10020,8,8
1668171727,2022-11-11 07:02:07 -0600,da7109e3511ea6172db81ee560f8b1a4925fc8ac,TX,48059,2,2022-11-09T01:00:00.000Z,FIPSCode,48059,0,2022-11-11T12:54:51.958Z,8,99.0,8,100.0,58549,4769,90.61,63031,442,8.4,63506,37,0.7,63505,15,0.29,5316,99,5263,10020,8,8
1668171767,2022-11-11 07:02:47 -0600,7b4f6e6f2bb5999c2dd74fa02fc1b926843923f1,TX,48059,2,2022-11-09T01:00:00.000Z,FIPSCode,48059,0,2022-11-11T12:54:51.958Z,8,99.0,8,100.0,58549,4769,90.61,63031,442,8.4,63506,37,0.7,63505,15,0.29,5316,99,5263,10020,8,8
1668171808,2022-11-11 07:03:28 -0600,276f4527d5a4c649272eaa58f5b1b3a5bc056db9,TX,48059,2,2022-11-09T01:00:00.000Z,FIPSCode,48059,0,2022-11-11T12:54:51.958Z,8,99.0,8,100.0,58549,4769,90.61,63031,442,8.4,63506,37,0.7,63505,15,0.29,5316,99,5263,10020,8,8
1668171849,2022-11-11 07:04:09 -0600,fe14b8ef97869a28168dc5b68d38004b3b75aaa3,TX,48059,2,2022-11-09T01:00:00.000Z,FIPSCode,48059,0,2022-11-11T12:54:51.958Z,8,99.0,8,100.0,58549,4769,90.61,63031,442,8.4,63506,37,0.7,63505,15,0.29,5316,99,5263,10020,8,8
1668171889,2022-11-11 07:04:49 -0600,d074d3f776f7e1458ebff3636d959492492bf2b9,TX,48059,2,2022-11-09T01:00:00.000Z,FIPSCode,48059,0,2022-11-11T12:54:51.958Z,8,99.0,8,100.0,58549,4769,90.61,63031,442,8.4,63506,37,0.7,63505,15,0.29,5316,99,5263,10020,8,8
1668171928,2022-11-11 07:05:28 -0600,ab443d333e57cd71fb6dc96fe4acb4705b413a86,TX,48059,2,2022-11-09T01:00:00.000Z,FIPSCode,48059,0,2022-11-11T12:54:51.958Z,8,99.0,8,100.0,58549,4769,90.61,63031,442,8.4,63506,37,0.7,63505,15,0.29,5316,99,5263,10020,8,8
1668171970,2022-11-11 07:06:10 -0600,94cecf525637ae3f3bb541cb4f8c04b7aeb1d571,TX,48059,2,2022-11-09T01:00:00.000Z,FIPSCode,48059,0,2022-11-11T12:54:51.958Z,8,99.0,8,100.0,58549,4769,90.61,63031,442,8.4,63506,37,0.7,63505,15,0.29,5316,99,5263,10020,8,8
1668172010,2022-11-11 07:06:50 -0600,a38a8014742659e776ca38a43a45a41644e9b1b8,TX,48059,2,2022-11-09T01:00:00.000Z,FIPSCode,48059,0,2022-11-11T12:54:51.958Z,8,99.0,8,100.0,58549,4769,90.61,63031,442,8.4,63506,37,0.7,63505,15,0.29,5316,99,5263,10020,8,8
1668172051,2022-11-11 07:07:31 -0600,ea346c1ca39c3ad76dbdb8f8511e3663148e676d,TX,48059,2,2022-11-09T01:00:00.000Z,FIPSCode,48059,0,2022-11-11T12:54:51.958Z,8,99.0,8,100.0,58549,4769,90.61,63031,442,8.4,63506,37,0.7,63505,15,0.29,5316,99,5263,10020,8,8
1668172091,2022-11-11 07:08:11 -0600,cd0ba09183f836d9ffc7ddd9ac34b1bf95ed5994,TX,48059,2,2022-11-09T01:00:00.000Z,FIPSCode,48059,0,2022-11-11T12:54:51.958Z,8,99.0,8,100.0,58549,4769,90.61,63031,442,8.4,63506,37,0.7,63505,15,0.29,5316,99,5263,10020,8,8
1668172135,2022-11-11 07:08:55 -0600,e65a51556e165ae922928d6ec7701df571540586,TX,48059,2,2022-11-09T01:00:00.000Z,FIPSCode,48059,0,2022-11-11T12:54:51.958Z,8,99.0,8,100.0,58549,4769,90.61,63031,442,8.4,63506,37,0.7,63505,15,0.29,5316,99,5263,10020,8,8
1668172172,2022-11-11 07:09:32 -0600,c9cc46b301030b4525b34d4bf52f6de731c0e0e5,TX,48059,2,2022-11-09T01:00:00.000Z,FIPSCode,48059,0,2022-11-11T12:54:51.958Z,8,99.0,8,100.0,58549,4769,90.61,63031,442,8.4,63506,37,0.7,63505,15,0.29,5316,99,5263,10020,8,8
1668172214,2022-11-11 07:10:14 -0600,0c9f59b9e5ac6c7bc3fbdf41d84a759967d88e1e,TX,48059,2,2022-11-09T01:00:00.000Z,FIPSCode,48059,0,2022-11-11T12:54:51.958Z,8,99.0,8,100.0,58549,4769,90.61,63031,442,8.4,63506,37,0.7,63505,15,0.29,5316,99,5263,10020,8,8
1668172253,2022-11-11 07:10:53 -0600,3dfb2f10f6c8d255de988857dfce10d9b17a5b23,TX,48059,2,2022-11-09T01:00:00.000Z,FIPSCode,48059,0,2022-11-11T12:54:51.958Z,8,99.0,8,100.0,58549,4769,90.61,63031,442,8.4,63506,37,0.7,63505,15,0.29,5316,99,5263,10020,8,8
1668172295,2022-11-11 07:11:35 -0600,6a22792adf88390196de91b8b7d95fd7bd1ba988,TX,48059,2,2022-11-09T01:00:00.000Z,FIPSCode,48059,0,2022-11-11T12:54:51.958Z,8,99.0,8,100.0,58549,4769,90.61,63031,442,8.4,63506,37,0.7,63505,15,0.29,5316,99,5263,10020,8,8
1668172335,2022-11-11 07:12:15 -0600,0593e415ad250387072266d694c064d8cd15af4d,TX,48059,2,2022-11-09T01:00:00.000Z,FIPSCode,48059,0,2022-11-11T12:54:51.958Z,8,99.0,8,100.0,58549,4769,90.61,63031,442,8.4,63506,37,0.7,63505,15,0.29,5316,99,5263,10020,8,8
1668172375,2022-11-11 07:12:55 -0600,761a9a8613e3e3e739cfcf85fa24bfe92c0c7748,TX,48059,2,2022-11-09T01:00:00.000Z,FIPSCode,48059,0,2022-11-11T12:54:51.958Z,8,99.0,8,100.0,58549,4769,90.61,63031,442,8.4,63506,37,0.7,63505,15,0.29,5316,99,5263,10020,8,8
1668172415,2022-11-11 07:13:35 -0600,4b9285d8bad4e5e71820baa8829f47f5d65136f5,TX,48059,2,2022-11-09T01:00:00.000Z,FIPSCode,48059,0,2022-11-11T12:54:51.958Z,8,99.0,8,100.0,58549,4769,90.61,63031,442,8.4,63506,37,0.7,63505,15,0.29,5316,99,5263,10020,8,8
1668172456,2022-11-11 07:14:16 -0600,4d2f9bc521d9eb7cb69e300c540b6666028a9adf,TX,48059,2,2022-11-09T01:00:00.000Z,FIPSCode,48059,0,2022-11-11T12:54:51.958Z,8,99.0,8,100.0,58549,4769,90.61,63031,442,8.4,63506,37,0.7,63505,15,0.29,5316,99,5263,10020,8,8
1668172502,2022-11-11 07:15:02 -0600,de1c047648e023c55bd341282dc5c9ba7ff3bba6,TX,48059,2,2022-11-09T01:00:00.000Z,FIPSCode,48059,0,2022-11-11T12:54:51.958Z,8,99.0,8,100.0,58549,4769,90.61,63031,442,8.4,63506,37,0.7,63505,15,0.29,5316,99,5263,10020,8,8
1668172540,2022-11-11 07:15:40 -0600,a3c2ffe781233a490f069b42ddb059d91f486738,TX,48059,2,2022-11-09T01:00:00.000Z,FIPSCode,48059,0,2022-11-11T12:54:51.958Z,8,99.0,8,100.0,58549,4769,90.61,63031,442,8.4,63506,37,0.7,63505,15,0.29,5316,99,5263,10020,8,8
1668172581,2022-11-11 07:16:21 -0600,90dee9e0f8a7afa4f05f960b70fdf19a75f9bd7a,TX,48059,2,2022-11-09T01:00:00.000Z,FIPSCode,48059,0,2022-11-11T12:54:51.958Z,8,99.0,8,100.0,58549,4769,90.61,63031,442,8.4,63506,37,0.7,63505,15,0.29,5316,99,5263,10020,8,8
1668172620,2022-11-11 07:17:00 -0600,34444750f0365fc4b489b03334b0b5241701abc5,TX,48059,2,2022-11-09T01:00:00.000Z,FIPSCode,48059,0,2022-11-11T12:54:51.958Z,8,99.0,8,100.0,58549,4769,90.61,63031,442,8.4,63506,37,0.7,63505,15,0.29,5316,99,5263,10020,8,8
1668172662,2022-11-11 07:17:42 -0600,eacaba4d2adab6578bee734269b13b92569cd27f,TX,48059,2,2022-11-09T01:00:00.000Z,FIPSCode,48059,0,2022-11-11T12:54:51.958Z,8,99.0,8,100.0,58549,4769,90.61,63031,442,8.4,63506,37,0.7,63505,15,0.29,5316,99,5263,10020,8,8
1668172700,2022-11-11 07:18:20 -0600,c208c5a610224366a714a55841d43166fcda099d,TX,48059,2,2022-11-09T01:00:00.000Z,FIPSCode,48059,0,2022-11-11T12:54:51.958Z,8,99.0,8,100.0,58549,4769,90.61,63031,442,8.4,63506,37,0.7,63505,15,0.29,5316,99,5263,10020,8,8
1668172741,2022-11-11 07:19:01 -0600,603dab7dfd3dcf3a3eae1df01047aaf984983609,TX,48059,2,2022-11-09T01:00:00.000Z,FIPSCode,48059,0,2022-11-11T12:54:51.958Z,8,99.0,8,100.0,58549,4769,90.61,63031,442,8.4,63506,37,0.7,63505,15,0.29,5316,99,5263,10020,8,8
1668172781,2022-11-11 07:19:41 -0600,1a301d753f21be517b5e80a56163abd3be952480,TX,48059,2,2022-11-09T01:00:00.000Z,FIPSCode,48059,0,2022-11-11T12:54:51.958Z,8,99.0,8,100.0,58549,4769,90.61,63031,442,8.4,63506,37,0.7,63505,15,0.29,5316,99,5263,10020,8,8
1668172822,2022-11-11 07:20:22 -0600,8335d3d8c18f05b11ebb2302545717389e37fcce,TX,48059,2,2022-11-09T01:00:00.000Z,FIPSCode,48059,0,2022-11-11T12:54:51.958Z,8,99.0,8,100.0,58549,4769,90.61,63031,442,8.4,63506,37,0.7,63505,15,0.29,5316,99,5263,10020,8,8
1668172863,2022-11-11 07:21:03 -0600,b9797a9f269d968c261f16f582b5e1c59d813cef,TX,48059,2,2022-11-09T01:00:00.000Z,FIPSCode,48059,0,2022-11-11T12:54:51.958Z,8,99.0,8,100.0,58549,4769,90.61,63031,442,8.4,63506,37,0.7,63505,15,0.29,5316,99,5263,10020,8,8
1668172903,2022-11-11 07:21:43 -0600,e4e61aeeda6e0ef2dc47e705d1d22c240ae8b48a,TX,48059,2,2022-11-09T01:00:00.000Z,FIPSCode,48059,0,2022-11-11T12:54:51.958Z,8,99.0,8,100.0,58549,4769,90.61,63031,442,8.4,63506,37,0.7,63505,15,0.29,5316,99,5263,10020,8,8
1668172945,2022-11-11 07:22:25 -0600,51753767d91dc06adcada1e6c3283b62a5614883,TX,48059,2,2022-11-09T01:00:00.000Z,FIPSCode,48059,0,2022-11-11T12:54:51.958Z,8,99.0,8,100.0,58549,4769,90.61,63031,442,8.4,63506,37,0.7,63505,15,0.29,5316,99,5263,10020,8,8
1668172986,2022-11-11 07:23:06 -0600,b28921e0ab96577d92801b4d726123f2b6da8d41,TX,48059,2,2022-11-09T01:00:00.000Z,FIPSCode,48059,0,2022-11-11T12:54:51.958Z,8,99.0,8,100.0,58549,4769,90.61,63031,442,8.4,63506,37,0.7,63505,15,0.29,5316,99,5263,10020,8,8
1668173026,2022-11-11 07:23:46 -0600,f54353417bfb5f4242247b4e34a201156243fc3e,TX,48059,2,2022-11-09T01:00:00.000Z,FIPSCode,48059,0,2022-11-11T12:54:51.958Z,8,99.0,8,100.0,58549,4769,90.61,63031,442,8.4,63506,37,0.7,63505,15,0.29,5316,99,5263,10020,8,8
1668173065,2022-11-11 07:24:25 -0600,2fa708a44d93fe59dceb619f1d67096a83f810fd,TX,48059,2,2022-11-09T01:00:00.000Z,FIPSCode,48059,0,2022-11-11T12:54:51.958Z,8,99.0,8,100.0,58549,4769,90.61,63031,442,8.4,63506,37,0.7,63505,15,0.29,5316,99,5263,10020,8,8
1668173106,2022-11-11 07:25:06 -0600,f98fb657e7c70bbb5e93893e75637bfb3dd73417,TX,48059,2,2022-11-09T01:00:00.000Z,FIPSCode,48059,0,2022-11-11T12:54:51.958Z,8,99.0,8,100.0,58549,4769,90.61,63031,442,8.4,63506,37,0.7,63505,15,0.29,5316,99,5263,10020,8,8
1668173147,2022-11-11 07:25:47 -0600,e80128af38ee0e2e5cc995ae707e35517743290e,TX,48059,2,2022-11-09T01:00:00.000Z,FIPSCode,48059,0,2022-11-11T12:54:51.958Z,8,99.0,8,100.0,58549,4769,90.61,63031,442,8.4,63506,37,0.7,63505,15,0.29,5316,99,5263,10020,8,8
1668173185,2022-11-11 07:26:25 -0600,cd46d8adfdf7cab92d71c0e947544613e1fb58d5,TX,48059,2,2022-11-09T01:00:00.000Z,FIPSCode,48059,0,2022-11-11T12:54:51.958Z,8,99.0,8,100.0,58549,4769,90.61,63031,442,8.4,63506,37,0.7,63505,15,0.29,5316,99,5263,10020,8,8
1668173226,2022-11-11 07:27:06 -0600,227020c28b83dd9af5285d4253b00745d1623c9d,TX,48059,2,2022-11-09T01:00:00.000Z,FIPSCode,48059,0,2022-11-11T12:54:51.958Z,8,99.0,8,100.0,58549,4769,90.61,63031,442,8.4,63506,37,0.7,63505,15,0.29,5316,99,5263,10020,8,8
1668173265,2022-11-11 07:27:45 -0600,de81da2db7e3e4fa57965db6fc9c38a89bccfc98,TX,48059,2,2022-11-09T01:00:00.000Z,FIPSCode,48059,0,2022-11-11T12:54:51.958Z,8,99.0,8,100.0,58549,4769,90.61,63031,442,8.4,63506,37,0.7,63505,15,0.29,5316,99,5263,10020,8,8
1668173306,2022-11-11 07:28:26 -0600,c249efa44cdd6a8d9c7bb298dd6e9a15c0d60ee5,TX,48059,2,2022-11-09T01:00:00.000Z,FIPSCode,48059,0,2022-11-11T12:54:51.958Z,8,99.0,8,100.0,58549,4769,90.61,63031,442,8.4,63506,37,0.7,63505,15,0.29,5316,99,5263,10020,8,8
1668173347,2022-11-11 07:29:07 -0600,a0992572214f182b1c30207e09833df3bb873d08,TX,48059,2,2022-11-09T01:00:00.000Z,FIPSCode,48059,0,2022-11-11T12:54:51.958Z,8,99.0,8,100.0,58549,4769,90.61,63031,442,8.4,63506,37,0.7,63505,15,0.29,5316,99,5263,10020,8,8
1668173387,2022-11-11 07:29:47 -0600,3abe110d59c36c5e0defb7b16a5b406cec1f1f1c,TX,48059,2,2022-11-09T01:00:00.000Z,FIPSCode,48059,0,2022-11-11T12:54:51.958Z,8,99.0,8,100.0,58549,4769,90.61,63031,442,8.4,63506,37,0.7,63505,15,0.29,5316,99,5263,10020,8,8
1668173430,2022-11-11 07:30:30 -0600,a5ff2383bcc90b01677629493393729d370b1185,TX,48059,2,2022-11-09T01:00:00.000Z,FIPSCode,48059,0,2022-11-11T12:54:51.958Z,8,99.0,8,100.0,58549,4769,90.61,63031,442,8.4,63506,37,0.7,63505,15,0.29,5316,99,5263,10020,8,8
1668173469,2022-11-11 07:31:09 -0600,75b46d994507775d57bb04a9fbd6cabbb1c1f462,TX,48059,2,2022-11-09T01:00:00.000Z,FIPSCode,48059,0,2022-11-11T12:54:51.958Z,8,99.0,8,100.0,58549,4769,90.61,63031,442,8.4,63506,37,0.7,63505,15,0.29,5316,99,5263,10020,8,8
1668173511,2022-11-11 07:31:51 -0600,73b423bb70fb958058ba16581ec201a770720a3d,TX,48059,2,2022-11-09T01:00:00.000Z,FIPSCode,48059,0,2022-11-11T12:54:51.958Z,8,99.0,8,100.0,58549,4769,90.61,63031,442,8.4,63506,37,0.7,63505,15,0.29,5316,99,5263,10020,8,8
1668173551,2022-11-11 07:32:31 -0600,12b850bc74754758c156f1fe4cebd5b678de1823,TX,48059,2,2022-11-09T01:00:00.000Z,FIPSCode,48059,0,2022-11-11T12:54:51.958Z,8,99.0,8,100.0,58549,4769,90.61,63031,442,8.4,63506,37,0.7,63505,15,0.29,5316,99,5263,10020,8,8
1668173589,2022-11-11 07:33:09 -0600,a5d66ff7c5745bc387addd41bace5f361add546d,TX,48059,2,2022-11-09T01:00:00.000Z,FIPSCode,48059,0,2022-11-11T12:54:51.958Z,8,99.0,8,100.0,58549,4769,90.61,63031,442,8.4,63506,37,0.7,63505,15,0.29,5316,99,5263,10020,8,8
1668173629,2022-11-11 07:33:49 -0600,b293e0df79789160216e85158a49f91601d7eec6,TX,48059,2,2022-11-09T01:00:00.000Z,FIPSCode,48059,0,2022-11-11T13:33:10.962Z,8,99.0,8,100.0,58549,4769,90.61,63031,442,8.4,63506,37,0.7,63505,15,0.29,5316,99,5263,10020,8,8
1668173668,2022-11-11 07:34:28 -0600,157a4cf93e3fcc84c586a8382589b36972995fb4,TX,48059,2,2022-11-09T01:00:00.000Z,FIPSCode,48059,0,2022-11-11T13:33:10.962Z,8,99.0,8,100.0,58549,4769,90.61,63031,442,8.4,63506,37,0.7,63505,15,0.29,5316,99,5263,10020,8,8
1668173708,2022-11-11 07:35:08 -0600,53eb6eebe4572cfdf368a839cb213d6103f455d5,TX,48059,2,2022-11-09T01:00:00.000Z,FIPSCode,48059,0,2022-11-11T13:34:49.723Z,8,99.0,8,100.0,58549,4769,90.61,63031,442,8.4,63506,37,0.7,63505,15,0.29,5316,99,5263,10020,8,8
1668173750,2022-11-11 07:35:50 -0600,6e6ecb4eed355ced6818bda0cfc55eb66fe7addb,TX,48059,2,2022-11-09T01:00:00.000Z,FIPSCode,48059,0,2022-11-11T13:34:49.723Z,8,99.0,8,100.0,58549,4769,90.61,63031,442,8.4,63506,37,0.7,63505,15,0.29,5316,99,5263,10020,8,8
1668173789,2022-11-11 07:36:29 -0600,87945cb4788880dad685d89f55e69de107cbe86f,TX,48059,2,2022-11-09T01:00:00.000Z,FIPSCode,48059,0,2022-11-11T13:35:48.163Z,8,99.0,8,100.0,58549,4769,90.61,63031,442,8.4,63506,37,0.7,63505,15,0.29,5316,99,5263,10020,8,8
1668173828,2022-11-11 07:37:08 -0600,35eca05b7c3a308c6fbaf9b8808eb4e80e421573,TX,48059,2,2022-11-09T01:00:00.000Z,FIPSCode,48059,0,2022-11-11T13:35:48.163Z,8,99.0,8,100.0,58549,4769,90.61,63031,442,8.4,63506,37,0.7,63505,15,0.29,5316,99,5263,10020,8,8
1668173949,2022-11-11 07:39:09 -0600,55f98154acfd293831f9547eb462796d5cc2675b,TX,48059,2,2022-11-09T01:00:00.000Z,FIPSCode,48059,0,2022-11-11T13:35:48.163Z,8,99.0,8,100.0,58549,4769,90.61,63031,442,8.4,63506,37,0.7,63505,15,0.29,5316,99,5263,10020,8,8
1668173989,2022-11-11 07:39:49 -0600,77d103a7b438cfcbddf79d9681245fa9f90de4fc,TX,48059,2,2022-11-09T01:00:00.000Z,FIPSCode,48059,0,2022-11-11T13:35:48.163Z,8,99.0,8,100.0,58549,4769,90.61,63031,442,8.4,63506,37,0.7,63505,15,0.29,5316,99,5263,10020,8,8
1668174028,2022-11-11 07:40:28 -0600,5d1b41514f3e31f16d99dcb8276a48ac1a65ddae,TX,48059,2,2022-11-09T01:00:00.000Z,FIPSCode,48059,0,2022-11-11T13:35:48.163Z,8,99.0,8,100.0,58549,4769,90.61,63031,442,8.4,63506,37,0.7,63505,15,0.29,5316,99,5263,10020,8,8
1668174068,2022-11-11 07:41:08 -0600,7d8ee8b8faa97b45614891e50797e21692781856,TX,48059,2,2022-11-09T01:00:00.000Z,FIPSCode,48059,0,2022-11-11T13:35:48.163Z,8,99.0,8,100.0,58549,4769,90.61,63031,442,8.4,63506,37,0.7,63505,15,0.29,5316,99,5263,10020,8,8
1668174108,2022-11-11 07:41:48 -0600,33ce7d7658677090bc62a154da2fda85a58ccd99,TX,48059,2,2022-11-09T01:00:00.000Z,FIPSCode,48059,0,2022-11-11T13:35:48.163Z,8,99.0,8,100.0,58549,4769,90.61,63031,442,8.4,63506,37,0.7,63505,15,0.29,5316,99,5263,10020,8,8
1668174149,2022-11-11 07:42:29 -0600,8be40214a2625143530320953d41c6d60bd1c23c,TX,48059,2,2022-11-09T01:00:00.000Z,FIPSCode,48059,0,2022-11-11T13:35:48.163Z,8,99.0,8,100.0,58549,4769,90.61,63031,442,8.4,63506,37,0.7,63505,15,0.29,5316,99,5263,10020,8,8
1668174189,2022-11-11 07:43:09 -0600,886b9a0ba274364cc6bf52ce58380505bcf90286,TX,48059,2,2022-11-09T01:00:00.000Z,FIPSCode,48059,0,2022-11-11T13:35:48.163Z,8,99.0,8,100.0,58549,4769,90.61,63031,442,8.4,63506,37,0.7,63505,15,0.29,5316,99,5263,10020,8,8
1668174230,2022-11-11 07:43:50 -0600,6542e72959a3384be9087188d95e36d680b8a2f6,TX,48059,2,2022-11-09T01:00:00.000Z,FIPSCode,48059,0,2022-11-11T13:35:48.163Z,8,99.0,8,100.0,58549,4769,90.61,63031,442,8.4,63506,37,0.7,63505,15,0.29,5316,99,5263,10020,8,8
1668174271,2022-11-11 07:44:31 -0600,24f3d91163ddd64c94e361f71c8172e8f86323de,TX,48059,2,2022-11-09T01:00:00.000Z,FIPSCode,48059,0,2022-11-11T13:35:48.163Z,8,99.0,8,100.0,58549,4769,90.61,63031,442,8.4,63506,37,0.7,63505,15,0.29,5316,99,5263,10020,8,8
1668174311,2022-11-11 07:45:11 -0600,c8261b95d0c98ba6f800337e8059c3d2db19972e,TX,48059,2,2022-11-09T01:00:00.000Z,FIPSCode,48059,0,2022-11-11T13:35:48.163Z,8,99.0,8,100.0,58549,4769,90.61,63031,442,8.4,63506,37,0.7,63505,15,0.29,5316,99,5263,10020,8,8
1668174351,2022-11-11 07:45:51 -0600,ec1b65265d80173179c39c5b467028dc3a39a2b8,TX,48059,2,2022-11-09T01:00:00.000Z,FIPSCode,48059,0,2022-11-11T13:35:48.163Z,8,99.0,8,100.0,58549,4769,90.61,63031,442,8.4,63506,37,0.7,63505,15,0.29,5316,99,5263,10020,8,8
1668174391,2022-11-11 07:46:31 -0600,f2a8ab6f9e7342584380eb92b65e27bc87f5617e,TX,48059,2,2022-11-09T01:00:00.000Z,FIPSCode,48059,0,2022-11-11T13:35:48.163Z,8,99.0,8,100.0,58549,4769,90.61,63031,442,8.4,63506,37,0.7,63505,15,0.29,5316,99,5263,10020,8,8
1668174432,2022-11-11 07:47:12 -0600,93315214ba6a25ac987654d51b0174dc9a30dc18,TX,48059,2,2022-11-09T01:00:00.000Z,FIPSCode,48059,0,2022-11-11T13:35:48.163Z,8,99.0,8,100.0,58549,4769,90.61,63031,442,8.4,63506,37,0.7,63505,15,0.29,5316,99,5263,10020,8,8
1668174474,2022-11-11 07:47:54 -0600,7115b4d01c80a9b5ff62a363d48d85d85b752e4d,TX,48059,2,2022-11-09T01:00:00.000Z,FIPSCode,48059,0,2022-11-11T13:35:48.163Z,8,99.0,8,100.0,58549,4769,90.61,63031,442,8.4,63506,37,0.7,63505,15,0.29,5316,99,5263,10020,8,8
1668174512,2022-11-11 07:48:32 -0600,68f323237d4039f92b4db96f99c97b9efde45b40,TX,48059,2,2022-11-09T01:00:00.000Z,FIPSCode,48059,0,2022-11-11T13:35:48.163Z,8,99.0,8,100.0,58549,4769,90.61,63031,442,8.4,63506,37,0.7,63505,15,0.29,5316,99,5263,10020,8,8
1668174553,2022-11-11 07:49:13 -0600,5ec10bf52ec9dae3b4a509d4ef9227eb62451ebb,TX,48059,2,2022-11-09T01:00:00.000Z,FIPSCode,48059,0,2022-11-11T13:35:48.163Z,8,99.0,8,100.0,58549,4769,90.61,63031,442,8.4,63506,37,0.7,63505,15,0.29,5316,99,5263,10020,8,8
1668174593,2022-11-11 07:49:53 -0600,b27f595e8adf5d340eef7e54080912f8eb6862c0,TX,48059,2,2022-11-09T01:00:00.000Z,FIPSCode,48059,0,2022-11-11T13:35:48.163Z,8,99.0,8,100.0,58549,4769,90.61,63031,442,8.4,63506,37,0.7,63505,15,0.29,5316,99,5263,10020,8,8
1668174633,2022-11-11 07:50:33 -0600,e031a34b786f7936af6cc9379e432d7522aa2661,TX,48059,2,2022-11-09T01:00:00.000Z,FIPSCode,48059,0,2022-11-11T13:35:48.163Z,8,99.0,8,100.0,58549,4769,90.61,63031,442,8.4,63506,37,0.7,63505,15,0.29,5316,99,5263,10020,8,8
1668174673,2022-11-11 07:51:13 -0600,8093a7c8bc01b1f069c51cb246980985db63bfad,TX,48059,2,2022-11-09T01:00:00.000Z,FIPSCode,48059,0,2022-11-11T13:50:50.142Z,8,99.0,8,100.0,58549,4769,90.61,63031,442,8.4,63506,37,0.7,63505,15,0.29,5316,99,5263,10020,8,8
1668174714,2022-11-11 07:51:54 -0600,55b4c17a7d7d7fce103aa5c4b0b8b49ac978aae0,TX,48059,2,2022-11-09T01:00:00.000Z,FIPSCode,48059,0,2022-11-11T13:50:50.142Z,8,99.0,8,100.0,58549,4769,90.61,63031,442,8.4,63506,37,0.7,63505,15,0.29,5316,99,5263,10020,8,8
1668174754,2022-11-11 07:52:34 -0600,c40171f66e02b5f0d4f193b1811dbae792df0b57,TX,48059,2,2022-11-09T01:00:00.000Z,FIPSCode,48059,0,2022-11-11T13:50:50.142Z,8,99.0,8,100.0,58549,4769,90.61,63031,442,8.4,63506,37,0.7,63505,15,0.29,5316,99,5263,10020,8,8
1668174794,2022-11-11 07:53:14 -0600,4701d9015451de5abaa4d205bc1fb28dd98c9a38,TX,48059,2,2022-11-09T01:00:00.000Z,FIPSCode,48059,0,2022-11-11T13:52:29.615Z,8,99.0,8,100.0,58549,4769,90.61,63031,442,8.4,63506,37,0.7,63505,15,0.29,5316,99,5263,10020,8,8
1668174834,2022-11-11 07:53:54 -0600,92056ecc4ccdee3bfb2a697497725c7b861f5a2c,TX,48059,2,2022-11-09T01:00:00.000Z,FIPSCode,48059,0,2022-11-11T13:52:29.615Z,8,99.0,8,100.0,58549,4769,90.61,63031,442,8.4,63506,37,0.7,63505,15,0.29,5316,99,5263,10020,8,8
1668174874,2022-11-11 07:54:34 -0600,eb80d5c0617df18c18200c0ca40187c27245692a,TX,48059,2,2022-11-09T01:00:00.000Z,FIPSCode,48059,0,2022-11-11T13:52:29.615Z,8,99.0,8,100.0,58549,4769,90.61,63031,442,8.4,63506,37,0.7,63505,15,0.29,5316,99,5263,10020,8,8
1668174914,2022-11-11 07:55:14 -0600,3ca12a98b7ac9c30ba42b1cf9037f709ba2715a0,TX,48059,2,2022-11-09T01:00:00.000Z,FIPSCode,48059,0,2022-11-11T13:52:29.615Z,8,99.0,8,100.0,58549,4769,90.61,63031,442,8.4,63506,37,0.7,63505,15,0.29,5316,99,5263,10020,8,8
1668174954,2022-11-11 07:55:54 -0600,5ac8cac4dac44123bee79aafa7774ea2e544e96f,TX,48059,2,2022-11-09T01:00:00.000Z,FIPSCode,48059,0,2022-11-11T13:52:29.615Z,8,99.0,8,100.0,58549,4769,90.61,63031,442,8.4,63506,37,0.7,63505,15,0.29,5316,99,5263,10020,8,8
1668174994,2022-11-11 07:56:34 -0600,d2d05bd3a7a09308612c2b6b8590f901e8c67676,TX,48059,2,2022-11-09T01:00:00.000Z,FIPSCode,48059,0,2022-11-11T13:52:29.615Z,8,99.0,8,100.0,58549,4769,90.61,63031,442,8.4,63506,37,0.7,63505,15,0.29,5316,99,5263,10020,8,8
1668175035,2022-11-11 07:57:15 -0600,32bf53fe1924968c533af07813b8e0365ca787af,TX,48059,2,2022-11-09T01:00:00.000Z,FIPSCode,48059,0,2022-11-11T13:52:29.615Z,8,99.0,8,100.0,58549,4769,90.61,63031,442,8.4,63506,37,0.7,63505,15,0.29,5316,99,5263,10020,8,8
1668175075,2022-11-11 07:57:55 -0600,b503654f70e11f8b31665a360cf352614e3bc7b5,TX,48059,2,2022-11-09T01:00:00.000Z,FIPSCode,48059,0,2022-11-11T13:52:29.615Z,8,99.0,8,100.0,58549,4769,90.61,63031,442,8.4,63506,37,0.7,63505,15,0.29,5316,99,5263,10020,8,8
1668175114,2022-11-11 07:58:34 -0600,b15b3c25c8e401c7bde25a9279f1383577c361b1,TX,48059,2,2022-11-09T01:00:00.000Z,FIPSCode,48059,0,2022-11-11T13:52:29.615Z,8,99.0,8,100.0,58549,4769,90.61,63031,442,8.4,63506,37,0.7,63505,15,0.29,5316,99,5263,10020,8,8
1668175155,2022-11-11 07:59:15 -0600,c712cabfabd2302bc0503b3fd90690e6992458ce,TX,48059,2,2022-11-09T01:00:00.000Z,FIPSCode,48059,0,2022-11-11T13:52:29.615Z,8,99.0,8,100.0,58549,4769,90.61,63031,442,8.4,63506,37,0.7,63505,15,0.29,5316,99,5263,10020,8,8
1668175195,2022-11-11 07:59:55 -0600,974e6d482ad1bf66acf3c6dec172fc6b6862447a,TX,48059,2,2022-11-09T01:00:00.000Z,FIPSCode,48059,0,2022-11-11T13:52:29.615Z,8,99.0,8,100.0,58549,4769,90.61,63031,442,8.4,63506,37,0.7,63505,15,0.29,5316,99,5263,10020,8,8
1668175235,2022-11-11 08:00:35 -0600,0fe34c6ba14142d35bd0e91d03b242952a74ccfd,TX,48059,2,2022-11-09T01:00:00.000Z,FIPSCode,48059,0,2022-11-11T13:52:29.615Z,8,99.0,8,100.0,58549,4769,90.61,63031,442,8.4,63506,37,0.7,63505,15,0.29,5316,99,5263,10020,8,8
1668175275,2022-11-11 08:01:15 -0600,27130f0947ad30eb8e64185ceeb673f736b60d20,TX,48059,2,2022-11-09T01:00:00.000Z,FIPSCode,48059,0,2022-11-11T13:52:29.615Z,8,99.0,8,100.0,58549,4769,90.61,63031,442,8.4,63506,37,0.7,63505,15,0.29,5316,99,5263,10020,8,8
1668175315,2022-11-11 08:01:55 -0600,112f40e8516f6cba595148bc5d5326fdd12597f6,TX,48059,2,2022-11-09T01:00:00.000Z,FIPSCode,48059,0,2022-11-11T13:52:29.615Z,8,99.0,8,100.0,58549,4769,90.61,63031,442,8.4,63506,37,0.7,63505,15,0.29,5316,99,5263,10020,8,8
1668175355,2022-11-11 08:02:35 -0600,a78d91b27e239b6a4ad1428ed19b26f085525578,TX,48059,2,2022-11-09T01:00:00.000Z,FIPSCode,48059,0,2022-11-11T13:52:29.615Z,8,99.0,8,100.0,58549,4769,90.61,63031,442,8.4,63506,37,0.7,63505,15,0.29,5316,99,5263,10020,8,8
1668175395,2022-11-11 08:03:15 -0600,2477e682a187043271c620aa6d81fb6e9f3ecdba,TX,48059,2,2022-11-09T01:00:00.000Z,FIPSCode,48059,0,2022-11-11T13:52:29.615Z,8,99.0,8,100.0,58549,4769,90.61,63031,442,8.4,63506,37,0.7,63505,15,0.29,5316,99,5263,10020,8,8
1668175435,2022-11-11 08:03:55 -0600,ed66fdeeca2109cd1162d9bb04ccd4c4341bf364,TX,48059,2,2022-11-09T01:00:00.000Z,FIPSCode,48059,0,2022-11-11T13:52:29.615Z,8,99.0,8,100.0,58549,4769,90.61,63031,442,8.4,63506,37,0.7,63505,15,0.29,5316,99,5263,10020,8,8
1668175476,2022-11-11 08:04:36 -0600,1fe4217f94b32cfe85dbcd7efd88318c0870014e,TX,48059,2,2022-11-09T01:00:00.000Z,FIPSCode,48059,0,2022-11-11T13:52:29.615Z,8,99.0,8,100.0,58549,4769,90.61,63031,442,8.4,63506,37,0.7,63505,15,0.29,5316,99,5263,10020,8,8
1668175517,2022-11-11 08:05:17 -0600,3645ca7ecfbbaf59d901b542d4fc9983957ad94a,TX,48059,2,2022-11-09T01:00:00.000Z,FIPSCode,48059,0,2022-11-11T13:52:29.615Z,8,99.0,8,100.0,58549,4769,90.61,63031,442,8.4,63506,37,0.7,63505,15,0.29,5316,99,5263,10020,8,8
1668175557,2022-11-11 08:05:57 -0600,6ddf957b237a36b60aa0a45e94b0845ad9ea543f,TX,48059,2,2022-11-09T01:00:00.000Z,FIPSCode,48059,0,2022-11-11T13:52:29.615Z,8,99.0,8,100.0,58549,4769,90.61,63031,442,8.4,63506,37,0.7,63505,15,0.29,5316,99,5263,10020,8,8
1668175598,2022-11-11 08:06:38 -0600,e40571d7ab0ad80b2fa5b258a57b238aad0431de,TX,48059,2,2022-11-09T01:00:00.000Z,FIPSCode,48059,0,2022-11-11T13:52:29.615Z,8,99.0,8,100.0,58549,4769,90.61,63031,442,8.4,63506,37,0.7,63505,15,0.29,5316,99,5263,10020,8,8
1668175638,2022-11-11 08:07:18 -0600,de837b3cf89bdc80f406bfd5d74cc5ccdc110964,TX,48059,2,2022-11-09T01:00:00.000Z,FIPSCode,48059,0,2022-11-11T13:52:29.615Z,8,99.0,8,100.0,58549,4769,90.61,63031,442,8.4,63506,37,0.7,63505,15,0.29,5316,99,5263,10020,8,8
1668175678,2022-11-11 08:07:58 -0600,58ddf5eab26f589a94fea00e3f1239806a59ca72,TX,48059,2,2022-11-09T01:00:00.000Z,FIPSCode,48059,0,2022-11-11T13:52:29.615Z,8,99.0,8,100.0,58549,4769,90.61,63031,442,8.4,63506,37,0.7,63505,15,0.29,5316,99,5263,10020,8,8
1668175718,2022-11-11 08:08:38 -0600,f353cff5873355a44051e184179496a5addb3164,TX,48059,2,2022-11-09T01:00:00.000Z,FIPSCode,48059,0,2022-11-11T13:52:29.615Z,8,99.0,8,100.0,58549,4769,90.61,63031,442,8.4,63506,37,0.7,63505,15,0.29,5316,99,5263,10020,8,8
1668175759,2022-11-11 08:09:19 -0600,2a9d41477efa2a2c6f7eed10a3e83d1f64dff60c,TX,48059,2,2022-11-09T01:00:00.000Z,FIPSCode,48059,0,2022-11-11T13:52:29.615Z,8,99.0,8,100.0,58549,4769,90.61,63031,442,8.4,63506,37,0.7,63505,15,0.29,5316,99,5263,10020,8,8
1668175799,2022-11-11 08:09:59 -0600,14b6b7532d1f11aec374202bde2bc31a3ba80d59,TX,48059,2,2022-11-09T01:00:00.000Z,FIPSCode,48059,0,2022-11-11T13:52:29.615Z,8,99.0,8,100.0,58549,4769,90.61,63031,442,8.4,63506,37,0.7,63505,15,0.29,5316,99,5263,10020,8,8
1668175839,2022-11-11 08:10:39 -0600,61113096aad940455e0217da748c93ebbfcb37c5,TX,48059,2,2022-11-09T01:00:00.000Z,FIPSCode,48059,0,2022-11-11T13:52:29.615Z,8,99.0,8,100.0,58549,4769,90.61,63031,442,8.4,63506,37,0.7,63505,15,0.29,5316,99,5263,10020,8,8
1668175879,2022-11-11 08:11:19 -0600,8200e1bf1a4fbf7ba3735f85de1f3b839d4f397e,TX,48059,2,2022-11-09T01:00:00.000Z,FIPSCode,48059,0,2022-11-11T13:52:29.615Z,8,99.0,8,100.0,58549,4769,90.61,63031,442,8.4,63506,37,0.7,63505,15,0.29,5316,99,5263,10020,8,8
1668175920,2022-11-11 08:12:00 -0600,ad4617e138aa007b78f0206a65764436bf304815,TX,48059,2,2022-11-09T01:00:00.000Z,FIPSCode,48059,0,2022-11-11T13:52:29.615Z,8,99.0,8,100.0,58549,4769,90.61,63031,442,8.4,63506,37,0.7,63505,15,0.29,5316,99,5263,10020,8,8
1668175961,2022-11-11 08:12:41 -0600,6f6084bb91c36b366adec61996ed43296309c936,TX,48059,2,2022-11-09T01:00:00.000Z,FIPSCode,48059,0,2022-11-11T13:52:29.615Z,8,99.0,8,100.0,58549,4769,90.61,63031,442,8.4,63506,37,0.7,63505,15,0.29,5316,99,5263,10020,8,8
1668176001,2022-11-11 08:13:21 -0600,dfd03d87f9cc54992bab2facbd07b96c1d037819,TX,48059,2,2022-11-09T01:00:00.000Z,FIPSCode,48059,0,2022-11-11T13:52:29.615Z,8,99.0,8,100.0,58549,4769,90.61,63031,442,8.4,63506,37,0.7,63505,15,0.29,5316,99,5263,10020,8,8
1668176040,2022-11-11 08:14:00 -0600,36e6b7fcbc5ad9719fa7cefa499b3ab2418cf280,TX,48059,2,2022-11-09T01:00:00.000Z,FIPSCode,48059,0,2022-11-11T13:52:29.615Z,8,99.0,8,100.0,58549,4769,90.61,63031,442,8.4,63506,37,0.7,63505,15,0.29,5316,99,5263,10020,8,8
1668176081,2022-11-11 08:14:41 -0600,d40cd505a16834cd62fbcc12037e44b2007ccca8,TX,48059,2,2022-11-09T01:00:00.000Z,FIPSCode,48059,0,2022-11-11T13:52:29.615Z,8,99.0,8,100.0,58549,4769,90.61,63031,442,8.4,63506,37,0.7,63505,15,0.29,5316,99,5263,10020,8,8
1668176121,2022-11-11 08:15:21 -0600,e03799a74fc7c26348bc92419b8a252d9a0bd324,TX,48059,2,2022-11-09T01:00:00.000Z,FIPSCode,48059,0,2022-11-11T13:52:29.615Z,8,99.0,8,100.0,58549,4769,90.61,63031,442,8.4,63506,37,0.7,63505,15,0.29,5316,99,5263,10020,8,8
1668176161,2022-11-11 08:16:01 -0600,fcaca909d66c8b2ba251d1516db70bef44905cb6,TX,48059,2,2022-11-09T01:00:00.000Z,FIPSCode,48059,0,2022-11-11T13:52:29.615Z,8,99.0,8,100.0,58549,4769,90.61,63031,442,8.4,63506,37,0.7,63505,15,0.29,5316,99,5263,10020,8,8
1668176201,2022-11-11 08:16:41 -0600,337ebcff354a65917b552ae1e6f5125b5b45957c,TX,48059,2,2022-11-09T01:00:00.000Z,FIPSCode,48059,0,2022-11-11T13:52:29.615Z,8,99.0,8,100.0,58549,4769,90.61,63031,442,8.4,63506,37,0.7,63505,15,0.29,5316,99,5263,10020,8,8
1668176241,2022-11-11 08:17:21 -0600,34800464abb0dc8ed758da3cc227306a29e66dc0,TX,48059,2,2022-11-09T01:00:00.000Z,FIPSCode,48059,0,2022-11-11T13:52:29.615Z,8,99.0,8,100.0,58549,4769,90.61,63031,442,8.4,63506,37,0.7,63505,15,0.29,5316,99,5263,10020,8,8
1668176281,2022-11-11 08:18:01 -0600,a91fb51f3b53f3e7025bcd30ad31a742ca45e886,TX,48059,2,2022-11-09T01:00:00.000Z,FIPSCode,48059,0,2022-11-11T13:52:29.615Z,8,99.0,8,100.0,58549,4769,90.61,63031,442,8.4,63506,37,0.7,63505,15,0.29,5316,99,5263,10020,8,8
1668176399,2022-11-11 08:19:59 -0600,83d292979c39ddfdd16b39f4554ad11c3fcba29c,TX,48059,2,2022-11-09T01:00:00.000Z,FIPSCode,48059,0,2022-11-11T13:52:29.615Z,8,99.0,8,100.0,58549,4769,90.61,63031,442,8.4,63506,37,0.7,63505,15,0.29,5316,99,5263,10020,8,8
1668176439,2022-11-11 08:20:39 -0600,a6a22f1ab3d302d1b3028e4bbf5877ae5b69f591,TX,48059,2,2022-11-09T01:00:00.000Z,FIPSCode,48059,0,2022-11-11T13:52:29.615Z,8,99.0,8,100.0,58549,4769,90.61,63031,442,8.4,63506,37,0.7,63505,15,0.29,5316,99,5263,10020,8,8
1668176480,2022-11-11 08:21:20 -0600,61964c94e91ba7e02e12a0faa523853238870704,TX,48059,2,2022-11-09T01:00:00.000Z,FIPSCode,48059,0,2022-11-11T13:52:29.615Z,8,99.0,8,100.0,58549,4769,90.61,63031,442,8.4,63506,37,0.7,63505,15,0.29,5316,99,5263,10020,8,8
1668176681,2022-11-11 08:24:41 -0600,8003832a987e2d7cca78eb08bb971bbfdf7d3e82,TX,48059,2,2022-11-09T01:00:00.000Z,FIPSCode,48059,0,2022-11-11T13:52:29.615Z,8,99.0,8,100.0,58549,4769,90.61,63031,442,8.4,63506,37,0.7,63505,15,0.29,5316,99,5263,10020,8,8
1668176721,2022-11-11 08:25:21 -0600,9505ffd467805f36190371e32ba9cf966bce2ecb,TX,48059,2,2022-11-09T01:00:00.000Z,FIPSCode,48059,0,2022-11-11T13:52:29.615Z,8,99.0,8,100.0,58549,4769,90.61,63031,442,8.4,63506,37,0.7,63505,15,0.29,5316,99,5263,10020,8,8
1668176761,2022-11-11 08:26:01 -0600,8292fbe1634d9d043028c243cf6c4a21d41d677a,TX,48059,2,2022-11-09T01:00:00.000Z,FIPSCode,48059,0,2022-11-11T13:52:29.615Z,8,99.0,8,100.0,58549,4769,90.61,63031,442,8.4,63506,37,0.7,63505,15,0.29,5316,99,5263,10020,8,8
1668176801,2022-11-11 08:26:41 -0600,9654f1b110448d1284475285be6342bb35b672e3,TX,48059,2,2022-11-09T01:00:00.000Z,FIPSCode,48059,0,2022-11-11T13:52:29.615Z,8,99.0,8,100.0,58549,4769,90.61,63031,442,8.4,63506,37,0.7,63505,15,0.29,5316,99,5263,10020,8,8
1668176840,2022-11-11 08:27:20 -0600,c565cb5987168b446f05f28b76fb1e7b1f6ecf28,TX,48059,2,2022-11-09T01:00:00.000Z,FIPSCode,48059,0,2022-11-11T13:52:29.615Z,8,99.0,8,100.0,58549,4769,90.61,63031,442,8.4,63506,37,0.7,63505,15,0.29,5316,99,5263,10020,8,8
1668176880,2022-11-11 08:28:00 -0600,d72026341bf51bf3cef22b6e81af8ee5d8cbc919,TX,48059,2,2022-11-09T01:00:00.000Z,FIPSCode,48059,0,2022-11-11T13:52:29.615Z,8,99.0,8,100.0,58549,4769,90.61,63031,442,8.4,63506,37,0.7,63505,15,0.29,5316,99,5263,10020,8,8
1668176920,2022-11-11 08:28:40 -0600,345a1e25c98552fd0b7376317bf492738e41a365,TX,48059,2,2022-11-09T01:00:00.000Z,FIPSCode,48059,0,2022-11-11T13:52:29.615Z,8,99.0,8,100.0,58549,4769,90.61,63031,442,8.4,63506,37,0.7,63505,15,0.29,5316,99,5263,10020,8,8
1668176960,2022-11-11 08:29:20 -0600,227c867d3d1f1157d004761a9174effff8674ed7,TX,48059,2,2022-11-09T01:00:00.000Z,FIPSCode,48059,0,2022-11-11T13:52:29.615Z,8,99.0,8,100.0,58549,4769,90.61,63031,442,8.4,63506,37,0.7,63505,15,0.29,5316,99,5263,10020,8,8
1668177001,2022-11-11 08:30:01 -0600,030fae4957320c1cafefe874a0d14f2121f955ee,TX,48059,2,2022-11-09T01:00:00.000Z,FIPSCode,48059,0,2022-11-11T13:52:29.615Z,8,99.0,8,100.0,58549,4769,90.61,63031,442,8.4,63506,37,0.7,63505,15,0.29,5316,99,5263,10020,8,8
1668177040,2022-11-11 08:30:40 -0600,6a43d9f3a98e6c19832a864f8b30e8de394be5f9,TX,48059,2,2022-11-09T01:00:00.000Z,FIPSCode,48059,0,2022-11-11T13:52:29.615Z,8,99.0,8,100.0,58549,4769,90.61,63031,442,8.4,63506,37,0.7,63505,15,0.29,5316,99,5263,10020,8,8
1668177080,2022-11-11 08:31:20 -0600,cf41961a8a0f497158c1078fcbf36d386ed496e3,TX,48059,2,2022-11-09T01:00:00.000Z,FIPSCode,48059,0,2022-11-11T13:52:29.615Z,8,99.0,8,100.0,58549,4769,90.61,63031,442,8.4,63506,37,0.7,63505,15,0.29,5316,99,5263,10020,8,8
1668177120,2022-11-11 08:32:00 -0600,96f2ec39693c64c0ba817dc4e03d0f0fb29233d2,TX,48059,2,2022-11-09T01:00:00.000Z,FIPSCode,48059,0,2022-11-11T13:52:29.615Z,8,99.0,8,100.0,58549,4769,90.61,63031,442,8.4,63506,37,0.7,63505,15,0.29,5316,99,5263,10020,8,8
1668177160,2022-11-11 08:32:40 -0600,79bff6fd186483204b9adef1b69deaeff7954b20,TX,48059,2,2022-11-09T01:00:00.000Z,FIPSCode,48059,0,2022-11-11T13:52:29.615Z,8,99.0,8,100.0,58549,4769,90.61,63031,442,8.4,63506,37,0.7,63505,15,0.29,5316,99,5263,10020,8,8
1668177199,2022-11-11 08:33:19 -0600,67eac2b47aa130bf1d33b978d8221ad4e76d7dd4,TX,48059,2,2022-11-09T01:00:00.000Z,FIPSCode,48059,0,2022-11-11T13:52:29.615Z,8,99.0,8,100.0,58549,4769,90.61,63031,442,8.4,63506,37,0.7,63505,15,0.29,5316,99,5263,10020,8,8
1668177239,2022-11-11 08:33:59 -0600,b9f1a7af30ce4436a6b50d40646a3729b82e2a6b,TX,48059,2,2022-11-09T01:00:00.000Z,FIPSCode,48059,0,2022-11-11T13:52:29.615Z,8,99.0,8,100.0,58549,4769,90.61,63031,442,8.4,63506,37,0.7,63505,15,0.29,5316,99,5263,10020,8,8
1668177281,2022-11-11 08:34:41 -0600,7549534e23898ebb74b1b938560b33eb292bdce9,TX,48059,2,2022-11-09T01:00:00.000Z,FIPSCode,48059,0,2022-11-11T13:52:29.615Z,8,99.0,8,100.0,58549,4769,90.61,63031,442,8.4,63506,37,0.7,63505,15,0.29,5316,99,5263,10020,8,8
1668177321,2022-11-11 08:35:21 -0600,ad05b864f45ed459b22811bd8c77acfc8dd6fceb,TX,48059,2,2022-11-09T01:00:00.000Z,FIPSCode,48059,0,2022-11-11T13:52:29.615Z,8,99.0,8,100.0,58549,4769,90.61,63031,442,8.4,63506,37,0.7,63505,15,0.29,5316,99,5263,10020,8,8
1668177518,2022-11-11 08:38:38 -0600,3a0d6f93b77520e72db97c09e1b8d10c52e34406,TX,48059,2,2022-11-09T01:00:00.000Z,FIPSCode,48059,0,2022-11-11T13:52:29.615Z,8,99.0,8,100.0,58549,4769,90.61,63031,442,8.4,63506,37,0.7,63505,15,0.29,5316,99,5263,10020,8,8
1668177558,2022-11-11 08:39:18 -0600,01c5e2823910f7f988376b9c6a9172b1c946a6df,TX,48059,2,2022-11-09T01:00:00.000Z,FIPSCode,48059,0,2022-11-11T13:52:29.615Z,8,99.0,8,100.0,58549,4769,90.61,63031,442,8.4,63506,37,0.7,63505,15,0.29,5316,99,5263,10020,8,8
1668177598,2022-11-11 08:39:58 -0600,bec564ced92dee1aaa04fa6760ca88cb9b05df8f,TX,48059,2,2022-11-09T01:00:00.000Z,FIPSCode,48059,0,2022-11-11T13:52:29.615Z,8,99.0,8,100.0,58549,4769,90.61,63031,442,8.4,63506,37,0.7,63505,15,0.29,5316,99,5263,10020,8,8
1668177638,2022-11-11 08:40:38 -0600,b5bb05f5b7819d2d0d62b75e9f29c86c9b65fbb0,TX,48059,2,2022-11-09T01:00:00.000Z,FIPSCode,48059,0,2022-11-11T13:52:29.615Z,8,99.0,8,100.0,58549,4769,90.61,63031,442,8.4,63506,37,0.7,63505,15,0.29,5316,99,5263,10020,8,8
1668177678,2022-11-11 08:41:18 -0600,94b9d326e5372d478162a3b142f7f432988e79a4,TX,48059,2,2022-11-09T01:00:00.000Z,FIPSCode,48059,0,2022-11-11T13:52:29.615Z,8,99.0,8,100.0,58549,4769,90.61,63031,442,8.4,63506,37,0.7,63505,15,0.29,5316,99,5263,10020,8,8
1668177718,2022-11-11 08:41:58 -0600,70ae2ed1fcca92287eb3e58eb5ea8469f92fa398,TX,48059,2,2022-11-09T01:00:00.000Z,FIPSCode,48059,0,2022-11-11T13:52:29.615Z,8,99.0,8,100.0,58549,4769,90.61,63031,442,8.4,63506,37,0.7,63505,15,0.29,5316,99,5263,10020,8,8
1668177759,2022-11-11 08:42:39 -0600,f1213582ae4bc850ca83d16cc53f7f398fbda569,TX,48059,2,2022-11-09T01:00:00.000Z,FIPSCode,48059,0,2022-11-11T13:52:29.615Z,8,99.0,8,100.0,58549,4769,90.61,63031,442,8.4,63506,37,0.7,63505,15,0.29,5316,99,5263,10020,8,8
1668177799,2022-11-11 08:43:19 -0600,1f3ad59fd0824882e8f09ebac5645800ee38312a,TX,48059,2,2022-11-09T01:00:00.000Z,FIPSCode,48059,0,2022-11-11T13:52:29.615Z,8,99.0,8,100.0,58549,4769,90.61,63031,442,8.4,63506,37,0.7,63505,15,0.29,5316,99,5263,10020,8,8
1668177840,2022-11-11 08:44:00 -0600,458a947e96b721bd642f875d661e8a251fea5048,TX,48059,2,2022-11-09T01:00:00.000Z,FIPSCode,48059,0,2022-11-11T13:52:29.615Z,8,99.0,8,100.0,58549,4769,90.61,63031,442,8.4,63506,37,0.7,63505,15,0.29,5316,99,5263,10020,8,8
1668177881,2022-11-11 08:44:41 -0600,af371af1bb85a9859c34258e8aeebe65ad1e662c,TX,48059,2,2022-11-09T01:00:00.000Z,FIPSCode,48059,0,2022-11-11T13:52:29.615Z,8,99.0,8,100.0,58549,4769,90.61,63031,442,8.4,63506,37,0.7,63505,15,0.29,5316,99,5263,10020,8,8
1668177921,2022-11-11 08:45:21 -0600,bbe788416057ad856d949b6625d33d7f334b5afb,TX,48059,2,2022-11-09T01:00:00.000Z,FIPSCode,48059,0,2022-11-11T13:52:29.615Z,8,99.0,8,100.0,58549,4769,90.61,63031,442,8.4,63506,37,0.7,63505,15,0.29,5316,99,5263,10020,8,8
1668177961,2022-11-11 08:46:01 -0600,1ce5e9af59fb3303f74d8a56ccc590fb42399039,TX,48059,2,2022-11-09T01:00:00.000Z,FIPSCode,48059,0,2022-11-11T13:52:29.615Z,8,99.0,8,100.0,58549,4769,90.61,63031,442,8.4,63506,37,0.7,63505,15,0.29,5316,99,5263,10020,8,8
1668178002,2022-11-11 08:46:42 -0600,e04396020e5c6e4cdd4666ed61f9157e9e894550,TX,48059,2,2022-11-09T01:00:00.000Z,FIPSCode,48059,0,2022-11-11T13:52:29.615Z,8,99.0,8,100.0,58549,4769,90.61,63031,442,8.4,63506,37,0.7,63505,15,0.29,5316,99,5263,10020,8,8
1668178042,2022-11-11 08:47:22 -0600,9beb9244465d6d27bf8631b9e68b4c6618da1173,TX,48059,2,2022-11-09T01:00:00.000Z,FIPSCode,48059,0,2022-11-11T13:52:29.615Z,8,99.0,8,100.0,58549,4769,90.61,63031,442,8.4,63506,37,0.7,63505,15,0.29,5316,99,5263,10020,8,8
1668178082,2022-11-11 08:48:02 -0600,95710441fb832379db3fb23075e7364b575b5767,TX,48059,2,2022-11-09T01:00:00.000Z,FIPSCode,48059,0,2022-11-11T13:52:29.615Z,8,99.0,8,100.0,58549,4769,90.61,63031,442,8.4,63506,37,0.7,63505,15,0.29,5316,99,5263,10020,8,8
1668178123,2022-11-11 08:48:43 -0600,4f40a36bed2935861017787013e410a0624373f7,TX,48059,2,2022-11-09T01:00:00.000Z,FIPSCode,48059,0,2022-11-11T13:52:29.615Z,8,99.0,8,100.0,58549,4769,90.61,63031,442,8.4,63506,37,0.7,63505,15,0.29,5316,99,5263,10020,8,8
1668178164,2022-11-11 08:49:24 -0600,810f5d730ac0ecacfedd1d572713f4609ac49054,TX,48059,2,2022-11-09T01:00:00.000Z,FIPSCode,48059,0,2022-11-11T13:52:29.615Z,8,99.0,8,100.0,58549,4769,90.61,63031,442,8.4,63506,37,0.7,63505,15,0.29,5316,99,5263,10020,8,8
1668178203,2022-11-11 08:50:03 -0600,217b231d3ccfb115373c10f62a3bf992522d99e3,TX,48059,2,2022-11-09T01:00:00.000Z,FIPSCode,48059,0,2022-11-11T13:52:29.615Z,8,99.0,8,100.0,58549,4769,90.61,63031,442,8.4,63506,37,0.7,63505,15,0.29,5316,99,5263,10020,8,8
1668178244,2022-11-11 08:50:44 -0600,cfc4142a82b5b0400a5274edf84b829aa0257fda,TX,48059,2,2022-11-09T01:00:00.000Z,FIPSCode,48059,0,2022-11-11T13:52:29.615Z,8,99.0,8,100.0,58549,4769,90.61,63031,442,8.4,63506,37,0.7,63505,15,0.29,5316,99,5263,10020,8,8
1668178284,2022-11-11 08:51:24 -0600,bcff934817e5bab182f74d98715c7e394d1a6440,TX,48059,2,2022-11-09T01:00:00.000Z,FIPSCode,48059,0,2022-11-11T13:52:29.615Z,8,99.0,8,100.0,58549,4769,90.61,63031,442,8.4,63506,37,0.7,63505,15,0.29,5316,99,5263,10020,8,8
1668178324,2022-11-11 08:52:04 -0600,3eb18e4573e8690861de0376984dd8bbbdf61f50,TX,48059,2,2022-11-09T01:00:00.000Z,FIPSCode,48059,0,2022-11-11T13:52:29.615Z,8,99.0,8,100.0,58549,4769,90.61,63031,442,8.4,63506,37,0.7,63505,15,0.29,5316,99,5263,10020,8,8
1668178364,2022-11-11 08:52:44 -0600,adece66aca57bfc3b606ce0e6aa663affd6f95e3,TX,48059,2,2022-11-09T01:00:00.000Z,FIPSCode,48059,0,2022-11-11T13:52:29.615Z,8,99.0,8,100.0,58549,4769,90.61,63031,442,8.4,63506,37,0.7,63505,15,0.29,5316,99,5263,10020,8,8
1668178405,2022-11-11 08:53:25 -0600,6dc465de00ed1f27ba5e8f2524fc9e6d74fb3dc7,TX,48059,2,2022-11-09T01:00:00.000Z,FIPSCode,48059,0,2022-11-11T13:52:29.615Z,8,99.0,8,100.0,58549,4769,90.61,63031,442,8.4,63506,37,0.7,63505,15,0.29,5316,99,5263,10020,8,8
1668178444,2022-11-11 08:54:04 -0600,503a0ee8a9b2358b868b9e38a72e723d2850b699,TX,48059,2,2022-11-09T01:00:00.000Z,FIPSCode,48059,0,2022-11-11T13:52:29.615Z,8,99.0,8,100.0,58549,4769,90.61,63031,442,8.4,63506,37,0.7,63505,15,0.29,5316,99,5263,10020,8,8
1668178485,2022-11-11 08:54:45 -0600,00bea3175a22e662178fc17d2771e5bd6a97d9a1,TX,48059,2,2022-11-09T01:00:00.000Z,FIPSCode,48059,0,2022-11-11T13:52:29.615Z,8,99.0,8,100.0,58549,4769,90.61,63031,442,8.4,63506,37,0.7,63505,15,0.29,5316,99,5263,10020,8,8
1668178525,2022-11-11 08:55:25 -0600,8b31803aca775f744814b808e370c5deafc6d2bf,TX,48059,2,2022-11-09T01:00:00.000Z,FIPSCode,48059,0,2022-11-11T13:52:29.615Z,8,99.0,8,100.0,58549,4769,90.61,63031,442,8.4,63506,37,0.7,63505,15,0.29,5316,99,5263,10020,8,8
1668178567,2022-11-11 08:56:07 -0600,b1b2450071ad93644f5961debfcc88a4723aab90,TX,48059,2,2022-11-09T01:00:00.000Z,FIPSCode,48059,0,2022-11-11T13:52:29.615Z,8,99.0,8,100.0,58549,4769,90.61,63031,442,8.4,63506,37,0.7,63505,15,0.29,5316,99,5263,10020,8,8
1668178607,2022-11-11 08:56:47 -0600,2b10c9cfbc140fee92a7288a6ccde0e785a6b45e,TX,48059,2,2022-11-09T01:00:00.000Z,FIPSCode,48059,0,2022-11-11T13:52:29.615Z,8,99.0,8,100.0,58549,4769,90.61,63031,442,8.4,63506,37,0.7,63505,15,0.29,5316,99,5263,10020,8,8
1668178648,2022-11-11 08:57:28 -0600,4c47111ffdb5c395db71a62cc78bc03876a92527,TX,48059,2,2022-11-09T01:00:00.000Z,FIPSCode,48059,0,2022-11-11T13:52:29.615Z,8,99.0,8,100.0,58549,4769,90.61,63031,442,8.4,63506,37,0.7,63505,15,0.29,5316,99,5263,10020,8,8
1668178689,2022-11-11 08:58:09 -0600,3fe51f58cf2ef94ff9f7ec10eb0cd1076c85d06c,TX,48059,2,2022-11-09T01:00:00.000Z,FIPSCode,48059,0,2022-11-11T13:52:29.615Z,8,99.0,8,100.0,58549,4769,90.61,63031,442,8.4,63506,37,0.7,63505,15,0.29,5316,99,5263,10020,8,8
1668178729,2022-11-11 08:58:49 -0600,2e369c376638dcd28bf3eac17d0d114673c15e35,TX,48059,2,2022-11-09T01:00:00.000Z,FIPSCode,48059,0,2022-11-11T13:52:29.615Z,8,99.0,8,100.0,58549,4769,90.61,63031,442,8.4,63506,37,0.7,63505,15,0.29,5316,99,5263,10020,8,8
1668178769,2022-11-11 08:59:29 -0600,902eb64810518a1955e1dfad3e98581f5606d8a1,TX,48059,2,2022-11-09T01:00:00.000Z,FIPSCode,48059,0,2022-11-11T13:52:29.615Z,8,99.0,8,100.0,58549,4769,90.61,63031,442,8.4,63506,37,0.7,63505,15,0.29,5316,99,5263,10020,8,8
1668178812,2022-11-11 09:00:12 -0600,fda4eed86d6ebd28d5a3c902caadd04d148e8f2e,TX,48059,2,2022-11-09T01:00:00.000Z,FIPSCode,48059,0,2022-11-11T13:52:29.615Z,8,99.0,8,100.0,58549,4769,90.61,63031,442,8.4,63506,37,0.7,63505,15,0.29,5316,99,5263,10020,8,8
1668178852,2022-11-11 09:00:52 -0600,90af292fc4aa26fdf339397359c3c36435ab8d59,TX,48059,2,2022-11-09T01:00:00.000Z,FIPSCode,48059,0,2022-11-11T13:52:29.615Z,8,99.0,8,100.0,58549,4769,90.61,63031,442,8.4,63506,37,0.7,63505,15,0.29,5316,99,5263,10020,8,8
1668178892,2022-11-11 09:01:32 -0600,2632510497f565a1a4d3905f3f286719e9576be9,TX,48059,2,2022-11-09T01:00:00.000Z,FIPSCode,48059,0,2022-11-11T13:52:29.615Z,8,99.0,8,100.0,58549,4769,90.61,63031,442,8.4,63506,37,0.7,63505,15,0.29,5316,99,5263,10020,8,8
1668178933,2022-11-11 09:02:13 -0600,f140b4108341d24f75bd6e68f6669ebbe08c91b3,TX,48059,2,2022-11-09T01:00:00.000Z,FIPSCode,48059,0,2022-11-11T13:52:29.615Z,8,99.0,8,100.0,58549,4769,90.61,63031,442,8.4,63506,37,0.7,63505,15,0.29,5316,99,5263,10020,8,8
1668178974,2022-11-11 09:02:54 -0600,20609a1f8e1d7aa2588ee39ac4395232e0d5bc76,TX,48059,2,2022-11-09T01:00:00.000Z,FIPSCode,48059,0,2022-11-11T13:52:29.615Z,8,99.0,8,100.0,58549,4769,90.61,63031,442,8.4,63506,37,0.7,63505,15,0.29,5316,99,5263,10020,8,8
1668179015,2022-11-11 09:03:35 -0600,c02abc88b5e123cd160fd755af4bbb47da1728b2,TX,48059,2,2022-11-09T01:00:00.000Z,FIPSCode,48059,0,2022-11-11T13:52:29.615Z,8,99.0,8,100.0,58549,4769,90.61,63031,442,8.4,63506,37,0.7,63505,15,0.29,5316,99,5263,10020,8,8
1668179056,2022-11-11 09:04:16 -0600,96778247c76e69d0eaaaca0e2a34e0c9fee9ed7d,TX,48059,2,2022-11-09T01:00:00.000Z,FIPSCode,48059,0,2022-11-11T13:52:29.615Z,8,99.0,8,100.0,58549,4769,90.61,63031,442,8.4,63506,37,0.7,63505,15,0.29,5316,99,5263,10020,8,8
1668179097,2022-11-11 09:04:57 -0600,bd1e540f4442511567113c812fdffd51c16354a0,TX,48059,2,2022-11-09T01:00:00.000Z,FIPSCode,48059,0,2022-11-11T15:04:31.855Z,8,99.0,8,100.0,58549,4769,90.61,63031,442,8.4,63506,37,0.7,63505,15,0.29,5316,99,5263,10020,8,8
1668179138,2022-11-11 09:05:38 -0600,1a789e58c381fd2a45b88814709b8453dd85480f,TX,48059,2,2022-11-09T01:00:00.000Z,FIPSCode,48059,0,2022-11-11T15:04:31.855Z,8,99.0,8,100.0,58549,4769,90.61,63031,442,8.4,63506,37,0.7,63505,15,0.29,5316,99,5263,10020,8,8
1668179180,2022-11-11 09:06:20 -0600,64140583f5cf3efc750b9f1106c38810eb328685,TX,48059,2,2022-11-09T01:00:00.000Z,FIPSCode,48059,0,2022-11-11T15:05:32.847Z,8,99.0,8,100.0,58549,4769,90.61,63031,442,8.4,63506,37,0.7,63505,15,0.29,5316,99,5263,10020,8,8
1668179222,2022-11-11 09:07:02 -0600,dd9f5b25c47764fa2521b68d19793111ed6ac6bc,TX,48059,2,2022-11-09T01:00:00.000Z,FIPSCode,48059,0,2022-11-11T15:05:32.847Z,8,99.0,8,100.0,58549,4769,90.61,63031,442,8.4,63506,37,0.7,63505,15,0.29,5316,99,5263,10020,8,8
1668179262,2022-11-11 09:07:42 -0600,4b18170a2a26224402f0051680b839fd1050cae2,TX,48059,2,2022-11-09T01:00:00.000Z,FIPSCode,48059,0,2022-11-11T15:06:55.307Z,8,99.0,8,100.0,58549,4769,90.61,63031,442,8.4,63506,37,0.7,63505,15,0.29,5316,99,5263,10020,8,8
1668179304,2022-11-11 09:08:24 -0600,436787deed1a57b67f7be6b232ccaed1d4d386eb,TX,48059,2,2022-11-09T01:00:00.000Z,FIPSCode,48059,0,2022-11-11T15:06:55.307Z,8,99.0,8,100.0,58549,4769,90.61,63031,442,8.4,63506,37,0.7,63505,15,0.29,5316,99,5263,10020,8,8
1668179345,2022-11-11 09:09:05 -0600,2175cca0510c72df73a3d5761a24165fc6f7aac3,TX,48059,2,2022-11-09T01:00:00.000Z,FIPSCode,48059,0,2022-11-11T15:06:55.307Z,8,99.0,8,100.0,58549,4769,90.61,63031,442,8.4,63506,37,0.7,63505,15,0.29,5316,99,5263,10020,8,8
1668179386,2022-11-11 09:09:46 -0600,222df90c9d8818b91021cf4d566d790b4ca4ff4b,TX,48059,2,2022-11-09T01:00:00.000Z,FIPSCode,48059,0,2022-11-11T15:06:55.307Z,8,99.0,8,100.0,58549,4769,90.61,63031,442,8.4,63506,37,0.7,63505,15,0.29,5316,99,5263,10020,8,8
1668179427,2022-11-11 09:10:27 -0600,194cd26cc4aac30ac4ddb3f818499b2a062aa5bd,TX,48059,2,2022-11-09T01:00:00.000Z,FIPSCode,48059,0,2022-11-11T15:06:55.307Z,8,99.0,8,100.0,58549,4769,90.61,63031,442,8.4,63506,37,0.7,63505,15,0.29,5316,99,5263,10020,8,8
1668179469,2022-11-11 09:11:09 -0600,9dc47db18448da08ccbca90b86abef5453c6b328,TX,48059,2,2022-11-09T01:00:00.000Z,FIPSCode,48059,0,2022-11-11T15:06:55.307Z,8,99.0,8,100.0,58549,4769,90.61,63031,442,8.4,63506,37,0.7,63505,15,0.29,5316,99,5263,10020,8,8
1668179509,2022-11-11 09:11:49 -0600,9d720de9d8d479f5606acc9410d8eba3478cfe3f,TX,48059,2,2022-11-09T01:00:00.000Z,FIPSCode,48059,0,2022-11-11T15:06:55.307Z,8,99.0,8,100.0,58549,4769,90.61,63031,442,8.4,63506,37,0.7,63505,15,0.29,5316,99,5263,10020,8,8
1668179551,2022-11-11 09:12:31 -0600,f37b2258cb10b3f347eb210493b2e3e4376d4549,TX,48059,2,2022-11-09T01:00:00.000Z,FIPSCode,48059,0,2022-11-11T15:06:55.307Z,8,99.0,8,100.0,58549,4769,90.61,63031,442,8.4,63506,37,0.7,63505,15,0.29,5316,99,5263,10020,8,8
1668179592,2022-11-11 09:13:12 -0600,8de74cc231931d08b270f83aef5ae20a7d753fb8,TX,48059,2,2022-11-09T01:00:00.000Z,FIPSCode,48059,0,2022-11-11T15:06:55.307Z,8,99.0,8,100.0,58549,4769,90.61,63031,442,8.4,63506,37,0.7,63505,15,0.29,5316,99,5263,10020,8,8
1668179633,2022-11-11 09:13:53 -0600,306daf9c0a75d36bf735483259b5a39ccddb8f92,TX,48059,2,2022-11-09T01:00:00.000Z,FIPSCode,48059,0,2022-11-11T15:06:55.307Z,8,99.0,8,100.0,58549,4769,90.61,63031,442,8.4,63506,37,0.7,63505,15,0.29,5316,99,5263,10020,8,8
1668179674,2022-11-11 09:14:34 -0600,a0cbd109dac0571099da976ea77b2722ee473dfa,TX,48059,2,2022-11-09T01:00:00.000Z,FIPSCode,48059,0,2022-11-11T15:06:55.307Z,8,99.0,8,100.0,58549,4769,90.61,63031,442,8.4,63506,37,0.7,63505,15,0.29,5316,99,5263,10020,8,8
1668179715,2022-11-11 09:15:15 -0600,7c163c53c80ea45d250805cfcb741b36be03f03b,TX,48059,2,2022-11-09T01:00:00.000Z,FIPSCode,48059,0,2022-11-11T15:06:55.307Z,8,99.0,8,100.0,58549,4769,90.61,63031,442,8.4,63506,37,0.7,63505,15,0.29,5316,99,5263,10020,8,8
1668179756,2022-11-11 09:15:56 -0600,7e0e7ca875f8248b13b590552be5064dc7a583ac,TX,48059,2,2022-11-09T01:00:00.000Z,FIPSCode,48059,0,2022-11-11T15:06:55.307Z,8,99.0,8,100.0,58549,4769,90.61,63031,442,8.4,63506,37,0.7,63505,15,0.29,5316,99,5263,10020,8,8
1668179796,2022-11-11 09:16:36 -0600,9ff72e3d4684e2778787f05c70fb81abf3712268,TX,48059,2,2022-11-09T01:00:00.000Z,FIPSCode,48059,0,2022-11-11T15:06:55.307Z,8,99.0,8,100.0,58549,4769,90.61,63031,442,8.4,63506,37,0.7,63505,15,0.29,5316,99,5263,10020,8,8
1668179837,2022-11-11 09:17:17 -0600,70e92ec722024a553e7b41abe26ccebd7b914190,TX,48059,2,2022-11-09T01:00:00.000Z,FIPSCode,48059,0,2022-11-11T15:06:55.307Z,8,99.0,8,100.0,58549,4769,90.61,63031,442,8.4,63506,37,0.7,63505,15,0.29,5316,99,5263,10020,8,8
1668179878,2022-11-11 09:17:58 -0600,a8d7b6272992dfbda6749af71e55efe97778997d,TX,48059,2,2022-11-09T01:00:00.000Z,FIPSCode,48059,0,2022-11-11T15:06:55.307Z,8,99.0,8,100.0,58549,4769,90.61,63031,442,8.4,63506,37,0.7,63505,15,0.29,5316,99,5263,10020,8,8
1668179919,2022-11-11 09:18:39 -0600,8070217220270613f3c0eaea9d2a45f5a5ff02e7,TX,48059,2,2022-11-09T01:00:00.000Z,FIPSCode,48059,0,2022-11-11T15:06:55.307Z,8,99.0,8,100.0,58549,4769,90.61,63031,442,8.4,63506,37,0.7,63505,15,0.29,5316,99,5263,10020,8,8
1668179960,2022-11-11 09:19:20 -0600,18bddf05c175067d45e7ec70746954a4e8d699f4,TX,48059,2,2022-11-09T01:00:00.000Z,FIPSCode,48059,0,2022-11-11T15:06:55.307Z,8,99.0,8,100.0,58549,4769,90.61,63031,442,8.4,63506,37,0.7,63505,15,0.29,5316,99,5263,10020,8,8
1668180000,2022-11-11 09:20:00 -0600,d16279b558832600eaa63d4146f24f0305ebee9a,TX,48059,2,2022-11-09T01:00:00.000Z,FIPSCode,48059,0,2022-11-11T15:06:55.307Z,8,99.0,8,100.0,58549,4769,90.61,63031,442,8.4,63506,37,0.7,63505,15,0.29,5316,99,5263,10020,8,8
1668180042,2022-11-11 09:20:42 -0600,c28a3b1b59216a1da7a7c80c8d26a98ea97536d4,TX,48059,2,2022-11-09T01:00:00.000Z,FIPSCode,48059,0,2022-11-11T15:06:55.307Z,8,99.0,8,100.0,58549,4769,90.61,63031,442,8.4,63506,37,0.7,63505,15,0.29,5316,99,5263,10020,8,8
1668180082,2022-11-11 09:21:22 -0600,4385b09357374e4694efdaa32a92fc802ea70bd7,TX,48059,2,2022-11-09T01:00:00.000Z,FIPSCode,48059,0,2022-11-11T15:06:55.307Z,8,99.0,8,100.0,58549,4769,90.61,63031,442,8.4,63506,37,0.7,63505,15,0.29,5316,99,5263,10020,8,8
1668180123,2022-11-11 09:22:03 -0600,6417519bfbb125e62fa705b9e2f44eff97527db9,TX,48059,2,2022-11-09T01:00:00.000Z,FIPSCode,48059,0,2022-11-11T15:06:55.307Z,8,99.0,8,100.0,58549,4769,90.61,63031,442,8.4,63506,37,0.7,63505,15,0.29,5316,99,5263,10020,8,8
1668180163,2022-11-11 09:22:43 -0600,c01c5f562592d72eb5cd777f602d71f30ed863a1,TX,48059,2,2022-11-09T01:00:00.000Z,FIPSCode,48059,0,2022-11-11T15:06:55.307Z,8,99.0,8,100.0,58549,4769,90.61,63031,442,8.4,63506,37,0.7,63505,15,0.29,5316,99,5263,10020,8,8
1668180205,2022-11-11 09:23:25 -0600,b1529be64c6f19c91c93998be36b97b99c123eb4,TX,48059,2,2022-11-09T01:00:00.000Z,FIPSCode,48059,0,2022-11-11T15:06:55.307Z,8,99.0,8,100.0,58549,4769,90.61,63031,442,8.4,63506,37,0.7,63505,15,0.29,5316,99,5263,10020,8,8
1668180245,2022-11-11 09:24:05 -0600,eac0ee2116ae93c7cf510b6b2959f43f504140c1,TX,48059,2,2022-11-09T01:00:00.000Z,FIPSCode,48059,0,2022-11-11T15:06:55.307Z,8,99.0,8,100.0,58549,4769,90.61,63031,442,8.4,63506,37,0.7,63505,15,0.29,5316,99,5263,10020,8,8
1668180286,2022-11-11 09:24:46 -0600,d2d62824eb743b72d990e84d1010e96843db78d3,TX,48059,2,2022-11-09T01:00:00.000Z,FIPSCode,48059,0,2022-11-11T15:06:55.307Z,8,99.0,8,100.0,58549,4769,90.61,63031,442,8.4,63506,37,0.7,63505,15,0.29,5316,99,5263,10020,8,8
1668180327,2022-11-11 09:25:27 -0600,bd34c14d742946b5f48b56bae2afd779f60b2e29,TX,48059,2,2022-11-09T01:00:00.000Z,FIPSCode,48059,0,2022-11-11T15:06:55.307Z,8,99.0,8,100.0,58549,4769,90.61,63031,442,8.4,63506,37,0.7,63505,15,0.29,5316,99,5263,10020,8,8
1668180368,2022-11-11 09:26:08 -0600,b99f4e575b99a24ea8c64954918d3b332c6e6ca2,TX,48059,2,2022-11-09T01:00:00.000Z,FIPSCode,48059,0,2022-11-11T15:06:55.307Z,8,99.0,8,100.0,58549,4769,90.61,63031,442,8.4,63506,37,0.7,63505,15,0.29,5316,99,5263,10020,8,8
1668180409,2022-11-11 09:26:49 -0600,a5b5680c8306701ea886715ef22069b51d380719,TX,48059,2,2022-11-09T01:00:00.000Z,FIPSCode,48059,0,2022-11-11T15:06:55.307Z,8,99.0,8,100.0,58549,4769,90.61,63031,442,8.4,63506,37,0.7,63505,15,0.29,5316,99,5263,10020,8,8
1668180450,2022-11-11 09:27:30 -0600,6a12622b56ff0fa7aa15371ffec94dcf393be663,TX,48059,2,2022-11-09T01:00:00.000Z,FIPSCode,48059,0,2022-11-11T15:06:55.307Z,8,99.0,8,100.0,58549,4769,90.61,63031,442,8.4,63506,37,0.7,63505,15,0.29,5316,99,5263,10020,8,8
1668180492,2022-11-11 09:28:12 -0600,06a5fd7d70e8b14eaf18cfedb6aa825af95c487b,TX,48059,2,2022-11-09T01:00:00.000Z,FIPSCode,48059,0,2022-11-11T15:06:55.307Z,8,99.0,8,100.0,58549,4769,90.61,63031,442,8.4,63506,37,0.7,63505,15,0.29,5316,99,5263,10020,8,8
1668180532,2022-11-11 09:28:52 -0600,b88f9cbec549a2831ecbf094ca4ad547397fdb37,TX,48059,2,2022-11-09T01:00:00.000Z,FIPSCode,48059,0,2022-11-11T15:28:33.550Z,8,99.0,8,100.0,58549,4769,90.61,63031,442,8.4,63506,37,0.7,63505,15,0.29,5316,99,5263,10020,8,8
1668180573,2022-11-11 09:29:33 -0600,3ca703f3fd9b3e2114cdda661cc5b89bf58ed86e,TX,48059,2,2022-11-09T01:00:00.000Z,FIPSCode,48059,0,2022-11-11T15:28:33.550Z,8,99.0,8,100.0,58549,4769,90.61,63031,442,8.4,63506,37,0.7,63505,15,0.29,5316,99,5263,10020,8,8
1668180614,2022-11-11 09:30:14 -0600,be567b0fb0a4f0a50984943843f208bfffcb746a,TX,48059,2,2022-11-09T01:00:00.000Z,FIPSCode,48059,0,2022-11-11T15:29:29.809Z,8,99.0,8,100.0,58549,4769,90.61,63031,442,8.4,63506,37,0.7,63505,15,0.29,5316,99,5263,10020,8,8
1668180656,2022-11-11 09:30:56 -0600,4cc2cca6f1774fc8120aa625d40e1dcd81d64bf9,TX,48059,2,2022-11-09T01:00:00.000Z,FIPSCode,48059,0,2022-11-11T15:29:29.809Z,8,99.0,8,100.0,58549,4769,90.61,63031,442,8.4,63506,37,0.7,63505,15,0.29,5316,99,5263,10020,8,8
1668180697,2022-11-11 09:31:37 -0600,16fae91c8d52a3363351162235f5922922ad14cd,TX,48059,2,2022-11-09T01:00:00.000Z,FIPSCode,48059,0,2022-11-11T15:30:53.160Z,8,99.0,8,100.0,58549,4769,90.61,63031,442,8.4,63506,37,0.7,63505,15,0.29,5316,99,5263,10020,8,8
1668180738,2022-11-11 09:32:18 -0600,2815304b3ec4775deba868c1d0b3dccddea6ee03,TX,48059,2,2022-11-09T01:00:00.000Z,FIPSCode,48059,0,2022-11-11T15:31:31.768Z,8,99.0,8,100.0,58549,4769,90.61,63031,442,8.4,63506,37,0.7,63505,15,0.29,5316,99,5263,10020,8,8
1668180782,2022-11-11 09:33:02 -0600,4a096e115705f19399cbdf58d73ef0d04699cfaa,TX,48059,2,2022-11-09T01:00:00.000Z,FIPSCode,48059,0,2022-11-11T15:31:31.768Z,8,99.0,8,100.0,58549,4769,90.61,63031,442,8.4,63506,37,0.7,63505,15,0.29,5316,99,5263,10020,8,8
1668180823,2022-11-11 09:33:43 -0600,ffdc566f0e4363ffe64e172fe1bd00c22340ee07,TX,48059,2,2022-11-09T01:00:00.000Z,FIPSCode,48059,0,2022-11-11T15:31:31.768Z,8,99.0,8,100.0,58549,4769,90.61,63031,442,8.4,63506,37,0.7,63505,15,0.29,5316,99,5263,10020,8,8
1668180863,2022-11-11 09:34:23 -0600,c7da835cd3d38210a82df4640a250364a01fba30,TX,48059,2,2022-11-09T01:00:00.000Z,FIPSCode,48059,0,2022-11-11T15:31:31.768Z,8,99.0,8,100.0,58549,4769,90.61,63031,442,8.4,63506,37,0.7,63505,15,0.29,5316,99,5263,10020,8,8
1668180904,2022-11-11 09:35:04 -0600,5310758b7ea61ca764f0351b3c61da16ad179219,TX,48059,2,2022-11-09T01:00:00.000Z,FIPSCode,48059,0,2022-11-11T15:31:31.768Z,8,99.0,8,100.0,58549,4769,90.61,63031,442,8.4,63506,37,0.7,63505,15,0.29,5316,99,5263,10020,8,8
1668180945,2022-11-11 09:35:45 -0600,b1a5b2fa3eb8acbca8c61eb80ece88b5f3270c00,TX,48059,2,2022-11-09T01:00:00.000Z,FIPSCode,48059,0,2022-11-11T15:31:31.768Z,8,99.0,8,100.0,58549,4769,90.61,63031,442,8.4,63506,37,0.7,63505,15,0.29,5316,99,5263,10020,8,8
1668181110,2022-11-11 09:38:30 -0600,3eccd01e4ac282881df3f4026c01b21f02d4f4cc,TX,48059,2,2022-11-09T01:00:00.000Z,FIPSCode,48059,0,2022-11-11T15:31:31.768Z,8,99.0,8,100.0,58549,4769,90.61,63031,442,8.4,63506,37,0.7,63505,15,0.29,5316,99,5263,10020,8,8
1668181153,2022-11-11 09:39:13 -0600,0ec9ea4214357e26798c091280c75905933a299b,TX,48059,2,2022-11-09T01:00:00.000Z,FIPSCode,48059,0,2022-11-11T15:31:31.768Z,8,99.0,8,100.0,58549,4769,90.61,63031,442,8.4,63506,37,0.7,63505,15,0.29,5316,99,5263,10020,8,8
1668181195,2022-11-11 09:39:55 -0600,69ee763cefb8063ab19b480e468a7fc03260b4a4,TX,48059,2,2022-11-09T01:00:00.000Z,FIPSCode,48059,0,2022-11-11T15:31:31.768Z,8,99.0,8,100.0,58549,4769,90.61,63031,442,8.4,63506,37,0.7,63505,15,0.29,5316,99,5263,10020,8,8
1668181236,2022-11-11 09:40:36 -0600,a8c3a6bb061d6acf72f3a0aab9c352c3b32d963c,TX,48059,2,2022-11-09T01:00:00.000Z,FIPSCode,48059,0,2022-11-11T15:31:31.768Z,8,99.0,8,100.0,58549,4769,90.61,63031,442,8.4,63506,37,0.7,63505,15,0.29,5316,99,5263,10020,8,8
1668181277,2022-11-11 09:41:17 -0600,7a71a5e740df68233ea8f2dda05484eb1e5e6cb0,TX,48059,2,2022-11-09T01:00:00.000Z,FIPSCode,48059,0,2022-11-11T15:31:31.768Z,8,99.0,8,100.0,58549,4769,90.61,63031,442,8.4,63506,37,0.7,63505,15,0.29,5316,99,5263,10020,8,8
1668181318,2022-11-11 09:41:58 -0600,ba03c2cb6faedb76767c1bdbb3e12f20bd2ddb01,TX,48059,2,2022-11-09T01:00:00.000Z,FIPSCode,48059,0,2022-11-11T15:31:31.768Z,8,99.0,8,100.0,58549,4769,90.61,63031,442,8.4,63506,37,0.7,63505,15,0.29,5316,99,5263,10020,8,8
1668181360,2022-11-11 09:42:40 -0600,ef161b894b500d39c06bee4d864cd4ef79b9bb43,TX,48059,2,2022-11-09T01:00:00.000Z,FIPSCode,48059,0,2022-11-11T15:31:31.768Z,8,99.0,8,100.0,58549,4769,90.61,63031,442,8.4,63506,37,0.7,63505,15,0.29,5316,99,5263,10020,8,8
1668181402,2022-11-11 09:43:22 -0600,48fee573aa49aa189737a9e90c30e664e85f11f7,TX,48059,2,2022-11-09T01:00:00.000Z,FIPSCode,48059,0,2022-11-11T15:31:31.768Z,8,99.0,8,100.0,58549,4769,90.61,63031,442,8.4,63506,37,0.7,63505,15,0.29,5316,99,5263,10020,8,8
1668181444,2022-11-11 09:44:04 -0600,0e87d6d9837fdb245461dc6871697b803f795172,TX,48059,2,2022-11-09T01:00:00.000Z,FIPSCode,48059,0,2022-11-11T15:31:31.768Z,8,99.0,8,100.0,58549,4769,90.61,63031,442,8.4,63506,37,0.7,63505,15,0.29,5316,99,5263,10020,8,8
1668181485,2022-11-11 09:44:45 -0600,470aaa9e8c3a6d6dd1e97a2c15e3d5e3c74f1cc5,TX,48059,2,2022-11-09T01:00:00.000Z,FIPSCode,48059,0,2022-11-11T15:31:31.768Z,8,99.0,8,100.0,58549,4769,90.61,63031,442,8.4,63506,37,0.7,63505,15,0.29,5316,99,5263,10020,8,8
1668181527,2022-11-11 09:45:27 -0600,c95d1ad74de38d8311c3090f31ce48b45e922ddc,TX,48059,2,2022-11-09T01:00:00.000Z,FIPSCode,48059,0,2022-11-11T15:31:31.768Z,8,99.0,8,100.0,58549,4769,90.61,63031,442,8.4,63506,37,0.7,63505,15,0.29,5316,99,5263,10020,8,8
1668181568,2022-11-11 09:46:08 -0600,67cec2b6ab21855d68126d1720683f5340e83cad,TX,48059,2,2022-11-09T01:00:00.000Z,FIPSCode,48059,0,2022-11-11T15:31:31.768Z,8,99.0,8,100.0,58549,4769,90.61,63031,442,8.4,63506,37,0.7,63505,15,0.29,5316,99,5263,10020,8,8
1668181610,2022-11-11 09:46:50 -0600,2d31fa69d869c93e62526aa1d95325475e9bc878,TX,48059,2,2022-11-09T01:00:00.000Z,FIPSCode,48059,0,2022-11-11T15:31:31.768Z,8,99.0,8,100.0,58549,4769,90.61,63031,442,8.4,63506,37,0.7,63505,15,0.29,5316,99,5263,10020,8,8
1668181653,2022-11-11 09:47:33 -0600,3528e8470cb4ea188519b1c33bf31e6dfb6b8dcc,TX,48059,2,2022-11-09T01:00:00.000Z,FIPSCode,48059,0,2022-11-11T15:31:31.768Z,8,99.0,8,100.0,58549,4769,90.61,63031,442,8.4,63506,37,0.7,63505,15,0.29,5316,99,5263,10020,8,8
1668181694,2022-11-11 09:48:14 -0600,80c06d2b9ec6a417791c2b2fc3a93425dac1214f,TX,48059,2,2022-11-09T01:00:00.000Z,FIPSCode,48059,0,2022-11-11T15:31:31.768Z,8,99.0,8,100.0,58549,4769,90.61,63031,442,8.4,63506,37,0.7,63505,15,0.29,5316,99,5263,10020,8,8
1668181735,2022-11-11 09:48:55 -0600,7043feb8f4d928bd0ce6176f2dd3e9b511434e4b,TX,48059,2,2022-11-09T01:00:00.000Z,FIPSCode,48059,0,2022-11-11T15:31:31.768Z,8,99.0,8,100.0,58549,4769,90.61,63031,442,8.4,63506,37,0.7,63505,15,0.29,5316,99,5263,10020,8,8
1668181777,2022-11-11 09:49:37 -0600,303a16ef0f8374d85b50c223cdb3a89b5b1c8193,TX,48059,2,2022-11-09T01:00:00.000Z,FIPSCode,48059,0,2022-11-11T15:31:31.768Z,8,99.0,8,100.0,58549,4769,90.61,63031,442,8.4,63506,37,0.7,63505,15,0.29,5316,99,5263,10020,8,8
1668181818,2022-11-11 09:50:18 -0600,27f076226f992daceeaa13e49082bb343988f0e8,TX,48059,2,2022-11-09T01:00:00.000Z,FIPSCode,48059,0,2022-11-11T15:31:31.768Z,8,99.0,8,100.0,58549,4769,90.61,63031,442,8.4,63506,37,0.7,63505,15,0.29,5316,99,5263,10020,8,8
1668181859,2022-11-11 09:50:59 -0600,0857419ae2b4c640985d9bf49b08f4d37244c7b4,TX,48059,2,2022-11-09T01:00:00.000Z,FIPSCode,48059,0,2022-11-11T15:31:31.768Z,8,99.0,8,100.0,58549,4769,90.61,63031,442,8.4,63506,37,0.7,63505,15,0.29,5316,99,5263,10020,8,8
1668181902,2022-11-11 09:51:42 -0600,2671955351ad8cb648c05dfa82a588d8b58ffdcb,TX,48059,2,2022-11-09T01:00:00.000Z,FIPSCode,48059,0,2022-11-11T15:31:31.768Z,8,99.0,8,100.0,58549,4769,90.61,63031,442,8.4,63506,37,0.7,63505,15,0.29,5316,99,5263,10020,8,8
1668181943,2022-11-11 09:52:23 -0600,48ddc68ac03031805a83573ce6bc3b7398847fcf,TX,48059,2,2022-11-09T01:00:00.000Z,FIPSCode,48059,0,2022-11-11T15:31:31.768Z,8,99.0,8,100.0,58549,4769,90.61,63031,442,8.4,63506,37,0.7,63505,15,0.29,5316,99,5263,10020,8,8
1668181984,2022-11-11 09:53:04 -0600,d3372b76d8f336fd9af4fceef63ed3a0ab0d7606,TX,48059,2,2022-11-09T01:00:00.000Z,FIPSCode,48059,0,2022-11-11T15:31:31.768Z,8,99.0,8,100.0,58549,4769,90.61,63031,442,8.4,63506,37,0.7,63505,15,0.29,5316,99,5263,10020,8,8
1668182025,2022-11-11 09:53:45 -0600,29381ddcb2fa611294688b09121a80ffeeccf8ca,TX,48059,2,2022-11-09T01:00:00.000Z,FIPSCode,48059,0,2022-11-11T15:31:31.768Z,8,99.0,8,100.0,58549,4769,90.61,63031,442,8.4,63506,37,0.7,63505,15,0.29,5316,99,5263,10020,8,8
1668182065,2022-11-11 09:54:25 -0600,8a868525a4027aada2f0ef2c1edf3cab4866657f,TX,48059,2,2022-11-09T01:00:00.000Z,FIPSCode,48059,0,2022-11-11T15:31:31.768Z,8,99.0,8,100.0,58549,4769,90.61,63031,442,8.4,63506,37,0.7,63505,15,0.29,5316,99,5263,10020,8,8
1668182107,2022-11-11 09:55:07 -0600,ad19d0c24734475db461dd1e9c7369f51b6d28e0,TX,48059,2,2022-11-09T01:00:00.000Z,FIPSCode,48059,0,2022-11-11T15:31:31.768Z,8,99.0,8,100.0,58549,4769,90.61,63031,442,8.4,63506,37,0.7,63505,15,0.29,5316,99,5263,10020,8,8
1668182147,2022-11-11 09:55:47 -0600,b0d280ad0e3c19041a1fbf8b58c6e5a8d599e0d1,TX,48059,2,2022-11-09T01:00:00.000Z,FIPSCode,48059,0,2022-11-11T15:31:31.768Z,8,99.0,8,100.0,58549,4769,90.61,63031,442,8.4,63506,37,0.7,63505,15,0.29,5316,99,5263,10020,8,8
1668182189,2022-11-11 09:56:29 -0600,f0ed422a5f3dbd4472799c378cab6cc754b89486,TX,48059,2,2022-11-09T01:00:00.000Z,FIPSCode,48059,0,2022-11-11T15:31:31.768Z,8,99.0,8,100.0,58549,4769,90.61,63031,442,8.4,63506,37,0.7,63505,15,0.29,5316,99,5263,10020,8,8
1668182231,2022-11-11 09:57:11 -0600,0c2d8f53ab3d6e85e54d1fbfcdaef9c588be9a7f,TX,48059,2,2022-11-09T01:00:00.000Z,FIPSCode,48059,0,2022-11-11T15:31:31.768Z,8,99.0,8,100.0,58549,4769,90.61,63031,442,8.4,63506,37,0.7,63505,15,0.29,5316,99,5263,10020,8,8
1668182272,2022-11-11 09:57:52 -0600,261ca8c9157c78be84ebe5540d6762f3a0c8cc97,TX,48059,2,2022-11-09T01:00:00.000Z,FIPSCode,48059,0,2022-11-11T15:31:31.768Z,8,99.0,8,100.0,58549,4769,90.61,63031,442,8.4,63506,37,0.7,63505,15,0.29,5316,99,5263,10020,8,8
1668182315,2022-11-11 09:58:35 -0600,e65c2b148db54691591dd91f165eb85030c11048,TX,48059,2,2022-11-09T01:00:00.000Z,FIPSCode,48059,0,2022-11-11T15:31:31.768Z,8,99.0,8,100.0,58549,4769,90.61,63031,442,8.4,63506,37,0.7,63505,15,0.29,5316,99,5263,10020,8,8
1668182355,2022-11-11 09:59:15 -0600,2ecb89a8be3d5cfde7041ffb813d33630f8077de,TX,48059,2,2022-11-09T01:00:00.000Z,FIPSCode,48059,0,2022-11-11T15:31:31.768Z,8,99.0,8,100.0,58549,4769,90.61,63031,442,8.4,63506,37,0.7,63505,15,0.29,5316,99,5263,10020,8,8
1668182396,2022-11-11 09:59:56 -0600,0032f3df5403176190aef5fe46a719cf98c5f03a,TX,48059,2,2022-11-09T01:00:00.000Z,FIPSCode,48059,0,2022-11-11T15:31:31.768Z,8,99.0,8,100.0,58549,4769,90.61,63031,442,8.4,63506,37,0.7,63505,15,0.29,5316,99,5263,10020,8,8
1668182438,2022-11-11 10:00:38 -0600,156aa259f7755d5a635c314a5ee5d709d5dd339d,TX,48059,2,2022-11-09T01:00:00.000Z,FIPSCode,48059,0,2022-11-11T15:31:31.768Z,8,99.0,8,100.0,58549,4769,90.61,63031,442,8.4,63506,37,0.7,63505,15,0.29,5316,99,5263,10020,8,8
1668182480,2022-11-11 10:01:20 -0600,33209325a63f96d5dfdbffb17591f937230dd20d,TX,48059,2,2022-11-09T01:00:00.000Z,FIPSCode,48059,0,2022-11-11T15:31:31.768Z,8,99.0,8,100.0,58549,4769,90.61,63031,442,8.4,63506,37,0.7,63505,15,0.29,5316,99,5263,10020,8,8
1668182522,2022-11-11 10:02:02 -0600,1195dfe9a7c2870853cdaf816d25c0535d383812,TX,48059,2,2022-11-09T01:00:00.000Z,FIPSCode,48059,0,2022-11-11T15:31:31.768Z,8,99.0,8,100.0,58549,4769,90.61,63031,442,8.4,63506,37,0.7,63505,15,0.29,5316,99,5263,10020,8,8
1668182563,2022-11-11 10:02:43 -0600,e5dab5442efd954b4bd7b7830875faa7241021b0,TX,48059,2,2022-11-09T01:00:00.000Z,FIPSCode,48059,0,2022-11-11T15:31:31.768Z,8,99.0,8,100.0,58549,4769,90.61,63031,442,8.4,63506,37,0.7,63505,15,0.29,5316,99,5263,10020,8,8
1668182604,2022-11-11 10:03:24 -0600,c1d69b77d6aaedf6da323073eb14d271f5e519e1,TX,48059,2,2022-11-09T01:00:00.000Z,FIPSCode,48059,0,2022-11-11T15:31:31.768Z,8,99.0,8,100.0,58549,4769,90.61,63031,442,8.4,63506,37,0.7,63505,15,0.29,5316,99,5263,10020,8,8
1668182646,2022-11-11 10:04:06 -0600,88e19ba73a40577842d4b11ed4169485a1b314aa,TX,48059,2,2022-11-09T01:00:00.000Z,FIPSCode,48059,0,2022-11-11T15:31:31.768Z,8,99.0,8,100.0,58549,4769,90.61,63031,442,8.4,63506,37,0.7,63505,15,0.29,5316,99,5263,10020,8,8
1668182687,2022-11-11 10:04:47 -0600,139f970129b406824266bd371b4360c6737e3aed,TX,48059,2,2022-11-09T01:00:00.000Z,FIPSCode,48059,0,2022-11-11T15:31:31.768Z,8,99.0,8,100.0,58549,4769,90.61,63031,442,8.4,63506,37,0.7,63505,15,0.29,5316,99,5263,10020,8,8
1668182729,2022-11-11 10:05:29 -0600,a756eb61f1bfc9eec44ff4fe68b6669a7e00cfdc,TX,48059,2,2022-11-09T01:00:00.000Z,FIPSCode,48059,0,2022-11-11T15:31:31.768Z,8,99.0,8,100.0,58549,4769,90.61,63031,442,8.4,63506,37,0.7,63505,15,0.29,5316,99,5263,10020,8,8
1668182771,2022-11-11 10:06:11 -0600,f65b52ab6ab7a1b0ea2bd2cd32eea12d60f79218,TX,48059,2,2022-11-09T01:00:00.000Z,FIPSCode,48059,0,2022-11-11T15:31:31.768Z,8,99.0,8,100.0,58549,4769,90.61,63031,442,8.4,63506,37,0.7,63505,15,0.29,5316,99,5263,10020,8,8
1668182812,2022-11-11 10:06:52 -0600,ce21390aa977ff8e9ccee0ebd5e63a02e4069afd,TX,48059,2,2022-11-09T01:00:00.000Z,FIPSCode,48059,0,2022-11-11T15:31:31.768Z,8,99.0,8,100.0,58549,4769,90.61,63031,442,8.4,63506,37,0.7,63505,15,0.29,5316,99,5263,10020,8,8
1668182853,2022-11-11 10:07:33 -0600,addb0ecbd1ba4ffe0e54f40b1d424ee743548479,TX,48059,2,2022-11-09T01:00:00.000Z,FIPSCode,48059,0,2022-11-11T15:31:31.768Z,8,99.0,8,100.0,58549,4769,90.61,63031,442,8.4,63506,37,0.7,63505,15,0.29,5316,99,5263,10020,8,8
1668182894,2022-11-11 10:08:14 -0600,6084cad39e02e846a559e87c0d1b1dbd3365a4f9,TX,48059,2,2022-11-09T01:00:00.000Z,FIPSCode,48059,0,2022-11-11T15:31:31.768Z,8,99.0,8,100.0,58549,4769,90.61,63031,442,8.4,63506,37,0.7,63505,15,0.29,5316,99,5263,10020,8,8
1668182935,2022-11-11 10:08:55 -0600,f5d5b62c3c944a72130f6d6d92e990d069ca92a3,TX,48059,2,2022-11-09T01:00:00.000Z,FIPSCode,48059,0,2022-11-11T15:31:31.768Z,8,99.0,8,100.0,58549,4769,90.61,63031,442,8.4,63506,37,0.7,63505,15,0.29,5316,99,5263,10020,8,8
1668182976,2022-11-11 10:09:36 -0600,f744460d50c2fe00d219861492c8be311c57993d,TX,48059,2,2022-11-09T01:00:00.000Z,FIPSCode,48059,0,2022-11-11T15:31:31.768Z,8,99.0,8,100.0,58549,4769,90.61,63031,442,8.4,63506,37,0.7,63505,15,0.29,5316,99,5263,10020,8,8
1668183017,2022-11-11 10:10:17 -0600,c89901d70244e444030fe4e4c669cb293dcdfe75,TX,48059,2,2022-11-09T01:00:00.000Z,FIPSCode,48059,0,2022-11-11T15:31:31.768Z,8,99.0,8,100.0,58549,4769,90.61,63031,442,8.4,63506,37,0.7,63505,15,0.29,5316,99,5263,10020,8,8
1668183058,2022-11-11 10:10:58 -0600,2626d883d46c48e2bf2dd6fbe9980a3a0ac7a98b,TX,48059,2,2022-11-09T01:00:00.000Z,FIPSCode,48059,0,2022-11-11T15:31:31.768Z,8,99.0,8,100.0,58549,4769,90.61,63031,442,8.4,63506,37,0.7,63505,15,0.29,5316,99,5263,10020,8,8
1668183099,2022-11-11 10:11:39 -0600,327bb72e5767051251f46a442553c093487271d4,TX,48059,2,2022-11-09T01:00:00.000Z,FIPSCode,48059,0,2022-11-11T15:31:31.768Z,8,99.0,8,100.0,58549,4769,90.61,63031,442,8.4,63506,37,0.7,63505,15,0.29,5316,99,5263,10020,8,8
1668183142,2022-11-11 10:12:22 -0600,4f2c6dbe6b6285973a051e50ea1fe8eb63bcc921,TX,48059,2,2022-11-09T01:00:00.000Z,FIPSCode,48059,0,2022-11-11T15:31:31.768Z,8,99.0,8,100.0,58549,4769,90.61,63031,442,8.4,63506,37,0.7,63505,15,0.29,5316,99,5263,10020,8,8
1668183184,2022-11-11 10:13:04 -0600,67548459607f883ae93427a196cd78487cc5c6bb,TX,48059,2,2022-11-09T01:00:00.000Z,FIPSCode,48059,0,2022-11-11T15:31:31.768Z,8,99.0,8,100.0,58549,4769,90.61,63031,442,8.4,63506,37,0.7,63505,15,0.29,5316,99,5263,10020,8,8
1668183227,2022-11-11 10:13:47 -0600,86d49d43e324ec1d8e7a56b0c96159b4eb59ea23,TX,48059,2,2022-11-09T01:00:00.000Z,FIPSCode,48059,0,2022-11-11T15:31:31.768Z,8,99.0,8,100.0,58549,4769,90.61,63031,442,8.4,63506,37,0.7,63505,15,0.29,5316,99,5263,10020,8,8
1668183268,2022-11-11 10:14:28 -0600,3babac0a3f90aa21ae949f9a9ef189bd3d37f9c1,TX,48059,2,2022-11-09T01:00:00.000Z,FIPSCode,48059,0,2022-11-11T15:31:31.768Z,8,99.0,8,100.0,58549,4769,90.61,63031,442,8.4,63506,37,0.7,63505,15,0.29,5316,99,5263,10020,8,8
1668183309,2022-11-11 10:15:09 -0600,14a8aab15299aabc7ca897def37fb294d73221f2,TX,48059,2,2022-11-09T01:00:00.000Z,FIPSCode,48059,0,2022-11-11T15:31:31.768Z,8,99.0,8,100.0,58549,4769,90.61,63031,442,8.4,63506,37,0.7,63505,15,0.29,5316,99,5263,10020,8,8
1668183352,2022-11-11 10:15:52 -0600,a2d8a11e3123c236f36f07b7b9fd7472f9dd28cd,TX,48059,2,2022-11-09T01:00:00.000Z,FIPSCode,48059,0,2022-11-11T15:31:31.768Z,8,99.0,8,100.0,58549,4769,90.61,63031,442,8.4,63506,37,0.7,63505,15,0.29,5316,99,5263,10020,8,8
1668183393,2022-11-11 10:16:33 -0600,9c59ec95506dcf948602e9b811b995c3949cb1f3,TX,48059,2,2022-11-09T01:00:00.000Z,FIPSCode,48059,0,2022-11-11T15:31:31.768Z,8,99.0,8,100.0,58549,4769,90.61,63031,442,8.4,63506,37,0.7,63505,15,0.29,5316,99,5263,10020,8,8
1668183436,2022-11-11 10:17:16 -0600,82cc4ca6d85f78dfda33d672407a716a60e7255b,TX,48059,2,2022-11-09T01:00:00.000Z,FIPSCode,48059,0,2022-11-11T15:31:31.768Z,8,99.0,8,100.0,58549,4769,90.61,63031,442,8.4,63506,37,0.7,63505,15,0.29,5316,99,5263,10020,8,8
1668183478,2022-11-11 10:17:58 -0600,07a10653594a63ca2ed704c7dbe36098659bbd70,TX,48059,2,2022-11-09T01:00:00.000Z,FIPSCode,48059,0,2022-11-11T15:31:31.768Z,8,99.0,8,100.0,58549,4769,90.61,63031,442,8.4,63506,37,0.7,63505,15,0.29,5316,99,5263,10020,8,8
1668183518,2022-11-11 10:18:38 -0600,5a0fb0f8df4b1143daef314d9f887280515d63b8,TX,48059,2,2022-11-09T01:00:00.000Z,FIPSCode,48059,0,2022-11-11T15:31:31.768Z,8,99.0,8,100.0,58549,4769,90.61,63031,442,8.4,63506,37,0.7,63505,15,0.29,5316,99,5263,10020,8,8
1668183560,2022-11-11 10:19:20 -0600,1663057a622df8c74b7b870a7fa5374d1df33338,TX,48059,2,2022-11-09T01:00:00.000Z,FIPSCode,48059,0,2022-11-11T15:31:31.768Z,8,99.0,8,100.0,58549,4769,90.61,63031,442,8.4,63506,37,0.7,63505,15,0.29,5316,99,5263,10020,8,8
1668183601,2022-11-11 10:20:01 -0600,8be5254bf46598509eb87b8902815463a4a9ac1a,TX,48059,2,2022-11-09T01:00:00.000Z,FIPSCode,48059,0,2022-11-11T15:31:31.768Z,8,99.0,8,100.0,58549,4769,90.61,63031,442,8.4,63506,37,0.7,63505,15,0.29,5316,99,5263,10020,8,8
1668183643,2022-11-11 10:20:43 -0600,1838449afe6790965feb745343aaeb9e478cc38c,TX,48059,2,2022-11-09T01:00:00.000Z,FIPSCode,48059,0,2022-11-11T15:31:31.768Z,8,99.0,8,100.0,58549,4769,90.61,63031,442,8.4,63506,37,0.7,63505,15,0.29,5316,99,5263,10020,8,8
1668183684,2022-11-11 10:21:24 -0600,860293752e57a85502432b54029bf61909bf0262,TX,48059,2,2022-11-09T01:00:00.000Z,FIPSCode,48059,0,2022-11-11T15:31:31.768Z,8,99.0,8,100.0,58549,4769,90.61,63031,442,8.4,63506,37,0.7,63505,15,0.29,5316,99,5263,10020,8,8
1668183726,2022-11-11 10:22:06 -0600,c554c92d26e441014cd475c18b93cf98e6f819be,TX,48059,2,2022-11-09T01:00:00.000Z,FIPSCode,48059,0,2022-11-11T15:31:31.768Z,8,99.0,8,100.0,58549,4769,90.61,63031,442,8.4,63506,37,0.7,63505,15,0.29,5316,99,5263,10020,8,8
1668183767,2022-11-11 10:22:47 -0600,4c5ba08c3c1b222a9d976a04c14fa0a97c0fbf76,TX,48059,2,2022-11-09T01:00:00.000Z,FIPSCode,48059,0,2022-11-11T15:31:31.768Z,8,99.0,8,100.0,58549,4769,90.61,63031,442,8.4,63506,37,0.7,63505,15,0.29,5316,99,5263,10020,8,8
1668183808,2022-11-11 10:23:28 -0600,2c91f7e3185d6684fc0b63e8f3bdc504162b953f,TX,48059,2,2022-11-09T01:00:00.000Z,FIPSCode,48059,0,2022-11-11T15:31:31.768Z,8,99.0,8,100.0,58549,4769,90.61,63031,442,8.4,63506,37,0.7,63505,15,0.29,5316,99,5263,10020,8,8
1668183850,2022-11-11 10:24:10 -0600,e78deb3d60671ee6b24b26528bbafc687c08e9f3,TX,48059,2,2022-11-09T01:00:00.000Z,FIPSCode,48059,0,2022-11-11T15:31:31.768Z,8,99.0,8,100.0,58549,4769,90.61,63031,442,8.4,63506,37,0.7,63505,15,0.29,5316,99,5263,10020,8,8
1668183893,2022-11-11 10:24:53 -0600,c667624b752a49acdf6735835db397aae5259293,TX,48059,2,2022-11-09T01:00:00.000Z,FIPSCode,48059,0,2022-11-11T15:31:31.768Z,8,99.0,8,100.0,58549,4769,90.61,63031,442,8.4,63506,37,0.7,63505,15,0.29,5316,99,5263,10020,8,8
1668183934,2022-11-11 10:25:34 -0600,64f20aa7754cb53d308f76d7945d0da387f7abd1,TX,48059,2,2022-11-09T01:00:00.000Z,FIPSCode,48059,0,2022-11-11T15:31:31.768Z,8,99.0,8,100.0,58549,4769,90.61,63031,442,8.4,63506,37,0.7,63505,15,0.29,5316,99,5263,10020,8,8
1668183974,2022-11-11 10:26:14 -0600,d1b095ee5e2c514194311462d8b4513f75c21498,TX,48059,2,2022-11-09T01:00:00.000Z,FIPSCode,48059,0,2022-11-11T15:31:31.768Z,8,99.0,8,100.0,58549,4769,90.61,63031,442,8.4,63506,37,0.7,63505,15,0.29,5316,99,5263,10020,8,8
1668184014,2022-11-11 10:26:54 -0600,e4969cb9edcab698b73b423e884c40dd56c13fd1,TX,48059,2,2022-11-09T01:00:00.000Z,FIPSCode,48059,0,2022-11-11T15:31:31.768Z,8,99.0,8,100.0,58549,4769,90.61,63031,442,8.4,63506,37,0.7,63505,15,0.29,5316,99,5263,10020,8,8
1668184055,2022-11-11 10:27:35 -0600,be74aeda962ca4614d99eec2c03f9d55c69349bd,TX,48059,2,2022-11-09T01:00:00.000Z,FIPSCode,48059,0,2022-11-11T15:31:31.768Z,8,99.0,8,100.0,58549,4769,90.61,63031,442,8.4,63506,37,0.7,63505,15,0.29,5316,99,5263,10020,8,8
1668184095,2022-11-11 10:28:15 -0600,2ebd100a74cc748f9de114dd7e9ff221d25a4dca,TX,48059,2,2022-11-09T01:00:00.000Z,FIPSCode,48059,0,2022-11-11T15:31:31.768Z,8,99.0,8,100.0,58549,4769,90.61,63031,442,8.4,63506,37,0.7,63505,15,0.29,5316,99,5263,10020,8,8
1668184135,2022-11-11 10:28:55 -0600,19e8e1555a9c45dc1c9c0a6e970d881d317a39b3,TX,48059,2,2022-11-09T01:00:00.000Z,FIPSCode,48059,0,2022-11-11T15:31:31.768Z,8,99.0,8,100.0,58549,4769,90.61,63031,442,8.4,63506,37,0.7,63505,15,0.29,5316,99,5263,10020,8,8
1668184177,2022-11-11 10:29:37 -0600,6a249dfd0d029f5da6665c4843d05a9e6c2480a4,TX,48059,2,2022-11-09T01:00:00.000Z,FIPSCode,48059,0,2022-11-11T15:31:31.768Z,8,99.0,8,100.0,58549,4769,90.61,63031,442,8.4,63506,37,0.7,63505,15,0.29,5316,99,5263,10020,8,8
1668184218,2022-11-11 10:30:18 -0600,4c08f62857281c09e5a11f26938019644aafbf30,TX,48059,2,2022-11-09T01:00:00.000Z,FIPSCode,48059,0,2022-11-11T15:31:31.768Z,8,99.0,8,100.0,58549,4769,90.61,63031,442,8.4,63506,37,0.7,63505,15,0.29,5316,99,5263,10020,8,8
1668184259,2022-11-11 10:30:59 -0600,1f54711e518ad9b6b167e25b3da9311206948e1a,TX,48059,2,2022-11-09T01:00:00.000Z,FIPSCode,48059,0,2022-11-11T15:31:31.768Z,8,99.0,8,100.0,58549,4769,90.61,63031,442,8.4,63506,37,0.7,63505,15,0.29,5316,99,5263,10020,8,8
1668184301,2022-11-11 10:31:41 -0600,2b15c1344a6466be858ac31b8f0a5069de91e290,TX,48059,2,2022-11-09T01:00:00.000Z,FIPSCode,48059,0,2022-11-11T15:31:31.768Z,8,99.0,8,100.0,58549,4769,90.61,63031,442,8.4,63506,37,0.7,63505,15,0.29,5316,99,5263,10020,8,8
1668184341,2022-11-11 10:32:21 -0600,a1da1056a6cf20e9fa19b1ce39f093b68a634927,TX,48059,2,2022-11-09T01:00:00.000Z,FIPSCode,48059,0,2022-11-11T16:31:51.493Z,8,99.0,8,100.0,58549,4769,90.61,63031,442,8.4,63506,37,0.7,63505,15,0.29,5316,99,5263,10020,8,8
1668184383,2022-11-11 10:33:03 -0600,c22843dac059dfa9dee94abee48d8dadd227d1c2,TX,48059,2,2022-11-09T01:00:00.000Z,FIPSCode,48059,0,2022-11-11T16:31:51.493Z,8,99.0,8,100.0,58549,4769,90.61,63031,442,8.4,63506,37,0.7,63505,15,0.29,5316,99,5263,10020,8,8
1668184423,2022-11-11 10:33:43 -0600,0ed8ec1ff175398053045e86b35836ed8dddd412,TX,48059,2,2022-11-09T01:00:00.000Z,FIPSCode,48059,0,2022-11-11T16:31:51.493Z,8,99.0,8,100.0,58549,4769,90.61,63031,442,8.4,63506,37,0.7,63505,15,0.29,5316,99,5263,10020,8,8
1668184465,2022-11-11 10:34:25 -0600,5f5c1cbb1120ddf77040ad4e7f52f32a768369a4,TX,48059,2,2022-11-09T01:00:00.000Z,FIPSCode,48059,0,2022-11-11T16:31:51.493Z,8,99.0,8,100.0,58549,4769,90.61,63031,442,8.4,63506,37,0.7,63505,15,0.29,5316,99,5263,10020,8,8
1668184505,2022-11-11 10:35:05 -0600,80fa8051067f89034a46f5f0cad63c4d11dc133f,TX,48059,2,2022-11-09T01:00:00.000Z,FIPSCode,48059,0,2022-11-11T16:31:51.493Z,8,99.0,8,100.0,58549,4769,90.61,63031,442,8.4,63506,37,0.7,63505,15,0.29,5316,99,5263,10020,8,8
1668184547,2022-11-11 10:35:47 -0600,39016b65b8c8d2cda3df256400ffa40078844b79,TX,48059,2,2022-11-09T01:00:00.000Z,FIPSCode,48059,0,2022-11-11T16:31:51.493Z,8,99.0,8,100.0,58549,4769,90.61,63031,442,8.4,63506,37,0.7,63505,15,0.29,5316,99,5263,10020,8,8
1668184587,2022-11-11 10:36:27 -0600,35219587bc59a715cf36b1f491d60c45c7008510,TX,48059,2,2022-11-09T01:00:00.000Z,FIPSCode,48059,0,2022-11-11T16:31:51.493Z,8,99.0,8,100.0,58549,4769,90.61,63031,442,8.4,63506,37,0.7,63505,15,0.29,5316,99,5263,10020,8,8
1668184629,2022-11-11 10:37:09 -0600,9b8295d8b3e61293cd5de14044ce611a342286f3,TX,48059,2,2022-11-09T01:00:00.000Z,FIPSCode,48059,0,2022-11-11T16:31:51.493Z,8,99.0,8,100.0,58549,4769,90.61,63031,442,8.4,63506,37,0.7,63505,15,0.29,5316,99,5263,10020,8,8
1668184670,2022-11-11 10:37:50 -0600,a83fd539522b7e2c5c5e6d83c4cafca3ba9d3d3c,TX,48059,2,2022-11-09T01:00:00.000Z,FIPSCode,48059,0,2022-11-11T16:31:51.493Z,8,99.0,8,100.0,58549,4769,90.61,63031,442,8.4,63506,37,0.7,63505,15,0.29,5316,99,5263,10020,8,8
1668184712,2022-11-11 10:38:32 -0600,03685041bb63e36bbfe7dd9e8c78bd954f166523,TX,48059,2,2022-11-09T01:00:00.000Z,FIPSCode,48059,0,2022-11-11T16:31:51.493Z,8,99.0,8,100.0,58549,4769,90.61,63031,442,8.4,63506,37,0.7,63505,15,0.29,5316,99,5263,10020,8,8
1668184752,2022-11-11 10:39:12 -0600,5a085593ec5a327b5369e55b6c29130697650dac,TX,48059,2,2022-11-09T01:00:00.000Z,FIPSCode,48059,0,2022-11-11T16:31:51.493Z,8,99.0,8,100.0,58549,4769,90.61,63031,442,8.4,63506,37,0.7,63505,15,0.29,5316,99,5263,10020,8,8
1668184794,2022-11-11 10:39:54 -0600,cd78833b512a4a0a3705b1bd3abe929847fa0df6,TX,48059,2,2022-11-09T01:00:00.000Z,FIPSCode,48059,0,2022-11-11T16:31:51.493Z,8,99.0,8,100.0,58549,4769,90.61,63031,442,8.4,63506,37,0.7,63505,15,0.29,5316,99,5263,10020,8,8
1668184835,2022-11-11 10:40:35 -0600,4ec3803a8a9092fff3fa7173170f660c803cff43,TX,48059,2,2022-11-09T01:00:00.000Z,FIPSCode,48059,0,2022-11-11T16:31:51.493Z,8,99.0,8,100.0,58549,4769,90.61,63031,442,8.4,63506,37,0.7,63505,15,0.29,5316,99,5263,10020,8,8
1668184875,2022-11-11 10:41:15 -0600,93f6933d90bf63d8794c109d4cb0f466c6fd1755,TX,48059,2,2022-11-09T01:00:00.000Z,FIPSCode,48059,0,2022-11-11T16:31:51.493Z,8,99.0,8,100.0,58549,4769,90.61,63031,442,8.4,63506,37,0.7,63505,15,0.29,5316,99,5263,10020,8,8
1668184917,2022-11-11 10:41:57 -0600,a87e487687ee012b01db44c5bb053a16f7e3be93,TX,48059,2,2022-11-09T01:00:00.000Z,FIPSCode,48059,0,2022-11-11T16:31:51.493Z,8,99.0,8,100.0,58549,4769,90.61,63031,442,8.4,63506,37,0.7,63505,15,0.29,5316,99,5263,10020,8,8
1668185086,2022-11-11 10:44:46 -0600,7301c3d7bffac150ceef02ff62c444edf7fad497,TX,48059,2,2022-11-09T01:00:00.000Z,FIPSCode,48059,0,2022-11-11T16:31:51.493Z,8,99.0,8,100.0,58549,4769,90.61,63031,442,8.4,63506,37,0.7,63505,15,0.29,5316,99,5263,10020,8,8
1668185127,2022-11-11 10:45:27 -0600,38056fd57632aa84b6a9ead29413d67097dc2636,TX,48059,2,2022-11-09T01:00:00.000Z,FIPSCode,48059,0,2022-11-11T16:31:51.493Z,8,99.0,8,100.0,58549,4769,90.61,63031,442,8.4,63506,37,0.7,63505,15,0.29,5316,99,5263,10020,8,8
1668185168,2022-11-11 10:46:08 -0600,bf01c15e2f7567c6413d7b7fe464659df5cfbc7e,TX,48059,2,2022-11-09T01:00:00.000Z,FIPSCode,48059,0,2022-11-11T16:31:51.493Z,8,99.0,8,100.0,58549,4769,90.61,63031,442,8.4,63506,37,0.7,63505,15,0.29,5316,99,5263,10020,8,8
1668185210,2022-11-11 10:46:50 -0600,8bd949c682fdfd196c58f3529ad786ba854a8ca4,TX,48059,2,2022-11-09T01:00:00.000Z,FIPSCode,48059,0,2022-11-11T16:31:51.493Z,8,99.0,8,100.0,58549,4769,90.61,63031,442,8.4,63506,37,0.7,63505,15,0.29,5316,99,5263,10020,8,8
1668199147,2022-11-11 14:39:07 -0600,3f8303c968eab326034da8bc860b91f6afe1ecd1,TX,48059,2,2022-11-09T01:00:00.000Z,FIPSCode,48059,0,2022-11-11T20:37:11.625Z,8,99.0,8,100.0,58549,4769,90.61,63031,442,8.4,63506,37,0.7,63505,15,0.29,5316,99,5263,10020,8,8
1668199189,2022-11-11 14:39:49 -0600,3ac28558c4f1a19470064535bac19c50bf935222,TX,48059,2,2022-11-09T01:00:00.000Z,FIPSCode,48059,0,2022-11-11T20:37:11.625Z,8,99.0,8,100.0,58549,4769,90.61,63031,442,8.4,63506,37,0.7,63505,15,0.29,5316,99,5263,10020,8,8
1668199232,2022-11-11 14:40:32 -0600,3166147807ffeddb62216965ab3eb90ed0010fbd,TX,48059,2,2022-11-09T01:00:00.000Z,FIPSCode,48059,0,2022-11-11T20:37:11.625Z,8,99.0,8,100.0,58549,4769,90.61,63031,442,8.4,63506,37,0.7,63505,15,0.29,5316,99,5263,10020,8,8
1668199274,2022-11-11 14:41:14 -0600,a226e9fba057933a8e492278184c6da28aa282d2,TX,48059,2,2022-11-09T01:00:00.000Z,FIPSCode,48059,0,2022-11-11T20:37:11.625Z,8,99.0,8,100.0,58549,4769,90.61,63031,442,8.4,63506,37,0.7,63505,15,0.29,5316,99,5263,10020,8,8
1668199316,2022-11-11 14:41:56 -0600,88ac9e6d584059e88b99456378076ba0eb9a4633,TX,48059,2,2022-11-09T01:00:00.000Z,FIPSCode,48059,0,2022-11-11T20:37:11.625Z,8,99.0,8,100.0,58549,4769,90.61,63031,442,8.4,63506,37,0.7,63505,15,0.29,5316,99,5263,10020,8,8
1668199357,2022-11-11 14:42:37 -0600,d412c1ab8debdf05792ee965633721c2d41f7351,TX,48059,2,2022-11-09T01:00:00.000Z,FIPSCode,48059,0,2022-11-11T20:37:11.625Z,8,99.0,8,100.0,58549,4769,90.61,63031,442,8.4,63506,37,0.7,63505,15,0.29,5316,99,5263,10020,8,8
1668199399,2022-11-11 14:43:19 -0600,29da2425c3ffc6ba1c24087aa6b06ba9c6388362,TX,48059,2,2022-11-09T01:00:00.000Z,FIPSCode,48059,0,2022-11-11T20:37:11.625Z,8,99.0,8,100.0,58549,4769,90.61,63031,442,8.4,63506,37,0.7,63505,15,0.29,5316,99,5263,10020,8,8
1668199441,2022-11-11 14:44:01 -0600,6922aecc232925b4258efe719058509943e49939,TX,48059,2,2022-11-09T01:00:00.000Z,FIPSCode,48059,0,2022-11-11T20:37:11.625Z,8,99.0,8,100.0,58549,4769,90.61,63031,442,8.4,63506,37,0.7,63505,15,0.29,5316,99,5263,10020,8,8
1668199483,2022-11-11 14:44:43 -0600,50ade0ce8eb023661e69fbe272eee890de2984c8,TX,48059,2,2022-11-09T01:00:00.000Z,FIPSCode,48059,0,2022-11-11T20:37:11.625Z,8,99.0,8,100.0,58549,4769,90.61,63031,442,8.4,63506,37,0.7,63505,15,0.29,5316,99,5263,10020,8,8
1668199524,2022-11-11 14:45:24 -0600,310a6e5bcb408cb921dea0702b13c229e320aebc,TX,48059,2,2022-11-09T01:00:00.000Z,FIPSCode,48059,0,2022-11-11T20:37:11.625Z,8,99.0,8,100.0,58549,4769,90.61,63031,442,8.4,63506,37,0.7,63505,15,0.29,5316,99,5263,10020,8,8
1668199564,2022-11-11 14:46:04 -0600,01b362ca47f34495f72f5976317eda6dcc09b72c,TX,48059,2,2022-11-09T01:00:00.000Z,FIPSCode,48059,0,2022-11-11T20:37:11.625Z,8,99.0,8,100.0,58549,4769,90.61,63031,442,8.4,63506,37,0.7,63505,15,0.29,5316,99,5263,10020,8,8
1668199605,2022-11-11 14:46:45 -0600,d7354f647cd65d537ce45bcc50d9a0084d9efcca,TX,48059,2,2022-11-09T01:00:00.000Z,FIPSCode,48059,0,2022-11-11T20:37:11.625Z,8,99.0,8,100.0,58549,4769,90.61,63031,442,8.4,63506,37,0.7,63505,15,0.29,5316,99,5263,10020,8,8
1668199647,2022-11-11 14:47:27 -0600,a620f7b77491b498480c56ca654bf1889a920e81,TX,48059,2,2022-11-09T01:00:00.000Z,FIPSCode,48059,0,2022-11-11T20:37:11.625Z,8,99.0,8,100.0,58549,4769,90.61,63031,442,8.4,63506,37,0.7,63505,15,0.29,5316,99,5263,10020,8,8
1668199687,2022-11-11 14:48:07 -0600,5bae9201fe6656c4f1311cece873d46614ec4a1d,TX,48059,2,2022-11-09T01:00:00.000Z,FIPSCode,48059,0,2022-11-11T20:37:11.625Z,8,99.0,8,100.0,58549,4769,90.61,63031,442,8.4,63506,37,0.7,63505,15,0.29,5316,99,5263,10020,8,8
1668199730,2022-11-11 14:48:50 -0600,6f7cc2f0882456bb735fef1ba9a28993f9f529ac,TX,48059,2,2022-11-09T01:00:00.000Z,FIPSCode,48059,0,2022-11-11T20:37:11.625Z,8,99.0,8,100.0,58549,4769,90.61,63031,442,8.4,63506,37,0.7,63505,15,0.29,5316,99,5263,10020,8,8
1668199977,2022-11-11 14:52:57 -0600,46472d3ec1a09a042c1a6c9b1a1e0a4dff850a5d,TX,48059,2,2022-11-09T01:00:00.000Z,FIPSCode,48059,0,2022-11-11T20:37:11.625Z,8,99.0,8,100.0,58549,4769,90.61,63031,442,8.4,63506,37,0.7,63505,15,0.29,5316,99,5263,10020,8,8
1668200017,2022-11-11 14:53:37 -0600,925bd59a51db909919c892881679c9c9abee5ced,TX,48059,2,2022-11-09T01:00:00.000Z,FIPSCode,48059,0,2022-11-11T20:37:11.625Z,8,99.0,8,100.0,58549,4769,90.61,63031,442,8.4,63506,37,0.7,63505,15,0.29,5316,99,5263,10020,8,8
1668200060,2022-11-11 14:54:20 -0600,a764b2f44c688f33408f3d5c42348ff007c5180b,TX,48059,2,2022-11-09T01:00:00.000Z,FIPSCode,48059,0,2022-11-11T20:37:11.625Z,8,99.0,8,100.0,58549,4769,90.61,63031,442,8.4,63506,37,0.7,63505,15,0.29,5316,99,5263,10020,8,8
1668200102,2022-11-11 14:55:02 -0600,1b0c5cba7509bfe36e7790b5afd78400b27c2a56,TX,48059,2,2022-11-09T01:00:00.000Z,FIPSCode,48059,0,2022-11-11T20:37:11.625Z,8,99.0,8,100.0,58549,4769,90.61,63031,442,8.4,63506,37,0.7,63505,15,0.29,5316,99,5263,10020,8,8
1668200144,2022-11-11 14:55:44 -0600,8248c16f21396171eabb02385c2212ec7b932279,TX,48059,2,2022-11-09T01:00:00.000Z,FIPSCode,48059,0,2022-11-11T20:55:11.786Z,8,99.0,8,100.0,58549,4769,90.61,63031,442,8.4,63506,37,0.7,63505,15,0.29,5316,99,5263,10020,8,8
1668200186,2022-11-11 14:56:26 -0600,6a7c154681a605c02ed5ce7fd15c01ffe09d6511,TX,48059,2,2022-11-09T01:00:00.000Z,FIPSCode,48059,0,2022-11-11T20:55:11.786Z,8,99.0,8,100.0,58549,4769,90.61,63031,442,8.4,63506,37,0.7,63505,15,0.29,5316,99,5263,10020,8,8
1668200228,2022-11-11 14:57:08 -0600,a0c853827a0b13aa744fb0b2959999ed6cf8701b,TX,48059,2,2022-11-09T01:00:00.000Z,FIPSCode,48059,0,2022-11-11T20:56:12.820Z,8,99.0,8,100.0,58549,4769,90.61,63031,442,8.4,63506,37,0.7,63505,15,0.29,5316,99,5263,10020,8,8
1668200269,2022-11-11 14:57:49 -0600,75c8708379c281b8d246621560522543620f0a0e,TX,48059,2,2022-11-09T01:00:00.000Z,FIPSCode,48059,0,2022-11-11T20:57:13.151Z,8,99.0,8,100.0,58549,4769,90.61,63031,442,8.4,63506,37,0.7,63505,15,0.29,5316,99,5263,10020,8,8
1668200311,2022-11-11 14:58:31 -0600,07f38397d6503d0cbaf81de91374b41cb7f7dc65,TX,48059,2,2022-11-09T01:00:00.000Z,FIPSCode,48059,0,2022-11-11T20:57:13.151Z,8,99.0,8,100.0,58549,4769,90.61,63031,442,8.4,63506,37,0.7,63505,15,0.29,5316,99,5263,10020,8,8
1668200353,2022-11-11 14:59:13 -0600,5c17e86ddf2a4cea40c34189f72a9086c7dde520,TX,48059,2,2022-11-09T01:00:00.000Z,FIPSCode,48059,0,2022-11-11T20:57:13.151Z,8,99.0,8,100.0,58549,4769,90.61,63031,442,8.4,63506,37,0.7,63505,15,0.29,5316,99,5263,10020,8,8
1668200394,2022-11-11 14:59:54 -0600,ea143a20f3841fd96494fe48c97ead449c810882,TX,48059,2,2022-11-09T01:00:00.000Z,FIPSCode,48059,0,2022-11-11T20:57:13.151Z,8,99.0,8,100.0,58549,4769,90.61,63031,442,8.4,63506,37,0.7,63505,15,0.29,5316,99,5263,10020,8,8
1668200436,2022-11-11 15:00:36 -0600,038aa33e4a51335bb7c78d5f783414a0f044b4d7,TX,48059,2,2022-11-09T01:00:00.000Z,FIPSCode,48059,0,2022-11-11T21:00:12.111Z,8,99.0,8,100.0,58549,4769,90.61,63031,442,8.4,63506,37,0.7,63505,15,0.29,5316,99,5263,10020,8,8
1668200477,2022-11-11 15:01:17 -0600,964f18a7fe53d0f656e0552b50331f30a157d134,TX,48059,2,2022-11-09T01:00:00.000Z,FIPSCode,48059,0,2022-11-11T21:00:12.111Z,8,99.0,8,100.0,58549,4769,90.61,63031,442,8.4,63506,37,0.7,63505,15,0.29,5316,99,5263,10020,8,8
1668200519,2022-11-11 15:01:59 -0600,1636f830b7fee83b2fe34a502f2efaa79a6ad969,TX,48059,2,2022-11-09T01:00:00.000Z,FIPSCode,48059,0,2022-11-11T21:01:13.531Z,8,99.0,8,100.0,58549,4769,90.61,63031,442,8.4,63506,37,0.7,63505,15,0.29,5316,99,5263,10020,8,8
1668200561,2022-11-11 15:02:41 -0600,2fc79af6914bb0e6c0c1fce4f9d7a114dd022c3f,TX,48059,2,2022-11-09T01:00:00.000Z,FIPSCode,48059,0,2022-11-11T21:01:13.531Z,8,99.0,8,100.0,58549,4769,90.61,63031,442,8.4,63506,37,0.7,63505,15,0.29,5316,99,5263,10020,8,8
1668447454,2022-11-14 11:37:34 -0600,ea133f41cc8e2c8ef258c1317555e8276c392776,TX,48059,2,2022-11-09T01:00:00.000Z,FIPSCode,48059,0,2022-11-14T17:14:11.700Z,8,99.0,8,100.0,58549,4769,90.61,63031,442,8.4,63506,37,0.7,63505,15,0.29,5316,99,5263,10020,8,8
1668447465,2022-11-14 11:37:45 -0600,921c2ef88b613b7cec6372bd9e8c6ec30386fda8,TX,48059,2,2022-11-09T01:00:00.000Z,FIPSCode,48059,0,2022-11-14T17:14:11.700Z,8,99.0,8,100.0,58549,4769,90.61,63031,442,8.4,63506,37,0.7,63505,15,0.29,5316,99,5263,10020,8,8
1668447480,2022-11-14 11:38:00 -0600,d12136a5d1f8a57b1c54bba53818204651e8b72b,TX,48059,2,2022-11-09T01:00:00.000Z,FIPSCode,48059,0,2022-11-14T17:14:11.700Z,8,99.0,8,100.0,58549,4769,90.61,63031,442,8.4,63506,37,0.7,63505,15,0.29,5316,99,5263,10020,8,8
1668447509,2022-11-14 11:38:29 -0600,95278dc1793516fac1b1687855d164d155ffee17,TX,48059,2,2022-11-09T01:00:00.000Z,FIPSCode,48059,0,2022-11-14T17:14:11.700Z,8,99.0,8,100.0,58549,4769,90.61,63031,442,8.4,63506,37,0.7,63505,15,0.29,5316,99,5263,10020,8,8
1668447515,2022-11-14 11:38:35 -0600,304f2155e11c260e9333b24470485f4e3ba30c63,TX,48059,2,2022-11-09T01:00:00.000Z,FIPSCode,48059,0,2022-11-14T17:14:11.700Z,8,99.0,8,100.0,58549,4769,90.61,63031,442,8.4,63506,37,0.7,63505,15,0.29,5316,99,5263,10020,8,8
1668447543,2022-11-14 11:39:03 -0600,cff29795aa456b9e92b45b85758d190fd72bf32e,TX,48059,2,2022-11-09T01:00:00.000Z,FIPSCode,48059,0,2022-11-14T17:14:11.700Z,8,99.0,8,100.0,58549,4769,90.61,63031,442,8.4,63506,37,0.7,63505,15,0.29,5316,99,5263,10020,8,8
1668447566,2022-11-14 11:39:26 -0600,195705c2133164e1f234dbb3e2c2a419dfc1c0cd,TX,48059,2,2022-11-09T01:00:00.000Z,FIPSCode,48059,0,2022-11-14T17:14:11.700Z,8,99.0,8,100.0,58549,4769,90.61,63031,442,8.4,63506,37,0.7,63505,15,0.29,5316,99,5263,10020,8,8
1668447583,2022-11-14 11:39:43 -0600,e2a39a1bcafd73f2287e70fc5fbe65e9c6747a6e,TX,48059,2,2022-11-09T01:00:00.000Z,FIPSCode,48059,0,2022-11-14T17:14:11.700Z,8,99.0,8,100.0,58549,4769,90.61,63031,442,8.4,63506,37,0.7,63505,15,0.29,5316,99,5263,10020,8,8
1668447602,2022-11-14 11:40:02 -0600,a5577bea67cfd831a4289eb29ead5c5235cf362f,TX,48059,2,2022-11-09T01:00:00.000Z,FIPSCode,48059,0,2022-11-14T17:39:31.162Z,8,99.0,8,100.0,58549,4769,90.61,63031,442,8.4,63506,37,0.7,63505,15,0.29,5316,99,5263,10020,8,8
1668447680,2022-11-14 11:41:20 -0600,83a00e7bf85109e48d2caf0719c6348e99cf5c40,TX,48059,2,2022-11-09T01:00:00.000Z,FIPSCode,48059,0,2022-11-14T17:40:12.762Z,8,99.0,8,100.0,58549,4769,90.61,63031,442,8.4,63506,37,0.7,63505,15,0.29,5316,99,5263,10020,8,8
1668447692,2022-11-14 11:41:32 -0600,bdca3d52f8464a1438a007eec1b57fbe6fb41e16,TX,48059,2,2022-11-09T01:00:00.000Z,FIPSCode,48059,0,2022-11-14T17:41:12.629Z,8,99.0,8,100.0,58549,4769,90.61,63031,442,8.4,63506,37,0.7,63505,15,0.29,5316,99,5263,10020,8,8
1668447704,2022-11-14 11:41:44 -0600,96753a9b19fbe75789ce836b9bc39dd7f7e95280,TX,48059,2,2022-11-09T01:00:00.000Z,FIPSCode,48059,0,2022-11-14T17:41:12.629Z,8,99.0,8,100.0,58549,4769,90.61,63031,442,8.4,63506,37,0.7,63505,15,0.29,5316,99,5263,10020,8,8
1668447716,2022-11-14 11:41:56 -0600,e362602cb0d4c0438b0ea3ec5f5e17145c0d6a92,TX,48059,2,2022-11-09T01:00:00.000Z,FIPSCode,48059,0,2022-11-14T17:41:12.629Z,8,99.0,8,100.0,58549,4769,90.61,63031,442,8.4,63506,37,0.7,63505,15,0.29,5316,99,5263,10020,8,8
1668447751,2022-11-14 11:42:31 -0600,6b3cbdb0f5433072af4b246b9a2deb8f4e7e9295,TX,48059,2,2022-11-09T01:00:00.000Z,FIPSCode,48059,0,2022-11-14T17:42:13.447Z,8,99.0,8,100.0,58549,4769,90.61,63031,442,8.4,63506,37,0.7,63505,15,0.29,5316,99,5263,10020,8,8
1668447764,2022-11-14 11:42:44 -0600,9edd120dcdfee9d4e30e386ae0fc1827d8ee1fae,TX,48059,2,2022-11-09T01:00:00.000Z,FIPSCode,48059,0,2022-11-14T17:42:13.447Z,8,99.0,8,100.0,58549,4769,90.61,63031,442,8.4,63506,37,0.7,63505,15,0.29,5316,99,5263,10020,8,8
1668447775,2022-11-14 11:42:55 -0600,2685151acc926b27249f8dddbe6ee36bbac8cb7c,TX,48059,2,2022-11-09T01:00:00.000Z,FIPSCode,48059,0,2022-11-14T17:42:13.447Z,8,99.0,8,100.0,58549,4769,90.61,63031,442,8.4,63506,37,0.7,63505,15,0.29,5316,99,5263,10020,8,8
1668447793,2022-11-14 11:43:13 -0600,ed724f78e5cb59f26bfdd657631a1604b5a7fe2a,TX,48059,2,2022-11-09T01:00:00.000Z,FIPSCode,48059,0,2022-11-14T17:42:13.447Z,8,99.0,8,100.0,58549,4769,90.61,63031,442,8.4,63506,37,0.7,63505,15,0.29,5316,99,5263,10020,8,8
1668447812,2022-11-14 11:43:32 -0600,ec9d48af02b3c9a382ad8690a149b052f2ce8620,TX,48059,2,2022-11-09T01:00:00.000Z,FIPSCode,48059,0,2022-11-14T17:42:13.447Z,8,99.0,8,100.0,58549,4769,90.61,63031,442,8.4,63506,37,0.7,63505,15,0.29,5316,99,5263,10020,8,8
1668447836,2022-11-14 11:43:56 -0600,6c3f63c78b6fcf1ddab0af08642d003b3aaade5e,TX,48059,2,2022-11-09T01:00:00.000Z,FIPSCode,48059,0,2022-11-14T17:42:13.447Z,8,99.0,8,100.0,58549,4769,90.61,63031,442,8.4,63506,37,0.7,63505,15,0.29,5316,99,5263,10020,8,8
1668447854,2022-11-14 11:44:14 -0600,3ec78e4fad7866c6fbdc61f775c6a2c03e9111c1,TX,48059,2,2022-11-09T01:00:00.000Z,FIPSCode,48059,0,2022-11-14T17:42:13.447Z,8,99.0,8,100.0,58549,4769,90.61,63031,442,8.4,63506,37,0.7,63505,15,0.29,5316,99,5263,10020,8,8
1668447874,2022-11-14 11:44:34 -0600,b13b2c3ab03f04308151821d1b9fa6e95fb20e54,TX,48059,2,2022-11-09T01:00:00.000Z,FIPSCode,48059,0,2022-11-14T17:42:13.447Z,8,99.0,8,100.0,58549,4769,90.61,63031,442,8.4,63506,37,0.7,63505,15,0.29,5316,99,5263,10020,8,8
1668447885,2022-11-14 11:44:45 -0600,dc1b8b7fb1d98047d0f03cb6bd6f19c88c4cc491,TX,48059,2,2022-11-09T01:00:00.000Z,FIPSCode,48059,0,2022-11-14T17:42:13.447Z,8,99.0,8,100.0,58549,4769,90.61,63031,442,8.4,63506,37,0.7,63505,15,0.29,5316,99,5263,10020,8,8
1668447897,2022-11-14 11:44:57 -0600,4389378d8d8b39d8380f9966b1f7114e6ac51428,TX,48059,2,2022-11-09T01:00:00.000Z,FIPSCode,48059,0,2022-11-14T17:42:13.447Z,8,99.0,8,100.0,58549,4769,90.61,63031,442,8.4,63506,37,0.7,63505,15,0.29,5316,99,5263,10020,8,8
1668447915,2022-11-14 11:45:15 -0600,7981d3186a1a1736409040da73a3d93415edfdfd,TX,48059,2,2022-11-09T01:00:00.000Z,FIPSCode,48059,0,2022-11-14T17:42:13.447Z,8,99.0,8,100.0,58549,4769,90.61,63031,442,8.4,63506,37,0.7,63505,15,0.29,5316,99,5263,10020,8,8
1668447936,2022-11-14 11:45:36 -0600,ec7a516807a2e64b0317db48e16783841b644708,TX,48059,2,2022-11-09T01:00:00.000Z,FIPSCode,48059,0,2022-11-14T17:42:13.447Z,8,99.0,8,100.0,58549,4769,90.61,63031,442,8.4,63506,37,0.7,63505,15,0.29,5316,99,5263,10020,8,8
1668447950,2022-11-14 11:45:50 -0600,24f92d1b6d39f67188a82c8a33bcd3c0ca407e6e,TX,48059,2,2022-11-09T01:00:00.000Z,FIPSCode,48059,0,2022-11-14T17:42:13.447Z,8,99.0,8,100.0,58549,4769,90.61,63031,442,8.4,63506,37,0.7,63505,15,0.29,5316,99,5263,10020,8,8
1668447963,2022-11-14 11:46:03 -0600,3bd66397231480ed848330fce79421b751e68aed,TX,48059,2,2022-11-09T01:00:00.000Z,FIPSCode,48059,0,2022-11-14T17:42:13.447Z,8,99.0,8,100.0,58549,4769,90.61,63031,442,8.4,63506,37,0.7,63505,15,0.29,5316,99,5263,10020,8,8
1668447974,2022-11-14 11:46:14 -0600,453f05b8661d98983aa4fab739e13e18cc96b234,TX,48059,2,2022-11-09T01:00:00.000Z,FIPSCode,48059,0,2022-11-14T17:42:13.447Z,8,99.0,8,100.0,58549,4769,90.61,63031,442,8.4,63506,37,0.7,63505,15,0.29,5316,99,5263,10020,8,8
1668447998,2022-11-14 11:46:38 -0600,b3b4f267e03fc15bf5712861a2d5ab1132217149,TX,48059,2,2022-11-09T01:00:00.000Z,FIPSCode,48059,0,2022-11-14T17:42:13.447Z,8,99.0,8,100.0,58549,4769,90.61,63031,442,8.4,63506,37,0.7,63505,15,0.29,5316,99,5263,10020,8,8
1668448027,2022-11-14 11:47:07 -0600,a0810da016f5be1e7ac85556b9ae48bf7881ac6b,TX,48059,2,2022-11-09T01:00:00.000Z,FIPSCode,48059,0,2022-11-14T17:42:13.447Z,8,99.0,8,100.0,58549,4769,90.61,63031,442,8.4,63506,37,0.7,63505,15,0.29,5316,99,5263,10020,8,8
1668448056,2022-11-14 11:47:36 -0600,6ff511ad09cc95f0af848d8678a18b39fe95face,TX,48059,2,2022-11-09T01:00:00.000Z,FIPSCode,48059,0,2022-11-14T17:42:13.447Z,8,99.0,8,100.0,58549,4769,90.61,63031,442,8.4,63506,37,0.7,63505,15,0.29,5316,99,5263,10020,8,8
1668448070,2022-11-14 11:47:50 -0600,fe028349e6a119d5fbe24b8226ddb141e76a388f,TX,48059,2,2022-11-09T01:00:00.000Z,FIPSCode,48059,0,2022-11-14T17:42:13.447Z,8,99.0,8,100.0,58549,4769,90.61,63031,442,8.4,63506,37,0.7,63505,15,0.29,5316,99,5263,10020,8,8
1668448082,2022-11-14 11:48:02 -0600,cca608a5dd06ec27c711c2b253038642cfa91a3b,TX,48059,2,2022-11-09T01:00:00.000Z,FIPSCode,48059,0,2022-11-14T17:42:13.447Z,8,99.0,8,100.0,58549,4769,90.61,63031,442,8.4,63506,37,0.7,63505,15,0.29,5316,99,5263,10020,8,8
1668448099,2022-11-14 11:48:19 -0600,dc1a69ee66cf9b15fae5b12300279bc5a2f0f557,TX,48059,2,2022-11-09T01:00:00.000Z,FIPSCode,48059,0,2022-11-14T17:42:13.447Z,8,99.0,8,100.0,58549,4769,90.61,63031,442,8.4,63506,37,0.7,63505,15,0.29,5316,99,5263,10020,8,8
1668448106,2022-11-14 11:48:26 -0600,3892225a85c47d0730d6d55ea0a5bb48d39a60b6,TX,48059,2,2022-11-09T01:00:00.000Z,FIPSCode,48059,0,2022-11-14T17:42:13.447Z,8,99.0,8,100.0,58549,4769,90.61,63031,442,8.4,63506,37,0.7,63505,15,0.29,5316,99,5263,10020,8,8
1668448112,2022-11-14 11:48:32 -0600,48fdf80f49cbbe1f366decaedcb58e37f5c93bf4,TX,48059,2,2022-11-09T01:00:00.000Z,FIPSCode,48059,0,2022-11-14T17:42:13.447Z,8,99.0,8,100.0,58549,4769,90.61,63031,442,8.4,63506,37,0.7,63505,15,0.29,5316,99,5263,10020,8,8
1668448148,2022-11-14 11:49:08 -0600,73ac9c09540cc2e59a3356c1349b7453abef0b5c,TX,48059,2,2022-11-09T01:00:00.000Z,FIPSCode,48059,0,2022-11-14T17:42:13.447Z,8,99.0,8,100.0,58549,4769,90.61,63031,442,8.4,63506,37,0.7,63505,15,0.29,5316,99,5263,10020,8,8
1668448179,2022-11-14 11:49:39 -0600,cba0eb1504e308cf9847f2aef0539f2938870afd,TX,48059,2,2022-11-09T01:00:00.000Z,FIPSCode,48059,0,2022-11-14T17:42:13.447Z,8,99.0,8,100.0,58549,4769,90.61,63031,442,8.4,63506,37,0.7,63505,15,0.29,5316,99,5263,10020,8,8
1668448192,2022-11-14 11:49:52 -0600,f5fa598f23882e107300c6d4ac8deafd72a81edf,TX,48059,2,2022-11-09T01:00:00.000Z,FIPSCode,48059,0,2022-11-14T17:42:13.447Z,8,99.0,8,100.0,58549,4769,90.61,63031,442,8.4,63506,37,0.7,63505,15,0.29,5316,99,5263,10020,8,8
1668448211,2022-11-14 11:50:11 -0600,cb6e2cee816717a4b3df9977cb349a66c5638fe0,TX,48059,2,2022-11-09T01:00:00.000Z,FIPSCode,48059,0,2022-11-14T17:42:13.447Z,8,99.0,8,100.0,58549,4769,90.61,63031,442,8.4,63506,37,0.7,63505,15,0.29,5316,99,5263,10020,8,8
1668448233,2022-11-14 11:50:33 -0600,baa90d81a8c873a280f958e3ed8826dcd97ffcb7,TX,48059,2,2022-11-09T01:00:00.000Z,FIPSCode,48059,0,2022-11-14T17:42:13.447Z,8,99.0,8,100.0,58549,4769,90.61,63031,442,8.4,63506,37,0.7,63505,15,0.29,5316,99,5263,10020,8,8
1668448258,2022-11-14 11:50:58 -0600,2d238fcf6e461f533aadbae926fb68d2d2baf286,TX,48059,2,2022-11-09T01:00:00.000Z,FIPSCode,48059,0,2022-11-14T17:42:13.447Z,8,99.0,8,100.0,58549,4769,90.61,63031,442,8.4,63506,37,0.7,63505,15,0.29,5316,99,5263,10020,8,8
1668448275,2022-11-14 11:51:15 -0600,9ba5c4a8b3eb78033e7c2470dc837c9a3a6f38c1,TX,48059,2,2022-11-09T01:00:00.000Z,FIPSCode,48059,0,2022-11-14T17:42:13.447Z,8,99.0,8,100.0,58549,4769,90.61,63031,442,8.4,63506,37,0.7,63505,15,0.29,5316,99,5263,10020,8,8
1668448292,2022-11-14 11:51:32 -0600,353b6e1c40557605a9ad6f51aef3e2154f48bb74,TX,48059,2,2022-11-09T01:00:00.000Z,FIPSCode,48059,0,2022-11-14T17:42:13.447Z,8,99.0,8,100.0,58549,4769,90.61,63031,442,8.4,63506,37,0.7,63505,15,0.29,5316,99,5263,10020,8,8
1668448298,2022-11-14 11:51:38 -0600,b932f2126bcf423e9f989569577720cb075d216b,TX,48059,2,2022-11-09T01:00:00.000Z,FIPSCode,48059,0,2022-11-14T17:42:13.447Z,8,99.0,8,100.0,58549,4769,90.61,63031,442,8.4,63506,37,0.7,63505,15,0.29,5316,99,5263,10020,8,8
1668448315,2022-11-14 11:51:55 -0600,5de46f7728e5ea4b97ee9950d795f2c66f5ad14b,TX,48059,2,2022-11-09T01:00:00.000Z,FIPSCode,48059,0,2022-11-14T17:42:13.447Z,8,99.0,8,100.0,58549,4769,90.61,63031,442,8.4,63506,37,0.7,63505,15,0.29,5316,99,5263,10020,8,8
1668448335,2022-11-14 11:52:15 -0600,9d478ec656f1492f0387a3d2c1cb63d1354ad504,TX,48059,2,2022-11-09T01:00:00.000Z,FIPSCode,48059,0,2022-11-14T17:42:13.447Z,8,99.0,8,100.0,58549,4769,90.61,63031,442,8.4,63506,37,0.7,63505,15,0.29,5316,99,5263,10020,8,8
1668448353,2022-11-14 11:52:33 -0600,4ac6c424c43743ad29cc52a061d2a6337e9bb6c7,TX,48059,2,2022-11-09T01:00:00.000Z,FIPSCode,48059,0,2022-11-14T17:42:13.447Z,8,99.0,8,100.0,58549,4769,90.61,63031,442,8.4,63506,37,0.7,63505,15,0.29,5316,99,5263,10020,8,8
1668448359,2022-11-14 11:52:39 -0600,441002e63d870858167de60d8728419b80c73155,TX,48059,2,2022-11-09T01:00:00.000Z,FIPSCode,48059,0,2022-11-14T17:42:13.447Z,8,99.0,8,100.0,58549,4769,90.61,63031,442,8.4,63506,37,0.7,63505,15,0.29,5316,99,5263,10020,8,8
1668448383,2022-11-14 11:53:03 -0600,6d7f7e39e9d5595f9766479e54e3445c841bcbd8,TX,48059,2,2022-11-09T01:00:00.000Z,FIPSCode,48059,0,2022-11-14T17:42:13.447Z,8,99.0,8,100.0,58549,4769,90.61,63031,442,8.4,63506,37,0.7,63505,15,0.29,5316,99,5263,10020,8,8
1668448412,2022-11-14 11:53:32 -0600,4db27a93ed087538b3a95048560121bfab87c5a9,TX,48059,2,2022-11-09T01:00:00.000Z,FIPSCode,48059,0,2022-11-14T17:42:13.447Z,8,99.0,8,100.0,58549,4769,90.61,63031,442,8.4,63506,37,0.7,63505,15,0.29,5316,99,5263,10020,8,8
1668448435,2022-11-14 11:53:55 -0600,2c7da010e06b057e5d3e7e5b7e7eb2eda81bfda9,TX,48059,2,2022-11-09T01:00:00.000Z,FIPSCode,48059,0,2022-11-14T17:42:13.447Z,8,99.0,8,100.0,58549,4769,90.61,63031,442,8.4,63506,37,0.7,63505,15,0.29,5316,99,5263,10020,8,8
1668448440,2022-11-14 11:54:00 -0600,587d0f48b71df0032fd3721cd83fc36c57b3d524,TX,48059,2,2022-11-09T01:00:00.000Z,FIPSCode,48059,0,2022-11-14T17:42:13.447Z,8,99.0,8,100.0,58549,4769,90.61,63031,442,8.4,63506,37,0.7,63505,15,0.29,5316,99,5263,10020,8,8
1668448459,2022-11-14 11:54:19 -0600,9c0e6faafc518f67c9eb23259a7d0eb370def3e0,TX,48059,2,2022-11-09T01:00:00.000Z,FIPSCode,48059,0,2022-11-14T17:42:13.447Z,8,99.0,8,100.0,58549,4769,90.61,63031,442,8.4,63506,37,0.7,63505,15,0.29,5316,99,5263,10020,8,8
1668448471,2022-11-14 11:54:31 -0600,d80fd25e58d1082be8da626d270ec414a36d7276,TX,48059,2,2022-11-09T01:00:00.000Z,FIPSCode,48059,0,2022-11-14T17:42:13.447Z,8,99.0,8,100.0,58549,4769,90.61,63031,442,8.4,63506,37,0.7,63505,15,0.29,5316,99,5263,10020,8,8
1668448482,2022-11-14 11:54:42 -0600,ede77fd6e7c905983bfd690986439cd536d34c9f,TX,48059,2,2022-11-09T01:00:00.000Z,FIPSCode,48059,0,2022-11-14T17:42:13.447Z,8,99.0,8,100.0,58549,4769,90.61,63031,442,8.4,63506,37,0.7,63505,15,0.29,5316,99,5263,10020,8,8
1668448500,2022-11-14 11:55:00 -0600,8b0d07210f6a2de2e3dfb415464569e122b1a572,TX,48059,2,2022-11-09T01:00:00.000Z,FIPSCode,48059,0,2022-11-14T17:42:13.447Z,8,99.0,8,100.0,58549,4769,90.61,63031,442,8.4,63506,37,0.7,63505,15,0.29,5316,99,5263,10020,8,8
1668448518,2022-11-14 11:55:18 -0600,1dea5928b979810884bd5f221c159bc1ad4accd5,TX,48059,2,2022-11-09T01:00:00.000Z,FIPSCode,48059,0,2022-11-14T17:42:13.447Z,8,99.0,8,100.0,58549,4769,90.61,63031,442,8.4,63506,37,0.7,63505,15,0.29,5316,99,5263,10020,8,8
1668448536,2022-11-14 11:55:36 -0600,dc448ab98ced0e5e7522e81c67824f88e8df3d21,TX,48059,2,2022-11-09T01:00:00.000Z,FIPSCode,48059,0,2022-11-14T17:55:11.871Z,8,99.0,8,100.0,58549,4769,90.61,63031,442,8.4,63506,37,0.7,63505,15,0.29,5316,99,5263,10020,8,8
1668448566,2022-11-14 11:56:06 -0600,9f7b0074ce9cbeca8715fdfae72d326726d83e6d,TX,48059,2,2022-11-09T01:00:00.000Z,FIPSCode,48059,0,2022-11-14T17:55:11.871Z,8,99.0,8,100.0,58549,4769,90.61,63031,442,8.4,63506,37,0.7,63505,15,0.29,5316,99,5263,10020,8,8
1668448589,2022-11-14 11:56:29 -0600,01452ebfee51b13a97a8f904d44e28aa9dbd4f01,TX,48059,2,2022-11-09T01:00:00.000Z,FIPSCode,48059,0,2022-11-14T17:55:11.871Z,8,99.0,8,100.0,58549,4769,90.61,63031,442,8.4,63506,37,0.7,63505,15,0.29,5316,99,5263,10020,8,8
1668448612,2022-11-14 11:56:52 -0600,6d11b2180a02e8e7d15cc841f5ab2ccc69b67d88,TX,48059,2,2022-11-09T01:00:00.000Z,FIPSCode,48059,0,2022-11-14T17:55:11.871Z,8,99.0,8,100.0,58549,4769,90.61,63031,442,8.4,63506,37,0.7,63505,15,0.29,5316,99,5263,10020,8,8
1668448630,2022-11-14 11:57:10 -0600,f8b2216d2845232c925d3079e9899846ac6291a7,TX,48059,2,2022-11-09T01:00:00.000Z,FIPSCode,48059,0,2022-11-14T17:56:31.780Z,8,99.0,8,100.0,58549,4769,90.61,63031,442,8.4,63506,37,0.7,63505,15,0.29,5316,99,5263,10020,8,8
1668448648,2022-11-14 11:57:28 -0600,04e7b9f055c4d219b45ae6945c6176ce49402f76,TX,48059,2,2022-11-09T01:00:00.000Z,FIPSCode,48059,0,2022-11-14T17:57:12.169Z,8,99.0,8,100.0,58549,4769,90.61,63031,442,8.4,63506,37,0.7,63505,15,0.29,5316,99,5263,10020,8,8
1668448671,2022-11-14 11:57:51 -0600,92c70c82ba911fbf525932e3f742644461d304ab,TX,48059,2,2022-11-09T01:00:00.000Z,FIPSCode,48059,0,2022-11-14T17:57:12.169Z,8,99.0,8,100.0,58549,4769,90.61,63031,442,8.4,63506,37,0.7,63505,15,0.29,5316,99,5263,10020,8,8
1668448689,2022-11-14 11:58:09 -0600,12de97a6e56fd54ae6922d80724c36372b9942f3,TX,48059,2,2022-11-09T01:00:00.000Z,FIPSCode,48059,0,2022-11-14T17:57:12.169Z,8,99.0,8,100.0,58549,4769,90.61,63031,442,8.4,63506,37,0.7,63505,15,0.29,5316,99,5263,10020,8,8
1668448711,2022-11-14 11:58:31 -0600,c840f763e57c40936a979bf120493b61e89ba9f2,TX,48059,2,2022-11-09T01:00:00.000Z,FIPSCode,48059,0,2022-11-14T17:58:11.897Z,8,99.0,8,100.0,58549,4769,90.61,63031,442,8.4,63506,37,0.7,63505,15,0.29,5316,99,5263,10020,8,8
1668448723,2022-11-14 11:58:43 -0600,26e74d8a3f179f1ebdf701fddff9e6a2873bce28,TX,48059,2,2022-11-09T01:00:00.000Z,FIPSCode,48059,0,2022-11-14T17:58:11.897Z,8,99.0,8,100.0,58549,4769,90.61,63031,442,8.4,63506,37,0.7,63505,15,0.29,5316,99,5263,10020,8,8
1668448748,2022-11-14 11:59:08 -0600,b6cbd5447129abc5d11b61e13411471f2e22c3da,TX,48059,2,2022-11-09T01:00:00.000Z,FIPSCode,48059,0,2022-11-14T17:58:11.897Z,8,99.0,8,100.0,58549,4769,90.61,63031,442,8.4,63506,37,0.7,63505,15,0.29,5316,99,5263,10020,8,8
1668448772,2022-11-14 11:59:32 -0600,0674317b5595845bd8c70e76e78d6cbaabaa0305,TX,48059,2,2022-11-09T01:00:00.000Z,FIPSCode,48059,0,2022-11-14T17:58:11.897Z,8,99.0,8,100.0,58549,4769,90.61,63031,442,8.4,63506,37,0.7,63505,15,0.29,5316,99,5263,10020,8,8
1668448778,2022-11-14 11:59:38 -0600,b23b03f7ace167113ecb70857b10ac001146fd0e,TX,48059,2,2022-11-09T01:00:00.000Z,FIPSCode,48059,0,2022-11-14T17:58:11.897Z,8,99.0,8,100.0,58549,4769,90.61,63031,442,8.4,63506,37,0.7,63505,15,0.29,5316,99,5263,10020,8,8
1668448803,2022-11-14 12:00:03 -0600,db66428cf09e35322a728c5b5da271b79482f05b,TX,48059,2,2022-11-09T01:00:00.000Z,FIPSCode,48059,0,2022-11-14T17:58:11.897Z,8,99.0,8,100.0,58549,4769,90.61,63031,442,8.4,63506,37,0.7,63505,15,0.29,5316,99,5263,10020,8,8
1668448814,2022-11-14 12:00:14 -0600,fe4d135a6706ac9c3e44de6e742f3d3603f7b008,TX,48059,2,2022-11-09T01:00:00.000Z,FIPSCode,48059,0,2022-11-14T17:58:11.897Z,8,99.0,8,100.0,58549,4769,90.61,63031,442,8.4,63506,37,0.7,63505,15,0.29,5316,99,5263,10020,8,8
1668448833,2022-11-14 12:00:33 -0600,b1b988f5f4178d42d18306be5220e079d5177551,TX,48059,2,2022-11-09T01:00:00.000Z,FIPSCode,48059,0,2022-11-14T17:58:11.897Z,8,99.0,8,100.0,58549,4769,90.61,63031,442,8.4,63506,37,0.7,63505,15,0.29,5316,99,5263,10020,8,8
1668448855,2022-11-14 12:00:55 -0600,e9f314c1c97505dff3af71110fdcb2b1d901d2af,TX,48059,2,2022-11-09T01:00:00.000Z,FIPSCode,48059,0,2022-11-14T17:58:11.897Z,8,99.0,8,100.0,58549,4769,90.61,63031,442,8.4,63506,37,0.7,63505,15,0.29,5316,99,5263,10020,8,8
1668448867,2022-11-14 12:01:07 -0600,30523e8c120f0decee187728cd49d01df569fe7d,TX,48059,2,2022-11-09T01:00:00.000Z,FIPSCode,48059,0,2022-11-14T17:58:11.897Z,8,99.0,8,100.0,58549,4769,90.61,63031,442,8.4,63506,37,0.7,63505,15,0.29,5316,99,5263,10020,8,8
1668448878,2022-11-14 12:01:18 -0600,c81947fc468062d471c82dee74c2b78cb9761ac5,TX,48059,2,2022-11-09T01:00:00.000Z,FIPSCode,48059,0,2022-11-14T17:58:11.897Z,8,99.0,8,100.0,58549,4769,90.61,63031,442,8.4,63506,37,0.7,63505,15,0.29,5316,99,5263,10020,8,8
1668448890,2022-11-14 12:01:30 -0600,14b8acc05824038cbf72b0f530c12a9d52eb2e86,TX,48059,2,2022-11-09T01:00:00.000Z,FIPSCode,48059,0,2022-11-14T17:58:11.897Z,8,99.0,8,100.0,58549,4769,90.61,63031,442,8.4,63506,37,0.7,63505,15,0.29,5316,99,5263,10020,8,8
1668448915,2022-11-14 12:01:55 -0600,86b87d86863d1ff49af1f0c63309c9a17ae36661,TX,48059,2,2022-11-09T01:00:00.000Z,FIPSCode,48059,0,2022-11-14T17:58:11.897Z,8,99.0,8,100.0,58549,4769,90.61,63031,442,8.4,63506,37,0.7,63505,15,0.29,5316,99,5263,10020,8,8
1668448922,2022-11-14 12:02:02 -0600,8a88c1d9a4af06592da04f78ace25a8b5626732b,TX,48059,2,2022-11-09T01:00:00.000Z,FIPSCode,48059,0,2022-11-14T17:58:11.897Z,8,99.0,8,100.0,58549,4769,90.61,63031,442,8.4,63506,37,0.7,63505,15,0.29,5316,99,5263,10020,8,8
1668448951,2022-11-14 12:02:31 -0600,80b79f43fd7b839923518e73542f9681973d9265,TX,48059,2,2022-11-09T01:00:00.000Z,FIPSCode,48059,0,2022-11-14T17:58:11.897Z,8,99.0,8,100.0,58549,4769,90.61,63031,442,8.4,63506,37,0.7,63505,15,0.29,5316,99,5263,10020,8,8
1668448970,2022-11-14 12:02:50 -0600,2602471ecf76734d501c254690655224ba6cfce6,TX,48059,2,2022-11-09T01:00:00.000Z,FIPSCode,48059,0,2022-11-14T17:58:11.897Z,8,99.0,8,100.0,58549,4769,90.61,63031,442,8.4,63506,37,0.7,63505,15,0.29,5316,99,5263,10020,8,8
1668448982,2022-11-14 12:03:02 -0600,a9d34cb97441edadb7fd0ca524f2d16b45e053b9,TX,48059,2,2022-11-09T01:00:00.000Z,FIPSCode,48059,0,2022-11-14T17:58:11.897Z,8,99.0,8,100.0,58549,4769,90.61,63031,442,8.4,63506,37,0.7,63505,15,0.29,5316,99,5263,10020,8,8
1668448994,2022-11-14 12:03:14 -0600,4b1551bb79536b4325671e6b9b9f81ca226984ef,TX,48059,2,2022-11-09T01:00:00.000Z,FIPSCode,48059,0,2022-11-14T17:58:11.897Z,8,99.0,8,100.0,58549,4769,90.61,63031,442,8.4,63506,37,0.7,63505,15,0.29,5316,99,5263,10020,8,8
1668449018,2022-11-14 12:03:38 -0600,9e07a343b8a7f24cff72fcf2658e14d7db3b19ef,TX,48059,2,2022-11-09T01:00:00.000Z,FIPSCode,48059,0,2022-11-14T17:58:11.897Z,8,99.0,8,100.0,58549,4769,90.61,63031,442,8.4,63506,37,0.7,63505,15,0.29,5316,99,5263,10020,8,8
1668449024,2022-11-14 12:03:44 -0600,0b12031d8c9cdfef253add760f9cc155c86633cc,TX,48059,2,2022-11-09T01:00:00.000Z,FIPSCode,48059,0,2022-11-14T17:58:11.897Z,8,99.0,8,100.0,58549,4769,90.61,63031,442,8.4,63506,37,0.7,63505,15,0.29,5316,99,5263,10020,8,8
1668449047,2022-11-14 12:04:07 -0600,1c16b0418cca48d7ae4a98fa2ab379cc43caf5ad,TX,48059,2,2022-11-09T01:00:00.000Z,FIPSCode,48059,0,2022-11-14T17:58:11.897Z,8,99.0,8,100.0,58549,4769,90.61,63031,442,8.4,63506,37,0.7,63505,15,0.29,5316,99,5263,10020,8,8
1668449064,2022-11-14 12:04:24 -0600,d860f65a613f295d884670e56d9cd2f962e4e34b,TX,48059,2,2022-11-09T01:00:00.000Z,FIPSCode,48059,0,2022-11-14T17:58:11.897Z,8,99.0,8,100.0,58549,4769,90.61,63031,442,8.4,63506,37,0.7,63505,15,0.29,5316,99,5263,10020,8,8
1668449077,2022-11-14 12:04:37 -0600,fd6293eb59d58d39d0cd09170162dae232db67ac,TX,48059,2,2022-11-09T01:00:00.000Z,FIPSCode,48059,0,2022-11-14T17:58:11.897Z,8,99.0,8,100.0,58549,4769,90.61,63031,442,8.4,63506,37,0.7,63505,15,0.29,5316,99,5263,10020,8,8
1668449094,2022-11-14 12:04:54 -0600,da7ccf3b64e3deb9bfbbb059ce892fb21f449f0c,TX,48059,2,2022-11-09T01:00:00.000Z,FIPSCode,48059,0,2022-11-14T17:58:11.897Z,8,99.0,8,100.0,58549,4769,90.61,63031,442,8.4,63506,37,0.7,63505,15,0.29,5316,99,5263,10020,8,8
1668449106,2022-11-14 12:05:06 -0600,309b0b58843b95c64b7aad3adf0ff36aef107af2,TX,48059,2,2022-11-09T01:00:00.000Z,FIPSCode,48059,0,2022-11-14T17:58:11.897Z,8,99.0,8,100.0,58549,4769,90.61,63031,442,8.4,63506,37,0.7,63505,15,0.29,5316,99,5263,10020,8,8
1668449132,2022-11-14 12:05:32 -0600,614f7d227b840f748b6889ee7d05d85b4f000a7c,TX,48059,2,2022-11-09T01:00:00.000Z,FIPSCode,48059,0,2022-11-14T17:58:11.897Z,8,99.0,8,100.0,58549,4769,90.61,63031,442,8.4,63506,37,0.7,63505,15,0.29,5316,99,5263,10020,8,8
1668449146,2022-11-14 12:05:46 -0600,ae570db42f6dcbfaadf4568c6cfcd0dd762ddaa2,TX,48059,2,2022-11-09T01:00:00.000Z,FIPSCode,48059,0,2022-11-14T17:58:11.897Z,8,99.0,8,100.0,58549,4769,90.61,63031,442,8.4,63506,37,0.7,63505,15,0.29,5316,99,5263,10020,8,8
1668449163,2022-11-14 12:06:03 -0600,4b0cbbcd464e49cf0f41b2c958914fd58e8f6adf,TX,48059,2,2022-11-09T01:00:00.000Z,FIPSCode,48059,0,2022-11-14T17:58:11.897Z,8,99.0,8,100.0,58549,4769,90.61,63031,442,8.4,63506,37,0.7,63505,15,0.29,5316,99,5263,10020,8,8
1668449182,2022-11-14 12:06:22 -0600,d2fa37e74a1cfb381bb6dcdabe28e5b203ae78e0,TX,48059,2,2022-11-09T01:00:00.000Z,FIPSCode,48059,0,2022-11-14T17:58:11.897Z,8,99.0,8,100.0,58549,4769,90.61,63031,442,8.4,63506,37,0.7,63505,15,0.29,5316,99,5263,10020,8,8
1668449200,2022-11-14 12:06:40 -0600,db8b4f8d77cc90ed3963d047e9b57e90b700538c,TX,48059,2,2022-11-09T01:00:00.000Z,FIPSCode,48059,0,2022-11-14T17:58:11.897Z,8,99.0,8,100.0,58549,4769,90.61,63031,442,8.4,63506,37,0.7,63505,15,0.29,5316,99,5263,10020,8,8
1668449217,2022-11-14 12:06:57 -0600,38968207b7f2652c30ef4a01e97314e7f9f6ea66,TX,48059,2,2022-11-09T01:00:00.000Z,FIPSCode,48059,0,2022-11-14T17:58:11.897Z,8,99.0,8,100.0,58549,4769,90.61,63031,442,8.4,63506,37,0.7,63505,15,0.29,5316,99,5263,10020,8,8
1668449234,2022-11-14 12:07:14 -0600,266e5227b53373f0f1b71c3b20082560ec1936cb,TX,48059,2,2022-11-09T01:00:00.000Z,FIPSCode,48059,0,2022-11-14T17:58:11.897Z,8,99.0,8,100.0,58549,4769,90.61,63031,442,8.4,63506,37,0.7,63505,15,0.29,5316,99,5263,10020,8,8
1668449251,2022-11-14 12:07:31 -0600,8bc1d804778d2058370689ee72416542378e4ac1,TX,48059,2,2022-11-09T01:00:00.000Z,FIPSCode,48059,0,2022-11-14T17:58:11.897Z,8,99.0,8,100.0,58549,4769,90.61,63031,442,8.4,63506,37,0.7,63505,15,0.29,5316,99,5263,10020,8,8
1668449265,2022-11-14 12:07:45 -0600,15bab3cd8d038e8378993e9fdf9498de2f886103,TX,48059,2,2022-11-09T01:00:00.000Z,FIPSCode,48059,0,2022-11-14T17:58:11.897Z,8,99.0,8,100.0,58549,4769,90.61,63031,442,8.4,63506,37,0.7,63505,15,0.29,5316,99,5263,10020,8,8
1668449285,2022-11-14 12:08:05 -0600,6f670cb3a10674b74128ee96b358a632da82bb66,TX,48059,2,2022-11-09T01:00:00.000Z,FIPSCode,48059,0,2022-11-14T17:58:11.897Z,8,99.0,8,100.0,58549,4769,90.61,63031,442,8.4,63506,37,0.7,63505,15,0.29,5316,99,5263,10020,8,8
1668449296,2022-11-14 12:08:16 -0600,d90355db02efffed8eeaadddc6228b3d4642db02,TX,48059,2,2022-11-09T01:00:00.000Z,FIPSCode,48059,0,2022-11-14T17:58:11.897Z,8,99.0,8,100.0,58549,4769,90.61,63031,442,8.4,63506,37,0.7,63505,15,0.29,5316,99,5263,10020,8,8
1668449325,2022-11-14 12:08:45 -0600,59fe457c636fb6c07c84b6f1c587a98dee788a5f,TX,48059,2,2022-11-09T01:00:00.000Z,FIPSCode,48059,0,2022-11-14T17:58:11.897Z,8,99.0,8,100.0,58549,4769,90.61,63031,442,8.4,63506,37,0.7,63505,15,0.29,5316,99,5263,10020,8,8
1668449343,2022-11-14 12:09:03 -0600,54c52f50fd80cbc6cf9ca72107971d2f200cb062,TX,48059,2,2022-11-09T01:00:00.000Z,FIPSCode,48059,0,2022-11-14T17:58:11.897Z,8,99.0,8,100.0,58549,4769,90.61,63031,442,8.4,63506,37,0.7,63505,15,0.29,5316,99,5263,10020,8,8
1668449354,2022-11-14 12:09:14 -0600,7987e1d7c87ba8b5cf45923d4bc2af5df0cb162b,TX,48059,2,2022-11-09T01:00:00.000Z,FIPSCode,48059,0,2022-11-14T17:58:11.897Z,8,99.0,8,100.0,58549,4769,90.61,63031,442,8.4,63506,37,0.7,63505,15,0.29,5316,99,5263,10020,8,8
1668449367,2022-11-14 12:09:27 -0600,77d97d45cd3bc36e8339db254310d07bb388fc2e,TX,48059,2,2022-11-09T01:00:00.000Z,FIPSCode,48059,0,2022-11-14T17:58:11.897Z,8,99.0,8,100.0,58549,4769,90.61,63031,442,8.4,63506,37,0.7,63505,15,0.29,5316,99,5263,10020,8,8
1668449373,2022-11-14 12:09:33 -0600,863c490851b0d54190f7881eea218806f6b765c2,TX,48059,2,2022-11-09T01:00:00.000Z,FIPSCode,48059,0,2022-11-14T17:58:11.897Z,8,99.0,8,100.0,58549,4769,90.61,63031,442,8.4,63506,37,0.7,63505,15,0.29,5316,99,5263,10020,8,8
1668449414,2022-11-14 12:10:14 -0600,3623879307460d6c7b4dc6fa7c2f0871f0f22047,TX,48059,2,2022-11-09T01:00:00.000Z,FIPSCode,48059,0,2022-11-14T17:58:11.897Z,8,99.0,8,100.0,58549,4769,90.61,63031,442,8.4,63506,37,0.7,63505,15,0.29,5316,99,5263,10020,8,8
1668449431,2022-11-14 12:10:31 -0600,34d6ff30c02208232a5ea1591c3deb6dac834698,TX,48059,2,2022-11-09T01:00:00.000Z,FIPSCode,48059,0,2022-11-14T17:58:11.897Z,8,99.0,8,100.0,58549,4769,90.61,63031,442,8.4,63506,37,0.7,63505,15,0.29,5316,99,5263,10020,8,8
1668449471,2022-11-14 12:11:11 -0600,a584e6cd7f62e0cfe9e0f95db21f95f16e32cc67,TX,48059,2,2022-11-09T01:00:00.000Z,FIPSCode,48059,0,2022-11-14T17:58:11.897Z,8,99.0,8,100.0,58549,4769,90.61,63031,442,8.4,63506,37,0.7,63505,15,0.29,5316,99,5263,10020,8,8
1668449488,2022-11-14 12:11:28 -0600,b3b39ad8f9ea6c061ae39e4da014b5ff77a3aabe,TX,48059,2,2022-11-09T01:00:00.000Z,FIPSCode,48059,0,2022-11-14T17:58:11.897Z,8,99.0,8,100.0,58549,4769,90.61,63031,442,8.4,63506,37,0.7,63505,15,0.29,5316,99,5263,10020,8,8
1668449494,2022-11-14 12:11:34 -0600,171298ac4f8a592e3a40899532f495d6dda5aed5,TX,48059,2,2022-11-09T01:00:00.000Z,FIPSCode,48059,0,2022-11-14T17:58:11.897Z,8,99.0,8,100.0,58549,4769,90.61,63031,442,8.4,63506,37,0.7,63505,15,0.29,5316,99,5263,10020,8,8
1668449512,2022-11-14 12:11:52 -0600,b1bcb5bd2d29e98124e0ea93dcf50792e75f2e83,TX,48059,2,2022-11-09T01:00:00.000Z,FIPSCode,48059,0,2022-11-14T17:58:11.897Z,8,99.0,8,100.0,58549,4769,90.61,63031,442,8.4,63506,37,0.7,63505,15,0.29,5316,99,5263,10020,8,8
1668449530,2022-11-14 12:12:10 -0600,23eaa654c818abe5fe6a3d8a2bdbaa05d2eb0613,TX,48059,2,2022-11-09T01:00:00.000Z,FIPSCode,48059,0,2022-11-14T17:58:11.897Z,8,99.0,8,100.0,58549,4769,90.61,63031,442,8.4,63506,37,0.7,63505,15,0.29,5316,99,5263,10020,8,8
1668449548,2022-11-14 12:12:28 -0600,9001edeb4b1216693cad58dbdcde01052852ae56,TX,48059,2,2022-11-09T01:00:00.000Z,FIPSCode,48059,0,2022-11-14T17:58:11.897Z,8,99.0,8,100.0,58549,4769,90.61,63031,442,8.4,63506,37,0.7,63505,15,0.29,5316,99,5263,10020,8,8
1668449560,2022-11-14 12:12:40 -0600,044280d809c1e24c890215588b97edd90a48ccaa,TX,48059,2,2022-11-09T01:00:00.000Z,FIPSCode,48059,0,2022-11-14T17:58:11.897Z,8,99.0,8,100.0,58549,4769,90.61,63031,442,8.4,63506,37,0.7,63505,15,0.29,5316,99,5263,10020,8,8
1668449577,2022-11-14 12:12:57 -0600,cffc92c6071942cd5309e87181b83fb38e46e5b0,TX,48059,2,2022-11-09T01:00:00.000Z,FIPSCode,48059,0,2022-11-14T17:58:11.897Z,8,99.0,8,100.0,58549,4769,90.61,63031,442,8.4,63506,37,0.7,63505,15,0.29,5316,99,5263,10020,8,8
1668449590,2022-11-14 12:13:10 -0600,4c1689df9c3c7978d3baf01ba07f18cf94da562e,TX,48059,2,2022-11-09T01:00:00.000Z,FIPSCode,48059,0,2022-11-14T17:58:11.897Z,8,99.0,8,100.0,58549,4769,90.61,63031,442,8.4,63506,37,0.7,63505,15,0.29,5316,99,5263,10020,8,8
1668449608,2022-11-14 12:13:28 -0600,804f246ee5f462b9fee8baa68d206ca3f542e3da,TX,48059,2,2022-11-09T01:00:00.000Z,FIPSCode,48059,0,2022-11-14T17:58:11.897Z,8,99.0,8,100.0,58549,4769,90.61,63031,442,8.4,63506,37,0.7,63505,15,0.29,5316,99,5263,10020,8,8
1668449622,2022-11-14 12:13:42 -0600,ca93c15c41ca4fc233d2c44c4839ecc4efda1b5a,TX,48059,2,2022-11-09T01:00:00.000Z,FIPSCode,48059,0,2022-11-14T17:58:11.897Z,8,99.0,8,100.0,58549,4769,90.61,63031,442,8.4,63506,37,0.7,63505,15,0.29,5316,99,5263,10020,8,8
1668449634,2022-11-14 12:13:54 -0600,50ff7c5986726ea356e73f27e8e6d635ec5c3a09,TX,48059,2,2022-11-09T01:00:00.000Z,FIPSCode,48059,0,2022-11-14T17:58:11.897Z,8,99.0,8,100.0,58549,4769,90.61,63031,442,8.4,63506,37,0.7,63505,15,0.29,5316,99,5263,10020,8,8
1668449652,2022-11-14 12:14:12 -0600,79ab50204333c19fe93a0a13d936816959311f3a,TX,48059,2,2022-11-09T01:00:00.000Z,FIPSCode,48059,0,2022-11-14T17:58:11.897Z,8,99.0,8,100.0,58549,4769,90.61,63031,442,8.4,63506,37,0.7,63505,15,0.29,5316,99,5263,10020,8,8
1668449783,2022-11-14 12:16:23 -0600,6005073012378bc0ad0eca920dfb3e067e364853,TX,48059,2,2022-11-09T01:00:00.000Z,FIPSCode,48059,0,2022-11-14T17:58:11.897Z,8,99.0,8,100.0,58549,4769,90.61,63031,442,8.4,63506,37,0.7,63505,15,0.29,5316,99,5263,10020,8,8
1668449790,2022-11-14 12:16:30 -0600,07a7d239bb2e6891191c2677f1c05957c257ff67,TX,48059,2,2022-11-09T01:00:00.000Z,FIPSCode,48059,0,2022-11-14T17:58:11.897Z,8,99.0,8,100.0,58549,4769,90.61,63031,442,8.4,63506,37,0.7,63505,15,0.29,5316,99,5263,10020,8,8
1668449797,2022-11-14 12:16:37 -0600,da8da80e2e48d966735cba69a7362d313ea5a05d,TX,48059,2,2022-11-09T01:00:00.000Z,FIPSCode,48059,0,2022-11-14T17:58:11.897Z,8,99.0,8,100.0,58549,4769,90.61,63031,442,8.4,63506,37,0.7,63505,15,0.29,5316,99,5263,10020,8,8
1668449822,2022-11-14 12:17:02 -0600,055d2058f3cf2123d27241c4c74978a90ecc8d1a,TX,48059,2,2022-11-09T01:00:00.000Z,FIPSCode,48059,0,2022-11-14T17:58:11.897Z,8,99.0,8,100.0,58549,4769,90.61,63031,442,8.4,63506,37,0.7,63505,15,0.29,5316,99,5263,10020,8,8
1668449839,2022-11-14 12:17:19 -0600,864c425effa7d47a656798604c275eea6d863fc0,TX,48059,2,2022-11-09T01:00:00.000Z,FIPSCode,48059,0,2022-11-14T17:58:11.897Z,8,99.0,8,100.0,58549,4769,90.61,63031,442,8.4,63506,37,0.7,63505,15,0.29,5316,99,5263,10020,8,8
1668449857,2022-11-14 12:17:37 -0600,f5fb0255413466d33ec5bd2d411a156f23efaeb1,TX,48059,2,2022-11-09T01:00:00.000Z,FIPSCode,48059,0,2022-11-14T17:58:11.897Z,8,99.0,8,100.0,58549,4769,90.61,63031,442,8.4,63506,37,0.7,63505,15,0.29,5316,99,5263,10020,8,8
1668449865,2022-11-14 12:17:45 -0600,e0f4de04671eba61e0931d42bd066d90756a8285,TX,48059,2,2022-11-09T01:00:00.000Z,FIPSCode,48059,0,2022-11-14T17:58:11.897Z,8,99.0,8,100.0,58549,4769,90.61,63031,442,8.4,63506,37,0.7,63505,15,0.29,5316,99,5263,10020,8,8
1668449882,2022-11-14 12:18:02 -0600,31136c13ffd0b209baeb52708b4f3e6c5b05792b,TX,48059,2,2022-11-09T01:00:00.000Z,FIPSCode,48059,0,2022-11-14T18:17:34.758Z,8,99.0,8,100.0,58549,4769,90.61,63031,442,8.4,63506,37,0.7,63505,15,0.29,5316,99,5263,10020,8,8
1668449893,2022-11-14 12:18:13 -0600,39f1d212de5c980287647a0412f2a952d4bd0459,TX,48059,2,2022-11-09T01:00:00.000Z,FIPSCode,48059,0,2022-11-14T18:17:34.758Z,8,99.0,8,100.0,58549,4769,90.61,63031,442,8.4,63506,37,0.7,63505,15,0.29,5316,99,5263,10020,8,8
1668449911,2022-11-14 12:18:31 -0600,bb7e28e8e32344d2ebf1274882c67857c0944f10,TX,48059,2,2022-11-09T01:00:00.000Z,FIPSCode,48059,0,2022-11-14T18:18:11.667Z,8,99.0,8,100.0,58549,4769,90.61,63031,442,8.4,63506,37,0.7,63505,15,0.29,5316,99,5263,10020,8,8
1668449918,2022-11-14 12:18:38 -0600,294c0ad10c1575eb65ec58a5dfa3fca372aa61f8,TX,48059,2,2022-11-09T01:00:00.000Z,FIPSCode,48059,0,2022-11-14T18:18:11.667Z,8,99.0,8,100.0,58549,4769,90.61,63031,442,8.4,63506,37,0.7,63505,15,0.29,5316,99,5263,10020,8,8
1668449948,2022-11-14 12:19:08 -0600,9dcccb547fc67876a3df33874cc20b57c4262110,TX,48059,2,2022-11-09T01:00:00.000Z,FIPSCode,48059,0,2022-11-14T18:18:11.667Z,8,99.0,8,100.0,58549,4769,90.61,63031,442,8.4,63506,37,0.7,63505,15,0.29,5316,99,5263,10020,8,8
1668449971,2022-11-14 12:19:31 -0600,f0875676e3c427266f181e7ce07a77cf59edcc57,TX,48059,2,2022-11-09T01:00:00.000Z,FIPSCode,48059,0,2022-11-14T18:18:11.667Z,8,99.0,8,100.0,58549,4769,90.61,63031,442,8.4,63506,37,0.7,63505,15,0.29,5316,99,5263,10020,8,8
1668449984,2022-11-14 12:19:44 -0600,79de104e66926ea4c911693b45298da0ff7c2cd3,TX,48059,2,2022-11-09T01:00:00.000Z,FIPSCode,48059,0,2022-11-14T18:18:11.667Z,8,99.0,8,100.0,58549,4769,90.61,63031,442,8.4,63506,37,0.7,63505,15,0.29,5316,99,5263,10020,8,8
1668449996,2022-11-14 12:19:56 -0600,ce9b3fecba10dff18d184017b93440641c891979,TX,48059,2,2022-11-09T01:00:00.000Z,FIPSCode,48059,0,2022-11-14T18:18:11.667Z,8,99.0,8,100.0,58549,4769,90.61,63031,442,8.4,63506,37,0.7,63505,15,0.29,5316,99,5263,10020,8,8
1668450014,2022-11-14 12:20:14 -0600,621bf2c196dfdb7407e5581296340749aec834f5,TX,48059,2,2022-11-09T01:00:00.000Z,FIPSCode,48059,0,2022-11-14T18:19:35.663Z,8,99.0,8,100.0,58549,4769,90.61,63031,442,8.4,63506,37,0.7,63505,15,0.29,5316,99,5263,10020,8,8
1668450032,2022-11-14 12:20:32 -0600,ab42e4a3ae0d36f14d5605cd047a730304554fcf,TX,48059,2,2022-11-09T01:00:00.000Z,FIPSCode,48059,0,2022-11-14T18:20:12.872Z,8,99.0,8,100.0,58549,4769,90.61,63031,442,8.4,63506,37,0.7,63505,15,0.29,5316,99,5263,10020,8,8
1668450069,2022-11-14 12:21:09 -0600,6ec141aa2c1d784aae92ec4454234528280ec596,TX,48059,2,2022-11-09T01:00:00.000Z,FIPSCode,48059,0,2022-11-14T18:20:12.872Z,8,99.0,8,100.0,58549,4769,90.61,63031,442,8.4,63506,37,0.7,63505,15,0.29,5316,99,5263,10020,8,8
1668450086,2022-11-14 12:21:26 -0600,5c89d95c6d2baf165f7506815b2dde98f190e9a0,TX,48059,2,2022-11-09T01:00:00.000Z,FIPSCode,48059,0,2022-11-14T18:20:12.872Z,8,99.0,8,100.0,58549,4769,90.61,63031,442,8.4,63506,37,0.7,63505,15,0.29,5316,99,5263,10020,8,8
1668450092,2022-11-14 12:21:32 -0600,ed9921d880771b15996e29d36d34062619c1f88a,TX,48059,2,2022-11-09T01:00:00.000Z,FIPSCode,48059,0,2022-11-14T18:20:12.872Z,8,99.0,8,100.0,58549,4769,90.61,63031,442,8.4,63506,37,0.7,63505,15,0.29,5316,99,5263,10020,8,8
1668450105,2022-11-14 12:21:45 -0600,244e41915f913b98e48f8fff65b805ad2c032d29,TX,48059,2,2022-11-09T01:00:00.000Z,FIPSCode,48059,0,2022-11-14T18:20:12.872Z,8,99.0,8,100.0,58549,4769,90.61,63031,442,8.4,63506,37,0.7,63505,15,0.29,5316,99,5263,10020,8,8
1668450131,2022-11-14 12:22:11 -0600,07b623b13e0b73d9ae22bef46c30846992c357e9,TX,48059,2,2022-11-09T01:00:00.000Z,FIPSCode,48059,0,2022-11-14T18:20:12.872Z,8,99.0,8,100.0,58549,4769,90.61,63031,442,8.4,63506,37,0.7,63505,15,0.29,5316,99,5263,10020,8,8
1668450153,2022-11-14 12:22:33 -0600,aa1eb3d78e80e9645c418f363be0ab74e67c0b88,TX,48059,2,2022-11-09T01:00:00.000Z,FIPSCode,48059,0,2022-11-14T18:20:12.872Z,8,99.0,8,100.0,58549,4769,90.61,63031,442,8.4,63506,37,0.7,63505,15,0.29,5316,99,5263,10020,8,8
1668450194,2022-11-14 12:23:14 -0600,822d21f2a4584f121f7e065431c19bd10d723ca3,TX,48059,2,2022-11-09T01:00:00.000Z,FIPSCode,48059,0,2022-11-14T18:20:12.872Z,8,99.0,8,100.0,58549,4769,90.61,63031,442,8.4,63506,37,0.7,63505,15,0.29,5316,99,5263,10020,8,8
1668450206,2022-11-14 12:23:26 -0600,e33730c15124c4b400bbdfd7f219bde599933b6c,TX,48059,2,2022-11-09T01:00:00.000Z,FIPSCode,48059,0,2022-11-14T18:20:12.872Z,8,99.0,8,100.0,58549,4769,90.61,63031,442,8.4,63506,37,0.7,63505,15,0.29,5316,99,5263,10020,8,8
1668450225,2022-11-14 12:23:45 -0600,f91d423dbb70ec9c1ce9bba70900d8196d847654,TX,48059,2,2022-11-09T01:00:00.000Z,FIPSCode,48059,0,2022-11-14T18:20:12.872Z,8,99.0,8,100.0,58549,4769,90.61,63031,442,8.4,63506,37,0.7,63505,15,0.29,5316,99,5263,10020,8,8
1668450242,2022-11-14 12:24:02 -0600,3ff0b157b2af6e1fc94e9006a2932505b520dfc5,TX,48059,2,2022-11-09T01:00:00.000Z,FIPSCode,48059,0,2022-11-14T18:20:12.872Z,8,99.0,8,100.0,58549,4769,90.61,63031,442,8.4,63506,37,0.7,63505,15,0.29,5316,99,5263,10020,8,8
1668450254,2022-11-14 12:24:14 -0600,88441563a37d84a9da7cdc23b712df022d354370,TX,48059,2,2022-11-09T01:00:00.000Z,FIPSCode,48059,0,2022-11-14T18:20:12.872Z,8,99.0,8,100.0,58549,4769,90.61,63031,442,8.4,63506,37,0.7,63505,15,0.29,5316,99,5263,10020,8,8
1668450271,2022-11-14 12:24:31 -0600,b89c782deca47a3337301d99383f20f744adfeef,TX,48059,2,2022-11-09T01:00:00.000Z,FIPSCode,48059,0,2022-11-14T18:20:12.872Z,8,99.0,8,100.0,58549,4769,90.61,63031,442,8.4,63506,37,0.7,63505,15,0.29,5316,99,5263,10020,8,8
1668450283,2022-11-14 12:24:43 -0600,75224c6c6869d0dddb65f657782bd5dee4d8f4a8,TX,48059,2,2022-11-09T01:00:00.000Z,FIPSCode,48059,0,2022-11-14T18:20:12.872Z,8,99.0,8,100.0,58549,4769,90.61,63031,442,8.4,63506,37,0.7,63505,15,0.29,5316,99,5263,10020,8,8
1668450294,2022-11-14 12:24:54 -0600,de5d85fd53dbe356da0880ce9aca81dcdd5fd45c,TX,48059,2,2022-11-09T01:00:00.000Z,FIPSCode,48059,0,2022-11-14T18:20:12.872Z,8,99.0,8,100.0,58549,4769,90.61,63031,442,8.4,63506,37,0.7,63505,15,0.29,5316,99,5263,10020,8,8
1668450312,2022-11-14 12:25:12 -0600,3cf2cb9636553d303acdefbdb2b83e68e7820c1b,TX,48059,2,2022-11-09T01:00:00.000Z,FIPSCode,48059,0,2022-11-14T18:20:12.872Z,8,99.0,8,100.0,58549,4769,90.61,63031,442,8.4,63506,37,0.7,63505,15,0.29,5316,99,5263,10020,8,8
1668450329,2022-11-14 12:25:29 -0600,2b803bd66a854143b3e0586994feb20b6c8be0b3,TX,48059,2,2022-11-09T01:00:00.000Z,FIPSCode,48059,0,2022-11-14T18:25:11.093Z,8,99.0,8,100.0,58549,4769,90.61,63031,442,8.4,63506,37,0.7,63505,15,0.29,5316,99,5263,10020,8,8
1668450363,2022-11-14 12:26:03 -0600,08645be388d0b144c576a0ab22f4282cbb7dcb31,TX,48059,2,2022-11-09T01:00:00.000Z,FIPSCode,48059,0,2022-11-14T18:25:11.093Z,8,99.0,8,100.0,58549,4769,90.61,63031,442,8.4,63506,37,0.7,63505,15,0.29,5316,99,5263,10020,8,8
1668450380,2022-11-14 12:26:20 -0600,8500b807a25b60441b0542536abc50d83d27af08,TX,48059,2,2022-11-09T01:00:00.000Z,FIPSCode,48059,0,2022-11-14T18:25:11.093Z,8,99.0,8,100.0,58549,4769,90.61,63031,442,8.4,63506,37,0.7,63505,15,0.29,5316,99,5263,10020,8,8
1668450404,2022-11-14 12:26:44 -0600,ce31ef0f8c24f53da34bd93d5ff97ced60c5633c,TX,48059,2,2022-11-09T01:00:00.000Z,FIPSCode,48059,0,2022-11-14T18:25:11.093Z,8,99.0,8,100.0,58549,4769,90.61,63031,442,8.4,63506,37,0.7,63505,15,0.29,5316,99,5263,10020,8,8
1668450419,2022-11-14 12:26:59 -0600,59b41c3fde86bc24b9155a2fc7a26eaa240461ef,TX,48059,2,2022-11-09T01:00:00.000Z,FIPSCode,48059,0,2022-11-14T18:25:11.093Z,8,99.0,8,100.0,58549,4769,90.61,63031,442,8.4,63506,37,0.7,63505,15,0.29,5316,99,5263,10020,8,8
1668450431,2022-11-14 12:27:11 -0600,b0ebaa3032888d4c64199356f4a11eb68d562aa2,TX,48059,2,2022-11-09T01:00:00.000Z,FIPSCode,48059,0,2022-11-14T18:26:34.279Z,8,99.0,8,100.0,58549,4769,90.61,63031,442,8.4,63506,37,0.7,63505,15,0.29,5316,99,5263,10020,8,8
1668450453,2022-11-14 12:27:33 -0600,b22e200c0f6066385a7681b2161fd1f7c58d3353,TX,48059,2,2022-11-09T01:00:00.000Z,FIPSCode,48059,0,2022-11-14T18:27:14.174Z,8,99.0,8,100.0,58549,4769,90.61,63031,442,8.4,63506,37,0.7,63505,15,0.29,5316,99,5263,10020,8,8
1668450465,2022-11-14 12:27:45 -0600,5b2cde3ac25bbe73e8c3058af079d326c45e8b5c,TX,48059,2,2022-11-09T01:00:00.000Z,FIPSCode,48059,0,2022-11-14T18:27:14.174Z,8,99.0,8,100.0,58549,4769,90.61,63031,442,8.4,63506,37,0.7,63505,15,0.29,5316,99,5263,10020,8,8
1668450478,2022-11-14 12:27:58 -0600,adaefe2fa3f7661592e9c15ea8944be5faf93b83,TX,48059,2,2022-11-09T01:00:00.000Z,FIPSCode,48059,0,2022-11-14T18:27:14.174Z,8,99.0,8,100.0,58549,4769,90.61,63031,442,8.4,63506,37,0.7,63505,15,0.29,5316,99,5263,10020,8,8
1668450513,2022-11-14 12:28:33 -0600,6896939ac79444a3a8d660de1c634e46d89c3a51,TX,48059,2,2022-11-09T01:00:00.000Z,FIPSCode,48059,0,2022-11-14T18:27:14.174Z,8,99.0,8,100.0,58549,4769,90.61,63031,442,8.4,63506,37,0.7,63505,15,0.29,5316,99,5263,10020,8,8
1668450552,2022-11-14 12:29:12 -0600,e846edd729b0c4ce168807ead22a2bacab3f2afb,TX,48059,2,2022-11-09T01:00:00.000Z,FIPSCode,48059,0,2022-11-14T18:27:14.174Z,8,99.0,8,100.0,58549,4769,90.61,63031,442,8.4,63506,37,0.7,63505,15,0.29,5316,99,5263,10020,8,8
1668450569,2022-11-14 12:29:29 -0600,893593347ac07c84abbc6e78bfc6e28a86d390e9,TX,48059,2,2022-11-09T01:00:00.000Z,FIPSCode,48059,0,2022-11-14T18:27:14.174Z,8,99.0,8,100.0,58549,4769,90.61,63031,442,8.4,63506,37,0.7,63505,15,0.29,5316,99,5263,10020,8,8
1668450605,2022-11-14 12:30:05 -0600,1ad6d861600bb8ca90c7f9c3f1e1a5fe335f363a,TX,48059,2,2022-11-09T01:00:00.000Z,FIPSCode,48059,0,2022-11-14T18:27:14.174Z,8,99.0,8,100.0,58549,4769,90.61,63031,442,8.4,63506,37,0.7,63505,15,0.29,5316,99,5263,10020,8,8
1668450627,2022-11-14 12:30:27 -0600,dec3c54fda8a4c9f6fd56a9f0422a39e2e3275e5,TX,48059,2,2022-11-09T01:00:00.000Z,FIPSCode,48059,0,2022-11-14T18:27:14.174Z,8,99.0,8,100.0,58549,4769,90.61,63031,442,8.4,63506,37,0.7,63505,15,0.29,5316,99,5263,10020,8,8
1668450634,2022-11-14 12:30:34 -0600,f36ced8986875b1cbecac47ee3740ba1f520111c,TX,48059,2,2022-11-09T01:00:00.000Z,FIPSCode,48059,0,2022-11-14T18:27:14.174Z,8,99.0,8,100.0,58549,4769,90.61,63031,442,8.4,63506,37,0.7,63505,15,0.29,5316,99,5263,10020,8,8
1668450662,2022-11-14 12:31:02 -0600,72beb21f34d76e4aa985299f6b31e193bc8b2ba0,TX,48059,2,2022-11-09T01:00:00.000Z,FIPSCode,48059,0,2022-11-14T18:27:14.174Z,8,99.0,8,100.0,58549,4769,90.61,63031,442,8.4,63506,37,0.7,63505,15,0.29,5316,99,5263,10020,8,8
1668450680,2022-11-14 12:31:20 -0600,3f9edd4cc8aefe5718ec2eb3fab8991864885de4,TX,48059,2,2022-11-09T01:00:00.000Z,FIPSCode,48059,0,2022-11-14T18:27:14.174Z,8,99.0,8,100.0,58549,4769,90.61,63031,442,8.4,63506,37,0.7,63505,15,0.29,5316,99,5263,10020,8,8
1668450692,2022-11-14 12:31:32 -0600,318bef8ec8398a5fc68a0aa90bfc01a9dfb7d90e,TX,48059,2,2022-11-09T01:00:00.000Z,FIPSCode,48059,0,2022-11-14T18:27:14.174Z,8,99.0,8,100.0,58549,4769,90.61,63031,442,8.4,63506,37,0.7,63505,15,0.29,5316,99,5263,10020,8,8
1668450704,2022-11-14 12:31:44 -0600,3f81855401a57890b6fe7d0e54fce7d97e52d5cf,TX,48059,2,2022-11-09T01:00:00.000Z,FIPSCode,48059,0,2022-11-14T18:27:14.174Z,8,99.0,8,100.0,58549,4769,90.61,63031,442,8.4,63506,37,0.7,63505,15,0.29,5316,99,5263,10020,8,8
1668450715,2022-11-14 12:31:55 -0600,fb7bb3443192652f7bdcbc99e4caa42fc09b43b7,TX,48059,2,2022-11-09T01:00:00.000Z,FIPSCode,48059,0,2022-11-14T18:27:14.174Z,8,99.0,8,100.0,58549,4769,90.61,63031,442,8.4,63506,37,0.7,63505,15,0.29,5316,99,5263,10020,8,8
1668450735,2022-11-14 12:32:15 -0600,76c1e65e178aa8698ae2566476d1bcaa2259854d,TX,48059,2,2022-11-09T01:00:00.000Z,FIPSCode,48059,0,2022-11-14T18:27:14.174Z,8,99.0,8,100.0,58549,4769,90.61,63031,442,8.4,63506,37,0.7,63505,15,0.29,5316,99,5263,10020,8,8
1668450747,2022-11-14 12:32:27 -0600,1da1595a4742a393eaf403786dd8a00422a875fb,TX,48059,2,2022-11-09T01:00:00.000Z,FIPSCode,48059,0,2022-11-14T18:27:14.174Z,8,99.0,8,100.0,58549,4769,90.61,63031,442,8.4,63506,37,0.7,63505,15,0.29,5316,99,5263,10020,8,8
1668450759,2022-11-14 12:32:39 -0600,d67ec8ca71b77cf18b502f08d005c77a255afbc4,TX,48059,2,2022-11-09T01:00:00.000Z,FIPSCode,48059,0,2022-11-14T18:27:14.174Z,8,99.0,8,100.0,58549,4769,90.61,63031,442,8.4,63506,37,0.7,63505,15,0.29,5316,99,5263,10020,8,8
1668450783,2022-11-14 12:33:03 -0600,25c7c41794c3f694e5c34fa8e03f480d6569ee52,TX,48059,2,2022-11-09T01:00:00.000Z,FIPSCode,48059,0,2022-11-14T18:27:14.174Z,8,99.0,8,100.0,58549,4769,90.61,63031,442,8.4,63506,37,0.7,63505,15,0.29,5316,99,5263,10020,8,8
1668450815,2022-11-14 12:33:35 -0600,f285b1267e91b86228be5577954a3ebbca0fa068,TX,48059,2,2022-11-09T01:00:00.000Z,FIPSCode,48059,0,2022-11-14T18:27:14.174Z,8,99.0,8,100.0,58549,4769,90.61,63031,442,8.4,63506,37,0.7,63505,15,0.29,5316,99,5263,10020,8,8
1668450845,2022-11-14 12:34:05 -0600,298970ae28a11ae59c3c084a9c3f8ff77fcef3ca,TX,48059,2,2022-11-09T01:00:00.000Z,FIPSCode,48059,0,2022-11-14T18:27:14.174Z,8,99.0,8,100.0,58549,4769,90.61,63031,442,8.4,63506,37,0.7,63505,15,0.29,5316,99,5263,10020,8,8
1668450856,2022-11-14 12:34:16 -0600,1d0e226e993a705f0e3ace1196f5c959453d936a,TX,48059,2,2022-11-09T01:00:00.000Z,FIPSCode,48059,0,2022-11-14T18:27:14.174Z,8,99.0,8,100.0,58549,4769,90.61,63031,442,8.4,63506,37,0.7,63505,15,0.29,5316,99,5263,10020,8,8
1668450874,2022-11-14 12:34:34 -0600,506d12294e823807c1fcd0379d48ce5be67fd67e,TX,48059,2,2022-11-09T01:00:00.000Z,FIPSCode,48059,0,2022-11-14T18:27:14.174Z,8,99.0,8,100.0,58549,4769,90.61,63031,442,8.4,63506,37,0.7,63505,15,0.29,5316,99,5263,10020,8,8
1668450911,2022-11-14 12:35:11 -0600,351ba244b18b5b1ae6591a2335b0ca7906a9378c,TX,48059,2,2022-11-09T01:00:00.000Z,FIPSCode,48059,0,2022-11-14T18:27:14.174Z,8,99.0,8,100.0,58549,4769,90.61,63031,442,8.4,63506,37,0.7,63505,15,0.29,5316,99,5263,10020,8,8
1668450929,2022-11-14 12:35:29 -0600,6499784e1bda1260a178f7db3ddfa0d1489e456f,TX,48059,2,2022-11-09T01:00:00.000Z,FIPSCode,48059,0,2022-11-14T18:27:14.174Z,8,99.0,8,100.0,58549,4769,90.61,63031,442,8.4,63506,37,0.7,63505,15,0.29,5316,99,5263,10020,8,8
1668450941,2022-11-14 12:35:41 -0600,e2243e92e3cd80b01058036371773d0b394085a9,TX,48059,2,2022-11-09T01:00:00.000Z,FIPSCode,48059,0,2022-11-14T18:27:14.174Z,8,99.0,8,100.0,58549,4769,90.61,63031,442,8.4,63506,37,0.7,63505,15,0.29,5316,99,5263,10020,8,8
1668450958,2022-11-14 12:35:58 -0600,61d42af67ba4a00e35d958bdce5d8b0b7bb58758,TX,48059,2,2022-11-09T01:00:00.000Z,FIPSCode,48059,0,2022-11-14T18:27:14.174Z,8,99.0,8,100.0,58549,4769,90.61,63031,442,8.4,63506,37,0.7,63505,15,0.29,5316,99,5263,10020,8,8
1668450970,2022-11-14 12:36:10 -0600,f013af744fa0264b0cdfa806b6aaf2599ab4cbf6,TX,48059,2,2022-11-09T01:00:00.000Z,FIPSCode,48059,0,2022-11-14T18:27:14.174Z,8,99.0,8,100.0,58549,4769,90.61,63031,442,8.4,63506,37,0.7,63505,15,0.29,5316,99,5263,10020,8,8
1668450988,2022-11-14 12:36:28 -0600,950c23c98a251de922751c0d39d226b03d09b5f5,TX,48059,2,2022-11-09T01:00:00.000Z,FIPSCode,48059,0,2022-11-14T18:27:14.174Z,8,99.0,8,100.0,58549,4769,90.61,63031,442,8.4,63506,37,0.7,63505,15,0.29,5316,99,5263,10020,8,8
1668451001,2022-11-14 12:36:41 -0600,5fa902587cc41c283e798030aef0476212ebae10,TX,48059,2,2022-11-09T01:00:00.000Z,FIPSCode,48059,0,2022-11-14T18:27:14.174Z,8,99.0,8,100.0,58549,4769,90.61,63031,442,8.4,63506,37,0.7,63505,15,0.29,5316,99,5263,10020,8,8
1668451018,2022-11-14 12:36:58 -0600,bf596384965ef5bcf00922d6ac66b516dab5d247,TX,48059,2,2022-11-09T01:00:00.000Z,FIPSCode,48059,0,2022-11-14T18:27:14.174Z,8,99.0,8,100.0,58549,4769,90.61,63031,442,8.4,63506,37,0.7,63505,15,0.29,5316,99,5263,10020,8,8
1668451036,2022-11-14 12:37:16 -0600,a29eff666558d477f8ee68d1329fc280cbf0dc24,TX,48059,2,2022-11-09T01:00:00.000Z,FIPSCode,48059,0,2022-11-14T18:27:14.174Z,8,99.0,8,100.0,58549,4769,90.61,63031,442,8.4,63506,37,0.7,63505,15,0.29,5316,99,5263,10020,8,8
1668451053,2022-11-14 12:37:33 -0600,eb23969866baac812738fe692fde3e911a86e4f3,TX,48059,2,2022-11-09T01:00:00.000Z,FIPSCode,48059,0,2022-11-14T18:27:14.174Z,8,99.0,8,100.0,58549,4769,90.61,63031,442,8.4,63506,37,0.7,63505,15,0.29,5316,99,5263,10020,8,8
1668451065,2022-11-14 12:37:45 -0600,87c9ac3e8cc6db840269a24d528d7881c0722504,TX,48059,2,2022-11-09T01:00:00.000Z,FIPSCode,48059,0,2022-11-14T18:27:14.174Z,8,99.0,8,100.0,58549,4769,90.61,63031,442,8.4,63506,37,0.7,63505,15,0.29,5316,99,5263,10020,8,8
1668451077,2022-11-14 12:37:57 -0600,929fbe429656cc7eb2d067b1d2c5418856157908,TX,48059,2,2022-11-09T01:00:00.000Z,FIPSCode,48059,0,2022-11-14T18:27:14.174Z,8,99.0,8,100.0,58549,4769,90.61,63031,442,8.4,63506,37,0.7,63505,15,0.29,5316,99,5263,10020,8,8
1668451094,2022-11-14 12:38:14 -0600,75863dd3a095fef8aae910720883e0c2dd2e8ff9,TX,48059,2,2022-11-09T01:00:00.000Z,FIPSCode,48059,0,2022-11-14T18:27:14.174Z,8,99.0,8,100.0,58549,4769,90.61,63031,442,8.4,63506,37,0.7,63505,15,0.29,5316,99,5263,10020,8,8
1668451112,2022-11-14 12:38:32 -0600,44aa509a9fc54d61665f72dc13905d4dd7bc3f07,TX,48059,2,2022-11-09T01:00:00.000Z,FIPSCode,48059,0,2022-11-14T18:27:14.174Z,8,99.0,8,100.0,58549,4769,90.61,63031,442,8.4,63506,37,0.7,63505,15,0.29,5316,99,5263,10020,8,8
1668451152,2022-11-14 12:39:12 -0600,50541d18724279cc6dad2c7a6f9a360b06d0aa27,TX,48059,2,2022-11-09T01:00:00.000Z,FIPSCode,48059,0,2022-11-14T18:27:14.174Z,8,99.0,8,100.0,58549,4769,90.61,63031,442,8.4,63506,37,0.7,63505,15,0.29,5316,99,5263,10020,8,8
1668451170,2022-11-14 12:39:30 -0600,5c6766c3a83c11b1cb69a72036dbdc7d471216c3,TX,48059,2,2022-11-09T01:00:00.000Z,FIPSCode,48059,0,2022-11-14T18:27:14.174Z,8,99.0,8,100.0,58549,4769,90.61,63031,442,8.4,63506,37,0.7,63505,15,0.29,5316,99,5263,10020,8,8
1668451181,2022-11-14 12:39:41 -0600,58bcbc45039bd73a068dd2b54e95166d2eeb787f,TX,48059,2,2022-11-09T01:00:00.000Z,FIPSCode,48059,0,2022-11-14T18:27:14.174Z,8,99.0,8,100.0,58549,4769,90.61,63031,442,8.4,63506,37,0.7,63505,15,0.29,5316,99,5263,10020,8,8
1668451199,2022-11-14 12:39:59 -0600,ae1d0739407bdf19c902cde4784c79b5663924c0,TX,48059,2,2022-11-09T01:00:00.000Z,FIPSCode,48059,0,2022-11-14T18:27:14.174Z,8,99.0,8,100.0,58549,4769,90.61,63031,442,8.4,63506,37,0.7,63505,15,0.29,5316,99,5263,10020,8,8
1668451216,2022-11-14 12:40:16 -0600,ca3fb5b8eab643eb0943c25aef7e4a8899cd2d59,TX,48059,2,2022-11-09T01:00:00.000Z,FIPSCode,48059,0,2022-11-14T18:27:14.174Z,8,99.0,8,100.0,58549,4769,90.61,63031,442,8.4,63506,37,0.7,63505,15,0.29,5316,99,5263,10020,8,8
1668451234,2022-11-14 12:40:34 -0600,8f127af2c64c673aa064afa2791a62031e5c35e4,TX,48059,2,2022-11-09T01:00:00.000Z,FIPSCode,48059,0,2022-11-14T18:27:14.174Z,8,99.0,8,100.0,58549,4769,90.61,63031,442,8.4,63506,37,0.7,63505,15,0.29,5316,99,5263,10020,8,8
1668451269,2022-11-14 12:41:09 -0600,ceb9308be85d0176bd259eceb0dbbe6141bc3d8b,TX,48059,2,2022-11-09T01:00:00.000Z,FIPSCode,48059,0,2022-11-14T18:27:14.174Z,8,99.0,8,100.0,58549,4769,90.61,63031,442,8.4,63506,37,0.7,63505,15,0.29,5316,99,5263,10020,8,8
1668451292,2022-11-14 12:41:32 -0600,8bb2000a954668efdbb4414e46f515e84ccdbeb1,TX,48059,2,2022-11-09T01:00:00.000Z,FIPSCode,48059,0,2022-11-14T18:27:14.174Z,8,99.0,8,100.0,58549,4769,90.61,63031,442,8.4,63506,37,0.7,63505,15,0.29,5316,99,5263,10020,8,8
1668451327,2022-11-14 12:42:07 -0600,357f8b58c09be9403f035279f4f16422e317f0c1,TX,48059,2,2022-11-09T01:00:00.000Z,FIPSCode,48059,0,2022-11-14T18:27:14.174Z,8,99.0,8,100.0,58549,4769,90.61,63031,442,8.4,63506,37,0.7,63505,15,0.29,5316,99,5263,10020,8,8
1668451344,2022-11-14 12:42:24 -0600,ef2373005537c4ba485a107c8e4fbf22b5fbb26d,TX,48059,2,2022-11-09T01:00:00.000Z,FIPSCode,48059,0,2022-11-14T18:27:14.174Z,8,99.0,8,100.0,58549,4769,90.61,63031,442,8.4,63506,37,0.7,63505,15,0.29,5316,99,5263,10020,8,8
1668451357,2022-11-14 12:42:37 -0600,ab18a3671bdeeef18723707bce3ff615b3a9bbed,TX,48059,2,2022-11-09T01:00:00.000Z,FIPSCode,48059,0,2022-11-14T18:27:14.174Z,8,99.0,8,100.0,58549,4769,90.61,63031,442,8.4,63506,37,0.7,63505,15,0.29,5316,99,5263,10020,8,8
1668451371,2022-11-14 12:42:51 -0600,310e94d4e86bedbe98d0cd82de45b035488a3246,TX,48059,2,2022-11-09T01:00:00.000Z,FIPSCode,48059,0,2022-11-14T18:27:14.174Z,8,99.0,8,100.0,58549,4769,90.61,63031,442,8.4,63506,37,0.7,63505,15,0.29,5316,99,5263,10020,8,8
1668451383,2022-11-14 12:43:03 -0600,d3770d76a5827ed5c138d523b1c93f285e21884c,TX,48059,2,2022-11-09T01:00:00.000Z,FIPSCode,48059,0,2022-11-14T18:27:14.174Z,8,99.0,8,100.0,58549,4769,90.61,63031,442,8.4,63506,37,0.7,63505,15,0.29,5316,99,5263,10020,8,8
1668451414,2022-11-14 12:43:34 -0600,deeff7ae3600146c167a3d88034fa946b35a5d19,TX,48059,2,2022-11-09T01:00:00.000Z,FIPSCode,48059,0,2022-11-14T18:27:14.174Z,8,99.0,8,100.0,58549,4769,90.61,63031,442,8.4,63506,37,0.7,63505,15,0.29,5316,99,5263,10020,8,8
1668451443,2022-11-14 12:44:03 -0600,e816268ced514547f70c28a7208b3485cad6fd7f,TX,48059,2,2022-11-09T01:00:00.000Z,FIPSCode,48059,0,2022-11-14T18:27:14.174Z,8,99.0,8,100.0,58549,4769,90.61,63031,442,8.4,63506,37,0.7,63505,15,0.29,5316,99,5263,10020,8,8
1668451456,2022-11-14 12:44:16 -0600,05ae880b157bbf6f9f36f11ac1c6fa1c5e0e142e,TX,48059,2,2022-11-09T01:00:00.000Z,FIPSCode,48059,0,2022-11-14T18:27:14.174Z,8,99.0,8,100.0,58549,4769,90.61,63031,442,8.4,63506,37,0.7,63505,15,0.29,5316,99,5263,10020,8,8
1668451474,2022-11-14 12:44:34 -0600,87caba878868f82bae4c7e07844b5e5af1b77fc8,TX,48059,2,2022-11-09T01:00:00.000Z,FIPSCode,48059,0,2022-11-14T18:27:14.174Z,8,99.0,8,100.0,58549,4769,90.61,63031,442,8.4,63506,37,0.7,63505,15,0.29,5316,99,5263,10020,8,8
1668451516,2022-11-14 12:45:16 -0600,930ca0f9d73ff0516fb5849f5ce9ea7c06d7f98b,TX,48059,2,2022-11-09T01:00:00.000Z,FIPSCode,48059,0,2022-11-14T18:27:14.174Z,8,99.0,8,100.0,58549,4769,90.61,63031,442,8.4,63506,37,0.7,63505,15,0.29,5316,99,5263,10020,8,8
1668451539,2022-11-14 12:45:39 -0600,38e8d6426b8068b464343fdaa614f0aa12c2bae1,TX,48059,2,2022-11-09T01:00:00.000Z,FIPSCode,48059,0,2022-11-14T18:27:14.174Z,8,99.0,8,100.0,58549,4769,90.61,63031,442,8.4,63506,37,0.7,63505,15,0.29,5316,99,5263,10020,8,8
1668451556,2022-11-14 12:45:56 -0600,561179061c4449f31cca8802a60022d2472fc334,TX,48059,2,2022-11-09T01:00:00.000Z,FIPSCode,48059,0,2022-11-14T18:27:14.174Z,8,99.0,8,100.0,58549,4769,90.61,63031,442,8.4,63506,37,0.7,63505,15,0.29,5316,99,5263,10020,8,8
1668451573,2022-11-14 12:46:13 -0600,2fa6b40e1920afcf24cd070c33d74e152f2ad326,TX,48059,2,2022-11-09T01:00:00.000Z,FIPSCode,48059,0,2022-11-14T18:27:14.174Z,8,99.0,8,100.0,58549,4769,90.61,63031,442,8.4,63506,37,0.7,63505,15,0.29,5316,99,5263,10020,8,8
1668451597,2022-11-14 12:46:37 -0600,1b124f227ecbfcd89514083bab5a698c673ff163,TX,48059,2,2022-11-09T01:00:00.000Z,FIPSCode,48059,0,2022-11-14T18:27:14.174Z,8,99.0,8,100.0,58549,4769,90.61,63031,442,8.4,63506,37,0.7,63505,15,0.29,5316,99,5263,10020,8,8
1668451614,2022-11-14 12:46:54 -0600,a2b8f40ab4ce434eca3c06852abf8a48cbbbb668,TX,48059,2,2022-11-09T01:00:00.000Z,FIPSCode,48059,0,2022-11-14T18:27:14.174Z,8,99.0,8,100.0,58549,4769,90.61,63031,442,8.4,63506,37,0.7,63505,15,0.29,5316,99,5263,10020,8,8
1668451620,2022-11-14 12:47:00 -0600,77e7ace0cc2b9434dd8fa817e6da011c2637da18,TX,48059,2,2022-11-09T01:00:00.000Z,FIPSCode,48059,0,2022-11-14T18:27:14.174Z,8,99.0,8,100.0,58549,4769,90.61,63031,442,8.4,63506,37,0.7,63505,15,0.29,5316,99,5263,10020,8,8
1668451666,2022-11-14 12:47:46 -0600,baa8b438ba97574346f12ac6b3cc605c24eb8d5d,TX,48059,2,2022-11-09T01:00:00.000Z,FIPSCode,48059,0,2022-11-14T18:27:14.174Z,8,99.0,8,100.0,58549,4769,90.61,63031,442,8.4,63506,37,0.7,63505,15,0.29,5316,99,5263,10020,8,8
1668451684,2022-11-14 12:48:04 -0600,f966c17e9a0dfb5a68c27cdb0d3b2f5806d3abc1,TX,48059,2,2022-11-09T01:00:00.000Z,FIPSCode,48059,0,2022-11-14T18:27:14.174Z,8,99.0,8,100.0,58549,4769,90.61,63031,442,8.4,63506,37,0.7,63505,15,0.29,5316,99,5263,10020,8,8
1668451696,2022-11-14 12:48:16 -0600,5e402bcae6d4f8a8c567fc15939566abb5bb8b3d,TX,48059,2,2022-11-09T01:00:00.000Z,FIPSCode,48059,0,2022-11-14T18:27:14.174Z,8,99.0,8,100.0,58549,4769,90.61,63031,442,8.4,63506,37,0.7,63505,15,0.29,5316,99,5263,10020,8,8
1668451726,2022-11-14 12:48:46 -0600,8efd259b4db71d68d1843043a81ceed4f2c56289,TX,48059,2,2022-11-09T01:00:00.000Z,FIPSCode,48059,0,2022-11-14T18:27:14.174Z,8,99.0,8,100.0,58549,4769,90.61,63031,442,8.4,63506,37,0.7,63505,15,0.29,5316,99,5263,10020,8,8
1668451732,2022-11-14 12:48:52 -0600,e9bd546f5702d705a2876db4392278d23bccb1bc,TX,48059,2,2022-11-09T01:00:00.000Z,FIPSCode,48059,0,2022-11-14T18:27:14.174Z,8,99.0,8,100.0,58549,4769,90.61,63031,442,8.4,63506,37,0.7,63505,15,0.29,5316,99,5263,10020,8,8
1668451773,2022-11-14 12:49:33 -0600,4def4b5f743dfbb8f902ddbee4841d2a9a57e616,TX,48059,2,2022-11-09T01:00:00.000Z,FIPSCode,48059,0,2022-11-14T18:27:14.174Z,8,99.0,8,100.0,58549,4769,90.61,63031,442,8.4,63506,37,0.7,63505,15,0.29,5316,99,5263,10020,8,8
1668451796,2022-11-14 12:49:56 -0600,a70a7fda4273ea7a76cb2b3ea3f22dc86f92b2fa,TX,48059,2,2022-11-09T01:00:00.000Z,FIPSCode,48059,0,2022-11-14T18:27:14.174Z,8,99.0,8,100.0,58549,4769,90.61,63031,442,8.4,63506,37,0.7,63505,15,0.29,5316,99,5263,10020,8,8
1668451814,2022-11-14 12:50:14 -0600,2f0e9ee810b1652a23fbc3caa7533555084014cd,TX,48059,2,2022-11-09T01:00:00.000Z,FIPSCode,48059,0,2022-11-14T18:27:14.174Z,8,99.0,8,100.0,58549,4769,90.61,63031,442,8.4,63506,37,0.7,63505,15,0.29,5316,99,5263,10020,8,8
1668451832,2022-11-14 12:50:32 -0600,24a39c40a971be5263314b9b16006d40fdb8562e,TX,48059,2,2022-11-09T01:00:00.000Z,FIPSCode,48059,0,2022-11-14T18:27:14.174Z,8,99.0,8,100.0,58549,4769,90.61,63031,442,8.4,63506,37,0.7,63505,15,0.29,5316,99,5263,10020,8,8
1668451842,2022-11-14 12:50:42 -0600,39f51d6c49916aca35f8611b7f61c9cc9532ac7b,TX,48059,2,2022-11-09T01:00:00.000Z,FIPSCode,48059,0,2022-11-14T18:27:14.174Z,8,99.0,8,100.0,58549,4769,90.61,63031,442,8.4,63506,37,0.7,63505,15,0.29,5316,99,5263,10020,8,8
1668451861,2022-11-14 12:51:01 -0600,4dc5921e486c6286154b85fef939d86c365fed13,TX,48059,2,2022-11-09T01:00:00.000Z,FIPSCode,48059,0,2022-11-14T18:27:14.174Z,8,99.0,8,100.0,58549,4769,90.61,63031,442,8.4,63506,37,0.7,63505,15,0.29,5316,99,5263,10020,8,8
1668451904,2022-11-14 12:51:44 -0600,4b4c048ed3db67d29a9fe9fbbc50d7b4e9ad87e9,TX,48059,2,2022-11-09T01:00:00.000Z,FIPSCode,48059,0,2022-11-14T18:27:14.174Z,8,99.0,8,100.0,58549,4769,90.61,63031,442,8.4,63506,37,0.7,63505,15,0.29,5316,99,5263,10020,8,8
1668451923,2022-11-14 12:52:03 -0600,e70160bdfec9bc13c0f261c139616bda706a921b,TX,48059,2,2022-11-09T01:00:00.000Z,FIPSCode,48059,0,2022-11-14T18:27:14.174Z,8,99.0,8,100.0,58549,4769,90.61,63031,442,8.4,63506,37,0.7,63505,15,0.29,5316,99,5263,10020,8,8
1668451935,2022-11-14 12:52:15 -0600,92ee164aa0e98f90bd09792f600e4149e904e80d,TX,48059,2,2022-11-09T01:00:00.000Z,FIPSCode,48059,0,2022-11-14T18:27:14.174Z,8,99.0,8,100.0,58549,4769,90.61,63031,442,8.4,63506,37,0.7,63505,15,0.29,5316,99,5263,10020,8,8
1668451946,2022-11-14 12:52:26 -0600,1c63dca769a9aa318ddfa92ccdc04bb53de6e5a4,TX,48059,2,2022-11-09T01:00:00.000Z,FIPSCode,48059,0,2022-11-14T18:27:14.174Z,8,99.0,8,100.0,58549,4769,90.61,63031,442,8.4,63506,37,0.7,63505,15,0.29,5316,99,5263,10020,8,8
1668452064,2022-11-14 12:54:24 -0600,4e6f537a5806dc11166404214c98959ad8549f0a,TX,48059,2,2022-11-09T01:00:00.000Z,FIPSCode,48059,0,2022-11-14T18:27:14.174Z,8,99.0,8,100.0,58549,4769,90.61,63031,442,8.4,63506,37,0.7,63505,15,0.29,5316,99,5263,10020,8,8
1668452079,2022-11-14 12:54:39 -0600,0de3195b71ac9ab1b78932be705325f4b3ec1dce,TX,48059,2,2022-11-09T01:00:00.000Z,FIPSCode,48059,0,2022-11-14T18:27:14.174Z,8,99.0,8,100.0,58549,4769,90.61,63031,442,8.4,63506,37,0.7,63505,15,0.29,5316,99,5263,10020,8,8
1668452090,2022-11-14 12:54:50 -0600,7d46b748e4060aaa06949ac67119cd0c1a13a9a5,TX,48059,2,2022-11-09T01:00:00.000Z,FIPSCode,48059,0,2022-11-14T18:27:14.174Z,8,99.0,8,100.0,58549,4769,90.61,63031,442,8.4,63506,37,0.7,63505,15,0.29,5316,99,5263,10020,8,8
1668452131,2022-11-14 12:55:31 -0600,cd21c536d7e29ba2f8fc91e94628bfa374a6284e,TX,48059,2,2022-11-09T01:00:00.000Z,FIPSCode,48059,0,2022-11-14T18:27:14.174Z,8,99.0,8,100.0,58549,4769,90.61,63031,442,8.4,63506,37,0.7,63505,15,0.29,5316,99,5263,10020,8,8
1668452138,2022-11-14 12:55:38 -0600,bb02624f29ebe76c274554973ef9d2cafef1717b,TX,48059,2,2022-11-09T01:00:00.000Z,FIPSCode,48059,0,2022-11-14T18:27:14.174Z,8,99.0,8,100.0,58549,4769,90.61,63031,442,8.4,63506,37,0.7,63505,15,0.29,5316,99,5263,10020,8,8
1668452149,2022-11-14 12:55:49 -0600,3f88f7a4f3db0cae8c1e8a12a072bd913d4dea33,TX,48059,2,2022-11-09T01:00:00.000Z,FIPSCode,48059,0,2022-11-14T18:27:14.174Z,8,99.0,8,100.0,58549,4769,90.61,63031,442,8.4,63506,37,0.7,63505,15,0.29,5316,99,5263,10020,8,8
1668452161,2022-11-14 12:56:01 -0600,f37977030ebfe6d7d1eff68aa1c0d4535805845e,TX,48059,2,2022-11-09T01:00:00.000Z,FIPSCode,48059,0,2022-11-14T18:27:14.174Z,8,99.0,8,100.0,58549,4769,90.61,63031,442,8.4,63506,37,0.7,63505,15,0.29,5316,99,5263,10020,8,8
1668452191,2022-11-14 12:56:31 -0600,932ecb1b504c516e337bdc34e45557adbd3c877e,TX,48059,2,2022-11-09T01:00:00.000Z,FIPSCode,48059,0,2022-11-14T18:27:14.174Z,8,99.0,8,100.0,58549,4769,90.61,63031,442,8.4,63506,37,0.7,63505,15,0.29,5316,99,5263,10020,8,8
1668452198,2022-11-14 12:56:38 -0600,709e13465bca7041f40554bcbedd2ec9b5a0b936,TX,48059,2,2022-11-09T01:00:00.000Z,FIPSCode,48059,0,2022-11-14T18:27:14.174Z,8,99.0,8,100.0,58549,4769,90.61,63031,442,8.4,63506,37,0.7,63505,15,0.29,5316,99,5263,10020,8,8
1668452211,2022-11-14 12:56:51 -0600,6dcbcc79a91405e7bf482a10edac45de8b5343e8,TX,48059,2,2022-11-09T01:00:00.000Z,FIPSCode,48059,0,2022-11-14T18:27:14.174Z,8,99.0,8,100.0,58549,4769,90.61,63031,442,8.4,63506,37,0.7,63505,15,0.29,5316,99,5263,10020,8,8
1668452258,2022-11-14 12:57:38 -0600,7d18c41d8fd1d04b7b6ef4af0c50dc49aa2fe3ba,TX,48059,2,2022-11-09T01:00:00.000Z,FIPSCode,48059,0,2022-11-14T18:27:14.174Z,8,99.0,8,100.0,58549,4769,90.61,63031,442,8.4,63506,37,0.7,63505,15,0.29,5316,99,5263,10020,8,8
1668452264,2022-11-14 12:57:44 -0600,e6c3d05982b1acfe387e228c16f605d68e9eb45a,TX,48059,2,2022-11-09T01:00:00.000Z,FIPSCode,48059,0,2022-11-14T18:27:14.174Z,8,99.0,8,100.0,58549,4769,90.61,63031,442,8.4,63506,37,0.7,63505,15,0.29,5316,99,5263,10020,8,8
1668452277,2022-11-14 12:57:57 -0600,3de62a366d017553e9b3c9ca5ace0e6d4883d894,TX,48059,2,2022-11-09T01:00:00.000Z,FIPSCode,48059,0,2022-11-14T18:27:14.174Z,8,99.0,8,100.0,58549,4769,90.61,63031,442,8.4,63506,37,0.7,63505,15,0.29,5316,99,5263,10020,8,8
1668452294,2022-11-14 12:58:14 -0600,641545c170e1512addbb7432bcbbea1938249e16,TX,48059,2,2022-11-09T01:00:00.000Z,FIPSCode,48059,0,2022-11-14T18:27:14.174Z,8,99.0,8,100.0,58549,4769,90.61,63031,442,8.4,63506,37,0.7,63505,15,0.29,5316,99,5263,10020,8,8
1668452311,2022-11-14 12:58:31 -0600,c2ac7a7dfae18c2072e192a8a40efc6f34b6aa61,TX,48059,2,2022-11-09T01:00:00.000Z,FIPSCode,48059,0,2022-11-14T18:27:14.174Z,8,99.0,8,100.0,58549,4769,90.61,63031,442,8.4,63506,37,0.7,63505,15,0.29,5316,99,5263,10020,8,8
1668452317,2022-11-14 12:58:37 -0600,e3bf76e27cd6a7c2e19e04f6738752f8e7985741,TX,48059,2,2022-11-09T01:00:00.000Z,FIPSCode,48059,0,2022-11-14T18:27:14.174Z,8,99.0,8,100.0,58549,4769,90.61,63031,442,8.4,63506,37,0.7,63505,15,0.29,5316,99,5263,10020,8,8
1668452343,2022-11-14 12:59:03 -0600,3cd8f6baed19987806bce5d9f9ab425fa7ba8917,TX,48059,2,2022-11-09T01:00:00.000Z,FIPSCode,48059,0,2022-11-14T18:27:14.174Z,8,99.0,8,100.0,58549,4769,90.61,63031,442,8.4,63506,37,0.7,63505,15,0.29,5316,99,5263,10020,8,8
1668452371,2022-11-14 12:59:31 -0600,5d406fdb658c8e5679bc8de1fad783ad1c01fe1d,TX,48059,2,2022-11-09T01:00:00.000Z,FIPSCode,48059,0,2022-11-14T18:27:14.174Z,8,99.0,8,100.0,58549,4769,90.61,63031,442,8.4,63506,37,0.7,63505,15,0.29,5316,99,5263,10020,8,8
1668452378,2022-11-14 12:59:38 -0600,f88e8d8cff2a3faacdfae236ddef2caf36bd4a7d,TX,48059,2,2022-11-09T01:00:00.000Z,FIPSCode,48059,0,2022-11-14T18:27:14.174Z,8,99.0,8,100.0,58549,4769,90.61,63031,442,8.4,63506,37,0.7,63505,15,0.29,5316,99,5263,10020,8,8
1668452412,2022-11-14 13:00:12 -0600,bd81d6fd931f860701f4ce2d45d3dde7be45e23d,TX,48059,2,2022-11-09T01:00:00.000Z,FIPSCode,48059,0,2022-11-14T18:27:14.174Z,8,99.0,8,100.0,58549,4769,90.61,63031,442,8.4,63506,37,0.7,63505,15,0.29,5316,99,5263,10020,8,8
1668452430,2022-11-14 13:00:30 -0600,3690247860101fbbbe946fb55e3b55907feaa82c,TX,48059,2,2022-11-09T01:00:00.000Z,FIPSCode,48059,0,2022-11-14T18:27:14.174Z,8,99.0,8,100.0,58549,4769,90.61,63031,442,8.4,63506,37,0.7,63505,15,0.29,5316,99,5263,10020,8,8
1668452436,2022-11-14 13:00:36 -0600,8a18fb4c1bb2764911cbbf01c940f0e34649ca68,TX,48059,2,2022-11-09T01:00:00.000Z,FIPSCode,48059,0,2022-11-14T18:27:14.174Z,8,99.0,8,100.0,58549,4769,90.61,63031,442,8.4,63506,37,0.7,63505,15,0.29,5316,99,5263,10020,8,8
1668452470,2022-11-14 13:01:10 -0600,f81e9aeecebf8937e6cd53c9860a16946290cd10,TX,48059,2,2022-11-09T01:00:00.000Z,FIPSCode,48059,0,2022-11-14T18:27:14.174Z,8,99.0,8,100.0,58549,4769,90.61,63031,442,8.4,63506,37,0.7,63505,15,0.29,5316,99,5263,10020,8,8
1668452488,2022-11-14 13:01:28 -0600,9e7e942f4c6f9eaff8caf30b1f4e1b03cdfbbcd1,TX,48059,2,2022-11-09T01:00:00.000Z,FIPSCode,48059,0,2022-11-14T18:27:14.174Z,8,99.0,8,100.0,58549,4769,90.61,63031,442,8.4,63506,37,0.7,63505,15,0.29,5316,99,5263,10020,8,8
1668452494,2022-11-14 13:01:34 -0600,7a9034ec5ca69c74e2aec8c87d52bea90b65e7ec,TX,48059,2,2022-11-09T01:00:00.000Z,FIPSCode,48059,0,2022-11-14T18:27:14.174Z,8,99.0,8,100.0,58549,4769,90.61,63031,442,8.4,63506,37,0.7,63505,15,0.29,5316,99,5263,10020,8,8
1668452507,2022-11-14 13:01:47 -0600,10f1605f3f2a13b6ef8b1294acbcec97f1e69943,TX,48059,2,2022-11-09T01:00:00.000Z,FIPSCode,48059,0,2022-11-14T18:27:14.174Z,8,99.0,8,100.0,58549,4769,90.61,63031,442,8.4,63506,37,0.7,63505,15,0.29,5316,99,5263,10020,8,8
1668452526,2022-11-14 13:02:06 -0600,7fc64f407926087ce4021367c7d637cde5ac4a28,TX,48059,2,2022-11-09T01:00:00.000Z,FIPSCode,48059,0,2022-11-14T18:27:14.174Z,8,99.0,8,100.0,58549,4769,90.61,63031,442,8.4,63506,37,0.7,63505,15,0.29,5316,99,5263,10020,8,8
1668452537,2022-11-14 13:02:17 -0600,91405d57ee77c7d4be738dd6fa6d86bca2308963,TX,48059,2,2022-11-09T01:00:00.000Z,FIPSCode,48059,0,2022-11-14T18:27:14.174Z,8,99.0,8,100.0,58549,4769,90.61,63031,442,8.4,63506,37,0.7,63505,15,0.29,5316,99,5263,10020,8,8
1668452555,2022-11-14 13:02:35 -0600,ba3618275d8bf2314990edc558b30a649431bdf7,TX,48059,2,2022-11-09T01:00:00.000Z,FIPSCode,48059,0,2022-11-14T18:27:14.174Z,8,99.0,8,100.0,58549,4769,90.61,63031,442,8.4,63506,37,0.7,63505,15,0.29,5316,99,5263,10020,8,8
1668452585,2022-11-14 13:03:05 -0600,7d8af1f2a1ed5d40d35253fcb4670df7015bcc56,TX,48059,2,2022-11-09T01:00:00.000Z,FIPSCode,48059,0,2022-11-14T18:27:14.174Z,8,99.0,8,100.0,58549,4769,90.61,63031,442,8.4,63506,37,0.7,63505,15,0.29,5316,99,5263,10020,8,8
1668452602,2022-11-14 13:03:22 -0600,c2bdafa8e05282f15a18d8252f2bcf09411904a2,TX,48059,2,2022-11-09T01:00:00.000Z,FIPSCode,48059,0,2022-11-14T18:27:14.174Z,8,99.0,8,100.0,58549,4769,90.61,63031,442,8.4,63506,37,0.7,63505,15,0.29,5316,99,5263,10020,8,8
1668452614,2022-11-14 13:03:34 -0600,b77ba15b17870e01de0f977899aca567009004d1,TX,48059,2,2022-11-09T01:00:00.000Z,FIPSCode,48059,0,2022-11-14T18:27:14.174Z,8,99.0,8,100.0,58549,4769,90.61,63031,442,8.4,63506,37,0.7,63505,15,0.29,5316,99,5263,10020,8,8
1668452625,2022-11-14 13:03:45 -0600,1b3abf2989fcf58485d6416b41c6ccc4df2d5518,TX,48059,2,2022-11-09T01:00:00.000Z,FIPSCode,48059,0,2022-11-14T18:27:14.174Z,8,99.0,8,100.0,58549,4769,90.61,63031,442,8.4,63506,37,0.7,63505,15,0.29,5316,99,5263,10020,8,8
1668452643,2022-11-14 13:04:03 -0600,95d708fc82f21aa8e7f93a7d61e513d3dc6b33c3,TX,48059,2,2022-11-09T01:00:00.000Z,FIPSCode,48059,0,2022-11-14T18:27:14.174Z,8,99.0,8,100.0,58549,4769,90.61,63031,442,8.4,63506,37,0.7,63505,15,0.29,5316,99,5263,10020,8,8
1668452660,2022-11-14 13:04:20 -0600,2ff690dbf937e4f14a0001cd3c50edba6a2ba312,TX,48059,2,2022-11-09T01:00:00.000Z,FIPSCode,48059,0,2022-11-14T18:27:14.174Z,8,99.0,8,100.0,58549,4769,90.61,63031,442,8.4,63506,37,0.7,63505,15,0.29,5316,99,5263,10020,8,8
1668452677,2022-11-14 13:04:37 -0600,7d703f01a63563e3bb03f5cb44589e3480fb71b9,TX,48059,2,2022-11-09T01:00:00.000Z,FIPSCode,48059,0,2022-11-14T18:27:14.174Z,8,99.0,8,100.0,58549,4769,90.61,63031,442,8.4,63506,37,0.7,63505,15,0.29,5316,99,5263,10020,8,8
1668452683,2022-11-14 13:04:43 -0600,0ee8ab038e882ea686a7e342e267d7f37b232927,TX,48059,2,2022-11-09T01:00:00.000Z,FIPSCode,48059,0,2022-11-14T18:27:14.174Z,8,99.0,8,100.0,58549,4769,90.61,63031,442,8.4,63506,37,0.7,63505,15,0.29,5316,99,5263,10020,8,8
1668452700,2022-11-14 13:05:00 -0600,677c30ff27f4a8902b8c935ca1ec4cdec90851fa,TX,48059,2,2022-11-09T01:00:00.000Z,FIPSCode,48059,0,2022-11-14T18:27:14.174Z,8,99.0,8,100.0,58549,4769,90.61,63031,442,8.4,63506,37,0.7,63505,15,0.29,5316,99,5263,10020,8,8
1668452707,2022-11-14 13:05:07 -0600,0339dc0c01158fda793d8ebf5addcce2a394eff2,TX,48059,2,2022-11-09T01:00:00.000Z,FIPSCode,48059,0,2022-11-14T18:27:14.174Z,8,99.0,8,100.0,58549,4769,90.61,63031,442,8.4,63506,37,0.7,63505,15,0.29,5316,99,5263,10020,8,8
1668452725,2022-11-14 13:05:25 -0600,6375b79748e1397d1ae90f404278176273fd5925,TX,48059,2,2022-11-09T01:00:00.000Z,FIPSCode,48059,0,2022-11-14T18:27:14.174Z,8,99.0,8,100.0,58549,4769,90.61,63031,442,8.4,63506,37,0.7,63505,15,0.29,5316,99,5263,10020,8,8
1668452737,2022-11-14 13:05:37 -0600,a74ac4050a8b893a57263299e54717ad99f37626,TX,48059,2,2022-11-09T01:00:00.000Z,FIPSCode,48059,0,2022-11-14T18:27:14.174Z,8,99.0,8,100.0,58549,4769,90.61,63031,442,8.4,63506,37,0.7,63505,15,0.29,5316,99,5263,10020,8,8
1668452743,2022-11-14 13:05:43 -0600,87ddf83c867a871501007c2a072f75a8dfecab6e,TX,48059,2,2022-11-09T01:00:00.000Z,FIPSCode,48059,0,2022-11-14T18:27:14.174Z,8,99.0,8,100.0,58549,4769,90.61,63031,442,8.4,63506,37,0.7,63505,15,0.29,5316,99,5263,10020,8,8
1668452749,2022-11-14 13:05:49 -0600,5b6a25ba19eecb1d11210b2d94fd314a529c8416,TX,48059,2,2022-11-09T01:00:00.000Z,FIPSCode,48059,0,2022-11-14T18:27:14.174Z,8,99.0,8,100.0,58549,4769,90.61,63031,442,8.4,63506,37,0.7,63505,15,0.29,5316,99,5263,10020,8,8
1668452790,2022-11-14 13:06:30 -0600,844098e2b81edea5763403dcf8c3165100905fcf,TX,48059,2,2022-11-09T01:00:00.000Z,FIPSCode,48059,0,2022-11-14T18:27:14.174Z,8,99.0,8,100.0,58549,4769,90.61,63031,442,8.4,63506,37,0.7,63505,15,0.29,5316,99,5263,10020,8,8
1668452814,2022-11-14 13:06:54 -0600,57301c97781183af5b583aec3ad2b42a4ed9f993,TX,48059,2,2022-11-09T01:00:00.000Z,FIPSCode,48059,0,2022-11-14T18:27:14.174Z,8,99.0,8,100.0,58549,4769,90.61,63031,442,8.4,63506,37,0.7,63505,15,0.29,5316,99,5263,10020,8,8
1668452856,2022-11-14 13:07:36 -0600,f029c7c920ae0c199fef4df864e8c08d19a843a4,TX,48059,2,2022-11-09T01:00:00.000Z,FIPSCode,48059,0,2022-11-14T18:27:14.174Z,8,99.0,8,100.0,58549,4769,90.61,63031,442,8.4,63506,37,0.7,63505,15,0.29,5316,99,5263,10020,8,8
1668452868,2022-11-14 13:07:48 -0600,eaa61ada4146c5604cae997bccb762569cc539ac,TX,48059,2,2022-11-09T01:00:00.000Z,FIPSCode,48059,0,2022-11-14T18:27:14.174Z,8,99.0,8,100.0,58549,4769,90.61,63031,442,8.4,63506,37,0.7,63505,15,0.29,5316,99,5263,10020,8,8
1668452876,2022-11-14 13:07:56 -0600,e7d358d4533b63c0c5a2f4cf139a112c76ed854d,TX,48059,2,2022-11-09T01:00:00.000Z,FIPSCode,48059,0,2022-11-14T18:27:14.174Z,8,99.0,8,100.0,58549,4769,90.61,63031,442,8.4,63506,37,0.7,63505,15,0.29,5316,99,5263,10020,8,8
1668452917,2022-11-14 13:08:37 -0600,f69162ee5450aa8357eda5409d3bf81a0630fe6e,TX,48059,2,2022-11-09T01:00:00.000Z,FIPSCode,48059,0,2022-11-14T18:27:14.174Z,8,99.0,8,100.0,58549,4769,90.61,63031,442,8.4,63506,37,0.7,63505,15,0.29,5316,99,5263,10020,8,8
1668452929,2022-11-14 13:08:49 -0600,154e9c63031d597ede312f200eb0a4e1fd592872,TX,48059,2,2022-11-09T01:00:00.000Z,FIPSCode,48059,0,2022-11-14T18:27:14.174Z,8,99.0,8,100.0,58549,4769,90.61,63031,442,8.4,63506,37,0.7,63505,15,0.29,5316,99,5263,10020,8,8
1668452942,2022-11-14 13:09:02 -0600,9bb97c40af78e7f7d3aca57e229a38249cff174c,TX,48059,2,2022-11-09T01:00:00.000Z,FIPSCode,48059,0,2022-11-14T18:27:14.174Z,8,99.0,8,100.0,58549,4769,90.61,63031,442,8.4,63506,37,0.7,63505,15,0.29,5316,99,5263,10020,8,8
1668452970,2022-11-14 13:09:30 -0600,ebfc66e4f42127dbe77b261676b2065a2e4c03d6,TX,48059,2,2022-11-09T01:00:00.000Z,FIPSCode,48059,0,2022-11-14T18:27:14.174Z,8,99.0,8,100.0,58549,4769,90.61,63031,442,8.4,63506,37,0.7,63505,15,0.29,5316,99,5263,10020,8,8
1668452983,2022-11-14 13:09:43 -0600,ecada1c77ff2217b4da653416de56657ce88ceaf,TX,48059,2,2022-11-09T01:00:00.000Z,FIPSCode,48059,0,2022-11-14T18:27:14.174Z,8,99.0,8,100.0,58549,4769,90.61,63031,442,8.4,63506,37,0.7,63505,15,0.29,5316,99,5263,10020,8,8
1668453000,2022-11-14 13:10:00 -0600,3937b68e630a4ddb9c6d0427d3e54248ddb06e1c,TX,48059,2,2022-11-09T01:00:00.000Z,FIPSCode,48059,0,2022-11-14T18:27:14.174Z,8,99.0,8,100.0,58549,4769,90.61,63031,442,8.4,63506,37,0.7,63505,15,0.29,5316,99,5263,10020,8,8
1668453012,2022-11-14 13:10:12 -0600,652dbc8b1266e7c3ede3a3f627465be2df7d33fe,TX,48059,2,2022-11-09T01:00:00.000Z,FIPSCode,48059,0,2022-11-14T18:27:14.174Z,8,99.0,8,100.0,58549,4769,90.61,63031,442,8.4,63506,37,0.7,63505,15,0.29,5316,99,5263,10020,8,8
1668453029,2022-11-14 13:10:29 -0600,e8c1eb48815646d76b21dfca8b459bdf2375d8ad,TX,48059,2,2022-11-09T01:00:00.000Z,FIPSCode,48059,0,2022-11-14T18:27:14.174Z,8,99.0,8,100.0,58549,4769,90.61,63031,442,8.4,63506,37,0.7,63505,15,0.29,5316,99,5263,10020,8,8
1668453035,2022-11-14 13:10:35 -0600,e4f6545b85407efa00d1fd8b20885cf090485838,TX,48059,2,2022-11-09T01:00:00.000Z,FIPSCode,48059,0,2022-11-14T18:27:14.174Z,8,99.0,8,100.0,58549,4769,90.61,63031,442,8.4,63506,37,0.7,63505,15,0.29,5316,99,5263,10020,8,8
1668453052,2022-11-14 13:10:52 -0600,a00f4ed890abc19ba7388cb9e3d2d4147f90e19b,TX,48059,2,2022-11-09T01:00:00.000Z,FIPSCode,48059,0,2022-11-14T18:27:14.174Z,8,99.0,8,100.0,58549,4769,90.61,63031,442,8.4,63506,37,0.7,63505,15,0.29,5316,99,5263,10020,8,8
1668453074,2022-11-14 13:11:14 -0600,ee5bea8a3625ea841ee93eaa9cc7d729787f902c,TX,48059,2,2022-11-09T01:00:00.000Z,FIPSCode,48059,0,2022-11-14T18:27:14.174Z,8,99.0,8,100.0,58549,4769,90.61,63031,442,8.4,63506,37,0.7,63505,15,0.29,5316,99,5263,10020,8,8
1668453092,2022-11-14 13:11:32 -0600,b9feb781404f110427afa02bcfadc54990bfabf3,TX,48059,2,2022-11-09T01:00:00.000Z,FIPSCode,48059,0,2022-11-14T18:27:14.174Z,8,99.0,8,100.0,58549,4769,90.61,63031,442,8.4,63506,37,0.7,63505,15,0.29,5316,99,5263,10020,8,8
1668453110,2022-11-14 13:11:50 -0600,c81f1e98c94c445e4ed70bd77cfd622b9ec522c8,TX,48059,2,2022-11-09T01:00:00.000Z,FIPSCode,48059,0,2022-11-14T18:27:14.174Z,8,99.0,8,100.0,58549,4769,90.61,63031,442,8.4,63506,37,0.7,63505,15,0.29,5316,99,5263,10020,8,8
1668453123,2022-11-14 13:12:03 -0600,3b33e3e9d09988821101b3cccbcd8a4d91e4cef3,TX,48059,2,2022-11-09T01:00:00.000Z,FIPSCode,48059,0,2022-11-14T18:27:14.174Z,8,99.0,8,100.0,58549,4769,90.61,63031,442,8.4,63506,37,0.7,63505,15,0.29,5316,99,5263,10020,8,8
1668453151,2022-11-14 13:12:31 -0600,783ee7aaf711f3239f57a6711d4653510184f4d3,TX,48059,2,2022-11-09T01:00:00.000Z,FIPSCode,48059,0,2022-11-14T18:27:14.174Z,8,99.0,8,100.0,58549,4769,90.61,63031,442,8.4,63506,37,0.7,63505,15,0.29,5316,99,5263,10020,8,8
1668453163,2022-11-14 13:12:43 -0600,f8ffb7cc7aedcf7354317e56a3086b410a557caf,TX,48059,2,2022-11-09T01:00:00.000Z,FIPSCode,48059,0,2022-11-14T18:27:14.174Z,8,99.0,8,100.0,58549,4769,90.61,63031,442,8.4,63506,37,0.7,63505,15,0.29,5316,99,5263,10020,8,8
1668453180,2022-11-14 13:13:00 -0600,40976dad7f2ad8918e97360afa72b5cbf3412f0c,TX,48059,2,2022-11-09T01:00:00.000Z,FIPSCode,48059,0,2022-11-14T18:27:14.174Z,8,99.0,8,100.0,58549,4769,90.61,63031,442,8.4,63506,37,0.7,63505,15,0.29,5316,99,5263,10020,8,8
1668453198,2022-11-14 13:13:18 -0600,2715065e8b033d06e3e0c408e26d98205694af99,TX,48059,2,2022-11-09T01:00:00.000Z,FIPSCode,48059,0,2022-11-14T18:27:14.174Z,8,99.0,8,100.0,58549,4769,90.61,63031,442,8.4,63506,37,0.7,63505,15,0.29,5316,99,5263,10020,8,8
1668453217,2022-11-14 13:13:37 -0600,d156cae585a8a2be818a4f456f7adcc316273d1c,TX,48059,2,2022-11-09T01:00:00.000Z,FIPSCode,48059,0,2022-11-14T18:27:14.174Z,8,99.0,8,100.0,58549,4769,90.61,63031,442,8.4,63506,37,0.7,63505,15,0.29,5316,99,5263,10020,8,8
1668453239,2022-11-14 13:13:59 -0600,6ea90d5bc3394cba75dfe735f9a7fcadf5346d88,TX,48059,2,2022-11-09T01:00:00.000Z,FIPSCode,48059,0,2022-11-14T18:27:14.174Z,8,99.0,8,100.0,58549,4769,90.61,63031,442,8.4,63506,37,0.7,63505,15,0.29,5316,99,5263,10020,8,8
1668453256,2022-11-14 13:14:16 -0600,28afdb04c266c863bae70299229a1654c8938755,TX,48059,2,2022-11-09T01:00:00.000Z,FIPSCode,48059,0,2022-11-14T18:27:14.174Z,8,99.0,8,100.0,58549,4769,90.61,63031,442,8.4,63506,37,0.7,63505,15,0.29,5316,99,5263,10020,8,8
1668453269,2022-11-14 13:14:29 -0600,ea6bf7a3cd7ad36c246cf3a3ec8d290994f35573,TX,48059,2,2022-11-09T01:00:00.000Z,FIPSCode,48059,0,2022-11-14T18:27:14.174Z,8,99.0,8,100.0,58549,4769,90.61,63031,442,8.4,63506,37,0.7,63505,15,0.29,5316,99,5263,10020,8,8
1668453299,2022-11-14 13:14:59 -0600,378d2eabb61d404443e70e6e1cc30446aaf5255b,TX,48059,2,2022-11-09T01:00:00.000Z,FIPSCode,48059,0,2022-11-14T18:27:14.174Z,8,99.0,8,100.0,58549,4769,90.61,63031,442,8.4,63506,37,0.7,63505,15,0.29,5316,99,5263,10020,8,8
1668453316,2022-11-14 13:15:16 -0600,a1a8746891894e6dcca835e3353bbb6a09c1e56d,TX,48059,2,2022-11-09T01:00:00.000Z,FIPSCode,48059,0,2022-11-14T18:27:14.174Z,8,99.0,8,100.0,58549,4769,90.61,63031,442,8.4,63506,37,0.7,63505,15,0.29,5316,99,5263,10020,8,8
1668453329,2022-11-14 13:15:29 -0600,b56c960f16541b5300102af7b2817aad530676f0,TX,48059,2,2022-11-09T01:00:00.000Z,FIPSCode,48059,0,2022-11-14T18:27:14.174Z,8,99.0,8,100.0,58549,4769,90.61,63031,442,8.4,63506,37,0.7,63505,15,0.29,5316,99,5263,10020,8,8
1668453341,2022-11-14 13:15:41 -0600,43fe34450598cab1524874d51c9d3740249251e7,TX,48059,2,2022-11-09T01:00:00.000Z,FIPSCode,48059,0,2022-11-14T18:27:14.174Z,8,99.0,8,100.0,58549,4769,90.61,63031,442,8.4,63506,37,0.7,63505,15,0.29,5316,99,5263,10020,8,8
1668453356,2022-11-14 13:15:56 -0600,f3f74173cfcd96168c4a84370bdb79f792183e3e,TX,48059,2,2022-11-09T01:00:00.000Z,FIPSCode,48059,0,2022-11-14T18:27:14.174Z,8,99.0,8,100.0,58549,4769,90.61,63031,442,8.4,63506,37,0.7,63505,15,0.29,5316,99,5263,10020,8,8
1668453368,2022-11-14 13:16:08 -0600,b7190450d64772424de49fcd9a05fae6f483b262,TX,48059,2,2022-11-09T01:00:00.000Z,FIPSCode,48059,0,2022-11-14T18:27:14.174Z,8,99.0,8,100.0,58549,4769,90.61,63031,442,8.4,63506,37,0.7,63505,15,0.29,5316,99,5263,10020,8,8
1668453390,2022-11-14 13:16:30 -0600,dee06e3d8d412cf3925974c83fc4a2dc857da8bc,TX,48059,2,2022-11-09T01:00:00.000Z,FIPSCode,48059,0,2022-11-14T18:27:14.174Z,8,99.0,8,100.0,58549,4769,90.61,63031,442,8.4,63506,37,0.7,63505,15,0.29,5316,99,5263,10020,8,8
1668453403,2022-11-14 13:16:43 -0600,f19510184678dd8e3b2a3237dc18affb0210c25e,TX,48059,2,2022-11-09T01:00:00.000Z,FIPSCode,48059,0,2022-11-14T18:27:14.174Z,8,99.0,8,100.0,58549,4769,90.61,63031,442,8.4,63506,37,0.7,63505,15,0.29,5316,99,5263,10020,8,8
1668453426,2022-11-14 13:17:06 -0600,7571951bce61d6ecd9e16f3398b9a2694f71b264,TX,48059,2,2022-11-09T01:00:00.000Z,FIPSCode,48059,0,2022-11-14T18:27:14.174Z,8,99.0,8,100.0,58549,4769,90.61,63031,442,8.4,63506,37,0.7,63505,15,0.29,5316,99,5263,10020,8,8
1668453438,2022-11-14 13:17:18 -0600,32c62aa140dd4c1ce1d5d1e5af9ed6a451873d2f,TX,48059,2,2022-11-09T01:00:00.000Z,FIPSCode,48059,0,2022-11-14T18:27:14.174Z,8,99.0,8,100.0,58549,4769,90.61,63031,442,8.4,63506,37,0.7,63505,15,0.29,5316,99,5263,10020,8,8
1668453455,2022-11-14 13:17:35 -0600,d73df1c71490051d068ee04d2af1bc6ad68f545d,TX,48059,2,2022-11-09T01:00:00.000Z,FIPSCode,48059,0,2022-11-14T18:27:14.174Z,8,99.0,8,100.0,58549,4769,90.61,63031,442,8.4,63506,37,0.7,63505,15,0.29,5316,99,5263,10020,8,8
1668453461,2022-11-14 13:17:41 -0600,63da75e6c51629af83670eef551e4aaf6d761b8a,TX,48059,2,2022-11-09T01:00:00.000Z,FIPSCode,48059,0,2022-11-14T18:27:14.174Z,8,99.0,8,100.0,58549,4769,90.61,63031,442,8.4,63506,37,0.7,63505,15,0.29,5316,99,5263,10020,8,8
1668453492,2022-11-14 13:18:12 -0600,8f2adc977b8714eab9f783c20f5eee039638d9e6,TX,48059,2,2022-11-09T01:00:00.000Z,FIPSCode,48059,0,2022-11-14T18:27:14.174Z,8,99.0,8,100.0,58549,4769,90.61,63031,442,8.4,63506,37,0.7,63505,15,0.29,5316,99,5263,10020,8,8
1668453520,2022-11-14 13:18:40 -0600,703d2481a391da48cacf64eb33c82f7b2f87499d,TX,48059,2,2022-11-09T01:00:00.000Z,FIPSCode,48059,0,2022-11-14T18:27:14.174Z,8,99.0,8,100.0,58549,4769,90.61,63031,442,8.4,63506,37,0.7,63505,15,0.29,5316,99,5263,10020,8,8
1668453533,2022-11-14 13:18:53 -0600,8db39b4af73534bca90b7e0a4fa33027765805e2,TX,48059,2,2022-11-09T01:00:00.000Z,FIPSCode,48059,0,2022-11-14T18:27:14.174Z,8,99.0,8,100.0,58549,4769,90.61,63031,442,8.4,63506,37,0.7,63505,15,0.29,5316,99,5263,10020,8,8
1668453572,2022-11-14 13:19:32 -0600,da480723522b9849a8c4be6cf922681764fd169c,TX,48059,2,2022-11-09T01:00:00.000Z,FIPSCode,48059,0,2022-11-14T18:27:14.174Z,8,99.0,8,100.0,58549,4769,90.61,63031,442,8.4,63506,37,0.7,63505,15,0.29,5316,99,5263,10020,8,8
1668453592,2022-11-14 13:19:52 -0600,896d5cc2100b5f19413a87bd91f419eaa84c3dda,TX,48059,2,2022-11-09T01:00:00.000Z,FIPSCode,48059,0,2022-11-14T18:27:14.174Z,8,99.0,8,100.0,58549,4769,90.61,63031,442,8.4,63506,37,0.7,63505,15,0.29,5316,99,5263,10020,8,8
1668453600,2022-11-14 13:20:00 -0600,543c5772196aba618b6eea0a443bc4ada33bc5d3,TX,48059,2,2022-11-09T01:00:00.000Z,FIPSCode,48059,0,2022-11-14T18:27:14.174Z,8,99.0,8,100.0,58549,4769,90.61,63031,442,8.4,63506,37,0.7,63505,15,0.29,5316,99,5263,10020,8,8
1668453635,2022-11-14 13:20:35 -0600,c5777e69dbfb348d59d0092e8feb4668505f0637,TX,48059,2,2022-11-09T01:00:00.000Z,FIPSCode,48059,0,2022-11-14T18:27:14.174Z,8,99.0,8,100.0,58549,4769,90.61,63031,442,8.4,63506,37,0.7,63505,15,0.29,5316,99,5263,10020,8,8
1668453652,2022-11-14 13:20:52 -0600,893893fd38e6969b270d5eee3f21209bb83141a2,TX,48059,2,2022-11-09T01:00:00.000Z,FIPSCode,48059,0,2022-11-14T18:27:14.174Z,8,99.0,8,100.0,58549,4769,90.61,63031,442,8.4,63506,37,0.7,63505,15,0.29,5316,99,5263,10020,8,8
1668453665,2022-11-14 13:21:05 -0600,b0ee9c5262e8ffaee5ffb5295ada0013167a031f,TX,48059,2,2022-11-09T01:00:00.000Z,FIPSCode,48059,0,2022-11-14T18:27:14.174Z,8,99.0,8,100.0,58549,4769,90.61,63031,442,8.4,63506,37,0.7,63505,15,0.29,5316,99,5263,10020,8,8
1668453688,2022-11-14 13:21:28 -0600,29cb494f252855275559a2cfa35d8fe86c93e32d,TX,48059,2,2022-11-09T01:00:00.000Z,FIPSCode,48059,0,2022-11-14T18:27:14.174Z,8,99.0,8,100.0,58549,4769,90.61,63031,442,8.4,63506,37,0.7,63505,15,0.29,5316,99,5263,10020,8,8
1668453695,2022-11-14 13:21:35 -0600,e960ec3da78b9b3e4cb1ecc2c981208e2b272c5f,TX,48059,2,2022-11-09T01:00:00.000Z,FIPSCode,48059,0,2022-11-14T18:27:14.174Z,8,99.0,8,100.0,58549,4769,90.61,63031,442,8.4,63506,37,0.7,63505,15,0.29,5316,99,5263,10020,8,8
1668453707,2022-11-14 13:21:47 -0600,d88d828a4d2b77353c198f207ea9e4c33b382c02,TX,48059,2,2022-11-09T01:00:00.000Z,FIPSCode,48059,0,2022-11-14T18:27:14.174Z,8,99.0,8,100.0,58549,4769,90.61,63031,442,8.4,63506,37,0.7,63505,15,0.29,5316,99,5263,10020,8,8
1668453724,2022-11-14 13:22:04 -0600,5264c45aa807ec16c3a3876639654e7bb93efddb,TX,48059,2,2022-11-09T01:00:00.000Z,FIPSCode,48059,0,2022-11-14T18:27:14.174Z,8,99.0,8,100.0,58549,4769,90.61,63031,442,8.4,63506,37,0.7,63505,15,0.29,5316,99,5263,10020,8,8
1668453754,2022-11-14 13:22:34 -0600,9043ea741430a7bd420eb2e61f684566884a971e,TX,48059,2,2022-11-09T01:00:00.000Z,FIPSCode,48059,0,2022-11-14T18:27:14.174Z,8,99.0,8,100.0,58549,4769,90.61,63031,442,8.4,63506,37,0.7,63505,15,0.29,5316,99,5263,10020,8,8
1668453766,2022-11-14 13:22:46 -0600,6cddc9e069abba209016ef2f04fa1ccd35c2de41,TX,48059,2,2022-11-09T01:00:00.000Z,FIPSCode,48059,0,2022-11-14T18:27:14.174Z,8,99.0,8,100.0,58549,4769,90.61,63031,442,8.4,63506,37,0.7,63505,15,0.29,5316,99,5263,10020,8,8
1668453778,2022-11-14 13:22:58 -0600,6c95bebb8eed769a7c3633e47ba02a6237c7f4d5,TX,48059,2,2022-11-09T01:00:00.000Z,FIPSCode,48059,0,2022-11-14T18:27:14.174Z,8,99.0,8,100.0,58549,4769,90.61,63031,442,8.4,63506,37,0.7,63505,15,0.29,5316,99,5263,10020,8,8
1668453796,2022-11-14 13:23:16 -0600,8e2201a2178be51b401c2a5864d043a2dfd5988f,TX,48059,2,2022-11-09T01:00:00.000Z,FIPSCode,48059,0,2022-11-14T18:27:14.174Z,8,99.0,8,100.0,58549,4769,90.61,63031,442,8.4,63506,37,0.7,63505,15,0.29,5316,99,5263,10020,8,8
1668453809,2022-11-14 13:23:29 -0600,9fcb1596d341254748bf922cd10732148b6f4288,TX,48059,2,2022-11-09T01:00:00.000Z,FIPSCode,48059,0,2022-11-14T18:27:14.174Z,8,99.0,8,100.0,58549,4769,90.61,63031,442,8.4,63506,37,0.7,63505,15,0.29,5316,99,5263,10020,8,8
1668453821,2022-11-14 13:23:41 -0600,b65b0c39b045efcb7050239b0acaa96eb443b889,TX,48059,2,2022-11-09T01:00:00.000Z,FIPSCode,48059,0,2022-11-14T18:27:14.174Z,8,99.0,8,100.0,58549,4769,90.61,63031,442,8.4,63506,37,0.7,63505,15,0.29,5316,99,5263,10020,8,8
1668453856,2022-11-14 13:24:16 -0600,54ee3d060a5ab45fc065245b2616d0315d8c606e,TX,48059,2,2022-11-09T01:00:00.000Z,FIPSCode,48059,0,2022-11-14T18:27:14.174Z,8,99.0,8,100.0,58549,4769,90.61,63031,442,8.4,63506,37,0.7,63505,15,0.29,5316,99,5263,10020,8,8
1668453868,2022-11-14 13:24:28 -0600,fd707841f076ac50b7ccc540d2f644896132f7d8,TX,48059,2,2022-11-09T01:00:00.000Z,FIPSCode,48059,0,2022-11-14T18:27:14.174Z,8,99.0,8,100.0,58549,4769,90.61,63031,442,8.4,63506,37,0.7,63505,15,0.29,5316,99,5263,10020,8,8
1668453886,2022-11-14 13:24:46 -0600,8825654007d09487bee022eac88b096d8ef46c7a,TX,48059,2,2022-11-09T01:00:00.000Z,FIPSCode,48059,0,2022-11-14T18:27:14.174Z,8,99.0,8,100.0,58549,4769,90.61,63031,442,8.4,63506,37,0.7,63505,15,0.29,5316,99,5263,10020,8,8
1668453906,2022-11-14 13:25:06 -0600,4a2065a6e46b7a0a48200fd1753f115aa7e77c44,TX,48059,2,2022-11-09T01:00:00.000Z,FIPSCode,48059,0,2022-11-14T18:27:14.174Z,8,99.0,8,100.0,58549,4769,90.61,63031,442,8.4,63506,37,0.7,63505,15,0.29,5316,99,5263,10020,8,8
1668453929,2022-11-14 13:25:29 -0600,eb4e3f82a017d8a7a0324b8f4aae4134a048d29f,TX,48059,2,2022-11-09T01:00:00.000Z,FIPSCode,48059,0,2022-11-14T18:27:14.174Z,8,99.0,8,100.0,58549,4769,90.61,63031,442,8.4,63506,37,0.7,63505,15,0.29,5316,99,5263,10020,8,8
1668453946,2022-11-14 13:25:46 -0600,8f165eaf2ee96ca276c6cf28b97fa25c2c42d0f9,TX,48059,2,2022-11-09T01:00:00.000Z,FIPSCode,48059,0,2022-11-14T18:27:14.174Z,8,99.0,8,100.0,58549,4769,90.61,63031,442,8.4,63506,37,0.7,63505,15,0.29,5316,99,5263,10020,8,8
1668453964,2022-11-14 13:26:04 -0600,e9426aee9621768ceee6b9124c615a5f56dafb6b,TX,48059,2,2022-11-09T01:00:00.000Z,FIPSCode,48059,0,2022-11-14T18:27:14.174Z,8,99.0,8,100.0,58549,4769,90.61,63031,442,8.4,63506,37,0.7,63505,15,0.29,5316,99,5263,10020,8,8
1668453993,2022-11-14 13:26:33 -0600,3419722b8bc0d2cfceb6727d15ad710f99354f68,TX,48059,2,2022-11-09T01:00:00.000Z,FIPSCode,48059,0,2022-11-14T18:27:14.174Z,8,99.0,8,100.0,58549,4769,90.61,63031,442,8.4,63506,37,0.7,63505,15,0.29,5316,99,5263,10020,8,8
1668454023,2022-11-14 13:27:03 -0600,528976d6070e3177eb89d8ed6e4c8b85e501f4ce,TX,48059,2,2022-11-09T01:00:00.000Z,FIPSCode,48059,0,2022-11-14T18:27:14.174Z,8,99.0,8,100.0,58549,4769,90.61,63031,442,8.4,63506,37,0.7,63505,15,0.29,5316,99,5263,10020,8,8
1668454040,2022-11-14 13:27:20 -0600,e225835ef7fc2d6cacd56d4e8ac7612200bafa4f,TX,48059,2,2022-11-09T01:00:00.000Z,FIPSCode,48059,0,2022-11-14T18:27:14.174Z,8,99.0,8,100.0,58549,4769,90.61,63031,442,8.4,63506,37,0.7,63505,15,0.29,5316,99,5263,10020,8,8
1668454052,2022-11-14 13:27:32 -0600,ac12127601878dad0a71995a062156e7ddbcb136,TX,48059,2,2022-11-09T01:00:00.000Z,FIPSCode,48059,0,2022-11-14T18:27:14.174Z,8,99.0,8,100.0,58549,4769,90.61,63031,442,8.4,63506,37,0.7,63505,15,0.29,5316,99,5263,10020,8,8
1668454083,2022-11-14 13:28:03 -0600,15ccf7e156e98aea4d460e7910ce272c3d4b22c3,TX,48059,2,2022-11-09T01:00:00.000Z,FIPSCode,48059,0,2022-11-14T18:27:14.174Z,8,99.0,8,100.0,58549,4769,90.61,63031,442,8.4,63506,37,0.7,63505,15,0.29,5316,99,5263,10020,8,8
1668454103,2022-11-14 13:28:23 -0600,58f11389546c33064cc1f356d8658aa5dc7bb002,TX,48059,2,2022-11-09T01:00:00.000Z,FIPSCode,48059,0,2022-11-14T18:27:14.174Z,8,99.0,8,100.0,58549,4769,90.61,63031,442,8.4,63506,37,0.7,63505,15,0.29,5316,99,5263,10020,8,8
1668454109,2022-11-14 13:28:29 -0600,9c104403551c426d7f67e7c34fb7d39fe70d0abb,TX,48059,2,2022-11-09T01:00:00.000Z,FIPSCode,48059,0,2022-11-14T18:27:14.174Z,8,99.0,8,100.0,58549,4769,90.61,63031,442,8.4,63506,37,0.7,63505,15,0.29,5316,99,5263,10020,8,8
1668454128,2022-11-14 13:28:48 -0600,7ba5fe24011c6d633c3e4a8c79bda5bace4c9533,TX,48059,2,2022-11-09T01:00:00.000Z,FIPSCode,48059,0,2022-11-14T18:27:14.174Z,8,99.0,8,100.0,58549,4769,90.61,63031,442,8.4,63506,37,0.7,63505,15,0.29,5316,99,5263,10020,8,8
1668454141,2022-11-14 13:29:01 -0600,8696957bf9c86b83b469e3d1212f33858c432049,TX,48059,2,2022-11-09T01:00:00.000Z,FIPSCode,48059,0,2022-11-14T18:27:14.174Z,8,99.0,8,100.0,58549,4769,90.61,63031,442,8.4,63506,37,0.7,63505,15,0.29,5316,99,5263,10020,8,8
1668454158,2022-11-14 13:29:18 -0600,5a3d90ecfe5270c878f0cc6722628769f0f2835d,TX,48059,2,2022-11-09T01:00:00.000Z,FIPSCode,48059,0,2022-11-14T18:27:14.174Z,8,99.0,8,100.0,58549,4769,90.61,63031,442,8.4,63506,37,0.7,63505,15,0.29,5316,99,5263,10020,8,8
1668454181,2022-11-14 13:29:41 -0600,d848c089d11eb6b72c53df1112f93e06344ec2ce,TX,48059,2,2022-11-09T01:00:00.000Z,FIPSCode,48059,0,2022-11-14T18:27:14.174Z,8,99.0,8,100.0,58549,4769,90.61,63031,442,8.4,63506,37,0.7,63505,15,0.29,5316,99,5263,10020,8,8
1668454187,2022-11-14 13:29:47 -0600,8a3769de0d4c09c2f3b616cacc5f787db1127627,TX,48059,2,2022-11-09T01:00:00.000Z,FIPSCode,48059,0,2022-11-14T18:27:14.174Z,8,99.0,8,100.0,58549,4769,90.61,63031,442,8.4,63506,37,0.7,63505,15,0.29,5316,99,5263,10020,8,8
1668454205,2022-11-14 13:30:05 -0600,a84323f693d35d2575a41835ea90a4ca0c875a30,TX,48059,2,2022-11-09T01:00:00.000Z,FIPSCode,48059,0,2022-11-14T18:27:14.174Z,8,99.0,8,100.0,58549,4769,90.61,63031,442,8.4,63506,37,0.7,63505,15,0.29,5316,99,5263,10020,8,8
1668454223,2022-11-14 13:30:23 -0600,c9b0dc402ca261f017b59ffa04ae60add1dfb4a5,TX,48059,2,2022-11-09T01:00:00.000Z,FIPSCode,48059,0,2022-11-14T18:27:14.174Z,8,99.0,8,100.0,58549,4769,90.61,63031,442,8.4,63506,37,0.7,63505,15,0.29,5316,99,5263,10020,8,8
1668454230,2022-11-14 13:30:30 -0600,1f05bc7ff27e40db44aaab53a1a71c2cd274e5b4,TX,48059,2,2022-11-09T01:00:00.000Z,FIPSCode,48059,0,2022-11-14T18:27:14.174Z,8,99.0,8,100.0,58549,4769,90.61,63031,442,8.4,63506,37,0.7,63505,15,0.29,5316,99,5263,10020,8,8
1668454236,2022-11-14 13:30:36 -0600,22b3de8a772f0e0289bc43fd2971febf12521c9b,TX,48059,2,2022-11-09T01:00:00.000Z,FIPSCode,48059,0,2022-11-14T18:27:14.174Z,8,99.0,8,100.0,58549,4769,90.61,63031,442,8.4,63506,37,0.7,63505,15,0.29,5316,99,5263,10020,8,8
1668454247,2022-11-14 13:30:47 -0600,6e36997197d38193d7a47fcad372fa258262c18f,TX,48059,2,2022-11-09T01:00:00.000Z,FIPSCode,48059,0,2022-11-14T18:27:14.174Z,8,99.0,8,100.0,58549,4769,90.61,63031,442,8.4,63506,37,0.7,63505,15,0.29,5316,99,5263,10020,8,8
1668454265,2022-11-14 13:31:05 -0600,cb254b002b7aaf9f3eb49a9ea60297df7e5f657f,TX,48059,2,2022-11-09T01:00:00.000Z,FIPSCode,48059,0,2022-11-14T18:27:14.174Z,8,99.0,8,100.0,58549,4769,90.61,63031,442,8.4,63506,37,0.7,63505,15,0.29,5316,99,5263,10020,8,8
1668454290,2022-11-14 13:31:30 -0600,8a5b2228428c512d117e3c019596ccf3e4e7d4c7,TX,48059,2,2022-11-09T01:00:00.000Z,FIPSCode,48059,0,2022-11-14T18:27:14.174Z,8,99.0,8,100.0,58549,4769,90.61,63031,442,8.4,63506,37,0.7,63505,15,0.29,5316,99,5263,10020,8,8
1668454313,2022-11-14 13:31:53 -0600,20a129ea05de8d7c70214d6c9ef1023200d443f0,TX,48059,2,2022-11-09T01:00:00.000Z,FIPSCode,48059,0,2022-11-14T18:27:14.174Z,8,99.0,8,100.0,58549,4769,90.61,63031,442,8.4,63506,37,0.7,63505,15,0.29,5316,99,5263,10020,8,8
1668454330,2022-11-14 13:32:10 -0600,28934c305bb0af5b9d8040777ab1e82a9266099f,TX,48059,2,2022-11-09T01:00:00.000Z,FIPSCode,48059,0,2022-11-14T18:27:14.174Z,8,99.0,8,100.0,58549,4769,90.61,63031,442,8.4,63506,37,0.7,63505,15,0.29,5316,99,5263,10020,8,8
1668454348,2022-11-14 13:32:28 -0600,4b9e84dede6713620b8fb7b27af801398154601f,TX,48059,2,2022-11-09T01:00:00.000Z,FIPSCode,48059,0,2022-11-14T18:27:14.174Z,8,99.0,8,100.0,58549,4769,90.61,63031,442,8.4,63506,37,0.7,63505,15,0.29,5316,99,5263,10020,8,8
1668454360,2022-11-14 13:32:40 -0600,afdaffa920487413ee49949a95d852eca348d629,TX,48059,2,2022-11-09T01:00:00.000Z,FIPSCode,48059,0,2022-11-14T18:27:14.174Z,8,99.0,8,100.0,58549,4769,90.61,63031,442,8.4,63506,37,0.7,63505,15,0.29,5316,99,5263,10020,8,8
1668454390,2022-11-14 13:33:10 -0600,f91fe8c21042cff4ccb7c4463edc53cce7ed0193,TX,48059,2,2022-11-09T01:00:00.000Z,FIPSCode,48059,0,2022-11-14T18:27:14.174Z,8,99.0,8,100.0,58549,4769,90.61,63031,442,8.4,63506,37,0.7,63505,15,0.29,5316,99,5263,10020,8,8
1668454411,2022-11-14 13:33:31 -0600,1a526e65f119e3cf20d1c6d02942d258b36f8ab0,TX,48059,2,2022-11-09T01:00:00.000Z,FIPSCode,48059,0,2022-11-14T18:27:14.174Z,8,99.0,8,100.0,58549,4769,90.61,63031,442,8.4,63506,37,0.7,63505,15,0.29,5316,99,5263,10020,8,8
1668454430,2022-11-14 13:33:50 -0600,bdc992a4b8ed69825a1133b60a2409fec4f7ea41,TX,48059,2,2022-11-09T01:00:00.000Z,FIPSCode,48059,0,2022-11-14T18:27:14.174Z,8,99.0,8,100.0,58549,4769,90.61,63031,442,8.4,63506,37,0.7,63505,15,0.29,5316,99,5263,10020,8,8
1668454442,2022-11-14 13:34:02 -0600,8c7d9e390798fa8a760c0519aea50968bce66c8a,TX,48059,2,2022-11-09T01:00:00.000Z,FIPSCode,48059,0,2022-11-14T18:27:14.174Z,8,99.0,8,100.0,58549,4769,90.61,63031,442,8.4,63506,37,0.7,63505,15,0.29,5316,99,5263,10020,8,8
1668454459,2022-11-14 13:34:19 -0600,d3d824661d9752bcfc0b174e36e034f77919780b,TX,48059,2,2022-11-09T01:00:00.000Z,FIPSCode,48059,0,2022-11-14T18:27:14.174Z,8,99.0,8,100.0,58549,4769,90.61,63031,442,8.4,63506,37,0.7,63505,15,0.29,5316,99,5263,10020,8,8
1668454471,2022-11-14 13:34:31 -0600,730caa69ccb4dd37357bae1d10ebf84ee85b2f97,TX,48059,2,2022-11-09T01:00:00.000Z,FIPSCode,48059,0,2022-11-14T18:27:14.174Z,8,99.0,8,100.0,58549,4769,90.61,63031,442,8.4,63506,37,0.7,63505,15,0.29,5316,99,5263,10020,8,8
1668454488,2022-11-14 13:34:48 -0600,b5a67ab12d1ed3e7ef6e818b1f7743c8764787f9,TX,48059,2,2022-11-09T01:00:00.000Z,FIPSCode,48059,0,2022-11-14T18:27:14.174Z,8,99.0,8,100.0,58549,4769,90.61,63031,442,8.4,63506,37,0.7,63505,15,0.29,5316,99,5263,10020,8,8
1668454500,2022-11-14 13:35:00 -0600,512f3bdb901f35286dc123b538c474b6c6f4ac44,TX,48059,2,2022-11-09T01:00:00.000Z,FIPSCode,48059,0,2022-11-14T18:27:14.174Z,8,99.0,8,100.0,58549,4769,90.61,63031,442,8.4,63506,37,0.7,63505,15,0.29,5316,99,5263,10020,8,8
1668454517,2022-11-14 13:35:17 -0600,92dca4a6a41bdfbf4dd39f3edce1f36d86e79401,TX,48059,2,2022-11-09T01:00:00.000Z,FIPSCode,48059,0,2022-11-14T18:27:14.174Z,8,99.0,8,100.0,58549,4769,90.61,63031,442,8.4,63506,37,0.7,63505,15,0.29,5316,99,5263,10020,8,8
1668454531,2022-11-14 13:35:31 -0600,53f5e08b4f5c22606a9ffff1ffae86ddbeb5b293,TX,48059,2,2022-11-09T01:00:00.000Z,FIPSCode,48059,0,2022-11-14T18:27:14.174Z,8,99.0,8,100.0,58549,4769,90.61,63031,442,8.4,63506,37,0.7,63505,15,0.29,5316,99,5263,10020,8,8
1668454543,2022-11-14 13:35:43 -0600,ec3de105f809b7f8ceda1770c18c507837a3d9a5,TX,48059,2,2022-11-09T01:00:00.000Z,FIPSCode,48059,0,2022-11-14T18:27:14.174Z,8,99.0,8,100.0,58549,4769,90.61,63031,442,8.4,63506,37,0.7,63505,15,0.29,5316,99,5263,10020,8,8
1668454561,2022-11-14 13:36:01 -0600,fda1793881007d40183095a926dbc6521cfc2bc7,TX,48059,2,2022-11-09T01:00:00.000Z,FIPSCode,48059,0,2022-11-14T18:27:14.174Z,8,99.0,8,100.0,58549,4769,90.61,63031,442,8.4,63506,37,0.7,63505,15,0.29,5316,99,5263,10020,8,8
1668454578,2022-11-14 13:36:18 -0600,1f9757a9a3751bfb2bfb9c87d67752779453b329,TX,48059,2,2022-11-09T01:00:00.000Z,FIPSCode,48059,0,2022-11-14T18:27:14.174Z,8,99.0,8,100.0,58549,4769,90.61,63031,442,8.4,63506,37,0.7,63505,15,0.29,5316,99,5263,10020,8,8
1668454596,2022-11-14 13:36:36 -0600,2d0dc32bc9ae60ed2bf1142ae35261cdcb539dfa,TX,48059,2,2022-11-09T01:00:00.000Z,FIPSCode,48059,0,2022-11-14T18:27:14.174Z,8,99.0,8,100.0,58549,4769,90.61,63031,442,8.4,63506,37,0.7,63505,15,0.29,5316,99,5263,10020,8,8
1668454609,2022-11-14 13:36:49 -0600,9e77c162109965ea1f15395bd341c1120a9c436e,TX,48059,2,2022-11-09T01:00:00.000Z,FIPSCode,48059,0,2022-11-14T18:27:14.174Z,8,99.0,8,100.0,58549,4769,90.61,63031,442,8.4,63506,37,0.7,63505,15,0.29,5316,99,5263,10020,8,8
1668454628,2022-11-14 13:37:08 -0600,82c01cf12969b9e6e55ea362d376b5a46217cbb2,TX,48059,2,2022-11-09T01:00:00.000Z,FIPSCode,48059,0,2022-11-14T18:27:14.174Z,8,99.0,8,100.0,58549,4769,90.61,63031,442,8.4,63506,37,0.7,63505,15,0.29,5316,99,5263,10020,8,8
1668454664,2022-11-14 13:37:44 -0600,a47a1129bdae5f8a6ad4d5756b77d711958edd61,TX,48059,2,2022-11-09T01:00:00.000Z,FIPSCode,48059,0,2022-11-14T18:27:14.174Z,8,99.0,8,100.0,58549,4769,90.61,63031,442,8.4,63506,37,0.7,63505,15,0.29,5316,99,5263,10020,8,8
1668454693,2022-11-14 13:38:13 -0600,cad41739407e82e6771821ba7ebcd69315f40233,TX,48059,2,2022-11-09T01:00:00.000Z,FIPSCode,48059,0,2022-11-14T18:27:14.174Z,8,99.0,8,100.0,58549,4769,90.61,63031,442,8.4,63506,37,0.7,63505,15,0.29,5316,99,5263,10020,8,8
1668454716,2022-11-14 13:38:36 -0600,fde44a706f16c1f8dbe93dd9e77d0c8d02b24512,TX,48059,2,2022-11-09T01:00:00.000Z,FIPSCode,48059,0,2022-11-14T18:27:14.174Z,8,99.0,8,100.0,58549,4769,90.61,63031,442,8.4,63506,37,0.7,63505,15,0.29,5316,99,5263,10020,8,8
1668454752,2022-11-14 13:39:12 -0600,846eda9d44ce64df73f38fbe0456cb753fe6d5eb,TX,48059,2,2022-11-09T01:00:00.000Z,FIPSCode,48059,0,2022-11-14T18:27:14.174Z,8,99.0,8,100.0,58549,4769,90.61,63031,442,8.4,63506,37,0.7,63505,15,0.29,5316,99,5263,10020,8,8
1668454770,2022-11-14 13:39:30 -0600,35808a8e5d5e84971fa98ffad05198dd195e2676,TX,48059,2,2022-11-09T01:00:00.000Z,FIPSCode,48059,0,2022-11-14T18:27:14.174Z,8,99.0,8,100.0,58549,4769,90.61,63031,442,8.4,63506,37,0.7,63505,15,0.29,5316,99,5263,10020,8,8
1668454776,2022-11-14 13:39:36 -0600,2f73442850a44690873c6fad8074df759eb568fb,TX,48059,2,2022-11-09T01:00:00.000Z,FIPSCode,48059,0,2022-11-14T18:27:14.174Z,8,99.0,8,100.0,58549,4769,90.61,63031,442,8.4,63506,37,0.7,63505,15,0.29,5316,99,5263,10020,8,8
1668454783,2022-11-14 13:39:43 -0600,4753540bdf6a608b797353791fed354bbd0e4e77,TX,48059,2,2022-11-09T01:00:00.000Z,FIPSCode,48059,0,2022-11-14T18:27:14.174Z,8,99.0,8,100.0,58549,4769,90.61,63031,442,8.4,63506,37,0.7,63505,15,0.29,5316,99,5263,10020,8,8
1668454802,2022-11-14 13:40:02 -0600,f252191ee0f354d40c66c85c527282ca9cc3aab4,TX,48059,2,2022-11-09T01:00:00.000Z,FIPSCode,48059,0,2022-11-14T18:27:14.174Z,8,99.0,8,100.0,58549,4769,90.61,63031,442,8.4,63506,37,0.7,63505,15,0.29,5316,99,5263,10020,8,8
1668454814,2022-11-14 13:40:14 -0600,2ab4c3c391fc20c2bf6ec4fffdb0e37a5a292882,TX,48059,2,2022-11-09T01:00:00.000Z,FIPSCode,48059,0,2022-11-14T18:27:14.174Z,8,99.0,8,100.0,58549,4769,90.61,63031,442,8.4,63506,37,0.7,63505,15,0.29,5316,99,5263,10020,8,8
1668454833,2022-11-14 13:40:33 -0600,0f9163baaecd708dc72a13555040b4638222d847,TX,48059,2,2022-11-09T01:00:00.000Z,FIPSCode,48059,0,2022-11-14T19:40:11.392Z,8,99.0,8,100.0,58549,4769,90.61,63031,442,8.4,63506,37,0.7,63505,15,0.29,5316,99,5263,10020,8,8
1668454851,2022-11-14 13:40:51 -0600,5c4445db798d201d3766451b6554e35363b47322,TX,48059,2,2022-11-09T01:00:00.000Z,FIPSCode,48059,0,2022-11-14T19:40:11.392Z,8,99.0,8,100.0,58549,4769,90.61,63031,442,8.4,63506,37,0.7,63505,15,0.29,5316,99,5263,10020,8,8
1668454869,2022-11-14 13:41:09 -0600,3007d8c9f5f22383320beeed6f1007e6cd95fc78,TX,48059,2,2022-11-09T01:00:00.000Z,FIPSCode,48059,0,2022-11-14T19:40:11.392Z,8,99.0,8,100.0,58549,4769,90.61,63031,442,8.4,63506,37,0.7,63505,15,0.29,5316,99,5263,10020,8,8
1668454888,2022-11-14 13:41:28 -0600,1dda391b036587881e31261961baeacea706ca6a,TX,48059,2,2022-11-09T01:00:00.000Z,FIPSCode,48059,0,2022-11-14T19:40:11.392Z,8,99.0,8,100.0,58549,4769,90.61,63031,442,8.4,63506,37,0.7,63505,15,0.29,5316,99,5263,10020,8,8
1668454894,2022-11-14 13:41:34 -0600,4d66ea977375bf782acdb19704bcd8025f15b776,TX,48059,2,2022-11-09T01:00:00.000Z,FIPSCode,48059,0,2022-11-14T19:40:11.392Z,8,99.0,8,100.0,58549,4769,90.61,63031,442,8.4,63506,37,0.7,63505,15,0.29,5316,99,5263,10020,8,8
1668454940,2022-11-14 13:42:20 -0600,06b9303af29e5d9da04dee99f74550e13a1f6622,TX,48059,2,2022-11-09T01:00:00.000Z,FIPSCode,48059,0,2022-11-14T19:41:31.469Z,8,99.0,8,100.0,58549,4769,90.61,63031,442,8.4,63506,37,0.7,63505,15,0.29,5316,99,5263,10020,8,8
1668454952,2022-11-14 13:42:32 -0600,0e1d27977fd1343e7f24e0385ff4466056caee70,TX,48059,2,2022-11-09T01:00:00.000Z,FIPSCode,48059,0,2022-11-14T19:42:11.181Z,8,99.0,8,100.0,58549,4769,90.61,63031,442,8.4,63506,37,0.7,63505,15,0.29,5316,99,5263,10020,8,8
1668454969,2022-11-14 13:42:49 -0600,cf3a2b92ad3101ca6b5779e917dc883447331e2e,TX,48059,2,2022-11-09T01:00:00.000Z,FIPSCode,48059,0,2022-11-14T19:42:11.181Z,8,99.0,8,100.0,58549,4769,90.61,63031,442,8.4,63506,37,0.7,63505,15,0.29,5316,99,5263,10020,8,8
1668454981,2022-11-14 13:43:01 -0600,4a6dade27f35ab9bdde59b564b95f90fe60bde69,TX,48059,2,2022-11-09T01:00:00.000Z,FIPSCode,48059,0,2022-11-14T19:42:11.181Z,8,99.0,8,100.0,58549,4769,90.61,63031,442,8.4,63506,37,0.7,63505,15,0.29,5316,99,5263,10020,8,8
1668455010,2022-11-14 13:43:30 -0600,ca42f72c386b2c8152b65bd30f14b7aff3e5ac86,TX,48059,2,2022-11-09T01:00:00.000Z,FIPSCode,48059,0,2022-11-14T19:42:11.181Z,8,99.0,8,100.0,58549,4769,90.61,63031,442,8.4,63506,37,0.7,63505,15,0.29,5316,99,5263,10020,8,8
1668455016,2022-11-14 13:43:36 -0600,7bd1539c69d751ae56bb841f28af2400ccbfa36a,TX,48059,2,2022-11-09T01:00:00.000Z,FIPSCode,48059,0,2022-11-14T19:42:11.181Z,8,99.0,8,100.0,58549,4769,90.61,63031,442,8.4,63506,37,0.7,63505,15,0.29,5316,99,5263,10020,8,8
1668455022,2022-11-14 13:43:42 -0600,2f03c51e246d18170dcbea80ba957767007b7956,TX,48059,2,2022-11-09T01:00:00.000Z,FIPSCode,48059,0,2022-11-14T19:42:11.181Z,8,99.0,8,100.0,58549,4769,90.61,63031,442,8.4,63506,37,0.7,63505,15,0.29,5316,99,5263,10020,8,8
1668455039,2022-11-14 13:43:59 -0600,67bfec56d8aea4199f8e4ebe668506b2bd6f5e42,TX,48059,2,2022-11-09T01:00:00.000Z,FIPSCode,48059,0,2022-11-14T19:42:11.181Z,8,99.0,8,100.0,58549,4769,90.61,63031,442,8.4,63506,37,0.7,63505,15,0.29,5316,99,5263,10020,8,8
1668455057,2022-11-14 13:44:17 -0600,0cf6443233a0a4753b8f22e60a52ef8a432d50dd,TX,48059,2,2022-11-09T01:00:00.000Z,FIPSCode,48059,0,2022-11-14T19:42:11.181Z,8,99.0,8,100.0,58549,4769,90.61,63031,442,8.4,63506,37,0.7,63505,15,0.29,5316,99,5263,10020,8,8
1668455076,2022-11-14 13:44:36 -0600,0ff59b9e821dbd169229ed473b3220c2b04e73a5,TX,48059,2,2022-11-09T01:00:00.000Z,FIPSCode,48059,0,2022-11-14T19:42:11.181Z,8,99.0,8,100.0,58549,4769,90.61,63031,442,8.4,63506,37,0.7,63505,15,0.29,5316,99,5263,10020,8,8
1668455088,2022-11-14 13:44:48 -0600,1ecb73a47a31b00a675aeaccebe64c5c8765a96b,TX,48059,2,2022-11-09T01:00:00.000Z,FIPSCode,48059,0,2022-11-14T19:42:11.181Z,8,99.0,8,100.0,58549,4769,90.61,63031,442,8.4,63506,37,0.7,63505,15,0.29,5316,99,5263,10020,8,8
1668455106,2022-11-14 13:45:06 -0600,688134d1c78a422e8f8f1b4b970a21d3b589c9a3,TX,48059,2,2022-11-09T01:00:00.000Z,FIPSCode,48059,0,2022-11-14T19:42:11.181Z,8,99.0,8,100.0,58549,4769,90.61,63031,442,8.4,63506,37,0.7,63505,15,0.29,5316,99,5263,10020,8,8
1668455117,2022-11-14 13:45:17 -0600,d517bf26ffdc7d11d127e2070f51be926a8eb609,TX,48059,2,2022-11-09T01:00:00.000Z,FIPSCode,48059,0,2022-11-14T19:42:11.181Z,8,99.0,8,100.0,58549,4769,90.61,63031,442,8.4,63506,37,0.7,63505,15,0.29,5316,99,5263,10020,8,8
1668455135,2022-11-14 13:45:35 -0600,40b352808c29b1d51f78a304c8f13cacbb13cff7,TX,48059,2,2022-11-09T01:00:00.000Z,FIPSCode,48059,0,2022-11-14T19:45:11.859Z,8,99.0,8,100.0,58549,4769,90.61,63031,442,8.4,63506,37,0.7,63505,15,0.29,5316,99,5263,10020,8,8
1668455142,2022-11-14 13:45:42 -0600,ca96e85838865e123dd10a217b172f8f319376df,TX,48059,2,2022-11-09T01:00:00.000Z,FIPSCode,48059,0,2022-11-14T19:45:11.859Z,8,99.0,8,100.0,58549,4769,90.61,63031,442,8.4,63506,37,0.7,63505,15,0.29,5316,99,5263,10020,8,8
1668455165,2022-11-14 13:46:05 -0600,d627fa967b85c23d61c80d68ca148460ce4e3ce6,TX,48059,2,2022-11-09T01:00:00.000Z,FIPSCode,48059,0,2022-11-14T19:45:11.859Z,8,99.0,8,100.0,58549,4769,90.61,63031,442,8.4,63506,37,0.7,63505,15,0.29,5316,99,5263,10020,8,8
1668455182,2022-11-14 13:46:22 -0600,d43981087280044885180637133de8b76f08b7e2,TX,48059,2,2022-11-09T01:00:00.000Z,FIPSCode,48059,0,2022-11-14T19:45:11.859Z,8,99.0,8,100.0,58549,4769,90.61,63031,442,8.4,63506,37,0.7,63505,15,0.29,5316,99,5263,10020,8,8
1668455196,2022-11-14 13:46:36 -0600,af55dd7eadbc583cc47a8ac19c37a76bba5d3f98,TX,48059,2,2022-11-09T01:00:00.000Z,FIPSCode,48059,0,2022-11-14T19:46:12.293Z,8,99.0,8,100.0,58549,4769,90.61,63031,442,8.4,63506,37,0.7,63505,15,0.29,5316,99,5263,10020,8,8
1668455213,2022-11-14 13:46:53 -0600,e79a4bc77957ac2de48cdcd1a9badf8e96de9a09,TX,48059,2,2022-11-09T01:00:00.000Z,FIPSCode,48059,0,2022-11-14T19:46:12.293Z,8,99.0,8,100.0,58549,4769,90.61,63031,442,8.4,63506,37,0.7,63505,15,0.29,5316,99,5263,10020,8,8
1668455231,2022-11-14 13:47:11 -0600,243d709d92144c6d046ec58faba5954569ecaa02,TX,48059,2,2022-11-09T01:00:00.000Z,FIPSCode,48059,0,2022-11-14T19:46:12.293Z,8,99.0,8,100.0,58549,4769,90.61,63031,442,8.4,63506,37,0.7,63505,15,0.29,5316,99,5263,10020,8,8
1668455254,2022-11-14 13:47:34 -0600,a7608b8698d8e9cd1442f86efc5bc5f9c6452df1,TX,48059,2,2022-11-09T01:00:00.000Z,FIPSCode,48059,0,2022-11-14T19:46:12.293Z,8,99.0,8,100.0,58549,4769,90.61,63031,442,8.4,63506,37,0.7,63505,15,0.29,5316,99,5263,10020,8,8
1668455277,2022-11-14 13:47:57 -0600,ef7f6e68aa01336dd988cffb2b697c1ce24c07f8,TX,48059,2,2022-11-09T01:00:00.000Z,FIPSCode,48059,0,2022-11-14T19:46:12.293Z,8,99.0,8,100.0,58549,4769,90.61,63031,442,8.4,63506,37,0.7,63505,15,0.29,5316,99,5263,10020,8,8
1668455296,2022-11-14 13:48:16 -0600,1064f76bf80f72b4370350e230891b9b791eb27c,TX,48059,2,2022-11-09T01:00:00.000Z,FIPSCode,48059,0,2022-11-14T19:47:35.356Z,8,99.0,8,100.0,58549,4769,90.61,63031,442,8.4,63506,37,0.7,63505,15,0.29,5316,99,5263,10020,8,8
1668455314,2022-11-14 13:48:34 -0600,7ea2b7eb617b927f35b8f1b781219ca4825361ab,TX,48059,2,2022-11-09T01:00:00.000Z,FIPSCode,48059,0,2022-11-14T19:47:35.356Z,8,99.0,8,100.0,58549,4769,90.61,63031,442,8.4,63506,37,0.7,63505,15,0.29,5316,99,5263,10020,8,8
1668455337,2022-11-14 13:48:57 -0600,c2f322156a9415c9eab42f386d1e9c36e881e6ae,TX,48059,2,2022-11-09T01:00:00.000Z,FIPSCode,48059,0,2022-11-14T19:47:35.356Z,8,99.0,8,100.0,58549,4769,90.61,63031,442,8.4,63506,37,0.7,63505,15,0.29,5316,99,5263,10020,8,8
1668455349,2022-11-14 13:49:09 -0600,cf32bf35951c63a9687e52240a2d47606b61ce84,TX,48059,2,2022-11-09T01:00:00.000Z,FIPSCode,48059,0,2022-11-14T19:47:35.356Z,8,99.0,8,100.0,58549,4769,90.61,63031,442,8.4,63506,37,0.7,63505,15,0.29,5316,99,5263,10020,8,8
1668455372,2022-11-14 13:49:32 -0600,6479724e952658aa62108bcd8f18e5ebbf34ddb3,TX,48059,2,2022-11-09T01:00:00.000Z,FIPSCode,48059,0,2022-11-14T19:47:35.356Z,8,99.0,8,100.0,58549,4769,90.61,63031,442,8.4,63506,37,0.7,63505,15,0.29,5316,99,5263,10020,8,8
1668455400,2022-11-14 13:50:00 -0600,70fd0128057fa200a742fff1cfb32fc32cc37b24,TX,48059,2,2022-11-09T01:00:00.000Z,FIPSCode,48059,0,2022-11-14T19:47:35.356Z,8,99.0,8,100.0,58549,4769,90.61,63031,442,8.4,63506,37,0.7,63505,15,0.29,5316,99,5263,10020,8,8
1668455418,2022-11-14 13:50:18 -0600,6b70fa7097fc4153dc79a826b18c2cd73d03cca1,TX,48059,2,2022-11-09T01:00:00.000Z,FIPSCode,48059,0,2022-11-14T19:47:35.356Z,8,99.0,8,100.0,58549,4769,90.61,63031,442,8.4,63506,37,0.7,63505,15,0.29,5316,99,5263,10020,8,8
1668455429,2022-11-14 13:50:29 -0600,d5b83bfff89e59e1849921fedc03dd9f00cbd413,TX,48059,2,2022-11-09T01:00:00.000Z,FIPSCode,48059,0,2022-11-14T19:47:35.356Z,8,99.0,8,100.0,58549,4769,90.61,63031,442,8.4,63506,37,0.7,63505,15,0.29,5316,99,5263,10020,8,8
1668455441,2022-11-14 13:50:41 -0600,a29f41d6de7e7f0dc09e34a87b73e0bb6f43b38f,TX,48059,2,2022-11-09T01:00:00.000Z,FIPSCode,48059,0,2022-11-14T19:47:35.356Z,8,99.0,8,100.0,58549,4769,90.61,63031,442,8.4,63506,37,0.7,63505,15,0.29,5316,99,5263,10020,8,8
1668455448,2022-11-14 13:50:48 -0600,f8bed91a00a57eed657bc24119214ee6c99e3325,TX,48059,2,2022-11-09T01:00:00.000Z,FIPSCode,48059,0,2022-11-14T19:47:35.356Z,8,99.0,8,100.0,58549,4769,90.61,63031,442,8.4,63506,37,0.7,63505,15,0.29,5316,99,5263,10020,8,8
1668455454,2022-11-14 13:50:54 -0600,65b39c2cb59953f4fe9a08ac728a7177812d2c1c,TX,48059,2,2022-11-09T01:00:00.000Z,FIPSCode,48059,0,2022-11-14T19:47:35.356Z,8,99.0,8,100.0,58549,4769,90.61,63031,442,8.4,63506,37,0.7,63505,15,0.29,5316,99,5263,10020,8,8
1668455472,2022-11-14 13:51:12 -0600,eef04161a655084d788e4b1addfcd024c2ac9bbc,TX,48059,2,2022-11-09T01:00:00.000Z,FIPSCode,48059,0,2022-11-14T19:47:35.356Z,8,99.0,8,100.0,58549,4769,90.61,63031,442,8.4,63506,37,0.7,63505,15,0.29,5316,99,5263,10020,8,8
1668455489,2022-11-14 13:51:29 -0600,23bb5e220bbd4205dbcfb14a28b968986a1224bc,TX,48059,2,2022-11-09T01:00:00.000Z,FIPSCode,48059,0,2022-11-14T19:47:35.356Z,8,99.0,8,100.0,58549,4769,90.61,63031,442,8.4,63506,37,0.7,63505,15,0.29,5316,99,5263,10020,8,8
1668455500,2022-11-14 13:51:40 -0600,05495df35c1374dbe8c73fc56a90a54449df3629,TX,48059,2,2022-11-09T01:00:00.000Z,FIPSCode,48059,0,2022-11-14T19:47:35.356Z,8,99.0,8,100.0,58549,4769,90.61,63031,442,8.4,63506,37,0.7,63505,15,0.29,5316,99,5263,10020,8,8
1668455506,2022-11-14 13:51:46 -0600,92bb2e10964472a98155f63f7e773167b33411ac,TX,48059,2,2022-11-09T01:00:00.000Z,FIPSCode,48059,0,2022-11-14T19:47:35.356Z,8,99.0,8,100.0,58549,4769,90.61,63031,442,8.4,63506,37,0.7,63505,15,0.29,5316,99,5263,10020,8,8
1668455518,2022-11-14 13:51:58 -0600,3dd4204ec5b37f805cc68d9b318289f366cc09e8,TX,48059,2,2022-11-09T01:00:00.000Z,FIPSCode,48059,0,2022-11-14T19:47:35.356Z,8,99.0,8,100.0,58549,4769,90.61,63031,442,8.4,63506,37,0.7,63505,15,0.29,5316,99,5263,10020,8,8
1668455535,2022-11-14 13:52:15 -0600,0d484d7c2575795ebaf3611639c73c1d63088e46,TX,48059,2,2022-11-09T01:00:00.000Z,FIPSCode,48059,0,2022-11-14T19:47:35.356Z,8,99.0,8,100.0,58549,4769,90.61,63031,442,8.4,63506,37,0.7,63505,15,0.29,5316,99,5263,10020,8,8
1668455552,2022-11-14 13:52:32 -0600,840813ae8bdd15fcc718a185802797bc1d50d47c,TX,48059,2,2022-11-09T01:00:00.000Z,FIPSCode,48059,0,2022-11-14T19:47:35.356Z,8,99.0,8,100.0,58549,4769,90.61,63031,442,8.4,63506,37,0.7,63505,15,0.29,5316,99,5263,10020,8,8
1668455558,2022-11-14 13:52:38 -0600,2ffacefdbfd440909e115154267295d8f0b52ce7,TX,48059,2,2022-11-09T01:00:00.000Z,FIPSCode,48059,0,2022-11-14T19:47:35.356Z,8,99.0,8,100.0,58549,4769,90.61,63031,442,8.4,63506,37,0.7,63505,15,0.29,5316,99,5263,10020,8,8
1668455590,2022-11-14 13:53:10 -0600,2db0a0684511cdc49eab83b56ba668782a88f450,TX,48059,2,2022-11-09T01:00:00.000Z,FIPSCode,48059,0,2022-11-14T19:47:35.356Z,8,99.0,8,100.0,58549,4769,90.61,63031,442,8.4,63506,37,0.7,63505,15,0.29,5316,99,5263,10020,8,8
1668455613,2022-11-14 13:53:33 -0600,002b4f1d144b22b1a9a4b3a6d2d4a80bd63aaacd,TX,48059,2,2022-11-09T01:00:00.000Z,FIPSCode,48059,0,2022-11-14T19:47:35.356Z,8,99.0,8,100.0,58549,4769,90.61,63031,442,8.4,63506,37,0.7,63505,15,0.29,5316,99,5263,10020,8,8
1668455648,2022-11-14 13:54:08 -0600,c08179aee4381f1230c58e7ce655b9f063e1d0e5,TX,48059,2,2022-11-09T01:00:00.000Z,FIPSCode,48059,0,2022-11-14T19:47:35.356Z,8,99.0,8,100.0,58549,4769,90.61,63031,442,8.4,63506,37,0.7,63505,15,0.29,5316,99,5263,10020,8,8
1668455670,2022-11-14 13:54:30 -0600,8c7677dc95df23d788c49c20919c6ff574b72ac9,TX,48059,2,2022-11-09T01:00:00.000Z,FIPSCode,48059,0,2022-11-14T19:47:35.356Z,8,99.0,8,100.0,58549,4769,90.61,63031,442,8.4,63506,37,0.7,63505,15,0.29,5316,99,5263,10020,8,8
1668455676,2022-11-14 13:54:36 -0600,4f8e1737b4a4fd519e69777cc9b17dbfb42b1a1f,TX,48059,2,2022-11-09T01:00:00.000Z,FIPSCode,48059,0,2022-11-14T19:47:35.356Z,8,99.0,8,100.0,58549,4769,90.61,63031,442,8.4,63506,37,0.7,63505,15,0.29,5316,99,5263,10020,8,8
1668455710,2022-11-14 13:55:10 -0600,ef86f9f4f308219e0b9b5b48d3ed0e0fc067cbd6,TX,48059,2,2022-11-09T01:00:00.000Z,FIPSCode,48059,0,2022-11-14T19:47:35.356Z,8,99.0,8,100.0,58549,4769,90.61,63031,442,8.4,63506,37,0.7,63505,15,0.29,5316,99,5263,10020,8,8
1668455727,2022-11-14 13:55:27 -0600,6efe3211958898f1d810eec89545c720068d0ae8,TX,48059,2,2022-11-09T01:00:00.000Z,FIPSCode,48059,0,2022-11-14T19:47:35.356Z,8,99.0,8,100.0,58549,4769,90.61,63031,442,8.4,63506,37,0.7,63505,15,0.29,5316,99,5263,10020,8,8
1668455739,2022-11-14 13:55:39 -0600,63d9ff5d111beb57d0d4a7de5b14d95d37557f13,TX,48059,2,2022-11-09T01:00:00.000Z,FIPSCode,48059,0,2022-11-14T19:47:35.356Z,8,99.0,8,100.0,58549,4769,90.61,63031,442,8.4,63506,37,0.7,63505,15,0.29,5316,99,5263,10020,8,8
1668455758,2022-11-14 13:55:58 -0600,97c2fd255d942799a6b4a857370163575fe50a44,TX,48059,2,2022-11-09T01:00:00.000Z,FIPSCode,48059,0,2022-11-14T19:47:35.356Z,8,99.0,8,100.0,58549,4769,90.61,63031,442,8.4,63506,37,0.7,63505,15,0.29,5316,99,5263,10020,8,8
1668455775,2022-11-14 13:56:15 -0600,c8fcb5c1ddf6d15b63a82c585a4014c9a500099c,TX,48059,2,2022-11-09T01:00:00.000Z,FIPSCode,48059,0,2022-11-14T19:47:35.356Z,8,99.0,8,100.0,58549,4769,90.61,63031,442,8.4,63506,37,0.7,63505,15,0.29,5316,99,5263,10020,8,8
1668455794,2022-11-14 13:56:34 -0600,ae2d64d85989e0dec42b8f9b85cd97ed585ea240,TX,48059,2,2022-11-09T01:00:00.000Z,FIPSCode,48059,0,2022-11-14T19:47:35.356Z,8,99.0,8,100.0,58549,4769,90.61,63031,442,8.4,63506,37,0.7,63505,15,0.29,5316,99,5263,10020,8,8
1668455802,2022-11-14 13:56:42 -0600,0e69c540190d005d6045a16c1a3d4b148a5e8da7,TX,48059,2,2022-11-09T01:00:00.000Z,FIPSCode,48059,0,2022-11-14T19:47:35.356Z,8,99.0,8,100.0,58549,4769,90.61,63031,442,8.4,63506,37,0.7,63505,15,0.29,5316,99,5263,10020,8,8
1668455838,2022-11-14 13:57:18 -0600,f46578eea2e698f2e9e2b7b392cb5e18bdfa39ab,TX,48059,2,2022-11-09T01:00:00.000Z,FIPSCode,48059,0,2022-11-14T19:47:35.356Z,8,99.0,8,100.0,58549,4769,90.61,63031,442,8.4,63506,37,0.7,63505,15,0.29,5316,99,5263,10020,8,8
1668455861,2022-11-14 13:57:41 -0600,c6254434fd7cb39f75e5b9b02544dd2424071272,TX,48059,2,2022-11-09T01:00:00.000Z,FIPSCode,48059,0,2022-11-14T19:47:35.356Z,8,99.0,8,100.0,58549,4769,90.61,63031,442,8.4,63506,37,0.7,63505,15,0.29,5316,99,5263,10020,8,8
1668455884,2022-11-14 13:58:04 -0600,6515d753bce06fb1eb4926c5441fe221bfce7bc0,TX,48059,2,2022-11-09T01:00:00.000Z,FIPSCode,48059,0,2022-11-14T19:47:35.356Z,8,99.0,8,100.0,58549,4769,90.61,63031,442,8.4,63506,37,0.7,63505,15,0.29,5316,99,5263,10020,8,8
1668455901,2022-11-14 13:58:21 -0600,c40a1d279a6ee48f673521a4b5e22c31892ac9a0,TX,48059,2,2022-11-09T01:00:00.000Z,FIPSCode,48059,0,2022-11-14T19:47:35.356Z,8,99.0,8,100.0,58549,4769,90.61,63031,442,8.4,63506,37,0.7,63505,15,0.29,5316,99,5263,10020,8,8
1669826327,2022-11-30 10:38:47 -0600,06dab009c8ba91c58a4d277479f79d19a3eed2ea,TX,48059,2,2022-11-09T01:00:00.000Z,FIPSCode,48059,0,2022-11-14T20:19:11.705Z,8,99.0,8,100.0,58549,4769,90.61,63031,442,8.4,63506,37,0.7,63505,15,0.29,5316,99,5263,10020,8,8
1669826343,2022-11-30 10:39:03 -0600,42e70f646251b307c20b2047fc570da46557b2c8,TX,48059,2,2022-11-09T01:00:00.000Z,FIPSCode,48059,0,2022-11-30T16:38:05.872Z,8,99.94,8,100.0,58549,4769,90.61,63031,442,8.4,63506,37,0.7,63505,15,0.29,5266,100,5263,10020,8,8
1669826378,2022-11-30 10:39:38 -0600,6bb42d111df6bde40607b171d9153e1b4014f524,TX,48059,2,2022-11-09T01:00:00.000Z,FIPSCode,48059,0,2022-11-30T16:38:05.872Z,8,99.94,8,100.0,58549,4769,90.61,63031,442,8.4,63506,37,0.7,63505,15,0.29,5266,100,5263,10020,8,8
1669827701,2022-11-30 11:01:41 -0600,206560d977841135195f21cc72dce964efd73b47,TX,48059,2,2022-11-09T01:00:00.000Z,FIPSCode,48059,0,2022-11-30T16:38:05.872Z,8,99.94,8,100.0,58549,4769,90.61,63031,442,8.4,63506,37,0.7,63505,15,0.29,5266,100,5263,10020,8,8
1669827745,2022-11-30 11:02:25 -0600,ff53dabd6eff8bfd3ceb72c6bc22930245283503,TX,48059,2,2022-11-09T01:00:00.000Z,FIPSCode,48059,0,2022-11-30T17:00:52.795Z,8,99.94,8,100.0,58549,4769,90.61,63031,442,8.4,63506,37,0.7,63505,15,0.29,5266,100,5263,10020,8,8
