captureTimestamp,captureDateTime,captureRevision,statePostal,reportingunitID,reportingunitLevel,pollClosingTime,level,fipsCode,electTotal,lastUpdated,precinctsReporting,eevp,precinctsTotal,precinctsReportingPct,candidates.0.candidateID,candidates.0.voteCount,candidates.0.votePct,candidates.1.candidateID,candidates.1.voteCount,candidates.1.votePct,parameters.vote.expected.actual,parameters.vote.expected.eevpCap,parameters.vote.total,parameters.vote.registered,parameters.precinctsReportingActual,parameters.precinctsReportingProportional
1667886761,2022-11-08 05:52:41 +0000,454ce019f86614717daba988180b8577e032630f,WA,53053,2,2022-11-09T03:00:00.000Z,FIPSCode,53053,0,2022-11-07T03:28:07.472Z,0,0.0,125,0.0,8714,0,0.0,9534,0,0.0,66770,99,0,116083,0,0
1667944347,2022-11-08 21:52:27 +0000,05a3e91e497cb8d3251b3f2f481fd479b6ed8cc7,WA,53053,2,2022-11-09T04:00:00.000Z,FIPSCode,53053,0,2022-11-08T20:20:24.785Z,0,0.0,125,0.0,8714,0,0.0,9534,0,0.0,71051,70,0,116083,0,0
1667966989,2022-11-09 04:09:49 +0000,47c6fd3e525919b429e23d0446afd1809e9c353c,WA,53053,2,2022-11-09T04:00:00.000Z,FIPSCode,53053,0,2022-11-09T04:00:02.366Z,0,0.0,125,0.0,8714,0,0.0,9534,0,0.0,71051,70,0,116083,0,0
1667967269,2022-11-09 04:14:29 +0000,68d92bf23b94b96637a56b0d567d37a581d41ead,WA,53053,2,2022-11-09T04:00:00.000Z,FIPSCode,53053,0,2022-11-09T04:11:28.572Z,82,65.72,125,0.0,9534,27206,58.26,8714,19491,41.74,71051,70,46697,116083,0,82
1667967540,2022-11-08 22:19:00 -0600,673632f1537c7c9f2368084b99ec47b67621c41e,WA,53053,2,2022-11-09T04:00:00.000Z,FIPSCode,53053,0,2022-11-09T04:11:28.572Z,82,65.72,125,0.0,9534,27206,58.26,8714,19491,41.74,71051,70,46697,116083,0,82
1667967862,2022-11-08 22:24:22 -0600,70f93394ffa370662e7d52b8ef52310baba3c929,WA,53053,2,2022-11-09T04:00:00.000Z,FIPSCode,53053,0,2022-11-09T04:20:39.044Z,82,65.72,125,0.0,9534,27206,58.26,8714,19491,41.74,71051,70,46697,116083,0,82
1667968002,2022-11-08 22:26:42 -0600,1235204137f0f06fe3cd4983951d9356477924c9,WA,53053,2,2022-11-09T04:00:00.000Z,FIPSCode,53053,0,2022-11-09T04:21:49.708Z,82,65.72,125,0.0,9534,27206,58.26,8714,19491,41.74,71051,70,46697,116083,0,82
1667968047,2022-11-08 22:27:27 -0600,3febed665f84b6f0a9717d87750ee8049f50fab6,WA,53053,2,2022-11-09T04:00:00.000Z,FIPSCode,53053,0,2022-11-09T04:21:49.708Z,82,65.72,125,0.0,9534,27206,58.26,8714,19491,41.74,71051,70,46697,116083,0,82
1667968092,2022-11-08 22:28:12 -0600,c3a7bcfa6d57d19e0339cd5eff437c13c5a7dec5,WA,53053,2,2022-11-09T04:00:00.000Z,FIPSCode,53053,0,2022-11-09T04:27:54.729Z,82,65.72,125,0.0,9534,27206,58.26,8714,19491,41.74,71051,70,46697,116083,0,82
1667968138,2022-11-08 22:28:58 -0600,78be3d1941803188124b187362be51adf1e8fdfb,WA,53053,2,2022-11-09T04:00:00.000Z,FIPSCode,53053,0,2022-11-09T04:27:54.729Z,82,65.72,125,0.0,9534,27206,58.26,8714,19491,41.74,71051,70,46697,116083,0,82
1667969292,2022-11-08 22:48:12 -0600,27c0128769cb9950dd2d2f7b010376c6821eb8bd,WA,53053,2,2022-11-09T04:00:00.000Z,FIPSCode,53053,0,2022-11-09T04:47:21.899Z,75,60.0,125,0.0,9534,27206,58.26,8714,19491,41.74,77828,70,46697,116083,0,75
1668038252,2022-11-09 17:57:32 -0600,ef21d30911d34a24b6f6d4057b71f3446c4e6da2,WA,53053,2,2022-11-09T04:00:00.000Z,FIPSCode,53053,0,2022-11-09T04:47:21.899Z,75,60.0,125,0.0,9534,27206,58.26,8714,19491,41.74,77828,70,46697,116083,0,75
1668038465,2022-11-09 18:01:05 -0600,5dd1e0307b1e5e049fe956848bca0bcd082ba299,WA,53053,2,2022-11-09T04:00:00.000Z,FIPSCode,53053,0,2022-11-09T04:47:21.899Z,75,60.0,125,0.0,9534,27206,58.26,8714,19491,41.74,77828,70,46697,116083,0,75
1668039137,2022-11-09 18:12:17 -0600,90040354d71e73b576c077aa8fa92f661600ad3d,WA,53053,2,2022-11-09T04:00:00.000Z,FIPSCode,53053,0,2022-11-09T04:47:21.899Z,75,60.0,125,0.0,9534,27206,58.26,8714,19491,41.74,77828,70,46697,116083,0,75
1668039348,2022-11-09 18:15:48 -0600,d55bef125b414f2bbfc5651ffde99f499006af8f,WA,53053,2,2022-11-09T04:00:00.000Z,FIPSCode,53053,0,2022-11-10T00:15:29.194Z,0,67.7,125,0.0,9534,30849,58.55,8714,21837,41.45,77828,70,52686,116083,0,85
1668042346,2022-11-09 19:05:46 -0600,1149b74bae4ca27dbe42975d036cda81f6fa7ae2,WA,53053,2,2022-11-09T04:00:00.000Z,FIPSCode,53053,0,2022-11-10T00:15:29.194Z,0,67.7,125,0.0,9534,30849,58.55,8714,21837,41.45,77828,70,52686,116083,0,85
1668043183,2022-11-09 19:19:43 -0600,d44b422f5db403f39405edffed172c37aae2eaaf,WA,53053,2,2022-11-09T04:00:00.000Z,FIPSCode,53053,0,2022-11-10T00:15:29.194Z,0,67.7,125,0.0,9534,30849,58.55,8714,21837,41.45,77828,70,52686,116083,0,85
1668043225,2022-11-09 19:20:25 -0600,35e7bda4399f4e2fc99e1fbd79da63598db7578c,WA,53053,2,2022-11-09T04:00:00.000Z,FIPSCode,53053,0,2022-11-10T00:15:29.194Z,0,67.7,125,0.0,9534,30849,58.55,8714,21837,41.45,77828,70,52686,116083,0,85
1668047389,2022-11-09 20:29:49 -0600,851447934cabda4aeba1e602aaf8c23f9101b5e8,WA,53053,2,2022-11-09T04:00:00.000Z,FIPSCode,53053,0,2022-11-10T02:29:11.771Z,0,0.0,125,0.0,8714,0,0.0,9534,0,0.0,77828,70,0,116083,0,0
1668047475,2022-11-09 20:31:15 -0600,e6491f0497af047d2102319c8ac1137e01716ac9,WA,53053,2,2022-11-09T04:00:00.000Z,FIPSCode,53053,0,2022-11-10T02:30:32.229Z,0,0.0,125,0.0,8714,0,0.0,9534,0,0.0,77828,70,0,116083,0,0
1668047518,2022-11-09 20:31:58 -0600,aea3c6dc8b2a75206361ada6a9ea536d2a0b2cd5,WA,53053,2,2022-11-09T04:00:00.000Z,FIPSCode,53053,0,2022-11-10T02:31:27.938Z,0,70.0,125,0.0,9534,32692,58.84,8714,22871,41.16,77828,70,55563,116083,0,88
1668047560,2022-11-09 20:32:40 -0600,948a561a76685d8b49969b692100a28dca840627,WA,53053,2,2022-11-09T04:00:00.000Z,FIPSCode,53053,0,2022-11-10T02:31:54.493Z,0,70.0,125,0.0,9534,32692,58.84,8714,22871,41.16,77828,70,55563,116083,0,88
1668097578,2022-11-10 10:26:18 -0600,3cc2670e27e54e782a554123e196083300a7542c,WA,53053,2,2022-11-09T04:00:00.000Z,FIPSCode,53053,0,2022-11-10T02:31:54.493Z,0,70.0,125,0.0,9534,32692,58.84,8714,22871,41.16,77828,70,55563,116083,0,88
1668097827,2022-11-10 10:30:27 -0600,b94550b04643bf67866bf30b37775893c73075ad,WA,53053,2,2022-11-09T04:00:00.000Z,FIPSCode,53053,0,2022-11-10T02:31:54.493Z,0,70.0,125,0.0,9534,32692,58.84,8714,22871,41.16,77828,70,55563,116083,0,88
1668098169,2022-11-10 10:36:09 -0600,1f783928cd39365ccf1d2ea86b63d0437843feca,WA,53053,2,2022-11-09T04:00:00.000Z,FIPSCode,53053,0,2022-11-10T02:31:54.493Z,0,70.0,125,0.0,9534,32692,58.84,8714,22871,41.16,77828,70,55563,116083,0,88
1668124733,2022-11-10 17:58:53 -0600,6a38e671ba18648eeb8b24188472c991929d2c23,WA,53053,2,2022-11-09T04:00:00.000Z,FIPSCode,53053,0,2022-11-10T02:31:54.493Z,0,70.0,125,0.0,9534,32692,58.84,8714,22871,41.16,77828,70,55563,116083,0,88
1668124821,2022-11-10 18:00:21 -0600,b5b38ef762c5865817c6f89a48b10568ebac57e0,WA,53053,2,2022-11-09T04:00:00.000Z,FIPSCode,53053,0,2022-11-10T02:31:54.493Z,0,70.0,125,0.0,9534,32692,58.84,8714,22871,41.16,77828,70,55563,116083,0,88
1668126542,2022-11-10 18:29:02 -0600,4ca7b2989c30961bcea70819806f93c3bbb1e329,WA,53053,2,2022-11-09T04:00:00.000Z,FIPSCode,53053,0,2022-11-11T00:27:48.573Z,0,70.0,125,0.0,9534,40194,59.66,8714,27183,40.34,77828,70,67377,116083,0,88
1668127884,2022-11-10 18:51:24 -0600,12601806a85729b8fa010a3c1b25c0d57904a782,WA,53053,2,2022-11-09T04:00:00.000Z,FIPSCode,53053,0,2022-11-11T00:27:48.573Z,0,70.0,125,0.0,9534,40194,59.66,8714,27183,40.34,77828,70,67377,116083,0,88
1668128467,2022-11-10 19:01:07 -0600,528e73c2093df2b3c6c5bf45e75a81f8db3f799f,WA,53053,2,2022-11-09T04:00:00.000Z,FIPSCode,53053,0,2022-11-11T00:27:48.573Z,0,70.0,125,0.0,9534,40194,59.66,8714,27183,40.34,77828,70,67377,116083,0,88
1668128887,2022-11-10 19:08:07 -0600,db49610b5e3054cf56a221c4ff20ec7d505b8569,WA,53053,2,2022-11-09T04:00:00.000Z,FIPSCode,53053,0,2022-11-11T00:27:48.573Z,0,70.0,125,0.0,9534,40194,59.66,8714,27183,40.34,77828,70,67377,116083,0,88
1668129478,2022-11-10 19:17:58 -0600,bac8b53f8dab81541f136e2799083584aa488f91,WA,53053,2,2022-11-09T04:00:00.000Z,FIPSCode,53053,0,2022-11-11T00:27:48.573Z,0,70.0,125,0.0,9534,40194,59.66,8714,27183,40.34,77828,70,67377,116083,0,88
1668129562,2022-11-10 19:19:22 -0600,7545222e68f009e1dc81d70b47c2894c555a47c5,WA,53053,2,2022-11-09T04:00:00.000Z,FIPSCode,53053,0,2022-11-11T00:27:48.573Z,0,70.0,125,0.0,9534,40194,59.66,8714,27183,40.34,77828,70,67377,116083,0,88
1668130186,2022-11-10 19:29:46 -0600,7742fd440a76ace08f6ea442eeebc7561f4decf2,WA,53053,2,2022-11-09T04:00:00.000Z,FIPSCode,53053,0,2022-11-11T00:27:48.573Z,0,70.0,125,0.0,9534,40194,59.66,8714,27183,40.34,77828,70,67377,116083,0,88
1668130442,2022-11-10 19:34:02 -0600,fc4e388f149905b6c84a115db19cfaffd194ffa1,WA,53053,2,2022-11-09T04:00:00.000Z,FIPSCode,53053,0,2022-11-11T00:27:48.573Z,0,70.0,125,0.0,9534,40194,59.66,8714,27183,40.34,77828,70,67377,116083,0,88
1668133203,2022-11-10 20:20:03 -0600,fd6fd9baee009e8f9ab2dbfe762e147dd28acac1,WA,53053,2,2022-11-09T04:00:00.000Z,FIPSCode,53053,0,2022-11-11T02:19:35.898Z,0,70.0,125,0.0,9534,40194,59.66,8714,27183,40.34,77828,70,67377,116083,0,88
1668185086,2022-11-11 10:44:46 -0600,7301c3d7bffac150ceef02ff62c444edf7fad497,WA,53053,2,2022-11-09T04:00:00.000Z,FIPSCode,53053,0,2022-11-11T02:19:35.898Z,0,70.0,125,0.0,9534,40194,59.66,8714,27183,40.34,77828,70,67377,116083,0,88
1668185251,2022-11-11 10:47:31 -0600,ceeceb93020e190265220debbb4db32b35a6c62e,WA,53053,2,2022-11-09T04:00:00.000Z,FIPSCode,53053,0,2022-11-11T02:19:35.898Z,0,70.0,125,0.0,9534,40194,59.66,8714,27183,40.34,77828,70,67377,116083,0,88
1668185826,2022-11-11 10:57:06 -0600,a355382f58b298e4392e6e2708c241956cd72069,WA,53053,2,2022-11-09T04:00:00.000Z,FIPSCode,53053,0,2022-11-11T16:56:34.592Z,0,70.0,125,0.0,9534,40194,59.66,8714,27183,40.34,72448,70,67377,116083,0,88
1668204104,2022-11-11 16:01:44 -0600,22c04ca7d9299bb69f8e7d1e7943b54e4f6d8678,WA,53053,2,2022-11-09T04:00:00.000Z,FIPSCode,53053,0,2022-11-11T22:00:55.684Z,0,70.0,125,0.0,9534,41179,59.53,8714,27990,40.47,72448,70,69169,116083,0,88
1668204145,2022-11-11 16:02:25 -0600,ddf17443bb0bf5ff82512eb908d9d4a96bdda499,WA,53053,2,2022-11-09T04:00:00.000Z,FIPSCode,53053,0,2022-11-11T22:01:32.305Z,0,70.0,125,0.0,9534,41179,59.53,8714,27990,40.47,72448,70,69169,116083,0,88
1668210717,2022-11-11 17:51:57 -0600,ecfa3f6cfb4eb694b3568c1a784f0e47e1994642,WA,53053,2,2022-11-09T04:00:00.000Z,FIPSCode,53053,0,2022-11-11T22:01:32.305Z,0,70.0,125,0.0,9534,41179,59.53,8714,27990,40.47,72448,70,69169,116083,0,88
1668211179,2022-11-11 17:59:39 -0600,3be82e2493eed52c7738685eb8da59496308449c,WA,53053,2,2022-11-09T04:00:00.000Z,FIPSCode,53053,0,2022-11-11T22:01:32.305Z,0,70.0,125,0.0,9534,41179,59.53,8714,27990,40.47,72448,70,69169,116083,0,88
1668219768,2022-11-11 20:22:48 -0600,380c35fc19e7e5383adb54655999a658d72eaf94,WA,53053,2,2022-11-09T04:00:00.000Z,FIPSCode,53053,0,2022-11-11T22:01:32.305Z,0,70.0,125,0.0,9534,41179,59.53,8714,27990,40.47,72448,70,69169,116083,0,88
1668219892,2022-11-11 20:24:52 -0600,f54e9c023e93b39d47b5de07b9da8929f587e3eb,WA,53053,2,2022-11-09T04:00:00.000Z,FIPSCode,53053,0,2022-11-11T22:01:32.305Z,0,70.0,125,0.0,9534,41179,59.53,8714,27990,40.47,72448,70,69169,116083,0,88
1668220261,2022-11-11 20:31:01 -0600,ecbc59e20b10ca69c560a4bc6c37b178255a9a6a,WA,53053,2,2022-11-09T04:00:00.000Z,FIPSCode,53053,0,2022-11-11T22:01:32.305Z,0,70.0,125,0.0,9534,41179,59.53,8714,27990,40.47,72448,70,69169,116083,0,88
1668220342,2022-11-11 20:32:22 -0600,dfd62919ea7a47c108935992c4c9e1af66dfbdcb,WA,53053,2,2022-11-09T04:00:00.000Z,FIPSCode,53053,0,2022-11-11T22:01:32.305Z,0,70.0,125,0.0,9534,41179,59.53,8714,27990,40.47,72448,70,69169,116083,0,88
1668271882,2022-11-12 10:51:22 -0600,577439c9536014702ec4a1891b5b5be144ce20a1,WA,53053,2,2022-11-09T04:00:00.000Z,FIPSCode,53053,0,2022-11-11T22:01:32.305Z,0,70.0,125,0.0,9534,41179,59.53,8714,27990,40.47,72448,70,69169,116083,0,88
1668272612,2022-11-12 11:03:32 -0600,59cce75c1615fa3bb8122ce36d0cc8e3c295b58b,WA,53053,2,2022-11-09T04:00:00.000Z,FIPSCode,53053,0,2022-11-11T22:01:32.305Z,0,70.0,125,0.0,9534,41179,59.53,8714,27990,40.47,72448,70,69169,116083,0,88
1668272694,2022-11-12 11:04:54 -0600,52e9421c047db1b64dde2d5d69e0988cb73bdac7,WA,53053,2,2022-11-09T04:00:00.000Z,FIPSCode,53053,0,2022-11-11T22:01:32.305Z,0,70.0,125,0.0,9534,41179,59.53,8714,27990,40.47,72448,70,69169,116083,0,88
1668273598,2022-11-12 11:19:58 -0600,5ef64e21594d542bab100a945748c8eca71ad0bb,WA,53053,2,2022-11-09T04:00:00.000Z,FIPSCode,53053,0,2022-11-11T22:01:32.305Z,0,70.0,125,0.0,9534,41179,59.53,8714,27990,40.47,72448,70,69169,116083,0,88
1668273967,2022-11-12 11:26:07 -0600,8190582eaf1c08667a7f57d73fdc9850d965aada,WA,53053,2,2022-11-09T04:00:00.000Z,FIPSCode,53053,0,2022-11-12T17:25:33.922Z,88,70.0,125,70.4,9534,41179,59.53,8714,27990,40.47,71308,70,69169,116083,0,88
1668298037,2022-11-12 18:07:17 -0600,d95af15fec80916063bd31093b40e968e7cedf03,WA,53053,2,2022-11-09T04:00:00.000Z,FIPSCode,53053,0,2022-11-12T17:25:33.922Z,88,70.0,125,70.4,9534,41179,59.53,8714,27990,40.47,71308,70,69169,116083,0,88
1668298583,2022-11-12 18:16:23 -0600,5039cf0d65b36efc9d384be740f23a67503dac60,WA,53053,2,2022-11-09T04:00:00.000Z,FIPSCode,53053,0,2022-11-12T17:25:33.922Z,88,70.0,125,70.4,9534,41179,59.53,8714,27990,40.47,71308,70,69169,116083,0,88
1668298793,2022-11-12 18:19:53 -0600,955364eb8f9b1f63f96b288e617bb9ef4b7c6900,WA,53053,2,2022-11-09T04:00:00.000Z,FIPSCode,53053,0,2022-11-12T17:25:33.922Z,88,70.0,125,70.4,9534,41179,59.53,8714,27990,40.47,71308,70,69169,116083,0,88
1668298919,2022-11-12 18:21:59 -0600,ec65128f580b059dbe10e120be13baa36f317001,WA,53053,2,2022-11-09T04:00:00.000Z,FIPSCode,53053,0,2022-11-12T17:25:33.922Z,88,70.0,125,70.4,9534,41179,59.53,8714,27990,40.47,71308,70,69169,116083,0,88
1668378147,2022-11-13 16:22:27 -0600,ac7fced0ae0beae04acfdb3424c4e6bcc6460c67,WA,53053,2,2022-11-09T04:00:00.000Z,FIPSCode,53053,0,2022-11-13T22:21:59.054Z,112,90.0,125,89.6,9534,41179,59.53,8714,27990,40.47,71308,90,69169,116083,0,112
1668378213,2022-11-13 16:23:33 -0600,8bcf4b309245c0abc1bfdeb5b9b887843c1696ce,WA,53053,2,2022-11-09T04:00:00.000Z,FIPSCode,53053,0,2022-11-13T22:23:17.138Z,121,97.0,125,96.8,9534,41179,59.53,8714,27990,40.47,71308,99,69169,116083,0,121
1668469129,2022-11-14 17:38:49 -0600,a35cc6522e8c18719ce7a0e9fcaa1bf17a6589eb,WA,53053,2,2022-11-09T04:00:00.000Z,FIPSCode,53053,0,2022-11-13T22:23:17.138Z,121,97.0,125,96.8,9534,41179,59.53,8714,27990,40.47,71308,99,69169,116083,0,121
1668469232,2022-11-14 17:40:32 -0600,f27e144564e8ae7d7759da7ee794afe87cda37a6,WA,53053,2,2022-11-09T04:00:00.000Z,FIPSCode,53053,0,2022-11-14T23:40:21.291Z,122,97.54,125,97.6,9534,41407,59.53,8714,28145,40.47,71308,99,69552,116083,0,122
1668469539,2022-11-14 17:45:39 -0600,61961a2674cb618ac3ab3ae08971937168284128,WA,53053,2,2022-11-09T04:00:00.000Z,FIPSCode,53053,0,2022-11-14T23:45:17.366Z,123,98.0,125,98.4,9534,41407,59.53,8714,28145,40.47,70971,99,69552,116083,0,123
1668469697,2022-11-14 17:48:17 -0600,d273b7fdf89b059ec75c7c40aee59fdd43bcd876,WA,53053,2,2022-11-09T04:00:00.000Z,FIPSCode,53053,0,2022-11-14T23:45:17.366Z,123,98.0,125,98.4,9534,41407,59.53,8714,28145,40.47,70971,99,69552,116083,0,123
1668469709,2022-11-14 17:48:29 -0600,87152199456a528daa4d526cd50dd02922cf175b,WA,53053,2,2022-11-09T04:00:00.000Z,FIPSCode,53053,0,2022-11-14T23:45:17.366Z,123,98.0,125,98.4,9534,41407,59.53,8714,28145,40.47,70971,99,69552,116083,0,123
1668471395,2022-11-14 18:16:35 -0600,e504f41ba89b820ce0d13f9ec4887528519ab78c,WA,53053,2,2022-11-09T04:00:00.000Z,FIPSCode,53053,0,2022-11-15T00:16:17.767Z,124,99.0,125,99.2,9534,41407,59.53,8714,28145,40.47,70255,99,69552,116083,0,124
1668471807,2022-11-14 18:23:27 -0600,a331543263f537a2e07aa0aaeaf34c08f783b5a4,WA,53053,2,2022-11-09T04:00:00.000Z,FIPSCode,53053,0,2022-11-15T00:16:17.767Z,124,99.0,125,99.2,9534,41407,59.53,8714,28145,40.47,70255,99,69552,116083,0,124
1668473812,2022-11-14 18:56:52 -0600,c8be4acf2022b2efab3c55285dbd8b3e956b217a,WA,53053,2,2022-11-09T04:00:00.000Z,FIPSCode,53053,0,2022-11-15T00:16:17.767Z,124,99.0,125,99.2,9534,41407,59.53,8714,28145,40.47,70255,99,69552,116083,0,124
1668474186,2022-11-14 19:03:06 -0600,0047284d78a06abd024ee34a165ad9f0b625a144,WA,53053,2,2022-11-09T04:00:00.000Z,FIPSCode,53053,0,2022-11-15T00:16:17.767Z,124,99.0,125,99.2,9534,41407,59.53,8714,28145,40.47,70255,99,69552,116083,0,124
1668474247,2022-11-14 19:04:07 -0600,d3945cd69adeca55bd77d9af6f729f5baf9e0f7f,WA,53053,2,2022-11-09T04:00:00.000Z,FIPSCode,53053,0,2022-11-15T00:16:17.767Z,124,99.0,125,99.2,9534,41407,59.53,8714,28145,40.47,70255,99,69552,116083,0,124
1668474253,2022-11-14 19:04:13 -0600,b862ff8eaf8fd4d81b230bb2a919c8e6286bba0a,WA,53053,2,2022-11-09T04:00:00.000Z,FIPSCode,53053,0,2022-11-15T00:16:17.767Z,124,99.0,125,99.2,9534,41407,59.53,8714,28145,40.47,70255,99,69552,116083,0,124
1668474294,2022-11-14 19:04:54 -0600,b5261e52eac0670f5e11043a886e9284a757162a,WA,53053,2,2022-11-09T04:00:00.000Z,FIPSCode,53053,0,2022-11-15T00:16:17.767Z,124,99.0,125,99.2,9534,41407,59.53,8714,28145,40.47,70255,99,69552,116083,0,124
1668474323,2022-11-14 19:05:23 -0600,76436224101fb8187ed13296e20ba133f5cd182f,WA,53053,2,2022-11-09T04:00:00.000Z,FIPSCode,53053,0,2022-11-15T00:16:17.767Z,124,99.0,125,99.2,9534,41407,59.53,8714,28145,40.47,70255,99,69552,116083,0,124
1668474352,2022-11-14 19:05:52 -0600,f8a100682cfe7f6abbc43c83cf58b8e3d444b22c,WA,53053,2,2022-11-09T04:00:00.000Z,FIPSCode,53053,0,2022-11-15T00:16:17.767Z,124,99.0,125,99.2,9534,41407,59.53,8714,28145,40.47,70255,99,69552,116083,0,124
1668474760,2022-11-14 19:12:40 -0600,faa1e7e4f1e8888aa87451d47b64d320f97d9d35,WA,53053,2,2022-11-09T04:00:00.000Z,FIPSCode,53053,0,2022-11-15T00:16:17.767Z,124,99.0,125,99.2,9534,41407,59.53,8714,28145,40.47,70255,99,69552,116083,0,124
1668474810,2022-11-14 19:13:30 -0600,32687d209319f5aeac1a095e58a7d09925549278,WA,53053,2,2022-11-09T04:00:00.000Z,FIPSCode,53053,0,2022-11-15T00:16:17.767Z,124,99.0,125,99.2,9534,41407,59.53,8714,28145,40.47,70255,99,69552,116083,0,124
1668475458,2022-11-14 19:24:18 -0600,907d4ed376a7c450e7778e6d05a63b67ef6814e9,WA,53053,2,2022-11-09T04:00:00.000Z,FIPSCode,53053,0,2022-11-15T00:16:17.767Z,124,99.0,125,99.2,9534,41407,59.53,8714,28145,40.47,70255,99,69552,116083,0,124
1668543958,2022-11-15 14:25:58 -0600,4b4b769f9ad2d9e4705fd2a3ddfaed7d883ae926,WA,53053,2,2022-11-09T04:00:00.000Z,FIPSCode,53053,0,2022-11-15T00:16:17.767Z,124,99.0,125,99.2,9534,41407,59.53,8714,28145,40.47,70255,99,69552,116083,0,124
1668551857,2022-11-15 16:37:37 -0600,db4cf165d2f329c7ef5d3416b7b2f20112a6605f,WA,53053,2,2022-11-09T04:00:00.000Z,FIPSCode,53053,0,2022-11-15T22:37:10.549Z,124,99.0,125,99.2,9534,41407,59.53,8714,28145,40.47,70255,99,69552,116083,0,124
1668551869,2022-11-15 16:37:49 -0600,9f9d21103d7c877e7203a37ac54d3abe59f12cd5,WA,53053,2,2022-11-09T04:00:00.000Z,FIPSCode,53053,0,2022-11-15T22:37:26.270Z,124,99.0,125,99.2,9534,41557,59.51,8714,28275,40.49,70255,99,69832,116083,0,124
1668552337,2022-11-15 16:45:37 -0600,0c49bf2409fd513cdecbfa139b9b28446570d8d9,WA,53053,2,2022-11-09T04:00:00.000Z,FIPSCode,53053,0,2022-11-15T22:45:21.021Z,124,99.0,125,99.2,9534,41557,59.51,8714,28275,40.49,70537,99,69832,116083,0,124
1668555305,2022-11-15 17:35:05 -0600,272dde834c0924a2dbfbad36783734f92bfe3ec4,WA,53053,2,2022-11-09T04:00:00.000Z,FIPSCode,53053,0,2022-11-15T22:45:21.021Z,124,99.0,125,99.2,9534,41557,59.51,8714,28275,40.49,70537,99,69832,116083,0,124
1668555870,2022-11-15 17:44:30 -0600,2fa204b37efd19fc9d156b3f1b772919dc549d9e,WA,53053,2,2022-11-09T04:00:00.000Z,FIPSCode,53053,0,2022-11-15T22:45:21.021Z,124,99.0,125,99.2,9534,41557,59.51,8714,28275,40.49,70537,99,69832,116083,0,124
1668555910,2022-11-15 17:45:10 -0600,55f972562b643a25fde7a8ec85b5aec4820c1be9,WA,53053,2,2022-11-09T04:00:00.000Z,FIPSCode,53053,0,2022-11-15T22:45:21.021Z,124,99.0,125,99.2,9534,41557,59.51,8714,28275,40.49,70537,99,69832,116083,0,124
1668555951,2022-11-15 17:45:51 -0600,a048bb24f7026ac8909543bb7843e2c9ac983d97,WA,53053,2,2022-11-09T04:00:00.000Z,FIPSCode,53053,0,2022-11-15T22:45:21.021Z,124,99.0,125,99.2,9534,41557,59.51,8714,28275,40.49,70537,99,69832,116083,0,124
1668556236,2022-11-15 17:50:36 -0600,0bec69a3a22ecfd0d7eae74da4df7a250b501e2d,WA,53053,2,2022-11-09T04:00:00.000Z,FIPSCode,53053,0,2022-11-15T22:45:21.021Z,124,99.0,125,99.2,9534,41557,59.51,8714,28275,40.49,70537,99,69832,116083,0,124
1668558510,2022-11-15 18:28:30 -0600,fa0dcf5e28d06a3e853e2e57efa496718bcbecd4,WA,53053,2,2022-11-09T04:00:00.000Z,FIPSCode,53053,0,2022-11-15T22:45:21.021Z,124,99.0,125,99.2,9534,41557,59.51,8714,28275,40.49,70537,99,69832,116083,0,124
1668558546,2022-11-15 18:29:06 -0600,fb81fdcb2e93d43b377f854be0b7cc15e715bd5a,WA,53053,2,2022-11-09T04:00:00.000Z,FIPSCode,53053,0,2022-11-15T22:45:21.021Z,124,99.0,125,99.2,9534,41557,59.51,8714,28275,40.49,70537,99,69832,116083,0,124
1668558956,2022-11-15 18:35:56 -0600,f472f6fc0b98fd639855d3758fe9efd695d41dcf,WA,53053,2,2022-11-09T04:00:00.000Z,FIPSCode,53053,0,2022-11-15T22:45:21.021Z,124,99.0,125,99.2,9534,41557,59.51,8714,28275,40.49,70537,99,69832,116083,0,124
1668559579,2022-11-15 18:46:19 -0600,8e558a3f3402aec7e382de86c0c3a54e996dbc19,WA,53053,2,2022-11-09T04:00:00.000Z,FIPSCode,53053,0,2022-11-15T22:45:21.021Z,124,99.0,125,99.2,9534,41557,59.51,8714,28275,40.49,70537,99,69832,116083,0,124
1668559596,2022-11-15 18:46:36 -0600,27f74450a979982125e66ecf1672c7101859f461,WA,53053,2,2022-11-09T04:00:00.000Z,FIPSCode,53053,0,2022-11-15T22:45:21.021Z,124,99.0,125,99.2,9534,41557,59.51,8714,28275,40.49,70537,99,69832,116083,0,124
1668559846,2022-11-15 18:50:46 -0600,a0f133ea50b985bd9fa2273f48bed0ccdea5b0ae,WA,53053,2,2022-11-09T04:00:00.000Z,FIPSCode,53053,0,2022-11-15T22:45:21.021Z,124,99.0,125,99.2,9534,41557,59.51,8714,28275,40.49,70537,99,69832,116083,0,124
1668559982,2022-11-15 18:53:02 -0600,3b8c3948dd695894f1cdab62e65325fc1e416bcf,WA,53053,2,2022-11-09T04:00:00.000Z,FIPSCode,53053,0,2022-11-15T22:45:21.021Z,124,99.0,125,99.2,9534,41557,59.51,8714,28275,40.49,70537,99,69832,116083,0,124
1668560597,2022-11-15 19:03:17 -0600,19429614d73d8762686b41eacc9c490a05b056e7,WA,53053,2,2022-11-09T04:00:00.000Z,FIPSCode,53053,0,2022-11-15T22:45:21.021Z,124,99.0,125,99.2,9534,41557,59.51,8714,28275,40.49,70537,99,69832,116083,0,124
1668560608,2022-11-15 19:03:28 -0600,2aa539e28d5587f469307ee85940326dbe3bf954,WA,53053,2,2022-11-09T04:00:00.000Z,FIPSCode,53053,0,2022-11-15T22:45:21.021Z,124,99.0,125,99.2,9534,41557,59.51,8714,28275,40.49,70537,99,69832,116083,0,124
1668561004,2022-11-15 19:10:04 -0600,dc04f97b03d8c0c1c903fbd127249643f92cede4,WA,53053,2,2022-11-09T04:00:00.000Z,FIPSCode,53053,0,2022-11-15T22:45:21.021Z,124,99.0,125,99.2,9534,41557,59.51,8714,28275,40.49,70537,99,69832,116083,0,124
1668641883,2022-11-16 17:38:03 -0600,699468a7c2e72499c7a393c80158e8edc9394b49,WA,53053,2,2022-11-09T04:00:00.000Z,FIPSCode,53053,0,2022-11-15T22:45:21.021Z,124,99.0,125,99.2,9534,41557,59.51,8714,28275,40.49,70537,99,69832,116083,0,124
1668642461,2022-11-16 17:47:41 -0600,7763e6c62bd063b9c0142c6770ea8c151c2bc39e,WA,53053,2,2022-11-09T04:00:00.000Z,FIPSCode,53053,0,2022-11-15T22:45:21.021Z,124,99.0,125,99.2,9534,41557,59.51,8714,28275,40.49,70537,99,69832,116083,0,124
1668642508,2022-11-16 17:48:28 -0600,383b1a72d8e98faa7d3e815789e6afa42efbb5ac,WA,53053,2,2022-11-09T04:00:00.000Z,FIPSCode,53053,0,2022-11-15T22:45:21.021Z,124,99.0,125,99.2,9534,41557,59.51,8714,28275,40.49,70537,99,69832,116083,0,124
1668642594,2022-11-16 17:49:54 -0600,ad7f6acaa0e58b041a8c1478d9f2cc0116881de1,WA,53053,2,2022-11-09T04:00:00.000Z,FIPSCode,53053,0,2022-11-15T22:45:21.021Z,124,99.0,125,99.2,9534,41557,59.51,8714,28275,40.49,70537,99,69832,116083,0,124
1668646723,2022-11-16 18:58:43 -0600,5b9585200f409c0d1c1d15919c3054d3996cf7fe,WA,53053,2,2022-11-09T04:00:00.000Z,FIPSCode,53053,0,2022-11-15T22:45:21.021Z,124,99.0,125,99.2,9534,41557,59.51,8714,28275,40.49,70537,99,69832,116083,0,124
1668647347,2022-11-16 19:09:07 -0600,05bf7f6bc7e4e7a686ef03a411365312d63af97a,WA,53053,2,2022-11-09T04:00:00.000Z,FIPSCode,53053,0,2022-11-15T22:45:21.021Z,124,99.0,125,99.2,9534,41557,59.51,8714,28275,40.49,70537,99,69832,116083,0,124
1668647463,2022-11-16 19:11:03 -0600,f0697366644d32a7816d9532c7406d764abc8c69,WA,53053,2,2022-11-09T04:00:00.000Z,FIPSCode,53053,0,2022-11-15T22:45:21.021Z,124,99.0,125,99.2,9534,41557,59.51,8714,28275,40.49,70537,99,69832,116083,0,124
1668647527,2022-11-16 19:12:07 -0600,ebad81d378d63c6cc0989968b8f918f027c48d27,WA,53053,2,2022-11-09T04:00:00.000Z,FIPSCode,53053,0,2022-11-15T22:45:21.021Z,124,99.0,125,99.2,9534,41557,59.51,8714,28275,40.49,70537,99,69832,116083,0,124
1668718891,2022-11-17 15:01:31 -0600,3ea8dc5676dfa540c8d35cf3588f5042d5a7a26a,WA,53053,2,2022-11-09T04:00:00.000Z,FIPSCode,53053,0,2022-11-15T22:45:21.021Z,124,99.0,125,99.2,9534,41557,59.51,8714,28275,40.49,70537,99,69832,116083,0,124
1668726863,2022-11-17 17:14:23 -0600,a95a25e65151480264705adfcb42c22bc28e4278,WA,53053,2,2022-11-09T04:00:00.000Z,FIPSCode,53053,0,2022-11-15T22:45:21.021Z,124,99.0,125,99.2,9534,41557,59.51,8714,28275,40.49,70537,99,69832,116083,0,124
1668727593,2022-11-17 17:26:33 -0600,32f3419258d526f68b577a6b0bd81009c09ce4f7,WA,53053,2,2022-11-09T04:00:00.000Z,FIPSCode,53053,0,2022-11-17T23:26:19.891Z,124,99.0,125,99.2,9534,41610,59.49,8714,28334,40.51,70537,99,69944,116083,0,124
1668728044,2022-11-17 17:34:04 -0600,9412ceef9453514de6cc61fb7f305a04801996c6,WA,53053,2,2022-11-09T04:00:00.000Z,FIPSCode,53053,0,2022-11-17T23:26:19.891Z,124,99.0,125,99.2,9534,41610,59.49,8714,28334,40.51,70537,99,69944,116083,0,124
1668728433,2022-11-17 17:40:33 -0600,d67bb9c851410d1d7c17ab013ac71c4c25c1c9be,WA,53053,2,2022-11-09T04:00:00.000Z,FIPSCode,53053,0,2022-11-17T23:26:19.891Z,124,99.0,125,99.2,9534,41610,59.49,8714,28334,40.51,70537,99,69944,116083,0,124
1668728503,2022-11-17 17:41:43 -0600,632a71f3e58989dc266e77c8a2328dea26529001,WA,53053,2,2022-11-09T04:00:00.000Z,FIPSCode,53053,0,2022-11-17T23:26:19.891Z,124,99.0,125,99.2,9534,41610,59.49,8714,28334,40.51,70537,99,69944,116083,0,124
1668731442,2022-11-17 18:30:42 -0600,cf743e1cf87d3bd5594f4ea850604736a6c8e520,WA,53053,2,2022-11-09T04:00:00.000Z,FIPSCode,53053,0,2022-11-17T23:26:19.891Z,124,99.0,125,99.2,9534,41610,59.49,8714,28334,40.51,70537,99,69944,116083,0,124
1668731464,2022-11-17 18:31:04 -0600,1af812958f9bd657f0f1c343a36fb695d38bdc03,WA,53053,2,2022-11-09T04:00:00.000Z,FIPSCode,53053,0,2022-11-18T00:30:49.555Z,124,99.0,125,99.2,9534,41610,59.49,8714,28334,40.51,70651,99,69944,116083,0,124
1668732649,2022-11-17 18:50:49 -0600,84bb291ede1e044322e51782c80ffb49217dfe1e,WA,53053,2,2022-11-09T04:00:00.000Z,FIPSCode,53053,0,2022-11-18T00:30:49.555Z,124,99.0,125,99.2,9534,41610,59.49,8714,28334,40.51,70651,99,69944,116083,0,124
1668733415,2022-11-17 19:03:35 -0600,626062a466fa804e7a7e781271077d811196b9ee,WA,53053,2,2022-11-09T04:00:00.000Z,FIPSCode,53053,0,2022-11-18T00:30:49.555Z,124,99.0,125,99.2,9534,41610,59.49,8714,28334,40.51,70651,99,69944,116083,0,124
1668733493,2022-11-17 19:04:53 -0600,74c46728a135372b9288c6486feb293a23c6584d,WA,53053,2,2022-11-09T04:00:00.000Z,FIPSCode,53053,0,2022-11-18T00:30:49.555Z,124,99.0,125,99.2,9534,41610,59.49,8714,28334,40.51,70651,99,69944,116083,0,124
1668733526,2022-11-17 19:05:26 -0600,c10fe0dccf09079949d1d251966315ce9e6fdcb3,WA,53053,2,2022-11-09T04:00:00.000Z,FIPSCode,53053,0,2022-11-18T00:30:49.555Z,124,99.0,125,99.2,9534,41610,59.49,8714,28334,40.51,70651,99,69944,116083,0,124
1668814680,2022-11-18 17:38:00 -0600,db15b79ee6d5afcea03e2bd848ac2591cff3350f,WA,53053,2,2022-11-09T04:00:00.000Z,FIPSCode,53053,0,2022-11-18T00:30:49.555Z,124,99.0,125,99.2,9534,41610,59.49,8714,28334,40.51,70651,99,69944,116083,0,124
1668816181,2022-11-18 18:03:01 -0600,7ae10a9442ad3a70973b63121754d4c3057ae584,WA,53053,2,2022-11-09T04:00:00.000Z,FIPSCode,53053,0,2022-11-18T00:30:49.555Z,124,99.0,125,99.2,9534,41610,59.49,8714,28334,40.51,70651,99,69944,116083,0,124
1668816246,2022-11-18 18:04:06 -0600,7f6348935c5894b9825c83c2efa77e25d33c56c6,WA,53053,2,2022-11-09T04:00:00.000Z,FIPSCode,53053,0,2022-11-18T00:30:49.555Z,124,99.0,125,99.2,9534,41610,59.49,8714,28334,40.51,70651,99,69944,116083,0,124
1668816301,2022-11-18 18:05:01 -0600,5dfb471f57a0456042881c7cc266f04d250a840c,WA,53053,2,2022-11-09T04:00:00.000Z,FIPSCode,53053,0,2022-11-18T00:30:49.555Z,124,99.0,125,99.2,9534,41610,59.49,8714,28334,40.51,70651,99,69944,116083,0,124
1668816447,2022-11-18 18:07:27 -0600,ef8ea0384923313afb8d6a8dd0cb0805b3307b24,WA,53053,2,2022-11-09T04:00:00.000Z,FIPSCode,53053,0,2022-11-18T00:30:49.555Z,124,99.0,125,99.2,9534,41610,59.49,8714,28334,40.51,70651,99,69944,116083,0,124
1668902997,2022-11-19 18:09:57 -0600,a6ab9471f6a7f9bbcb475b82a8ad79e6ec672600,WA,53053,2,2022-11-09T04:00:00.000Z,FIPSCode,53053,0,2022-11-18T00:30:49.555Z,124,99.0,125,99.2,9534,41610,59.49,8714,28334,40.51,70651,99,69944,116083,0,124
1668903568,2022-11-19 18:19:28 -0600,b7782a796d308143b2b922ee874e68a34e6c7a5d,WA,53053,2,2022-11-09T04:00:00.000Z,FIPSCode,53053,0,2022-11-18T00:30:49.555Z,124,99.0,125,99.2,9534,41610,59.49,8714,28334,40.51,70651,99,69944,116083,0,124
1668955818,2022-11-20 08:50:18 -0600,06a081eaed2f793c3eddc2dccf147e3183b639f8,WA,53053,2,2022-11-09T04:00:00.000Z,FIPSCode,53053,0,2022-11-18T00:30:49.555Z,124,99.0,125,99.2,9534,41610,59.49,8714,28334,40.51,70651,99,69944,116083,0,124
1669001895,2022-11-20 21:38:15 -0600,610be04c1b9f9999a2bf0a635fa14269167d332c,WA,53053,2,2022-11-09T04:00:00.000Z,FIPSCode,53053,0,2022-11-18T00:30:49.555Z,124,99.0,125,99.2,9534,41610,59.49,8714,28334,40.51,70651,99,69944,116083,0,124
1669037587,2022-11-21 07:33:07 -0600,1f662b0ea92e70908fdf0360d2e6467c7095e6d0,WA,53053,2,2022-11-09T04:00:00.000Z,FIPSCode,53053,0,2022-11-18T00:30:49.555Z,124,99.0,125,99.2,9534,41610,59.49,8714,28334,40.51,70651,99,69944,116083,0,124
1669046395,2022-11-21 09:59:55 -0600,2bef58e559c82cbeb3a6165db1ddb157a74abd90,WA,53053,2,2022-11-09T04:00:00.000Z,FIPSCode,53053,0,2022-11-18T00:30:49.555Z,124,99.0,125,99.2,9534,41610,59.49,8714,28334,40.51,70651,99,69944,116083,0,124
1669066182,2022-11-21 15:29:42 -0600,cfcd2e3d31be9f62a1930bf5b26ced4f96385acb,WA,53053,2,2022-11-09T04:00:00.000Z,FIPSCode,53053,0,2022-11-21T20:39:12.162Z,124,99.0,125,99.2,9534,41643,59.48,8714,28363,40.52,70651,99,70006,116083,0,124
1669073537,2022-11-21 17:32:17 -0600,7310a214fc1c16846e2a4495abdc5b29e579b4b2,WA,53053,2,2022-11-09T04:00:00.000Z,FIPSCode,53053,0,2022-11-21T20:39:12.162Z,124,99.0,125,99.2,9534,41643,59.48,8714,28363,40.52,70651,99,70006,116083,0,124
1669074176,2022-11-21 17:42:56 -0600,a5bfafdfc1dd102f8f798c1990d0e772a46a3611,WA,53053,2,2022-11-09T04:00:00.000Z,FIPSCode,53053,0,2022-11-21T20:39:12.162Z,124,99.0,125,99.2,9534,41643,59.48,8714,28363,40.52,70651,99,70006,116083,0,124
1669074208,2022-11-21 17:43:28 -0600,cf6fd327613b628cfa496d97c6b6bd2404502633,WA,53053,2,2022-11-09T04:00:00.000Z,FIPSCode,53053,0,2022-11-21T20:39:12.162Z,124,99.0,125,99.2,9534,41643,59.48,8714,28363,40.52,70651,99,70006,116083,0,124
1669078917,2022-11-21 19:01:57 -0600,baa73f0682cdc6c52d6856b95bbd7490d6ca7d7e,WA,53053,2,2022-11-09T04:00:00.000Z,FIPSCode,53053,0,2022-11-21T20:39:12.162Z,124,99.0,125,99.2,9534,41643,59.48,8714,28363,40.52,70651,99,70006,116083,0,124
1669079307,2022-11-21 19:08:27 -0600,1c796766f527edd2754b7b1306aedbe4104d8da6,WA,53053,2,2022-11-09T04:00:00.000Z,FIPSCode,53053,0,2022-11-21T20:39:12.162Z,124,99.0,125,99.2,9534,41643,59.48,8714,28363,40.52,70651,99,70006,116083,0,124
1669079352,2022-11-21 19:09:12 -0600,87210a648d8caea07d23e41bcc4fd877de496cf6,WA,53053,2,2022-11-09T04:00:00.000Z,FIPSCode,53053,0,2022-11-21T20:39:12.162Z,124,99.0,125,99.2,9534,41643,59.48,8714,28363,40.52,70651,99,70006,116083,0,124
1669146255,2022-11-22 13:44:15 -0600,b73765a0e84683c18e25eb82df89308d445b2897,WA,53053,2,2022-11-09T04:00:00.000Z,FIPSCode,53053,0,2022-11-21T20:39:12.162Z,124,99.0,125,99.2,9534,41643,59.48,8714,28363,40.52,70651,99,70006,116083,0,124
1669160093,2022-11-22 17:34:53 -0600,971c2ece715e0d8d15bfca47b0861befe1d3d033,WA,53053,2,2022-11-09T04:00:00.000Z,FIPSCode,53053,0,2022-11-21T20:39:12.162Z,124,99.0,125,99.2,9534,41643,59.48,8714,28363,40.52,70651,99,70006,116083,0,124
1669160551,2022-11-22 17:42:31 -0600,1364001e6b379cbc35a612be31a721e13ff088ce,WA,53053,2,2022-11-09T04:00:00.000Z,FIPSCode,53053,0,2022-11-21T20:39:12.162Z,124,99.0,125,99.2,9534,41643,59.48,8714,28363,40.52,70651,99,70006,116083,0,124
1669160637,2022-11-22 17:43:57 -0600,72777877f4f6557284f96546dad7b0d7089ea291,WA,53053,2,2022-11-09T04:00:00.000Z,FIPSCode,53053,0,2022-11-21T20:39:12.162Z,124,99.0,125,99.2,9534,41643,59.48,8714,28363,40.52,70651,99,70006,116083,0,124
1669162471,2022-11-22 18:14:31 -0600,115961a0f0749a83272237967a7b65314ab04817,WA,53053,2,2022-11-09T04:00:00.000Z,FIPSCode,53053,0,2022-11-21T20:39:12.162Z,124,99.0,125,99.2,9534,41643,59.48,8714,28363,40.52,70651,99,70006,116083,0,124
1669247456,2022-11-23 17:50:56 -0600,da4aed9d14e05375a8bc6780421202886a12e8c7,WA,53053,2,2022-11-09T04:00:00.000Z,FIPSCode,53053,0,2022-11-21T20:39:12.162Z,124,99.0,125,99.2,9534,41643,59.48,8714,28363,40.52,70651,99,70006,116083,0,124
1669247787,2022-11-23 17:56:27 -0600,64b223155bab7c468c67b4a6338f465b6f545472,WA,53053,2,2022-11-09T04:00:00.000Z,FIPSCode,53053,0,2022-11-21T20:39:12.162Z,124,99.0,125,99.2,9534,41643,59.48,8714,28363,40.52,70651,99,70006,116083,0,124
1669251885,2022-11-23 19:04:45 -0600,2dbe517a021bed3cf29e17b7cfd6900c013ffe08,WA,53053,2,2022-11-09T04:00:00.000Z,FIPSCode,53053,0,2022-11-21T20:39:12.162Z,124,99.0,125,99.2,9534,41643,59.48,8714,28363,40.52,70651,99,70006,116083,0,124
1669252709,2022-11-23 19:18:29 -0600,b09e434eddd89b1eaeefab9839c7bfec7850da02,WA,53053,2,2022-11-09T04:00:00.000Z,FIPSCode,53053,0,2022-11-21T20:39:12.162Z,124,99.0,125,99.2,9534,41643,59.48,8714,28363,40.52,70651,99,70006,116083,0,124
1669296768,2022-11-24 07:32:48 -0600,35a1e27a2674114c5e83a7fe853d49ad48a89cf7,WA,53053,2,2022-11-09T04:00:00.000Z,FIPSCode,53053,0,2022-11-21T20:39:12.162Z,124,99.0,125,99.2,9534,41643,59.48,8714,28363,40.52,70651,99,70006,116083,0,124
1669297072,2022-11-24 07:37:52 -0600,6210f455e4c60a9e39f4158a4694336072915353,WA,53053,2,2022-11-09T04:00:00.000Z,FIPSCode,53053,0,2022-11-21T20:39:12.162Z,124,99.0,125,99.2,9534,41643,59.48,8714,28363,40.52,70651,99,70006,116083,0,124
1669678491,2022-11-28 17:34:51 -0600,a53988fed1707a7af02e341889e7863db4b4cf83,WA,53053,2,2022-11-09T04:00:00.000Z,FIPSCode,53053,0,2022-11-21T20:39:12.162Z,124,99.0,125,99.2,9534,41643,59.48,8714,28363,40.52,70651,99,70006,116083,0,124
1669679077,2022-11-28 17:44:37 -0600,25983838fdecfd9dfa5120d8b7b06729516e082f,WA,53053,2,2022-11-09T04:00:00.000Z,FIPSCode,53053,0,2022-11-21T20:39:12.162Z,124,99.0,125,99.2,9534,41643,59.48,8714,28363,40.52,70651,99,70006,116083,0,124
1669687187,2022-11-28 19:59:47 -0600,f761c636de9a8eb29632effdb6bf039b7072a25a,WA,53053,2,2022-11-09T04:00:00.000Z,FIPSCode,53053,0,2022-11-21T20:39:12.162Z,124,99.0,125,99.2,9534,41643,59.48,8714,28363,40.52,70651,99,70006,116083,0,124
1669688140,2022-11-28 20:15:40 -0600,43f034e5b2a897cdee138963cf488aad6476695b,WA,53053,2,2022-11-09T04:00:00.000Z,FIPSCode,53053,0,2022-11-21T20:39:12.162Z,124,99.0,125,99.2,9534,41643,59.48,8714,28363,40.52,70651,99,70006,116083,0,124
1669726221,2022-11-29 06:50:21 -0600,4f4e4dd39287d6b49c6af7e0702a5ec786c6db74,WA,53053,2,2022-11-09T04:00:00.000Z,FIPSCode,53053,0,2022-11-21T20:39:12.162Z,124,99.0,125,99.2,9534,41643,59.48,8714,28363,40.52,70651,99,70006,116083,0,124
1669742969,2022-11-29 11:29:29 -0600,1ea941e2a3428215f0f7c52d575747264f68f8c5,WA,53053,2,2022-11-09T04:00:00.000Z,FIPSCode,53053,0,2022-11-21T20:39:12.162Z,124,99.0,125,99.2,9534,41643,59.48,8714,28363,40.52,70651,99,70006,116083,0,124
1669747718,2022-11-29 12:48:38 -0600,fde45e69fdbd7c477c961f27cdba4fec5ee6ec6b,WA,53053,2,2022-11-09T04:00:00.000Z,FIPSCode,53053,0,2022-11-29T18:48:11.716Z,124,99.0,125,99.2,9534,41687,59.49,8714,28387,40.51,70651,99,70074,116083,0,124
1669757270,2022-11-29 15:27:50 -0600,0eb968d183e2428e1c189e7227fd931d7813ca6a,WA,53053,2,2022-11-09T04:00:00.000Z,FIPSCode,53053,0,2022-11-29T18:48:11.716Z,124,99.0,125,99.2,9534,41687,59.49,8714,28387,40.51,70651,99,70074,116083,0,124
1669757366,2022-11-29 15:29:26 -0600,7a9d9b21b7681d8892234c62a110eb0fef6c637f,WA,53053,2,2022-11-09T04:00:00.000Z,FIPSCode,53053,0,2022-11-29T18:48:11.716Z,124,99.0,125,99.2,9534,41687,59.49,8714,28387,40.51,70651,99,70074,116083,0,124
1669758046,2022-11-29 15:40:46 -0600,dfa0426a74c4ea0cfe7596815c6f0bb24547c5e8,WA,53053,2,2022-11-09T04:00:00.000Z,FIPSCode,53053,0,2022-11-29T18:48:11.716Z,124,99.0,125,99.2,9534,41687,59.49,8714,28387,40.51,70651,99,70074,116083,0,124
1669758152,2022-11-29 15:42:32 -0600,56394bc41c77a1649052441770cce3c2a41eab5a,WA,53053,2,2022-11-09T04:00:00.000Z,FIPSCode,53053,0,2022-11-29T18:48:11.716Z,124,99.0,125,99.2,9534,41687,59.49,8714,28387,40.51,70651,99,70074,116083,0,124
1669758228,2022-11-29 15:43:48 -0600,4fb797f6f1be6d1f42962dd10b1fe049d5b1ab94,WA,53053,2,2022-11-09T04:00:00.000Z,FIPSCode,53053,0,2022-11-29T18:48:11.716Z,124,99.0,125,99.2,9534,41687,59.49,8714,28387,40.51,70651,99,70074,116083,0,124
1669758547,2022-11-29 15:49:07 -0600,cb186f4dd72d64206a14721674258c703d550bce,WA,53053,2,2022-11-09T04:00:00.000Z,FIPSCode,53053,0,2022-11-29T18:48:11.716Z,124,99.0,125,99.2,9534,41687,59.49,8714,28387,40.51,70651,99,70074,116083,0,124
1669758569,2022-11-29 15:49:29 -0600,6ac1d5cdd9e591877e08f2358e434eb7c1a137fa,WA,53053,2,2022-11-09T04:00:00.000Z,FIPSCode,53053,0,2022-11-29T18:48:11.716Z,124,99.0,125,99.2,9534,41687,59.49,8714,28387,40.51,70651,99,70074,116083,0,124
1669759415,2022-11-29 16:03:35 -0600,ef4e7184f3573b1371a33c00cd47cf17b63370b5,WA,53053,2,2022-11-09T04:00:00.000Z,FIPSCode,53053,0,2022-11-29T18:48:11.716Z,124,99.0,125,99.2,9534,41687,59.49,8714,28387,40.51,70651,99,70074,116083,0,124
1669759511,2022-11-29 16:05:11 -0600,539f0d31e7d517ed738593b788825f38e099e6ac,WA,53053,2,2022-11-09T04:00:00.000Z,FIPSCode,53053,0,2022-11-29T18:48:11.716Z,124,99.0,125,99.2,9534,41687,59.49,8714,28387,40.51,70651,99,70074,116083,0,124
1669765192,2022-11-29 17:39:52 -0600,761812813c77bc3f7c0477dd833ea89c41e112ad,WA,53053,2,2022-11-09T04:00:00.000Z,FIPSCode,53053,0,2022-11-29T18:48:11.716Z,124,99.0,125,99.2,9534,41687,59.49,8714,28387,40.51,70651,99,70074,116083,0,124
1669765678,2022-11-29 17:47:58 -0600,1e53ec1071713afdb1f18b7ee52695a08a148af3,WA,53053,2,2022-11-09T04:00:00.000Z,FIPSCode,53053,0,2022-11-29T18:48:11.716Z,124,99.0,125,99.2,9534,41687,59.49,8714,28387,40.51,70651,99,70074,116083,0,124
1669765760,2022-11-29 17:49:20 -0600,4f1fd8ecef7d327af92e8e8f9cecf3c2695542ad,WA,53053,2,2022-11-09T04:00:00.000Z,FIPSCode,53053,0,2022-11-29T18:48:11.716Z,124,99.0,125,99.2,9534,41687,59.49,8714,28387,40.51,70651,99,70074,116083,0,124
1669765771,2022-11-29 17:49:31 -0600,7f0daca5ec41cdb0b8a684f2219bf420a7bf335b,WA,53053,2,2022-11-09T04:00:00.000Z,FIPSCode,53053,0,2022-11-29T18:48:11.716Z,124,99.0,125,99.2,9534,41687,59.49,8714,28387,40.51,70651,99,70074,116083,0,124
1669765928,2022-11-29 17:52:08 -0600,90e7aa4b475816cd49882c69195d0b2bf918380e,WA,53053,2,2022-11-09T04:00:00.000Z,FIPSCode,53053,0,2022-11-29T18:48:11.716Z,124,99.0,125,99.2,9534,41687,59.49,8714,28387,40.51,70651,99,70074,116083,0,124
1669783731,2022-11-29 22:48:51 -0600,136c729ae354013c520c442c99cb657133de731b,WA,53053,2,2022-11-09T04:00:00.000Z,FIPSCode,53053,0,2022-11-29T18:48:11.716Z,124,99.0,125,99.2,9534,41687,59.49,8714,28387,40.51,70651,99,70074,116083,0,124
1669783937,2022-11-29 22:52:17 -0600,0589a05fd3f6070eb1a85f6cca3350989bc67dc1,WA,53053,2,2022-11-09T04:00:00.000Z,FIPSCode,53053,0,2022-11-30T04:51:54.784Z,124,99.0,125,99.2,9534,41687,59.49,8714,28387,40.51,70782,99,70074,116083,0,124
1670600011,2022-12-09 09:33:31 -0600,c1d8ae9cd5c68ec09029fa5356b6bda35000ffbb,WA,53053,2,2022-11-09T04:00:00.000Z,FIPSCode,53053,0,2022-12-09T15:32:25.334Z,124,100.0,125,99.2,9534,41687,59.49,8714,28387,40.51,70074,100,70074,116083,0,124
