captureTimestamp,captureDateTime,captureRevision,statePostal,reportingunitID,reportingunitLevel,pollClosingTime,level,fipsCode,electTotal,lastUpdated,precinctsReporting,eevp,precinctsTotal,precinctsReportingPct,candidates.0.candidateID,candidates.0.voteCount,candidates.0.votePct,candidates.1.candidateID,candidates.1.voteCount,candidates.1.votePct,candidates.2.candidateID,candidates.2.voteCount,candidates.2.votePct,parameters.vote.expected.actual,parameters.vote.expected.eevpCap,parameters.vote.total,parameters.vote.registered,parameters.precinctsReportingActual,parameters.precinctsReportingProportional
1667886761,2022-11-08 05:52:41 +0000,454ce019f86614717daba988180b8577e032630f,NE,31061,2,2022-11-09T02:00:00.000Z,FIPSCode,31061,0,2022-11-07T22:54:19.016Z,0,0,4,0,31956,0,0.0,31953,0,0.0,31977,0,0.0,1471,99,0,2144,0,0
1667944347,2022-11-08 21:52:27 +0000,05a3e91e497cb8d3251b3f2f481fd479b6ed8cc7,NE,31061,2,2022-11-09T02:00:00.000Z,FIPSCode,31061,0,2022-11-08T18:22:38.807Z,0,0,4,0,31956,0,0.0,31953,0,0.0,31977,0,0.0,1471,99,0,2144,0,0
1667959699,2022-11-09 02:08:19 +0000,204acec220204cf7636f9483a8300da582a314fa,NE,31061,2,2022-11-09T02:00:00.000Z,FIPSCode,31061,0,2022-11-08T18:22:38.807Z,0,0,4,0,31956,0,0.0,31953,0,0.0,31977,0,0.0,1471,99,0,2144,0,0
1667959981,2022-11-09 02:13:01 +0000,f7108f15221a3f4ac4310e0ba678593081137a5c,NE,31061,2,2022-11-09T02:00:00.000Z,FIPSCode,31061,0,2022-11-09T02:07:22.134Z,0,0,4,0,31956,0,0.0,31953,0,0.0,31977,0,0.0,1471,99,0,2144,0,0
1667960264,2022-11-09 02:17:44 +0000,e239f4bcca07deff3069ebbdd016fa8b8d41d752,NE,31061,2,2022-11-09T02:00:00.000Z,FIPSCode,31061,0,2022-11-09T02:07:22.134Z,0,0,4,0,31956,0,0.0,31953,0,0.0,31977,0,0.0,1471,99,0,2144,0,0
1667960540,2022-11-09 02:22:20 +0000,8f457dad835364421624abf7a3b05a9acf49f0bd,NE,31061,2,2022-11-09T02:00:00.000Z,FIPSCode,31061,0,2022-11-09T02:07:22.134Z,0,0,4,0,31956,0,0.0,31953,0,0.0,31977,0,0.0,1471,99,0,2144,0,0
1667960816,2022-11-09 02:26:56 +0000,8a1624065b18c7c6c4408259c296b51116c46c3f,NE,31061,2,2022-11-09T02:00:00.000Z,FIPSCode,31061,0,2022-11-09T02:07:22.134Z,0,0,4,0,31956,0,0.0,31953,0,0.0,31977,0,0.0,1471,99,0,2144,0,0
1667961093,2022-11-09 02:31:33 +0000,1ec6490691d550bb25c67a95029d41260dad9223,NE,31061,2,2022-11-09T02:00:00.000Z,FIPSCode,31061,0,2022-11-09T02:07:22.134Z,0,0,4,0,31956,0,0.0,31953,0,0.0,31977,0,0.0,1471,99,0,2144,0,0
1667961378,2022-11-09 02:36:18 +0000,38867b5c6238941f5844472df77322f71d62b761,NE,31061,2,2022-11-09T02:00:00.000Z,FIPSCode,31061,0,2022-11-09T02:07:22.134Z,0,0,4,0,31956,0,0.0,31953,0,0.0,31977,0,0.0,1471,99,0,2144,0,0
1667961709,2022-11-09 02:41:49 +0000,0f04550731ed05e8c23b521fa0b273774c5a4a51,NE,31061,2,2022-11-09T02:00:00.000Z,FIPSCode,31061,0,2022-11-09T02:07:22.134Z,0,0,4,0,31956,0,0.0,31953,0,0.0,31977,0,0.0,1471,99,0,2144,0,0
1667962272,2022-11-09 02:51:12 +0000,22cc2cb364805735e8373437043abe797d3cbbf4,NE,31061,2,2022-11-09T02:00:00.000Z,FIPSCode,31061,0,2022-11-09T02:07:22.134Z,0,0,4,0,31956,0,0.0,31953,0,0.0,31977,0,0.0,1471,99,0,2144,0,0
1667962555,2022-11-09 02:55:55 +0000,84c8aec46b0824d2dabb875d986800c8bb475bfb,NE,31061,2,2022-11-09T02:00:00.000Z,FIPSCode,31061,0,2022-11-09T02:07:22.134Z,0,0,4,0,31956,0,0.0,31953,0,0.0,31977,0,0.0,1471,99,0,2144,0,0
1667962837,2022-11-09 03:00:37 +0000,d57fedbb0cf82cf130c9d008e459203d23c317e0,NE,31061,2,2022-11-09T02:00:00.000Z,FIPSCode,31061,0,2022-11-09T02:07:22.134Z,0,0,4,0,31956,0,0.0,31953,0,0.0,31977,0,0.0,1471,99,0,2144,0,0
1667963111,2022-11-09 03:05:11 +0000,e819c6c0592b367c01eebbb86e897f39b2d774d1,NE,31061,2,2022-11-09T02:00:00.000Z,FIPSCode,31061,0,2022-11-09T02:07:22.134Z,0,0,4,0,31956,0,0.0,31953,0,0.0,31977,0,0.0,1471,99,0,2144,0,0
1667963396,2022-11-09 03:09:56 +0000,6a46c0776c43a17d759f81499ba9ed2e8d7622fc,NE,31061,2,2022-11-09T02:00:00.000Z,FIPSCode,31061,0,2022-11-09T02:07:22.134Z,0,0,4,0,31956,0,0.0,31953,0,0.0,31977,0,0.0,1471,99,0,2144,0,0
1667963668,2022-11-09 03:14:28 +0000,504ec01bb7ea4ec861b67f44aa636e0055b5ba3d,NE,31061,2,2022-11-09T02:00:00.000Z,FIPSCode,31061,0,2022-11-09T02:07:22.134Z,0,0,4,0,31956,0,0.0,31953,0,0.0,31977,0,0.0,1471,99,0,2144,0,0
1667963936,2022-11-09 03:18:56 +0000,05b874b27e9d0f9fdd5056261aa4b35a7cfd0586,NE,31061,2,2022-11-09T02:00:00.000Z,FIPSCode,31061,0,2022-11-09T02:07:22.134Z,0,0,4,0,31956,0,0.0,31953,0,0.0,31977,0,0.0,1471,99,0,2144,0,0
1667964227,2022-11-09 03:23:47 +0000,1cb90b95cdd6c1be23968f2b7d9618a95c5a5ad9,NE,31061,2,2022-11-09T02:00:00.000Z,FIPSCode,31061,0,2022-11-09T02:07:22.134Z,0,0,4,0,31956,0,0.0,31953,0,0.0,31977,0,0.0,1471,99,0,2144,0,0
1667964559,2022-11-09 03:29:19 +0000,9953e63a0357b9189618b1f7ef238581cfdffcbb,NE,31061,2,2022-11-09T02:00:00.000Z,FIPSCode,31061,0,2022-11-09T02:07:22.134Z,0,0,4,0,31956,0,0.0,31953,0,0.0,31977,0,0.0,1471,99,0,2144,0,0
1667965148,2022-11-09 03:39:08 +0000,6fdfe90630de6ba7d3077daaa37563b39e419cfc,NE,31061,2,2022-11-09T02:00:00.000Z,FIPSCode,31061,0,2022-11-09T02:07:22.134Z,0,0,4,0,31956,0,0.0,31953,0,0.0,31977,0,0.0,1471,99,0,2144,0,0
1667965711,2022-11-09 03:48:31 +0000,3f97935f76145660588ec69d4480a824e21e2bd4,NE,31061,2,2022-11-09T02:00:00.000Z,FIPSCode,31061,0,2022-11-09T02:07:22.134Z,0,0,4,0,31956,0,0.0,31953,0,0.0,31977,0,0.0,1471,99,0,2144,0,0
1667966001,2022-11-09 03:53:21 +0000,cee0a612753351ddb30fde2a157613da20f2be01,NE,31061,2,2022-11-09T02:00:00.000Z,FIPSCode,31061,0,2022-11-09T02:07:22.134Z,0,0,4,0,31956,0,0.0,31953,0,0.0,31977,0,0.0,1471,99,0,2144,0,0
1667966989,2022-11-09 04:09:49 +0000,47c6fd3e525919b429e23d0446afd1809e9c353c,NE,31061,2,2022-11-09T02:00:00.000Z,FIPSCode,31061,0,2022-11-09T02:07:22.134Z,0,0,4,0,31956,0,0.0,31953,0,0.0,31977,0,0.0,1471,99,0,2144,0,0
1667967269,2022-11-09 04:14:29 +0000,68d92bf23b94b96637a56b0d567d37a581d41ead,NE,31061,2,2022-11-09T02:00:00.000Z,FIPSCode,31061,0,2022-11-09T02:07:22.134Z,0,0,4,0,31956,0,0.0,31953,0,0.0,31977,0,0.0,1471,99,0,2144,0,0
1667967540,2022-11-08 22:19:00 -0600,673632f1537c7c9f2368084b99ec47b67621c41e,NE,31061,2,2022-11-09T02:00:00.000Z,FIPSCode,31061,0,2022-11-09T02:07:22.134Z,0,0,4,0,31956,0,0.0,31953,0,0.0,31977,0,0.0,1471,99,0,2144,0,0
1667967592,2022-11-08 22:19:52 -0600,bb461283809479aaf92a1a30cba63636f0c85695,NE,31061,2,2022-11-09T02:00:00.000Z,FIPSCode,31061,0,2022-11-09T02:07:22.134Z,0,0,4,0,31956,0,0.0,31953,0,0.0,31977,0,0.0,1471,99,0,2144,0,0
1667967905,2022-11-08 22:25:05 -0600,7b53fc8cb8c53477e9f4fecf82fac92988ee5275,NE,31061,2,2022-11-09T02:00:00.000Z,FIPSCode,31061,0,2022-11-09T02:07:22.134Z,0,0,4,0,31956,0,0.0,31953,0,0.0,31977,0,0.0,1471,99,0,2144,0,0
1667967954,2022-11-08 22:25:54 -0600,ddd8cd55583cb4e51013ac431e84d23dc8167e7a,NE,31061,2,2022-11-09T02:00:00.000Z,FIPSCode,31061,0,2022-11-09T02:07:22.134Z,0,0,4,0,31956,0,0.0,31953,0,0.0,31977,0,0.0,1471,99,0,2144,0,0
1667968092,2022-11-08 22:28:12 -0600,c3a7bcfa6d57d19e0339cd5eff437c13c5a7dec5,NE,31061,2,2022-11-09T02:00:00.000Z,FIPSCode,31061,0,2022-11-09T02:07:22.134Z,0,0,4,0,31956,0,0.0,31953,0,0.0,31977,0,0.0,1471,99,0,2144,0,0
1667968138,2022-11-08 22:28:58 -0600,78be3d1941803188124b187362be51adf1e8fdfb,NE,31061,2,2022-11-09T02:00:00.000Z,FIPSCode,31061,0,2022-11-09T02:07:22.134Z,0,0,4,0,31956,0,0.0,31953,0,0.0,31977,0,0.0,1471,99,0,2144,0,0
1667968182,2022-11-08 22:29:42 -0600,8e189a9f8e65ddc0a78641bf1d30b4fa1f53a113,NE,31061,2,2022-11-09T02:00:00.000Z,FIPSCode,31061,0,2022-11-09T02:07:22.134Z,0,0,4,0,31956,0,0.0,31953,0,0.0,31977,0,0.0,1471,99,0,2144,0,0
1667968361,2022-11-08 22:32:41 -0600,0b888fe41bc653990f05b2c6fe09da530560e7a3,NE,31061,2,2022-11-09T02:00:00.000Z,FIPSCode,31061,0,2022-11-09T02:07:22.134Z,0,0,4,0,31956,0,0.0,31953,0,0.0,31977,0,0.0,1471,99,0,2144,0,0
1667968709,2022-11-08 22:38:29 -0600,a479186c1a21e09ae947de1863bf72d461e8b879,NE,31061,2,2022-11-09T02:00:00.000Z,FIPSCode,31061,0,2022-11-09T02:07:22.134Z,0,0,4,0,31956,0,0.0,31953,0,0.0,31977,0,0.0,1471,99,0,2144,0,0
1667968757,2022-11-08 22:39:17 -0600,444e7baf756125a86bedac9f7455307c41fed63a,NE,31061,2,2022-11-09T02:00:00.000Z,FIPSCode,31061,0,2022-11-09T02:07:22.134Z,0,0,4,0,31956,0,0.0,31953,0,0.0,31977,0,0.0,1471,99,0,2144,0,0
1667968931,2022-11-08 22:42:11 -0600,cca40a484cb23456c0df129e9bd1750068cb4880,NE,31061,2,2022-11-09T02:00:00.000Z,FIPSCode,31061,0,2022-11-09T02:07:22.134Z,0,0,4,0,31956,0,0.0,31953,0,0.0,31977,0,0.0,1471,99,0,2144,0,0
1667969067,2022-11-08 22:44:27 -0600,73d0e74cb03400217dbc75a62135f42bc460c502,NE,31061,2,2022-11-09T02:00:00.000Z,FIPSCode,31061,0,2022-11-09T02:07:22.134Z,0,0,4,0,31956,0,0.0,31953,0,0.0,31977,0,0.0,1471,99,0,2144,0,0
1667969116,2022-11-08 22:45:16 -0600,79682069eac6cae3840febac265b40363b9c51ff,NE,31061,2,2022-11-09T02:00:00.000Z,FIPSCode,31061,0,2022-11-09T02:07:22.134Z,0,0,4,0,31956,0,0.0,31953,0,0.0,31977,0,0.0,1471,99,0,2144,0,0
1667969204,2022-11-08 22:46:44 -0600,861af312a343e9b4769e08b8c7c8c17fab4dadef,NE,31061,2,2022-11-09T02:00:00.000Z,FIPSCode,31061,0,2022-11-09T02:07:22.134Z,0,0,4,0,31956,0,0.0,31953,0,0.0,31977,0,0.0,1471,99,0,2144,0,0
1667969248,2022-11-08 22:47:28 -0600,22d8758416ee8e5b986d6c680c79fc8b3c4bdaaf,NE,31061,2,2022-11-09T02:00:00.000Z,FIPSCode,31061,0,2022-11-09T02:07:22.134Z,0,0,4,0,31956,0,0.0,31953,0,0.0,31977,0,0.0,1471,99,0,2144,0,0
1667969292,2022-11-08 22:48:12 -0600,27c0128769cb9950dd2d2f7b010376c6821eb8bd,NE,31061,2,2022-11-09T02:00:00.000Z,FIPSCode,31061,0,2022-11-09T02:07:22.134Z,0,0,4,0,31956,0,0.0,31953,0,0.0,31977,0,0.0,1471,99,0,2144,0,0
1667969334,2022-11-08 22:48:54 -0600,564b670a16af98b12d8c8533dac3052916cfa498,NE,31061,2,2022-11-09T02:00:00.000Z,FIPSCode,31061,0,2022-11-09T02:07:22.134Z,0,0,4,0,31956,0,0.0,31953,0,0.0,31977,0,0.0,1471,99,0,2144,0,0
1667969505,2022-11-08 22:51:45 -0600,ffc1def8f9e2bf7a494bb8b128a38f199b58da48,NE,31061,2,2022-11-09T02:00:00.000Z,FIPSCode,31061,0,2022-11-09T02:07:22.134Z,0,0,4,0,31956,0,0.0,31953,0,0.0,31977,0,0.0,1471,99,0,2144,0,0
1667969592,2022-11-08 22:53:12 -0600,1aa535c5b76797aa0c55f68109cd2149e6f7b08a,NE,31061,2,2022-11-09T02:00:00.000Z,FIPSCode,31061,0,2022-11-09T04:51:39.324Z,0,0,4,0,31953,0,0.0,31956,0,0.0,31977,0,0.0,1471,99,0,2144,0,0
1667969636,2022-11-08 22:53:56 -0600,343edcc3a5440ed7e985b5b1b439acfe9dc3a7bb,NE,31061,2,2022-11-09T02:00:00.000Z,FIPSCode,31061,0,2022-11-09T04:51:39.324Z,0,0,4,0,31953,0,0.0,31956,0,0.0,31977,0,0.0,1471,99,0,2144,0,0
1667969681,2022-11-08 22:54:41 -0600,4488651d53a6ff54750765f807b5aba2e7544f5e,NE,31061,2,2022-11-09T02:00:00.000Z,FIPSCode,31061,0,2022-11-09T04:51:39.324Z,0,0,4,0,31953,0,0.0,31956,0,0.0,31977,0,0.0,1471,99,0,2144,0,0
1667969810,2022-11-08 22:56:50 -0600,b4af1c5ed222b2aca51b198a04f7adfc76d9c4e9,NE,31061,2,2022-11-09T02:00:00.000Z,FIPSCode,31061,0,2022-11-09T04:51:39.324Z,0,0,4,0,31953,0,0.0,31956,0,0.0,31977,0,0.0,1471,99,0,2144,0,0
1667969855,2022-11-08 22:57:35 -0600,8c3f41d4804fda622cab89f365a05518b70e5a91,NE,31061,2,2022-11-09T02:00:00.000Z,FIPSCode,31061,0,2022-11-09T04:51:39.324Z,0,0,4,0,31953,0,0.0,31956,0,0.0,31977,0,0.0,1471,99,0,2144,0,0
1667969984,2022-11-08 22:59:44 -0600,a2fb710992b888fe9f7e47092d88395e89230dfc,NE,31061,2,2022-11-09T02:00:00.000Z,FIPSCode,31061,0,2022-11-09T04:51:39.324Z,0,0,4,0,31953,0,0.0,31956,0,0.0,31977,0,0.0,1471,99,0,2144,0,0
1667970027,2022-11-08 23:00:27 -0600,0d3c5c12e1d5e510cd8a9d7ec7188e7376d3702a,NE,31061,2,2022-11-09T02:00:00.000Z,FIPSCode,31061,0,2022-11-09T04:51:39.324Z,0,0,4,0,31953,0,0.0,31956,0,0.0,31977,0,0.0,1471,99,0,2144,0,0
1667970071,2022-11-08 23:01:11 -0600,dbae837cbbaf1f3aaf9390e6aaa3521af778ad97,NE,31061,2,2022-11-09T02:00:00.000Z,FIPSCode,31061,0,2022-11-09T04:51:39.324Z,0,0,4,0,31953,0,0.0,31956,0,0.0,31977,0,0.0,1471,99,0,2144,0,0
1667970327,2022-11-08 23:05:27 -0600,1b6c4725cf9e59e40e1d6792336f8520d5b10b5b,NE,31061,2,2022-11-09T02:00:00.000Z,FIPSCode,31061,0,2022-11-09T04:51:39.324Z,0,0,4,0,31953,0,0.0,31956,0,0.0,31977,0,0.0,1471,99,0,2144,0,0
1667970373,2022-11-08 23:06:13 -0600,3ea973c74a9585b2e944f9dd59e390b2b951b2cd,NE,31061,2,2022-11-09T02:00:00.000Z,FIPSCode,31061,0,2022-11-09T04:51:39.324Z,0,0,4,0,31953,0,0.0,31956,0,0.0,31977,0,0.0,1471,99,0,2144,0,0
1667970504,2022-11-08 23:08:24 -0600,218805bf82c018e2091a699549a3db0180a36d98,NE,31061,2,2022-11-09T02:00:00.000Z,FIPSCode,31061,0,2022-11-09T04:51:39.324Z,0,0,4,0,31953,0,0.0,31956,0,0.0,31977,0,0.0,1471,99,0,2144,0,0
1667970548,2022-11-08 23:09:08 -0600,a039c3e3daf59c6709863984d030931ce2f47b8a,NE,31061,2,2022-11-09T02:00:00.000Z,FIPSCode,31061,0,2022-11-09T04:51:39.324Z,0,0,4,0,31953,0,0.0,31956,0,0.0,31977,0,0.0,1471,99,0,2144,0,0
1667970681,2022-11-08 23:11:21 -0600,dd69cd860a28762a05e9344e662f63641aef1dd4,NE,31061,2,2022-11-09T02:00:00.000Z,FIPSCode,31061,0,2022-11-09T04:51:39.324Z,0,0,4,0,31953,0,0.0,31956,0,0.0,31977,0,0.0,1471,99,0,2144,0,0
1667970856,2022-11-08 23:14:16 -0600,ff06f2de4e569cd29ca92d25039a935917deb88f,NE,31061,2,2022-11-09T02:00:00.000Z,FIPSCode,31061,0,2022-11-09T04:51:39.324Z,0,0,4,0,31953,0,0.0,31956,0,0.0,31977,0,0.0,1471,99,0,2144,0,0
1667971032,2022-11-08 23:17:12 -0600,84fafb476f7846131500489058ff24997434ed54,NE,31061,2,2022-11-09T02:00:00.000Z,FIPSCode,31061,0,2022-11-09T04:51:39.324Z,0,0,4,0,31953,0,0.0,31956,0,0.0,31977,0,0.0,1471,99,0,2144,0,0
1667971079,2022-11-08 23:17:59 -0600,1cf7281bce65e8581e70a1164dc3589ed87371d4,NE,31061,2,2022-11-09T02:00:00.000Z,FIPSCode,31061,0,2022-11-09T04:51:39.324Z,0,0,4,0,31953,0,0.0,31956,0,0.0,31977,0,0.0,1471,99,0,2144,0,0
1667971124,2022-11-08 23:18:44 -0600,f9d1c6b5aa5f6a3f4c976d51307de08576c2bf77,NE,31061,2,2022-11-09T02:00:00.000Z,FIPSCode,31061,0,2022-11-09T04:51:39.324Z,0,0,4,0,31953,0,0.0,31956,0,0.0,31977,0,0.0,1471,99,0,2144,0,0
1667971169,2022-11-08 23:19:29 -0600,a70df26f7f471d11543c24ba2a2ee8ee294f6f1b,NE,31061,2,2022-11-09T02:00:00.000Z,FIPSCode,31061,0,2022-11-09T04:51:39.324Z,0,0,4,0,31953,0,0.0,31956,0,0.0,31977,0,0.0,1471,99,0,2144,0,0
1667971438,2022-11-08 23:23:58 -0600,d5ddddc05986f343066e92d34cfda0b6971066eb,NE,31061,2,2022-11-09T02:00:00.000Z,FIPSCode,31061,0,2022-11-09T04:51:39.324Z,0,0,4,0,31953,0,0.0,31956,0,0.0,31977,0,0.0,1471,99,0,2144,0,0
1667971614,2022-11-08 23:26:54 -0600,3e2db293b352d34f57f22cada11d4f92f345178d,NE,31061,2,2022-11-09T02:00:00.000Z,FIPSCode,31061,0,2022-11-09T04:51:39.324Z,0,0,4,0,31953,0,0.0,31956,0,0.0,31977,0,0.0,1471,99,0,2144,0,0
1667971657,2022-11-08 23:27:37 -0600,d29b633bc901fb24234e16251a717d43d2b1d6c1,NE,31061,2,2022-11-09T02:00:00.000Z,FIPSCode,31061,0,2022-11-09T04:51:39.324Z,0,0,4,0,31953,0,0.0,31956,0,0.0,31977,0,0.0,1471,99,0,2144,0,0
1667971785,2022-11-08 23:29:45 -0600,0263826aefa5e72057a0aaa213c232b6c0eefa0d,NE,31061,2,2022-11-09T02:00:00.000Z,FIPSCode,31061,0,2022-11-09T04:51:39.324Z,0,0,4,0,31953,0,0.0,31956,0,0.0,31977,0,0.0,1471,99,0,2144,0,0
1667972216,2022-11-08 23:36:56 -0600,85a5bd7dbe5253f418489691a179128d5ff518d6,NE,31061,2,2022-11-09T02:00:00.000Z,FIPSCode,31061,0,2022-11-09T04:51:39.324Z,0,0,4,0,31953,0,0.0,31956,0,0.0,31977,0,0.0,1471,99,0,2144,0,0
1667972364,2022-11-08 23:39:24 -0600,bfe9cb466aa6b65574c16effa903cd993efd4fe0,NE,31061,2,2022-11-09T02:00:00.000Z,FIPSCode,31061,0,2022-11-09T04:51:39.324Z,0,0,4,0,31953,0,0.0,31956,0,0.0,31977,0,0.0,1471,99,0,2144,0,0
1667972541,2022-11-08 23:42:21 -0600,d38f954f3e6be3d250d58a04e08655875ea7700c,NE,31061,2,2022-11-09T02:00:00.000Z,FIPSCode,31061,0,2022-11-09T04:51:39.324Z,0,0,4,0,31953,0,0.0,31956,0,0.0,31977,0,0.0,1471,99,0,2144,0,0
1667972810,2022-11-08 23:46:50 -0600,aa61daf8417c040e13c56de238053c966d7a0302,NE,31061,2,2022-11-09T02:00:00.000Z,FIPSCode,31061,0,2022-11-09T04:51:39.324Z,0,0,4,0,31953,0,0.0,31956,0,0.0,31977,0,0.0,1471,99,0,2144,0,0
1667973115,2022-11-08 23:51:55 -0600,76528750fef7c265d19f91ec30e86804e3da6e06,NE,31061,2,2022-11-09T02:00:00.000Z,FIPSCode,31061,0,2022-11-09T04:51:39.324Z,0,0,4,0,31953,0,0.0,31956,0,0.0,31977,0,0.0,1471,99,0,2144,0,0
1667973160,2022-11-08 23:52:40 -0600,a8c30e49fdf2578eef8c8f50f6106d095bb0fc07,NE,31061,2,2022-11-09T02:00:00.000Z,FIPSCode,31061,0,2022-11-09T04:51:39.324Z,0,0,4,0,31953,0,0.0,31956,0,0.0,31977,0,0.0,1471,99,0,2144,0,0
1667973338,2022-11-08 23:55:38 -0600,60e23f89b0832d690c2e9c2012f75df6b998f230,NE,31061,2,2022-11-09T02:00:00.000Z,FIPSCode,31061,0,2022-11-09T04:51:39.324Z,0,0,4,0,31953,0,0.0,31956,0,0.0,31977,0,0.0,1471,99,0,2144,0,0
1667973379,2022-11-08 23:56:19 -0600,ed82c57e44d916231a228645db25042e154a7fb4,NE,31061,2,2022-11-09T02:00:00.000Z,FIPSCode,31061,0,2022-11-09T04:51:39.324Z,0,0,4,0,31953,0,0.0,31956,0,0.0,31977,0,0.0,1471,99,0,2144,0,0
1667973512,2022-11-08 23:58:32 -0600,c5b8277525be0367964460ee9775326f5b2cc341,NE,31061,2,2022-11-09T02:00:00.000Z,FIPSCode,31061,0,2022-11-09T04:51:39.324Z,0,0,4,0,31953,0,0.0,31956,0,0.0,31977,0,0.0,1471,99,0,2144,0,0
1667973555,2022-11-08 23:59:15 -0600,574ef20eb007a0ff55ecd54e4003b61f517e06b5,NE,31061,2,2022-11-09T02:00:00.000Z,FIPSCode,31061,0,2022-11-09T04:51:39.324Z,0,0,4,0,31953,0,0.0,31956,0,0.0,31977,0,0.0,1471,99,0,2144,0,0
1667973737,2022-11-09 00:02:17 -0600,f7940d04f83247dd0cbf585d2d4f25b8c66e477d,NE,31061,2,2022-11-09T02:00:00.000Z,FIPSCode,31061,0,2022-11-09T04:51:39.324Z,0,0,4,0,31953,0,0.0,31956,0,0.0,31977,0,0.0,1471,99,0,2144,0,0
1667973793,2022-11-09 00:03:13 -0600,471324a7f30a6780d5e1d2eb6bf6c21c79776e91,NE,31061,2,2022-11-09T02:00:00.000Z,FIPSCode,31061,0,2022-11-09T04:51:39.324Z,0,0,4,0,31953,0,0.0,31956,0,0.0,31977,0,0.0,1471,99,0,2144,0,0
1667973835,2022-11-09 00:03:55 -0600,b3bdd8a625be8657c0e5a46d72158acdcfd366d2,NE,31061,2,2022-11-09T02:00:00.000Z,FIPSCode,31061,0,2022-11-09T04:51:39.324Z,0,0,4,0,31953,0,0.0,31956,0,0.0,31977,0,0.0,1471,99,0,2144,0,0
1667974006,2022-11-09 00:06:46 -0600,c8cae7bec2b0c7f4ed9e9ca6a473abc069a1d034,NE,31061,2,2022-11-09T02:00:00.000Z,FIPSCode,31061,0,2022-11-09T04:51:39.324Z,0,0,4,0,31953,0,0.0,31956,0,0.0,31977,0,0.0,1471,99,0,2144,0,0
1667974050,2022-11-09 00:07:30 -0600,7abf683084771abb66bcbd62c846b6795b86899c,NE,31061,2,2022-11-09T02:00:00.000Z,FIPSCode,31061,0,2022-11-09T04:51:39.324Z,0,0,4,0,31953,0,0.0,31956,0,0.0,31977,0,0.0,1471,99,0,2144,0,0
1667974099,2022-11-09 00:08:19 -0600,67d73bab95116eb2dbcfbbf8bea9e7546d6f9d87,NE,31061,2,2022-11-09T02:00:00.000Z,FIPSCode,31061,0,2022-11-09T04:51:39.324Z,0,0,4,0,31953,0,0.0,31956,0,0.0,31977,0,0.0,1471,99,0,2144,0,0
1667974313,2022-11-09 00:11:53 -0600,6b3b0bacc6c41a15c188eab11ce932a1d154d208,NE,31061,2,2022-11-09T02:00:00.000Z,FIPSCode,31061,0,2022-11-09T04:51:39.324Z,0,0,4,0,31953,0,0.0,31956,0,0.0,31977,0,0.0,1471,99,0,2144,0,0
1667974712,2022-11-09 00:18:32 -0600,8831ad0cd913a7df98a9591de88a61ddfc8730ee,NE,31061,2,2022-11-09T02:00:00.000Z,FIPSCode,31061,0,2022-11-09T04:51:39.324Z,0,0,4,0,31953,0,0.0,31956,0,0.0,31977,0,0.0,1471,99,0,2144,0,0
1667974762,2022-11-09 00:19:22 -0600,eae9f5b1ba131d7652f49e9c3001c7a015f755b1,NE,31061,2,2022-11-09T02:00:00.000Z,FIPSCode,31061,0,2022-11-09T04:51:39.324Z,0,0,4,0,31953,0,0.0,31956,0,0.0,31977,0,0.0,1471,99,0,2144,0,0
1667974809,2022-11-09 00:20:09 -0600,21e89b68838446570e2788596a6ed47ed4d95a07,NE,31061,2,2022-11-09T02:00:00.000Z,FIPSCode,31061,0,2022-11-09T04:51:39.324Z,0,0,4,0,31953,0,0.0,31956,0,0.0,31977,0,0.0,1471,99,0,2144,0,0
1667974899,2022-11-09 00:21:39 -0600,387e9cf2d205ebca879101fc8e33b930b1cbd329,NE,31061,2,2022-11-09T02:00:00.000Z,FIPSCode,31061,0,2022-11-09T04:51:39.324Z,0,0,4,0,31953,0,0.0,31956,0,0.0,31977,0,0.0,1471,99,0,2144,0,0
1667974945,2022-11-09 00:22:25 -0600,681ef884856b9c75efe2b0acf64bb4a515303482,NE,31061,2,2022-11-09T02:00:00.000Z,FIPSCode,31061,0,2022-11-09T04:51:39.324Z,0,0,4,0,31953,0,0.0,31956,0,0.0,31977,0,0.0,1471,99,0,2144,0,0
1667974988,2022-11-09 00:23:08 -0600,5d6616b419546bd84ca0c06ee5a7a5389ea5fc67,NE,31061,2,2022-11-09T02:00:00.000Z,FIPSCode,31061,0,2022-11-09T04:51:39.324Z,0,0,4,0,31953,0,0.0,31956,0,0.0,31977,0,0.0,1471,99,0,2144,0,0
1667975236,2022-11-09 00:27:16 -0600,c1052c94c7324634c2c5ef0a7e8880dd0af5593a,NE,31061,2,2022-11-09T02:00:00.000Z,FIPSCode,31061,0,2022-11-09T04:51:39.324Z,0,0,4,0,31953,0,0.0,31956,0,0.0,31977,0,0.0,1471,99,0,2144,0,0
1667975319,2022-11-09 00:28:39 -0600,7d24d010dbc95f183b9e815a9f6c12b55b48ad99,NE,31061,2,2022-11-09T02:00:00.000Z,FIPSCode,31061,0,2022-11-09T04:51:39.324Z,0,0,4,0,31953,0,0.0,31956,0,0.0,31977,0,0.0,1471,99,0,2144,0,0
1667975484,2022-11-09 00:31:24 -0600,81d3631081e4e7b24b990567f86cc67079a95e6c,NE,31061,2,2022-11-09T02:00:00.000Z,FIPSCode,31061,0,2022-11-09T06:30:40.143Z,0,0,4,0,31953,0,0.0,31956,0,0.0,31977,0,0.0,1471,99,0,2144,0,0
1667975526,2022-11-09 00:32:06 -0600,5374366d2c6a2b7e8af014c09c7cd85c5fd86ee7,NE,31061,2,2022-11-09T02:00:00.000Z,FIPSCode,31061,0,2022-11-09T06:30:40.143Z,0,0,4,0,31953,0,0.0,31956,0,0.0,31977,0,0.0,1471,99,0,2144,0,0
1667975568,2022-11-09 00:32:48 -0600,0b16058e032a73c78e2e4b787403862608e151dd,NE,31061,2,2022-11-09T02:00:00.000Z,FIPSCode,31061,0,2022-11-09T06:30:40.143Z,0,0,4,0,31953,0,0.0,31956,0,0.0,31977,0,0.0,1471,99,0,2144,0,0
1667975815,2022-11-09 00:36:55 -0600,bd9ec1a9bacd26e63399e24cdeba1aa1e9b2608a,NE,31061,2,2022-11-09T02:00:00.000Z,FIPSCode,31061,0,2022-11-09T06:30:40.143Z,0,0,4,0,31953,0,0.0,31956,0,0.0,31977,0,0.0,1471,99,0,2144,0,0
1667975898,2022-11-09 00:38:18 -0600,7609424c163438fd3cafbbf7ed6226754e52c1bd,NE,31061,2,2022-11-09T02:00:00.000Z,FIPSCode,31061,0,2022-11-09T06:30:40.143Z,0,0,4,0,31953,0,0.0,31956,0,0.0,31977,0,0.0,1471,99,0,2144,0,0
1667976144,2022-11-09 00:42:24 -0600,9ba67be41054bbe85d475769a3f52b32f07bb1ad,NE,31061,2,2022-11-09T02:00:00.000Z,FIPSCode,31061,0,2022-11-09T06:30:40.143Z,0,0,4,0,31953,0,0.0,31956,0,0.0,31977,0,0.0,1471,99,0,2144,0,0
1667976225,2022-11-09 00:43:45 -0600,c783db16cb20062f52dbeb35e3ddece74a1360e9,NE,31061,2,2022-11-09T02:00:00.000Z,FIPSCode,31061,0,2022-11-09T06:30:40.143Z,0,0,4,0,31953,0,0.0,31956,0,0.0,31977,0,0.0,1471,99,0,2144,0,0
1667976548,2022-11-09 00:49:08 -0600,6a83da7820809fa5eca34d5b2e493e02ed29f8e1,NE,31061,2,2022-11-09T02:00:00.000Z,FIPSCode,31061,0,2022-11-09T06:47:44.262Z,3,99,4,75,31953,976,82.29,31956,159,13.41,31977,51,4.3,1198,99,1186,2144,3,4
1667976590,2022-11-09 00:49:50 -0600,94cc860afa532570fe1eea1ef2140983ffb9d8e8,NE,31061,2,2022-11-09T02:00:00.000Z,FIPSCode,31061,0,2022-11-09T06:47:44.262Z,3,99,4,75,31953,976,82.29,31956,159,13.41,31977,51,4.3,1198,99,1186,2144,3,4
1667976996,2022-11-09 00:56:36 -0600,c42ff185ff10da6e900ee98d629248349a3fcfdc,NE,31061,2,2022-11-09T02:00:00.000Z,FIPSCode,31061,0,2022-11-09T06:47:44.262Z,3,99,4,75,31953,976,82.29,31956,159,13.41,31977,51,4.3,1198,99,1186,2144,3,4
1667977077,2022-11-09 00:57:57 -0600,e96cea5b95acdc4d7cb935c4ee20e3275e516aa1,NE,31061,2,2022-11-09T02:00:00.000Z,FIPSCode,31061,0,2022-11-09T06:47:44.262Z,3,99,4,75,31953,976,82.29,31956,159,13.41,31977,51,4.3,1198,99,1186,2144,3,4
1667977204,2022-11-09 01:00:04 -0600,dac000c6cb8d5ec813c750db85e9cfb1bed2692e,NE,31061,2,2022-11-09T02:00:00.000Z,FIPSCode,31061,0,2022-11-09T06:47:44.262Z,3,99,4,75,31953,976,82.29,31956,159,13.41,31977,51,4.3,1198,99,1186,2144,3,4
1667978261,2022-11-09 01:17:41 -0600,2fcf177a45bf7e84f8682ce5ff329f68ac735ac5,NE,31061,2,2022-11-09T02:00:00.000Z,FIPSCode,31061,0,2022-11-09T06:47:44.262Z,3,99,4,75,31953,976,82.29,31956,159,13.41,31977,51,4.3,1198,99,1186,2144,3,4
1667978461,2022-11-09 01:21:01 -0600,f1eaab2ad1bc5db55713124b104cf813b6eb5754,NE,31061,2,2022-11-09T02:00:00.000Z,FIPSCode,31061,0,2022-11-09T06:47:44.262Z,3,99,4,75,31953,976,82.29,31956,159,13.41,31977,51,4.3,1198,99,1186,2144,3,4
1667978542,2022-11-09 01:22:22 -0600,643a62c46ea55cf4fad03f9b86a6bd47ba933cb2,NE,31061,2,2022-11-09T02:00:00.000Z,FIPSCode,31061,0,2022-11-09T06:47:44.262Z,3,99,4,75,31953,976,82.29,31956,159,13.41,31977,51,4.3,1198,99,1186,2144,3,4
1667978987,2022-11-09 01:29:47 -0600,6fcf7a05ae4e9ea8d79e41c9b355c51adf37e425,NE,31061,2,2022-11-09T02:00:00.000Z,FIPSCode,31061,0,2022-11-09T06:47:44.262Z,3,99,4,75,31953,976,82.29,31956,159,13.41,31977,51,4.3,1198,99,1186,2144,3,4
1667979113,2022-11-09 01:31:53 -0600,0d95595a3cc63a938b8e112a44736f6a4c8ddf71,NE,31061,2,2022-11-09T02:00:00.000Z,FIPSCode,31061,0,2022-11-09T06:47:44.262Z,3,99,4,75,31953,976,82.29,31956,159,13.41,31977,51,4.3,1198,99,1186,2144,3,4
1667979392,2022-11-09 01:36:32 -0600,2a9713d989c4e8842dc1ac9158bf609fb05242be,NE,31061,2,2022-11-09T02:00:00.000Z,FIPSCode,31061,0,2022-11-09T06:47:44.262Z,3,99,4,75,31953,976,82.29,31956,159,13.41,31977,51,4.3,1198,99,1186,2144,3,4
1667979473,2022-11-09 01:37:53 -0600,5d943cd360aaf4835af0f146a5a7aa603bfdd4cb,NE,31061,2,2022-11-09T02:00:00.000Z,FIPSCode,31061,0,2022-11-09T06:47:44.262Z,3,99,4,75,31953,976,82.29,31956,159,13.41,31977,51,4.3,1198,99,1186,2144,3,4
1667980354,2022-11-09 01:52:34 -0600,b95b3aa03864d3aa8e20ef68881e81d2ed7e17c2,NE,31061,2,2022-11-09T02:00:00.000Z,FIPSCode,31061,0,2022-11-09T06:47:44.262Z,3,99,4,75,31953,976,82.29,31956,159,13.41,31977,51,4.3,1198,99,1186,2144,3,4
1667980498,2022-11-09 01:54:58 -0600,080f852a8c127ca7a693ce7339f054df2661fd43,NE,31061,2,2022-11-09T02:00:00.000Z,FIPSCode,31061,0,2022-11-09T06:47:44.262Z,3,99,4,75,31953,976,82.29,31956,159,13.41,31977,51,4.3,1198,99,1186,2144,3,4
1667980544,2022-11-09 01:55:44 -0600,e9aeb01a2451c25a148402fe614f0089c5823e3c,NE,31061,2,2022-11-09T02:00:00.000Z,FIPSCode,31061,0,2022-11-09T06:47:44.262Z,3,99,4,75,31953,976,82.29,31956,159,13.41,31977,51,4.3,1198,99,1186,2144,3,4
1667980717,2022-11-09 01:58:37 -0600,979cc4970243f257438e38dd6dfd832de95ae652,NE,31061,2,2022-11-09T02:00:00.000Z,FIPSCode,31061,0,2022-11-09T06:47:44.262Z,3,99,4,75,31953,976,82.29,31956,159,13.41,31977,51,4.3,1198,99,1186,2144,3,4
1667982002,2022-11-09 02:20:02 -0600,55d43d6174b4d852acbda6bae98fc1f4f93cabfe,NE,31061,2,2022-11-09T02:00:00.000Z,FIPSCode,31061,0,2022-11-09T06:47:44.262Z,3,99,4,75,31953,976,82.29,31956,159,13.41,31977,51,4.3,1198,99,1186,2144,3,4
1667982397,2022-11-09 02:26:37 -0600,f4791889114ae4f8264fa44ab1fe91f4a19dfaba,NE,31061,2,2022-11-09T02:00:00.000Z,FIPSCode,31061,0,2022-11-09T06:47:44.262Z,3,99,4,75,31953,976,82.29,31956,159,13.41,31977,51,4.3,1198,99,1186,2144,3,4
1667982675,2022-11-09 02:31:15 -0600,786807e6e366b393d0fa43f17f9992eb44d36d90,NE,31061,2,2022-11-09T02:00:00.000Z,FIPSCode,31061,0,2022-11-09T06:47:44.262Z,3,99,4,75,31953,976,82.29,31956,159,13.41,31977,51,4.3,1198,99,1186,2144,3,4
1667984402,2022-11-09 03:00:02 -0600,555c6c1c19b6031d93d1a0906788ce779bfb8929,NE,31061,2,2022-11-09T02:00:00.000Z,FIPSCode,31061,0,2022-11-09T06:47:44.262Z,3,99,4,75,31953,976,82.29,31956,159,13.41,31977,51,4.3,1198,99,1186,2144,3,4
1667985515,2022-11-09 03:18:35 -0600,31dd34586ab7b0bee9484705570a9db12d11e661,NE,31061,2,2022-11-09T02:00:00.000Z,FIPSCode,31061,0,2022-11-09T06:47:44.262Z,3,99,4,75,31953,976,82.29,31956,159,13.41,31977,51,4.3,1198,99,1186,2144,3,4
1667986070,2022-11-09 03:27:50 -0600,842d9624fa3e4ff5a6b6d21ac818296b8b09522a,NE,31061,2,2022-11-09T02:00:00.000Z,FIPSCode,31061,0,2022-11-09T06:47:44.262Z,3,99,4,75,31953,976,82.29,31956,159,13.41,31977,51,4.3,1198,99,1186,2144,3,4
1667986312,2022-11-09 03:31:52 -0600,247a3d1d50873ce12e852fc2d9d50fa5f45ffbf7,NE,31061,2,2022-11-09T02:00:00.000Z,FIPSCode,31061,0,2022-11-09T06:47:44.262Z,3,99,4,75,31953,976,82.29,31956,159,13.41,31977,51,4.3,1198,99,1186,2144,3,4
1667986912,2022-11-09 03:41:52 -0600,111328f8f980c2017f6b147fde38e9a3f7e11bab,NE,31061,2,2022-11-09T02:00:00.000Z,FIPSCode,31061,0,2022-11-09T06:47:44.262Z,3,99,4,75,31953,976,82.29,31956,159,13.41,31977,51,4.3,1198,99,1186,2144,3,4
1667990286,2022-11-09 04:38:06 -0600,68ff25b8660ff23dc0bef45677d8c14ade1312e8,NE,31061,2,2022-11-09T02:00:00.000Z,FIPSCode,31061,0,2022-11-09T06:47:44.262Z,3,99,4,75,31953,976,82.29,31956,159,13.41,31977,51,4.3,1198,99,1186,2144,3,4
1668014060,2022-11-09 11:14:20 -0600,c77137b7ddb0fbccbd1e559cabaf7b86fff6cde9,NE,31061,2,2022-11-09T02:00:00.000Z,FIPSCode,31061,0,2022-11-09T06:47:44.262Z,3,99,4,75,31953,976,82.29,31956,159,13.41,31977,51,4.3,1198,99,1186,2144,3,4
1668028351,2022-11-09 15:12:31 -0600,a561d468a32fec8cf47a6306123a5e1187ac3f13,NE,31061,2,2022-11-09T02:00:00.000Z,FIPSCode,31061,0,2022-11-09T06:47:44.262Z,3,99,4,75,31953,976,82.29,31956,159,13.41,31977,51,4.3,1198,99,1186,2144,3,4
1668042140,2022-11-09 19:02:20 -0600,6986c557b8c6bae1069e355ab1b51dbf9ffd192d,NE,31061,2,2022-11-09T02:00:00.000Z,FIPSCode,31061,0,2022-11-09T06:47:44.262Z,3,99,4,75,31953,976,82.29,31956,159,13.41,31977,51,4.3,1198,99,1186,2144,3,4
1668131042,2022-11-10 19:44:02 -0600,d9b60f5b799db08e2f2bb7c20ed3cae30d1d9a5d,NE,31061,2,2022-11-09T02:00:00.000Z,FIPSCode,31061,0,2022-11-09T06:47:44.262Z,3,99,4,75,31953,976,82.29,31956,159,13.41,31977,51,4.3,1198,99,1186,2144,3,4
1668131126,2022-11-10 19:45:26 -0600,e00c76664c49bf5361c57952a8f2a1447e41517b,NE,31061,2,2022-11-09T02:00:00.000Z,FIPSCode,31061,0,2022-11-09T06:47:44.262Z,3,99,4,75,31953,976,82.29,31956,159,13.41,31977,51,4.3,1198,99,1186,2144,3,4
1668141048,2022-11-10 22:30:48 -0600,c764c42e35e05bfb50eda6d44d47f814de5bdbad,NE,31061,2,2022-11-09T02:00:00.000Z,FIPSCode,31061,0,2022-11-09T06:47:44.262Z,3,99,4,75,31953,976,82.29,31956,159,13.41,31977,51,4.3,1198,99,1186,2144,3,4
1668175879,2022-11-11 08:11:19 -0600,8200e1bf1a4fbf7ba3735f85de1f3b839d4f397e,NE,31061,2,2022-11-09T02:00:00.000Z,FIPSCode,31061,0,2022-11-09T06:47:44.262Z,3,99,4,75,31953,976,82.29,31956,159,13.41,31977,51,4.3,1198,99,1186,2144,3,4
1668175920,2022-11-11 08:12:00 -0600,ad4617e138aa007b78f0206a65764436bf304815,NE,31061,2,2022-11-09T02:00:00.000Z,FIPSCode,31061,0,2022-11-09T06:47:44.262Z,3,99,4,75,31953,976,82.29,31956,159,13.41,31977,51,4.3,1198,99,1186,2144,3,4
1668176001,2022-11-11 08:13:21 -0600,dfd03d87f9cc54992bab2facbd07b96c1d037819,NE,31061,2,2022-11-09T02:00:00.000Z,FIPSCode,31061,0,2022-11-09T06:47:44.262Z,3,99,4,75,31953,976,82.29,31956,159,13.41,31977,51,4.3,1198,99,1186,2144,3,4
1668193287,2022-11-11 13:01:27 -0600,92e36d602a590b9a5512c5686b3c1b563134489b,NE,31061,2,2022-11-09T02:00:00.000Z,FIPSCode,31061,0,2022-11-09T06:47:44.262Z,3,99,4,75,31953,976,82.29,31956,159,13.41,31977,51,4.3,1198,99,1186,2144,3,4
1668193328,2022-11-11 13:02:08 -0600,152cba3e0b05932b7d6ba8e5f329ba852415df94,NE,31061,2,2022-11-09T02:00:00.000Z,FIPSCode,31061,0,2022-11-09T06:47:44.262Z,3,99,4,75,31953,976,82.29,31956,159,13.41,31977,51,4.3,1198,99,1186,2144,3,4
1668193411,2022-11-11 13:03:31 -0600,636108b9ac56f024bcbd8bb2d136731675113e96,NE,31061,2,2022-11-09T02:00:00.000Z,FIPSCode,31061,0,2022-11-09T06:47:44.262Z,3,99,4,75,31953,976,82.29,31956,159,13.41,31977,51,4.3,1198,99,1186,2144,3,4
1668193493,2022-11-11 13:04:53 -0600,ad21061ebd5a005dc1df94ad55e3ae2f5cb2eb01,NE,31061,2,2022-11-09T02:00:00.000Z,FIPSCode,31061,0,2022-11-09T06:47:44.262Z,3,99,4,75,31953,976,82.29,31956,159,13.41,31977,51,4.3,1198,99,1186,2144,3,4
1668194367,2022-11-11 13:19:27 -0600,090300cfca027497a283ca7bcc0c37a88ea8c5b7,NE,31061,2,2022-11-09T02:00:00.000Z,FIPSCode,31061,0,2022-11-09T06:47:44.262Z,3,99,4,75,31953,976,82.29,31956,159,13.41,31977,51,4.3,1198,99,1186,2144,3,4
1668194408,2022-11-11 13:20:08 -0600,62764b741b81559feab3206bcf275c5c4e6ef13e,NE,31061,2,2022-11-09T02:00:00.000Z,FIPSCode,31061,0,2022-11-09T06:47:44.262Z,3,99,4,75,31953,976,82.29,31956,159,13.41,31977,51,4.3,1198,99,1186,2144,3,4
1668207787,2022-11-11 17:03:07 -0600,5edba85562262c34cf7b91c485b2ceca6bd9b1e2,NE,31061,2,2022-11-09T02:00:00.000Z,FIPSCode,31061,0,2022-11-09T06:47:44.262Z,3,99,4,75,31953,976,82.29,31956,159,13.41,31977,51,4.3,1198,99,1186,2144,3,4
1668208244,2022-11-11 17:10:44 -0600,482378168dd4067092ea6dd0e360510ecea59073,NE,31061,2,2022-11-09T02:00:00.000Z,FIPSCode,31061,0,2022-11-09T06:47:44.262Z,3,99,4,75,31953,976,82.29,31956,159,13.41,31977,51,4.3,1198,99,1186,2144,3,4
1668443329,2022-11-14 10:28:49 -0600,31a54849ff9ebbf653f0173d988b99c78a3d933d,NE,31061,2,2022-11-09T02:00:00.000Z,FIPSCode,31061,0,2022-11-09T06:47:44.262Z,3,99,4,75,31953,976,82.29,31956,159,13.41,31977,51,4.3,1198,99,1186,2144,3,4
1668550635,2022-11-15 16:17:15 -0600,b450cbdfc8c77e71f9fafa1fa55c2251ad78508c,NE,31061,2,2022-11-09T02:00:00.000Z,FIPSCode,31061,0,2022-11-09T06:47:44.262Z,3,99,4,75,31953,976,82.29,31956,159,13.41,31977,51,4.3,1198,99,1186,2144,3,4
1668550871,2022-11-15 16:21:11 -0600,4d4e74b036a280795579847a74c4ddea9e334491,NE,31061,2,2022-11-09T02:00:00.000Z,FIPSCode,31061,0,2022-11-09T06:47:44.262Z,3,99,4,75,31953,976,82.29,31956,159,13.41,31977,51,4.3,1198,99,1186,2144,3,4
1668613797,2022-11-16 09:49:57 -0600,cbcfdf95d3097f442dfb7c2ef8689eaec401e48d,NE,31061,2,2022-11-09T02:00:00.000Z,FIPSCode,31061,0,2022-11-09T06:47:44.262Z,3,99,4,75,31953,976,82.29,31956,159,13.41,31977,51,4.3,1198,99,1186,2144,3,4
1668613809,2022-11-16 09:50:09 -0600,5c272e7a932e83b9cec1a7b1e21005af9ee77e82,NE,31061,2,2022-11-09T02:00:00.000Z,FIPSCode,31061,0,2022-11-09T06:47:44.262Z,3,99,4,75,31953,976,82.29,31956,159,13.41,31977,51,4.3,1198,99,1186,2144,3,4
1668613826,2022-11-16 09:50:26 -0600,961fb2ab06c03aa0b3e5cae8bc9ecf0eef7c4002,NE,31061,2,2022-11-09T02:00:00.000Z,FIPSCode,31061,0,2022-11-09T06:47:44.262Z,3,99,4,75,31953,976,82.29,31956,159,13.41,31977,51,4.3,1198,99,1186,2144,3,4
1670254181,2022-12-05 09:29:41 -0600,b13edbe1926c438a0397b93ed1d4d3e21f6c12ac,NE,31061,2,2022-11-09T02:00:00.000Z,FIPSCode,31061,0,2022-12-05T15:29:15.791Z,4,100,4,100,31953,976,82.29,31956,159,13.41,31977,51,4.3,1186,100,1186,2144,3,4
