captureTimestamp,captureDateTime,captureRevision,statePostal,reportingunitID,reportingunitLevel,pollClosingTime,level,fipsCode,electTotal,lastUpdated,precinctsReporting,eevp,precinctsTotal,precinctsReportingPct,candidates.0.candidateID,candidates.0.voteCount,candidates.0.votePct,candidates.1.candidateID,candidates.1.voteCount,candidates.1.votePct,candidates.2.candidateID,candidates.2.voteCount,candidates.2.votePct,parameters.vote.expected.actual,parameters.vote.expected.eevpCap,parameters.vote.total,parameters.vote.registered,parameters.precinctsReportingActual,parameters.precinctsReportingProportional
1667886761,2022-11-08 05:52:41 +0000,454ce019f86614717daba988180b8577e032630f,TX,48377,2,2022-11-09T01:00:00.000Z,FIPSCode,48377,0,2022-11-07T21:28:42.914Z,0,0.0,8,0,62492,0,0.0,62962,0,0.0,63492,0,0.0,2208,99,0,4047,0,0
1667944347,2022-11-08 21:52:27 +0000,05a3e91e497cb8d3251b3f2f481fd479b6ed8cc7,TX,48377,2,2022-11-09T01:00:00.000Z,FIPSCode,48377,0,2022-11-08T20:06:21.852Z,0,0.0,8,0,62492,0,0.0,62962,0,0.0,63492,0,0.0,2208,99,0,4047,0,0
1667947695,2022-11-08 22:48:15 +0000,d34bad58f4d41f9cfcdcd94796fa010d33630ef0,TX,48377,2,2022-11-09T01:00:00.000Z,FIPSCode,48377,0,2022-11-08T20:06:21.852Z,0,0.0,8,0,62492,0,0.0,62962,0,0.0,63492,0,0.0,2208,99,0,4047,0,0
1667949299,2022-11-08 23:14:59 +0000,b334f05b75bafb94958f7797e615fb57e746d9de,TX,48377,2,2022-11-09T01:00:00.000Z,FIPSCode,48377,0,2022-11-08T20:06:21.852Z,0,0.0,8,0,62492,0,0.0,62962,0,0.0,63492,0,0.0,2208,99,0,4047,0,0
1667949842,2022-11-08 23:24:02 +0000,e733c733b3b3c33f13905f9501db69cb94a55a64,TX,48377,2,2022-11-09T01:00:00.000Z,FIPSCode,48377,0,2022-11-08T20:06:21.852Z,0,0.0,8,0,62492,0,0.0,62962,0,0.0,63492,0,0.0,2208,99,0,4047,0,0
1667953197,2022-11-09 00:19:57 +0000,4752cb39f35c63d02e72237179350aec6f014171,TX,48377,2,2022-11-09T01:00:00.000Z,FIPSCode,48377,0,2022-11-08T20:06:21.852Z,0,0.0,8,0,62492,0,0.0,62962,0,0.0,63492,0,0.0,2208,99,0,4047,0,0
1667953518,2022-11-09 00:25:18 +0000,c5fd4e03c2339afc5fd044a64f91f261b7e7cfa1,TX,48377,2,2022-11-09T01:00:00.000Z,FIPSCode,48377,0,2022-11-08T20:06:21.852Z,0,0.0,8,0,62492,0,0.0,62962,0,0.0,63492,0,0.0,2208,99,0,4047,0,0
1667955702,2022-11-09 01:01:42 +0000,f6f1267e463cf8ecb93583f1dab12bfae681d775,TX,48377,2,2022-11-09T01:00:00.000Z,FIPSCode,48377,0,2022-11-08T20:06:21.852Z,0,0.0,8,0,62492,0,0.0,62962,0,0.0,63492,0,0.0,2208,99,0,4047,0,0
1667957993,2022-11-09 01:39:53 +0000,af6b7ce58befb45bf1dd57f93615d5da519d3770,TX,48377,2,2022-11-09T01:00:00.000Z,FIPSCode,48377,0,2022-11-09T01:36:41.650Z,0,0.0,8,0,62492,0,0.0,62962,0,0.0,63492,0,0.0,2208,99,0,4047,0,0
1667958273,2022-11-09 01:44:33 +0000,4199c67ba64ae17927c85a89877c89e59a577ae0,TX,48377,2,2022-11-09T01:00:00.000Z,FIPSCode,48377,0,2022-11-09T01:36:41.650Z,0,0.0,8,0,62492,0,0.0,62962,0,0.0,63492,0,0.0,2208,99,0,4047,0,0
1667958559,2022-11-09 01:49:19 +0000,0a6694bb1cdd9734aff1178f6a5894d33a1a95cc,TX,48377,2,2022-11-09T01:00:00.000Z,FIPSCode,48377,0,2022-11-09T01:36:41.650Z,0,0.0,8,0,62492,0,0.0,62962,0,0.0,63492,0,0.0,2208,99,0,4047,0,0
1667958843,2022-11-09 01:54:03 +0000,cdc0d2ad2c3afd665dd741c97f9de238aafb3cf6,TX,48377,2,2022-11-09T01:00:00.000Z,FIPSCode,48377,0,2022-11-09T01:36:41.650Z,0,0.0,8,0,62492,0,0.0,62962,0,0.0,63492,0,0.0,2208,99,0,4047,0,0
1667959124,2022-11-09 01:58:44 +0000,ebdb2f4efab49b8071a842b145008e58069ff969,TX,48377,2,2022-11-09T01:00:00.000Z,FIPSCode,48377,0,2022-11-09T01:57:19.588Z,0,0.0,8,0,62492,0,0.0,62962,0,0.0,63492,0,0.0,2208,99,0,4047,0,0
1667959410,2022-11-09 02:03:30 +0000,98a277291480f2bee1271d939218798a5aa6ad2a,TX,48377,2,2022-11-09T01:00:00.000Z,FIPSCode,48377,0,2022-11-09T01:57:19.588Z,0,0.0,8,0,62492,0,0.0,62962,0,0.0,63492,0,0.0,2208,99,0,4047,0,0
1667959699,2022-11-09 02:08:19 +0000,204acec220204cf7636f9483a8300da582a314fa,TX,48377,2,2022-11-09T01:00:00.000Z,FIPSCode,48377,0,2022-11-09T01:57:19.588Z,0,0.0,8,0,62492,0,0.0,62962,0,0.0,63492,0,0.0,2208,99,0,4047,0,0
1667959981,2022-11-09 02:13:01 +0000,f7108f15221a3f4ac4310e0ba678593081137a5c,TX,48377,2,2022-11-09T01:00:00.000Z,FIPSCode,48377,0,2022-11-09T02:11:23.771Z,0,0.0,8,0,62492,0,0.0,62962,0,0.0,63492,0,0.0,2208,99,0,4047,0,0
1667960264,2022-11-09 02:17:44 +0000,e239f4bcca07deff3069ebbdd016fa8b8d41d752,TX,48377,2,2022-11-09T01:00:00.000Z,FIPSCode,48377,0,2022-11-09T02:11:23.771Z,0,0.0,8,0,62492,0,0.0,62962,0,0.0,63492,0,0.0,2208,99,0,4047,0,0
1667960540,2022-11-09 02:22:20 +0000,8f457dad835364421624abf7a3b05a9acf49f0bd,TX,48377,2,2022-11-09T01:00:00.000Z,FIPSCode,48377,0,2022-11-09T02:20:19.058Z,0,0.0,8,0,62492,0,0.0,62962,0,0.0,63492,0,0.0,2208,99,0,4047,0,0
1667960816,2022-11-09 02:26:56 +0000,8a1624065b18c7c6c4408259c296b51116c46c3f,TX,48377,2,2022-11-09T01:00:00.000Z,FIPSCode,48377,0,2022-11-09T02:25:39.122Z,0,0.0,8,0,62492,0,0.0,62962,0,0.0,63492,0,0.0,2208,99,0,4047,0,0
1667961093,2022-11-09 02:31:33 +0000,1ec6490691d550bb25c67a95029d41260dad9223,TX,48377,2,2022-11-09T01:00:00.000Z,FIPSCode,48377,0,2022-11-09T02:25:39.122Z,0,0.0,8,0,62492,0,0.0,62962,0,0.0,63492,0,0.0,2208,99,0,4047,0,0
1667961378,2022-11-09 02:36:18 +0000,38867b5c6238941f5844472df77322f71d62b761,TX,48377,2,2022-11-09T01:00:00.000Z,FIPSCode,48377,0,2022-11-09T02:33:57.695Z,0,0.0,8,0,62492,0,0.0,62962,0,0.0,63492,0,0.0,2208,99,0,4047,0,0
1667961709,2022-11-09 02:41:49 +0000,0f04550731ed05e8c23b521fa0b273774c5a4a51,TX,48377,2,2022-11-09T01:00:00.000Z,FIPSCode,48377,0,2022-11-09T02:40:03.854Z,0,0.0,8,0,62492,0,0.0,62962,0,0.0,63492,0,0.0,2208,99,0,4047,0,0
1667961990,2022-11-09 02:46:30 +0000,34fd47cd084122fe0c5fed09f89e8cc11319e728,TX,48377,2,2022-11-09T01:00:00.000Z,FIPSCode,48377,0,2022-11-09T02:44:00.731Z,0,0.0,8,0,62492,0,0.0,62962,0,0.0,63492,0,0.0,2208,99,0,4047,0,0
1667962272,2022-11-09 02:51:12 +0000,22cc2cb364805735e8373437043abe797d3cbbf4,TX,48377,2,2022-11-09T01:00:00.000Z,FIPSCode,48377,0,2022-11-09T02:50:17.303Z,0,0.0,8,0,62492,0,0.0,62962,0,0.0,63492,0,0.0,2208,99,0,4047,0,0
1667962555,2022-11-09 02:55:55 +0000,84c8aec46b0824d2dabb875d986800c8bb475bfb,TX,48377,2,2022-11-09T01:00:00.000Z,FIPSCode,48377,0,2022-11-09T02:52:38.972Z,0,0.0,8,0,62492,0,0.0,62962,0,0.0,63492,0,0.0,2208,99,0,4047,0,0
1667962837,2022-11-09 03:00:37 +0000,d57fedbb0cf82cf130c9d008e459203d23c317e0,TX,48377,2,2022-11-09T01:00:00.000Z,FIPSCode,48377,0,2022-11-09T02:55:16.966Z,0,0.0,8,0,62492,0,0.0,62962,0,0.0,63492,0,0.0,2208,99,0,4047,0,0
1667963396,2022-11-09 03:09:56 +0000,6a46c0776c43a17d759f81499ba9ed2e8d7622fc,TX,48377,2,2022-11-09T01:00:00.000Z,FIPSCode,48377,0,2022-11-09T03:02:53.226Z,8,74.91,8,100,62962,1025,61.97,62492,550,33.25,63492,79,4.78,2208,99,1654,4047,8,6
1667963668,2022-11-09 03:14:28 +0000,504ec01bb7ea4ec861b67f44aa636e0055b5ba3d,TX,48377,2,2022-11-09T01:00:00.000Z,FIPSCode,48377,0,2022-11-09T03:12:47.950Z,8,98.98,8,100,62962,1025,61.97,62492,550,33.25,63492,79,4.78,1671,99,1654,4047,8,8
1667963936,2022-11-09 03:18:56 +0000,05b874b27e9d0f9fdd5056261aa4b35a7cfd0586,TX,48377,2,2022-11-09T01:00:00.000Z,FIPSCode,48377,0,2022-11-09T03:12:47.950Z,8,98.98,8,100,62962,1025,61.97,62492,550,33.25,63492,79,4.78,1671,99,1654,4047,8,8
1667964227,2022-11-09 03:23:47 +0000,1cb90b95cdd6c1be23968f2b7d9618a95c5a5ad9,TX,48377,2,2022-11-09T01:00:00.000Z,FIPSCode,48377,0,2022-11-09T03:12:47.950Z,8,98.98,8,100,62962,1025,61.97,62492,550,33.25,63492,79,4.78,1671,99,1654,4047,8,8
1667964559,2022-11-09 03:29:19 +0000,9953e63a0357b9189618b1f7ef238581cfdffcbb,TX,48377,2,2022-11-09T01:00:00.000Z,FIPSCode,48377,0,2022-11-09T03:25:11.112Z,8,98.98,8,100,62962,1025,61.97,62492,550,33.25,63492,79,4.78,1671,99,1654,4047,8,8
1667964860,2022-11-09 03:34:20 +0000,ee3367b043972f1875e6948799a9babb4f41fd05,TX,48377,2,2022-11-09T01:00:00.000Z,FIPSCode,48377,0,2022-11-09T03:32:17.580Z,8,98.98,8,100,62962,1025,61.97,62492,550,33.25,63492,79,4.78,1671,99,1654,4047,8,8
1667965148,2022-11-09 03:39:08 +0000,6fdfe90630de6ba7d3077daaa37563b39e419cfc,TX,48377,2,2022-11-09T01:00:00.000Z,FIPSCode,48377,0,2022-11-09T03:34:19.381Z,8,98.98,8,100,62962,1025,61.97,62492,550,33.25,63492,79,4.78,1671,99,1654,4047,8,8
1667965711,2022-11-09 03:48:31 +0000,3f97935f76145660588ec69d4480a824e21e2bd4,TX,48377,2,2022-11-09T01:00:00.000Z,FIPSCode,48377,0,2022-11-09T03:42:42.542Z,8,98.98,8,100,62962,1025,61.97,62492,550,33.25,63492,79,4.78,1671,99,1654,4047,8,8
1667966001,2022-11-09 03:53:21 +0000,cee0a612753351ddb30fde2a157613da20f2be01,TX,48377,2,2022-11-09T01:00:00.000Z,FIPSCode,48377,0,2022-11-09T03:49:16.932Z,8,98.98,8,100,62962,1025,61.97,62492,550,33.25,63492,79,4.78,1671,99,1654,4047,8,8
1667966989,2022-11-09 04:09:49 +0000,47c6fd3e525919b429e23d0446afd1809e9c353c,TX,48377,2,2022-11-09T01:00:00.000Z,FIPSCode,48377,0,2022-11-09T04:05:36.655Z,8,98.98,8,100,62962,1025,61.97,62492,550,33.25,63492,79,4.78,1671,99,1654,4047,8,8
1667967269,2022-11-09 04:14:29 +0000,68d92bf23b94b96637a56b0d567d37a581d41ead,TX,48377,2,2022-11-09T01:00:00.000Z,FIPSCode,48377,0,2022-11-09T04:05:36.655Z,8,98.98,8,100,62962,1025,61.97,62492,550,33.25,63492,79,4.78,1671,99,1654,4047,8,8
1667967540,2022-11-08 22:19:00 -0600,673632f1537c7c9f2368084b99ec47b67621c41e,TX,48377,2,2022-11-09T01:00:00.000Z,FIPSCode,48377,0,2022-11-09T04:05:36.655Z,8,98.98,8,100,62962,1025,61.97,62492,550,33.25,63492,79,4.78,1671,99,1654,4047,8,8
1667968002,2022-11-08 22:26:42 -0600,1235204137f0f06fe3cd4983951d9356477924c9,TX,48377,2,2022-11-09T01:00:00.000Z,FIPSCode,48377,0,2022-11-09T04:05:36.655Z,8,98.98,8,100,62962,1025,61.97,62492,550,33.25,63492,79,4.78,1671,99,1654,4047,8,8
1667968138,2022-11-08 22:28:58 -0600,78be3d1941803188124b187362be51adf1e8fdfb,TX,48377,2,2022-11-09T01:00:00.000Z,FIPSCode,48377,0,2022-11-09T04:28:10.222Z,8,98.98,8,100,62962,1025,61.97,62492,550,33.25,63492,79,4.78,1671,99,1654,4047,8,8
1667968182,2022-11-08 22:29:42 -0600,8e189a9f8e65ddc0a78641bf1d30b4fa1f53a113,TX,48377,2,2022-11-09T01:00:00.000Z,FIPSCode,48377,0,2022-11-09T04:28:10.222Z,8,98.98,8,100,62962,1025,61.97,62492,550,33.25,63492,79,4.78,1671,99,1654,4047,8,8
1667968227,2022-11-08 22:30:27 -0600,b78ec951061d2bf917e09f1eb01cb079af5e3a88,TX,48377,2,2022-11-09T01:00:00.000Z,FIPSCode,48377,0,2022-11-09T04:28:10.222Z,8,98.98,8,100,62962,1025,61.97,62492,550,33.25,63492,79,4.78,1671,99,1654,4047,8,8
1667968272,2022-11-08 22:31:12 -0600,97ef6c54bfa1c7ef6beea70c87aafe0c54251ad8,TX,48377,2,2022-11-09T01:00:00.000Z,FIPSCode,48377,0,2022-11-09T04:28:10.222Z,8,98.98,8,100,62962,1025,61.97,62492,550,33.25,63492,79,4.78,1671,99,1654,4047,8,8
1667968316,2022-11-08 22:31:56 -0600,c7364a5d7197a125b098705a317e32ff0afe0f57,TX,48377,2,2022-11-09T01:00:00.000Z,FIPSCode,48377,0,2022-11-09T04:28:10.222Z,8,98.98,8,100,62962,1025,61.97,62492,550,33.25,63492,79,4.78,1671,99,1654,4047,8,8
1667968361,2022-11-08 22:32:41 -0600,0b888fe41bc653990f05b2c6fe09da530560e7a3,TX,48377,2,2022-11-09T01:00:00.000Z,FIPSCode,48377,0,2022-11-09T04:28:10.222Z,8,98.98,8,100,62962,1025,61.97,62492,550,33.25,63492,79,4.78,1671,99,1654,4047,8,8
1667968494,2022-11-08 22:34:54 -0600,cfbd241bb06919184c9a5ad42a24eb60bc59879a,TX,48377,2,2022-11-09T01:00:00.000Z,FIPSCode,48377,0,2022-11-09T04:28:10.222Z,8,98.98,8,100,62962,1025,61.97,62492,550,33.25,63492,79,4.78,1671,99,1654,4047,8,8
1667968667,2022-11-08 22:37:47 -0600,a013d457c641e43c359ed7cf524810962213905d,TX,48377,2,2022-11-09T01:00:00.000Z,FIPSCode,48377,0,2022-11-09T04:28:10.222Z,8,98.98,8,100,62962,1025,61.97,62492,550,33.25,63492,79,4.78,1671,99,1654,4047,8,8
1667968709,2022-11-08 22:38:29 -0600,a479186c1a21e09ae947de1863bf72d461e8b879,TX,48377,2,2022-11-09T01:00:00.000Z,FIPSCode,48377,0,2022-11-09T04:28:10.222Z,8,98.98,8,100,62962,1025,61.97,62492,550,33.25,63492,79,4.78,1671,99,1654,4047,8,8
1667968757,2022-11-08 22:39:17 -0600,444e7baf756125a86bedac9f7455307c41fed63a,TX,48377,2,2022-11-09T01:00:00.000Z,FIPSCode,48377,0,2022-11-09T04:28:10.222Z,8,98.98,8,100,62962,1025,61.97,62492,550,33.25,63492,79,4.78,1671,99,1654,4047,8,8
1667968844,2022-11-08 22:40:44 -0600,9af6e1ce44325ca43504ad5e0ccab8e9f14ef964,TX,48377,2,2022-11-09T01:00:00.000Z,FIPSCode,48377,0,2022-11-09T04:28:10.222Z,8,98.98,8,100,62962,1025,61.97,62492,550,33.25,63492,79,4.78,1671,99,1654,4047,8,8
1667968885,2022-11-08 22:41:25 -0600,5c24a01105c8e263f0bd136533d71002afb61845,TX,48377,2,2022-11-09T01:00:00.000Z,FIPSCode,48377,0,2022-11-09T04:28:10.222Z,8,98.98,8,100,62962,1025,61.97,62492,550,33.25,63492,79,4.78,1671,99,1654,4047,8,8
1667968931,2022-11-08 22:42:11 -0600,cca40a484cb23456c0df129e9bd1750068cb4880,TX,48377,2,2022-11-09T01:00:00.000Z,FIPSCode,48377,0,2022-11-09T04:28:10.222Z,8,98.98,8,100,62962,1025,61.97,62492,550,33.25,63492,79,4.78,1671,99,1654,4047,8,8
1667969116,2022-11-08 22:45:16 -0600,79682069eac6cae3840febac265b40363b9c51ff,TX,48377,2,2022-11-09T01:00:00.000Z,FIPSCode,48377,0,2022-11-09T04:28:10.222Z,8,98.98,8,100,62962,1025,61.97,62492,550,33.25,63492,79,4.78,1671,99,1654,4047,8,8
1667969160,2022-11-08 22:46:00 -0600,702f27aec8e9117aaf59a55a71ae69d9a7aed7a6,TX,48377,2,2022-11-09T01:00:00.000Z,FIPSCode,48377,0,2022-11-09T04:28:10.222Z,8,98.98,8,100,62962,1025,61.97,62492,550,33.25,63492,79,4.78,1671,99,1654,4047,8,8
1667969248,2022-11-08 22:47:28 -0600,22d8758416ee8e5b986d6c680c79fc8b3c4bdaaf,TX,48377,2,2022-11-09T01:00:00.000Z,FIPSCode,48377,0,2022-11-09T04:28:10.222Z,8,98.98,8,100,62962,1025,61.97,62492,550,33.25,63492,79,4.78,1671,99,1654,4047,8,8
1667969463,2022-11-08 22:51:03 -0600,33a57724ad86936b636ee9df9a6a905b84cec6b3,TX,48377,2,2022-11-09T01:00:00.000Z,FIPSCode,48377,0,2022-11-09T04:28:10.222Z,8,98.98,8,100,62962,1025,61.97,62492,550,33.25,63492,79,4.78,1671,99,1654,4047,8,8
1667969505,2022-11-08 22:51:45 -0600,ffc1def8f9e2bf7a494bb8b128a38f199b58da48,TX,48377,2,2022-11-09T01:00:00.000Z,FIPSCode,48377,0,2022-11-09T04:28:10.222Z,8,98.98,8,100,62962,1025,61.97,62492,550,33.25,63492,79,4.78,1671,99,1654,4047,8,8
1667969592,2022-11-08 22:53:12 -0600,1aa535c5b76797aa0c55f68109cd2149e6f7b08a,TX,48377,2,2022-11-09T01:00:00.000Z,FIPSCode,48377,0,2022-11-09T04:28:10.222Z,8,98.98,8,100,62962,1025,61.97,62492,550,33.25,63492,79,4.78,1671,99,1654,4047,8,8
1667969723,2022-11-08 22:55:23 -0600,b509b5bfc09bde62e91159629c11e0b7e48daab9,TX,48377,2,2022-11-09T01:00:00.000Z,FIPSCode,48377,0,2022-11-09T04:28:10.222Z,8,98.98,8,100,62962,1025,61.97,62492,550,33.25,63492,79,4.78,1671,99,1654,4047,8,8
1667969768,2022-11-08 22:56:08 -0600,13751e5ba6ec1b0e3bf8ed4bdd82f9ad01fec7e2,TX,48377,2,2022-11-09T01:00:00.000Z,FIPSCode,48377,0,2022-11-09T04:28:10.222Z,8,98.98,8,100,62962,1025,61.97,62492,550,33.25,63492,79,4.78,1671,99,1654,4047,8,8
1667969810,2022-11-08 22:56:50 -0600,b4af1c5ed222b2aca51b198a04f7adfc76d9c4e9,TX,48377,2,2022-11-09T01:00:00.000Z,FIPSCode,48377,0,2022-11-09T04:28:10.222Z,8,98.98,8,100,62962,1025,61.97,62492,550,33.25,63492,79,4.78,1671,99,1654,4047,8,8
1667969855,2022-11-08 22:57:35 -0600,8c3f41d4804fda622cab89f365a05518b70e5a91,TX,48377,2,2022-11-09T01:00:00.000Z,FIPSCode,48377,0,2022-11-09T04:28:10.222Z,8,98.98,8,100,62962,1025,61.97,62492,550,33.25,63492,79,4.78,1671,99,1654,4047,8,8
1667969897,2022-11-08 22:58:17 -0600,4cc79ac7abd56ff5901adb554fdccc45c88f1310,TX,48377,2,2022-11-09T01:00:00.000Z,FIPSCode,48377,0,2022-11-09T04:28:10.222Z,8,98.98,8,100,62962,1025,61.97,62492,550,33.25,63492,79,4.78,1671,99,1654,4047,8,8
1667969984,2022-11-08 22:59:44 -0600,a2fb710992b888fe9f7e47092d88395e89230dfc,TX,48377,2,2022-11-09T01:00:00.000Z,FIPSCode,48377,0,2022-11-09T04:28:10.222Z,8,98.98,8,100,62962,1025,61.97,62492,550,33.25,63492,79,4.78,1671,99,1654,4047,8,8
1667970027,2022-11-08 23:00:27 -0600,0d3c5c12e1d5e510cd8a9d7ec7188e7376d3702a,TX,48377,2,2022-11-09T01:00:00.000Z,FIPSCode,48377,0,2022-11-09T04:28:10.222Z,8,98.98,8,100,62962,1025,61.97,62492,550,33.25,63492,79,4.78,1671,99,1654,4047,8,8
1667970071,2022-11-08 23:01:11 -0600,dbae837cbbaf1f3aaf9390e6aaa3521af778ad97,TX,48377,2,2022-11-09T01:00:00.000Z,FIPSCode,48377,0,2022-11-09T04:28:10.222Z,8,98.98,8,100,62962,1025,61.97,62492,550,33.25,63492,79,4.78,1671,99,1654,4047,8,8
1667971032,2022-11-08 23:17:12 -0600,84fafb476f7846131500489058ff24997434ed54,TX,48377,2,2022-11-09T01:00:00.000Z,FIPSCode,48377,0,2022-11-09T05:04:40.482Z,8,98.98,8,100,62962,1025,61.97,62492,550,33.25,63492,79,4.78,1671,99,1654,4047,8,8
1667971124,2022-11-08 23:18:44 -0600,f9d1c6b5aa5f6a3f4c976d51307de08576c2bf77,TX,48377,2,2022-11-09T01:00:00.000Z,FIPSCode,48377,0,2022-11-09T05:04:40.482Z,8,98.98,8,100,62962,1025,61.97,62492,550,33.25,63492,79,4.78,1671,99,1654,4047,8,8
1667971169,2022-11-08 23:19:29 -0600,a70df26f7f471d11543c24ba2a2ee8ee294f6f1b,TX,48377,2,2022-11-09T01:00:00.000Z,FIPSCode,48377,0,2022-11-09T05:04:40.482Z,8,98.98,8,100,62962,1025,61.97,62492,550,33.25,63492,79,4.78,1671,99,1654,4047,8,8
1667971213,2022-11-08 23:20:13 -0600,5f24f417653bba3396590267801436b107c31ac9,TX,48377,2,2022-11-09T01:00:00.000Z,FIPSCode,48377,0,2022-11-09T05:04:40.482Z,8,98.98,8,100,62962,1025,61.97,62492,550,33.25,63492,79,4.78,1671,99,1654,4047,8,8
1667971258,2022-11-08 23:20:58 -0600,66df93c53186cc5d338c8a4f0b94d8e859c4ec59,TX,48377,2,2022-11-09T01:00:00.000Z,FIPSCode,48377,0,2022-11-09T05:04:40.482Z,8,98.98,8,100,62962,1025,61.97,62492,550,33.25,63492,79,4.78,1671,99,1654,4047,8,8
1667971304,2022-11-08 23:21:44 -0600,1425fca56a9abad3e92162e44d8c52f320121f3e,TX,48377,2,2022-11-09T01:00:00.000Z,FIPSCode,48377,0,2022-11-09T05:04:40.482Z,8,98.98,8,100,62962,1025,61.97,62492,550,33.25,63492,79,4.78,1671,99,1654,4047,8,8
1667971395,2022-11-08 23:23:15 -0600,d97519c7c3720d6e80913290b35064b53dd231cc,TX,48377,2,2022-11-09T01:00:00.000Z,FIPSCode,48377,0,2022-11-09T05:04:40.482Z,8,98.98,8,100,62962,1025,61.97,62492,550,33.25,63492,79,4.78,1671,99,1654,4047,8,8
1667971438,2022-11-08 23:23:58 -0600,d5ddddc05986f343066e92d34cfda0b6971066eb,TX,48377,2,2022-11-09T01:00:00.000Z,FIPSCode,48377,0,2022-11-09T05:04:40.482Z,8,98.98,8,100,62962,1025,61.97,62492,550,33.25,63492,79,4.78,1671,99,1654,4047,8,8
1667971525,2022-11-08 23:25:25 -0600,8a3d225df35b90ad7577e78c738af67af6cd9c8b,TX,48377,2,2022-11-09T01:00:00.000Z,FIPSCode,48377,0,2022-11-09T05:04:40.482Z,8,98.98,8,100,62962,1025,61.97,62492,550,33.25,63492,79,4.78,1671,99,1654,4047,8,8
1667971614,2022-11-08 23:26:54 -0600,3e2db293b352d34f57f22cada11d4f92f345178d,TX,48377,2,2022-11-09T01:00:00.000Z,FIPSCode,48377,0,2022-11-09T05:04:40.482Z,8,98.98,8,100,62962,1025,61.97,62492,550,33.25,63492,79,4.78,1671,99,1654,4047,8,8
1667972008,2022-11-08 23:33:28 -0600,94f4c9e086e7aebe887e5b2f9d0c42dd429b98b5,TX,48377,2,2022-11-09T01:00:00.000Z,FIPSCode,48377,0,2022-11-09T05:29:57.509Z,8,98.98,8,100,62962,1025,61.97,62492,550,33.25,63492,79,4.78,1671,99,1654,4047,8,8
1667972072,2022-11-08 23:34:32 -0600,5f08375f0416ad308fd9009cb811eb22d16c43e4,TX,48377,2,2022-11-09T01:00:00.000Z,FIPSCode,48377,0,2022-11-09T05:29:57.509Z,8,98.98,8,100,62962,1025,61.97,62492,550,33.25,63492,79,4.78,1671,99,1654,4047,8,8
1667972176,2022-11-08 23:36:16 -0600,a6fd708cc30eea79171ae74711d81685981a53ab,TX,48377,2,2022-11-09T01:00:00.000Z,FIPSCode,48377,0,2022-11-09T05:29:57.509Z,8,98.98,8,100,62962,1025,61.97,62492,550,33.25,63492,79,4.78,1671,99,1654,4047,8,8
1667972264,2022-11-08 23:37:44 -0600,32512d68a8869811d6b4c587f4ea396147ae27a4,TX,48377,2,2022-11-09T01:00:00.000Z,FIPSCode,48377,0,2022-11-09T05:29:57.509Z,8,98.98,8,100,62962,1025,61.97,62492,550,33.25,63492,79,4.78,1671,99,1654,4047,8,8
1667972308,2022-11-08 23:38:28 -0600,ba9f5f7b5ce443fdefcabab3b6292f3cd1310af6,TX,48377,2,2022-11-09T01:00:00.000Z,FIPSCode,48377,0,2022-11-09T05:35:19.589Z,8,98.98,8,100,62962,1025,61.97,62492,550,33.25,63492,79,4.78,1671,99,1654,4047,8,8
1667972364,2022-11-08 23:39:24 -0600,bfe9cb466aa6b65574c16effa903cd993efd4fe0,TX,48377,2,2022-11-09T01:00:00.000Z,FIPSCode,48377,0,2022-11-09T05:35:19.589Z,8,98.98,8,100,62962,1025,61.97,62492,550,33.25,63492,79,4.78,1671,99,1654,4047,8,8
1667972427,2022-11-08 23:40:27 -0600,ae4901446f849f3ab62f6a79323d475c59ad0832,TX,48377,2,2022-11-09T01:00:00.000Z,FIPSCode,48377,0,2022-11-09T05:35:19.589Z,8,98.98,8,100,62962,1025,61.97,62492,550,33.25,63492,79,4.78,1671,99,1654,4047,8,8
1667972473,2022-11-08 23:41:13 -0600,a29b2b07dc776af5545ee4ec64ead9d5ba96e873,TX,48377,2,2022-11-09T01:00:00.000Z,FIPSCode,48377,0,2022-11-09T05:35:19.589Z,8,98.98,8,100,62962,1025,61.97,62492,550,33.25,63492,79,4.78,1671,99,1654,4047,8,8
1667972764,2022-11-08 23:46:04 -0600,82ba377844e9961d9064213cab9939b1444d2eba,TX,48377,2,2022-11-09T01:00:00.000Z,FIPSCode,48377,0,2022-11-09T05:43:42.764Z,8,98.98,8,100,62962,1025,61.97,62492,550,33.25,63492,79,4.78,1671,99,1654,4047,8,8
1667972810,2022-11-08 23:46:50 -0600,aa61daf8417c040e13c56de238053c966d7a0302,TX,48377,2,2022-11-09T01:00:00.000Z,FIPSCode,48377,0,2022-11-09T05:43:42.764Z,8,98.98,8,100,62962,1025,61.97,62492,550,33.25,63492,79,4.78,1671,99,1654,4047,8,8
1667973028,2022-11-08 23:50:28 -0600,a3d91b8cb9f4b51cad939bdf33c45f8678401177,TX,48377,2,2022-11-09T01:00:00.000Z,FIPSCode,48377,0,2022-11-09T05:43:42.764Z,8,98.98,8,100,62962,1025,61.97,62492,550,33.25,63492,79,4.78,1671,99,1654,4047,8,8
1667973074,2022-11-08 23:51:14 -0600,eb28abe2520dfc732dc2e53485df27d909fe0dce,TX,48377,2,2022-11-09T01:00:00.000Z,FIPSCode,48377,0,2022-11-09T05:43:42.764Z,8,98.98,8,100,62962,1025,61.97,62492,550,33.25,63492,79,4.78,1671,99,1654,4047,8,8
1667973248,2022-11-08 23:54:08 -0600,fb954f3a0e354e923f1bd778e51927737d2c1332,TX,48377,2,2022-11-09T01:00:00.000Z,FIPSCode,48377,0,2022-11-09T05:43:42.764Z,8,98.98,8,100,62962,1025,61.97,62492,550,33.25,63492,79,4.78,1671,99,1654,4047,8,8
1667973338,2022-11-08 23:55:38 -0600,60e23f89b0832d690c2e9c2012f75df6b998f230,TX,48377,2,2022-11-09T01:00:00.000Z,FIPSCode,48377,0,2022-11-09T05:43:42.764Z,8,98.98,8,100,62962,1025,61.97,62492,550,33.25,63492,79,4.78,1671,99,1654,4047,8,8
1667973466,2022-11-08 23:57:46 -0600,99efdc0f1ed1d3ebdb4c01c2b3affc8219305bc0,TX,48377,2,2022-11-09T01:00:00.000Z,FIPSCode,48377,0,2022-11-09T05:56:38.139Z,8,98.98,8,100,62962,1025,61.97,62492,550,33.25,63492,79,4.78,1671,99,1654,4047,8,8
1667973512,2022-11-08 23:58:32 -0600,c5b8277525be0367964460ee9775326f5b2cc341,TX,48377,2,2022-11-09T01:00:00.000Z,FIPSCode,48377,0,2022-11-09T05:58:16.350Z,8,98.98,8,100,62962,1025,61.97,62492,550,33.25,63492,79,4.78,1671,99,1654,4047,8,8
1667973555,2022-11-08 23:59:15 -0600,574ef20eb007a0ff55ecd54e4003b61f517e06b5,TX,48377,2,2022-11-09T01:00:00.000Z,FIPSCode,48377,0,2022-11-09T05:58:16.350Z,8,98.98,8,100,62962,1025,61.97,62492,550,33.25,63492,79,4.78,1671,99,1654,4047,8,8
1667973600,2022-11-09 00:00:00 -0600,bfc0ff3fe5ed1f4adc762f2d1128321f016d691f,TX,48377,2,2022-11-09T01:00:00.000Z,FIPSCode,48377,0,2022-11-09T05:59:20.467Z,8,98.98,8,100,62962,1025,61.97,62492,550,33.25,63492,79,4.78,1671,99,1654,4047,8,8
1667973648,2022-11-09 00:00:48 -0600,56d1333c268e0ca83267f304bc7ebda9b0c770b6,TX,48377,2,2022-11-09T01:00:00.000Z,FIPSCode,48377,0,2022-11-09T05:59:20.467Z,8,98.98,8,100,62962,1025,61.97,62492,550,33.25,63492,79,4.78,1671,99,1654,4047,8,8
1667973692,2022-11-09 00:01:32 -0600,ace2173236427104569b3ce7a51ec8e19284acf6,TX,48377,2,2022-11-09T01:00:00.000Z,FIPSCode,48377,0,2022-11-09T05:59:20.467Z,8,98.98,8,100,62962,1025,61.97,62492,550,33.25,63492,79,4.78,1671,99,1654,4047,8,8
1667973737,2022-11-09 00:02:17 -0600,f7940d04f83247dd0cbf585d2d4f25b8c66e477d,TX,48377,2,2022-11-09T01:00:00.000Z,FIPSCode,48377,0,2022-11-09T05:59:20.467Z,8,98.98,8,100,62962,1025,61.97,62492,550,33.25,63492,79,4.78,1671,99,1654,4047,8,8
1667973793,2022-11-09 00:03:13 -0600,471324a7f30a6780d5e1d2eb6bf6c21c79776e91,TX,48377,2,2022-11-09T01:00:00.000Z,FIPSCode,48377,0,2022-11-09T05:59:20.467Z,8,98.98,8,100,62962,1025,61.97,62492,550,33.25,63492,79,4.78,1671,99,1654,4047,8,8
1667973835,2022-11-09 00:03:55 -0600,b3bdd8a625be8657c0e5a46d72158acdcfd366d2,TX,48377,2,2022-11-09T01:00:00.000Z,FIPSCode,48377,0,2022-11-09T05:59:20.467Z,8,98.98,8,100,62962,1025,61.97,62492,550,33.25,63492,79,4.78,1671,99,1654,4047,8,8
1667973878,2022-11-09 00:04:38 -0600,dd0a2fb7e0a1ea86d312428fcf4c7c68541cc7da,TX,48377,2,2022-11-09T01:00:00.000Z,FIPSCode,48377,0,2022-11-09T05:59:20.467Z,8,98.98,8,100,62962,1025,61.97,62492,550,33.25,63492,79,4.78,1671,99,1654,4047,8,8
1667973964,2022-11-09 00:06:04 -0600,9272ebff43a029380ebf987d0a9fa080674e7e91,TX,48377,2,2022-11-09T01:00:00.000Z,FIPSCode,48377,0,2022-11-09T05:59:20.467Z,8,98.98,8,100,62962,1025,61.97,62492,550,33.25,63492,79,4.78,1671,99,1654,4047,8,8
1667974099,2022-11-09 00:08:19 -0600,67d73bab95116eb2dbcfbbf8bea9e7546d6f9d87,TX,48377,2,2022-11-09T01:00:00.000Z,FIPSCode,48377,0,2022-11-09T05:59:20.467Z,8,98.98,8,100,62962,1025,61.97,62492,550,33.25,63492,79,4.78,1671,99,1654,4047,8,8
1667974184,2022-11-09 00:09:44 -0600,5e29bdc6dd3e2b02c04e87a98f0009af6b85de6f,TX,48377,2,2022-11-09T01:00:00.000Z,FIPSCode,48377,0,2022-11-09T05:59:20.467Z,8,98.98,8,100,62962,1025,61.97,62492,550,33.25,63492,79,4.78,1671,99,1654,4047,8,8
1667974664,2022-11-09 00:17:44 -0600,d987a91643923201706646f74ed6cc4da6a088a6,TX,48377,2,2022-11-09T01:00:00.000Z,FIPSCode,48377,0,2022-11-09T06:09:01.770Z,8,98.98,8,100,62962,1025,61.97,62492,550,33.25,63492,79,4.78,1671,99,1654,4047,8,8
1667974712,2022-11-09 00:18:32 -0600,8831ad0cd913a7df98a9591de88a61ddfc8730ee,TX,48377,2,2022-11-09T01:00:00.000Z,FIPSCode,48377,0,2022-11-09T06:09:01.770Z,8,98.98,8,100,62962,1025,61.97,62492,550,33.25,63492,79,4.78,1671,99,1654,4047,8,8
1667974762,2022-11-09 00:19:22 -0600,eae9f5b1ba131d7652f49e9c3001c7a015f755b1,TX,48377,2,2022-11-09T01:00:00.000Z,FIPSCode,48377,0,2022-11-09T06:09:01.770Z,8,98.98,8,100,62962,1025,61.97,62492,550,33.25,63492,79,4.78,1671,99,1654,4047,8,8
1667974809,2022-11-09 00:20:09 -0600,21e89b68838446570e2788596a6ed47ed4d95a07,TX,48377,2,2022-11-09T01:00:00.000Z,FIPSCode,48377,0,2022-11-09T06:19:16.996Z,8,98.98,8,100,62962,1025,61.97,62492,550,33.25,63492,79,4.78,1671,99,1654,4047,8,8
1667974853,2022-11-09 00:20:53 -0600,675e67cf8102db01ebf6f3cc46b2432f97e9dfb7,TX,48377,2,2022-11-09T01:00:00.000Z,FIPSCode,48377,0,2022-11-09T06:20:19.501Z,8,98.98,8,100,62962,1025,61.97,62492,550,33.25,63492,79,4.78,1671,99,1654,4047,8,8
1667974899,2022-11-09 00:21:39 -0600,387e9cf2d205ebca879101fc8e33b930b1cbd329,TX,48377,2,2022-11-09T01:00:00.000Z,FIPSCode,48377,0,2022-11-09T06:20:19.501Z,8,98.98,8,100,62962,1025,61.97,62492,550,33.25,63492,79,4.78,1671,99,1654,4047,8,8
1667974945,2022-11-09 00:22:25 -0600,681ef884856b9c75efe2b0acf64bb4a515303482,TX,48377,2,2022-11-09T01:00:00.000Z,FIPSCode,48377,0,2022-11-09T06:22:02.094Z,8,98.98,8,100,62962,1025,61.97,62492,550,33.25,63492,79,4.78,1671,99,1654,4047,8,8
1667974988,2022-11-09 00:23:08 -0600,5d6616b419546bd84ca0c06ee5a7a5389ea5fc67,TX,48377,2,2022-11-09T01:00:00.000Z,FIPSCode,48377,0,2022-11-09T06:22:02.094Z,8,98.98,8,100,62962,1025,61.97,62492,550,33.25,63492,79,4.78,1671,99,1654,4047,8,8
1667975032,2022-11-09 00:23:52 -0600,2b4eef55da041b24d8b907ba1775c35ebda992e0,TX,48377,2,2022-11-09T01:00:00.000Z,FIPSCode,48377,0,2022-11-09T06:22:02.094Z,8,98.98,8,100,62962,1025,61.97,62492,550,33.25,63492,79,4.78,1671,99,1654,4047,8,8
1667975072,2022-11-09 00:24:32 -0600,1160439825d46dbd816d3f7122a5cf79a867a03f,TX,48377,2,2022-11-09T01:00:00.000Z,FIPSCode,48377,0,2022-11-09T06:22:02.094Z,8,98.98,8,100,62962,1025,61.97,62492,550,33.25,63492,79,4.78,1671,99,1654,4047,8,8
1667975114,2022-11-09 00:25:14 -0600,7de9a48755736c6c6b0e73777ec236e813c5ce50,TX,48377,2,2022-11-09T01:00:00.000Z,FIPSCode,48377,0,2022-11-09T06:22:02.094Z,8,98.98,8,100,62962,1025,61.97,62492,550,33.25,63492,79,4.78,1671,99,1654,4047,8,8
1667975236,2022-11-09 00:27:16 -0600,c1052c94c7324634c2c5ef0a7e8880dd0af5593a,TX,48377,2,2022-11-09T01:00:00.000Z,FIPSCode,48377,0,2022-11-09T06:22:02.094Z,8,98.98,8,100,62962,1025,61.97,62492,550,33.25,63492,79,4.78,1671,99,1654,4047,8,8
1667975319,2022-11-09 00:28:39 -0600,7d24d010dbc95f183b9e815a9f6c12b55b48ad99,TX,48377,2,2022-11-09T01:00:00.000Z,FIPSCode,48377,0,2022-11-09T06:22:02.094Z,8,98.98,8,100,62962,1025,61.97,62492,550,33.25,63492,79,4.78,1671,99,1654,4047,8,8
1667975402,2022-11-09 00:30:02 -0600,1cb740bfe02888499fbb239b5454758b24512913,TX,48377,2,2022-11-09T01:00:00.000Z,FIPSCode,48377,0,2022-11-09T06:22:02.094Z,8,98.98,8,100,62962,1025,61.97,62492,550,33.25,63492,79,4.78,1671,99,1654,4047,8,8
1667975443,2022-11-09 00:30:43 -0600,d3fce30549290fb6ab466f77998222999d6c79b9,TX,48377,2,2022-11-09T01:00:00.000Z,FIPSCode,48377,0,2022-11-09T06:22:02.094Z,8,98.98,8,100,62962,1025,61.97,62492,550,33.25,63492,79,4.78,1671,99,1654,4047,8,8
1667975484,2022-11-09 00:31:24 -0600,81d3631081e4e7b24b990567f86cc67079a95e6c,TX,48377,2,2022-11-09T01:00:00.000Z,FIPSCode,48377,0,2022-11-09T06:22:02.094Z,8,98.98,8,100,62962,1025,61.97,62492,550,33.25,63492,79,4.78,1671,99,1654,4047,8,8
1667975526,2022-11-09 00:32:06 -0600,5374366d2c6a2b7e8af014c09c7cd85c5fd86ee7,TX,48377,2,2022-11-09T01:00:00.000Z,FIPSCode,48377,0,2022-11-09T06:22:02.094Z,8,98.98,8,100,62962,1025,61.97,62492,550,33.25,63492,79,4.78,1671,99,1654,4047,8,8
1667975734,2022-11-09 00:35:34 -0600,416f9cd2c686176e63aeb1ee56cb9d01151b28ae,TX,48377,2,2022-11-09T01:00:00.000Z,FIPSCode,48377,0,2022-11-09T06:22:02.094Z,8,98.98,8,100,62962,1025,61.97,62492,550,33.25,63492,79,4.78,1671,99,1654,4047,8,8
1667975773,2022-11-09 00:36:13 -0600,deab40fdc8485b2c990cf91d96e98447d46f3b20,TX,48377,2,2022-11-09T01:00:00.000Z,FIPSCode,48377,0,2022-11-09T06:22:02.094Z,8,98.98,8,100,62962,1025,61.97,62492,550,33.25,63492,79,4.78,1671,99,1654,4047,8,8
1667975815,2022-11-09 00:36:55 -0600,bd9ec1a9bacd26e63399e24cdeba1aa1e9b2608a,TX,48377,2,2022-11-09T01:00:00.000Z,FIPSCode,48377,0,2022-11-09T06:22:02.094Z,8,98.98,8,100,62962,1025,61.97,62492,550,33.25,63492,79,4.78,1671,99,1654,4047,8,8
1667975898,2022-11-09 00:38:18 -0600,7609424c163438fd3cafbbf7ed6226754e52c1bd,TX,48377,2,2022-11-09T01:00:00.000Z,FIPSCode,48377,0,2022-11-09T06:22:02.094Z,8,98.98,8,100,62962,1025,61.97,62492,550,33.25,63492,79,4.78,1671,99,1654,4047,8,8
1667975941,2022-11-09 00:39:01 -0600,824726c09f3a54d568715997d5b46bff5c7f219d,TX,48377,2,2022-11-09T01:00:00.000Z,FIPSCode,48377,0,2022-11-09T06:22:02.094Z,8,98.98,8,100,62962,1025,61.97,62492,550,33.25,63492,79,4.78,1671,99,1654,4047,8,8
1667975981,2022-11-09 00:39:41 -0600,41d3dfc6389002e5c03a1c16c1b7382e8f7f3159,TX,48377,2,2022-11-09T01:00:00.000Z,FIPSCode,48377,0,2022-11-09T06:22:02.094Z,8,98.98,8,100,62962,1025,61.97,62492,550,33.25,63492,79,4.78,1671,99,1654,4047,8,8
1667976021,2022-11-09 00:40:21 -0600,1f65c40d3c652c15981217b194d23b97d0290d89,TX,48377,2,2022-11-09T01:00:00.000Z,FIPSCode,48377,0,2022-11-09T06:22:02.094Z,8,98.98,8,100,62962,1025,61.97,62492,550,33.25,63492,79,4.78,1671,99,1654,4047,8,8
1667976061,2022-11-09 00:41:01 -0600,2426095677e6aeddf8c3a2913a97b500b67dca61,TX,48377,2,2022-11-09T01:00:00.000Z,FIPSCode,48377,0,2022-11-09T06:22:02.094Z,8,98.98,8,100,62962,1025,61.97,62492,550,33.25,63492,79,4.78,1671,99,1654,4047,8,8
1667976103,2022-11-09 00:41:43 -0600,5c2c6a219a6e0642a5f516a1c66f722f5c42d6c0,TX,48377,2,2022-11-09T01:00:00.000Z,FIPSCode,48377,0,2022-11-09T06:22:02.094Z,8,98.98,8,100,62962,1025,61.97,62492,550,33.25,63492,79,4.78,1671,99,1654,4047,8,8
1667976144,2022-11-09 00:42:24 -0600,9ba67be41054bbe85d475769a3f52b32f07bb1ad,TX,48377,2,2022-11-09T01:00:00.000Z,FIPSCode,48377,0,2022-11-09T06:22:02.094Z,8,98.98,8,100,62962,1025,61.97,62492,550,33.25,63492,79,4.78,1671,99,1654,4047,8,8
1667976184,2022-11-09 00:43:04 -0600,fe83a024be41b5416de8f3b3aadef0173027df04,TX,48377,2,2022-11-09T01:00:00.000Z,FIPSCode,48377,0,2022-11-09T06:22:02.094Z,8,98.98,8,100,62962,1025,61.97,62492,550,33.25,63492,79,4.78,1671,99,1654,4047,8,8
1667976225,2022-11-09 00:43:45 -0600,c783db16cb20062f52dbeb35e3ddece74a1360e9,TX,48377,2,2022-11-09T01:00:00.000Z,FIPSCode,48377,0,2022-11-09T06:22:02.094Z,8,98.98,8,100,62962,1025,61.97,62492,550,33.25,63492,79,4.78,1671,99,1654,4047,8,8
1667976265,2022-11-09 00:44:25 -0600,f24bbc37a7ca703e419e133d048b4da5b1f386e7,TX,48377,2,2022-11-09T01:00:00.000Z,FIPSCode,48377,0,2022-11-09T06:22:02.094Z,8,98.98,8,100,62962,1025,61.97,62492,550,33.25,63492,79,4.78,1671,99,1654,4047,8,8
1667976306,2022-11-09 00:45:06 -0600,a65306ebcf7e41c11b1557bbe78229c6107820ce,TX,48377,2,2022-11-09T01:00:00.000Z,FIPSCode,48377,0,2022-11-09T06:22:02.094Z,8,98.98,8,100,62962,1025,61.97,62492,550,33.25,63492,79,4.78,1671,99,1654,4047,8,8
1667976346,2022-11-09 00:45:46 -0600,b9be9344301c155fbb38561b225d36627ab71bd2,TX,48377,2,2022-11-09T01:00:00.000Z,FIPSCode,48377,0,2022-11-09T06:22:02.094Z,8,98.98,8,100,62962,1025,61.97,62492,550,33.25,63492,79,4.78,1671,99,1654,4047,8,8
1667976387,2022-11-09 00:46:27 -0600,3fc81e357a75429f605eafd56848166989ceb407,TX,48377,2,2022-11-09T01:00:00.000Z,FIPSCode,48377,0,2022-11-09T06:22:02.094Z,8,98.98,8,100,62962,1025,61.97,62492,550,33.25,63492,79,4.78,1671,99,1654,4047,8,8
1667976427,2022-11-09 00:47:07 -0600,37543865b42fa093eb6d12d5468203ace58ae06d,TX,48377,2,2022-11-09T01:00:00.000Z,FIPSCode,48377,0,2022-11-09T06:22:02.094Z,8,98.98,8,100,62962,1025,61.97,62492,550,33.25,63492,79,4.78,1671,99,1654,4047,8,8
1667976548,2022-11-09 00:49:08 -0600,6a83da7820809fa5eca34d5b2e493e02ed29f8e1,TX,48377,2,2022-11-09T01:00:00.000Z,FIPSCode,48377,0,2022-11-09T06:22:02.094Z,8,98.98,8,100,62962,1025,61.97,62492,550,33.25,63492,79,4.78,1671,99,1654,4047,8,8
1667976590,2022-11-09 00:49:50 -0600,94cc860afa532570fe1eea1ef2140983ffb9d8e8,TX,48377,2,2022-11-09T01:00:00.000Z,FIPSCode,48377,0,2022-11-09T06:49:17.715Z,8,98.98,8,100,62962,1025,61.97,62492,550,33.25,63492,79,4.78,1671,99,1654,4047,8,8
1667976630,2022-11-09 00:50:30 -0600,db8e9eae6d57d57ee926ebc81f6ed458df0e5089,TX,48377,2,2022-11-09T01:00:00.000Z,FIPSCode,48377,0,2022-11-09T06:49:17.715Z,8,98.98,8,100,62962,1025,61.97,62492,550,33.25,63492,79,4.78,1671,99,1654,4047,8,8
1667976671,2022-11-09 00:51:11 -0600,ea959052a4daa986b427aee926dc66fbdb41fd60,TX,48377,2,2022-11-09T01:00:00.000Z,FIPSCode,48377,0,2022-11-09T06:50:36.617Z,8,98.98,8,100,62962,1025,61.97,62492,550,33.25,63492,79,4.78,1671,99,1654,4047,8,8
1667976713,2022-11-09 00:51:53 -0600,e706274cafb1c1dca67fd185b843624ee37dec41,TX,48377,2,2022-11-09T01:00:00.000Z,FIPSCode,48377,0,2022-11-09T06:51:17.481Z,8,98.98,8,100,62962,1025,61.97,62492,550,33.25,63492,79,4.78,1671,99,1654,4047,8,8
1667976793,2022-11-09 00:53:13 -0600,7515b93a49bab04bb1ffa2b33ffbefeb766086e0,TX,48377,2,2022-11-09T01:00:00.000Z,FIPSCode,48377,0,2022-11-09T06:51:17.481Z,8,98.98,8,100,62962,1025,61.97,62492,550,33.25,63492,79,4.78,1671,99,1654,4047,8,8
1667976954,2022-11-09 00:55:54 -0600,b26423d65e9f21df9fee7b50d1d50f05b43eb8df,TX,48377,2,2022-11-09T01:00:00.000Z,FIPSCode,48377,0,2022-11-09T06:51:17.481Z,8,98.98,8,100,62962,1025,61.97,62492,550,33.25,63492,79,4.78,1671,99,1654,4047,8,8
1667976996,2022-11-09 00:56:36 -0600,c42ff185ff10da6e900ee98d629248349a3fcfdc,TX,48377,2,2022-11-09T01:00:00.000Z,FIPSCode,48377,0,2022-11-09T06:51:17.481Z,8,98.98,8,100,62962,1025,61.97,62492,550,33.25,63492,79,4.78,1671,99,1654,4047,8,8
1667977288,2022-11-09 01:01:28 -0600,8a44f565442a4579e6df315edf5565e7f37a882b,TX,48377,2,2022-11-09T01:00:00.000Z,FIPSCode,48377,0,2022-11-09T06:51:17.481Z,8,98.98,8,100,62962,1025,61.97,62492,550,33.25,63492,79,4.78,1671,99,1654,4047,8,8
1667977327,2022-11-09 01:02:07 -0600,384f6f6bf04bdb7a89e98ac973406bc3b1a77127,TX,48377,2,2022-11-09T01:00:00.000Z,FIPSCode,48377,0,2022-11-09T06:51:17.481Z,8,98.98,8,100,62962,1025,61.97,62492,550,33.25,63492,79,4.78,1671,99,1654,4047,8,8
1667977447,2022-11-09 01:04:07 -0600,85b5a3bb4e8662c6fa8f3bf8244be3cdf20864e6,TX,48377,2,2022-11-09T01:00:00.000Z,FIPSCode,48377,0,2022-11-09T06:51:17.481Z,8,98.98,8,100,62962,1025,61.97,62492,550,33.25,63492,79,4.78,1671,99,1654,4047,8,8
1667977529,2022-11-09 01:05:29 -0600,41a86a702268ec57df877a606f8777dfeb75024d,TX,48377,2,2022-11-09T01:00:00.000Z,FIPSCode,48377,0,2022-11-09T06:51:17.481Z,8,98.98,8,100,62962,1025,61.97,62492,550,33.25,63492,79,4.78,1671,99,1654,4047,8,8
1667977571,2022-11-09 01:06:11 -0600,a52c232825af64477e8cc1b761cf52e3cfd7e241,TX,48377,2,2022-11-09T01:00:00.000Z,FIPSCode,48377,0,2022-11-09T06:51:17.481Z,8,98.98,8,100,62962,1025,61.97,62492,550,33.25,63492,79,4.78,1671,99,1654,4047,8,8
1667980960,2022-11-09 02:02:40 -0600,77e86fad3864f77f6953461bce33086104908ed9,TX,48377,2,2022-11-09T01:00:00.000Z,FIPSCode,48377,0,2022-11-09T07:56:16.305Z,8,98.98,8,100,62962,1025,61.97,62492,550,33.25,63492,79,4.78,1671,99,1654,4047,8,8
1667981123,2022-11-09 02:05:23 -0600,cab57d2c03fab6367d8f4209c67e475f346b5a09,TX,48377,2,2022-11-09T01:00:00.000Z,FIPSCode,48377,0,2022-11-09T07:56:16.305Z,8,98.98,8,100,62962,1025,61.97,62492,550,33.25,63492,79,4.78,1671,99,1654,4047,8,8
1667981163,2022-11-09 02:06:03 -0600,c8b71ed8acd6f0c4e3f13e356ff35797eb1102f6,TX,48377,2,2022-11-09T01:00:00.000Z,FIPSCode,48377,0,2022-11-09T07:56:16.305Z,8,98.98,8,100,62962,1025,61.97,62492,550,33.25,63492,79,4.78,1671,99,1654,4047,8,8
1667981204,2022-11-09 02:06:44 -0600,09a8563a8daa3136c9787fc4f73c6b797a1fddf0,TX,48377,2,2022-11-09T01:00:00.000Z,FIPSCode,48377,0,2022-11-09T07:56:16.305Z,8,98.98,8,100,62962,1025,61.97,62492,550,33.25,63492,79,4.78,1671,99,1654,4047,8,8
1667981242,2022-11-09 02:07:22 -0600,cf751ccf5a467e68d03bb00a59a524242998a7c9,TX,48377,2,2022-11-09T01:00:00.000Z,FIPSCode,48377,0,2022-11-09T07:56:16.305Z,8,98.98,8,100,62962,1025,61.97,62492,550,33.25,63492,79,4.78,1671,99,1654,4047,8,8
1667981363,2022-11-09 02:09:23 -0600,bfa0f0af48aad4f07dbb25f4832040f613fe6f03,TX,48377,2,2022-11-09T01:00:00.000Z,FIPSCode,48377,0,2022-11-09T07:56:16.305Z,8,98.98,8,100,62962,1025,61.97,62492,550,33.25,63492,79,4.78,1671,99,1654,4047,8,8
1667981404,2022-11-09 02:10:04 -0600,e09740c31d10d15245b40b33933c939d855e3457,TX,48377,2,2022-11-09T01:00:00.000Z,FIPSCode,48377,0,2022-11-09T07:56:16.305Z,8,98.98,8,100,62962,1025,61.97,62492,550,33.25,63492,79,4.78,1671,99,1654,4047,8,8
1667981443,2022-11-09 02:10:43 -0600,7cffe27ed1e74c6f72f6bbb8eb945d7366a075bf,TX,48377,2,2022-11-09T01:00:00.000Z,FIPSCode,48377,0,2022-11-09T07:56:16.305Z,8,98.98,8,100,62962,1025,61.97,62492,550,33.25,63492,79,4.78,1671,99,1654,4047,8,8
1667981483,2022-11-09 02:11:23 -0600,71b7e139fa561afc8a43f66a3db53706a14f3cc6,TX,48377,2,2022-11-09T01:00:00.000Z,FIPSCode,48377,0,2022-11-09T07:56:16.305Z,8,98.98,8,100,62962,1025,61.97,62492,550,33.25,63492,79,4.78,1671,99,1654,4047,8,8
1667982478,2022-11-09 02:27:58 -0600,e7a4697387fd0327336c3244c6ef7d3c1cab12ad,TX,48377,2,2022-11-09T01:00:00.000Z,FIPSCode,48377,0,2022-11-09T08:18:16.485Z,8,98.98,8,100,62962,1025,61.97,62492,550,33.25,63492,79,4.78,1671,99,1654,4047,8,8
1667982517,2022-11-09 02:28:37 -0600,646431433e93fe970b24a70347fe4d3180275034,TX,48377,2,2022-11-09T01:00:00.000Z,FIPSCode,48377,0,2022-11-09T08:18:16.485Z,8,98.98,8,100,62962,1025,61.97,62492,550,33.25,63492,79,4.78,1671,99,1654,4047,8,8
1667982557,2022-11-09 02:29:17 -0600,5e236ebaa7ca1e499bf98e18c0b29e2f61478c37,TX,48377,2,2022-11-09T01:00:00.000Z,FIPSCode,48377,0,2022-11-09T08:18:16.485Z,8,98.98,8,100,62962,1025,61.97,62492,550,33.25,63492,79,4.78,1671,99,1654,4047,8,8
1667982596,2022-11-09 02:29:56 -0600,bde989b935a69b93b581b2e16860373f3d0861c5,TX,48377,2,2022-11-09T01:00:00.000Z,FIPSCode,48377,0,2022-11-09T08:29:38.546Z,8,98.98,8,100,62962,1025,61.97,62492,550,33.25,63492,79,4.78,1671,99,1654,4047,8,8
1667982636,2022-11-09 02:30:36 -0600,5acc7456ca91022c54c673fb8195b1dd05f915f9,TX,48377,2,2022-11-09T01:00:00.000Z,FIPSCode,48377,0,2022-11-09T08:29:38.546Z,8,98.98,8,100,62962,1025,61.97,62492,550,33.25,63492,79,4.78,1671,99,1654,4047,8,8
1667982675,2022-11-09 02:31:15 -0600,786807e6e366b393d0fa43f17f9992eb44d36d90,TX,48377,2,2022-11-09T01:00:00.000Z,FIPSCode,48377,0,2022-11-09T08:31:00.212Z,8,98.98,8,100,62962,1025,61.97,62492,550,33.25,63492,79,4.78,1671,99,1654,4047,8,8
1667982715,2022-11-09 02:31:55 -0600,adeb1bd568c98eed36a0f10c8c3df06cf197a331,TX,48377,2,2022-11-09T01:00:00.000Z,FIPSCode,48377,0,2022-11-09T08:31:17.262Z,8,98.98,8,100,62962,1025,61.97,62492,550,33.25,63492,79,4.78,1671,99,1654,4047,8,8
1667982794,2022-11-09 02:33:14 -0600,5fd5c7ba16ff99125ec4f08d3bb44215d222c35a,TX,48377,2,2022-11-09T01:00:00.000Z,FIPSCode,48377,0,2022-11-09T08:31:17.262Z,8,98.98,8,100,62962,1025,61.97,62492,550,33.25,63492,79,4.78,1671,99,1654,4047,8,8
1667982835,2022-11-09 02:33:55 -0600,8e48ed8e0efd40f8d0dda28d27448766e0119b60,TX,48377,2,2022-11-09T01:00:00.000Z,FIPSCode,48377,0,2022-11-09T08:32:16.551Z,8,98.98,8,100,62962,1025,61.97,62492,550,33.25,63492,79,4.78,1671,99,1654,4047,8,8
1667982876,2022-11-09 02:34:36 -0600,f1dcf8490c2a8ff76c7720ff88b0d3bca82564fc,TX,48377,2,2022-11-09T01:00:00.000Z,FIPSCode,48377,0,2022-11-09T08:32:16.551Z,8,98.98,8,100,62962,1025,61.97,62492,550,33.25,63492,79,4.78,1671,99,1654,4047,8,8
1667983031,2022-11-09 02:37:11 -0600,f73872b641d39df66d685f81da0fecf0e5d77276,TX,48377,2,2022-11-09T01:00:00.000Z,FIPSCode,48377,0,2022-11-09T08:32:16.551Z,8,98.98,8,100,62962,1025,61.97,62492,550,33.25,63492,79,4.78,1671,99,1654,4047,8,8
1667983190,2022-11-09 02:39:50 -0600,33d66fac29e7b6dbaed9d0c4d2c158e412e07a74,TX,48377,2,2022-11-09T01:00:00.000Z,FIPSCode,48377,0,2022-11-09T08:32:16.551Z,8,98.98,8,100,62962,1025,61.97,62492,550,33.25,63492,79,4.78,1671,99,1654,4047,8,8
1667983429,2022-11-09 02:43:49 -0600,91ad4bfbba7a9cd52231076db531ea20d83a9660,TX,48377,2,2022-11-09T01:00:00.000Z,FIPSCode,48377,0,2022-11-09T08:32:16.551Z,8,98.98,8,100,62962,1025,61.97,62492,550,33.25,63492,79,4.78,1671,99,1654,4047,8,8
1667983471,2022-11-09 02:44:31 -0600,70d36d9850461d49fa32ba3e867341f797936529,TX,48377,2,2022-11-09T01:00:00.000Z,FIPSCode,48377,0,2022-11-09T08:32:16.551Z,8,98.98,8,100,62962,1025,61.97,62492,550,33.25,63492,79,4.78,1671,99,1654,4047,8,8
1667983595,2022-11-09 02:46:35 -0600,2dd0aebbae72cb28f364a323cce9d6d3c29ae669,TX,48377,2,2022-11-09T01:00:00.000Z,FIPSCode,48377,0,2022-11-09T08:32:16.551Z,8,98.98,8,100,62962,1025,61.97,62492,550,33.25,63492,79,4.78,1671,99,1654,4047,8,8
1667983635,2022-11-09 02:47:15 -0600,1cdb9a7b5c0dc8139636f660659c4c3e1664a857,TX,48377,2,2022-11-09T01:00:00.000Z,FIPSCode,48377,0,2022-11-09T08:32:16.551Z,8,98.98,8,100,62962,1025,61.97,62492,550,33.25,63492,79,4.78,1671,99,1654,4047,8,8
1667983719,2022-11-09 02:48:39 -0600,a8d889d3e1698c6a2e70070696b60b41396d5c92,TX,48377,2,2022-11-09T01:00:00.000Z,FIPSCode,48377,0,2022-11-09T08:32:16.551Z,8,98.98,8,100,62962,1025,61.97,62492,550,33.25,63492,79,4.78,1671,99,1654,4047,8,8
1667983801,2022-11-09 02:50:01 -0600,f8dcd2921862fa8f2b18f478a2ad042ae3e8bf73,TX,48377,2,2022-11-09T01:00:00.000Z,FIPSCode,48377,0,2022-11-09T08:32:16.551Z,8,98.98,8,100,62962,1025,61.97,62492,550,33.25,63492,79,4.78,1671,99,1654,4047,8,8
1667983921,2022-11-09 02:52:01 -0600,e28a6eb225402fb173e795ae259b4d56ced3a40a,TX,48377,2,2022-11-09T01:00:00.000Z,FIPSCode,48377,0,2022-11-09T08:32:16.551Z,8,98.98,8,100,62962,1025,61.97,62492,550,33.25,63492,79,4.78,1671,99,1654,4047,8,8
1667983963,2022-11-09 02:52:43 -0600,f1299e7b87e7b24a37e8c19b46028623185c8975,TX,48377,2,2022-11-09T01:00:00.000Z,FIPSCode,48377,0,2022-11-09T08:32:16.551Z,8,98.98,8,100,62962,1025,61.97,62492,550,33.25,63492,79,4.78,1671,99,1654,4047,8,8
1667984041,2022-11-09 02:54:01 -0600,ee9283493546aa4a6a95b649cf7bb242fe63b0e6,TX,48377,2,2022-11-09T01:00:00.000Z,FIPSCode,48377,0,2022-11-09T08:32:16.551Z,8,98.98,8,100,62962,1025,61.97,62492,550,33.25,63492,79,4.78,1671,99,1654,4047,8,8
1667984122,2022-11-09 02:55:22 -0600,f2e853654cd27abddf023ce23da337dc2bd7eb19,TX,48377,2,2022-11-09T01:00:00.000Z,FIPSCode,48377,0,2022-11-09T08:32:16.551Z,8,98.98,8,100,62962,1025,61.97,62492,550,33.25,63492,79,4.78,1671,99,1654,4047,8,8
1667984202,2022-11-09 02:56:42 -0600,2a3d229469fbf73bd09fff993afa4c97a371b1a0,TX,48377,2,2022-11-09T01:00:00.000Z,FIPSCode,48377,0,2022-11-09T08:32:16.551Z,8,98.98,8,100,62962,1025,61.97,62492,550,33.25,63492,79,4.78,1671,99,1654,4047,8,8
1667984442,2022-11-09 03:00:42 -0600,b88c277a236e329327b5836883a7e075e996d2d1,TX,48377,2,2022-11-09T01:00:00.000Z,FIPSCode,48377,0,2022-11-09T08:32:16.551Z,8,98.98,8,100,62962,1025,61.97,62492,550,33.25,63492,79,4.78,1671,99,1654,4047,8,8
1667984482,2022-11-09 03:01:22 -0600,5c66e8f8bf216c8c04bb7dfe44cfd67b3ea5a2ba,TX,48377,2,2022-11-09T01:00:00.000Z,FIPSCode,48377,0,2022-11-09T08:32:16.551Z,8,98.98,8,100,62962,1025,61.97,62492,550,33.25,63492,79,4.78,1671,99,1654,4047,8,8
1667984601,2022-11-09 03:03:21 -0600,932ac8732eb74666c5c0cf274fd2822c2821b401,TX,48377,2,2022-11-09T01:00:00.000Z,FIPSCode,48377,0,2022-11-09T08:32:16.551Z,8,98.98,8,100,62962,1025,61.97,62492,550,33.25,63492,79,4.78,1671,99,1654,4047,8,8
1667984643,2022-11-09 03:04:03 -0600,c379357a888a5ba9047063da02c1ed2809e3ab76,TX,48377,2,2022-11-09T01:00:00.000Z,FIPSCode,48377,0,2022-11-09T08:32:16.551Z,8,98.98,8,100,62962,1025,61.97,62492,550,33.25,63492,79,4.78,1671,99,1654,4047,8,8
1667984684,2022-11-09 03:04:44 -0600,40abf9921c14d95618cf6117bc4a3cf26112c935,TX,48377,2,2022-11-09T01:00:00.000Z,FIPSCode,48377,0,2022-11-09T08:32:16.551Z,8,98.98,8,100,62962,1025,61.97,62492,550,33.25,63492,79,4.78,1671,99,1654,4047,8,8
1667984723,2022-11-09 03:05:23 -0600,6ac28a34ef8dbaf25c87c723f770fe76efba1e6a,TX,48377,2,2022-11-09T01:00:00.000Z,FIPSCode,48377,0,2022-11-09T08:32:16.551Z,8,98.98,8,100,62962,1025,61.97,62492,550,33.25,63492,79,4.78,1671,99,1654,4047,8,8
1667984764,2022-11-09 03:06:04 -0600,db7461c203555bdc9bc9774db7ede91b31160520,TX,48377,2,2022-11-09T01:00:00.000Z,FIPSCode,48377,0,2022-11-09T08:32:16.551Z,8,98.98,8,100,62962,1025,61.97,62492,550,33.25,63492,79,4.78,1671,99,1654,4047,8,8
1667984807,2022-11-09 03:06:47 -0600,5153412fed905c9aa9ebe6edf631d1fa90c2b102,TX,48377,2,2022-11-09T01:00:00.000Z,FIPSCode,48377,0,2022-11-09T08:32:16.551Z,8,98.98,8,100,62962,1025,61.97,62492,550,33.25,63492,79,4.78,1671,99,1654,4047,8,8
1667984848,2022-11-09 03:07:28 -0600,e9b16afb9db085ca2bb568866869f7546b9f3f94,TX,48377,2,2022-11-09T01:00:00.000Z,FIPSCode,48377,0,2022-11-09T08:32:16.551Z,8,98.98,8,100,62962,1025,61.97,62492,550,33.25,63492,79,4.78,1671,99,1654,4047,8,8
1667984888,2022-11-09 03:08:08 -0600,0a25683529b8d73a4f5b69baea0a2f251fde5a9e,TX,48377,2,2022-11-09T01:00:00.000Z,FIPSCode,48377,0,2022-11-09T08:32:16.551Z,8,98.98,8,100,62962,1025,61.97,62492,550,33.25,63492,79,4.78,1671,99,1654,4047,8,8
1667984930,2022-11-09 03:08:50 -0600,10c4f67041e9ff33fbd9fde6d5b2468e0d88d48f,TX,48377,2,2022-11-09T01:00:00.000Z,FIPSCode,48377,0,2022-11-09T08:32:16.551Z,8,98.98,8,100,62962,1025,61.97,62492,550,33.25,63492,79,4.78,1671,99,1654,4047,8,8
1667985011,2022-11-09 03:10:11 -0600,0743f6f16071cb28a6e8a0e363705623355a94c0,TX,48377,2,2022-11-09T01:00:00.000Z,FIPSCode,48377,0,2022-11-09T08:32:16.551Z,8,98.98,8,100,62962,1025,61.97,62492,550,33.25,63492,79,4.78,1671,99,1654,4047,8,8
1667985052,2022-11-09 03:10:52 -0600,8db4cd830de981fcfc96ae5cfa5893c8fdf058d5,TX,48377,2,2022-11-09T01:00:00.000Z,FIPSCode,48377,0,2022-11-09T08:32:16.551Z,8,98.98,8,100,62962,1025,61.97,62492,550,33.25,63492,79,4.78,1671,99,1654,4047,8,8
1667985093,2022-11-09 03:11:33 -0600,add46abbfc92cef6d2edcd2670f5bac30248fa35,TX,48377,2,2022-11-09T01:00:00.000Z,FIPSCode,48377,0,2022-11-09T08:32:16.551Z,8,98.98,8,100,62962,1025,61.97,62492,550,33.25,63492,79,4.78,1671,99,1654,4047,8,8
1667985134,2022-11-09 03:12:14 -0600,2c897b0fc200e1893488b5752c5c41a90d4a2217,TX,48377,2,2022-11-09T01:00:00.000Z,FIPSCode,48377,0,2022-11-09T08:32:16.551Z,8,98.98,8,100,62962,1025,61.97,62492,550,33.25,63492,79,4.78,1671,99,1654,4047,8,8
1667985174,2022-11-09 03:12:54 -0600,68416a7a90f736185bed11a2c7b588ad616a4f90,TX,48377,2,2022-11-09T01:00:00.000Z,FIPSCode,48377,0,2022-11-09T08:32:16.551Z,8,98.98,8,100,62962,1025,61.97,62492,550,33.25,63492,79,4.78,1671,99,1654,4047,8,8
1667985336,2022-11-09 03:15:36 -0600,e680c144e30a7078448ff3666071965db0334e66,TX,48377,2,2022-11-09T01:00:00.000Z,FIPSCode,48377,0,2022-11-09T08:32:16.551Z,8,98.98,8,100,62962,1025,61.97,62492,550,33.25,63492,79,4.78,1671,99,1654,4047,8,8
1667985436,2022-11-09 03:17:16 -0600,3424d47f5341c2a346e8a3799f78a52faeab6c0b,TX,48377,2,2022-11-09T01:00:00.000Z,FIPSCode,48377,0,2022-11-09T08:32:16.551Z,8,98.98,8,100,62962,1025,61.97,62492,550,33.25,63492,79,4.78,1671,99,1654,4047,8,8
1667985515,2022-11-09 03:18:35 -0600,31dd34586ab7b0bee9484705570a9db12d11e661,TX,48377,2,2022-11-09T01:00:00.000Z,FIPSCode,48377,0,2022-11-09T08:32:16.551Z,8,98.98,8,100,62962,1025,61.97,62492,550,33.25,63492,79,4.78,1671,99,1654,4047,8,8
1667985591,2022-11-09 03:19:51 -0600,483b045d8eb45553d1fc158eaa878605708e5845,TX,48377,2,2022-11-09T01:00:00.000Z,FIPSCode,48377,0,2022-11-09T08:32:16.551Z,8,98.98,8,100,62962,1025,61.97,62492,550,33.25,63492,79,4.78,1671,99,1654,4047,8,8
1667985732,2022-11-09 03:22:12 -0600,3702b24fea3edad701ffe581ae9d29fa7027d761,TX,48377,2,2022-11-09T01:00:00.000Z,FIPSCode,48377,0,2022-11-09T08:32:16.551Z,8,98.98,8,100,62962,1025,61.97,62492,550,33.25,63492,79,4.78,1671,99,1654,4047,8,8
1667985779,2022-11-09 03:22:59 -0600,af9ba99ad8f2bff9ef334fac2128203d4237fb3b,TX,48377,2,2022-11-09T01:00:00.000Z,FIPSCode,48377,0,2022-11-09T08:32:16.551Z,8,98.98,8,100,62962,1025,61.97,62492,550,33.25,63492,79,4.78,1671,99,1654,4047,8,8
1667985822,2022-11-09 03:23:42 -0600,fe208075ec8f2013e218507464df245c10479ee1,TX,48377,2,2022-11-09T01:00:00.000Z,FIPSCode,48377,0,2022-11-09T08:32:16.551Z,8,98.98,8,100,62962,1025,61.97,62492,550,33.25,63492,79,4.78,1671,99,1654,4047,8,8
1667985862,2022-11-09 03:24:22 -0600,c99936830ae024241422f34e194ea28fd47bbfa6,TX,48377,2,2022-11-09T01:00:00.000Z,FIPSCode,48377,0,2022-11-09T08:32:16.551Z,8,98.98,8,100,62962,1025,61.97,62492,550,33.25,63492,79,4.78,1671,99,1654,4047,8,8
1667985904,2022-11-09 03:25:04 -0600,9a93968822f66fb5ab1446dd87e58d49f4859b6e,TX,48377,2,2022-11-09T01:00:00.000Z,FIPSCode,48377,0,2022-11-09T08:32:16.551Z,8,98.98,8,100,62962,1025,61.97,62492,550,33.25,63492,79,4.78,1671,99,1654,4047,8,8
1667985985,2022-11-09 03:26:25 -0600,2d478258f7e72765d03704400226b05aa5dfba31,TX,48377,2,2022-11-09T01:00:00.000Z,FIPSCode,48377,0,2022-11-09T08:32:16.551Z,8,98.98,8,100,62962,1025,61.97,62492,550,33.25,63492,79,4.78,1671,99,1654,4047,8,8
1667986026,2022-11-09 03:27:06 -0600,e99be915e2896b0e6ab292dfb14f5ee346ab658c,TX,48377,2,2022-11-09T01:00:00.000Z,FIPSCode,48377,0,2022-11-09T08:32:16.551Z,8,98.98,8,100,62962,1025,61.97,62492,550,33.25,63492,79,4.78,1671,99,1654,4047,8,8
1667986070,2022-11-09 03:27:50 -0600,842d9624fa3e4ff5a6b6d21ac818296b8b09522a,TX,48377,2,2022-11-09T01:00:00.000Z,FIPSCode,48377,0,2022-11-09T08:32:16.551Z,8,98.98,8,100,62962,1025,61.97,62492,550,33.25,63492,79,4.78,1671,99,1654,4047,8,8
1667986351,2022-11-09 03:32:31 -0600,458a623671788240c2b9d6b0c9ceca4f2fef369b,TX,48377,2,2022-11-09T01:00:00.000Z,FIPSCode,48377,0,2022-11-09T09:27:46.614Z,8,98.98,8,100,62962,1025,61.97,62492,550,33.25,63492,79,4.78,1671,99,1654,4047,8,8
1667986391,2022-11-09 03:33:11 -0600,49eb3b2b658978da8fc8e7a6de93597cdfa13352,TX,48377,2,2022-11-09T01:00:00.000Z,FIPSCode,48377,0,2022-11-09T09:27:46.614Z,8,98.98,8,100,62962,1025,61.97,62492,550,33.25,63492,79,4.78,1671,99,1654,4047,8,8
1667986431,2022-11-09 03:33:51 -0600,571b6e116a19aa53d8fa13ce1c809bdc2f746683,TX,48377,2,2022-11-09T01:00:00.000Z,FIPSCode,48377,0,2022-11-09T09:27:46.614Z,8,98.98,8,100,62962,1025,61.97,62492,550,33.25,63492,79,4.78,1671,99,1654,4047,8,8
1667986470,2022-11-09 03:34:30 -0600,8252d82224313aea9a0d717a99f01f186da092f3,TX,48377,2,2022-11-09T01:00:00.000Z,FIPSCode,48377,0,2022-11-09T09:27:46.614Z,8,98.98,8,100,62962,1025,61.97,62492,550,33.25,63492,79,4.78,1671,99,1654,4047,8,8
1667986510,2022-11-09 03:35:10 -0600,acecbdfc9911e82977e1f99d23cbbf9908265bd5,TX,48377,2,2022-11-09T01:00:00.000Z,FIPSCode,48377,0,2022-11-09T09:27:46.614Z,8,98.98,8,100,62962,1025,61.97,62492,550,33.25,63492,79,4.78,1671,99,1654,4047,8,8
1667986752,2022-11-09 03:39:12 -0600,64c9b2e34cc426d9eb690d684a4c1ca2c713909d,TX,48377,2,2022-11-09T01:00:00.000Z,FIPSCode,48377,0,2022-11-09T09:27:46.614Z,8,98.98,8,100,62962,1025,61.97,62492,550,33.25,63492,79,4.78,1671,99,1654,4047,8,8
1667986791,2022-11-09 03:39:51 -0600,9a50c153b47784532606d145b7458db430ba2b1b,TX,48377,2,2022-11-09T01:00:00.000Z,FIPSCode,48377,0,2022-11-09T09:27:46.614Z,8,98.98,8,100,62962,1025,61.97,62492,550,33.25,63492,79,4.78,1671,99,1654,4047,8,8
1667986832,2022-11-09 03:40:32 -0600,b373c908906d2030d8c480d824b2d4d247fcda92,TX,48377,2,2022-11-09T01:00:00.000Z,FIPSCode,48377,0,2022-11-09T09:27:46.614Z,8,98.98,8,100,62962,1025,61.97,62492,550,33.25,63492,79,4.78,1671,99,1654,4047,8,8
1667986912,2022-11-09 03:41:52 -0600,111328f8f980c2017f6b147fde38e9a3f7e11bab,TX,48377,2,2022-11-09T01:00:00.000Z,FIPSCode,48377,0,2022-11-09T09:27:46.614Z,8,98.98,8,100,62962,1025,61.97,62492,550,33.25,63492,79,4.78,1671,99,1654,4047,8,8
1667986993,2022-11-09 03:43:13 -0600,8b76f9f5e0faac5f77a52bbededb5ed381e37bd4,TX,48377,2,2022-11-09T01:00:00.000Z,FIPSCode,48377,0,2022-11-09T09:41:33.913Z,8,98.98,8,100,62962,1025,61.97,62492,550,33.25,63492,79,4.78,1671,99,1654,4047,8,8
1667987035,2022-11-09 03:43:55 -0600,87b2642ee41f88bdc2e6caeced2634ba3e07813c,TX,48377,2,2022-11-09T01:00:00.000Z,FIPSCode,48377,0,2022-11-09T09:41:33.913Z,8,98.98,8,100,62962,1025,61.97,62492,550,33.25,63492,79,4.78,1671,99,1654,4047,8,8
1667987073,2022-11-09 03:44:33 -0600,b0d1c36c044b8eae88b2841a5a59da6906503ae5,TX,48377,2,2022-11-09T01:00:00.000Z,FIPSCode,48377,0,2022-11-09T09:41:33.913Z,8,98.98,8,100,62962,1025,61.97,62492,550,33.25,63492,79,4.78,1671,99,1654,4047,8,8
1667987115,2022-11-09 03:45:15 -0600,e23b8de2242415db61d865c6efae16c4ec047a9f,TX,48377,2,2022-11-09T01:00:00.000Z,FIPSCode,48377,0,2022-11-09T09:41:33.913Z,8,98.98,8,100,62962,1025,61.97,62492,550,33.25,63492,79,4.78,1671,99,1654,4047,8,8
1667987156,2022-11-09 03:45:56 -0600,b0834d18baef8f9e56b541ac7d7fd923dfd61279,TX,48377,2,2022-11-09T01:00:00.000Z,FIPSCode,48377,0,2022-11-09T09:41:33.913Z,8,98.98,8,100,62962,1025,61.97,62492,550,33.25,63492,79,4.78,1671,99,1654,4047,8,8
1667987197,2022-11-09 03:46:37 -0600,c6de9a5ef91cb16901f36d62fb2513f293fa8ed2,TX,48377,2,2022-11-09T01:00:00.000Z,FIPSCode,48377,0,2022-11-09T09:41:33.913Z,8,98.98,8,100,62962,1025,61.97,62492,550,33.25,63492,79,4.78,1671,99,1654,4047,8,8
1667987239,2022-11-09 03:47:19 -0600,ea04b4cf4ec3ed63cf6d1c51c268e60bdfd448b5,TX,48377,2,2022-11-09T01:00:00.000Z,FIPSCode,48377,0,2022-11-09T09:41:33.913Z,8,98.98,8,100,62962,1025,61.97,62492,550,33.25,63492,79,4.78,1671,99,1654,4047,8,8
1667987280,2022-11-09 03:48:00 -0600,a88286d7028ba2595139baf03aeca44134230973,TX,48377,2,2022-11-09T01:00:00.000Z,FIPSCode,48377,0,2022-11-09T09:41:33.913Z,8,98.98,8,100,62962,1025,61.97,62492,550,33.25,63492,79,4.78,1671,99,1654,4047,8,8
1667987322,2022-11-09 03:48:42 -0600,c4941bd0c330c6a68f39d6af84344c6410041a01,TX,48377,2,2022-11-09T01:00:00.000Z,FIPSCode,48377,0,2022-11-09T09:41:33.913Z,8,98.98,8,100,62962,1025,61.97,62492,550,33.25,63492,79,4.78,1671,99,1654,4047,8,8
1667987361,2022-11-09 03:49:21 -0600,9cc128b5987d9c59e09370f209f1915ff92ed38a,TX,48377,2,2022-11-09T01:00:00.000Z,FIPSCode,48377,0,2022-11-09T09:41:33.913Z,8,98.98,8,100,62962,1025,61.97,62492,550,33.25,63492,79,4.78,1671,99,1654,4047,8,8
1667987403,2022-11-09 03:50:03 -0600,eef7197364d0afbe2fb1aa00d4cd30fccd721d19,TX,48377,2,2022-11-09T01:00:00.000Z,FIPSCode,48377,0,2022-11-09T09:41:33.913Z,8,98.98,8,100,62962,1025,61.97,62492,550,33.25,63492,79,4.78,1671,99,1654,4047,8,8
1667987444,2022-11-09 03:50:44 -0600,535a461b75364f2c1d70c8e62728ceb9443765d2,TX,48377,2,2022-11-09T01:00:00.000Z,FIPSCode,48377,0,2022-11-09T09:41:33.913Z,8,98.98,8,100,62962,1025,61.97,62492,550,33.25,63492,79,4.78,1671,99,1654,4047,8,8
1667987524,2022-11-09 03:52:04 -0600,c251c6fbf74f00217c61f2d533377b35edad2d39,TX,48377,2,2022-11-09T01:00:00.000Z,FIPSCode,48377,0,2022-11-09T09:41:33.913Z,8,98.98,8,100,62962,1025,61.97,62492,550,33.25,63492,79,4.78,1671,99,1654,4047,8,8
1667987563,2022-11-09 03:52:43 -0600,8abcd32a71680efad0e1b14075bb8680bae203ec,TX,48377,2,2022-11-09T01:00:00.000Z,FIPSCode,48377,0,2022-11-09T09:41:33.913Z,8,98.98,8,100,62962,1025,61.97,62492,550,33.25,63492,79,4.78,1671,99,1654,4047,8,8
1667987603,2022-11-09 03:53:23 -0600,907e925b1b5bf0815b2f82ea78e7a5d530eaf2f1,TX,48377,2,2022-11-09T01:00:00.000Z,FIPSCode,48377,0,2022-11-09T09:41:33.913Z,8,98.98,8,100,62962,1025,61.97,62492,550,33.25,63492,79,4.78,1671,99,1654,4047,8,8
1667987643,2022-11-09 03:54:03 -0600,f798a1f9c8d4d3a3f69f26fb63de81045062e5fc,TX,48377,2,2022-11-09T01:00:00.000Z,FIPSCode,48377,0,2022-11-09T09:41:33.913Z,8,98.98,8,100,62962,1025,61.97,62492,550,33.25,63492,79,4.78,1671,99,1654,4047,8,8
1667987685,2022-11-09 03:54:45 -0600,5ac8581414e90c984ffb886be64a0515cb61a92b,TX,48377,2,2022-11-09T01:00:00.000Z,FIPSCode,48377,0,2022-11-09T09:41:33.913Z,8,98.98,8,100,62962,1025,61.97,62492,550,33.25,63492,79,4.78,1671,99,1654,4047,8,8
1667987766,2022-11-09 03:56:06 -0600,0c97af721e07528c29c550b7bce84d073343534b,TX,48377,2,2022-11-09T01:00:00.000Z,FIPSCode,48377,0,2022-11-09T09:41:33.913Z,8,98.98,8,100,62962,1025,61.97,62492,550,33.25,63492,79,4.78,1671,99,1654,4047,8,8
1667987805,2022-11-09 03:56:45 -0600,bbb6a6d5fd03b4b1c0bc88f9b3ab4c08369a3edd,TX,48377,2,2022-11-09T01:00:00.000Z,FIPSCode,48377,0,2022-11-09T09:41:33.913Z,8,98.98,8,100,62962,1025,61.97,62492,550,33.25,63492,79,4.78,1671,99,1654,4047,8,8
1667987885,2022-11-09 03:58:05 -0600,e58f83f6209f6acb460b43b5d889d2b7efed466d,TX,48377,2,2022-11-09T01:00:00.000Z,FIPSCode,48377,0,2022-11-09T09:41:33.913Z,8,98.98,8,100,62962,1025,61.97,62492,550,33.25,63492,79,4.78,1671,99,1654,4047,8,8
1667987926,2022-11-09 03:58:46 -0600,73e091fdf26f4aa144c64e02115a1b8534b6c6ed,TX,48377,2,2022-11-09T01:00:00.000Z,FIPSCode,48377,0,2022-11-09T09:41:33.913Z,8,98.98,8,100,62962,1025,61.97,62492,550,33.25,63492,79,4.78,1671,99,1654,4047,8,8
1667987965,2022-11-09 03:59:25 -0600,4dde3c8f59c3bcf3cff48ec0c0bbba8cecf9614a,TX,48377,2,2022-11-09T01:00:00.000Z,FIPSCode,48377,0,2022-11-09T09:41:33.913Z,8,98.98,8,100,62962,1025,61.97,62492,550,33.25,63492,79,4.78,1671,99,1654,4047,8,8
1667988006,2022-11-09 04:00:06 -0600,4a727edcdaed346df9a04de89a91559ac20cd2b0,TX,48377,2,2022-11-09T01:00:00.000Z,FIPSCode,48377,0,2022-11-09T09:41:33.913Z,8,98.98,8,100,62962,1025,61.97,62492,550,33.25,63492,79,4.78,1671,99,1654,4047,8,8
1667988091,2022-11-09 04:01:31 -0600,ad99db3e9080c7ed6200ad727ad2ea36cd855591,TX,48377,2,2022-11-09T01:00:00.000Z,FIPSCode,48377,0,2022-11-09T09:41:33.913Z,8,98.98,8,100,62962,1025,61.97,62492,550,33.25,63492,79,4.78,1671,99,1654,4047,8,8
1667988167,2022-11-09 04:02:47 -0600,0f435c562543b15444714c77c0ab7ab51485d91e,TX,48377,2,2022-11-09T01:00:00.000Z,FIPSCode,48377,0,2022-11-09T09:41:33.913Z,8,98.98,8,100,62962,1025,61.97,62492,550,33.25,63492,79,4.78,1671,99,1654,4047,8,8
1667988326,2022-11-09 04:05:26 -0600,81f3312db0f02393b6f99b1a3db05495e5086572,TX,48377,2,2022-11-09T01:00:00.000Z,FIPSCode,48377,0,2022-11-09T09:41:33.913Z,8,98.98,8,100,62962,1025,61.97,62492,550,33.25,63492,79,4.78,1671,99,1654,4047,8,8
1667988367,2022-11-09 04:06:07 -0600,569f912dbebdb6a9fd0dc530b121779cb6ef9407,TX,48377,2,2022-11-09T01:00:00.000Z,FIPSCode,48377,0,2022-11-09T10:05:38.370Z,8,98.98,8,100,62962,1025,61.97,62492,550,33.25,63492,79,4.78,1671,99,1654,4047,8,8
1667988406,2022-11-09 04:06:46 -0600,13f2a5928c898dd4d3c7860a848c46f4b423449f,TX,48377,2,2022-11-09T01:00:00.000Z,FIPSCode,48377,0,2022-11-09T10:05:38.370Z,8,98.98,8,100,62962,1025,61.97,62492,550,33.25,63492,79,4.78,1671,99,1654,4047,8,8
1667988564,2022-11-09 04:09:24 -0600,2aeef9544d1832238b865b50255c72fd72952396,TX,48377,2,2022-11-09T01:00:00.000Z,FIPSCode,48377,0,2022-11-09T10:06:59.014Z,8,98.98,8,100,62962,1025,61.97,62492,550,33.25,63492,79,4.78,1671,99,1654,4047,8,8
1667988603,2022-11-09 04:10:03 -0600,c57fd67b0b96993b9f7c98a49335fed712bca534,TX,48377,2,2022-11-09T01:00:00.000Z,FIPSCode,48377,0,2022-11-09T10:06:59.014Z,8,98.98,8,100,62962,1025,61.97,62492,550,33.25,63492,79,4.78,1671,99,1654,4047,8,8
1667988643,2022-11-09 04:10:43 -0600,591a6073b04ab0ebd3abfd9fecd162fe68e47757,TX,48377,2,2022-11-09T01:00:00.000Z,FIPSCode,48377,0,2022-11-09T10:06:59.014Z,8,98.98,8,100,62962,1025,61.97,62492,550,33.25,63492,79,4.78,1671,99,1654,4047,8,8
1667988683,2022-11-09 04:11:23 -0600,730aa85a41cde9ade0ab0457bb30546a32d14e79,TX,48377,2,2022-11-09T01:00:00.000Z,FIPSCode,48377,0,2022-11-09T10:06:59.014Z,8,98.98,8,100,62962,1025,61.97,62492,550,33.25,63492,79,4.78,1671,99,1654,4047,8,8
1667988762,2022-11-09 04:12:42 -0600,92057add7b99ef94d7883b2d3dff835f8d4d2ede,TX,48377,2,2022-11-09T01:00:00.000Z,FIPSCode,48377,0,2022-11-09T10:06:59.014Z,8,98.98,8,100,62962,1025,61.97,62492,550,33.25,63492,79,4.78,1671,99,1654,4047,8,8
1667988801,2022-11-09 04:13:21 -0600,4c72a5c0e2471fa350291b6c4da371e39c3bbefa,TX,48377,2,2022-11-09T01:00:00.000Z,FIPSCode,48377,0,2022-11-09T10:06:59.014Z,8,98.98,8,100,62962,1025,61.97,62492,550,33.25,63492,79,4.78,1671,99,1654,4047,8,8
1667988842,2022-11-09 04:14:02 -0600,3835bc37083d35ed57d75f316b86fe0fcddac7da,TX,48377,2,2022-11-09T01:00:00.000Z,FIPSCode,48377,0,2022-11-09T10:06:59.014Z,8,98.98,8,100,62962,1025,61.97,62492,550,33.25,63492,79,4.78,1671,99,1654,4047,8,8
1667988882,2022-11-09 04:14:42 -0600,50e686bbeb599e4b3a701673cc58310482a21b94,TX,48377,2,2022-11-09T01:00:00.000Z,FIPSCode,48377,0,2022-11-09T10:06:59.014Z,8,98.98,8,100,62962,1025,61.97,62492,550,33.25,63492,79,4.78,1671,99,1654,4047,8,8
1667988962,2022-11-09 04:16:02 -0600,c9c4a60677ea04d6ab18d6eec6d6c3a7761f64fa,TX,48377,2,2022-11-09T01:00:00.000Z,FIPSCode,48377,0,2022-11-09T10:06:59.014Z,8,98.98,8,100,62962,1025,61.97,62492,550,33.25,63492,79,4.78,1671,99,1654,4047,8,8
1667989001,2022-11-09 04:16:41 -0600,bf48d088f90a7df84b22532f076e84f8881100c4,TX,48377,2,2022-11-09T01:00:00.000Z,FIPSCode,48377,0,2022-11-09T10:06:59.014Z,8,98.98,8,100,62962,1025,61.97,62492,550,33.25,63492,79,4.78,1671,99,1654,4047,8,8
1667989041,2022-11-09 04:17:21 -0600,bc5911b3ed71beee72651a07b463dd7490179043,TX,48377,2,2022-11-09T01:00:00.000Z,FIPSCode,48377,0,2022-11-09T10:06:59.014Z,8,98.98,8,100,62962,1025,61.97,62492,550,33.25,63492,79,4.78,1671,99,1654,4047,8,8
1667989081,2022-11-09 04:18:01 -0600,563fc595ee6cbed39038ea61943efe67b7efb8ba,TX,48377,2,2022-11-09T01:00:00.000Z,FIPSCode,48377,0,2022-11-09T10:06:59.014Z,8,98.98,8,100,62962,1025,61.97,62492,550,33.25,63492,79,4.78,1671,99,1654,4047,8,8
1667989121,2022-11-09 04:18:41 -0600,c465f18bc76653d10d16bdf8263355edd2fe0344,TX,48377,2,2022-11-09T01:00:00.000Z,FIPSCode,48377,0,2022-11-09T10:06:59.014Z,8,98.98,8,100,62962,1025,61.97,62492,550,33.25,63492,79,4.78,1671,99,1654,4047,8,8
1667989201,2022-11-09 04:20:01 -0600,2770f40101960610cfbac039b7f8df7241b56094,TX,48377,2,2022-11-09T01:00:00.000Z,FIPSCode,48377,0,2022-11-09T10:06:59.014Z,8,98.98,8,100,62962,1025,61.97,62492,550,33.25,63492,79,4.78,1671,99,1654,4047,8,8
1667989241,2022-11-09 04:20:41 -0600,ecd9fb0f9a32ee803b2df09a44e32a9bfebbebb4,TX,48377,2,2022-11-09T01:00:00.000Z,FIPSCode,48377,0,2022-11-09T10:06:59.014Z,8,98.98,8,100,62962,1025,61.97,62492,550,33.25,63492,79,4.78,1671,99,1654,4047,8,8
1667989322,2022-11-09 04:22:02 -0600,d457f03e4e72b327b99f4802024f635832ef663e,TX,48377,2,2022-11-09T01:00:00.000Z,FIPSCode,48377,0,2022-11-09T10:06:59.014Z,8,98.98,8,100,62962,1025,61.97,62492,550,33.25,63492,79,4.78,1671,99,1654,4047,8,8
1667989442,2022-11-09 04:24:02 -0600,364fd392403a5661fc5e3dab8aaacc2dcbbce838,TX,48377,2,2022-11-09T01:00:00.000Z,FIPSCode,48377,0,2022-11-09T10:06:59.014Z,8,98.98,8,100,62962,1025,61.97,62492,550,33.25,63492,79,4.78,1671,99,1654,4047,8,8
1667989482,2022-11-09 04:24:42 -0600,77906ec83e155654462ccb3bee22530112b7270e,TX,48377,2,2022-11-09T01:00:00.000Z,FIPSCode,48377,0,2022-11-09T10:06:59.014Z,8,98.98,8,100,62962,1025,61.97,62492,550,33.25,63492,79,4.78,1671,99,1654,4047,8,8
1667989521,2022-11-09 04:25:21 -0600,74685ed35984562d85c6e361ffade5bfbfbbc6ab,TX,48377,2,2022-11-09T01:00:00.000Z,FIPSCode,48377,0,2022-11-09T10:06:59.014Z,8,98.98,8,100,62962,1025,61.97,62492,550,33.25,63492,79,4.78,1671,99,1654,4047,8,8
1667989561,2022-11-09 04:26:01 -0600,47ece8d933215267bcb907f354b91267dbe0644f,TX,48377,2,2022-11-09T01:00:00.000Z,FIPSCode,48377,0,2022-11-09T10:06:59.014Z,8,98.98,8,100,62962,1025,61.97,62492,550,33.25,63492,79,4.78,1671,99,1654,4047,8,8
1667989601,2022-11-09 04:26:41 -0600,dc86e4cd00902bc0e04bbdd36be1e9dd1552423e,TX,48377,2,2022-11-09T01:00:00.000Z,FIPSCode,48377,0,2022-11-09T10:06:59.014Z,8,98.98,8,100,62962,1025,61.97,62492,550,33.25,63492,79,4.78,1671,99,1654,4047,8,8
1667989642,2022-11-09 04:27:22 -0600,5576adf945e145b7e2df2be75f5ae4deb91e6665,TX,48377,2,2022-11-09T01:00:00.000Z,FIPSCode,48377,0,2022-11-09T10:06:59.014Z,8,98.98,8,100,62962,1025,61.97,62492,550,33.25,63492,79,4.78,1671,99,1654,4047,8,8
1667989683,2022-11-09 04:28:03 -0600,5aabae5966347229d464f1f0729356666e0679bf,TX,48377,2,2022-11-09T01:00:00.000Z,FIPSCode,48377,0,2022-11-09T10:06:59.014Z,8,98.98,8,100,62962,1025,61.97,62492,550,33.25,63492,79,4.78,1671,99,1654,4047,8,8
1667989723,2022-11-09 04:28:43 -0600,dafacf7e31964ad605ca80218ca8e7a0ec8fa136,TX,48377,2,2022-11-09T01:00:00.000Z,FIPSCode,48377,0,2022-11-09T10:06:59.014Z,8,98.98,8,100,62962,1025,61.97,62492,550,33.25,63492,79,4.78,1671,99,1654,4047,8,8
1667989763,2022-11-09 04:29:23 -0600,df58263396b66ef421d79815b8f4d77bd793e4dd,TX,48377,2,2022-11-09T01:00:00.000Z,FIPSCode,48377,0,2022-11-09T10:06:59.014Z,8,98.98,8,100,62962,1025,61.97,62492,550,33.25,63492,79,4.78,1671,99,1654,4047,8,8
1667989844,2022-11-09 04:30:44 -0600,be603c3b15162897d2768d930f59296f3f29ad16,TX,48377,2,2022-11-09T01:00:00.000Z,FIPSCode,48377,0,2022-11-09T10:06:59.014Z,8,98.98,8,100,62962,1025,61.97,62492,550,33.25,63492,79,4.78,1671,99,1654,4047,8,8
1667989883,2022-11-09 04:31:23 -0600,924024c8f2bc998a14f0708e86a72e0a3e9e1da1,TX,48377,2,2022-11-09T01:00:00.000Z,FIPSCode,48377,0,2022-11-09T10:06:59.014Z,8,98.98,8,100,62962,1025,61.97,62492,550,33.25,63492,79,4.78,1671,99,1654,4047,8,8
1667989923,2022-11-09 04:32:03 -0600,f881493089f8c3de2e07f4496acde349ad0b8fae,TX,48377,2,2022-11-09T01:00:00.000Z,FIPSCode,48377,0,2022-11-09T10:06:59.014Z,8,98.98,8,100,62962,1025,61.97,62492,550,33.25,63492,79,4.78,1671,99,1654,4047,8,8
1667989964,2022-11-09 04:32:44 -0600,e12368fd650f7327d8a65280bef2d437245f4e91,TX,48377,2,2022-11-09T01:00:00.000Z,FIPSCode,48377,0,2022-11-09T10:06:59.014Z,8,98.98,8,100,62962,1025,61.97,62492,550,33.25,63492,79,4.78,1671,99,1654,4047,8,8
1667990004,2022-11-09 04:33:24 -0600,b5512043c807372aece5d9552635d27376720fc2,TX,48377,2,2022-11-09T01:00:00.000Z,FIPSCode,48377,0,2022-11-09T10:32:58.526Z,8,98.98,8,100,62962,1025,61.97,62492,550,33.25,63492,79,4.78,1671,99,1654,4047,8,8
1667990044,2022-11-09 04:34:04 -0600,b31639d107a0f86a9a0ed2e2ed076b52871cd559,TX,48377,2,2022-11-09T01:00:00.000Z,FIPSCode,48377,0,2022-11-09T10:32:58.526Z,8,98.98,8,100,62962,1025,61.97,62492,550,33.25,63492,79,4.78,1671,99,1654,4047,8,8
1667990084,2022-11-09 04:34:44 -0600,45716aed81695dc8882d856a53214d8956dc86f7,TX,48377,2,2022-11-09T01:00:00.000Z,FIPSCode,48377,0,2022-11-09T10:34:16.850Z,8,98.98,8,100,62962,1025,61.97,62492,550,33.25,63492,79,4.78,1671,99,1654,4047,8,8
1667990125,2022-11-09 04:35:25 -0600,575f474da52ac9ed8d1a366d90afd59a4bdc22ae,TX,48377,2,2022-11-09T01:00:00.000Z,FIPSCode,48377,0,2022-11-09T10:34:16.850Z,8,98.98,8,100,62962,1025,61.97,62492,550,33.25,63492,79,4.78,1671,99,1654,4047,8,8
1667990166,2022-11-09 04:36:06 -0600,e6a0850ee69af2de9e8831e4e3b8738cfc8730f8,TX,48377,2,2022-11-09T01:00:00.000Z,FIPSCode,48377,0,2022-11-09T10:34:16.850Z,8,98.98,8,100,62962,1025,61.97,62492,550,33.25,63492,79,4.78,1671,99,1654,4047,8,8
1667990206,2022-11-09 04:36:46 -0600,4d22e690cce917555fbfa3ae1082938f39d97783,TX,48377,2,2022-11-09T01:00:00.000Z,FIPSCode,48377,0,2022-11-09T10:34:16.850Z,8,98.98,8,100,62962,1025,61.97,62492,550,33.25,63492,79,4.78,1671,99,1654,4047,8,8
1667990246,2022-11-09 04:37:26 -0600,079f130b06c9c31f13a378f496d9d7e10e842e7f,TX,48377,2,2022-11-09T01:00:00.000Z,FIPSCode,48377,0,2022-11-09T10:34:16.850Z,8,98.98,8,100,62962,1025,61.97,62492,550,33.25,63492,79,4.78,1671,99,1654,4047,8,8
1667990326,2022-11-09 04:38:46 -0600,76f1b7907e87cb93abe20ba310086b729b0e99d9,TX,48377,2,2022-11-09T01:00:00.000Z,FIPSCode,48377,0,2022-11-09T10:34:16.850Z,8,98.98,8,100,62962,1025,61.97,62492,550,33.25,63492,79,4.78,1671,99,1654,4047,8,8
1667990366,2022-11-09 04:39:26 -0600,94cea64a17420440333987a3eb87c742c3abb792,TX,48377,2,2022-11-09T01:00:00.000Z,FIPSCode,48377,0,2022-11-09T10:34:16.850Z,8,98.98,8,100,62962,1025,61.97,62492,550,33.25,63492,79,4.78,1671,99,1654,4047,8,8
1667990407,2022-11-09 04:40:07 -0600,c93ceb6395e9537cb6932486e53827020153f0ea,TX,48377,2,2022-11-09T01:00:00.000Z,FIPSCode,48377,0,2022-11-09T10:34:16.850Z,8,98.98,8,100,62962,1025,61.97,62492,550,33.25,63492,79,4.78,1671,99,1654,4047,8,8
1667990446,2022-11-09 04:40:46 -0600,805558bfd75490d99d522ebbdb0e69e5228c5c4c,TX,48377,2,2022-11-09T01:00:00.000Z,FIPSCode,48377,0,2022-11-09T10:34:16.850Z,8,98.98,8,100,62962,1025,61.97,62492,550,33.25,63492,79,4.78,1671,99,1654,4047,8,8
1667990526,2022-11-09 04:42:06 -0600,70be907630a2873d9a33e021189fd13031a24665,TX,48377,2,2022-11-09T01:00:00.000Z,FIPSCode,48377,0,2022-11-09T10:34:16.850Z,8,98.98,8,100,62962,1025,61.97,62492,550,33.25,63492,79,4.78,1671,99,1654,4047,8,8
1667990565,2022-11-09 04:42:45 -0600,08df97d368be303a6d5e0c630c5d444a285fc06a,TX,48377,2,2022-11-09T01:00:00.000Z,FIPSCode,48377,0,2022-11-09T10:34:16.850Z,8,98.98,8,100,62962,1025,61.97,62492,550,33.25,63492,79,4.78,1671,99,1654,4047,8,8
1667990605,2022-11-09 04:43:25 -0600,8cf2c31a35d93f1377d718b530053605a75546dc,TX,48377,2,2022-11-09T01:00:00.000Z,FIPSCode,48377,0,2022-11-09T10:34:16.850Z,8,98.98,8,100,62962,1025,61.97,62492,550,33.25,63492,79,4.78,1671,99,1654,4047,8,8
1667990644,2022-11-09 04:44:04 -0600,ab17cb3cd797ec2b452314492a94e2e0209de181,TX,48377,2,2022-11-09T01:00:00.000Z,FIPSCode,48377,0,2022-11-09T10:34:16.850Z,8,98.98,8,100,62962,1025,61.97,62492,550,33.25,63492,79,4.78,1671,99,1654,4047,8,8
1667990684,2022-11-09 04:44:44 -0600,efdfb7c669faa1b581c8efc142e9f0a832c5334d,TX,48377,2,2022-11-09T01:00:00.000Z,FIPSCode,48377,0,2022-11-09T10:34:16.850Z,8,98.98,8,100,62962,1025,61.97,62492,550,33.25,63492,79,4.78,1671,99,1654,4047,8,8
1667990763,2022-11-09 04:46:03 -0600,2b5173ede90d3526057063cf26c1127c856e73ce,TX,48377,2,2022-11-09T01:00:00.000Z,FIPSCode,48377,0,2022-11-09T10:34:16.850Z,8,98.98,8,100,62962,1025,61.97,62492,550,33.25,63492,79,4.78,1671,99,1654,4047,8,8
1667990803,2022-11-09 04:46:43 -0600,89d84df5ef601ee4d3fbf8b002978e6cc25c5fac,TX,48377,2,2022-11-09T01:00:00.000Z,FIPSCode,48377,0,2022-11-09T10:34:16.850Z,8,98.98,8,100,62962,1025,61.97,62492,550,33.25,63492,79,4.78,1671,99,1654,4047,8,8
1667990964,2022-11-09 04:49:24 -0600,e5ddb97730cda8d6e8e9bcfcaaba7976a894547f,TX,48377,2,2022-11-09T01:00:00.000Z,FIPSCode,48377,0,2022-11-09T10:34:16.850Z,8,98.98,8,100,62962,1025,61.97,62492,550,33.25,63492,79,4.78,1671,99,1654,4047,8,8
1667991005,2022-11-09 04:50:05 -0600,133a14294e26d55ccf7a190803d56a92b5f93881,TX,48377,2,2022-11-09T01:00:00.000Z,FIPSCode,48377,0,2022-11-09T10:34:16.850Z,8,98.98,8,100,62962,1025,61.97,62492,550,33.25,63492,79,4.78,1671,99,1654,4047,8,8
1667991166,2022-11-09 04:52:46 -0600,606d4fb1af282899ecf9ac2d6964d5cc88e8d05d,TX,48377,2,2022-11-09T01:00:00.000Z,FIPSCode,48377,0,2022-11-09T10:34:16.850Z,8,98.98,8,100,62962,1025,61.97,62492,550,33.25,63492,79,4.78,1671,99,1654,4047,8,8
1667991246,2022-11-09 04:54:06 -0600,c054387a89a4648e031f332cc6faaeeb9b573847,TX,48377,2,2022-11-09T01:00:00.000Z,FIPSCode,48377,0,2022-11-09T10:34:16.850Z,8,98.98,8,100,62962,1025,61.97,62492,550,33.25,63492,79,4.78,1671,99,1654,4047,8,8
1667991285,2022-11-09 04:54:45 -0600,e376c59e65756675a03e1e8f7ddbddb3ae038111,TX,48377,2,2022-11-09T01:00:00.000Z,FIPSCode,48377,0,2022-11-09T10:34:16.850Z,8,98.98,8,100,62962,1025,61.97,62492,550,33.25,63492,79,4.78,1671,99,1654,4047,8,8
1667991325,2022-11-09 04:55:25 -0600,87b13b3c1577ba495e747b7290f5c1b1880eb9b9,TX,48377,2,2022-11-09T01:00:00.000Z,FIPSCode,48377,0,2022-11-09T10:34:16.850Z,8,98.98,8,100,62962,1025,61.97,62492,550,33.25,63492,79,4.78,1671,99,1654,4047,8,8
1667991366,2022-11-09 04:56:06 -0600,37788b17957a88a1d6b51557f47b0619fcb5e8c6,TX,48377,2,2022-11-09T01:00:00.000Z,FIPSCode,48377,0,2022-11-09T10:34:16.850Z,8,98.98,8,100,62962,1025,61.97,62492,550,33.25,63492,79,4.78,1671,99,1654,4047,8,8
1667991407,2022-11-09 04:56:47 -0600,e9b5faa07aea260c7887fcaf3d07577a1a21adae,TX,48377,2,2022-11-09T01:00:00.000Z,FIPSCode,48377,0,2022-11-09T10:34:16.850Z,8,98.98,8,100,62962,1025,61.97,62492,550,33.25,63492,79,4.78,1671,99,1654,4047,8,8
1667991448,2022-11-09 04:57:28 -0600,5c33acd121e3ed637ebe523a9845e1113ed0e4c8,TX,48377,2,2022-11-09T01:00:00.000Z,FIPSCode,48377,0,2022-11-09T10:34:16.850Z,8,98.98,8,100,62962,1025,61.97,62492,550,33.25,63492,79,4.78,1671,99,1654,4047,8,8
1667991487,2022-11-09 04:58:07 -0600,c92076ea20cbf95ad9ca886872c15819131d07fe,TX,48377,2,2022-11-09T01:00:00.000Z,FIPSCode,48377,0,2022-11-09T10:34:16.850Z,8,98.98,8,100,62962,1025,61.97,62492,550,33.25,63492,79,4.78,1671,99,1654,4047,8,8
1667991528,2022-11-09 04:58:48 -0600,a13f4801288cc4ef524408203909300f4668df64,TX,48377,2,2022-11-09T01:00:00.000Z,FIPSCode,48377,0,2022-11-09T10:34:16.850Z,8,98.98,8,100,62962,1025,61.97,62492,550,33.25,63492,79,4.78,1671,99,1654,4047,8,8
1667991608,2022-11-09 05:00:08 -0600,3f611dc22e70e34b02ef0e288a3370ae01bc6f2d,TX,48377,2,2022-11-09T01:00:00.000Z,FIPSCode,48377,0,2022-11-09T10:59:16.443Z,8,98.98,8,100,62962,1025,61.97,62492,550,33.25,63492,79,4.78,1671,99,1654,4047,8,8
1667991648,2022-11-09 05:00:48 -0600,721f7f72d46bee92532ccf2d174cb32e0329f1bd,TX,48377,2,2022-11-09T01:00:00.000Z,FIPSCode,48377,0,2022-11-09T10:59:16.443Z,8,98.98,8,100,62962,1025,61.97,62492,550,33.25,63492,79,4.78,1671,99,1654,4047,8,8
1667991728,2022-11-09 05:02:08 -0600,fa9f4eca65d0196b19eed1af63c7bf9ab65633e2,TX,48377,2,2022-11-09T01:00:00.000Z,FIPSCode,48377,0,2022-11-09T11:01:54.012Z,8,98.98,8,100,62962,1025,61.97,62492,550,33.25,63492,79,4.78,1671,99,1654,4047,8,8
1667991767,2022-11-09 05:02:47 -0600,7f3a54a579d44f39363f4d9fef95e19dbc4ed9ac,TX,48377,2,2022-11-09T01:00:00.000Z,FIPSCode,48377,0,2022-11-09T11:01:54.012Z,8,98.98,8,100,62962,1025,61.97,62492,550,33.25,63492,79,4.78,1671,99,1654,4047,8,8
1667991846,2022-11-09 05:04:06 -0600,aea2a3aeba1c2e2c54839f6f93ec469532385448,TX,48377,2,2022-11-09T01:00:00.000Z,FIPSCode,48377,0,2022-11-09T11:01:54.012Z,8,98.98,8,100,62962,1025,61.97,62492,550,33.25,63492,79,4.78,1671,99,1654,4047,8,8
1667991888,2022-11-09 05:04:48 -0600,36d78ca8943d58722d37b0a3c1d57d5f86cee322,TX,48377,2,2022-11-09T01:00:00.000Z,FIPSCode,48377,0,2022-11-09T11:01:54.012Z,8,98.98,8,100,62962,1025,61.97,62492,550,33.25,63492,79,4.78,1671,99,1654,4047,8,8
1667991925,2022-11-09 05:05:25 -0600,7f8e90c532848c2501088cbbf22071fe97acd95d,TX,48377,2,2022-11-09T01:00:00.000Z,FIPSCode,48377,0,2022-11-09T11:01:54.012Z,8,98.98,8,100,62962,1025,61.97,62492,550,33.25,63492,79,4.78,1671,99,1654,4047,8,8
1667991964,2022-11-09 05:06:04 -0600,b45ffe060c310f201e9a37674a08c7334d499d0b,TX,48377,2,2022-11-09T01:00:00.000Z,FIPSCode,48377,0,2022-11-09T11:01:54.012Z,8,98.98,8,100,62962,1025,61.97,62492,550,33.25,63492,79,4.78,1671,99,1654,4047,8,8
1667992005,2022-11-09 05:06:45 -0600,52dde9cf81520259519695af689e2c79daf291d5,TX,48377,2,2022-11-09T01:00:00.000Z,FIPSCode,48377,0,2022-11-09T11:01:54.012Z,8,98.98,8,100,62962,1025,61.97,62492,550,33.25,63492,79,4.78,1671,99,1654,4047,8,8
1667992044,2022-11-09 05:07:24 -0600,65ef2bf965a5f04f1756ecba0aa47f8744a8a07d,TX,48377,2,2022-11-09T01:00:00.000Z,FIPSCode,48377,0,2022-11-09T11:01:54.012Z,8,98.98,8,100,62962,1025,61.97,62492,550,33.25,63492,79,4.78,1671,99,1654,4047,8,8
1667992085,2022-11-09 05:08:05 -0600,c30f07bb6fa381a7fafe723e317ea5eecfa86d3d,TX,48377,2,2022-11-09T01:00:00.000Z,FIPSCode,48377,0,2022-11-09T11:01:54.012Z,8,98.98,8,100,62962,1025,61.97,62492,550,33.25,63492,79,4.78,1671,99,1654,4047,8,8
1667992123,2022-11-09 05:08:43 -0600,90d49e39ee46cac156562cf72ad6f7d13c7fa98a,TX,48377,2,2022-11-09T01:00:00.000Z,FIPSCode,48377,0,2022-11-09T11:01:54.012Z,8,98.98,8,100,62962,1025,61.97,62492,550,33.25,63492,79,4.78,1671,99,1654,4047,8,8
1667992162,2022-11-09 05:09:22 -0600,4fe952953419649ffd9e3941db3ac2f8af7ae0cc,TX,48377,2,2022-11-09T01:00:00.000Z,FIPSCode,48377,0,2022-11-09T11:01:54.012Z,8,98.98,8,100,62962,1025,61.97,62492,550,33.25,63492,79,4.78,1671,99,1654,4047,8,8
1667992201,2022-11-09 05:10:01 -0600,2f385f1c33a0114d87e30550e648e52391229e14,TX,48377,2,2022-11-09T01:00:00.000Z,FIPSCode,48377,0,2022-11-09T11:09:39.219Z,8,98.98,8,100,62962,1025,61.97,62492,550,33.25,63492,79,4.78,1671,99,1654,4047,8,8
1667992241,2022-11-09 05:10:41 -0600,f2b2228b12c7f4afb641267327a3ecd6f2863f8b,TX,48377,2,2022-11-09T01:00:00.000Z,FIPSCode,48377,0,2022-11-09T11:09:39.219Z,8,98.98,8,100,62962,1025,61.97,62492,550,33.25,63492,79,4.78,1671,99,1654,4047,8,8
1667992280,2022-11-09 05:11:20 -0600,fd162d9fa73404739d535e28c96ea77bef53b60f,TX,48377,2,2022-11-09T01:00:00.000Z,FIPSCode,48377,0,2022-11-09T11:10:38.129Z,8,98.98,8,100,62962,1025,61.97,62492,550,33.25,63492,79,4.78,1671,99,1654,4047,8,8
1667992319,2022-11-09 05:11:59 -0600,af0f6dd690788a456d96493e65fab070a09ac143,TX,48377,2,2022-11-09T01:00:00.000Z,FIPSCode,48377,0,2022-11-09T11:11:37.555Z,8,98.98,8,100,62962,1025,61.97,62492,550,33.25,63492,79,4.78,1671,99,1654,4047,8,8
1667992361,2022-11-09 05:12:41 -0600,287958aec5968fc9006c98be62adbfc3dbd7e9df,TX,48377,2,2022-11-09T01:00:00.000Z,FIPSCode,48377,0,2022-11-09T11:11:37.555Z,8,98.98,8,100,62962,1025,61.97,62492,550,33.25,63492,79,4.78,1671,99,1654,4047,8,8
1667992439,2022-11-09 05:13:59 -0600,4742f06348e8affdbdfcb834233fa1f2fefc76a5,TX,48377,2,2022-11-09T01:00:00.000Z,FIPSCode,48377,0,2022-11-09T11:11:37.555Z,8,98.98,8,100,62962,1025,61.97,62492,550,33.25,63492,79,4.78,1671,99,1654,4047,8,8
1667992479,2022-11-09 05:14:39 -0600,e37562ac9afa2a1be1c9f6da7c1b141e4a40caa1,TX,48377,2,2022-11-09T01:00:00.000Z,FIPSCode,48377,0,2022-11-09T11:11:37.555Z,8,98.98,8,100,62962,1025,61.97,62492,550,33.25,63492,79,4.78,1671,99,1654,4047,8,8
1667992519,2022-11-09 05:15:19 -0600,41f3c30734b3034c7cc3860d482a4fd89211b190,TX,48377,2,2022-11-09T01:00:00.000Z,FIPSCode,48377,0,2022-11-09T11:11:37.555Z,8,98.98,8,100,62962,1025,61.97,62492,550,33.25,63492,79,4.78,1671,99,1654,4047,8,8
1667992559,2022-11-09 05:15:59 -0600,03f8a04571bd3435b0e196c455401b7a3c854d30,TX,48377,2,2022-11-09T01:00:00.000Z,FIPSCode,48377,0,2022-11-09T11:11:37.555Z,8,98.98,8,100,62962,1025,61.97,62492,550,33.25,63492,79,4.78,1671,99,1654,4047,8,8
1667992599,2022-11-09 05:16:39 -0600,14d7e5fd7f23c4f50e4f687366804cf424bba231,TX,48377,2,2022-11-09T01:00:00.000Z,FIPSCode,48377,0,2022-11-09T11:11:37.555Z,8,98.98,8,100,62962,1025,61.97,62492,550,33.25,63492,79,4.78,1671,99,1654,4047,8,8
1667992639,2022-11-09 05:17:19 -0600,36bf9019bae07128a63ade9459ce06e175fff263,TX,48377,2,2022-11-09T01:00:00.000Z,FIPSCode,48377,0,2022-11-09T11:11:37.555Z,8,98.98,8,100,62962,1025,61.97,62492,550,33.25,63492,79,4.78,1671,99,1654,4047,8,8
1667992678,2022-11-09 05:17:58 -0600,03c7d0dd2721b79b8166e0d8c139c76d6d5d8860,TX,48377,2,2022-11-09T01:00:00.000Z,FIPSCode,48377,0,2022-11-09T11:11:37.555Z,8,98.98,8,100,62962,1025,61.97,62492,550,33.25,63492,79,4.78,1671,99,1654,4047,8,8
1667992717,2022-11-09 05:18:37 -0600,3767d4897586b8706ca9fa28076ad047ae2b0382,TX,48377,2,2022-11-09T01:00:00.000Z,FIPSCode,48377,0,2022-11-09T11:11:37.555Z,8,98.98,8,100,62962,1025,61.97,62492,550,33.25,63492,79,4.78,1671,99,1654,4047,8,8
1667992795,2022-11-09 05:19:55 -0600,de1cd7a1388f334afc6470fa1a94ebd0fcad8522,TX,48377,2,2022-11-09T01:00:00.000Z,FIPSCode,48377,0,2022-11-09T11:11:37.555Z,8,98.98,8,100,62962,1025,61.97,62492,550,33.25,63492,79,4.78,1671,99,1654,4047,8,8
1667992834,2022-11-09 05:20:34 -0600,e89c97ade70834dc7b1a8150f1a64f838f7ef8bd,TX,48377,2,2022-11-09T01:00:00.000Z,FIPSCode,48377,0,2022-11-09T11:11:37.555Z,8,98.98,8,100,62962,1025,61.97,62492,550,33.25,63492,79,4.78,1671,99,1654,4047,8,8
1667992873,2022-11-09 05:21:13 -0600,8cefffb1fdefc61fa38e4014cb227f18aec3093e,TX,48377,2,2022-11-09T01:00:00.000Z,FIPSCode,48377,0,2022-11-09T11:11:37.555Z,8,98.98,8,100,62962,1025,61.97,62492,550,33.25,63492,79,4.78,1671,99,1654,4047,8,8
1667992914,2022-11-09 05:21:54 -0600,07f3a8256ad829518a4ba11b94a7bca9c66d02ed,TX,48377,2,2022-11-09T01:00:00.000Z,FIPSCode,48377,0,2022-11-09T11:11:37.555Z,8,98.98,8,100,62962,1025,61.97,62492,550,33.25,63492,79,4.78,1671,99,1654,4047,8,8
1667992954,2022-11-09 05:22:34 -0600,197ce4dc974fd4b41dfbcbeaf18c60742cb50a48,TX,48377,2,2022-11-09T01:00:00.000Z,FIPSCode,48377,0,2022-11-09T11:11:37.555Z,8,98.98,8,100,62962,1025,61.97,62492,550,33.25,63492,79,4.78,1671,99,1654,4047,8,8
1667992995,2022-11-09 05:23:15 -0600,add959e3d02e6b23283ae4773170886f9a80e682,TX,48377,2,2022-11-09T01:00:00.000Z,FIPSCode,48377,0,2022-11-09T11:11:37.555Z,8,98.98,8,100,62962,1025,61.97,62492,550,33.25,63492,79,4.78,1671,99,1654,4047,8,8
1667993034,2022-11-09 05:23:54 -0600,afa088c8c783a9eb7b0e5a80baf7f46fb22b9bfc,TX,48377,2,2022-11-09T01:00:00.000Z,FIPSCode,48377,0,2022-11-09T11:11:37.555Z,8,98.98,8,100,62962,1025,61.97,62492,550,33.25,63492,79,4.78,1671,99,1654,4047,8,8
1667993074,2022-11-09 05:24:34 -0600,5b70ba98b31836e42a8b6f8fd7c12910559a25bf,TX,48377,2,2022-11-09T01:00:00.000Z,FIPSCode,48377,0,2022-11-09T11:11:37.555Z,8,98.98,8,100,62962,1025,61.97,62492,550,33.25,63492,79,4.78,1671,99,1654,4047,8,8
1667993155,2022-11-09 05:25:55 -0600,73de490df1874a99671a4e65f70eb3c12c8d355d,TX,48377,2,2022-11-09T01:00:00.000Z,FIPSCode,48377,0,2022-11-09T11:11:37.555Z,8,98.98,8,100,62962,1025,61.97,62492,550,33.25,63492,79,4.78,1671,99,1654,4047,8,8
1667993234,2022-11-09 05:27:14 -0600,e5fb7291fb828d866457217da4e365b2cb9bee5f,TX,48377,2,2022-11-09T01:00:00.000Z,FIPSCode,48377,0,2022-11-09T11:11:37.555Z,8,98.98,8,100,62962,1025,61.97,62492,550,33.25,63492,79,4.78,1671,99,1654,4047,8,8
1667993275,2022-11-09 05:27:55 -0600,fe6257a8a791198a3dc00192efd6a6379ba743a8,TX,48377,2,2022-11-09T01:00:00.000Z,FIPSCode,48377,0,2022-11-09T11:11:37.555Z,8,98.98,8,100,62962,1025,61.97,62492,550,33.25,63492,79,4.78,1671,99,1654,4047,8,8
1667993314,2022-11-09 05:28:34 -0600,6f713d9a576c62e7401c868a592eaa3af897fb5d,TX,48377,2,2022-11-09T01:00:00.000Z,FIPSCode,48377,0,2022-11-09T11:11:37.555Z,8,98.98,8,100,62962,1025,61.97,62492,550,33.25,63492,79,4.78,1671,99,1654,4047,8,8
1667993396,2022-11-09 05:29:56 -0600,c54dfa1635386d3d8b6a2ba1d0f674814be365d2,TX,48377,2,2022-11-09T01:00:00.000Z,FIPSCode,48377,0,2022-11-09T11:11:37.555Z,8,98.98,8,100,62962,1025,61.97,62492,550,33.25,63492,79,4.78,1671,99,1654,4047,8,8
1667993434,2022-11-09 05:30:34 -0600,5866e872a07f9601bf78d7f108b9db8c014b7521,TX,48377,2,2022-11-09T01:00:00.000Z,FIPSCode,48377,0,2022-11-09T11:29:51.368Z,8,98.98,8,100,62962,1025,61.97,62492,550,33.25,63492,79,4.78,1671,99,1654,4047,8,8
1667993561,2022-11-09 05:32:41 -0600,8b8cd077dc0f33daeaa77d1f141ebc244de360ef,TX,48377,2,2022-11-09T01:00:00.000Z,FIPSCode,48377,0,2022-11-09T11:29:51.368Z,8,98.98,8,100,62962,1025,61.97,62492,550,33.25,63492,79,4.78,1671,99,1654,4047,8,8
1667993637,2022-11-09 05:33:57 -0600,c466fc7296c61cf151348ec0cdbb5d5ac3aad22f,TX,48377,2,2022-11-09T01:00:00.000Z,FIPSCode,48377,0,2022-11-09T11:29:51.368Z,8,98.98,8,100,62962,1025,61.97,62492,550,33.25,63492,79,4.78,1671,99,1654,4047,8,8
1667993675,2022-11-09 05:34:35 -0600,7359e9d5a1497c25a786529c8354ce66a6cb52fe,TX,48377,2,2022-11-09T01:00:00.000Z,FIPSCode,48377,0,2022-11-09T11:29:51.368Z,8,98.98,8,100,62962,1025,61.97,62492,550,33.25,63492,79,4.78,1671,99,1654,4047,8,8
1667993716,2022-11-09 05:35:16 -0600,9d5933cc24f56c8708397215189583e172db2447,TX,48377,2,2022-11-09T01:00:00.000Z,FIPSCode,48377,0,2022-11-09T11:29:51.368Z,8,98.98,8,100,62962,1025,61.97,62492,550,33.25,63492,79,4.78,1671,99,1654,4047,8,8
1667993756,2022-11-09 05:35:56 -0600,853e72cf421e19292676b716fa639da1fa3db115,TX,48377,2,2022-11-09T01:00:00.000Z,FIPSCode,48377,0,2022-11-09T11:29:51.368Z,8,98.98,8,100,62962,1025,61.97,62492,550,33.25,63492,79,4.78,1671,99,1654,4047,8,8
1667993993,2022-11-09 05:39:53 -0600,b364d07e942974f9ae570f697e47fbc19df17ac4,TX,48377,2,2022-11-09T01:00:00.000Z,FIPSCode,48377,0,2022-11-09T11:29:51.368Z,8,98.98,8,100,62962,1025,61.97,62492,550,33.25,63492,79,4.78,1671,99,1654,4047,8,8
1667994034,2022-11-09 05:40:34 -0600,fc5cd167d2620d4c06b3da55788a5f6d7ac38da2,TX,48377,2,2022-11-09T01:00:00.000Z,FIPSCode,48377,0,2022-11-09T11:29:51.368Z,8,98.98,8,100,62962,1025,61.97,62492,550,33.25,63492,79,4.78,1671,99,1654,4047,8,8
1667994074,2022-11-09 05:41:14 -0600,a4c43da0969a01ba96414112083180ea9f927cc7,TX,48377,2,2022-11-09T01:00:00.000Z,FIPSCode,48377,0,2022-11-09T11:29:51.368Z,8,98.98,8,100,62962,1025,61.97,62492,550,33.25,63492,79,4.78,1671,99,1654,4047,8,8
1667994113,2022-11-09 05:41:53 -0600,5e74d0c7f4da0733319fba32062ed746d834eb66,TX,48377,2,2022-11-09T01:00:00.000Z,FIPSCode,48377,0,2022-11-09T11:29:51.368Z,8,98.98,8,100,62962,1025,61.97,62492,550,33.25,63492,79,4.78,1671,99,1654,4047,8,8
1667994152,2022-11-09 05:42:32 -0600,17f51750c84beffd1ed35823bf6ad2abf55fdd2a,TX,48377,2,2022-11-09T01:00:00.000Z,FIPSCode,48377,0,2022-11-09T11:29:51.368Z,8,98.98,8,100,62962,1025,61.97,62492,550,33.25,63492,79,4.78,1671,99,1654,4047,8,8
1667994192,2022-11-09 05:43:12 -0600,e04a1a1f875c375d60e702643b84ca2825abab4c,TX,48377,2,2022-11-09T01:00:00.000Z,FIPSCode,48377,0,2022-11-09T11:29:51.368Z,8,98.98,8,100,62962,1025,61.97,62492,550,33.25,63492,79,4.78,1671,99,1654,4047,8,8
1667994231,2022-11-09 05:43:51 -0600,6b08117c704eafa6498ae603ae14f2d6db049b9e,TX,48377,2,2022-11-09T01:00:00.000Z,FIPSCode,48377,0,2022-11-09T11:29:51.368Z,8,98.98,8,100,62962,1025,61.97,62492,550,33.25,63492,79,4.78,1671,99,1654,4047,8,8
1667994429,2022-11-09 05:47:09 -0600,2331ce4c03742a3d8969a782ac80ebfb5332bd38,TX,48377,2,2022-11-09T01:00:00.000Z,FIPSCode,48377,0,2022-11-09T11:29:51.368Z,8,98.98,8,100,62962,1025,61.97,62492,550,33.25,63492,79,4.78,1671,99,1654,4047,8,8
1667994470,2022-11-09 05:47:50 -0600,570ab91e0b4f915de52baec619bfee4d14dcca3f,TX,48377,2,2022-11-09T01:00:00.000Z,FIPSCode,48377,0,2022-11-09T11:29:51.368Z,8,98.98,8,100,62962,1025,61.97,62492,550,33.25,63492,79,4.78,1671,99,1654,4047,8,8
1667994551,2022-11-09 05:49:11 -0600,e6ad231bbcf9467c54ed7b0b386682a89c91c7ed,TX,48377,2,2022-11-09T01:00:00.000Z,FIPSCode,48377,0,2022-11-09T11:29:51.368Z,8,98.98,8,100,62962,1025,61.97,62492,550,33.25,63492,79,4.78,1671,99,1654,4047,8,8
1667994592,2022-11-09 05:49:52 -0600,e66dd7317543120cf58fff247cdd54f156f92a68,TX,48377,2,2022-11-09T01:00:00.000Z,FIPSCode,48377,0,2022-11-09T11:29:51.368Z,8,98.98,8,100,62962,1025,61.97,62492,550,33.25,63492,79,4.78,1671,99,1654,4047,8,8
1667994669,2022-11-09 05:51:09 -0600,180a7c35bdceb22f97b49157217a393232e5fa99,TX,48377,2,2022-11-09T01:00:00.000Z,FIPSCode,48377,0,2022-11-09T11:29:51.368Z,8,98.98,8,100,62962,1025,61.97,62492,550,33.25,63492,79,4.78,1671,99,1654,4047,8,8
1667994708,2022-11-09 05:51:48 -0600,66060b3d2e5bdae91f679888203c8d3f20327697,TX,48377,2,2022-11-09T01:00:00.000Z,FIPSCode,48377,0,2022-11-09T11:29:51.368Z,8,98.98,8,100,62962,1025,61.97,62492,550,33.25,63492,79,4.78,1671,99,1654,4047,8,8
1667994749,2022-11-09 05:52:29 -0600,148724610ce66af596333590b2c0815505e94ceb,TX,48377,2,2022-11-09T01:00:00.000Z,FIPSCode,48377,0,2022-11-09T11:29:51.368Z,8,98.98,8,100,62962,1025,61.97,62492,550,33.25,63492,79,4.78,1671,99,1654,4047,8,8
1667994788,2022-11-09 05:53:08 -0600,2ed6ccd3159171c76e4eb41bed748d399372f8c9,TX,48377,2,2022-11-09T01:00:00.000Z,FIPSCode,48377,0,2022-11-09T11:29:51.368Z,8,98.98,8,100,62962,1025,61.97,62492,550,33.25,63492,79,4.78,1671,99,1654,4047,8,8
1667994827,2022-11-09 05:53:47 -0600,57d0350cfd5dc4c4078a7c77cc7496df1dc2a82a,TX,48377,2,2022-11-09T01:00:00.000Z,FIPSCode,48377,0,2022-11-09T11:29:51.368Z,8,98.98,8,100,62962,1025,61.97,62492,550,33.25,63492,79,4.78,1671,99,1654,4047,8,8
1667994867,2022-11-09 05:54:27 -0600,5e4ef8f938db46f968d602c9da608630954b1cd8,TX,48377,2,2022-11-09T01:00:00.000Z,FIPSCode,48377,0,2022-11-09T11:29:51.368Z,8,98.98,8,100,62962,1025,61.97,62492,550,33.25,63492,79,4.78,1671,99,1654,4047,8,8
1667994906,2022-11-09 05:55:06 -0600,09d245d6d78f6d01b127983fa098ed9a182d90ff,TX,48377,2,2022-11-09T01:00:00.000Z,FIPSCode,48377,0,2022-11-09T11:29:51.368Z,8,98.98,8,100,62962,1025,61.97,62492,550,33.25,63492,79,4.78,1671,99,1654,4047,8,8
1667994947,2022-11-09 05:55:47 -0600,47de35b3d5597d33669f6ae94b43dcd0f7dfb82b,TX,48377,2,2022-11-09T01:00:00.000Z,FIPSCode,48377,0,2022-11-09T11:29:51.368Z,8,98.98,8,100,62962,1025,61.97,62492,550,33.25,63492,79,4.78,1671,99,1654,4047,8,8
1667995068,2022-11-09 05:57:48 -0600,86e7c02664819435e1a7b3730440c014f49e30f4,TX,48377,2,2022-11-09T01:00:00.000Z,FIPSCode,48377,0,2022-11-09T11:29:51.368Z,8,98.98,8,100,62962,1025,61.97,62492,550,33.25,63492,79,4.78,1671,99,1654,4047,8,8
1667995149,2022-11-09 05:59:09 -0600,49ca173451ab45cbf1950d34002bb074273e206d,TX,48377,2,2022-11-09T01:00:00.000Z,FIPSCode,48377,0,2022-11-09T11:29:51.368Z,8,98.98,8,100,62962,1025,61.97,62492,550,33.25,63492,79,4.78,1671,99,1654,4047,8,8
1667995189,2022-11-09 05:59:49 -0600,5b5d2da7083e91ed76b58b01c898372966aa5369,TX,48377,2,2022-11-09T01:00:00.000Z,FIPSCode,48377,0,2022-11-09T11:29:51.368Z,8,98.98,8,100,62962,1025,61.97,62492,550,33.25,63492,79,4.78,1671,99,1654,4047,8,8
1667995269,2022-11-09 06:01:09 -0600,b44ac677bcc11e2ff55c7df6cb863375ff98109b,TX,48377,2,2022-11-09T01:00:00.000Z,FIPSCode,48377,0,2022-11-09T11:29:51.368Z,8,98.98,8,100,62962,1025,61.97,62492,550,33.25,63492,79,4.78,1671,99,1654,4047,8,8
1667995308,2022-11-09 06:01:48 -0600,f957326b2e72b4ce697c71a684d7ecbf8e94ff95,TX,48377,2,2022-11-09T01:00:00.000Z,FIPSCode,48377,0,2022-11-09T11:29:51.368Z,8,98.98,8,100,62962,1025,61.97,62492,550,33.25,63492,79,4.78,1671,99,1654,4047,8,8
1667995348,2022-11-09 06:02:28 -0600,cc5f99ae0d5adc27ee657011f21f8c96241536e8,TX,48377,2,2022-11-09T01:00:00.000Z,FIPSCode,48377,0,2022-11-09T11:29:51.368Z,8,98.98,8,100,62962,1025,61.97,62492,550,33.25,63492,79,4.78,1671,99,1654,4047,8,8
1667995387,2022-11-09 06:03:07 -0600,b0db8eee3ec3f41524a9adb8a2a20acb709b10c2,TX,48377,2,2022-11-09T01:00:00.000Z,FIPSCode,48377,0,2022-11-09T11:29:51.368Z,8,98.98,8,100,62962,1025,61.97,62492,550,33.25,63492,79,4.78,1671,99,1654,4047,8,8
1667995426,2022-11-09 06:03:46 -0600,c3d9e1e62b42912007270359af2fb7d76f256a95,TX,48377,2,2022-11-09T01:00:00.000Z,FIPSCode,48377,0,2022-11-09T11:29:51.368Z,8,98.98,8,100,62962,1025,61.97,62492,550,33.25,63492,79,4.78,1671,99,1654,4047,8,8
1667995465,2022-11-09 06:04:25 -0600,ca21b6ccb83d3182c93d66b0c663d6d840fe981c,TX,48377,2,2022-11-09T01:00:00.000Z,FIPSCode,48377,0,2022-11-09T11:29:51.368Z,8,98.98,8,100,62962,1025,61.97,62492,550,33.25,63492,79,4.78,1671,99,1654,4047,8,8
1667995505,2022-11-09 06:05:05 -0600,de3dc32925c28f02d44d80a7b86061db3334d1ee,TX,48377,2,2022-11-09T01:00:00.000Z,FIPSCode,48377,0,2022-11-09T11:29:51.368Z,8,98.98,8,100,62962,1025,61.97,62492,550,33.25,63492,79,4.78,1671,99,1654,4047,8,8
1667995589,2022-11-09 06:06:29 -0600,2025f148fa354e45cf5b1ac8a4d30095a5f0adb2,TX,48377,2,2022-11-09T01:00:00.000Z,FIPSCode,48377,0,2022-11-09T11:29:51.368Z,8,98.98,8,100,62962,1025,61.97,62492,550,33.25,63492,79,4.78,1671,99,1654,4047,8,8
1667995630,2022-11-09 06:07:10 -0600,c38d9d0c7fe9f059a75113f79e920eda770d6422,TX,48377,2,2022-11-09T01:00:00.000Z,FIPSCode,48377,0,2022-11-09T11:29:51.368Z,8,98.98,8,100,62962,1025,61.97,62492,550,33.25,63492,79,4.78,1671,99,1654,4047,8,8
1667995670,2022-11-09 06:07:50 -0600,f3e1042f01812662009d6418ce8b4f288428fb82,TX,48377,2,2022-11-09T01:00:00.000Z,FIPSCode,48377,0,2022-11-09T11:29:51.368Z,8,98.98,8,100,62962,1025,61.97,62492,550,33.25,63492,79,4.78,1671,99,1654,4047,8,8
1667995710,2022-11-09 06:08:30 -0600,962f3f394af10c453d233b04b469ae64bfc0d291,TX,48377,2,2022-11-09T01:00:00.000Z,FIPSCode,48377,0,2022-11-09T11:29:51.368Z,8,98.98,8,100,62962,1025,61.97,62492,550,33.25,63492,79,4.78,1671,99,1654,4047,8,8
1667995789,2022-11-09 06:09:49 -0600,6012c48e10e67e108b87dcb196d70450963d8ae9,TX,48377,2,2022-11-09T01:00:00.000Z,FIPSCode,48377,0,2022-11-09T11:29:51.368Z,8,98.98,8,100,62962,1025,61.97,62492,550,33.25,63492,79,4.78,1671,99,1654,4047,8,8
1667995828,2022-11-09 06:10:28 -0600,307215f184b7f378fb36224093a2b665152da4fb,TX,48377,2,2022-11-09T01:00:00.000Z,FIPSCode,48377,0,2022-11-09T11:29:51.368Z,8,98.98,8,100,62962,1025,61.97,62492,550,33.25,63492,79,4.78,1671,99,1654,4047,8,8
1667995869,2022-11-09 06:11:09 -0600,3b215528ad2b0581ceb8769b4d1b1c42bf065319,TX,48377,2,2022-11-09T01:00:00.000Z,FIPSCode,48377,0,2022-11-09T11:29:51.368Z,8,98.98,8,100,62962,1025,61.97,62492,550,33.25,63492,79,4.78,1671,99,1654,4047,8,8
1667995909,2022-11-09 06:11:49 -0600,86fb714ad3def448162bea0ce7860ad4ab5804ce,TX,48377,2,2022-11-09T01:00:00.000Z,FIPSCode,48377,0,2022-11-09T11:29:51.368Z,8,98.98,8,100,62962,1025,61.97,62492,550,33.25,63492,79,4.78,1671,99,1654,4047,8,8
1667995991,2022-11-09 06:13:11 -0600,5e8f17747cd014c66d6629fde12e2ebb35517625,TX,48377,2,2022-11-09T01:00:00.000Z,FIPSCode,48377,0,2022-11-09T11:29:51.368Z,8,98.98,8,100,62962,1025,61.97,62492,550,33.25,63492,79,4.78,1671,99,1654,4047,8,8
1667996030,2022-11-09 06:13:50 -0600,4c3e550975c316be14dbc1bf8dfd513204d39d72,TX,48377,2,2022-11-09T01:00:00.000Z,FIPSCode,48377,0,2022-11-09T11:29:51.368Z,8,98.98,8,100,62962,1025,61.97,62492,550,33.25,63492,79,4.78,1671,99,1654,4047,8,8
1667996070,2022-11-09 06:14:30 -0600,9a70a1aae2765cd9a1b05877084cc0d5efa0a61a,TX,48377,2,2022-11-09T01:00:00.000Z,FIPSCode,48377,0,2022-11-09T11:29:51.368Z,8,98.98,8,100,62962,1025,61.97,62492,550,33.25,63492,79,4.78,1671,99,1654,4047,8,8
1667996111,2022-11-09 06:15:11 -0600,fa58391b4460cd8a38ae5026370ae99cf8be7d71,TX,48377,2,2022-11-09T01:00:00.000Z,FIPSCode,48377,0,2022-11-09T11:29:51.368Z,8,98.98,8,100,62962,1025,61.97,62492,550,33.25,63492,79,4.78,1671,99,1654,4047,8,8
1667996151,2022-11-09 06:15:51 -0600,f43ecce5f34940930ea8e86fa59e48783fc0e805,TX,48377,2,2022-11-09T01:00:00.000Z,FIPSCode,48377,0,2022-11-09T11:29:51.368Z,8,98.98,8,100,62962,1025,61.97,62492,550,33.25,63492,79,4.78,1671,99,1654,4047,8,8
1667996193,2022-11-09 06:16:33 -0600,28e3ec10844b594254f975ce478ea7cf0a36394b,TX,48377,2,2022-11-09T01:00:00.000Z,FIPSCode,48377,0,2022-11-09T11:29:51.368Z,8,98.98,8,100,62962,1025,61.97,62492,550,33.25,63492,79,4.78,1671,99,1654,4047,8,8
1667996231,2022-11-09 06:17:11 -0600,85312c3826ed165592e32c619b5be8817bd5c146,TX,48377,2,2022-11-09T01:00:00.000Z,FIPSCode,48377,0,2022-11-09T11:29:51.368Z,8,98.98,8,100,62962,1025,61.97,62492,550,33.25,63492,79,4.78,1671,99,1654,4047,8,8
1667996273,2022-11-09 06:17:53 -0600,2ed015c6d3787e04d0973d50070f7f96b5dd006c,TX,48377,2,2022-11-09T01:00:00.000Z,FIPSCode,48377,0,2022-11-09T11:29:51.368Z,8,98.98,8,100,62962,1025,61.97,62492,550,33.25,63492,79,4.78,1671,99,1654,4047,8,8
1667996313,2022-11-09 06:18:33 -0600,e9a13f150dcaa96e6c7dd3d8a266928e84e92409,TX,48377,2,2022-11-09T01:00:00.000Z,FIPSCode,48377,0,2022-11-09T11:29:51.368Z,8,98.98,8,100,62962,1025,61.97,62492,550,33.25,63492,79,4.78,1671,99,1654,4047,8,8
1667996395,2022-11-09 06:19:55 -0600,d9e7beb5cf34798665cd100debfb30ec4eb697fa,TX,48377,2,2022-11-09T01:00:00.000Z,FIPSCode,48377,0,2022-11-09T11:29:51.368Z,8,98.98,8,100,62962,1025,61.97,62492,550,33.25,63492,79,4.78,1671,99,1654,4047,8,8
1667996434,2022-11-09 06:20:34 -0600,874f2303adf5afcbff65558a6cc4a19905a534d3,TX,48377,2,2022-11-09T01:00:00.000Z,FIPSCode,48377,0,2022-11-09T11:29:51.368Z,8,98.98,8,100,62962,1025,61.97,62492,550,33.25,63492,79,4.78,1671,99,1654,4047,8,8
1667996475,2022-11-09 06:21:15 -0600,3678215d63aaa3fdb30dbded7cb668153e64af41,TX,48377,2,2022-11-09T01:00:00.000Z,FIPSCode,48377,0,2022-11-09T11:29:51.368Z,8,98.98,8,100,62962,1025,61.97,62492,550,33.25,63492,79,4.78,1671,99,1654,4047,8,8
1667996516,2022-11-09 06:21:56 -0600,54882b720f52ff19a1eb6601f2536c6cf4967df5,TX,48377,2,2022-11-09T01:00:00.000Z,FIPSCode,48377,0,2022-11-09T11:29:51.368Z,8,98.98,8,100,62962,1025,61.97,62492,550,33.25,63492,79,4.78,1671,99,1654,4047,8,8
1667996558,2022-11-09 06:22:38 -0600,6ed410a7a425f22f9d63a92f2659d3edeff4d1d6,TX,48377,2,2022-11-09T01:00:00.000Z,FIPSCode,48377,0,2022-11-09T11:29:51.368Z,8,98.98,8,100,62962,1025,61.97,62492,550,33.25,63492,79,4.78,1671,99,1654,4047,8,8
1667996638,2022-11-09 06:23:58 -0600,86eab173e10119c32e3765793aa23aaf23c22c60,TX,48377,2,2022-11-09T01:00:00.000Z,FIPSCode,48377,0,2022-11-09T11:29:51.368Z,8,98.98,8,100,62962,1025,61.97,62492,550,33.25,63492,79,4.78,1671,99,1654,4047,8,8
1667996717,2022-11-09 06:25:17 -0600,f6875b979274587f92c879c527ce1d84e3ab5188,TX,48377,2,2022-11-09T01:00:00.000Z,FIPSCode,48377,0,2022-11-09T11:29:51.368Z,8,98.98,8,100,62962,1025,61.97,62492,550,33.25,63492,79,4.78,1671,99,1654,4047,8,8
1667996797,2022-11-09 06:26:37 -0600,8c48d5624981284a096830518fe601502dd817ac,TX,48377,2,2022-11-09T01:00:00.000Z,FIPSCode,48377,0,2022-11-09T11:29:51.368Z,8,98.98,8,100,62962,1025,61.97,62492,550,33.25,63492,79,4.78,1671,99,1654,4047,8,8
1667996837,2022-11-09 06:27:17 -0600,dba8831f71df0fb9ca84579d6bff02f47b2f5d3f,TX,48377,2,2022-11-09T01:00:00.000Z,FIPSCode,48377,0,2022-11-09T11:29:51.368Z,8,98.98,8,100,62962,1025,61.97,62492,550,33.25,63492,79,4.78,1671,99,1654,4047,8,8
1667996877,2022-11-09 06:27:57 -0600,3ab85577acef291668b0a0e772f749b84da89f24,TX,48377,2,2022-11-09T01:00:00.000Z,FIPSCode,48377,0,2022-11-09T11:29:51.368Z,8,98.98,8,100,62962,1025,61.97,62492,550,33.25,63492,79,4.78,1671,99,1654,4047,8,8
1667996915,2022-11-09 06:28:35 -0600,6dc761aa7a3a47c558d607e38b2ad46f8af67a68,TX,48377,2,2022-11-09T01:00:00.000Z,FIPSCode,48377,0,2022-11-09T11:29:51.368Z,8,98.98,8,100,62962,1025,61.97,62492,550,33.25,63492,79,4.78,1671,99,1654,4047,8,8
1667996956,2022-11-09 06:29:16 -0600,156650a19d4a324031c13efee2409a11d3b5e020,TX,48377,2,2022-11-09T01:00:00.000Z,FIPSCode,48377,0,2022-11-09T11:29:51.368Z,8,98.98,8,100,62962,1025,61.97,62492,550,33.25,63492,79,4.78,1671,99,1654,4047,8,8
1667996995,2022-11-09 06:29:55 -0600,de4e815697c5d62bc19ad0161a399507e41c0e0b,TX,48377,2,2022-11-09T01:00:00.000Z,FIPSCode,48377,0,2022-11-09T11:29:51.368Z,8,98.98,8,100,62962,1025,61.97,62492,550,33.25,63492,79,4.78,1671,99,1654,4047,8,8
1667997036,2022-11-09 06:30:36 -0600,cdacc4bec11b237d4aaf6d61e2d0e8e57d5bd0e4,TX,48377,2,2022-11-09T01:00:00.000Z,FIPSCode,48377,0,2022-11-09T11:29:51.368Z,8,98.98,8,100,62962,1025,61.97,62492,550,33.25,63492,79,4.78,1671,99,1654,4047,8,8
1667997074,2022-11-09 06:31:14 -0600,d7450659f6282292927dcf89f6969214e4e4936e,TX,48377,2,2022-11-09T01:00:00.000Z,FIPSCode,48377,0,2022-11-09T12:30:46.053Z,8,98.98,8,100,62962,1025,61.97,62492,550,33.25,63492,79,4.78,1671,99,1654,4047,8,8
1667997116,2022-11-09 06:31:56 -0600,4220d07bff6db3521db12f02acbfcbf32fd8aad9,TX,48377,2,2022-11-09T01:00:00.000Z,FIPSCode,48377,0,2022-11-09T12:30:46.053Z,8,98.98,8,100,62962,1025,61.97,62492,550,33.25,63492,79,4.78,1671,99,1654,4047,8,8
1667997156,2022-11-09 06:32:36 -0600,76cbb1a4420f8ccf56e710b1abbaedd26f721b5e,TX,48377,2,2022-11-09T01:00:00.000Z,FIPSCode,48377,0,2022-11-09T12:31:56.547Z,8,98.98,8,100,62962,1025,61.97,62492,550,33.25,63492,79,4.78,1671,99,1654,4047,8,8
1667997196,2022-11-09 06:33:16 -0600,46c7ed4c3d838ce57657c234967b0e5ad6bfed65,TX,48377,2,2022-11-09T01:00:00.000Z,FIPSCode,48377,0,2022-11-09T12:32:38.610Z,8,98.98,8,100,62962,1025,61.97,62492,550,33.25,63492,79,4.78,1671,99,1654,4047,8,8
1667997236,2022-11-09 06:33:56 -0600,8da49e5e8b10891a31cf0309fdcd04810ff1cca1,TX,48377,2,2022-11-09T01:00:00.000Z,FIPSCode,48377,0,2022-11-09T12:32:38.610Z,8,98.98,8,100,62962,1025,61.97,62492,550,33.25,63492,79,4.78,1671,99,1654,4047,8,8
1667997277,2022-11-09 06:34:37 -0600,f72ac4b6667ab414d059a70d7f9a1da37cdf1a5d,TX,48377,2,2022-11-09T01:00:00.000Z,FIPSCode,48377,0,2022-11-09T12:32:38.610Z,8,98.98,8,100,62962,1025,61.97,62492,550,33.25,63492,79,4.78,1671,99,1654,4047,8,8
1667997358,2022-11-09 06:35:58 -0600,fcb0838f3b70f5120e381c81b4077a6cbd197201,TX,48377,2,2022-11-09T01:00:00.000Z,FIPSCode,48377,0,2022-11-09T12:32:38.610Z,8,98.98,8,100,62962,1025,61.97,62492,550,33.25,63492,79,4.78,1671,99,1654,4047,8,8
1667997437,2022-11-09 06:37:17 -0600,59114d251c78ade40c37bc82b261a5985b669aca,TX,48377,2,2022-11-09T01:00:00.000Z,FIPSCode,48377,0,2022-11-09T12:32:38.610Z,8,98.98,8,100,62962,1025,61.97,62492,550,33.25,63492,79,4.78,1671,99,1654,4047,8,8
1667997477,2022-11-09 06:37:57 -0600,20d52e1e0c285944447af9756e04cf1e2fd1f8d8,TX,48377,2,2022-11-09T01:00:00.000Z,FIPSCode,48377,0,2022-11-09T12:32:38.610Z,8,98.98,8,100,62962,1025,61.97,62492,550,33.25,63492,79,4.78,1671,99,1654,4047,8,8
1667997517,2022-11-09 06:38:37 -0600,75d2c2095329c564b91d30743795d2ff655b7c5a,TX,48377,2,2022-11-09T01:00:00.000Z,FIPSCode,48377,0,2022-11-09T12:32:38.610Z,8,98.98,8,100,62962,1025,61.97,62492,550,33.25,63492,79,4.78,1671,99,1654,4047,8,8
1667997556,2022-11-09 06:39:16 -0600,ba6011c094384d5534729a03a404c0cea5c7aea4,TX,48377,2,2022-11-09T01:00:00.000Z,FIPSCode,48377,0,2022-11-09T12:32:38.610Z,8,98.98,8,100,62962,1025,61.97,62492,550,33.25,63492,79,4.78,1671,99,1654,4047,8,8
1667997595,2022-11-09 06:39:55 -0600,00b7b0be7639f9f231ec602b0dc72177d59393cd,TX,48377,2,2022-11-09T01:00:00.000Z,FIPSCode,48377,0,2022-11-09T12:32:38.610Z,8,98.98,8,100,62962,1025,61.97,62492,550,33.25,63492,79,4.78,1671,99,1654,4047,8,8
1667997635,2022-11-09 06:40:35 -0600,483d8afc108d40a4d9250973903ade714f14d02d,TX,48377,2,2022-11-09T01:00:00.000Z,FIPSCode,48377,0,2022-11-09T12:32:38.610Z,8,98.98,8,100,62962,1025,61.97,62492,550,33.25,63492,79,4.78,1671,99,1654,4047,8,8
1667997675,2022-11-09 06:41:15 -0600,f587540d6dd0e3926353b151f8bcf76cfe66bafb,TX,48377,2,2022-11-09T01:00:00.000Z,FIPSCode,48377,0,2022-11-09T12:32:38.610Z,8,98.98,8,100,62962,1025,61.97,62492,550,33.25,63492,79,4.78,1671,99,1654,4047,8,8
1667997716,2022-11-09 06:41:56 -0600,5861750232be122a4c8ac10d1d48862833a69bd2,TX,48377,2,2022-11-09T01:00:00.000Z,FIPSCode,48377,0,2022-11-09T12:32:38.610Z,8,98.98,8,100,62962,1025,61.97,62492,550,33.25,63492,79,4.78,1671,99,1654,4047,8,8
1667997757,2022-11-09 06:42:37 -0600,32e03596ced4acfb0926f7fd03591d958cf0e064,TX,48377,2,2022-11-09T01:00:00.000Z,FIPSCode,48377,0,2022-11-09T12:32:38.610Z,8,98.98,8,100,62962,1025,61.97,62492,550,33.25,63492,79,4.78,1671,99,1654,4047,8,8
1667997797,2022-11-09 06:43:17 -0600,7131276310157f09e3dcc1803618f6653c6f2824,TX,48377,2,2022-11-09T01:00:00.000Z,FIPSCode,48377,0,2022-11-09T12:32:38.610Z,8,98.98,8,100,62962,1025,61.97,62492,550,33.25,63492,79,4.78,1671,99,1654,4047,8,8
1667997837,2022-11-09 06:43:57 -0600,b811199be836a9630dd52c17ad2fe696b30cd23b,TX,48377,2,2022-11-09T01:00:00.000Z,FIPSCode,48377,0,2022-11-09T12:32:38.610Z,8,98.98,8,100,62962,1025,61.97,62492,550,33.25,63492,79,4.78,1671,99,1654,4047,8,8
1667997878,2022-11-09 06:44:38 -0600,8b611d606153bf4ac53a13c45b1327d8b035cd8a,TX,48377,2,2022-11-09T01:00:00.000Z,FIPSCode,48377,0,2022-11-09T12:32:38.610Z,8,98.98,8,100,62962,1025,61.97,62492,550,33.25,63492,79,4.78,1671,99,1654,4047,8,8
1667997917,2022-11-09 06:45:17 -0600,3d83f53ab5637f4fc806ec20922540cde12fb236,TX,48377,2,2022-11-09T01:00:00.000Z,FIPSCode,48377,0,2022-11-09T12:32:38.610Z,8,98.98,8,100,62962,1025,61.97,62492,550,33.25,63492,79,4.78,1671,99,1654,4047,8,8
1667997958,2022-11-09 06:45:58 -0600,907216b011a9b854f49c915fd9ad5a5036e575ca,TX,48377,2,2022-11-09T01:00:00.000Z,FIPSCode,48377,0,2022-11-09T12:32:38.610Z,8,98.98,8,100,62962,1025,61.97,62492,550,33.25,63492,79,4.78,1671,99,1654,4047,8,8
1667997998,2022-11-09 06:46:38 -0600,434560f182534d1b93c3ddc892b67bf9eab9a520,TX,48377,2,2022-11-09T01:00:00.000Z,FIPSCode,48377,0,2022-11-09T12:32:38.610Z,8,98.98,8,100,62962,1025,61.97,62492,550,33.25,63492,79,4.78,1671,99,1654,4047,8,8
1667998037,2022-11-09 06:47:17 -0600,d4ab46cb06a0e0e83b45c49f009260912662fc6b,TX,48377,2,2022-11-09T01:00:00.000Z,FIPSCode,48377,0,2022-11-09T12:32:38.610Z,8,98.98,8,100,62962,1025,61.97,62492,550,33.25,63492,79,4.78,1671,99,1654,4047,8,8
1667998076,2022-11-09 06:47:56 -0600,407678e26489b951ff177a269b97ea69f044149f,TX,48377,2,2022-11-09T01:00:00.000Z,FIPSCode,48377,0,2022-11-09T12:32:38.610Z,8,98.98,8,100,62962,1025,61.97,62492,550,33.25,63492,79,4.78,1671,99,1654,4047,8,8
1667998116,2022-11-09 06:48:36 -0600,e0296a536ea9a86feeb5c91ba790e9ba234b38b0,TX,48377,2,2022-11-09T01:00:00.000Z,FIPSCode,48377,0,2022-11-09T12:32:38.610Z,8,98.98,8,100,62962,1025,61.97,62492,550,33.25,63492,79,4.78,1671,99,1654,4047,8,8
1667998156,2022-11-09 06:49:16 -0600,de556223e3f68da516a63773ec673df2db13921d,TX,48377,2,2022-11-09T01:00:00.000Z,FIPSCode,48377,0,2022-11-09T12:32:38.610Z,8,98.98,8,100,62962,1025,61.97,62492,550,33.25,63492,79,4.78,1671,99,1654,4047,8,8
1667998196,2022-11-09 06:49:56 -0600,20e89e72b97752fc05507942f1993a70418a2312,TX,48377,2,2022-11-09T01:00:00.000Z,FIPSCode,48377,0,2022-11-09T12:32:38.610Z,8,98.98,8,100,62962,1025,61.97,62492,550,33.25,63492,79,4.78,1671,99,1654,4047,8,8
1667998237,2022-11-09 06:50:37 -0600,96eeacbc1be76aaa353a19d4df6e028406f148b8,TX,48377,2,2022-11-09T01:00:00.000Z,FIPSCode,48377,0,2022-11-09T12:32:38.610Z,8,98.98,8,100,62962,1025,61.97,62492,550,33.25,63492,79,4.78,1671,99,1654,4047,8,8
1667998277,2022-11-09 06:51:17 -0600,454d73e111aa5f9ec82973f9220ba6974398d46b,TX,48377,2,2022-11-09T01:00:00.000Z,FIPSCode,48377,0,2022-11-09T12:32:38.610Z,8,98.98,8,100,62962,1025,61.97,62492,550,33.25,63492,79,4.78,1671,99,1654,4047,8,8
1667998320,2022-11-09 06:52:00 -0600,2d4640ef3facece68b488254b9d3632e188cfcd1,TX,48377,2,2022-11-09T01:00:00.000Z,FIPSCode,48377,0,2022-11-09T12:32:38.610Z,8,98.98,8,100,62962,1025,61.97,62492,550,33.25,63492,79,4.78,1671,99,1654,4047,8,8
1667998360,2022-11-09 06:52:40 -0600,a58fe5e482160272ae93301e588c5391355088af,TX,48377,2,2022-11-09T01:00:00.000Z,FIPSCode,48377,0,2022-11-09T12:32:38.610Z,8,98.98,8,100,62962,1025,61.97,62492,550,33.25,63492,79,4.78,1671,99,1654,4047,8,8
1667998399,2022-11-09 06:53:19 -0600,1a00fb3584a3d5a185eef54e9bdb6d737f43a889,TX,48377,2,2022-11-09T01:00:00.000Z,FIPSCode,48377,0,2022-11-09T12:32:38.610Z,8,98.98,8,100,62962,1025,61.97,62492,550,33.25,63492,79,4.78,1671,99,1654,4047,8,8
1667998439,2022-11-09 06:53:59 -0600,768bbb13f3ba2049e7b6fac3227b7b2850b84ee6,TX,48377,2,2022-11-09T01:00:00.000Z,FIPSCode,48377,0,2022-11-09T12:32:38.610Z,8,98.98,8,100,62962,1025,61.97,62492,550,33.25,63492,79,4.78,1671,99,1654,4047,8,8
1667998479,2022-11-09 06:54:39 -0600,f6c03d14a4dcbae4a28cf2316f6d0d6054991567,TX,48377,2,2022-11-09T01:00:00.000Z,FIPSCode,48377,0,2022-11-09T12:32:38.610Z,8,98.98,8,100,62962,1025,61.97,62492,550,33.25,63492,79,4.78,1671,99,1654,4047,8,8
1667998718,2022-11-09 06:58:38 -0600,a1890311c6f8674e147263a442b870ee1a8a8af0,TX,48377,2,2022-11-09T01:00:00.000Z,FIPSCode,48377,0,2022-11-09T12:32:38.610Z,8,98.98,8,100,62962,1025,61.97,62492,550,33.25,63492,79,4.78,1671,99,1654,4047,8,8
1667998796,2022-11-09 06:59:56 -0600,1b267cf605ea0d2a1af9e88cb14981c20bac33d5,TX,48377,2,2022-11-09T01:00:00.000Z,FIPSCode,48377,0,2022-11-09T12:32:38.610Z,8,98.98,8,100,62962,1025,61.97,62492,550,33.25,63492,79,4.78,1671,99,1654,4047,8,8
1667998875,2022-11-09 07:01:15 -0600,0794fb8a2f5ddefbac283dc72431d858157fa565,TX,48377,2,2022-11-09T01:00:00.000Z,FIPSCode,48377,0,2022-11-09T12:32:38.610Z,8,98.98,8,100,62962,1025,61.97,62492,550,33.25,63492,79,4.78,1671,99,1654,4047,8,8
1667998915,2022-11-09 07:01:55 -0600,885157fdec24f7c73ab17ec1c42b553007179baa,TX,48377,2,2022-11-09T01:00:00.000Z,FIPSCode,48377,0,2022-11-09T12:32:38.610Z,8,98.98,8,100,62962,1025,61.97,62492,550,33.25,63492,79,4.78,1671,99,1654,4047,8,8
1667998995,2022-11-09 07:03:15 -0600,878b4517f6f5454c3770299982f58418c141bf60,TX,48377,2,2022-11-09T01:00:00.000Z,FIPSCode,48377,0,2022-11-09T12:32:38.610Z,8,98.98,8,100,62962,1025,61.97,62492,550,33.25,63492,79,4.78,1671,99,1654,4047,8,8
1667999039,2022-11-09 07:03:59 -0600,8643711f56a72e2a83edcd6bc96d12bfeee5fd1b,TX,48377,2,2022-11-09T01:00:00.000Z,FIPSCode,48377,0,2022-11-09T12:32:38.610Z,8,98.98,8,100,62962,1025,61.97,62492,550,33.25,63492,79,4.78,1671,99,1654,4047,8,8
1667999077,2022-11-09 07:04:37 -0600,af5879868d27b44374e5ddda0d08bc550cf0d51b,TX,48377,2,2022-11-09T01:00:00.000Z,FIPSCode,48377,0,2022-11-09T12:32:38.610Z,8,98.98,8,100,62962,1025,61.97,62492,550,33.25,63492,79,4.78,1671,99,1654,4047,8,8
1667999117,2022-11-09 07:05:17 -0600,d59adb8660bf70d84cd50d075d0c74682d076413,TX,48377,2,2022-11-09T01:00:00.000Z,FIPSCode,48377,0,2022-11-09T12:32:38.610Z,8,98.98,8,100,62962,1025,61.97,62492,550,33.25,63492,79,4.78,1671,99,1654,4047,8,8
1667999156,2022-11-09 07:05:56 -0600,5c16ad99df9e5571e450c11970ca597d56b2f27a,TX,48377,2,2022-11-09T01:00:00.000Z,FIPSCode,48377,0,2022-11-09T12:32:38.610Z,8,98.98,8,100,62962,1025,61.97,62492,550,33.25,63492,79,4.78,1671,99,1654,4047,8,8
1667999235,2022-11-09 07:07:15 -0600,9210782d8a9e5fd21140da65c015156eefcaa04b,TX,48377,2,2022-11-09T01:00:00.000Z,FIPSCode,48377,0,2022-11-09T12:32:38.610Z,8,98.98,8,100,62962,1025,61.97,62492,550,33.25,63492,79,4.78,1671,99,1654,4047,8,8
1667999276,2022-11-09 07:07:56 -0600,e2a3fe471e226419e3c4d1e27e96722f1689d00b,TX,48377,2,2022-11-09T01:00:00.000Z,FIPSCode,48377,0,2022-11-09T12:32:38.610Z,8,98.98,8,100,62962,1025,61.97,62492,550,33.25,63492,79,4.78,1671,99,1654,4047,8,8
1667999316,2022-11-09 07:08:36 -0600,4d60c45a869869c92fca3290a7def0ecf4dbae04,TX,48377,2,2022-11-09T01:00:00.000Z,FIPSCode,48377,0,2022-11-09T12:32:38.610Z,8,98.98,8,100,62962,1025,61.97,62492,550,33.25,63492,79,4.78,1671,99,1654,4047,8,8
1667999357,2022-11-09 07:09:17 -0600,977ec23e0da0e7ea1f4c81bdc0789fa1be14dfeb,TX,48377,2,2022-11-09T01:00:00.000Z,FIPSCode,48377,0,2022-11-09T12:32:38.610Z,8,98.98,8,100,62962,1025,61.97,62492,550,33.25,63492,79,4.78,1671,99,1654,4047,8,8
1667999397,2022-11-09 07:09:57 -0600,536291a9b6476912f428250d170715904546dd22,TX,48377,2,2022-11-09T01:00:00.000Z,FIPSCode,48377,0,2022-11-09T12:32:38.610Z,8,98.98,8,100,62962,1025,61.97,62492,550,33.25,63492,79,4.78,1671,99,1654,4047,8,8
1667999438,2022-11-09 07:10:38 -0600,db569a04d0c47bdf9e7648bbe385e655f632d145,TX,48377,2,2022-11-09T01:00:00.000Z,FIPSCode,48377,0,2022-11-09T12:32:38.610Z,8,98.98,8,100,62962,1025,61.97,62492,550,33.25,63492,79,4.78,1671,99,1654,4047,8,8
1667999478,2022-11-09 07:11:18 -0600,4e3cae8aaffb92e2ba7019dc9b0393173ab36864,TX,48377,2,2022-11-09T01:00:00.000Z,FIPSCode,48377,0,2022-11-09T12:32:38.610Z,8,98.98,8,100,62962,1025,61.97,62492,550,33.25,63492,79,4.78,1671,99,1654,4047,8,8
1667999519,2022-11-09 07:11:59 -0600,ada5895a321723a510d17b1d68fec133426d1890,TX,48377,2,2022-11-09T01:00:00.000Z,FIPSCode,48377,0,2022-11-09T12:32:38.610Z,8,98.98,8,100,62962,1025,61.97,62492,550,33.25,63492,79,4.78,1671,99,1654,4047,8,8
1667999560,2022-11-09 07:12:40 -0600,49daef66c29bee7aa1a886fa04af4167fce34cf9,TX,48377,2,2022-11-09T01:00:00.000Z,FIPSCode,48377,0,2022-11-09T12:32:38.610Z,8,98.98,8,100,62962,1025,61.97,62492,550,33.25,63492,79,4.78,1671,99,1654,4047,8,8
1667999640,2022-11-09 07:14:00 -0600,ff0160b92115291e8580594c8a3332a83d96ff92,TX,48377,2,2022-11-09T01:00:00.000Z,FIPSCode,48377,0,2022-11-09T12:32:38.610Z,8,98.98,8,100,62962,1025,61.97,62492,550,33.25,63492,79,4.78,1671,99,1654,4047,8,8
1667999720,2022-11-09 07:15:20 -0600,c40ddc5dffa7c343b02b01f63de2c9ba2bcdefc9,TX,48377,2,2022-11-09T01:00:00.000Z,FIPSCode,48377,0,2022-11-09T12:32:38.610Z,8,98.98,8,100,62962,1025,61.97,62492,550,33.25,63492,79,4.78,1671,99,1654,4047,8,8
1667999800,2022-11-09 07:16:40 -0600,9ba81249801053c2733e185dcda00f31ecdd3d30,TX,48377,2,2022-11-09T01:00:00.000Z,FIPSCode,48377,0,2022-11-09T12:32:38.610Z,8,98.98,8,100,62962,1025,61.97,62492,550,33.25,63492,79,4.78,1671,99,1654,4047,8,8
1667999840,2022-11-09 07:17:20 -0600,34618c1c471321c7794705d1c2e9e8a53102c26c,TX,48377,2,2022-11-09T01:00:00.000Z,FIPSCode,48377,0,2022-11-09T12:32:38.610Z,8,98.98,8,100,62962,1025,61.97,62492,550,33.25,63492,79,4.78,1671,99,1654,4047,8,8
1667999881,2022-11-09 07:18:01 -0600,b8df4dccbca32f7a29673c3e4c5e5eb60f47ec69,TX,48377,2,2022-11-09T01:00:00.000Z,FIPSCode,48377,0,2022-11-09T12:32:38.610Z,8,98.98,8,100,62962,1025,61.97,62492,550,33.25,63492,79,4.78,1671,99,1654,4047,8,8
1667999922,2022-11-09 07:18:42 -0600,0f51f0a16ec4b62851dbf036d5fcc9d97c15bbd6,TX,48377,2,2022-11-09T01:00:00.000Z,FIPSCode,48377,0,2022-11-09T12:32:38.610Z,8,98.98,8,100,62962,1025,61.97,62492,550,33.25,63492,79,4.78,1671,99,1654,4047,8,8
1667999961,2022-11-09 07:19:21 -0600,15515f859881570a03c648c10e6900e2fa3fa652,TX,48377,2,2022-11-09T01:00:00.000Z,FIPSCode,48377,0,2022-11-09T12:32:38.610Z,8,98.98,8,100,62962,1025,61.97,62492,550,33.25,63492,79,4.78,1671,99,1654,4047,8,8
1668000042,2022-11-09 07:20:42 -0600,e58537b49d1289ab7e9a0a9926fbd7c713bdfddb,TX,48377,2,2022-11-09T01:00:00.000Z,FIPSCode,48377,0,2022-11-09T12:32:38.610Z,8,98.98,8,100,62962,1025,61.97,62492,550,33.25,63492,79,4.78,1671,99,1654,4047,8,8
1668000083,2022-11-09 07:21:23 -0600,cd15fa44ef86c92ad60e6b0fe8210797c111ce2f,TX,48377,2,2022-11-09T01:00:00.000Z,FIPSCode,48377,0,2022-11-09T12:32:38.610Z,8,98.98,8,100,62962,1025,61.97,62492,550,33.25,63492,79,4.78,1671,99,1654,4047,8,8
1668000122,2022-11-09 07:22:02 -0600,a0e93c877402a2e7ef2b6ab1b580586b3eb8ad65,TX,48377,2,2022-11-09T01:00:00.000Z,FIPSCode,48377,0,2022-11-09T12:32:38.610Z,8,98.98,8,100,62962,1025,61.97,62492,550,33.25,63492,79,4.78,1671,99,1654,4047,8,8
1668000162,2022-11-09 07:22:42 -0600,7a251b7d6b70b4cf4d74b501509d2b4d23090f7a,TX,48377,2,2022-11-09T01:00:00.000Z,FIPSCode,48377,0,2022-11-09T12:32:38.610Z,8,98.98,8,100,62962,1025,61.97,62492,550,33.25,63492,79,4.78,1671,99,1654,4047,8,8
1668000202,2022-11-09 07:23:22 -0600,5f13dc48753cd7b9b4c8b2925891a31750953d21,TX,48377,2,2022-11-09T01:00:00.000Z,FIPSCode,48377,0,2022-11-09T12:32:38.610Z,8,98.98,8,100,62962,1025,61.97,62492,550,33.25,63492,79,4.78,1671,99,1654,4047,8,8
1668000243,2022-11-09 07:24:03 -0600,3b034baf5e4e96b16616f7a54172fc9b6d8151e2,TX,48377,2,2022-11-09T01:00:00.000Z,FIPSCode,48377,0,2022-11-09T12:32:38.610Z,8,98.98,8,100,62962,1025,61.97,62492,550,33.25,63492,79,4.78,1671,99,1654,4047,8,8
1668000282,2022-11-09 07:24:42 -0600,4d67ee3f9d1d38ac5af31bd9aa0b53cc7ab0e973,TX,48377,2,2022-11-09T01:00:00.000Z,FIPSCode,48377,0,2022-11-09T12:32:38.610Z,8,98.98,8,100,62962,1025,61.97,62492,550,33.25,63492,79,4.78,1671,99,1654,4047,8,8
1668000362,2022-11-09 07:26:02 -0600,38f37edd53633e400e00c1099cdca86e62e745de,TX,48377,2,2022-11-09T01:00:00.000Z,FIPSCode,48377,0,2022-11-09T12:32:38.610Z,8,98.98,8,100,62962,1025,61.97,62492,550,33.25,63492,79,4.78,1671,99,1654,4047,8,8
1668000444,2022-11-09 07:27:24 -0600,3a586e35b11e7744a2a248a3b3e8f6b8cc1bc13d,TX,48377,2,2022-11-09T01:00:00.000Z,FIPSCode,48377,0,2022-11-09T12:32:38.610Z,8,98.98,8,100,62962,1025,61.97,62492,550,33.25,63492,79,4.78,1671,99,1654,4047,8,8
1668000484,2022-11-09 07:28:04 -0600,fe7b41478177bb6dbad04b1a40eb120ab703994a,TX,48377,2,2022-11-09T01:00:00.000Z,FIPSCode,48377,0,2022-11-09T12:32:38.610Z,8,98.98,8,100,62962,1025,61.97,62492,550,33.25,63492,79,4.78,1671,99,1654,4047,8,8
1668000524,2022-11-09 07:28:44 -0600,6cad24c1cb91a404cd391a3b99bdea545482262f,TX,48377,2,2022-11-09T01:00:00.000Z,FIPSCode,48377,0,2022-11-09T12:32:38.610Z,8,98.98,8,100,62962,1025,61.97,62492,550,33.25,63492,79,4.78,1671,99,1654,4047,8,8
1668000564,2022-11-09 07:29:24 -0600,bc3c916cd3a00edffbff42272b897d4760642321,TX,48377,2,2022-11-09T01:00:00.000Z,FIPSCode,48377,0,2022-11-09T12:32:38.610Z,8,98.98,8,100,62962,1025,61.97,62492,550,33.25,63492,79,4.78,1671,99,1654,4047,8,8
1668000605,2022-11-09 07:30:05 -0600,29aeb662faf55b08cdddf215cb7d81100e196d09,TX,48377,2,2022-11-09T01:00:00.000Z,FIPSCode,48377,0,2022-11-09T12:32:38.610Z,8,98.98,8,100,62962,1025,61.97,62492,550,33.25,63492,79,4.78,1671,99,1654,4047,8,8
1668000644,2022-11-09 07:30:44 -0600,8af43fb2232687adf79db96595e5fd04e41d678f,TX,48377,2,2022-11-09T01:00:00.000Z,FIPSCode,48377,0,2022-11-09T12:32:38.610Z,8,98.98,8,100,62962,1025,61.97,62492,550,33.25,63492,79,4.78,1671,99,1654,4047,8,8
1668000684,2022-11-09 07:31:24 -0600,aecc9014ac0e43a8d3258376cad227cba7cf58c3,TX,48377,2,2022-11-09T01:00:00.000Z,FIPSCode,48377,0,2022-11-09T12:32:38.610Z,8,98.98,8,100,62962,1025,61.97,62492,550,33.25,63492,79,4.78,1671,99,1654,4047,8,8
1668000726,2022-11-09 07:32:06 -0600,0e612da0c362a9261eaf72fefb7efb4c87c74054,TX,48377,2,2022-11-09T01:00:00.000Z,FIPSCode,48377,0,2022-11-09T12:32:38.610Z,8,98.98,8,100,62962,1025,61.97,62492,550,33.25,63492,79,4.78,1671,99,1654,4047,8,8
1668000766,2022-11-09 07:32:46 -0600,8a120f72c9059f15cf03ad99f6428796d750e322,TX,48377,2,2022-11-09T01:00:00.000Z,FIPSCode,48377,0,2022-11-09T12:32:38.610Z,8,98.98,8,100,62962,1025,61.97,62492,550,33.25,63492,79,4.78,1671,99,1654,4047,8,8
1668000808,2022-11-09 07:33:28 -0600,e37e7dd51500ae064e1d7d299e2f4f949ac8bcac,TX,48377,2,2022-11-09T01:00:00.000Z,FIPSCode,48377,0,2022-11-09T12:32:38.610Z,8,98.98,8,100,62962,1025,61.97,62492,550,33.25,63492,79,4.78,1671,99,1654,4047,8,8
1668000847,2022-11-09 07:34:07 -0600,d77034621e10bd64e15b52aa189c6ae6979d14ea,TX,48377,2,2022-11-09T01:00:00.000Z,FIPSCode,48377,0,2022-11-09T12:32:38.610Z,8,98.98,8,100,62962,1025,61.97,62492,550,33.25,63492,79,4.78,1671,99,1654,4047,8,8
1668000887,2022-11-09 07:34:47 -0600,9bc9a52ef2eb115df55b19f59b85f6115e336d46,TX,48377,2,2022-11-09T01:00:00.000Z,FIPSCode,48377,0,2022-11-09T12:32:38.610Z,8,98.98,8,100,62962,1025,61.97,62492,550,33.25,63492,79,4.78,1671,99,1654,4047,8,8
1668000926,2022-11-09 07:35:26 -0600,6784c31a514f354cc584d28eed6002ae74af130e,TX,48377,2,2022-11-09T01:00:00.000Z,FIPSCode,48377,0,2022-11-09T12:32:38.610Z,8,98.98,8,100,62962,1025,61.97,62492,550,33.25,63492,79,4.78,1671,99,1654,4047,8,8
1668001085,2022-11-09 07:38:05 -0600,b9e6b6e893935309e67b17b865f01027379224d4,TX,48377,2,2022-11-09T01:00:00.000Z,FIPSCode,48377,0,2022-11-09T12:32:38.610Z,8,98.98,8,100,62962,1025,61.97,62492,550,33.25,63492,79,4.78,1671,99,1654,4047,8,8
1668001127,2022-11-09 07:38:47 -0600,e7c2cede1a162e78640a193d499d089eaff4caa2,TX,48377,2,2022-11-09T01:00:00.000Z,FIPSCode,48377,0,2022-11-09T12:32:38.610Z,8,98.98,8,100,62962,1025,61.97,62492,550,33.25,63492,79,4.78,1671,99,1654,4047,8,8
1668001166,2022-11-09 07:39:26 -0600,208f134c744a9ccd21ea92c4832b2302e475c455,TX,48377,2,2022-11-09T01:00:00.000Z,FIPSCode,48377,0,2022-11-09T12:32:38.610Z,8,98.98,8,100,62962,1025,61.97,62492,550,33.25,63492,79,4.78,1671,99,1654,4047,8,8
1668001206,2022-11-09 07:40:06 -0600,09a765f9b2c655b9d6f4a6e75e4c893cc4b6cb51,TX,48377,2,2022-11-09T01:00:00.000Z,FIPSCode,48377,0,2022-11-09T12:32:38.610Z,8,98.98,8,100,62962,1025,61.97,62492,550,33.25,63492,79,4.78,1671,99,1654,4047,8,8
1668001245,2022-11-09 07:40:45 -0600,91a83d0e0a4ec0595f3415a92593517818fbc192,TX,48377,2,2022-11-09T01:00:00.000Z,FIPSCode,48377,0,2022-11-09T12:32:38.610Z,8,98.98,8,100,62962,1025,61.97,62492,550,33.25,63492,79,4.78,1671,99,1654,4047,8,8
1668001324,2022-11-09 07:42:04 -0600,249e7ab43e80cd6fe5da7ff00358168a7221893e,TX,48377,2,2022-11-09T01:00:00.000Z,FIPSCode,48377,0,2022-11-09T12:32:38.610Z,8,98.98,8,100,62962,1025,61.97,62492,550,33.25,63492,79,4.78,1671,99,1654,4047,8,8
1668001364,2022-11-09 07:42:44 -0600,3518cab4e05d54daa733f93cb1edd6fbf39ccb6a,TX,48377,2,2022-11-09T01:00:00.000Z,FIPSCode,48377,0,2022-11-09T12:32:38.610Z,8,98.98,8,100,62962,1025,61.97,62492,550,33.25,63492,79,4.78,1671,99,1654,4047,8,8
1668001444,2022-11-09 07:44:04 -0600,b791ed2e7cab7e19098d5e8916e5a1ece6db64f0,TX,48377,2,2022-11-09T01:00:00.000Z,FIPSCode,48377,0,2022-11-09T12:32:38.610Z,8,98.98,8,100,62962,1025,61.97,62492,550,33.25,63492,79,4.78,1671,99,1654,4047,8,8
1668001484,2022-11-09 07:44:44 -0600,fe26d541d0135994372779f4227aa2999a1508b4,TX,48377,2,2022-11-09T01:00:00.000Z,FIPSCode,48377,0,2022-11-09T12:32:38.610Z,8,98.98,8,100,62962,1025,61.97,62492,550,33.25,63492,79,4.78,1671,99,1654,4047,8,8
1668001525,2022-11-09 07:45:25 -0600,fc4674ab44f4b8444e9bba0ce0b54cb745fd4944,TX,48377,2,2022-11-09T01:00:00.000Z,FIPSCode,48377,0,2022-11-09T12:32:38.610Z,8,98.98,8,100,62962,1025,61.97,62492,550,33.25,63492,79,4.78,1671,99,1654,4047,8,8
1668001564,2022-11-09 07:46:04 -0600,76f6353ce65fa8a09e7de4c600240dbe12492f27,TX,48377,2,2022-11-09T01:00:00.000Z,FIPSCode,48377,0,2022-11-09T12:32:38.610Z,8,98.98,8,100,62962,1025,61.97,62492,550,33.25,63492,79,4.78,1671,99,1654,4047,8,8
1668001605,2022-11-09 07:46:45 -0600,47c9755e563b80c8c620fca9a94387278fc27481,TX,48377,2,2022-11-09T01:00:00.000Z,FIPSCode,48377,0,2022-11-09T12:32:38.610Z,8,98.98,8,100,62962,1025,61.97,62492,550,33.25,63492,79,4.78,1671,99,1654,4047,8,8
1668001645,2022-11-09 07:47:25 -0600,ebed161a3b83957b2acca3a487e0d252fb93665c,TX,48377,2,2022-11-09T01:00:00.000Z,FIPSCode,48377,0,2022-11-09T12:32:38.610Z,8,98.98,8,100,62962,1025,61.97,62492,550,33.25,63492,79,4.78,1671,99,1654,4047,8,8
1668001687,2022-11-09 07:48:07 -0600,791f136e7a6c81de75aa536d031f0275a558b16f,TX,48377,2,2022-11-09T01:00:00.000Z,FIPSCode,48377,0,2022-11-09T12:32:38.610Z,8,98.98,8,100,62962,1025,61.97,62492,550,33.25,63492,79,4.78,1671,99,1654,4047,8,8
1668001726,2022-11-09 07:48:46 -0600,29b4123a64d40d30f5a30f36cef5dd1a632e7545,TX,48377,2,2022-11-09T01:00:00.000Z,FIPSCode,48377,0,2022-11-09T12:32:38.610Z,8,98.98,8,100,62962,1025,61.97,62492,550,33.25,63492,79,4.78,1671,99,1654,4047,8,8
1668001805,2022-11-09 07:50:05 -0600,24de70c603e53a363baa019f62f7baa1ab381f93,TX,48377,2,2022-11-09T01:00:00.000Z,FIPSCode,48377,0,2022-11-09T12:32:38.610Z,8,98.98,8,100,62962,1025,61.97,62492,550,33.25,63492,79,4.78,1671,99,1654,4047,8,8
1668001845,2022-11-09 07:50:45 -0600,e32c497307887ba40ff28b886d6f756f9d70de52,TX,48377,2,2022-11-09T01:00:00.000Z,FIPSCode,48377,0,2022-11-09T12:32:38.610Z,8,98.98,8,100,62962,1025,61.97,62492,550,33.25,63492,79,4.78,1671,99,1654,4047,8,8
1668001927,2022-11-09 07:52:07 -0600,2c1fcdfc6f72c70adc50473b6a3727a7bd770a64,TX,48377,2,2022-11-09T01:00:00.000Z,FIPSCode,48377,0,2022-11-09T12:32:38.610Z,8,98.98,8,100,62962,1025,61.97,62492,550,33.25,63492,79,4.78,1671,99,1654,4047,8,8
1668001965,2022-11-09 07:52:45 -0600,3953ba4db1ba4b9998cd5ffd51a3ee33a833a6b9,TX,48377,2,2022-11-09T01:00:00.000Z,FIPSCode,48377,0,2022-11-09T12:32:38.610Z,8,98.98,8,100,62962,1025,61.97,62492,550,33.25,63492,79,4.78,1671,99,1654,4047,8,8
1668002005,2022-11-09 07:53:25 -0600,b0c6e8d8ad99c39fa74bb85e522c86501e5df9c1,TX,48377,2,2022-11-09T01:00:00.000Z,FIPSCode,48377,0,2022-11-09T12:32:38.610Z,8,98.98,8,100,62962,1025,61.97,62492,550,33.25,63492,79,4.78,1671,99,1654,4047,8,8
1668002046,2022-11-09 07:54:06 -0600,951596907fd105004123ebe5d8b63441de2163cf,TX,48377,2,2022-11-09T01:00:00.000Z,FIPSCode,48377,0,2022-11-09T12:32:38.610Z,8,98.98,8,100,62962,1025,61.97,62492,550,33.25,63492,79,4.78,1671,99,1654,4047,8,8
1668002087,2022-11-09 07:54:47 -0600,d36b2e29567668c84d9c6dcd74ee6215ba97a61d,TX,48377,2,2022-11-09T01:00:00.000Z,FIPSCode,48377,0,2022-11-09T13:54:15.745Z,8,98.98,8,100,62962,1025,61.97,62492,550,33.25,63492,79,4.78,1671,99,1654,4047,8,8
1668002128,2022-11-09 07:55:28 -0600,28c2c580aafe4784e4ea170e49296210eb162413,TX,48377,2,2022-11-09T01:00:00.000Z,FIPSCode,48377,0,2022-11-09T13:54:40.586Z,8,98.98,8,100,62962,1025,61.97,62492,550,33.25,63492,79,4.78,1671,99,1654,4047,8,8
1668002167,2022-11-09 07:56:07 -0600,e9606997605b5c8cba6c00f3657b7f4ad417bee0,TX,48377,2,2022-11-09T01:00:00.000Z,FIPSCode,48377,0,2022-11-09T13:54:40.586Z,8,98.98,8,100,62962,1025,61.97,62492,550,33.25,63492,79,4.78,1671,99,1654,4047,8,8
1668002208,2022-11-09 07:56:48 -0600,45d49fb9bee2119e5bc9a55f17fdd6327a8348ec,TX,48377,2,2022-11-09T01:00:00.000Z,FIPSCode,48377,0,2022-11-09T13:56:17.775Z,8,98.98,8,100,62962,1025,61.97,62492,550,33.25,63492,79,4.78,1671,99,1654,4047,8,8
1668002247,2022-11-09 07:57:27 -0600,f33c9ebdf474f431e7e2d4bd97d5e9867ec3a9dc,TX,48377,2,2022-11-09T01:00:00.000Z,FIPSCode,48377,0,2022-11-09T13:56:17.775Z,8,98.98,8,100,62962,1025,61.97,62492,550,33.25,63492,79,4.78,1671,99,1654,4047,8,8
1668002288,2022-11-09 07:58:08 -0600,bf9a9fb118901a4aad4d912e610f4bf7abfb403e,TX,48377,2,2022-11-09T01:00:00.000Z,FIPSCode,48377,0,2022-11-09T13:56:17.775Z,8,98.98,8,100,62962,1025,61.97,62492,550,33.25,63492,79,4.78,1671,99,1654,4047,8,8
1668002327,2022-11-09 07:58:47 -0600,c97452e41f892f775385997ba0b7e37cc3f6a951,TX,48377,2,2022-11-09T01:00:00.000Z,FIPSCode,48377,0,2022-11-09T13:56:17.775Z,8,98.98,8,100,62962,1025,61.97,62492,550,33.25,63492,79,4.78,1671,99,1654,4047,8,8
1668002407,2022-11-09 08:00:07 -0600,29d796ec09341971b69a4b836fdf6cd7f41dc58d,TX,48377,2,2022-11-09T01:00:00.000Z,FIPSCode,48377,0,2022-11-09T13:56:17.775Z,8,98.98,8,100,62962,1025,61.97,62492,550,33.25,63492,79,4.78,1671,99,1654,4047,8,8
1668002447,2022-11-09 08:00:47 -0600,6b6e6bf83815b2339ebcf98670b91beb88869bd3,TX,48377,2,2022-11-09T01:00:00.000Z,FIPSCode,48377,0,2022-11-09T13:56:17.775Z,8,98.98,8,100,62962,1025,61.97,62492,550,33.25,63492,79,4.78,1671,99,1654,4047,8,8
1668002526,2022-11-09 08:02:06 -0600,70bf507846e648bdcf0b799ce311e59406400ffd,TX,48377,2,2022-11-09T01:00:00.000Z,FIPSCode,48377,0,2022-11-09T13:56:17.775Z,8,98.98,8,100,62962,1025,61.97,62492,550,33.25,63492,79,4.78,1671,99,1654,4047,8,8
1668002566,2022-11-09 08:02:46 -0600,8f8e6a7b3246af77afa91fd57fc0758be0d6fde9,TX,48377,2,2022-11-09T01:00:00.000Z,FIPSCode,48377,0,2022-11-09T13:56:17.775Z,8,98.98,8,100,62962,1025,61.97,62492,550,33.25,63492,79,4.78,1671,99,1654,4047,8,8
1668002607,2022-11-09 08:03:27 -0600,ff261b881a325c8d9255f39fb455fafb782b229e,TX,48377,2,2022-11-09T01:00:00.000Z,FIPSCode,48377,0,2022-11-09T13:56:17.775Z,8,98.98,8,100,62962,1025,61.97,62492,550,33.25,63492,79,4.78,1671,99,1654,4047,8,8
1668002648,2022-11-09 08:04:08 -0600,70005330f3f4a16d702eb57f5e2c56db4d710eaa,TX,48377,2,2022-11-09T01:00:00.000Z,FIPSCode,48377,0,2022-11-09T13:56:17.775Z,8,98.98,8,100,62962,1025,61.97,62492,550,33.25,63492,79,4.78,1671,99,1654,4047,8,8
1668002688,2022-11-09 08:04:48 -0600,1f974678ddfd837e0860f8f2d6bda993e667a08e,TX,48377,2,2022-11-09T01:00:00.000Z,FIPSCode,48377,0,2022-11-09T13:56:17.775Z,8,98.98,8,100,62962,1025,61.97,62492,550,33.25,63492,79,4.78,1671,99,1654,4047,8,8
1668002730,2022-11-09 08:05:30 -0600,7008bbeb9f383c745e900b942d7f96421448660d,TX,48377,2,2022-11-09T01:00:00.000Z,FIPSCode,48377,0,2022-11-09T13:56:17.775Z,8,98.98,8,100,62962,1025,61.97,62492,550,33.25,63492,79,4.78,1671,99,1654,4047,8,8
1668002771,2022-11-09 08:06:11 -0600,b928ef02b4b44be3ce5f30b076048e328b886f9f,TX,48377,2,2022-11-09T01:00:00.000Z,FIPSCode,48377,0,2022-11-09T13:56:17.775Z,8,98.98,8,100,62962,1025,61.97,62492,550,33.25,63492,79,4.78,1671,99,1654,4047,8,8
1668002810,2022-11-09 08:06:50 -0600,7590bf9347769015d5dcc46ba756d7a394e0c264,TX,48377,2,2022-11-09T01:00:00.000Z,FIPSCode,48377,0,2022-11-09T13:56:17.775Z,8,98.98,8,100,62962,1025,61.97,62492,550,33.25,63492,79,4.78,1671,99,1654,4047,8,8
1668002852,2022-11-09 08:07:32 -0600,7a7da3394e290cff5b626e103f745fbea3ef433b,TX,48377,2,2022-11-09T01:00:00.000Z,FIPSCode,48377,0,2022-11-09T13:56:17.775Z,8,98.98,8,100,62962,1025,61.97,62492,550,33.25,63492,79,4.78,1671,99,1654,4047,8,8
1668002893,2022-11-09 08:08:13 -0600,755e10f90e16a53e7f0d4396abc887d651878572,TX,48377,2,2022-11-09T01:00:00.000Z,FIPSCode,48377,0,2022-11-09T13:56:17.775Z,8,98.98,8,100,62962,1025,61.97,62492,550,33.25,63492,79,4.78,1671,99,1654,4047,8,8
1668002933,2022-11-09 08:08:53 -0600,6fad7865dab377bf346d3ee00b5f259fd1e6c82a,TX,48377,2,2022-11-09T01:00:00.000Z,FIPSCode,48377,0,2022-11-09T13:56:17.775Z,8,98.98,8,100,62962,1025,61.97,62492,550,33.25,63492,79,4.78,1671,99,1654,4047,8,8
1668002974,2022-11-09 08:09:34 -0600,1451051e10a6da77416d1b0cf9c7d235e9f3d1db,TX,48377,2,2022-11-09T01:00:00.000Z,FIPSCode,48377,0,2022-11-09T13:56:17.775Z,8,98.98,8,100,62962,1025,61.97,62492,550,33.25,63492,79,4.78,1671,99,1654,4047,8,8
1668003014,2022-11-09 08:10:14 -0600,0eab4b276eab898af2627f71dd9e0a6c47fdd193,TX,48377,2,2022-11-09T01:00:00.000Z,FIPSCode,48377,0,2022-11-09T13:56:17.775Z,8,98.98,8,100,62962,1025,61.97,62492,550,33.25,63492,79,4.78,1671,99,1654,4047,8,8
1668003054,2022-11-09 08:10:54 -0600,99c9a1e8bc4895e8ab6814fdf53fb244bb76eda3,TX,48377,2,2022-11-09T01:00:00.000Z,FIPSCode,48377,0,2022-11-09T13:56:17.775Z,8,98.98,8,100,62962,1025,61.97,62492,550,33.25,63492,79,4.78,1671,99,1654,4047,8,8
1668003096,2022-11-09 08:11:36 -0600,9d78346e173da10030b89551765abc30dee7ec44,TX,48377,2,2022-11-09T01:00:00.000Z,FIPSCode,48377,0,2022-11-09T13:56:17.775Z,8,98.98,8,100,62962,1025,61.97,62492,550,33.25,63492,79,4.78,1671,99,1654,4047,8,8
1668003296,2022-11-09 08:14:56 -0600,27bd104633a13ea8a56b4077741996784ab1340c,TX,48377,2,2022-11-09T01:00:00.000Z,FIPSCode,48377,0,2022-11-09T13:56:17.775Z,8,98.98,8,100,62962,1025,61.97,62492,550,33.25,63492,79,4.78,1671,99,1654,4047,8,8
1668003337,2022-11-09 08:15:37 -0600,ea43270ea240a08651bcd80a091d8db56279c9f8,TX,48377,2,2022-11-09T01:00:00.000Z,FIPSCode,48377,0,2022-11-09T13:56:17.775Z,8,98.98,8,100,62962,1025,61.97,62492,550,33.25,63492,79,4.78,1671,99,1654,4047,8,8
1668003459,2022-11-09 08:17:39 -0600,5aa5edcc1ce10856ba2602e6aa78496aa75cf8ac,TX,48377,2,2022-11-09T01:00:00.000Z,FIPSCode,48377,0,2022-11-09T13:56:17.775Z,8,98.98,8,100,62962,1025,61.97,62492,550,33.25,63492,79,4.78,1671,99,1654,4047,8,8
1668003500,2022-11-09 08:18:20 -0600,a962d0258b51fca8269ffd171ba268eea4c63dfc,TX,48377,2,2022-11-09T01:00:00.000Z,FIPSCode,48377,0,2022-11-09T13:56:17.775Z,8,98.98,8,100,62962,1025,61.97,62492,550,33.25,63492,79,4.78,1671,99,1654,4047,8,8
1668003541,2022-11-09 08:19:01 -0600,16efe28cef975e9ff26fb573cca8ed84ed86b7c4,TX,48377,2,2022-11-09T01:00:00.000Z,FIPSCode,48377,0,2022-11-09T13:56:17.775Z,8,98.98,8,100,62962,1025,61.97,62492,550,33.25,63492,79,4.78,1671,99,1654,4047,8,8
1668003583,2022-11-09 08:19:43 -0600,3e76f29caf78495832439390214a992384e65d77,TX,48377,2,2022-11-09T01:00:00.000Z,FIPSCode,48377,0,2022-11-09T13:56:17.775Z,8,98.98,8,100,62962,1025,61.97,62492,550,33.25,63492,79,4.78,1671,99,1654,4047,8,8
1668003623,2022-11-09 08:20:23 -0600,f98ce965800df96b877e6119a2a00e2b42d2e670,TX,48377,2,2022-11-09T01:00:00.000Z,FIPSCode,48377,0,2022-11-09T13:56:17.775Z,8,98.98,8,100,62962,1025,61.97,62492,550,33.25,63492,79,4.78,1671,99,1654,4047,8,8
1668003664,2022-11-09 08:21:04 -0600,039a76f2968c8f7d81c8712d5ed24043f5abfba9,TX,48377,2,2022-11-09T01:00:00.000Z,FIPSCode,48377,0,2022-11-09T13:56:17.775Z,8,98.98,8,100,62962,1025,61.97,62492,550,33.25,63492,79,4.78,1671,99,1654,4047,8,8
1668003704,2022-11-09 08:21:44 -0600,c41593b16ca127788d392a80debfd0f906ce7c99,TX,48377,2,2022-11-09T01:00:00.000Z,FIPSCode,48377,0,2022-11-09T13:56:17.775Z,8,98.98,8,100,62962,1025,61.97,62492,550,33.25,63492,79,4.78,1671,99,1654,4047,8,8
1668003784,2022-11-09 08:23:04 -0600,59012c72d46803c2819e1e148816f5146b8bea27,TX,48377,2,2022-11-09T01:00:00.000Z,FIPSCode,48377,0,2022-11-09T13:56:17.775Z,8,98.98,8,100,62962,1025,61.97,62492,550,33.25,63492,79,4.78,1671,99,1654,4047,8,8
1668003824,2022-11-09 08:23:44 -0600,f5f05cef18d3f5f4c631e6578a95ca46d084942c,TX,48377,2,2022-11-09T01:00:00.000Z,FIPSCode,48377,0,2022-11-09T13:56:17.775Z,8,98.98,8,100,62962,1025,61.97,62492,550,33.25,63492,79,4.78,1671,99,1654,4047,8,8
1668003904,2022-11-09 08:25:04 -0600,7201f5240e83b67faf1a9f4a4973b53f68014a5c,TX,48377,2,2022-11-09T01:00:00.000Z,FIPSCode,48377,0,2022-11-09T13:56:17.775Z,8,98.98,8,100,62962,1025,61.97,62492,550,33.25,63492,79,4.78,1671,99,1654,4047,8,8
1668003944,2022-11-09 08:25:44 -0600,d3e733a1395c696dbdf7a1306bd0d9e58c34e97f,TX,48377,2,2022-11-09T01:00:00.000Z,FIPSCode,48377,0,2022-11-09T13:56:17.775Z,8,98.98,8,100,62962,1025,61.97,62492,550,33.25,63492,79,4.78,1671,99,1654,4047,8,8
1668003985,2022-11-09 08:26:25 -0600,683135af29f5288e72f6b9bf98f2ef5d89d8f429,TX,48377,2,2022-11-09T01:00:00.000Z,FIPSCode,48377,0,2022-11-09T13:56:17.775Z,8,98.98,8,100,62962,1025,61.97,62492,550,33.25,63492,79,4.78,1671,99,1654,4047,8,8
1668004025,2022-11-09 08:27:05 -0600,2263c414f319c47ea2c7de1b91c28bdbae6e02c2,TX,48377,2,2022-11-09T01:00:00.000Z,FIPSCode,48377,0,2022-11-09T13:56:17.775Z,8,98.98,8,100,62962,1025,61.97,62492,550,33.25,63492,79,4.78,1671,99,1654,4047,8,8
1668004066,2022-11-09 08:27:46 -0600,5afcd795b5ad60809485a6833c3e89f7586ee4b7,TX,48377,2,2022-11-09T01:00:00.000Z,FIPSCode,48377,0,2022-11-09T13:56:17.775Z,8,98.98,8,100,62962,1025,61.97,62492,550,33.25,63492,79,4.78,1671,99,1654,4047,8,8
1668004106,2022-11-09 08:28:26 -0600,34044eb99747331d7e015a21c078f5ee04eb775d,TX,48377,2,2022-11-09T01:00:00.000Z,FIPSCode,48377,0,2022-11-09T13:56:17.775Z,8,98.98,8,100,62962,1025,61.97,62492,550,33.25,63492,79,4.78,1671,99,1654,4047,8,8
1668004146,2022-11-09 08:29:06 -0600,b9169ba7fa99c20656799825a0677eca3846acd6,TX,48377,2,2022-11-09T01:00:00.000Z,FIPSCode,48377,0,2022-11-09T14:28:37.578Z,8,98.98,8,100,62962,1025,61.97,62492,550,33.25,63492,79,4.78,1671,99,1654,4047,8,8
1668004189,2022-11-09 08:29:49 -0600,9e46a7b04135dc088dfe666df6469993b48b6f54,TX,48377,2,2022-11-09T01:00:00.000Z,FIPSCode,48377,0,2022-11-09T14:28:37.578Z,8,98.98,8,100,62962,1025,61.97,62492,550,33.25,63492,79,4.78,1671,99,1654,4047,8,8
1668004229,2022-11-09 08:30:29 -0600,ba83ba0e4fb7247a499fcad1a30dc94c9dedf9b2,TX,48377,2,2022-11-09T01:00:00.000Z,FIPSCode,48377,0,2022-11-09T14:30:17.967Z,8,98.98,8,100,62962,1025,61.97,62492,550,33.25,63492,79,4.78,1671,99,1654,4047,8,8
1668004270,2022-11-09 08:31:10 -0600,4f292c9a87a04b90d1f1e4b5f6f1afb92a8c89bb,TX,48377,2,2022-11-09T01:00:00.000Z,FIPSCode,48377,0,2022-11-09T14:30:17.967Z,8,98.98,8,100,62962,1025,61.97,62492,550,33.25,63492,79,4.78,1671,99,1654,4047,8,8
1668004310,2022-11-09 08:31:50 -0600,18a1dd450b17a57a17f543a50cd88e0f41c342d1,TX,48377,2,2022-11-09T01:00:00.000Z,FIPSCode,48377,0,2022-11-09T14:30:17.967Z,8,98.98,8,100,62962,1025,61.97,62492,550,33.25,63492,79,4.78,1671,99,1654,4047,8,8
1668004351,2022-11-09 08:32:31 -0600,4d4794cebfe73e1de9e8dbb39a94f1954a00aed2,TX,48377,2,2022-11-09T01:00:00.000Z,FIPSCode,48377,0,2022-11-09T14:30:17.967Z,8,98.98,8,100,62962,1025,61.97,62492,550,33.25,63492,79,4.78,1671,99,1654,4047,8,8
1668004392,2022-11-09 08:33:12 -0600,d9b2a5522ce5d70cfec86b8fd59cba09a134da80,TX,48377,2,2022-11-09T01:00:00.000Z,FIPSCode,48377,0,2022-11-09T14:30:17.967Z,8,98.98,8,100,62962,1025,61.97,62492,550,33.25,63492,79,4.78,1671,99,1654,4047,8,8
1668004433,2022-11-09 08:33:53 -0600,47405dd30324403968f2d89245555d97ced9d072,TX,48377,2,2022-11-09T01:00:00.000Z,FIPSCode,48377,0,2022-11-09T14:30:17.967Z,8,98.98,8,100,62962,1025,61.97,62492,550,33.25,63492,79,4.78,1671,99,1654,4047,8,8
1668004474,2022-11-09 08:34:34 -0600,356da01ede441097be7cbe62d712b34e636acc22,TX,48377,2,2022-11-09T01:00:00.000Z,FIPSCode,48377,0,2022-11-09T14:30:17.967Z,8,98.98,8,100,62962,1025,61.97,62492,550,33.25,63492,79,4.78,1671,99,1654,4047,8,8
1668004513,2022-11-09 08:35:13 -0600,d66434394306d6acf951ad0b82a5fce2ddffe5e9,TX,48377,2,2022-11-09T01:00:00.000Z,FIPSCode,48377,0,2022-11-09T14:30:17.967Z,8,98.98,8,100,62962,1025,61.97,62492,550,33.25,63492,79,4.78,1671,99,1654,4047,8,8
1668004554,2022-11-09 08:35:54 -0600,1c59b7ea4a0869f69079422ca923094cda494566,TX,48377,2,2022-11-09T01:00:00.000Z,FIPSCode,48377,0,2022-11-09T14:30:17.967Z,8,98.98,8,100,62962,1025,61.97,62492,550,33.25,63492,79,4.78,1671,99,1654,4047,8,8
1668004596,2022-11-09 08:36:36 -0600,eb6cf89279fbfa5cd60a7f462ce5c79fc0b0182a,TX,48377,2,2022-11-09T01:00:00.000Z,FIPSCode,48377,0,2022-11-09T14:36:18.907Z,8,98.98,8,100,62962,1025,61.97,62492,550,33.25,63492,79,4.78,1671,99,1654,4047,8,8
1668004676,2022-11-09 08:37:56 -0600,4187b6f93ea0ffbc3a86aa4a9fd4fc9865735003,TX,48377,2,2022-11-09T01:00:00.000Z,FIPSCode,48377,0,2022-11-09T14:37:19.620Z,8,98.98,8,100,62962,1025,61.97,62492,550,33.25,63492,79,4.78,1671,99,1654,4047,8,8
1668004715,2022-11-09 08:38:35 -0600,9af0257f1432a0aadb6b755e0bdee89bd504c803,TX,48377,2,2022-11-09T01:00:00.000Z,FIPSCode,48377,0,2022-11-09T14:37:19.620Z,8,98.98,8,100,62962,1025,61.97,62492,550,33.25,63492,79,4.78,1671,99,1654,4047,8,8
1668004756,2022-11-09 08:39:16 -0600,c06681941eae3b2c6d5285d19938ecb377651dd8,TX,48377,2,2022-11-09T01:00:00.000Z,FIPSCode,48377,0,2022-11-09T14:37:19.620Z,8,98.98,8,100,62962,1025,61.97,62492,550,33.25,63492,79,4.78,1671,99,1654,4047,8,8
1668004797,2022-11-09 08:39:57 -0600,0a9c6795b43da7d5cc6276cb36d4aaa43f0e03e4,TX,48377,2,2022-11-09T01:00:00.000Z,FIPSCode,48377,0,2022-11-09T14:39:00.333Z,8,98.98,8,100,62962,1025,61.97,62492,550,33.25,63492,79,4.78,1671,99,1654,4047,8,8
1668004836,2022-11-09 08:40:36 -0600,fa58a8656735861510ce9885697c2ea8b91bef32,TX,48377,2,2022-11-09T01:00:00.000Z,FIPSCode,48377,0,2022-11-09T14:39:00.333Z,8,98.98,8,100,62962,1025,61.97,62492,550,33.25,63492,79,4.78,1671,99,1654,4047,8,8
1668004917,2022-11-09 08:41:57 -0600,38cebc8901d6d0e6b8e6ff46e20705033ba597f6,TX,48377,2,2022-11-09T01:00:00.000Z,FIPSCode,48377,0,2022-11-09T14:39:00.333Z,8,98.98,8,100,62962,1025,61.97,62492,550,33.25,63492,79,4.78,1671,99,1654,4047,8,8
1668004957,2022-11-09 08:42:37 -0600,64feccf4baab464e2f46b790c9c973782cda35ad,TX,48377,2,2022-11-09T01:00:00.000Z,FIPSCode,48377,0,2022-11-09T14:39:00.333Z,8,98.98,8,100,62962,1025,61.97,62492,550,33.25,63492,79,4.78,1671,99,1654,4047,8,8
1668004998,2022-11-09 08:43:18 -0600,a29756c9d2e388f67adf29cb475fc0ae73bd8099,TX,48377,2,2022-11-09T01:00:00.000Z,FIPSCode,48377,0,2022-11-09T14:39:00.333Z,8,98.98,8,100,62962,1025,61.97,62492,550,33.25,63492,79,4.78,1671,99,1654,4047,8,8
1668005038,2022-11-09 08:43:58 -0600,2ae206ba4d2ee14bcf3da16e8e982fd193537f8d,TX,48377,2,2022-11-09T01:00:00.000Z,FIPSCode,48377,0,2022-11-09T14:39:00.333Z,8,98.98,8,100,62962,1025,61.97,62492,550,33.25,63492,79,4.78,1671,99,1654,4047,8,8
1668005078,2022-11-09 08:44:38 -0600,c6f59193a22a92e267aa5fd4f2ba36bc9b20f50f,TX,48377,2,2022-11-09T01:00:00.000Z,FIPSCode,48377,0,2022-11-09T14:39:00.333Z,8,98.98,8,100,62962,1025,61.97,62492,550,33.25,63492,79,4.78,1671,99,1654,4047,8,8
1668005158,2022-11-09 08:45:58 -0600,b77a34ca02ab5f8abe69729ff43c0713c81f6a55,TX,48377,2,2022-11-09T01:00:00.000Z,FIPSCode,48377,0,2022-11-09T14:39:00.333Z,8,98.98,8,100,62962,1025,61.97,62492,550,33.25,63492,79,4.78,1671,99,1654,4047,8,8
1668005239,2022-11-09 08:47:19 -0600,d061dd5d10a7a2d15498fdc871ba81a37c2d27b7,TX,48377,2,2022-11-09T01:00:00.000Z,FIPSCode,48377,0,2022-11-09T14:39:00.333Z,8,98.98,8,100,62962,1025,61.97,62492,550,33.25,63492,79,4.78,1671,99,1654,4047,8,8
1668005278,2022-11-09 08:47:58 -0600,2bc6c1c3f3df8fc59c24634625c7cdaaead10398,TX,48377,2,2022-11-09T01:00:00.000Z,FIPSCode,48377,0,2022-11-09T14:39:00.333Z,8,98.98,8,100,62962,1025,61.97,62492,550,33.25,63492,79,4.78,1671,99,1654,4047,8,8
1668005318,2022-11-09 08:48:38 -0600,6782880f2da547c6b2b5fa07698b0ad75757f342,TX,48377,2,2022-11-09T01:00:00.000Z,FIPSCode,48377,0,2022-11-09T14:39:00.333Z,8,98.98,8,100,62962,1025,61.97,62492,550,33.25,63492,79,4.78,1671,99,1654,4047,8,8
1668005359,2022-11-09 08:49:19 -0600,8a3561bb1b120b6d476ceda58466564d1187d8e6,TX,48377,2,2022-11-09T01:00:00.000Z,FIPSCode,48377,0,2022-11-09T14:39:00.333Z,8,98.98,8,100,62962,1025,61.97,62492,550,33.25,63492,79,4.78,1671,99,1654,4047,8,8
1668005399,2022-11-09 08:49:59 -0600,99b4f7872f1a139c33aa152e2c2e1a2eed08de5e,TX,48377,2,2022-11-09T01:00:00.000Z,FIPSCode,48377,0,2022-11-09T14:39:00.333Z,8,98.98,8,100,62962,1025,61.97,62492,550,33.25,63492,79,4.78,1671,99,1654,4047,8,8
1668005440,2022-11-09 08:50:40 -0600,3c55df8f3da66d899c5e85501b5000ce221aefd3,TX,48377,2,2022-11-09T01:00:00.000Z,FIPSCode,48377,0,2022-11-09T14:39:00.333Z,8,98.98,8,100,62962,1025,61.97,62492,550,33.25,63492,79,4.78,1671,99,1654,4047,8,8
1668005481,2022-11-09 08:51:21 -0600,c60523aac0c62a399ce847ce06f19640a77ef096,TX,48377,2,2022-11-09T01:00:00.000Z,FIPSCode,48377,0,2022-11-09T14:39:00.333Z,8,98.98,8,100,62962,1025,61.97,62492,550,33.25,63492,79,4.78,1671,99,1654,4047,8,8
1668005561,2022-11-09 08:52:41 -0600,6c0d1de9f029f7e2059a9f231657451853af39a3,TX,48377,2,2022-11-09T01:00:00.000Z,FIPSCode,48377,0,2022-11-09T14:39:00.333Z,8,98.98,8,100,62962,1025,61.97,62492,550,33.25,63492,79,4.78,1671,99,1654,4047,8,8
1668005601,2022-11-09 08:53:21 -0600,6f472d8575f1e7a4d8fdb6e2d182297a88cc5cbe,TX,48377,2,2022-11-09T01:00:00.000Z,FIPSCode,48377,0,2022-11-09T14:39:00.333Z,8,98.98,8,100,62962,1025,61.97,62492,550,33.25,63492,79,4.78,1671,99,1654,4047,8,8
1668005641,2022-11-09 08:54:01 -0600,190a7e7ca8b9d16f244e9a7ac70ed678ac91869b,TX,48377,2,2022-11-09T01:00:00.000Z,FIPSCode,48377,0,2022-11-09T14:39:00.333Z,8,98.98,8,100,62962,1025,61.97,62492,550,33.25,63492,79,4.78,1671,99,1654,4047,8,8
1668005682,2022-11-09 08:54:42 -0600,b1f25f267ca6b01ebcb14f957c6812e1ea15723a,TX,48377,2,2022-11-09T01:00:00.000Z,FIPSCode,48377,0,2022-11-09T14:39:00.333Z,8,98.98,8,100,62962,1025,61.97,62492,550,33.25,63492,79,4.78,1671,99,1654,4047,8,8
1668005722,2022-11-09 08:55:22 -0600,61b58fc0ef5156a1597f29be784f5d01076a5303,TX,48377,2,2022-11-09T01:00:00.000Z,FIPSCode,48377,0,2022-11-09T14:39:00.333Z,8,98.98,8,100,62962,1025,61.97,62492,550,33.25,63492,79,4.78,1671,99,1654,4047,8,8
1668005762,2022-11-09 08:56:02 -0600,307ba24af73c27ee28138caea25484bd3ece64e9,TX,48377,2,2022-11-09T01:00:00.000Z,FIPSCode,48377,0,2022-11-09T14:39:00.333Z,8,98.98,8,100,62962,1025,61.97,62492,550,33.25,63492,79,4.78,1671,99,1654,4047,8,8
1668005801,2022-11-09 08:56:41 -0600,0d91baa7840bfa536d1d6ff8ddee6b3bc8cf43d1,TX,48377,2,2022-11-09T01:00:00.000Z,FIPSCode,48377,0,2022-11-09T14:39:00.333Z,8,98.98,8,100,62962,1025,61.97,62492,550,33.25,63492,79,4.78,1671,99,1654,4047,8,8
1668005841,2022-11-09 08:57:21 -0600,12993f9fa4bbae6815cb69862bd0625d2669ac5c,TX,48377,2,2022-11-09T01:00:00.000Z,FIPSCode,48377,0,2022-11-09T14:39:00.333Z,8,98.98,8,100,62962,1025,61.97,62492,550,33.25,63492,79,4.78,1671,99,1654,4047,8,8
1668005881,2022-11-09 08:58:01 -0600,2f050442db7af87073e0ba7eae4b52d4b9aad7a1,TX,48377,2,2022-11-09T01:00:00.000Z,FIPSCode,48377,0,2022-11-09T14:39:00.333Z,8,98.98,8,100,62962,1025,61.97,62492,550,33.25,63492,79,4.78,1671,99,1654,4047,8,8
1668005922,2022-11-09 08:58:42 -0600,010b3051918a5ece085a5de0fce7f5e27f57dc55,TX,48377,2,2022-11-09T01:00:00.000Z,FIPSCode,48377,0,2022-11-09T14:39:00.333Z,8,98.98,8,100,62962,1025,61.97,62492,550,33.25,63492,79,4.78,1671,99,1654,4047,8,8
1668005963,2022-11-09 08:59:23 -0600,f9d1f33703f144a50380fd021fd18e3b66d1c3e8,TX,48377,2,2022-11-09T01:00:00.000Z,FIPSCode,48377,0,2022-11-09T14:39:00.333Z,8,98.98,8,100,62962,1025,61.97,62492,550,33.25,63492,79,4.78,1671,99,1654,4047,8,8
1668006002,2022-11-09 09:00:02 -0600,03f331904dd6fa9a68eab47e7b6126e4bc4f2a21,TX,48377,2,2022-11-09T01:00:00.000Z,FIPSCode,48377,0,2022-11-09T14:39:00.333Z,8,98.98,8,100,62962,1025,61.97,62492,550,33.25,63492,79,4.78,1671,99,1654,4047,8,8
1668006044,2022-11-09 09:00:44 -0600,88cf8705d47f406adcf0875ba231023fb547d9e1,TX,48377,2,2022-11-09T01:00:00.000Z,FIPSCode,48377,0,2022-11-09T14:39:00.333Z,8,98.98,8,100,62962,1025,61.97,62492,550,33.25,63492,79,4.78,1671,99,1654,4047,8,8
1668006124,2022-11-09 09:02:04 -0600,92e899ac6c0af89fdf7479ecfb2703f964c65a0e,TX,48377,2,2022-11-09T01:00:00.000Z,FIPSCode,48377,0,2022-11-09T14:39:00.333Z,8,98.98,8,100,62962,1025,61.97,62492,550,33.25,63492,79,4.78,1671,99,1654,4047,8,8
1668006166,2022-11-09 09:02:46 -0600,6c6461d81fc6de781fde6de0d6e01af07b3e8936,TX,48377,2,2022-11-09T01:00:00.000Z,FIPSCode,48377,0,2022-11-09T14:39:00.333Z,8,98.98,8,100,62962,1025,61.97,62492,550,33.25,63492,79,4.78,1671,99,1654,4047,8,8
1668006248,2022-11-09 09:04:08 -0600,2ddfe46350281fd802f61114acacb259fba5b686,TX,48377,2,2022-11-09T01:00:00.000Z,FIPSCode,48377,0,2022-11-09T14:39:00.333Z,8,98.98,8,100,62962,1025,61.97,62492,550,33.25,63492,79,4.78,1671,99,1654,4047,8,8
1668006288,2022-11-09 09:04:48 -0600,e0e40b70a1b0540a49aff6a8cd23d9c7034b2ee6,TX,48377,2,2022-11-09T01:00:00.000Z,FIPSCode,48377,0,2022-11-09T14:39:00.333Z,8,98.98,8,100,62962,1025,61.97,62492,550,33.25,63492,79,4.78,1671,99,1654,4047,8,8
1668006370,2022-11-09 09:06:10 -0600,c8673591ea870e6c097f4102a0483f7cf4142d44,TX,48377,2,2022-11-09T01:00:00.000Z,FIPSCode,48377,0,2022-11-09T14:39:00.333Z,8,98.98,8,100,62962,1025,61.97,62492,550,33.25,63492,79,4.78,1671,99,1654,4047,8,8
1668006410,2022-11-09 09:06:50 -0600,73a43ccba5ee483d503b65c05400f3d9ba231823,TX,48377,2,2022-11-09T01:00:00.000Z,FIPSCode,48377,0,2022-11-09T14:39:00.333Z,8,98.98,8,100,62962,1025,61.97,62492,550,33.25,63492,79,4.78,1671,99,1654,4047,8,8
1668006452,2022-11-09 09:07:32 -0600,42a1033f1937c3b0511cd442b989732120775b3a,TX,48377,2,2022-11-09T01:00:00.000Z,FIPSCode,48377,0,2022-11-09T14:39:00.333Z,8,98.98,8,100,62962,1025,61.97,62492,550,33.25,63492,79,4.78,1671,99,1654,4047,8,8
1668006492,2022-11-09 09:08:12 -0600,115aff085cc7e211713fd6506cb67af95d7abda1,TX,48377,2,2022-11-09T01:00:00.000Z,FIPSCode,48377,0,2022-11-09T14:39:00.333Z,8,98.98,8,100,62962,1025,61.97,62492,550,33.25,63492,79,4.78,1671,99,1654,4047,8,8
1668006533,2022-11-09 09:08:53 -0600,1ef6384592edcafddbb0ff8e390de9bbf4eb5918,TX,48377,2,2022-11-09T01:00:00.000Z,FIPSCode,48377,0,2022-11-09T14:39:00.333Z,8,98.98,8,100,62962,1025,61.97,62492,550,33.25,63492,79,4.78,1671,99,1654,4047,8,8
1668006573,2022-11-09 09:09:33 -0600,e240040bb24af9f262fe43237ee4ca62dcc50c70,TX,48377,2,2022-11-09T01:00:00.000Z,FIPSCode,48377,0,2022-11-09T14:39:00.333Z,8,98.98,8,100,62962,1025,61.97,62492,550,33.25,63492,79,4.78,1671,99,1654,4047,8,8
1668006615,2022-11-09 09:10:15 -0600,649ef87a8882f4374ee76c22d12af44701370d31,TX,48377,2,2022-11-09T01:00:00.000Z,FIPSCode,48377,0,2022-11-09T14:39:00.333Z,8,98.98,8,100,62962,1025,61.97,62492,550,33.25,63492,79,4.78,1671,99,1654,4047,8,8
1668006656,2022-11-09 09:10:56 -0600,167919462a0707f3c0cfb309913efd48f9276b12,TX,48377,2,2022-11-09T01:00:00.000Z,FIPSCode,48377,0,2022-11-09T14:39:00.333Z,8,98.98,8,100,62962,1025,61.97,62492,550,33.25,63492,79,4.78,1671,99,1654,4047,8,8
1668006696,2022-11-09 09:11:36 -0600,8e20658c1fbcb1f007bb0768d4729295c12ec3a9,TX,48377,2,2022-11-09T01:00:00.000Z,FIPSCode,48377,0,2022-11-09T14:39:00.333Z,8,98.98,8,100,62962,1025,61.97,62492,550,33.25,63492,79,4.78,1671,99,1654,4047,8,8
1668006739,2022-11-09 09:12:19 -0600,fc998c998fb95c3d36e9a0dc0813ae1de3ccce2b,TX,48377,2,2022-11-09T01:00:00.000Z,FIPSCode,48377,0,2022-11-09T14:39:00.333Z,8,98.98,8,100,62962,1025,61.97,62492,550,33.25,63492,79,4.78,1671,99,1654,4047,8,8
1668006778,2022-11-09 09:12:58 -0600,636a2ed89d2354abc2d55d1b61bbd660b224b50f,TX,48377,2,2022-11-09T01:00:00.000Z,FIPSCode,48377,0,2022-11-09T14:39:00.333Z,8,98.98,8,100,62962,1025,61.97,62492,550,33.25,63492,79,4.78,1671,99,1654,4047,8,8
1668006819,2022-11-09 09:13:39 -0600,35aa3108a75242f36421b94550a9841b0ef5435c,TX,48377,2,2022-11-09T01:00:00.000Z,FIPSCode,48377,0,2022-11-09T14:39:00.333Z,8,98.98,8,100,62962,1025,61.97,62492,550,33.25,63492,79,4.78,1671,99,1654,4047,8,8
1668006860,2022-11-09 09:14:20 -0600,9518afc98bc0a25d5524a44185eda8ff04d969a8,TX,48377,2,2022-11-09T01:00:00.000Z,FIPSCode,48377,0,2022-11-09T14:39:00.333Z,8,98.98,8,100,62962,1025,61.97,62492,550,33.25,63492,79,4.78,1671,99,1654,4047,8,8
1668006901,2022-11-09 09:15:01 -0600,f21267999011947f39c2ad912edb85baae0d4b52,TX,48377,2,2022-11-09T01:00:00.000Z,FIPSCode,48377,0,2022-11-09T14:39:00.333Z,8,98.98,8,100,62962,1025,61.97,62492,550,33.25,63492,79,4.78,1671,99,1654,4047,8,8
1668006943,2022-11-09 09:15:43 -0600,3007c0fbd94a6cd8b1ef96df6562683fea8b9cc5,TX,48377,2,2022-11-09T01:00:00.000Z,FIPSCode,48377,0,2022-11-09T15:15:18.276Z,8,98.98,8,100,62962,1025,61.97,62492,550,33.25,63492,79,4.78,1671,99,1654,4047,8,8
1668006983,2022-11-09 09:16:23 -0600,2a7242d8b06b039aca3206fce535c2f010a18c71,TX,48377,2,2022-11-09T01:00:00.000Z,FIPSCode,48377,0,2022-11-09T15:15:18.276Z,8,98.98,8,100,62962,1025,61.97,62492,550,33.25,63492,79,4.78,1671,99,1654,4047,8,8
1668007024,2022-11-09 09:17:04 -0600,f7a3e790a3e4fbb4fd8791acd3bdf21ad9fbc07f,TX,48377,2,2022-11-09T01:00:00.000Z,FIPSCode,48377,0,2022-11-09T15:15:18.276Z,8,98.98,8,100,62962,1025,61.97,62492,550,33.25,63492,79,4.78,1671,99,1654,4047,8,8
1668007064,2022-11-09 09:17:44 -0600,d0b2eb0a4448c9f69ea5d586fac46faa205c45dc,TX,48377,2,2022-11-09T01:00:00.000Z,FIPSCode,48377,0,2022-11-09T15:16:59.118Z,8,98.98,8,100,62962,1025,61.97,62492,550,33.25,63492,79,4.78,1671,99,1654,4047,8,8
1668007105,2022-11-09 09:18:25 -0600,1a24f83ca1cf403357e2b24fa6c87497103d847e,TX,48377,2,2022-11-09T01:00:00.000Z,FIPSCode,48377,0,2022-11-09T15:16:59.118Z,8,98.98,8,100,62962,1025,61.97,62492,550,33.25,63492,79,4.78,1671,99,1654,4047,8,8
1668007145,2022-11-09 09:19:05 -0600,70e3ff1a64c7848981d7ecc33bbb3cbe270d6380,TX,48377,2,2022-11-09T01:00:00.000Z,FIPSCode,48377,0,2022-11-09T15:18:15.610Z,8,98.98,8,100,62962,1025,61.97,62492,550,33.25,63492,79,4.78,1671,99,1654,4047,8,8
1668007185,2022-11-09 09:19:45 -0600,4ac7e5aec524ec5d33db9e1aec49a985a8583b74,TX,48377,2,2022-11-09T01:00:00.000Z,FIPSCode,48377,0,2022-11-09T15:18:15.610Z,8,98.98,8,100,62962,1025,61.97,62492,550,33.25,63492,79,4.78,1671,99,1654,4047,8,8
1668007226,2022-11-09 09:20:26 -0600,7e4a42aadba649e416b93a4880892df978741226,TX,48377,2,2022-11-09T01:00:00.000Z,FIPSCode,48377,0,2022-11-09T15:18:15.610Z,8,98.98,8,100,62962,1025,61.97,62492,550,33.25,63492,79,4.78,1671,99,1654,4047,8,8
1668007266,2022-11-09 09:21:06 -0600,57dbe3c51dc4a6c9ecfbf50bf7f2c7f6a80aef58,TX,48377,2,2022-11-09T01:00:00.000Z,FIPSCode,48377,0,2022-11-09T15:18:15.610Z,8,98.98,8,100,62962,1025,61.97,62492,550,33.25,63492,79,4.78,1671,99,1654,4047,8,8
1668007306,2022-11-09 09:21:46 -0600,033a2ccfbacaf733d51acf4436971b8ca52f2dc6,TX,48377,2,2022-11-09T01:00:00.000Z,FIPSCode,48377,0,2022-11-09T15:18:15.610Z,8,98.98,8,100,62962,1025,61.97,62492,550,33.25,63492,79,4.78,1671,99,1654,4047,8,8
1668007387,2022-11-09 09:23:07 -0600,bea0c94185fce6e47125e27fdd292e977a1919ae,TX,48377,2,2022-11-09T01:00:00.000Z,FIPSCode,48377,0,2022-11-09T15:18:15.610Z,8,98.98,8,100,62962,1025,61.97,62492,550,33.25,63492,79,4.78,1671,99,1654,4047,8,8
1668007427,2022-11-09 09:23:47 -0600,810d539dcb78e8fb01be53cd8a268c9a5599e883,TX,48377,2,2022-11-09T01:00:00.000Z,FIPSCode,48377,0,2022-11-09T15:18:15.610Z,8,98.98,8,100,62962,1025,61.97,62492,550,33.25,63492,79,4.78,1671,99,1654,4047,8,8
1668007468,2022-11-09 09:24:28 -0600,a95193f808ce663b6451bc7ad7d36cc7505d3dca,TX,48377,2,2022-11-09T01:00:00.000Z,FIPSCode,48377,0,2022-11-09T15:23:56.387Z,8,98.98,8,100,62962,1025,61.97,62492,550,33.25,63492,79,4.78,1671,99,1654,4047,8,8
1668007509,2022-11-09 09:25:09 -0600,b85fd38276b6000fb4a31432cab1a1e6fb9e8fc0,TX,48377,2,2022-11-09T01:00:00.000Z,FIPSCode,48377,0,2022-11-09T15:24:19.242Z,8,98.98,8,100,62962,1025,61.97,62492,550,33.25,63492,79,4.78,1671,99,1654,4047,8,8
1668007672,2022-11-09 09:27:52 -0600,d2fae316d1cdcc38fce18fe769ac97b545fa77dc,TX,48377,2,2022-11-09T01:00:00.000Z,FIPSCode,48377,0,2022-11-09T15:25:20.035Z,8,98.98,8,100,62962,1025,61.97,62492,550,33.25,63492,79,4.78,1671,99,1654,4047,8,8
1668007712,2022-11-09 09:28:32 -0600,3013b7b0c6df275647f8b8665fba5839b1fd0b54,TX,48377,2,2022-11-09T01:00:00.000Z,FIPSCode,48377,0,2022-11-09T15:25:20.035Z,8,98.98,8,100,62962,1025,61.97,62492,550,33.25,63492,79,4.78,1671,99,1654,4047,8,8
1668007753,2022-11-09 09:29:13 -0600,12c46f52f302eec6d53a89451012e01a709f120a,TX,48377,2,2022-11-09T01:00:00.000Z,FIPSCode,48377,0,2022-11-09T15:25:20.035Z,8,98.98,8,100,62962,1025,61.97,62492,550,33.25,63492,79,4.78,1671,99,1654,4047,8,8
1668007794,2022-11-09 09:29:54 -0600,609efe51fa52be4e4ab0bca2d10e749e561c9ce4,TX,48377,2,2022-11-09T01:00:00.000Z,FIPSCode,48377,0,2022-11-09T15:25:20.035Z,8,98.98,8,100,62962,1025,61.97,62492,550,33.25,63492,79,4.78,1671,99,1654,4047,8,8
1668007834,2022-11-09 09:30:34 -0600,464b8f767376d618e794a56a3257f748489cbd47,TX,48377,2,2022-11-09T01:00:00.000Z,FIPSCode,48377,0,2022-11-09T15:25:20.035Z,8,98.98,8,100,62962,1025,61.97,62492,550,33.25,63492,79,4.78,1671,99,1654,4047,8,8
1668007958,2022-11-09 09:32:38 -0600,9ee2c56ac32030f31659c088b6cae3bac4d7e870,TX,48377,2,2022-11-09T01:00:00.000Z,FIPSCode,48377,0,2022-11-09T15:25:20.035Z,8,98.98,8,100,62962,1025,61.97,62492,550,33.25,63492,79,4.78,1671,99,1654,4047,8,8
1668007997,2022-11-09 09:33:17 -0600,c31f8323a740c6a07cb9d427e62bf507cddf2040,TX,48377,2,2022-11-09T01:00:00.000Z,FIPSCode,48377,0,2022-11-09T15:25:20.035Z,8,98.98,8,100,62962,1025,61.97,62492,550,33.25,63492,79,4.78,1671,99,1654,4047,8,8
1668008037,2022-11-09 09:33:57 -0600,4779ec774c5f2518605741f744afd415f0ba829d,TX,48377,2,2022-11-09T01:00:00.000Z,FIPSCode,48377,0,2022-11-09T15:25:20.035Z,8,98.98,8,100,62962,1025,61.97,62492,550,33.25,63492,79,4.78,1671,99,1654,4047,8,8
1668008078,2022-11-09 09:34:38 -0600,e6ee907ed8a6179329164aeeccfc106c7d0916e6,TX,48377,2,2022-11-09T01:00:00.000Z,FIPSCode,48377,0,2022-11-09T15:25:20.035Z,8,98.98,8,100,62962,1025,61.97,62492,550,33.25,63492,79,4.78,1671,99,1654,4047,8,8
1668008121,2022-11-09 09:35:21 -0600,b80564f1e93c71d4fbfdd4bc2eecbc45c51aaad8,TX,48377,2,2022-11-09T01:00:00.000Z,FIPSCode,48377,0,2022-11-09T15:25:20.035Z,8,98.98,8,100,62962,1025,61.97,62492,550,33.25,63492,79,4.78,1671,99,1654,4047,8,8
1668008162,2022-11-09 09:36:02 -0600,ee3ba892b0a9d70f7fa76b610d9240079f71b247,TX,48377,2,2022-11-09T01:00:00.000Z,FIPSCode,48377,0,2022-11-09T15:25:20.035Z,8,98.98,8,100,62962,1025,61.97,62492,550,33.25,63492,79,4.78,1671,99,1654,4047,8,8
1668008202,2022-11-09 09:36:42 -0600,a2a3f777d5bf91f45fb3fb657ffd78f4c8edc2f0,TX,48377,2,2022-11-09T01:00:00.000Z,FIPSCode,48377,0,2022-11-09T15:25:20.035Z,8,98.98,8,100,62962,1025,61.97,62492,550,33.25,63492,79,4.78,1671,99,1654,4047,8,8
1668008241,2022-11-09 09:37:21 -0600,9e4a290ce56ed69fb572218981618fb5cacdc944,TX,48377,2,2022-11-09T01:00:00.000Z,FIPSCode,48377,0,2022-11-09T15:25:20.035Z,8,98.98,8,100,62962,1025,61.97,62492,550,33.25,63492,79,4.78,1671,99,1654,4047,8,8
1668008283,2022-11-09 09:38:03 -0600,bced99b1536e5338ec75c756fbe9d23ae3240399,TX,48377,2,2022-11-09T01:00:00.000Z,FIPSCode,48377,0,2022-11-09T15:25:20.035Z,8,98.98,8,100,62962,1025,61.97,62492,550,33.25,63492,79,4.78,1671,99,1654,4047,8,8
1668008321,2022-11-09 09:38:41 -0600,ee191cc90067ca3af77cd51575681b1f04a13c1e,TX,48377,2,2022-11-09T01:00:00.000Z,FIPSCode,48377,0,2022-11-09T15:25:20.035Z,8,98.98,8,100,62962,1025,61.97,62492,550,33.25,63492,79,4.78,1671,99,1654,4047,8,8
1668008363,2022-11-09 09:39:23 -0600,4c6b9b20960762f2ce7ebea4971969196bf23aa9,TX,48377,2,2022-11-09T01:00:00.000Z,FIPSCode,48377,0,2022-11-09T15:25:20.035Z,8,98.98,8,100,62962,1025,61.97,62492,550,33.25,63492,79,4.78,1671,99,1654,4047,8,8
1668008403,2022-11-09 09:40:03 -0600,8ad92182bca6e3f338c6f1342265586ab3037086,TX,48377,2,2022-11-09T01:00:00.000Z,FIPSCode,48377,0,2022-11-09T15:25:20.035Z,8,98.98,8,100,62962,1025,61.97,62492,550,33.25,63492,79,4.78,1671,99,1654,4047,8,8
1668008444,2022-11-09 09:40:44 -0600,7a7d57c5f6e24a7c3a58f95fb1be6a6a35d03970,TX,48377,2,2022-11-09T01:00:00.000Z,FIPSCode,48377,0,2022-11-09T15:25:20.035Z,8,98.98,8,100,62962,1025,61.97,62492,550,33.25,63492,79,4.78,1671,99,1654,4047,8,8
1668008484,2022-11-09 09:41:24 -0600,696d392101b7df3252766d38bfc17cbd4e0bea25,TX,48377,2,2022-11-09T01:00:00.000Z,FIPSCode,48377,0,2022-11-09T15:25:20.035Z,8,98.98,8,100,62962,1025,61.97,62492,550,33.25,63492,79,4.78,1671,99,1654,4047,8,8
1668008525,2022-11-09 09:42:05 -0600,e3238c32a61096c5dc42dea84c60bdd3ff7c4629,TX,48377,2,2022-11-09T01:00:00.000Z,FIPSCode,48377,0,2022-11-09T15:25:20.035Z,8,98.98,8,100,62962,1025,61.97,62492,550,33.25,63492,79,4.78,1671,99,1654,4047,8,8
1668008565,2022-11-09 09:42:45 -0600,6de0d5aa8a09a0eb66eb64ed87c1579491250449,TX,48377,2,2022-11-09T01:00:00.000Z,FIPSCode,48377,0,2022-11-09T15:25:20.035Z,8,98.98,8,100,62962,1025,61.97,62492,550,33.25,63492,79,4.78,1671,99,1654,4047,8,8
1668008605,2022-11-09 09:43:25 -0600,07f360cc2ba5105c5f02f855cd5f4098e61e4ca9,TX,48377,2,2022-11-09T01:00:00.000Z,FIPSCode,48377,0,2022-11-09T15:25:20.035Z,8,98.98,8,100,62962,1025,61.97,62492,550,33.25,63492,79,4.78,1671,99,1654,4047,8,8
1668008647,2022-11-09 09:44:07 -0600,a29ae319d8e2179ffed6e1ca850277640b6f8c02,TX,48377,2,2022-11-09T01:00:00.000Z,FIPSCode,48377,0,2022-11-09T15:43:18.741Z,8,98.98,8,100,62962,1025,61.97,62492,550,33.25,63492,79,4.78,1671,99,1654,4047,8,8
1668008687,2022-11-09 09:44:47 -0600,0788ccea03c4c514afffce1e59b8768e6a707040,TX,48377,2,2022-11-09T01:00:00.000Z,FIPSCode,48377,0,2022-11-09T15:43:18.741Z,8,98.98,8,100,62962,1025,61.97,62492,550,33.25,63492,79,4.78,1671,99,1654,4047,8,8
1668008728,2022-11-09 09:45:28 -0600,3162c81a60eb7be2506d6fe6665c62f47530a485,TX,48377,2,2022-11-09T01:00:00.000Z,FIPSCode,48377,0,2022-11-09T15:45:00.118Z,8,98.98,8,100,62962,1025,61.97,62492,550,33.25,63492,79,4.78,1671,99,1654,4047,8,8
1668008769,2022-11-09 09:46:09 -0600,15a255388547e109ae522086e2fc33265bd73f9f,TX,48377,2,2022-11-09T01:00:00.000Z,FIPSCode,48377,0,2022-11-09T15:45:18.528Z,8,98.98,8,100,62962,1025,61.97,62492,550,33.25,63492,79,4.78,1671,99,1654,4047,8,8
1668008811,2022-11-09 09:46:51 -0600,af91d94677404b54ebad3dd25a0cba4098d7569d,TX,48377,2,2022-11-09T01:00:00.000Z,FIPSCode,48377,0,2022-11-09T15:46:17.776Z,8,98.98,8,100,62962,1025,61.97,62492,550,33.25,63492,79,4.78,1671,99,1654,4047,8,8
1668008851,2022-11-09 09:47:31 -0600,4eae96cb5afd738f6ff1a06c1e6f29b746e53059,TX,48377,2,2022-11-09T01:00:00.000Z,FIPSCode,48377,0,2022-11-09T15:46:17.776Z,8,98.98,8,100,62962,1025,61.97,62492,550,33.25,63492,79,4.78,1671,99,1654,4047,8,8
1668008893,2022-11-09 09:48:13 -0600,dc8e785f7656e918f5dae83bcc693dd8b1fec0b1,TX,48377,2,2022-11-09T01:00:00.000Z,FIPSCode,48377,0,2022-11-09T15:46:17.776Z,8,98.98,8,100,62962,1025,61.97,62492,550,33.25,63492,79,4.78,1671,99,1654,4047,8,8
1668008933,2022-11-09 09:48:53 -0600,a34346dad298d19229aea3d5a87817fdbc7bef00,TX,48377,2,2022-11-09T01:00:00.000Z,FIPSCode,48377,0,2022-11-09T15:46:17.776Z,8,98.98,8,100,62962,1025,61.97,62492,550,33.25,63492,79,4.78,1671,99,1654,4047,8,8
1668008974,2022-11-09 09:49:34 -0600,e714dd6ae238fbda1ba3df413da7a41154f39add,TX,48377,2,2022-11-09T01:00:00.000Z,FIPSCode,48377,0,2022-11-09T15:46:17.776Z,8,98.98,8,100,62962,1025,61.97,62492,550,33.25,63492,79,4.78,1671,99,1654,4047,8,8
1668009015,2022-11-09 09:50:15 -0600,a58abf3ce5014c3ab300c7ccbe315dede076fe2d,TX,48377,2,2022-11-09T01:00:00.000Z,FIPSCode,48377,0,2022-11-09T15:46:17.776Z,8,98.98,8,100,62962,1025,61.97,62492,550,33.25,63492,79,4.78,1671,99,1654,4047,8,8
1668009055,2022-11-09 09:50:55 -0600,ca21631bef466daf18eb75515a4448ef84a9d26d,TX,48377,2,2022-11-09T01:00:00.000Z,FIPSCode,48377,0,2022-11-09T15:50:20.438Z,8,98.98,8,100,62962,1025,61.97,62492,550,33.25,63492,79,4.78,1671,99,1654,4047,8,8
1668009097,2022-11-09 09:51:37 -0600,da607f5d2265cb4100a2d56c17b13c4421b1c146,TX,48377,2,2022-11-09T01:00:00.000Z,FIPSCode,48377,0,2022-11-09T15:50:20.438Z,8,98.98,8,100,62962,1025,61.97,62492,550,33.25,63492,79,4.78,1671,99,1654,4047,8,8
1668009138,2022-11-09 09:52:18 -0600,ed2b0bcf3f643ba99f29f2dae1192b8b01c130ef,TX,48377,2,2022-11-09T01:00:00.000Z,FIPSCode,48377,0,2022-11-09T15:51:37.148Z,8,98.98,8,100,62962,1025,61.97,62492,550,33.25,63492,79,4.78,1671,99,1654,4047,8,8
1668009179,2022-11-09 09:52:59 -0600,82e6b1c43ede5c94414df2640ec15246a5ef7705,TX,48377,2,2022-11-09T01:00:00.000Z,FIPSCode,48377,0,2022-11-09T15:52:19.187Z,8,98.98,8,100,62962,1025,61.97,62492,550,33.25,63492,79,4.78,1671,99,1654,4047,8,8
1668009221,2022-11-09 09:53:41 -0600,9a0a6eb57298d053ea4997217d4e21af6b192e07,TX,48377,2,2022-11-09T01:00:00.000Z,FIPSCode,48377,0,2022-11-09T15:52:19.187Z,8,98.98,8,100,62962,1025,61.97,62492,550,33.25,63492,79,4.78,1671,99,1654,4047,8,8
1668009262,2022-11-09 09:54:22 -0600,05b2df033de8074b9e224f40acbc04f63ff3f1d3,TX,48377,2,2022-11-09T01:00:00.000Z,FIPSCode,48377,0,2022-11-09T15:52:19.187Z,8,98.98,8,100,62962,1025,61.97,62492,550,33.25,63492,79,4.78,1671,99,1654,4047,8,8
1668009303,2022-11-09 09:55:03 -0600,493d445a784846a37c4a1c96ce7d5914225ae853,TX,48377,2,2022-11-09T01:00:00.000Z,FIPSCode,48377,0,2022-11-09T15:52:19.187Z,8,98.98,8,100,62962,1025,61.97,62492,550,33.25,63492,79,4.78,1671,99,1654,4047,8,8
1668009344,2022-11-09 09:55:44 -0600,103f7dcb639cffed26127c0f99e8d0d25a317cde,TX,48377,2,2022-11-09T01:00:00.000Z,FIPSCode,48377,0,2022-11-09T15:52:19.187Z,8,98.98,8,100,62962,1025,61.97,62492,550,33.25,63492,79,4.78,1671,99,1654,4047,8,8
1668009384,2022-11-09 09:56:24 -0600,4a507cdb9be992bd073bab4e140fcadf1b06c6d8,TX,48377,2,2022-11-09T01:00:00.000Z,FIPSCode,48377,0,2022-11-09T15:52:19.187Z,8,98.98,8,100,62962,1025,61.97,62492,550,33.25,63492,79,4.78,1671,99,1654,4047,8,8
1668009425,2022-11-09 09:57:05 -0600,79bb21e46d58300d1d505b68ee8ecdd642a8f532,TX,48377,2,2022-11-09T01:00:00.000Z,FIPSCode,48377,0,2022-11-09T15:52:19.187Z,8,98.98,8,100,62962,1025,61.97,62492,550,33.25,63492,79,4.78,1671,99,1654,4047,8,8
1668009466,2022-11-09 09:57:46 -0600,403ca7e5cc3ea0259720dcc478172fa6d2b8852b,TX,48377,2,2022-11-09T01:00:00.000Z,FIPSCode,48377,0,2022-11-09T15:52:19.187Z,8,98.98,8,100,62962,1025,61.97,62492,550,33.25,63492,79,4.78,1671,99,1654,4047,8,8
1668009506,2022-11-09 09:58:26 -0600,5e2f03394495092ba7b1b579276c8bf3194685b4,TX,48377,2,2022-11-09T01:00:00.000Z,FIPSCode,48377,0,2022-11-09T15:52:19.187Z,8,98.98,8,100,62962,1025,61.97,62492,550,33.25,63492,79,4.78,1671,99,1654,4047,8,8
1668009546,2022-11-09 09:59:06 -0600,6e378ac858fc1545987dd420bf05dcea84f12ae7,TX,48377,2,2022-11-09T01:00:00.000Z,FIPSCode,48377,0,2022-11-09T15:52:19.187Z,8,98.98,8,100,62962,1025,61.97,62492,550,33.25,63492,79,4.78,1671,99,1654,4047,8,8
1668009587,2022-11-09 09:59:47 -0600,d480cdd5ee548a2e4fd3b00fd65b46559426b34b,TX,48377,2,2022-11-09T01:00:00.000Z,FIPSCode,48377,0,2022-11-09T15:52:19.187Z,8,98.98,8,100,62962,1025,61.97,62492,550,33.25,63492,79,4.78,1671,99,1654,4047,8,8
1668009628,2022-11-09 10:00:28 -0600,ccba9a7ad97689de5831484242aaefff4a48998e,TX,48377,2,2022-11-09T01:00:00.000Z,FIPSCode,48377,0,2022-11-09T15:52:19.187Z,8,98.98,8,100,62962,1025,61.97,62492,550,33.25,63492,79,4.78,1671,99,1654,4047,8,8
1668009669,2022-11-09 10:01:09 -0600,54f6b2eac7d596c4b9fc2605b9a549e39c140695,TX,48377,2,2022-11-09T01:00:00.000Z,FIPSCode,48377,0,2022-11-09T15:52:19.187Z,8,98.98,8,100,62962,1025,61.97,62492,550,33.25,63492,79,4.78,1671,99,1654,4047,8,8
1668009710,2022-11-09 10:01:50 -0600,74116622b8c9b2150fa904b12a554af9ef5dfe6f,TX,48377,2,2022-11-09T01:00:00.000Z,FIPSCode,48377,0,2022-11-09T15:52:19.187Z,8,98.98,8,100,62962,1025,61.97,62492,550,33.25,63492,79,4.78,1671,99,1654,4047,8,8
1668009751,2022-11-09 10:02:31 -0600,bc4e6acb19e3f7b144fb6b3f301c19cc6e35f693,TX,48377,2,2022-11-09T01:00:00.000Z,FIPSCode,48377,0,2022-11-09T15:52:19.187Z,8,98.98,8,100,62962,1025,61.97,62492,550,33.25,63492,79,4.78,1671,99,1654,4047,8,8
1668009791,2022-11-09 10:03:11 -0600,168a5c44c08980df5211064870e4e8418b67d4d8,TX,48377,2,2022-11-09T01:00:00.000Z,FIPSCode,48377,0,2022-11-09T15:52:19.187Z,8,98.98,8,100,62962,1025,61.97,62492,550,33.25,63492,79,4.78,1671,99,1654,4047,8,8
1668009833,2022-11-09 10:03:53 -0600,e548f3e1d556d9aab4282bf27d853f5838774858,TX,48377,2,2022-11-09T01:00:00.000Z,FIPSCode,48377,0,2022-11-09T15:52:19.187Z,8,98.98,8,100,62962,1025,61.97,62492,550,33.25,63492,79,4.78,1671,99,1654,4047,8,8
1668009874,2022-11-09 10:04:34 -0600,11b8834593a88447f151c2b14e88da1e99d29b7a,TX,48377,2,2022-11-09T01:00:00.000Z,FIPSCode,48377,0,2022-11-09T15:52:19.187Z,8,98.98,8,100,62962,1025,61.97,62492,550,33.25,63492,79,4.78,1671,99,1654,4047,8,8
1668009915,2022-11-09 10:05:15 -0600,deca978d2dbb8ad869cb71528fef42155ecc7a0d,TX,48377,2,2022-11-09T01:00:00.000Z,FIPSCode,48377,0,2022-11-09T15:52:19.187Z,8,98.98,8,100,62962,1025,61.97,62492,550,33.25,63492,79,4.78,1671,99,1654,4047,8,8
1668009956,2022-11-09 10:05:56 -0600,a19678ee22e50e9909778b88f3520bc5939e89b8,TX,48377,2,2022-11-09T01:00:00.000Z,FIPSCode,48377,0,2022-11-09T15:52:19.187Z,8,98.98,8,100,62962,1025,61.97,62492,550,33.25,63492,79,4.78,1671,99,1654,4047,8,8
1668009996,2022-11-09 10:06:36 -0600,d86e01de1ad3a6bc9f8847eb2864d81b8848bccf,TX,48377,2,2022-11-09T01:00:00.000Z,FIPSCode,48377,0,2022-11-09T15:52:19.187Z,8,98.98,8,100,62962,1025,61.97,62492,550,33.25,63492,79,4.78,1671,99,1654,4047,8,8
1668010038,2022-11-09 10:07:18 -0600,7f882ee806ab6b93215a59fa3c5a05469e090576,TX,48377,2,2022-11-09T01:00:00.000Z,FIPSCode,48377,0,2022-11-09T15:52:19.187Z,8,98.98,8,100,62962,1025,61.97,62492,550,33.25,63492,79,4.78,1671,99,1654,4047,8,8
1668010078,2022-11-09 10:07:58 -0600,c64d9949bd83aacb0615ca297bcbf8884d3fa4a5,TX,48377,2,2022-11-09T01:00:00.000Z,FIPSCode,48377,0,2022-11-09T15:52:19.187Z,8,98.98,8,100,62962,1025,61.97,62492,550,33.25,63492,79,4.78,1671,99,1654,4047,8,8
1668010121,2022-11-09 10:08:41 -0600,c38745d8182dec6b7878083215e13d3489f1534d,TX,48377,2,2022-11-09T01:00:00.000Z,FIPSCode,48377,0,2022-11-09T15:52:19.187Z,8,98.98,8,100,62962,1025,61.97,62492,550,33.25,63492,79,4.78,1671,99,1654,4047,8,8
1668010203,2022-11-09 10:10:03 -0600,d675e5bf7ec81abbdc87efd897c84b8bc774de9d,TX,48377,2,2022-11-09T01:00:00.000Z,FIPSCode,48377,0,2022-11-09T15:52:19.187Z,8,98.98,8,100,62962,1025,61.97,62492,550,33.25,63492,79,4.78,1671,99,1654,4047,8,8
1668010245,2022-11-09 10:10:45 -0600,c4b5308f940511c9838b928c648ccd32f76b1dc7,TX,48377,2,2022-11-09T01:00:00.000Z,FIPSCode,48377,0,2022-11-09T16:10:18.721Z,8,98.98,8,100,62962,1025,61.97,62492,550,33.25,63492,79,4.78,1671,99,1654,4047,8,8
1668010285,2022-11-09 10:11:25 -0600,b64b12d7f879ecda657a24a58c402a84aed97c29,TX,48377,2,2022-11-09T01:00:00.000Z,FIPSCode,48377,0,2022-11-09T16:10:18.721Z,8,98.98,8,100,62962,1025,61.97,62492,550,33.25,63492,79,4.78,1671,99,1654,4047,8,8
1668010329,2022-11-09 10:12:09 -0600,2c68f6da732af379db0136e9620f465556d8bc74,TX,48377,2,2022-11-09T01:00:00.000Z,FIPSCode,48377,0,2022-11-09T16:11:18.546Z,8,98.98,8,100,62962,1025,61.97,62492,550,33.25,63492,79,4.78,1671,99,1654,4047,8,8
1668010371,2022-11-09 10:12:51 -0600,8552c5c15160da81b68846865e7ca5cf9b813567,TX,48377,2,2022-11-09T01:00:00.000Z,FIPSCode,48377,0,2022-11-09T16:11:18.546Z,8,98.98,8,100,62962,1025,61.97,62492,550,33.25,63492,79,4.78,1671,99,1654,4047,8,8
1668010412,2022-11-09 10:13:32 -0600,fe0811daba2f34ba72aa0fbcb6b7ac72fa000630,TX,48377,2,2022-11-09T01:00:00.000Z,FIPSCode,48377,0,2022-11-09T16:11:18.546Z,8,98.98,8,100,62962,1025,61.97,62492,550,33.25,63492,79,4.78,1671,99,1654,4047,8,8
1668010454,2022-11-09 10:14:14 -0600,feb8c3c255ae6ba3de59cc8068ea01cbd3d97bf5,TX,48377,2,2022-11-09T01:00:00.000Z,FIPSCode,48377,0,2022-11-09T16:13:19.201Z,8,98.98,8,100,62962,1025,61.97,62492,550,33.25,63492,79,4.78,1671,99,1654,4047,8,8
1668010496,2022-11-09 10:14:56 -0600,c434caf70fc610cb722d23bbf455b4f6371ebffe,TX,48377,2,2022-11-09T01:00:00.000Z,FIPSCode,48377,0,2022-11-09T16:14:17.944Z,8,98.98,8,100,62962,1025,61.97,62492,550,33.25,63492,79,4.78,1671,99,1654,4047,8,8
1668010579,2022-11-09 10:16:19 -0600,592a3bc68988af696982d033e96f0cab9e847320,TX,48377,2,2022-11-09T01:00:00.000Z,FIPSCode,48377,0,2022-11-09T16:15:17.968Z,8,98.98,8,100,62962,1025,61.97,62492,550,33.25,63492,79,4.78,1671,99,1654,4047,8,8
1668010621,2022-11-09 10:17:01 -0600,581dd8b0f72676061820f7b7e7586e4e1dd3f7da,TX,48377,2,2022-11-09T01:00:00.000Z,FIPSCode,48377,0,2022-11-09T16:16:18.204Z,8,98.98,8,100,62962,1025,61.97,62492,550,33.25,63492,79,4.78,1671,99,1654,4047,8,8
1668010662,2022-11-09 10:17:42 -0600,157b7cfb643c54368a013a4322403d0b44c3c968,TX,48377,2,2022-11-09T01:00:00.000Z,FIPSCode,48377,0,2022-11-09T16:16:18.204Z,8,98.98,8,100,62962,1025,61.97,62492,550,33.25,63492,79,4.78,1671,99,1654,4047,8,8
1668010703,2022-11-09 10:18:23 -0600,6d7acff3176b9752a5c9b92ef5b1f6ce3b6e6ae3,TX,48377,2,2022-11-09T01:00:00.000Z,FIPSCode,48377,0,2022-11-09T16:16:18.204Z,8,98.98,8,100,62962,1025,61.97,62492,550,33.25,63492,79,4.78,1671,99,1654,4047,8,8
1668010744,2022-11-09 10:19:04 -0600,9f4800340e388fd704cd69dcf2897919d1f12003,TX,48377,2,2022-11-09T01:00:00.000Z,FIPSCode,48377,0,2022-11-09T16:16:18.204Z,8,98.98,8,100,62962,1025,61.97,62492,550,33.25,63492,79,4.78,1671,99,1654,4047,8,8
1668010785,2022-11-09 10:19:45 -0600,ac95fcb5187b0ec568bfc31a45db0af40e500b93,TX,48377,2,2022-11-09T01:00:00.000Z,FIPSCode,48377,0,2022-11-09T16:16:18.204Z,8,98.98,8,100,62962,1025,61.97,62492,550,33.25,63492,79,4.78,1671,99,1654,4047,8,8
1668010826,2022-11-09 10:20:26 -0600,5799c988eb65f6db48d94853ab7ea4e355fd564f,TX,48377,2,2022-11-09T01:00:00.000Z,FIPSCode,48377,0,2022-11-09T16:16:18.204Z,8,98.98,8,100,62962,1025,61.97,62492,550,33.25,63492,79,4.78,1671,99,1654,4047,8,8
1668010867,2022-11-09 10:21:07 -0600,2b6206385c47a6e43e0f3521efe602a7e6d9c006,TX,48377,2,2022-11-09T01:00:00.000Z,FIPSCode,48377,0,2022-11-09T16:16:18.204Z,8,98.98,8,100,62962,1025,61.97,62492,550,33.25,63492,79,4.78,1671,99,1654,4047,8,8
1668010950,2022-11-09 10:22:30 -0600,ca496c00ac8684ae930b72e74c509755dbaee465,TX,48377,2,2022-11-09T01:00:00.000Z,FIPSCode,48377,0,2022-11-09T16:16:18.204Z,8,98.98,8,100,62962,1025,61.97,62492,550,33.25,63492,79,4.78,1671,99,1654,4047,8,8
1668010991,2022-11-09 10:23:11 -0600,d615054313803abcb992949d65a79f2b63ccab60,TX,48377,2,2022-11-09T01:00:00.000Z,FIPSCode,48377,0,2022-11-09T16:16:18.204Z,8,98.98,8,100,62962,1025,61.97,62492,550,33.25,63492,79,4.78,1671,99,1654,4047,8,8
1668011033,2022-11-09 10:23:53 -0600,90acd6cbd7dabfa258d3b48f5494d8e0fcc49554,TX,48377,2,2022-11-09T01:00:00.000Z,FIPSCode,48377,0,2022-11-09T16:16:18.204Z,8,98.98,8,100,62962,1025,61.97,62492,550,33.25,63492,79,4.78,1671,99,1654,4047,8,8
1668011074,2022-11-09 10:24:34 -0600,3da5a8d43923706883b3e57dc426e7258988a99b,TX,48377,2,2022-11-09T01:00:00.000Z,FIPSCode,48377,0,2022-11-09T16:16:18.204Z,8,98.98,8,100,62962,1025,61.97,62492,550,33.25,63492,79,4.78,1671,99,1654,4047,8,8
1668011115,2022-11-09 10:25:15 -0600,3a318087dc9992b1ec09b4d0dda948b81d3e6079,TX,48377,2,2022-11-09T01:00:00.000Z,FIPSCode,48377,0,2022-11-09T16:16:18.204Z,8,98.98,8,100,62962,1025,61.97,62492,550,33.25,63492,79,4.78,1671,99,1654,4047,8,8
1668011155,2022-11-09 10:25:55 -0600,13b67ec66c7d75d32ddf8981c2d25b91ed14be57,TX,48377,2,2022-11-09T01:00:00.000Z,FIPSCode,48377,0,2022-11-09T16:16:18.204Z,8,98.98,8,100,62962,1025,61.97,62492,550,33.25,63492,79,4.78,1671,99,1654,4047,8,8
1668011238,2022-11-09 10:27:18 -0600,c148e034d802fcddfdc86721b83c735113d39a3c,TX,48377,2,2022-11-09T01:00:00.000Z,FIPSCode,48377,0,2022-11-09T16:16:18.204Z,8,98.98,8,100,62962,1025,61.97,62492,550,33.25,63492,79,4.78,1671,99,1654,4047,8,8
1668011278,2022-11-09 10:27:58 -0600,89fa544870eee2597fbb47bcdb0446569b121cd8,TX,48377,2,2022-11-09T01:00:00.000Z,FIPSCode,48377,0,2022-11-09T16:16:18.204Z,8,98.98,8,100,62962,1025,61.97,62492,550,33.25,63492,79,4.78,1671,99,1654,4047,8,8
1668011321,2022-11-09 10:28:41 -0600,11e9755a36d8a569b29930d66b85892a440e5805,TX,48377,2,2022-11-09T01:00:00.000Z,FIPSCode,48377,0,2022-11-09T16:16:18.204Z,8,98.98,8,100,62962,1025,61.97,62492,550,33.25,63492,79,4.78,1671,99,1654,4047,8,8
1668011361,2022-11-09 10:29:21 -0600,8b53d9447a0dedc64b161ed24568ec5b8e0b4870,TX,48377,2,2022-11-09T01:00:00.000Z,FIPSCode,48377,0,2022-11-09T16:16:18.204Z,8,98.98,8,100,62962,1025,61.97,62492,550,33.25,63492,79,4.78,1671,99,1654,4047,8,8
1668011402,2022-11-09 10:30:02 -0600,79774e919ed568526310afbb349c53e3e3446ed5,TX,48377,2,2022-11-09T01:00:00.000Z,FIPSCode,48377,0,2022-11-09T16:16:18.204Z,8,98.98,8,100,62962,1025,61.97,62492,550,33.25,63492,79,4.78,1671,99,1654,4047,8,8
1668011443,2022-11-09 10:30:43 -0600,38564662959e1a093aff317613aeb5b8d7ff046e,TX,48377,2,2022-11-09T01:00:00.000Z,FIPSCode,48377,0,2022-11-09T16:16:18.204Z,8,98.98,8,100,62962,1025,61.97,62492,550,33.25,63492,79,4.78,1671,99,1654,4047,8,8
1668011485,2022-11-09 10:31:25 -0600,242a5d4f6fd9eb915b40729fd6d32b997fa71461,TX,48377,2,2022-11-09T01:00:00.000Z,FIPSCode,48377,0,2022-11-09T16:16:18.204Z,8,98.98,8,100,62962,1025,61.97,62492,550,33.25,63492,79,4.78,1671,99,1654,4047,8,8
1668011526,2022-11-09 10:32:06 -0600,d119d0982605d8c755ed34cb918cea027f082113,TX,48377,2,2022-11-09T01:00:00.000Z,FIPSCode,48377,0,2022-11-09T16:16:18.204Z,8,98.98,8,100,62962,1025,61.97,62492,550,33.25,63492,79,4.78,1671,99,1654,4047,8,8
1668011569,2022-11-09 10:32:49 -0600,73d946cc542139034bc989a894eb70bfa446f8e3,TX,48377,2,2022-11-09T01:00:00.000Z,FIPSCode,48377,0,2022-11-09T16:16:18.204Z,8,98.98,8,100,62962,1025,61.97,62492,550,33.25,63492,79,4.78,1671,99,1654,4047,8,8
1668011611,2022-11-09 10:33:31 -0600,f3f6883815ce84e4ce7a1017d96eb264bf16e15a,TX,48377,2,2022-11-09T01:00:00.000Z,FIPSCode,48377,0,2022-11-09T16:16:18.204Z,8,98.98,8,100,62962,1025,61.97,62492,550,33.25,63492,79,4.78,1671,99,1654,4047,8,8
1668011653,2022-11-09 10:34:13 -0600,4042c62a4b9efbee9565b837c6b52d1a9c5891e4,TX,48377,2,2022-11-09T01:00:00.000Z,FIPSCode,48377,0,2022-11-09T16:16:18.204Z,8,98.98,8,100,62962,1025,61.97,62492,550,33.25,63492,79,4.78,1671,99,1654,4047,8,8
1668011694,2022-11-09 10:34:54 -0600,c97b1480bd1fd14e3208daa98723e63c4b4c006a,TX,48377,2,2022-11-09T01:00:00.000Z,FIPSCode,48377,0,2022-11-09T16:16:18.204Z,8,98.98,8,100,62962,1025,61.97,62492,550,33.25,63492,79,4.78,1671,99,1654,4047,8,8
1668011735,2022-11-09 10:35:35 -0600,435ca2ff167f9fae253abe6fe001e9bccd0f4a1f,TX,48377,2,2022-11-09T01:00:00.000Z,FIPSCode,48377,0,2022-11-09T16:16:18.204Z,8,98.98,8,100,62962,1025,61.97,62492,550,33.25,63492,79,4.78,1671,99,1654,4047,8,8
1668011777,2022-11-09 10:36:17 -0600,c2ae6368cbd361da6194a4c54625cb41a2e4e6c0,TX,48377,2,2022-11-09T01:00:00.000Z,FIPSCode,48377,0,2022-11-09T16:16:18.204Z,8,98.98,8,100,62962,1025,61.97,62492,550,33.25,63492,79,4.78,1671,99,1654,4047,8,8
1668011858,2022-11-09 10:37:38 -0600,9ce43455b29f3ffd2d310815b60ae125f6313581,TX,48377,2,2022-11-09T01:00:00.000Z,FIPSCode,48377,0,2022-11-09T16:16:18.204Z,8,98.98,8,100,62962,1025,61.97,62492,550,33.25,63492,79,4.78,1671,99,1654,4047,8,8
1668011901,2022-11-09 10:38:21 -0600,59af62e89f1fc8e9a8ded8002f2a2bdf7edc4429,TX,48377,2,2022-11-09T01:00:00.000Z,FIPSCode,48377,0,2022-11-09T16:16:18.204Z,8,98.98,8,100,62962,1025,61.97,62492,550,33.25,63492,79,4.78,1671,99,1654,4047,8,8
1668011942,2022-11-09 10:39:02 -0600,c48653ae1a71e3e10ed442b22f8418ac80633590,TX,48377,2,2022-11-09T01:00:00.000Z,FIPSCode,48377,0,2022-11-09T16:16:18.204Z,8,98.98,8,100,62962,1025,61.97,62492,550,33.25,63492,79,4.78,1671,99,1654,4047,8,8
1668012026,2022-11-09 10:40:26 -0600,147e8aeeb6a157c6bb3940f4810ee378f5d632df,TX,48377,2,2022-11-09T01:00:00.000Z,FIPSCode,48377,0,2022-11-09T16:39:35.061Z,8,98.98,8,100,62962,1025,61.97,62492,550,33.25,63492,79,4.78,1671,99,1654,4047,8,8
1668012066,2022-11-09 10:41:06 -0600,c004980ebaaa2705273a2f8962b47674b4618f8c,TX,48377,2,2022-11-09T01:00:00.000Z,FIPSCode,48377,0,2022-11-09T16:40:18.341Z,8,98.98,8,100,62962,1025,61.97,62492,550,33.25,63492,79,4.78,1671,99,1654,4047,8,8
1668012149,2022-11-09 10:42:29 -0600,f53dbeb5f07396847b14d9e7fd74a0421f081df4,TX,48377,2,2022-11-09T01:00:00.000Z,FIPSCode,48377,0,2022-11-09T16:40:18.341Z,8,98.98,8,100,62962,1025,61.97,62492,550,33.25,63492,79,4.78,1671,99,1654,4047,8,8
1668012190,2022-11-09 10:43:10 -0600,0cfdde08d6ca122e6ff6d56be95facec6bab70c2,TX,48377,2,2022-11-09T01:00:00.000Z,FIPSCode,48377,0,2022-11-09T16:42:18.057Z,8,98.98,8,100,62962,1025,61.97,62492,550,33.25,63492,79,4.78,1671,99,1654,4047,8,8
1668012231,2022-11-09 10:43:51 -0600,51e37339d513ad9dcc140e4b5c4fc06fc715c118,TX,48377,2,2022-11-09T01:00:00.000Z,FIPSCode,48377,0,2022-11-09T16:42:18.057Z,8,98.98,8,100,62962,1025,61.97,62492,550,33.25,63492,79,4.78,1671,99,1654,4047,8,8
1668012273,2022-11-09 10:44:33 -0600,0e075d2212728f40c55c4a925d34a9f564132a97,TX,48377,2,2022-11-09T01:00:00.000Z,FIPSCode,48377,0,2022-11-09T16:42:18.057Z,8,98.98,8,100,62962,1025,61.97,62492,550,33.25,63492,79,4.78,1671,99,1654,4047,8,8
1668012315,2022-11-09 10:45:15 -0600,567314004598350364c9a305f4bb2c814be32d4d,TX,48377,2,2022-11-09T01:00:00.000Z,FIPSCode,48377,0,2022-11-09T16:42:18.057Z,8,98.98,8,100,62962,1025,61.97,62492,550,33.25,63492,79,4.78,1671,99,1654,4047,8,8
1668012356,2022-11-09 10:45:56 -0600,584500127dab5675fa71c2c4402a4c3f0501ec04,TX,48377,2,2022-11-09T01:00:00.000Z,FIPSCode,48377,0,2022-11-09T16:42:18.057Z,8,98.98,8,100,62962,1025,61.97,62492,550,33.25,63492,79,4.78,1671,99,1654,4047,8,8
1668012398,2022-11-09 10:46:38 -0600,c1aa1c061f8ac9a6dc0a56a2ea9d7923abad89ce,TX,48377,2,2022-11-09T01:00:00.000Z,FIPSCode,48377,0,2022-11-09T16:42:18.057Z,8,98.98,8,100,62962,1025,61.97,62492,550,33.25,63492,79,4.78,1671,99,1654,4047,8,8
1668012438,2022-11-09 10:47:18 -0600,a02188bd30597b29cdaea684f8e35ee87eeca8a4,TX,48377,2,2022-11-09T01:00:00.000Z,FIPSCode,48377,0,2022-11-09T16:42:18.057Z,8,98.98,8,100,62962,1025,61.97,62492,550,33.25,63492,79,4.78,1671,99,1654,4047,8,8
1668012481,2022-11-09 10:48:01 -0600,57b0f8d5ecc4558ed0a95d8ca6b8ae935b215e76,TX,48377,2,2022-11-09T01:00:00.000Z,FIPSCode,48377,0,2022-11-09T16:42:18.057Z,8,98.98,8,100,62962,1025,61.97,62492,550,33.25,63492,79,4.78,1671,99,1654,4047,8,8
1668012522,2022-11-09 10:48:42 -0600,7a4f9337ce8e772721ecbf73ff61c8188255ba0f,TX,48377,2,2022-11-09T01:00:00.000Z,FIPSCode,48377,0,2022-11-09T16:42:18.057Z,8,98.98,8,100,62962,1025,61.97,62492,550,33.25,63492,79,4.78,1671,99,1654,4047,8,8
1668012564,2022-11-09 10:49:24 -0600,73fc747fb402b16114c54146a29378be68e47e8e,TX,48377,2,2022-11-09T01:00:00.000Z,FIPSCode,48377,0,2022-11-09T16:42:18.057Z,8,98.98,8,100,62962,1025,61.97,62492,550,33.25,63492,79,4.78,1671,99,1654,4047,8,8
1668012607,2022-11-09 10:50:07 -0600,9d56161428d3a2a342cf70646ade55b6c1e56e42,TX,48377,2,2022-11-09T01:00:00.000Z,FIPSCode,48377,0,2022-11-09T16:42:18.057Z,8,98.98,8,100,62962,1025,61.97,62492,550,33.25,63492,79,4.78,1671,99,1654,4047,8,8
1668012648,2022-11-09 10:50:48 -0600,7985ae6ed08376ce1316ad83814e202586cf6841,TX,48377,2,2022-11-09T01:00:00.000Z,FIPSCode,48377,0,2022-11-09T16:42:18.057Z,8,98.98,8,100,62962,1025,61.97,62492,550,33.25,63492,79,4.78,1671,99,1654,4047,8,8
1668012814,2022-11-09 10:53:34 -0600,ee6f73dee4022988c15a61ca75baffa5bc86cfac,TX,48377,2,2022-11-09T01:00:00.000Z,FIPSCode,48377,0,2022-11-09T16:42:18.057Z,8,98.98,8,100,62962,1025,61.97,62492,550,33.25,63492,79,4.78,1671,99,1654,4047,8,8
1668012897,2022-11-09 10:54:57 -0600,8f95bf5db6fcb787e7d51906b36eebff79b3ad0c,TX,48377,2,2022-11-09T01:00:00.000Z,FIPSCode,48377,0,2022-11-09T16:42:18.057Z,8,98.98,8,100,62962,1025,61.97,62492,550,33.25,63492,79,4.78,1671,99,1654,4047,8,8
1668012938,2022-11-09 10:55:38 -0600,eb3a861c4b45d59b4767cdd42226991fce698da2,TX,48377,2,2022-11-09T01:00:00.000Z,FIPSCode,48377,0,2022-11-09T16:42:18.057Z,8,98.98,8,100,62962,1025,61.97,62492,550,33.25,63492,79,4.78,1671,99,1654,4047,8,8
1668012980,2022-11-09 10:56:20 -0600,4f183e7cbe6831b97d283341e458fd68593ab4f5,TX,48377,2,2022-11-09T01:00:00.000Z,FIPSCode,48377,0,2022-11-09T16:42:18.057Z,8,98.98,8,100,62962,1025,61.97,62492,550,33.25,63492,79,4.78,1671,99,1654,4047,8,8
1668013021,2022-11-09 10:57:01 -0600,1fa719635a45a784804b5be262c5b531389d3282,TX,48377,2,2022-11-09T01:00:00.000Z,FIPSCode,48377,0,2022-11-09T16:42:18.057Z,8,98.98,8,100,62962,1025,61.97,62492,550,33.25,63492,79,4.78,1671,99,1654,4047,8,8
1668013062,2022-11-09 10:57:42 -0600,7c5f12ddee1ee5b6f912806ea70c04f71dada662,TX,48377,2,2022-11-09T01:00:00.000Z,FIPSCode,48377,0,2022-11-09T16:42:18.057Z,8,98.98,8,100,62962,1025,61.97,62492,550,33.25,63492,79,4.78,1671,99,1654,4047,8,8
1668013107,2022-11-09 10:58:27 -0600,c1dd85264039d93e9856f08ffcb84de87087a69c,TX,48377,2,2022-11-09T01:00:00.000Z,FIPSCode,48377,0,2022-11-09T16:42:18.057Z,8,98.98,8,100,62962,1025,61.97,62492,550,33.25,63492,79,4.78,1671,99,1654,4047,8,8
1668013147,2022-11-09 10:59:07 -0600,bd2adfd6956e3ab01377a6596fbb14c3d4e701e7,TX,48377,2,2022-11-09T01:00:00.000Z,FIPSCode,48377,0,2022-11-09T16:42:18.057Z,8,98.98,8,100,62962,1025,61.97,62492,550,33.25,63492,79,4.78,1671,99,1654,4047,8,8
1668013229,2022-11-09 11:00:29 -0600,cfa4d181560a1cb77fee4e388d177270a0b992df,TX,48377,2,2022-11-09T01:00:00.000Z,FIPSCode,48377,0,2022-11-09T16:42:18.057Z,8,98.98,8,100,62962,1025,61.97,62492,550,33.25,63492,79,4.78,1671,99,1654,4047,8,8
1668013271,2022-11-09 11:01:11 -0600,d707a7d2f1ba60f7e77cd74704d3a092722d3796,TX,48377,2,2022-11-09T01:00:00.000Z,FIPSCode,48377,0,2022-11-09T16:42:18.057Z,8,98.98,8,100,62962,1025,61.97,62492,550,33.25,63492,79,4.78,1671,99,1654,4047,8,8
1668013315,2022-11-09 11:01:55 -0600,a63ff640109f379b4e3dc0d69b8c926a1459e532,TX,48377,2,2022-11-09T01:00:00.000Z,FIPSCode,48377,0,2022-11-09T16:42:18.057Z,8,98.98,8,100,62962,1025,61.97,62492,550,33.25,63492,79,4.78,1671,99,1654,4047,8,8
1668013355,2022-11-09 11:02:35 -0600,d6c3cb6f891d18bc454099c56211d14d63b767a7,TX,48377,2,2022-11-09T01:00:00.000Z,FIPSCode,48377,0,2022-11-09T16:42:18.057Z,8,98.98,8,100,62962,1025,61.97,62492,550,33.25,63492,79,4.78,1671,99,1654,4047,8,8
1668013395,2022-11-09 11:03:15 -0600,970159917435d5993011473bd609e0423a2acc01,TX,48377,2,2022-11-09T01:00:00.000Z,FIPSCode,48377,0,2022-11-09T16:42:18.057Z,8,98.98,8,100,62962,1025,61.97,62492,550,33.25,63492,79,4.78,1671,99,1654,4047,8,8
1668013436,2022-11-09 11:03:56 -0600,b8a07d78bf872fba80e5570f26d2834d74ea67c9,TX,48377,2,2022-11-09T01:00:00.000Z,FIPSCode,48377,0,2022-11-09T16:42:18.057Z,8,98.98,8,100,62962,1025,61.97,62492,550,33.25,63492,79,4.78,1671,99,1654,4047,8,8
1668013476,2022-11-09 11:04:36 -0600,f067c653818775f20f420d30ef384a7957db871f,TX,48377,2,2022-11-09T01:00:00.000Z,FIPSCode,48377,0,2022-11-09T17:03:44.345Z,8,98.98,8,100,62962,1025,61.97,62492,550,33.25,63492,79,4.78,1671,99,1654,4047,8,8
1668013558,2022-11-09 11:05:58 -0600,2966491f3b2df7be82879ffa173bfea995dfc769,TX,48377,2,2022-11-09T01:00:00.000Z,FIPSCode,48377,0,2022-11-09T17:03:44.345Z,8,98.98,8,100,62962,1025,61.97,62492,550,33.25,63492,79,4.78,1671,99,1654,4047,8,8
1668013598,2022-11-09 11:06:38 -0600,b73843ea180f5fe85f68d153a7e2e2afb94e9f06,TX,48377,2,2022-11-09T01:00:00.000Z,FIPSCode,48377,0,2022-11-09T17:03:44.345Z,8,98.98,8,100,62962,1025,61.97,62492,550,33.25,63492,79,4.78,1671,99,1654,4047,8,8
1668013644,2022-11-09 11:07:24 -0600,149fa4c47bc02be1867d5154d9cb65935c12b338,TX,48377,2,2022-11-09T01:00:00.000Z,FIPSCode,48377,0,2022-11-09T17:03:44.345Z,8,98.98,8,100,62962,1025,61.97,62492,550,33.25,63492,79,4.78,1671,99,1654,4047,8,8
1668013686,2022-11-09 11:08:06 -0600,4b297ad2cb57f1b845901b4dd6335b6a0e0d49bf,TX,48377,2,2022-11-09T01:00:00.000Z,FIPSCode,48377,0,2022-11-09T17:03:44.345Z,8,98.98,8,100,62962,1025,61.97,62492,550,33.25,63492,79,4.78,1671,99,1654,4047,8,8
1668013729,2022-11-09 11:08:49 -0600,94f4ef7ff4d7cdd1203f0c6148d903f215e9ee90,TX,48377,2,2022-11-09T01:00:00.000Z,FIPSCode,48377,0,2022-11-09T17:03:44.345Z,8,98.98,8,100,62962,1025,61.97,62492,550,33.25,63492,79,4.78,1671,99,1654,4047,8,8
1668013770,2022-11-09 11:09:30 -0600,985ba2507ef43cb105755e4f1f403a98dc80d4cd,TX,48377,2,2022-11-09T01:00:00.000Z,FIPSCode,48377,0,2022-11-09T17:03:44.345Z,8,98.98,8,100,62962,1025,61.97,62492,550,33.25,63492,79,4.78,1671,99,1654,4047,8,8
1668013811,2022-11-09 11:10:11 -0600,7a8747f1feb7e25f7e4d582bb6814946a01887a1,TX,48377,2,2022-11-09T01:00:00.000Z,FIPSCode,48377,0,2022-11-09T17:03:44.345Z,8,98.98,8,100,62962,1025,61.97,62492,550,33.25,63492,79,4.78,1671,99,1654,4047,8,8
1668013852,2022-11-09 11:10:52 -0600,5b03d2479cae36edb330a0b15975e2491ca134c4,TX,48377,2,2022-11-09T01:00:00.000Z,FIPSCode,48377,0,2022-11-09T17:03:44.345Z,8,98.98,8,100,62962,1025,61.97,62492,550,33.25,63492,79,4.78,1671,99,1654,4047,8,8
1668013894,2022-11-09 11:11:34 -0600,5a34255d3aefd2368129ef77fd2acdcf370b5145,TX,48377,2,2022-11-09T01:00:00.000Z,FIPSCode,48377,0,2022-11-09T17:03:44.345Z,8,98.98,8,100,62962,1025,61.97,62492,550,33.25,63492,79,4.78,1671,99,1654,4047,8,8
1668013935,2022-11-09 11:12:15 -0600,f56c264d3a910e38670b199d2156906044004eb9,TX,48377,2,2022-11-09T01:00:00.000Z,FIPSCode,48377,0,2022-11-09T17:03:44.345Z,8,98.98,8,100,62962,1025,61.97,62492,550,33.25,63492,79,4.78,1671,99,1654,4047,8,8
1668013976,2022-11-09 11:12:56 -0600,f0e992483c3e53e2ad91fa7321fce75f638e9cd5,TX,48377,2,2022-11-09T01:00:00.000Z,FIPSCode,48377,0,2022-11-09T17:03:44.345Z,8,98.98,8,100,62962,1025,61.97,62492,550,33.25,63492,79,4.78,1671,99,1654,4047,8,8
1668014018,2022-11-09 11:13:38 -0600,8bcbfebaf000247d589b51a6db21a1a627d84fe4,TX,48377,2,2022-11-09T01:00:00.000Z,FIPSCode,48377,0,2022-11-09T17:03:44.345Z,8,98.98,8,100,62962,1025,61.97,62492,550,33.25,63492,79,4.78,1671,99,1654,4047,8,8
1668014060,2022-11-09 11:14:20 -0600,c77137b7ddb0fbccbd1e559cabaf7b86fff6cde9,TX,48377,2,2022-11-09T01:00:00.000Z,FIPSCode,48377,0,2022-11-09T17:03:44.345Z,8,98.98,8,100,62962,1025,61.97,62492,550,33.25,63492,79,4.78,1671,99,1654,4047,8,8
1668014102,2022-11-09 11:15:02 -0600,b2cabcd1e7aaf8bc5b9fff7c805b0088e4c6d7ac,TX,48377,2,2022-11-09T01:00:00.000Z,FIPSCode,48377,0,2022-11-09T17:03:44.345Z,8,98.98,8,100,62962,1025,61.97,62492,550,33.25,63492,79,4.78,1671,99,1654,4047,8,8
1668014183,2022-11-09 11:16:23 -0600,20e0975e77d9f2f627b44e544b559a3888ade22d,TX,48377,2,2022-11-09T01:00:00.000Z,FIPSCode,48377,0,2022-11-09T17:03:44.345Z,8,98.98,8,100,62962,1025,61.97,62492,550,33.25,63492,79,4.78,1671,99,1654,4047,8,8
1668014224,2022-11-09 11:17:04 -0600,dc1fee1a1c7c910eae4bf2d164f09f508e17eae5,TX,48377,2,2022-11-09T01:00:00.000Z,FIPSCode,48377,0,2022-11-09T17:03:44.345Z,8,98.98,8,100,62962,1025,61.97,62492,550,33.25,63492,79,4.78,1671,99,1654,4047,8,8
1668014307,2022-11-09 11:18:27 -0600,c3ddd486f30f04610626b462b6208d0d71bc2685,TX,48377,2,2022-11-09T01:00:00.000Z,FIPSCode,48377,0,2022-11-09T17:03:44.345Z,8,98.98,8,100,62962,1025,61.97,62492,550,33.25,63492,79,4.78,1671,99,1654,4047,8,8
1668014391,2022-11-09 11:19:51 -0600,084b762ad3fc844808263e7e1b29a5f570fad4ba,TX,48377,2,2022-11-09T01:00:00.000Z,FIPSCode,48377,0,2022-11-09T17:03:44.345Z,8,98.98,8,100,62962,1025,61.97,62492,550,33.25,63492,79,4.78,1671,99,1654,4047,8,8
1668014433,2022-11-09 11:20:33 -0600,8fa24b4a18c51565cf10fa8dfa12d6aeae991f1a,TX,48377,2,2022-11-09T01:00:00.000Z,FIPSCode,48377,0,2022-11-09T17:19:22.505Z,8,98.98,8,100,62962,1025,61.97,62492,550,33.25,63492,79,4.78,1671,99,1654,4047,8,8
1668014475,2022-11-09 11:21:15 -0600,b0d59362c1ec54f62602b75bd88ee097f5fe6673,TX,48377,2,2022-11-09T01:00:00.000Z,FIPSCode,48377,0,2022-11-09T17:20:42.881Z,8,98.98,8,100,62962,1025,61.97,62492,550,33.25,63492,79,4.78,1671,99,1654,4047,8,8
1668014516,2022-11-09 11:21:56 -0600,1c4a229319d60d6f6f29be2d109ac60cd45d4593,TX,48377,2,2022-11-09T01:00:00.000Z,FIPSCode,48377,0,2022-11-09T17:21:18.680Z,8,98.98,8,100,62962,1025,61.97,62492,550,33.25,63492,79,4.78,1671,99,1654,4047,8,8
1668014559,2022-11-09 11:22:39 -0600,05066aab4c0b93d613c359f22c9813470546f78b,TX,48377,2,2022-11-09T01:00:00.000Z,FIPSCode,48377,0,2022-11-09T17:21:18.680Z,8,98.98,8,100,62962,1025,61.97,62492,550,33.25,63492,79,4.78,1671,99,1654,4047,8,8
1668014601,2022-11-09 11:23:21 -0600,d7b46f3fc5058d40d0108d04d992d59115a9539e,TX,48377,2,2022-11-09T01:00:00.000Z,FIPSCode,48377,0,2022-11-09T17:21:18.680Z,8,98.98,8,100,62962,1025,61.97,62492,550,33.25,63492,79,4.78,1671,99,1654,4047,8,8
1668014643,2022-11-09 11:24:03 -0600,f5f86614da7b9c70e333016a9cf826d5cc8dc111,TX,48377,2,2022-11-09T01:00:00.000Z,FIPSCode,48377,0,2022-11-09T17:21:18.680Z,8,98.98,8,100,62962,1025,61.97,62492,550,33.25,63492,79,4.78,1671,99,1654,4047,8,8
1668014768,2022-11-09 11:26:08 -0600,9ffc273adbb3a83519417aa9a3840515f35f0e97,TX,48377,2,2022-11-09T01:00:00.000Z,FIPSCode,48377,0,2022-11-09T17:21:18.680Z,8,98.98,8,100,62962,1025,61.97,62492,550,33.25,63492,79,4.78,1671,99,1654,4047,8,8
1668014809,2022-11-09 11:26:49 -0600,fffdf43f0b6fc755d70750f983e80a24f6b5fc65,TX,48377,2,2022-11-09T01:00:00.000Z,FIPSCode,48377,0,2022-11-09T17:21:18.680Z,8,98.98,8,100,62962,1025,61.97,62492,550,33.25,63492,79,4.78,1671,99,1654,4047,8,8
1668014853,2022-11-09 11:27:33 -0600,51a27ed0c3cfe5efb5023de7e4a3e36e8bf5f610,TX,48377,2,2022-11-09T01:00:00.000Z,FIPSCode,48377,0,2022-11-09T17:27:18.755Z,8,98.98,8,100,62962,1025,61.97,62492,550,33.25,63492,79,4.78,1671,99,1654,4047,8,8
1668014894,2022-11-09 11:28:14 -0600,dd9c208ce748b097a4d9367acbdf7ee31014b2ef,TX,48377,2,2022-11-09T01:00:00.000Z,FIPSCode,48377,0,2022-11-09T17:27:18.755Z,8,98.98,8,100,62962,1025,61.97,62492,550,33.25,63492,79,4.78,1671,99,1654,4047,8,8
1668014936,2022-11-09 11:28:56 -0600,96f8d865c0d13e3b4af5adb0b9d51f50cb9f3abb,TX,48377,2,2022-11-09T01:00:00.000Z,FIPSCode,48377,0,2022-11-09T17:28:19.558Z,8,98.98,8,100,62962,1025,61.97,62492,550,33.25,63492,79,4.78,1671,99,1654,4047,8,8
1668014978,2022-11-09 11:29:38 -0600,e0f266ec74c8fb34e7edcdea056520c9c858a950,TX,48377,2,2022-11-09T01:00:00.000Z,FIPSCode,48377,0,2022-11-09T17:29:21.469Z,8,98.98,8,100,62962,1025,61.97,62492,550,33.25,63492,79,4.78,1671,99,1654,4047,8,8
1668015021,2022-11-09 11:30:21 -0600,e4d4d750c306b5d6512f6dac36b0537b3910d1d4,TX,48377,2,2022-11-09T01:00:00.000Z,FIPSCode,48377,0,2022-11-09T17:29:21.469Z,8,98.98,8,100,62962,1025,61.97,62492,550,33.25,63492,79,4.78,1671,99,1654,4047,8,8
1668015063,2022-11-09 11:31:03 -0600,e560d94f821e5ddb9bf39e59ffc22cc893d5e8b0,TX,48377,2,2022-11-09T01:00:00.000Z,FIPSCode,48377,0,2022-11-09T17:29:21.469Z,8,98.98,8,100,62962,1025,61.97,62492,550,33.25,63492,79,4.78,1671,99,1654,4047,8,8
1668015106,2022-11-09 11:31:46 -0600,90d3e1c1335a8931b636e29c902643ff6eccbab9,TX,48377,2,2022-11-09T01:00:00.000Z,FIPSCode,48377,0,2022-11-09T17:29:21.469Z,8,98.98,8,100,62962,1025,61.97,62492,550,33.25,63492,79,4.78,1671,99,1654,4047,8,8
1668015147,2022-11-09 11:32:27 -0600,2d327c7ef6485dd4c12a543762dbd12b7a0525d8,TX,48377,2,2022-11-09T01:00:00.000Z,FIPSCode,48377,0,2022-11-09T17:29:21.469Z,8,98.98,8,100,62962,1025,61.97,62492,550,33.25,63492,79,4.78,1671,99,1654,4047,8,8
1668015190,2022-11-09 11:33:10 -0600,d52385464df39ba60b93a76ab54f5eec5ee963c7,TX,48377,2,2022-11-09T01:00:00.000Z,FIPSCode,48377,0,2022-11-09T17:29:21.469Z,8,98.98,8,100,62962,1025,61.97,62492,550,33.25,63492,79,4.78,1671,99,1654,4047,8,8
1668015232,2022-11-09 11:33:52 -0600,aa16c216f9ca390a446365ba174b850ec304e8ee,TX,48377,2,2022-11-09T01:00:00.000Z,FIPSCode,48377,0,2022-11-09T17:29:21.469Z,8,98.98,8,100,62962,1025,61.97,62492,550,33.25,63492,79,4.78,1671,99,1654,4047,8,8
1668015360,2022-11-09 11:36:00 -0600,624c58a757fb5b888f32a2738e1108f82536b437,TX,48377,2,2022-11-09T01:00:00.000Z,FIPSCode,48377,0,2022-11-09T17:29:21.469Z,8,98.98,8,100,62962,1025,61.97,62492,550,33.25,63492,79,4.78,1671,99,1654,4047,8,8
1668015402,2022-11-09 11:36:42 -0600,4c62318089f9d9fbff475a67c67ffd29acfe7753,TX,48377,2,2022-11-09T01:00:00.000Z,FIPSCode,48377,0,2022-11-09T17:29:21.469Z,8,98.98,8,100,62962,1025,61.97,62492,550,33.25,63492,79,4.78,1671,99,1654,4047,8,8
1668015444,2022-11-09 11:37:24 -0600,f4b4b6d878d26e865113e0655fad6fc713e2fdcb,TX,48377,2,2022-11-09T01:00:00.000Z,FIPSCode,48377,0,2022-11-09T17:29:21.469Z,8,98.98,8,100,62962,1025,61.97,62492,550,33.25,63492,79,4.78,1671,99,1654,4047,8,8
1668015485,2022-11-09 11:38:05 -0600,86cfe33b1ec05150e4b2afef8fe68a6c3574f562,TX,48377,2,2022-11-09T01:00:00.000Z,FIPSCode,48377,0,2022-11-09T17:29:21.469Z,8,98.98,8,100,62962,1025,61.97,62492,550,33.25,63492,79,4.78,1671,99,1654,4047,8,8
1668015568,2022-11-09 11:39:28 -0600,33190113064ad375aa9519b929545fa467366fc2,TX,48377,2,2022-11-09T01:00:00.000Z,FIPSCode,48377,0,2022-11-09T17:29:21.469Z,8,98.98,8,100,62962,1025,61.97,62492,550,33.25,63492,79,4.78,1671,99,1654,4047,8,8
1668015610,2022-11-09 11:40:10 -0600,491bd045e4672d0d9bb2414b52976cc9b6f8c270,TX,48377,2,2022-11-09T01:00:00.000Z,FIPSCode,48377,0,2022-11-09T17:29:21.469Z,8,98.98,8,100,62962,1025,61.97,62492,550,33.25,63492,79,4.78,1671,99,1654,4047,8,8
1668015653,2022-11-09 11:40:53 -0600,fde650966704592fa59e7d24c1d2e8effa9361ba,TX,48377,2,2022-11-09T01:00:00.000Z,FIPSCode,48377,0,2022-11-09T17:29:21.469Z,8,98.98,8,100,62962,1025,61.97,62492,550,33.25,63492,79,4.78,1671,99,1654,4047,8,8
1668015694,2022-11-09 11:41:34 -0600,ce0677c22ad54acfecf4b507a316ae443e7960da,TX,48377,2,2022-11-09T01:00:00.000Z,FIPSCode,48377,0,2022-11-09T17:29:21.469Z,8,98.98,8,100,62962,1025,61.97,62492,550,33.25,63492,79,4.78,1671,99,1654,4047,8,8
1668015735,2022-11-09 11:42:15 -0600,92d508f9d8c68925003ee654a5cec0c53d1eedc4,TX,48377,2,2022-11-09T01:00:00.000Z,FIPSCode,48377,0,2022-11-09T17:29:21.469Z,8,98.98,8,100,62962,1025,61.97,62492,550,33.25,63492,79,4.78,1671,99,1654,4047,8,8
1668015778,2022-11-09 11:42:58 -0600,b2ca2e5e78cfd63f34843bde6136a4b7d01b1d3a,TX,48377,2,2022-11-09T01:00:00.000Z,FIPSCode,48377,0,2022-11-09T17:29:21.469Z,8,98.98,8,100,62962,1025,61.97,62492,550,33.25,63492,79,4.78,1671,99,1654,4047,8,8
1668015818,2022-11-09 11:43:38 -0600,b11c3ea90c79211ffe3ec66d60bc706c7e21d1ea,TX,48377,2,2022-11-09T01:00:00.000Z,FIPSCode,48377,0,2022-11-09T17:29:21.469Z,8,98.98,8,100,62962,1025,61.97,62492,550,33.25,63492,79,4.78,1671,99,1654,4047,8,8
1668015862,2022-11-09 11:44:22 -0600,f3ee9624322cb8b0922d09600522dac8ee8580d0,TX,48377,2,2022-11-09T01:00:00.000Z,FIPSCode,48377,0,2022-11-09T17:29:21.469Z,8,98.98,8,100,62962,1025,61.97,62492,550,33.25,63492,79,4.78,1671,99,1654,4047,8,8
1668015906,2022-11-09 11:45:06 -0600,1b2d3c96a0733d8add574d56c3374f2ca8c58fe3,TX,48377,2,2022-11-09T01:00:00.000Z,FIPSCode,48377,0,2022-11-09T17:29:21.469Z,8,98.98,8,100,62962,1025,61.97,62492,550,33.25,63492,79,4.78,1671,99,1654,4047,8,8
1668015946,2022-11-09 11:45:46 -0600,71e07354f0d02a4fca59dc3119a5772fa165ab79,TX,48377,2,2022-11-09T01:00:00.000Z,FIPSCode,48377,0,2022-11-09T17:29:21.469Z,8,98.98,8,100,62962,1025,61.97,62492,550,33.25,63492,79,4.78,1671,99,1654,4047,8,8
1668015990,2022-11-09 11:46:30 -0600,482d638c59682223180b47012c1bd7df8aea8c12,TX,48377,2,2022-11-09T01:00:00.000Z,FIPSCode,48377,0,2022-11-09T17:29:21.469Z,8,98.98,8,100,62962,1025,61.97,62492,550,33.25,63492,79,4.78,1671,99,1654,4047,8,8
1668016032,2022-11-09 11:47:12 -0600,27b6d59993f2586749b8d889b9e5b55f9654ac9a,TX,48377,2,2022-11-09T01:00:00.000Z,FIPSCode,48377,0,2022-11-09T17:29:21.469Z,8,98.98,8,100,62962,1025,61.97,62492,550,33.25,63492,79,4.78,1671,99,1654,4047,8,8
1668016075,2022-11-09 11:47:55 -0600,9bfa0a5cf8ac4701c56c56f1bd6c4457c4bab4d1,TX,48377,2,2022-11-09T01:00:00.000Z,FIPSCode,48377,0,2022-11-09T17:29:21.469Z,8,98.98,8,100,62962,1025,61.97,62492,550,33.25,63492,79,4.78,1671,99,1654,4047,8,8
1668016115,2022-11-09 11:48:35 -0600,44fe66a37f2c05d790cd33766e2c79a936a02af4,TX,48377,2,2022-11-09T01:00:00.000Z,FIPSCode,48377,0,2022-11-09T17:29:21.469Z,8,98.98,8,100,62962,1025,61.97,62492,550,33.25,63492,79,4.78,1671,99,1654,4047,8,8
1668016198,2022-11-09 11:49:58 -0600,b2d753ce34093bf99b02c955de2d0060a5ac9e0c,TX,48377,2,2022-11-09T01:00:00.000Z,FIPSCode,48377,0,2022-11-09T17:29:21.469Z,8,98.98,8,100,62962,1025,61.97,62492,550,33.25,63492,79,4.78,1671,99,1654,4047,8,8
1668016241,2022-11-09 11:50:41 -0600,3983f72315cfef024e0a26beca22ece9ce5e50a1,TX,48377,2,2022-11-09T01:00:00.000Z,FIPSCode,48377,0,2022-11-09T17:29:21.469Z,8,98.98,8,100,62962,1025,61.97,62492,550,33.25,63492,79,4.78,1671,99,1654,4047,8,8
1668016282,2022-11-09 11:51:22 -0600,e151fd806f6dbeb7a6baf8d7eec7750307077882,TX,48377,2,2022-11-09T01:00:00.000Z,FIPSCode,48377,0,2022-11-09T17:29:21.469Z,8,98.98,8,100,62962,1025,61.97,62492,550,33.25,63492,79,4.78,1671,99,1654,4047,8,8
1668016324,2022-11-09 11:52:04 -0600,a9b75462dd7fbdf01ae32b38debcb3f77456d2b1,TX,48377,2,2022-11-09T01:00:00.000Z,FIPSCode,48377,0,2022-11-09T17:29:21.469Z,8,98.98,8,100,62962,1025,61.97,62492,550,33.25,63492,79,4.78,1671,99,1654,4047,8,8
1668016367,2022-11-09 11:52:47 -0600,a5646ecd803051dafdf54d504e1f2df15091e93b,TX,48377,2,2022-11-09T01:00:00.000Z,FIPSCode,48377,0,2022-11-09T17:29:21.469Z,8,98.98,8,100,62962,1025,61.97,62492,550,33.25,63492,79,4.78,1671,99,1654,4047,8,8
1668016409,2022-11-09 11:53:29 -0600,279db1cf38d7d5b75d89b8589ac06a38ed0aaa0f,TX,48377,2,2022-11-09T01:00:00.000Z,FIPSCode,48377,0,2022-11-09T17:29:21.469Z,8,98.98,8,100,62962,1025,61.97,62492,550,33.25,63492,79,4.78,1671,99,1654,4047,8,8
1668016621,2022-11-09 11:57:01 -0600,39411eba4613cbf80a9dc23f0153200509871323,TX,48377,2,2022-11-09T01:00:00.000Z,FIPSCode,48377,0,2022-11-09T17:29:21.469Z,8,98.98,8,100,62962,1025,61.97,62492,550,33.25,63492,79,4.78,1671,99,1654,4047,8,8
1668016706,2022-11-09 11:58:26 -0600,a8a8152d171d20763a6bdce25630001755be4535,TX,48377,2,2022-11-09T01:00:00.000Z,FIPSCode,48377,0,2022-11-09T17:29:21.469Z,8,98.98,8,100,62962,1025,61.97,62492,550,33.25,63492,79,4.78,1671,99,1654,4047,8,8
1668016746,2022-11-09 11:59:06 -0600,d0f6c10ab15aed35914ea8aa72e5bf15c254dc16,TX,48377,2,2022-11-09T01:00:00.000Z,FIPSCode,48377,0,2022-11-09T17:29:21.469Z,8,98.98,8,100,62962,1025,61.97,62492,550,33.25,63492,79,4.78,1671,99,1654,4047,8,8
1668016790,2022-11-09 11:59:50 -0600,80d6ec4c67d71c567603b1223e198dbd76c1ae26,TX,48377,2,2022-11-09T01:00:00.000Z,FIPSCode,48377,0,2022-11-09T17:29:21.469Z,8,98.98,8,100,62962,1025,61.97,62492,550,33.25,63492,79,4.78,1671,99,1654,4047,8,8
1668016831,2022-11-09 12:00:31 -0600,f365e50d6b9c5421628944440efedfd45ca3d35a,TX,48377,2,2022-11-09T01:00:00.000Z,FIPSCode,48377,0,2022-11-09T17:29:21.469Z,8,98.98,8,100,62962,1025,61.97,62492,550,33.25,63492,79,4.78,1671,99,1654,4047,8,8
1668016873,2022-11-09 12:01:13 -0600,7b8e19c5a1731711af176adfaab402a07957a30f,TX,48377,2,2022-11-09T01:00:00.000Z,FIPSCode,48377,0,2022-11-09T17:29:21.469Z,8,98.98,8,100,62962,1025,61.97,62492,550,33.25,63492,79,4.78,1671,99,1654,4047,8,8
1668016998,2022-11-09 12:03:18 -0600,89e901f5a581335bb9a4d8a9099e520604f43b49,TX,48377,2,2022-11-09T01:00:00.000Z,FIPSCode,48377,0,2022-11-09T18:02:38.029Z,8,98.98,8,100,62962,1025,61.97,62492,550,33.25,63492,79,4.78,1671,99,1654,4047,8,8
1668017040,2022-11-09 12:04:00 -0600,24a3999bfe81183a3c3d2e97d258d715c818c871,TX,48377,2,2022-11-09T01:00:00.000Z,FIPSCode,48377,0,2022-11-09T18:03:36.386Z,8,98.98,8,100,62962,1025,61.97,62492,550,33.25,63492,79,4.78,1671,99,1654,4047,8,8
1668017082,2022-11-09 12:04:42 -0600,411ee94de8918806a7f49eed76d9af201d40cd42,TX,48377,2,2022-11-09T01:00:00.000Z,FIPSCode,48377,0,2022-11-09T18:03:36.386Z,8,98.98,8,100,62962,1025,61.97,62492,550,33.25,63492,79,4.78,1671,99,1654,4047,8,8
1668017123,2022-11-09 12:05:23 -0600,ed18f7216787cdb5ef36ddfcc78146352dc91fa1,TX,48377,2,2022-11-09T01:00:00.000Z,FIPSCode,48377,0,2022-11-09T18:04:38.637Z,8,98.98,8,100,62962,1025,61.97,62492,550,33.25,63492,79,4.78,1671,99,1654,4047,8,8
1668017165,2022-11-09 12:06:05 -0600,082aa88b5912cef98698929006425a7c1aa446a4,TX,48377,2,2022-11-09T01:00:00.000Z,FIPSCode,48377,0,2022-11-09T18:04:38.637Z,8,98.98,8,100,62962,1025,61.97,62492,550,33.25,63492,79,4.78,1671,99,1654,4047,8,8
1668017206,2022-11-09 12:06:46 -0600,cab9fc351a41a1f6c3290dfad4c74d7e203c2ccf,TX,48377,2,2022-11-09T01:00:00.000Z,FIPSCode,48377,0,2022-11-09T18:04:38.637Z,8,98.98,8,100,62962,1025,61.97,62492,550,33.25,63492,79,4.78,1671,99,1654,4047,8,8
1668017289,2022-11-09 12:08:09 -0600,7b983a56cedaa2cb0faa24773b64fe45682a1bbd,TX,48377,2,2022-11-09T01:00:00.000Z,FIPSCode,48377,0,2022-11-09T18:04:38.637Z,8,98.98,8,100,62962,1025,61.97,62492,550,33.25,63492,79,4.78,1671,99,1654,4047,8,8
1668017331,2022-11-09 12:08:51 -0600,8f60c5aca98d786811482ddf7c356bd606cb8b10,TX,48377,2,2022-11-09T01:00:00.000Z,FIPSCode,48377,0,2022-11-09T18:04:38.637Z,8,98.98,8,100,62962,1025,61.97,62492,550,33.25,63492,79,4.78,1671,99,1654,4047,8,8
1668017415,2022-11-09 12:10:15 -0600,867af4c3e54fedde7872ac4ad131e4b807e36fb5,TX,48377,2,2022-11-09T01:00:00.000Z,FIPSCode,48377,0,2022-11-09T18:04:38.637Z,8,98.98,8,100,62962,1025,61.97,62492,550,33.25,63492,79,4.78,1671,99,1654,4047,8,8
1668017457,2022-11-09 12:10:57 -0600,786bebe816c647daf10b858457deb406e077453c,TX,48377,2,2022-11-09T01:00:00.000Z,FIPSCode,48377,0,2022-11-09T18:04:38.637Z,8,98.98,8,100,62962,1025,61.97,62492,550,33.25,63492,79,4.78,1671,99,1654,4047,8,8
1668017499,2022-11-09 12:11:39 -0600,ba3829571487a5c0cbdc22acb7dcdfa5af8ac885,TX,48377,2,2022-11-09T01:00:00.000Z,FIPSCode,48377,0,2022-11-09T18:04:38.637Z,8,98.98,8,100,62962,1025,61.97,62492,550,33.25,63492,79,4.78,1671,99,1654,4047,8,8
1668017583,2022-11-09 12:13:03 -0600,58e8e7118cc28f94d2f7500d8271dd8329a7e1e3,TX,48377,2,2022-11-09T01:00:00.000Z,FIPSCode,48377,0,2022-11-09T18:04:38.637Z,8,98.98,8,100,62962,1025,61.97,62492,550,33.25,63492,79,4.78,1671,99,1654,4047,8,8
1668017625,2022-11-09 12:13:45 -0600,e95f6d0af08bd77d57bf0b98ceec92c1b86b6eef,TX,48377,2,2022-11-09T01:00:00.000Z,FIPSCode,48377,0,2022-11-09T18:04:38.637Z,8,98.98,8,100,62962,1025,61.97,62492,550,33.25,63492,79,4.78,1671,99,1654,4047,8,8
1668017667,2022-11-09 12:14:27 -0600,3654f693a279db397b6d6797cd43f2c8eaef3e1e,TX,48377,2,2022-11-09T01:00:00.000Z,FIPSCode,48377,0,2022-11-09T18:04:38.637Z,8,98.98,8,100,62962,1025,61.97,62492,550,33.25,63492,79,4.78,1671,99,1654,4047,8,8
1668017708,2022-11-09 12:15:08 -0600,08e0b9d27644cf6985103182515e1ce23ac8a2ce,TX,48377,2,2022-11-09T01:00:00.000Z,FIPSCode,48377,0,2022-11-09T18:04:38.637Z,8,98.98,8,100,62962,1025,61.97,62492,550,33.25,63492,79,4.78,1671,99,1654,4047,8,8
1668017875,2022-11-09 12:17:55 -0600,dd5823554da9b1a7badf1ebca68d659d5aabd5b8,TX,48377,2,2022-11-09T01:00:00.000Z,FIPSCode,48377,0,2022-11-09T18:04:38.637Z,8,98.98,8,100,62962,1025,61.97,62492,550,33.25,63492,79,4.78,1671,99,1654,4047,8,8
1668017920,2022-11-09 12:18:40 -0600,b3335bb15e0e6f6208266c54cadb6b6af703e3b7,TX,48377,2,2022-11-09T01:00:00.000Z,FIPSCode,48377,0,2022-11-09T18:04:38.637Z,8,98.98,8,100,62962,1025,61.97,62492,550,33.25,63492,79,4.78,1671,99,1654,4047,8,8
1668017961,2022-11-09 12:19:21 -0600,68ccc01fe598d71852b4d6c9d568579da1559216,TX,48377,2,2022-11-09T01:00:00.000Z,FIPSCode,48377,0,2022-11-09T18:04:38.637Z,8,98.98,8,100,62962,1025,61.97,62492,550,33.25,63492,79,4.78,1671,99,1654,4047,8,8
1668018004,2022-11-09 12:20:04 -0600,60b2503bcd7308902ff4a2049872255350769dfc,TX,48377,2,2022-11-09T01:00:00.000Z,FIPSCode,48377,0,2022-11-09T18:04:38.637Z,8,98.98,8,100,62962,1025,61.97,62492,550,33.25,63492,79,4.78,1671,99,1654,4047,8,8
1668018046,2022-11-09 12:20:46 -0600,f39f5395bce3d08abf023c8cdf19c243dd1dfbca,TX,48377,2,2022-11-09T01:00:00.000Z,FIPSCode,48377,0,2022-11-09T18:04:38.637Z,8,98.98,8,100,62962,1025,61.97,62492,550,33.25,63492,79,4.78,1671,99,1654,4047,8,8
1668018298,2022-11-09 12:24:58 -0600,b90fb5b431f7dd2518c84c4620c56a39796bc969,TX,48377,2,2022-11-09T01:00:00.000Z,FIPSCode,48377,0,2022-11-09T18:04:38.637Z,8,98.98,8,100,62962,1025,61.97,62492,550,33.25,63492,79,4.78,1671,99,1654,4047,8,8
1668018341,2022-11-09 12:25:41 -0600,b56d245c33e708c17fef45737243740ad771695a,TX,48377,2,2022-11-09T01:00:00.000Z,FIPSCode,48377,0,2022-11-09T18:04:38.637Z,8,98.98,8,100,62962,1025,61.97,62492,550,33.25,63492,79,4.78,1671,99,1654,4047,8,8
1668018425,2022-11-09 12:27:05 -0600,7c3190d5624213e8f00b546a91dcc2673310cec6,TX,48377,2,2022-11-09T01:00:00.000Z,FIPSCode,48377,0,2022-11-09T18:04:38.637Z,8,98.98,8,100,62962,1025,61.97,62492,550,33.25,63492,79,4.78,1671,99,1654,4047,8,8
1668018466,2022-11-09 12:27:46 -0600,0785bca3bbc679a92f56254d20d82519e87f768e,TX,48377,2,2022-11-09T01:00:00.000Z,FIPSCode,48377,0,2022-11-09T18:27:22.776Z,8,98.98,8,100,62962,1025,61.97,62492,550,33.25,63492,79,4.78,1671,99,1654,4047,8,8
1668018507,2022-11-09 12:28:27 -0600,9f5b63a2e9436dcbec4801b49f0bd7498332bbce,TX,48377,2,2022-11-09T01:00:00.000Z,FIPSCode,48377,0,2022-11-09T18:27:22.776Z,8,98.98,8,100,62962,1025,61.97,62492,550,33.25,63492,79,4.78,1671,99,1654,4047,8,8
1668018549,2022-11-09 12:29:09 -0600,4e324682e7f9ee7a5ba1db8cea48e0bb78cee9e3,TX,48377,2,2022-11-09T01:00:00.000Z,FIPSCode,48377,0,2022-11-09T18:28:42.274Z,8,98.98,8,100,62962,1025,61.97,62492,550,33.25,63492,79,4.78,1671,99,1654,4047,8,8
1668018590,2022-11-09 12:29:50 -0600,6622ba45660515eada462a4a268b05f1f66bfb6b,TX,48377,2,2022-11-09T01:00:00.000Z,FIPSCode,48377,0,2022-11-09T18:28:42.274Z,8,98.98,8,100,62962,1025,61.97,62492,550,33.25,63492,79,4.78,1671,99,1654,4047,8,8
1668018632,2022-11-09 12:30:32 -0600,696dcb2a4595c95bf626518c3008f70478688e48,TX,48377,2,2022-11-09T01:00:00.000Z,FIPSCode,48377,0,2022-11-09T18:29:38.907Z,8,98.98,8,100,62962,1025,61.97,62492,550,33.25,63492,79,4.78,1671,99,1654,4047,8,8
1668018674,2022-11-09 12:31:14 -0600,91deeb96b821b770dfc70a7587979b3ee6edbe5e,TX,48377,2,2022-11-09T01:00:00.000Z,FIPSCode,48377,0,2022-11-09T18:30:21.047Z,8,98.98,8,100,62962,1025,61.97,62492,550,33.25,63492,79,4.78,1671,99,1654,4047,8,8
1668018716,2022-11-09 12:31:56 -0600,4096cf0f4f140e2696a47d7492f925dbcd405abd,TX,48377,2,2022-11-09T01:00:00.000Z,FIPSCode,48377,0,2022-11-09T18:30:21.047Z,8,98.98,8,100,62962,1025,61.97,62492,550,33.25,63492,79,4.78,1671,99,1654,4047,8,8
1668018759,2022-11-09 12:32:39 -0600,9aea45c33471e738804dfe919e717b56c6e2642b,TX,48377,2,2022-11-09T01:00:00.000Z,FIPSCode,48377,0,2022-11-09T18:30:21.047Z,8,98.98,8,100,62962,1025,61.97,62492,550,33.25,63492,79,4.78,1671,99,1654,4047,8,8
1668018801,2022-11-09 12:33:21 -0600,8c52d61bb61d6ebce3413c22b732ce59d216da01,TX,48377,2,2022-11-09T01:00:00.000Z,FIPSCode,48377,0,2022-11-09T18:30:21.047Z,8,98.98,8,100,62962,1025,61.97,62492,550,33.25,63492,79,4.78,1671,99,1654,4047,8,8
1668018843,2022-11-09 12:34:03 -0600,c10cf09bb45b876a44441d4d309775eae93805b6,TX,48377,2,2022-11-09T01:00:00.000Z,FIPSCode,48377,0,2022-11-09T18:30:21.047Z,8,98.98,8,100,62962,1025,61.97,62492,550,33.25,63492,79,4.78,1671,99,1654,4047,8,8
1668018885,2022-11-09 12:34:45 -0600,79cb1ba82291547cb3d6b9a86ec0a7cd7e55b510,TX,48377,2,2022-11-09T01:00:00.000Z,FIPSCode,48377,0,2022-11-09T18:30:21.047Z,8,98.98,8,100,62962,1025,61.97,62492,550,33.25,63492,79,4.78,1671,99,1654,4047,8,8
1668018928,2022-11-09 12:35:28 -0600,0ef60c8be667a135c9747eecf94f95e5087fafe9,TX,48377,2,2022-11-09T01:00:00.000Z,FIPSCode,48377,0,2022-11-09T18:30:21.047Z,8,98.98,8,100,62962,1025,61.97,62492,550,33.25,63492,79,4.78,1671,99,1654,4047,8,8
1668018969,2022-11-09 12:36:09 -0600,227703c868fb4c1bc2b0ff8250d75bda86e21d07,TX,48377,2,2022-11-09T01:00:00.000Z,FIPSCode,48377,0,2022-11-09T18:30:21.047Z,8,98.98,8,100,62962,1025,61.97,62492,550,33.25,63492,79,4.78,1671,99,1654,4047,8,8
1668019012,2022-11-09 12:36:52 -0600,53f6c39735ec2c1d33e01f0be68ed68a2e056da8,TX,48377,2,2022-11-09T01:00:00.000Z,FIPSCode,48377,0,2022-11-09T18:30:21.047Z,8,98.98,8,100,62962,1025,61.97,62492,550,33.25,63492,79,4.78,1671,99,1654,4047,8,8
1668019136,2022-11-09 12:38:56 -0600,72d1a2a259085e342127776dd853ea4c8a697a81,TX,48377,2,2022-11-09T01:00:00.000Z,FIPSCode,48377,0,2022-11-09T18:30:21.047Z,8,98.98,8,100,62962,1025,61.97,62492,550,33.25,63492,79,4.78,1671,99,1654,4047,8,8
1668019177,2022-11-09 12:39:37 -0600,deaa5d54d781708ad5d0340861b7118cafcee3b2,TX,48377,2,2022-11-09T01:00:00.000Z,FIPSCode,48377,0,2022-11-09T18:30:21.047Z,8,98.98,8,100,62962,1025,61.97,62492,550,33.25,63492,79,4.78,1671,99,1654,4047,8,8
1668019219,2022-11-09 12:40:19 -0600,b2ca936d6e27c0460d8174e7c1de3d255a3a15b2,TX,48377,2,2022-11-09T01:00:00.000Z,FIPSCode,48377,0,2022-11-09T18:30:21.047Z,8,98.98,8,100,62962,1025,61.97,62492,550,33.25,63492,79,4.78,1671,99,1654,4047,8,8
1668019261,2022-11-09 12:41:01 -0600,4757366e3180b005c79bec01aff80ff237e0998d,TX,48377,2,2022-11-09T01:00:00.000Z,FIPSCode,48377,0,2022-11-09T18:30:21.047Z,8,98.98,8,100,62962,1025,61.97,62492,550,33.25,63492,79,4.78,1671,99,1654,4047,8,8
1668019304,2022-11-09 12:41:44 -0600,08a8f9673ad6bf39fbb17792092397226efb35d1,TX,48377,2,2022-11-09T01:00:00.000Z,FIPSCode,48377,0,2022-11-09T18:30:21.047Z,8,98.98,8,100,62962,1025,61.97,62492,550,33.25,63492,79,4.78,1671,99,1654,4047,8,8
1668019430,2022-11-09 12:43:50 -0600,7a33e6d43cf86701ed5d85e4604206aeb0662a62,TX,48377,2,2022-11-09T01:00:00.000Z,FIPSCode,48377,0,2022-11-09T18:30:21.047Z,8,98.98,8,100,62962,1025,61.97,62492,550,33.25,63492,79,4.78,1671,99,1654,4047,8,8
1668019472,2022-11-09 12:44:32 -0600,3b7b22f6881dc16cddc7cb3a860b125359c1f128,TX,48377,2,2022-11-09T01:00:00.000Z,FIPSCode,48377,0,2022-11-09T18:30:21.047Z,8,98.98,8,100,62962,1025,61.97,62492,550,33.25,63492,79,4.78,1671,99,1654,4047,8,8
1668019515,2022-11-09 12:45:15 -0600,59483b36887f126480f7e9012ad74623736d4edf,TX,48377,2,2022-11-09T01:00:00.000Z,FIPSCode,48377,0,2022-11-09T18:30:21.047Z,8,98.98,8,100,62962,1025,61.97,62492,550,33.25,63492,79,4.78,1671,99,1654,4047,8,8
1668019557,2022-11-09 12:45:57 -0600,362cdef085254557e6847a97ff2eec626aa21994,TX,48377,2,2022-11-09T01:00:00.000Z,FIPSCode,48377,0,2022-11-09T18:30:21.047Z,8,98.98,8,100,62962,1025,61.97,62492,550,33.25,63492,79,4.78,1671,99,1654,4047,8,8
1668019643,2022-11-09 12:47:23 -0600,d7f868b0887104dd86e4682b45b8c8f7558d8507,TX,48377,2,2022-11-09T01:00:00.000Z,FIPSCode,48377,0,2022-11-09T18:47:00.904Z,8,98.98,8,100,62962,1025,61.97,62492,550,33.25,63492,79,4.78,1671,99,1654,4047,8,8
1668019687,2022-11-09 12:48:07 -0600,706537affaa1aaf708353d2526d57832c260ebaf,TX,48377,2,2022-11-09T01:00:00.000Z,FIPSCode,48377,0,2022-11-09T18:47:39.640Z,8,98.98,8,100,62962,1025,61.97,62492,550,33.25,63492,79,4.78,1671,99,1654,4047,8,8
1668019729,2022-11-09 12:48:49 -0600,328d57353964e7fdcc3ab4a46fd0617a7c672442,TX,48377,2,2022-11-09T01:00:00.000Z,FIPSCode,48377,0,2022-11-09T18:47:39.640Z,8,98.98,8,100,62962,1025,61.97,62492,550,33.25,63492,79,4.78,1671,99,1654,4047,8,8
1668019814,2022-11-09 12:50:14 -0600,f4a1083e2806f5716e5c1476200c9cf8f7bfecf8,TX,48377,2,2022-11-09T01:00:00.000Z,FIPSCode,48377,0,2022-11-09T18:49:38.791Z,8,98.98,8,100,62962,1025,61.97,62492,550,33.25,63492,79,4.78,1671,99,1654,4047,8,8
1668020064,2022-11-09 12:54:24 -0600,3ebde6fa29a70120ca3106549a328190f5fbc481,TX,48377,2,2022-11-09T01:00:00.000Z,FIPSCode,48377,0,2022-11-09T18:49:38.791Z,8,98.98,8,100,62962,1025,61.97,62492,550,33.25,63492,79,4.78,1671,99,1654,4047,8,8
1668020106,2022-11-09 12:55:06 -0600,1cea6be431ad468a34d3324a40be1a320f07b8d5,TX,48377,2,2022-11-09T01:00:00.000Z,FIPSCode,48377,0,2022-11-09T18:49:38.791Z,8,98.98,8,100,62962,1025,61.97,62492,550,33.25,63492,79,4.78,1671,99,1654,4047,8,8
1668020356,2022-11-09 12:59:16 -0600,bb5979591fb0f1477711b6f5bb261f8a8e50614d,TX,48377,2,2022-11-09T01:00:00.000Z,FIPSCode,48377,0,2022-11-09T18:49:38.791Z,8,98.98,8,100,62962,1025,61.97,62492,550,33.25,63492,79,4.78,1671,99,1654,4047,8,8
1668020398,2022-11-09 12:59:58 -0600,778fa3fdf0fd52cbf6813b33811c1a8ea6810b82,TX,48377,2,2022-11-09T01:00:00.000Z,FIPSCode,48377,0,2022-11-09T18:49:38.791Z,8,98.98,8,100,62962,1025,61.97,62492,550,33.25,63492,79,4.78,1671,99,1654,4047,8,8
1668020442,2022-11-09 13:00:42 -0600,472e12e8112c68656f43b86c766dba934b9daf68,TX,48377,2,2022-11-09T01:00:00.000Z,FIPSCode,48377,0,2022-11-09T19:00:20.885Z,8,98.98,8,100,62962,1025,61.97,62492,550,33.25,63492,79,4.78,1671,99,1654,4047,8,8
1668020486,2022-11-09 13:01:26 -0600,f267e3bbbae16782af81d9d9c315d2afbf2e75cc,TX,48377,2,2022-11-09T01:00:00.000Z,FIPSCode,48377,0,2022-11-09T19:00:20.885Z,8,98.98,8,100,62962,1025,61.97,62492,550,33.25,63492,79,4.78,1671,99,1654,4047,8,8
1668020530,2022-11-09 13:02:10 -0600,1be728ce4972d5c04158d2666e916743bec7a567,TX,48377,2,2022-11-09T01:00:00.000Z,FIPSCode,48377,0,2022-11-09T19:01:18.671Z,8,98.98,8,100,62962,1025,61.97,62492,550,33.25,63492,79,4.78,1671,99,1654,4047,8,8
1668020574,2022-11-09 13:02:54 -0600,6b7dab21547cc3703f237ecd147292bc01fe40fa,TX,48377,2,2022-11-09T01:00:00.000Z,FIPSCode,48377,0,2022-11-09T19:02:18.823Z,8,98.98,8,100,62962,1025,61.97,62492,550,33.25,63492,79,4.78,1671,99,1654,4047,8,8
1668020616,2022-11-09 13:03:36 -0600,2c6fad455163280f176f28988bf086472da8ac40,TX,48377,2,2022-11-09T01:00:00.000Z,FIPSCode,48377,0,2022-11-09T19:02:18.823Z,8,98.98,8,100,62962,1025,61.97,62492,550,33.25,63492,79,4.78,1671,99,1654,4047,8,8
1668020742,2022-11-09 13:05:42 -0600,c51c6dd2451da0a8be5697d6cc47f533781fa3ad,TX,48377,2,2022-11-09T01:00:00.000Z,FIPSCode,48377,0,2022-11-09T19:02:18.823Z,8,98.98,8,100,62962,1025,61.97,62492,550,33.25,63492,79,4.78,1671,99,1654,4047,8,8
1668020786,2022-11-09 13:06:26 -0600,d85197e6fef4df0d3d50c11440efc8cbbe25462e,TX,48377,2,2022-11-09T01:00:00.000Z,FIPSCode,48377,0,2022-11-09T19:02:18.823Z,8,98.98,8,100,62962,1025,61.97,62492,550,33.25,63492,79,4.78,1671,99,1654,4047,8,8
1668020829,2022-11-09 13:07:09 -0600,cd9b0b308e2600eda290b677d3b43036fe5b7d54,TX,48377,2,2022-11-09T01:00:00.000Z,FIPSCode,48377,0,2022-11-09T19:02:18.823Z,8,98.98,8,100,62962,1025,61.97,62492,550,33.25,63492,79,4.78,1671,99,1654,4047,8,8
1668020872,2022-11-09 13:07:52 -0600,c96b3966188dd1ea466b2ced24069df04c72713a,TX,48377,2,2022-11-09T01:00:00.000Z,FIPSCode,48377,0,2022-11-09T19:02:18.823Z,8,98.98,8,100,62962,1025,61.97,62492,550,33.25,63492,79,4.78,1671,99,1654,4047,8,8
1668020914,2022-11-09 13:08:34 -0600,008b120b26692f130bdf7914d356b767898d13bf,TX,48377,2,2022-11-09T01:00:00.000Z,FIPSCode,48377,0,2022-11-09T19:02:18.823Z,8,98.98,8,100,62962,1025,61.97,62492,550,33.25,63492,79,4.78,1671,99,1654,4047,8,8
1668020957,2022-11-09 13:09:17 -0600,612205767e86055261af36dc626a1e169f6705b4,TX,48377,2,2022-11-09T01:00:00.000Z,FIPSCode,48377,0,2022-11-09T19:02:18.823Z,8,98.98,8,100,62962,1025,61.97,62492,550,33.25,63492,79,4.78,1671,99,1654,4047,8,8
1668020999,2022-11-09 13:09:59 -0600,8e101ae0c840983957daec288e314fe398f8d09d,TX,48377,2,2022-11-09T01:00:00.000Z,FIPSCode,48377,0,2022-11-09T19:09:18.339Z,8,98.98,8,100,62962,1025,61.97,62492,550,33.25,63492,79,4.78,1671,99,1654,4047,8,8
1668021042,2022-11-09 13:10:42 -0600,7e276d2df65632f8578ad57945fa0f6dea785555,TX,48377,2,2022-11-09T01:00:00.000Z,FIPSCode,48377,0,2022-11-09T19:09:18.339Z,8,98.98,8,100,62962,1025,61.97,62492,550,33.25,63492,79,4.78,1671,99,1654,4047,8,8
1668021085,2022-11-09 13:11:25 -0600,37a2aef7395b2e86535e42a27a2b7bb24711c09d,TX,48377,2,2022-11-09T01:00:00.000Z,FIPSCode,48377,0,2022-11-09T19:09:18.339Z,8,98.98,8,100,62962,1025,61.97,62492,550,33.25,63492,79,4.78,1671,99,1654,4047,8,8
1668021128,2022-11-09 13:12:08 -0600,08f0f2232fe4866d0597ecfb3bdd9ad5468f625b,TX,48377,2,2022-11-09T01:00:00.000Z,FIPSCode,48377,0,2022-11-09T19:11:39.534Z,8,98.98,8,100,62962,1025,61.97,62492,550,33.25,63492,79,4.78,1671,99,1654,4047,8,8
1668021169,2022-11-09 13:12:49 -0600,1332a0d2a69419ea1177a820e5aed5821916e828,TX,48377,2,2022-11-09T01:00:00.000Z,FIPSCode,48377,0,2022-11-09T19:11:39.534Z,8,98.98,8,100,62962,1025,61.97,62492,550,33.25,63492,79,4.78,1671,99,1654,4047,8,8
1668021212,2022-11-09 13:13:32 -0600,af4ef9cfaa0fbbc45fd1c85198d8f2f61debc5c3,TX,48377,2,2022-11-09T01:00:00.000Z,FIPSCode,48377,0,2022-11-09T19:13:00.860Z,8,98.98,8,100,62962,1025,61.97,62492,550,33.25,63492,79,4.78,1671,99,1654,4047,8,8
1668021256,2022-11-09 13:14:16 -0600,18bc67196aa715476082c8b4d9cb61b697fb9900,TX,48377,2,2022-11-09T01:00:00.000Z,FIPSCode,48377,0,2022-11-09T19:13:21.136Z,8,98.98,8,100,62962,1025,61.97,62492,550,33.25,63492,79,4.78,1671,99,1654,4047,8,8
1668021298,2022-11-09 13:14:58 -0600,c273fd1001f91f47677b524bacc2b69ecb4dbac0,TX,48377,2,2022-11-09T01:00:00.000Z,FIPSCode,48377,0,2022-11-09T19:13:21.136Z,8,98.98,8,100,62962,1025,61.97,62492,550,33.25,63492,79,4.78,1671,99,1654,4047,8,8
1668021340,2022-11-09 13:15:40 -0600,a36b447a421e79e47097afd61b676542fbb387a6,TX,48377,2,2022-11-09T01:00:00.000Z,FIPSCode,48377,0,2022-11-09T19:15:18.491Z,8,98.98,8,100,62962,1025,61.97,62492,550,33.25,63492,79,4.78,1671,99,1654,4047,8,8
1668021384,2022-11-09 13:16:24 -0600,de089fb7c4d1ce88590e1549f8f8d78c883b72f3,TX,48377,2,2022-11-09T01:00:00.000Z,FIPSCode,48377,0,2022-11-09T19:15:18.491Z,8,98.98,8,100,62962,1025,61.97,62492,550,33.25,63492,79,4.78,1671,99,1654,4047,8,8
1668021425,2022-11-09 13:17:05 -0600,ff8e0d5eb19c639b3459ffd042d9480eb590737e,TX,48377,2,2022-11-09T01:00:00.000Z,FIPSCode,48377,0,2022-11-09T19:15:18.491Z,8,98.98,8,100,62962,1025,61.97,62492,550,33.25,63492,79,4.78,1671,99,1654,4047,8,8
1668021472,2022-11-09 13:17:52 -0600,5199181f4f8eee222e28aabb9228151429773035,TX,48377,2,2022-11-09T01:00:00.000Z,FIPSCode,48377,0,2022-11-09T19:17:17.997Z,8,98.98,8,100,62962,1025,61.97,62492,550,33.25,63492,79,4.78,1671,99,1654,4047,8,8
1668021514,2022-11-09 13:18:34 -0600,4a8e62176a0a4c2b52ee5c15e617c23cc1107349,TX,48377,2,2022-11-09T01:00:00.000Z,FIPSCode,48377,0,2022-11-09T19:18:18.315Z,8,98.98,8,100,62962,1025,61.97,62492,550,33.25,63492,79,4.78,1671,99,1654,4047,8,8
1668021603,2022-11-09 13:20:03 -0600,e51a3f968597dfb78db09bd9d1f8f2a857e0f3d5,TX,48377,2,2022-11-09T01:00:00.000Z,FIPSCode,48377,0,2022-11-09T19:18:18.315Z,8,98.98,8,100,62962,1025,61.97,62492,550,33.25,63492,79,4.78,1671,99,1654,4047,8,8
1668021645,2022-11-09 13:20:45 -0600,4da28a2d8efa3237843507a93050808c568e711c,TX,48377,2,2022-11-09T01:00:00.000Z,FIPSCode,48377,0,2022-11-09T19:18:18.315Z,8,98.98,8,100,62962,1025,61.97,62492,550,33.25,63492,79,4.78,1671,99,1654,4047,8,8
1668021688,2022-11-09 13:21:28 -0600,566323923504f34e369e20cec6a13647a53b7c24,TX,48377,2,2022-11-09T01:00:00.000Z,FIPSCode,48377,0,2022-11-09T19:18:18.315Z,8,98.98,8,100,62962,1025,61.97,62492,550,33.25,63492,79,4.78,1671,99,1654,4047,8,8
1668021729,2022-11-09 13:22:09 -0600,be3251dd1e259baab2263d6da8f977c4fa8c71cb,TX,48377,2,2022-11-09T01:00:00.000Z,FIPSCode,48377,0,2022-11-09T19:18:18.315Z,8,98.98,8,100,62962,1025,61.97,62492,550,33.25,63492,79,4.78,1671,99,1654,4047,8,8
1668021772,2022-11-09 13:22:52 -0600,2932a9841f0b9d0fbbf28bcfb75c7bcd9d036db9,TX,48377,2,2022-11-09T01:00:00.000Z,FIPSCode,48377,0,2022-11-09T19:18:18.315Z,8,98.98,8,100,62962,1025,61.97,62492,550,33.25,63492,79,4.78,1671,99,1654,4047,8,8
1668021815,2022-11-09 13:23:35 -0600,6fd96a5ba4522e27e18f277a639a71653917f2f7,TX,48377,2,2022-11-09T01:00:00.000Z,FIPSCode,48377,0,2022-11-09T19:18:18.315Z,8,98.98,8,100,62962,1025,61.97,62492,550,33.25,63492,79,4.78,1671,99,1654,4047,8,8
1668021856,2022-11-09 13:24:16 -0600,c684b9b9af253b08066b30b4c36ed0a9c660b679,TX,48377,2,2022-11-09T01:00:00.000Z,FIPSCode,48377,0,2022-11-09T19:18:18.315Z,8,98.98,8,100,62962,1025,61.97,62492,550,33.25,63492,79,4.78,1671,99,1654,4047,8,8
1668021897,2022-11-09 13:24:57 -0600,ff82823f0928deb04d76a1544b42c32ff14f06bf,TX,48377,2,2022-11-09T01:00:00.000Z,FIPSCode,48377,0,2022-11-09T19:18:18.315Z,8,98.98,8,100,62962,1025,61.97,62492,550,33.25,63492,79,4.78,1671,99,1654,4047,8,8
1668022024,2022-11-09 13:27:04 -0600,8c020032e3acbe581a2384f88026af1c9438b210,TX,48377,2,2022-11-09T01:00:00.000Z,FIPSCode,48377,0,2022-11-09T19:26:37.449Z,8,98.98,8,100,62962,1025,61.97,62492,550,33.25,63492,79,4.78,1671,99,1654,4047,8,8
1668022068,2022-11-09 13:27:48 -0600,54989ad132a27574aa6308acb004b2d4010a3eda,TX,48377,2,2022-11-09T01:00:00.000Z,FIPSCode,48377,0,2022-11-09T19:27:19.760Z,8,98.98,8,100,62962,1025,61.97,62492,550,33.25,63492,79,4.78,1671,99,1654,4047,8,8
1668022108,2022-11-09 13:28:28 -0600,31a4ae7dae85c96fc0c18bb1e8705b3996ea804e,TX,48377,2,2022-11-09T01:00:00.000Z,FIPSCode,48377,0,2022-11-09T19:27:19.760Z,8,98.98,8,100,62962,1025,61.97,62492,550,33.25,63492,79,4.78,1671,99,1654,4047,8,8
1668022149,2022-11-09 13:29:09 -0600,db862adbb55b54fb04f17c5000999e056cd04920,TX,48377,2,2022-11-09T01:00:00.000Z,FIPSCode,48377,0,2022-11-09T19:27:19.760Z,8,98.98,8,100,62962,1025,61.97,62492,550,33.25,63492,79,4.78,1671,99,1654,4047,8,8
1668022191,2022-11-09 13:29:51 -0600,bb7c1b0b672fb7cee94f77e8bad4d13c5235dc86,TX,48377,2,2022-11-09T01:00:00.000Z,FIPSCode,48377,0,2022-11-09T19:29:18.106Z,8,98.98,8,100,62962,1025,61.97,62492,550,33.25,63492,79,4.78,1671,99,1654,4047,8,8
1668022234,2022-11-09 13:30:34 -0600,bc5edd902fbe42b692624b6cc02f7422c5c8c56c,TX,48377,2,2022-11-09T01:00:00.000Z,FIPSCode,48377,0,2022-11-09T19:29:18.106Z,8,98.98,8,100,62962,1025,61.97,62492,550,33.25,63492,79,4.78,1671,99,1654,4047,8,8
1668022275,2022-11-09 13:31:15 -0600,830e7cab9dd4c198612bd2f61b04e37c351ba5b3,TX,48377,2,2022-11-09T01:00:00.000Z,FIPSCode,48377,0,2022-11-09T19:29:18.106Z,8,98.98,8,100,62962,1025,61.97,62492,550,33.25,63492,79,4.78,1671,99,1654,4047,8,8
1668022316,2022-11-09 13:31:56 -0600,8ac9d40a9f128bd1e65ee6aa2eeea055ff6e7ec0,TX,48377,2,2022-11-09T01:00:00.000Z,FIPSCode,48377,0,2022-11-09T19:29:18.106Z,8,98.98,8,100,62962,1025,61.97,62492,550,33.25,63492,79,4.78,1671,99,1654,4047,8,8
1668022357,2022-11-09 13:32:37 -0600,459b06c1f22c711487c01a8ae7e7392951c4b12c,TX,48377,2,2022-11-09T01:00:00.000Z,FIPSCode,48377,0,2022-11-09T19:29:18.106Z,8,98.98,8,100,62962,1025,61.97,62492,550,33.25,63492,79,4.78,1671,99,1654,4047,8,8
1668022398,2022-11-09 13:33:18 -0600,ecef36198f7cf545e1429c13dc3fa5cf984bba2a,TX,48377,2,2022-11-09T01:00:00.000Z,FIPSCode,48377,0,2022-11-09T19:29:18.106Z,8,98.98,8,100,62962,1025,61.97,62492,550,33.25,63492,79,4.78,1671,99,1654,4047,8,8
1668022439,2022-11-09 13:33:59 -0600,e0c2dc5e2a62491dc5e6ee4bd0b82ac6bb2ea826,TX,48377,2,2022-11-09T01:00:00.000Z,FIPSCode,48377,0,2022-11-09T19:29:18.106Z,8,98.98,8,100,62962,1025,61.97,62492,550,33.25,63492,79,4.78,1671,99,1654,4047,8,8
1668022481,2022-11-09 13:34:41 -0600,1e63325bf00655da2897fbaff11c82ce07d25b5f,TX,48377,2,2022-11-09T01:00:00.000Z,FIPSCode,48377,0,2022-11-09T19:29:18.106Z,8,98.98,8,100,62962,1025,61.97,62492,550,33.25,63492,79,4.78,1671,99,1654,4047,8,8
1668022521,2022-11-09 13:35:21 -0600,13ad5df8b98f0a441a40b54eb36fec2ebe94769f,TX,48377,2,2022-11-09T01:00:00.000Z,FIPSCode,48377,0,2022-11-09T19:29:18.106Z,8,98.98,8,100,62962,1025,61.97,62492,550,33.25,63492,79,4.78,1671,99,1654,4047,8,8
1668022564,2022-11-09 13:36:04 -0600,ff3ddf88745ad0a757caf0046d418a0bf15d692c,TX,48377,2,2022-11-09T01:00:00.000Z,FIPSCode,48377,0,2022-11-09T19:29:18.106Z,8,98.98,8,100,62962,1025,61.97,62492,550,33.25,63492,79,4.78,1671,99,1654,4047,8,8
1668022603,2022-11-09 13:36:43 -0600,585360b592f5b2b74cacdec77d4a7b34b0f4b1ad,TX,48377,2,2022-11-09T01:00:00.000Z,FIPSCode,48377,0,2022-11-09T19:29:18.106Z,8,98.98,8,100,62962,1025,61.97,62492,550,33.25,63492,79,4.78,1671,99,1654,4047,8,8
1668022645,2022-11-09 13:37:25 -0600,77d960866af403ade41304d9d9a1c54e73be07eb,TX,48377,2,2022-11-09T01:00:00.000Z,FIPSCode,48377,0,2022-11-09T19:29:18.106Z,8,98.98,8,100,62962,1025,61.97,62492,550,33.25,63492,79,4.78,1671,99,1654,4047,8,8
1668022686,2022-11-09 13:38:06 -0600,cb56a4b22d1b4e3f8ed536ce0e6bcb83a8e9f35e,TX,48377,2,2022-11-09T01:00:00.000Z,FIPSCode,48377,0,2022-11-09T19:29:18.106Z,8,98.98,8,100,62962,1025,61.97,62492,550,33.25,63492,79,4.78,1671,99,1654,4047,8,8
1668022727,2022-11-09 13:38:47 -0600,4e731f01cdc99a5d7e6900ff51d00bb123f15578,TX,48377,2,2022-11-09T01:00:00.000Z,FIPSCode,48377,0,2022-11-09T19:29:18.106Z,8,98.98,8,100,62962,1025,61.97,62492,550,33.25,63492,79,4.78,1671,99,1654,4047,8,8
1668022768,2022-11-09 13:39:28 -0600,f877830a9010d759c08dfa188cf5ce3dc296dc26,TX,48377,2,2022-11-09T01:00:00.000Z,FIPSCode,48377,0,2022-11-09T19:38:37.635Z,8,98.98,8,100,62962,1025,61.97,62492,550,33.25,63492,79,4.78,1671,99,1654,4047,8,8
1668022810,2022-11-09 13:40:10 -0600,bbac424ed10ffdddc4bbd6f0891c8167a885dae7,TX,48377,2,2022-11-09T01:00:00.000Z,FIPSCode,48377,0,2022-11-09T19:39:39.177Z,8,98.98,8,100,62962,1025,61.97,62492,550,33.25,63492,79,4.78,1671,99,1654,4047,8,8
1668022851,2022-11-09 13:40:51 -0600,67df7d64e690d4a54b2a603b041efd78fdb35f13,TX,48377,2,2022-11-09T01:00:00.000Z,FIPSCode,48377,0,2022-11-09T19:39:39.177Z,8,98.98,8,100,62962,1025,61.97,62492,550,33.25,63492,79,4.78,1671,99,1654,4047,8,8
1668022974,2022-11-09 13:42:54 -0600,a11dc43a9075d05d62ad127e02a2dc10aa2604c0,TX,48377,2,2022-11-09T01:00:00.000Z,FIPSCode,48377,0,2022-11-09T19:40:58.101Z,8,98.98,8,100,62962,1025,61.97,62492,550,33.25,63492,79,4.78,1671,99,1654,4047,8,8
1668023016,2022-11-09 13:43:36 -0600,3feb63158952e472b3722b461eed19b774b0a7bd,TX,48377,2,2022-11-09T01:00:00.000Z,FIPSCode,48377,0,2022-11-09T19:40:58.101Z,8,98.98,8,100,62962,1025,61.97,62492,550,33.25,63492,79,4.78,1671,99,1654,4047,8,8
1668023057,2022-11-09 13:44:17 -0600,dc7f033536cbb68e6972b2130a841ab00de024a0,TX,48377,2,2022-11-09T01:00:00.000Z,FIPSCode,48377,0,2022-11-09T19:40:58.101Z,8,98.98,8,100,62962,1025,61.97,62492,550,33.25,63492,79,4.78,1671,99,1654,4047,8,8
1668023097,2022-11-09 13:44:57 -0600,6471068d52ce82b363d68f63fa75119a8bc5bea7,TX,48377,2,2022-11-09T01:00:00.000Z,FIPSCode,48377,0,2022-11-09T19:40:58.101Z,8,98.98,8,100,62962,1025,61.97,62492,550,33.25,63492,79,4.78,1671,99,1654,4047,8,8
1668023139,2022-11-09 13:45:39 -0600,4a8fc8c88c818b5fa1c71a804366611620ac513b,TX,48377,2,2022-11-09T01:00:00.000Z,FIPSCode,48377,0,2022-11-09T19:40:58.101Z,8,98.98,8,100,62962,1025,61.97,62492,550,33.25,63492,79,4.78,1671,99,1654,4047,8,8
1668023180,2022-11-09 13:46:20 -0600,58050c8aaeb29125a10c256618142bc806b02ab0,TX,48377,2,2022-11-09T01:00:00.000Z,FIPSCode,48377,0,2022-11-09T19:40:58.101Z,8,98.98,8,100,62962,1025,61.97,62492,550,33.25,63492,79,4.78,1671,99,1654,4047,8,8
1668023221,2022-11-09 13:47:01 -0600,eb718767d88fd907cb1f9dd503f07df58651dab0,TX,48377,2,2022-11-09T01:00:00.000Z,FIPSCode,48377,0,2022-11-09T19:40:58.101Z,8,98.98,8,100,62962,1025,61.97,62492,550,33.25,63492,79,4.78,1671,99,1654,4047,8,8
1668023263,2022-11-09 13:47:43 -0600,d5962298497a5b4ffe86884debde594f40aac9e3,TX,48377,2,2022-11-09T01:00:00.000Z,FIPSCode,48377,0,2022-11-09T19:40:58.101Z,8,98.98,8,100,62962,1025,61.97,62492,550,33.25,63492,79,4.78,1671,99,1654,4047,8,8
1668023345,2022-11-09 13:49:05 -0600,857dc8c7267d0a9c7fef034d3136de570aaaa9bb,TX,48377,2,2022-11-09T01:00:00.000Z,FIPSCode,48377,0,2022-11-09T19:40:58.101Z,8,98.98,8,100,62962,1025,61.97,62492,550,33.25,63492,79,4.78,1671,99,1654,4047,8,8
1668023386,2022-11-09 13:49:46 -0600,309737d9f18098d4c4017fd2213fc5c610606dd2,TX,48377,2,2022-11-09T01:00:00.000Z,FIPSCode,48377,0,2022-11-09T19:40:58.101Z,8,98.98,8,100,62962,1025,61.97,62492,550,33.25,63492,79,4.78,1671,99,1654,4047,8,8
1668023430,2022-11-09 13:50:30 -0600,5897ae4376f7bb287aeba69544b5cfabf38a4601,TX,48377,2,2022-11-09T01:00:00.000Z,FIPSCode,48377,0,2022-11-09T19:40:58.101Z,8,98.98,8,100,62962,1025,61.97,62492,550,33.25,63492,79,4.78,1671,99,1654,4047,8,8
1668023471,2022-11-09 13:51:11 -0600,7064c26011665f9f693f9cb25740d6e34b456449,TX,48377,2,2022-11-09T01:00:00.000Z,FIPSCode,48377,0,2022-11-09T19:40:58.101Z,8,98.98,8,100,62962,1025,61.97,62492,550,33.25,63492,79,4.78,1671,99,1654,4047,8,8
1668023514,2022-11-09 13:51:54 -0600,8ce4702fa7c2f1e43478cd8ba51ac3f4283d66d7,TX,48377,2,2022-11-09T01:00:00.000Z,FIPSCode,48377,0,2022-11-09T19:40:58.101Z,8,98.98,8,100,62962,1025,61.97,62492,550,33.25,63492,79,4.78,1671,99,1654,4047,8,8
1668023555,2022-11-09 13:52:35 -0600,240d55e2dbc6ff1e83bc2c33cc07b7e3f6b30f67,TX,48377,2,2022-11-09T01:00:00.000Z,FIPSCode,48377,0,2022-11-09T19:52:19.320Z,8,98.98,8,100,62962,1025,61.97,62492,550,33.25,63492,79,4.78,1671,99,1654,4047,8,8
1668023597,2022-11-09 13:53:17 -0600,eeccc1be5a54e833a6b0ffddeb870ecb8e3a12df,TX,48377,2,2022-11-09T01:00:00.000Z,FIPSCode,48377,0,2022-11-09T19:52:19.320Z,8,98.98,8,100,62962,1025,61.97,62492,550,33.25,63492,79,4.78,1671,99,1654,4047,8,8
1668023638,2022-11-09 13:53:58 -0600,a963c19f34694126ce5fb13c782a8cb94846d84e,TX,48377,2,2022-11-09T01:00:00.000Z,FIPSCode,48377,0,2022-11-09T19:52:19.320Z,8,98.98,8,100,62962,1025,61.97,62492,550,33.25,63492,79,4.78,1671,99,1654,4047,8,8
1668023680,2022-11-09 13:54:40 -0600,535d5bf3d3ea3e7829440ace48b36cb5f700dd22,TX,48377,2,2022-11-09T01:00:00.000Z,FIPSCode,48377,0,2022-11-09T19:54:22.516Z,8,98.98,8,100,62962,1025,61.97,62492,550,33.25,63492,79,4.78,1671,99,1654,4047,8,8
1668023722,2022-11-09 13:55:22 -0600,21a8ce7e7df603c09fbc2af33e81421bddd91221,TX,48377,2,2022-11-09T01:00:00.000Z,FIPSCode,48377,0,2022-11-09T19:54:22.516Z,8,98.98,8,100,62962,1025,61.97,62492,550,33.25,63492,79,4.78,1671,99,1654,4047,8,8
1668023764,2022-11-09 13:56:04 -0600,4947ff9e617899c45c1210bda020138b75df84df,TX,48377,2,2022-11-09T01:00:00.000Z,FIPSCode,48377,0,2022-11-09T19:54:22.516Z,8,98.98,8,100,62962,1025,61.97,62492,550,33.25,63492,79,4.78,1671,99,1654,4047,8,8
1668023805,2022-11-09 13:56:45 -0600,933de43fade4cf4bbb8847d373ab71f53b5e02a6,TX,48377,2,2022-11-09T01:00:00.000Z,FIPSCode,48377,0,2022-11-09T19:54:22.516Z,8,98.98,8,100,62962,1025,61.97,62492,550,33.25,63492,79,4.78,1671,99,1654,4047,8,8
1668023847,2022-11-09 13:57:27 -0600,087b4f6a034c07b8ce438c0434be9757beda9d54,TX,48377,2,2022-11-09T01:00:00.000Z,FIPSCode,48377,0,2022-11-09T19:54:22.516Z,8,98.98,8,100,62962,1025,61.97,62492,550,33.25,63492,79,4.78,1671,99,1654,4047,8,8
1668023888,2022-11-09 13:58:08 -0600,61c6c5a40b8f0a651e5a678da4811da53e6dd6a2,TX,48377,2,2022-11-09T01:00:00.000Z,FIPSCode,48377,0,2022-11-09T19:54:22.516Z,8,98.98,8,100,62962,1025,61.97,62492,550,33.25,63492,79,4.78,1671,99,1654,4047,8,8
1668023931,2022-11-09 13:58:51 -0600,1d5ed1a8ebf11f21e3f5f3db02fc22c767037aa7,TX,48377,2,2022-11-09T01:00:00.000Z,FIPSCode,48377,0,2022-11-09T19:54:22.516Z,8,98.98,8,100,62962,1025,61.97,62492,550,33.25,63492,79,4.78,1671,99,1654,4047,8,8
1668023973,2022-11-09 13:59:33 -0600,fb0c17da159406b6de2ada8eec830e642b248e08,TX,48377,2,2022-11-09T01:00:00.000Z,FIPSCode,48377,0,2022-11-09T19:54:22.516Z,8,98.98,8,100,62962,1025,61.97,62492,550,33.25,63492,79,4.78,1671,99,1654,4047,8,8
1668024016,2022-11-09 14:00:16 -0600,5510e2c6baf4c6a853b3b9391c8515e3f4e8b2c3,TX,48377,2,2022-11-09T01:00:00.000Z,FIPSCode,48377,0,2022-11-09T19:54:22.516Z,8,98.98,8,100,62962,1025,61.97,62492,550,33.25,63492,79,4.78,1671,99,1654,4047,8,8
1668024058,2022-11-09 14:00:58 -0600,c5dbf83d765406f6931c207ba25e85d46181f8e7,TX,48377,2,2022-11-09T01:00:00.000Z,FIPSCode,48377,0,2022-11-09T19:54:22.516Z,8,98.98,8,100,62962,1025,61.97,62492,550,33.25,63492,79,4.78,1671,99,1654,4047,8,8
1668024101,2022-11-09 14:01:41 -0600,c19db2c6e4d3fc6dc1c0f367e5a84fa3f1bd33e3,TX,48377,2,2022-11-09T01:00:00.000Z,FIPSCode,48377,0,2022-11-09T19:54:22.516Z,8,98.98,8,100,62962,1025,61.97,62492,550,33.25,63492,79,4.78,1671,99,1654,4047,8,8
1668024143,2022-11-09 14:02:23 -0600,e4b7a1e33b9683adcc751de2de4a871870778b81,TX,48377,2,2022-11-09T01:00:00.000Z,FIPSCode,48377,0,2022-11-09T19:54:22.516Z,8,98.98,8,100,62962,1025,61.97,62492,550,33.25,63492,79,4.78,1671,99,1654,4047,8,8
1668024186,2022-11-09 14:03:06 -0600,9a27d0a4d1b21281281270bffccb621ee050307d,TX,48377,2,2022-11-09T01:00:00.000Z,FIPSCode,48377,0,2022-11-09T19:54:22.516Z,8,98.98,8,100,62962,1025,61.97,62492,550,33.25,63492,79,4.78,1671,99,1654,4047,8,8
1668024228,2022-11-09 14:03:48 -0600,82a14c7fae356ec72477d655a8483e382e1858ed,TX,48377,2,2022-11-09T01:00:00.000Z,FIPSCode,48377,0,2022-11-09T19:54:22.516Z,8,98.98,8,100,62962,1025,61.97,62492,550,33.25,63492,79,4.78,1671,99,1654,4047,8,8
1668024270,2022-11-09 14:04:30 -0600,dc4e4322f94f62671d534f017791164ad937b00b,TX,48377,2,2022-11-09T01:00:00.000Z,FIPSCode,48377,0,2022-11-09T19:54:22.516Z,8,98.98,8,100,62962,1025,61.97,62492,550,33.25,63492,79,4.78,1671,99,1654,4047,8,8
1668024315,2022-11-09 14:05:15 -0600,2ecfdf857b6235d09461af42a3bc064d396dc8e7,TX,48377,2,2022-11-09T01:00:00.000Z,FIPSCode,48377,0,2022-11-09T19:54:22.516Z,8,98.98,8,100,62962,1025,61.97,62492,550,33.25,63492,79,4.78,1671,99,1654,4047,8,8
1668024357,2022-11-09 14:05:57 -0600,9abba7bf3f6b9d79474243843d9c5f63bd4fb88a,TX,48377,2,2022-11-09T01:00:00.000Z,FIPSCode,48377,0,2022-11-09T19:54:22.516Z,8,98.98,8,100,62962,1025,61.97,62492,550,33.25,63492,79,4.78,1671,99,1654,4047,8,8
1668024399,2022-11-09 14:06:39 -0600,36cb580c26318fa310f3b3f49f08ceee625701df,TX,48377,2,2022-11-09T01:00:00.000Z,FIPSCode,48377,0,2022-11-09T19:54:22.516Z,8,98.98,8,100,62962,1025,61.97,62492,550,33.25,63492,79,4.78,1671,99,1654,4047,8,8
1668024441,2022-11-09 14:07:21 -0600,9a088d715a3ec1141a0d836dc12c783c6500de8d,TX,48377,2,2022-11-09T01:00:00.000Z,FIPSCode,48377,0,2022-11-09T19:54:22.516Z,8,98.98,8,100,62962,1025,61.97,62492,550,33.25,63492,79,4.78,1671,99,1654,4047,8,8
1668024484,2022-11-09 14:08:04 -0600,5401038dc26fa5e02d8b703739ade8751638622b,TX,48377,2,2022-11-09T01:00:00.000Z,FIPSCode,48377,0,2022-11-09T20:07:39.324Z,8,98.98,8,100,62962,1025,61.97,62492,550,33.25,63492,79,4.78,1671,99,1654,4047,8,8
1668024526,2022-11-09 14:08:46 -0600,ed495cece2e94d4144aae862d808cc9c18c574b3,TX,48377,2,2022-11-09T01:00:00.000Z,FIPSCode,48377,0,2022-11-09T20:08:17.834Z,8,98.98,8,100,62962,1025,61.97,62492,550,33.25,63492,79,4.78,1671,99,1654,4047,8,8
1668024611,2022-11-09 14:10:11 -0600,55625e65c0c389ad7fcce801ce3345c08242089c,TX,48377,2,2022-11-09T01:00:00.000Z,FIPSCode,48377,0,2022-11-09T20:09:19.491Z,8,98.98,8,100,62962,1025,61.97,62492,550,33.25,63492,79,4.78,1671,99,1654,4047,8,8
1668024695,2022-11-09 14:11:35 -0600,9e613beb082afe3c3a4cbd8252f0c9025ffae7f3,TX,48377,2,2022-11-09T01:00:00.000Z,FIPSCode,48377,0,2022-11-09T20:10:19.166Z,8,98.98,8,100,62962,1025,61.97,62492,550,33.25,63492,79,4.78,1671,99,1654,4047,8,8
1668024736,2022-11-09 14:12:16 -0600,3f829e8a68014f0df0822a266c57bbdb17c05942,TX,48377,2,2022-11-09T01:00:00.000Z,FIPSCode,48377,0,2022-11-09T20:10:19.166Z,8,98.98,8,100,62962,1025,61.97,62492,550,33.25,63492,79,4.78,1671,99,1654,4047,8,8
1668024778,2022-11-09 14:12:58 -0600,435fb2edac9de70ccea2e72e39ce382ef0c5e705,TX,48377,2,2022-11-09T01:00:00.000Z,FIPSCode,48377,0,2022-11-09T20:10:19.166Z,8,98.98,8,100,62962,1025,61.97,62492,550,33.25,63492,79,4.78,1671,99,1654,4047,8,8
1668024902,2022-11-09 14:15:02 -0600,4efe0cd0560afe8464f6b954c36cab80eddb03b3,TX,48377,2,2022-11-09T01:00:00.000Z,FIPSCode,48377,0,2022-11-09T20:10:19.166Z,8,98.98,8,100,62962,1025,61.97,62492,550,33.25,63492,79,4.78,1671,99,1654,4047,8,8
1668024946,2022-11-09 14:15:46 -0600,8129bb0265bf72663a5b987a0bd05a6d6862736a,TX,48377,2,2022-11-09T01:00:00.000Z,FIPSCode,48377,0,2022-11-09T20:10:19.166Z,8,98.98,8,100,62962,1025,61.97,62492,550,33.25,63492,79,4.78,1671,99,1654,4047,8,8
1668024987,2022-11-09 14:16:27 -0600,b4297dac051c5845f8d6c6e461f2585b25ff6faa,TX,48377,2,2022-11-09T01:00:00.000Z,FIPSCode,48377,0,2022-11-09T20:10:19.166Z,8,98.98,8,100,62962,1025,61.97,62492,550,33.25,63492,79,4.78,1671,99,1654,4047,8,8
1668025028,2022-11-09 14:17:08 -0600,1f552e04125cad89b74460d89f4e0f54b6a0aec7,TX,48377,2,2022-11-09T01:00:00.000Z,FIPSCode,48377,0,2022-11-09T20:10:19.166Z,8,98.98,8,100,62962,1025,61.97,62492,550,33.25,63492,79,4.78,1671,99,1654,4047,8,8
1668025069,2022-11-09 14:17:49 -0600,869b9b7aab94aa06b068ecd03024509921b13617,TX,48377,2,2022-11-09T01:00:00.000Z,FIPSCode,48377,0,2022-11-09T20:10:19.166Z,8,98.98,8,100,62962,1025,61.97,62492,550,33.25,63492,79,4.78,1671,99,1654,4047,8,8
1668025111,2022-11-09 14:18:31 -0600,8a5331d418f04d8249fb068be02a8c62064c364e,TX,48377,2,2022-11-09T01:00:00.000Z,FIPSCode,48377,0,2022-11-09T20:10:19.166Z,8,98.98,8,100,62962,1025,61.97,62492,550,33.25,63492,79,4.78,1671,99,1654,4047,8,8
1668025152,2022-11-09 14:19:12 -0600,dac7a73338453720184edd9876ee42ca6d50bfbb,TX,48377,2,2022-11-09T01:00:00.000Z,FIPSCode,48377,0,2022-11-09T20:10:19.166Z,8,98.98,8,100,62962,1025,61.97,62492,550,33.25,63492,79,4.78,1671,99,1654,4047,8,8
1668025194,2022-11-09 14:19:54 -0600,9e915aa96d067b2307bcd1726542e66e73fc088e,TX,48377,2,2022-11-09T01:00:00.000Z,FIPSCode,48377,0,2022-11-09T20:10:19.166Z,8,98.98,8,100,62962,1025,61.97,62492,550,33.25,63492,79,4.78,1671,99,1654,4047,8,8
1668025234,2022-11-09 14:20:34 -0600,b212dcc0d7b0ad3a9bcd5569e2785ee586f1c6f7,TX,48377,2,2022-11-09T01:00:00.000Z,FIPSCode,48377,0,2022-11-09T20:10:19.166Z,8,98.98,8,100,62962,1025,61.97,62492,550,33.25,63492,79,4.78,1671,99,1654,4047,8,8
1668025276,2022-11-09 14:21:16 -0600,582cf97ffc5d8f1ff16f1ada16c8567dbdccaf96,TX,48377,2,2022-11-09T01:00:00.000Z,FIPSCode,48377,0,2022-11-09T20:10:19.166Z,8,98.98,8,100,62962,1025,61.97,62492,550,33.25,63492,79,4.78,1671,99,1654,4047,8,8
1668025315,2022-11-09 14:21:55 -0600,5f25b75aee062f9ae74fa23796d6264ad8da114c,TX,48377,2,2022-11-09T01:00:00.000Z,FIPSCode,48377,0,2022-11-09T20:10:19.166Z,8,98.98,8,100,62962,1025,61.97,62492,550,33.25,63492,79,4.78,1671,99,1654,4047,8,8
1668025356,2022-11-09 14:22:36 -0600,984dbce7d5efede1e1ae178c4e57c2db1bded9ce,TX,48377,2,2022-11-09T01:00:00.000Z,FIPSCode,48377,0,2022-11-09T20:10:19.166Z,8,98.98,8,100,62962,1025,61.97,62492,550,33.25,63492,79,4.78,1671,99,1654,4047,8,8
1668025397,2022-11-09 14:23:17 -0600,47ca14b680c1c6778d243bc832b6f5ed9ba29236,TX,48377,2,2022-11-09T01:00:00.000Z,FIPSCode,48377,0,2022-11-09T20:10:19.166Z,8,98.98,8,100,62962,1025,61.97,62492,550,33.25,63492,79,4.78,1671,99,1654,4047,8,8
1668025438,2022-11-09 14:23:58 -0600,3cd4120dd92ec7746fe43224bcd0770070524a09,TX,48377,2,2022-11-09T01:00:00.000Z,FIPSCode,48377,0,2022-11-09T20:10:19.166Z,8,98.98,8,100,62962,1025,61.97,62492,550,33.25,63492,79,4.78,1671,99,1654,4047,8,8
1668025479,2022-11-09 14:24:39 -0600,776dc719524ffe90b5ebbf510aedeb09581c1343,TX,48377,2,2022-11-09T01:00:00.000Z,FIPSCode,48377,0,2022-11-09T20:10:19.166Z,8,98.98,8,100,62962,1025,61.97,62492,550,33.25,63492,79,4.78,1671,99,1654,4047,8,8
1668025520,2022-11-09 14:25:20 -0600,696b73e9d60bee88b51a6957b78d7d45fcf49015,TX,48377,2,2022-11-09T01:00:00.000Z,FIPSCode,48377,0,2022-11-09T20:10:19.166Z,8,98.98,8,100,62962,1025,61.97,62492,550,33.25,63492,79,4.78,1671,99,1654,4047,8,8
1668025562,2022-11-09 14:26:02 -0600,6e185fa404a16ff0325d1a869149ba3db727c2b5,TX,48377,2,2022-11-09T01:00:00.000Z,FIPSCode,48377,0,2022-11-09T20:10:19.166Z,8,98.98,8,100,62962,1025,61.97,62492,550,33.25,63492,79,4.78,1671,99,1654,4047,8,8
1668025603,2022-11-09 14:26:43 -0600,2dc02b429d2b81f7b0c655440c3c2363c608877d,TX,48377,2,2022-11-09T01:00:00.000Z,FIPSCode,48377,0,2022-11-09T20:10:19.166Z,8,98.98,8,100,62962,1025,61.97,62492,550,33.25,63492,79,4.78,1671,99,1654,4047,8,8
1668025644,2022-11-09 14:27:24 -0600,8b921254990b6df7c2cda2ad178eaeaea9e04e53,TX,48377,2,2022-11-09T01:00:00.000Z,FIPSCode,48377,0,2022-11-09T20:10:19.166Z,8,98.98,8,100,62962,1025,61.97,62492,550,33.25,63492,79,4.78,1671,99,1654,4047,8,8
1668025686,2022-11-09 14:28:06 -0600,a71c946d454e4fccfad821a9e6456744392b53ab,TX,48377,2,2022-11-09T01:00:00.000Z,FIPSCode,48377,0,2022-11-09T20:10:19.166Z,8,98.98,8,100,62962,1025,61.97,62492,550,33.25,63492,79,4.78,1671,99,1654,4047,8,8
1668025725,2022-11-09 14:28:45 -0600,efe3462ead051ad298b3700e6ee19b1e2f4a5619,TX,48377,2,2022-11-09T01:00:00.000Z,FIPSCode,48377,0,2022-11-09T20:10:19.166Z,8,98.98,8,100,62962,1025,61.97,62492,550,33.25,63492,79,4.78,1671,99,1654,4047,8,8
1668025772,2022-11-09 14:29:32 -0600,ad6d12e2eb4e85c17ce4e04f1afdf134997e43e2,TX,48377,2,2022-11-09T01:00:00.000Z,FIPSCode,48377,0,2022-11-09T20:10:19.166Z,8,98.98,8,100,62962,1025,61.97,62492,550,33.25,63492,79,4.78,1671,99,1654,4047,8,8
1668025815,2022-11-09 14:30:15 -0600,a7786a2dae0bf93282eb466bdd8bf781e6f8ef51,TX,48377,2,2022-11-09T01:00:00.000Z,FIPSCode,48377,0,2022-11-09T20:29:18.496Z,8,98.98,8,100,62962,1025,61.97,62492,550,33.25,63492,79,4.78,1671,99,1654,4047,8,8
1668025856,2022-11-09 14:30:56 -0600,07a92257f84e1eb2c72ed0d7c6fabfef6ecdfa22,TX,48377,2,2022-11-09T01:00:00.000Z,FIPSCode,48377,0,2022-11-09T20:30:19.375Z,8,98.98,8,100,62962,1025,61.97,62492,550,33.25,63492,79,4.78,1671,99,1654,4047,8,8
1668025898,2022-11-09 14:31:38 -0600,0258f33e10be26825c79f387f879f906cbe72eb3,TX,48377,2,2022-11-09T01:00:00.000Z,FIPSCode,48377,0,2022-11-09T20:31:19.287Z,8,98.98,8,100,62962,1025,61.97,62492,550,33.25,63492,79,4.78,1671,99,1654,4047,8,8
1668025981,2022-11-09 14:33:01 -0600,2d027a675205fb4f86c5d90a733890246461d37d,TX,48377,2,2022-11-09T01:00:00.000Z,FIPSCode,48377,0,2022-11-09T20:31:19.287Z,8,98.98,8,100,62962,1025,61.97,62492,550,33.25,63492,79,4.78,1671,99,1654,4047,8,8
1668026022,2022-11-09 14:33:42 -0600,9d137af14c0952ec92c4fedea900dc609b6fa90a,TX,48377,2,2022-11-09T01:00:00.000Z,FIPSCode,48377,0,2022-11-09T20:31:19.287Z,8,98.98,8,100,62962,1025,61.97,62492,550,33.25,63492,79,4.78,1671,99,1654,4047,8,8
1668026064,2022-11-09 14:34:24 -0600,ca03a4a269e6058d6a1aa258dc8c813a933a7e00,TX,48377,2,2022-11-09T01:00:00.000Z,FIPSCode,48377,0,2022-11-09T20:31:19.287Z,8,98.98,8,100,62962,1025,61.97,62492,550,33.25,63492,79,4.78,1671,99,1654,4047,8,8
1668026106,2022-11-09 14:35:06 -0600,8db18c93d5a8ba161513c271dfd61ab63c1b0f5c,TX,48377,2,2022-11-09T01:00:00.000Z,FIPSCode,48377,0,2022-11-09T20:31:19.287Z,8,98.98,8,100,62962,1025,61.97,62492,550,33.25,63492,79,4.78,1671,99,1654,4047,8,8
1668026147,2022-11-09 14:35:47 -0600,1db0cd31fef0255626bdddef55a61f151e167173,TX,48377,2,2022-11-09T01:00:00.000Z,FIPSCode,48377,0,2022-11-09T20:31:19.287Z,8,98.98,8,100,62962,1025,61.97,62492,550,33.25,63492,79,4.78,1671,99,1654,4047,8,8
1668026189,2022-11-09 14:36:29 -0600,3334f326ac9ce4abf7053a363898534f402584af,TX,48377,2,2022-11-09T01:00:00.000Z,FIPSCode,48377,0,2022-11-09T20:31:19.287Z,8,98.98,8,100,62962,1025,61.97,62492,550,33.25,63492,79,4.78,1671,99,1654,4047,8,8
1668026230,2022-11-09 14:37:10 -0600,04eba1e7559bb4e42f70e1121bff93833b7e8228,TX,48377,2,2022-11-09T01:00:00.000Z,FIPSCode,48377,0,2022-11-09T20:31:19.287Z,8,98.98,8,100,62962,1025,61.97,62492,550,33.25,63492,79,4.78,1671,99,1654,4047,8,8
1668026272,2022-11-09 14:37:52 -0600,f4ae326968e6af7d976db129726d5c11b2fd48ec,TX,48377,2,2022-11-09T01:00:00.000Z,FIPSCode,48377,0,2022-11-09T20:31:19.287Z,8,98.98,8,100,62962,1025,61.97,62492,550,33.25,63492,79,4.78,1671,99,1654,4047,8,8
1668026355,2022-11-09 14:39:15 -0600,74cee3c1afba431e5b7018e9b8ea421024ef496b,TX,48377,2,2022-11-09T01:00:00.000Z,FIPSCode,48377,0,2022-11-09T20:31:19.287Z,8,98.98,8,100,62962,1025,61.97,62492,550,33.25,63492,79,4.78,1671,99,1654,4047,8,8
1668026396,2022-11-09 14:39:56 -0600,ed4d178a0d6d41412cc7c709d1ece08d5c923346,TX,48377,2,2022-11-09T01:00:00.000Z,FIPSCode,48377,0,2022-11-09T20:31:19.287Z,8,98.98,8,100,62962,1025,61.97,62492,550,33.25,63492,79,4.78,1671,99,1654,4047,8,8
1668026482,2022-11-09 14:41:22 -0600,191255bc047895b7ba46e2ba1025d9f893f2ac5a,TX,48377,2,2022-11-09T01:00:00.000Z,FIPSCode,48377,0,2022-11-09T20:31:19.287Z,8,98.98,8,100,62962,1025,61.97,62492,550,33.25,63492,79,4.78,1671,99,1654,4047,8,8
1668026523,2022-11-09 14:42:03 -0600,c51bd6e05a674ecf0c16efe1b38e26f8c42fe668,TX,48377,2,2022-11-09T01:00:00.000Z,FIPSCode,48377,0,2022-11-09T20:31:19.287Z,8,98.98,8,100,62962,1025,61.97,62492,550,33.25,63492,79,4.78,1671,99,1654,4047,8,8
1668026647,2022-11-09 14:44:07 -0600,45f4395e1aa504323ee096b3879d0e857a057ff2,TX,48377,2,2022-11-09T01:00:00.000Z,FIPSCode,48377,0,2022-11-09T20:31:19.287Z,8,98.98,8,100,62962,1025,61.97,62492,550,33.25,63492,79,4.78,1671,99,1654,4047,8,8
1668026687,2022-11-09 14:44:47 -0600,82daa4867543e00e7762e9ddac452ddc323e98c1,TX,48377,2,2022-11-09T01:00:00.000Z,FIPSCode,48377,0,2022-11-09T20:31:19.287Z,8,98.98,8,100,62962,1025,61.97,62492,550,33.25,63492,79,4.78,1671,99,1654,4047,8,8
1668026730,2022-11-09 14:45:30 -0600,298d3bb9568455bf2635c70915accc15331de897,TX,48377,2,2022-11-09T01:00:00.000Z,FIPSCode,48377,0,2022-11-09T20:31:19.287Z,8,98.98,8,100,62962,1025,61.97,62492,550,33.25,63492,79,4.78,1671,99,1654,4047,8,8
1668026771,2022-11-09 14:46:11 -0600,f2dee3733a8d7efa71376c9a0ebf4d6e74ad1006,TX,48377,2,2022-11-09T01:00:00.000Z,FIPSCode,48377,0,2022-11-09T20:31:19.287Z,8,98.98,8,100,62962,1025,61.97,62492,550,33.25,63492,79,4.78,1671,99,1654,4047,8,8
1668026813,2022-11-09 14:46:53 -0600,1fb157bb76ffb7c6797414bd3ec596ef5bd45072,TX,48377,2,2022-11-09T01:00:00.000Z,FIPSCode,48377,0,2022-11-09T20:31:19.287Z,8,98.98,8,100,62962,1025,61.97,62492,550,33.25,63492,79,4.78,1671,99,1654,4047,8,8
1668026855,2022-11-09 14:47:35 -0600,35354a63ce1251e9df5e3353273099ccfa8504f7,TX,48377,2,2022-11-09T01:00:00.000Z,FIPSCode,48377,0,2022-11-09T20:31:19.287Z,8,98.98,8,100,62962,1025,61.97,62492,550,33.25,63492,79,4.78,1671,99,1654,4047,8,8
1668026897,2022-11-09 14:48:17 -0600,fe33f8a9d126cbd5817113b4241b247a61534c60,TX,48377,2,2022-11-09T01:00:00.000Z,FIPSCode,48377,0,2022-11-09T20:31:19.287Z,8,98.98,8,100,62962,1025,61.97,62492,550,33.25,63492,79,4.78,1671,99,1654,4047,8,8
1668026937,2022-11-09 14:48:57 -0600,942b1a4dd3314e8e7da9dbd5436d7e7ac3d72c8c,TX,48377,2,2022-11-09T01:00:00.000Z,FIPSCode,48377,0,2022-11-09T20:31:19.287Z,8,98.98,8,100,62962,1025,61.97,62492,550,33.25,63492,79,4.78,1671,99,1654,4047,8,8
1668027022,2022-11-09 14:50:22 -0600,d696af4cc64b2e095913f232774291e24bbed8e5,TX,48377,2,2022-11-09T01:00:00.000Z,FIPSCode,48377,0,2022-11-09T20:31:19.287Z,8,98.98,8,100,62962,1025,61.97,62492,550,33.25,63492,79,4.78,1671,99,1654,4047,8,8
1668027065,2022-11-09 14:51:05 -0600,ad3bf6bd0fd24dabbd3646b408641e20080672b7,TX,48377,2,2022-11-09T01:00:00.000Z,FIPSCode,48377,0,2022-11-09T20:31:19.287Z,8,98.98,8,100,62962,1025,61.97,62492,550,33.25,63492,79,4.78,1671,99,1654,4047,8,8
1668027106,2022-11-09 14:51:46 -0600,26f45d6f678289c6d7ba0fbdca8c82eaf9a08c37,TX,48377,2,2022-11-09T01:00:00.000Z,FIPSCode,48377,0,2022-11-09T20:31:19.287Z,8,98.98,8,100,62962,1025,61.97,62492,550,33.25,63492,79,4.78,1671,99,1654,4047,8,8
1668027146,2022-11-09 14:52:26 -0600,5831e9b72e829c0021f3ff5f7adf0fe60f1e4adb,TX,48377,2,2022-11-09T01:00:00.000Z,FIPSCode,48377,0,2022-11-09T20:31:19.287Z,8,98.98,8,100,62962,1025,61.97,62492,550,33.25,63492,79,4.78,1671,99,1654,4047,8,8
1668027189,2022-11-09 14:53:09 -0600,fdebecf8209f7827bfed7bd1fe26d24ecec8a5f1,TX,48377,2,2022-11-09T01:00:00.000Z,FIPSCode,48377,0,2022-11-09T20:31:19.287Z,8,98.98,8,100,62962,1025,61.97,62492,550,33.25,63492,79,4.78,1671,99,1654,4047,8,8
1668027231,2022-11-09 14:53:51 -0600,faf67c4b6f3e56e4a5e1391ec7fd0a7db4bb4e5b,TX,48377,2,2022-11-09T01:00:00.000Z,FIPSCode,48377,0,2022-11-09T20:31:19.287Z,8,98.98,8,100,62962,1025,61.97,62492,550,33.25,63492,79,4.78,1671,99,1654,4047,8,8
1668027314,2022-11-09 14:55:14 -0600,b90fa403551a41b4304640bf2566342909c0fbe3,TX,48377,2,2022-11-09T01:00:00.000Z,FIPSCode,48377,0,2022-11-09T20:31:19.287Z,8,98.98,8,100,62962,1025,61.97,62492,550,33.25,63492,79,4.78,1671,99,1654,4047,8,8
1668027356,2022-11-09 14:55:56 -0600,5f55f4f99d30d3ac8430ce726beef259bee6b29d,TX,48377,2,2022-11-09T01:00:00.000Z,FIPSCode,48377,0,2022-11-09T20:31:19.287Z,8,98.98,8,100,62962,1025,61.97,62492,550,33.25,63492,79,4.78,1671,99,1654,4047,8,8
1668027396,2022-11-09 14:56:36 -0600,35ba55d0a494b3389c96ce80e886feeb3a83815c,TX,48377,2,2022-11-09T01:00:00.000Z,FIPSCode,48377,0,2022-11-09T20:31:19.287Z,8,98.98,8,100,62962,1025,61.97,62492,550,33.25,63492,79,4.78,1671,99,1654,4047,8,8
1668027438,2022-11-09 14:57:18 -0600,cd595eb8a0adc8971543d43b48db3b9923c5295c,TX,48377,2,2022-11-09T01:00:00.000Z,FIPSCode,48377,0,2022-11-09T20:31:19.287Z,8,98.98,8,100,62962,1025,61.97,62492,550,33.25,63492,79,4.78,1671,99,1654,4047,8,8
1668027479,2022-11-09 14:57:59 -0600,8abc0863f97d3a63ea19cd9df865b55a70083047,TX,48377,2,2022-11-09T01:00:00.000Z,FIPSCode,48377,0,2022-11-09T20:31:19.287Z,8,98.98,8,100,62962,1025,61.97,62492,550,33.25,63492,79,4.78,1671,99,1654,4047,8,8
1668027522,2022-11-09 14:58:42 -0600,f51c5ed86d119361b016fd62799666509c5bb6f4,TX,48377,2,2022-11-09T01:00:00.000Z,FIPSCode,48377,0,2022-11-09T20:31:19.287Z,8,98.98,8,100,62962,1025,61.97,62492,550,33.25,63492,79,4.78,1671,99,1654,4047,8,8
1668027564,2022-11-09 14:59:24 -0600,ca0732df11229e186d611f62f7cb80edc0ef2867,TX,48377,2,2022-11-09T01:00:00.000Z,FIPSCode,48377,0,2022-11-09T20:31:19.287Z,8,98.98,8,100,62962,1025,61.97,62492,550,33.25,63492,79,4.78,1671,99,1654,4047,8,8
1668027689,2022-11-09 15:01:29 -0600,8085018ebd0ae250bb4f889d36c21d3c21d24392,TX,48377,2,2022-11-09T01:00:00.000Z,FIPSCode,48377,0,2022-11-09T20:31:19.287Z,8,98.98,8,100,62962,1025,61.97,62492,550,33.25,63492,79,4.78,1671,99,1654,4047,8,8
1668027771,2022-11-09 15:02:51 -0600,edc88da9e2f7c8cdb5bef9a6a6da871910edaac4,TX,48377,2,2022-11-09T01:00:00.000Z,FIPSCode,48377,0,2022-11-09T20:31:19.287Z,8,98.98,8,100,62962,1025,61.97,62492,550,33.25,63492,79,4.78,1671,99,1654,4047,8,8
1668027812,2022-11-09 15:03:32 -0600,0a42c061fc15d21481dccf46ae01e69325d1c895,TX,48377,2,2022-11-09T01:00:00.000Z,FIPSCode,48377,0,2022-11-09T21:02:58.243Z,8,98.98,8,100,62962,1025,61.97,62492,550,33.25,63492,79,4.78,1671,99,1654,4047,8,8
1668027897,2022-11-09 15:04:57 -0600,f0b5cd2d9e41c12599466886a4196893572eb027,TX,48377,2,2022-11-09T01:00:00.000Z,FIPSCode,48377,0,2022-11-09T21:03:21.580Z,8,98.98,8,100,62962,1025,61.97,62492,550,33.25,63492,79,4.78,1671,99,1654,4047,8,8
1668027937,2022-11-09 15:05:37 -0600,f1005c19d75305df1048b0fc4daaed471da645f5,TX,48377,2,2022-11-09T01:00:00.000Z,FIPSCode,48377,0,2022-11-09T21:03:21.580Z,8,98.98,8,100,62962,1025,61.97,62492,550,33.25,63492,79,4.78,1671,99,1654,4047,8,8
1668027978,2022-11-09 15:06:18 -0600,c5f8343f0c088ef9ab661acfac4a7ec6ca8ba4e5,TX,48377,2,2022-11-09T01:00:00.000Z,FIPSCode,48377,0,2022-11-09T21:05:41.182Z,8,98.98,8,100,62962,1025,61.97,62492,550,33.25,63492,79,4.78,1671,99,1654,4047,8,8
1668028021,2022-11-09 15:07:01 -0600,f05725f558c5ba5d33323b1924681056209e6490,TX,48377,2,2022-11-09T01:00:00.000Z,FIPSCode,48377,0,2022-11-09T21:05:41.182Z,8,98.98,8,100,62962,1025,61.97,62492,550,33.25,63492,79,4.78,1671,99,1654,4047,8,8
1668028062,2022-11-09 15:07:42 -0600,c6d52fa7d3a2bae89b5a9f12ecde09a922b2cc29,TX,48377,2,2022-11-09T01:00:00.000Z,FIPSCode,48377,0,2022-11-09T21:05:41.182Z,8,98.98,8,100,62962,1025,61.97,62492,550,33.25,63492,79,4.78,1671,99,1654,4047,8,8
1668028103,2022-11-09 15:08:23 -0600,2df9ffe083ea05c834d0c18488ab653b4e8b3c31,TX,48377,2,2022-11-09T01:00:00.000Z,FIPSCode,48377,0,2022-11-09T21:05:41.182Z,8,98.98,8,100,62962,1025,61.97,62492,550,33.25,63492,79,4.78,1671,99,1654,4047,8,8
1668028146,2022-11-09 15:09:06 -0600,1dc21f1db8f1ba4488ded287bdefca2d0cea3098,TX,48377,2,2022-11-09T01:00:00.000Z,FIPSCode,48377,0,2022-11-09T21:08:19.212Z,8,98.98,8,100,62962,1025,61.97,62492,550,33.25,63492,79,4.78,1671,99,1654,4047,8,8
1668028186,2022-11-09 15:09:46 -0600,c6876c777a571f0bc554b69d0c35c4f504c5b144,TX,48377,2,2022-11-09T01:00:00.000Z,FIPSCode,48377,0,2022-11-09T21:08:19.212Z,8,98.98,8,100,62962,1025,61.97,62492,550,33.25,63492,79,4.78,1671,99,1654,4047,8,8
1668028227,2022-11-09 15:10:27 -0600,eb4a7d5f5f567dd9d0b9264530c88f27a7cf5004,TX,48377,2,2022-11-09T01:00:00.000Z,FIPSCode,48377,0,2022-11-09T21:09:43.114Z,8,98.98,8,100,62962,1025,61.97,62492,550,33.25,63492,79,4.78,1671,99,1654,4047,8,8
1668028268,2022-11-09 15:11:08 -0600,5d19e32b85b8596d9d738f9cf649354f09296955,TX,48377,2,2022-11-09T01:00:00.000Z,FIPSCode,48377,0,2022-11-09T21:10:18.671Z,8,98.98,8,100,62962,1025,61.97,62492,550,33.25,63492,79,4.78,1671,99,1654,4047,8,8
1668028310,2022-11-09 15:11:50 -0600,63e79c02b65a55f6acd68db9ee4d0498a8974a5b,TX,48377,2,2022-11-09T01:00:00.000Z,FIPSCode,48377,0,2022-11-09T21:10:18.671Z,8,98.98,8,100,62962,1025,61.97,62492,550,33.25,63492,79,4.78,1671,99,1654,4047,8,8
1668028393,2022-11-09 15:13:13 -0600,a1db96bfae9bb060277f74ce20b7b07a64ed8e94,TX,48377,2,2022-11-09T01:00:00.000Z,FIPSCode,48377,0,2022-11-09T21:10:18.671Z,8,98.98,8,100,62962,1025,61.97,62492,550,33.25,63492,79,4.78,1671,99,1654,4047,8,8
1668028517,2022-11-09 15:15:17 -0600,cb963d629663b22dcee409b3874b5ca65e77ab5a,TX,48377,2,2022-11-09T01:00:00.000Z,FIPSCode,48377,0,2022-11-09T21:10:18.671Z,8,98.98,8,100,62962,1025,61.97,62492,550,33.25,63492,79,4.78,1671,99,1654,4047,8,8
1668028558,2022-11-09 15:15:58 -0600,086c6d132a2ed0d1947a81ba963ff258aa211eb9,TX,48377,2,2022-11-09T01:00:00.000Z,FIPSCode,48377,0,2022-11-09T21:10:18.671Z,8,98.98,8,100,62962,1025,61.97,62492,550,33.25,63492,79,4.78,1671,99,1654,4047,8,8
1668028600,2022-11-09 15:16:40 -0600,af49ce5c068695b74d5d8bdc1268c976131cce4e,TX,48377,2,2022-11-09T01:00:00.000Z,FIPSCode,48377,0,2022-11-09T21:10:18.671Z,8,98.98,8,100,62962,1025,61.97,62492,550,33.25,63492,79,4.78,1671,99,1654,4047,8,8
1668028641,2022-11-09 15:17:21 -0600,2e89c3fec5067e143d825fdec4a1735c092e02b3,TX,48377,2,2022-11-09T01:00:00.000Z,FIPSCode,48377,0,2022-11-09T21:10:18.671Z,8,98.98,8,100,62962,1025,61.97,62492,550,33.25,63492,79,4.78,1671,99,1654,4047,8,8
1668028683,2022-11-09 15:18:03 -0600,5fd6158255049d3bce406fa1ec502b3133e7a8d0,TX,48377,2,2022-11-09T01:00:00.000Z,FIPSCode,48377,0,2022-11-09T21:10:18.671Z,8,98.98,8,100,62962,1025,61.97,62492,550,33.25,63492,79,4.78,1671,99,1654,4047,8,8
1668028724,2022-11-09 15:18:44 -0600,c1bc1511ea6acd75dcdd1f06472e1ee75c4270bb,TX,48377,2,2022-11-09T01:00:00.000Z,FIPSCode,48377,0,2022-11-09T21:10:18.671Z,8,98.98,8,100,62962,1025,61.97,62492,550,33.25,63492,79,4.78,1671,99,1654,4047,8,8
1668028765,2022-11-09 15:19:25 -0600,a9cc6a642b8fd9cdca9ed5eb0979e4aae4370bff,TX,48377,2,2022-11-09T01:00:00.000Z,FIPSCode,48377,0,2022-11-09T21:10:18.671Z,8,98.98,8,100,62962,1025,61.97,62492,550,33.25,63492,79,4.78,1671,99,1654,4047,8,8
1668028808,2022-11-09 15:20:08 -0600,9ed5d7167d96594dbc73a1226778ec3d2879693e,TX,48377,2,2022-11-09T01:00:00.000Z,FIPSCode,48377,0,2022-11-09T21:10:18.671Z,8,98.98,8,100,62962,1025,61.97,62492,550,33.25,63492,79,4.78,1671,99,1654,4047,8,8
1668028848,2022-11-09 15:20:48 -0600,5d8a720b0e52b92884a320bd4779128c69d79329,TX,48377,2,2022-11-09T01:00:00.000Z,FIPSCode,48377,0,2022-11-09T21:10:18.671Z,8,98.98,8,100,62962,1025,61.97,62492,550,33.25,63492,79,4.78,1671,99,1654,4047,8,8
1668028889,2022-11-09 15:21:29 -0600,bf7b64c6a39847758c5ef7e0f035e367105b2aab,TX,48377,2,2022-11-09T01:00:00.000Z,FIPSCode,48377,0,2022-11-09T21:10:18.671Z,8,98.98,8,100,62962,1025,61.97,62492,550,33.25,63492,79,4.78,1671,99,1654,4047,8,8
1668028931,2022-11-09 15:22:11 -0600,98e847be6f116f34710042957d453ff48d2ba8a9,TX,48377,2,2022-11-09T01:00:00.000Z,FIPSCode,48377,0,2022-11-09T21:10:18.671Z,8,98.98,8,100,62962,1025,61.97,62492,550,33.25,63492,79,4.78,1671,99,1654,4047,8,8
1668028974,2022-11-09 15:22:54 -0600,e668b7118a9c7cb19c1e0b859ddc1b3c56677e38,TX,48377,2,2022-11-09T01:00:00.000Z,FIPSCode,48377,0,2022-11-09T21:10:18.671Z,8,98.98,8,100,62962,1025,61.97,62492,550,33.25,63492,79,4.78,1671,99,1654,4047,8,8
1668029016,2022-11-09 15:23:36 -0600,b2f979ee917d6fa32261cf8c9457d8f052f0cfe5,TX,48377,2,2022-11-09T01:00:00.000Z,FIPSCode,48377,0,2022-11-09T21:10:18.671Z,8,98.98,8,100,62962,1025,61.97,62492,550,33.25,63492,79,4.78,1671,99,1654,4047,8,8
1668029057,2022-11-09 15:24:17 -0600,696b22712e7505f43983489919f13ed1e2331814,TX,48377,2,2022-11-09T01:00:00.000Z,FIPSCode,48377,0,2022-11-09T21:10:18.671Z,8,98.98,8,100,62962,1025,61.97,62492,550,33.25,63492,79,4.78,1671,99,1654,4047,8,8
1668029099,2022-11-09 15:24:59 -0600,7b334ff94232507ca6c912e61304eea7e7cf51da,TX,48377,2,2022-11-09T01:00:00.000Z,FIPSCode,48377,0,2022-11-09T21:10:18.671Z,8,98.98,8,100,62962,1025,61.97,62492,550,33.25,63492,79,4.78,1671,99,1654,4047,8,8
1668029140,2022-11-09 15:25:40 -0600,4246256abf0245b10ed8dd2b684303cbc0866018,TX,48377,2,2022-11-09T01:00:00.000Z,FIPSCode,48377,0,2022-11-09T21:10:18.671Z,8,98.98,8,100,62962,1025,61.97,62492,550,33.25,63492,79,4.78,1671,99,1654,4047,8,8
1668029182,2022-11-09 15:26:22 -0600,2cc78038b37677e264cdacc6af5b2274398f85db,TX,48377,2,2022-11-09T01:00:00.000Z,FIPSCode,48377,0,2022-11-09T21:10:18.671Z,8,98.98,8,100,62962,1025,61.97,62492,550,33.25,63492,79,4.78,1671,99,1654,4047,8,8
1668029222,2022-11-09 15:27:02 -0600,f380fd93479e8c8d84f8e3c887d270c8fe63eefc,TX,48377,2,2022-11-09T01:00:00.000Z,FIPSCode,48377,0,2022-11-09T21:10:18.671Z,8,98.98,8,100,62962,1025,61.97,62492,550,33.25,63492,79,4.78,1671,99,1654,4047,8,8
1668029264,2022-11-09 15:27:44 -0600,e5d7116c161caae563633a8e096f9d6dd3efec6c,TX,48377,2,2022-11-09T01:00:00.000Z,FIPSCode,48377,0,2022-11-09T21:10:18.671Z,8,98.98,8,100,62962,1025,61.97,62492,550,33.25,63492,79,4.78,1671,99,1654,4047,8,8
1668029305,2022-11-09 15:28:25 -0600,5a1ea76cd9f32ed9518e137ac721ab39a77f9767,TX,48377,2,2022-11-09T01:00:00.000Z,FIPSCode,48377,0,2022-11-09T21:10:18.671Z,8,98.98,8,100,62962,1025,61.97,62492,550,33.25,63492,79,4.78,1671,99,1654,4047,8,8
1668029347,2022-11-09 15:29:07 -0600,03e8be443fa0307e88c7bf4d1acf9f3e30552f5c,TX,48377,2,2022-11-09T01:00:00.000Z,FIPSCode,48377,0,2022-11-09T21:10:18.671Z,8,98.98,8,100,62962,1025,61.97,62492,550,33.25,63492,79,4.78,1671,99,1654,4047,8,8
1668029388,2022-11-09 15:29:48 -0600,67abe93914586cc85a64e4d4f9d2852d6cfdee82,TX,48377,2,2022-11-09T01:00:00.000Z,FIPSCode,48377,0,2022-11-09T21:10:18.671Z,8,98.98,8,100,62962,1025,61.97,62492,550,33.25,63492,79,4.78,1671,99,1654,4047,8,8
1668029429,2022-11-09 15:30:29 -0600,38f4854a9f228d06996f31f81eeb137a02a631ff,TX,48377,2,2022-11-09T01:00:00.000Z,FIPSCode,48377,0,2022-11-09T21:10:18.671Z,8,98.98,8,100,62962,1025,61.97,62492,550,33.25,63492,79,4.78,1671,99,1654,4047,8,8
1668029473,2022-11-09 15:31:13 -0600,4e1c1dd47e592397bb8e278b18fe7b87cf4f5b55,TX,48377,2,2022-11-09T01:00:00.000Z,FIPSCode,48377,0,2022-11-09T21:10:18.671Z,8,98.98,8,100,62962,1025,61.97,62492,550,33.25,63492,79,4.78,1671,99,1654,4047,8,8
1668029515,2022-11-09 15:31:55 -0600,27a5098a989232f9c180a22ec9ad4f68e87a5c06,TX,48377,2,2022-11-09T01:00:00.000Z,FIPSCode,48377,0,2022-11-09T21:10:18.671Z,8,98.98,8,100,62962,1025,61.97,62492,550,33.25,63492,79,4.78,1671,99,1654,4047,8,8
1668029644,2022-11-09 15:34:04 -0600,58edc5f45a0b9f9e004c1b86e2987c31db6a5d94,TX,48377,2,2022-11-09T01:00:00.000Z,FIPSCode,48377,0,2022-11-09T21:10:18.671Z,8,98.98,8,100,62962,1025,61.97,62492,550,33.25,63492,79,4.78,1671,99,1654,4047,8,8
1668029686,2022-11-09 15:34:46 -0600,98ebed407e71ff313155424aaf484aedf5c2c1a2,TX,48377,2,2022-11-09T01:00:00.000Z,FIPSCode,48377,0,2022-11-09T21:10:18.671Z,8,98.98,8,100,62962,1025,61.97,62492,550,33.25,63492,79,4.78,1671,99,1654,4047,8,8
1668029730,2022-11-09 15:35:30 -0600,579b2dfd289e870142a83224f4c480d6fb1f70df,TX,48377,2,2022-11-09T01:00:00.000Z,FIPSCode,48377,0,2022-11-09T21:35:18.701Z,8,98.98,8,100,62962,1025,61.97,62492,550,33.25,63492,79,4.78,1671,99,1654,4047,8,8
1668029776,2022-11-09 15:36:16 -0600,8b1f5f943f70dcb8faef86ecbaaa54886610d315,TX,48377,2,2022-11-09T01:00:00.000Z,FIPSCode,48377,0,2022-11-09T21:35:18.701Z,8,98.98,8,100,62962,1025,61.97,62492,550,33.25,63492,79,4.78,1671,99,1654,4047,8,8
1668029818,2022-11-09 15:36:58 -0600,a53513ca18493a87067377e4bb808d4c42975eb4,TX,48377,2,2022-11-09T01:00:00.000Z,FIPSCode,48377,0,2022-11-09T21:36:19.295Z,8,98.98,8,100,62962,1025,61.97,62492,550,33.25,63492,79,4.78,1671,99,1654,4047,8,8
1668029862,2022-11-09 15:37:42 -0600,e0506d0767b398b91e9250b37655621bca4064a1,TX,48377,2,2022-11-09T01:00:00.000Z,FIPSCode,48377,0,2022-11-09T21:36:19.295Z,8,98.98,8,100,62962,1025,61.97,62492,550,33.25,63492,79,4.78,1671,99,1654,4047,8,8
1668029904,2022-11-09 15:38:24 -0600,49bedfb605543dc18623207f0f7ab7b30085ae05,TX,48377,2,2022-11-09T01:00:00.000Z,FIPSCode,48377,0,2022-11-09T21:36:19.295Z,8,98.98,8,100,62962,1025,61.97,62492,550,33.25,63492,79,4.78,1671,99,1654,4047,8,8
1668029947,2022-11-09 15:39:07 -0600,ad7e88a985c36596e64adfde6b71438cb93f13d2,TX,48377,2,2022-11-09T01:00:00.000Z,FIPSCode,48377,0,2022-11-09T21:38:42.444Z,8,98.98,8,100,62962,1025,61.97,62492,550,33.25,63492,79,4.78,1671,99,1654,4047,8,8
1668029989,2022-11-09 15:39:49 -0600,36e9e8c201c193553225294e7cc5b57e7cf38922,TX,48377,2,2022-11-09T01:00:00.000Z,FIPSCode,48377,0,2022-11-09T21:38:42.444Z,8,98.98,8,100,62962,1025,61.97,62492,550,33.25,63492,79,4.78,1671,99,1654,4047,8,8
1668030032,2022-11-09 15:40:32 -0600,b40644e3af6237bf063868e685572fc0a464a83e,TX,48377,2,2022-11-09T01:00:00.000Z,FIPSCode,48377,0,2022-11-09T21:39:40.918Z,8,98.98,8,100,62962,1025,61.97,62492,550,33.25,63492,79,4.78,1671,99,1654,4047,8,8
1668030076,2022-11-09 15:41:16 -0600,4590bd3ac7b6b6ec9f24d25abb16978304543a8f,TX,48377,2,2022-11-09T01:00:00.000Z,FIPSCode,48377,0,2022-11-09T21:39:40.918Z,8,98.98,8,100,62962,1025,61.97,62492,550,33.25,63492,79,4.78,1671,99,1654,4047,8,8
1668030119,2022-11-09 15:41:59 -0600,e218c433db597a353442d8dbee3d4946eae0ab9b,TX,48377,2,2022-11-09T01:00:00.000Z,FIPSCode,48377,0,2022-11-09T21:41:18.215Z,8,98.98,8,100,62962,1025,61.97,62492,550,33.25,63492,79,4.78,1671,99,1654,4047,8,8
1668030160,2022-11-09 15:42:40 -0600,59d67d4e8b7fe4f2d3b191e042edd2f077e051ef,TX,48377,2,2022-11-09T01:00:00.000Z,FIPSCode,48377,0,2022-11-09T21:41:18.215Z,8,98.98,8,100,62962,1025,61.97,62492,550,33.25,63492,79,4.78,1671,99,1654,4047,8,8
1668030204,2022-11-09 15:43:24 -0600,84068d956ff70c66bcabd34921234a7444ff97cf,TX,48377,2,2022-11-09T01:00:00.000Z,FIPSCode,48377,0,2022-11-09T21:41:18.215Z,8,98.98,8,100,62962,1025,61.97,62492,550,33.25,63492,79,4.78,1671,99,1654,4047,8,8
1668030247,2022-11-09 15:44:07 -0600,b01fa1e1e52f91b2517588e3ee35370b324ee358,TX,48377,2,2022-11-09T01:00:00.000Z,FIPSCode,48377,0,2022-11-09T21:41:18.215Z,8,98.98,8,100,62962,1025,61.97,62492,550,33.25,63492,79,4.78,1671,99,1654,4047,8,8
1668030287,2022-11-09 15:44:47 -0600,355df951cfffedb423aafd4e24244b8ea2cae795,TX,48377,2,2022-11-09T01:00:00.000Z,FIPSCode,48377,0,2022-11-09T21:41:18.215Z,8,98.98,8,100,62962,1025,61.97,62492,550,33.25,63492,79,4.78,1671,99,1654,4047,8,8
1668030331,2022-11-09 15:45:31 -0600,328a7fe37cbb62ae0926b979d93092e05a4b3e3f,TX,48377,2,2022-11-09T01:00:00.000Z,FIPSCode,48377,0,2022-11-09T21:41:18.215Z,8,98.98,8,100,62962,1025,61.97,62492,550,33.25,63492,79,4.78,1671,99,1654,4047,8,8
1668030373,2022-11-09 15:46:13 -0600,b56b7c6b320db5353c97f84cf55d8f244fdca847,TX,48377,2,2022-11-09T01:00:00.000Z,FIPSCode,48377,0,2022-11-09T21:41:18.215Z,8,98.98,8,100,62962,1025,61.97,62492,550,33.25,63492,79,4.78,1671,99,1654,4047,8,8
1668030414,2022-11-09 15:46:54 -0600,f528cb66af389986eabc1a32bc09169c54fff0c7,TX,48377,2,2022-11-09T01:00:00.000Z,FIPSCode,48377,0,2022-11-09T21:41:18.215Z,8,98.98,8,100,62962,1025,61.97,62492,550,33.25,63492,79,4.78,1671,99,1654,4047,8,8
1668030457,2022-11-09 15:47:37 -0600,d424ac4d9b8d24a7e1f34cac4dbae8484cf80384,TX,48377,2,2022-11-09T01:00:00.000Z,FIPSCode,48377,0,2022-11-09T21:41:18.215Z,8,98.98,8,100,62962,1025,61.97,62492,550,33.25,63492,79,4.78,1671,99,1654,4047,8,8
1668030498,2022-11-09 15:48:18 -0600,f6565c0954d09d679279c10ed8e38bb39e6bfd2b,TX,48377,2,2022-11-09T01:00:00.000Z,FIPSCode,48377,0,2022-11-09T21:41:18.215Z,8,98.98,8,100,62962,1025,61.97,62492,550,33.25,63492,79,4.78,1671,99,1654,4047,8,8
1668030540,2022-11-09 15:49:00 -0600,db80963ffb6b44f9605ec3c31aa2e6fec490242e,TX,48377,2,2022-11-09T01:00:00.000Z,FIPSCode,48377,0,2022-11-09T21:41:18.215Z,8,98.98,8,100,62962,1025,61.97,62492,550,33.25,63492,79,4.78,1671,99,1654,4047,8,8
1668030583,2022-11-09 15:49:43 -0600,86fa1b609ff22a14d342b5fe92ddfff67ac6b790,TX,48377,2,2022-11-09T01:00:00.000Z,FIPSCode,48377,0,2022-11-09T21:41:18.215Z,8,98.98,8,100,62962,1025,61.97,62492,550,33.25,63492,79,4.78,1671,99,1654,4047,8,8
1668030624,2022-11-09 15:50:24 -0600,578aa9865283313679983f244abaa966da938f06,TX,48377,2,2022-11-09T01:00:00.000Z,FIPSCode,48377,0,2022-11-09T21:41:18.215Z,8,98.98,8,100,62962,1025,61.97,62492,550,33.25,63492,79,4.78,1671,99,1654,4047,8,8
1668030666,2022-11-09 15:51:06 -0600,df8e11f14ed2a1e2c4946ffa6aad8bd786d1507b,TX,48377,2,2022-11-09T01:00:00.000Z,FIPSCode,48377,0,2022-11-09T21:50:18.555Z,8,98.98,8,100,62962,1025,61.97,62492,550,33.25,63492,79,4.78,1671,99,1654,4047,8,8
1668030709,2022-11-09 15:51:49 -0600,804eaef53898bd10bf1f16c746474b2df5b62d67,TX,48377,2,2022-11-09T01:00:00.000Z,FIPSCode,48377,0,2022-11-09T21:50:18.555Z,8,98.98,8,100,62962,1025,61.97,62492,550,33.25,63492,79,4.78,1671,99,1654,4047,8,8
1668030751,2022-11-09 15:52:31 -0600,bb2883650e315e0c1d269a685b87d89332445b2a,TX,48377,2,2022-11-09T01:00:00.000Z,FIPSCode,48377,0,2022-11-09T21:50:18.555Z,8,98.98,8,100,62962,1025,61.97,62492,550,33.25,63492,79,4.78,1671,99,1654,4047,8,8
1668030793,2022-11-09 15:53:13 -0600,5cc2117b01f6a3e46c5491570bf361b3ee86ef96,TX,48377,2,2022-11-09T01:00:00.000Z,FIPSCode,48377,0,2022-11-09T21:50:18.555Z,8,98.98,8,100,62962,1025,61.97,62492,550,33.25,63492,79,4.78,1671,99,1654,4047,8,8
1668030836,2022-11-09 15:53:56 -0600,52da96d404ed1b50dd2a5fde497d385bd15462ef,TX,48377,2,2022-11-09T01:00:00.000Z,FIPSCode,48377,0,2022-11-09T21:53:40.235Z,8,98.98,8,100,62962,1025,61.97,62492,550,33.25,63492,79,4.78,1671,99,1654,4047,8,8
1668030877,2022-11-09 15:54:37 -0600,e0a26552bacba6ed31a9057f0aa858a80f9220a9,TX,48377,2,2022-11-09T01:00:00.000Z,FIPSCode,48377,0,2022-11-09T21:53:40.235Z,8,98.98,8,100,62962,1025,61.97,62492,550,33.25,63492,79,4.78,1671,99,1654,4047,8,8
1668030919,2022-11-09 15:55:19 -0600,b5b249c4f3fae9a54a8f281c3f89240fd7f78ddb,TX,48377,2,2022-11-09T01:00:00.000Z,FIPSCode,48377,0,2022-11-09T21:54:43.378Z,8,98.98,8,100,62962,1025,61.97,62492,550,33.25,63492,79,4.78,1671,99,1654,4047,8,8
1668030963,2022-11-09 15:56:03 -0600,f81402c9647f1dd57e0f22beb75cc1456a9063d1,TX,48377,2,2022-11-09T01:00:00.000Z,FIPSCode,48377,0,2022-11-09T21:55:39.011Z,8,98.98,8,100,62962,1025,61.97,62492,550,33.25,63492,79,4.78,1671,99,1654,4047,8,8
1668031003,2022-11-09 15:56:43 -0600,5787af28dd29ee04f38c6af1722490ffd21f5ffe,TX,48377,2,2022-11-09T01:00:00.000Z,FIPSCode,48377,0,2022-11-09T21:55:39.011Z,8,98.98,8,100,62962,1025,61.97,62492,550,33.25,63492,79,4.78,1671,99,1654,4047,8,8
1668031047,2022-11-09 15:57:27 -0600,d59078c405d7b4211e0f3a0f9ac06a51612c3458,TX,48377,2,2022-11-09T01:00:00.000Z,FIPSCode,48377,0,2022-11-09T21:55:39.011Z,8,98.98,8,100,62962,1025,61.97,62492,550,33.25,63492,79,4.78,1671,99,1654,4047,8,8
1668031087,2022-11-09 15:58:07 -0600,544285d16540eeeec86c348a7debd0f4bd2e5d6a,TX,48377,2,2022-11-09T01:00:00.000Z,FIPSCode,48377,0,2022-11-09T21:55:39.011Z,8,98.98,8,100,62962,1025,61.97,62492,550,33.25,63492,79,4.78,1671,99,1654,4047,8,8
1668031130,2022-11-09 15:58:50 -0600,9f6487a61da02062696827c504fa1a837583cdc6,TX,48377,2,2022-11-09T01:00:00.000Z,FIPSCode,48377,0,2022-11-09T21:55:39.011Z,8,98.98,8,100,62962,1025,61.97,62492,550,33.25,63492,79,4.78,1671,99,1654,4047,8,8
1668031215,2022-11-09 16:00:15 -0600,fab304c323cae16d7621b4990697d3af233f1b35,TX,48377,2,2022-11-09T01:00:00.000Z,FIPSCode,48377,0,2022-11-09T21:55:39.011Z,8,98.98,8,100,62962,1025,61.97,62492,550,33.25,63492,79,4.78,1671,99,1654,4047,8,8
1668031299,2022-11-09 16:01:39 -0600,2723975d8444a7aa6dc588ed164fe5afad509b26,TX,48377,2,2022-11-09T01:00:00.000Z,FIPSCode,48377,0,2022-11-09T21:55:39.011Z,8,98.98,8,100,62962,1025,61.97,62492,550,33.25,63492,79,4.78,1671,99,1654,4047,8,8
1668031339,2022-11-09 16:02:19 -0600,b56ab60fc77c3297f4122e24a7bcca22b65edd68,TX,48377,2,2022-11-09T01:00:00.000Z,FIPSCode,48377,0,2022-11-09T21:55:39.011Z,8,98.98,8,100,62962,1025,61.97,62492,550,33.25,63492,79,4.78,1671,99,1654,4047,8,8
1668031383,2022-11-09 16:03:03 -0600,76e3bd5192a22416d2ffceffcb35125958b50853,TX,48377,2,2022-11-09T01:00:00.000Z,FIPSCode,48377,0,2022-11-09T21:55:39.011Z,8,98.98,8,100,62962,1025,61.97,62492,550,33.25,63492,79,4.78,1671,99,1654,4047,8,8
1668031425,2022-11-09 16:03:45 -0600,f6b555f9516e9e45eacf7adef859d04ed9293a74,TX,48377,2,2022-11-09T01:00:00.000Z,FIPSCode,48377,0,2022-11-09T21:55:39.011Z,8,98.98,8,100,62962,1025,61.97,62492,550,33.25,63492,79,4.78,1671,99,1654,4047,8,8
1668031508,2022-11-09 16:05:08 -0600,437c660b51eef9154c806060c4141d182a80fa25,TX,48377,2,2022-11-09T01:00:00.000Z,FIPSCode,48377,0,2022-11-09T21:55:39.011Z,8,98.98,8,100,62962,1025,61.97,62492,550,33.25,63492,79,4.78,1671,99,1654,4047,8,8
1668031550,2022-11-09 16:05:50 -0600,452074fd799bce5e293aed7a49f3367ea7539030,TX,48377,2,2022-11-09T01:00:00.000Z,FIPSCode,48377,0,2022-11-09T21:55:39.011Z,8,98.98,8,100,62962,1025,61.97,62492,550,33.25,63492,79,4.78,1671,99,1654,4047,8,8
1668031592,2022-11-09 16:06:32 -0600,454dc4eac8bb408404760506b1c0badde5c0594b,TX,48377,2,2022-11-09T01:00:00.000Z,FIPSCode,48377,0,2022-11-09T21:55:39.011Z,8,98.98,8,100,62962,1025,61.97,62492,550,33.25,63492,79,4.78,1671,99,1654,4047,8,8
1668031634,2022-11-09 16:07:14 -0600,627ec89447b79fe2e0f97ee9e8b89af18a4f6f5b,TX,48377,2,2022-11-09T01:00:00.000Z,FIPSCode,48377,0,2022-11-09T22:06:59.070Z,8,98.98,8,100,62962,1025,61.97,62492,550,33.25,63492,79,4.78,1671,99,1654,4047,8,8
1668031675,2022-11-09 16:07:55 -0600,1994b9382cf3ce6e42e818b889ac841c80da5797,TX,48377,2,2022-11-09T01:00:00.000Z,FIPSCode,48377,0,2022-11-09T22:06:59.070Z,8,98.98,8,100,62962,1025,61.97,62492,550,33.25,63492,79,4.78,1671,99,1654,4047,8,8
1668031716,2022-11-09 16:08:36 -0600,d733b6eaf68a85c7f650dffafd683403c3c413a8,TX,48377,2,2022-11-09T01:00:00.000Z,FIPSCode,48377,0,2022-11-09T22:07:58.750Z,8,98.98,8,100,62962,1025,61.97,62492,550,33.25,63492,79,4.78,1671,99,1654,4047,8,8
1668031757,2022-11-09 16:09:17 -0600,0a6421d2fd1a2cdffaf35e2c94bdeb66e6e85a65,TX,48377,2,2022-11-09T01:00:00.000Z,FIPSCode,48377,0,2022-11-09T22:08:43.142Z,8,98.98,8,100,62962,1025,61.97,62492,550,33.25,63492,79,4.78,1671,99,1654,4047,8,8
1668031798,2022-11-09 16:09:58 -0600,b0814cf96d31a18bb2105cf44bc9ba3a8b00aa11,TX,48377,2,2022-11-09T01:00:00.000Z,FIPSCode,48377,0,2022-11-09T22:08:43.142Z,8,98.98,8,100,62962,1025,61.97,62492,550,33.25,63492,79,4.78,1671,99,1654,4047,8,8
1668031839,2022-11-09 16:10:39 -0600,33beb2d7a1d0af560a16f0f1a272a4c5ada7b16b,TX,48377,2,2022-11-09T01:00:00.000Z,FIPSCode,48377,0,2022-11-09T22:08:43.142Z,8,98.98,8,100,62962,1025,61.97,62492,550,33.25,63492,79,4.78,1671,99,1654,4047,8,8
1668031963,2022-11-09 16:12:43 -0600,a07dae3796e566f8ece6de8b5b44893d35ddec18,TX,48377,2,2022-11-09T01:00:00.000Z,FIPSCode,48377,0,2022-11-09T22:11:23.598Z,8,98.98,8,100,62962,1025,61.97,62492,550,33.25,63492,79,4.78,1671,99,1654,4047,8,8
1668032004,2022-11-09 16:13:24 -0600,cca0d5018b66d09b92cb5c5d93e76e9c7eb088ca,TX,48377,2,2022-11-09T01:00:00.000Z,FIPSCode,48377,0,2022-11-09T22:13:02.632Z,8,98.98,8,100,62962,1025,61.97,62492,550,33.25,63492,79,4.78,1671,99,1654,4047,8,8
1668032046,2022-11-09 16:14:06 -0600,ec9dcb518c9cfcc1c5103088ea21530d7e0bdfc6,TX,48377,2,2022-11-09T01:00:00.000Z,FIPSCode,48377,0,2022-11-09T22:13:02.632Z,8,98.98,8,100,62962,1025,61.97,62492,550,33.25,63492,79,4.78,1671,99,1654,4047,8,8
1668032169,2022-11-09 16:16:09 -0600,34374ee6f282323c9f4bce5efec496c6f297ec06,TX,48377,2,2022-11-09T01:00:00.000Z,FIPSCode,48377,0,2022-11-09T22:13:02.632Z,8,98.98,8,100,62962,1025,61.97,62492,550,33.25,63492,79,4.78,1671,99,1654,4047,8,8
1668032211,2022-11-09 16:16:51 -0600,34b68c619e28f268a24e09ae97c553b9f99bbe8e,TX,48377,2,2022-11-09T01:00:00.000Z,FIPSCode,48377,0,2022-11-09T22:13:02.632Z,8,98.98,8,100,62962,1025,61.97,62492,550,33.25,63492,79,4.78,1671,99,1654,4047,8,8
1668032252,2022-11-09 16:17:32 -0600,2a50b2cd48f7db564406b6f67a2014e43b42f7d0,TX,48377,2,2022-11-09T01:00:00.000Z,FIPSCode,48377,0,2022-11-09T22:13:02.632Z,8,98.98,8,100,62962,1025,61.97,62492,550,33.25,63492,79,4.78,1671,99,1654,4047,8,8
1668032294,2022-11-09 16:18:14 -0600,b2a7e940db2fe682bcc39d3864e03b0d3680ce19,TX,48377,2,2022-11-09T01:00:00.000Z,FIPSCode,48377,0,2022-11-09T22:13:02.632Z,8,98.98,8,100,62962,1025,61.97,62492,550,33.25,63492,79,4.78,1671,99,1654,4047,8,8
1668032336,2022-11-09 16:18:56 -0600,38bab782bd4aac261c81c400d491a1c7c96f0cb8,TX,48377,2,2022-11-09T01:00:00.000Z,FIPSCode,48377,0,2022-11-09T22:13:02.632Z,8,98.98,8,100,62962,1025,61.97,62492,550,33.25,63492,79,4.78,1671,99,1654,4047,8,8
1668032377,2022-11-09 16:19:37 -0600,7c0fa5c17e5dae5b53e134bf04688ee8cb588e79,TX,48377,2,2022-11-09T01:00:00.000Z,FIPSCode,48377,0,2022-11-09T22:13:02.632Z,8,98.98,8,100,62962,1025,61.97,62492,550,33.25,63492,79,4.78,1671,99,1654,4047,8,8
1668032419,2022-11-09 16:20:19 -0600,640c85b29d010294b5cdd7e9b3cbe620690a6366,TX,48377,2,2022-11-09T01:00:00.000Z,FIPSCode,48377,0,2022-11-09T22:13:02.632Z,8,98.98,8,100,62962,1025,61.97,62492,550,33.25,63492,79,4.78,1671,99,1654,4047,8,8
1668032460,2022-11-09 16:21:00 -0600,a4dab718777a045becbfca4327a34b5d8c437f97,TX,48377,2,2022-11-09T01:00:00.000Z,FIPSCode,48377,0,2022-11-09T22:13:02.632Z,8,98.98,8,100,62962,1025,61.97,62492,550,33.25,63492,79,4.78,1671,99,1654,4047,8,8
1668032501,2022-11-09 16:21:41 -0600,4bc482635b5a957784f9d3bb48a16bb2da19cca6,TX,48377,2,2022-11-09T01:00:00.000Z,FIPSCode,48377,0,2022-11-09T22:13:02.632Z,8,98.98,8,100,62962,1025,61.97,62492,550,33.25,63492,79,4.78,1671,99,1654,4047,8,8
1668032542,2022-11-09 16:22:22 -0600,90c92122ca365864031981438f872d89c2843876,TX,48377,2,2022-11-09T01:00:00.000Z,FIPSCode,48377,0,2022-11-09T22:13:02.632Z,8,98.98,8,100,62962,1025,61.97,62492,550,33.25,63492,79,4.78,1671,99,1654,4047,8,8
1668032585,2022-11-09 16:23:05 -0600,a0565a3a3e4b31f155562a5b172e9f3e7b2ddb30,TX,48377,2,2022-11-09T01:00:00.000Z,FIPSCode,48377,0,2022-11-09T22:13:02.632Z,8,98.98,8,100,62962,1025,61.97,62492,550,33.25,63492,79,4.78,1671,99,1654,4047,8,8
1668032625,2022-11-09 16:23:45 -0600,67f1289cc6ac9864249eb09c3b2b6b846faa3359,TX,48377,2,2022-11-09T01:00:00.000Z,FIPSCode,48377,0,2022-11-09T22:13:02.632Z,8,98.98,8,100,62962,1025,61.97,62492,550,33.25,63492,79,4.78,1671,99,1654,4047,8,8
1668032669,2022-11-09 16:24:29 -0600,aab9ae736acd12cab4db2b04dea15a5782bac83b,TX,48377,2,2022-11-09T01:00:00.000Z,FIPSCode,48377,0,2022-11-09T22:13:02.632Z,8,98.98,8,100,62962,1025,61.97,62492,550,33.25,63492,79,4.78,1671,99,1654,4047,8,8
1668032711,2022-11-09 16:25:11 -0600,5a2a0895d13d39b6a5367f44e9bc3888219bb159,TX,48377,2,2022-11-09T01:00:00.000Z,FIPSCode,48377,0,2022-11-09T22:13:02.632Z,8,98.98,8,100,62962,1025,61.97,62492,550,33.25,63492,79,4.78,1671,99,1654,4047,8,8
1668032754,2022-11-09 16:25:54 -0600,ce079fe3c7e668d61ba8a6b2142f1cae36283e4f,TX,48377,2,2022-11-09T01:00:00.000Z,FIPSCode,48377,0,2022-11-09T22:25:19.913Z,8,98.98,8,100,62962,1025,61.97,62492,550,33.25,63492,79,4.78,1671,99,1654,4047,8,8
1668032794,2022-11-09 16:26:34 -0600,167a1f0b87f3a37d8b01b64920065f8813272223,TX,48377,2,2022-11-09T01:00:00.000Z,FIPSCode,48377,0,2022-11-09T22:25:19.913Z,8,98.98,8,100,62962,1025,61.97,62492,550,33.25,63492,79,4.78,1671,99,1654,4047,8,8
1668032837,2022-11-09 16:27:17 -0600,3b73df2e12ddcbccd26f843d397a8fe2cd1528bf,TX,48377,2,2022-11-09T01:00:00.000Z,FIPSCode,48377,0,2022-11-09T22:26:57.403Z,8,98.98,8,100,62962,1025,61.97,62492,550,33.25,63492,79,4.78,1671,99,1654,4047,8,8
1668032879,2022-11-09 16:27:59 -0600,92fbe433178118f29e34d3b4018220b5548d685d,TX,48377,2,2022-11-09T01:00:00.000Z,FIPSCode,48377,0,2022-11-09T22:26:57.403Z,8,98.98,8,100,62962,1025,61.97,62492,550,33.25,63492,79,4.78,1671,99,1654,4047,8,8
1668032922,2022-11-09 16:28:42 -0600,a0bbb023b7bf96c05745c6696fb09394f0eab8c6,TX,48377,2,2022-11-09T01:00:00.000Z,FIPSCode,48377,0,2022-11-09T22:28:18.516Z,8,98.98,8,100,62962,1025,61.97,62492,550,33.25,63492,79,4.78,1671,99,1654,4047,8,8
1668032966,2022-11-09 16:29:26 -0600,fb40b42606611691bfc8e5c22f473b198d705aee,TX,48377,2,2022-11-09T01:00:00.000Z,FIPSCode,48377,0,2022-11-09T22:28:18.516Z,8,98.98,8,100,62962,1025,61.97,62492,550,33.25,63492,79,4.78,1671,99,1654,4047,8,8
1668033008,2022-11-09 16:30:08 -0600,472c6572149aad4c40b593e8275726a67dbbd71b,TX,48377,2,2022-11-09T01:00:00.000Z,FIPSCode,48377,0,2022-11-09T22:28:18.516Z,8,98.98,8,100,62962,1025,61.97,62492,550,33.25,63492,79,4.78,1671,99,1654,4047,8,8
1668033052,2022-11-09 16:30:52 -0600,d8bd1bd03434ba1b5902d4ca152239105e14b506,TX,48377,2,2022-11-09T01:00:00.000Z,FIPSCode,48377,0,2022-11-09T22:28:18.516Z,8,98.98,8,100,62962,1025,61.97,62492,550,33.25,63492,79,4.78,1671,99,1654,4047,8,8
1668033136,2022-11-09 16:32:16 -0600,2ad19fa3535357cd738f3c280833299f9cb0aa5e,TX,48377,2,2022-11-09T01:00:00.000Z,FIPSCode,48377,0,2022-11-09T22:28:18.516Z,8,98.98,8,100,62962,1025,61.97,62492,550,33.25,63492,79,4.78,1671,99,1654,4047,8,8
1668033178,2022-11-09 16:32:58 -0600,bbb8ac0b6113bcf1b662243136f87202a4188ea5,TX,48377,2,2022-11-09T01:00:00.000Z,FIPSCode,48377,0,2022-11-09T22:28:18.516Z,8,98.98,8,100,62962,1025,61.97,62492,550,33.25,63492,79,4.78,1671,99,1654,4047,8,8
1668033221,2022-11-09 16:33:41 -0600,a45340b06d18439260c07f1f3edc5fc86e81af42,TX,48377,2,2022-11-09T01:00:00.000Z,FIPSCode,48377,0,2022-11-09T22:28:18.516Z,8,98.98,8,100,62962,1025,61.97,62492,550,33.25,63492,79,4.78,1671,99,1654,4047,8,8
1668033263,2022-11-09 16:34:23 -0600,ea29f9e2998d19acc1de4609ccdc65bba77d0d99,TX,48377,2,2022-11-09T01:00:00.000Z,FIPSCode,48377,0,2022-11-09T22:28:18.516Z,8,98.98,8,100,62962,1025,61.97,62492,550,33.25,63492,79,4.78,1671,99,1654,4047,8,8
1668033305,2022-11-09 16:35:05 -0600,938ff66c343f88bf29efd28fd22a5de9bc4c4fc1,TX,48377,2,2022-11-09T01:00:00.000Z,FIPSCode,48377,0,2022-11-09T22:28:18.516Z,8,98.98,8,100,62962,1025,61.97,62492,550,33.25,63492,79,4.78,1671,99,1654,4047,8,8
1668033347,2022-11-09 16:35:47 -0600,f26927e149e44430c8e8e31e6f5c9e6b80e2849a,TX,48377,2,2022-11-09T01:00:00.000Z,FIPSCode,48377,0,2022-11-09T22:28:18.516Z,8,98.98,8,100,62962,1025,61.97,62492,550,33.25,63492,79,4.78,1671,99,1654,4047,8,8
1668033389,2022-11-09 16:36:29 -0600,85f900109ab1cb7224d2e2b2f799268db98b9136,TX,48377,2,2022-11-09T01:00:00.000Z,FIPSCode,48377,0,2022-11-09T22:28:18.516Z,8,98.98,8,100,62962,1025,61.97,62492,550,33.25,63492,79,4.78,1671,99,1654,4047,8,8
1668033432,2022-11-09 16:37:12 -0600,90e4a985f0ca9f8e6c54759406bec4916688ea78,TX,48377,2,2022-11-09T01:00:00.000Z,FIPSCode,48377,0,2022-11-09T22:28:18.516Z,8,98.98,8,100,62962,1025,61.97,62492,550,33.25,63492,79,4.78,1671,99,1654,4047,8,8
1668033477,2022-11-09 16:37:57 -0600,97a6a9a00e8aaf9ddfa1361660d3e199f4c7f4b9,TX,48377,2,2022-11-09T01:00:00.000Z,FIPSCode,48377,0,2022-11-09T22:28:18.516Z,8,98.98,8,100,62962,1025,61.97,62492,550,33.25,63492,79,4.78,1671,99,1654,4047,8,8
1668033518,2022-11-09 16:38:38 -0600,05831fb2078a0ec799051beeed04254e35bb6449,TX,48377,2,2022-11-09T01:00:00.000Z,FIPSCode,48377,0,2022-11-09T22:28:18.516Z,8,98.98,8,100,62962,1025,61.97,62492,550,33.25,63492,79,4.78,1671,99,1654,4047,8,8
1668033563,2022-11-09 16:39:23 -0600,50657d3775be8b434b92b0cbc1e41ad089510bad,TX,48377,2,2022-11-09T01:00:00.000Z,FIPSCode,48377,0,2022-11-09T22:28:18.516Z,8,98.98,8,100,62962,1025,61.97,62492,550,33.25,63492,79,4.78,1671,99,1654,4047,8,8
1668033609,2022-11-09 16:40:09 -0600,67a8888a8d8ada5939ed97226fa771141aff63d9,TX,48377,2,2022-11-09T01:00:00.000Z,FIPSCode,48377,0,2022-11-09T22:28:18.516Z,8,98.98,8,100,62962,1025,61.97,62492,550,33.25,63492,79,4.78,1671,99,1654,4047,8,8
1668033650,2022-11-09 16:40:50 -0600,7521938e63650debb18dab9de7bb20fcf93b323f,TX,48377,2,2022-11-09T01:00:00.000Z,FIPSCode,48377,0,2022-11-09T22:28:18.516Z,8,98.98,8,100,62962,1025,61.97,62492,550,33.25,63492,79,4.78,1671,99,1654,4047,8,8
1668033693,2022-11-09 16:41:33 -0600,f3f529a47f02501cd396f681f3599fc47f0d5f5d,TX,48377,2,2022-11-09T01:00:00.000Z,FIPSCode,48377,0,2022-11-09T22:28:18.516Z,8,98.98,8,100,62962,1025,61.97,62492,550,33.25,63492,79,4.78,1671,99,1654,4047,8,8
1668033736,2022-11-09 16:42:16 -0600,072c6ba880d7e94c78e800d369ae20c45147a4df,TX,48377,2,2022-11-09T01:00:00.000Z,FIPSCode,48377,0,2022-11-09T22:28:18.516Z,8,98.98,8,100,62962,1025,61.97,62492,550,33.25,63492,79,4.78,1671,99,1654,4047,8,8
1668033779,2022-11-09 16:42:59 -0600,8a5cb953a1ac8767db2a00e615c671195b1eab4e,TX,48377,2,2022-11-09T01:00:00.000Z,FIPSCode,48377,0,2022-11-09T22:28:18.516Z,8,98.98,8,100,62962,1025,61.97,62492,550,33.25,63492,79,4.78,1671,99,1654,4047,8,8
1668033821,2022-11-09 16:43:41 -0600,c03fafbe082037890758afcb9a48bcb3e3e1dd97,TX,48377,2,2022-11-09T01:00:00.000Z,FIPSCode,48377,0,2022-11-09T22:28:18.516Z,8,98.98,8,100,62962,1025,61.97,62492,550,33.25,63492,79,4.78,1671,99,1654,4047,8,8
1668033863,2022-11-09 16:44:23 -0600,dec81ac765e6a8a42518a2a0ff038290b4283306,TX,48377,2,2022-11-09T01:00:00.000Z,FIPSCode,48377,0,2022-11-09T22:28:18.516Z,8,98.98,8,100,62962,1025,61.97,62492,550,33.25,63492,79,4.78,1671,99,1654,4047,8,8
1668033905,2022-11-09 16:45:05 -0600,5ba00d7830661b15b810e5cbdf2badada77a1adc,TX,48377,2,2022-11-09T01:00:00.000Z,FIPSCode,48377,0,2022-11-09T22:28:18.516Z,8,98.98,8,100,62962,1025,61.97,62492,550,33.25,63492,79,4.78,1671,99,1654,4047,8,8
1668033947,2022-11-09 16:45:47 -0600,267ac61a53e30c0698ad8ec63d2759d8fc28bee2,TX,48377,2,2022-11-09T01:00:00.000Z,FIPSCode,48377,0,2022-11-09T22:28:18.516Z,8,98.98,8,100,62962,1025,61.97,62492,550,33.25,63492,79,4.78,1671,99,1654,4047,8,8
1668033988,2022-11-09 16:46:28 -0600,47115298971d5b101350f130e572b0321626e937,TX,48377,2,2022-11-09T01:00:00.000Z,FIPSCode,48377,0,2022-11-09T22:28:18.516Z,8,98.98,8,100,62962,1025,61.97,62492,550,33.25,63492,79,4.78,1671,99,1654,4047,8,8
1668034031,2022-11-09 16:47:11 -0600,53e20d0a9858894f6349aa7cc2853a56ff13c887,TX,48377,2,2022-11-09T01:00:00.000Z,FIPSCode,48377,0,2022-11-09T22:28:18.516Z,8,98.98,8,100,62962,1025,61.97,62492,550,33.25,63492,79,4.78,1671,99,1654,4047,8,8
1668034077,2022-11-09 16:47:57 -0600,7fe0a02b877ed97b2604175897708b2dffdc97da,TX,48377,2,2022-11-09T01:00:00.000Z,FIPSCode,48377,0,2022-11-09T22:28:18.516Z,8,98.98,8,100,62962,1025,61.97,62492,550,33.25,63492,79,4.78,1671,99,1654,4047,8,8
1668034119,2022-11-09 16:48:39 -0600,8097f1c652f6ddaf099df41b1be3e300adb76692,TX,48377,2,2022-11-09T01:00:00.000Z,FIPSCode,48377,0,2022-11-09T22:28:18.516Z,8,98.98,8,100,62962,1025,61.97,62492,550,33.25,63492,79,4.78,1671,99,1654,4047,8,8
1668034162,2022-11-09 16:49:22 -0600,e09beb78bb7a8bdf180b7b215632981e03229905,TX,48377,2,2022-11-09T01:00:00.000Z,FIPSCode,48377,0,2022-11-09T22:28:18.516Z,8,98.98,8,100,62962,1025,61.97,62492,550,33.25,63492,79,4.78,1671,99,1654,4047,8,8
1668034204,2022-11-09 16:50:04 -0600,efa1183fc3f94ce57e76733c17431d67dc4d518d,TX,48377,2,2022-11-09T01:00:00.000Z,FIPSCode,48377,0,2022-11-09T22:28:18.516Z,8,98.98,8,100,62962,1025,61.97,62492,550,33.25,63492,79,4.78,1671,99,1654,4047,8,8
1668034247,2022-11-09 16:50:47 -0600,1f064bc668677f07dd1b29d60b2f32a5855b6403,TX,48377,2,2022-11-09T01:00:00.000Z,FIPSCode,48377,0,2022-11-09T22:28:18.516Z,8,98.98,8,100,62962,1025,61.97,62492,550,33.25,63492,79,4.78,1671,99,1654,4047,8,8
1668034331,2022-11-09 16:52:11 -0600,d41bee5252ca11f591aeae1fac257a0abb39a12c,TX,48377,2,2022-11-09T01:00:00.000Z,FIPSCode,48377,0,2022-11-09T22:28:18.516Z,8,98.98,8,100,62962,1025,61.97,62492,550,33.25,63492,79,4.78,1671,99,1654,4047,8,8
1668034373,2022-11-09 16:52:53 -0600,c6d0ada17a75bba7e83a28ea6e49f51805529d25,TX,48377,2,2022-11-09T01:00:00.000Z,FIPSCode,48377,0,2022-11-09T22:28:18.516Z,8,98.98,8,100,62962,1025,61.97,62492,550,33.25,63492,79,4.78,1671,99,1654,4047,8,8
1668034415,2022-11-09 16:53:35 -0600,b8794a6e2cccd07bf9cae51f1752d9fb6b3e9630,TX,48377,2,2022-11-09T01:00:00.000Z,FIPSCode,48377,0,2022-11-09T22:28:18.516Z,8,98.98,8,100,62962,1025,61.97,62492,550,33.25,63492,79,4.78,1671,99,1654,4047,8,8
1668034457,2022-11-09 16:54:17 -0600,8d634f71d6750cdbc20321634807546efa69969e,TX,48377,2,2022-11-09T01:00:00.000Z,FIPSCode,48377,0,2022-11-09T22:28:18.516Z,8,98.98,8,100,62962,1025,61.97,62492,550,33.25,63492,79,4.78,1671,99,1654,4047,8,8
1668034545,2022-11-09 16:55:45 -0600,c8b02fd9464928622651dd0dde90b1b943ffa388,TX,48377,2,2022-11-09T01:00:00.000Z,FIPSCode,48377,0,2022-11-09T22:28:18.516Z,8,98.98,8,100,62962,1025,61.97,62492,550,33.25,63492,79,4.78,1671,99,1654,4047,8,8
1668034585,2022-11-09 16:56:25 -0600,5d4a1ef61ab4b73ea42c6db38924b1c131a66dba,TX,48377,2,2022-11-09T01:00:00.000Z,FIPSCode,48377,0,2022-11-09T22:28:18.516Z,8,98.98,8,100,62962,1025,61.97,62492,550,33.25,63492,79,4.78,1671,99,1654,4047,8,8
1668034627,2022-11-09 16:57:07 -0600,678c08c61ce4082425c0ebc97fd7a9f89975755a,TX,48377,2,2022-11-09T01:00:00.000Z,FIPSCode,48377,0,2022-11-09T22:28:18.516Z,8,98.98,8,100,62962,1025,61.97,62492,550,33.25,63492,79,4.78,1671,99,1654,4047,8,8
1668034668,2022-11-09 16:57:48 -0600,2696aa4cb37c8bc42cfcece9af4a9371414dbffa,TX,48377,2,2022-11-09T01:00:00.000Z,FIPSCode,48377,0,2022-11-09T22:28:18.516Z,8,98.98,8,100,62962,1025,61.97,62492,550,33.25,63492,79,4.78,1671,99,1654,4047,8,8
1668034712,2022-11-09 16:58:32 -0600,c48081556f37271c5fdb54d63964907b82d18467,TX,48377,2,2022-11-09T01:00:00.000Z,FIPSCode,48377,0,2022-11-09T22:28:18.516Z,8,98.98,8,100,62962,1025,61.97,62492,550,33.25,63492,79,4.78,1671,99,1654,4047,8,8
1668034753,2022-11-09 16:59:13 -0600,880264c7d0f7b0ec4b6526e644e1b59ef62f7fe4,TX,48377,2,2022-11-09T01:00:00.000Z,FIPSCode,48377,0,2022-11-09T22:28:18.516Z,8,98.98,8,100,62962,1025,61.97,62492,550,33.25,63492,79,4.78,1671,99,1654,4047,8,8
1668034795,2022-11-09 16:59:55 -0600,172108f1ee7c87a5d4703a721551ec285f8fb325,TX,48377,2,2022-11-09T01:00:00.000Z,FIPSCode,48377,0,2022-11-09T22:28:18.516Z,8,98.98,8,100,62962,1025,61.97,62492,550,33.25,63492,79,4.78,1671,99,1654,4047,8,8
1668034837,2022-11-09 17:00:37 -0600,c63e4f0ba510718aef59ea5d4b3a1c07b3a28ffb,TX,48377,2,2022-11-09T01:00:00.000Z,FIPSCode,48377,0,2022-11-09T22:28:18.516Z,8,98.98,8,100,62962,1025,61.97,62492,550,33.25,63492,79,4.78,1671,99,1654,4047,8,8
1668034879,2022-11-09 17:01:19 -0600,d5d5b98b6b8c150d2121989683048019be62ec60,TX,48377,2,2022-11-09T01:00:00.000Z,FIPSCode,48377,0,2022-11-09T22:28:18.516Z,8,98.98,8,100,62962,1025,61.97,62492,550,33.25,63492,79,4.78,1671,99,1654,4047,8,8
1668034922,2022-11-09 17:02:02 -0600,4f7dfbbd001a1a37da2f5317d96ab94170d161cd,TX,48377,2,2022-11-09T01:00:00.000Z,FIPSCode,48377,0,2022-11-09T22:28:18.516Z,8,98.98,8,100,62962,1025,61.97,62492,550,33.25,63492,79,4.78,1671,99,1654,4047,8,8
1668034964,2022-11-09 17:02:44 -0600,308dbe4b1666d6ce0e9127d06715884fb73b066d,TX,48377,2,2022-11-09T01:00:00.000Z,FIPSCode,48377,0,2022-11-09T22:28:18.516Z,8,98.98,8,100,62962,1025,61.97,62492,550,33.25,63492,79,4.78,1671,99,1654,4047,8,8
1668035007,2022-11-09 17:03:27 -0600,43133944602e1e0b8843fe10adadb4aed74ddc19,TX,48377,2,2022-11-09T01:00:00.000Z,FIPSCode,48377,0,2022-11-09T22:28:18.516Z,8,98.98,8,100,62962,1025,61.97,62492,550,33.25,63492,79,4.78,1671,99,1654,4047,8,8
1668035049,2022-11-09 17:04:09 -0600,bff087a16a7b280445ae4738ddb66814d22774a9,TX,48377,2,2022-11-09T01:00:00.000Z,FIPSCode,48377,0,2022-11-09T22:28:18.516Z,8,98.98,8,100,62962,1025,61.97,62492,550,33.25,63492,79,4.78,1671,99,1654,4047,8,8
1668035092,2022-11-09 17:04:52 -0600,bb1348c48f28c323c7acd58318cbd29acbae94e0,TX,48377,2,2022-11-09T01:00:00.000Z,FIPSCode,48377,0,2022-11-09T22:28:18.516Z,8,98.98,8,100,62962,1025,61.97,62492,550,33.25,63492,79,4.78,1671,99,1654,4047,8,8
1668035133,2022-11-09 17:05:33 -0600,9277815e11a548ab0a8d21e93a618336e51c4630,TX,48377,2,2022-11-09T01:00:00.000Z,FIPSCode,48377,0,2022-11-09T22:28:18.516Z,8,98.98,8,100,62962,1025,61.97,62492,550,33.25,63492,79,4.78,1671,99,1654,4047,8,8
1668035176,2022-11-09 17:06:16 -0600,6ce64e7d30deacdb518af68f3c25c19be3fefa82,TX,48377,2,2022-11-09T01:00:00.000Z,FIPSCode,48377,0,2022-11-09T22:28:18.516Z,8,98.98,8,100,62962,1025,61.97,62492,550,33.25,63492,79,4.78,1671,99,1654,4047,8,8
1668035217,2022-11-09 17:06:57 -0600,5756b5d7730803e313bbfd3707c5425f18d4c523,TX,48377,2,2022-11-09T01:00:00.000Z,FIPSCode,48377,0,2022-11-09T22:28:18.516Z,8,98.98,8,100,62962,1025,61.97,62492,550,33.25,63492,79,4.78,1671,99,1654,4047,8,8
1668035261,2022-11-09 17:07:41 -0600,28ab8be45c3815cc723ccebae7d42ba7f647d3c4,TX,48377,2,2022-11-09T01:00:00.000Z,FIPSCode,48377,0,2022-11-09T22:28:18.516Z,8,98.98,8,100,62962,1025,61.97,62492,550,33.25,63492,79,4.78,1671,99,1654,4047,8,8
1668035430,2022-11-09 17:10:30 -0600,06f5bae54bae7151bf9edf05821efcacde731737,TX,48377,2,2022-11-09T01:00:00.000Z,FIPSCode,48377,0,2022-11-09T22:28:18.516Z,8,98.98,8,100,62962,1025,61.97,62492,550,33.25,63492,79,4.78,1671,99,1654,4047,8,8
1668035473,2022-11-09 17:11:13 -0600,53e6deb7a8b3afdd75e905a5d17c62a67c04eae8,TX,48377,2,2022-11-09T01:00:00.000Z,FIPSCode,48377,0,2022-11-09T22:28:18.516Z,8,98.98,8,100,62962,1025,61.97,62492,550,33.25,63492,79,4.78,1671,99,1654,4047,8,8
1668035515,2022-11-09 17:11:55 -0600,f975291a6821b35d88032d15ac48e4c44d4eeae1,TX,48377,2,2022-11-09T01:00:00.000Z,FIPSCode,48377,0,2022-11-09T22:28:18.516Z,8,98.98,8,100,62962,1025,61.97,62492,550,33.25,63492,79,4.78,1671,99,1654,4047,8,8
1668035558,2022-11-09 17:12:38 -0600,6842add30be01e93ca0c59354e51b7e6488e3e0c,TX,48377,2,2022-11-09T01:00:00.000Z,FIPSCode,48377,0,2022-11-09T22:28:18.516Z,8,98.98,8,100,62962,1025,61.97,62492,550,33.25,63492,79,4.78,1671,99,1654,4047,8,8
1668035602,2022-11-09 17:13:22 -0600,08f55546df12b3d14ed532e0461fd46bc3405de8,TX,48377,2,2022-11-09T01:00:00.000Z,FIPSCode,48377,0,2022-11-09T22:28:18.516Z,8,98.98,8,100,62962,1025,61.97,62492,550,33.25,63492,79,4.78,1671,99,1654,4047,8,8
1668035643,2022-11-09 17:14:03 -0600,aa5b232a75e41e399b62b79619db9672d6b6d99a,TX,48377,2,2022-11-09T01:00:00.000Z,FIPSCode,48377,0,2022-11-09T22:28:18.516Z,8,98.98,8,100,62962,1025,61.97,62492,550,33.25,63492,79,4.78,1671,99,1654,4047,8,8
1668035769,2022-11-09 17:16:09 -0600,6cb87261ec8adbc332601536aa84626fb20e9a87,TX,48377,2,2022-11-09T01:00:00.000Z,FIPSCode,48377,0,2022-11-09T22:28:18.516Z,8,98.98,8,100,62962,1025,61.97,62492,550,33.25,63492,79,4.78,1671,99,1654,4047,8,8
1668035854,2022-11-09 17:17:34 -0600,67a71f79ab753d9621c8b551c12dff1582b6ed5d,TX,48377,2,2022-11-09T01:00:00.000Z,FIPSCode,48377,0,2022-11-09T22:28:18.516Z,8,98.98,8,100,62962,1025,61.97,62492,550,33.25,63492,79,4.78,1671,99,1654,4047,8,8
1668035895,2022-11-09 17:18:15 -0600,bc1d76e68e1411f22a3ec32a6a9acf440dbd4770,TX,48377,2,2022-11-09T01:00:00.000Z,FIPSCode,48377,0,2022-11-09T22:28:18.516Z,8,98.98,8,100,62962,1025,61.97,62492,550,33.25,63492,79,4.78,1671,99,1654,4047,8,8
1668035938,2022-11-09 17:18:58 -0600,6e478fae8833ed78045be2a5f7d27d7da615e53f,TX,48377,2,2022-11-09T01:00:00.000Z,FIPSCode,48377,0,2022-11-09T22:28:18.516Z,8,98.98,8,100,62962,1025,61.97,62492,550,33.25,63492,79,4.78,1671,99,1654,4047,8,8
1668035980,2022-11-09 17:19:40 -0600,c571155a3c49936a3ef5614c92d1dca41856bfde,TX,48377,2,2022-11-09T01:00:00.000Z,FIPSCode,48377,0,2022-11-09T22:28:18.516Z,8,98.98,8,100,62962,1025,61.97,62492,550,33.25,63492,79,4.78,1671,99,1654,4047,8,8
1668036023,2022-11-09 17:20:23 -0600,9ef899c35236989bf45e18d9bc81355182366fa2,TX,48377,2,2022-11-09T01:00:00.000Z,FIPSCode,48377,0,2022-11-09T22:28:18.516Z,8,98.98,8,100,62962,1025,61.97,62492,550,33.25,63492,79,4.78,1671,99,1654,4047,8,8
1668036068,2022-11-09 17:21:08 -0600,cbcd0f1d70d75a3bbecd5aade62300ef041caf80,TX,48377,2,2022-11-09T01:00:00.000Z,FIPSCode,48377,0,2022-11-09T22:28:18.516Z,8,98.98,8,100,62962,1025,61.97,62492,550,33.25,63492,79,4.78,1671,99,1654,4047,8,8
1668036235,2022-11-09 17:23:55 -0600,b396eb8e704266bd5dbf51cefc4d37c96c2028c5,TX,48377,2,2022-11-09T01:00:00.000Z,FIPSCode,48377,0,2022-11-09T22:28:18.516Z,8,98.98,8,100,62962,1025,61.97,62492,550,33.25,63492,79,4.78,1671,99,1654,4047,8,8
1668036319,2022-11-09 17:25:19 -0600,05eaee291c77e5286382d2a154ff9a21fd6bcb93,TX,48377,2,2022-11-09T01:00:00.000Z,FIPSCode,48377,0,2022-11-09T22:28:18.516Z,8,98.98,8,100,62962,1025,61.97,62492,550,33.25,63492,79,4.78,1671,99,1654,4047,8,8
1668036359,2022-11-09 17:25:59 -0600,f21eff637deb1cdffe90f9f0b6e84944f0b82a86,TX,48377,2,2022-11-09T01:00:00.000Z,FIPSCode,48377,0,2022-11-09T23:25:18.863Z,8,98.98,8,100,62962,1025,61.97,62492,550,33.25,63492,79,4.78,1671,99,1654,4047,8,8
1668036400,2022-11-09 17:26:40 -0600,1dcc325503883ef5f79017b7d75a0e2b35425dc6,TX,48377,2,2022-11-09T01:00:00.000Z,FIPSCode,48377,0,2022-11-09T23:25:18.863Z,8,98.98,8,100,62962,1025,61.97,62492,550,33.25,63492,79,4.78,1671,99,1654,4047,8,8
1668036441,2022-11-09 17:27:21 -0600,5676328f57b9c72fb19ac810eeccbc62212cd5e2,TX,48377,2,2022-11-09T01:00:00.000Z,FIPSCode,48377,0,2022-11-09T23:25:18.863Z,8,98.98,8,100,62962,1025,61.97,62492,550,33.25,63492,79,4.78,1671,99,1654,4047,8,8
1668036482,2022-11-09 17:28:02 -0600,d6308f5155b4af57ac5203efec5e20101c2fde03,TX,48377,2,2022-11-09T01:00:00.000Z,FIPSCode,48377,0,2022-11-09T23:27:37.748Z,8,98.98,8,100,62962,1025,61.97,62492,550,33.25,63492,79,4.78,1671,99,1654,4047,8,8
1668036565,2022-11-09 17:29:25 -0600,b4d66c878cad9f59acb140e5121eab269377266b,TX,48377,2,2022-11-09T01:00:00.000Z,FIPSCode,48377,0,2022-11-09T23:27:37.748Z,8,98.98,8,100,62962,1025,61.97,62492,550,33.25,63492,79,4.78,1671,99,1654,4047,8,8
1668036604,2022-11-09 17:30:04 -0600,8868c10b3bc4f08201d3260ef21287c9c9a483ca,TX,48377,2,2022-11-09T01:00:00.000Z,FIPSCode,48377,0,2022-11-09T23:27:37.748Z,8,98.98,8,100,62962,1025,61.97,62492,550,33.25,63492,79,4.78,1671,99,1654,4047,8,8
1668036648,2022-11-09 17:30:48 -0600,bde4430f1e07d132d44ec65af01e1deeb7f2c7cf,TX,48377,2,2022-11-09T01:00:00.000Z,FIPSCode,48377,0,2022-11-09T23:27:37.748Z,8,98.98,8,100,62962,1025,61.97,62492,550,33.25,63492,79,4.78,1671,99,1654,4047,8,8
1668036687,2022-11-09 17:31:27 -0600,147d1059e7b8117a0f03988713dfd5c5064ca0ce,TX,48377,2,2022-11-09T01:00:00.000Z,FIPSCode,48377,0,2022-11-09T23:27:37.748Z,8,98.98,8,100,62962,1025,61.97,62492,550,33.25,63492,79,4.78,1671,99,1654,4047,8,8
1668036729,2022-11-09 17:32:09 -0600,f095cd3b7f19578efa4513b62e7323ead59f9d00,TX,48377,2,2022-11-09T01:00:00.000Z,FIPSCode,48377,0,2022-11-09T23:27:37.748Z,8,98.98,8,100,62962,1025,61.97,62492,550,33.25,63492,79,4.78,1671,99,1654,4047,8,8
1668036770,2022-11-09 17:32:50 -0600,eb3dc7413d7e9d00c13d3c9511fa2f5167157aa8,TX,48377,2,2022-11-09T01:00:00.000Z,FIPSCode,48377,0,2022-11-09T23:27:37.748Z,8,98.98,8,100,62962,1025,61.97,62492,550,33.25,63492,79,4.78,1671,99,1654,4047,8,8
1668036812,2022-11-09 17:33:32 -0600,64ddf4f0d33eb8c32399785377d7c644c4633004,TX,48377,2,2022-11-09T01:00:00.000Z,FIPSCode,48377,0,2022-11-09T23:27:37.748Z,8,98.98,8,100,62962,1025,61.97,62492,550,33.25,63492,79,4.78,1671,99,1654,4047,8,8
1668036853,2022-11-09 17:34:13 -0600,dea9707a3e4eca403bd6c2f7d7b31dd3d398e2fe,TX,48377,2,2022-11-09T01:00:00.000Z,FIPSCode,48377,0,2022-11-09T23:27:37.748Z,8,98.98,8,100,62962,1025,61.97,62492,550,33.25,63492,79,4.78,1671,99,1654,4047,8,8
1668036895,2022-11-09 17:34:55 -0600,b9e8255a0893930b8247ca2b94ebe17c61964a77,TX,48377,2,2022-11-09T01:00:00.000Z,FIPSCode,48377,0,2022-11-09T23:27:37.748Z,8,98.98,8,100,62962,1025,61.97,62492,550,33.25,63492,79,4.78,1671,99,1654,4047,8,8
1668036978,2022-11-09 17:36:18 -0600,e6c4c20184048f6c8beecbf38f22e328198f2756,TX,48377,2,2022-11-09T01:00:00.000Z,FIPSCode,48377,0,2022-11-09T23:27:37.748Z,8,98.98,8,100,62962,1025,61.97,62492,550,33.25,63492,79,4.78,1671,99,1654,4047,8,8
1668037018,2022-11-09 17:36:58 -0600,6b7e63c42553f338204487e33d57d609d7587f57,TX,48377,2,2022-11-09T01:00:00.000Z,FIPSCode,48377,0,2022-11-09T23:27:37.748Z,8,98.98,8,100,62962,1025,61.97,62492,550,33.25,63492,79,4.78,1671,99,1654,4047,8,8
1668037059,2022-11-09 17:37:39 -0600,fd430700de4458a7fbb2a68cc12a43f3fe5103b4,TX,48377,2,2022-11-09T01:00:00.000Z,FIPSCode,48377,0,2022-11-09T23:27:37.748Z,8,98.98,8,100,62962,1025,61.97,62492,550,33.25,63492,79,4.78,1671,99,1654,4047,8,8
1668037103,2022-11-09 17:38:23 -0600,3d745491d4b15a46797bb61ff8db0c27530884f0,TX,48377,2,2022-11-09T01:00:00.000Z,FIPSCode,48377,0,2022-11-09T23:27:37.748Z,8,98.98,8,100,62962,1025,61.97,62492,550,33.25,63492,79,4.78,1671,99,1654,4047,8,8
1668037145,2022-11-09 17:39:05 -0600,e390379c2cdd50c2957631b28de03d02077bffeb,TX,48377,2,2022-11-09T01:00:00.000Z,FIPSCode,48377,0,2022-11-09T23:27:37.748Z,8,98.98,8,100,62962,1025,61.97,62492,550,33.25,63492,79,4.78,1671,99,1654,4047,8,8
1668037188,2022-11-09 17:39:48 -0600,879655c3bbd227569704fb160a98b2d3e36aa80d,TX,48377,2,2022-11-09T01:00:00.000Z,FIPSCode,48377,0,2022-11-09T23:27:37.748Z,8,98.98,8,100,62962,1025,61.97,62492,550,33.25,63492,79,4.78,1671,99,1654,4047,8,8
1668037315,2022-11-09 17:41:55 -0600,c58aab37a2c5d1c4e29b52768ab08e4198d3ebbe,TX,48377,2,2022-11-09T01:00:00.000Z,FIPSCode,48377,0,2022-11-09T23:27:37.748Z,8,98.98,8,100,62962,1025,61.97,62492,550,33.25,63492,79,4.78,1671,99,1654,4047,8,8
1668037356,2022-11-09 17:42:36 -0600,d669adb7af65d3d8ca5ebcb103ababc1850e0235,TX,48377,2,2022-11-09T01:00:00.000Z,FIPSCode,48377,0,2022-11-09T23:27:37.748Z,8,98.98,8,100,62962,1025,61.97,62492,550,33.25,63492,79,4.78,1671,99,1654,4047,8,8
1668037399,2022-11-09 17:43:19 -0600,cac7502f6351b3cb5c51d4a1bf20cbaedc33eff1,TX,48377,2,2022-11-09T01:00:00.000Z,FIPSCode,48377,0,2022-11-09T23:27:37.748Z,8,98.98,8,100,62962,1025,61.97,62492,550,33.25,63492,79,4.78,1671,99,1654,4047,8,8
1668037442,2022-11-09 17:44:02 -0600,1dae71d5522d45459c35cb6a91b73c4e69d0ca28,TX,48377,2,2022-11-09T01:00:00.000Z,FIPSCode,48377,0,2022-11-09T23:27:37.748Z,8,98.98,8,100,62962,1025,61.97,62492,550,33.25,63492,79,4.78,1671,99,1654,4047,8,8
1668037483,2022-11-09 17:44:43 -0600,b7f15acbb5224d4a6f12d695cc6e662156bdb9d3,TX,48377,2,2022-11-09T01:00:00.000Z,FIPSCode,48377,0,2022-11-09T23:27:37.748Z,8,98.98,8,100,62962,1025,61.97,62492,550,33.25,63492,79,4.78,1671,99,1654,4047,8,8
1668037526,2022-11-09 17:45:26 -0600,8de8308e9f83f4406a448e4f374358fad6b83d7d,TX,48377,2,2022-11-09T01:00:00.000Z,FIPSCode,48377,0,2022-11-09T23:27:37.748Z,8,98.98,8,100,62962,1025,61.97,62492,550,33.25,63492,79,4.78,1671,99,1654,4047,8,8
1668037569,2022-11-09 17:46:09 -0600,e96dc008864e257e9b3959ff0881ab3743fa90bc,TX,48377,2,2022-11-09T01:00:00.000Z,FIPSCode,48377,0,2022-11-09T23:27:37.748Z,8,98.98,8,100,62962,1025,61.97,62492,550,33.25,63492,79,4.78,1671,99,1654,4047,8,8
1668037614,2022-11-09 17:46:54 -0600,8a4667a14876b90211397a1fd155f0ad65165cb0,TX,48377,2,2022-11-09T01:00:00.000Z,FIPSCode,48377,0,2022-11-09T23:27:37.748Z,8,98.98,8,100,62962,1025,61.97,62492,550,33.25,63492,79,4.78,1671,99,1654,4047,8,8
1668037656,2022-11-09 17:47:36 -0600,d8463ef8545b7e56802f1565c2fe18191f27088b,TX,48377,2,2022-11-09T01:00:00.000Z,FIPSCode,48377,0,2022-11-09T23:27:37.748Z,8,98.98,8,100,62962,1025,61.97,62492,550,33.25,63492,79,4.78,1671,99,1654,4047,8,8
1668050638,2022-11-09 21:23:58 -0600,494d10442ede3282a3fe79abd5915efec97c956d,TX,48377,2,2022-11-09T01:00:00.000Z,FIPSCode,48377,0,2022-11-10T03:14:41.071Z,8,98.98,8,100,62962,1025,61.97,62492,550,33.25,63492,79,4.78,1671,99,1654,4047,8,8
1668050680,2022-11-09 21:24:40 -0600,f486460e5469d4ee8fdc4d2f5854755efb4adb7c,TX,48377,2,2022-11-09T01:00:00.000Z,FIPSCode,48377,0,2022-11-10T03:14:41.071Z,8,98.98,8,100,62962,1025,61.97,62492,550,33.25,63492,79,4.78,1671,99,1654,4047,8,8
1668050724,2022-11-09 21:25:24 -0600,389e85baf3e070c80673b2bb61c7d96ef780e900,TX,48377,2,2022-11-09T01:00:00.000Z,FIPSCode,48377,0,2022-11-10T03:14:41.071Z,8,98.98,8,100,62962,1025,61.97,62492,550,33.25,63492,79,4.78,1671,99,1654,4047,8,8
1668050765,2022-11-09 21:26:05 -0600,3be842ff9a1c6a0da480fa8a971076b19896baf2,TX,48377,2,2022-11-09T01:00:00.000Z,FIPSCode,48377,0,2022-11-10T03:14:41.071Z,8,98.98,8,100,62962,1025,61.97,62492,550,33.25,63492,79,4.78,1671,99,1654,4047,8,8
1668050807,2022-11-09 21:26:47 -0600,6e5f83ab69864227eae1948ce6aeacf04940b974,TX,48377,2,2022-11-09T01:00:00.000Z,FIPSCode,48377,0,2022-11-10T03:14:41.071Z,8,98.98,8,100,62962,1025,61.97,62492,550,33.25,63492,79,4.78,1671,99,1654,4047,8,8
1668050850,2022-11-09 21:27:30 -0600,02c8adf85c6b6026925d4538c217e1c151bde581,TX,48377,2,2022-11-09T01:00:00.000Z,FIPSCode,48377,0,2022-11-10T03:14:41.071Z,8,98.98,8,100,62962,1025,61.97,62492,550,33.25,63492,79,4.78,1671,99,1654,4047,8,8
1668050892,2022-11-09 21:28:12 -0600,ad2a092499c86c1d30cfaf2dbd125c58125cb58f,TX,48377,2,2022-11-09T01:00:00.000Z,FIPSCode,48377,0,2022-11-10T03:14:41.071Z,8,98.98,8,100,62962,1025,61.97,62492,550,33.25,63492,79,4.78,1671,99,1654,4047,8,8
1668051062,2022-11-09 21:31:02 -0600,d949fc7d1d635b1d2a35440cc531109d411da97b,TX,48377,2,2022-11-09T01:00:00.000Z,FIPSCode,48377,0,2022-11-10T03:14:41.071Z,8,98.98,8,100,62962,1025,61.97,62492,550,33.25,63492,79,4.78,1671,99,1654,4047,8,8
1668051103,2022-11-09 21:31:43 -0600,7858ef1994c4eb1ab42d89714710220523b8abcb,TX,48377,2,2022-11-09T01:00:00.000Z,FIPSCode,48377,0,2022-11-10T03:14:41.071Z,8,98.98,8,100,62962,1025,61.97,62492,550,33.25,63492,79,4.78,1671,99,1654,4047,8,8
1668051144,2022-11-09 21:32:24 -0600,8aa5fca8eb324c3c4d0028f71c3430f6ba0e251a,TX,48377,2,2022-11-09T01:00:00.000Z,FIPSCode,48377,0,2022-11-10T03:14:41.071Z,8,98.98,8,100,62962,1025,61.97,62492,550,33.25,63492,79,4.78,1671,99,1654,4047,8,8
1668051187,2022-11-09 21:33:07 -0600,d5e5f4111f9c62d623677f8ebf655ca2cdc20186,TX,48377,2,2022-11-09T01:00:00.000Z,FIPSCode,48377,0,2022-11-10T03:14:41.071Z,8,98.98,8,100,62962,1025,61.97,62492,550,33.25,63492,79,4.78,1671,99,1654,4047,8,8
1668051229,2022-11-09 21:33:49 -0600,219546eccc08c05d383d9c726f1fc144ca57d2fd,TX,48377,2,2022-11-09T01:00:00.000Z,FIPSCode,48377,0,2022-11-10T03:14:41.071Z,8,98.98,8,100,62962,1025,61.97,62492,550,33.25,63492,79,4.78,1671,99,1654,4047,8,8
1668051271,2022-11-09 21:34:31 -0600,bd927cb6299656d05f9c8a8e2467fdb2e0a92cdd,TX,48377,2,2022-11-09T01:00:00.000Z,FIPSCode,48377,0,2022-11-10T03:14:41.071Z,8,98.98,8,100,62962,1025,61.97,62492,550,33.25,63492,79,4.78,1671,99,1654,4047,8,8
1668051313,2022-11-09 21:35:13 -0600,49df2d6fd9e1e9d7c07f91f75c9f87a3d86d7044,TX,48377,2,2022-11-09T01:00:00.000Z,FIPSCode,48377,0,2022-11-10T03:14:41.071Z,8,98.98,8,100,62962,1025,61.97,62492,550,33.25,63492,79,4.78,1671,99,1654,4047,8,8
1668051356,2022-11-09 21:35:56 -0600,4fba278bcdce8de77b3b004ba8455a85081e77d3,TX,48377,2,2022-11-09T01:00:00.000Z,FIPSCode,48377,0,2022-11-10T03:35:39.233Z,8,98.98,8,100,62962,1025,61.97,62492,550,33.25,63492,79,4.78,1671,99,1654,4047,8,8
1668051396,2022-11-09 21:36:36 -0600,ff38119325716b9369723280cdf546b47fa89dac,TX,48377,2,2022-11-09T01:00:00.000Z,FIPSCode,48377,0,2022-11-10T03:35:39.233Z,8,98.98,8,100,62962,1025,61.97,62492,550,33.25,63492,79,4.78,1671,99,1654,4047,8,8
1668051440,2022-11-09 21:37:20 -0600,28179e5340f5c07f2f42803f1d8ea393a163da5d,TX,48377,2,2022-11-09T01:00:00.000Z,FIPSCode,48377,0,2022-11-10T03:35:39.233Z,8,98.98,8,100,62962,1025,61.97,62492,550,33.25,63492,79,4.78,1671,99,1654,4047,8,8
1668051481,2022-11-09 21:38:01 -0600,dcbb47003d4b7854ed206843364cf50fd615aaaa,TX,48377,2,2022-11-09T01:00:00.000Z,FIPSCode,48377,0,2022-11-10T03:35:39.233Z,8,98.98,8,100,62962,1025,61.97,62492,550,33.25,63492,79,4.78,1671,99,1654,4047,8,8
1668051524,2022-11-09 21:38:44 -0600,b1c8e0704c23a49a341dd215dfb60c33632b38b3,TX,48377,2,2022-11-09T01:00:00.000Z,FIPSCode,48377,0,2022-11-10T03:35:39.233Z,8,98.98,8,100,62962,1025,61.97,62492,550,33.25,63492,79,4.78,1671,99,1654,4047,8,8
1668051565,2022-11-09 21:39:25 -0600,70265936d5d54fca7f00eaf22802801d7f42f1a1,TX,48377,2,2022-11-09T01:00:00.000Z,FIPSCode,48377,0,2022-11-10T03:35:39.233Z,8,98.98,8,100,62962,1025,61.97,62492,550,33.25,63492,79,4.78,1671,99,1654,4047,8,8
1668051607,2022-11-09 21:40:07 -0600,1161ed6475321206ce04c6de0e57120230032f0d,TX,48377,2,2022-11-09T01:00:00.000Z,FIPSCode,48377,0,2022-11-10T03:35:39.233Z,8,98.98,8,100,62962,1025,61.97,62492,550,33.25,63492,79,4.78,1671,99,1654,4047,8,8
1668051650,2022-11-09 21:40:50 -0600,c7b9ee2d80e70632ef0d958c0ee98820b1430edc,TX,48377,2,2022-11-09T01:00:00.000Z,FIPSCode,48377,0,2022-11-10T03:35:39.233Z,8,98.98,8,100,62962,1025,61.97,62492,550,33.25,63492,79,4.78,1671,99,1654,4047,8,8
1668051692,2022-11-09 21:41:32 -0600,53163250d8d710f5359e43f73d7986343ce40844,TX,48377,2,2022-11-09T01:00:00.000Z,FIPSCode,48377,0,2022-11-10T03:41:16.686Z,8,98.98,8,100,62962,1025,61.97,62492,550,33.25,63492,79,4.78,1671,99,1654,4047,8,8
1668051736,2022-11-09 21:42:16 -0600,9b18160c5604c546c87aa498ec7bb2f1e65a6080,TX,48377,2,2022-11-09T01:00:00.000Z,FIPSCode,48377,0,2022-11-10T03:41:16.686Z,8,98.98,8,100,62962,1025,61.97,62492,550,33.25,63492,79,4.78,1671,99,1654,4047,8,8
1668051821,2022-11-09 21:43:41 -0600,1701548acb58e29421a176054d461d01184074cc,TX,48377,2,2022-11-09T01:00:00.000Z,FIPSCode,48377,0,2022-11-10T03:41:16.686Z,8,98.98,8,100,62962,1025,61.97,62492,550,33.25,63492,79,4.78,1671,99,1654,4047,8,8
1668051863,2022-11-09 21:44:23 -0600,bdf4352d77d4aac9d3184d1eeacf5dfc1a6bfa3b,TX,48377,2,2022-11-09T01:00:00.000Z,FIPSCode,48377,0,2022-11-10T03:41:16.686Z,8,98.98,8,100,62962,1025,61.97,62492,550,33.25,63492,79,4.78,1671,99,1654,4047,8,8
1668051905,2022-11-09 21:45:05 -0600,84cca9b56ac937fb8469eed3b1a8eac05140d677,TX,48377,2,2022-11-09T01:00:00.000Z,FIPSCode,48377,0,2022-11-10T03:41:16.686Z,8,98.98,8,100,62962,1025,61.97,62492,550,33.25,63492,79,4.78,1671,99,1654,4047,8,8
1668051948,2022-11-09 21:45:48 -0600,08feb2c37be56027d725e14cac6625cfb3fb2b16,TX,48377,2,2022-11-09T01:00:00.000Z,FIPSCode,48377,0,2022-11-10T03:41:16.686Z,8,98.98,8,100,62962,1025,61.97,62492,550,33.25,63492,79,4.78,1671,99,1654,4047,8,8
1668051992,2022-11-09 21:46:32 -0600,5a12b23f3535c9e7b9b706b1e6697ed40efed824,TX,48377,2,2022-11-09T01:00:00.000Z,FIPSCode,48377,0,2022-11-10T03:41:16.686Z,8,98.98,8,100,62962,1025,61.97,62492,550,33.25,63492,79,4.78,1671,99,1654,4047,8,8
1668052035,2022-11-09 21:47:15 -0600,cb4525620204a6b71bd5ab5ecd18b0a0df8b812f,TX,48377,2,2022-11-09T01:00:00.000Z,FIPSCode,48377,0,2022-11-10T03:41:16.686Z,8,98.98,8,100,62962,1025,61.97,62492,550,33.25,63492,79,4.78,1671,99,1654,4047,8,8
1668052076,2022-11-09 21:47:56 -0600,6f6668ccfb10774ef70c0c8c52d6f6be2508dd6a,TX,48377,2,2022-11-09T01:00:00.000Z,FIPSCode,48377,0,2022-11-10T03:41:16.686Z,8,98.98,8,100,62962,1025,61.97,62492,550,33.25,63492,79,4.78,1671,99,1654,4047,8,8
1668052412,2022-11-09 21:53:32 -0600,1a31a17191e4856dfcf920225465400700950540,TX,48377,2,2022-11-09T01:00:00.000Z,FIPSCode,48377,0,2022-11-10T03:41:16.686Z,8,98.98,8,100,62962,1025,61.97,62492,550,33.25,63492,79,4.78,1671,99,1654,4047,8,8
1668052454,2022-11-09 21:54:14 -0600,b44f977f861c18a0e7f0877d63881e22680ed722,TX,48377,2,2022-11-09T01:00:00.000Z,FIPSCode,48377,0,2022-11-10T03:41:16.686Z,8,98.98,8,100,62962,1025,61.97,62492,550,33.25,63492,79,4.78,1671,99,1654,4047,8,8
1668052497,2022-11-09 21:54:57 -0600,82bf599f47df2571958e22a5e4c31b84b2dfe873,TX,48377,2,2022-11-09T01:00:00.000Z,FIPSCode,48377,0,2022-11-10T03:54:38.421Z,8,98.98,8,100,62962,1025,61.97,62492,550,33.25,63492,79,4.78,1671,99,1654,4047,8,8
1668052539,2022-11-09 21:55:39 -0600,f19ce05cf6c64ed24c154b044df9c4f396fc4e25,TX,48377,2,2022-11-09T01:00:00.000Z,FIPSCode,48377,0,2022-11-10T03:54:38.421Z,8,98.98,8,100,62962,1025,61.97,62492,550,33.25,63492,79,4.78,1671,99,1654,4047,8,8
1668052582,2022-11-09 21:56:22 -0600,7b8f8a247d94e88c2f2afe818788077d5ff21c4c,TX,48377,2,2022-11-09T01:00:00.000Z,FIPSCode,48377,0,2022-11-10T03:56:01.203Z,8,98.98,8,100,62962,1025,61.97,62492,550,33.25,63492,79,4.78,1671,99,1654,4047,8,8
1668052624,2022-11-09 21:57:04 -0600,b32d59bbbb72728d6171677516568310e95a02ec,TX,48377,2,2022-11-09T01:00:00.000Z,FIPSCode,48377,0,2022-11-10T03:56:01.203Z,8,98.98,8,100,62962,1025,61.97,62492,550,33.25,63492,79,4.78,1671,99,1654,4047,8,8
1668052667,2022-11-09 21:57:47 -0600,f3bd62b1837ea501861bd389b99f0ac5b69366de,TX,48377,2,2022-11-09T01:00:00.000Z,FIPSCode,48377,0,2022-11-10T03:57:16.202Z,8,98.98,8,100,62962,1025,61.97,62492,550,33.25,63492,79,4.78,1671,99,1654,4047,8,8
1668052709,2022-11-09 21:58:29 -0600,9f9b4dca36bc1b358845aefd08336bace15f379f,TX,48377,2,2022-11-09T01:00:00.000Z,FIPSCode,48377,0,2022-11-10T03:57:16.202Z,8,98.98,8,100,62962,1025,61.97,62492,550,33.25,63492,79,4.78,1671,99,1654,4047,8,8
1668052751,2022-11-09 21:59:11 -0600,2ecb8d788fcd485e38ba67f99598c7855a16e8f4,TX,48377,2,2022-11-09T01:00:00.000Z,FIPSCode,48377,0,2022-11-10T03:57:16.202Z,8,98.98,8,100,62962,1025,61.97,62492,550,33.25,63492,79,4.78,1671,99,1654,4047,8,8
1668052792,2022-11-09 21:59:52 -0600,f35b155ec70190f042d49820b66e6ed0e6b1dede,TX,48377,2,2022-11-09T01:00:00.000Z,FIPSCode,48377,0,2022-11-10T03:57:16.202Z,8,98.98,8,100,62962,1025,61.97,62492,550,33.25,63492,79,4.78,1671,99,1654,4047,8,8
1668052842,2022-11-09 22:00:42 -0600,58dfcb30e7f1fcd052812ae8a48d39f6f43899d3,TX,48377,2,2022-11-09T01:00:00.000Z,FIPSCode,48377,0,2022-11-10T03:57:16.202Z,8,98.98,8,100,62962,1025,61.97,62492,550,33.25,63492,79,4.78,1671,99,1654,4047,8,8
1668052882,2022-11-09 22:01:22 -0600,f1e8100dcb0c919c38d41ccee1fafeaba2cbed30,TX,48377,2,2022-11-09T01:00:00.000Z,FIPSCode,48377,0,2022-11-10T03:57:16.202Z,8,98.98,8,100,62962,1025,61.97,62492,550,33.25,63492,79,4.78,1671,99,1654,4047,8,8
1668052965,2022-11-09 22:02:45 -0600,75f2b7ffea703bf7d2961030bbc3dde0715eae83,TX,48377,2,2022-11-09T01:00:00.000Z,FIPSCode,48377,0,2022-11-10T03:57:16.202Z,8,98.98,8,100,62962,1025,61.97,62492,550,33.25,63492,79,4.78,1671,99,1654,4047,8,8
1668053048,2022-11-09 22:04:08 -0600,bcf5b6c82362f281abba2676ff95e3498aa1e008,TX,48377,2,2022-11-09T01:00:00.000Z,FIPSCode,48377,0,2022-11-10T03:57:16.202Z,8,98.98,8,100,62962,1025,61.97,62492,550,33.25,63492,79,4.78,1671,99,1654,4047,8,8
1668053090,2022-11-09 22:04:50 -0600,d3a51d1c089ccb6bd3f8694967654e9c635008b5,TX,48377,2,2022-11-09T01:00:00.000Z,FIPSCode,48377,0,2022-11-10T03:57:16.202Z,8,98.98,8,100,62962,1025,61.97,62492,550,33.25,63492,79,4.78,1671,99,1654,4047,8,8
1668053131,2022-11-09 22:05:31 -0600,2403654c1d81fac433391adea01b1b8c100ae9ea,TX,48377,2,2022-11-09T01:00:00.000Z,FIPSCode,48377,0,2022-11-10T03:57:16.202Z,8,98.98,8,100,62962,1025,61.97,62492,550,33.25,63492,79,4.78,1671,99,1654,4047,8,8
1668053173,2022-11-09 22:06:13 -0600,fc8546ca7bf9f4b926801e8858ebea96a414cee7,TX,48377,2,2022-11-09T01:00:00.000Z,FIPSCode,48377,0,2022-11-10T03:57:16.202Z,8,98.98,8,100,62962,1025,61.97,62492,550,33.25,63492,79,4.78,1671,99,1654,4047,8,8
1668053216,2022-11-09 22:06:56 -0600,6110bd128cd401481c07bc7b795da7b131a1d4de,TX,48377,2,2022-11-09T01:00:00.000Z,FIPSCode,48377,0,2022-11-10T03:57:16.202Z,8,98.98,8,100,62962,1025,61.97,62492,550,33.25,63492,79,4.78,1671,99,1654,4047,8,8
1668053256,2022-11-09 22:07:36 -0600,6e527dec35d982d3ead211113aa9b05a8a1ebeeb,TX,48377,2,2022-11-09T01:00:00.000Z,FIPSCode,48377,0,2022-11-10T03:57:16.202Z,8,98.98,8,100,62962,1025,61.97,62492,550,33.25,63492,79,4.78,1671,99,1654,4047,8,8
1668053340,2022-11-09 22:09:00 -0600,11526b3e7ae5ac94d1ca58a97ee773f4d8a3ad3f,TX,48377,2,2022-11-09T01:00:00.000Z,FIPSCode,48377,0,2022-11-10T03:57:16.202Z,8,98.98,8,100,62962,1025,61.97,62492,550,33.25,63492,79,4.78,1671,99,1654,4047,8,8
1668053381,2022-11-09 22:09:41 -0600,ec07021a4cad68c829386f506a0efeeaf3370cc8,TX,48377,2,2022-11-09T01:00:00.000Z,FIPSCode,48377,0,2022-11-10T03:57:16.202Z,8,98.98,8,100,62962,1025,61.97,62492,550,33.25,63492,79,4.78,1671,99,1654,4047,8,8
1668053422,2022-11-09 22:10:22 -0600,ceaf7fcf052490bcc6324f28cac0a02fa33f2138,TX,48377,2,2022-11-09T01:00:00.000Z,FIPSCode,48377,0,2022-11-10T03:57:16.202Z,8,98.98,8,100,62962,1025,61.97,62492,550,33.25,63492,79,4.78,1671,99,1654,4047,8,8
1668053464,2022-11-09 22:11:04 -0600,e0fc780cebab40390e3aa3688ed28d6b793ef279,TX,48377,2,2022-11-09T01:00:00.000Z,FIPSCode,48377,0,2022-11-10T03:57:16.202Z,8,98.98,8,100,62962,1025,61.97,62492,550,33.25,63492,79,4.78,1671,99,1654,4047,8,8
1668053506,2022-11-09 22:11:46 -0600,416bdc54c1b9324d33dff588831dd546b7d02d40,TX,48377,2,2022-11-09T01:00:00.000Z,FIPSCode,48377,0,2022-11-10T03:57:16.202Z,8,98.98,8,100,62962,1025,61.97,62492,550,33.25,63492,79,4.78,1671,99,1654,4047,8,8
1668053546,2022-11-09 22:12:26 -0600,56afab0929a9c6136c2a203071be066204ccd28e,TX,48377,2,2022-11-09T01:00:00.000Z,FIPSCode,48377,0,2022-11-10T03:57:16.202Z,8,98.98,8,100,62962,1025,61.97,62492,550,33.25,63492,79,4.78,1671,99,1654,4047,8,8
1668053590,2022-11-09 22:13:10 -0600,9b5d31733444aec3e73758aa5e9ff41bec7a310e,TX,48377,2,2022-11-09T01:00:00.000Z,FIPSCode,48377,0,2022-11-10T03:57:16.202Z,8,98.98,8,100,62962,1025,61.97,62492,550,33.25,63492,79,4.78,1671,99,1654,4047,8,8
1668053630,2022-11-09 22:13:50 -0600,06657409b3f522256d8a6a77b1857db749c6d097,TX,48377,2,2022-11-09T01:00:00.000Z,FIPSCode,48377,0,2022-11-10T03:57:16.202Z,8,98.98,8,100,62962,1025,61.97,62492,550,33.25,63492,79,4.78,1671,99,1654,4047,8,8
1668053673,2022-11-09 22:14:33 -0600,0046f5a0c2285ab69b14c94461bd12bfe2f793ee,TX,48377,2,2022-11-09T01:00:00.000Z,FIPSCode,48377,0,2022-11-10T03:57:16.202Z,8,98.98,8,100,62962,1025,61.97,62492,550,33.25,63492,79,4.78,1671,99,1654,4047,8,8
1668053713,2022-11-09 22:15:13 -0600,46ff1b19ac6764a2db16102cdbc0e75cec64f16a,TX,48377,2,2022-11-09T01:00:00.000Z,FIPSCode,48377,0,2022-11-10T03:57:16.202Z,8,98.98,8,100,62962,1025,61.97,62492,550,33.25,63492,79,4.78,1671,99,1654,4047,8,8
1668053755,2022-11-09 22:15:55 -0600,166b0e27572b1b3b4254758e7ba8ad39e73d4dc6,TX,48377,2,2022-11-09T01:00:00.000Z,FIPSCode,48377,0,2022-11-10T03:57:16.202Z,8,98.98,8,100,62962,1025,61.97,62492,550,33.25,63492,79,4.78,1671,99,1654,4047,8,8
1668053837,2022-11-09 22:17:17 -0600,2168a42ef0dc11551c88648657bf55c712972c20,TX,48377,2,2022-11-09T01:00:00.000Z,FIPSCode,48377,0,2022-11-10T03:57:16.202Z,8,98.98,8,100,62962,1025,61.97,62492,550,33.25,63492,79,4.78,1671,99,1654,4047,8,8
1668053878,2022-11-09 22:17:58 -0600,7a2c779f339e7e941194217fd78b65ded1fa5bac,TX,48377,2,2022-11-09T01:00:00.000Z,FIPSCode,48377,0,2022-11-10T03:57:16.202Z,8,98.98,8,100,62962,1025,61.97,62492,550,33.25,63492,79,4.78,1671,99,1654,4047,8,8
1668053918,2022-11-09 22:18:38 -0600,a159db74cb47c34dfffcd555760e8b4e59addb7a,TX,48377,2,2022-11-09T01:00:00.000Z,FIPSCode,48377,0,2022-11-10T03:57:16.202Z,8,98.98,8,100,62962,1025,61.97,62492,550,33.25,63492,79,4.78,1671,99,1654,4047,8,8
1668053962,2022-11-09 22:19:22 -0600,491de5a62212c08e09994f47260d9979605eb531,TX,48377,2,2022-11-09T01:00:00.000Z,FIPSCode,48377,0,2022-11-10T03:57:16.202Z,8,98.98,8,100,62962,1025,61.97,62492,550,33.25,63492,79,4.78,1671,99,1654,4047,8,8
1668054004,2022-11-09 22:20:04 -0600,4888c5ca9aea8a293b5e4b0d80495b33baa5e2e7,TX,48377,2,2022-11-09T01:00:00.000Z,FIPSCode,48377,0,2022-11-10T03:57:16.202Z,8,98.98,8,100,62962,1025,61.97,62492,550,33.25,63492,79,4.78,1671,99,1654,4047,8,8
1668054046,2022-11-09 22:20:46 -0600,561a71af259aaea8dc0eb7eefacf94cc75205e3a,TX,48377,2,2022-11-09T01:00:00.000Z,FIPSCode,48377,0,2022-11-10T03:57:16.202Z,8,98.98,8,100,62962,1025,61.97,62492,550,33.25,63492,79,4.78,1671,99,1654,4047,8,8
1668054086,2022-11-09 22:21:26 -0600,55cff5ba2004c5b38447107057aa95f943a54ee6,TX,48377,2,2022-11-09T01:00:00.000Z,FIPSCode,48377,0,2022-11-10T03:57:16.202Z,8,98.98,8,100,62962,1025,61.97,62492,550,33.25,63492,79,4.78,1671,99,1654,4047,8,8
1668054128,2022-11-09 22:22:08 -0600,2423f3578805b61ec345c6506e6275f42be188be,TX,48377,2,2022-11-09T01:00:00.000Z,FIPSCode,48377,0,2022-11-10T03:57:16.202Z,8,98.98,8,100,62962,1025,61.97,62492,550,33.25,63492,79,4.78,1671,99,1654,4047,8,8
1668054169,2022-11-09 22:22:49 -0600,41deba7e0b1c4fa6b49893db04c0f209d490e4e0,TX,48377,2,2022-11-09T01:00:00.000Z,FIPSCode,48377,0,2022-11-10T03:57:16.202Z,8,98.98,8,100,62962,1025,61.97,62492,550,33.25,63492,79,4.78,1671,99,1654,4047,8,8
1668054212,2022-11-09 22:23:32 -0600,06da54c21603df0b0c698c3de147d14ae31f60b7,TX,48377,2,2022-11-09T01:00:00.000Z,FIPSCode,48377,0,2022-11-10T03:57:16.202Z,8,98.98,8,100,62962,1025,61.97,62492,550,33.25,63492,79,4.78,1671,99,1654,4047,8,8
1668054253,2022-11-09 22:24:13 -0600,71ba736c7fcd6e0f1ac19af3cff2cf64b1a9d276,TX,48377,2,2022-11-09T01:00:00.000Z,FIPSCode,48377,0,2022-11-10T03:57:16.202Z,8,98.98,8,100,62962,1025,61.97,62492,550,33.25,63492,79,4.78,1671,99,1654,4047,8,8
1668054294,2022-11-09 22:24:54 -0600,736bd7c898940ece6164300ee78df45979cdc76a,TX,48377,2,2022-11-09T01:00:00.000Z,FIPSCode,48377,0,2022-11-10T03:57:16.202Z,8,98.98,8,100,62962,1025,61.97,62492,550,33.25,63492,79,4.78,1671,99,1654,4047,8,8
1668054335,2022-11-09 22:25:35 -0600,9bf583af3892a1a32b451e8de6640583dc3cf2a8,TX,48377,2,2022-11-09T01:00:00.000Z,FIPSCode,48377,0,2022-11-10T03:57:16.202Z,8,98.98,8,100,62962,1025,61.97,62492,550,33.25,63492,79,4.78,1671,99,1654,4047,8,8
1668054376,2022-11-09 22:26:16 -0600,049a9c132bb576f08720a0a32a63465f2342073f,TX,48377,2,2022-11-09T01:00:00.000Z,FIPSCode,48377,0,2022-11-10T03:57:16.202Z,8,98.98,8,100,62962,1025,61.97,62492,550,33.25,63492,79,4.78,1671,99,1654,4047,8,8
1668054417,2022-11-09 22:26:57 -0600,2a3780280d8164da5463bb6483536c527ae70069,TX,48377,2,2022-11-09T01:00:00.000Z,FIPSCode,48377,0,2022-11-10T03:57:16.202Z,8,98.98,8,100,62962,1025,61.97,62492,550,33.25,63492,79,4.78,1671,99,1654,4047,8,8
1668054458,2022-11-09 22:27:38 -0600,76a3530d747cbdef37b578ab8742b35981387269,TX,48377,2,2022-11-09T01:00:00.000Z,FIPSCode,48377,0,2022-11-10T03:57:16.202Z,8,98.98,8,100,62962,1025,61.97,62492,550,33.25,63492,79,4.78,1671,99,1654,4047,8,8
1668054500,2022-11-09 22:28:20 -0600,f2843ca79d3f2377f8f8ebb902d7a87856a965ff,TX,48377,2,2022-11-09T01:00:00.000Z,FIPSCode,48377,0,2022-11-10T03:57:16.202Z,8,98.98,8,100,62962,1025,61.97,62492,550,33.25,63492,79,4.78,1671,99,1654,4047,8,8
1668054542,2022-11-09 22:29:02 -0600,0dd7768d2af1d742dabc646b7167934a3c710647,TX,48377,2,2022-11-09T01:00:00.000Z,FIPSCode,48377,0,2022-11-10T03:57:16.202Z,8,98.98,8,100,62962,1025,61.97,62492,550,33.25,63492,79,4.78,1671,99,1654,4047,8,8
1668054583,2022-11-09 22:29:43 -0600,bf19567a87e2f395e70a86ceb498e2f18f516fba,TX,48377,2,2022-11-09T01:00:00.000Z,FIPSCode,48377,0,2022-11-10T03:57:16.202Z,8,98.98,8,100,62962,1025,61.97,62492,550,33.25,63492,79,4.78,1671,99,1654,4047,8,8
1668054624,2022-11-09 22:30:24 -0600,1ba87c69c69606276c422f4507723c0e4bb05bd3,TX,48377,2,2022-11-09T01:00:00.000Z,FIPSCode,48377,0,2022-11-10T03:57:16.202Z,8,98.98,8,100,62962,1025,61.97,62492,550,33.25,63492,79,4.78,1671,99,1654,4047,8,8
1668054664,2022-11-09 22:31:04 -0600,3b60cd9884d1854ce197f9419692070b643d17cb,TX,48377,2,2022-11-09T01:00:00.000Z,FIPSCode,48377,0,2022-11-10T03:57:16.202Z,8,98.98,8,100,62962,1025,61.97,62492,550,33.25,63492,79,4.78,1671,99,1654,4047,8,8
1668054705,2022-11-09 22:31:45 -0600,d21559a02dc7b4fc4b7e24e80da5876d9066c49f,TX,48377,2,2022-11-09T01:00:00.000Z,FIPSCode,48377,0,2022-11-10T03:57:16.202Z,8,98.98,8,100,62962,1025,61.97,62492,550,33.25,63492,79,4.78,1671,99,1654,4047,8,8
1668054746,2022-11-09 22:32:26 -0600,b32d652493b67cb1a323e060b010314970fc1d59,TX,48377,2,2022-11-09T01:00:00.000Z,FIPSCode,48377,0,2022-11-10T03:57:16.202Z,8,98.98,8,100,62962,1025,61.97,62492,550,33.25,63492,79,4.78,1671,99,1654,4047,8,8
1668054786,2022-11-09 22:33:06 -0600,514ab3dfd6aae47bebca43f9c6b5a05ad80b5db0,TX,48377,2,2022-11-09T01:00:00.000Z,FIPSCode,48377,0,2022-11-10T03:57:16.202Z,8,98.98,8,100,62962,1025,61.97,62492,550,33.25,63492,79,4.78,1671,99,1654,4047,8,8
1668054827,2022-11-09 22:33:47 -0600,a89a36beab8a10b1d154f43d28d482d9e4f7b560,TX,48377,2,2022-11-09T01:00:00.000Z,FIPSCode,48377,0,2022-11-10T03:57:16.202Z,8,98.98,8,100,62962,1025,61.97,62492,550,33.25,63492,79,4.78,1671,99,1654,4047,8,8
1668054869,2022-11-09 22:34:29 -0600,15c2722767ab7103cbfa3cf1767be2b191f5d2d2,TX,48377,2,2022-11-09T01:00:00.000Z,FIPSCode,48377,0,2022-11-10T03:57:16.202Z,8,98.98,8,100,62962,1025,61.97,62492,550,33.25,63492,79,4.78,1671,99,1654,4047,8,8
1668054909,2022-11-09 22:35:09 -0600,dc029cb5378497cc146974b79d33886595b53143,TX,48377,2,2022-11-09T01:00:00.000Z,FIPSCode,48377,0,2022-11-10T03:57:16.202Z,8,98.98,8,100,62962,1025,61.97,62492,550,33.25,63492,79,4.78,1671,99,1654,4047,8,8
1668054955,2022-11-09 22:35:55 -0600,64f74135cf160eea79395c8fe8da2f5dd6fffebc,TX,48377,2,2022-11-09T01:00:00.000Z,FIPSCode,48377,0,2022-11-10T03:57:16.202Z,8,98.98,8,100,62962,1025,61.97,62492,550,33.25,63492,79,4.78,1671,99,1654,4047,8,8
1668054999,2022-11-09 22:36:39 -0600,30b12cfe467e4222860b1abe0a502ffb37101a82,TX,48377,2,2022-11-09T01:00:00.000Z,FIPSCode,48377,0,2022-11-10T03:57:16.202Z,8,98.98,8,100,62962,1025,61.97,62492,550,33.25,63492,79,4.78,1671,99,1654,4047,8,8
1668055042,2022-11-09 22:37:22 -0600,819bc783d8215d25588332ff2127ccb5ac1a5640,TX,48377,2,2022-11-09T01:00:00.000Z,FIPSCode,48377,0,2022-11-10T03:57:16.202Z,8,98.98,8,100,62962,1025,61.97,62492,550,33.25,63492,79,4.78,1671,99,1654,4047,8,8
1668055090,2022-11-09 22:38:10 -0600,45d15552a51898bf0fe4ca12602122d318049108,TX,48377,2,2022-11-09T01:00:00.000Z,FIPSCode,48377,0,2022-11-10T04:37:23.692Z,8,98.98,8,100,62962,1025,61.97,62492,550,33.25,63492,79,4.78,1671,99,1654,4047,8,8
1668055129,2022-11-09 22:38:49 -0600,c6bf2af94b1e1e38f247b8b1d62bd6494ed87b76,TX,48377,2,2022-11-09T01:00:00.000Z,FIPSCode,48377,0,2022-11-10T04:38:16.480Z,8,98.98,8,100,62962,1025,61.97,62492,550,33.25,63492,79,4.78,1671,99,1654,4047,8,8
1668055172,2022-11-09 22:39:32 -0600,0df86638de9f78e2682773a15f295d2d959f0fee,TX,48377,2,2022-11-09T01:00:00.000Z,FIPSCode,48377,0,2022-11-10T04:38:16.480Z,8,98.98,8,100,62962,1025,61.97,62492,550,33.25,63492,79,4.78,1671,99,1654,4047,8,8
1668055215,2022-11-09 22:40:15 -0600,8c475d37bccd8a7855cf2c4f84ac208c8d7c04a4,TX,48377,2,2022-11-09T01:00:00.000Z,FIPSCode,48377,0,2022-11-10T04:39:37.798Z,8,98.98,8,100,62962,1025,61.97,62492,550,33.25,63492,79,4.78,1671,99,1654,4047,8,8
1668055299,2022-11-09 22:41:39 -0600,3e13cfce4e949fe91b7b41e8d273181cd4137d5d,TX,48377,2,2022-11-09T01:00:00.000Z,FIPSCode,48377,0,2022-11-10T04:39:37.798Z,8,98.98,8,100,62962,1025,61.97,62492,550,33.25,63492,79,4.78,1671,99,1654,4047,8,8
1668055341,2022-11-09 22:42:21 -0600,b896158173dc231ea63a1a34144aca3d92b02c75,TX,48377,2,2022-11-09T01:00:00.000Z,FIPSCode,48377,0,2022-11-10T04:39:37.798Z,8,98.98,8,100,62962,1025,61.97,62492,550,33.25,63492,79,4.78,1671,99,1654,4047,8,8
1668055382,2022-11-09 22:43:02 -0600,5617db5343916197e54f6edaa7ba8bd666d82035,TX,48377,2,2022-11-09T01:00:00.000Z,FIPSCode,48377,0,2022-11-10T04:39:37.798Z,8,98.98,8,100,62962,1025,61.97,62492,550,33.25,63492,79,4.78,1671,99,1654,4047,8,8
1668055424,2022-11-09 22:43:44 -0600,ed774a5283eeb141d20d0ed1641b1ed6161ca0d9,TX,48377,2,2022-11-09T01:00:00.000Z,FIPSCode,48377,0,2022-11-10T04:39:37.798Z,8,98.98,8,100,62962,1025,61.97,62492,550,33.25,63492,79,4.78,1671,99,1654,4047,8,8
1668055465,2022-11-09 22:44:25 -0600,c311dc3ed1354217474d660dce768c4ddf388e8d,TX,48377,2,2022-11-09T01:00:00.000Z,FIPSCode,48377,0,2022-11-10T04:39:37.798Z,8,98.98,8,100,62962,1025,61.97,62492,550,33.25,63492,79,4.78,1671,99,1654,4047,8,8
1668055508,2022-11-09 22:45:08 -0600,af6e3db67df1895812c9c9865d657307707e5cc7,TX,48377,2,2022-11-09T01:00:00.000Z,FIPSCode,48377,0,2022-11-10T04:39:37.798Z,8,98.98,8,100,62962,1025,61.97,62492,550,33.25,63492,79,4.78,1671,99,1654,4047,8,8
1668055550,2022-11-09 22:45:50 -0600,63747b0147649bb0b7cdf12e06853d631bad5795,TX,48377,2,2022-11-09T01:00:00.000Z,FIPSCode,48377,0,2022-11-10T04:39:37.798Z,8,98.98,8,100,62962,1025,61.97,62492,550,33.25,63492,79,4.78,1671,99,1654,4047,8,8
1668055675,2022-11-09 22:47:55 -0600,86c916aae14dcc471284e4698988b0be8371a9f3,TX,48377,2,2022-11-09T01:00:00.000Z,FIPSCode,48377,0,2022-11-10T04:39:37.798Z,8,98.98,8,100,62962,1025,61.97,62492,550,33.25,63492,79,4.78,1671,99,1654,4047,8,8
1668055715,2022-11-09 22:48:35 -0600,4d34820ac54784cebc98bb9319986b6bf35a1e0c,TX,48377,2,2022-11-09T01:00:00.000Z,FIPSCode,48377,0,2022-11-10T04:39:37.798Z,8,98.98,8,100,62962,1025,61.97,62492,550,33.25,63492,79,4.78,1671,99,1654,4047,8,8
1668055756,2022-11-09 22:49:16 -0600,8fb429c7471717d873660ec7bd92561ec8e2f9a3,TX,48377,2,2022-11-09T01:00:00.000Z,FIPSCode,48377,0,2022-11-10T04:39:37.798Z,8,98.98,8,100,62962,1025,61.97,62492,550,33.25,63492,79,4.78,1671,99,1654,4047,8,8
1668055799,2022-11-09 22:49:59 -0600,69aec7bc14cf4e8c9a84dbd396c415960dd40b24,TX,48377,2,2022-11-09T01:00:00.000Z,FIPSCode,48377,0,2022-11-10T04:39:37.798Z,8,98.98,8,100,62962,1025,61.97,62492,550,33.25,63492,79,4.78,1671,99,1654,4047,8,8
1668055840,2022-11-09 22:50:40 -0600,13c7deab759bc159a8ae840a9540c0f2ba2b742e,TX,48377,2,2022-11-09T01:00:00.000Z,FIPSCode,48377,0,2022-11-10T04:39:37.798Z,8,98.98,8,100,62962,1025,61.97,62492,550,33.25,63492,79,4.78,1671,99,1654,4047,8,8
1668055882,2022-11-09 22:51:22 -0600,bfce4f8b08c032dad1aad20aef7577562a6974f8,TX,48377,2,2022-11-09T01:00:00.000Z,FIPSCode,48377,0,2022-11-10T04:39:37.798Z,8,98.98,8,100,62962,1025,61.97,62492,550,33.25,63492,79,4.78,1671,99,1654,4047,8,8
1668055923,2022-11-09 22:52:03 -0600,208899286e4cfd7ad7c13fd083435f2565ffb4b8,TX,48377,2,2022-11-09T01:00:00.000Z,FIPSCode,48377,0,2022-11-10T04:39:37.798Z,8,98.98,8,100,62962,1025,61.97,62492,550,33.25,63492,79,4.78,1671,99,1654,4047,8,8
1668055965,2022-11-09 22:52:45 -0600,48f0a924a665dc3fb9885d76e1f95bdf7a0c87ac,TX,48377,2,2022-11-09T01:00:00.000Z,FIPSCode,48377,0,2022-11-10T04:39:37.798Z,8,98.98,8,100,62962,1025,61.97,62492,550,33.25,63492,79,4.78,1671,99,1654,4047,8,8
1668056008,2022-11-09 22:53:28 -0600,223bdd8438e9743edcc7ab96919ffdd8f448320e,TX,48377,2,2022-11-09T01:00:00.000Z,FIPSCode,48377,0,2022-11-10T04:39:37.798Z,8,98.98,8,100,62962,1025,61.97,62492,550,33.25,63492,79,4.78,1671,99,1654,4047,8,8
1668056049,2022-11-09 22:54:09 -0600,5f5c595301c5548d826a47a0e016dbc633212ffc,TX,48377,2,2022-11-09T01:00:00.000Z,FIPSCode,48377,0,2022-11-10T04:39:37.798Z,8,98.98,8,100,62962,1025,61.97,62492,550,33.25,63492,79,4.78,1671,99,1654,4047,8,8
1668056092,2022-11-09 22:54:52 -0600,d43bd544e87c67ccaf1702dc15da4fafe7b5d0db,TX,48377,2,2022-11-09T01:00:00.000Z,FIPSCode,48377,0,2022-11-10T04:39:37.798Z,8,98.98,8,100,62962,1025,61.97,62492,550,33.25,63492,79,4.78,1671,99,1654,4047,8,8
1668056198,2022-11-09 22:56:38 -0600,0795f8cf14b699d426730de8963a8156d80c4077,TX,48377,2,2022-11-09T01:00:00.000Z,FIPSCode,48377,0,2022-11-10T04:39:37.798Z,8,98.98,8,100,62962,1025,61.97,62492,550,33.25,63492,79,4.78,1671,99,1654,4047,8,8
1668056278,2022-11-09 22:57:58 -0600,e96523339d19fdceeadafea1a4d8aa71f1b9fc73,TX,48377,2,2022-11-09T01:00:00.000Z,FIPSCode,48377,0,2022-11-10T04:39:37.798Z,8,98.98,8,100,62962,1025,61.97,62492,550,33.25,63492,79,4.78,1671,99,1654,4047,8,8
1668056320,2022-11-09 22:58:40 -0600,ef0a39f55d593170544db085135b214d9597682e,TX,48377,2,2022-11-09T01:00:00.000Z,FIPSCode,48377,0,2022-11-10T04:39:37.798Z,8,98.98,8,100,62962,1025,61.97,62492,550,33.25,63492,79,4.78,1671,99,1654,4047,8,8
1668056362,2022-11-09 22:59:22 -0600,4cbc4f1bf93c39cec766a619eecc74c474fa372c,TX,48377,2,2022-11-09T01:00:00.000Z,FIPSCode,48377,0,2022-11-10T04:39:37.798Z,8,98.98,8,100,62962,1025,61.97,62492,550,33.25,63492,79,4.78,1671,99,1654,4047,8,8
1668056448,2022-11-09 23:00:48 -0600,04a2b56dc7066e142fa769df3acc655169a1ca50,TX,48377,2,2022-11-09T01:00:00.000Z,FIPSCode,48377,0,2022-11-10T04:39:37.798Z,8,98.98,8,100,62962,1025,61.97,62492,550,33.25,63492,79,4.78,1671,99,1654,4047,8,8
1668056491,2022-11-09 23:01:31 -0600,8e06231468ee131d265d218385c534e2c9e15498,TX,48377,2,2022-11-09T01:00:00.000Z,FIPSCode,48377,0,2022-11-10T05:00:37.252Z,8,98.98,8,100,62962,1025,61.97,62492,550,33.25,63492,79,4.78,1671,99,1654,4047,8,8
1668056536,2022-11-09 23:02:16 -0600,5a225a01eccef8d37ff045642c0a6277ea5c1cd6,TX,48377,2,2022-11-09T01:00:00.000Z,FIPSCode,48377,0,2022-11-10T05:01:37.237Z,8,98.98,8,100,62962,1025,61.97,62492,550,33.25,63492,79,4.78,1671,99,1654,4047,8,8
1668056619,2022-11-09 23:03:39 -0600,49c2a5f4bd4c736f2636f4b866561f787894b03e,TX,48377,2,2022-11-09T01:00:00.000Z,FIPSCode,48377,0,2022-11-10T05:01:37.237Z,8,98.98,8,100,62962,1025,61.97,62492,550,33.25,63492,79,4.78,1671,99,1654,4047,8,8
1668056702,2022-11-09 23:05:02 -0600,919f3fa69f73e524dfc912c8acc492a9a0ca9534,TX,48377,2,2022-11-09T01:00:00.000Z,FIPSCode,48377,0,2022-11-10T05:01:37.237Z,8,98.98,8,100,62962,1025,61.97,62492,550,33.25,63492,79,4.78,1671,99,1654,4047,8,8
1668056744,2022-11-09 23:05:44 -0600,569e217349fd616f0f5b6e29288c1aae8f5ee2f0,TX,48377,2,2022-11-09T01:00:00.000Z,FIPSCode,48377,0,2022-11-10T05:04:55.133Z,8,98.98,8,100,62962,1025,61.97,62492,550,33.25,63492,79,4.78,1671,99,1654,4047,8,8
1668056785,2022-11-09 23:06:25 -0600,6950a7e69d61313406507f24ad6f0968477add95,TX,48377,2,2022-11-09T01:00:00.000Z,FIPSCode,48377,0,2022-11-10T05:05:38.068Z,8,98.98,8,100,62962,1025,61.97,62492,550,33.25,63492,79,4.78,1671,99,1654,4047,8,8
1668056827,2022-11-09 23:07:07 -0600,88dc5aa8a3680307f24dab6dbe67bab26f1d8f4b,TX,48377,2,2022-11-09T01:00:00.000Z,FIPSCode,48377,0,2022-11-10T05:06:18.283Z,8,98.98,8,100,62962,1025,61.97,62492,550,33.25,63492,79,4.78,1671,99,1654,4047,8,8
1668056869,2022-11-09 23:07:49 -0600,828ba8a082f74c353b227f082beaa2a39b64bc7f,TX,48377,2,2022-11-09T01:00:00.000Z,FIPSCode,48377,0,2022-11-10T05:06:18.283Z,8,98.98,8,100,62962,1025,61.97,62492,550,33.25,63492,79,4.78,1671,99,1654,4047,8,8
1668056910,2022-11-09 23:08:30 -0600,2f29bd10655bab3d4598c3367bd2e0137e225323,TX,48377,2,2022-11-09T01:00:00.000Z,FIPSCode,48377,0,2022-11-10T05:06:18.283Z,8,98.98,8,100,62962,1025,61.97,62492,550,33.25,63492,79,4.78,1671,99,1654,4047,8,8
1668056953,2022-11-09 23:09:13 -0600,7874cf85ee0b101e92b4776baa1b195a4e7d4d35,TX,48377,2,2022-11-09T01:00:00.000Z,FIPSCode,48377,0,2022-11-10T05:06:18.283Z,8,98.98,8,100,62962,1025,61.97,62492,550,33.25,63492,79,4.78,1671,99,1654,4047,8,8
1668056995,2022-11-09 23:09:55 -0600,d0be78d1e6d6af2e45f46b64e50a14670ad44255,TX,48377,2,2022-11-09T01:00:00.000Z,FIPSCode,48377,0,2022-11-10T05:06:18.283Z,8,98.98,8,100,62962,1025,61.97,62492,550,33.25,63492,79,4.78,1671,99,1654,4047,8,8
1668057037,2022-11-09 23:10:37 -0600,7ccfc63b964ceafe63eefaec0a1a59858f8b6fd4,TX,48377,2,2022-11-09T01:00:00.000Z,FIPSCode,48377,0,2022-11-10T05:06:18.283Z,8,98.98,8,100,62962,1025,61.97,62492,550,33.25,63492,79,4.78,1671,99,1654,4047,8,8
1668057092,2022-11-09 23:11:32 -0600,9bcd51441ec748bc0d56863c48db6e8effe5d42b,TX,48377,2,2022-11-09T01:00:00.000Z,FIPSCode,48377,0,2022-11-10T05:06:18.283Z,8,98.98,8,100,62962,1025,61.97,62492,550,33.25,63492,79,4.78,1671,99,1654,4047,8,8
1668057132,2022-11-09 23:12:12 -0600,bc8dceb6a6e3a8b9fba495659c6ade001eab7242,TX,48377,2,2022-11-09T01:00:00.000Z,FIPSCode,48377,0,2022-11-10T05:06:18.283Z,8,98.98,8,100,62962,1025,61.97,62492,550,33.25,63492,79,4.78,1671,99,1654,4047,8,8
1668057176,2022-11-09 23:12:56 -0600,04f385b3868d146e8f3ce33c3b2832e320ed76d1,TX,48377,2,2022-11-09T01:00:00.000Z,FIPSCode,48377,0,2022-11-10T05:06:18.283Z,8,98.98,8,100,62962,1025,61.97,62492,550,33.25,63492,79,4.78,1671,99,1654,4047,8,8
1668057221,2022-11-09 23:13:41 -0600,5c31fde562768a7b3e62c3212ee91a3f0b3a918a,TX,48377,2,2022-11-09T01:00:00.000Z,FIPSCode,48377,0,2022-11-10T05:06:18.283Z,8,98.98,8,100,62962,1025,61.97,62492,550,33.25,63492,79,4.78,1671,99,1654,4047,8,8
1668057305,2022-11-09 23:15:05 -0600,bdbe4145715f53f8f05292dfd20bc84ac9a87dd7,TX,48377,2,2022-11-09T01:00:00.000Z,FIPSCode,48377,0,2022-11-10T05:06:18.283Z,8,98.98,8,100,62962,1025,61.97,62492,550,33.25,63492,79,4.78,1671,99,1654,4047,8,8
1668057346,2022-11-09 23:15:46 -0600,66e04ae03f13e401a3c86416e759e2525a42bf78,TX,48377,2,2022-11-09T01:00:00.000Z,FIPSCode,48377,0,2022-11-10T05:06:18.283Z,8,98.98,8,100,62962,1025,61.97,62492,550,33.25,63492,79,4.78,1671,99,1654,4047,8,8
1668057389,2022-11-09 23:16:29 -0600,997374ad17e8a92fba1a636a639abaebbaca4222,TX,48377,2,2022-11-09T01:00:00.000Z,FIPSCode,48377,0,2022-11-10T05:06:18.283Z,8,98.98,8,100,62962,1025,61.97,62492,550,33.25,63492,79,4.78,1671,99,1654,4047,8,8
1668057431,2022-11-09 23:17:11 -0600,e213429159b484bbd73702d49ea41dcf1b13f582,TX,48377,2,2022-11-09T01:00:00.000Z,FIPSCode,48377,0,2022-11-10T05:06:18.283Z,8,98.98,8,100,62962,1025,61.97,62492,550,33.25,63492,79,4.78,1671,99,1654,4047,8,8
1668057472,2022-11-09 23:17:52 -0600,e05fc2c511c7671506635ae528b0c05c49a9e0d9,TX,48377,2,2022-11-09T01:00:00.000Z,FIPSCode,48377,0,2022-11-10T05:06:18.283Z,8,98.98,8,100,62962,1025,61.97,62492,550,33.25,63492,79,4.78,1671,99,1654,4047,8,8
1668057515,2022-11-09 23:18:35 -0600,c3242c99536f12b147b0b60110070f4a5224ae8a,TX,48377,2,2022-11-09T01:00:00.000Z,FIPSCode,48377,0,2022-11-10T05:06:18.283Z,8,98.98,8,100,62962,1025,61.97,62492,550,33.25,63492,79,4.78,1671,99,1654,4047,8,8
1668057600,2022-11-09 23:20:00 -0600,20b3ccbc0556c50fc6d6c4bfe11b55d2b409c14c,TX,48377,2,2022-11-09T01:00:00.000Z,FIPSCode,48377,0,2022-11-10T05:06:18.283Z,8,98.98,8,100,62962,1025,61.97,62492,550,33.25,63492,79,4.78,1671,99,1654,4047,8,8
1668057641,2022-11-09 23:20:41 -0600,62734ba5fad436521a4d2f0e1b4e75b7f75ec496,TX,48377,2,2022-11-09T01:00:00.000Z,FIPSCode,48377,0,2022-11-10T05:06:18.283Z,8,98.98,8,100,62962,1025,61.97,62492,550,33.25,63492,79,4.78,1671,99,1654,4047,8,8
1668057685,2022-11-09 23:21:25 -0600,d5efe4a094df4d43a2be5d04654b187f0a2d4142,TX,48377,2,2022-11-09T01:00:00.000Z,FIPSCode,48377,0,2022-11-10T05:06:18.283Z,8,98.98,8,100,62962,1025,61.97,62492,550,33.25,63492,79,4.78,1671,99,1654,4047,8,8
1668057725,2022-11-09 23:22:05 -0600,64ef53494b317ba9c8400bf7702165d925a9631f,TX,48377,2,2022-11-09T01:00:00.000Z,FIPSCode,48377,0,2022-11-10T05:06:18.283Z,8,98.98,8,100,62962,1025,61.97,62492,550,33.25,63492,79,4.78,1671,99,1654,4047,8,8
1668057767,2022-11-09 23:22:47 -0600,d8fa751dd1a670bd7c481a282b5d1fa8c87d7496,TX,48377,2,2022-11-09T01:00:00.000Z,FIPSCode,48377,0,2022-11-10T05:06:18.283Z,8,98.98,8,100,62962,1025,61.97,62492,550,33.25,63492,79,4.78,1671,99,1654,4047,8,8
1668057807,2022-11-09 23:23:27 -0600,068737d731270c80cf7b38c2401c6be0278ace13,TX,48377,2,2022-11-09T01:00:00.000Z,FIPSCode,48377,0,2022-11-10T05:06:18.283Z,8,98.98,8,100,62962,1025,61.97,62492,550,33.25,63492,79,4.78,1671,99,1654,4047,8,8
1668057849,2022-11-09 23:24:09 -0600,dd80b7be183c9e337d0f9892578b7718d3522a66,TX,48377,2,2022-11-09T01:00:00.000Z,FIPSCode,48377,0,2022-11-10T05:06:18.283Z,8,98.98,8,100,62962,1025,61.97,62492,550,33.25,63492,79,4.78,1671,99,1654,4047,8,8
1668057893,2022-11-09 23:24:53 -0600,f490a73cefe1dbe5bf278910f0363fe87001efed,TX,48377,2,2022-11-09T01:00:00.000Z,FIPSCode,48377,0,2022-11-10T05:06:18.283Z,8,98.98,8,100,62962,1025,61.97,62492,550,33.25,63492,79,4.78,1671,99,1654,4047,8,8
1668057934,2022-11-09 23:25:34 -0600,d7ced11af495052388bfebbf69074eac19755550,TX,48377,2,2022-11-09T01:00:00.000Z,FIPSCode,48377,0,2022-11-10T05:06:18.283Z,8,98.98,8,100,62962,1025,61.97,62492,550,33.25,63492,79,4.78,1671,99,1654,4047,8,8
1668057977,2022-11-09 23:26:17 -0600,6370e0ef9575ca6dd4c1f56f42507f2ac3615149,TX,48377,2,2022-11-09T01:00:00.000Z,FIPSCode,48377,0,2022-11-10T05:25:55.697Z,8,98.98,8,100,62962,1025,61.97,62492,550,33.25,63492,79,4.78,1671,99,1654,4047,8,8
1668058061,2022-11-09 23:27:41 -0600,ad5921ec6175380f7403b807eaf9a862119ec78c,TX,48377,2,2022-11-09T01:00:00.000Z,FIPSCode,48377,0,2022-11-10T05:27:16.735Z,8,98.98,8,100,62962,1025,61.97,62492,550,33.25,63492,79,4.78,1671,99,1654,4047,8,8
1668058145,2022-11-09 23:29:05 -0600,5112924ad2cf4f71482b125a5b9ae4a9bd25f58b,TX,48377,2,2022-11-09T01:00:00.000Z,FIPSCode,48377,0,2022-11-10T05:28:16.625Z,8,98.98,8,100,62962,1025,61.97,62492,550,33.25,63492,79,4.78,1671,99,1654,4047,8,8
1668058188,2022-11-09 23:29:48 -0600,d3351eb7d19a29869173e298311f6dfafc4b93a0,TX,48377,2,2022-11-09T01:00:00.000Z,FIPSCode,48377,0,2022-11-10T05:29:19.233Z,8,98.98,8,100,62962,1025,61.97,62492,550,33.25,63492,79,4.78,1671,99,1654,4047,8,8
1668058230,2022-11-09 23:30:30 -0600,81c782a6320f8b4d81d6f3a9cb98a673ae9cff3b,TX,48377,2,2022-11-09T01:00:00.000Z,FIPSCode,48377,0,2022-11-10T05:29:19.233Z,8,98.98,8,100,62962,1025,61.97,62492,550,33.25,63492,79,4.78,1671,99,1654,4047,8,8
1668058273,2022-11-09 23:31:13 -0600,245f275aca6e50619b455f8fec98c8561165bb21,TX,48377,2,2022-11-09T01:00:00.000Z,FIPSCode,48377,0,2022-11-10T05:29:19.233Z,8,98.98,8,100,62962,1025,61.97,62492,550,33.25,63492,79,4.78,1671,99,1654,4047,8,8
1668058315,2022-11-09 23:31:55 -0600,b31047080abd689a49b7ec3914f61c74a08a4aa6,TX,48377,2,2022-11-09T01:00:00.000Z,FIPSCode,48377,0,2022-11-10T05:31:01.912Z,8,98.98,8,100,62962,1025,61.97,62492,550,33.25,63492,79,4.78,1671,99,1654,4047,8,8
1668058356,2022-11-09 23:32:36 -0600,7e5628fa2e06590395864cafd780ccd5a027c63c,TX,48377,2,2022-11-09T01:00:00.000Z,FIPSCode,48377,0,2022-11-10T05:31:01.912Z,8,98.98,8,100,62962,1025,61.97,62492,550,33.25,63492,79,4.78,1671,99,1654,4047,8,8
1668058441,2022-11-09 23:34:01 -0600,62402159382e089801fa4a5b82efcb3f3b6c7faf,TX,48377,2,2022-11-09T01:00:00.000Z,FIPSCode,48377,0,2022-11-10T05:31:01.912Z,8,98.98,8,100,62962,1025,61.97,62492,550,33.25,63492,79,4.78,1671,99,1654,4047,8,8
1668058483,2022-11-09 23:34:43 -0600,3d39ceca61343344c31b664cb21801b8a4524c4b,TX,48377,2,2022-11-09T01:00:00.000Z,FIPSCode,48377,0,2022-11-10T05:31:01.912Z,8,98.98,8,100,62962,1025,61.97,62492,550,33.25,63492,79,4.78,1671,99,1654,4047,8,8
1668058526,2022-11-09 23:35:26 -0600,e7ba23baea1f7ecd94a661ed4b191f1486199e0e,TX,48377,2,2022-11-09T01:00:00.000Z,FIPSCode,48377,0,2022-11-10T05:31:01.912Z,8,98.98,8,100,62962,1025,61.97,62492,550,33.25,63492,79,4.78,1671,99,1654,4047,8,8
1668058568,2022-11-09 23:36:08 -0600,42a066a911ba5669a15572482c08277012bae022,TX,48377,2,2022-11-09T01:00:00.000Z,FIPSCode,48377,0,2022-11-10T05:31:01.912Z,8,98.98,8,100,62962,1025,61.97,62492,550,33.25,63492,79,4.78,1671,99,1654,4047,8,8
1668058610,2022-11-09 23:36:50 -0600,77af3ceafd79317061475732200df4d9edb9579e,TX,48377,2,2022-11-09T01:00:00.000Z,FIPSCode,48377,0,2022-11-10T05:31:01.912Z,8,98.98,8,100,62962,1025,61.97,62492,550,33.25,63492,79,4.78,1671,99,1654,4047,8,8
1668058866,2022-11-09 23:41:06 -0600,845cc5092ffbf38f5a4895f7ac48450b5691eba8,TX,48377,2,2022-11-09T01:00:00.000Z,FIPSCode,48377,0,2022-11-10T05:31:01.912Z,8,98.98,8,100,62962,1025,61.97,62492,550,33.25,63492,79,4.78,1671,99,1654,4047,8,8
1668058906,2022-11-09 23:41:46 -0600,c39f6590ba47c94479e516d7a81f25e2ce80f05a,TX,48377,2,2022-11-09T01:00:00.000Z,FIPSCode,48377,0,2022-11-10T05:31:01.912Z,8,98.98,8,100,62962,1025,61.97,62492,550,33.25,63492,79,4.78,1671,99,1654,4047,8,8
1668058948,2022-11-09 23:42:28 -0600,379dda36a61a6c3f8a152ac7332e74de58e531ce,TX,48377,2,2022-11-09T01:00:00.000Z,FIPSCode,48377,0,2022-11-10T05:31:01.912Z,8,98.98,8,100,62962,1025,61.97,62492,550,33.25,63492,79,4.78,1671,99,1654,4047,8,8
1668058991,2022-11-09 23:43:11 -0600,2751434d9ccc16ac7b5a3dcc1df80a49d7b315a0,TX,48377,2,2022-11-09T01:00:00.000Z,FIPSCode,48377,0,2022-11-10T05:31:01.912Z,8,98.98,8,100,62962,1025,61.97,62492,550,33.25,63492,79,4.78,1671,99,1654,4047,8,8
1668059034,2022-11-09 23:43:54 -0600,46f482a923a1229847aaa9c08a1ea29468d14215,TX,48377,2,2022-11-09T01:00:00.000Z,FIPSCode,48377,0,2022-11-10T05:31:01.912Z,8,98.98,8,100,62962,1025,61.97,62492,550,33.25,63492,79,4.78,1671,99,1654,4047,8,8
1668059076,2022-11-09 23:44:36 -0600,6d973be0696813934b778e455cfd6e9fcc399617,TX,48377,2,2022-11-09T01:00:00.000Z,FIPSCode,48377,0,2022-11-10T05:31:01.912Z,8,98.98,8,100,62962,1025,61.97,62492,550,33.25,63492,79,4.78,1671,99,1654,4047,8,8
1668059117,2022-11-09 23:45:17 -0600,57328595ab356c4174276956438e862999a0f5aa,TX,48377,2,2022-11-09T01:00:00.000Z,FIPSCode,48377,0,2022-11-10T05:31:01.912Z,8,98.98,8,100,62962,1025,61.97,62492,550,33.25,63492,79,4.78,1671,99,1654,4047,8,8
1668059161,2022-11-09 23:46:01 -0600,1f05a0c1aff593d8c8a2dbed9b9407eff19ad23f,TX,48377,2,2022-11-09T01:00:00.000Z,FIPSCode,48377,0,2022-11-10T05:31:01.912Z,8,98.98,8,100,62962,1025,61.97,62492,550,33.25,63492,79,4.78,1671,99,1654,4047,8,8
1668059203,2022-11-09 23:46:43 -0600,964d410b6e5b50996ddd567b8862f68d6dbf42e0,TX,48377,2,2022-11-09T01:00:00.000Z,FIPSCode,48377,0,2022-11-10T05:31:01.912Z,8,98.98,8,100,62962,1025,61.97,62492,550,33.25,63492,79,4.78,1671,99,1654,4047,8,8
1668059245,2022-11-09 23:47:25 -0600,c78b571bd9e191ce4c412e58c322a226ac28bef1,TX,48377,2,2022-11-09T01:00:00.000Z,FIPSCode,48377,0,2022-11-10T05:31:01.912Z,8,98.98,8,100,62962,1025,61.97,62492,550,33.25,63492,79,4.78,1671,99,1654,4047,8,8
1668059287,2022-11-09 23:48:07 -0600,996c185d05299698e58cf48a95b61d5e8ee529ff,TX,48377,2,2022-11-09T01:00:00.000Z,FIPSCode,48377,0,2022-11-10T05:31:01.912Z,8,98.98,8,100,62962,1025,61.97,62492,550,33.25,63492,79,4.78,1671,99,1654,4047,8,8
1668059329,2022-11-09 23:48:49 -0600,e4174716079915f82011982f1dd5b915dc0910bb,TX,48377,2,2022-11-09T01:00:00.000Z,FIPSCode,48377,0,2022-11-10T05:31:01.912Z,8,98.98,8,100,62962,1025,61.97,62492,550,33.25,63492,79,4.78,1671,99,1654,4047,8,8
1668059372,2022-11-09 23:49:32 -0600,17d304b56cd8afa0585745355049d62079bd8fa1,TX,48377,2,2022-11-09T01:00:00.000Z,FIPSCode,48377,0,2022-11-10T05:31:01.912Z,8,98.98,8,100,62962,1025,61.97,62492,550,33.25,63492,79,4.78,1671,99,1654,4047,8,8
1668059416,2022-11-09 23:50:16 -0600,73684e18a18c0687526fcde0885ba3f733ea3613,TX,48377,2,2022-11-09T01:00:00.000Z,FIPSCode,48377,0,2022-11-10T05:31:01.912Z,8,98.98,8,100,62962,1025,61.97,62492,550,33.25,63492,79,4.78,1671,99,1654,4047,8,8
1668059457,2022-11-09 23:50:57 -0600,7d8a8b28319dadf781482663ed847317364e5a05,TX,48377,2,2022-11-09T01:00:00.000Z,FIPSCode,48377,0,2022-11-10T05:31:01.912Z,8,98.98,8,100,62962,1025,61.97,62492,550,33.25,63492,79,4.78,1671,99,1654,4047,8,8
1668059499,2022-11-09 23:51:39 -0600,4d91388dd9b188e45c1807aaec6d7227d88fbc7d,TX,48377,2,2022-11-09T01:00:00.000Z,FIPSCode,48377,0,2022-11-10T05:31:01.912Z,8,98.98,8,100,62962,1025,61.97,62492,550,33.25,63492,79,4.78,1671,99,1654,4047,8,8
1668059542,2022-11-09 23:52:22 -0600,217dedceba5ba047d7e79923d286f291903de523,TX,48377,2,2022-11-09T01:00:00.000Z,FIPSCode,48377,0,2022-11-10T05:31:01.912Z,8,98.98,8,100,62962,1025,61.97,62492,550,33.25,63492,79,4.78,1671,99,1654,4047,8,8
1668059584,2022-11-09 23:53:04 -0600,d4c2a82fbb28d5d1a95f66fa7116efe2333771f0,TX,48377,2,2022-11-09T01:00:00.000Z,FIPSCode,48377,0,2022-11-10T05:52:39.636Z,8,98.98,8,100,62962,1025,61.97,62492,550,33.25,63492,79,4.78,1671,99,1654,4047,8,8
1668059626,2022-11-09 23:53:46 -0600,8a908edbf3b2e01900339427fb7c2b881a8a8a86,TX,48377,2,2022-11-09T01:00:00.000Z,FIPSCode,48377,0,2022-11-10T05:52:39.636Z,8,98.98,8,100,62962,1025,61.97,62492,550,33.25,63492,79,4.78,1671,99,1654,4047,8,8
1668059667,2022-11-09 23:54:27 -0600,8b50c6fe8819aec298f4da7ccd3b1eeac6b47070,TX,48377,2,2022-11-09T01:00:00.000Z,FIPSCode,48377,0,2022-11-10T05:53:36.544Z,8,98.98,8,100,62962,1025,61.97,62492,550,33.25,63492,79,4.78,1671,99,1654,4047,8,8
1668059710,2022-11-09 23:55:10 -0600,bd4599df876f84668d822269a092d1f30e2bd84b,TX,48377,2,2022-11-09T01:00:00.000Z,FIPSCode,48377,0,2022-11-10T05:53:36.544Z,8,98.98,8,100,62962,1025,61.97,62492,550,33.25,63492,79,4.78,1671,99,1654,4047,8,8
1668059752,2022-11-09 23:55:52 -0600,4bab08d9724541f8bb42b423f3e38ffe1dfa929e,TX,48377,2,2022-11-09T01:00:00.000Z,FIPSCode,48377,0,2022-11-10T05:53:36.544Z,8,98.98,8,100,62962,1025,61.97,62492,550,33.25,63492,79,4.78,1671,99,1654,4047,8,8
1668059794,2022-11-09 23:56:34 -0600,14d13f6ece37b9474aa41ff952cdc2f24c93f2fc,TX,48377,2,2022-11-09T01:00:00.000Z,FIPSCode,48377,0,2022-11-10T05:53:36.544Z,8,98.98,8,100,62962,1025,61.97,62492,550,33.25,63492,79,4.78,1671,99,1654,4047,8,8
1668059838,2022-11-09 23:57:18 -0600,2b762be7a4cce1dc4606605fef706aa94533bd1e,TX,48377,2,2022-11-09T01:00:00.000Z,FIPSCode,48377,0,2022-11-10T05:56:40.315Z,8,98.98,8,100,62962,1025,61.97,62492,550,33.25,63492,79,4.78,1671,99,1654,4047,8,8
1668059879,2022-11-09 23:57:59 -0600,070ae216b3d2261e744dcdc8d935c0bd9f7fab36,TX,48377,2,2022-11-09T01:00:00.000Z,FIPSCode,48377,0,2022-11-10T05:56:40.315Z,8,98.98,8,100,62962,1025,61.97,62492,550,33.25,63492,79,4.78,1671,99,1654,4047,8,8
1668059922,2022-11-09 23:58:42 -0600,e28d1d493e0d9b9cf179029c465978931c572385,TX,48377,2,2022-11-09T01:00:00.000Z,FIPSCode,48377,0,2022-11-10T05:58:00.030Z,8,98.98,8,100,62962,1025,61.97,62492,550,33.25,63492,79,4.78,1671,99,1654,4047,8,8
1668059965,2022-11-09 23:59:25 -0600,79fab5b38e8597b64e41da0b20d31d24ee5a51be,TX,48377,2,2022-11-09T01:00:00.000Z,FIPSCode,48377,0,2022-11-10T05:58:58.237Z,8,98.98,8,100,62962,1025,61.97,62492,550,33.25,63492,79,4.78,1671,99,1654,4047,8,8
1668060008,2022-11-10 00:00:08 -0600,219e301cca3c868e092effd19a6156fae5b1d0b4,TX,48377,2,2022-11-09T01:00:00.000Z,FIPSCode,48377,0,2022-11-10T05:59:35.440Z,8,98.98,8,100,62962,1025,61.97,62492,550,33.25,63492,79,4.78,1671,99,1654,4047,8,8
1668060050,2022-11-10 00:00:50 -0600,c67f7599f08a0ff70937569f3aca69194ee3798a,TX,48377,2,2022-11-09T01:00:00.000Z,FIPSCode,48377,0,2022-11-10T05:59:35.440Z,8,98.98,8,100,62962,1025,61.97,62492,550,33.25,63492,79,4.78,1671,99,1654,4047,8,8
1668060092,2022-11-10 00:01:32 -0600,60462b1b4ed082e8826bd2008d584b7f8bdfdf74,TX,48377,2,2022-11-09T01:00:00.000Z,FIPSCode,48377,0,2022-11-10T05:59:35.440Z,8,98.98,8,100,62962,1025,61.97,62492,550,33.25,63492,79,4.78,1671,99,1654,4047,8,8
1668060134,2022-11-10 00:02:14 -0600,1e3ef41f516e5a513b039e368e1241597eef8189,TX,48377,2,2022-11-09T01:00:00.000Z,FIPSCode,48377,0,2022-11-10T05:59:35.440Z,8,98.98,8,100,62962,1025,61.97,62492,550,33.25,63492,79,4.78,1671,99,1654,4047,8,8
1668060176,2022-11-10 00:02:56 -0600,62e1dafb57237d2224cbaf53eea6a203fcbf7169,TX,48377,2,2022-11-09T01:00:00.000Z,FIPSCode,48377,0,2022-11-10T05:59:35.440Z,8,98.98,8,100,62962,1025,61.97,62492,550,33.25,63492,79,4.78,1671,99,1654,4047,8,8
1668060218,2022-11-10 00:03:38 -0600,9f8c0a13e13c793dded44793c3d4923ed5e59c97,TX,48377,2,2022-11-09T01:00:00.000Z,FIPSCode,48377,0,2022-11-10T05:59:35.440Z,8,98.98,8,100,62962,1025,61.97,62492,550,33.25,63492,79,4.78,1671,99,1654,4047,8,8
1668060260,2022-11-10 00:04:20 -0600,66a67926790295bd9be599b468287b90d8e91979,TX,48377,2,2022-11-09T01:00:00.000Z,FIPSCode,48377,0,2022-11-10T05:59:35.440Z,8,98.98,8,100,62962,1025,61.97,62492,550,33.25,63492,79,4.78,1671,99,1654,4047,8,8
1668060302,2022-11-10 00:05:02 -0600,adda7c9975024825f6cd78026046dd30c84904e1,TX,48377,2,2022-11-09T01:00:00.000Z,FIPSCode,48377,0,2022-11-10T05:59:35.440Z,8,98.98,8,100,62962,1025,61.97,62492,550,33.25,63492,79,4.78,1671,99,1654,4047,8,8
1668060387,2022-11-10 00:06:27 -0600,9e48849a9a4fb736987754fe6de8c7c82fbea306,TX,48377,2,2022-11-09T01:00:00.000Z,FIPSCode,48377,0,2022-11-10T05:59:35.440Z,8,98.98,8,100,62962,1025,61.97,62492,550,33.25,63492,79,4.78,1671,99,1654,4047,8,8
1668060430,2022-11-10 00:07:10 -0600,c4a664a77933b7ff89eb7f150bf98386d0f5bfc8,TX,48377,2,2022-11-09T01:00:00.000Z,FIPSCode,48377,0,2022-11-10T05:59:35.440Z,8,98.98,8,100,62962,1025,61.97,62492,550,33.25,63492,79,4.78,1671,99,1654,4047,8,8
1668060473,2022-11-10 00:07:53 -0600,9740c7e4a495c620a98728205d4427c624736a26,TX,48377,2,2022-11-09T01:00:00.000Z,FIPSCode,48377,0,2022-11-10T05:59:35.440Z,8,98.98,8,100,62962,1025,61.97,62492,550,33.25,63492,79,4.78,1671,99,1654,4047,8,8
1668060518,2022-11-10 00:08:38 -0600,3d3e403c4b13de8d1b0f6cb4aa1b55052d5848de,TX,48377,2,2022-11-09T01:00:00.000Z,FIPSCode,48377,0,2022-11-10T05:59:35.440Z,8,98.98,8,100,62962,1025,61.97,62492,550,33.25,63492,79,4.78,1671,99,1654,4047,8,8
1668060559,2022-11-10 00:09:19 -0600,ab40b804734533fd51d6d3a27ae6cbf6caa7d2e9,TX,48377,2,2022-11-09T01:00:00.000Z,FIPSCode,48377,0,2022-11-10T05:59:35.440Z,8,98.98,8,100,62962,1025,61.97,62492,550,33.25,63492,79,4.78,1671,99,1654,4047,8,8
1668060603,2022-11-10 00:10:03 -0600,8b6c4833c5306552370a436e8b58761c50fccd12,TX,48377,2,2022-11-09T01:00:00.000Z,FIPSCode,48377,0,2022-11-10T05:59:35.440Z,8,98.98,8,100,62962,1025,61.97,62492,550,33.25,63492,79,4.78,1671,99,1654,4047,8,8
1668060646,2022-11-10 00:10:46 -0600,8348b4b17415e287025fbafeb9f2dba2635f20c1,TX,48377,2,2022-11-09T01:00:00.000Z,FIPSCode,48377,0,2022-11-10T05:59:35.440Z,8,98.98,8,100,62962,1025,61.97,62492,550,33.25,63492,79,4.78,1671,99,1654,4047,8,8
1668060688,2022-11-10 00:11:28 -0600,666cdc851b8685031b45e3afc5c5d67a704e88df,TX,48377,2,2022-11-09T01:00:00.000Z,FIPSCode,48377,0,2022-11-10T05:59:35.440Z,8,98.98,8,100,62962,1025,61.97,62492,550,33.25,63492,79,4.78,1671,99,1654,4047,8,8
1668060731,2022-11-10 00:12:11 -0600,2fb5b69713c05ec769b7bd663e520b331c1e1407,TX,48377,2,2022-11-09T01:00:00.000Z,FIPSCode,48377,0,2022-11-10T05:59:35.440Z,8,98.98,8,100,62962,1025,61.97,62492,550,33.25,63492,79,4.78,1671,99,1654,4047,8,8
1668060982,2022-11-10 00:16:22 -0600,d16778c65874eba429fbafbae59ddb1bf98890e8,TX,48377,2,2022-11-09T01:00:00.000Z,FIPSCode,48377,0,2022-11-10T05:59:35.440Z,8,98.98,8,100,62962,1025,61.97,62492,550,33.25,63492,79,4.78,1671,99,1654,4047,8,8
1668061022,2022-11-10 00:17:02 -0600,7f71044ecf7768ebeb757b9af7c097e122277f59,TX,48377,2,2022-11-09T01:00:00.000Z,FIPSCode,48377,0,2022-11-10T05:59:35.440Z,8,98.98,8,100,62962,1025,61.97,62492,550,33.25,63492,79,4.78,1671,99,1654,4047,8,8
1668061065,2022-11-10 00:17:45 -0600,095f219ffa5f8da81ecbd31ecad5a4c72378bd78,TX,48377,2,2022-11-09T01:00:00.000Z,FIPSCode,48377,0,2022-11-10T05:59:35.440Z,8,98.98,8,100,62962,1025,61.97,62492,550,33.25,63492,79,4.78,1671,99,1654,4047,8,8
1668061149,2022-11-10 00:19:09 -0600,b5f50f7e97bc0f71e6be4eeb63d00fc320c74c85,TX,48377,2,2022-11-09T01:00:00.000Z,FIPSCode,48377,0,2022-11-10T05:59:35.440Z,8,98.98,8,100,62962,1025,61.97,62492,550,33.25,63492,79,4.78,1671,99,1654,4047,8,8
1668061191,2022-11-10 00:19:51 -0600,65a5324973e80c6af0c2ebb35fefb12a7d0ae2e6,TX,48377,2,2022-11-09T01:00:00.000Z,FIPSCode,48377,0,2022-11-10T05:59:35.440Z,8,98.98,8,100,62962,1025,61.97,62492,550,33.25,63492,79,4.78,1671,99,1654,4047,8,8
1668061317,2022-11-10 00:21:57 -0600,c98b4cd813df2a12de5489a1d70e59f42f57ee1f,TX,48377,2,2022-11-09T01:00:00.000Z,FIPSCode,48377,0,2022-11-10T05:59:35.440Z,8,98.98,8,100,62962,1025,61.97,62492,550,33.25,63492,79,4.78,1671,99,1654,4047,8,8
1668061359,2022-11-10 00:22:39 -0600,2487fce5f2a7f93feb9fb765dbd0869480eb3042,TX,48377,2,2022-11-09T01:00:00.000Z,FIPSCode,48377,0,2022-11-10T05:59:35.440Z,8,98.98,8,100,62962,1025,61.97,62492,550,33.25,63492,79,4.78,1671,99,1654,4047,8,8
1668061402,2022-11-10 00:23:22 -0600,7ca56b1cf854614b01c3539c60dfe2fbb0f3435e,TX,48377,2,2022-11-09T01:00:00.000Z,FIPSCode,48377,0,2022-11-10T05:59:35.440Z,8,98.98,8,100,62962,1025,61.97,62492,550,33.25,63492,79,4.78,1671,99,1654,4047,8,8
1668061445,2022-11-10 00:24:05 -0600,dcc204366df2512d2950e00572607292429da6f4,TX,48377,2,2022-11-09T01:00:00.000Z,FIPSCode,48377,0,2022-11-10T05:59:35.440Z,8,98.98,8,100,62962,1025,61.97,62492,550,33.25,63492,79,4.78,1671,99,1654,4047,8,8
1668061488,2022-11-10 00:24:48 -0600,92cb94ba0094039f8775b60a3400826e519c4761,TX,48377,2,2022-11-09T01:00:00.000Z,FIPSCode,48377,0,2022-11-10T05:59:35.440Z,8,98.98,8,100,62962,1025,61.97,62492,550,33.25,63492,79,4.78,1671,99,1654,4047,8,8
1668061531,2022-11-10 00:25:31 -0600,52ca38217029e840f720e456c44bceb851a2c0da,TX,48377,2,2022-11-09T01:00:00.000Z,FIPSCode,48377,0,2022-11-10T05:59:35.440Z,8,98.98,8,100,62962,1025,61.97,62492,550,33.25,63492,79,4.78,1671,99,1654,4047,8,8
1668061575,2022-11-10 00:26:15 -0600,7134bb3b429ebea17af8c1c06c90fc76aa765a2f,TX,48377,2,2022-11-09T01:00:00.000Z,FIPSCode,48377,0,2022-11-10T05:59:35.440Z,8,98.98,8,100,62962,1025,61.97,62492,550,33.25,63492,79,4.78,1671,99,1654,4047,8,8
1668061664,2022-11-10 00:27:44 -0600,5efc21efa30d1d0e74e52ba1762f8d2a8227c3b7,TX,48377,2,2022-11-09T01:00:00.000Z,FIPSCode,48377,0,2022-11-10T05:59:35.440Z,8,98.98,8,100,62962,1025,61.97,62492,550,33.25,63492,79,4.78,1671,99,1654,4047,8,8
1668061707,2022-11-10 00:28:27 -0600,623766c59c566f629f6b75e8827225638e9e7d5d,TX,48377,2,2022-11-09T01:00:00.000Z,FIPSCode,48377,0,2022-11-10T05:59:35.440Z,8,98.98,8,100,62962,1025,61.97,62492,550,33.25,63492,79,4.78,1671,99,1654,4047,8,8
1668061750,2022-11-10 00:29:10 -0600,9c4db629a70af2af70458bbb02101a930b8c13ed,TX,48377,2,2022-11-09T01:00:00.000Z,FIPSCode,48377,0,2022-11-10T05:59:35.440Z,8,98.98,8,100,62962,1025,61.97,62492,550,33.25,63492,79,4.78,1671,99,1654,4047,8,8
1668061835,2022-11-10 00:30:35 -0600,0e43a4c4499c940f60b212c70333c2f0477af5ad,TX,48377,2,2022-11-09T01:00:00.000Z,FIPSCode,48377,0,2022-11-10T05:59:35.440Z,8,98.98,8,100,62962,1025,61.97,62492,550,33.25,63492,79,4.78,1671,99,1654,4047,8,8
1668061920,2022-11-10 00:32:00 -0600,ec645155b8d287c3e9bf8b860c083a4d68ddf96d,TX,48377,2,2022-11-09T01:00:00.000Z,FIPSCode,48377,0,2022-11-10T05:59:35.440Z,8,98.98,8,100,62962,1025,61.97,62492,550,33.25,63492,79,4.78,1671,99,1654,4047,8,8
1668061963,2022-11-10 00:32:43 -0600,f36919d192670f8b53fcc34bfeaf6a2d38bc9005,TX,48377,2,2022-11-09T01:00:00.000Z,FIPSCode,48377,0,2022-11-10T06:32:18.503Z,8,98.98,8,100,62962,1025,61.97,62492,550,33.25,63492,79,4.78,1671,99,1654,4047,8,8
1668062004,2022-11-10 00:33:24 -0600,1476c017004633a1bf47ba725f86d849c30b34cc,TX,48377,2,2022-11-09T01:00:00.000Z,FIPSCode,48377,0,2022-11-10T06:32:18.503Z,8,98.98,8,100,62962,1025,61.97,62492,550,33.25,63492,79,4.78,1671,99,1654,4047,8,8
1668062048,2022-11-10 00:34:08 -0600,cabe85267f6ed5abc9fe026837403c4667541173,TX,48377,2,2022-11-09T01:00:00.000Z,FIPSCode,48377,0,2022-11-10T06:32:18.503Z,8,98.98,8,100,62962,1025,61.97,62492,550,33.25,63492,79,4.78,1671,99,1654,4047,8,8
1668062090,2022-11-10 00:34:50 -0600,e378775a4f20e6cbaeb43cd184231e9b05ab8d2f,TX,48377,2,2022-11-09T01:00:00.000Z,FIPSCode,48377,0,2022-11-10T06:34:16.831Z,8,98.98,8,100,62962,1025,61.97,62492,550,33.25,63492,79,4.78,1671,99,1654,4047,8,8
1668062131,2022-11-10 00:35:31 -0600,36e0c6891edc69e7be5b51509ff89fd30e1278f5,TX,48377,2,2022-11-09T01:00:00.000Z,FIPSCode,48377,0,2022-11-10T06:34:16.831Z,8,98.98,8,100,62962,1025,61.97,62492,550,33.25,63492,79,4.78,1671,99,1654,4047,8,8
1668062172,2022-11-10 00:36:12 -0600,15fdb735d274c9e6192073221e0423620217c007,TX,48377,2,2022-11-09T01:00:00.000Z,FIPSCode,48377,0,2022-11-10T06:34:16.831Z,8,98.98,8,100,62962,1025,61.97,62492,550,33.25,63492,79,4.78,1671,99,1654,4047,8,8
1668062216,2022-11-10 00:36:56 -0600,688a06b6774a784a69525d5e3f3c4611e510fb17,TX,48377,2,2022-11-09T01:00:00.000Z,FIPSCode,48377,0,2022-11-10T06:34:16.831Z,8,98.98,8,100,62962,1025,61.97,62492,550,33.25,63492,79,4.78,1671,99,1654,4047,8,8
1668062257,2022-11-10 00:37:37 -0600,c6cd3ea6c9f4f4fcdd55c03fac0526cdb42d3d31,TX,48377,2,2022-11-09T01:00:00.000Z,FIPSCode,48377,0,2022-11-10T06:34:16.831Z,8,98.98,8,100,62962,1025,61.97,62492,550,33.25,63492,79,4.78,1671,99,1654,4047,8,8
1668062298,2022-11-10 00:38:18 -0600,2bed176e085e2b5575edf4ec84308d563925c21c,TX,48377,2,2022-11-09T01:00:00.000Z,FIPSCode,48377,0,2022-11-10T06:34:16.831Z,8,98.98,8,100,62962,1025,61.97,62492,550,33.25,63492,79,4.78,1671,99,1654,4047,8,8
1668062339,2022-11-10 00:38:59 -0600,35a4821f36cdac545d7b445a6e9366ab79ef5ac7,TX,48377,2,2022-11-09T01:00:00.000Z,FIPSCode,48377,0,2022-11-10T06:34:16.831Z,8,98.98,8,100,62962,1025,61.97,62492,550,33.25,63492,79,4.78,1671,99,1654,4047,8,8
1668062381,2022-11-10 00:39:41 -0600,01c17d4730632a5af90496cced15d3e4a844d4e3,TX,48377,2,2022-11-09T01:00:00.000Z,FIPSCode,48377,0,2022-11-10T06:34:16.831Z,8,98.98,8,100,62962,1025,61.97,62492,550,33.25,63492,79,4.78,1671,99,1654,4047,8,8
1668062421,2022-11-10 00:40:21 -0600,ae37172acd324307a276a0cbf14b46e0f980ba25,TX,48377,2,2022-11-09T01:00:00.000Z,FIPSCode,48377,0,2022-11-10T06:34:16.831Z,8,98.98,8,100,62962,1025,61.97,62492,550,33.25,63492,79,4.78,1671,99,1654,4047,8,8
1668062463,2022-11-10 00:41:03 -0600,d2a30aee88b1ed1f7268f8faa37d4cab089feb61,TX,48377,2,2022-11-09T01:00:00.000Z,FIPSCode,48377,0,2022-11-10T06:34:16.831Z,8,98.98,8,100,62962,1025,61.97,62492,550,33.25,63492,79,4.78,1671,99,1654,4047,8,8
1668062504,2022-11-10 00:41:44 -0600,6efaa627acc5ba972dde72eed394117f5bd2cbda,TX,48377,2,2022-11-09T01:00:00.000Z,FIPSCode,48377,0,2022-11-10T06:34:16.831Z,8,98.98,8,100,62962,1025,61.97,62492,550,33.25,63492,79,4.78,1671,99,1654,4047,8,8
1668062589,2022-11-10 00:43:09 -0600,6d9eba6070b141050b5916b03e2802adc17f2c84,TX,48377,2,2022-11-09T01:00:00.000Z,FIPSCode,48377,0,2022-11-10T06:34:16.831Z,8,98.98,8,100,62962,1025,61.97,62492,550,33.25,63492,79,4.78,1671,99,1654,4047,8,8
1668062629,2022-11-10 00:43:49 -0600,cc92892d117d67ac2535f41e4a3a1e804ce36cdc,TX,48377,2,2022-11-09T01:00:00.000Z,FIPSCode,48377,0,2022-11-10T06:34:16.831Z,8,98.98,8,100,62962,1025,61.97,62492,550,33.25,63492,79,4.78,1671,99,1654,4047,8,8
1668062670,2022-11-10 00:44:30 -0600,f5c8aa1aa0328b427c23fa570667bf048d9a8dd2,TX,48377,2,2022-11-09T01:00:00.000Z,FIPSCode,48377,0,2022-11-10T06:34:16.831Z,8,98.98,8,100,62962,1025,61.97,62492,550,33.25,63492,79,4.78,1671,99,1654,4047,8,8
1668062711,2022-11-10 00:45:11 -0600,1fcdf9c68169ffe546780e0a8af8f6d40251bff4,TX,48377,2,2022-11-09T01:00:00.000Z,FIPSCode,48377,0,2022-11-10T06:34:16.831Z,8,98.98,8,100,62962,1025,61.97,62492,550,33.25,63492,79,4.78,1671,99,1654,4047,8,8
1668062753,2022-11-10 00:45:53 -0600,563374923afe7a6a5ca62f4f87afdd8601470e45,TX,48377,2,2022-11-09T01:00:00.000Z,FIPSCode,48377,0,2022-11-10T06:34:16.831Z,8,98.98,8,100,62962,1025,61.97,62492,550,33.25,63492,79,4.78,1671,99,1654,4047,8,8
1668062794,2022-11-10 00:46:34 -0600,9ea6ce12af3d30581707fe59d805035cf3cb0dcf,TX,48377,2,2022-11-09T01:00:00.000Z,FIPSCode,48377,0,2022-11-10T06:34:16.831Z,8,98.98,8,100,62962,1025,61.97,62492,550,33.25,63492,79,4.78,1671,99,1654,4047,8,8
1668062837,2022-11-10 00:47:17 -0600,0c22bcb45e6eea69354d4f6fb97ca3fd8a2adc84,TX,48377,2,2022-11-09T01:00:00.000Z,FIPSCode,48377,0,2022-11-10T06:34:16.831Z,8,98.98,8,100,62962,1025,61.97,62492,550,33.25,63492,79,4.78,1671,99,1654,4047,8,8
1668062879,2022-11-10 00:47:59 -0600,52e42811f952c6514d3ef0b0d81a953e123e10dc,TX,48377,2,2022-11-09T01:00:00.000Z,FIPSCode,48377,0,2022-11-10T06:34:16.831Z,8,98.98,8,100,62962,1025,61.97,62492,550,33.25,63492,79,4.78,1671,99,1654,4047,8,8
1668062922,2022-11-10 00:48:42 -0600,53df6066338d9fcba74996cd81b16d295a36c898,TX,48377,2,2022-11-09T01:00:00.000Z,FIPSCode,48377,0,2022-11-10T06:34:16.831Z,8,98.98,8,100,62962,1025,61.97,62492,550,33.25,63492,79,4.78,1671,99,1654,4047,8,8
1668063005,2022-11-10 00:50:05 -0600,7e2fb24bba841c328d41462808d0623ebc7fdb5d,TX,48377,2,2022-11-09T01:00:00.000Z,FIPSCode,48377,0,2022-11-10T06:34:16.831Z,8,98.98,8,100,62962,1025,61.97,62492,550,33.25,63492,79,4.78,1671,99,1654,4047,8,8
1668063047,2022-11-10 00:50:47 -0600,24c3c043df2fc0ff0cdefc119c626517e3124350,TX,48377,2,2022-11-09T01:00:00.000Z,FIPSCode,48377,0,2022-11-10T06:34:16.831Z,8,98.98,8,100,62962,1025,61.97,62492,550,33.25,63492,79,4.78,1671,99,1654,4047,8,8
1668063130,2022-11-10 00:52:10 -0600,04578fff40f018da49850ec8ef1ea3a6d81a9d02,TX,48377,2,2022-11-09T01:00:00.000Z,FIPSCode,48377,0,2022-11-10T06:34:16.831Z,8,98.98,8,100,62962,1025,61.97,62492,550,33.25,63492,79,4.78,1671,99,1654,4047,8,8
1668063256,2022-11-10 00:54:16 -0600,13dd57c7677164ea49fb07ef4673843234f277d4,TX,48377,2,2022-11-09T01:00:00.000Z,FIPSCode,48377,0,2022-11-10T06:34:16.831Z,8,98.98,8,100,62962,1025,61.97,62492,550,33.25,63492,79,4.78,1671,99,1654,4047,8,8
1668063342,2022-11-10 00:55:42 -0600,edb2d3f31cb36699b261d224af9507bc5ad33673,TX,48377,2,2022-11-09T01:00:00.000Z,FIPSCode,48377,0,2022-11-10T06:34:16.831Z,8,98.98,8,100,62962,1025,61.97,62492,550,33.25,63492,79,4.78,1671,99,1654,4047,8,8
1668063385,2022-11-10 00:56:25 -0600,aaa33be532eda1d0927e573104e0e8cbc015c420,TX,48377,2,2022-11-09T01:00:00.000Z,FIPSCode,48377,0,2022-11-10T06:34:16.831Z,8,98.98,8,100,62962,1025,61.97,62492,550,33.25,63492,79,4.78,1671,99,1654,4047,8,8
1668063428,2022-11-10 00:57:08 -0600,76dda5d02de4e59aa313389c3dc1c0485329734d,TX,48377,2,2022-11-09T01:00:00.000Z,FIPSCode,48377,0,2022-11-10T06:34:16.831Z,8,98.98,8,100,62962,1025,61.97,62492,550,33.25,63492,79,4.78,1671,99,1654,4047,8,8
1668063470,2022-11-10 00:57:50 -0600,f68de196bc2891e54e3dc7b68da20c84b027c8e0,TX,48377,2,2022-11-09T01:00:00.000Z,FIPSCode,48377,0,2022-11-10T06:34:16.831Z,8,98.98,8,100,62962,1025,61.97,62492,550,33.25,63492,79,4.78,1671,99,1654,4047,8,8
1668063513,2022-11-10 00:58:33 -0600,53df7272fdb490f7db350ade12f91fabe6ec0832,TX,48377,2,2022-11-09T01:00:00.000Z,FIPSCode,48377,0,2022-11-10T06:58:16.291Z,8,98.98,8,100,62962,1025,61.97,62492,550,33.25,63492,79,4.78,1671,99,1654,4047,8,8
1668063556,2022-11-10 00:59:16 -0600,cab4423f461ecf14287da4acf3dfe73ee998bec4,TX,48377,2,2022-11-09T01:00:00.000Z,FIPSCode,48377,0,2022-11-10T06:58:16.291Z,8,98.98,8,100,62962,1025,61.97,62492,550,33.25,63492,79,4.78,1671,99,1654,4047,8,8
1668063598,2022-11-10 00:59:58 -0600,7f71cc7a0fce8e8b22a81d434b4103d27b6ddd12,TX,48377,2,2022-11-09T01:00:00.000Z,FIPSCode,48377,0,2022-11-10T06:58:16.291Z,8,98.98,8,100,62962,1025,61.97,62492,550,33.25,63492,79,4.78,1671,99,1654,4047,8,8
1668063641,2022-11-10 01:00:41 -0600,8d2b6bbb28404d8b8f748d37db87094744603544,TX,48377,2,2022-11-09T01:00:00.000Z,FIPSCode,48377,0,2022-11-10T06:59:57.005Z,8,98.98,8,100,62962,1025,61.97,62492,550,33.25,63492,79,4.78,1671,99,1654,4047,8,8
1668063683,2022-11-10 01:01:23 -0600,171ca272825f7da5736b839a9205d722f64f8f79,TX,48377,2,2022-11-09T01:00:00.000Z,FIPSCode,48377,0,2022-11-10T07:00:58.210Z,8,98.98,8,100,62962,1025,61.97,62492,550,33.25,63492,79,4.78,1671,99,1654,4047,8,8
1668063725,2022-11-10 01:02:05 -0600,0fe9d681ba10b32b2be5211e7447b726fe66cfaa,TX,48377,2,2022-11-09T01:00:00.000Z,FIPSCode,48377,0,2022-11-10T07:00:58.210Z,8,98.98,8,100,62962,1025,61.97,62492,550,33.25,63492,79,4.78,1671,99,1654,4047,8,8
1668063767,2022-11-10 01:02:47 -0600,00d024540fe2e3af716a445e3c0306e6a5320e6e,TX,48377,2,2022-11-09T01:00:00.000Z,FIPSCode,48377,0,2022-11-10T07:00:58.210Z,8,98.98,8,100,62962,1025,61.97,62492,550,33.25,63492,79,4.78,1671,99,1654,4047,8,8
1668063809,2022-11-10 01:03:29 -0600,a8317fcc5854854c62ecc0de0f2e62d7f247153f,TX,48377,2,2022-11-09T01:00:00.000Z,FIPSCode,48377,0,2022-11-10T07:00:58.210Z,8,98.98,8,100,62962,1025,61.97,62492,550,33.25,63492,79,4.78,1671,99,1654,4047,8,8
1668063852,2022-11-10 01:04:12 -0600,2b1485f9dc78216ed2dc7502a3bd6738cb2aeb74,TX,48377,2,2022-11-09T01:00:00.000Z,FIPSCode,48377,0,2022-11-10T07:00:58.210Z,8,98.98,8,100,62962,1025,61.97,62492,550,33.25,63492,79,4.78,1671,99,1654,4047,8,8
1668063894,2022-11-10 01:04:54 -0600,e09a34d18096d21e7030c9ddbf39408ac0f628c9,TX,48377,2,2022-11-09T01:00:00.000Z,FIPSCode,48377,0,2022-11-10T07:00:58.210Z,8,98.98,8,100,62962,1025,61.97,62492,550,33.25,63492,79,4.78,1671,99,1654,4047,8,8
1668063935,2022-11-10 01:05:35 -0600,9bd9f8df5d0eda9d9514e7f01a1088ce5b636c25,TX,48377,2,2022-11-09T01:00:00.000Z,FIPSCode,48377,0,2022-11-10T07:00:58.210Z,8,98.98,8,100,62962,1025,61.97,62492,550,33.25,63492,79,4.78,1671,99,1654,4047,8,8
1668063978,2022-11-10 01:06:18 -0600,5bcb27a40f64022dbd96517d94c07b990b620679,TX,48377,2,2022-11-09T01:00:00.000Z,FIPSCode,48377,0,2022-11-10T07:00:58.210Z,8,98.98,8,100,62962,1025,61.97,62492,550,33.25,63492,79,4.78,1671,99,1654,4047,8,8
1668064021,2022-11-10 01:07:01 -0600,cc5ab03701277eaba4824039c8c71a9f3be13c1b,TX,48377,2,2022-11-09T01:00:00.000Z,FIPSCode,48377,0,2022-11-10T07:00:58.210Z,8,98.98,8,100,62962,1025,61.97,62492,550,33.25,63492,79,4.78,1671,99,1654,4047,8,8
1668064065,2022-11-10 01:07:45 -0600,ba96a9e87a09972355beaa89e38572c0e8da55fe,TX,48377,2,2022-11-09T01:00:00.000Z,FIPSCode,48377,0,2022-11-10T07:00:58.210Z,8,98.98,8,100,62962,1025,61.97,62492,550,33.25,63492,79,4.78,1671,99,1654,4047,8,8
1668064108,2022-11-10 01:08:28 -0600,14aa1766a0fc38a66c70c8276096b136c2c14bdb,TX,48377,2,2022-11-09T01:00:00.000Z,FIPSCode,48377,0,2022-11-10T07:00:58.210Z,8,98.98,8,100,62962,1025,61.97,62492,550,33.25,63492,79,4.78,1671,99,1654,4047,8,8
1668064150,2022-11-10 01:09:10 -0600,76ea4784582b1e49aac3940778b6c1e2d241bc07,TX,48377,2,2022-11-09T01:00:00.000Z,FIPSCode,48377,0,2022-11-10T07:00:58.210Z,8,98.98,8,100,62962,1025,61.97,62492,550,33.25,63492,79,4.78,1671,99,1654,4047,8,8
1668064193,2022-11-10 01:09:53 -0600,5b2f111a05a8ceefb51cb424e2c40a0ac36a7bc4,TX,48377,2,2022-11-09T01:00:00.000Z,FIPSCode,48377,0,2022-11-10T07:00:58.210Z,8,98.98,8,100,62962,1025,61.97,62492,550,33.25,63492,79,4.78,1671,99,1654,4047,8,8
1668064232,2022-11-10 01:10:32 -0600,b6400d754a1641f6bcf42cd0a2d9861151189892,TX,48377,2,2022-11-09T01:00:00.000Z,FIPSCode,48377,0,2022-11-10T07:00:58.210Z,8,98.98,8,100,62962,1025,61.97,62492,550,33.25,63492,79,4.78,1671,99,1654,4047,8,8
1668064273,2022-11-10 01:11:13 -0600,6c8bda7f02a81c8f82f6644931999558eccdb88d,TX,48377,2,2022-11-09T01:00:00.000Z,FIPSCode,48377,0,2022-11-10T07:00:58.210Z,8,98.98,8,100,62962,1025,61.97,62492,550,33.25,63492,79,4.78,1671,99,1654,4047,8,8
1668064316,2022-11-10 01:11:56 -0600,178ee480aeffb2506f244bdbc5be3de7f052af39,TX,48377,2,2022-11-09T01:00:00.000Z,FIPSCode,48377,0,2022-11-10T07:00:58.210Z,8,98.98,8,100,62962,1025,61.97,62492,550,33.25,63492,79,4.78,1671,99,1654,4047,8,8
1668064356,2022-11-10 01:12:36 -0600,6ef07d91153576a0c88a1b11e03d186fedc9d0f4,TX,48377,2,2022-11-09T01:00:00.000Z,FIPSCode,48377,0,2022-11-10T07:00:58.210Z,8,98.98,8,100,62962,1025,61.97,62492,550,33.25,63492,79,4.78,1671,99,1654,4047,8,8
1668064398,2022-11-10 01:13:18 -0600,bc211e23caad4b1be518d3d0949212743c12fdbc,TX,48377,2,2022-11-09T01:00:00.000Z,FIPSCode,48377,0,2022-11-10T07:12:59.713Z,8,98.98,8,100,62962,1025,61.97,62492,550,33.25,63492,79,4.78,1671,99,1654,4047,8,8
1668064441,2022-11-10 01:14:01 -0600,073248a9b6c595f3b001bc618dd9fcca3e9e5a64,TX,48377,2,2022-11-09T01:00:00.000Z,FIPSCode,48377,0,2022-11-10T07:13:37.415Z,8,98.98,8,100,62962,1025,61.97,62492,550,33.25,63492,79,4.78,1671,99,1654,4047,8,8
1668064482,2022-11-10 01:14:42 -0600,758c18649875a314529cb0cbc67df0fbe76c0f71,TX,48377,2,2022-11-09T01:00:00.000Z,FIPSCode,48377,0,2022-11-10T07:13:37.415Z,8,98.98,8,100,62962,1025,61.97,62492,550,33.25,63492,79,4.78,1671,99,1654,4047,8,8
1668064523,2022-11-10 01:15:23 -0600,fc87127024bfc69aeef19793d9eed9782091944d,TX,48377,2,2022-11-09T01:00:00.000Z,FIPSCode,48377,0,2022-11-10T07:14:34.659Z,8,98.98,8,100,62962,1025,61.97,62492,550,33.25,63492,79,4.78,1671,99,1654,4047,8,8
1668064564,2022-11-10 01:16:04 -0600,d1e406cac90cef43d03097dfaa1adba706a8780b,TX,48377,2,2022-11-09T01:00:00.000Z,FIPSCode,48377,0,2022-11-10T07:14:34.659Z,8,98.98,8,100,62962,1025,61.97,62492,550,33.25,63492,79,4.78,1671,99,1654,4047,8,8
1668064603,2022-11-10 01:16:43 -0600,4a9ad998013218cef29b31cdac8f1700cd5a867e,TX,48377,2,2022-11-09T01:00:00.000Z,FIPSCode,48377,0,2022-11-10T07:14:34.659Z,8,98.98,8,100,62962,1025,61.97,62492,550,33.25,63492,79,4.78,1671,99,1654,4047,8,8
1668064686,2022-11-10 01:18:06 -0600,7c4f4c87cce6253d352bff090c0770573837e20f,TX,48377,2,2022-11-09T01:00:00.000Z,FIPSCode,48377,0,2022-11-10T07:14:34.659Z,8,98.98,8,100,62962,1025,61.97,62492,550,33.25,63492,79,4.78,1671,99,1654,4047,8,8
1668064726,2022-11-10 01:18:46 -0600,4c0afa6686ce0f52ab4e57db5d89766fe307a01f,TX,48377,2,2022-11-09T01:00:00.000Z,FIPSCode,48377,0,2022-11-10T07:14:34.659Z,8,98.98,8,100,62962,1025,61.97,62492,550,33.25,63492,79,4.78,1671,99,1654,4047,8,8
1668064810,2022-11-10 01:20:10 -0600,5f0f1a0e38ec5ceb94c0698feb0fc4fb85c96dfd,TX,48377,2,2022-11-09T01:00:00.000Z,FIPSCode,48377,0,2022-11-10T07:14:34.659Z,8,98.98,8,100,62962,1025,61.97,62492,550,33.25,63492,79,4.78,1671,99,1654,4047,8,8
1668064853,2022-11-10 01:20:53 -0600,b9e95b9aba90b618cec29a31e2e487b2e0ae3c69,TX,48377,2,2022-11-09T01:00:00.000Z,FIPSCode,48377,0,2022-11-10T07:14:34.659Z,8,98.98,8,100,62962,1025,61.97,62492,550,33.25,63492,79,4.78,1671,99,1654,4047,8,8
1668064894,2022-11-10 01:21:34 -0600,ca1267fff053fc9a594ef097f4429146d3e5ae35,TX,48377,2,2022-11-09T01:00:00.000Z,FIPSCode,48377,0,2022-11-10T07:14:34.659Z,8,98.98,8,100,62962,1025,61.97,62492,550,33.25,63492,79,4.78,1671,99,1654,4047,8,8
1668064937,2022-11-10 01:22:17 -0600,d2e36c93f69dfad01c33397da6cfc82adb5ec51d,TX,48377,2,2022-11-09T01:00:00.000Z,FIPSCode,48377,0,2022-11-10T07:21:58.714Z,8,98.98,8,100,62962,1025,61.97,62492,550,33.25,63492,79,4.78,1671,99,1654,4047,8,8
1668064977,2022-11-10 01:22:57 -0600,ab411e43a7a5aeeb3e3ff579e4db2882b38b2214,TX,48377,2,2022-11-09T01:00:00.000Z,FIPSCode,48377,0,2022-11-10T07:22:39.450Z,8,98.98,8,100,62962,1025,61.97,62492,550,33.25,63492,79,4.78,1671,99,1654,4047,8,8
1668065017,2022-11-10 01:23:37 -0600,9cb70fabc03a329af925cd09b08290bd514274ea,TX,48377,2,2022-11-09T01:00:00.000Z,FIPSCode,48377,0,2022-11-10T07:22:39.450Z,8,98.98,8,100,62962,1025,61.97,62492,550,33.25,63492,79,4.78,1671,99,1654,4047,8,8
1668065058,2022-11-10 01:24:18 -0600,924b1dbb65b0b487e4dd00c0e89a0a9521992cc0,TX,48377,2,2022-11-09T01:00:00.000Z,FIPSCode,48377,0,2022-11-10T07:23:38.310Z,8,98.98,8,100,62962,1025,61.97,62492,550,33.25,63492,79,4.78,1671,99,1654,4047,8,8
1668065099,2022-11-10 01:24:59 -0600,d4a9bcc0c361e4346c9759bee595c88e17699bd6,TX,48377,2,2022-11-09T01:00:00.000Z,FIPSCode,48377,0,2022-11-10T07:23:38.310Z,8,98.98,8,100,62962,1025,61.97,62492,550,33.25,63492,79,4.78,1671,99,1654,4047,8,8
1668065141,2022-11-10 01:25:41 -0600,0195f0d4884a329848923e36a112d9f1b4ef0e68,TX,48377,2,2022-11-09T01:00:00.000Z,FIPSCode,48377,0,2022-11-10T07:23:38.310Z,8,98.98,8,100,62962,1025,61.97,62492,550,33.25,63492,79,4.78,1671,99,1654,4047,8,8
1668065383,2022-11-10 01:29:43 -0600,60816feba9f47c7b1115b46978f18930d74fd938,TX,48377,2,2022-11-09T01:00:00.000Z,FIPSCode,48377,0,2022-11-10T07:23:38.310Z,8,98.98,8,100,62962,1025,61.97,62492,550,33.25,63492,79,4.78,1671,99,1654,4047,8,8
1668065425,2022-11-10 01:30:25 -0600,14cc919e3aeff49ecc3b2f3787db2bc71a946b34,TX,48377,2,2022-11-09T01:00:00.000Z,FIPSCode,48377,0,2022-11-10T07:23:38.310Z,8,98.98,8,100,62962,1025,61.97,62492,550,33.25,63492,79,4.78,1671,99,1654,4047,8,8
1668065467,2022-11-10 01:31:07 -0600,bf6057aab1efdb2fa923b3596abdc4442486145e,TX,48377,2,2022-11-09T01:00:00.000Z,FIPSCode,48377,0,2022-11-10T07:23:38.310Z,8,98.98,8,100,62962,1025,61.97,62492,550,33.25,63492,79,4.78,1671,99,1654,4047,8,8
1668065508,2022-11-10 01:31:48 -0600,7e528816567c4003f65815eedc2fc8ba9a02b91e,TX,48377,2,2022-11-09T01:00:00.000Z,FIPSCode,48377,0,2022-11-10T07:23:38.310Z,8,98.98,8,100,62962,1025,61.97,62492,550,33.25,63492,79,4.78,1671,99,1654,4047,8,8
1668065550,2022-11-10 01:32:30 -0600,2519301852800daf330ceb49f0ccce7777ec0be4,TX,48377,2,2022-11-09T01:00:00.000Z,FIPSCode,48377,0,2022-11-10T07:23:38.310Z,8,98.98,8,100,62962,1025,61.97,62492,550,33.25,63492,79,4.78,1671,99,1654,4047,8,8
1668065591,2022-11-10 01:33:11 -0600,9b9ddaaff76badfcbb869d37a1c45ef695096159,TX,48377,2,2022-11-09T01:00:00.000Z,FIPSCode,48377,0,2022-11-10T07:23:38.310Z,8,98.98,8,100,62962,1025,61.97,62492,550,33.25,63492,79,4.78,1671,99,1654,4047,8,8
1668065631,2022-11-10 01:33:51 -0600,b136869a3ed8716b25180297b6827d34451d79ba,TX,48377,2,2022-11-09T01:00:00.000Z,FIPSCode,48377,0,2022-11-10T07:23:38.310Z,8,98.98,8,100,62962,1025,61.97,62492,550,33.25,63492,79,4.78,1671,99,1654,4047,8,8
1668065672,2022-11-10 01:34:32 -0600,8a7ed8dd53e5ee4b76b212dace5560253d3ecac2,TX,48377,2,2022-11-09T01:00:00.000Z,FIPSCode,48377,0,2022-11-10T07:23:38.310Z,8,98.98,8,100,62962,1025,61.97,62492,550,33.25,63492,79,4.78,1671,99,1654,4047,8,8
1668065754,2022-11-10 01:35:54 -0600,0a7508644a7a9ebb3ea522c0b15e590919fc7651,TX,48377,2,2022-11-09T01:00:00.000Z,FIPSCode,48377,0,2022-11-10T07:23:38.310Z,8,98.98,8,100,62962,1025,61.97,62492,550,33.25,63492,79,4.78,1671,99,1654,4047,8,8
1668065796,2022-11-10 01:36:36 -0600,b04f8d85d5bec6424951ae1e8be54c338a0efe3c,TX,48377,2,2022-11-09T01:00:00.000Z,FIPSCode,48377,0,2022-11-10T07:23:38.310Z,8,98.98,8,100,62962,1025,61.97,62492,550,33.25,63492,79,4.78,1671,99,1654,4047,8,8
1668065837,2022-11-10 01:37:17 -0600,917451550415851083f0b362f8ae7302b069e239,TX,48377,2,2022-11-09T01:00:00.000Z,FIPSCode,48377,0,2022-11-10T07:23:38.310Z,8,98.98,8,100,62962,1025,61.97,62492,550,33.25,63492,79,4.78,1671,99,1654,4047,8,8
1668065877,2022-11-10 01:37:57 -0600,c3b7374e64c8bf7a1ebffc155abd3c31efe96a8b,TX,48377,2,2022-11-09T01:00:00.000Z,FIPSCode,48377,0,2022-11-10T07:23:38.310Z,8,98.98,8,100,62962,1025,61.97,62492,550,33.25,63492,79,4.78,1671,99,1654,4047,8,8
1668065917,2022-11-10 01:38:37 -0600,3f8c6ea07d6916193c66ea8d0e9b2d436ecc278c,TX,48377,2,2022-11-09T01:00:00.000Z,FIPSCode,48377,0,2022-11-10T07:23:38.310Z,8,98.98,8,100,62962,1025,61.97,62492,550,33.25,63492,79,4.78,1671,99,1654,4047,8,8
1668065957,2022-11-10 01:39:17 -0600,c180aaf0d0c6c3cda16c1dc7619c3b9dab96b686,TX,48377,2,2022-11-09T01:00:00.000Z,FIPSCode,48377,0,2022-11-10T07:23:38.310Z,8,98.98,8,100,62962,1025,61.97,62492,550,33.25,63492,79,4.78,1671,99,1654,4047,8,8
1668065998,2022-11-10 01:39:58 -0600,67f5efe18482c2ca423d756fb3f9728d83d250c1,TX,48377,2,2022-11-09T01:00:00.000Z,FIPSCode,48377,0,2022-11-10T07:23:38.310Z,8,98.98,8,100,62962,1025,61.97,62492,550,33.25,63492,79,4.78,1671,99,1654,4047,8,8
1668066038,2022-11-10 01:40:38 -0600,ad824dcaf8c9f02bd9ea22a45ad0a204b935baac,TX,48377,2,2022-11-09T01:00:00.000Z,FIPSCode,48377,0,2022-11-10T07:23:38.310Z,8,98.98,8,100,62962,1025,61.97,62492,550,33.25,63492,79,4.78,1671,99,1654,4047,8,8
1668066079,2022-11-10 01:41:19 -0600,f9ea744ccd4bda96569ff474a3a5250a8a0943c6,TX,48377,2,2022-11-09T01:00:00.000Z,FIPSCode,48377,0,2022-11-10T07:23:38.310Z,8,98.98,8,100,62962,1025,61.97,62492,550,33.25,63492,79,4.78,1671,99,1654,4047,8,8
1668066246,2022-11-10 01:44:06 -0600,235e6d099573c1be06f8b404375b40a316e4f30b,TX,48377,2,2022-11-09T01:00:00.000Z,FIPSCode,48377,0,2022-11-10T07:23:38.310Z,8,98.98,8,100,62962,1025,61.97,62492,550,33.25,63492,79,4.78,1671,99,1654,4047,8,8
1668066289,2022-11-10 01:44:49 -0600,9acab4a24dabac9021cd4ff06c7b038f593f7721,TX,48377,2,2022-11-09T01:00:00.000Z,FIPSCode,48377,0,2022-11-10T07:23:38.310Z,8,98.98,8,100,62962,1025,61.97,62492,550,33.25,63492,79,4.78,1671,99,1654,4047,8,8
1668066331,2022-11-10 01:45:31 -0600,76ab2158da55c5eef039fa72eccb183291ee4f86,TX,48377,2,2022-11-09T01:00:00.000Z,FIPSCode,48377,0,2022-11-10T07:23:38.310Z,8,98.98,8,100,62962,1025,61.97,62492,550,33.25,63492,79,4.78,1671,99,1654,4047,8,8
1668066484,2022-11-10 01:48:04 -0600,e6d842fa882856968165134a36e51d75e23e67b1,TX,48377,2,2022-11-09T01:00:00.000Z,FIPSCode,48377,0,2022-11-10T07:23:38.310Z,8,98.98,8,100,62962,1025,61.97,62492,550,33.25,63492,79,4.78,1671,99,1654,4047,8,8
1668066524,2022-11-10 01:48:44 -0600,92859fc2f3824328775e9970e06f666f03389a2a,TX,48377,2,2022-11-09T01:00:00.000Z,FIPSCode,48377,0,2022-11-10T07:23:38.310Z,8,98.98,8,100,62962,1025,61.97,62492,550,33.25,63492,79,4.78,1671,99,1654,4047,8,8
1668066568,2022-11-10 01:49:28 -0600,19b7fdf9a12de723f8557993bf75a2a71e729a3b,TX,48377,2,2022-11-09T01:00:00.000Z,FIPSCode,48377,0,2022-11-10T07:23:38.310Z,8,98.98,8,100,62962,1025,61.97,62492,550,33.25,63492,79,4.78,1671,99,1654,4047,8,8
1668066608,2022-11-10 01:50:08 -0600,8a117611902054c73f193a89ad94c89bb736aff9,TX,48377,2,2022-11-09T01:00:00.000Z,FIPSCode,48377,0,2022-11-10T07:23:38.310Z,8,98.98,8,100,62962,1025,61.97,62492,550,33.25,63492,79,4.78,1671,99,1654,4047,8,8
1668066650,2022-11-10 01:50:50 -0600,0b3ba4523720b7d25803b7fdd4ad9608396a761b,TX,48377,2,2022-11-09T01:00:00.000Z,FIPSCode,48377,0,2022-11-10T07:23:38.310Z,8,98.98,8,100,62962,1025,61.97,62492,550,33.25,63492,79,4.78,1671,99,1654,4047,8,8
1668066697,2022-11-10 01:51:37 -0600,5a7dbd5d02520a9147045289b25e264bbde98b4b,TX,48377,2,2022-11-09T01:00:00.000Z,FIPSCode,48377,0,2022-11-10T07:23:38.310Z,8,98.98,8,100,62962,1025,61.97,62492,550,33.25,63492,79,4.78,1671,99,1654,4047,8,8
1668066738,2022-11-10 01:52:18 -0600,08cebc6001723a9d01d8de67f8fee2c7aa3b3855,TX,48377,2,2022-11-09T01:00:00.000Z,FIPSCode,48377,0,2022-11-10T07:23:38.310Z,8,98.98,8,100,62962,1025,61.97,62492,550,33.25,63492,79,4.78,1671,99,1654,4047,8,8
1668066781,2022-11-10 01:53:01 -0600,9da561883a379cc3828e1a624c508d65343fe339,TX,48377,2,2022-11-09T01:00:00.000Z,FIPSCode,48377,0,2022-11-10T07:23:38.310Z,8,98.98,8,100,62962,1025,61.97,62492,550,33.25,63492,79,4.78,1671,99,1654,4047,8,8
1668066821,2022-11-10 01:53:41 -0600,058d94a1bfeb799d063a55ef0d69ae6ef1afc8bb,TX,48377,2,2022-11-09T01:00:00.000Z,FIPSCode,48377,0,2022-11-10T07:23:38.310Z,8,98.98,8,100,62962,1025,61.97,62492,550,33.25,63492,79,4.78,1671,99,1654,4047,8,8
1668066862,2022-11-10 01:54:22 -0600,c17f2f3b44af4d6d0cbfe1d8761fd8b7a65c062a,TX,48377,2,2022-11-09T01:00:00.000Z,FIPSCode,48377,0,2022-11-10T07:23:38.310Z,8,98.98,8,100,62962,1025,61.97,62492,550,33.25,63492,79,4.78,1671,99,1654,4047,8,8
1668066902,2022-11-10 01:55:02 -0600,1d5474b656a28e6341c0d6c3a3dbb88625458177,TX,48377,2,2022-11-09T01:00:00.000Z,FIPSCode,48377,0,2022-11-10T07:23:38.310Z,8,98.98,8,100,62962,1025,61.97,62492,550,33.25,63492,79,4.78,1671,99,1654,4047,8,8
1668066944,2022-11-10 01:55:44 -0600,42f6bfa4d9bb6dc11fbc0c02c985bbf35209347f,TX,48377,2,2022-11-09T01:00:00.000Z,FIPSCode,48377,0,2022-11-10T07:23:38.310Z,8,98.98,8,100,62962,1025,61.97,62492,550,33.25,63492,79,4.78,1671,99,1654,4047,8,8
1668066983,2022-11-10 01:56:23 -0600,8a57c006782ab2bd428062333dab85928ea3867d,TX,48377,2,2022-11-09T01:00:00.000Z,FIPSCode,48377,0,2022-11-10T07:23:38.310Z,8,98.98,8,100,62962,1025,61.97,62492,550,33.25,63492,79,4.78,1671,99,1654,4047,8,8
1668067024,2022-11-10 01:57:04 -0600,e37fd2d27f8b13909bb1388ab588a18fa719efa1,TX,48377,2,2022-11-09T01:00:00.000Z,FIPSCode,48377,0,2022-11-10T07:23:38.310Z,8,98.98,8,100,62962,1025,61.97,62492,550,33.25,63492,79,4.78,1671,99,1654,4047,8,8
1668067065,2022-11-10 01:57:45 -0600,464749cb320e53ce6a292061325692cd6b1062b2,TX,48377,2,2022-11-09T01:00:00.000Z,FIPSCode,48377,0,2022-11-10T07:23:38.310Z,8,98.98,8,100,62962,1025,61.97,62492,550,33.25,63492,79,4.78,1671,99,1654,4047,8,8
1668067104,2022-11-10 01:58:24 -0600,9bc67f19634762bc7c99a5ac5ea3fd71209910d4,TX,48377,2,2022-11-09T01:00:00.000Z,FIPSCode,48377,0,2022-11-10T07:23:38.310Z,8,98.98,8,100,62962,1025,61.97,62492,550,33.25,63492,79,4.78,1671,99,1654,4047,8,8
1668067143,2022-11-10 01:59:03 -0600,b7b4c3488ee9bf156e5aff1c1bfdd00cf0ea351f,TX,48377,2,2022-11-09T01:00:00.000Z,FIPSCode,48377,0,2022-11-10T07:23:38.310Z,8,98.98,8,100,62962,1025,61.97,62492,550,33.25,63492,79,4.78,1671,99,1654,4047,8,8
1668067184,2022-11-10 01:59:44 -0600,b766a9e37e794c747191a823f2ef5e4d55db1606,TX,48377,2,2022-11-09T01:00:00.000Z,FIPSCode,48377,0,2022-11-10T07:23:38.310Z,8,98.98,8,100,62962,1025,61.97,62492,550,33.25,63492,79,4.78,1671,99,1654,4047,8,8
1668067263,2022-11-10 02:01:03 -0600,7be425a600b39465c9287c99853c8eacd0a9d342,TX,48377,2,2022-11-09T01:00:00.000Z,FIPSCode,48377,0,2022-11-10T07:23:38.310Z,8,98.98,8,100,62962,1025,61.97,62492,550,33.25,63492,79,4.78,1671,99,1654,4047,8,8
1668067383,2022-11-10 02:03:03 -0600,0ac1d5a444f6126be21f0bd20ec923505b9b3f4c,TX,48377,2,2022-11-09T01:00:00.000Z,FIPSCode,48377,0,2022-11-10T07:23:38.310Z,8,98.98,8,100,62962,1025,61.97,62492,550,33.25,63492,79,4.78,1671,99,1654,4047,8,8
1668067424,2022-11-10 02:03:44 -0600,a48de0c5cd052028cf77653888120171e3a7985f,TX,48377,2,2022-11-09T01:00:00.000Z,FIPSCode,48377,0,2022-11-10T07:23:38.310Z,8,98.98,8,100,62962,1025,61.97,62492,550,33.25,63492,79,4.78,1671,99,1654,4047,8,8
1668067504,2022-11-10 02:05:04 -0600,c320f9047ea425432608643c88246e96cf6fdc04,TX,48377,2,2022-11-09T01:00:00.000Z,FIPSCode,48377,0,2022-11-10T07:23:38.310Z,8,98.98,8,100,62962,1025,61.97,62492,550,33.25,63492,79,4.78,1671,99,1654,4047,8,8
1668067585,2022-11-10 02:06:25 -0600,e8bbfab8466b3fc935c6fbc5c9969b719ad8925f,TX,48377,2,2022-11-09T01:00:00.000Z,FIPSCode,48377,0,2022-11-10T07:23:38.310Z,8,98.98,8,100,62962,1025,61.97,62492,550,33.25,63492,79,4.78,1671,99,1654,4047,8,8
1668067624,2022-11-10 02:07:04 -0600,37731fc552d5d8e08ab283fc66c11c133e5fb93a,TX,48377,2,2022-11-09T01:00:00.000Z,FIPSCode,48377,0,2022-11-10T07:23:38.310Z,8,98.98,8,100,62962,1025,61.97,62492,550,33.25,63492,79,4.78,1671,99,1654,4047,8,8
1668067664,2022-11-10 02:07:44 -0600,e3818ba6dd376889b83f2cc27f22945e14a47c2d,TX,48377,2,2022-11-09T01:00:00.000Z,FIPSCode,48377,0,2022-11-10T07:23:38.310Z,8,98.98,8,100,62962,1025,61.97,62492,550,33.25,63492,79,4.78,1671,99,1654,4047,8,8
1668067744,2022-11-10 02:09:04 -0600,82729781d8865d029284394d00ced9a958320c3b,TX,48377,2,2022-11-09T01:00:00.000Z,FIPSCode,48377,0,2022-11-10T07:23:38.310Z,8,98.98,8,100,62962,1025,61.97,62492,550,33.25,63492,79,4.78,1671,99,1654,4047,8,8
1668067784,2022-11-10 02:09:44 -0600,5d5507ec20ad79e5d3b3248af0b9fe36dca47199,TX,48377,2,2022-11-09T01:00:00.000Z,FIPSCode,48377,0,2022-11-10T07:23:38.310Z,8,98.98,8,100,62962,1025,61.97,62492,550,33.25,63492,79,4.78,1671,99,1654,4047,8,8
1668067824,2022-11-10 02:10:24 -0600,03616ffa2e35fd1654bfce664ce42900738c1116,TX,48377,2,2022-11-09T01:00:00.000Z,FIPSCode,48377,0,2022-11-10T07:23:38.310Z,8,98.98,8,100,62962,1025,61.97,62492,550,33.25,63492,79,4.78,1671,99,1654,4047,8,8
1668067865,2022-11-10 02:11:05 -0600,18068d73233b12c0ae135d12acf632a8597744e9,TX,48377,2,2022-11-09T01:00:00.000Z,FIPSCode,48377,0,2022-11-10T08:10:39.499Z,8,98.98,8,100,62962,1025,61.97,62492,550,33.25,63492,79,4.78,1671,99,1654,4047,8,8
1668067904,2022-11-10 02:11:44 -0600,8023c265a3bcab6a513dfd2f10012eac4f25ffec,TX,48377,2,2022-11-09T01:00:00.000Z,FIPSCode,48377,0,2022-11-10T08:11:17.578Z,8,98.98,8,100,62962,1025,61.97,62492,550,33.25,63492,79,4.78,1671,99,1654,4047,8,8
1668067945,2022-11-10 02:12:25 -0600,d1130f6e740a08935bee246008c5a6c8d519d550,TX,48377,2,2022-11-09T01:00:00.000Z,FIPSCode,48377,0,2022-11-10T08:11:17.578Z,8,98.98,8,100,62962,1025,61.97,62492,550,33.25,63492,79,4.78,1671,99,1654,4047,8,8
1668067985,2022-11-10 02:13:05 -0600,b07b38f8d56e48e08b0944ae960f9770b39a1bee,TX,48377,2,2022-11-09T01:00:00.000Z,FIPSCode,48377,0,2022-11-10T08:11:17.578Z,8,98.98,8,100,62962,1025,61.97,62492,550,33.25,63492,79,4.78,1671,99,1654,4047,8,8
1668068024,2022-11-10 02:13:44 -0600,7f44476f4b904f7622c7a333dec4afbabae2e485,TX,48377,2,2022-11-09T01:00:00.000Z,FIPSCode,48377,0,2022-11-10T08:12:58.166Z,8,98.98,8,100,62962,1025,61.97,62492,550,33.25,63492,79,4.78,1671,99,1654,4047,8,8
1668068064,2022-11-10 02:14:24 -0600,6e9d9b6a0c2b7197fc237133a1197081a75a553b,TX,48377,2,2022-11-09T01:00:00.000Z,FIPSCode,48377,0,2022-11-10T08:13:38.539Z,8,98.98,8,100,62962,1025,61.97,62492,550,33.25,63492,79,4.78,1671,99,1654,4047,8,8
1668068104,2022-11-10 02:15:04 -0600,6dcd3fde67cc44b13fcdea87a630f40f2410646a,TX,48377,2,2022-11-09T01:00:00.000Z,FIPSCode,48377,0,2022-11-10T08:13:38.539Z,8,98.98,8,100,62962,1025,61.97,62492,550,33.25,63492,79,4.78,1671,99,1654,4047,8,8
1668068143,2022-11-10 02:15:43 -0600,930a1aa20c265a1e93b903354ef4f96260697574,TX,48377,2,2022-11-09T01:00:00.000Z,FIPSCode,48377,0,2022-11-10T08:13:38.539Z,8,98.98,8,100,62962,1025,61.97,62492,550,33.25,63492,79,4.78,1671,99,1654,4047,8,8
1668068183,2022-11-10 02:16:23 -0600,fc39d7c4027007233f32a1e473545ebf4bded12f,TX,48377,2,2022-11-09T01:00:00.000Z,FIPSCode,48377,0,2022-11-10T08:13:38.539Z,8,98.98,8,100,62962,1025,61.97,62492,550,33.25,63492,79,4.78,1671,99,1654,4047,8,8
1668068222,2022-11-10 02:17:02 -0600,8a63b0ffa344a2444bebaf0bde41ff720c69ac09,TX,48377,2,2022-11-09T01:00:00.000Z,FIPSCode,48377,0,2022-11-10T08:13:38.539Z,8,98.98,8,100,62962,1025,61.97,62492,550,33.25,63492,79,4.78,1671,99,1654,4047,8,8
1668068263,2022-11-10 02:17:43 -0600,50ee10f11ba2f3cfd4520aaeed1f30214311d696,TX,48377,2,2022-11-09T01:00:00.000Z,FIPSCode,48377,0,2022-11-10T08:13:38.539Z,8,98.98,8,100,62962,1025,61.97,62492,550,33.25,63492,79,4.78,1671,99,1654,4047,8,8
1668068344,2022-11-10 02:19:04 -0600,413acd4acf26801098a5fa5972d41704a24de52e,TX,48377,2,2022-11-09T01:00:00.000Z,FIPSCode,48377,0,2022-11-10T08:13:38.539Z,8,98.98,8,100,62962,1025,61.97,62492,550,33.25,63492,79,4.78,1671,99,1654,4047,8,8
1668068383,2022-11-10 02:19:43 -0600,a0ccdfc73fc62769d89023046414ce7a677c9f62,TX,48377,2,2022-11-09T01:00:00.000Z,FIPSCode,48377,0,2022-11-10T08:13:38.539Z,8,98.98,8,100,62962,1025,61.97,62492,550,33.25,63492,79,4.78,1671,99,1654,4047,8,8
1668068424,2022-11-10 02:20:24 -0600,52f6bfa89d4bdac30d31d56d8f32261116ca3f95,TX,48377,2,2022-11-09T01:00:00.000Z,FIPSCode,48377,0,2022-11-10T08:13:38.539Z,8,98.98,8,100,62962,1025,61.97,62492,550,33.25,63492,79,4.78,1671,99,1654,4047,8,8
1668068463,2022-11-10 02:21:03 -0600,46af92bc4210475f0c3a29abceaa7d35be8d2c82,TX,48377,2,2022-11-09T01:00:00.000Z,FIPSCode,48377,0,2022-11-10T08:13:38.539Z,8,98.98,8,100,62962,1025,61.97,62492,550,33.25,63492,79,4.78,1671,99,1654,4047,8,8
1668068503,2022-11-10 02:21:43 -0600,5dc24fbf6ad4f2b5436fb1e29d0f7a6ac2020818,TX,48377,2,2022-11-09T01:00:00.000Z,FIPSCode,48377,0,2022-11-10T08:13:38.539Z,8,98.98,8,100,62962,1025,61.97,62492,550,33.25,63492,79,4.78,1671,99,1654,4047,8,8
1668068541,2022-11-10 02:22:21 -0600,187bf673b6d4449bf88bea7b863e5c4eff5b48d7,TX,48377,2,2022-11-09T01:00:00.000Z,FIPSCode,48377,0,2022-11-10T08:13:38.539Z,8,98.98,8,100,62962,1025,61.97,62492,550,33.25,63492,79,4.78,1671,99,1654,4047,8,8
1668068581,2022-11-10 02:23:01 -0600,a60e38face7be8f1829758b1cb586e00d474fac8,TX,48377,2,2022-11-09T01:00:00.000Z,FIPSCode,48377,0,2022-11-10T08:13:38.539Z,8,98.98,8,100,62962,1025,61.97,62492,550,33.25,63492,79,4.78,1671,99,1654,4047,8,8
1668068700,2022-11-10 02:25:00 -0600,88e733b10915cddf4eef5d2939538a6633c95f97,TX,48377,2,2022-11-09T01:00:00.000Z,FIPSCode,48377,0,2022-11-10T08:13:38.539Z,8,98.98,8,100,62962,1025,61.97,62492,550,33.25,63492,79,4.78,1671,99,1654,4047,8,8
1668068741,2022-11-10 02:25:41 -0600,cbe795777eddf3abd44796f9fb0fc28668aaea81,TX,48377,2,2022-11-09T01:00:00.000Z,FIPSCode,48377,0,2022-11-10T08:13:38.539Z,8,98.98,8,100,62962,1025,61.97,62492,550,33.25,63492,79,4.78,1671,99,1654,4047,8,8
1668068822,2022-11-10 02:27:02 -0600,a282e073ae8443157947433c41de2b2ecac6e46d,TX,48377,2,2022-11-09T01:00:00.000Z,FIPSCode,48377,0,2022-11-10T08:13:38.539Z,8,98.98,8,100,62962,1025,61.97,62492,550,33.25,63492,79,4.78,1671,99,1654,4047,8,8
1668068862,2022-11-10 02:27:42 -0600,a1a64bb43a59c8ba47bb87a0e3475c1b3ae2df3c,TX,48377,2,2022-11-09T01:00:00.000Z,FIPSCode,48377,0,2022-11-10T08:13:38.539Z,8,98.98,8,100,62962,1025,61.97,62492,550,33.25,63492,79,4.78,1671,99,1654,4047,8,8
1668068903,2022-11-10 02:28:23 -0600,15dc884501d9df316d9bdc4cf5d380f1e56f02bd,TX,48377,2,2022-11-09T01:00:00.000Z,FIPSCode,48377,0,2022-11-10T08:13:38.539Z,8,98.98,8,100,62962,1025,61.97,62492,550,33.25,63492,79,4.78,1671,99,1654,4047,8,8
1668068942,2022-11-10 02:29:02 -0600,f226e35dba6e6f058f1cfcf4d8e557c6a7024302,TX,48377,2,2022-11-09T01:00:00.000Z,FIPSCode,48377,0,2022-11-10T08:13:38.539Z,8,98.98,8,100,62962,1025,61.97,62492,550,33.25,63492,79,4.78,1671,99,1654,4047,8,8
1668068983,2022-11-10 02:29:43 -0600,4d2ca4364a53fb7a93c6eb7afd9905acaed9c052,TX,48377,2,2022-11-09T01:00:00.000Z,FIPSCode,48377,0,2022-11-10T08:13:38.539Z,8,98.98,8,100,62962,1025,61.97,62492,550,33.25,63492,79,4.78,1671,99,1654,4047,8,8
1668069063,2022-11-10 02:31:03 -0600,00e6ff97135441bf6054fbe71c13e356d248a080,TX,48377,2,2022-11-09T01:00:00.000Z,FIPSCode,48377,0,2022-11-10T08:13:38.539Z,8,98.98,8,100,62962,1025,61.97,62492,550,33.25,63492,79,4.78,1671,99,1654,4047,8,8
1668069183,2022-11-10 02:33:03 -0600,e31f6db5f1274b27878458caf1610c0afc33d8b3,TX,48377,2,2022-11-09T01:00:00.000Z,FIPSCode,48377,0,2022-11-10T08:13:38.539Z,8,98.98,8,100,62962,1025,61.97,62492,550,33.25,63492,79,4.78,1671,99,1654,4047,8,8
1668069221,2022-11-10 02:33:41 -0600,4e369788443df0fdd539cb767e35d60c235a19bf,TX,48377,2,2022-11-09T01:00:00.000Z,FIPSCode,48377,0,2022-11-10T08:33:19.131Z,8,98.98,8,100,62962,1025,61.97,62492,550,33.25,63492,79,4.78,1671,99,1654,4047,8,8
1668069300,2022-11-10 02:35:00 -0600,b2dc69bf00ee5dca957d073eeaa6dacfbf1c9ff6,TX,48377,2,2022-11-09T01:00:00.000Z,FIPSCode,48377,0,2022-11-10T08:34:38.227Z,8,98.98,8,100,62962,1025,61.97,62492,550,33.25,63492,79,4.78,1671,99,1654,4047,8,8
1668069340,2022-11-10 02:35:40 -0600,889f39a4d699a0a3b19930fc6d43db839094d6aa,TX,48377,2,2022-11-09T01:00:00.000Z,FIPSCode,48377,0,2022-11-10T08:34:38.227Z,8,98.98,8,100,62962,1025,61.97,62492,550,33.25,63492,79,4.78,1671,99,1654,4047,8,8
1668069379,2022-11-10 02:36:19 -0600,231a2ee6532ba9ef458640b84aa1bf5086c72593,TX,48377,2,2022-11-09T01:00:00.000Z,FIPSCode,48377,0,2022-11-10T08:34:38.227Z,8,98.98,8,100,62962,1025,61.97,62492,550,33.25,63492,79,4.78,1671,99,1654,4047,8,8
1668069420,2022-11-10 02:37:00 -0600,eba64733ebab366187d2552a526a4718bfd2d4d8,TX,48377,2,2022-11-09T01:00:00.000Z,FIPSCode,48377,0,2022-11-10T08:34:38.227Z,8,98.98,8,100,62962,1025,61.97,62492,550,33.25,63492,79,4.78,1671,99,1654,4047,8,8
1668069459,2022-11-10 02:37:39 -0600,694ab8404e672c63834c4442c53db6128f7e380c,TX,48377,2,2022-11-09T01:00:00.000Z,FIPSCode,48377,0,2022-11-10T08:34:38.227Z,8,98.98,8,100,62962,1025,61.97,62492,550,33.25,63492,79,4.78,1671,99,1654,4047,8,8
1668069499,2022-11-10 02:38:19 -0600,913ad35acc1ccfcc06d3750e23e89a97cbe11023,TX,48377,2,2022-11-09T01:00:00.000Z,FIPSCode,48377,0,2022-11-10T08:34:38.227Z,8,98.98,8,100,62962,1025,61.97,62492,550,33.25,63492,79,4.78,1671,99,1654,4047,8,8
1668069538,2022-11-10 02:38:58 -0600,f093e1e7063a98baf5716c6e787e69dbb19127d0,TX,48377,2,2022-11-09T01:00:00.000Z,FIPSCode,48377,0,2022-11-10T08:34:38.227Z,8,98.98,8,100,62962,1025,61.97,62492,550,33.25,63492,79,4.78,1671,99,1654,4047,8,8
1668069658,2022-11-10 02:40:58 -0600,01f35ef0e4586c0c933871d8bfb654866985b6d1,TX,48377,2,2022-11-09T01:00:00.000Z,FIPSCode,48377,0,2022-11-10T08:34:38.227Z,8,98.98,8,100,62962,1025,61.97,62492,550,33.25,63492,79,4.78,1671,99,1654,4047,8,8
1668069697,2022-11-10 02:41:37 -0600,e8df7e7049cb0aac19dc72a02332a5b47a53c197,TX,48377,2,2022-11-09T01:00:00.000Z,FIPSCode,48377,0,2022-11-10T08:34:38.227Z,8,98.98,8,100,62962,1025,61.97,62492,550,33.25,63492,79,4.78,1671,99,1654,4047,8,8
1668069775,2022-11-10 02:42:55 -0600,f3663564254daabe1b38e939e867cfb9e5415ef2,TX,48377,2,2022-11-09T01:00:00.000Z,FIPSCode,48377,0,2022-11-10T08:34:38.227Z,8,98.98,8,100,62962,1025,61.97,62492,550,33.25,63492,79,4.78,1671,99,1654,4047,8,8
1668069815,2022-11-10 02:43:35 -0600,04be2a18fd442e74bdb80f932be2f617639f2437,TX,48377,2,2022-11-09T01:00:00.000Z,FIPSCode,48377,0,2022-11-10T08:34:38.227Z,8,98.98,8,100,62962,1025,61.97,62492,550,33.25,63492,79,4.78,1671,99,1654,4047,8,8
1668069854,2022-11-10 02:44:14 -0600,7169b1a726d06ee993860267e3accbd3d399f526,TX,48377,2,2022-11-09T01:00:00.000Z,FIPSCode,48377,0,2022-11-10T08:34:38.227Z,8,98.98,8,100,62962,1025,61.97,62492,550,33.25,63492,79,4.78,1671,99,1654,4047,8,8
1668069894,2022-11-10 02:44:54 -0600,bb6862bd39b61a88398be1cd9292d466c51e8018,TX,48377,2,2022-11-09T01:00:00.000Z,FIPSCode,48377,0,2022-11-10T08:34:38.227Z,8,98.98,8,100,62962,1025,61.97,62492,550,33.25,63492,79,4.78,1671,99,1654,4047,8,8
1668069974,2022-11-10 02:46:14 -0600,5e782b9f7a08eba8793656c73d8a82cf1bc615dd,TX,48377,2,2022-11-09T01:00:00.000Z,FIPSCode,48377,0,2022-11-10T08:34:38.227Z,8,98.98,8,100,62962,1025,61.97,62492,550,33.25,63492,79,4.78,1671,99,1654,4047,8,8
1668070095,2022-11-10 02:48:15 -0600,89ec76b6567edae96e56c8faa81e3ec7888dfb30,TX,48377,2,2022-11-09T01:00:00.000Z,FIPSCode,48377,0,2022-11-10T08:34:38.227Z,8,98.98,8,100,62962,1025,61.97,62492,550,33.25,63492,79,4.78,1671,99,1654,4047,8,8
1668070176,2022-11-10 02:49:36 -0600,931cd4c53e12941341d54085a8a88383c6efdaa6,TX,48377,2,2022-11-09T01:00:00.000Z,FIPSCode,48377,0,2022-11-10T08:34:38.227Z,8,98.98,8,100,62962,1025,61.97,62492,550,33.25,63492,79,4.78,1671,99,1654,4047,8,8
1668070255,2022-11-10 02:50:55 -0600,995a3035c031c0be239f72ff17ecff4f694dac5e,TX,48377,2,2022-11-09T01:00:00.000Z,FIPSCode,48377,0,2022-11-10T08:34:38.227Z,8,98.98,8,100,62962,1025,61.97,62492,550,33.25,63492,79,4.78,1671,99,1654,4047,8,8
1668070334,2022-11-10 02:52:14 -0600,73de2a31427453b9bac8a51fd4b8ee365752ff00,TX,48377,2,2022-11-09T01:00:00.000Z,FIPSCode,48377,0,2022-11-10T08:34:38.227Z,8,98.98,8,100,62962,1025,61.97,62492,550,33.25,63492,79,4.78,1671,99,1654,4047,8,8
1668070373,2022-11-10 02:52:53 -0600,cd66b278823bb6ade7fce3ce191db172d08463cc,TX,48377,2,2022-11-09T01:00:00.000Z,FIPSCode,48377,0,2022-11-10T08:34:38.227Z,8,98.98,8,100,62962,1025,61.97,62492,550,33.25,63492,79,4.78,1671,99,1654,4047,8,8
1668070413,2022-11-10 02:53:33 -0600,8bb3c35eb3c4fd295a60602cfa76f5459308863b,TX,48377,2,2022-11-09T01:00:00.000Z,FIPSCode,48377,0,2022-11-10T08:34:38.227Z,8,98.98,8,100,62962,1025,61.97,62492,550,33.25,63492,79,4.78,1671,99,1654,4047,8,8
1668070496,2022-11-10 02:54:56 -0600,7e1666ca5d8f2e99910cb3f26be190f53f9a8be5,TX,48377,2,2022-11-09T01:00:00.000Z,FIPSCode,48377,0,2022-11-10T08:34:38.227Z,8,98.98,8,100,62962,1025,61.97,62492,550,33.25,63492,79,4.78,1671,99,1654,4047,8,8
1668070537,2022-11-10 02:55:37 -0600,49e4f8e666e8cab7f4e84a868e3f0ba08c771e01,TX,48377,2,2022-11-09T01:00:00.000Z,FIPSCode,48377,0,2022-11-10T08:34:38.227Z,8,98.98,8,100,62962,1025,61.97,62492,550,33.25,63492,79,4.78,1671,99,1654,4047,8,8
1668070576,2022-11-10 02:56:16 -0600,acbe80963b886c8fa8eba62809dde7e2b3c2b2fa,TX,48377,2,2022-11-09T01:00:00.000Z,FIPSCode,48377,0,2022-11-10T08:34:38.227Z,8,98.98,8,100,62962,1025,61.97,62492,550,33.25,63492,79,4.78,1671,99,1654,4047,8,8
1668070613,2022-11-10 02:56:53 -0600,08d3860a9777b3b86bf4d7bab44b8d09622fa698,TX,48377,2,2022-11-09T01:00:00.000Z,FIPSCode,48377,0,2022-11-10T08:34:38.227Z,8,98.98,8,100,62962,1025,61.97,62492,550,33.25,63492,79,4.78,1671,99,1654,4047,8,8
1668070654,2022-11-10 02:57:34 -0600,895302b5cb0e39adfef652b638b5c8fd627e969a,TX,48377,2,2022-11-09T01:00:00.000Z,FIPSCode,48377,0,2022-11-10T08:34:38.227Z,8,98.98,8,100,62962,1025,61.97,62492,550,33.25,63492,79,4.78,1671,99,1654,4047,8,8
1668070694,2022-11-10 02:58:14 -0600,2d567d58f3bb7029e9b2695cffde9cdf2173844b,TX,48377,2,2022-11-09T01:00:00.000Z,FIPSCode,48377,0,2022-11-10T08:34:38.227Z,8,98.98,8,100,62962,1025,61.97,62492,550,33.25,63492,79,4.78,1671,99,1654,4047,8,8
1668070734,2022-11-10 02:58:54 -0600,9d7d585ae41b3664f897e07ecd347f922c290706,TX,48377,2,2022-11-09T01:00:00.000Z,FIPSCode,48377,0,2022-11-10T08:34:38.227Z,8,98.98,8,100,62962,1025,61.97,62492,550,33.25,63492,79,4.78,1671,99,1654,4047,8,8
1668070774,2022-11-10 02:59:34 -0600,db799ee366204cbc878f547d6b112728d1304c7d,TX,48377,2,2022-11-09T01:00:00.000Z,FIPSCode,48377,0,2022-11-10T08:34:38.227Z,8,98.98,8,100,62962,1025,61.97,62492,550,33.25,63492,79,4.78,1671,99,1654,4047,8,8
1668070853,2022-11-10 03:00:53 -0600,4ff985cbb505e8803a02000234a693f3b981b256,TX,48377,2,2022-11-09T01:00:00.000Z,FIPSCode,48377,0,2022-11-10T08:34:38.227Z,8,98.98,8,100,62962,1025,61.97,62492,550,33.25,63492,79,4.78,1671,99,1654,4047,8,8
1668070892,2022-11-10 03:01:32 -0600,2d66d8e6b8e090ae8abc4a7c893f187b47b2d21a,TX,48377,2,2022-11-09T01:00:00.000Z,FIPSCode,48377,0,2022-11-10T08:34:38.227Z,8,98.98,8,100,62962,1025,61.97,62492,550,33.25,63492,79,4.78,1671,99,1654,4047,8,8
1668070932,2022-11-10 03:02:12 -0600,86c92e7de1eca63e96cad0e3736a22b091cb74cb,TX,48377,2,2022-11-09T01:00:00.000Z,FIPSCode,48377,0,2022-11-10T08:34:38.227Z,8,98.98,8,100,62962,1025,61.97,62492,550,33.25,63492,79,4.78,1671,99,1654,4047,8,8
1668070973,2022-11-10 03:02:53 -0600,f5d4865a8faab47b72b366fc4ee95c3b6c1490b7,TX,48377,2,2022-11-09T01:00:00.000Z,FIPSCode,48377,0,2022-11-10T08:34:38.227Z,8,98.98,8,100,62962,1025,61.97,62492,550,33.25,63492,79,4.78,1671,99,1654,4047,8,8
1668071012,2022-11-10 03:03:32 -0600,231e2de2c87ebe1cfeeea56f5f4e6d74c6b73a86,TX,48377,2,2022-11-09T01:00:00.000Z,FIPSCode,48377,0,2022-11-10T08:34:38.227Z,8,98.98,8,100,62962,1025,61.97,62492,550,33.25,63492,79,4.78,1671,99,1654,4047,8,8
1668071091,2022-11-10 03:04:51 -0600,4893703ae4bb2becfc95c3cd6e6cd8d72224b6fd,TX,48377,2,2022-11-09T01:00:00.000Z,FIPSCode,48377,0,2022-11-10T08:34:38.227Z,8,98.98,8,100,62962,1025,61.97,62492,550,33.25,63492,79,4.78,1671,99,1654,4047,8,8
1668071170,2022-11-10 03:06:10 -0600,4163afecc7f57f707fa581259b0117fd2388833f,TX,48377,2,2022-11-09T01:00:00.000Z,FIPSCode,48377,0,2022-11-10T08:34:38.227Z,8,98.98,8,100,62962,1025,61.97,62492,550,33.25,63492,79,4.78,1671,99,1654,4047,8,8
1668071208,2022-11-10 03:06:48 -0600,67e61bb93f5acfe746a1e85364e93036cad6d876,TX,48377,2,2022-11-09T01:00:00.000Z,FIPSCode,48377,0,2022-11-10T08:34:38.227Z,8,98.98,8,100,62962,1025,61.97,62492,550,33.25,63492,79,4.78,1671,99,1654,4047,8,8
1668071248,2022-11-10 03:07:28 -0600,952a464532f6a6fd1e3b4067f0488f6919cba155,TX,48377,2,2022-11-09T01:00:00.000Z,FIPSCode,48377,0,2022-11-10T08:34:38.227Z,8,98.98,8,100,62962,1025,61.97,62492,550,33.25,63492,79,4.78,1671,99,1654,4047,8,8
1668071288,2022-11-10 03:08:08 -0600,af0d9ec1fb63646f9f4bcfee0035c3bf7d2ed1d2,TX,48377,2,2022-11-09T01:00:00.000Z,FIPSCode,48377,0,2022-11-10T08:34:38.227Z,8,98.98,8,100,62962,1025,61.97,62492,550,33.25,63492,79,4.78,1671,99,1654,4047,8,8
1668071327,2022-11-10 03:08:47 -0600,ba915ba6dfab995268355b8cac3a2c8bf9a1d2f3,TX,48377,2,2022-11-09T01:00:00.000Z,FIPSCode,48377,0,2022-11-10T08:34:38.227Z,8,98.98,8,100,62962,1025,61.97,62492,550,33.25,63492,79,4.78,1671,99,1654,4047,8,8
1668071404,2022-11-10 03:10:04 -0600,3ef72b8f18306a9ccb4f76f137de4ca04ff46da5,TX,48377,2,2022-11-09T01:00:00.000Z,FIPSCode,48377,0,2022-11-10T08:34:38.227Z,8,98.98,8,100,62962,1025,61.97,62492,550,33.25,63492,79,4.78,1671,99,1654,4047,8,8
1668071444,2022-11-10 03:10:44 -0600,459db775f15f680e39bd4f8e6aeb9e13158bae2a,TX,48377,2,2022-11-09T01:00:00.000Z,FIPSCode,48377,0,2022-11-10T08:34:38.227Z,8,98.98,8,100,62962,1025,61.97,62492,550,33.25,63492,79,4.78,1671,99,1654,4047,8,8
1668071484,2022-11-10 03:11:24 -0600,3c0761848db94e534b40c9a3a6dec565ec62568a,TX,48377,2,2022-11-09T01:00:00.000Z,FIPSCode,48377,0,2022-11-10T08:34:38.227Z,8,98.98,8,100,62962,1025,61.97,62492,550,33.25,63492,79,4.78,1671,99,1654,4047,8,8
1668071523,2022-11-10 03:12:03 -0600,efc2be32ac93c2f80f897510030dbd825149b076,TX,48377,2,2022-11-09T01:00:00.000Z,FIPSCode,48377,0,2022-11-10T09:11:18.447Z,8,98.98,8,100,62962,1025,61.97,62492,550,33.25,63492,79,4.78,1671,99,1654,4047,8,8
1668071642,2022-11-10 03:14:02 -0600,9a364e9969b94f8e0268ec42f15c85e4623ac80a,TX,48377,2,2022-11-09T01:00:00.000Z,FIPSCode,48377,0,2022-11-10T09:12:36.026Z,8,98.98,8,100,62962,1025,61.97,62492,550,33.25,63492,79,4.78,1671,99,1654,4047,8,8
1668071682,2022-11-10 03:14:42 -0600,b2bf5ee19560655f8e84d265cf78d6d37d751381,TX,48377,2,2022-11-09T01:00:00.000Z,FIPSCode,48377,0,2022-11-10T09:14:16.222Z,8,98.98,8,100,62962,1025,61.97,62492,550,33.25,63492,79,4.78,1671,99,1654,4047,8,8
1668071721,2022-11-10 03:15:21 -0600,07847e431ad2d89ba23b4d84660d9f2db5704841,TX,48377,2,2022-11-09T01:00:00.000Z,FIPSCode,48377,0,2022-11-10T09:14:16.222Z,8,98.98,8,100,62962,1025,61.97,62492,550,33.25,63492,79,4.78,1671,99,1654,4047,8,8
1668071761,2022-11-10 03:16:01 -0600,8059074bed3f461e2041c35123fc3c978abebb85,TX,48377,2,2022-11-09T01:00:00.000Z,FIPSCode,48377,0,2022-11-10T09:14:16.222Z,8,98.98,8,100,62962,1025,61.97,62492,550,33.25,63492,79,4.78,1671,99,1654,4047,8,8
1668071841,2022-11-10 03:17:21 -0600,73e89d5c9907ca939ff9af7ce95e7eb04e1e32b4,TX,48377,2,2022-11-09T01:00:00.000Z,FIPSCode,48377,0,2022-11-10T09:14:16.222Z,8,98.98,8,100,62962,1025,61.97,62492,550,33.25,63492,79,4.78,1671,99,1654,4047,8,8
1668071922,2022-11-10 03:18:42 -0600,90d7d37de62f767952e89acf0feb783b1f77607c,TX,48377,2,2022-11-09T01:00:00.000Z,FIPSCode,48377,0,2022-11-10T09:14:16.222Z,8,98.98,8,100,62962,1025,61.97,62492,550,33.25,63492,79,4.78,1671,99,1654,4047,8,8
1668072003,2022-11-10 03:20:03 -0600,75edefe6e427a0e0541b0b8e44b16a81b5bb7828,TX,48377,2,2022-11-09T01:00:00.000Z,FIPSCode,48377,0,2022-11-10T09:14:16.222Z,8,98.98,8,100,62962,1025,61.97,62492,550,33.25,63492,79,4.78,1671,99,1654,4047,8,8
1668072042,2022-11-10 03:20:42 -0600,9560fb360638550f4a3cfe7ed8766efa92c2bca6,TX,48377,2,2022-11-09T01:00:00.000Z,FIPSCode,48377,0,2022-11-10T09:14:16.222Z,8,98.98,8,100,62962,1025,61.97,62492,550,33.25,63492,79,4.78,1671,99,1654,4047,8,8
1668072123,2022-11-10 03:22:03 -0600,88f09d271051fb5a74afa1703778fd9ff2b46c01,TX,48377,2,2022-11-09T01:00:00.000Z,FIPSCode,48377,0,2022-11-10T09:14:16.222Z,8,98.98,8,100,62962,1025,61.97,62492,550,33.25,63492,79,4.78,1671,99,1654,4047,8,8
1668072204,2022-11-10 03:23:24 -0600,cf935d1dbd5b7d55c9ef20643cc7adc90c50b962,TX,48377,2,2022-11-09T01:00:00.000Z,FIPSCode,48377,0,2022-11-10T09:14:16.222Z,8,98.98,8,100,62962,1025,61.97,62492,550,33.25,63492,79,4.78,1671,99,1654,4047,8,8
1668072243,2022-11-10 03:24:03 -0600,af637fdd44db8647b1c367067b4f00e9a2af8048,TX,48377,2,2022-11-09T01:00:00.000Z,FIPSCode,48377,0,2022-11-10T09:14:16.222Z,8,98.98,8,100,62962,1025,61.97,62492,550,33.25,63492,79,4.78,1671,99,1654,4047,8,8
1668072283,2022-11-10 03:24:43 -0600,dd3d1d1b699ce4e45c8cc34743bdac4559cca000,TX,48377,2,2022-11-09T01:00:00.000Z,FIPSCode,48377,0,2022-11-10T09:24:17.810Z,8,98.98,8,100,62962,1025,61.97,62492,550,33.25,63492,79,4.78,1671,99,1654,4047,8,8
1668072322,2022-11-10 03:25:22 -0600,fb62827a04f7870189cd470723f67ffc73e5543b,TX,48377,2,2022-11-09T01:00:00.000Z,FIPSCode,48377,0,2022-11-10T09:24:17.810Z,8,98.98,8,100,62962,1025,61.97,62492,550,33.25,63492,79,4.78,1671,99,1654,4047,8,8
1668072362,2022-11-10 03:26:02 -0600,0f0fc4ed086ddcfacc3aac8f7716816ba67801b9,TX,48377,2,2022-11-09T01:00:00.000Z,FIPSCode,48377,0,2022-11-10T09:25:17.252Z,8,98.98,8,100,62962,1025,61.97,62492,550,33.25,63492,79,4.78,1671,99,1654,4047,8,8
1668072401,2022-11-10 03:26:41 -0600,7a047fbeb81009d636e9be9a9447d20f0b8cf66e,TX,48377,2,2022-11-09T01:00:00.000Z,FIPSCode,48377,0,2022-11-10T09:25:17.252Z,8,98.98,8,100,62962,1025,61.97,62492,550,33.25,63492,79,4.78,1671,99,1654,4047,8,8
1668072441,2022-11-10 03:27:21 -0600,d2648964f2022e5f460741f96927a8ca79ba231e,TX,48377,2,2022-11-09T01:00:00.000Z,FIPSCode,48377,0,2022-11-10T09:25:17.252Z,8,98.98,8,100,62962,1025,61.97,62492,550,33.25,63492,79,4.78,1671,99,1654,4047,8,8
1668072481,2022-11-10 03:28:01 -0600,5d26460100931a5376af722f9b17e286e7431d87,TX,48377,2,2022-11-09T01:00:00.000Z,FIPSCode,48377,0,2022-11-10T09:25:17.252Z,8,98.98,8,100,62962,1025,61.97,62492,550,33.25,63492,79,4.78,1671,99,1654,4047,8,8
1668072521,2022-11-10 03:28:41 -0600,1c6220fc8e023a8751b53f01c0b69c73c47bfbb5,TX,48377,2,2022-11-09T01:00:00.000Z,FIPSCode,48377,0,2022-11-10T09:25:17.252Z,8,98.98,8,100,62962,1025,61.97,62492,550,33.25,63492,79,4.78,1671,99,1654,4047,8,8
1668072560,2022-11-10 03:29:20 -0600,b12fad31b3d08686fb6c9be56672a30c80f16ec1,TX,48377,2,2022-11-09T01:00:00.000Z,FIPSCode,48377,0,2022-11-10T09:29:01.469Z,8,98.98,8,100,62962,1025,61.97,62492,550,33.25,63492,79,4.78,1671,99,1654,4047,8,8
1668072600,2022-11-10 03:30:00 -0600,d3a7f178e74affb31d8a631be749ea38e80f590f,TX,48377,2,2022-11-09T01:00:00.000Z,FIPSCode,48377,0,2022-11-10T09:29:39.283Z,8,98.98,8,100,62962,1025,61.97,62492,550,33.25,63492,79,4.78,1671,99,1654,4047,8,8
1668072640,2022-11-10 03:30:40 -0600,f27fa908bd0e9ba131bf9b187738b1780e05b2d3,TX,48377,2,2022-11-09T01:00:00.000Z,FIPSCode,48377,0,2022-11-10T09:30:18.170Z,8,98.98,8,100,62962,1025,61.97,62492,550,33.25,63492,79,4.78,1671,99,1654,4047,8,8
1668072680,2022-11-10 03:31:20 -0600,d164c2b9435c5b398dc29d50fdfbe9bba57963c2,TX,48377,2,2022-11-09T01:00:00.000Z,FIPSCode,48377,0,2022-11-10T09:30:18.170Z,8,98.98,8,100,62962,1025,61.97,62492,550,33.25,63492,79,4.78,1671,99,1654,4047,8,8
1668072719,2022-11-10 03:31:59 -0600,b7bf14e6f64d519fd67a40d505d41345632ff6ef,TX,48377,2,2022-11-09T01:00:00.000Z,FIPSCode,48377,0,2022-11-10T09:30:18.170Z,8,98.98,8,100,62962,1025,61.97,62492,550,33.25,63492,79,4.78,1671,99,1654,4047,8,8
1668072760,2022-11-10 03:32:40 -0600,2faa0ea1e561f9466d8579646c5a7c60c3c2e38c,TX,48377,2,2022-11-09T01:00:00.000Z,FIPSCode,48377,0,2022-11-10T09:30:18.170Z,8,98.98,8,100,62962,1025,61.97,62492,550,33.25,63492,79,4.78,1671,99,1654,4047,8,8
1668072799,2022-11-10 03:33:19 -0600,08003753a180b8edab4bfd41d8f8f0938e7e3cee,TX,48377,2,2022-11-09T01:00:00.000Z,FIPSCode,48377,0,2022-11-10T09:30:18.170Z,8,98.98,8,100,62962,1025,61.97,62492,550,33.25,63492,79,4.78,1671,99,1654,4047,8,8
1668072838,2022-11-10 03:33:58 -0600,2f71f1952374ad35b7d3a4b9c8ef33570788dcaf,TX,48377,2,2022-11-09T01:00:00.000Z,FIPSCode,48377,0,2022-11-10T09:30:18.170Z,8,98.98,8,100,62962,1025,61.97,62492,550,33.25,63492,79,4.78,1671,99,1654,4047,8,8
1668072879,2022-11-10 03:34:39 -0600,c713ce3dde07c618cc5631d73c1b4e3f6aee41b5,TX,48377,2,2022-11-09T01:00:00.000Z,FIPSCode,48377,0,2022-11-10T09:30:18.170Z,8,98.98,8,100,62962,1025,61.97,62492,550,33.25,63492,79,4.78,1671,99,1654,4047,8,8
1668072920,2022-11-10 03:35:20 -0600,7c032dff10db2410055307d9ec1bb8c540f0187f,TX,48377,2,2022-11-09T01:00:00.000Z,FIPSCode,48377,0,2022-11-10T09:30:18.170Z,8,98.98,8,100,62962,1025,61.97,62492,550,33.25,63492,79,4.78,1671,99,1654,4047,8,8
1668072959,2022-11-10 03:35:59 -0600,cdd42bddbfb75f8ce9be82a9b20d2936061c9951,TX,48377,2,2022-11-09T01:00:00.000Z,FIPSCode,48377,0,2022-11-10T09:30:18.170Z,8,98.98,8,100,62962,1025,61.97,62492,550,33.25,63492,79,4.78,1671,99,1654,4047,8,8
1668072998,2022-11-10 03:36:38 -0600,9eebe7e87c0bd58288008f2b7e3bf0be43d4a494,TX,48377,2,2022-11-09T01:00:00.000Z,FIPSCode,48377,0,2022-11-10T09:30:18.170Z,8,98.98,8,100,62962,1025,61.97,62492,550,33.25,63492,79,4.78,1671,99,1654,4047,8,8
1668073038,2022-11-10 03:37:18 -0600,cf5f6dff5f4f69c6da52a7806530d85b2f49f544,TX,48377,2,2022-11-09T01:00:00.000Z,FIPSCode,48377,0,2022-11-10T09:30:18.170Z,8,98.98,8,100,62962,1025,61.97,62492,550,33.25,63492,79,4.78,1671,99,1654,4047,8,8
1668073078,2022-11-10 03:37:58 -0600,4d9cc4057ea35dd2f81e92c7e32e6fc21dfc396e,TX,48377,2,2022-11-09T01:00:00.000Z,FIPSCode,48377,0,2022-11-10T09:30:18.170Z,8,98.98,8,100,62962,1025,61.97,62492,550,33.25,63492,79,4.78,1671,99,1654,4047,8,8
1668073117,2022-11-10 03:38:37 -0600,0d0523b4931946dd4518679273efc24a8bce9cd4,TX,48377,2,2022-11-09T01:00:00.000Z,FIPSCode,48377,0,2022-11-10T09:30:18.170Z,8,98.98,8,100,62962,1025,61.97,62492,550,33.25,63492,79,4.78,1671,99,1654,4047,8,8
1668073159,2022-11-10 03:39:19 -0600,71eacd680201c171a1ae54831a8aa8738b402805,TX,48377,2,2022-11-09T01:00:00.000Z,FIPSCode,48377,0,2022-11-10T09:30:18.170Z,8,98.98,8,100,62962,1025,61.97,62492,550,33.25,63492,79,4.78,1671,99,1654,4047,8,8
1668073199,2022-11-10 03:39:59 -0600,528a3cb21f1559a9c12de7323df761fd2fef39e6,TX,48377,2,2022-11-09T01:00:00.000Z,FIPSCode,48377,0,2022-11-10T09:30:18.170Z,8,98.98,8,100,62962,1025,61.97,62492,550,33.25,63492,79,4.78,1671,99,1654,4047,8,8
1668073239,2022-11-10 03:40:39 -0600,29abc533556a75a496417fd2926250f7609ed07c,TX,48377,2,2022-11-09T01:00:00.000Z,FIPSCode,48377,0,2022-11-10T09:30:18.170Z,8,98.98,8,100,62962,1025,61.97,62492,550,33.25,63492,79,4.78,1671,99,1654,4047,8,8
1668073319,2022-11-10 03:41:59 -0600,3bf17965e49865fdebc12abd6bb428ee63ce1003,TX,48377,2,2022-11-09T01:00:00.000Z,FIPSCode,48377,0,2022-11-10T09:30:18.170Z,8,98.98,8,100,62962,1025,61.97,62492,550,33.25,63492,79,4.78,1671,99,1654,4047,8,8
1668073399,2022-11-10 03:43:19 -0600,502565e8cb4175a3558933bdd0d5ab37c866f39c,TX,48377,2,2022-11-09T01:00:00.000Z,FIPSCode,48377,0,2022-11-10T09:30:18.170Z,8,98.98,8,100,62962,1025,61.97,62492,550,33.25,63492,79,4.78,1671,99,1654,4047,8,8
1668073440,2022-11-10 03:44:00 -0600,2537b4a80ea6aa5c97658d5d85042ca57f31ede7,TX,48377,2,2022-11-09T01:00:00.000Z,FIPSCode,48377,0,2022-11-10T09:30:18.170Z,8,98.98,8,100,62962,1025,61.97,62492,550,33.25,63492,79,4.78,1671,99,1654,4047,8,8
1668073480,2022-11-10 03:44:40 -0600,eb7150c9c443f69412de0fae96d40633119a8fe0,TX,48377,2,2022-11-09T01:00:00.000Z,FIPSCode,48377,0,2022-11-10T09:30:18.170Z,8,98.98,8,100,62962,1025,61.97,62492,550,33.25,63492,79,4.78,1671,99,1654,4047,8,8
1668073559,2022-11-10 03:45:59 -0600,f8edda455885e0aa5e01ade7785559c1cb6e35bd,TX,48377,2,2022-11-09T01:00:00.000Z,FIPSCode,48377,0,2022-11-10T09:30:18.170Z,8,98.98,8,100,62962,1025,61.97,62492,550,33.25,63492,79,4.78,1671,99,1654,4047,8,8
1668073599,2022-11-10 03:46:39 -0600,1c44ec20faad7c4be923d4f307feebc4505c6889,TX,48377,2,2022-11-09T01:00:00.000Z,FIPSCode,48377,0,2022-11-10T09:30:18.170Z,8,98.98,8,100,62962,1025,61.97,62492,550,33.25,63492,79,4.78,1671,99,1654,4047,8,8
1668073638,2022-11-10 03:47:18 -0600,8f96d9dbd5fa96c9b1ca736c11c0c1e7bb2a11cb,TX,48377,2,2022-11-09T01:00:00.000Z,FIPSCode,48377,0,2022-11-10T09:30:18.170Z,8,98.98,8,100,62962,1025,61.97,62492,550,33.25,63492,79,4.78,1671,99,1654,4047,8,8
1668073678,2022-11-10 03:47:58 -0600,4e4ff0f59cfa9c38f15f145bdf834dc71ff405a2,TX,48377,2,2022-11-09T01:00:00.000Z,FIPSCode,48377,0,2022-11-10T09:30:18.170Z,8,98.98,8,100,62962,1025,61.97,62492,550,33.25,63492,79,4.78,1671,99,1654,4047,8,8
1668073717,2022-11-10 03:48:37 -0600,7a6b160224c2f028e87fbf632ce1d435ac030959,TX,48377,2,2022-11-09T01:00:00.000Z,FIPSCode,48377,0,2022-11-10T09:30:18.170Z,8,98.98,8,100,62962,1025,61.97,62492,550,33.25,63492,79,4.78,1671,99,1654,4047,8,8
1668073757,2022-11-10 03:49:17 -0600,c53ef56ddfe476772c3a2dd075a6ac4603ba6b8d,TX,48377,2,2022-11-09T01:00:00.000Z,FIPSCode,48377,0,2022-11-10T09:30:18.170Z,8,98.98,8,100,62962,1025,61.97,62492,550,33.25,63492,79,4.78,1671,99,1654,4047,8,8
1668073795,2022-11-10 03:49:55 -0600,4093e32978717cf24992c2b7048399a1f4dec5aa,TX,48377,2,2022-11-09T01:00:00.000Z,FIPSCode,48377,0,2022-11-10T09:30:18.170Z,8,98.98,8,100,62962,1025,61.97,62492,550,33.25,63492,79,4.78,1671,99,1654,4047,8,8
1668073836,2022-11-10 03:50:36 -0600,aaa65b657558e2ceeaf3bbabcdd9e8f383e8e800,TX,48377,2,2022-11-09T01:00:00.000Z,FIPSCode,48377,0,2022-11-10T09:30:18.170Z,8,98.98,8,100,62962,1025,61.97,62492,550,33.25,63492,79,4.78,1671,99,1654,4047,8,8
1668073916,2022-11-10 03:51:56 -0600,34267da4dfc77ca21ac5dfd1c051ba2ceb7bcb19,TX,48377,2,2022-11-09T01:00:00.000Z,FIPSCode,48377,0,2022-11-10T09:30:18.170Z,8,98.98,8,100,62962,1025,61.97,62492,550,33.25,63492,79,4.78,1671,99,1654,4047,8,8
1668073954,2022-11-10 03:52:34 -0600,1877faed61d47ae715fb1bd5523d63d238e3b0f4,TX,48377,2,2022-11-09T01:00:00.000Z,FIPSCode,48377,0,2022-11-10T09:30:18.170Z,8,98.98,8,100,62962,1025,61.97,62492,550,33.25,63492,79,4.78,1671,99,1654,4047,8,8
1668074034,2022-11-10 03:53:54 -0600,3154af9a4d8360164fc9b7d0dd94d4d63a3135a7,TX,48377,2,2022-11-09T01:00:00.000Z,FIPSCode,48377,0,2022-11-10T09:30:18.170Z,8,98.98,8,100,62962,1025,61.97,62492,550,33.25,63492,79,4.78,1671,99,1654,4047,8,8
1668074113,2022-11-10 03:55:13 -0600,a0ae0256b5c92c77fd3ee646eee9d4c4bdda6b9d,TX,48377,2,2022-11-09T01:00:00.000Z,FIPSCode,48377,0,2022-11-10T09:30:18.170Z,8,98.98,8,100,62962,1025,61.97,62492,550,33.25,63492,79,4.78,1671,99,1654,4047,8,8
1668074153,2022-11-10 03:55:53 -0600,dc4d25ad7e62b6cf9eefa25d44a84f12e500ec71,TX,48377,2,2022-11-09T01:00:00.000Z,FIPSCode,48377,0,2022-11-10T09:30:18.170Z,8,98.98,8,100,62962,1025,61.97,62492,550,33.25,63492,79,4.78,1671,99,1654,4047,8,8
1668074192,2022-11-10 03:56:32 -0600,3433a58407631351e3bae952545afc39e2310f31,TX,48377,2,2022-11-09T01:00:00.000Z,FIPSCode,48377,0,2022-11-10T09:30:18.170Z,8,98.98,8,100,62962,1025,61.97,62492,550,33.25,63492,79,4.78,1671,99,1654,4047,8,8
1668074231,2022-11-10 03:57:11 -0600,70d2c5fdd38901539c78f1b2857a33dede63bbe6,TX,48377,2,2022-11-09T01:00:00.000Z,FIPSCode,48377,0,2022-11-10T09:30:18.170Z,8,98.98,8,100,62962,1025,61.97,62492,550,33.25,63492,79,4.78,1671,99,1654,4047,8,8
1668074271,2022-11-10 03:57:51 -0600,da065843359ca583c0f657a57ee1a4cbfa56d049,TX,48377,2,2022-11-09T01:00:00.000Z,FIPSCode,48377,0,2022-11-10T09:30:18.170Z,8,98.98,8,100,62962,1025,61.97,62492,550,33.25,63492,79,4.78,1671,99,1654,4047,8,8
1668074349,2022-11-10 03:59:09 -0600,f5de72c1196a775e2f083d3b783b44b73522ffa6,TX,48377,2,2022-11-09T01:00:00.000Z,FIPSCode,48377,0,2022-11-10T09:30:18.170Z,8,98.98,8,100,62962,1025,61.97,62492,550,33.25,63492,79,4.78,1671,99,1654,4047,8,8
1668074388,2022-11-10 03:59:48 -0600,982216e1d737e13e2801ff359d0679fdb21497a8,TX,48377,2,2022-11-09T01:00:00.000Z,FIPSCode,48377,0,2022-11-10T09:30:18.170Z,8,98.98,8,100,62962,1025,61.97,62492,550,33.25,63492,79,4.78,1671,99,1654,4047,8,8
1668074428,2022-11-10 04:00:28 -0600,1c9f0551510cb8749c0126610ab2441b735f6348,TX,48377,2,2022-11-09T01:00:00.000Z,FIPSCode,48377,0,2022-11-10T09:30:18.170Z,8,98.98,8,100,62962,1025,61.97,62492,550,33.25,63492,79,4.78,1671,99,1654,4047,8,8
1668074467,2022-11-10 04:01:07 -0600,e5e283b1e9d12e8238c1f52eb954024ca84626bb,TX,48377,2,2022-11-09T01:00:00.000Z,FIPSCode,48377,0,2022-11-10T09:30:18.170Z,8,98.98,8,100,62962,1025,61.97,62492,550,33.25,63492,79,4.78,1671,99,1654,4047,8,8
1668074506,2022-11-10 04:01:46 -0600,15b32ccac469f4ae107688c64b41be9e1e9c3cd2,TX,48377,2,2022-11-09T01:00:00.000Z,FIPSCode,48377,0,2022-11-10T09:30:18.170Z,8,98.98,8,100,62962,1025,61.97,62492,550,33.25,63492,79,4.78,1671,99,1654,4047,8,8
1668074584,2022-11-10 04:03:04 -0600,2c68af46d03f6eaadfe5d138fe1f179db70ade3d,TX,48377,2,2022-11-09T01:00:00.000Z,FIPSCode,48377,0,2022-11-10T09:30:18.170Z,8,98.98,8,100,62962,1025,61.97,62492,550,33.25,63492,79,4.78,1671,99,1654,4047,8,8
1668074623,2022-11-10 04:03:43 -0600,b72daa08331dd7ec21ebd1ca06e662d1516a354e,TX,48377,2,2022-11-09T01:00:00.000Z,FIPSCode,48377,0,2022-11-10T09:30:18.170Z,8,98.98,8,100,62962,1025,61.97,62492,550,33.25,63492,79,4.78,1671,99,1654,4047,8,8
1668074663,2022-11-10 04:04:23 -0600,3091717bb75a7c19759651aaf75d2290028e3a8a,TX,48377,2,2022-11-09T01:00:00.000Z,FIPSCode,48377,0,2022-11-10T09:30:18.170Z,8,98.98,8,100,62962,1025,61.97,62492,550,33.25,63492,79,4.78,1671,99,1654,4047,8,8
1668074705,2022-11-10 04:05:05 -0600,31ffbd8ac0313120618743d28531246023be11c5,TX,48377,2,2022-11-09T01:00:00.000Z,FIPSCode,48377,0,2022-11-10T09:30:18.170Z,8,98.98,8,100,62962,1025,61.97,62492,550,33.25,63492,79,4.78,1671,99,1654,4047,8,8
1668074743,2022-11-10 04:05:43 -0600,b925e98e10d9ab96d31398a677a45430f178dd97,TX,48377,2,2022-11-09T01:00:00.000Z,FIPSCode,48377,0,2022-11-10T09:30:18.170Z,8,98.98,8,100,62962,1025,61.97,62492,550,33.25,63492,79,4.78,1671,99,1654,4047,8,8
1668074784,2022-11-10 04:06:24 -0600,df121ec546c8c77cae7e32f8af96c948b8020b9a,TX,48377,2,2022-11-09T01:00:00.000Z,FIPSCode,48377,0,2022-11-10T09:30:18.170Z,8,98.98,8,100,62962,1025,61.97,62492,550,33.25,63492,79,4.78,1671,99,1654,4047,8,8
1668074902,2022-11-10 04:08:22 -0600,26efd00d41751e6916504c1a8352dc238aa4ca29,TX,48377,2,2022-11-09T01:00:00.000Z,FIPSCode,48377,0,2022-11-10T09:30:18.170Z,8,98.98,8,100,62962,1025,61.97,62492,550,33.25,63492,79,4.78,1671,99,1654,4047,8,8
1668074941,2022-11-10 04:09:01 -0600,290117941da69a63411b222887f859dc41eae9ba,TX,48377,2,2022-11-09T01:00:00.000Z,FIPSCode,48377,0,2022-11-10T09:30:18.170Z,8,98.98,8,100,62962,1025,61.97,62492,550,33.25,63492,79,4.78,1671,99,1654,4047,8,8
1668074981,2022-11-10 04:09:41 -0600,097a65c9ff9f5d8ad5ad42fec0367f2b472e1e58,TX,48377,2,2022-11-09T01:00:00.000Z,FIPSCode,48377,0,2022-11-10T09:30:18.170Z,8,98.98,8,100,62962,1025,61.97,62492,550,33.25,63492,79,4.78,1671,99,1654,4047,8,8
1668075059,2022-11-10 04:10:59 -0600,144b491fd054217b4f552f2346aac04e02c801ff,TX,48377,2,2022-11-09T01:00:00.000Z,FIPSCode,48377,0,2022-11-10T09:30:18.170Z,8,98.98,8,100,62962,1025,61.97,62492,550,33.25,63492,79,4.78,1671,99,1654,4047,8,8
1668075180,2022-11-10 04:13:00 -0600,e47e2686407026ccab4177513df95867ce28eac2,TX,48377,2,2022-11-09T01:00:00.000Z,FIPSCode,48377,0,2022-11-10T09:30:18.170Z,8,98.98,8,100,62962,1025,61.97,62492,550,33.25,63492,79,4.78,1671,99,1654,4047,8,8
1668075219,2022-11-10 04:13:39 -0600,98c2e4dc5baf83a50e3d2d04b92ab838741e5994,TX,48377,2,2022-11-09T01:00:00.000Z,FIPSCode,48377,0,2022-11-10T09:30:18.170Z,8,98.98,8,100,62962,1025,61.97,62492,550,33.25,63492,79,4.78,1671,99,1654,4047,8,8
1668075300,2022-11-10 04:15:00 -0600,6c79aa8dfd4c6a5ef12d1e2ef8ab1f1cf0cf0d07,TX,48377,2,2022-11-09T01:00:00.000Z,FIPSCode,48377,0,2022-11-10T09:30:18.170Z,8,98.98,8,100,62962,1025,61.97,62492,550,33.25,63492,79,4.78,1671,99,1654,4047,8,8
1668075340,2022-11-10 04:15:40 -0600,5c622d8bba4e3727c99e9ef957233297036c0400,TX,48377,2,2022-11-09T01:00:00.000Z,FIPSCode,48377,0,2022-11-10T09:30:18.170Z,8,98.98,8,100,62962,1025,61.97,62492,550,33.25,63492,79,4.78,1671,99,1654,4047,8,8
1668075380,2022-11-10 04:16:20 -0600,9b5d0039c5fff636821ae21e540014c8e0cbdab6,TX,48377,2,2022-11-09T01:00:00.000Z,FIPSCode,48377,0,2022-11-10T09:30:18.170Z,8,98.98,8,100,62962,1025,61.97,62492,550,33.25,63492,79,4.78,1671,99,1654,4047,8,8
1668075420,2022-11-10 04:17:00 -0600,81ba2c22a2299cd7f36bb6c0acac89b2ed7f4318,TX,48377,2,2022-11-09T01:00:00.000Z,FIPSCode,48377,0,2022-11-10T09:30:18.170Z,8,98.98,8,100,62962,1025,61.97,62492,550,33.25,63492,79,4.78,1671,99,1654,4047,8,8
1668075459,2022-11-10 04:17:39 -0600,c4bde033a28fea2b07c6af327a4321790ee403ee,TX,48377,2,2022-11-09T01:00:00.000Z,FIPSCode,48377,0,2022-11-10T09:30:18.170Z,8,98.98,8,100,62962,1025,61.97,62492,550,33.25,63492,79,4.78,1671,99,1654,4047,8,8
1668075499,2022-11-10 04:18:19 -0600,7744a4156e7331eefb9b56da5ab5e30ba9d4a7cb,TX,48377,2,2022-11-09T01:00:00.000Z,FIPSCode,48377,0,2022-11-10T09:30:18.170Z,8,98.98,8,100,62962,1025,61.97,62492,550,33.25,63492,79,4.78,1671,99,1654,4047,8,8
1668075540,2022-11-10 04:19:00 -0600,a868f7c215e4045364c1f3ccefc2f6e7c503c250,TX,48377,2,2022-11-09T01:00:00.000Z,FIPSCode,48377,0,2022-11-10T09:30:18.170Z,8,98.98,8,100,62962,1025,61.97,62492,550,33.25,63492,79,4.78,1671,99,1654,4047,8,8
1668075580,2022-11-10 04:19:40 -0600,51706d6395d859abb75ef46d269af1d4a36cfeff,TX,48377,2,2022-11-09T01:00:00.000Z,FIPSCode,48377,0,2022-11-10T09:30:18.170Z,8,98.98,8,100,62962,1025,61.97,62492,550,33.25,63492,79,4.78,1671,99,1654,4047,8,8
1668075621,2022-11-10 04:20:21 -0600,100ab5c0f3078912da77453b139b450f807ed019,TX,48377,2,2022-11-09T01:00:00.000Z,FIPSCode,48377,0,2022-11-10T09:30:18.170Z,8,98.98,8,100,62962,1025,61.97,62492,550,33.25,63492,79,4.78,1671,99,1654,4047,8,8
1668075661,2022-11-10 04:21:01 -0600,51c16f3d093da49c496f33f5d2b31ad3f7e0a11a,TX,48377,2,2022-11-09T01:00:00.000Z,FIPSCode,48377,0,2022-11-10T09:30:18.170Z,8,98.98,8,100,62962,1025,61.97,62492,550,33.25,63492,79,4.78,1671,99,1654,4047,8,8
1668075701,2022-11-10 04:21:41 -0600,3f1ce43ee797745911f4d1e542f17b71021805ce,TX,48377,2,2022-11-09T01:00:00.000Z,FIPSCode,48377,0,2022-11-10T09:30:18.170Z,8,98.98,8,100,62962,1025,61.97,62492,550,33.25,63492,79,4.78,1671,99,1654,4047,8,8
1668075742,2022-11-10 04:22:22 -0600,4ecdfccad58b1906851c3edad223ab913fbcc2ac,TX,48377,2,2022-11-09T01:00:00.000Z,FIPSCode,48377,0,2022-11-10T09:30:18.170Z,8,98.98,8,100,62962,1025,61.97,62492,550,33.25,63492,79,4.78,1671,99,1654,4047,8,8
1668075781,2022-11-10 04:23:01 -0600,e1ddd774197ca138f416cb457ee2fc36ae55e100,TX,48377,2,2022-11-09T01:00:00.000Z,FIPSCode,48377,0,2022-11-10T09:30:18.170Z,8,98.98,8,100,62962,1025,61.97,62492,550,33.25,63492,79,4.78,1671,99,1654,4047,8,8
1668075821,2022-11-10 04:23:41 -0600,43880189c6fcc1092ca7a17c487a8d7a85f2ef56,TX,48377,2,2022-11-09T01:00:00.000Z,FIPSCode,48377,0,2022-11-10T09:30:18.170Z,8,98.98,8,100,62962,1025,61.97,62492,550,33.25,63492,79,4.78,1671,99,1654,4047,8,8
1668075861,2022-11-10 04:24:21 -0600,c16bf73d99470471a5207b076c671da41aa50f9b,TX,48377,2,2022-11-09T01:00:00.000Z,FIPSCode,48377,0,2022-11-10T09:30:18.170Z,8,98.98,8,100,62962,1025,61.97,62492,550,33.25,63492,79,4.78,1671,99,1654,4047,8,8
1668075900,2022-11-10 04:25:00 -0600,3343d8c3bb7c2b781fb7daaea837bfd3bfbf0f4f,TX,48377,2,2022-11-09T01:00:00.000Z,FIPSCode,48377,0,2022-11-10T09:30:18.170Z,8,98.98,8,100,62962,1025,61.97,62492,550,33.25,63492,79,4.78,1671,99,1654,4047,8,8
1668075940,2022-11-10 04:25:40 -0600,3f2ee00900c9a7f0c35f59bcbeac56810b5adc9c,TX,48377,2,2022-11-09T01:00:00.000Z,FIPSCode,48377,0,2022-11-10T09:30:18.170Z,8,98.98,8,100,62962,1025,61.97,62492,550,33.25,63492,79,4.78,1671,99,1654,4047,8,8
1668075979,2022-11-10 04:26:19 -0600,450633b9a35bd905c6baefbb4ad72868037eda42,TX,48377,2,2022-11-09T01:00:00.000Z,FIPSCode,48377,0,2022-11-10T09:30:18.170Z,8,98.98,8,100,62962,1025,61.97,62492,550,33.25,63492,79,4.78,1671,99,1654,4047,8,8
1668076021,2022-11-10 04:27:01 -0600,67f4426c426af7dad05d5e7ac9897e1647c24be3,TX,48377,2,2022-11-09T01:00:00.000Z,FIPSCode,48377,0,2022-11-10T09:30:18.170Z,8,98.98,8,100,62962,1025,61.97,62492,550,33.25,63492,79,4.78,1671,99,1654,4047,8,8
1668076059,2022-11-10 04:27:39 -0600,7ae844c954bbf018061a42879a0e90ada0b5950f,TX,48377,2,2022-11-09T01:00:00.000Z,FIPSCode,48377,0,2022-11-10T09:30:18.170Z,8,98.98,8,100,62962,1025,61.97,62492,550,33.25,63492,79,4.78,1671,99,1654,4047,8,8
1668076101,2022-11-10 04:28:21 -0600,945cf97b0e1dedbf54e01b53c38e816178b77e28,TX,48377,2,2022-11-09T01:00:00.000Z,FIPSCode,48377,0,2022-11-10T09:30:18.170Z,8,98.98,8,100,62962,1025,61.97,62492,550,33.25,63492,79,4.78,1671,99,1654,4047,8,8
1668076139,2022-11-10 04:28:59 -0600,9270b3733f5f5a103692814e4f6de4f4bce830e4,TX,48377,2,2022-11-09T01:00:00.000Z,FIPSCode,48377,0,2022-11-10T09:30:18.170Z,8,98.98,8,100,62962,1025,61.97,62492,550,33.25,63492,79,4.78,1671,99,1654,4047,8,8
1668076219,2022-11-10 04:30:19 -0600,519495cf1098bf4dfdcc371e775f3dc066e391bc,TX,48377,2,2022-11-09T01:00:00.000Z,FIPSCode,48377,0,2022-11-10T09:30:18.170Z,8,98.98,8,100,62962,1025,61.97,62492,550,33.25,63492,79,4.78,1671,99,1654,4047,8,8
1668076258,2022-11-10 04:30:58 -0600,b616c90a00d7da7e21a4686de660e139b3f6d227,TX,48377,2,2022-11-09T01:00:00.000Z,FIPSCode,48377,0,2022-11-10T09:30:18.170Z,8,98.98,8,100,62962,1025,61.97,62492,550,33.25,63492,79,4.78,1671,99,1654,4047,8,8
1668076297,2022-11-10 04:31:37 -0600,dc69e8e0e73491826ceee08c1db264ef472d1275,TX,48377,2,2022-11-09T01:00:00.000Z,FIPSCode,48377,0,2022-11-10T09:30:18.170Z,8,98.98,8,100,62962,1025,61.97,62492,550,33.25,63492,79,4.78,1671,99,1654,4047,8,8
1668076341,2022-11-10 04:32:21 -0600,8e664bebfc4300612f0d6bf8de7e9d4220213f17,TX,48377,2,2022-11-09T01:00:00.000Z,FIPSCode,48377,0,2022-11-10T09:30:18.170Z,8,98.98,8,100,62962,1025,61.97,62492,550,33.25,63492,79,4.78,1671,99,1654,4047,8,8
1668076382,2022-11-10 04:33:02 -0600,13686ad5b3e5d5f89e18c55f1c453d8dcbc038e8,TX,48377,2,2022-11-09T01:00:00.000Z,FIPSCode,48377,0,2022-11-10T09:30:18.170Z,8,98.98,8,100,62962,1025,61.97,62492,550,33.25,63492,79,4.78,1671,99,1654,4047,8,8
1668076424,2022-11-10 04:33:44 -0600,d4cfa89ca2e4ca1e61ffab8ea1b93d90d6797f83,TX,48377,2,2022-11-09T01:00:00.000Z,FIPSCode,48377,0,2022-11-10T09:30:18.170Z,8,98.98,8,100,62962,1025,61.97,62492,550,33.25,63492,79,4.78,1671,99,1654,4047,8,8
1668076464,2022-11-10 04:34:24 -0600,097dcd130a6377d592c9e507203e3971d4a37692,TX,48377,2,2022-11-09T01:00:00.000Z,FIPSCode,48377,0,2022-11-10T09:30:18.170Z,8,98.98,8,100,62962,1025,61.97,62492,550,33.25,63492,79,4.78,1671,99,1654,4047,8,8
1668076505,2022-11-10 04:35:05 -0600,b2a1a84e8f9f225334dbc7226211eee2b04f5f64,TX,48377,2,2022-11-09T01:00:00.000Z,FIPSCode,48377,0,2022-11-10T09:30:18.170Z,8,98.98,8,100,62962,1025,61.97,62492,550,33.25,63492,79,4.78,1671,99,1654,4047,8,8
1668076548,2022-11-10 04:35:48 -0600,965e89e7d832aafd58a8cc7264716cc6760608b0,TX,48377,2,2022-11-09T01:00:00.000Z,FIPSCode,48377,0,2022-11-10T09:30:18.170Z,8,98.98,8,100,62962,1025,61.97,62492,550,33.25,63492,79,4.78,1671,99,1654,4047,8,8
1668076587,2022-11-10 04:36:27 -0600,26627410df26658534372672228324eae1d97702,TX,48377,2,2022-11-09T01:00:00.000Z,FIPSCode,48377,0,2022-11-10T09:30:18.170Z,8,98.98,8,100,62962,1025,61.97,62492,550,33.25,63492,79,4.78,1671,99,1654,4047,8,8
1668076626,2022-11-10 04:37:06 -0600,51b4a64b0d3f1ab2d1898bd38a00af327fc1673a,TX,48377,2,2022-11-09T01:00:00.000Z,FIPSCode,48377,0,2022-11-10T09:30:18.170Z,8,98.98,8,100,62962,1025,61.97,62492,550,33.25,63492,79,4.78,1671,99,1654,4047,8,8
1668076666,2022-11-10 04:37:46 -0600,5f5ad25727f0557044f746b6f9947066ffbbd4da,TX,48377,2,2022-11-09T01:00:00.000Z,FIPSCode,48377,0,2022-11-10T09:30:18.170Z,8,98.98,8,100,62962,1025,61.97,62492,550,33.25,63492,79,4.78,1671,99,1654,4047,8,8
1668076706,2022-11-10 04:38:26 -0600,e381f2b109a0ffed8661402ad35985e2ac60f8d5,TX,48377,2,2022-11-09T01:00:00.000Z,FIPSCode,48377,0,2022-11-10T09:30:18.170Z,8,98.98,8,100,62962,1025,61.97,62492,550,33.25,63492,79,4.78,1671,99,1654,4047,8,8
1668076746,2022-11-10 04:39:06 -0600,a5b843e15fec4b35efb11c46d2685e94fa3b458a,TX,48377,2,2022-11-09T01:00:00.000Z,FIPSCode,48377,0,2022-11-10T09:30:18.170Z,8,98.98,8,100,62962,1025,61.97,62492,550,33.25,63492,79,4.78,1671,99,1654,4047,8,8
1668076788,2022-11-10 04:39:48 -0600,76d8d60a666c604cb90c4688afd74a5b2631361e,TX,48377,2,2022-11-09T01:00:00.000Z,FIPSCode,48377,0,2022-11-10T09:30:18.170Z,8,98.98,8,100,62962,1025,61.97,62492,550,33.25,63492,79,4.78,1671,99,1654,4047,8,8
1668076827,2022-11-10 04:40:27 -0600,111879bb7a9376f093fdb12c8c6a542f392c3fbf,TX,48377,2,2022-11-09T01:00:00.000Z,FIPSCode,48377,0,2022-11-10T09:30:18.170Z,8,98.98,8,100,62962,1025,61.97,62492,550,33.25,63492,79,4.78,1671,99,1654,4047,8,8
1668076866,2022-11-10 04:41:06 -0600,663ac8550f2efa90848d31fc0cd8313674df73b0,TX,48377,2,2022-11-09T01:00:00.000Z,FIPSCode,48377,0,2022-11-10T09:30:18.170Z,8,98.98,8,100,62962,1025,61.97,62492,550,33.25,63492,79,4.78,1671,99,1654,4047,8,8
1668076907,2022-11-10 04:41:47 -0600,74d1cad1deb3179e444c9f4ad01cebe4c6b7882c,TX,48377,2,2022-11-09T01:00:00.000Z,FIPSCode,48377,0,2022-11-10T09:30:18.170Z,8,98.98,8,100,62962,1025,61.97,62492,550,33.25,63492,79,4.78,1671,99,1654,4047,8,8
1668076945,2022-11-10 04:42:25 -0600,36ef8557954c49970c8ed58e7d32e7002911eee4,TX,48377,2,2022-11-09T01:00:00.000Z,FIPSCode,48377,0,2022-11-10T09:30:18.170Z,8,98.98,8,100,62962,1025,61.97,62492,550,33.25,63492,79,4.78,1671,99,1654,4047,8,8
1668076987,2022-11-10 04:43:07 -0600,d597d84343c888407906ebf7c9352386bf6aca8a,TX,48377,2,2022-11-09T01:00:00.000Z,FIPSCode,48377,0,2022-11-10T09:30:18.170Z,8,98.98,8,100,62962,1025,61.97,62492,550,33.25,63492,79,4.78,1671,99,1654,4047,8,8
1668077027,2022-11-10 04:43:47 -0600,2332a37b36f9d8dedc3b2e716fb068ba45bd8c9a,TX,48377,2,2022-11-09T01:00:00.000Z,FIPSCode,48377,0,2022-11-10T09:30:18.170Z,8,98.98,8,100,62962,1025,61.97,62492,550,33.25,63492,79,4.78,1671,99,1654,4047,8,8
1668077067,2022-11-10 04:44:27 -0600,49f134da53150b572e485f34fdea003e76562ea7,TX,48377,2,2022-11-09T01:00:00.000Z,FIPSCode,48377,0,2022-11-10T10:43:38.788Z,8,98.98,8,100,62962,1025,61.97,62492,550,33.25,63492,79,4.78,1671,99,1654,4047,8,8
1668077106,2022-11-10 04:45:06 -0600,688bd6e4fe670af22fb94bf8ac2e76674aab039b,TX,48377,2,2022-11-09T01:00:00.000Z,FIPSCode,48377,0,2022-11-10T10:44:38.713Z,8,98.98,8,100,62962,1025,61.97,62492,550,33.25,63492,79,4.78,1671,99,1654,4047,8,8
1668077147,2022-11-10 04:45:47 -0600,1731c4b17724bb8a131bda5fa9342d42466ea391,TX,48377,2,2022-11-09T01:00:00.000Z,FIPSCode,48377,0,2022-11-10T10:45:16.507Z,8,98.98,8,100,62962,1025,61.97,62492,550,33.25,63492,79,4.78,1671,99,1654,4047,8,8
1668077227,2022-11-10 04:47:07 -0600,d68aa1e4fb4086e8b901d0cae2b1a1506574a8d5,TX,48377,2,2022-11-09T01:00:00.000Z,FIPSCode,48377,0,2022-11-10T10:45:16.507Z,8,98.98,8,100,62962,1025,61.97,62492,550,33.25,63492,79,4.78,1671,99,1654,4047,8,8
1668077266,2022-11-10 04:47:46 -0600,3f070c3d304ab9646361119738c1882b79c981b3,TX,48377,2,2022-11-09T01:00:00.000Z,FIPSCode,48377,0,2022-11-10T10:45:16.507Z,8,98.98,8,100,62962,1025,61.97,62492,550,33.25,63492,79,4.78,1671,99,1654,4047,8,8
1668077310,2022-11-10 04:48:30 -0600,aa0e33c449921d2765218d84f2f4c8dbbce86aa3,TX,48377,2,2022-11-09T01:00:00.000Z,FIPSCode,48377,0,2022-11-10T10:48:19.068Z,8,98.98,8,100,62962,1025,61.97,62492,550,33.25,63492,79,4.78,1671,99,1654,4047,8,8
1668077387,2022-11-10 04:49:47 -0600,16ca62830a06d9f424a27e85c09858bae08b1f49,TX,48377,2,2022-11-09T01:00:00.000Z,FIPSCode,48377,0,2022-11-10T10:48:19.068Z,8,98.98,8,100,62962,1025,61.97,62492,550,33.25,63492,79,4.78,1671,99,1654,4047,8,8
1668077426,2022-11-10 04:50:26 -0600,1165f09d16ffdf5321ea22d96d1a9587e41cb73a,TX,48377,2,2022-11-09T01:00:00.000Z,FIPSCode,48377,0,2022-11-10T10:48:19.068Z,8,98.98,8,100,62962,1025,61.97,62492,550,33.25,63492,79,4.78,1671,99,1654,4047,8,8
1668077506,2022-11-10 04:51:46 -0600,5d9712ef759bc6dbe00078167dfa1b53af1c7592,TX,48377,2,2022-11-09T01:00:00.000Z,FIPSCode,48377,0,2022-11-10T10:50:56.258Z,8,98.98,8,100,62962,1025,61.97,62492,550,33.25,63492,79,4.78,1671,99,1654,4047,8,8
1668077544,2022-11-10 04:52:24 -0600,9412196fe16f7714302073feb2ba3c73790f728c,TX,48377,2,2022-11-09T01:00:00.000Z,FIPSCode,48377,0,2022-11-10T10:50:56.258Z,8,98.98,8,100,62962,1025,61.97,62492,550,33.25,63492,79,4.78,1671,99,1654,4047,8,8
1668077584,2022-11-10 04:53:04 -0600,6533ce146db6dc4b5df0e0620ea2a705b999ecbd,TX,48377,2,2022-11-09T01:00:00.000Z,FIPSCode,48377,0,2022-11-10T10:50:56.258Z,8,98.98,8,100,62962,1025,61.97,62492,550,33.25,63492,79,4.78,1671,99,1654,4047,8,8
1668077623,2022-11-10 04:53:43 -0600,1de0a0ced14ebc6d37c8ba6ef1f2e7e578c5318e,TX,48377,2,2022-11-09T01:00:00.000Z,FIPSCode,48377,0,2022-11-10T10:50:56.258Z,8,98.98,8,100,62962,1025,61.97,62492,550,33.25,63492,79,4.78,1671,99,1654,4047,8,8
1668077706,2022-11-10 04:55:06 -0600,9ce4e150a355907e816a0f2bb9885a7d62f5293e,TX,48377,2,2022-11-09T01:00:00.000Z,FIPSCode,48377,0,2022-11-10T10:50:56.258Z,8,98.98,8,100,62962,1025,61.97,62492,550,33.25,63492,79,4.78,1671,99,1654,4047,8,8
1668077743,2022-11-10 04:55:43 -0600,f2e5d866938d52c2250a848df159851f40acea0a,TX,48377,2,2022-11-09T01:00:00.000Z,FIPSCode,48377,0,2022-11-10T10:50:56.258Z,8,98.98,8,100,62962,1025,61.97,62492,550,33.25,63492,79,4.78,1671,99,1654,4047,8,8
1668077824,2022-11-10 04:57:04 -0600,47b4d79ab14b8a1ebc709c8f8e5f93fc3c5a92e6,TX,48377,2,2022-11-09T01:00:00.000Z,FIPSCode,48377,0,2022-11-10T10:50:56.258Z,8,98.98,8,100,62962,1025,61.97,62492,550,33.25,63492,79,4.78,1671,99,1654,4047,8,8
1668077904,2022-11-10 04:58:24 -0600,2109baa497147b696cb0969f77135d0ff55715ce,TX,48377,2,2022-11-09T01:00:00.000Z,FIPSCode,48377,0,2022-11-10T10:50:56.258Z,8,98.98,8,100,62962,1025,61.97,62492,550,33.25,63492,79,4.78,1671,99,1654,4047,8,8
1668078185,2022-11-10 05:03:05 -0600,4b0bf71ba254f3c04246dcf1856cb79b945fd924,TX,48377,2,2022-11-09T01:00:00.000Z,FIPSCode,48377,0,2022-11-10T10:50:56.258Z,8,98.98,8,100,62962,1025,61.97,62492,550,33.25,63492,79,4.78,1671,99,1654,4047,8,8
1668078224,2022-11-10 05:03:44 -0600,69e88d4879b8096c9702c0c68746573a4f2f21c1,TX,48377,2,2022-11-09T01:00:00.000Z,FIPSCode,48377,0,2022-11-10T10:50:56.258Z,8,98.98,8,100,62962,1025,61.97,62492,550,33.25,63492,79,4.78,1671,99,1654,4047,8,8
1668078306,2022-11-10 05:05:06 -0600,cd589dcd64ff840df398d97812c9750646a2f5eb,TX,48377,2,2022-11-09T01:00:00.000Z,FIPSCode,48377,0,2022-11-10T10:50:56.258Z,8,98.98,8,100,62962,1025,61.97,62492,550,33.25,63492,79,4.78,1671,99,1654,4047,8,8
1668078346,2022-11-10 05:05:46 -0600,3cf45571fe563df2e120f8fc3e93c77f8f128637,TX,48377,2,2022-11-09T01:00:00.000Z,FIPSCode,48377,0,2022-11-10T10:50:56.258Z,8,98.98,8,100,62962,1025,61.97,62492,550,33.25,63492,79,4.78,1671,99,1654,4047,8,8
1668078425,2022-11-10 05:07:05 -0600,d314a78e10fd9282273e3470c33c885119b8871b,TX,48377,2,2022-11-09T01:00:00.000Z,FIPSCode,48377,0,2022-11-10T10:50:56.258Z,8,98.98,8,100,62962,1025,61.97,62492,550,33.25,63492,79,4.78,1671,99,1654,4047,8,8
1668078580,2022-11-10 05:09:40 -0600,74d435749dfb02774725286abca8a9b5bd14b6d6,TX,48377,2,2022-11-09T01:00:00.000Z,FIPSCode,48377,0,2022-11-10T10:50:56.258Z,8,98.98,8,100,62962,1025,61.97,62492,550,33.25,63492,79,4.78,1671,99,1654,4047,8,8
1668078620,2022-11-10 05:10:20 -0600,b5728a2f382acf89e17a3d11b7f7ec36f809ea70,TX,48377,2,2022-11-09T01:00:00.000Z,FIPSCode,48377,0,2022-11-10T10:50:56.258Z,8,98.98,8,100,62962,1025,61.97,62492,550,33.25,63492,79,4.78,1671,99,1654,4047,8,8
1668078664,2022-11-10 05:11:04 -0600,8c788aead69a48985a1d7e67ff774390abc7ba46,TX,48377,2,2022-11-09T01:00:00.000Z,FIPSCode,48377,0,2022-11-10T10:50:56.258Z,8,98.98,8,100,62962,1025,61.97,62492,550,33.25,63492,79,4.78,1671,99,1654,4047,8,8
1668078704,2022-11-10 05:11:44 -0600,8d519277e3c2d526ecd3349e77e9fc02dcb65b14,TX,48377,2,2022-11-09T01:00:00.000Z,FIPSCode,48377,0,2022-11-10T10:50:56.258Z,8,98.98,8,100,62962,1025,61.97,62492,550,33.25,63492,79,4.78,1671,99,1654,4047,8,8
1668078745,2022-11-10 05:12:25 -0600,fc3fb0e2e504c0452fd3106b5c065945ab82f3ce,TX,48377,2,2022-11-09T01:00:00.000Z,FIPSCode,48377,0,2022-11-10T10:50:56.258Z,8,98.98,8,100,62962,1025,61.97,62492,550,33.25,63492,79,4.78,1671,99,1654,4047,8,8
1668078785,2022-11-10 05:13:05 -0600,6f6d24203644fd17b362b31489cccbff7cf7fb68,TX,48377,2,2022-11-09T01:00:00.000Z,FIPSCode,48377,0,2022-11-10T10:50:56.258Z,8,98.98,8,100,62962,1025,61.97,62492,550,33.25,63492,79,4.78,1671,99,1654,4047,8,8
1668078825,2022-11-10 05:13:45 -0600,130fe253d0a1c3ea9b4c9b673ff0c4be4b7b24dc,TX,48377,2,2022-11-09T01:00:00.000Z,FIPSCode,48377,0,2022-11-10T10:50:56.258Z,8,98.98,8,100,62962,1025,61.97,62492,550,33.25,63492,79,4.78,1671,99,1654,4047,8,8
1668078865,2022-11-10 05:14:25 -0600,8433c0c727b8356f0242af6f8367d444d352e2a5,TX,48377,2,2022-11-09T01:00:00.000Z,FIPSCode,48377,0,2022-11-10T10:50:56.258Z,8,98.98,8,100,62962,1025,61.97,62492,550,33.25,63492,79,4.78,1671,99,1654,4047,8,8
1668078912,2022-11-10 05:15:12 -0600,443abcd8acd8158bf9f0675ec7b825ab0693d3b5,TX,48377,2,2022-11-09T01:00:00.000Z,FIPSCode,48377,0,2022-11-10T10:50:56.258Z,8,98.98,8,100,62962,1025,61.97,62492,550,33.25,63492,79,4.78,1671,99,1654,4047,8,8
1668078953,2022-11-10 05:15:53 -0600,4649e3e62a8c45c338d263b2172c923da51bf303,TX,48377,2,2022-11-09T01:00:00.000Z,FIPSCode,48377,0,2022-11-10T10:50:56.258Z,8,98.98,8,100,62962,1025,61.97,62492,550,33.25,63492,79,4.78,1671,99,1654,4047,8,8
1668079152,2022-11-10 05:19:12 -0600,d282ba1100980fadbf6e1d54fc7394a8c7a6ce99,TX,48377,2,2022-11-09T01:00:00.000Z,FIPSCode,48377,0,2022-11-10T10:50:56.258Z,8,98.98,8,100,62962,1025,61.97,62492,550,33.25,63492,79,4.78,1671,99,1654,4047,8,8
1668079234,2022-11-10 05:20:34 -0600,fa42a45fe9a3daa32eacbd5fcd546c5f7f26c01b,TX,48377,2,2022-11-09T01:00:00.000Z,FIPSCode,48377,0,2022-11-10T10:50:56.258Z,8,98.98,8,100,62962,1025,61.97,62492,550,33.25,63492,79,4.78,1671,99,1654,4047,8,8
1668079277,2022-11-10 05:21:17 -0600,ed64fa0eee8a13145344bd28a83633afe4fe5225,TX,48377,2,2022-11-09T01:00:00.000Z,FIPSCode,48377,0,2022-11-10T10:50:56.258Z,8,98.98,8,100,62962,1025,61.97,62492,550,33.25,63492,79,4.78,1671,99,1654,4047,8,8
1668079321,2022-11-10 05:22:01 -0600,4ab323ee2fdaf988824e1a2814316b8990609c20,TX,48377,2,2022-11-09T01:00:00.000Z,FIPSCode,48377,0,2022-11-10T10:50:56.258Z,8,98.98,8,100,62962,1025,61.97,62492,550,33.25,63492,79,4.78,1671,99,1654,4047,8,8
1668079363,2022-11-10 05:22:43 -0600,abc748bdc3911d245ed1bd1fa769dd70a1dd47f4,TX,48377,2,2022-11-09T01:00:00.000Z,FIPSCode,48377,0,2022-11-10T10:50:56.258Z,8,98.98,8,100,62962,1025,61.97,62492,550,33.25,63492,79,4.78,1671,99,1654,4047,8,8
1668079403,2022-11-10 05:23:23 -0600,db5850d25dba64a0ba3b51392a1c8364b3d778f7,TX,48377,2,2022-11-09T01:00:00.000Z,FIPSCode,48377,0,2022-11-10T10:50:56.258Z,8,98.98,8,100,62962,1025,61.97,62492,550,33.25,63492,79,4.78,1671,99,1654,4047,8,8
1668079442,2022-11-10 05:24:02 -0600,2866800c7ff2eae4c17936bfc16e2476f2654c92,TX,48377,2,2022-11-09T01:00:00.000Z,FIPSCode,48377,0,2022-11-10T10:50:56.258Z,8,98.98,8,100,62962,1025,61.97,62492,550,33.25,63492,79,4.78,1671,99,1654,4047,8,8
1668079482,2022-11-10 05:24:42 -0600,a2afdd36f6c8e52af8899eccdb6d7b34043ce745,TX,48377,2,2022-11-09T01:00:00.000Z,FIPSCode,48377,0,2022-11-10T10:50:56.258Z,8,98.98,8,100,62962,1025,61.97,62492,550,33.25,63492,79,4.78,1671,99,1654,4047,8,8
1668079525,2022-11-10 05:25:25 -0600,e7552a4cf8d696dd1e4082b8605138513edb6696,TX,48377,2,2022-11-09T01:00:00.000Z,FIPSCode,48377,0,2022-11-10T10:50:56.258Z,8,98.98,8,100,62962,1025,61.97,62492,550,33.25,63492,79,4.78,1671,99,1654,4047,8,8
1668079569,2022-11-10 05:26:09 -0600,348ad8655e8111434827e963ac3f3a256df900cc,TX,48377,2,2022-11-09T01:00:00.000Z,FIPSCode,48377,0,2022-11-10T10:50:56.258Z,8,98.98,8,100,62962,1025,61.97,62492,550,33.25,63492,79,4.78,1671,99,1654,4047,8,8
1668079610,2022-11-10 05:26:50 -0600,8b280e08cfd26dbcca15b6c39ec5837f0401e28f,TX,48377,2,2022-11-09T01:00:00.000Z,FIPSCode,48377,0,2022-11-10T10:50:56.258Z,8,98.98,8,100,62962,1025,61.97,62492,550,33.25,63492,79,4.78,1671,99,1654,4047,8,8
1668079652,2022-11-10 05:27:32 -0600,29ab5f0d57dbea98c3875279f665d38f084bfbd4,TX,48377,2,2022-11-09T01:00:00.000Z,FIPSCode,48377,0,2022-11-10T10:50:56.258Z,8,98.98,8,100,62962,1025,61.97,62492,550,33.25,63492,79,4.78,1671,99,1654,4047,8,8
1668079695,2022-11-10 05:28:15 -0600,3578ff15451c1c2a6494f6711e476de8296788fa,TX,48377,2,2022-11-09T01:00:00.000Z,FIPSCode,48377,0,2022-11-10T10:50:56.258Z,8,98.98,8,100,62962,1025,61.97,62492,550,33.25,63492,79,4.78,1671,99,1654,4047,8,8
1668079773,2022-11-10 05:29:33 -0600,afd20ac32e1dc9016e8c986bb6f5528065b16d72,TX,48377,2,2022-11-09T01:00:00.000Z,FIPSCode,48377,0,2022-11-10T10:50:56.258Z,8,98.98,8,100,62962,1025,61.97,62492,550,33.25,63492,79,4.78,1671,99,1654,4047,8,8
1668079819,2022-11-10 05:30:19 -0600,9e0031da0f7d9f7e3f2937dc9b3cc5c308037623,TX,48377,2,2022-11-09T01:00:00.000Z,FIPSCode,48377,0,2022-11-10T10:50:56.258Z,8,98.98,8,100,62962,1025,61.97,62492,550,33.25,63492,79,4.78,1671,99,1654,4047,8,8
1668079866,2022-11-10 05:31:06 -0600,e0bf8eb03730faafedd7ac087377f2a07c2eba68,TX,48377,2,2022-11-09T01:00:00.000Z,FIPSCode,48377,0,2022-11-10T10:50:56.258Z,8,98.98,8,100,62962,1025,61.97,62492,550,33.25,63492,79,4.78,1671,99,1654,4047,8,8
1668079947,2022-11-10 05:32:27 -0600,82f803d7359ee1b592c0370a0935a7ff82900a27,TX,48377,2,2022-11-09T01:00:00.000Z,FIPSCode,48377,0,2022-11-10T10:50:56.258Z,8,98.98,8,100,62962,1025,61.97,62492,550,33.25,63492,79,4.78,1671,99,1654,4047,8,8
1668079986,2022-11-10 05:33:06 -0600,0aebb625abd858e45c65b7cddbbb7f89c3e1517e,TX,48377,2,2022-11-09T01:00:00.000Z,FIPSCode,48377,0,2022-11-10T11:32:44.909Z,8,98.98,8,100,62962,1025,61.97,62492,550,33.25,63492,79,4.78,1671,99,1654,4047,8,8
1668080026,2022-11-10 05:33:46 -0600,a42bffa91af790cc0a992cb4e0f9c488b8073742,TX,48377,2,2022-11-09T01:00:00.000Z,FIPSCode,48377,0,2022-11-10T11:32:44.909Z,8,98.98,8,100,62962,1025,61.97,62492,550,33.25,63492,79,4.78,1671,99,1654,4047,8,8
1668080066,2022-11-10 05:34:26 -0600,6c2806998947320d2a24025b18a8ed2de0069b1f,TX,48377,2,2022-11-09T01:00:00.000Z,FIPSCode,48377,0,2022-11-10T11:32:44.909Z,8,98.98,8,100,62962,1025,61.97,62492,550,33.25,63492,79,4.78,1671,99,1654,4047,8,8
1668080106,2022-11-10 05:35:06 -0600,ff3348060bd39adfa59a781287b58c7c717fc5fb,TX,48377,2,2022-11-09T01:00:00.000Z,FIPSCode,48377,0,2022-11-10T11:32:44.909Z,8,98.98,8,100,62962,1025,61.97,62492,550,33.25,63492,79,4.78,1671,99,1654,4047,8,8
1668080150,2022-11-10 05:35:50 -0600,d44d38008e727d1687704d09f6bf0eab52407bf4,TX,48377,2,2022-11-09T01:00:00.000Z,FIPSCode,48377,0,2022-11-10T11:35:16.144Z,8,98.98,8,100,62962,1025,61.97,62492,550,33.25,63492,79,4.78,1671,99,1654,4047,8,8
1668080236,2022-11-10 05:37:16 -0600,c22ab696322d64b3ca5febb9cbc49e23abf9567a,TX,48377,2,2022-11-09T01:00:00.000Z,FIPSCode,48377,0,2022-11-10T11:35:16.144Z,8,98.98,8,100,62962,1025,61.97,62492,550,33.25,63492,79,4.78,1671,99,1654,4047,8,8
1668080316,2022-11-10 05:38:36 -0600,0b8b5880fe5c6596dbcbcd317ab5eadb46c09aa6,TX,48377,2,2022-11-09T01:00:00.000Z,FIPSCode,48377,0,2022-11-10T11:35:16.144Z,8,98.98,8,100,62962,1025,61.97,62492,550,33.25,63492,79,4.78,1671,99,1654,4047,8,8
1668080356,2022-11-10 05:39:16 -0600,6aa79bd83d9a757e0b9e47d60e236dbbbfb23a7d,TX,48377,2,2022-11-09T01:00:00.000Z,FIPSCode,48377,0,2022-11-10T11:35:16.144Z,8,98.98,8,100,62962,1025,61.97,62492,550,33.25,63492,79,4.78,1671,99,1654,4047,8,8
1668080396,2022-11-10 05:39:56 -0600,6497dbbb5b60f4758aa834b731ec4d3a14aa8503,TX,48377,2,2022-11-09T01:00:00.000Z,FIPSCode,48377,0,2022-11-10T11:35:16.144Z,8,98.98,8,100,62962,1025,61.97,62492,550,33.25,63492,79,4.78,1671,99,1654,4047,8,8
1668080435,2022-11-10 05:40:35 -0600,d6be5c9be744e50eee4d3b04dd96297cea5074a4,TX,48377,2,2022-11-09T01:00:00.000Z,FIPSCode,48377,0,2022-11-10T11:39:59.967Z,8,98.98,8,100,62962,1025,61.97,62492,550,33.25,63492,79,4.78,1671,99,1654,4047,8,8
1668080482,2022-11-10 05:41:22 -0600,21472ebd0ec9c623ba80dd87fbe9ae044216eeff,TX,48377,2,2022-11-09T01:00:00.000Z,FIPSCode,48377,0,2022-11-10T11:40:55.789Z,8,98.98,8,100,62962,1025,61.97,62492,550,33.25,63492,79,4.78,1671,99,1654,4047,8,8
1668080528,2022-11-10 05:42:08 -0600,4fd91a4e5b4c390529408079ee13f90df0abbf60,TX,48377,2,2022-11-09T01:00:00.000Z,FIPSCode,48377,0,2022-11-10T11:41:41.500Z,8,98.98,8,100,62962,1025,61.97,62492,550,33.25,63492,79,4.78,1671,99,1654,4047,8,8
1668080572,2022-11-10 05:42:52 -0600,4a2a6c3d6236feb4cde9666e9e331d90df0bd8db,TX,48377,2,2022-11-09T01:00:00.000Z,FIPSCode,48377,0,2022-11-10T11:41:41.500Z,8,98.98,8,100,62962,1025,61.97,62492,550,33.25,63492,79,4.78,1671,99,1654,4047,8,8
1668080651,2022-11-10 05:44:11 -0600,12341c0fe2f97801e0ab12e096ba5878a173d117,TX,48377,2,2022-11-09T01:00:00.000Z,FIPSCode,48377,0,2022-11-10T11:41:41.500Z,8,98.98,8,100,62962,1025,61.97,62492,550,33.25,63492,79,4.78,1671,99,1654,4047,8,8
1668080689,2022-11-10 05:44:49 -0600,11e8629f2b7893325a3238d3d1b778ee8b5b9ad7,TX,48377,2,2022-11-09T01:00:00.000Z,FIPSCode,48377,0,2022-11-10T11:41:41.500Z,8,98.98,8,100,62962,1025,61.97,62492,550,33.25,63492,79,4.78,1671,99,1654,4047,8,8
1668080774,2022-11-10 05:46:14 -0600,b1a8264f026d9e361448f2af5a6cb46293b1663f,TX,48377,2,2022-11-09T01:00:00.000Z,FIPSCode,48377,0,2022-11-10T11:41:41.500Z,8,98.98,8,100,62962,1025,61.97,62492,550,33.25,63492,79,4.78,1671,99,1654,4047,8,8
1668080823,2022-11-10 05:47:03 -0600,a62846b79f258ef279ae015505220c3a64ffaa02,TX,48377,2,2022-11-09T01:00:00.000Z,FIPSCode,48377,0,2022-11-10T11:41:41.500Z,8,98.98,8,100,62962,1025,61.97,62492,550,33.25,63492,79,4.78,1671,99,1654,4047,8,8
1668080864,2022-11-10 05:47:44 -0600,a08cb6f8f89c9f38ae61ee944b0e71e57821473d,TX,48377,2,2022-11-09T01:00:00.000Z,FIPSCode,48377,0,2022-11-10T11:41:41.500Z,8,98.98,8,100,62962,1025,61.97,62492,550,33.25,63492,79,4.78,1671,99,1654,4047,8,8
1668080902,2022-11-10 05:48:22 -0600,572f4308ce627273c9f99c5144904b3dcb6421d8,TX,48377,2,2022-11-09T01:00:00.000Z,FIPSCode,48377,0,2022-11-10T11:41:41.500Z,8,98.98,8,100,62962,1025,61.97,62492,550,33.25,63492,79,4.78,1671,99,1654,4047,8,8
1668080948,2022-11-10 05:49:08 -0600,a5b4280eb971d182b90381f99f3af4c30a0589c8,TX,48377,2,2022-11-09T01:00:00.000Z,FIPSCode,48377,0,2022-11-10T11:41:41.500Z,8,98.98,8,100,62962,1025,61.97,62492,550,33.25,63492,79,4.78,1671,99,1654,4047,8,8
1668080987,2022-11-10 05:49:47 -0600,ed684ecf919af4f12458cc555a64e41f4c1b386b,TX,48377,2,2022-11-09T01:00:00.000Z,FIPSCode,48377,0,2022-11-10T11:41:41.500Z,8,98.98,8,100,62962,1025,61.97,62492,550,33.25,63492,79,4.78,1671,99,1654,4047,8,8
1668081027,2022-11-10 05:50:27 -0600,1c9d05b4e7a544d51fe9f431c5259de0eeee9fc2,TX,48377,2,2022-11-09T01:00:00.000Z,FIPSCode,48377,0,2022-11-10T11:41:41.500Z,8,98.98,8,100,62962,1025,61.97,62492,550,33.25,63492,79,4.78,1671,99,1654,4047,8,8
1668081066,2022-11-10 05:51:06 -0600,82296494a929a94965f744a924f0d35037472956,TX,48377,2,2022-11-09T01:00:00.000Z,FIPSCode,48377,0,2022-11-10T11:41:41.500Z,8,98.98,8,100,62962,1025,61.97,62492,550,33.25,63492,79,4.78,1671,99,1654,4047,8,8
1668081115,2022-11-10 05:51:55 -0600,4fa615e704c7b635a3cb1ce544317e6b85a35811,TX,48377,2,2022-11-09T01:00:00.000Z,FIPSCode,48377,0,2022-11-10T11:41:41.500Z,8,98.98,8,100,62962,1025,61.97,62492,550,33.25,63492,79,4.78,1671,99,1654,4047,8,8
1668081195,2022-11-10 05:53:15 -0600,76a3c8eb7ff5ebc90ec2a1beb4cbcaa5afa60ba7,TX,48377,2,2022-11-09T01:00:00.000Z,FIPSCode,48377,0,2022-11-10T11:41:41.500Z,8,98.98,8,100,62962,1025,61.97,62492,550,33.25,63492,79,4.78,1671,99,1654,4047,8,8
1668081235,2022-11-10 05:53:55 -0600,e9c9e31f5e711e3bde8777bf150e62e0475780e2,TX,48377,2,2022-11-09T01:00:00.000Z,FIPSCode,48377,0,2022-11-10T11:41:41.500Z,8,98.98,8,100,62962,1025,61.97,62492,550,33.25,63492,79,4.78,1671,99,1654,4047,8,8
1668081274,2022-11-10 05:54:34 -0600,45020d42a65c3f051c9a0087ae409b5ff733e7ef,TX,48377,2,2022-11-09T01:00:00.000Z,FIPSCode,48377,0,2022-11-10T11:41:41.500Z,8,98.98,8,100,62962,1025,61.97,62492,550,33.25,63492,79,4.78,1671,99,1654,4047,8,8
1668081354,2022-11-10 05:55:54 -0600,8d6ee00a3e3886abc58becee291b6460cc84bbe7,TX,48377,2,2022-11-09T01:00:00.000Z,FIPSCode,48377,0,2022-11-10T11:41:41.500Z,8,98.98,8,100,62962,1025,61.97,62492,550,33.25,63492,79,4.78,1671,99,1654,4047,8,8
1668081395,2022-11-10 05:56:35 -0600,eafe9b1b38e0277299d6c4b22825ffedbd3266e1,TX,48377,2,2022-11-09T01:00:00.000Z,FIPSCode,48377,0,2022-11-10T11:41:41.500Z,8,98.98,8,100,62962,1025,61.97,62492,550,33.25,63492,79,4.78,1671,99,1654,4047,8,8
1668081439,2022-11-10 05:57:19 -0600,738426b56705b877b697d0a753e0c866d76e4453,TX,48377,2,2022-11-09T01:00:00.000Z,FIPSCode,48377,0,2022-11-10T11:41:41.500Z,8,98.98,8,100,62962,1025,61.97,62492,550,33.25,63492,79,4.78,1671,99,1654,4047,8,8
1668081486,2022-11-10 05:58:06 -0600,12a04d40c3e23de29433e439739c22cb0c76c217,TX,48377,2,2022-11-09T01:00:00.000Z,FIPSCode,48377,0,2022-11-10T11:41:41.500Z,8,98.98,8,100,62962,1025,61.97,62492,550,33.25,63492,79,4.78,1671,99,1654,4047,8,8
1668081524,2022-11-10 05:58:44 -0600,4a191f2dd98808686a341efc403651e44a0a1b91,TX,48377,2,2022-11-09T01:00:00.000Z,FIPSCode,48377,0,2022-11-10T11:41:41.500Z,8,98.98,8,100,62962,1025,61.97,62492,550,33.25,63492,79,4.78,1671,99,1654,4047,8,8
1668081567,2022-11-10 05:59:27 -0600,fad79e2cdd4baa7911a033ab3e2ef7bd7e490aff,TX,48377,2,2022-11-09T01:00:00.000Z,FIPSCode,48377,0,2022-11-10T11:41:41.500Z,8,98.98,8,100,62962,1025,61.97,62492,550,33.25,63492,79,4.78,1671,99,1654,4047,8,8
1668081608,2022-11-10 06:00:08 -0600,af721fc22d6a2559cef20006bc40793c0579dd25,TX,48377,2,2022-11-09T01:00:00.000Z,FIPSCode,48377,0,2022-11-10T11:41:41.500Z,8,98.98,8,100,62962,1025,61.97,62492,550,33.25,63492,79,4.78,1671,99,1654,4047,8,8
1668081648,2022-11-10 06:00:48 -0600,2d67b034c1981930fe401ada24337d322ec682ee,TX,48377,2,2022-11-09T01:00:00.000Z,FIPSCode,48377,0,2022-11-10T11:41:41.500Z,8,98.98,8,100,62962,1025,61.97,62492,550,33.25,63492,79,4.78,1671,99,1654,4047,8,8
1668081687,2022-11-10 06:01:27 -0600,77ac6a7bf003e22ca7a0b68027ade8ac2e8b3b23,TX,48377,2,2022-11-09T01:00:00.000Z,FIPSCode,48377,0,2022-11-10T11:41:41.500Z,8,98.98,8,100,62962,1025,61.97,62492,550,33.25,63492,79,4.78,1671,99,1654,4047,8,8
1668081729,2022-11-10 06:02:09 -0600,e01df5b5b69b808b67a5980c8f9c86fe10007719,TX,48377,2,2022-11-09T01:00:00.000Z,FIPSCode,48377,0,2022-11-10T11:41:41.500Z,8,98.98,8,100,62962,1025,61.97,62492,550,33.25,63492,79,4.78,1671,99,1654,4047,8,8
1668081773,2022-11-10 06:02:53 -0600,017a2bda61fec6773f5f3a2db32c712e7524c362,TX,48377,2,2022-11-09T01:00:00.000Z,FIPSCode,48377,0,2022-11-10T11:41:41.500Z,8,98.98,8,100,62962,1025,61.97,62492,550,33.25,63492,79,4.78,1671,99,1654,4047,8,8
1668081817,2022-11-10 06:03:37 -0600,e651cfbf0596d88d50244dcc38fbdcce9ff86acb,TX,48377,2,2022-11-09T01:00:00.000Z,FIPSCode,48377,0,2022-11-10T11:41:41.500Z,8,98.98,8,100,62962,1025,61.97,62492,550,33.25,63492,79,4.78,1671,99,1654,4047,8,8
1668081863,2022-11-10 06:04:23 -0600,96c52d98563460c924178a43a8ca608651724efa,TX,48377,2,2022-11-09T01:00:00.000Z,FIPSCode,48377,0,2022-11-10T11:41:41.500Z,8,98.98,8,100,62962,1025,61.97,62492,550,33.25,63492,79,4.78,1671,99,1654,4047,8,8
1668081902,2022-11-10 06:05:02 -0600,93d8dfbe036cd0e7ea33adc037d800d2f66a7085,TX,48377,2,2022-11-09T01:00:00.000Z,FIPSCode,48377,0,2022-11-10T11:41:41.500Z,8,98.98,8,100,62962,1025,61.97,62492,550,33.25,63492,79,4.78,1671,99,1654,4047,8,8
1668081941,2022-11-10 06:05:41 -0600,4634d5873e9e1beb01921cd7bec2b62eee319c60,TX,48377,2,2022-11-09T01:00:00.000Z,FIPSCode,48377,0,2022-11-10T11:41:41.500Z,8,98.98,8,100,62962,1025,61.97,62492,550,33.25,63492,79,4.78,1671,99,1654,4047,8,8
1668081982,2022-11-10 06:06:22 -0600,5ce9a858caaef4f73371b06cc81d25054ef60daf,TX,48377,2,2022-11-09T01:00:00.000Z,FIPSCode,48377,0,2022-11-10T11:41:41.500Z,8,98.98,8,100,62962,1025,61.97,62492,550,33.25,63492,79,4.78,1671,99,1654,4047,8,8
1668082025,2022-11-10 06:07:05 -0600,92bf89c8f3f0a88ec4409a7b920aa721b21b3674,TX,48377,2,2022-11-09T01:00:00.000Z,FIPSCode,48377,0,2022-11-10T11:41:41.500Z,8,98.98,8,100,62962,1025,61.97,62492,550,33.25,63492,79,4.78,1671,99,1654,4047,8,8
1668082067,2022-11-10 06:07:47 -0600,f5d2b79545733e9b33871de748401b4f011c2c05,TX,48377,2,2022-11-09T01:00:00.000Z,FIPSCode,48377,0,2022-11-10T11:41:41.500Z,8,98.98,8,100,62962,1025,61.97,62492,550,33.25,63492,79,4.78,1671,99,1654,4047,8,8
1668082112,2022-11-10 06:08:32 -0600,109394a1e6b7644eef632fd880c4aff53b0d6e53,TX,48377,2,2022-11-09T01:00:00.000Z,FIPSCode,48377,0,2022-11-10T11:41:41.500Z,8,98.98,8,100,62962,1025,61.97,62492,550,33.25,63492,79,4.78,1671,99,1654,4047,8,8
1668082151,2022-11-10 06:09:11 -0600,56ed929509a619b34902ff5c3c6fe24f57453ce8,TX,48377,2,2022-11-09T01:00:00.000Z,FIPSCode,48377,0,2022-11-10T11:41:41.500Z,8,98.98,8,100,62962,1025,61.97,62492,550,33.25,63492,79,4.78,1671,99,1654,4047,8,8
1668082195,2022-11-10 06:09:55 -0600,9dca10b85108b8f63de6f86bf12bf170bb2609ae,TX,48377,2,2022-11-09T01:00:00.000Z,FIPSCode,48377,0,2022-11-10T11:41:41.500Z,8,98.98,8,100,62962,1025,61.97,62492,550,33.25,63492,79,4.78,1671,99,1654,4047,8,8
1668082236,2022-11-10 06:10:36 -0600,57b00634225f135631119d2d0f5cb54487df67f2,TX,48377,2,2022-11-09T01:00:00.000Z,FIPSCode,48377,0,2022-11-10T11:41:41.500Z,8,98.98,8,100,62962,1025,61.97,62492,550,33.25,63492,79,4.78,1671,99,1654,4047,8,8
1668082363,2022-11-10 06:12:43 -0600,3c04f06faa0f51d7807f873ed3a8553e7d764404,TX,48377,2,2022-11-09T01:00:00.000Z,FIPSCode,48377,0,2022-11-10T11:41:41.500Z,8,98.98,8,100,62962,1025,61.97,62492,550,33.25,63492,79,4.78,1671,99,1654,4047,8,8
1668082405,2022-11-10 06:13:25 -0600,c99639128c6c8ac2abf3ac710baf9f2c06a5a44a,TX,48377,2,2022-11-09T01:00:00.000Z,FIPSCode,48377,0,2022-11-10T11:41:41.500Z,8,98.98,8,100,62962,1025,61.97,62492,550,33.25,63492,79,4.78,1671,99,1654,4047,8,8
1668082443,2022-11-10 06:14:03 -0600,9a8b5a16fc8bb87243b5b49590031f21a1719ad2,TX,48377,2,2022-11-09T01:00:00.000Z,FIPSCode,48377,0,2022-11-10T11:41:41.500Z,8,98.98,8,100,62962,1025,61.97,62492,550,33.25,63492,79,4.78,1671,99,1654,4047,8,8
1668082491,2022-11-10 06:14:51 -0600,876874844a2afc88c64fd340a24fff839eea4981,TX,48377,2,2022-11-09T01:00:00.000Z,FIPSCode,48377,0,2022-11-10T11:41:41.500Z,8,98.98,8,100,62962,1025,61.97,62492,550,33.25,63492,79,4.78,1671,99,1654,4047,8,8
1668082533,2022-11-10 06:15:33 -0600,bfe7059484f6082b3365c9b0f737c0254a0962f9,TX,48377,2,2022-11-09T01:00:00.000Z,FIPSCode,48377,0,2022-11-10T11:41:41.500Z,8,98.98,8,100,62962,1025,61.97,62492,550,33.25,63492,79,4.78,1671,99,1654,4047,8,8
1668082577,2022-11-10 06:16:17 -0600,8e2603cd051f50df607ab9603163d9b659ae20df,TX,48377,2,2022-11-09T01:00:00.000Z,FIPSCode,48377,0,2022-11-10T11:41:41.500Z,8,98.98,8,100,62962,1025,61.97,62492,550,33.25,63492,79,4.78,1671,99,1654,4047,8,8
1668082615,2022-11-10 06:16:55 -0600,9e1a213a5ad58fcd2dc3d813ec50acce6f561ca4,TX,48377,2,2022-11-09T01:00:00.000Z,FIPSCode,48377,0,2022-11-10T11:41:41.500Z,8,98.98,8,100,62962,1025,61.97,62492,550,33.25,63492,79,4.78,1671,99,1654,4047,8,8
1668082664,2022-11-10 06:17:44 -0600,8edcbfadc4051e00d44a227d71eb7fc173197d2f,TX,48377,2,2022-11-09T01:00:00.000Z,FIPSCode,48377,0,2022-11-10T11:41:41.500Z,8,98.98,8,100,62962,1025,61.97,62492,550,33.25,63492,79,4.78,1671,99,1654,4047,8,8
1668082707,2022-11-10 06:18:27 -0600,adc62b583848c7df665107049775f500a84e375f,TX,48377,2,2022-11-09T01:00:00.000Z,FIPSCode,48377,0,2022-11-10T12:17:40.961Z,8,98.98,8,100,62962,1025,61.97,62492,550,33.25,63492,79,4.78,1671,99,1654,4047,8,8
1668082746,2022-11-10 06:19:06 -0600,b9c90098b02c6fcf6250819856d97dd4fd69e4fa,TX,48377,2,2022-11-09T01:00:00.000Z,FIPSCode,48377,0,2022-11-10T12:17:40.961Z,8,98.98,8,100,62962,1025,61.97,62492,550,33.25,63492,79,4.78,1671,99,1654,4047,8,8
1668082834,2022-11-10 06:20:34 -0600,e2d6344ed7315934b5db7102a679ced75159e80b,TX,48377,2,2022-11-09T01:00:00.000Z,FIPSCode,48377,0,2022-11-10T12:17:40.961Z,8,98.98,8,100,62962,1025,61.97,62492,550,33.25,63492,79,4.78,1671,99,1654,4047,8,8
1668082878,2022-11-10 06:21:18 -0600,61fd7e1a6965985c7b1c1f7a07221e72fbe84b8c,TX,48377,2,2022-11-09T01:00:00.000Z,FIPSCode,48377,0,2022-11-10T12:17:40.961Z,8,98.98,8,100,62962,1025,61.97,62492,550,33.25,63492,79,4.78,1671,99,1654,4047,8,8
1668082916,2022-11-10 06:21:56 -0600,ec9ab4db0500305b3c33d77cf7983c42f4bcc88f,TX,48377,2,2022-11-09T01:00:00.000Z,FIPSCode,48377,0,2022-11-10T12:17:40.961Z,8,98.98,8,100,62962,1025,61.97,62492,550,33.25,63492,79,4.78,1671,99,1654,4047,8,8
1668082962,2022-11-10 06:22:42 -0600,11ea946f8278d36f5afad81bc1e9f856cc9343eb,TX,48377,2,2022-11-09T01:00:00.000Z,FIPSCode,48377,0,2022-11-10T12:17:40.961Z,8,98.98,8,100,62962,1025,61.97,62492,550,33.25,63492,79,4.78,1671,99,1654,4047,8,8
1668083001,2022-11-10 06:23:21 -0600,835b801e51454b76f8c4db017b3dcb371ceb9457,TX,48377,2,2022-11-09T01:00:00.000Z,FIPSCode,48377,0,2022-11-10T12:17:40.961Z,8,98.98,8,100,62962,1025,61.97,62492,550,33.25,63492,79,4.78,1671,99,1654,4047,8,8
1668083046,2022-11-10 06:24:06 -0600,3b0d483f2be8f90d805edba39c3eb1279dbc51dc,TX,48377,2,2022-11-09T01:00:00.000Z,FIPSCode,48377,0,2022-11-10T12:17:40.961Z,8,98.98,8,100,62962,1025,61.97,62492,550,33.25,63492,79,4.78,1671,99,1654,4047,8,8
1668083090,2022-11-10 06:24:50 -0600,48f8f914b70e518f78010d64bb96f487c9e0af2c,TX,48377,2,2022-11-09T01:00:00.000Z,FIPSCode,48377,0,2022-11-10T12:17:40.961Z,8,98.98,8,100,62962,1025,61.97,62492,550,33.25,63492,79,4.78,1671,99,1654,4047,8,8
1668083131,2022-11-10 06:25:31 -0600,64ed50559829f95a047d62b3d40adcc6ed58c126,TX,48377,2,2022-11-09T01:00:00.000Z,FIPSCode,48377,0,2022-11-10T12:17:40.961Z,8,98.98,8,100,62962,1025,61.97,62492,550,33.25,63492,79,4.78,1671,99,1654,4047,8,8
1668083173,2022-11-10 06:26:13 -0600,df6758b49e1884fb6fd056e87f806ce710d54d19,TX,48377,2,2022-11-09T01:00:00.000Z,FIPSCode,48377,0,2022-11-10T12:17:40.961Z,8,98.98,8,100,62962,1025,61.97,62492,550,33.25,63492,79,4.78,1671,99,1654,4047,8,8
1668083213,2022-11-10 06:26:53 -0600,dda312eeaef147988beec4cf559fdfc7efb23645,TX,48377,2,2022-11-09T01:00:00.000Z,FIPSCode,48377,0,2022-11-10T12:17:40.961Z,8,98.98,8,100,62962,1025,61.97,62492,550,33.25,63492,79,4.78,1671,99,1654,4047,8,8
1668083259,2022-11-10 06:27:39 -0600,d7ff6d76d6e346766713740b2a23aa621732b122,TX,48377,2,2022-11-09T01:00:00.000Z,FIPSCode,48377,0,2022-11-10T12:17:40.961Z,8,98.98,8,100,62962,1025,61.97,62492,550,33.25,63492,79,4.78,1671,99,1654,4047,8,8
1668083298,2022-11-10 06:28:18 -0600,16bdabe12c1072e8ca4356672d4b0f5969639b4e,TX,48377,2,2022-11-09T01:00:00.000Z,FIPSCode,48377,0,2022-11-10T12:17:40.961Z,8,98.98,8,100,62962,1025,61.97,62492,550,33.25,63492,79,4.78,1671,99,1654,4047,8,8
1668083342,2022-11-10 06:29:02 -0600,ed937521f21f4fa058c2b01e1f62b94792ea42a3,TX,48377,2,2022-11-09T01:00:00.000Z,FIPSCode,48377,0,2022-11-10T12:17:40.961Z,8,98.98,8,100,62962,1025,61.97,62492,550,33.25,63492,79,4.78,1671,99,1654,4047,8,8
1668083387,2022-11-10 06:29:47 -0600,0cf6e6edf14fffab5db25cd73b8125441dadd690,TX,48377,2,2022-11-09T01:00:00.000Z,FIPSCode,48377,0,2022-11-10T12:17:40.961Z,8,98.98,8,100,62962,1025,61.97,62492,550,33.25,63492,79,4.78,1671,99,1654,4047,8,8
1668083430,2022-11-10 06:30:30 -0600,649e68e688526000a098cdbe8db2e911c8bef3ce,TX,48377,2,2022-11-09T01:00:00.000Z,FIPSCode,48377,0,2022-11-10T12:17:40.961Z,8,98.98,8,100,62962,1025,61.97,62492,550,33.25,63492,79,4.78,1671,99,1654,4047,8,8
1668083473,2022-11-10 06:31:13 -0600,b50a482170d8cb76f1207d0243f761c4235b1f9c,TX,48377,2,2022-11-09T01:00:00.000Z,FIPSCode,48377,0,2022-11-10T12:17:40.961Z,8,98.98,8,100,62962,1025,61.97,62492,550,33.25,63492,79,4.78,1671,99,1654,4047,8,8
1668083512,2022-11-10 06:31:52 -0600,eec7621c0caaa4b979467077bdfca3f27f8ed57c,TX,48377,2,2022-11-09T01:00:00.000Z,FIPSCode,48377,0,2022-11-10T12:17:40.961Z,8,98.98,8,100,62962,1025,61.97,62492,550,33.25,63492,79,4.78,1671,99,1654,4047,8,8
1668083554,2022-11-10 06:32:34 -0600,4afa5a1a3ab35a477417982ac465df17d0e98922,TX,48377,2,2022-11-09T01:00:00.000Z,FIPSCode,48377,0,2022-11-10T12:17:40.961Z,8,98.98,8,100,62962,1025,61.97,62492,550,33.25,63492,79,4.78,1671,99,1654,4047,8,8
1668083596,2022-11-10 06:33:16 -0600,b07fda1f761ddce4655c924115e091eb8606412a,TX,48377,2,2022-11-09T01:00:00.000Z,FIPSCode,48377,0,2022-11-10T12:17:40.961Z,8,98.98,8,100,62962,1025,61.97,62492,550,33.25,63492,79,4.78,1671,99,1654,4047,8,8
1668083637,2022-11-10 06:33:57 -0600,1940dea747c2554cb941edb2824a42804013c0b4,TX,48377,2,2022-11-09T01:00:00.000Z,FIPSCode,48377,0,2022-11-10T12:17:40.961Z,8,98.98,8,100,62962,1025,61.97,62492,550,33.25,63492,79,4.78,1671,99,1654,4047,8,8
1668083680,2022-11-10 06:34:40 -0600,86846cd9cc22326bbfb4626c1d42b8599fabdcfc,TX,48377,2,2022-11-09T01:00:00.000Z,FIPSCode,48377,0,2022-11-10T12:17:40.961Z,8,98.98,8,100,62962,1025,61.97,62492,550,33.25,63492,79,4.78,1671,99,1654,4047,8,8
1668083727,2022-11-10 06:35:27 -0600,942290c190d7736ca69d1c4acada2f2d09a6287a,TX,48377,2,2022-11-09T01:00:00.000Z,FIPSCode,48377,0,2022-11-10T12:17:40.961Z,8,98.98,8,100,62962,1025,61.97,62492,550,33.25,63492,79,4.78,1671,99,1654,4047,8,8
1668083769,2022-11-10 06:36:09 -0600,0d91a51a70e9adff04f14bf612e249dd60f2c99b,TX,48377,2,2022-11-09T01:00:00.000Z,FIPSCode,48377,0,2022-11-10T12:17:40.961Z,8,98.98,8,100,62962,1025,61.97,62492,550,33.25,63492,79,4.78,1671,99,1654,4047,8,8
1668083808,2022-11-10 06:36:48 -0600,970117f2ba28dc85b5809e2a0da72f7f2053b2a4,TX,48377,2,2022-11-09T01:00:00.000Z,FIPSCode,48377,0,2022-11-10T12:17:40.961Z,8,98.98,8,100,62962,1025,61.97,62492,550,33.25,63492,79,4.78,1671,99,1654,4047,8,8
1668083849,2022-11-10 06:37:29 -0600,6296bff6087e1efaaeae83549b78a9298df6cba2,TX,48377,2,2022-11-09T01:00:00.000Z,FIPSCode,48377,0,2022-11-10T12:17:40.961Z,8,98.98,8,100,62962,1025,61.97,62492,550,33.25,63492,79,4.78,1671,99,1654,4047,8,8
1668083893,2022-11-10 06:38:13 -0600,3311534b02da67cda9e1fdce2dae55f5c5b2ee9a,TX,48377,2,2022-11-09T01:00:00.000Z,FIPSCode,48377,0,2022-11-10T12:17:40.961Z,8,98.98,8,100,62962,1025,61.97,62492,550,33.25,63492,79,4.78,1671,99,1654,4047,8,8
1668083975,2022-11-10 06:39:35 -0600,63119e36e1cb32f7efc24f6178043e11b01c4a75,TX,48377,2,2022-11-09T01:00:00.000Z,FIPSCode,48377,0,2022-11-10T12:17:40.961Z,8,98.98,8,100,62962,1025,61.97,62492,550,33.25,63492,79,4.78,1671,99,1654,4047,8,8
1668084020,2022-11-10 06:40:20 -0600,7dc22af1c3fcb42b88c354a9369067b3382a8860,TX,48377,2,2022-11-09T01:00:00.000Z,FIPSCode,48377,0,2022-11-10T12:39:41.191Z,8,98.98,8,100,62962,1025,61.97,62492,550,33.25,63492,79,4.78,1671,99,1654,4047,8,8
1668084058,2022-11-10 06:40:58 -0600,9e5ed7f8c6bd3fe69a8389a996f7d8dfd4fc5c6e,TX,48377,2,2022-11-09T01:00:00.000Z,FIPSCode,48377,0,2022-11-10T12:39:41.191Z,8,98.98,8,100,62962,1025,61.97,62492,550,33.25,63492,79,4.78,1671,99,1654,4047,8,8
1668084105,2022-11-10 06:41:45 -0600,a5e551ea0cd9e30775194f32d2e6adaedb63406d,TX,48377,2,2022-11-09T01:00:00.000Z,FIPSCode,48377,0,2022-11-10T12:39:41.191Z,8,98.98,8,100,62962,1025,61.97,62492,550,33.25,63492,79,4.78,1671,99,1654,4047,8,8
1668084145,2022-11-10 06:42:25 -0600,af6df74fc651df1b9acd4307fac12b48fcee40eb,TX,48377,2,2022-11-09T01:00:00.000Z,FIPSCode,48377,0,2022-11-10T12:39:41.191Z,8,98.98,8,100,62962,1025,61.97,62492,550,33.25,63492,79,4.78,1671,99,1654,4047,8,8
1668084189,2022-11-10 06:43:09 -0600,bbe4208a4e8b41b8f294f460e7a94a741c1c6a1d,TX,48377,2,2022-11-09T01:00:00.000Z,FIPSCode,48377,0,2022-11-10T12:42:37.211Z,8,98.98,8,100,62962,1025,61.97,62492,550,33.25,63492,79,4.78,1671,99,1654,4047,8,8
1668084225,2022-11-10 06:43:45 -0600,74b3789483cd430f45b6d934d4d9a823ce5fbc21,TX,48377,2,2022-11-09T01:00:00.000Z,FIPSCode,48377,0,2022-11-10T12:43:17.160Z,8,98.98,8,100,62962,1025,61.97,62492,550,33.25,63492,79,4.78,1671,99,1654,4047,8,8
1668084273,2022-11-10 06:44:33 -0600,861ce3df6073945b9de86497e37a61bc56db4369,TX,48377,2,2022-11-09T01:00:00.000Z,FIPSCode,48377,0,2022-11-10T12:43:17.160Z,8,98.98,8,100,62962,1025,61.97,62492,550,33.25,63492,79,4.78,1671,99,1654,4047,8,8
1668084309,2022-11-10 06:45:09 -0600,d43849c6a304b5122b795990dc152b9c2fa4a313,TX,48377,2,2022-11-09T01:00:00.000Z,FIPSCode,48377,0,2022-11-10T12:43:17.160Z,8,98.98,8,100,62962,1025,61.97,62492,550,33.25,63492,79,4.78,1671,99,1654,4047,8,8
1668084353,2022-11-10 06:45:53 -0600,88da6bf43a29f5348f704b64a469c2e47c305641,TX,48377,2,2022-11-09T01:00:00.000Z,FIPSCode,48377,0,2022-11-10T12:44:57.928Z,8,98.98,8,100,62962,1025,61.97,62492,550,33.25,63492,79,4.78,1671,99,1654,4047,8,8
1668084398,2022-11-10 06:46:38 -0600,441e7c036614510514a1d3d75f86d67ad519271f,TX,48377,2,2022-11-09T01:00:00.000Z,FIPSCode,48377,0,2022-11-10T12:44:57.928Z,8,98.98,8,100,62962,1025,61.97,62492,550,33.25,63492,79,4.78,1671,99,1654,4047,8,8
1668084439,2022-11-10 06:47:19 -0600,5623f612324842460c52ac59d1eb5eb88c0847d9,TX,48377,2,2022-11-09T01:00:00.000Z,FIPSCode,48377,0,2022-11-10T12:44:57.928Z,8,98.98,8,100,62962,1025,61.97,62492,550,33.25,63492,79,4.78,1671,99,1654,4047,8,8
1668084485,2022-11-10 06:48:05 -0600,4439d619358fb55ce49a9ee5dd066a3cfce146d4,TX,48377,2,2022-11-09T01:00:00.000Z,FIPSCode,48377,0,2022-11-10T12:47:17.379Z,8,98.98,8,100,62962,1025,61.97,62492,550,33.25,63492,79,4.78,1671,99,1654,4047,8,8
1668084521,2022-11-10 06:48:41 -0600,1b055e6448619f258bc6e115abb634ab0228b4de,TX,48377,2,2022-11-09T01:00:00.000Z,FIPSCode,48377,0,2022-11-10T12:47:17.379Z,8,98.98,8,100,62962,1025,61.97,62492,550,33.25,63492,79,4.78,1671,99,1654,4047,8,8
1668084562,2022-11-10 06:49:22 -0600,079f0466a7dc2efb7197749a2ef61fbde7fc8dc8,TX,48377,2,2022-11-09T01:00:00.000Z,FIPSCode,48377,0,2022-11-10T12:49:02.689Z,8,98.98,8,100,62962,1025,61.97,62492,550,33.25,63492,79,4.78,1671,99,1654,4047,8,8
1668084606,2022-11-10 06:50:06 -0600,b874648f18d780590a28798303e92856853d9e70,TX,48377,2,2022-11-09T01:00:00.000Z,FIPSCode,48377,0,2022-11-10T12:49:38.541Z,8,98.98,8,100,62962,1025,61.97,62492,550,33.25,63492,79,4.78,1671,99,1654,4047,8,8
1668084646,2022-11-10 06:50:46 -0600,416cde0ab284fc43271ee4e11773338f731ea93d,TX,48377,2,2022-11-09T01:00:00.000Z,FIPSCode,48377,0,2022-11-10T12:49:38.541Z,8,98.98,8,100,62962,1025,61.97,62492,550,33.25,63492,79,4.78,1671,99,1654,4047,8,8
1668084692,2022-11-10 06:51:32 -0600,b589bb4b61cbb84bb5b942224c4d56ea372e5ce7,TX,48377,2,2022-11-09T01:00:00.000Z,FIPSCode,48377,0,2022-11-10T12:49:38.541Z,8,98.98,8,100,62962,1025,61.97,62492,550,33.25,63492,79,4.78,1671,99,1654,4047,8,8
1668084735,2022-11-10 06:52:15 -0600,19f5dd72a6ff6b328d87c78862c34995f3482b96,TX,48377,2,2022-11-09T01:00:00.000Z,FIPSCode,48377,0,2022-11-10T12:49:38.541Z,8,98.98,8,100,62962,1025,61.97,62492,550,33.25,63492,79,4.78,1671,99,1654,4047,8,8
1668084778,2022-11-10 06:52:58 -0600,158f73de4fceb75f1b11c66fdafe5067b131035a,TX,48377,2,2022-11-09T01:00:00.000Z,FIPSCode,48377,0,2022-11-10T12:49:38.541Z,8,98.98,8,100,62962,1025,61.97,62492,550,33.25,63492,79,4.78,1671,99,1654,4047,8,8
1668084819,2022-11-10 06:53:39 -0600,626f74c6f5e46846e0d21ab6d7fd8e0c5f54d4db,TX,48377,2,2022-11-09T01:00:00.000Z,FIPSCode,48377,0,2022-11-10T12:49:38.541Z,8,98.98,8,100,62962,1025,61.97,62492,550,33.25,63492,79,4.78,1671,99,1654,4047,8,8
1668084859,2022-11-10 06:54:19 -0600,60e9b36898000430e14c3ea5646bd55dd61a4e8b,TX,48377,2,2022-11-09T01:00:00.000Z,FIPSCode,48377,0,2022-11-10T12:49:38.541Z,8,98.98,8,100,62962,1025,61.97,62492,550,33.25,63492,79,4.78,1671,99,1654,4047,8,8
1668084902,2022-11-10 06:55:02 -0600,cd448eaecea706ad68c8ca9d009af5e0766c5339,TX,48377,2,2022-11-09T01:00:00.000Z,FIPSCode,48377,0,2022-11-10T12:49:38.541Z,8,98.98,8,100,62962,1025,61.97,62492,550,33.25,63492,79,4.78,1671,99,1654,4047,8,8
1668084942,2022-11-10 06:55:42 -0600,daf6a68e3f13774ff01d46d5f6a3aa2fa79f25af,TX,48377,2,2022-11-09T01:00:00.000Z,FIPSCode,48377,0,2022-11-10T12:49:38.541Z,8,98.98,8,100,62962,1025,61.97,62492,550,33.25,63492,79,4.78,1671,99,1654,4047,8,8
1668084987,2022-11-10 06:56:27 -0600,050c86dbc022616b9ee40bc54005398a680bed6d,TX,48377,2,2022-11-09T01:00:00.000Z,FIPSCode,48377,0,2022-11-10T12:55:57.662Z,8,98.98,8,100,62962,1025,61.97,62492,550,33.25,63492,79,4.78,1671,99,1654,4047,8,8
1668085025,2022-11-10 06:57:05 -0600,fef4cba0dbfc65c86f6313ee3f00d89b9a72e0fc,TX,48377,2,2022-11-09T01:00:00.000Z,FIPSCode,48377,0,2022-11-10T12:55:57.662Z,8,98.98,8,100,62962,1025,61.97,62492,550,33.25,63492,79,4.78,1671,99,1654,4047,8,8
1668085066,2022-11-10 06:57:46 -0600,217c0126ae3c5d5a6f708f5ec3bd6f04ecd4d78e,TX,48377,2,2022-11-09T01:00:00.000Z,FIPSCode,48377,0,2022-11-10T12:57:16.940Z,8,98.98,8,100,62962,1025,61.97,62492,550,33.25,63492,79,4.78,1671,99,1654,4047,8,8
1668085112,2022-11-10 06:58:32 -0600,681502e7c0d86681a575bbd066f51efe4c63afe0,TX,48377,2,2022-11-09T01:00:00.000Z,FIPSCode,48377,0,2022-11-10T12:57:16.940Z,8,98.98,8,100,62962,1025,61.97,62492,550,33.25,63492,79,4.78,1671,99,1654,4047,8,8
1668085152,2022-11-10 06:59:12 -0600,b812f3aa2902588cc72c392e317cbb570f748b36,TX,48377,2,2022-11-09T01:00:00.000Z,FIPSCode,48377,0,2022-11-10T12:57:16.940Z,8,98.98,8,100,62962,1025,61.97,62492,550,33.25,63492,79,4.78,1671,99,1654,4047,8,8
1668085196,2022-11-10 06:59:56 -0600,c5f106926d09a7b8697c8c64127af31d661014d6,TX,48377,2,2022-11-09T01:00:00.000Z,FIPSCode,48377,0,2022-11-10T12:57:16.940Z,8,98.98,8,100,62962,1025,61.97,62492,550,33.25,63492,79,4.78,1671,99,1654,4047,8,8
1668085275,2022-11-10 07:01:15 -0600,c26c80345901fa8f0afc090544fb9156abe5e5f7,TX,48377,2,2022-11-09T01:00:00.000Z,FIPSCode,48377,0,2022-11-10T12:57:16.940Z,8,98.98,8,100,62962,1025,61.97,62492,550,33.25,63492,79,4.78,1671,99,1654,4047,8,8
1668085318,2022-11-10 07:01:58 -0600,516c36c87d6b2cdb5100776e40ece520a51111d7,TX,48377,2,2022-11-09T01:00:00.000Z,FIPSCode,48377,0,2022-11-10T12:57:16.940Z,8,98.98,8,100,62962,1025,61.97,62492,550,33.25,63492,79,4.78,1671,99,1654,4047,8,8
1668085357,2022-11-10 07:02:37 -0600,43aa92f06eda13a16081c40477b841ce23fa491f,TX,48377,2,2022-11-09T01:00:00.000Z,FIPSCode,48377,0,2022-11-10T12:57:16.940Z,8,98.98,8,100,62962,1025,61.97,62492,550,33.25,63492,79,4.78,1671,99,1654,4047,8,8
1668085406,2022-11-10 07:03:26 -0600,4a83410e9717e9eae77d19ebdb08d81588d24c4c,TX,48377,2,2022-11-09T01:00:00.000Z,FIPSCode,48377,0,2022-11-10T12:57:16.940Z,8,98.98,8,100,62962,1025,61.97,62492,550,33.25,63492,79,4.78,1671,99,1654,4047,8,8
1668085532,2022-11-10 07:05:32 -0600,36423900906276f5be4acbb8f397ca23b241b73d,TX,48377,2,2022-11-09T01:00:00.000Z,FIPSCode,48377,0,2022-11-10T12:57:16.940Z,8,98.98,8,100,62962,1025,61.97,62492,550,33.25,63492,79,4.78,1671,99,1654,4047,8,8
1668085574,2022-11-10 07:06:14 -0600,f538aea4ee2210e2f8312dd6f04e68ca88b959a2,TX,48377,2,2022-11-09T01:00:00.000Z,FIPSCode,48377,0,2022-11-10T13:05:59.823Z,8,98.98,8,100,62962,1025,61.97,62492,550,33.25,63492,79,4.78,1671,99,1654,4047,8,8
1668085614,2022-11-10 07:06:54 -0600,1c9c593c7673e65766a7f837a0f128844036dcf6,TX,48377,2,2022-11-09T01:00:00.000Z,FIPSCode,48377,0,2022-11-10T13:06:40.181Z,8,98.98,8,100,62962,1025,61.97,62492,550,33.25,63492,79,4.78,1671,99,1654,4047,8,8
1668085656,2022-11-10 07:07:36 -0600,dc470b67adea63da06451aab9a2e7e49e46371ef,TX,48377,2,2022-11-09T01:00:00.000Z,FIPSCode,48377,0,2022-11-10T13:06:40.181Z,8,98.98,8,100,62962,1025,61.97,62492,550,33.25,63492,79,4.78,1671,99,1654,4047,8,8
1668085701,2022-11-10 07:08:21 -0600,3953bf01e605858aaca8d51bd0686ba9db6f3436,TX,48377,2,2022-11-09T01:00:00.000Z,FIPSCode,48377,0,2022-11-10T13:07:38.969Z,8,98.98,8,100,62962,1025,61.97,62492,550,33.25,63492,79,4.78,1671,99,1654,4047,8,8
1668085746,2022-11-10 07:09:06 -0600,0a9e516c1be4ce89ea2bd76831ebfba5f78bc429,TX,48377,2,2022-11-09T01:00:00.000Z,FIPSCode,48377,0,2022-11-10T13:08:17.316Z,8,98.98,8,100,62962,1025,61.97,62492,550,33.25,63492,79,4.78,1671,99,1654,4047,8,8
1668085789,2022-11-10 07:09:49 -0600,d14de8d3cdee01ce3f4d8caf06a1f6cf5a2046d6,TX,48377,2,2022-11-09T01:00:00.000Z,FIPSCode,48377,0,2022-11-10T13:08:17.316Z,8,98.98,8,100,62962,1025,61.97,62492,550,33.25,63492,79,4.78,1671,99,1654,4047,8,8
1668085869,2022-11-10 07:11:09 -0600,4eb0e2ac7690ab3a68bdf1e69b0df8022968df82,TX,48377,2,2022-11-09T01:00:00.000Z,FIPSCode,48377,0,2022-11-10T13:08:17.316Z,8,98.98,8,100,62962,1025,61.97,62492,550,33.25,63492,79,4.78,1671,99,1654,4047,8,8
1668085912,2022-11-10 07:11:52 -0600,b7bc2fa836e597478db23bd86b54dbda77daca45,TX,48377,2,2022-11-09T01:00:00.000Z,FIPSCode,48377,0,2022-11-10T13:08:17.316Z,8,98.98,8,100,62962,1025,61.97,62492,550,33.25,63492,79,4.78,1671,99,1654,4047,8,8
1668085951,2022-11-10 07:12:31 -0600,b6d66015bdf307b064f2c142ac16dd82ea54b9d6,TX,48377,2,2022-11-09T01:00:00.000Z,FIPSCode,48377,0,2022-11-10T13:08:17.316Z,8,98.98,8,100,62962,1025,61.97,62492,550,33.25,63492,79,4.78,1671,99,1654,4047,8,8
1668085997,2022-11-10 07:13:17 -0600,96a8a8a1b304d7b1811cf279fc64f6d5e80315ba,TX,48377,2,2022-11-09T01:00:00.000Z,FIPSCode,48377,0,2022-11-10T13:08:17.316Z,8,98.98,8,100,62962,1025,61.97,62492,550,33.25,63492,79,4.78,1671,99,1654,4047,8,8
1668086040,2022-11-10 07:14:00 -0600,54dee3b5fffd07e1961b82fb53219a8121084e42,TX,48377,2,2022-11-09T01:00:00.000Z,FIPSCode,48377,0,2022-11-10T13:08:17.316Z,8,98.98,8,100,62962,1025,61.97,62492,550,33.25,63492,79,4.78,1671,99,1654,4047,8,8
1668086085,2022-11-10 07:14:45 -0600,2c5fef228cd64c97be3244b8c592729a1e6decd0,TX,48377,2,2022-11-09T01:00:00.000Z,FIPSCode,48377,0,2022-11-10T13:08:17.316Z,8,98.98,8,100,62962,1025,61.97,62492,550,33.25,63492,79,4.78,1671,99,1654,4047,8,8
1668086167,2022-11-10 07:16:07 -0600,f87ba92a87abbbb2dbd8af23b6096a60d03aa640,TX,48377,2,2022-11-09T01:00:00.000Z,FIPSCode,48377,0,2022-11-10T13:08:17.316Z,8,98.98,8,100,62962,1025,61.97,62492,550,33.25,63492,79,4.78,1671,99,1654,4047,8,8
1668086208,2022-11-10 07:16:48 -0600,c6cb6be0df61b9ce09f9b48b91ac4dfe1e35cd85,TX,48377,2,2022-11-09T01:00:00.000Z,FIPSCode,48377,0,2022-11-10T13:08:17.316Z,8,98.98,8,100,62962,1025,61.97,62492,550,33.25,63492,79,4.78,1671,99,1654,4047,8,8
1668086288,2022-11-10 07:18:08 -0600,a66a4648d8961784696e23170e50e015ce744724,TX,48377,2,2022-11-09T01:00:00.000Z,FIPSCode,48377,0,2022-11-10T13:08:17.316Z,8,98.98,8,100,62962,1025,61.97,62492,550,33.25,63492,79,4.78,1671,99,1654,4047,8,8
1668086329,2022-11-10 07:18:49 -0600,2c2579754b7675ea8a241883f6090b7a2a6093ea,TX,48377,2,2022-11-09T01:00:00.000Z,FIPSCode,48377,0,2022-11-10T13:08:17.316Z,8,98.98,8,100,62962,1025,61.97,62492,550,33.25,63492,79,4.78,1671,99,1654,4047,8,8
1668086380,2022-11-10 07:19:40 -0600,9797cb7d587b4fbd8320b2587621f6b7a49a218f,TX,48377,2,2022-11-09T01:00:00.000Z,FIPSCode,48377,0,2022-11-10T13:08:17.316Z,8,98.98,8,100,62962,1025,61.97,62492,550,33.25,63492,79,4.78,1671,99,1654,4047,8,8
1668086419,2022-11-10 07:20:19 -0600,46bbb96abbd9f85058a066af409a43a3dd7be1b9,TX,48377,2,2022-11-09T01:00:00.000Z,FIPSCode,48377,0,2022-11-10T13:08:17.316Z,8,98.98,8,100,62962,1025,61.97,62492,550,33.25,63492,79,4.78,1671,99,1654,4047,8,8
1668086463,2022-11-10 07:21:03 -0600,caff52dc6396645d58e0cb2c1e8645cf55e60d83,TX,48377,2,2022-11-09T01:00:00.000Z,FIPSCode,48377,0,2022-11-10T13:08:17.316Z,8,98.98,8,100,62962,1025,61.97,62492,550,33.25,63492,79,4.78,1671,99,1654,4047,8,8
1668086504,2022-11-10 07:21:44 -0600,76a0a3656152fc78f616d2de6a870b87be0b6aab,TX,48377,2,2022-11-09T01:00:00.000Z,FIPSCode,48377,0,2022-11-10T13:08:17.316Z,8,98.98,8,100,62962,1025,61.97,62492,550,33.25,63492,79,4.78,1671,99,1654,4047,8,8
1668086545,2022-11-10 07:22:25 -0600,48fd7d4977466f06fc4a0a1fdd29853aadc7ab75,TX,48377,2,2022-11-09T01:00:00.000Z,FIPSCode,48377,0,2022-11-10T13:08:17.316Z,8,98.98,8,100,62962,1025,61.97,62492,550,33.25,63492,79,4.78,1671,99,1654,4047,8,8
1668086584,2022-11-10 07:23:04 -0600,2b7788fbd85fee5bac3f588fc977c0ffa5aee6d4,TX,48377,2,2022-11-09T01:00:00.000Z,FIPSCode,48377,0,2022-11-10T13:08:17.316Z,8,98.98,8,100,62962,1025,61.97,62492,550,33.25,63492,79,4.78,1671,99,1654,4047,8,8
1668086625,2022-11-10 07:23:45 -0600,817ae8895f04109464e8693e231edfeb68306645,TX,48377,2,2022-11-09T01:00:00.000Z,FIPSCode,48377,0,2022-11-10T13:08:17.316Z,8,98.98,8,100,62962,1025,61.97,62492,550,33.25,63492,79,4.78,1671,99,1654,4047,8,8
1668086670,2022-11-10 07:24:30 -0600,692cee7e14b492a52c2ed472172651b9ca2a6436,TX,48377,2,2022-11-09T01:00:00.000Z,FIPSCode,48377,0,2022-11-10T13:08:17.316Z,8,98.98,8,100,62962,1025,61.97,62492,550,33.25,63492,79,4.78,1671,99,1654,4047,8,8
1668086714,2022-11-10 07:25:14 -0600,e523d70df4439780ce6f84f1b4f187b3548720bc,TX,48377,2,2022-11-09T01:00:00.000Z,FIPSCode,48377,0,2022-11-10T13:08:17.316Z,8,98.98,8,100,62962,1025,61.97,62492,550,33.25,63492,79,4.78,1671,99,1654,4047,8,8
1668086760,2022-11-10 07:26:00 -0600,a47dc608fdc5119a55d56823742da6e0be734190,TX,48377,2,2022-11-09T01:00:00.000Z,FIPSCode,48377,0,2022-11-10T13:08:17.316Z,8,98.98,8,100,62962,1025,61.97,62492,550,33.25,63492,79,4.78,1671,99,1654,4047,8,8
1668086799,2022-11-10 07:26:39 -0600,e7d65747df73aa7c529f25f373beddc25d298ed4,TX,48377,2,2022-11-09T01:00:00.000Z,FIPSCode,48377,0,2022-11-10T13:08:17.316Z,8,98.98,8,100,62962,1025,61.97,62492,550,33.25,63492,79,4.78,1671,99,1654,4047,8,8
1668086839,2022-11-10 07:27:19 -0600,741e53f971fcf94d43516a69f29c8f72cfa3c814,TX,48377,2,2022-11-09T01:00:00.000Z,FIPSCode,48377,0,2022-11-10T13:26:39.272Z,8,98.98,8,100,62962,1025,61.97,62492,550,33.25,63492,79,4.78,1671,99,1654,4047,8,8
1668086879,2022-11-10 07:27:59 -0600,fc871b0e6dc6b55dd22c3662fc82e61d38b8498d,TX,48377,2,2022-11-09T01:00:00.000Z,FIPSCode,48377,0,2022-11-10T13:27:40.275Z,8,98.98,8,100,62962,1025,61.97,62492,550,33.25,63492,79,4.78,1671,99,1654,4047,8,8
1668086922,2022-11-10 07:28:42 -0600,cbb55d6ef134c590125d164fa27ac2e454965a51,TX,48377,2,2022-11-09T01:00:00.000Z,FIPSCode,48377,0,2022-11-10T13:27:40.275Z,8,98.98,8,100,62962,1025,61.97,62492,550,33.25,63492,79,4.78,1671,99,1654,4047,8,8
1668086966,2022-11-10 07:29:26 -0600,3e0bac01051537db82c89e21f9ca243c6ef9b22c,TX,48377,2,2022-11-09T01:00:00.000Z,FIPSCode,48377,0,2022-11-10T13:28:58.796Z,8,98.98,8,100,62962,1025,61.97,62492,550,33.25,63492,79,4.78,1671,99,1654,4047,8,8
1668087009,2022-11-10 07:30:09 -0600,91a874ddd8694726c873d50b186d124f01d0c5c8,TX,48377,2,2022-11-09T01:00:00.000Z,FIPSCode,48377,0,2022-11-10T13:29:18.444Z,8,98.98,8,100,62962,1025,61.97,62492,550,33.25,63492,79,4.78,1671,99,1654,4047,8,8
1668087056,2022-11-10 07:30:56 -0600,45c2dceafd986ba9fb28fa14c5b640a9faf3cfbc,TX,48377,2,2022-11-09T01:00:00.000Z,FIPSCode,48377,0,2022-11-10T13:29:18.444Z,8,98.98,8,100,62962,1025,61.97,62492,550,33.25,63492,79,4.78,1671,99,1654,4047,8,8
1668087139,2022-11-10 07:32:19 -0600,30e993a0d4f80bb6e22ef3bd7615104b12f88ed9,TX,48377,2,2022-11-09T01:00:00.000Z,FIPSCode,48377,0,2022-11-10T13:29:18.444Z,8,98.98,8,100,62962,1025,61.97,62492,550,33.25,63492,79,4.78,1671,99,1654,4047,8,8
1668087178,2022-11-10 07:32:58 -0600,c6db53bad7b9cd0de82f429429c0731213212e61,TX,48377,2,2022-11-09T01:00:00.000Z,FIPSCode,48377,0,2022-11-10T13:29:18.444Z,8,98.98,8,100,62962,1025,61.97,62492,550,33.25,63492,79,4.78,1671,99,1654,4047,8,8
1668087217,2022-11-10 07:33:37 -0600,9cc76c6488707e2422d2ecf718f75ce242eb2997,TX,48377,2,2022-11-09T01:00:00.000Z,FIPSCode,48377,0,2022-11-10T13:29:18.444Z,8,98.98,8,100,62962,1025,61.97,62492,550,33.25,63492,79,4.78,1671,99,1654,4047,8,8
1668087353,2022-11-10 07:35:53 -0600,a4dc9efa96c6fb792bc97927aac79cf84bd73b36,TX,48377,2,2022-11-09T01:00:00.000Z,FIPSCode,48377,0,2022-11-10T13:29:18.444Z,8,98.98,8,100,62962,1025,61.97,62492,550,33.25,63492,79,4.78,1671,99,1654,4047,8,8
1668087395,2022-11-10 07:36:35 -0600,058a26c84f8a5c4ccb912dac958fcd42b17c8a41,TX,48377,2,2022-11-09T01:00:00.000Z,FIPSCode,48377,0,2022-11-10T13:29:18.444Z,8,98.98,8,100,62962,1025,61.97,62492,550,33.25,63492,79,4.78,1671,99,1654,4047,8,8
1668087432,2022-11-10 07:37:12 -0600,17ac9c459f839a18dc74de11015410f8b98cc2ae,TX,48377,2,2022-11-09T01:00:00.000Z,FIPSCode,48377,0,2022-11-10T13:29:18.444Z,8,98.98,8,100,62962,1025,61.97,62492,550,33.25,63492,79,4.78,1671,99,1654,4047,8,8
1668087475,2022-11-10 07:37:55 -0600,dec3657c0b5deb3063804415edddb2b1a22da7b6,TX,48377,2,2022-11-09T01:00:00.000Z,FIPSCode,48377,0,2022-11-10T13:37:39.885Z,8,98.98,8,100,62962,1025,61.97,62492,550,33.25,63492,79,4.78,1671,99,1654,4047,8,8
1668087514,2022-11-10 07:38:34 -0600,6fb5fb1cf97c8ac075e5c457ba64de4497258905,TX,48377,2,2022-11-09T01:00:00.000Z,FIPSCode,48377,0,2022-11-10T13:37:39.885Z,8,98.98,8,100,62962,1025,61.97,62492,550,33.25,63492,79,4.78,1671,99,1654,4047,8,8
1668087559,2022-11-10 07:39:19 -0600,3faf4abcc9de243a4996fb38674d440f2f4a3c29,TX,48377,2,2022-11-09T01:00:00.000Z,FIPSCode,48377,0,2022-11-10T13:38:39.447Z,8,98.98,8,100,62962,1025,61.97,62492,550,33.25,63492,79,4.78,1671,99,1654,4047,8,8
1668087604,2022-11-10 07:40:04 -0600,4c0f437e834552bff3a8589223a69d25363e1c54,TX,48377,2,2022-11-09T01:00:00.000Z,FIPSCode,48377,0,2022-11-10T13:38:39.447Z,8,98.98,8,100,62962,1025,61.97,62492,550,33.25,63492,79,4.78,1671,99,1654,4047,8,8
1668087647,2022-11-10 07:40:47 -0600,4b65c57f77d8ac053dda51f5ecb4855ee1836f76,TX,48377,2,2022-11-09T01:00:00.000Z,FIPSCode,48377,0,2022-11-10T13:40:17.661Z,8,98.98,8,100,62962,1025,61.97,62492,550,33.25,63492,79,4.78,1671,99,1654,4047,8,8
1668087689,2022-11-10 07:41:29 -0600,91543ca4775bff3a4c834dfaa636083dd91f5a3d,TX,48377,2,2022-11-09T01:00:00.000Z,FIPSCode,48377,0,2022-11-10T13:40:17.661Z,8,98.98,8,100,62962,1025,61.97,62492,550,33.25,63492,79,4.78,1671,99,1654,4047,8,8
1668087728,2022-11-10 07:42:08 -0600,0357ff8aefed488fa65992fa3b52a266341d526a,TX,48377,2,2022-11-09T01:00:00.000Z,FIPSCode,48377,0,2022-11-10T13:40:17.661Z,8,98.98,8,100,62962,1025,61.97,62492,550,33.25,63492,79,4.78,1671,99,1654,4047,8,8
1668087769,2022-11-10 07:42:49 -0600,bf77bec661e98d2ca662004915c10037d410556c,TX,48377,2,2022-11-09T01:00:00.000Z,FIPSCode,48377,0,2022-11-10T13:40:17.661Z,8,98.98,8,100,62962,1025,61.97,62492,550,33.25,63492,79,4.78,1671,99,1654,4047,8,8
1668087810,2022-11-10 07:43:30 -0600,f8e11636af62a291c895524f3460e39cc1ecbc8f,TX,48377,2,2022-11-09T01:00:00.000Z,FIPSCode,48377,0,2022-11-10T13:40:17.661Z,8,98.98,8,100,62962,1025,61.97,62492,550,33.25,63492,79,4.78,1671,99,1654,4047,8,8
1668087848,2022-11-10 07:44:08 -0600,a8fe6b4167fa7977e9192b843fac6c177deca046,TX,48377,2,2022-11-09T01:00:00.000Z,FIPSCode,48377,0,2022-11-10T13:40:17.661Z,8,98.98,8,100,62962,1025,61.97,62492,550,33.25,63492,79,4.78,1671,99,1654,4047,8,8
1668087900,2022-11-10 07:45:00 -0600,ef1f35945086b944f0541c7efc12d2d1d9ef5439,TX,48377,2,2022-11-09T01:00:00.000Z,FIPSCode,48377,0,2022-11-10T13:40:17.661Z,8,98.98,8,100,62962,1025,61.97,62492,550,33.25,63492,79,4.78,1671,99,1654,4047,8,8
1668087986,2022-11-10 07:46:26 -0600,704deae9192f015368618e6bb2cd8514b044e8d3,TX,48377,2,2022-11-09T01:00:00.000Z,FIPSCode,48377,0,2022-11-10T13:40:17.661Z,8,98.98,8,100,62962,1025,61.97,62492,550,33.25,63492,79,4.78,1671,99,1654,4047,8,8
1668088066,2022-11-10 07:47:46 -0600,42f74ed51223056ffaaabe24ffe8494542da5b5d,TX,48377,2,2022-11-09T01:00:00.000Z,FIPSCode,48377,0,2022-11-10T13:40:17.661Z,8,98.98,8,100,62962,1025,61.97,62492,550,33.25,63492,79,4.78,1671,99,1654,4047,8,8
1668088105,2022-11-10 07:48:25 -0600,893fddd6e3fbdefb344ee21277e2c74b72a46288,TX,48377,2,2022-11-09T01:00:00.000Z,FIPSCode,48377,0,2022-11-10T13:40:17.661Z,8,98.98,8,100,62962,1025,61.97,62492,550,33.25,63492,79,4.78,1671,99,1654,4047,8,8
1668088146,2022-11-10 07:49:06 -0600,2f704d5a853722ea2d3e0a025a333a02fa5c77ad,TX,48377,2,2022-11-09T01:00:00.000Z,FIPSCode,48377,0,2022-11-10T13:40:17.661Z,8,98.98,8,100,62962,1025,61.97,62492,550,33.25,63492,79,4.78,1671,99,1654,4047,8,8
1668088192,2022-11-10 07:49:52 -0600,db675efecfc6595ffe8a4bf2a39ef7c116019860,TX,48377,2,2022-11-09T01:00:00.000Z,FIPSCode,48377,0,2022-11-10T13:40:17.661Z,8,98.98,8,100,62962,1025,61.97,62492,550,33.25,63492,79,4.78,1671,99,1654,4047,8,8
1668088280,2022-11-10 07:51:20 -0600,9757535736931a05c5a822b0b4e727b61baa1752,TX,48377,2,2022-11-09T01:00:00.000Z,FIPSCode,48377,0,2022-11-10T13:40:17.661Z,8,98.98,8,100,62962,1025,61.97,62492,550,33.25,63492,79,4.78,1671,99,1654,4047,8,8
1668088316,2022-11-10 07:51:56 -0600,19201c073c9ca597cab096e533b89ad9e3a02a0f,TX,48377,2,2022-11-09T01:00:00.000Z,FIPSCode,48377,0,2022-11-10T13:40:17.661Z,8,98.98,8,100,62962,1025,61.97,62492,550,33.25,63492,79,4.78,1671,99,1654,4047,8,8
1668088363,2022-11-10 07:52:43 -0600,bcf30293de0e11f851a6b0fddbbbadd5a1a21d8a,TX,48377,2,2022-11-09T01:00:00.000Z,FIPSCode,48377,0,2022-11-10T13:40:17.661Z,8,98.98,8,100,62962,1025,61.97,62492,550,33.25,63492,79,4.78,1671,99,1654,4047,8,8
1668088400,2022-11-10 07:53:20 -0600,1fc322626078fd361ea5e98612776dff52eef5ac,TX,48377,2,2022-11-09T01:00:00.000Z,FIPSCode,48377,0,2022-11-10T13:40:17.661Z,8,98.98,8,100,62962,1025,61.97,62492,550,33.25,63492,79,4.78,1671,99,1654,4047,8,8
1668088441,2022-11-10 07:54:01 -0600,c93bb38820099f523c1bfc36d822b489934aac99,TX,48377,2,2022-11-09T01:00:00.000Z,FIPSCode,48377,0,2022-11-10T13:40:17.661Z,8,98.98,8,100,62962,1025,61.97,62492,550,33.25,63492,79,4.78,1671,99,1654,4047,8,8
1668088486,2022-11-10 07:54:46 -0600,0eaa836293b972a9fd9ddb051db031e303ce6cf9,TX,48377,2,2022-11-09T01:00:00.000Z,FIPSCode,48377,0,2022-11-10T13:40:17.661Z,8,98.98,8,100,62962,1025,61.97,62492,550,33.25,63492,79,4.78,1671,99,1654,4047,8,8
1668088579,2022-11-10 07:56:19 -0600,d45b22e0f062822632934692c62e78f164c5c9ae,TX,48377,2,2022-11-09T01:00:00.000Z,FIPSCode,48377,0,2022-11-10T13:40:17.661Z,8,98.98,8,100,62962,1025,61.97,62492,550,33.25,63492,79,4.78,1671,99,1654,4047,8,8
1668088615,2022-11-10 07:56:55 -0600,4b2df0408db8fafa520f2160f68aa38d4d65082d,TX,48377,2,2022-11-09T01:00:00.000Z,FIPSCode,48377,0,2022-11-10T13:40:17.661Z,8,98.98,8,100,62962,1025,61.97,62492,550,33.25,63492,79,4.78,1671,99,1654,4047,8,8
1668088655,2022-11-10 07:57:35 -0600,c7ddff4b40cc3c0afd1235f63acc99bd2c24a60b,TX,48377,2,2022-11-09T01:00:00.000Z,FIPSCode,48377,0,2022-11-10T13:40:17.661Z,8,98.98,8,100,62962,1025,61.97,62492,550,33.25,63492,79,4.78,1671,99,1654,4047,8,8
1668088695,2022-11-10 07:58:15 -0600,8bd4033d06f9a23a7678dbd2124ea6f182741516,TX,48377,2,2022-11-09T01:00:00.000Z,FIPSCode,48377,0,2022-11-10T13:40:17.661Z,8,98.98,8,100,62962,1025,61.97,62492,550,33.25,63492,79,4.78,1671,99,1654,4047,8,8
1668088736,2022-11-10 07:58:56 -0600,cf2899b5a1a31fc2fee3123c40733e573f37ca90,TX,48377,2,2022-11-09T01:00:00.000Z,FIPSCode,48377,0,2022-11-10T13:40:17.661Z,8,98.98,8,100,62962,1025,61.97,62492,550,33.25,63492,79,4.78,1671,99,1654,4047,8,8
1668088822,2022-11-10 08:00:22 -0600,09db8bf7042c6ad96e9ca14fccbbd69234847e8a,TX,48377,2,2022-11-09T01:00:00.000Z,FIPSCode,48377,0,2022-11-10T13:40:17.661Z,8,98.98,8,100,62962,1025,61.97,62492,550,33.25,63492,79,4.78,1671,99,1654,4047,8,8
1668088866,2022-11-10 08:01:06 -0600,43e581bbcb711959c67fc30f122e749f85e0b432,TX,48377,2,2022-11-09T01:00:00.000Z,FIPSCode,48377,0,2022-11-10T13:40:17.661Z,8,98.98,8,100,62962,1025,61.97,62492,550,33.25,63492,79,4.78,1671,99,1654,4047,8,8
1668088911,2022-11-10 08:01:51 -0600,f8f767a219d2d69a15557203e1d0e8f04fc759fd,TX,48377,2,2022-11-09T01:00:00.000Z,FIPSCode,48377,0,2022-11-10T13:40:17.661Z,8,98.98,8,100,62962,1025,61.97,62492,550,33.25,63492,79,4.78,1671,99,1654,4047,8,8
1668088953,2022-11-10 08:02:33 -0600,a9120d450cb977e02cdf50c3cc99026990cd1613,TX,48377,2,2022-11-09T01:00:00.000Z,FIPSCode,48377,0,2022-11-10T13:40:17.661Z,8,98.98,8,100,62962,1025,61.97,62492,550,33.25,63492,79,4.78,1671,99,1654,4047,8,8
1668088993,2022-11-10 08:03:13 -0600,499dd6cebe2bce9c6a77faa504fbaba25b3a696c,TX,48377,2,2022-11-09T01:00:00.000Z,FIPSCode,48377,0,2022-11-10T13:40:17.661Z,8,98.98,8,100,62962,1025,61.97,62492,550,33.25,63492,79,4.78,1671,99,1654,4047,8,8
1668089034,2022-11-10 08:03:54 -0600,b71838cc17d86089703df8e3888ebc903166e805,TX,48377,2,2022-11-09T01:00:00.000Z,FIPSCode,48377,0,2022-11-10T13:40:17.661Z,8,98.98,8,100,62962,1025,61.97,62492,550,33.25,63492,79,4.78,1671,99,1654,4047,8,8
1668089074,2022-11-10 08:04:34 -0600,7abb133b1680252d76d27bb7417b3198279a4b65,TX,48377,2,2022-11-09T01:00:00.000Z,FIPSCode,48377,0,2022-11-10T13:40:17.661Z,8,98.98,8,100,62962,1025,61.97,62492,550,33.25,63492,79,4.78,1671,99,1654,4047,8,8
1668089114,2022-11-10 08:05:14 -0600,0aa5d3ee5bc9cae20b3398f819f396e35ad0e143,TX,48377,2,2022-11-09T01:00:00.000Z,FIPSCode,48377,0,2022-11-10T13:40:17.661Z,8,98.98,8,100,62962,1025,61.97,62492,550,33.25,63492,79,4.78,1671,99,1654,4047,8,8
1668089155,2022-11-10 08:05:55 -0600,d544273423976c2656706f09033909320efafac1,TX,48377,2,2022-11-09T01:00:00.000Z,FIPSCode,48377,0,2022-11-10T13:40:17.661Z,8,98.98,8,100,62962,1025,61.97,62492,550,33.25,63492,79,4.78,1671,99,1654,4047,8,8
1668089204,2022-11-10 08:06:44 -0600,9168ffb32e4ee8fd0cab1138674f47b06d1e5eea,TX,48377,2,2022-11-09T01:00:00.000Z,FIPSCode,48377,0,2022-11-10T13:40:17.661Z,8,98.98,8,100,62962,1025,61.97,62492,550,33.25,63492,79,4.78,1671,99,1654,4047,8,8
1668089247,2022-11-10 08:07:27 -0600,a3b9dd170e60a811ef7e3dca608552462a2a8f98,TX,48377,2,2022-11-09T01:00:00.000Z,FIPSCode,48377,0,2022-11-10T13:40:17.661Z,8,98.98,8,100,62962,1025,61.97,62492,550,33.25,63492,79,4.78,1671,99,1654,4047,8,8
1668089286,2022-11-10 08:08:06 -0600,c650b387684db90e8705bce5172c9c77765ee94c,TX,48377,2,2022-11-09T01:00:00.000Z,FIPSCode,48377,0,2022-11-10T13:40:17.661Z,8,98.98,8,100,62962,1025,61.97,62492,550,33.25,63492,79,4.78,1671,99,1654,4047,8,8
1668089328,2022-11-10 08:08:48 -0600,bb2581db779ab14d96eef1e21634d47c274f1c7d,TX,48377,2,2022-11-09T01:00:00.000Z,FIPSCode,48377,0,2022-11-10T13:40:17.661Z,8,98.98,8,100,62962,1025,61.97,62492,550,33.25,63492,79,4.78,1671,99,1654,4047,8,8
1668089367,2022-11-10 08:09:27 -0600,fe23bf384e8d390b06c5caa93aedd2ae96de417e,TX,48377,2,2022-11-09T01:00:00.000Z,FIPSCode,48377,0,2022-11-10T13:40:17.661Z,8,98.98,8,100,62962,1025,61.97,62492,550,33.25,63492,79,4.78,1671,99,1654,4047,8,8
1668089408,2022-11-10 08:10:08 -0600,ff40226960e02bcff2f72f52235a3a685bf45500,TX,48377,2,2022-11-09T01:00:00.000Z,FIPSCode,48377,0,2022-11-10T13:40:17.661Z,8,98.98,8,100,62962,1025,61.97,62492,550,33.25,63492,79,4.78,1671,99,1654,4047,8,8
1668089448,2022-11-10 08:10:48 -0600,e4a7eaec54ffa629dde7b1c3701e9142a639673c,TX,48377,2,2022-11-09T01:00:00.000Z,FIPSCode,48377,0,2022-11-10T13:40:17.661Z,8,98.98,8,100,62962,1025,61.97,62492,550,33.25,63492,79,4.78,1671,99,1654,4047,8,8
1668089498,2022-11-10 08:11:38 -0600,81c89c2cece44c1563fff0b897dfdb1a4f80ec98,TX,48377,2,2022-11-09T01:00:00.000Z,FIPSCode,48377,0,2022-11-10T14:10:37.628Z,8,98.98,8,100,62962,1025,61.97,62492,550,33.25,63492,79,4.78,1671,99,1654,4047,8,8
1668089541,2022-11-10 08:12:21 -0600,657f160bc64648cefc4d6f926868c22fb3a5b117,TX,48377,2,2022-11-09T01:00:00.000Z,FIPSCode,48377,0,2022-11-10T14:11:37.022Z,8,98.98,8,100,62962,1025,61.97,62492,550,33.25,63492,79,4.78,1671,99,1654,4047,8,8
1668089581,2022-11-10 08:13:01 -0600,fa1c4283049ddb2cccb87f681a42cb8aaf43236a,TX,48377,2,2022-11-09T01:00:00.000Z,FIPSCode,48377,0,2022-11-10T14:11:37.022Z,8,98.98,8,100,62962,1025,61.97,62492,550,33.25,63492,79,4.78,1671,99,1654,4047,8,8
1668089621,2022-11-10 08:13:41 -0600,5e8ac3510831b3006f9ae98d82af4b0940346fd2,TX,48377,2,2022-11-09T01:00:00.000Z,FIPSCode,48377,0,2022-11-10T14:13:14.903Z,8,98.98,8,100,62962,1025,61.97,62492,550,33.25,63492,79,4.78,1671,99,1654,4047,8,8
1668089662,2022-11-10 08:14:22 -0600,d9bbd526a11a51e6ba3877748bbcfee9b8ed05aa,TX,48377,2,2022-11-09T01:00:00.000Z,FIPSCode,48377,0,2022-11-10T14:13:14.903Z,8,98.98,8,100,62962,1025,61.97,62492,550,33.25,63492,79,4.78,1671,99,1654,4047,8,8
1668089703,2022-11-10 08:15:03 -0600,993adcf27f3904febaa107ae1b51a1d792ac9fb5,TX,48377,2,2022-11-09T01:00:00.000Z,FIPSCode,48377,0,2022-11-10T14:13:14.903Z,8,98.98,8,100,62962,1025,61.97,62492,550,33.25,63492,79,4.78,1671,99,1654,4047,8,8
1668089743,2022-11-10 08:15:43 -0600,47f7019356c365343d8b120b47ee7240f18001e7,TX,48377,2,2022-11-09T01:00:00.000Z,FIPSCode,48377,0,2022-11-10T14:13:14.903Z,8,98.98,8,100,62962,1025,61.97,62492,550,33.25,63492,79,4.78,1671,99,1654,4047,8,8
1668089794,2022-11-10 08:16:34 -0600,1b32d0ea1fb71daccf353c08f962ad838621df5e,TX,48377,2,2022-11-09T01:00:00.000Z,FIPSCode,48377,0,2022-11-10T14:13:14.903Z,8,98.98,8,100,62962,1025,61.97,62492,550,33.25,63492,79,4.78,1671,99,1654,4047,8,8
1668089874,2022-11-10 08:17:54 -0600,3aae1863fee63603736c5561e84daeba8b869e0c,TX,48377,2,2022-11-09T01:00:00.000Z,FIPSCode,48377,0,2022-11-10T14:13:14.903Z,8,98.98,8,100,62962,1025,61.97,62492,550,33.25,63492,79,4.78,1671,99,1654,4047,8,8
1668089920,2022-11-10 08:18:40 -0600,67b2150e3e49731e0250cd29279c26bf4667f56d,TX,48377,2,2022-11-09T01:00:00.000Z,FIPSCode,48377,0,2022-11-10T14:13:14.903Z,8,98.98,8,100,62962,1025,61.97,62492,550,33.25,63492,79,4.78,1671,99,1654,4047,8,8
1668089960,2022-11-10 08:19:20 -0600,ca1758a052ef88a13a34df66006608d7c768f46e,TX,48377,2,2022-11-09T01:00:00.000Z,FIPSCode,48377,0,2022-11-10T14:13:14.903Z,8,98.98,8,100,62962,1025,61.97,62492,550,33.25,63492,79,4.78,1671,99,1654,4047,8,8
1668090001,2022-11-10 08:20:01 -0600,ec146d26477cc255b06547b2714458e8ee8679d0,TX,48377,2,2022-11-09T01:00:00.000Z,FIPSCode,48377,0,2022-11-10T14:13:14.903Z,8,98.98,8,100,62962,1025,61.97,62492,550,33.25,63492,79,4.78,1671,99,1654,4047,8,8
1668090041,2022-11-10 08:20:41 -0600,738522bf836ae38a62d1eaf80cf54d65b785cf64,TX,48377,2,2022-11-09T01:00:00.000Z,FIPSCode,48377,0,2022-11-10T14:13:14.903Z,8,98.98,8,100,62962,1025,61.97,62492,550,33.25,63492,79,4.78,1671,99,1654,4047,8,8
1668090081,2022-11-10 08:21:21 -0600,d4aef368134133053a4de51ed44ee8ca1c720e17,TX,48377,2,2022-11-09T01:00:00.000Z,FIPSCode,48377,0,2022-11-10T14:13:14.903Z,8,98.98,8,100,62962,1025,61.97,62492,550,33.25,63492,79,4.78,1671,99,1654,4047,8,8
1668090124,2022-11-10 08:22:04 -0600,6cece2e111085a475e2ffb41958c1a01d54c7bd7,TX,48377,2,2022-11-09T01:00:00.000Z,FIPSCode,48377,0,2022-11-10T14:13:14.903Z,8,98.98,8,100,62962,1025,61.97,62492,550,33.25,63492,79,4.78,1671,99,1654,4047,8,8
1668090167,2022-11-10 08:22:47 -0600,d040b756e8394577917a57620e07fc765207145e,TX,48377,2,2022-11-09T01:00:00.000Z,FIPSCode,48377,0,2022-11-10T14:13:14.903Z,8,98.98,8,100,62962,1025,61.97,62492,550,33.25,63492,79,4.78,1671,99,1654,4047,8,8
1668090210,2022-11-10 08:23:30 -0600,463c1ee27e42c226b2e9f3fe0b3f8829b3c14033,TX,48377,2,2022-11-09T01:00:00.000Z,FIPSCode,48377,0,2022-11-10T14:13:14.903Z,8,98.98,8,100,62962,1025,61.97,62492,550,33.25,63492,79,4.78,1671,99,1654,4047,8,8
1668090252,2022-11-10 08:24:12 -0600,676b81ea7e224da50676ef654aafad55327e391c,TX,48377,2,2022-11-09T01:00:00.000Z,FIPSCode,48377,0,2022-11-10T14:13:14.903Z,8,98.98,8,100,62962,1025,61.97,62492,550,33.25,63492,79,4.78,1671,99,1654,4047,8,8
1668090299,2022-11-10 08:24:59 -0600,fe88938ca673a7e52a16a6a79050cff2c8155d95,TX,48377,2,2022-11-09T01:00:00.000Z,FIPSCode,48377,0,2022-11-10T14:13:14.903Z,8,98.98,8,100,62962,1025,61.97,62492,550,33.25,63492,79,4.78,1671,99,1654,4047,8,8
1668090339,2022-11-10 08:25:39 -0600,46cf4cd812961f644aaf0cb0289fe55557b87ad0,TX,48377,2,2022-11-09T01:00:00.000Z,FIPSCode,48377,0,2022-11-10T14:13:14.903Z,8,98.98,8,100,62962,1025,61.97,62492,550,33.25,63492,79,4.78,1671,99,1654,4047,8,8
1668090379,2022-11-10 08:26:19 -0600,99d9def951d94e993bc5da3346902b97465c948c,TX,48377,2,2022-11-09T01:00:00.000Z,FIPSCode,48377,0,2022-11-10T14:13:14.903Z,8,98.98,8,100,62962,1025,61.97,62492,550,33.25,63492,79,4.78,1671,99,1654,4047,8,8
1668090420,2022-11-10 08:27:00 -0600,edc69a2024172867c68ff0e64675d7cb7077dfd2,TX,48377,2,2022-11-09T01:00:00.000Z,FIPSCode,48377,0,2022-11-10T14:13:14.903Z,8,98.98,8,100,62962,1025,61.97,62492,550,33.25,63492,79,4.78,1671,99,1654,4047,8,8
1668090546,2022-11-10 08:29:06 -0600,cfc867798476f97e3fd40559dd470a91652a0416,TX,48377,2,2022-11-09T01:00:00.000Z,FIPSCode,48377,0,2022-11-10T14:13:14.903Z,8,98.98,8,100,62962,1025,61.97,62492,550,33.25,63492,79,4.78,1671,99,1654,4047,8,8
1668090586,2022-11-10 08:29:46 -0600,db4510a41833f0f14e48912eea2ad35844e43fc2,TX,48377,2,2022-11-09T01:00:00.000Z,FIPSCode,48377,0,2022-11-10T14:13:14.903Z,8,98.98,8,100,62962,1025,61.97,62492,550,33.25,63492,79,4.78,1671,99,1654,4047,8,8
1668090631,2022-11-10 08:30:31 -0600,7221b1e4bcb457843125f81c8b0d902c40274dc8,TX,48377,2,2022-11-09T01:00:00.000Z,FIPSCode,48377,0,2022-11-10T14:13:14.903Z,8,98.98,8,100,62962,1025,61.97,62492,550,33.25,63492,79,4.78,1671,99,1654,4047,8,8
1668090671,2022-11-10 08:31:11 -0600,bdccaba02b0367c27dcd77dd47c4292943bdabd5,TX,48377,2,2022-11-09T01:00:00.000Z,FIPSCode,48377,0,2022-11-10T14:13:14.903Z,8,98.98,8,100,62962,1025,61.97,62492,550,33.25,63492,79,4.78,1671,99,1654,4047,8,8
1668090717,2022-11-10 08:31:57 -0600,1c1cc336979933fb62593ea1a674b030bc03a0ec,TX,48377,2,2022-11-09T01:00:00.000Z,FIPSCode,48377,0,2022-11-10T14:31:19.098Z,8,98.98,8,100,62962,1025,61.97,62492,550,33.25,63492,79,4.78,1671,99,1654,4047,8,8
1668090841,2022-11-10 08:34:01 -0600,eb72b491ce0b123a6508da69ef75649db0e27f4f,TX,48377,2,2022-11-09T01:00:00.000Z,FIPSCode,48377,0,2022-11-10T14:31:19.098Z,8,98.98,8,100,62962,1025,61.97,62492,550,33.25,63492,79,4.78,1671,99,1654,4047,8,8
1668090882,2022-11-10 08:34:42 -0600,abeb90a61e13b214dbdc5268528a47a5fdb0489f,TX,48377,2,2022-11-09T01:00:00.000Z,FIPSCode,48377,0,2022-11-10T14:31:19.098Z,8,98.98,8,100,62962,1025,61.97,62492,550,33.25,63492,79,4.78,1671,99,1654,4047,8,8
1668091011,2022-11-10 08:36:51 -0600,9f5654bfcba823ebcdbee3b713187f1339d7787e,TX,48377,2,2022-11-09T01:00:00.000Z,FIPSCode,48377,0,2022-11-10T14:31:19.098Z,8,98.98,8,100,62962,1025,61.97,62492,550,33.25,63492,79,4.78,1671,99,1654,4047,8,8
1668091049,2022-11-10 08:37:29 -0600,112933e4184381b0f5e47cee4865d5a6a5ba2037,TX,48377,2,2022-11-09T01:00:00.000Z,FIPSCode,48377,0,2022-11-10T14:31:19.098Z,8,98.98,8,100,62962,1025,61.97,62492,550,33.25,63492,79,4.78,1671,99,1654,4047,8,8
1668091090,2022-11-10 08:38:10 -0600,57471e690d734a9df12c6eaa6a855ed0e2422491,TX,48377,2,2022-11-09T01:00:00.000Z,FIPSCode,48377,0,2022-11-10T14:31:19.098Z,8,98.98,8,100,62962,1025,61.97,62492,550,33.25,63492,79,4.78,1671,99,1654,4047,8,8
1668091133,2022-11-10 08:38:53 -0600,8b67c38a8c2db3f40e6a0eac9d60922e560bc003,TX,48377,2,2022-11-09T01:00:00.000Z,FIPSCode,48377,0,2022-11-10T14:38:39.002Z,8,98.98,8,100,62962,1025,61.97,62492,550,33.25,63492,79,4.78,1671,99,1654,4047,8,8
1668091261,2022-11-10 08:41:01 -0600,39346b5e584872e20aecb41d86161bf565355435,TX,48377,2,2022-11-09T01:00:00.000Z,FIPSCode,48377,0,2022-11-10T14:40:18.140Z,8,98.98,8,100,62962,1025,61.97,62492,550,33.25,63492,79,4.78,1671,99,1654,4047,8,8
1668091300,2022-11-10 08:41:40 -0600,320a8ab0aa341c2f92e474d3124b0c17d7f2733f,TX,48377,2,2022-11-09T01:00:00.000Z,FIPSCode,48377,0,2022-11-10T14:40:18.140Z,8,98.98,8,100,62962,1025,61.97,62492,550,33.25,63492,79,4.78,1671,99,1654,4047,8,8
1668091346,2022-11-10 08:42:26 -0600,bbf88bea853383c17ce254a32a70ba754695a592,TX,48377,2,2022-11-09T01:00:00.000Z,FIPSCode,48377,0,2022-11-10T14:40:18.140Z,8,98.98,8,100,62962,1025,61.97,62492,550,33.25,63492,79,4.78,1671,99,1654,4047,8,8
1668091385,2022-11-10 08:43:05 -0600,0c0bd989805e6e7e65e0d161ecc6f81ded6704b9,TX,48377,2,2022-11-09T01:00:00.000Z,FIPSCode,48377,0,2022-11-10T14:40:18.140Z,8,98.98,8,100,62962,1025,61.97,62492,550,33.25,63492,79,4.78,1671,99,1654,4047,8,8
1668091429,2022-11-10 08:43:49 -0600,18f28c43fbaf8f9016cd70986fe809f04eb19556,TX,48377,2,2022-11-09T01:00:00.000Z,FIPSCode,48377,0,2022-11-10T14:40:18.140Z,8,98.98,8,100,62962,1025,61.97,62492,550,33.25,63492,79,4.78,1671,99,1654,4047,8,8
1668091514,2022-11-10 08:45:14 -0600,0b65ebfaa6a59cd10f7eed8d2e2a47ccfd221a3e,TX,48377,2,2022-11-09T01:00:00.000Z,FIPSCode,48377,0,2022-11-10T14:40:18.140Z,8,98.98,8,100,62962,1025,61.97,62492,550,33.25,63492,79,4.78,1671,99,1654,4047,8,8
1668091553,2022-11-10 08:45:53 -0600,aeaa480f7a30d4465cd5c8a0fb465c4b342a9f4d,TX,48377,2,2022-11-09T01:00:00.000Z,FIPSCode,48377,0,2022-11-10T14:40:18.140Z,8,98.98,8,100,62962,1025,61.97,62492,550,33.25,63492,79,4.78,1671,99,1654,4047,8,8
1668091639,2022-11-10 08:47:19 -0600,79b3799150862bfd84e40ead7e2bab360638bc89,TX,48377,2,2022-11-09T01:00:00.000Z,FIPSCode,48377,0,2022-11-10T14:40:18.140Z,8,98.98,8,100,62962,1025,61.97,62492,550,33.25,63492,79,4.78,1671,99,1654,4047,8,8
1668091722,2022-11-10 08:48:42 -0600,5449cf4f65e44985c4ef33fd081546f9e893091c,TX,48377,2,2022-11-09T01:00:00.000Z,FIPSCode,48377,0,2022-11-10T14:40:18.140Z,8,98.98,8,100,62962,1025,61.97,62492,550,33.25,63492,79,4.78,1671,99,1654,4047,8,8
1668091890,2022-11-10 08:51:30 -0600,0aa1f6fcfc6a1a635d4b75d0d78a180d6fec32a4,TX,48377,2,2022-11-09T01:00:00.000Z,FIPSCode,48377,0,2022-11-10T14:40:18.140Z,8,98.98,8,100,62962,1025,61.97,62492,550,33.25,63492,79,4.78,1671,99,1654,4047,8,8
1668091934,2022-11-10 08:52:14 -0600,eb3603ad014708163455df96e12fcfe1256ac59d,TX,48377,2,2022-11-09T01:00:00.000Z,FIPSCode,48377,0,2022-11-10T14:40:18.140Z,8,98.98,8,100,62962,1025,61.97,62492,550,33.25,63492,79,4.78,1671,99,1654,4047,8,8
1668091977,2022-11-10 08:52:57 -0600,d9af708700239f4372b2362a9cc299a5c387c1d9,TX,48377,2,2022-11-09T01:00:00.000Z,FIPSCode,48377,0,2022-11-10T14:40:18.140Z,8,98.98,8,100,62962,1025,61.97,62492,550,33.25,63492,79,4.78,1671,99,1654,4047,8,8
1668092015,2022-11-10 08:53:35 -0600,99c2e3e5318dc4beb1e3832136d986ea52a873d6,TX,48377,2,2022-11-09T01:00:00.000Z,FIPSCode,48377,0,2022-11-10T14:40:18.140Z,8,98.98,8,100,62962,1025,61.97,62492,550,33.25,63492,79,4.78,1671,99,1654,4047,8,8
1668092056,2022-11-10 08:54:16 -0600,3075a9abd2fef15c82a870d429fc5cdadde3f12e,TX,48377,2,2022-11-09T01:00:00.000Z,FIPSCode,48377,0,2022-11-10T14:40:18.140Z,8,98.98,8,100,62962,1025,61.97,62492,550,33.25,63492,79,4.78,1671,99,1654,4047,8,8
1668092095,2022-11-10 08:54:55 -0600,2a48898fdeb856cad9faba4af96e65ffbd064688,TX,48377,2,2022-11-09T01:00:00.000Z,FIPSCode,48377,0,2022-11-10T14:40:18.140Z,8,98.98,8,100,62962,1025,61.97,62492,550,33.25,63492,79,4.78,1671,99,1654,4047,8,8
1668092141,2022-11-10 08:55:41 -0600,17ce61eec9163ebe8f98f10ce8916f340f93cd85,TX,48377,2,2022-11-09T01:00:00.000Z,FIPSCode,48377,0,2022-11-10T14:40:18.140Z,8,98.98,8,100,62962,1025,61.97,62492,550,33.25,63492,79,4.78,1671,99,1654,4047,8,8
1668092179,2022-11-10 08:56:19 -0600,90e17ea5adcbdc46ab1a02602844204a8f524721,TX,48377,2,2022-11-09T01:00:00.000Z,FIPSCode,48377,0,2022-11-10T14:40:18.140Z,8,98.98,8,100,62962,1025,61.97,62492,550,33.25,63492,79,4.78,1671,99,1654,4047,8,8
1668092223,2022-11-10 08:57:03 -0600,359c02ac4b477c11c61802e8a4cd775d5d83dbfc,TX,48377,2,2022-11-09T01:00:00.000Z,FIPSCode,48377,0,2022-11-10T14:40:18.140Z,8,98.98,8,100,62962,1025,61.97,62492,550,33.25,63492,79,4.78,1671,99,1654,4047,8,8
1668092266,2022-11-10 08:57:46 -0600,f7e5e0399e3dc69f00a77d0198104f6c72290c55,TX,48377,2,2022-11-09T01:00:00.000Z,FIPSCode,48377,0,2022-11-10T14:40:18.140Z,8,98.98,8,100,62962,1025,61.97,62492,550,33.25,63492,79,4.78,1671,99,1654,4047,8,8
1668092308,2022-11-10 08:58:28 -0600,3ce2858f35f55c2251236d1b941a985db055855b,TX,48377,2,2022-11-09T01:00:00.000Z,FIPSCode,48377,0,2022-11-10T14:40:18.140Z,8,98.98,8,100,62962,1025,61.97,62492,550,33.25,63492,79,4.78,1671,99,1654,4047,8,8
1668092346,2022-11-10 08:59:06 -0600,0554b32678c6ba2ca4bcc7c9af2a59d349d2134f,TX,48377,2,2022-11-09T01:00:00.000Z,FIPSCode,48377,0,2022-11-10T14:40:18.140Z,8,98.98,8,100,62962,1025,61.97,62492,550,33.25,63492,79,4.78,1671,99,1654,4047,8,8
1668092390,2022-11-10 08:59:50 -0600,3f408e101eeb9f31c7ed25948620b40f600e5c81,TX,48377,2,2022-11-09T01:00:00.000Z,FIPSCode,48377,0,2022-11-10T14:40:18.140Z,8,98.98,8,100,62962,1025,61.97,62492,550,33.25,63492,79,4.78,1671,99,1654,4047,8,8
1668092478,2022-11-10 09:01:18 -0600,54b36b7b496f3569c355c13c8d9029ac64a7047b,TX,48377,2,2022-11-09T01:00:00.000Z,FIPSCode,48377,0,2022-11-10T14:40:18.140Z,8,98.98,8,100,62962,1025,61.97,62492,550,33.25,63492,79,4.78,1671,99,1654,4047,8,8
1668092519,2022-11-10 09:01:59 -0600,3399a8985bd331b8b790fc41b87273ffdaac2b6b,TX,48377,2,2022-11-09T01:00:00.000Z,FIPSCode,48377,0,2022-11-10T14:40:18.140Z,8,98.98,8,100,62962,1025,61.97,62492,550,33.25,63492,79,4.78,1671,99,1654,4047,8,8
1668092562,2022-11-10 09:02:42 -0600,4e07fb88505b2db430c7a343ee1f824d8ab6fa3a,TX,48377,2,2022-11-09T01:00:00.000Z,FIPSCode,48377,0,2022-11-10T14:40:18.140Z,8,98.98,8,100,62962,1025,61.97,62492,550,33.25,63492,79,4.78,1671,99,1654,4047,8,8
1668092610,2022-11-10 09:03:30 -0600,ae0fe03e8f1622f1b37fe3e7e5862d9d15581dd8,TX,48377,2,2022-11-09T01:00:00.000Z,FIPSCode,48377,0,2022-11-10T14:40:18.140Z,8,98.98,8,100,62962,1025,61.97,62492,550,33.25,63492,79,4.78,1671,99,1654,4047,8,8
1668092648,2022-11-10 09:04:08 -0600,5a7b83feff40207555262dab757a957ec0433e4f,TX,48377,2,2022-11-09T01:00:00.000Z,FIPSCode,48377,0,2022-11-10T14:40:18.140Z,8,98.98,8,100,62962,1025,61.97,62492,550,33.25,63492,79,4.78,1671,99,1654,4047,8,8
1668092688,2022-11-10 09:04:48 -0600,341c1811d2ec88d7499c130f5b8baf6f6aa62326,TX,48377,2,2022-11-09T01:00:00.000Z,FIPSCode,48377,0,2022-11-10T14:40:18.140Z,8,98.98,8,100,62962,1025,61.97,62492,550,33.25,63492,79,4.78,1671,99,1654,4047,8,8
1668092728,2022-11-10 09:05:28 -0600,c972c6d3ce478b3c6abaecff036f1837a77fc558,TX,48377,2,2022-11-09T01:00:00.000Z,FIPSCode,48377,0,2022-11-10T14:40:18.140Z,8,98.98,8,100,62962,1025,61.97,62492,550,33.25,63492,79,4.78,1671,99,1654,4047,8,8
1668092770,2022-11-10 09:06:10 -0600,f9691919c22efa28246614884ac09764938c0591,TX,48377,2,2022-11-09T01:00:00.000Z,FIPSCode,48377,0,2022-11-10T14:40:18.140Z,8,98.98,8,100,62962,1025,61.97,62492,550,33.25,63492,79,4.78,1671,99,1654,4047,8,8
1668092812,2022-11-10 09:06:52 -0600,105e81fdad76af3d4d167cb8a6ce9e54d15dbd11,TX,48377,2,2022-11-09T01:00:00.000Z,FIPSCode,48377,0,2022-11-10T14:40:18.140Z,8,98.98,8,100,62962,1025,61.97,62492,550,33.25,63492,79,4.78,1671,99,1654,4047,8,8
1668092858,2022-11-10 09:07:38 -0600,95990698d189dfa8b8d1e9fbf01a8de0a696b5ea,TX,48377,2,2022-11-09T01:00:00.000Z,FIPSCode,48377,0,2022-11-10T15:07:03.690Z,8,98.98,8,100,62962,1025,61.97,62492,550,33.25,63492,79,4.78,1671,99,1654,4047,8,8
1668092908,2022-11-10 09:08:28 -0600,bbbae8971ed8c885ec9951072e2d1d7ad397ec93,TX,48377,2,2022-11-09T01:00:00.000Z,FIPSCode,48377,0,2022-11-10T15:07:03.690Z,8,98.98,8,100,62962,1025,61.97,62492,550,33.25,63492,79,4.78,1671,99,1654,4047,8,8
1668092945,2022-11-10 09:09:05 -0600,e81365bfdfca2cb59e4995102172b0e7223c731f,TX,48377,2,2022-11-09T01:00:00.000Z,FIPSCode,48377,0,2022-11-10T15:08:18.916Z,8,98.98,8,100,62962,1025,61.97,62492,550,33.25,63492,79,4.78,1671,99,1654,4047,8,8
1668092987,2022-11-10 09:09:47 -0600,b04db98ecb3582f35bce10e9bc3d25f2d3be07ba,TX,48377,2,2022-11-09T01:00:00.000Z,FIPSCode,48377,0,2022-11-10T15:09:18.434Z,8,98.98,8,100,62962,1025,61.97,62492,550,33.25,63492,79,4.78,1671,99,1654,4047,8,8
1668093070,2022-11-10 09:11:10 -0600,164aeddf198f82c035a8c8bbc6aca61037fca473,TX,48377,2,2022-11-09T01:00:00.000Z,FIPSCode,48377,0,2022-11-10T15:10:17.872Z,8,98.98,8,100,62962,1025,61.97,62492,550,33.25,63492,79,4.78,1671,99,1654,4047,8,8
1668093120,2022-11-10 09:12:00 -0600,676b69113e5334e35a8d77f0137d221ee675d375,TX,48377,2,2022-11-09T01:00:00.000Z,FIPSCode,48377,0,2022-11-10T15:10:17.872Z,8,98.98,8,100,62962,1025,61.97,62492,550,33.25,63492,79,4.78,1671,99,1654,4047,8,8
1668093159,2022-11-10 09:12:39 -0600,376a6d10b2cb058fcde92d5f25d6889173cd3e1c,TX,48377,2,2022-11-09T01:00:00.000Z,FIPSCode,48377,0,2022-11-10T15:10:17.872Z,8,98.98,8,100,62962,1025,61.97,62492,550,33.25,63492,79,4.78,1671,99,1654,4047,8,8
1668093199,2022-11-10 09:13:19 -0600,d34cd975bc45172c4643e8bc7a744bf484e0df0c,TX,48377,2,2022-11-09T01:00:00.000Z,FIPSCode,48377,0,2022-11-10T15:10:17.872Z,8,98.98,8,100,62962,1025,61.97,62492,550,33.25,63492,79,4.78,1671,99,1654,4047,8,8
1668093240,2022-11-10 09:14:00 -0600,6f66bf306efdeb37e21b34bb3fa612c5c1fcb91a,TX,48377,2,2022-11-09T01:00:00.000Z,FIPSCode,48377,0,2022-11-10T15:10:17.872Z,8,98.98,8,100,62962,1025,61.97,62492,550,33.25,63492,79,4.78,1671,99,1654,4047,8,8
1668093281,2022-11-10 09:14:41 -0600,5db63eae5f96be72c6beee5c1149745e8ecacd95,TX,48377,2,2022-11-09T01:00:00.000Z,FIPSCode,48377,0,2022-11-10T15:10:17.872Z,8,98.98,8,100,62962,1025,61.97,62492,550,33.25,63492,79,4.78,1671,99,1654,4047,8,8
1668093325,2022-11-10 09:15:25 -0600,ec58b6cfe5dc14548e96d3117f7e5f2ef5dcd35f,TX,48377,2,2022-11-09T01:00:00.000Z,FIPSCode,48377,0,2022-11-10T15:10:17.872Z,8,98.98,8,100,62962,1025,61.97,62492,550,33.25,63492,79,4.78,1671,99,1654,4047,8,8
1668093366,2022-11-10 09:16:06 -0600,b8b8bdecea92f291fb09b9568c13ade92cbc0c13,TX,48377,2,2022-11-09T01:00:00.000Z,FIPSCode,48377,0,2022-11-10T15:10:17.872Z,8,98.98,8,100,62962,1025,61.97,62492,550,33.25,63492,79,4.78,1671,99,1654,4047,8,8
1668093405,2022-11-10 09:16:45 -0600,f64bc799b3f239a2f249c0e06fb71a9ba5048a65,TX,48377,2,2022-11-09T01:00:00.000Z,FIPSCode,48377,0,2022-11-10T15:10:17.872Z,8,98.98,8,100,62962,1025,61.97,62492,550,33.25,63492,79,4.78,1671,99,1654,4047,8,8
1668093530,2022-11-10 09:18:50 -0600,4a65ab32f4949606ebfcdac800da899a9716b158,TX,48377,2,2022-11-09T01:00:00.000Z,FIPSCode,48377,0,2022-11-10T15:10:17.872Z,8,98.98,8,100,62962,1025,61.97,62492,550,33.25,63492,79,4.78,1671,99,1654,4047,8,8
1668093572,2022-11-10 09:19:32 -0600,d04d6894e6b3c8254846a4bb12ddf585ca409264,TX,48377,2,2022-11-09T01:00:00.000Z,FIPSCode,48377,0,2022-11-10T15:10:17.872Z,8,98.98,8,100,62962,1025,61.97,62492,550,33.25,63492,79,4.78,1671,99,1654,4047,8,8
1668093616,2022-11-10 09:20:16 -0600,3dee101737c4d37b164115ac2353e7d8473cad1c,TX,48377,2,2022-11-09T01:00:00.000Z,FIPSCode,48377,0,2022-11-10T15:10:17.872Z,8,98.98,8,100,62962,1025,61.97,62492,550,33.25,63492,79,4.78,1671,99,1654,4047,8,8
1668093653,2022-11-10 09:20:53 -0600,174c1d3617222cdb2706065635d58bf17c353cf7,TX,48377,2,2022-11-09T01:00:00.000Z,FIPSCode,48377,0,2022-11-10T15:20:40.334Z,8,98.98,8,100,62962,1025,61.97,62492,550,33.25,63492,79,4.78,1671,99,1654,4047,8,8
1668093696,2022-11-10 09:21:36 -0600,11ee6432e7f928b019d85e99cf26c1b1d01ffccb,TX,48377,2,2022-11-09T01:00:00.000Z,FIPSCode,48377,0,2022-11-10T15:21:20.413Z,8,98.98,8,100,62962,1025,61.97,62492,550,33.25,63492,79,4.78,1671,99,1654,4047,8,8
1668093746,2022-11-10 09:22:26 -0600,765a9dc8db795d2054be27175bccccaa3f25f856,TX,48377,2,2022-11-09T01:00:00.000Z,FIPSCode,48377,0,2022-11-10T15:21:20.413Z,8,98.98,8,100,62962,1025,61.97,62492,550,33.25,63492,79,4.78,1671,99,1654,4047,8,8
1668093785,2022-11-10 09:23:05 -0600,89347d9406fb475aa4316df40f4a9c0acb03e3fb,TX,48377,2,2022-11-09T01:00:00.000Z,FIPSCode,48377,0,2022-11-10T15:22:37.809Z,8,98.98,8,100,62962,1025,61.97,62492,550,33.25,63492,79,4.78,1671,99,1654,4047,8,8
1668093826,2022-11-10 09:23:46 -0600,eb7f0279e51a67247427b6a86f2069548b05b672,TX,48377,2,2022-11-09T01:00:00.000Z,FIPSCode,48377,0,2022-11-10T15:23:21.873Z,8,98.98,8,100,62962,1025,61.97,62492,550,33.25,63492,79,4.78,1671,99,1654,4047,8,8
1668093867,2022-11-10 09:24:27 -0600,9a16cea316d258eaa9aacc8c930f229af0454c01,TX,48377,2,2022-11-09T01:00:00.000Z,FIPSCode,48377,0,2022-11-10T15:23:21.873Z,8,98.98,8,100,62962,1025,61.97,62492,550,33.25,63492,79,4.78,1671,99,1654,4047,8,8
1668093949,2022-11-10 09:25:49 -0600,22d20023abe7b12bfd77ea59db191d16ded54b2b,TX,48377,2,2022-11-09T01:00:00.000Z,FIPSCode,48377,0,2022-11-10T15:23:21.873Z,8,98.98,8,100,62962,1025,61.97,62492,550,33.25,63492,79,4.78,1671,99,1654,4047,8,8
1668093989,2022-11-10 09:26:29 -0600,ef198f77994117ecec2de0e8061c444cd7ae8e46,TX,48377,2,2022-11-09T01:00:00.000Z,FIPSCode,48377,0,2022-11-10T15:23:21.873Z,8,98.98,8,100,62962,1025,61.97,62492,550,33.25,63492,79,4.78,1671,99,1654,4047,8,8
1668094036,2022-11-10 09:27:16 -0600,9a524362cfbdea0c1be8ac2a096dbb5873a399c9,TX,48377,2,2022-11-09T01:00:00.000Z,FIPSCode,48377,0,2022-11-10T15:26:18.903Z,8,98.98,8,100,62962,1025,61.97,62492,550,33.25,63492,79,4.78,1671,99,1654,4047,8,8
1668094077,2022-11-10 09:27:57 -0600,17754e834b72323952b31a29b660e0bc1b220e30,TX,48377,2,2022-11-09T01:00:00.000Z,FIPSCode,48377,0,2022-11-10T15:26:18.903Z,8,98.98,8,100,62962,1025,61.97,62492,550,33.25,63492,79,4.78,1671,99,1654,4047,8,8
1668094118,2022-11-10 09:28:38 -0600,e1370bca3adc7f48299ad8e714f525c15c280f8f,TX,48377,2,2022-11-09T01:00:00.000Z,FIPSCode,48377,0,2022-11-10T15:27:56.235Z,8,98.98,8,100,62962,1025,61.97,62492,550,33.25,63492,79,4.78,1671,99,1654,4047,8,8
1668094157,2022-11-10 09:29:17 -0600,ef5252850de9410d020e443c70414c397621fe7d,TX,48377,2,2022-11-09T01:00:00.000Z,FIPSCode,48377,0,2022-11-10T15:27:56.235Z,8,98.98,8,100,62962,1025,61.97,62492,550,33.25,63492,79,4.78,1671,99,1654,4047,8,8
1668094286,2022-11-10 09:31:26 -0600,89dee8869112391a995457683698353782e060ba,TX,48377,2,2022-11-09T01:00:00.000Z,FIPSCode,48377,0,2022-11-10T15:27:56.235Z,8,98.98,8,100,62962,1025,61.97,62492,550,33.25,63492,79,4.78,1671,99,1654,4047,8,8
1668094328,2022-11-10 09:32:08 -0600,95e5eb4efd1485e1829ff005e97195b83f5cb2c4,TX,48377,2,2022-11-09T01:00:00.000Z,FIPSCode,48377,0,2022-11-10T15:27:56.235Z,8,98.98,8,100,62962,1025,61.97,62492,550,33.25,63492,79,4.78,1671,99,1654,4047,8,8
1668094375,2022-11-10 09:32:55 -0600,7665a75f2b17fc555e0da1ca2e5e7229c8100987,TX,48377,2,2022-11-09T01:00:00.000Z,FIPSCode,48377,0,2022-11-10T15:27:56.235Z,8,98.98,8,100,62962,1025,61.97,62492,550,33.25,63492,79,4.78,1671,99,1654,4047,8,8
1668094414,2022-11-10 09:33:34 -0600,8162f62ae2210a9b5df31a163c5dd7524eabc632,TX,48377,2,2022-11-09T01:00:00.000Z,FIPSCode,48377,0,2022-11-10T15:27:56.235Z,8,98.98,8,100,62962,1025,61.97,62492,550,33.25,63492,79,4.78,1671,99,1654,4047,8,8
1668094456,2022-11-10 09:34:16 -0600,b678c9fe70ac1c13d7cee4dfc84e9d787715728f,TX,48377,2,2022-11-09T01:00:00.000Z,FIPSCode,48377,0,2022-11-10T15:27:56.235Z,8,98.98,8,100,62962,1025,61.97,62492,550,33.25,63492,79,4.78,1671,99,1654,4047,8,8
1668094496,2022-11-10 09:34:56 -0600,7fed92a99cf43ef64d03433ef34a71950833274b,TX,48377,2,2022-11-09T01:00:00.000Z,FIPSCode,48377,0,2022-11-10T15:27:56.235Z,8,98.98,8,100,62962,1025,61.97,62492,550,33.25,63492,79,4.78,1671,99,1654,4047,8,8
1668094544,2022-11-10 09:35:44 -0600,4f71c5561103590103d39c72ff9db5a08cece117,TX,48377,2,2022-11-09T01:00:00.000Z,FIPSCode,48377,0,2022-11-10T15:27:56.235Z,8,98.98,8,100,62962,1025,61.97,62492,550,33.25,63492,79,4.78,1671,99,1654,4047,8,8
1668094712,2022-11-10 09:38:32 -0600,a172fe54d93ab4a4428d43d26a1cde467dacf7cd,TX,48377,2,2022-11-09T01:00:00.000Z,FIPSCode,48377,0,2022-11-10T15:36:40.533Z,8,98.98,8,100,62962,1025,61.97,62492,550,33.25,63492,79,4.78,1671,99,1654,4047,8,8
1668094754,2022-11-10 09:39:14 -0600,3064e94f7b24d3c0612e7a5672db08a1aee42019,TX,48377,2,2022-11-09T01:00:00.000Z,FIPSCode,48377,0,2022-11-10T15:38:40.137Z,8,98.98,8,100,62962,1025,61.97,62492,550,33.25,63492,79,4.78,1671,99,1654,4047,8,8
1668094797,2022-11-10 09:39:57 -0600,a219a11a7b922515e863becdc941780efd01afd0,TX,48377,2,2022-11-09T01:00:00.000Z,FIPSCode,48377,0,2022-11-10T15:38:40.137Z,8,98.98,8,100,62962,1025,61.97,62492,550,33.25,63492,79,4.78,1671,99,1654,4047,8,8
1668094839,2022-11-10 09:40:39 -0600,fb56d80d5b053d4fb7b115c5062f106ce19b1fd0,TX,48377,2,2022-11-09T01:00:00.000Z,FIPSCode,48377,0,2022-11-10T15:38:40.137Z,8,98.98,8,100,62962,1025,61.97,62492,550,33.25,63492,79,4.78,1671,99,1654,4047,8,8
1668094881,2022-11-10 09:41:21 -0600,609903bf16893a7ba7c8140ba28903f5dab75d84,TX,48377,2,2022-11-09T01:00:00.000Z,FIPSCode,48377,0,2022-11-10T15:38:40.137Z,8,98.98,8,100,62962,1025,61.97,62492,550,33.25,63492,79,4.78,1671,99,1654,4047,8,8
1668094924,2022-11-10 09:42:04 -0600,1967775f47010bd8f5adb085d8c8d70414a084bc,TX,48377,2,2022-11-09T01:00:00.000Z,FIPSCode,48377,0,2022-11-10T15:38:40.137Z,8,98.98,8,100,62962,1025,61.97,62492,550,33.25,63492,79,4.78,1671,99,1654,4047,8,8
1668094966,2022-11-10 09:42:46 -0600,61b8b6e59f806450c4bcd9787bd99375fbb7f5a8,TX,48377,2,2022-11-09T01:00:00.000Z,FIPSCode,48377,0,2022-11-10T15:38:40.137Z,8,98.98,8,100,62962,1025,61.97,62492,550,33.25,63492,79,4.78,1671,99,1654,4047,8,8
1668095647,2022-11-10 09:54:07 -0600,f3e0e43bcf61bf70c7594d8e9218d38aa7120c83,TX,48377,2,2022-11-09T01:00:00.000Z,FIPSCode,48377,0,2022-11-10T15:53:23.920Z,8,98.98,8,100,62962,1025,61.97,62492,550,33.25,63492,79,4.78,1671,99,1654,4047,8,8
1668095935,2022-11-10 09:58:55 -0600,b0710edc970b728e25e8022fb880ee3c10ed23c3,TX,48377,2,2022-11-09T01:00:00.000Z,FIPSCode,48377,0,2022-11-10T15:54:39.753Z,8,98.98,8,100,62962,1025,61.97,62492,550,33.25,63492,79,4.78,1671,99,1654,4047,8,8
1668098591,2022-11-10 10:43:11 -0600,83bd411aa2b0cf25227065c791f6d56a6e8c31ef,TX,48377,2,2022-11-09T01:00:00.000Z,FIPSCode,48377,0,2022-11-10T16:28:01.638Z,8,98.98,8,100,62962,1025,61.97,62492,550,33.25,63492,79,4.78,1671,99,1654,4047,8,8
1668098631,2022-11-10 10:43:51 -0600,c54d69d515fda5b0a74f825b5adda54a9e716b13,TX,48377,2,2022-11-09T01:00:00.000Z,FIPSCode,48377,0,2022-11-10T16:28:01.638Z,8,98.98,8,100,62962,1025,61.97,62492,550,33.25,63492,79,4.78,1671,99,1654,4047,8,8
1668098673,2022-11-10 10:44:33 -0600,aa57ad6aa691fffe7e370f5dc6b7aeea8579c187,TX,48377,2,2022-11-09T01:00:00.000Z,FIPSCode,48377,0,2022-11-10T16:28:01.638Z,8,98.98,8,100,62962,1025,61.97,62492,550,33.25,63492,79,4.78,1671,99,1654,4047,8,8
1668098713,2022-11-10 10:45:13 -0600,8db8da59db19cd17fe927059bcbf296b296eb0c8,TX,48377,2,2022-11-09T01:00:00.000Z,FIPSCode,48377,0,2022-11-10T16:28:01.638Z,8,98.98,8,100,62962,1025,61.97,62492,550,33.25,63492,79,4.78,1671,99,1654,4047,8,8
1668098756,2022-11-10 10:45:56 -0600,d5d9aaaefe4ede135aeccd2916efb2914cab932a,TX,48377,2,2022-11-09T01:00:00.000Z,FIPSCode,48377,0,2022-11-10T16:28:01.638Z,8,98.98,8,100,62962,1025,61.97,62492,550,33.25,63492,79,4.78,1671,99,1654,4047,8,8
1668098883,2022-11-10 10:48:03 -0600,7b07abde7057e64bff52516b1c1bf796c48fd089,TX,48377,2,2022-11-09T01:00:00.000Z,FIPSCode,48377,0,2022-11-10T16:46:46.308Z,8,98.98,8,100,62962,1025,61.97,62492,550,33.25,63492,79,4.78,1671,99,1654,4047,8,8
1668098924,2022-11-10 10:48:44 -0600,711b211c723dbfa7124ce44369bec5c73160f008,TX,48377,2,2022-11-09T01:00:00.000Z,FIPSCode,48377,0,2022-11-10T16:46:46.308Z,8,98.98,8,100,62962,1025,61.97,62492,550,33.25,63492,79,4.78,1671,99,1654,4047,8,8
1668098966,2022-11-10 10:49:26 -0600,030671501d1b998ff457e230dc5937808f938f99,TX,48377,2,2022-11-09T01:00:00.000Z,FIPSCode,48377,0,2022-11-10T16:49:01.777Z,8,98.98,8,100,62962,1025,61.97,62492,550,33.25,63492,79,4.78,1671,99,1654,4047,8,8
1668099007,2022-11-10 10:50:07 -0600,224da111f9f53ebb8e46e3e8ab4582682558ff6e,TX,48377,2,2022-11-09T01:00:00.000Z,FIPSCode,48377,0,2022-11-10T16:49:01.777Z,8,98.98,8,100,62962,1025,61.97,62492,550,33.25,63492,79,4.78,1671,99,1654,4047,8,8
1668099050,2022-11-10 10:50:50 -0600,f5b60fa82877d53caeb6f88fda2864b34a71dcb5,TX,48377,2,2022-11-09T01:00:00.000Z,FIPSCode,48377,0,2022-11-10T16:49:01.777Z,8,98.98,8,100,62962,1025,61.97,62492,550,33.25,63492,79,4.78,1671,99,1654,4047,8,8
1668099175,2022-11-10 10:52:55 -0600,4a65a0aff9f2e72db3788ed634b45ac92ed13608,TX,48377,2,2022-11-09T01:00:00.000Z,FIPSCode,48377,0,2022-11-10T16:52:00.649Z,8,98.98,8,100,62962,1025,61.97,62492,550,33.25,63492,79,4.78,1671,99,1654,4047,8,8
1668099346,2022-11-10 10:55:46 -0600,20e97477055347042c02a190f9865eea42557801,TX,48377,2,2022-11-09T01:00:00.000Z,FIPSCode,48377,0,2022-11-10T16:54:18.344Z,8,98.98,8,100,62962,1025,61.97,62492,550,33.25,63492,79,4.78,1671,99,1654,4047,8,8
1668099388,2022-11-10 10:56:28 -0600,b20484309e81d6080fb15ceb57d64e0194075a7f,TX,48377,2,2022-11-09T01:00:00.000Z,FIPSCode,48377,0,2022-11-10T16:54:18.344Z,8,98.98,8,100,62962,1025,61.97,62492,550,33.25,63492,79,4.78,1671,99,1654,4047,8,8
1668099430,2022-11-10 10:57:10 -0600,420aa9462377923ca8c643f59ddcf35af5975ec6,TX,48377,2,2022-11-09T01:00:00.000Z,FIPSCode,48377,0,2022-11-10T16:54:18.344Z,8,98.98,8,100,62962,1025,61.97,62492,550,33.25,63492,79,4.78,1671,99,1654,4047,8,8
1668099471,2022-11-10 10:57:51 -0600,46d370c91b1554bc859822c7e566f7f27b3080e2,TX,48377,2,2022-11-09T01:00:00.000Z,FIPSCode,48377,0,2022-11-10T16:54:18.344Z,8,98.98,8,100,62962,1025,61.97,62492,550,33.25,63492,79,4.78,1671,99,1654,4047,8,8
1668099513,2022-11-10 10:58:33 -0600,80c90d48cd7c8071c247c9767e8ba97f58b30459,TX,48377,2,2022-11-09T01:00:00.000Z,FIPSCode,48377,0,2022-11-10T16:54:18.344Z,8,98.98,8,100,62962,1025,61.97,62492,550,33.25,63492,79,4.78,1671,99,1654,4047,8,8
1668099558,2022-11-10 10:59:18 -0600,3cfc5933247973ca992ad21e83ee5ea11dfeb6b1,TX,48377,2,2022-11-09T01:00:00.000Z,FIPSCode,48377,0,2022-11-10T16:58:38.154Z,8,98.98,8,100,62962,1025,61.97,62492,550,33.25,63492,79,4.78,1671,99,1654,4047,8,8
1668099599,2022-11-10 10:59:59 -0600,b5645937db977377df132ab1e556dbf4f652f5b7,TX,48377,2,2022-11-09T01:00:00.000Z,FIPSCode,48377,0,2022-11-10T16:59:19.656Z,8,98.98,8,100,62962,1025,61.97,62492,550,33.25,63492,79,4.78,1671,99,1654,4047,8,8
1668099641,2022-11-10 11:00:41 -0600,d01f6f99c624ed32da7e52881f8fb7c558cd8dcf,TX,48377,2,2022-11-09T01:00:00.000Z,FIPSCode,48377,0,2022-11-10T17:00:20.403Z,8,98.98,8,100,62962,1025,61.97,62492,550,33.25,63492,79,4.78,1671,99,1654,4047,8,8
1668099682,2022-11-10 11:01:22 -0600,8b72ba970c2b1017ef683cfdf379073b723d0d4d,TX,48377,2,2022-11-09T01:00:00.000Z,FIPSCode,48377,0,2022-11-10T17:00:20.403Z,8,98.98,8,100,62962,1025,61.97,62492,550,33.25,63492,79,4.78,1671,99,1654,4047,8,8
1668099723,2022-11-10 11:02:03 -0600,0acf03701b808f372225838175d4e270133c93d2,TX,48377,2,2022-11-09T01:00:00.000Z,FIPSCode,48377,0,2022-11-10T17:01:20.349Z,8,98.98,8,100,62962,1025,61.97,62492,550,33.25,63492,79,4.78,1671,99,1654,4047,8,8
1668099765,2022-11-10 11:02:45 -0600,34eb4ee02f57274bb05d46d1cd035f83c01657e6,TX,48377,2,2022-11-09T01:00:00.000Z,FIPSCode,48377,0,2022-11-10T17:01:20.349Z,8,98.98,8,100,62962,1025,61.97,62492,550,33.25,63492,79,4.78,1671,99,1654,4047,8,8
1668099806,2022-11-10 11:03:26 -0600,32472c342bd3bdecdf361b6362c56793e1bd78a0,TX,48377,2,2022-11-09T01:00:00.000Z,FIPSCode,48377,0,2022-11-10T17:01:20.349Z,8,98.98,8,100,62962,1025,61.97,62492,550,33.25,63492,79,4.78,1671,99,1654,4047,8,8
1668099853,2022-11-10 11:04:13 -0600,a289553876c5fe7a9777a05c80a5ded34a7612b1,TX,48377,2,2022-11-09T01:00:00.000Z,FIPSCode,48377,0,2022-11-10T17:01:20.349Z,8,98.98,8,100,62962,1025,61.97,62492,550,33.25,63492,79,4.78,1671,99,1654,4047,8,8
1668099895,2022-11-10 11:04:55 -0600,0b40ee25d1be9341fa29be70fb79d960fed60326,TX,48377,2,2022-11-09T01:00:00.000Z,FIPSCode,48377,0,2022-11-10T17:01:20.349Z,8,98.98,8,100,62962,1025,61.97,62492,550,33.25,63492,79,4.78,1671,99,1654,4047,8,8
1668099934,2022-11-10 11:05:34 -0600,56c1d035311b500a97c9495522b7005619f23d72,TX,48377,2,2022-11-09T01:00:00.000Z,FIPSCode,48377,0,2022-11-10T17:01:20.349Z,8,98.98,8,100,62962,1025,61.97,62492,550,33.25,63492,79,4.78,1671,99,1654,4047,8,8
1668099976,2022-11-10 11:06:16 -0600,3dd8f7efe3d0b1172355aff7151362b4cbb131ae,TX,48377,2,2022-11-09T01:00:00.000Z,FIPSCode,48377,0,2022-11-10T17:01:20.349Z,8,98.98,8,100,62962,1025,61.97,62492,550,33.25,63492,79,4.78,1671,99,1654,4047,8,8
1668100018,2022-11-10 11:06:58 -0600,f71780d79d60fbd75b65b78f2792c9980da1e9b5,TX,48377,2,2022-11-09T01:00:00.000Z,FIPSCode,48377,0,2022-11-10T17:01:20.349Z,8,98.98,8,100,62962,1025,61.97,62492,550,33.25,63492,79,4.78,1671,99,1654,4047,8,8
1668100101,2022-11-10 11:08:21 -0600,7dcc083e31bbefb4d0b8dab546d1d1a8162b4071,TX,48377,2,2022-11-09T01:00:00.000Z,FIPSCode,48377,0,2022-11-10T17:01:20.349Z,8,98.98,8,100,62962,1025,61.97,62492,550,33.25,63492,79,4.78,1671,99,1654,4047,8,8
1668100143,2022-11-10 11:09:03 -0600,891ed0b62ceeec7dc999d4c825d55728ebff0003,TX,48377,2,2022-11-09T01:00:00.000Z,FIPSCode,48377,0,2022-11-10T17:01:20.349Z,8,98.98,8,100,62962,1025,61.97,62492,550,33.25,63492,79,4.78,1671,99,1654,4047,8,8
1668100188,2022-11-10 11:09:48 -0600,f7c4e856a9b378f0fb9a439450a2ce110235c1ef,TX,48377,2,2022-11-09T01:00:00.000Z,FIPSCode,48377,0,2022-11-10T17:01:20.349Z,8,98.98,8,100,62962,1025,61.97,62492,550,33.25,63492,79,4.78,1671,99,1654,4047,8,8
1668100229,2022-11-10 11:10:29 -0600,7b6d7de20747fba6c0a8ae258689187df8563228,TX,48377,2,2022-11-09T01:00:00.000Z,FIPSCode,48377,0,2022-11-10T17:01:20.349Z,8,98.98,8,100,62962,1025,61.97,62492,550,33.25,63492,79,4.78,1671,99,1654,4047,8,8
1668100272,2022-11-10 11:11:12 -0600,142bdb1e6cc7ce6997f2cfdde241f491c0aa5d45,TX,48377,2,2022-11-09T01:00:00.000Z,FIPSCode,48377,0,2022-11-10T17:01:20.349Z,8,98.98,8,100,62962,1025,61.97,62492,550,33.25,63492,79,4.78,1671,99,1654,4047,8,8
1668100314,2022-11-10 11:11:54 -0600,df7ff053ac35d6c79f61598209beba95627b8858,TX,48377,2,2022-11-09T01:00:00.000Z,FIPSCode,48377,0,2022-11-10T17:01:20.349Z,8,98.98,8,100,62962,1025,61.97,62492,550,33.25,63492,79,4.78,1671,99,1654,4047,8,8
1668100398,2022-11-10 11:13:18 -0600,d4402f58cc78c9faad9c54d59aa66b8381c11fbb,TX,48377,2,2022-11-09T01:00:00.000Z,FIPSCode,48377,0,2022-11-10T17:01:20.349Z,8,98.98,8,100,62962,1025,61.97,62492,550,33.25,63492,79,4.78,1671,99,1654,4047,8,8
1668100438,2022-11-10 11:13:58 -0600,409936364ac4a1d7ae172dec671720d9c29a8121,TX,48377,2,2022-11-09T01:00:00.000Z,FIPSCode,48377,0,2022-11-10T17:01:20.349Z,8,98.98,8,100,62962,1025,61.97,62492,550,33.25,63492,79,4.78,1671,99,1654,4047,8,8
1668100485,2022-11-10 11:14:45 -0600,9333f6ef983289c2ef1261b82a93ffb1509468be,TX,48377,2,2022-11-09T01:00:00.000Z,FIPSCode,48377,0,2022-11-10T17:01:20.349Z,8,98.98,8,100,62962,1025,61.97,62492,550,33.25,63492,79,4.78,1671,99,1654,4047,8,8
1668100568,2022-11-10 11:16:08 -0600,89e6da3e4977c6f5452d0e1760b5f39850c619bd,TX,48377,2,2022-11-09T01:00:00.000Z,FIPSCode,48377,0,2022-11-10T17:01:20.349Z,8,98.98,8,100,62962,1025,61.97,62492,550,33.25,63492,79,4.78,1671,99,1654,4047,8,8
1668100611,2022-11-10 11:16:51 -0600,4bcff927e0c702322aead88476f44c43da0f73fc,TX,48377,2,2022-11-09T01:00:00.000Z,FIPSCode,48377,0,2022-11-10T17:01:20.349Z,8,98.98,8,100,62962,1025,61.97,62492,550,33.25,63492,79,4.78,1671,99,1654,4047,8,8
1668100653,2022-11-10 11:17:33 -0600,c144b8c4c9b29df5a79f2b9b9312e145007ec730,TX,48377,2,2022-11-09T01:00:00.000Z,FIPSCode,48377,0,2022-11-10T17:01:20.349Z,8,98.98,8,100,62962,1025,61.97,62492,550,33.25,63492,79,4.78,1671,99,1654,4047,8,8
1668100696,2022-11-10 11:18:16 -0600,5e489c0734c42c1ffbccc390de06aa5d603609a0,TX,48377,2,2022-11-09T01:00:00.000Z,FIPSCode,48377,0,2022-11-10T17:01:20.349Z,8,98.98,8,100,62962,1025,61.97,62492,550,33.25,63492,79,4.78,1671,99,1654,4047,8,8
1668100737,2022-11-10 11:18:57 -0600,33ab8f3a50a7c11494e4c5d841e49e8a2819543b,TX,48377,2,2022-11-09T01:00:00.000Z,FIPSCode,48377,0,2022-11-10T17:01:20.349Z,8,98.98,8,100,62962,1025,61.97,62492,550,33.25,63492,79,4.78,1671,99,1654,4047,8,8
1668100780,2022-11-10 11:19:40 -0600,2d6a7d44a2c94c9886c20c46ab422cc092be7899,TX,48377,2,2022-11-09T01:00:00.000Z,FIPSCode,48377,0,2022-11-10T17:01:20.349Z,8,98.98,8,100,62962,1025,61.97,62492,550,33.25,63492,79,4.78,1671,99,1654,4047,8,8
1668100822,2022-11-10 11:20:22 -0600,f6904e4d6339de09b06c75d1f81309d0ddef2473,TX,48377,2,2022-11-09T01:00:00.000Z,FIPSCode,48377,0,2022-11-10T17:01:20.349Z,8,98.98,8,100,62962,1025,61.97,62492,550,33.25,63492,79,4.78,1671,99,1654,4047,8,8
1668100863,2022-11-10 11:21:03 -0600,1d3d8a21cdf8a51b8d14410370754f387b4cc7be,TX,48377,2,2022-11-09T01:00:00.000Z,FIPSCode,48377,0,2022-11-10T17:20:19.565Z,8,98.98,8,100,62962,1025,61.97,62492,550,33.25,63492,79,4.78,1671,99,1654,4047,8,8
1668100906,2022-11-10 11:21:46 -0600,5eefbc0c8cef6973b62d69c63f727d648f319d56,TX,48377,2,2022-11-09T01:00:00.000Z,FIPSCode,48377,0,2022-11-10T17:20:19.565Z,8,98.98,8,100,62962,1025,61.97,62492,550,33.25,63492,79,4.78,1671,99,1654,4047,8,8
1668100948,2022-11-10 11:22:28 -0600,a2bbf767a8055d86faf62ce420893ee19aad2992,TX,48377,2,2022-11-09T01:00:00.000Z,FIPSCode,48377,0,2022-11-10T17:22:16.271Z,8,98.98,8,100,62962,1025,61.97,62492,550,33.25,63492,79,4.78,1671,99,1654,4047,8,8
1668100990,2022-11-10 11:23:10 -0600,611b0c878742673a96602fb87c15978d54124fb0,TX,48377,2,2022-11-09T01:00:00.000Z,FIPSCode,48377,0,2022-11-10T17:22:18.476Z,8,98.98,8,100,62962,1025,61.97,62492,550,33.25,63492,79,4.78,1671,99,1654,4047,8,8
1668101032,2022-11-10 11:23:52 -0600,a48e9eaf700006698a2baa6243d02360712bb1e0,TX,48377,2,2022-11-09T01:00:00.000Z,FIPSCode,48377,0,2022-11-10T17:22:18.476Z,8,98.98,8,100,62962,1025,61.97,62492,550,33.25,63492,79,4.78,1671,99,1654,4047,8,8
1668101074,2022-11-10 11:24:34 -0600,461b20b96ec3641fed1498a91091eb20418cc0e4,TX,48377,2,2022-11-09T01:00:00.000Z,FIPSCode,48377,0,2022-11-10T17:22:18.476Z,8,98.98,8,100,62962,1025,61.97,62492,550,33.25,63492,79,4.78,1671,99,1654,4047,8,8
1668101117,2022-11-10 11:25:17 -0600,8149734f5fdf0b42a8934f2c0184ff5b2ef374ee,TX,48377,2,2022-11-09T01:00:00.000Z,FIPSCode,48377,0,2022-11-10T17:22:18.476Z,8,98.98,8,100,62962,1025,61.97,62492,550,33.25,63492,79,4.78,1671,99,1654,4047,8,8
1668101158,2022-11-10 11:25:58 -0600,98ecf10c6c91925c341e7c1c4d2bcf91500552c6,TX,48377,2,2022-11-09T01:00:00.000Z,FIPSCode,48377,0,2022-11-10T17:22:18.476Z,8,98.98,8,100,62962,1025,61.97,62492,550,33.25,63492,79,4.78,1671,99,1654,4047,8,8
1668101202,2022-11-10 11:26:42 -0600,0f06a0019108d8806e9d0906dc78a33ab7f635ea,TX,48377,2,2022-11-09T01:00:00.000Z,FIPSCode,48377,0,2022-11-10T17:22:18.476Z,8,98.98,8,100,62962,1025,61.97,62492,550,33.25,63492,79,4.78,1671,99,1654,4047,8,8
1668101243,2022-11-10 11:27:23 -0600,bcefac9c21405c92b9fb401fb7d51574ee866f28,TX,48377,2,2022-11-09T01:00:00.000Z,FIPSCode,48377,0,2022-11-10T17:22:18.476Z,8,98.98,8,100,62962,1025,61.97,62492,550,33.25,63492,79,4.78,1671,99,1654,4047,8,8
1668101285,2022-11-10 11:28:05 -0600,b5aa4616915dc12c22a4476c18ae2d573c906464,TX,48377,2,2022-11-09T01:00:00.000Z,FIPSCode,48377,0,2022-11-10T17:22:18.476Z,8,98.98,8,100,62962,1025,61.97,62492,550,33.25,63492,79,4.78,1671,99,1654,4047,8,8
1668101327,2022-11-10 11:28:47 -0600,ad9f5191a6e995426affb348550b9e2bc573f8bb,TX,48377,2,2022-11-09T01:00:00.000Z,FIPSCode,48377,0,2022-11-10T17:27:59.165Z,8,98.98,8,100,62962,1025,61.97,62492,550,33.25,63492,79,4.78,1671,99,1654,4047,8,8
1668101368,2022-11-10 11:29:28 -0600,a9bad9d0e4f6e9955b989567c34866a106e88202,TX,48377,2,2022-11-09T01:00:00.000Z,FIPSCode,48377,0,2022-11-10T17:27:59.165Z,8,98.98,8,100,62962,1025,61.97,62492,550,33.25,63492,79,4.78,1671,99,1654,4047,8,8
1668101411,2022-11-10 11:30:11 -0600,c1daa99c94e881ba80db7c9a47223c5fc2e618d7,TX,48377,2,2022-11-09T01:00:00.000Z,FIPSCode,48377,0,2022-11-10T17:29:37.919Z,8,98.98,8,100,62962,1025,61.97,62492,550,33.25,63492,79,4.78,1671,99,1654,4047,8,8
1668101453,2022-11-10 11:30:53 -0600,8d18ea8760aa8d627799dc30823ddc785bde4901,TX,48377,2,2022-11-09T01:00:00.000Z,FIPSCode,48377,0,2022-11-10T17:29:37.919Z,8,98.98,8,100,62962,1025,61.97,62492,550,33.25,63492,79,4.78,1671,99,1654,4047,8,8
1668101499,2022-11-10 11:31:39 -0600,22e8c8f44252678e69d6cb54648a9d626c754819,TX,48377,2,2022-11-09T01:00:00.000Z,FIPSCode,48377,0,2022-11-10T17:30:44.299Z,8,98.98,8,100,62962,1025,61.97,62492,550,33.25,63492,79,4.78,1671,99,1654,4047,8,8
1668101540,2022-11-10 11:32:20 -0600,71183cb8180f6d46c471c7cd3981301a41d1ac16,TX,48377,2,2022-11-09T01:00:00.000Z,FIPSCode,48377,0,2022-11-10T17:30:44.299Z,8,98.98,8,100,62962,1025,61.97,62492,550,33.25,63492,79,4.78,1671,99,1654,4047,8,8
1668101582,2022-11-10 11:33:02 -0600,e2a29b681b9aaba5769bf60f58263c3f455e0cb6,TX,48377,2,2022-11-09T01:00:00.000Z,FIPSCode,48377,0,2022-11-10T17:30:44.299Z,8,98.98,8,100,62962,1025,61.97,62492,550,33.25,63492,79,4.78,1671,99,1654,4047,8,8
1668101623,2022-11-10 11:33:43 -0600,7ad4b5c9560028e1888d9e15fb3d57bcddda926a,TX,48377,2,2022-11-09T01:00:00.000Z,FIPSCode,48377,0,2022-11-10T17:30:44.299Z,8,98.98,8,100,62962,1025,61.97,62492,550,33.25,63492,79,4.78,1671,99,1654,4047,8,8
1668101665,2022-11-10 11:34:25 -0600,4ba12d2e1413a967cfc1cf15dd0c97f9ed3f2209,TX,48377,2,2022-11-09T01:00:00.000Z,FIPSCode,48377,0,2022-11-10T17:30:44.299Z,8,98.98,8,100,62962,1025,61.97,62492,550,33.25,63492,79,4.78,1671,99,1654,4047,8,8
1668101707,2022-11-10 11:35:07 -0600,607d86e4f6320d6bec054400e1616f8a40ff4afa,TX,48377,2,2022-11-09T01:00:00.000Z,FIPSCode,48377,0,2022-11-10T17:30:44.299Z,8,98.98,8,100,62962,1025,61.97,62492,550,33.25,63492,79,4.78,1671,99,1654,4047,8,8
1668101748,2022-11-10 11:35:48 -0600,500c9ee9f0d9dc912cc4fab378dbbe79653f3748,TX,48377,2,2022-11-09T01:00:00.000Z,FIPSCode,48377,0,2022-11-10T17:30:44.299Z,8,98.98,8,100,62962,1025,61.97,62492,550,33.25,63492,79,4.78,1671,99,1654,4047,8,8
1668101792,2022-11-10 11:36:32 -0600,a524f0a46485d69b46aa29d2998937c33d3f9e6f,TX,48377,2,2022-11-09T01:00:00.000Z,FIPSCode,48377,0,2022-11-10T17:30:44.299Z,8,98.98,8,100,62962,1025,61.97,62492,550,33.25,63492,79,4.78,1671,99,1654,4047,8,8
1668101838,2022-11-10 11:37:18 -0600,2f23e72a3744c13e8460cca058fac433c3df9a48,TX,48377,2,2022-11-09T01:00:00.000Z,FIPSCode,48377,0,2022-11-10T17:30:44.299Z,8,98.98,8,100,62962,1025,61.97,62492,550,33.25,63492,79,4.78,1671,99,1654,4047,8,8
1668101879,2022-11-10 11:37:59 -0600,ae58e25508d837a020671a32061946098d7d3ed7,TX,48377,2,2022-11-09T01:00:00.000Z,FIPSCode,48377,0,2022-11-10T17:30:44.299Z,8,98.98,8,100,62962,1025,61.97,62492,550,33.25,63492,79,4.78,1671,99,1654,4047,8,8
1668101921,2022-11-10 11:38:41 -0600,4882d9dd3ece2802384f85068c547c204961d380,TX,48377,2,2022-11-09T01:00:00.000Z,FIPSCode,48377,0,2022-11-10T17:30:44.299Z,8,98.98,8,100,62962,1025,61.97,62492,550,33.25,63492,79,4.78,1671,99,1654,4047,8,8
1668102045,2022-11-10 11:40:45 -0600,28339fa0ca670eba6b88cc5bcdb823dd3dc2a5d7,TX,48377,2,2022-11-09T01:00:00.000Z,FIPSCode,48377,0,2022-11-10T17:30:44.299Z,8,98.98,8,100,62962,1025,61.97,62492,550,33.25,63492,79,4.78,1671,99,1654,4047,8,8
1668102087,2022-11-10 11:41:27 -0600,064a38b8ba6a7dfb7f92d66dcd912c8ef7c065d5,TX,48377,2,2022-11-09T01:00:00.000Z,FIPSCode,48377,0,2022-11-10T17:30:44.299Z,8,98.98,8,100,62962,1025,61.97,62492,550,33.25,63492,79,4.78,1671,99,1654,4047,8,8
1668102129,2022-11-10 11:42:09 -0600,9f558891f5eb3c84994c66b3a0b97d955c9b7c84,TX,48377,2,2022-11-09T01:00:00.000Z,FIPSCode,48377,0,2022-11-10T17:30:44.299Z,8,98.98,8,100,62962,1025,61.97,62492,550,33.25,63492,79,4.78,1671,99,1654,4047,8,8
1668102173,2022-11-10 11:42:53 -0600,0cc8a3d7466186f09de20eb7d8f327b83a1b64c2,TX,48377,2,2022-11-09T01:00:00.000Z,FIPSCode,48377,0,2022-11-10T17:30:44.299Z,8,98.98,8,100,62962,1025,61.97,62492,550,33.25,63492,79,4.78,1671,99,1654,4047,8,8
1668102214,2022-11-10 11:43:34 -0600,df717311675af9c1d8562b09f71e37fbb88a3d7b,TX,48377,2,2022-11-09T01:00:00.000Z,FIPSCode,48377,0,2022-11-10T17:30:44.299Z,8,98.98,8,100,62962,1025,61.97,62492,550,33.25,63492,79,4.78,1671,99,1654,4047,8,8
1668102255,2022-11-10 11:44:15 -0600,1466917328386db3e354be872923dd85bfa56c58,TX,48377,2,2022-11-09T01:00:00.000Z,FIPSCode,48377,0,2022-11-10T17:30:44.299Z,8,98.98,8,100,62962,1025,61.97,62492,550,33.25,63492,79,4.78,1671,99,1654,4047,8,8
1668102341,2022-11-10 11:45:41 -0600,1bd73dab59a186b6d3bf21ecb9e7e6979613e478,TX,48377,2,2022-11-09T01:00:00.000Z,FIPSCode,48377,0,2022-11-10T17:30:44.299Z,8,98.98,8,100,62962,1025,61.97,62492,550,33.25,63492,79,4.78,1671,99,1654,4047,8,8
1668102511,2022-11-10 11:48:31 -0600,efb9954fa9072e7d1874f8e91396f534b456bb96,TX,48377,2,2022-11-09T01:00:00.000Z,FIPSCode,48377,0,2022-11-10T17:30:44.299Z,8,98.98,8,100,62962,1025,61.97,62492,550,33.25,63492,79,4.78,1671,99,1654,4047,8,8
1668102595,2022-11-10 11:49:55 -0600,cfe1d85491ae380879daf0c8dd6a229e489bf04e,TX,48377,2,2022-11-09T01:00:00.000Z,FIPSCode,48377,0,2022-11-10T17:30:44.299Z,8,98.98,8,100,62962,1025,61.97,62492,550,33.25,63492,79,4.78,1671,99,1654,4047,8,8
1668102637,2022-11-10 11:50:37 -0600,223bffac7ac8297e57fc31a8021eec57fba3bee2,TX,48377,2,2022-11-09T01:00:00.000Z,FIPSCode,48377,0,2022-11-10T17:49:18.109Z,8,98.98,8,100,62962,1025,61.97,62492,550,33.25,63492,79,4.78,1671,99,1654,4047,8,8
1668102678,2022-11-10 11:51:18 -0600,4443fe56022d1f86a42c123e57ff8d0bcabc63aa,TX,48377,2,2022-11-09T01:00:00.000Z,FIPSCode,48377,0,2022-11-10T17:49:18.109Z,8,98.98,8,100,62962,1025,61.97,62492,550,33.25,63492,79,4.78,1671,99,1654,4047,8,8
1668102804,2022-11-10 11:53:24 -0600,12677b7050874dcdbc99c62e83488dbecf949a65,TX,48377,2,2022-11-09T01:00:00.000Z,FIPSCode,48377,0,2022-11-10T17:51:59.559Z,8,98.98,8,100,62962,1025,61.97,62492,550,33.25,63492,79,4.78,1671,99,1654,4047,8,8
1668102845,2022-11-10 11:54:05 -0600,84bf185905e5a9b02826c3ca14cc2c665bfb2c42,TX,48377,2,2022-11-09T01:00:00.000Z,FIPSCode,48377,0,2022-11-10T17:51:59.559Z,8,98.98,8,100,62962,1025,61.97,62492,550,33.25,63492,79,4.78,1671,99,1654,4047,8,8
1668103016,2022-11-10 11:56:56 -0600,fc09b19265d3dc137629dc74188e3b07d7255f15,TX,48377,2,2022-11-09T01:00:00.000Z,FIPSCode,48377,0,2022-11-10T17:51:59.559Z,8,98.98,8,100,62962,1025,61.97,62492,550,33.25,63492,79,4.78,1671,99,1654,4047,8,8
1668103272,2022-11-10 12:01:12 -0600,5b99995028f21ec388c31da7bad363c17aa7cf25,TX,48377,2,2022-11-09T01:00:00.000Z,FIPSCode,48377,0,2022-11-10T17:51:59.559Z,8,98.98,8,100,62962,1025,61.97,62492,550,33.25,63492,79,4.78,1671,99,1654,4047,8,8
1668103312,2022-11-10 12:01:52 -0600,642956cd2eaa971ab9b6b98a1b2405d1b73bccec,TX,48377,2,2022-11-09T01:00:00.000Z,FIPSCode,48377,0,2022-11-10T17:51:59.559Z,8,98.98,8,100,62962,1025,61.97,62492,550,33.25,63492,79,4.78,1671,99,1654,4047,8,8
1668103355,2022-11-10 12:02:35 -0600,2946332239c5775ec32e5d045fe2c155cd7e4368,TX,48377,2,2022-11-09T01:00:00.000Z,FIPSCode,48377,0,2022-11-10T17:51:59.559Z,8,98.98,8,100,62962,1025,61.97,62492,550,33.25,63492,79,4.78,1671,99,1654,4047,8,8
1668103395,2022-11-10 12:03:15 -0600,78a7c4ed68e92b698ce33f7da650b0cfd48f2285,TX,48377,2,2022-11-09T01:00:00.000Z,FIPSCode,48377,0,2022-11-10T17:51:59.559Z,8,98.98,8,100,62962,1025,61.97,62492,550,33.25,63492,79,4.78,1671,99,1654,4047,8,8
1668103437,2022-11-10 12:03:57 -0600,6d0192b3918e1c4843879cfdc6f11aebba202c6e,TX,48377,2,2022-11-09T01:00:00.000Z,FIPSCode,48377,0,2022-11-10T17:51:59.559Z,8,98.98,8,100,62962,1025,61.97,62492,550,33.25,63492,79,4.78,1671,99,1654,4047,8,8
1668103482,2022-11-10 12:04:42 -0600,1d6105ad50c6f5917c777d2667a1a3a3457dff94,TX,48377,2,2022-11-09T01:00:00.000Z,FIPSCode,48377,0,2022-11-10T17:51:59.559Z,8,98.98,8,100,62962,1025,61.97,62492,550,33.25,63492,79,4.78,1671,99,1654,4047,8,8
1668103523,2022-11-10 12:05:23 -0600,5891d58d09f2e8b11a7c2c162c5e901883043ef8,TX,48377,2,2022-11-09T01:00:00.000Z,FIPSCode,48377,0,2022-11-10T17:51:59.559Z,8,98.98,8,100,62962,1025,61.97,62492,550,33.25,63492,79,4.78,1671,99,1654,4047,8,8
1668103564,2022-11-10 12:06:04 -0600,d676e16acdfa126535e707bb747bcb828b330c7d,TX,48377,2,2022-11-09T01:00:00.000Z,FIPSCode,48377,0,2022-11-10T17:51:59.559Z,8,98.98,8,100,62962,1025,61.97,62492,550,33.25,63492,79,4.78,1671,99,1654,4047,8,8
1668103608,2022-11-10 12:06:48 -0600,2f0c5c6f5a2060e9bfb444898c8ce6d67b43809d,TX,48377,2,2022-11-09T01:00:00.000Z,FIPSCode,48377,0,2022-11-10T17:51:59.559Z,8,98.98,8,100,62962,1025,61.97,62492,550,33.25,63492,79,4.78,1671,99,1654,4047,8,8
1668103654,2022-11-10 12:07:34 -0600,0111027764d6a1344f8a4e3606f1cd6b035b71e4,TX,48377,2,2022-11-09T01:00:00.000Z,FIPSCode,48377,0,2022-11-10T17:51:59.559Z,8,98.98,8,100,62962,1025,61.97,62492,550,33.25,63492,79,4.78,1671,99,1654,4047,8,8
1668103696,2022-11-10 12:08:16 -0600,64a76e241eb0d1072de225fe010f96fa465dc51b,TX,48377,2,2022-11-09T01:00:00.000Z,FIPSCode,48377,0,2022-11-10T17:51:59.559Z,8,98.98,8,100,62962,1025,61.97,62492,550,33.25,63492,79,4.78,1671,99,1654,4047,8,8
1668103737,2022-11-10 12:08:57 -0600,8c875a646a9f9b4b2f0bc8e8740ef37a211e7830,TX,48377,2,2022-11-09T01:00:00.000Z,FIPSCode,48377,0,2022-11-10T17:51:59.559Z,8,98.98,8,100,62962,1025,61.97,62492,550,33.25,63492,79,4.78,1671,99,1654,4047,8,8
1668103821,2022-11-10 12:10:21 -0600,1368819fd630ecb84aa3226459204c0a8a40026f,TX,48377,2,2022-11-09T01:00:00.000Z,FIPSCode,48377,0,2022-11-10T17:51:59.559Z,8,98.98,8,100,62962,1025,61.97,62492,550,33.25,63492,79,4.78,1671,99,1654,4047,8,8
1668103905,2022-11-10 12:11:45 -0600,3df4084644962aa4dcacf495cfc66456066fd570,TX,48377,2,2022-11-09T01:00:00.000Z,FIPSCode,48377,0,2022-11-10T17:51:59.559Z,8,98.98,8,100,62962,1025,61.97,62492,550,33.25,63492,79,4.78,1671,99,1654,4047,8,8
1668103946,2022-11-10 12:12:26 -0600,cba884f4a4fbf6160abbde2cb3180783dfb65ff2,TX,48377,2,2022-11-09T01:00:00.000Z,FIPSCode,48377,0,2022-11-10T17:51:59.559Z,8,98.98,8,100,62962,1025,61.97,62492,550,33.25,63492,79,4.78,1671,99,1654,4047,8,8
1668104028,2022-11-10 12:13:48 -0600,b5290c9c71406dba6859916d3fb0d49671a51a4f,TX,48377,2,2022-11-09T01:00:00.000Z,FIPSCode,48377,0,2022-11-10T17:51:59.559Z,8,98.98,8,100,62962,1025,61.97,62492,550,33.25,63492,79,4.78,1671,99,1654,4047,8,8
1668104071,2022-11-10 12:14:31 -0600,601f25aaff105c1527c6d21eaa7458456c877a55,TX,48377,2,2022-11-09T01:00:00.000Z,FIPSCode,48377,0,2022-11-10T18:13:41.449Z,8,98.98,8,100,62962,1025,61.97,62492,550,33.25,63492,79,4.78,1671,99,1654,4047,8,8
1668104116,2022-11-10 12:15:16 -0600,991d04e2cd709a6e63c0e3be48a937e54c8d083c,TX,48377,2,2022-11-09T01:00:00.000Z,FIPSCode,48377,0,2022-11-10T18:14:42.552Z,8,98.98,8,100,62962,1025,61.97,62492,550,33.25,63492,79,4.78,1671,99,1654,4047,8,8
1668104155,2022-11-10 12:15:55 -0600,f64de5c18b9ca6bb8bf318ad5964ca3be34d73fd,TX,48377,2,2022-11-09T01:00:00.000Z,FIPSCode,48377,0,2022-11-10T18:14:42.552Z,8,98.98,8,100,62962,1025,61.97,62492,550,33.25,63492,79,4.78,1671,99,1654,4047,8,8
1668104200,2022-11-10 12:16:40 -0600,49bbf306f723c7a95303ca7ea63fe7efd79e5dd6,TX,48377,2,2022-11-09T01:00:00.000Z,FIPSCode,48377,0,2022-11-10T18:14:42.552Z,8,98.98,8,100,62962,1025,61.97,62492,550,33.25,63492,79,4.78,1671,99,1654,4047,8,8
1668104241,2022-11-10 12:17:21 -0600,5f8a66ab21b5acf872a2381563d060fca3a4440c,TX,48377,2,2022-11-09T01:00:00.000Z,FIPSCode,48377,0,2022-11-10T18:14:42.552Z,8,98.98,8,100,62962,1025,61.97,62492,550,33.25,63492,79,4.78,1671,99,1654,4047,8,8
1668104323,2022-11-10 12:18:43 -0600,d223871ed66f976621bde5686dbda33aa902ad75,TX,48377,2,2022-11-09T01:00:00.000Z,FIPSCode,48377,0,2022-11-10T18:17:57.959Z,8,98.98,8,100,62962,1025,61.97,62492,550,33.25,63492,79,4.78,1671,99,1654,4047,8,8
1668104363,2022-11-10 12:19:23 -0600,f7802601ceefcf7b5d19a205f5c0427012ef4eac,TX,48377,2,2022-11-09T01:00:00.000Z,FIPSCode,48377,0,2022-11-10T18:17:57.959Z,8,98.98,8,100,62962,1025,61.97,62492,550,33.25,63492,79,4.78,1671,99,1654,4047,8,8
1668104530,2022-11-10 12:22:10 -0600,f46497ab4d7d548b428d9ed115520e854f0886bb,TX,48377,2,2022-11-09T01:00:00.000Z,FIPSCode,48377,0,2022-11-10T18:20:18.451Z,8,98.98,8,100,62962,1025,61.97,62492,550,33.25,63492,79,4.78,1671,99,1654,4047,8,8
1668104571,2022-11-10 12:22:51 -0600,c9b2e9a989b0a9fc7ff79967963e7630d53de713,TX,48377,2,2022-11-09T01:00:00.000Z,FIPSCode,48377,0,2022-11-10T18:22:03.450Z,8,98.98,8,100,62962,1025,61.97,62492,550,33.25,63492,79,4.78,1671,99,1654,4047,8,8
1668104616,2022-11-10 12:23:36 -0600,0ebfa4a979f79ada367ea4703c65023d35761e70,TX,48377,2,2022-11-09T01:00:00.000Z,FIPSCode,48377,0,2022-11-10T18:22:03.450Z,8,98.98,8,100,62962,1025,61.97,62492,550,33.25,63492,79,4.78,1671,99,1654,4047,8,8
1668104655,2022-11-10 12:24:15 -0600,777cf17b342050e213921e133cdca55da4217cea,TX,48377,2,2022-11-09T01:00:00.000Z,FIPSCode,48377,0,2022-11-10T18:22:03.450Z,8,98.98,8,100,62962,1025,61.97,62492,550,33.25,63492,79,4.78,1671,99,1654,4047,8,8
1668104824,2022-11-10 12:27:04 -0600,47acddff3d39c12e0c2b8dd9e526b4a8a1459754,TX,48377,2,2022-11-09T01:00:00.000Z,FIPSCode,48377,0,2022-11-10T18:22:03.450Z,8,98.98,8,100,62962,1025,61.97,62492,550,33.25,63492,79,4.78,1671,99,1654,4047,8,8
1668104865,2022-11-10 12:27:45 -0600,f9d226b795b5bb9003a7f05e5fa06bc4e2045511,TX,48377,2,2022-11-09T01:00:00.000Z,FIPSCode,48377,0,2022-11-10T18:22:03.450Z,8,98.98,8,100,62962,1025,61.97,62492,550,33.25,63492,79,4.78,1671,99,1654,4047,8,8
1668104910,2022-11-10 12:28:30 -0600,aef34a05fefeababb6ac584ba658b4df508f5537,TX,48377,2,2022-11-09T01:00:00.000Z,FIPSCode,48377,0,2022-11-10T18:22:03.450Z,8,98.98,8,100,62962,1025,61.97,62492,550,33.25,63492,79,4.78,1671,99,1654,4047,8,8
1668104949,2022-11-10 12:29:09 -0600,ff838e329dae901541d128521bcb72047b6a9010,TX,48377,2,2022-11-09T01:00:00.000Z,FIPSCode,48377,0,2022-11-10T18:22:03.450Z,8,98.98,8,100,62962,1025,61.97,62492,550,33.25,63492,79,4.78,1671,99,1654,4047,8,8
1668104992,2022-11-10 12:29:52 -0600,23d84c9d9c2b3e3a583c49668c5bffd47b8adc8a,TX,48377,2,2022-11-09T01:00:00.000Z,FIPSCode,48377,0,2022-11-10T18:22:03.450Z,8,98.98,8,100,62962,1025,61.97,62492,550,33.25,63492,79,4.78,1671,99,1654,4047,8,8
1668105030,2022-11-10 12:30:30 -0600,bdccc35923c57b85656ab0f8c293b444cc3baf47,TX,48377,2,2022-11-09T01:00:00.000Z,FIPSCode,48377,0,2022-11-10T18:22:03.450Z,8,98.98,8,100,62962,1025,61.97,62492,550,33.25,63492,79,4.78,1671,99,1654,4047,8,8
1668105072,2022-11-10 12:31:12 -0600,504189d93f00f0e2f64a7f0a82c43ff4d037463a,TX,48377,2,2022-11-09T01:00:00.000Z,FIPSCode,48377,0,2022-11-10T18:22:03.450Z,8,98.98,8,100,62962,1025,61.97,62492,550,33.25,63492,79,4.78,1671,99,1654,4047,8,8
1668105115,2022-11-10 12:31:55 -0600,25b4e23883cadfe845ba471c47d431bb691ccd66,TX,48377,2,2022-11-09T01:00:00.000Z,FIPSCode,48377,0,2022-11-10T18:22:03.450Z,8,98.98,8,100,62962,1025,61.97,62492,550,33.25,63492,79,4.78,1671,99,1654,4047,8,8
1668105158,2022-11-10 12:32:38 -0600,708a058b104e6baf2531e63cf76bdeaad9933e2c,TX,48377,2,2022-11-09T01:00:00.000Z,FIPSCode,48377,0,2022-11-10T18:22:03.450Z,8,98.98,8,100,62962,1025,61.97,62492,550,33.25,63492,79,4.78,1671,99,1654,4047,8,8
1668105202,2022-11-10 12:33:22 -0600,ca5008d9cd4d4a10af245b8017cb13e4ea2627c9,TX,48377,2,2022-11-09T01:00:00.000Z,FIPSCode,48377,0,2022-11-10T18:22:03.450Z,8,98.98,8,100,62962,1025,61.97,62492,550,33.25,63492,79,4.78,1671,99,1654,4047,8,8
1668105241,2022-11-10 12:34:01 -0600,b1683f06031896669d9a0f71e0faca63229c4a1e,TX,48377,2,2022-11-09T01:00:00.000Z,FIPSCode,48377,0,2022-11-10T18:22:03.450Z,8,98.98,8,100,62962,1025,61.97,62492,550,33.25,63492,79,4.78,1671,99,1654,4047,8,8
1668105282,2022-11-10 12:34:42 -0600,7b4d4d273b4d1439e2ec10ed30934c11948d5f07,TX,48377,2,2022-11-09T01:00:00.000Z,FIPSCode,48377,0,2022-11-10T18:22:03.450Z,8,98.98,8,100,62962,1025,61.97,62492,550,33.25,63492,79,4.78,1671,99,1654,4047,8,8
1668105326,2022-11-10 12:35:26 -0600,a990d23b2adcb92f6a51de6f3c3ee5672c9eacea,TX,48377,2,2022-11-09T01:00:00.000Z,FIPSCode,48377,0,2022-11-10T18:22:03.450Z,8,98.98,8,100,62962,1025,61.97,62492,550,33.25,63492,79,4.78,1671,99,1654,4047,8,8
1668105365,2022-11-10 12:36:05 -0600,d464cbc08843927bacd073ea20d40aeedfc330e1,TX,48377,2,2022-11-09T01:00:00.000Z,FIPSCode,48377,0,2022-11-10T18:22:03.450Z,8,98.98,8,100,62962,1025,61.97,62492,550,33.25,63492,79,4.78,1671,99,1654,4047,8,8
1668105622,2022-11-10 12:40:22 -0600,70379e4d919533a24943689fd216a364ed0c1712,TX,48377,2,2022-11-09T01:00:00.000Z,FIPSCode,48377,0,2022-11-10T18:39:18.109Z,8,98.98,8,100,62962,1025,61.97,62492,550,33.25,63492,79,4.78,1671,99,1654,4047,8,8
1668105657,2022-11-10 12:40:57 -0600,e78720adc6daa65bf66df9a0bf54e236d30a3ddf,TX,48377,2,2022-11-09T01:00:00.000Z,FIPSCode,48377,0,2022-11-10T18:39:18.109Z,8,98.98,8,100,62962,1025,61.97,62492,550,33.25,63492,79,4.78,1671,99,1654,4047,8,8
1668105698,2022-11-10 12:41:38 -0600,385d4c949445ab40c6f01a8393a021f9b4aedcdd,TX,48377,2,2022-11-09T01:00:00.000Z,FIPSCode,48377,0,2022-11-10T18:39:18.109Z,8,98.98,8,100,62962,1025,61.97,62492,550,33.25,63492,79,4.78,1671,99,1654,4047,8,8
1668105738,2022-11-10 12:42:18 -0600,f6e6fff6e29b0bff36ed7d9df0743f4231865771,TX,48377,2,2022-11-09T01:00:00.000Z,FIPSCode,48377,0,2022-11-10T18:39:18.109Z,8,98.98,8,100,62962,1025,61.97,62492,550,33.25,63492,79,4.78,1671,99,1654,4047,8,8
1668105777,2022-11-10 12:42:57 -0600,49dcec26fba774748311a8029f91f61e662c9d0e,TX,48377,2,2022-11-09T01:00:00.000Z,FIPSCode,48377,0,2022-11-10T18:39:18.109Z,8,98.98,8,100,62962,1025,61.97,62492,550,33.25,63492,79,4.78,1671,99,1654,4047,8,8
1668105822,2022-11-10 12:43:42 -0600,d80f824fb99091041661e808e50e23e4b2b34ec5,TX,48377,2,2022-11-09T01:00:00.000Z,FIPSCode,48377,0,2022-11-10T18:39:18.109Z,8,98.98,8,100,62962,1025,61.97,62492,550,33.25,63492,79,4.78,1671,99,1654,4047,8,8
1668105861,2022-11-10 12:44:21 -0600,70bd1c23fd92e2d8160346ff03af8cbe6eef432c,TX,48377,2,2022-11-09T01:00:00.000Z,FIPSCode,48377,0,2022-11-10T18:39:18.109Z,8,98.98,8,100,62962,1025,61.97,62492,550,33.25,63492,79,4.78,1671,99,1654,4047,8,8
1668105911,2022-11-10 12:45:11 -0600,ad5087c1459e0f3ed7e581e4e5a2da4e5c0f20dd,TX,48377,2,2022-11-09T01:00:00.000Z,FIPSCode,48377,0,2022-11-10T18:39:18.109Z,8,98.98,8,100,62962,1025,61.97,62492,550,33.25,63492,79,4.78,1671,99,1654,4047,8,8
1668105952,2022-11-10 12:45:52 -0600,ea8e85f02af5c9ca3f57eeb1fbfdc27be1b2f7c4,TX,48377,2,2022-11-09T01:00:00.000Z,FIPSCode,48377,0,2022-11-10T18:39:18.109Z,8,98.98,8,100,62962,1025,61.97,62492,550,33.25,63492,79,4.78,1671,99,1654,4047,8,8
1668105994,2022-11-10 12:46:34 -0600,45b830b9f8f643c8ef24a76341b96322d7f9b1d1,TX,48377,2,2022-11-09T01:00:00.000Z,FIPSCode,48377,0,2022-11-10T18:39:18.109Z,8,98.98,8,100,62962,1025,61.97,62492,550,33.25,63492,79,4.78,1671,99,1654,4047,8,8
1668106032,2022-11-10 12:47:12 -0600,3b7d9aa08cd8a1c4ad2c2344390b312c0d4e4eb8,TX,48377,2,2022-11-09T01:00:00.000Z,FIPSCode,48377,0,2022-11-10T18:39:18.109Z,8,98.98,8,100,62962,1025,61.97,62492,550,33.25,63492,79,4.78,1671,99,1654,4047,8,8
1668106074,2022-11-10 12:47:54 -0600,485ce37062348127019f9b6a2c72696ce34472bb,TX,48377,2,2022-11-09T01:00:00.000Z,FIPSCode,48377,0,2022-11-10T18:39:18.109Z,8,98.98,8,100,62962,1025,61.97,62492,550,33.25,63492,79,4.78,1671,99,1654,4047,8,8
1668106118,2022-11-10 12:48:38 -0600,35df33d5ee0eab7ac433baf4841be53df1c9b443,TX,48377,2,2022-11-09T01:00:00.000Z,FIPSCode,48377,0,2022-11-10T18:39:18.109Z,8,98.98,8,100,62962,1025,61.97,62492,550,33.25,63492,79,4.78,1671,99,1654,4047,8,8
1668106156,2022-11-10 12:49:16 -0600,7fb354d537ed1d3485d8f51db6ad211be8f6e638,TX,48377,2,2022-11-09T01:00:00.000Z,FIPSCode,48377,0,2022-11-10T18:39:18.109Z,8,98.98,8,100,62962,1025,61.97,62492,550,33.25,63492,79,4.78,1671,99,1654,4047,8,8
1668106244,2022-11-10 12:50:44 -0600,d9204af9f44aac48d4c01e1ef6887a61ad0203f9,TX,48377,2,2022-11-09T01:00:00.000Z,FIPSCode,48377,0,2022-11-10T18:39:18.109Z,8,98.98,8,100,62962,1025,61.97,62492,550,33.25,63492,79,4.78,1671,99,1654,4047,8,8
1668106280,2022-11-10 12:51:20 -0600,20adbe7bd2d799efed6ec0966d7c4f0f5c897bdc,TX,48377,2,2022-11-09T01:00:00.000Z,FIPSCode,48377,0,2022-11-10T18:39:18.109Z,8,98.98,8,100,62962,1025,61.97,62492,550,33.25,63492,79,4.78,1671,99,1654,4047,8,8
1668106325,2022-11-10 12:52:05 -0600,ccee3dfc8cd4539034cfcd6c145f46288db19d80,TX,48377,2,2022-11-09T01:00:00.000Z,FIPSCode,48377,0,2022-11-10T18:39:18.109Z,8,98.98,8,100,62962,1025,61.97,62492,550,33.25,63492,79,4.78,1671,99,1654,4047,8,8
1668106362,2022-11-10 12:52:42 -0600,3dd376dee092a9ab6211e18911211d6830ea5aee,TX,48377,2,2022-11-09T01:00:00.000Z,FIPSCode,48377,0,2022-11-10T18:39:18.109Z,8,98.98,8,100,62962,1025,61.97,62492,550,33.25,63492,79,4.78,1671,99,1654,4047,8,8
1668106405,2022-11-10 12:53:25 -0600,d7e5a0f26b145ef68aec857ca080b586a1cce8bd,TX,48377,2,2022-11-09T01:00:00.000Z,FIPSCode,48377,0,2022-11-10T18:39:18.109Z,8,98.98,8,100,62962,1025,61.97,62492,550,33.25,63492,79,4.78,1671,99,1654,4047,8,8
1668106450,2022-11-10 12:54:10 -0600,45fa7af1c024eaa743f68de1ca90746b9af54fc8,TX,48377,2,2022-11-09T01:00:00.000Z,FIPSCode,48377,0,2022-11-10T18:39:18.109Z,8,98.98,8,100,62962,1025,61.97,62492,550,33.25,63492,79,4.78,1671,99,1654,4047,8,8
1668106578,2022-11-10 12:56:18 -0600,04b543058b6f70c099c73cff278279796c477a21,TX,48377,2,2022-11-09T01:00:00.000Z,FIPSCode,48377,0,2022-11-10T18:56:01.716Z,8,98.98,8,100,62962,1025,61.97,62492,550,33.25,63492,79,4.78,1671,99,1654,4047,8,8
1668106620,2022-11-10 12:57:00 -0600,5b8b3effd2684e8ba3ef22a553570ca53b18de34,TX,48377,2,2022-11-09T01:00:00.000Z,FIPSCode,48377,0,2022-11-10T18:56:18.420Z,8,98.98,8,100,62962,1025,61.97,62492,550,33.25,63492,79,4.78,1671,99,1654,4047,8,8
1668106662,2022-11-10 12:57:42 -0600,41315b76605929c9d858a6aade05dfec1260a394,TX,48377,2,2022-11-09T01:00:00.000Z,FIPSCode,48377,0,2022-11-10T18:56:18.420Z,8,98.98,8,100,62962,1025,61.97,62492,550,33.25,63492,79,4.78,1671,99,1654,4047,8,8
1668106703,2022-11-10 12:58:23 -0600,84d8f2c0b8210c0b94c3ebbbbe1980711d1890ec,TX,48377,2,2022-11-09T01:00:00.000Z,FIPSCode,48377,0,2022-11-10T18:57:54.575Z,8,98.98,8,100,62962,1025,61.97,62492,550,33.25,63492,79,4.78,1671,99,1654,4047,8,8
1668106744,2022-11-10 12:59:04 -0600,1a356761797356965d3c94662484fa7e1e80022e,TX,48377,2,2022-11-09T01:00:00.000Z,FIPSCode,48377,0,2022-11-10T18:58:17.899Z,8,98.98,8,100,62962,1025,61.97,62492,550,33.25,63492,79,4.78,1671,99,1654,4047,8,8
1668106785,2022-11-10 12:59:45 -0600,69f90260ef99b3001dde7683f883439d9d8a64ca,TX,48377,2,2022-11-09T01:00:00.000Z,FIPSCode,48377,0,2022-11-10T18:58:17.899Z,8,98.98,8,100,62962,1025,61.97,62492,550,33.25,63492,79,4.78,1671,99,1654,4047,8,8
1668106830,2022-11-10 13:00:30 -0600,fb707b639958cddf1dfe2f04859e617a30e24e25,TX,48377,2,2022-11-09T01:00:00.000Z,FIPSCode,48377,0,2022-11-10T18:58:17.899Z,8,98.98,8,100,62962,1025,61.97,62492,550,33.25,63492,79,4.78,1671,99,1654,4047,8,8
1668106874,2022-11-10 13:01:14 -0600,ee0891e5b50e81d85279d8b98cd4783f01d979fb,TX,48377,2,2022-11-09T01:00:00.000Z,FIPSCode,48377,0,2022-11-10T18:58:17.899Z,8,98.98,8,100,62962,1025,61.97,62492,550,33.25,63492,79,4.78,1671,99,1654,4047,8,8
1668106914,2022-11-10 13:01:54 -0600,2f0c413de761cee778f4d8b1f5ccef74255a551f,TX,48377,2,2022-11-09T01:00:00.000Z,FIPSCode,48377,0,2022-11-10T18:58:17.899Z,8,98.98,8,100,62962,1025,61.97,62492,550,33.25,63492,79,4.78,1671,99,1654,4047,8,8
1668106955,2022-11-10 13:02:35 -0600,5871bcba117fad39a8530d5c1a4896c3adae8fce,TX,48377,2,2022-11-09T01:00:00.000Z,FIPSCode,48377,0,2022-11-10T18:58:17.899Z,8,98.98,8,100,62962,1025,61.97,62492,550,33.25,63492,79,4.78,1671,99,1654,4047,8,8
1668106999,2022-11-10 13:03:19 -0600,6e41b245881c00109d191429d76cb2be0fc865ec,TX,48377,2,2022-11-09T01:00:00.000Z,FIPSCode,48377,0,2022-11-10T18:58:17.899Z,8,98.98,8,100,62962,1025,61.97,62492,550,33.25,63492,79,4.78,1671,99,1654,4047,8,8
1668107036,2022-11-10 13:03:56 -0600,8f260e39e8a7bd503c1e0e57272f43c16c8eb6f2,TX,48377,2,2022-11-09T01:00:00.000Z,FIPSCode,48377,0,2022-11-10T18:58:17.899Z,8,98.98,8,100,62962,1025,61.97,62492,550,33.25,63492,79,4.78,1671,99,1654,4047,8,8
1668107081,2022-11-10 13:04:41 -0600,925e9cb7b6d8c1e85de13e73d205f79b5f43c01d,TX,48377,2,2022-11-09T01:00:00.000Z,FIPSCode,48377,0,2022-11-10T18:58:17.899Z,8,98.98,8,100,62962,1025,61.97,62492,550,33.25,63492,79,4.78,1671,99,1654,4047,8,8
1668107121,2022-11-10 13:05:21 -0600,f6f7dec18c07321785c4f9cd72ba30891dc2fbcb,TX,48377,2,2022-11-09T01:00:00.000Z,FIPSCode,48377,0,2022-11-10T19:04:42.412Z,8,98.98,8,100,62962,1025,61.97,62492,550,33.25,63492,79,4.78,1671,99,1654,4047,8,8
1668107166,2022-11-10 13:06:06 -0600,4e29745d8be76bb5590d17a6c636d8cef55f78bf,TX,48377,2,2022-11-09T01:00:00.000Z,FIPSCode,48377,0,2022-11-10T19:05:20.068Z,8,98.98,8,100,62962,1025,61.97,62492,550,33.25,63492,79,4.78,1671,99,1654,4047,8,8
1668107205,2022-11-10 13:06:45 -0600,3b1c3db71a22e4b5598242ae5317b636d35e5d39,TX,48377,2,2022-11-09T01:00:00.000Z,FIPSCode,48377,0,2022-11-10T19:06:17.701Z,8,98.98,8,100,62962,1025,61.97,62492,550,33.25,63492,79,4.78,1671,99,1654,4047,8,8
1668107246,2022-11-10 13:07:26 -0600,da51af3fdd7abb976a572cd12db6ab1b5e0c7bc5,TX,48377,2,2022-11-09T01:00:00.000Z,FIPSCode,48377,0,2022-11-10T19:06:17.701Z,8,98.98,8,100,62962,1025,61.97,62492,550,33.25,63492,79,4.78,1671,99,1654,4047,8,8
1668107287,2022-11-10 13:08:07 -0600,6fe88ef86ab9d2f25bda6b5a341178e2ebe3c133,TX,48377,2,2022-11-09T01:00:00.000Z,FIPSCode,48377,0,2022-11-10T19:07:17.842Z,8,98.98,8,100,62962,1025,61.97,62492,550,33.25,63492,79,4.78,1671,99,1654,4047,8,8
1668107328,2022-11-10 13:08:48 -0600,f01085d79974d6d111c9eb08da5fa48947a4c6ba,TX,48377,2,2022-11-09T01:00:00.000Z,FIPSCode,48377,0,2022-11-10T19:07:17.842Z,8,98.98,8,100,62962,1025,61.97,62492,550,33.25,63492,79,4.78,1671,99,1654,4047,8,8
1668107375,2022-11-10 13:09:35 -0600,8eca323aab66bc78156a8cb9d507373cf71064e3,TX,48377,2,2022-11-09T01:00:00.000Z,FIPSCode,48377,0,2022-11-10T19:07:17.842Z,8,98.98,8,100,62962,1025,61.97,62492,550,33.25,63492,79,4.78,1671,99,1654,4047,8,8
1668107414,2022-11-10 13:10:14 -0600,d63cb755527f528eda4d854b9351f573ff6c9554,TX,48377,2,2022-11-09T01:00:00.000Z,FIPSCode,48377,0,2022-11-10T19:07:17.842Z,8,98.98,8,100,62962,1025,61.97,62492,550,33.25,63492,79,4.78,1671,99,1654,4047,8,8
1668107462,2022-11-10 13:11:02 -0600,a4f1012896ac1afb0dada2875a132fb1fbd3be8f,TX,48377,2,2022-11-09T01:00:00.000Z,FIPSCode,48377,0,2022-11-10T19:07:17.842Z,8,98.98,8,100,62962,1025,61.97,62492,550,33.25,63492,79,4.78,1671,99,1654,4047,8,8
1668107502,2022-11-10 13:11:42 -0600,07a4713a8fb4a00571122490372c85a1046c5e03,TX,48377,2,2022-11-09T01:00:00.000Z,FIPSCode,48377,0,2022-11-10T19:07:17.842Z,8,98.98,8,100,62962,1025,61.97,62492,550,33.25,63492,79,4.78,1671,99,1654,4047,8,8
1668107545,2022-11-10 13:12:25 -0600,61348af6c358aae39b80aa64a4d99eea79d80d88,TX,48377,2,2022-11-09T01:00:00.000Z,FIPSCode,48377,0,2022-11-10T19:07:17.842Z,8,98.98,8,100,62962,1025,61.97,62492,550,33.25,63492,79,4.78,1671,99,1654,4047,8,8
1668107585,2022-11-10 13:13:05 -0600,c79cd3631efa16b9229e0bbe8d5b5afd35e17741,TX,48377,2,2022-11-09T01:00:00.000Z,FIPSCode,48377,0,2022-11-10T19:07:17.842Z,8,98.98,8,100,62962,1025,61.97,62492,550,33.25,63492,79,4.78,1671,99,1654,4047,8,8
1668107627,2022-11-10 13:13:47 -0600,d4c7bb03114b0b3c4dff5294e27dad67b36f6a19,TX,48377,2,2022-11-09T01:00:00.000Z,FIPSCode,48377,0,2022-11-10T19:07:17.842Z,8,98.98,8,100,62962,1025,61.97,62492,550,33.25,63492,79,4.78,1671,99,1654,4047,8,8
1668107798,2022-11-10 13:16:38 -0600,2b59abf34b104b5c432abc9f12592e710c54033f,TX,48377,2,2022-11-09T01:00:00.000Z,FIPSCode,48377,0,2022-11-10T19:15:40.608Z,8,98.98,8,100,62962,1025,61.97,62492,550,33.25,63492,79,4.78,1671,99,1654,4047,8,8
1668107839,2022-11-10 13:17:19 -0600,debabc20134ec23486920519a4622a832afef447,TX,48377,2,2022-11-09T01:00:00.000Z,FIPSCode,48377,0,2022-11-10T19:16:40.755Z,8,98.98,8,100,62962,1025,61.97,62492,550,33.25,63492,79,4.78,1671,99,1654,4047,8,8
1668107881,2022-11-10 13:18:01 -0600,5d642bfed93deb0af6e33bae8c0f1eae0026ead7,TX,48377,2,2022-11-09T01:00:00.000Z,FIPSCode,48377,0,2022-11-10T19:16:40.755Z,8,98.98,8,100,62962,1025,61.97,62492,550,33.25,63492,79,4.78,1671,99,1654,4047,8,8
1668107923,2022-11-10 13:18:43 -0600,bee8b731bf595a3afc8d2f8ef0f9e2cf4b212e46,TX,48377,2,2022-11-09T01:00:00.000Z,FIPSCode,48377,0,2022-11-10T19:16:40.755Z,8,98.98,8,100,62962,1025,61.97,62492,550,33.25,63492,79,4.78,1671,99,1654,4047,8,8
1668108007,2022-11-10 13:20:07 -0600,fe1a169efcb613409c725968f7c30b63cea975ee,TX,48377,2,2022-11-09T01:00:00.000Z,FIPSCode,48377,0,2022-11-10T19:16:40.755Z,8,98.98,8,100,62962,1025,61.97,62492,550,33.25,63492,79,4.78,1671,99,1654,4047,8,8
1668108048,2022-11-10 13:20:48 -0600,5457fece98d67b2f744254f2c53769d1eb028895,TX,48377,2,2022-11-09T01:00:00.000Z,FIPSCode,48377,0,2022-11-10T19:16:40.755Z,8,98.98,8,100,62962,1025,61.97,62492,550,33.25,63492,79,4.78,1671,99,1654,4047,8,8
1668108090,2022-11-10 13:21:30 -0600,572f21384f96b2daa810979aa3cc46fd3727c2f9,TX,48377,2,2022-11-09T01:00:00.000Z,FIPSCode,48377,0,2022-11-10T19:16:40.755Z,8,98.98,8,100,62962,1025,61.97,62492,550,33.25,63492,79,4.78,1671,99,1654,4047,8,8
1668108131,2022-11-10 13:22:11 -0600,b3e09ae7d201a103dd85f93aa08b125cf5d8be25,TX,48377,2,2022-11-09T01:00:00.000Z,FIPSCode,48377,0,2022-11-10T19:16:40.755Z,8,98.98,8,100,62962,1025,61.97,62492,550,33.25,63492,79,4.78,1671,99,1654,4047,8,8
1668108173,2022-11-10 13:22:53 -0600,3b867682d2ee39e4467dee9295939cecc4700635,TX,48377,2,2022-11-09T01:00:00.000Z,FIPSCode,48377,0,2022-11-10T19:16:40.755Z,8,98.98,8,100,62962,1025,61.97,62492,550,33.25,63492,79,4.78,1671,99,1654,4047,8,8
1668108216,2022-11-10 13:23:36 -0600,d6feae0cefc869664ae14bcd4b25b64bafd59d33,TX,48377,2,2022-11-09T01:00:00.000Z,FIPSCode,48377,0,2022-11-10T19:16:40.755Z,8,98.98,8,100,62962,1025,61.97,62492,550,33.25,63492,79,4.78,1671,99,1654,4047,8,8
1668108260,2022-11-10 13:24:20 -0600,b0ecbcca5fbafa38af1469eeeab3301d51d0a2e3,TX,48377,2,2022-11-09T01:00:00.000Z,FIPSCode,48377,0,2022-11-10T19:16:40.755Z,8,98.98,8,100,62962,1025,61.97,62492,550,33.25,63492,79,4.78,1671,99,1654,4047,8,8
1668108300,2022-11-10 13:25:00 -0600,998b2039e4169b82396430a0418f98649dbce976,TX,48377,2,2022-11-09T01:00:00.000Z,FIPSCode,48377,0,2022-11-10T19:16:40.755Z,8,98.98,8,100,62962,1025,61.97,62492,550,33.25,63492,79,4.78,1671,99,1654,4047,8,8
1668108343,2022-11-10 13:25:43 -0600,3fd9e6fd6d97dc0f77f066bac405d2435e908895,TX,48377,2,2022-11-09T01:00:00.000Z,FIPSCode,48377,0,2022-11-10T19:16:40.755Z,8,98.98,8,100,62962,1025,61.97,62492,550,33.25,63492,79,4.78,1671,99,1654,4047,8,8
1668108384,2022-11-10 13:26:24 -0600,7fd83be1226dba4dde75c16d58442702402a05b0,TX,48377,2,2022-11-09T01:00:00.000Z,FIPSCode,48377,0,2022-11-10T19:16:40.755Z,8,98.98,8,100,62962,1025,61.97,62492,550,33.25,63492,79,4.78,1671,99,1654,4047,8,8
1668108427,2022-11-10 13:27:07 -0600,4829191930287e89c0c581a3b8f95222defcf135,TX,48377,2,2022-11-09T01:00:00.000Z,FIPSCode,48377,0,2022-11-10T19:16:40.755Z,8,98.98,8,100,62962,1025,61.97,62492,550,33.25,63492,79,4.78,1671,99,1654,4047,8,8
1668108468,2022-11-10 13:27:48 -0600,e3de6f5e7e493e62dbbf719e27dd0b6db0fbd536,TX,48377,2,2022-11-09T01:00:00.000Z,FIPSCode,48377,0,2022-11-10T19:16:40.755Z,8,98.98,8,100,62962,1025,61.97,62492,550,33.25,63492,79,4.78,1671,99,1654,4047,8,8
1668108510,2022-11-10 13:28:30 -0600,125b96bb7acdc32ccc0e5d0620c7c4dadf796746,TX,48377,2,2022-11-09T01:00:00.000Z,FIPSCode,48377,0,2022-11-10T19:16:40.755Z,8,98.98,8,100,62962,1025,61.97,62492,550,33.25,63492,79,4.78,1671,99,1654,4047,8,8
1668108555,2022-11-10 13:29:15 -0600,87d54c2cefe45c93289647cc72adb98316e4d571,TX,48377,2,2022-11-09T01:00:00.000Z,FIPSCode,48377,0,2022-11-10T19:16:40.755Z,8,98.98,8,100,62962,1025,61.97,62492,550,33.25,63492,79,4.78,1671,99,1654,4047,8,8
1668108596,2022-11-10 13:29:56 -0600,0931a61ed95ea477c1492f485fb7c3b00e07b6c3,TX,48377,2,2022-11-09T01:00:00.000Z,FIPSCode,48377,0,2022-11-10T19:16:40.755Z,8,98.98,8,100,62962,1025,61.97,62492,550,33.25,63492,79,4.78,1671,99,1654,4047,8,8
1668108638,2022-11-10 13:30:38 -0600,6bc6d720a3edd6dda1e78afb3e02c507b01f2b64,TX,48377,2,2022-11-09T01:00:00.000Z,FIPSCode,48377,0,2022-11-10T19:16:40.755Z,8,98.98,8,100,62962,1025,61.97,62492,550,33.25,63492,79,4.78,1671,99,1654,4047,8,8
1668108680,2022-11-10 13:31:20 -0600,b12445dae27ac1777ad53520b637c33ff85f3a13,TX,48377,2,2022-11-09T01:00:00.000Z,FIPSCode,48377,0,2022-11-10T19:16:40.755Z,8,98.98,8,100,62962,1025,61.97,62492,550,33.25,63492,79,4.78,1671,99,1654,4047,8,8
1668108722,2022-11-10 13:32:02 -0600,a21cd6d399d8a7d50237c4ec7c09bdeb78eef9b7,TX,48377,2,2022-11-09T01:00:00.000Z,FIPSCode,48377,0,2022-11-10T19:16:40.755Z,8,98.98,8,100,62962,1025,61.97,62492,550,33.25,63492,79,4.78,1671,99,1654,4047,8,8
1668108764,2022-11-10 13:32:44 -0600,9c0bbb3422cca178c1e2ccffbf978eaed523c368,TX,48377,2,2022-11-09T01:00:00.000Z,FIPSCode,48377,0,2022-11-10T19:16:40.755Z,8,98.98,8,100,62962,1025,61.97,62492,550,33.25,63492,79,4.78,1671,99,1654,4047,8,8
1668108806,2022-11-10 13:33:26 -0600,df37e1af72f523f6a9fbcac07ed647315e8f7929,TX,48377,2,2022-11-09T01:00:00.000Z,FIPSCode,48377,0,2022-11-10T19:16:40.755Z,8,98.98,8,100,62962,1025,61.97,62492,550,33.25,63492,79,4.78,1671,99,1654,4047,8,8
1668108848,2022-11-10 13:34:08 -0600,b9c2cb32268ed8f8be56d9b7da630741902f7861,TX,48377,2,2022-11-09T01:00:00.000Z,FIPSCode,48377,0,2022-11-10T19:16:40.755Z,8,98.98,8,100,62962,1025,61.97,62492,550,33.25,63492,79,4.78,1671,99,1654,4047,8,8
1668108895,2022-11-10 13:34:55 -0600,8fbd76c9462c31413c5e531ac51376308bfe02c7,TX,48377,2,2022-11-09T01:00:00.000Z,FIPSCode,48377,0,2022-11-10T19:16:40.755Z,8,98.98,8,100,62962,1025,61.97,62492,550,33.25,63492,79,4.78,1671,99,1654,4047,8,8
1668108935,2022-11-10 13:35:35 -0600,596577dcae983922edd7e2a9286de1cedd2d89ac,TX,48377,2,2022-11-09T01:00:00.000Z,FIPSCode,48377,0,2022-11-10T19:16:40.755Z,8,98.98,8,100,62962,1025,61.97,62492,550,33.25,63492,79,4.78,1671,99,1654,4047,8,8
1668108978,2022-11-10 13:36:18 -0600,e1299a6ee39b7bfc18fdd9b9b860d412fd9e84ef,TX,48377,2,2022-11-09T01:00:00.000Z,FIPSCode,48377,0,2022-11-10T19:16:40.755Z,8,98.98,8,100,62962,1025,61.97,62492,550,33.25,63492,79,4.78,1671,99,1654,4047,8,8
1668109019,2022-11-10 13:36:59 -0600,6ae061383b63ac273764072e8ea863997f865411,TX,48377,2,2022-11-09T01:00:00.000Z,FIPSCode,48377,0,2022-11-10T19:16:40.755Z,8,98.98,8,100,62962,1025,61.97,62492,550,33.25,63492,79,4.78,1671,99,1654,4047,8,8
1668109061,2022-11-10 13:37:41 -0600,68512ff57e926d5fd04c2230f1077356a019a4b7,TX,48377,2,2022-11-09T01:00:00.000Z,FIPSCode,48377,0,2022-11-10T19:16:40.755Z,8,98.98,8,100,62962,1025,61.97,62492,550,33.25,63492,79,4.78,1671,99,1654,4047,8,8
1668109103,2022-11-10 13:38:23 -0600,5c0145b043808a56d885ef2b66e1f7373f7af318,TX,48377,2,2022-11-09T01:00:00.000Z,FIPSCode,48377,0,2022-11-10T19:16:40.755Z,8,98.98,8,100,62962,1025,61.97,62492,550,33.25,63492,79,4.78,1671,99,1654,4047,8,8
1668109144,2022-11-10 13:39:04 -0600,2b8a5ca426c4b9810e7bd81e18987167c0d5ff8e,TX,48377,2,2022-11-09T01:00:00.000Z,FIPSCode,48377,0,2022-11-10T19:16:40.755Z,8,98.98,8,100,62962,1025,61.97,62492,550,33.25,63492,79,4.78,1671,99,1654,4047,8,8
1668109186,2022-11-10 13:39:46 -0600,e9a00cd232f26dc234ab8c0654665671e7113895,TX,48377,2,2022-11-09T01:00:00.000Z,FIPSCode,48377,0,2022-11-10T19:16:40.755Z,8,98.98,8,100,62962,1025,61.97,62492,550,33.25,63492,79,4.78,1671,99,1654,4047,8,8
1668109234,2022-11-10 13:40:34 -0600,dfcbf47fe6648bf66233fe8c8995016ec11019fe,TX,48377,2,2022-11-09T01:00:00.000Z,FIPSCode,48377,0,2022-11-10T19:16:40.755Z,8,98.98,8,100,62962,1025,61.97,62492,550,33.25,63492,79,4.78,1671,99,1654,4047,8,8
1668109273,2022-11-10 13:41:13 -0600,c02b4c77ddb316cd0869d6467033d0f860fa9def,TX,48377,2,2022-11-09T01:00:00.000Z,FIPSCode,48377,0,2022-11-10T19:16:40.755Z,8,98.98,8,100,62962,1025,61.97,62492,550,33.25,63492,79,4.78,1671,99,1654,4047,8,8
1668109316,2022-11-10 13:41:56 -0600,87399c644b120a940824467694c2ba62699495eb,TX,48377,2,2022-11-09T01:00:00.000Z,FIPSCode,48377,0,2022-11-10T19:16:40.755Z,8,98.98,8,100,62962,1025,61.97,62492,550,33.25,63492,79,4.78,1671,99,1654,4047,8,8
1668109358,2022-11-10 13:42:38 -0600,3011aa76cf97ac587f2477be2f5909871fb21f6f,TX,48377,2,2022-11-09T01:00:00.000Z,FIPSCode,48377,0,2022-11-10T19:16:40.755Z,8,98.98,8,100,62962,1025,61.97,62492,550,33.25,63492,79,4.78,1671,99,1654,4047,8,8
1668109441,2022-11-10 13:44:01 -0600,0d50afad47243df2ad3a234dbab633d15084cb90,TX,48377,2,2022-11-09T01:00:00.000Z,FIPSCode,48377,0,2022-11-10T19:16:40.755Z,8,98.98,8,100,62962,1025,61.97,62492,550,33.25,63492,79,4.78,1671,99,1654,4047,8,8
1668109483,2022-11-10 13:44:43 -0600,7b90930d02f7da90a1d4977620eae63c83b9b59c,TX,48377,2,2022-11-09T01:00:00.000Z,FIPSCode,48377,0,2022-11-10T19:16:40.755Z,8,98.98,8,100,62962,1025,61.97,62492,550,33.25,63492,79,4.78,1671,99,1654,4047,8,8
1668109610,2022-11-10 13:46:50 -0600,b3dc5644d6355ca9f7ef898d53d831650a7ed8fa,TX,48377,2,2022-11-09T01:00:00.000Z,FIPSCode,48377,0,2022-11-10T19:16:40.755Z,8,98.98,8,100,62962,1025,61.97,62492,550,33.25,63492,79,4.78,1671,99,1654,4047,8,8
1668109654,2022-11-10 13:47:34 -0600,126ee85ca6478b8781ea578223e8cead78cc4295,TX,48377,2,2022-11-09T01:00:00.000Z,FIPSCode,48377,0,2022-11-10T19:16:40.755Z,8,98.98,8,100,62962,1025,61.97,62492,550,33.25,63492,79,4.78,1671,99,1654,4047,8,8
1668109737,2022-11-10 13:48:57 -0600,3eab85f1fb3633a5bd9f8ede61aae91bd9c9f949,TX,48377,2,2022-11-09T01:00:00.000Z,FIPSCode,48377,0,2022-11-10T19:16:40.755Z,8,98.98,8,100,62962,1025,61.97,62492,550,33.25,63492,79,4.78,1671,99,1654,4047,8,8
1668109778,2022-11-10 13:49:38 -0600,c812b914c88326176e7777233f2c93510161edb6,TX,48377,2,2022-11-09T01:00:00.000Z,FIPSCode,48377,0,2022-11-10T19:16:40.755Z,8,98.98,8,100,62962,1025,61.97,62492,550,33.25,63492,79,4.78,1671,99,1654,4047,8,8
1668109820,2022-11-10 13:50:20 -0600,cb43d1048a3afb00dcb88236cf82121307ad48ba,TX,48377,2,2022-11-09T01:00:00.000Z,FIPSCode,48377,0,2022-11-10T19:16:40.755Z,8,98.98,8,100,62962,1025,61.97,62492,550,33.25,63492,79,4.78,1671,99,1654,4047,8,8
1668109863,2022-11-10 13:51:03 -0600,ad3c3db9aacaded3d3b918cece31699bae0a0d09,TX,48377,2,2022-11-09T01:00:00.000Z,FIPSCode,48377,0,2022-11-10T19:16:40.755Z,8,98.98,8,100,62962,1025,61.97,62492,550,33.25,63492,79,4.78,1671,99,1654,4047,8,8
1668109904,2022-11-10 13:51:44 -0600,b31e824220ce532a31484e263fbd4290e9ba4370,TX,48377,2,2022-11-09T01:00:00.000Z,FIPSCode,48377,0,2022-11-10T19:16:40.755Z,8,98.98,8,100,62962,1025,61.97,62492,550,33.25,63492,79,4.78,1671,99,1654,4047,8,8
1668109950,2022-11-10 13:52:30 -0600,9dfbf4e9015a8638c5f8518ad02b71c207b8cc72,TX,48377,2,2022-11-09T01:00:00.000Z,FIPSCode,48377,0,2022-11-10T19:16:40.755Z,8,98.98,8,100,62962,1025,61.97,62492,550,33.25,63492,79,4.78,1671,99,1654,4047,8,8
1668109990,2022-11-10 13:53:10 -0600,e5f668415f9d55a90f0bc361d0a5c2150bc88ce7,TX,48377,2,2022-11-09T01:00:00.000Z,FIPSCode,48377,0,2022-11-10T19:16:40.755Z,8,98.98,8,100,62962,1025,61.97,62492,550,33.25,63492,79,4.78,1671,99,1654,4047,8,8
1668110034,2022-11-10 13:53:54 -0600,8fecf76e5c2a60c177d4c5beb97402942d9047c8,TX,48377,2,2022-11-09T01:00:00.000Z,FIPSCode,48377,0,2022-11-10T19:16:40.755Z,8,98.98,8,100,62962,1025,61.97,62492,550,33.25,63492,79,4.78,1671,99,1654,4047,8,8
1668110074,2022-11-10 13:54:34 -0600,960bab784a7cce9157aa9ac54768b13aa710d678,TX,48377,2,2022-11-09T01:00:00.000Z,FIPSCode,48377,0,2022-11-10T19:16:40.755Z,8,98.98,8,100,62962,1025,61.97,62492,550,33.25,63492,79,4.78,1671,99,1654,4047,8,8
1668110158,2022-11-10 13:55:58 -0600,a7355a5397efa88af5db7009563dc010158037e7,TX,48377,2,2022-11-09T01:00:00.000Z,FIPSCode,48377,0,2022-11-10T19:16:40.755Z,8,98.98,8,100,62962,1025,61.97,62492,550,33.25,63492,79,4.78,1671,99,1654,4047,8,8
1668110202,2022-11-10 13:56:42 -0600,a2f5009541625016cbe1b6a98c24c24671385330,TX,48377,2,2022-11-09T01:00:00.000Z,FIPSCode,48377,0,2022-11-10T19:16:40.755Z,8,98.98,8,100,62962,1025,61.97,62492,550,33.25,63492,79,4.78,1671,99,1654,4047,8,8
1668110243,2022-11-10 13:57:23 -0600,ffd3f8571c233e10662d3e698abcdb7ae733520e,TX,48377,2,2022-11-09T01:00:00.000Z,FIPSCode,48377,0,2022-11-10T19:16:40.755Z,8,98.98,8,100,62962,1025,61.97,62492,550,33.25,63492,79,4.78,1671,99,1654,4047,8,8
1668110287,2022-11-10 13:58:07 -0600,b8caed1f3cff2d0be34f87e911a4b87c1bf194b0,TX,48377,2,2022-11-09T01:00:00.000Z,FIPSCode,48377,0,2022-11-10T19:16:40.755Z,8,98.98,8,100,62962,1025,61.97,62492,550,33.25,63492,79,4.78,1671,99,1654,4047,8,8
1668110328,2022-11-10 13:58:48 -0600,ffd0e3f72f819ff2d02419ea237df1418dd4ac84,TX,48377,2,2022-11-09T01:00:00.000Z,FIPSCode,48377,0,2022-11-10T19:16:40.755Z,8,98.98,8,100,62962,1025,61.97,62492,550,33.25,63492,79,4.78,1671,99,1654,4047,8,8
1668110371,2022-11-10 13:59:31 -0600,4194e7769636e591118812828fa610e9dd1adfd0,TX,48377,2,2022-11-09T01:00:00.000Z,FIPSCode,48377,0,2022-11-10T19:16:40.755Z,8,98.98,8,100,62962,1025,61.97,62492,550,33.25,63492,79,4.78,1671,99,1654,4047,8,8
1668110414,2022-11-10 14:00:14 -0600,e97de4c341657b154f1058d9adc4677ff28b2d30,TX,48377,2,2022-11-09T01:00:00.000Z,FIPSCode,48377,0,2022-11-10T19:16:40.755Z,8,98.98,8,100,62962,1025,61.97,62492,550,33.25,63492,79,4.78,1671,99,1654,4047,8,8
1668110455,2022-11-10 14:00:55 -0600,7fdc94476390b814687ca355fea6273b40f6e4d0,TX,48377,2,2022-11-09T01:00:00.000Z,FIPSCode,48377,0,2022-11-10T19:16:40.755Z,8,98.98,8,100,62962,1025,61.97,62492,550,33.25,63492,79,4.78,1671,99,1654,4047,8,8
1668110497,2022-11-10 14:01:37 -0600,c18b4f5449342529a93e6028d91a5975201bea69,TX,48377,2,2022-11-09T01:00:00.000Z,FIPSCode,48377,0,2022-11-10T19:16:40.755Z,8,98.98,8,100,62962,1025,61.97,62492,550,33.25,63492,79,4.78,1671,99,1654,4047,8,8
1668110539,2022-11-10 14:02:19 -0600,edb14a66528432a410f48605898e6d65225818f4,TX,48377,2,2022-11-09T01:00:00.000Z,FIPSCode,48377,0,2022-11-10T19:16:40.755Z,8,98.98,8,100,62962,1025,61.97,62492,550,33.25,63492,79,4.78,1671,99,1654,4047,8,8
1668110582,2022-11-10 14:03:02 -0600,041ea65151468e991886eb5336e3fd5299813984,TX,48377,2,2022-11-09T01:00:00.000Z,FIPSCode,48377,0,2022-11-10T19:16:40.755Z,8,98.98,8,100,62962,1025,61.97,62492,550,33.25,63492,79,4.78,1671,99,1654,4047,8,8
1668110629,2022-11-10 14:03:49 -0600,fb4aab622c0b2e98754beaca1e7340f11aa30787,TX,48377,2,2022-11-09T01:00:00.000Z,FIPSCode,48377,0,2022-11-10T19:16:40.755Z,8,98.98,8,100,62962,1025,61.97,62492,550,33.25,63492,79,4.78,1671,99,1654,4047,8,8
1668110669,2022-11-10 14:04:29 -0600,d57edd69ec3a84fe80cc995f913d7d37d8acbb22,TX,48377,2,2022-11-09T01:00:00.000Z,FIPSCode,48377,0,2022-11-10T19:16:40.755Z,8,98.98,8,100,62962,1025,61.97,62492,550,33.25,63492,79,4.78,1671,99,1654,4047,8,8
1668110712,2022-11-10 14:05:12 -0600,7c87aa47d58ed09574f09b4008f5292f678a00c4,TX,48377,2,2022-11-09T01:00:00.000Z,FIPSCode,48377,0,2022-11-10T19:16:40.755Z,8,98.98,8,100,62962,1025,61.97,62492,550,33.25,63492,79,4.78,1671,99,1654,4047,8,8
1668110754,2022-11-10 14:05:54 -0600,1d542e1878562e0295f53b65d5002bf63ee0bf89,TX,48377,2,2022-11-09T01:00:00.000Z,FIPSCode,48377,0,2022-11-10T19:16:40.755Z,8,98.98,8,100,62962,1025,61.97,62492,550,33.25,63492,79,4.78,1671,99,1654,4047,8,8
1668110796,2022-11-10 14:06:36 -0600,11ae9892273834c2d76c5787efef469cf51e20bf,TX,48377,2,2022-11-09T01:00:00.000Z,FIPSCode,48377,0,2022-11-10T19:16:40.755Z,8,98.98,8,100,62962,1025,61.97,62492,550,33.25,63492,79,4.78,1671,99,1654,4047,8,8
1668110881,2022-11-10 14:08:01 -0600,0bea88f398fb94d8e18f486fe27951412c54f719,TX,48377,2,2022-11-09T01:00:00.000Z,FIPSCode,48377,0,2022-11-10T19:16:40.755Z,8,98.98,8,100,62962,1025,61.97,62492,550,33.25,63492,79,4.78,1671,99,1654,4047,8,8
1668110923,2022-11-10 14:08:43 -0600,bb7f62d2dbd5f5a8f42bb756e47c28ddb2a002bb,TX,48377,2,2022-11-09T01:00:00.000Z,FIPSCode,48377,0,2022-11-10T19:16:40.755Z,8,98.98,8,100,62962,1025,61.97,62492,550,33.25,63492,79,4.78,1671,99,1654,4047,8,8
1668110964,2022-11-10 14:09:24 -0600,7d2dd9cc47ddc460de77c962a5ea2003a370f5f2,TX,48377,2,2022-11-09T01:00:00.000Z,FIPSCode,48377,0,2022-11-10T19:16:40.755Z,8,98.98,8,100,62962,1025,61.97,62492,550,33.25,63492,79,4.78,1671,99,1654,4047,8,8
1668111007,2022-11-10 14:10:07 -0600,23ca0f135b83bf2113cfa66b99a95948f4bef16d,TX,48377,2,2022-11-09T01:00:00.000Z,FIPSCode,48377,0,2022-11-10T19:16:40.755Z,8,98.98,8,100,62962,1025,61.97,62492,550,33.25,63492,79,4.78,1671,99,1654,4047,8,8
1668111048,2022-11-10 14:10:48 -0600,890331a1a0e888c46bc930c3c45107f73b28762b,TX,48377,2,2022-11-09T01:00:00.000Z,FIPSCode,48377,0,2022-11-10T19:16:40.755Z,8,98.98,8,100,62962,1025,61.97,62492,550,33.25,63492,79,4.78,1671,99,1654,4047,8,8
1668111133,2022-11-10 14:12:13 -0600,378f496c5145aefa1c31d061e387281a294d299d,TX,48377,2,2022-11-09T01:00:00.000Z,FIPSCode,48377,0,2022-11-10T19:16:40.755Z,8,98.98,8,100,62962,1025,61.97,62492,550,33.25,63492,79,4.78,1671,99,1654,4047,8,8
1668111175,2022-11-10 14:12:55 -0600,4a1f03f03259cd3b55a6f80076c427cb7154fd7e,TX,48377,2,2022-11-09T01:00:00.000Z,FIPSCode,48377,0,2022-11-10T19:16:40.755Z,8,98.98,8,100,62962,1025,61.97,62492,550,33.25,63492,79,4.78,1671,99,1654,4047,8,8
1668111223,2022-11-10 14:13:43 -0600,678797acc4f2ee16336be1932adefa5ef38402b1,TX,48377,2,2022-11-09T01:00:00.000Z,FIPSCode,48377,0,2022-11-10T19:16:40.755Z,8,98.98,8,100,62962,1025,61.97,62492,550,33.25,63492,79,4.78,1671,99,1654,4047,8,8
1668111263,2022-11-10 14:14:23 -0600,b684b0fdc5a24971fed7774b687d0188dc96c2f3,TX,48377,2,2022-11-09T01:00:00.000Z,FIPSCode,48377,0,2022-11-10T19:16:40.755Z,8,98.98,8,100,62962,1025,61.97,62492,550,33.25,63492,79,4.78,1671,99,1654,4047,8,8
1668111307,2022-11-10 14:15:07 -0600,2b8db81f29440d2bc4c0b10b03190f84d44a9dce,TX,48377,2,2022-11-09T01:00:00.000Z,FIPSCode,48377,0,2022-11-10T19:16:40.755Z,8,98.98,8,100,62962,1025,61.97,62492,550,33.25,63492,79,4.78,1671,99,1654,4047,8,8
1668111347,2022-11-10 14:15:47 -0600,146e70d425df3fa03b4ce50df38c351d6f9d85d1,TX,48377,2,2022-11-09T01:00:00.000Z,FIPSCode,48377,0,2022-11-10T19:16:40.755Z,8,98.98,8,100,62962,1025,61.97,62492,550,33.25,63492,79,4.78,1671,99,1654,4047,8,8
1668111391,2022-11-10 14:16:31 -0600,a2a3a564602b01116e2d5707727c9f2963d4ee8f,TX,48377,2,2022-11-09T01:00:00.000Z,FIPSCode,48377,0,2022-11-10T19:16:40.755Z,8,98.98,8,100,62962,1025,61.97,62492,550,33.25,63492,79,4.78,1671,99,1654,4047,8,8
1668111432,2022-11-10 14:17:12 -0600,42da56b9c5f62f930f19f3c5bd9d864b78657ce0,TX,48377,2,2022-11-09T01:00:00.000Z,FIPSCode,48377,0,2022-11-10T19:16:40.755Z,8,98.98,8,100,62962,1025,61.97,62492,550,33.25,63492,79,4.78,1671,99,1654,4047,8,8
1668111474,2022-11-10 14:17:54 -0600,f3372caa02b1e568f08e20eafafda6677d239708,TX,48377,2,2022-11-09T01:00:00.000Z,FIPSCode,48377,0,2022-11-10T19:16:40.755Z,8,98.98,8,100,62962,1025,61.97,62492,550,33.25,63492,79,4.78,1671,99,1654,4047,8,8
1668111515,2022-11-10 14:18:35 -0600,3e957ace254fb26a696b4eb0653f4283ce7a0546,TX,48377,2,2022-11-09T01:00:00.000Z,FIPSCode,48377,0,2022-11-10T19:16:40.755Z,8,98.98,8,100,62962,1025,61.97,62492,550,33.25,63492,79,4.78,1671,99,1654,4047,8,8
1668111557,2022-11-10 14:19:17 -0600,899c8a15e1de6e6610111ea243a9b2229b9cc1b7,TX,48377,2,2022-11-09T01:00:00.000Z,FIPSCode,48377,0,2022-11-10T19:16:40.755Z,8,98.98,8,100,62962,1025,61.97,62492,550,33.25,63492,79,4.78,1671,99,1654,4047,8,8
1668111600,2022-11-10 14:20:00 -0600,35e53818e74a694d0a0399dccb648c8b3db0dce8,TX,48377,2,2022-11-09T01:00:00.000Z,FIPSCode,48377,0,2022-11-10T19:16:40.755Z,8,98.98,8,100,62962,1025,61.97,62492,550,33.25,63492,79,4.78,1671,99,1654,4047,8,8
1668111642,2022-11-10 14:20:42 -0600,4a303dc4b374a8d1c1c515bbef7fd0b762ac01ce,TX,48377,2,2022-11-09T01:00:00.000Z,FIPSCode,48377,0,2022-11-10T19:16:40.755Z,8,98.98,8,100,62962,1025,61.97,62492,550,33.25,63492,79,4.78,1671,99,1654,4047,8,8
1668111684,2022-11-10 14:21:24 -0600,13b5872218bdbe0bcb5a0f29b45e70764994cc90,TX,48377,2,2022-11-09T01:00:00.000Z,FIPSCode,48377,0,2022-11-10T19:16:40.755Z,8,98.98,8,100,62962,1025,61.97,62492,550,33.25,63492,79,4.78,1671,99,1654,4047,8,8
1668111726,2022-11-10 14:22:06 -0600,6f090874a065e031d5ac43441a769f69fb0dfbad,TX,48377,2,2022-11-09T01:00:00.000Z,FIPSCode,48377,0,2022-11-10T19:16:40.755Z,8,98.98,8,100,62962,1025,61.97,62492,550,33.25,63492,79,4.78,1671,99,1654,4047,8,8
1668111772,2022-11-10 14:22:52 -0600,997ef001e053942c95f23b5ceb73f497bc0914cf,TX,48377,2,2022-11-09T01:00:00.000Z,FIPSCode,48377,0,2022-11-10T19:16:40.755Z,8,98.98,8,100,62962,1025,61.97,62492,550,33.25,63492,79,4.78,1671,99,1654,4047,8,8
1668111813,2022-11-10 14:23:33 -0600,72ce72e09272b2aa9a3ab9d03555eaa676ddbc03,TX,48377,2,2022-11-09T01:00:00.000Z,FIPSCode,48377,0,2022-11-10T19:16:40.755Z,8,98.98,8,100,62962,1025,61.97,62492,550,33.25,63492,79,4.78,1671,99,1654,4047,8,8
1668111855,2022-11-10 14:24:15 -0600,67953ada156e63f7402a49385512612cabf3079a,TX,48377,2,2022-11-09T01:00:00.000Z,FIPSCode,48377,0,2022-11-10T19:16:40.755Z,8,98.98,8,100,62962,1025,61.97,62492,550,33.25,63492,79,4.78,1671,99,1654,4047,8,8
1668111897,2022-11-10 14:24:57 -0600,0ec1194ac061cf11640cb955257c3c101592a2c1,TX,48377,2,2022-11-09T01:00:00.000Z,FIPSCode,48377,0,2022-11-10T20:24:20.102Z,8,98.98,8,100,62962,1025,61.97,62492,550,33.25,63492,79,4.78,1671,99,1654,4047,8,8
1668111939,2022-11-10 14:25:39 -0600,52a46b59fb9f62f29e7f82854926ba04d786b200,TX,48377,2,2022-11-09T01:00:00.000Z,FIPSCode,48377,0,2022-11-10T20:24:20.102Z,8,98.98,8,100,62962,1025,61.97,62492,550,33.25,63492,79,4.78,1671,99,1654,4047,8,8
1668111982,2022-11-10 14:26:22 -0600,492fb6da02fe5e4af2dbd774171fc8054299005f,TX,48377,2,2022-11-09T01:00:00.000Z,FIPSCode,48377,0,2022-11-10T20:25:41.012Z,8,98.98,8,100,62962,1025,61.97,62492,550,33.25,63492,79,4.78,1671,99,1654,4047,8,8
1668112023,2022-11-10 14:27:03 -0600,0b3985744ef478fe6060b281714f85e1ad75ca24,TX,48377,2,2022-11-09T01:00:00.000Z,FIPSCode,48377,0,2022-11-10T20:26:40.867Z,8,98.98,8,100,62962,1025,61.97,62492,550,33.25,63492,79,4.78,1671,99,1654,4047,8,8
1668112065,2022-11-10 14:27:45 -0600,4918790e1f4f9b8fdcaac304f47d07228f337612,TX,48377,2,2022-11-09T01:00:00.000Z,FIPSCode,48377,0,2022-11-10T20:26:40.867Z,8,98.98,8,100,62962,1025,61.97,62492,550,33.25,63492,79,4.78,1671,99,1654,4047,8,8
1668112106,2022-11-10 14:28:26 -0600,23fd2562ad2611d58c5e74a56f3054523ac22aa9,TX,48377,2,2022-11-09T01:00:00.000Z,FIPSCode,48377,0,2022-11-10T20:26:40.867Z,8,98.98,8,100,62962,1025,61.97,62492,550,33.25,63492,79,4.78,1671,99,1654,4047,8,8
1668112148,2022-11-10 14:29:08 -0600,6e411234a21bde65c38e8233c168083e7b6fc898,TX,48377,2,2022-11-09T01:00:00.000Z,FIPSCode,48377,0,2022-11-10T20:26:40.867Z,8,98.98,8,100,62962,1025,61.97,62492,550,33.25,63492,79,4.78,1671,99,1654,4047,8,8
1668112190,2022-11-10 14:29:50 -0600,711096904cf821a86ea8834ff99ff2f2cfeb4fa8,TX,48377,2,2022-11-09T01:00:00.000Z,FIPSCode,48377,0,2022-11-10T20:26:40.867Z,8,98.98,8,100,62962,1025,61.97,62492,550,33.25,63492,79,4.78,1671,99,1654,4047,8,8
1668112231,2022-11-10 14:30:31 -0600,9f1d36d60659137fcf245b7a112ef4e94b3c5370,TX,48377,2,2022-11-09T01:00:00.000Z,FIPSCode,48377,0,2022-11-10T20:26:40.867Z,8,98.98,8,100,62962,1025,61.97,62492,550,33.25,63492,79,4.78,1671,99,1654,4047,8,8
1668112315,2022-11-10 14:31:55 -0600,93c9f79b275176b9d87b39c82d2c3d518c066937,TX,48377,2,2022-11-09T01:00:00.000Z,FIPSCode,48377,0,2022-11-10T20:26:40.867Z,8,98.98,8,100,62962,1025,61.97,62492,550,33.25,63492,79,4.78,1671,99,1654,4047,8,8
1668112361,2022-11-10 14:32:41 -0600,af9c77a0a4e9711b2a989a243183f99057d8a721,TX,48377,2,2022-11-09T01:00:00.000Z,FIPSCode,48377,0,2022-11-10T20:26:40.867Z,8,98.98,8,100,62962,1025,61.97,62492,550,33.25,63492,79,4.78,1671,99,1654,4047,8,8
1668112401,2022-11-10 14:33:21 -0600,841c964557329dcbc7e00254eaed4ba11cd65db9,TX,48377,2,2022-11-09T01:00:00.000Z,FIPSCode,48377,0,2022-11-10T20:26:40.867Z,8,98.98,8,100,62962,1025,61.97,62492,550,33.25,63492,79,4.78,1671,99,1654,4047,8,8
1668112443,2022-11-10 14:34:03 -0600,68419a69807133cb1ddfaaad6294349dffd75c8b,TX,48377,2,2022-11-09T01:00:00.000Z,FIPSCode,48377,0,2022-11-10T20:26:40.867Z,8,98.98,8,100,62962,1025,61.97,62492,550,33.25,63492,79,4.78,1671,99,1654,4047,8,8
1668112567,2022-11-10 14:36:07 -0600,5a6fbfcecba3110ca51b167ce65d0fc7066a7e79,TX,48377,2,2022-11-09T01:00:00.000Z,FIPSCode,48377,0,2022-11-10T20:26:40.867Z,8,98.98,8,100,62962,1025,61.97,62492,550,33.25,63492,79,4.78,1671,99,1654,4047,8,8
1668112608,2022-11-10 14:36:48 -0600,116cdd125bbb06373c1c00793b3f2728f55b8d2d,TX,48377,2,2022-11-09T01:00:00.000Z,FIPSCode,48377,0,2022-11-10T20:26:40.867Z,8,98.98,8,100,62962,1025,61.97,62492,550,33.25,63492,79,4.78,1671,99,1654,4047,8,8
1668112651,2022-11-10 14:37:31 -0600,e7a1f656668879762e792af7a2e1bc198841535d,TX,48377,2,2022-11-09T01:00:00.000Z,FIPSCode,48377,0,2022-11-10T20:26:40.867Z,8,98.98,8,100,62962,1025,61.97,62492,550,33.25,63492,79,4.78,1671,99,1654,4047,8,8
1668112695,2022-11-10 14:38:15 -0600,34609de7a23a6c93d3d0bd5bf6e76f500799b069,TX,48377,2,2022-11-09T01:00:00.000Z,FIPSCode,48377,0,2022-11-10T20:26:40.867Z,8,98.98,8,100,62962,1025,61.97,62492,550,33.25,63492,79,4.78,1671,99,1654,4047,8,8
1668112735,2022-11-10 14:38:55 -0600,815fa304d11956fc7ee79e7053d98976f9fe25b6,TX,48377,2,2022-11-09T01:00:00.000Z,FIPSCode,48377,0,2022-11-10T20:26:40.867Z,8,98.98,8,100,62962,1025,61.97,62492,550,33.25,63492,79,4.78,1671,99,1654,4047,8,8
1668112777,2022-11-10 14:39:37 -0600,27ed3d26618c8b4fcf5d779042b0ed066963be9c,TX,48377,2,2022-11-09T01:00:00.000Z,FIPSCode,48377,0,2022-11-10T20:26:40.867Z,8,98.98,8,100,62962,1025,61.97,62492,550,33.25,63492,79,4.78,1671,99,1654,4047,8,8
1668112903,2022-11-10 14:41:43 -0600,1bec343de71186b66ac5c53685c75c9b8a575107,TX,48377,2,2022-11-09T01:00:00.000Z,FIPSCode,48377,0,2022-11-10T20:26:40.867Z,8,98.98,8,100,62962,1025,61.97,62492,550,33.25,63492,79,4.78,1671,99,1654,4047,8,8
1668112944,2022-11-10 14:42:24 -0600,30fcb1ee687d777e44f0216749bacf14650dbc90,TX,48377,2,2022-11-09T01:00:00.000Z,FIPSCode,48377,0,2022-11-10T20:26:40.867Z,8,98.98,8,100,62962,1025,61.97,62492,550,33.25,63492,79,4.78,1671,99,1654,4047,8,8
1668112985,2022-11-10 14:43:05 -0600,23c6a0c52c65a91d4a0e47caa9cfa19673237fd6,TX,48377,2,2022-11-09T01:00:00.000Z,FIPSCode,48377,0,2022-11-10T20:26:40.867Z,8,98.98,8,100,62962,1025,61.97,62492,550,33.25,63492,79,4.78,1671,99,1654,4047,8,8
1668113026,2022-11-10 14:43:46 -0600,54552eaa6be1968687e891176ce8e03f21a0420c,TX,48377,2,2022-11-09T01:00:00.000Z,FIPSCode,48377,0,2022-11-10T20:26:40.867Z,8,98.98,8,100,62962,1025,61.97,62492,550,33.25,63492,79,4.78,1671,99,1654,4047,8,8
1668113068,2022-11-10 14:44:28 -0600,1171602c7e1a7420deabe6d8d8dd35149ee3731e,TX,48377,2,2022-11-09T01:00:00.000Z,FIPSCode,48377,0,2022-11-10T20:26:40.867Z,8,98.98,8,100,62962,1025,61.97,62492,550,33.25,63492,79,4.78,1671,99,1654,4047,8,8
1668113114,2022-11-10 14:45:14 -0600,bfe37c931c3ec1d19288a993a2ef4899102141e9,TX,48377,2,2022-11-09T01:00:00.000Z,FIPSCode,48377,0,2022-11-10T20:26:40.867Z,8,98.98,8,100,62962,1025,61.97,62492,550,33.25,63492,79,4.78,1671,99,1654,4047,8,8
1668113154,2022-11-10 14:45:54 -0600,e150fc509e3bfe1cee2b19477b4d9d7999e08e76,TX,48377,2,2022-11-09T01:00:00.000Z,FIPSCode,48377,0,2022-11-10T20:26:40.867Z,8,98.98,8,100,62962,1025,61.97,62492,550,33.25,63492,79,4.78,1671,99,1654,4047,8,8
1668113196,2022-11-10 14:46:36 -0600,9c816c8f117f77827914236503e397eaaf25c1a1,TX,48377,2,2022-11-09T01:00:00.000Z,FIPSCode,48377,0,2022-11-10T20:26:40.867Z,8,98.98,8,100,62962,1025,61.97,62492,550,33.25,63492,79,4.78,1671,99,1654,4047,8,8
1668113239,2022-11-10 14:47:19 -0600,7728b57a6cc5682f4a80d26332d92bf2aea3cafd,TX,48377,2,2022-11-09T01:00:00.000Z,FIPSCode,48377,0,2022-11-10T20:26:40.867Z,8,98.98,8,100,62962,1025,61.97,62492,550,33.25,63492,79,4.78,1671,99,1654,4047,8,8
1668113281,2022-11-10 14:48:01 -0600,8504f8671aebaccde2ecce23d15b42e2aced3f6a,TX,48377,2,2022-11-09T01:00:00.000Z,FIPSCode,48377,0,2022-11-10T20:26:40.867Z,8,98.98,8,100,62962,1025,61.97,62492,550,33.25,63492,79,4.78,1671,99,1654,4047,8,8
1668113323,2022-11-10 14:48:43 -0600,c2e62a051afe95d50b47422001d3089aef702068,TX,48377,2,2022-11-09T01:00:00.000Z,FIPSCode,48377,0,2022-11-10T20:26:40.867Z,8,98.98,8,100,62962,1025,61.97,62492,550,33.25,63492,79,4.78,1671,99,1654,4047,8,8
1668113364,2022-11-10 14:49:24 -0600,a432ef9ec2604ada0782b05e6ccaf2d1f193ee38,TX,48377,2,2022-11-09T01:00:00.000Z,FIPSCode,48377,0,2022-11-10T20:26:40.867Z,8,98.98,8,100,62962,1025,61.97,62492,550,33.25,63492,79,4.78,1671,99,1654,4047,8,8
1668113406,2022-11-10 14:50:06 -0600,89c7c072302416edd74e8bbf284f8636dd03ab54,TX,48377,2,2022-11-09T01:00:00.000Z,FIPSCode,48377,0,2022-11-10T20:26:40.867Z,8,98.98,8,100,62962,1025,61.97,62492,550,33.25,63492,79,4.78,1671,99,1654,4047,8,8
1668113448,2022-11-10 14:50:48 -0600,14523bd2c2cbf116574db547e6539b807878b6fd,TX,48377,2,2022-11-09T01:00:00.000Z,FIPSCode,48377,0,2022-11-10T20:26:40.867Z,8,98.98,8,100,62962,1025,61.97,62492,550,33.25,63492,79,4.78,1671,99,1654,4047,8,8
1668113491,2022-11-10 14:51:31 -0600,ff6edb41db601c2197f9ebcdf4588080720c051e,TX,48377,2,2022-11-09T01:00:00.000Z,FIPSCode,48377,0,2022-11-10T20:26:40.867Z,8,98.98,8,100,62962,1025,61.97,62492,550,33.25,63492,79,4.78,1671,99,1654,4047,8,8
1668113532,2022-11-10 14:52:12 -0600,10ddd7d15d39926fe39162cfd96a9612f014e766,TX,48377,2,2022-11-09T01:00:00.000Z,FIPSCode,48377,0,2022-11-10T20:26:40.867Z,8,98.98,8,100,62962,1025,61.97,62492,550,33.25,63492,79,4.78,1671,99,1654,4047,8,8
1668113574,2022-11-10 14:52:54 -0600,5dfd9cc188e6ef3c996faaff943125eeeda856b6,TX,48377,2,2022-11-09T01:00:00.000Z,FIPSCode,48377,0,2022-11-10T20:26:40.867Z,8,98.98,8,100,62962,1025,61.97,62492,550,33.25,63492,79,4.78,1671,99,1654,4047,8,8
1668113615,2022-11-10 14:53:35 -0600,74c8afb475ad7a499ac3984c239ed56a02751442,TX,48377,2,2022-11-09T01:00:00.000Z,FIPSCode,48377,0,2022-11-10T20:26:40.867Z,8,98.98,8,100,62962,1025,61.97,62492,550,33.25,63492,79,4.78,1671,99,1654,4047,8,8
1668113698,2022-11-10 14:54:58 -0600,c78f8c3f328927ace3d54cf502f7dea2853ed8cb,TX,48377,2,2022-11-09T01:00:00.000Z,FIPSCode,48377,0,2022-11-10T20:26:40.867Z,8,98.98,8,100,62962,1025,61.97,62492,550,33.25,63492,79,4.78,1671,99,1654,4047,8,8
1668113741,2022-11-10 14:55:41 -0600,9c81a71bca288a914d5715c71696dbadc52644ee,TX,48377,2,2022-11-09T01:00:00.000Z,FIPSCode,48377,0,2022-11-10T20:26:40.867Z,8,98.98,8,100,62962,1025,61.97,62492,550,33.25,63492,79,4.78,1671,99,1654,4047,8,8
1668113782,2022-11-10 14:56:22 -0600,b40a46b97ea87a4290b66d107b0799b65826a342,TX,48377,2,2022-11-09T01:00:00.000Z,FIPSCode,48377,0,2022-11-10T20:26:40.867Z,8,98.98,8,100,62962,1025,61.97,62492,550,33.25,63492,79,4.78,1671,99,1654,4047,8,8
1668113827,2022-11-10 14:57:07 -0600,90c81eaa4174dfbfc5122c73c9365d6bb1c8f380,TX,48377,2,2022-11-09T01:00:00.000Z,FIPSCode,48377,0,2022-11-10T20:26:40.867Z,8,98.98,8,100,62962,1025,61.97,62492,550,33.25,63492,79,4.78,1671,99,1654,4047,8,8
1668113867,2022-11-10 14:57:47 -0600,1116bec8bf990033b9ef879075aa954620d0ce86,TX,48377,2,2022-11-09T01:00:00.000Z,FIPSCode,48377,0,2022-11-10T20:26:40.867Z,8,98.98,8,100,62962,1025,61.97,62492,550,33.25,63492,79,4.78,1671,99,1654,4047,8,8
1668113909,2022-11-10 14:58:29 -0600,390e5f89ae448b2cbe422cf09f60135a85086de3,TX,48377,2,2022-11-09T01:00:00.000Z,FIPSCode,48377,0,2022-11-10T20:26:40.867Z,8,98.98,8,100,62962,1025,61.97,62492,550,33.25,63492,79,4.78,1671,99,1654,4047,8,8
1668113950,2022-11-10 14:59:10 -0600,98f88aa915f3c7535f0dfa6b2f4485a7830e27df,TX,48377,2,2022-11-09T01:00:00.000Z,FIPSCode,48377,0,2022-11-10T20:58:18.253Z,8,98.98,8,100,62962,1025,61.97,62492,550,33.25,63492,79,4.78,1671,99,1654,4047,8,8
1668113992,2022-11-10 14:59:52 -0600,090b24b2125d999659e0bdc48289991b1bfd351a,TX,48377,2,2022-11-09T01:00:00.000Z,FIPSCode,48377,0,2022-11-10T20:59:18.887Z,8,98.98,8,100,62962,1025,61.97,62492,550,33.25,63492,79,4.78,1671,99,1654,4047,8,8
1668114077,2022-11-10 15:01:17 -0600,8b9306f5bb680c581981d63ca2e9d8941b4bd9fb,TX,48377,2,2022-11-09T01:00:00.000Z,FIPSCode,48377,0,2022-11-10T21:00:57.623Z,8,98.98,8,100,62962,1025,61.97,62492,550,33.25,63492,79,4.78,1671,99,1654,4047,8,8
1668114116,2022-11-10 15:01:56 -0600,f02d01515924866f3520911ad1efc9a9578b029d,TX,48377,2,2022-11-09T01:00:00.000Z,FIPSCode,48377,0,2022-11-10T21:00:57.623Z,8,98.98,8,100,62962,1025,61.97,62492,550,33.25,63492,79,4.78,1671,99,1654,4047,8,8
1668114159,2022-11-10 15:02:39 -0600,161ef958c98bc59f0f99b6949429f8900b7d5807,TX,48377,2,2022-11-09T01:00:00.000Z,FIPSCode,48377,0,2022-11-10T21:00:57.623Z,8,98.98,8,100,62962,1025,61.97,62492,550,33.25,63492,79,4.78,1671,99,1654,4047,8,8
1668114202,2022-11-10 15:03:22 -0600,507e08b0a50fe6be743192a8bdeb747578e829d1,TX,48377,2,2022-11-09T01:00:00.000Z,FIPSCode,48377,0,2022-11-10T21:00:57.623Z,8,98.98,8,100,62962,1025,61.97,62492,550,33.25,63492,79,4.78,1671,99,1654,4047,8,8
1668114243,2022-11-10 15:04:03 -0600,595081f6807cf401419b25764bbff94b3926bb4f,TX,48377,2,2022-11-09T01:00:00.000Z,FIPSCode,48377,0,2022-11-10T21:00:57.623Z,8,98.98,8,100,62962,1025,61.97,62492,550,33.25,63492,79,4.78,1671,99,1654,4047,8,8
1668114285,2022-11-10 15:04:45 -0600,b34a84c696b96bc6d033076ba5dfd909a778f59a,TX,48377,2,2022-11-09T01:00:00.000Z,FIPSCode,48377,0,2022-11-10T21:00:57.623Z,8,98.98,8,100,62962,1025,61.97,62492,550,33.25,63492,79,4.78,1671,99,1654,4047,8,8
1668114368,2022-11-10 15:06:08 -0600,025dd6f3c03d66082fa912e3eb0ac2422bb0f28b,TX,48377,2,2022-11-09T01:00:00.000Z,FIPSCode,48377,0,2022-11-10T21:00:57.623Z,8,98.98,8,100,62962,1025,61.97,62492,550,33.25,63492,79,4.78,1671,99,1654,4047,8,8
1668114410,2022-11-10 15:06:50 -0600,a63cedc64bdc10cdd2b42f9ea157325887b13bd2,TX,48377,2,2022-11-09T01:00:00.000Z,FIPSCode,48377,0,2022-11-10T21:00:57.623Z,8,98.98,8,100,62962,1025,61.97,62492,550,33.25,63492,79,4.78,1671,99,1654,4047,8,8
1668114498,2022-11-10 15:08:18 -0600,bd19a8b4201d65f180b18793fd0ac9e89bbdf960,TX,48377,2,2022-11-09T01:00:00.000Z,FIPSCode,48377,0,2022-11-10T21:00:57.623Z,8,98.98,8,100,62962,1025,61.97,62492,550,33.25,63492,79,4.78,1671,99,1654,4047,8,8
1668114537,2022-11-10 15:08:57 -0600,10cc6139505ebffce82bed4ca4e85b7b2e5697a6,TX,48377,2,2022-11-09T01:00:00.000Z,FIPSCode,48377,0,2022-11-10T21:00:57.623Z,8,98.98,8,100,62962,1025,61.97,62492,550,33.25,63492,79,4.78,1671,99,1654,4047,8,8
1668114579,2022-11-10 15:09:39 -0600,1e22d186d6050b4e7fdaddafb223007617a6faf5,TX,48377,2,2022-11-09T01:00:00.000Z,FIPSCode,48377,0,2022-11-10T21:00:57.623Z,8,98.98,8,100,62962,1025,61.97,62492,550,33.25,63492,79,4.78,1671,99,1654,4047,8,8
1668114664,2022-11-10 15:11:04 -0600,75a2684122f4f8ac9ef987baf94f9b19e39fa16c,TX,48377,2,2022-11-09T01:00:00.000Z,FIPSCode,48377,0,2022-11-10T21:00:57.623Z,8,98.98,8,100,62962,1025,61.97,62492,550,33.25,63492,79,4.78,1671,99,1654,4047,8,8
1668114705,2022-11-10 15:11:45 -0600,acf1628d3239515507bda9ef9c17291f127ffdc9,TX,48377,2,2022-11-09T01:00:00.000Z,FIPSCode,48377,0,2022-11-10T21:00:57.623Z,8,98.98,8,100,62962,1025,61.97,62492,550,33.25,63492,79,4.78,1671,99,1654,4047,8,8
1668114747,2022-11-10 15:12:27 -0600,d718facf48710924802251a0be02c754755510cf,TX,48377,2,2022-11-09T01:00:00.000Z,FIPSCode,48377,0,2022-11-10T21:00:57.623Z,8,98.98,8,100,62962,1025,61.97,62492,550,33.25,63492,79,4.78,1671,99,1654,4047,8,8
1668114793,2022-11-10 15:13:13 -0600,caff263b4a6cc892604f86c839807e82f28feef6,TX,48377,2,2022-11-09T01:00:00.000Z,FIPSCode,48377,0,2022-11-10T21:00:57.623Z,8,98.98,8,100,62962,1025,61.97,62492,550,33.25,63492,79,4.78,1671,99,1654,4047,8,8
1668114832,2022-11-10 15:13:52 -0600,ac238aed699266a1570a2b1c178b6dead3f78635,TX,48377,2,2022-11-09T01:00:00.000Z,FIPSCode,48377,0,2022-11-10T21:00:57.623Z,8,98.98,8,100,62962,1025,61.97,62492,550,33.25,63492,79,4.78,1671,99,1654,4047,8,8
1668114915,2022-11-10 15:15:15 -0600,a4ab222934c088d0e04d8337128522a5db87d9f5,TX,48377,2,2022-11-09T01:00:00.000Z,FIPSCode,48377,0,2022-11-10T21:00:57.623Z,8,98.98,8,100,62962,1025,61.97,62492,550,33.25,63492,79,4.78,1671,99,1654,4047,8,8
1668114958,2022-11-10 15:15:58 -0600,e04938ea180bddb746a5fdd38ec11f709bd98834,TX,48377,2,2022-11-09T01:00:00.000Z,FIPSCode,48377,0,2022-11-10T21:00:57.623Z,8,98.98,8,100,62962,1025,61.97,62492,550,33.25,63492,79,4.78,1671,99,1654,4047,8,8
1668114999,2022-11-10 15:16:39 -0600,06f8ea55490288d350d920c98ca1c624321e8f42,TX,48377,2,2022-11-09T01:00:00.000Z,FIPSCode,48377,0,2022-11-10T21:00:57.623Z,8,98.98,8,100,62962,1025,61.97,62492,550,33.25,63492,79,4.78,1671,99,1654,4047,8,8
1668115040,2022-11-10 15:17:20 -0600,e3de91bfef87986b7a3f99738c95171613154f8a,TX,48377,2,2022-11-09T01:00:00.000Z,FIPSCode,48377,0,2022-11-10T21:00:57.623Z,8,98.98,8,100,62962,1025,61.97,62492,550,33.25,63492,79,4.78,1671,99,1654,4047,8,8
1668115088,2022-11-10 15:18:08 -0600,9982586659b581bddaa322e90715c392509d1927,TX,48377,2,2022-11-09T01:00:00.000Z,FIPSCode,48377,0,2022-11-10T21:17:17.319Z,8,98.98,8,100,62962,1025,61.97,62492,550,33.25,63492,79,4.78,1671,99,1654,4047,8,8
1668115125,2022-11-10 15:18:45 -0600,2fa5c036c319d9dd2c685d1164eaf6757b7330db,TX,48377,2,2022-11-09T01:00:00.000Z,FIPSCode,48377,0,2022-11-10T21:17:17.319Z,8,98.98,8,100,62962,1025,61.97,62492,550,33.25,63492,79,4.78,1671,99,1654,4047,8,8
1668115168,2022-11-10 15:19:28 -0600,642c48c49ee3f4096b17934c00fa2357ef2999ab,TX,48377,2,2022-11-09T01:00:00.000Z,FIPSCode,48377,0,2022-11-10T21:18:37.331Z,8,98.98,8,100,62962,1025,61.97,62492,550,33.25,63492,79,4.78,1671,99,1654,4047,8,8
1668115211,2022-11-10 15:20:11 -0600,cc28abd83326e5b9a108d53f0f88ca70f4cf253d,TX,48377,2,2022-11-09T01:00:00.000Z,FIPSCode,48377,0,2022-11-10T21:18:37.331Z,8,98.98,8,100,62962,1025,61.97,62492,550,33.25,63492,79,4.78,1671,99,1654,4047,8,8
1668115252,2022-11-10 15:20:52 -0600,8fb61709708260d283c3631bf6d68ba4c35f7785,TX,48377,2,2022-11-09T01:00:00.000Z,FIPSCode,48377,0,2022-11-10T21:18:37.331Z,8,98.98,8,100,62962,1025,61.97,62492,550,33.25,63492,79,4.78,1671,99,1654,4047,8,8
1668115293,2022-11-10 15:21:33 -0600,f1ead5eee7d9c1b12b7548892ec08e8da77f52e4,TX,48377,2,2022-11-09T01:00:00.000Z,FIPSCode,48377,0,2022-11-10T21:18:37.331Z,8,98.98,8,100,62962,1025,61.97,62492,550,33.25,63492,79,4.78,1671,99,1654,4047,8,8
1668115335,2022-11-10 15:22:15 -0600,236f57487eac0cc9d7626fe4c68867e4c70051fc,TX,48377,2,2022-11-09T01:00:00.000Z,FIPSCode,48377,0,2022-11-10T21:18:37.331Z,8,98.98,8,100,62962,1025,61.97,62492,550,33.25,63492,79,4.78,1671,99,1654,4047,8,8
1668115377,2022-11-10 15:22:57 -0600,a1f7c7a00ada1675547db68b1fc65e049687e7d8,TX,48377,2,2022-11-09T01:00:00.000Z,FIPSCode,48377,0,2022-11-10T21:18:37.331Z,8,98.98,8,100,62962,1025,61.97,62492,550,33.25,63492,79,4.78,1671,99,1654,4047,8,8
1668115423,2022-11-10 15:23:43 -0600,6226065336cccce382df89e1c9aac5e2259e55d8,TX,48377,2,2022-11-09T01:00:00.000Z,FIPSCode,48377,0,2022-11-10T21:18:37.331Z,8,98.98,8,100,62962,1025,61.97,62492,550,33.25,63492,79,4.78,1671,99,1654,4047,8,8
1668115588,2022-11-10 15:26:28 -0600,964c4330654506b519fec7f2e6fe3a33e3c1862b,TX,48377,2,2022-11-09T01:00:00.000Z,FIPSCode,48377,0,2022-11-10T21:18:37.331Z,8,98.98,8,100,62962,1025,61.97,62492,550,33.25,63492,79,4.78,1671,99,1654,4047,8,8
1668115629,2022-11-10 15:27:09 -0600,e365bf0accb441c96e138dd8762e57d068a4c50f,TX,48377,2,2022-11-09T01:00:00.000Z,FIPSCode,48377,0,2022-11-10T21:18:37.331Z,8,98.98,8,100,62962,1025,61.97,62492,550,33.25,63492,79,4.78,1671,99,1654,4047,8,8
1668115759,2022-11-10 15:29:19 -0600,ce9b46809afe315eb8d0b1ce7a0916de393ee535,TX,48377,2,2022-11-09T01:00:00.000Z,FIPSCode,48377,0,2022-11-10T21:18:37.331Z,8,98.98,8,100,62962,1025,61.97,62492,550,33.25,63492,79,4.78,1671,99,1654,4047,8,8
1668115802,2022-11-10 15:30:02 -0600,fa7358ec33f224af866c8c710e7f18f8b62a61b9,TX,48377,2,2022-11-09T01:00:00.000Z,FIPSCode,48377,0,2022-11-10T21:18:37.331Z,8,98.98,8,100,62962,1025,61.97,62492,550,33.25,63492,79,4.78,1671,99,1654,4047,8,8
1668115844,2022-11-10 15:30:44 -0600,9a680c036e03d601a407f691a46948837f49d378,TX,48377,2,2022-11-09T01:00:00.000Z,FIPSCode,48377,0,2022-11-10T21:18:37.331Z,8,98.98,8,100,62962,1025,61.97,62492,550,33.25,63492,79,4.78,1671,99,1654,4047,8,8
1668115885,2022-11-10 15:31:25 -0600,960aa075a80ce6cad2376c900705718a7d3b02e1,TX,48377,2,2022-11-09T01:00:00.000Z,FIPSCode,48377,0,2022-11-10T21:18:37.331Z,8,98.98,8,100,62962,1025,61.97,62492,550,33.25,63492,79,4.78,1671,99,1654,4047,8,8
1668115927,2022-11-10 15:32:07 -0600,122692e0f8bdbe76359df607adbec3f43c3e6f79,TX,48377,2,2022-11-09T01:00:00.000Z,FIPSCode,48377,0,2022-11-10T21:18:37.331Z,8,98.98,8,100,62962,1025,61.97,62492,550,33.25,63492,79,4.78,1671,99,1654,4047,8,8
1668115969,2022-11-10 15:32:49 -0600,8aacc5f380a7673f991f6536818c14a94a7d0f8f,TX,48377,2,2022-11-09T01:00:00.000Z,FIPSCode,48377,0,2022-11-10T21:18:37.331Z,8,98.98,8,100,62962,1025,61.97,62492,550,33.25,63492,79,4.78,1671,99,1654,4047,8,8
1668116016,2022-11-10 15:33:36 -0600,83478c73f29e01f30067e670071a92b22ed89146,TX,48377,2,2022-11-09T01:00:00.000Z,FIPSCode,48377,0,2022-11-10T21:18:37.331Z,8,98.98,8,100,62962,1025,61.97,62492,550,33.25,63492,79,4.78,1671,99,1654,4047,8,8
1668116055,2022-11-10 15:34:15 -0600,fb0eee04e59dfb5c7db34b8c85c17555d0ebd8c0,TX,48377,2,2022-11-09T01:00:00.000Z,FIPSCode,48377,0,2022-11-10T21:18:37.331Z,8,98.98,8,100,62962,1025,61.97,62492,550,33.25,63492,79,4.78,1671,99,1654,4047,8,8
1668116097,2022-11-10 15:34:57 -0600,361f57832c11463b32302808a4ab590b9727419a,TX,48377,2,2022-11-09T01:00:00.000Z,FIPSCode,48377,0,2022-11-10T21:18:37.331Z,8,98.98,8,100,62962,1025,61.97,62492,550,33.25,63492,79,4.78,1671,99,1654,4047,8,8
1668116139,2022-11-10 15:35:39 -0600,0b9f8ad1f86239e34e5f12c2e25eb267c2e33e72,TX,48377,2,2022-11-09T01:00:00.000Z,FIPSCode,48377,0,2022-11-10T21:18:37.331Z,8,98.98,8,100,62962,1025,61.97,62492,550,33.25,63492,79,4.78,1671,99,1654,4047,8,8
1668116181,2022-11-10 15:36:21 -0600,57666b1ec1edcd47a8f49461dadc8e6522ea840c,TX,48377,2,2022-11-09T01:00:00.000Z,FIPSCode,48377,0,2022-11-10T21:35:41.730Z,8,98.98,8,100,62962,1025,61.97,62492,550,33.25,63492,79,4.78,1671,99,1654,4047,8,8
1668116224,2022-11-10 15:37:04 -0600,2ee938dadcfdbfece250f8ae8e414436400abe60,TX,48377,2,2022-11-09T01:00:00.000Z,FIPSCode,48377,0,2022-11-10T21:36:39.379Z,8,98.98,8,100,62962,1025,61.97,62492,550,33.25,63492,79,4.78,1671,99,1654,4047,8,8
1668116265,2022-11-10 15:37:45 -0600,746cb35c02c88aef37a65530227eabbc0d5f7d89,TX,48377,2,2022-11-09T01:00:00.000Z,FIPSCode,48377,0,2022-11-10T21:36:39.379Z,8,98.98,8,100,62962,1025,61.97,62492,550,33.25,63492,79,4.78,1671,99,1654,4047,8,8
1668116311,2022-11-10 15:38:31 -0600,8b2a598799064fee29af475ea3c38e48ed631951,TX,48377,2,2022-11-09T01:00:00.000Z,FIPSCode,48377,0,2022-11-10T21:36:39.379Z,8,98.98,8,100,62962,1025,61.97,62492,550,33.25,63492,79,4.78,1671,99,1654,4047,8,8
1668116352,2022-11-10 15:39:12 -0600,841e4cd5da6f315b5722b5be8ab4f01a54548062,TX,48377,2,2022-11-09T01:00:00.000Z,FIPSCode,48377,0,2022-11-10T21:38:42.559Z,8,98.98,8,100,62962,1025,61.97,62492,550,33.25,63492,79,4.78,1671,99,1654,4047,8,8
1668116394,2022-11-10 15:39:54 -0600,72f0e70e22c36b3f86362da1f5068947f2f8294c,TX,48377,2,2022-11-09T01:00:00.000Z,FIPSCode,48377,0,2022-11-10T21:39:17.817Z,8,98.98,8,100,62962,1025,61.97,62492,550,33.25,63492,79,4.78,1671,99,1654,4047,8,8
1668116437,2022-11-10 15:40:37 -0600,3a0a93b9d42da41c5b165d73e5440b82b8114410,TX,48377,2,2022-11-09T01:00:00.000Z,FIPSCode,48377,0,2022-11-10T21:39:17.817Z,8,98.98,8,100,62962,1025,61.97,62492,550,33.25,63492,79,4.78,1671,99,1654,4047,8,8
1668116478,2022-11-10 15:41:18 -0600,1ee9f0d41daffee3ed5aaaa72043b3c99e265665,TX,48377,2,2022-11-09T01:00:00.000Z,FIPSCode,48377,0,2022-11-10T21:39:17.817Z,8,98.98,8,100,62962,1025,61.97,62492,550,33.25,63492,79,4.78,1671,99,1654,4047,8,8
1668116519,2022-11-10 15:41:59 -0600,98d902a7c25336881c88e6c43402d0425c8b0abc,TX,48377,2,2022-11-09T01:00:00.000Z,FIPSCode,48377,0,2022-11-10T21:39:17.817Z,8,98.98,8,100,62962,1025,61.97,62492,550,33.25,63492,79,4.78,1671,99,1654,4047,8,8
1668116561,2022-11-10 15:42:41 -0600,275ee401ea84507b470ed15c0bbc7c7f5ce47636,TX,48377,2,2022-11-09T01:00:00.000Z,FIPSCode,48377,0,2022-11-10T21:39:17.817Z,8,98.98,8,100,62962,1025,61.97,62492,550,33.25,63492,79,4.78,1671,99,1654,4047,8,8
1668116607,2022-11-10 15:43:27 -0600,551d431f8112990524f9b6e55187109aafe5fc12,TX,48377,2,2022-11-09T01:00:00.000Z,FIPSCode,48377,0,2022-11-10T21:42:59.644Z,8,98.98,8,100,62962,1025,61.97,62492,550,33.25,63492,79,4.78,1671,99,1654,4047,8,8
1668116645,2022-11-10 15:44:05 -0600,c1b03187c6582fae5b804f2c5a9c69c16f8ef61e,TX,48377,2,2022-11-09T01:00:00.000Z,FIPSCode,48377,0,2022-11-10T21:43:18.132Z,8,98.98,8,100,62962,1025,61.97,62492,550,33.25,63492,79,4.78,1671,99,1654,4047,8,8
1668116688,2022-11-10 15:44:48 -0600,aec1482f53fed895be9d6558f2764c91a206da86,TX,48377,2,2022-11-09T01:00:00.000Z,FIPSCode,48377,0,2022-11-10T21:44:20.877Z,8,98.98,8,100,62962,1025,61.97,62492,550,33.25,63492,79,4.78,1671,99,1654,4047,8,8
1668116728,2022-11-10 15:45:28 -0600,96b7578c70cb1ef9f0c6faa6dcd402fc09fdcf2d,TX,48377,2,2022-11-09T01:00:00.000Z,FIPSCode,48377,0,2022-11-10T21:44:20.877Z,8,98.98,8,100,62962,1025,61.97,62492,550,33.25,63492,79,4.78,1671,99,1654,4047,8,8
1668116770,2022-11-10 15:46:10 -0600,6b07db55083aa9a94066a297e2f169fa12458a27,TX,48377,2,2022-11-09T01:00:00.000Z,FIPSCode,48377,0,2022-11-10T21:45:38.796Z,8,98.98,8,100,62962,1025,61.97,62492,550,33.25,63492,79,4.78,1671,99,1654,4047,8,8
1668116853,2022-11-10 15:47:33 -0600,9217c3d4e3f71443b7d4adb3faaa424f0728720d,TX,48377,2,2022-11-09T01:00:00.000Z,FIPSCode,48377,0,2022-11-10T21:45:38.796Z,8,98.98,8,100,62962,1025,61.97,62492,550,33.25,63492,79,4.78,1671,99,1654,4047,8,8
1668116895,2022-11-10 15:48:15 -0600,3902eb526b8b528d0ef207529b94f28cf7f5f5e0,TX,48377,2,2022-11-09T01:00:00.000Z,FIPSCode,48377,0,2022-11-10T21:47:58.667Z,8,98.98,8,100,62962,1025,61.97,62492,550,33.25,63492,79,4.78,1671,99,1654,4047,8,8
1668116940,2022-11-10 15:49:00 -0600,5300ec89b77518124e5bd2f4a6ae7e25ad8d5a4e,TX,48377,2,2022-11-09T01:00:00.000Z,FIPSCode,48377,0,2022-11-10T21:48:18.919Z,8,98.98,8,100,62962,1025,61.97,62492,550,33.25,63492,79,4.78,1671,99,1654,4047,8,8
1668116982,2022-11-10 15:49:42 -0600,88c8db053d99f14d0aa784cc2df83b0e0d0aa8a6,TX,48377,2,2022-11-09T01:00:00.000Z,FIPSCode,48377,0,2022-11-10T21:48:18.919Z,8,98.98,8,100,62962,1025,61.97,62492,550,33.25,63492,79,4.78,1671,99,1654,4047,8,8
1668117109,2022-11-10 15:51:49 -0600,b64c0b212ab85f207664ae0026d3c4b4d414b0de,TX,48377,2,2022-11-09T01:00:00.000Z,FIPSCode,48377,0,2022-11-10T21:50:40.786Z,8,98.98,8,100,62962,1025,61.97,62492,550,33.25,63492,79,4.78,1671,99,1654,4047,8,8
1668117149,2022-11-10 15:52:29 -0600,2ce6cc3d801bbe067ff2fa4b3101c7b257f325e5,TX,48377,2,2022-11-09T01:00:00.000Z,FIPSCode,48377,0,2022-11-10T21:50:40.786Z,8,98.98,8,100,62962,1025,61.97,62492,550,33.25,63492,79,4.78,1671,99,1654,4047,8,8
1668117191,2022-11-10 15:53:11 -0600,12f1f9930a0182e1c5e7a86b3017731ccb117ed0,TX,48377,2,2022-11-09T01:00:00.000Z,FIPSCode,48377,0,2022-11-10T21:50:40.786Z,8,98.98,8,100,62962,1025,61.97,62492,550,33.25,63492,79,4.78,1671,99,1654,4047,8,8
1668117237,2022-11-10 15:53:57 -0600,a0be84b2f337108b2a882f9fff8a3f6b66cdadcb,TX,48377,2,2022-11-09T01:00:00.000Z,FIPSCode,48377,0,2022-11-10T21:50:40.786Z,8,98.98,8,100,62962,1025,61.97,62492,550,33.25,63492,79,4.78,1671,99,1654,4047,8,8
1668117320,2022-11-10 15:55:20 -0600,ebeeb7a4a6ca9f950ace48d46ad99b78621929b1,TX,48377,2,2022-11-09T01:00:00.000Z,FIPSCode,48377,0,2022-11-10T21:50:40.786Z,8,98.98,8,100,62962,1025,61.97,62492,550,33.25,63492,79,4.78,1671,99,1654,4047,8,8
1668117362,2022-11-10 15:56:02 -0600,3287c5663df924fb12ebed2fc8a1a2547fc6c5fa,TX,48377,2,2022-11-09T01:00:00.000Z,FIPSCode,48377,0,2022-11-10T21:50:40.786Z,8,98.98,8,100,62962,1025,61.97,62492,550,33.25,63492,79,4.78,1671,99,1654,4047,8,8
1668117404,2022-11-10 15:56:44 -0600,816c70d411bd8911801f6a8aa50032279dfc928d,TX,48377,2,2022-11-09T01:00:00.000Z,FIPSCode,48377,0,2022-11-10T21:56:18.788Z,8,98.98,8,100,62962,1025,61.97,62492,550,33.25,63492,79,4.78,1671,99,1654,4047,8,8
1668117444,2022-11-10 15:57:24 -0600,fffd9816063a1f0ca7269de018762cc643cd9685,TX,48377,2,2022-11-09T01:00:00.000Z,FIPSCode,48377,0,2022-11-10T21:56:18.788Z,8,98.98,8,100,62962,1025,61.97,62492,550,33.25,63492,79,4.78,1671,99,1654,4047,8,8
1668117487,2022-11-10 15:58:07 -0600,fa0e9e771b570a676d97e8322d84a5406d850b4c,TX,48377,2,2022-11-09T01:00:00.000Z,FIPSCode,48377,0,2022-11-10T21:56:18.788Z,8,98.98,8,100,62962,1025,61.97,62492,550,33.25,63492,79,4.78,1671,99,1654,4047,8,8
1668117531,2022-11-10 15:58:51 -0600,1c08e93cde0f04dbf6224a108c01d78c31da0499,TX,48377,2,2022-11-09T01:00:00.000Z,FIPSCode,48377,0,2022-11-10T21:58:03.257Z,8,98.98,8,100,62962,1025,61.97,62492,550,33.25,63492,79,4.78,1671,99,1654,4047,8,8
1668117655,2022-11-10 16:00:55 -0600,ff00c779c558551c31c4fb1faf3d3579087d0301,TX,48377,2,2022-11-09T01:00:00.000Z,FIPSCode,48377,0,2022-11-10T22:00:22.267Z,8,98.98,8,100,62962,1025,61.97,62492,550,33.25,63492,79,4.78,1671,99,1654,4047,8,8
1668117697,2022-11-10 16:01:37 -0600,e0dffa1854409778e393f870ac6c02677069a733,TX,48377,2,2022-11-09T01:00:00.000Z,FIPSCode,48377,0,2022-11-10T22:01:20.988Z,8,98.98,8,100,62962,1025,61.97,62492,550,33.25,63492,79,4.78,1671,99,1654,4047,8,8
1668117740,2022-11-10 16:02:20 -0600,1daa5286d3da6a4296b0f892074111e01cbe20d1,TX,48377,2,2022-11-09T01:00:00.000Z,FIPSCode,48377,0,2022-11-10T22:01:20.988Z,8,98.98,8,100,62962,1025,61.97,62492,550,33.25,63492,79,4.78,1671,99,1654,4047,8,8
1668117781,2022-11-10 16:03:01 -0600,a71f5c06685c4a19d9a501a818a62067b1c965f1,TX,48377,2,2022-11-09T01:00:00.000Z,FIPSCode,48377,0,2022-11-10T22:02:39.616Z,8,98.98,8,100,62962,1025,61.97,62492,550,33.25,63492,79,4.78,1671,99,1654,4047,8,8
1668117823,2022-11-10 16:03:43 -0600,0ffb60f1815faebde7d80724161d5b08b68339e1,TX,48377,2,2022-11-09T01:00:00.000Z,FIPSCode,48377,0,2022-11-10T22:03:19.365Z,8,98.98,8,100,62962,1025,61.97,62492,550,33.25,63492,79,4.78,1671,99,1654,4047,8,8
1668117951,2022-11-10 16:05:51 -0600,616136716518f84cfc92114bfbe9d4bc7cc421c4,TX,48377,2,2022-11-09T01:00:00.000Z,FIPSCode,48377,0,2022-11-10T22:03:19.365Z,8,98.98,8,100,62962,1025,61.97,62492,550,33.25,63492,79,4.78,1671,99,1654,4047,8,8
1668118033,2022-11-10 16:07:13 -0600,82356510c84a5949d5654e62731d4d4f0421c30b,TX,48377,2,2022-11-09T01:00:00.000Z,FIPSCode,48377,0,2022-11-10T22:03:19.365Z,8,98.98,8,100,62962,1025,61.97,62492,550,33.25,63492,79,4.78,1671,99,1654,4047,8,8
1668118075,2022-11-10 16:07:55 -0600,c7414ad127c54f52536a527f4c0ef07b3f40479c,TX,48377,2,2022-11-09T01:00:00.000Z,FIPSCode,48377,0,2022-11-10T22:03:19.365Z,8,98.98,8,100,62962,1025,61.97,62492,550,33.25,63492,79,4.78,1671,99,1654,4047,8,8
1668118117,2022-11-10 16:08:37 -0600,aec408410f97779b2f27b3a52caa33171f393c1a,TX,48377,2,2022-11-09T01:00:00.000Z,FIPSCode,48377,0,2022-11-10T22:03:19.365Z,8,98.98,8,100,62962,1025,61.97,62492,550,33.25,63492,79,4.78,1671,99,1654,4047,8,8
1668118159,2022-11-10 16:09:19 -0600,fcd7adb1e01c5c633f1d349841b53904d3c8db62,TX,48377,2,2022-11-09T01:00:00.000Z,FIPSCode,48377,0,2022-11-10T22:03:19.365Z,8,98.98,8,100,62962,1025,61.97,62492,550,33.25,63492,79,4.78,1671,99,1654,4047,8,8
1668118201,2022-11-10 16:10:01 -0600,f8cf5188b160daa553482628931dbe1645a2abaf,TX,48377,2,2022-11-09T01:00:00.000Z,FIPSCode,48377,0,2022-11-10T22:03:19.365Z,8,98.98,8,100,62962,1025,61.97,62492,550,33.25,63492,79,4.78,1671,99,1654,4047,8,8
1668118243,2022-11-10 16:10:43 -0600,71d68ae8685df108eb8c076ea3d81f7cedae418c,TX,48377,2,2022-11-09T01:00:00.000Z,FIPSCode,48377,0,2022-11-10T22:03:19.365Z,8,98.98,8,100,62962,1025,61.97,62492,550,33.25,63492,79,4.78,1671,99,1654,4047,8,8
1668118286,2022-11-10 16:11:26 -0600,041a25d9a4a17b9f7978fd3ef6213234cc2769f2,TX,48377,2,2022-11-09T01:00:00.000Z,FIPSCode,48377,0,2022-11-10T22:03:19.365Z,8,98.98,8,100,62962,1025,61.97,62492,550,33.25,63492,79,4.78,1671,99,1654,4047,8,8
1668118327,2022-11-10 16:12:07 -0600,ade45523ce6d191d403b388900b9c6e435dc0946,TX,48377,2,2022-11-09T01:00:00.000Z,FIPSCode,48377,0,2022-11-10T22:03:19.365Z,8,98.98,8,100,62962,1025,61.97,62492,550,33.25,63492,79,4.78,1671,99,1654,4047,8,8
1668118369,2022-11-10 16:12:49 -0600,f421b39c8e92a5747de52528367cd1c068b050e6,TX,48377,2,2022-11-09T01:00:00.000Z,FIPSCode,48377,0,2022-11-10T22:03:19.365Z,8,98.98,8,100,62962,1025,61.97,62492,550,33.25,63492,79,4.78,1671,99,1654,4047,8,8
1668118412,2022-11-10 16:13:32 -0600,4ecf80c8873e7d3586cc9c5c8be1c8b7716befdc,TX,48377,2,2022-11-09T01:00:00.000Z,FIPSCode,48377,0,2022-11-10T22:03:19.365Z,8,98.98,8,100,62962,1025,61.97,62492,550,33.25,63492,79,4.78,1671,99,1654,4047,8,8
1668118454,2022-11-10 16:14:14 -0600,6c6c7c1a6a8f4a3b18ed0e46f0d00632e2b88e2b,TX,48377,2,2022-11-09T01:00:00.000Z,FIPSCode,48377,0,2022-11-10T22:03:19.365Z,8,98.98,8,100,62962,1025,61.97,62492,550,33.25,63492,79,4.78,1671,99,1654,4047,8,8
1668118497,2022-11-10 16:14:57 -0600,8ec0891bd8bfae9e20f8f647cb393fc295e41525,TX,48377,2,2022-11-09T01:00:00.000Z,FIPSCode,48377,0,2022-11-10T22:03:19.365Z,8,98.98,8,100,62962,1025,61.97,62492,550,33.25,63492,79,4.78,1671,99,1654,4047,8,8
1668118543,2022-11-10 16:15:43 -0600,8422bb2d69fff5059667da0a04bba8b8775603ab,TX,48377,2,2022-11-09T01:00:00.000Z,FIPSCode,48377,0,2022-11-10T22:03:19.365Z,8,98.98,8,100,62962,1025,61.97,62492,550,33.25,63492,79,4.78,1671,99,1654,4047,8,8
1668118583,2022-11-10 16:16:23 -0600,e581e7807c9c6cf95da612112c568af4e4cf58a5,TX,48377,2,2022-11-09T01:00:00.000Z,FIPSCode,48377,0,2022-11-10T22:03:19.365Z,8,98.98,8,100,62962,1025,61.97,62492,550,33.25,63492,79,4.78,1671,99,1654,4047,8,8
1668118625,2022-11-10 16:17:05 -0600,58cc260e98c4edb0f7a41ab71fd8e42fc6b2d101,TX,48377,2,2022-11-09T01:00:00.000Z,FIPSCode,48377,0,2022-11-10T22:03:19.365Z,8,98.98,8,100,62962,1025,61.97,62492,550,33.25,63492,79,4.78,1671,99,1654,4047,8,8
1668118666,2022-11-10 16:17:46 -0600,0c5ff3d9bb399805d045bd8543d5549b54ca778c,TX,48377,2,2022-11-09T01:00:00.000Z,FIPSCode,48377,0,2022-11-10T22:03:19.365Z,8,98.98,8,100,62962,1025,61.97,62492,550,33.25,63492,79,4.78,1671,99,1654,4047,8,8
1668118709,2022-11-10 16:18:29 -0600,2a67bb09e51832b4a8a866717cccdd6cab1786d5,TX,48377,2,2022-11-09T01:00:00.000Z,FIPSCode,48377,0,2022-11-10T22:03:19.365Z,8,98.98,8,100,62962,1025,61.97,62492,550,33.25,63492,79,4.78,1671,99,1654,4047,8,8
1668118750,2022-11-10 16:19:10 -0600,ecf4150ab42126bc752d7e467e17263c72b7e4b0,TX,48377,2,2022-11-09T01:00:00.000Z,FIPSCode,48377,0,2022-11-10T22:03:19.365Z,8,98.98,8,100,62962,1025,61.97,62492,550,33.25,63492,79,4.78,1671,99,1654,4047,8,8
1668118793,2022-11-10 16:19:53 -0600,15756e71406f3a18dad68c1c2abc679b8edf71f5,TX,48377,2,2022-11-09T01:00:00.000Z,FIPSCode,48377,0,2022-11-10T22:03:19.365Z,8,98.98,8,100,62962,1025,61.97,62492,550,33.25,63492,79,4.78,1671,99,1654,4047,8,8
1668118838,2022-11-10 16:20:38 -0600,e724842cc8de0debe83b0f8d65ee00551f92f05c,TX,48377,2,2022-11-09T01:00:00.000Z,FIPSCode,48377,0,2022-11-10T22:03:19.365Z,8,98.98,8,100,62962,1025,61.97,62492,550,33.25,63492,79,4.78,1671,99,1654,4047,8,8
1668118878,2022-11-10 16:21:18 -0600,b0b37230d5f65203fdd1e6bd8d8d73efb37eb97f,TX,48377,2,2022-11-09T01:00:00.000Z,FIPSCode,48377,0,2022-11-10T22:03:19.365Z,8,98.98,8,100,62962,1025,61.97,62492,550,33.25,63492,79,4.78,1671,99,1654,4047,8,8
1668118922,2022-11-10 16:22:02 -0600,afdbc752db298c7b59d0485b0a373c5b6909147e,TX,48377,2,2022-11-09T01:00:00.000Z,FIPSCode,48377,0,2022-11-10T22:03:19.365Z,8,98.98,8,100,62962,1025,61.97,62492,550,33.25,63492,79,4.78,1671,99,1654,4047,8,8
1668118962,2022-11-10 16:22:42 -0600,01b91a24b5503ee5092e0e404f2954fea3e766f6,TX,48377,2,2022-11-09T01:00:00.000Z,FIPSCode,48377,0,2022-11-10T22:03:19.365Z,8,98.98,8,100,62962,1025,61.97,62492,550,33.25,63492,79,4.78,1671,99,1654,4047,8,8
1668119005,2022-11-10 16:23:25 -0600,9543fd0abade138dacf78203ab132eccf165190a,TX,48377,2,2022-11-09T01:00:00.000Z,FIPSCode,48377,0,2022-11-10T22:03:19.365Z,8,98.98,8,100,62962,1025,61.97,62492,550,33.25,63492,79,4.78,1671,99,1654,4047,8,8
1668119047,2022-11-10 16:24:07 -0600,0343ac671e318bd4e321cf4b6b10baf682d88447,TX,48377,2,2022-11-09T01:00:00.000Z,FIPSCode,48377,0,2022-11-10T22:03:19.365Z,8,98.98,8,100,62962,1025,61.97,62492,550,33.25,63492,79,4.78,1671,99,1654,4047,8,8
1668119089,2022-11-10 16:24:49 -0600,b39152ca9cfc2a676d53f102ef365b1d71efd8ef,TX,48377,2,2022-11-09T01:00:00.000Z,FIPSCode,48377,0,2022-11-10T22:03:19.365Z,8,98.98,8,100,62962,1025,61.97,62492,550,33.25,63492,79,4.78,1671,99,1654,4047,8,8
1668119132,2022-11-10 16:25:32 -0600,2a25fd6104bf529fbfab6151a0f4a162c0a01c68,TX,48377,2,2022-11-09T01:00:00.000Z,FIPSCode,48377,0,2022-11-10T22:03:19.365Z,8,98.98,8,100,62962,1025,61.97,62492,550,33.25,63492,79,4.78,1671,99,1654,4047,8,8
1668119173,2022-11-10 16:26:13 -0600,3aa57f0606b8a4963afe24abd2813bb4e54d256a,TX,48377,2,2022-11-09T01:00:00.000Z,FIPSCode,48377,0,2022-11-10T22:03:19.365Z,8,98.98,8,100,62962,1025,61.97,62492,550,33.25,63492,79,4.78,1671,99,1654,4047,8,8
1668119215,2022-11-10 16:26:55 -0600,4d953e6024961b2edd84e21be65fe4b1c494aeb9,TX,48377,2,2022-11-09T01:00:00.000Z,FIPSCode,48377,0,2022-11-10T22:03:19.365Z,8,98.98,8,100,62962,1025,61.97,62492,550,33.25,63492,79,4.78,1671,99,1654,4047,8,8
1668119341,2022-11-10 16:29:01 -0600,1a3aad005a4f256f12705703789ea61bd776f61e,TX,48377,2,2022-11-09T01:00:00.000Z,FIPSCode,48377,0,2022-11-10T22:03:19.365Z,8,98.98,8,100,62962,1025,61.97,62492,550,33.25,63492,79,4.78,1671,99,1654,4047,8,8
1668119383,2022-11-10 16:29:43 -0600,ceadeb87d54eb6b192e1ddc34ca4e7f0a9c5d9ea,TX,48377,2,2022-11-09T01:00:00.000Z,FIPSCode,48377,0,2022-11-10T22:03:19.365Z,8,98.98,8,100,62962,1025,61.97,62492,550,33.25,63492,79,4.78,1671,99,1654,4047,8,8
1668119467,2022-11-10 16:31:07 -0600,dc330ef89b1599ab5c03de8c10d4a31a9700da0c,TX,48377,2,2022-11-09T01:00:00.000Z,FIPSCode,48377,0,2022-11-10T22:03:19.365Z,8,98.98,8,100,62962,1025,61.97,62492,550,33.25,63492,79,4.78,1671,99,1654,4047,8,8
1668119510,2022-11-10 16:31:50 -0600,acc22b4646aa8f0cfce601d8a66dff06f3fdc6ec,TX,48377,2,2022-11-09T01:00:00.000Z,FIPSCode,48377,0,2022-11-10T22:03:19.365Z,8,98.98,8,100,62962,1025,61.97,62492,550,33.25,63492,79,4.78,1671,99,1654,4047,8,8
1668119555,2022-11-10 16:32:35 -0600,4869d16477c3530f6c8f1334e3b75d75a9977974,TX,48377,2,2022-11-09T01:00:00.000Z,FIPSCode,48377,0,2022-11-10T22:03:19.365Z,8,98.98,8,100,62962,1025,61.97,62492,550,33.25,63492,79,4.78,1671,99,1654,4047,8,8
1668119595,2022-11-10 16:33:15 -0600,cf0acd44f1fab7b961b8c37f60e7d6d835311309,TX,48377,2,2022-11-09T01:00:00.000Z,FIPSCode,48377,0,2022-11-10T22:03:19.365Z,8,98.98,8,100,62962,1025,61.97,62492,550,33.25,63492,79,4.78,1671,99,1654,4047,8,8
1668119636,2022-11-10 16:33:56 -0600,8b08cdd0d5a46906ec382d1ff98dc0e31b0e5559,TX,48377,2,2022-11-09T01:00:00.000Z,FIPSCode,48377,0,2022-11-10T22:03:19.365Z,8,98.98,8,100,62962,1025,61.97,62492,550,33.25,63492,79,4.78,1671,99,1654,4047,8,8
1668119677,2022-11-10 16:34:37 -0600,375d2dad7cfcd6cafe50575bde7c24fe54352452,TX,48377,2,2022-11-09T01:00:00.000Z,FIPSCode,48377,0,2022-11-10T22:03:19.365Z,8,98.98,8,100,62962,1025,61.97,62492,550,33.25,63492,79,4.78,1671,99,1654,4047,8,8
1668119719,2022-11-10 16:35:19 -0600,96d47661500be4a6a513c5471bdc51230bb10b8c,TX,48377,2,2022-11-09T01:00:00.000Z,FIPSCode,48377,0,2022-11-10T22:03:19.365Z,8,98.98,8,100,62962,1025,61.97,62492,550,33.25,63492,79,4.78,1671,99,1654,4047,8,8
1668119761,2022-11-10 16:36:01 -0600,4153a70aa3d7ffed9b1df2b72e7078f63ee3662c,TX,48377,2,2022-11-09T01:00:00.000Z,FIPSCode,48377,0,2022-11-10T22:03:19.365Z,8,98.98,8,100,62962,1025,61.97,62492,550,33.25,63492,79,4.78,1671,99,1654,4047,8,8
1668119802,2022-11-10 16:36:42 -0600,053b3b39b932e384d0d4f090bd4b957a49a7e015,TX,48377,2,2022-11-09T01:00:00.000Z,FIPSCode,48377,0,2022-11-10T22:03:19.365Z,8,98.98,8,100,62962,1025,61.97,62492,550,33.25,63492,79,4.78,1671,99,1654,4047,8,8
1668119845,2022-11-10 16:37:25 -0600,e43a8c5d5ab8bc505a1d20a305b3dfebceb129bd,TX,48377,2,2022-11-09T01:00:00.000Z,FIPSCode,48377,0,2022-11-10T22:36:58.516Z,8,98.98,8,100,62962,1025,61.97,62492,550,33.25,63492,79,4.78,1671,99,1654,4047,8,8
1668119885,2022-11-10 16:38:05 -0600,09bdf3d88175785ad6168f422d503785402d2bef,TX,48377,2,2022-11-09T01:00:00.000Z,FIPSCode,48377,0,2022-11-10T22:36:58.516Z,8,98.98,8,100,62962,1025,61.97,62492,550,33.25,63492,79,4.78,1671,99,1654,4047,8,8
1668119931,2022-11-10 16:38:51 -0600,a772bce200f8701c43204387247b78081874fbbf,TX,48377,2,2022-11-09T01:00:00.000Z,FIPSCode,48377,0,2022-11-10T22:38:19.755Z,8,98.98,8,100,62962,1025,61.97,62492,550,33.25,63492,79,4.78,1671,99,1654,4047,8,8
1668119970,2022-11-10 16:39:30 -0600,6653463680683f9c7021a6a434ac2bf41735b906,TX,48377,2,2022-11-09T01:00:00.000Z,FIPSCode,48377,0,2022-11-10T22:38:19.755Z,8,98.98,8,100,62962,1025,61.97,62492,550,33.25,63492,79,4.78,1671,99,1654,4047,8,8
1668120014,2022-11-10 16:40:14 -0600,2322589661d7ac90b59b1038480c429af176c859,TX,48377,2,2022-11-09T01:00:00.000Z,FIPSCode,48377,0,2022-11-10T22:38:19.755Z,8,98.98,8,100,62962,1025,61.97,62492,550,33.25,63492,79,4.78,1671,99,1654,4047,8,8
1668120053,2022-11-10 16:40:53 -0600,bd0a28d489420a25b7d50be447c2eb47ae09114b,TX,48377,2,2022-11-09T01:00:00.000Z,FIPSCode,48377,0,2022-11-10T22:40:20.625Z,8,98.98,8,100,62962,1025,61.97,62492,550,33.25,63492,79,4.78,1671,99,1654,4047,8,8
1668120095,2022-11-10 16:41:35 -0600,9d79c84871b2b6c31f22e6d1526f96c4a9f376c3,TX,48377,2,2022-11-09T01:00:00.000Z,FIPSCode,48377,0,2022-11-10T22:40:20.625Z,8,98.98,8,100,62962,1025,61.97,62492,550,33.25,63492,79,4.78,1671,99,1654,4047,8,8
1668120137,2022-11-10 16:42:17 -0600,d38cba322caf2e318c84cb1cf464f36fe1507d61,TX,48377,2,2022-11-09T01:00:00.000Z,FIPSCode,48377,0,2022-11-10T22:41:40.063Z,8,98.98,8,100,62962,1025,61.97,62492,550,33.25,63492,79,4.78,1671,99,1654,4047,8,8
1668120177,2022-11-10 16:42:57 -0600,84884425a7f244b66e5fcf4af84fce639b39f0d8,TX,48377,2,2022-11-09T01:00:00.000Z,FIPSCode,48377,0,2022-11-10T22:42:18.266Z,8,98.98,8,100,62962,1025,61.97,62492,550,33.25,63492,79,4.78,1671,99,1654,4047,8,8
1668120223,2022-11-10 16:43:43 -0600,5be48a3c037d2d1b9411a3791a8567ed4d655fc0,TX,48377,2,2022-11-09T01:00:00.000Z,FIPSCode,48377,0,2022-11-10T22:43:17.115Z,8,98.98,8,100,62962,1025,61.97,62492,550,33.25,63492,79,4.78,1671,99,1654,4047,8,8
1668120266,2022-11-10 16:44:26 -0600,a970b867315477aeba957094458646b341830fed,TX,48377,2,2022-11-09T01:00:00.000Z,FIPSCode,48377,0,2022-11-10T22:43:17.115Z,8,98.98,8,100,62962,1025,61.97,62492,550,33.25,63492,79,4.78,1671,99,1654,4047,8,8
1668120311,2022-11-10 16:45:11 -0600,8878877d994dc697368a8c9bf721f630bfdb31d9,TX,48377,2,2022-11-09T01:00:00.000Z,FIPSCode,48377,0,2022-11-10T22:43:17.115Z,8,98.98,8,100,62962,1025,61.97,62492,550,33.25,63492,79,4.78,1671,99,1654,4047,8,8
1668120350,2022-11-10 16:45:50 -0600,db563ef9a97d853039c5e2be016a39194cf108b2,TX,48377,2,2022-11-09T01:00:00.000Z,FIPSCode,48377,0,2022-11-10T22:43:17.115Z,8,98.98,8,100,62962,1025,61.97,62492,550,33.25,63492,79,4.78,1671,99,1654,4047,8,8
1668120394,2022-11-10 16:46:34 -0600,09d7094082b40d230e52ee876f1b9ad1711c2dbb,TX,48377,2,2022-11-09T01:00:00.000Z,FIPSCode,48377,0,2022-11-10T22:46:02.469Z,8,98.98,8,100,62962,1025,61.97,62492,550,33.25,63492,79,4.78,1671,99,1654,4047,8,8
1668120433,2022-11-10 16:47:13 -0600,7d9e07fdcec530bc2792d148bf4b913d064acf50,TX,48377,2,2022-11-09T01:00:00.000Z,FIPSCode,48377,0,2022-11-10T22:46:02.469Z,8,98.98,8,100,62962,1025,61.97,62492,550,33.25,63492,79,4.78,1671,99,1654,4047,8,8
1668120474,2022-11-10 16:47:54 -0600,8015256161fedcaa7dd72a4e1a381213e8fe1b52,TX,48377,2,2022-11-09T01:00:00.000Z,FIPSCode,48377,0,2022-11-10T22:46:58.376Z,8,98.98,8,100,62962,1025,61.97,62492,550,33.25,63492,79,4.78,1671,99,1654,4047,8,8
1668120516,2022-11-10 16:48:36 -0600,cce09d470154673d02db7fd61df7c47e65b384e9,TX,48377,2,2022-11-09T01:00:00.000Z,FIPSCode,48377,0,2022-11-10T22:48:19.018Z,8,98.98,8,100,62962,1025,61.97,62492,550,33.25,63492,79,4.78,1671,99,1654,4047,8,8
1668120565,2022-11-10 16:49:25 -0600,f60b1b574785a5557bbfc6548b776b9096c47eae,TX,48377,2,2022-11-09T01:00:00.000Z,FIPSCode,48377,0,2022-11-10T22:48:19.018Z,8,98.98,8,100,62962,1025,61.97,62492,550,33.25,63492,79,4.78,1671,99,1654,4047,8,8
1668120604,2022-11-10 16:50:04 -0600,d72decae99512b62e7e4b38fd26057a138c1f1cb,TX,48377,2,2022-11-09T01:00:00.000Z,FIPSCode,48377,0,2022-11-10T22:49:16.230Z,8,98.98,8,100,62962,1025,61.97,62492,550,33.25,63492,79,4.78,1671,99,1654,4047,8,8
1668120645,2022-11-10 16:50:45 -0600,c1cd7b89e0daa4dbf3b4d7f9310686c744a8bf18,TX,48377,2,2022-11-09T01:00:00.000Z,FIPSCode,48377,0,2022-11-10T22:49:16.230Z,8,98.98,8,100,62962,1025,61.97,62492,550,33.25,63492,79,4.78,1671,99,1654,4047,8,8
1668124690,2022-11-10 17:58:10 -0600,9c765b49f8c66153097719ed3f31367c8822f316,TX,48377,2,2022-11-09T01:00:00.000Z,FIPSCode,48377,0,2022-11-10T23:57:21.340Z,8,98.98,8,100,62962,1025,61.97,62492,550,33.25,63492,79,4.78,1671,99,1654,4047,8,8
1668124774,2022-11-10 17:59:34 -0600,fe13f64ac6086b0e7fe8bd699826ad2d61a8961c,TX,48377,2,2022-11-09T01:00:00.000Z,FIPSCode,48377,0,2022-11-10T23:57:21.340Z,8,98.98,8,100,62962,1025,61.97,62492,550,33.25,63492,79,4.78,1671,99,1654,4047,8,8
1668124821,2022-11-10 18:00:21 -0600,b5b38ef762c5865817c6f89a48b10568ebac57e0,TX,48377,2,2022-11-09T01:00:00.000Z,FIPSCode,48377,0,2022-11-10T23:57:21.340Z,8,98.98,8,100,62962,1025,61.97,62492,550,33.25,63492,79,4.78,1671,99,1654,4047,8,8
1668124862,2022-11-10 18:01:02 -0600,518b564633b3eb3570b74cb67caa7cbc26b02d22,TX,48377,2,2022-11-09T01:00:00.000Z,FIPSCode,48377,0,2022-11-10T23:57:21.340Z,8,98.98,8,100,62962,1025,61.97,62492,550,33.25,63492,79,4.78,1671,99,1654,4047,8,8
1668124902,2022-11-10 18:01:42 -0600,cd9cf8334d498df528100178658a6c7eec9ddfbd,TX,48377,2,2022-11-09T01:00:00.000Z,FIPSCode,48377,0,2022-11-10T23:57:21.340Z,8,98.98,8,100,62962,1025,61.97,62492,550,33.25,63492,79,4.78,1671,99,1654,4047,8,8
1668124984,2022-11-10 18:03:04 -0600,21a9d6f322abc68d71fa59763566e4ac312a9202,TX,48377,2,2022-11-09T01:00:00.000Z,FIPSCode,48377,0,2022-11-10T23:57:21.340Z,8,98.98,8,100,62962,1025,61.97,62492,550,33.25,63492,79,4.78,1671,99,1654,4047,8,8
1668125025,2022-11-10 18:03:45 -0600,62d3aef3114fda4a5f38c407ab72786ea96fd9d8,TX,48377,2,2022-11-09T01:00:00.000Z,FIPSCode,48377,0,2022-11-10T23:57:21.340Z,8,98.98,8,100,62962,1025,61.97,62492,550,33.25,63492,79,4.78,1671,99,1654,4047,8,8
1668125067,2022-11-10 18:04:27 -0600,e820d6d7244409514fab2d932d84db7239fb789d,TX,48377,2,2022-11-09T01:00:00.000Z,FIPSCode,48377,0,2022-11-10T23:57:21.340Z,8,98.98,8,100,62962,1025,61.97,62492,550,33.25,63492,79,4.78,1671,99,1654,4047,8,8
1668125114,2022-11-10 18:05:14 -0600,df82279cd67ecaae36a51198509e3c20a97456d7,TX,48377,2,2022-11-09T01:00:00.000Z,FIPSCode,48377,0,2022-11-10T23:57:21.340Z,8,98.98,8,100,62962,1025,61.97,62492,550,33.25,63492,79,4.78,1671,99,1654,4047,8,8
1668125153,2022-11-10 18:05:53 -0600,1f0c4727e1e606f861cd828028b30f62729cfb85,TX,48377,2,2022-11-09T01:00:00.000Z,FIPSCode,48377,0,2022-11-10T23:57:21.340Z,8,98.98,8,100,62962,1025,61.97,62492,550,33.25,63492,79,4.78,1671,99,1654,4047,8,8
1668125195,2022-11-10 18:06:35 -0600,7f132092628366ed9ec8fa9881a350b57801a68b,TX,48377,2,2022-11-09T01:00:00.000Z,FIPSCode,48377,0,2022-11-10T23:57:21.340Z,8,98.98,8,100,62962,1025,61.97,62492,550,33.25,63492,79,4.78,1671,99,1654,4047,8,8
1668125278,2022-11-10 18:07:58 -0600,7e47315b7fb5346371ecbb9e633260aa725190f4,TX,48377,2,2022-11-09T01:00:00.000Z,FIPSCode,48377,0,2022-11-10T23:57:21.340Z,8,98.98,8,100,62962,1025,61.97,62492,550,33.25,63492,79,4.78,1671,99,1654,4047,8,8
1668125319,2022-11-10 18:08:39 -0600,c33e007515b114729c07f34f008ed737dcf12a8f,TX,48377,2,2022-11-09T01:00:00.000Z,FIPSCode,48377,0,2022-11-10T23:57:21.340Z,8,98.98,8,100,62962,1025,61.97,62492,550,33.25,63492,79,4.78,1671,99,1654,4047,8,8
1668125450,2022-11-10 18:10:50 -0600,b03a1ffe011e46d254f52541af2346f47f982364,TX,48377,2,2022-11-09T01:00:00.000Z,FIPSCode,48377,0,2022-11-11T00:10:19.570Z,8,98.98,8,100,62962,1025,61.97,62492,550,33.25,63492,79,4.78,1671,99,1654,4047,8,8
1668125493,2022-11-10 18:11:33 -0600,9080e758569bbb7df728dcf52eb23a78116ded53,TX,48377,2,2022-11-09T01:00:00.000Z,FIPSCode,48377,0,2022-11-11T00:10:19.570Z,8,98.98,8,100,62962,1025,61.97,62492,550,33.25,63492,79,4.78,1671,99,1654,4047,8,8
1668125535,2022-11-10 18:12:15 -0600,7283b8bef5bf81bfdec5daa6c8f736f547c976f7,TX,48377,2,2022-11-09T01:00:00.000Z,FIPSCode,48377,0,2022-11-11T00:10:19.570Z,8,98.98,8,100,62962,1025,61.97,62492,550,33.25,63492,79,4.78,1671,99,1654,4047,8,8
1668125577,2022-11-10 18:12:57 -0600,1b8e649a6050073caa0ba0125d27e8b528fe3c96,TX,48377,2,2022-11-09T01:00:00.000Z,FIPSCode,48377,0,2022-11-11T00:10:19.570Z,8,98.98,8,100,62962,1025,61.97,62492,550,33.25,63492,79,4.78,1671,99,1654,4047,8,8
1668125620,2022-11-10 18:13:40 -0600,49f5e2e752c1d5229933ddebde4a8bb3cef9f96e,TX,48377,2,2022-11-09T01:00:00.000Z,FIPSCode,48377,0,2022-11-11T00:10:19.570Z,8,98.98,8,100,62962,1025,61.97,62492,550,33.25,63492,79,4.78,1671,99,1654,4047,8,8
1668125662,2022-11-10 18:14:22 -0600,aa218580f76ed13dc3a78862a685fe829d8de493,TX,48377,2,2022-11-09T01:00:00.000Z,FIPSCode,48377,0,2022-11-11T00:10:19.570Z,8,98.98,8,100,62962,1025,61.97,62492,550,33.25,63492,79,4.78,1671,99,1654,4047,8,8
1668125704,2022-11-10 18:15:04 -0600,4876a684bf105e9792ea3c480cd812c4e178a953,TX,48377,2,2022-11-09T01:00:00.000Z,FIPSCode,48377,0,2022-11-11T00:10:19.570Z,8,98.98,8,100,62962,1025,61.97,62492,550,33.25,63492,79,4.78,1671,99,1654,4047,8,8
1668125746,2022-11-10 18:15:46 -0600,712fa2964c90d21cac4672181890427ce60573bc,TX,48377,2,2022-11-09T01:00:00.000Z,FIPSCode,48377,0,2022-11-11T00:10:19.570Z,8,98.98,8,100,62962,1025,61.97,62492,550,33.25,63492,79,4.78,1671,99,1654,4047,8,8
1668125789,2022-11-10 18:16:29 -0600,a8a65adde498e82c7fba7f7f741c2e25c07fb23c,TX,48377,2,2022-11-09T01:00:00.000Z,FIPSCode,48377,0,2022-11-11T00:10:19.570Z,8,98.98,8,100,62962,1025,61.97,62492,550,33.25,63492,79,4.78,1671,99,1654,4047,8,8
1668125831,2022-11-10 18:17:11 -0600,c4b6a96345b72b0becdc92c02f94ec88e7e4a4b4,TX,48377,2,2022-11-09T01:00:00.000Z,FIPSCode,48377,0,2022-11-11T00:10:19.570Z,8,98.98,8,100,62962,1025,61.97,62492,550,33.25,63492,79,4.78,1671,99,1654,4047,8,8
1668125874,2022-11-10 18:17:54 -0600,60879baf329a7dd5a71b2255087b905479a43c34,TX,48377,2,2022-11-09T01:00:00.000Z,FIPSCode,48377,0,2022-11-11T00:17:20.888Z,8,98.98,8,100,62962,1025,61.97,62492,550,33.25,63492,79,4.78,1671,99,1654,4047,8,8
1668125915,2022-11-10 18:18:35 -0600,2afef8e7ccb7308abeeb3501e95851c2bbf1799e,TX,48377,2,2022-11-09T01:00:00.000Z,FIPSCode,48377,0,2022-11-11T00:17:20.888Z,8,98.98,8,100,62962,1025,61.97,62492,550,33.25,63492,79,4.78,1671,99,1654,4047,8,8
1668125957,2022-11-10 18:19:17 -0600,811717e04c4da9729e417f14f2f0b2526ad81af7,TX,48377,2,2022-11-09T01:00:00.000Z,FIPSCode,48377,0,2022-11-11T00:17:20.888Z,8,98.98,8,100,62962,1025,61.97,62492,550,33.25,63492,79,4.78,1671,99,1654,4047,8,8
1668125997,2022-11-10 18:19:57 -0600,b8f37f45e7c057cdc23c1d827d188e8cfa3fc75b,TX,48377,2,2022-11-09T01:00:00.000Z,FIPSCode,48377,0,2022-11-11T00:17:20.888Z,8,98.98,8,100,62962,1025,61.97,62492,550,33.25,63492,79,4.78,1671,99,1654,4047,8,8
1668126040,2022-11-10 18:20:40 -0600,00a91d3479696b8af6ec9eb67bbdd0277db64cd2,TX,48377,2,2022-11-09T01:00:00.000Z,FIPSCode,48377,0,2022-11-11T00:17:20.888Z,8,98.98,8,100,62962,1025,61.97,62492,550,33.25,63492,79,4.78,1671,99,1654,4047,8,8
1668126081,2022-11-10 18:21:21 -0600,c9aee3eda5bc8d7123c283718ece10c9b96c1c90,TX,48377,2,2022-11-09T01:00:00.000Z,FIPSCode,48377,0,2022-11-11T00:17:20.888Z,8,98.98,8,100,62962,1025,61.97,62492,550,33.25,63492,79,4.78,1671,99,1654,4047,8,8
1668126123,2022-11-10 18:22:03 -0600,037a3bcde07d0b07830cceacd78f100f6c2f6257,TX,48377,2,2022-11-09T01:00:00.000Z,FIPSCode,48377,0,2022-11-11T00:17:20.888Z,8,98.98,8,100,62962,1025,61.97,62492,550,33.25,63492,79,4.78,1671,99,1654,4047,8,8
1668126165,2022-11-10 18:22:45 -0600,05bd49f53c07a1d7a197101da313af5173114796,TX,48377,2,2022-11-09T01:00:00.000Z,FIPSCode,48377,0,2022-11-11T00:17:20.888Z,8,98.98,8,100,62962,1025,61.97,62492,550,33.25,63492,79,4.78,1671,99,1654,4047,8,8
1668126207,2022-11-10 18:23:27 -0600,48879847d799c61880afe0137d07ab416b314663,TX,48377,2,2022-11-09T01:00:00.000Z,FIPSCode,48377,0,2022-11-11T00:17:20.888Z,8,98.98,8,100,62962,1025,61.97,62492,550,33.25,63492,79,4.78,1671,99,1654,4047,8,8
1668126249,2022-11-10 18:24:09 -0600,d88f4d188712cdd1dc19ba3285fa0bb4b95f18bf,TX,48377,2,2022-11-09T01:00:00.000Z,FIPSCode,48377,0,2022-11-11T00:17:20.888Z,8,98.98,8,100,62962,1025,61.97,62492,550,33.25,63492,79,4.78,1671,99,1654,4047,8,8
1668126291,2022-11-10 18:24:51 -0600,c04d8da779608abf4c2b759c96e1ce027dd873f0,TX,48377,2,2022-11-09T01:00:00.000Z,FIPSCode,48377,0,2022-11-11T00:24:00.079Z,8,98.98,8,100,62962,1025,61.97,62492,550,33.25,63492,79,4.78,1671,99,1654,4047,8,8
1668126333,2022-11-10 18:25:33 -0600,2116dabfa3c7d3af6e40485f8731d4a02c2a03e7,TX,48377,2,2022-11-09T01:00:00.000Z,FIPSCode,48377,0,2022-11-11T00:24:00.079Z,8,98.98,8,100,62962,1025,61.97,62492,550,33.25,63492,79,4.78,1671,99,1654,4047,8,8
1668126375,2022-11-10 18:26:15 -0600,f10b330346976f1b030e7f2febee72940dde8c84,TX,48377,2,2022-11-09T01:00:00.000Z,FIPSCode,48377,0,2022-11-11T00:24:00.079Z,8,98.98,8,100,62962,1025,61.97,62492,550,33.25,63492,79,4.78,1671,99,1654,4047,8,8
1668126417,2022-11-10 18:26:57 -0600,1aa517c983a182b94df38f39a3671cd8c4581cc0,TX,48377,2,2022-11-09T01:00:00.000Z,FIPSCode,48377,0,2022-11-11T00:25:59.772Z,8,98.98,8,100,62962,1025,61.97,62492,550,33.25,63492,79,4.78,1671,99,1654,4047,8,8
1668126542,2022-11-10 18:29:02 -0600,4ca7b2989c30961bcea70819806f93c3bbb1e329,TX,48377,2,2022-11-09T01:00:00.000Z,FIPSCode,48377,0,2022-11-11T00:27:21.010Z,8,98.98,8,100,62962,1025,61.97,62492,550,33.25,63492,79,4.78,1671,99,1654,4047,8,8
1668126584,2022-11-10 18:29:44 -0600,453141100ace421a19856331250b0b3b9ee0b7ac,TX,48377,2,2022-11-09T01:00:00.000Z,FIPSCode,48377,0,2022-11-11T00:28:41.645Z,8,98.98,8,100,62962,1025,61.97,62492,550,33.25,63492,79,4.78,1671,99,1654,4047,8,8
1668126667,2022-11-10 18:31:07 -0600,a228a812fde70232de2e96bbb6e30da5f9a51b77,TX,48377,2,2022-11-09T01:00:00.000Z,FIPSCode,48377,0,2022-11-11T00:28:41.645Z,8,98.98,8,100,62962,1025,61.97,62492,550,33.25,63492,79,4.78,1671,99,1654,4047,8,8
1668126710,2022-11-10 18:31:50 -0600,3f4def6ffdee4afd920a2007cc90878a99947ee2,TX,48377,2,2022-11-09T01:00:00.000Z,FIPSCode,48377,0,2022-11-11T00:28:41.645Z,8,98.98,8,100,62962,1025,61.97,62492,550,33.25,63492,79,4.78,1671,99,1654,4047,8,8
1668126753,2022-11-10 18:32:33 -0600,fac17baee2dd28eef246aa634faeff2fa7b04ae9,TX,48377,2,2022-11-09T01:00:00.000Z,FIPSCode,48377,0,2022-11-11T00:28:41.645Z,8,98.98,8,100,62962,1025,61.97,62492,550,33.25,63492,79,4.78,1671,99,1654,4047,8,8
1668126794,2022-11-10 18:33:14 -0600,95630eadc7ded1f3e26b18f650e9a6e22cb77b69,TX,48377,2,2022-11-09T01:00:00.000Z,FIPSCode,48377,0,2022-11-11T00:32:38.420Z,8,98.98,8,100,62962,1025,61.97,62492,550,33.25,63492,79,4.78,1671,99,1654,4047,8,8
1668126835,2022-11-10 18:33:55 -0600,766b40167bfe2088795d969ea4156cf0d919d86a,TX,48377,2,2022-11-09T01:00:00.000Z,FIPSCode,48377,0,2022-11-11T00:32:38.420Z,8,98.98,8,100,62962,1025,61.97,62492,550,33.25,63492,79,4.78,1671,99,1654,4047,8,8
1668126877,2022-11-10 18:34:37 -0600,2b7c48b26d80626504cfc75d523a38d49b6c6727,TX,48377,2,2022-11-09T01:00:00.000Z,FIPSCode,48377,0,2022-11-11T00:34:06.787Z,8,98.98,8,100,62962,1025,61.97,62492,550,33.25,63492,79,4.78,1671,99,1654,4047,8,8
1668126918,2022-11-10 18:35:18 -0600,89734b5ceb774290747768f844f02255052b10ff,TX,48377,2,2022-11-09T01:00:00.000Z,FIPSCode,48377,0,2022-11-11T00:34:41.944Z,8,98.98,8,100,62962,1025,61.97,62492,550,33.25,63492,79,4.78,1671,99,1654,4047,8,8
1668126961,2022-11-10 18:36:01 -0600,4e8d41daa71921b511d5cfcb528853ce6cee1944,TX,48377,2,2022-11-09T01:00:00.000Z,FIPSCode,48377,0,2022-11-11T00:34:41.944Z,8,98.98,8,100,62962,1025,61.97,62492,550,33.25,63492,79,4.78,1671,99,1654,4047,8,8
1668127003,2022-11-10 18:36:43 -0600,63b608c6dbfd9c01d5130d122a433612ec3af237,TX,48377,2,2022-11-09T01:00:00.000Z,FIPSCode,48377,0,2022-11-11T00:34:41.944Z,8,98.98,8,100,62962,1025,61.97,62492,550,33.25,63492,79,4.78,1671,99,1654,4047,8,8
1668127044,2022-11-10 18:37:24 -0600,b05f647281fdd72bd4dd50134006332164616118,TX,48377,2,2022-11-09T01:00:00.000Z,FIPSCode,48377,0,2022-11-11T00:34:41.944Z,8,98.98,8,100,62962,1025,61.97,62492,550,33.25,63492,79,4.78,1671,99,1654,4047,8,8
1668127087,2022-11-10 18:38:07 -0600,c17492421a8084f66d99e4e489bc2f6c1fb37cb7,TX,48377,2,2022-11-09T01:00:00.000Z,FIPSCode,48377,0,2022-11-11T00:34:41.944Z,8,98.98,8,100,62962,1025,61.97,62492,550,33.25,63492,79,4.78,1671,99,1654,4047,8,8
1668127128,2022-11-10 18:38:48 -0600,cf33a989cf85c18b06ec5d7592c06865039a664b,TX,48377,2,2022-11-09T01:00:00.000Z,FIPSCode,48377,0,2022-11-11T00:34:41.944Z,8,98.98,8,100,62962,1025,61.97,62492,550,33.25,63492,79,4.78,1671,99,1654,4047,8,8
1668127171,2022-11-10 18:39:31 -0600,d652023a810a4bca2a7c20909e3fdd79fdd1b2d4,TX,48377,2,2022-11-09T01:00:00.000Z,FIPSCode,48377,0,2022-11-11T00:34:41.944Z,8,98.98,8,100,62962,1025,61.97,62492,550,33.25,63492,79,4.78,1671,99,1654,4047,8,8
1668127213,2022-11-10 18:40:13 -0600,6e137b8be7182b1a75132da2a64c32858637ad23,TX,48377,2,2022-11-09T01:00:00.000Z,FIPSCode,48377,0,2022-11-11T00:39:38.427Z,8,98.98,8,100,62962,1025,61.97,62492,550,33.25,63492,79,4.78,1671,99,1654,4047,8,8
1668127296,2022-11-10 18:41:36 -0600,7f836ab44efa0b74a2393355b88e9c978ddae5e7,TX,48377,2,2022-11-09T01:00:00.000Z,FIPSCode,48377,0,2022-11-11T00:40:41.051Z,8,98.98,8,100,62962,1025,61.97,62492,550,33.25,63492,79,4.78,1671,99,1654,4047,8,8
1668127339,2022-11-10 18:42:19 -0600,8216fc725e6b2042730f5b7b35ef731855d5cd07,TX,48377,2,2022-11-09T01:00:00.000Z,FIPSCode,48377,0,2022-11-11T00:40:41.051Z,8,98.98,8,100,62962,1025,61.97,62492,550,33.25,63492,79,4.78,1671,99,1654,4047,8,8
1668127381,2022-11-10 18:43:01 -0600,b182a5668c827b72fb08fb561461b62fbce17670,TX,48377,2,2022-11-09T01:00:00.000Z,FIPSCode,48377,0,2022-11-11T00:42:18.228Z,8,98.98,8,100,62962,1025,61.97,62492,550,33.25,63492,79,4.78,1671,99,1654,4047,8,8
1668127424,2022-11-10 18:43:44 -0600,bcf8f156c42b3294a222f241642d20bb0a9e0416,TX,48377,2,2022-11-09T01:00:00.000Z,FIPSCode,48377,0,2022-11-11T00:42:18.228Z,8,98.98,8,100,62962,1025,61.97,62492,550,33.25,63492,79,4.78,1671,99,1654,4047,8,8
1668127466,2022-11-10 18:44:26 -0600,a9adebb41c97ca44f8d4437dc4e179d6c8a0ce8f,TX,48377,2,2022-11-09T01:00:00.000Z,FIPSCode,48377,0,2022-11-11T00:42:18.228Z,8,98.98,8,100,62962,1025,61.97,62492,550,33.25,63492,79,4.78,1671,99,1654,4047,8,8
1668127507,2022-11-10 18:45:07 -0600,1b42102816f49874e3b0b1243b629fe1e95a0e56,TX,48377,2,2022-11-09T01:00:00.000Z,FIPSCode,48377,0,2022-11-11T00:42:18.228Z,8,98.98,8,100,62962,1025,61.97,62492,550,33.25,63492,79,4.78,1671,99,1654,4047,8,8
1668127549,2022-11-10 18:45:49 -0600,31f0c5389af27245cb20279cebf1e5e4ebf5774e,TX,48377,2,2022-11-09T01:00:00.000Z,FIPSCode,48377,0,2022-11-11T00:42:18.228Z,8,98.98,8,100,62962,1025,61.97,62492,550,33.25,63492,79,4.78,1671,99,1654,4047,8,8
1668127592,2022-11-10 18:46:32 -0600,735ccbffbf38bafdb6abaa370af329193f6069de,TX,48377,2,2022-11-09T01:00:00.000Z,FIPSCode,48377,0,2022-11-11T00:42:18.228Z,8,98.98,8,100,62962,1025,61.97,62492,550,33.25,63492,79,4.78,1671,99,1654,4047,8,8
1668127632,2022-11-10 18:47:12 -0600,5a2dcad4089e483cbf3f2c0fd356c81add0311e9,TX,48377,2,2022-11-09T01:00:00.000Z,FIPSCode,48377,0,2022-11-11T00:42:18.228Z,8,98.98,8,100,62962,1025,61.97,62492,550,33.25,63492,79,4.78,1671,99,1654,4047,8,8
1668127675,2022-11-10 18:47:55 -0600,997a73dcead84928cf85d41a70b1ec02563eb188,TX,48377,2,2022-11-09T01:00:00.000Z,FIPSCode,48377,0,2022-11-11T00:42:18.228Z,8,98.98,8,100,62962,1025,61.97,62492,550,33.25,63492,79,4.78,1671,99,1654,4047,8,8
1668127716,2022-11-10 18:48:36 -0600,a2480ce01c488e6e7282bbb391b9ae2d0e0df023,TX,48377,2,2022-11-09T01:00:00.000Z,FIPSCode,48377,0,2022-11-11T00:42:18.228Z,8,98.98,8,100,62962,1025,61.97,62492,550,33.25,63492,79,4.78,1671,99,1654,4047,8,8
1668127841,2022-11-10 18:50:41 -0600,63ec2ccec3f894ad080b2b74e31380d82c702c7e,TX,48377,2,2022-11-09T01:00:00.000Z,FIPSCode,48377,0,2022-11-11T00:42:18.228Z,8,98.98,8,100,62962,1025,61.97,62492,550,33.25,63492,79,4.78,1671,99,1654,4047,8,8
1668127884,2022-11-10 18:51:24 -0600,12601806a85729b8fa010a3c1b25c0d57904a782,TX,48377,2,2022-11-09T01:00:00.000Z,FIPSCode,48377,0,2022-11-11T00:42:18.228Z,8,98.98,8,100,62962,1025,61.97,62492,550,33.25,63492,79,4.78,1671,99,1654,4047,8,8
1668127925,2022-11-10 18:52:05 -0600,9fead935eae4eb9f490fc8866574df60ffe9a54a,TX,48377,2,2022-11-09T01:00:00.000Z,FIPSCode,48377,0,2022-11-11T00:42:18.228Z,8,98.98,8,100,62962,1025,61.97,62492,550,33.25,63492,79,4.78,1671,99,1654,4047,8,8
1668127967,2022-11-10 18:52:47 -0600,3c5b2a802fcb962c955a24c84cb5d734254bd9f0,TX,48377,2,2022-11-09T01:00:00.000Z,FIPSCode,48377,0,2022-11-11T00:42:18.228Z,8,98.98,8,100,62962,1025,61.97,62492,550,33.25,63492,79,4.78,1671,99,1654,4047,8,8
1668128009,2022-11-10 18:53:29 -0600,7c9523f45b6bbe496b275d3070de6567a9849824,TX,48377,2,2022-11-09T01:00:00.000Z,FIPSCode,48377,0,2022-11-11T00:42:18.228Z,8,98.98,8,100,62962,1025,61.97,62492,550,33.25,63492,79,4.78,1671,99,1654,4047,8,8
1668128050,2022-11-10 18:54:10 -0600,992b136954b5548f6d42c0ae04f18e8c36131c99,TX,48377,2,2022-11-09T01:00:00.000Z,FIPSCode,48377,0,2022-11-11T00:42:18.228Z,8,98.98,8,100,62962,1025,61.97,62492,550,33.25,63492,79,4.78,1671,99,1654,4047,8,8
1668128092,2022-11-10 18:54:52 -0600,e1dbd21604a09a26bb21ca6ea22cab9ff86cd407,TX,48377,2,2022-11-09T01:00:00.000Z,FIPSCode,48377,0,2022-11-11T00:42:18.228Z,8,98.98,8,100,62962,1025,61.97,62492,550,33.25,63492,79,4.78,1671,99,1654,4047,8,8
1668128133,2022-11-10 18:55:33 -0600,ded10af39abb6d8fed3cb9e7a69189572354e2ac,TX,48377,2,2022-11-09T01:00:00.000Z,FIPSCode,48377,0,2022-11-11T00:42:18.228Z,8,98.98,8,100,62962,1025,61.97,62492,550,33.25,63492,79,4.78,1671,99,1654,4047,8,8
1668128176,2022-11-10 18:56:16 -0600,fc18b90a8af15a7882b64d8fa0ebdbfbfda681b3,TX,48377,2,2022-11-09T01:00:00.000Z,FIPSCode,48377,0,2022-11-11T00:42:18.228Z,8,98.98,8,100,62962,1025,61.97,62492,550,33.25,63492,79,4.78,1671,99,1654,4047,8,8
1668128217,2022-11-10 18:56:57 -0600,6db9a87bc6bfeb8582452ddad174f967a290d5f5,TX,48377,2,2022-11-09T01:00:00.000Z,FIPSCode,48377,0,2022-11-11T00:42:18.228Z,8,98.98,8,100,62962,1025,61.97,62492,550,33.25,63492,79,4.78,1671,99,1654,4047,8,8
1668128258,2022-11-10 18:57:38 -0600,c52c5ecfae4f2bfec61e0c9cdb622262309f8f00,TX,48377,2,2022-11-09T01:00:00.000Z,FIPSCode,48377,0,2022-11-11T00:42:18.228Z,8,98.98,8,100,62962,1025,61.97,62492,550,33.25,63492,79,4.78,1671,99,1654,4047,8,8
1668128300,2022-11-10 18:58:20 -0600,723af1441302adf57f792f00b1770c200484f374,TX,48377,2,2022-11-09T01:00:00.000Z,FIPSCode,48377,0,2022-11-11T00:42:18.228Z,8,98.98,8,100,62962,1025,61.97,62492,550,33.25,63492,79,4.78,1671,99,1654,4047,8,8
1668128345,2022-11-10 18:59:05 -0600,4046effca5d47432c61d0ad3e8f7e186ecf30fe7,TX,48377,2,2022-11-09T01:00:00.000Z,FIPSCode,48377,0,2022-11-11T00:42:18.228Z,8,98.98,8,100,62962,1025,61.97,62492,550,33.25,63492,79,4.78,1671,99,1654,4047,8,8
1668128467,2022-11-10 19:01:07 -0600,528e73c2093df2b3c6c5bf45e75a81f8db3f799f,TX,48377,2,2022-11-09T01:00:00.000Z,FIPSCode,48377,0,2022-11-11T00:42:18.228Z,8,98.98,8,100,62962,1025,61.97,62492,550,33.25,63492,79,4.78,1671,99,1654,4047,8,8
1668128510,2022-11-10 19:01:50 -0600,6961e37c2c55c45e9f0b05502436865a2f5344bf,TX,48377,2,2022-11-09T01:00:00.000Z,FIPSCode,48377,0,2022-11-11T00:42:18.228Z,8,98.98,8,100,62962,1025,61.97,62492,550,33.25,63492,79,4.78,1671,99,1654,4047,8,8
1668128553,2022-11-10 19:02:33 -0600,cf3b12c85c3964940819ec2575de5f1fda017ec6,TX,48377,2,2022-11-09T01:00:00.000Z,FIPSCode,48377,0,2022-11-11T00:42:18.228Z,8,98.98,8,100,62962,1025,61.97,62492,550,33.25,63492,79,4.78,1671,99,1654,4047,8,8
1668128594,2022-11-10 19:03:14 -0600,67b18e047b4c1078a21a9261ce478bbbf1d914f8,TX,48377,2,2022-11-09T01:00:00.000Z,FIPSCode,48377,0,2022-11-11T00:42:18.228Z,8,98.98,8,100,62962,1025,61.97,62492,550,33.25,63492,79,4.78,1671,99,1654,4047,8,8
1668128638,2022-11-10 19:03:58 -0600,a7970ec5f57f50664f6eb41dc7886381a02fa415,TX,48377,2,2022-11-09T01:00:00.000Z,FIPSCode,48377,0,2022-11-11T00:42:18.228Z,8,98.98,8,100,62962,1025,61.97,62492,550,33.25,63492,79,4.78,1671,99,1654,4047,8,8
1668128680,2022-11-10 19:04:40 -0600,831740f7e99d8f4eb82d7fd9184f00b4bf71eb1b,TX,48377,2,2022-11-09T01:00:00.000Z,FIPSCode,48377,0,2022-11-11T00:42:18.228Z,8,98.98,8,100,62962,1025,61.97,62492,550,33.25,63492,79,4.78,1671,99,1654,4047,8,8
1668128723,2022-11-10 19:05:23 -0600,ac964235da8dc3ac8ef7c69e9b2908c113cc4927,TX,48377,2,2022-11-09T01:00:00.000Z,FIPSCode,48377,0,2022-11-11T00:42:18.228Z,8,98.98,8,100,62962,1025,61.97,62492,550,33.25,63492,79,4.78,1671,99,1654,4047,8,8
1668128763,2022-11-10 19:06:03 -0600,960ac767bbd075ca2c841bc5533f4f4ae1775d85,TX,48377,2,2022-11-09T01:00:00.000Z,FIPSCode,48377,0,2022-11-11T01:05:38.814Z,8,98.98,8,100,62962,1025,61.97,62492,550,33.25,63492,79,4.78,1671,99,1654,4047,8,8
1668128805,2022-11-10 19:06:45 -0600,90c8b5602da19a2774c09886d0f12db07995ff7b,TX,48377,2,2022-11-09T01:00:00.000Z,FIPSCode,48377,0,2022-11-11T01:05:38.814Z,8,98.98,8,100,62962,1025,61.97,62492,550,33.25,63492,79,4.78,1671,99,1654,4047,8,8
1668128847,2022-11-10 19:07:27 -0600,f57eeb279c31740e18a85136f928ccd7557c4c1c,TX,48377,2,2022-11-09T01:00:00.000Z,FIPSCode,48377,0,2022-11-11T01:06:36.465Z,8,98.98,8,100,62962,1025,61.97,62492,550,33.25,63492,79,4.78,1671,99,1654,4047,8,8
1668128887,2022-11-10 19:08:07 -0600,db49610b5e3054cf56a221c4ff20ec7d505b8569,TX,48377,2,2022-11-09T01:00:00.000Z,FIPSCode,48377,0,2022-11-11T01:07:18.898Z,8,98.98,8,100,62962,1025,61.97,62492,550,33.25,63492,79,4.78,1671,99,1654,4047,8,8
1668128934,2022-11-10 19:08:54 -0600,8271fe22b75e5c1580aed463ae7187c39c3d6934,TX,48377,2,2022-11-09T01:00:00.000Z,FIPSCode,48377,0,2022-11-11T01:07:18.898Z,8,98.98,8,100,62962,1025,61.97,62492,550,33.25,63492,79,4.78,1671,99,1654,4047,8,8
1668128973,2022-11-10 19:09:33 -0600,2e53ab5acfcc869a61c1fa0b9ade340ba866c6b6,TX,48377,2,2022-11-09T01:00:00.000Z,FIPSCode,48377,0,2022-11-11T01:07:18.898Z,8,98.98,8,100,62962,1025,61.97,62492,550,33.25,63492,79,4.78,1671,99,1654,4047,8,8
1668129015,2022-11-10 19:10:15 -0600,ece7490ee7e1627b0b2eeb9cf4462b2e8b083657,TX,48377,2,2022-11-09T01:00:00.000Z,FIPSCode,48377,0,2022-11-11T01:07:18.898Z,8,98.98,8,100,62962,1025,61.97,62492,550,33.25,63492,79,4.78,1671,99,1654,4047,8,8
1668129267,2022-11-10 19:14:27 -0600,c1a56134959b142144f176e005fcb3939763a8e1,TX,48377,2,2022-11-09T01:00:00.000Z,FIPSCode,48377,0,2022-11-11T01:07:18.898Z,8,98.98,8,100,62962,1025,61.97,62492,550,33.25,63492,79,4.78,1671,99,1654,4047,8,8
1668129308,2022-11-10 19:15:08 -0600,2365d8ce8eeafb81e7cee2bfde7ce17ffd013635,TX,48377,2,2022-11-09T01:00:00.000Z,FIPSCode,48377,0,2022-11-11T01:07:18.898Z,8,98.98,8,100,62962,1025,61.97,62492,550,33.25,63492,79,4.78,1671,99,1654,4047,8,8
1668129353,2022-11-10 19:15:53 -0600,780d58b2110156b5aea0c51401d556af16bf3b45,TX,48377,2,2022-11-09T01:00:00.000Z,FIPSCode,48377,0,2022-11-11T01:07:18.898Z,8,98.98,8,100,62962,1025,61.97,62492,550,33.25,63492,79,4.78,1671,99,1654,4047,8,8
1668129436,2022-11-10 19:17:16 -0600,870a8de5b6d146e9229edf38127836bc0ff402de,TX,48377,2,2022-11-09T01:00:00.000Z,FIPSCode,48377,0,2022-11-11T01:07:18.898Z,8,98.98,8,100,62962,1025,61.97,62492,550,33.25,63492,79,4.78,1671,99,1654,4047,8,8
1668129478,2022-11-10 19:17:58 -0600,bac8b53f8dab81541f136e2799083584aa488f91,TX,48377,2,2022-11-09T01:00:00.000Z,FIPSCode,48377,0,2022-11-11T01:07:18.898Z,8,98.98,8,100,62962,1025,61.97,62492,550,33.25,63492,79,4.78,1671,99,1654,4047,8,8
1668129520,2022-11-10 19:18:40 -0600,759e3188944673a2d1596481b2649d1d2f7ff089,TX,48377,2,2022-11-09T01:00:00.000Z,FIPSCode,48377,0,2022-11-11T01:07:18.898Z,8,98.98,8,100,62962,1025,61.97,62492,550,33.25,63492,79,4.78,1671,99,1654,4047,8,8
1668129562,2022-11-10 19:19:22 -0600,7545222e68f009e1dc81d70b47c2894c555a47c5,TX,48377,2,2022-11-09T01:00:00.000Z,FIPSCode,48377,0,2022-11-11T01:07:18.898Z,8,98.98,8,100,62962,1025,61.97,62492,550,33.25,63492,79,4.78,1671,99,1654,4047,8,8
1668129604,2022-11-10 19:20:04 -0600,d9049aa3a06a8ed6c025225e96b653902a675eb6,TX,48377,2,2022-11-09T01:00:00.000Z,FIPSCode,48377,0,2022-11-11T01:07:18.898Z,8,98.98,8,100,62962,1025,61.97,62492,550,33.25,63492,79,4.78,1671,99,1654,4047,8,8
1668129645,2022-11-10 19:20:45 -0600,ce15509d1838bbfe0e3e4b27f4bd3afc6bb63292,TX,48377,2,2022-11-09T01:00:00.000Z,FIPSCode,48377,0,2022-11-11T01:07:18.898Z,8,98.98,8,100,62962,1025,61.97,62492,550,33.25,63492,79,4.78,1671,99,1654,4047,8,8
1668129686,2022-11-10 19:21:26 -0600,709b4431416cbf8c2ae1a141f1af267d04ca463a,TX,48377,2,2022-11-09T01:00:00.000Z,FIPSCode,48377,0,2022-11-11T01:07:18.898Z,8,98.98,8,100,62962,1025,61.97,62492,550,33.25,63492,79,4.78,1671,99,1654,4047,8,8
1668129729,2022-11-10 19:22:09 -0600,0c4844dde34a486799b31f81e91a5c94cad86243,TX,48377,2,2022-11-09T01:00:00.000Z,FIPSCode,48377,0,2022-11-11T01:07:18.898Z,8,98.98,8,100,62962,1025,61.97,62492,550,33.25,63492,79,4.78,1671,99,1654,4047,8,8
1668129769,2022-11-10 19:22:49 -0600,d6b2bd6b039cc848be10c9431ecdfb5e24ab60fe,TX,48377,2,2022-11-09T01:00:00.000Z,FIPSCode,48377,0,2022-11-11T01:07:18.898Z,8,98.98,8,100,62962,1025,61.97,62492,550,33.25,63492,79,4.78,1671,99,1654,4047,8,8
1668129812,2022-11-10 19:23:32 -0600,35aa8cd437e5f56db5f3a95763b16453b88d0541,TX,48377,2,2022-11-09T01:00:00.000Z,FIPSCode,48377,0,2022-11-11T01:07:18.898Z,8,98.98,8,100,62962,1025,61.97,62492,550,33.25,63492,79,4.78,1671,99,1654,4047,8,8
1668129852,2022-11-10 19:24:12 -0600,1b259a8caf68cba4757b4593967833e1bb79c119,TX,48377,2,2022-11-09T01:00:00.000Z,FIPSCode,48377,0,2022-11-11T01:07:18.898Z,8,98.98,8,100,62962,1025,61.97,62492,550,33.25,63492,79,4.78,1671,99,1654,4047,8,8
1668129894,2022-11-10 19:24:54 -0600,2e9fcc3e75f6da15b02935823952975d95e0fb81,TX,48377,2,2022-11-09T01:00:00.000Z,FIPSCode,48377,0,2022-11-11T01:07:18.898Z,8,98.98,8,100,62962,1025,61.97,62492,550,33.25,63492,79,4.78,1671,99,1654,4047,8,8
1668129934,2022-11-10 19:25:34 -0600,eabda2ab5300e72f729db6edcdbd803e3053a989,TX,48377,2,2022-11-09T01:00:00.000Z,FIPSCode,48377,0,2022-11-11T01:07:18.898Z,8,98.98,8,100,62962,1025,61.97,62492,550,33.25,63492,79,4.78,1671,99,1654,4047,8,8
1668129976,2022-11-10 19:26:16 -0600,65dcc311c533a902e40a2a1abd6a74c75eba49dd,TX,48377,2,2022-11-09T01:00:00.000Z,FIPSCode,48377,0,2022-11-11T01:25:39.337Z,8,98.98,8,100,62962,1025,61.97,62492,550,33.25,63492,79,4.78,1671,99,1654,4047,8,8
1668130022,2022-11-10 19:27:02 -0600,3cf8587862b3eb117c1cd2a9b4822a5b279dd13a,TX,48377,2,2022-11-09T01:00:00.000Z,FIPSCode,48377,0,2022-11-11T01:25:39.337Z,8,98.98,8,100,62962,1025,61.97,62492,550,33.25,63492,79,4.78,1671,99,1654,4047,8,8
1668130062,2022-11-10 19:27:42 -0600,262aabc8ead0faae3d5b836704dd8f53be5871e4,TX,48377,2,2022-11-09T01:00:00.000Z,FIPSCode,48377,0,2022-11-11T01:25:39.337Z,8,98.98,8,100,62962,1025,61.97,62492,550,33.25,63492,79,4.78,1671,99,1654,4047,8,8
1668130104,2022-11-10 19:28:24 -0600,e815c2488ade265be98d30e5fb78aef712dff319,TX,48377,2,2022-11-09T01:00:00.000Z,FIPSCode,48377,0,2022-11-11T01:27:39.853Z,8,98.98,8,100,62962,1025,61.97,62492,550,33.25,63492,79,4.78,1671,99,1654,4047,8,8
1668130145,2022-11-10 19:29:05 -0600,98ea731a109add7fbd21265528fd0073f50cbed9,TX,48377,2,2022-11-09T01:00:00.000Z,FIPSCode,48377,0,2022-11-11T01:27:39.853Z,8,98.98,8,100,62962,1025,61.97,62492,550,33.25,63492,79,4.78,1671,99,1654,4047,8,8
1668130186,2022-11-10 19:29:46 -0600,7742fd440a76ace08f6ea442eeebc7561f4decf2,TX,48377,2,2022-11-09T01:00:00.000Z,FIPSCode,48377,0,2022-11-11T01:27:39.853Z,8,98.98,8,100,62962,1025,61.97,62492,550,33.25,63492,79,4.78,1671,99,1654,4047,8,8
1668130228,2022-11-10 19:30:28 -0600,55bc3d39e780daf1e4e136ff0e7a898adf6018eb,TX,48377,2,2022-11-09T01:00:00.000Z,FIPSCode,48377,0,2022-11-11T01:27:39.853Z,8,98.98,8,100,62962,1025,61.97,62492,550,33.25,63492,79,4.78,1671,99,1654,4047,8,8
1668130271,2022-11-10 19:31:11 -0600,af8511e806fb7c5de1011d3764b51d660b94d847,TX,48377,2,2022-11-09T01:00:00.000Z,FIPSCode,48377,0,2022-11-11T01:27:39.853Z,8,98.98,8,100,62962,1025,61.97,62492,550,33.25,63492,79,4.78,1671,99,1654,4047,8,8
1668130442,2022-11-10 19:34:02 -0600,fc4e388f149905b6c84a115db19cfaffd194ffa1,TX,48377,2,2022-11-09T01:00:00.000Z,FIPSCode,48377,0,2022-11-11T01:27:39.853Z,8,98.98,8,100,62962,1025,61.97,62492,550,33.25,63492,79,4.78,1671,99,1654,4047,8,8
1668130485,2022-11-10 19:34:45 -0600,f23c52e639331e28968cf8a5b9fbec027e7966ed,TX,48377,2,2022-11-09T01:00:00.000Z,FIPSCode,48377,0,2022-11-11T01:27:39.853Z,8,98.98,8,100,62962,1025,61.97,62492,550,33.25,63492,79,4.78,1671,99,1654,4047,8,8
1668130525,2022-11-10 19:35:25 -0600,0a17532259e369df7dd6ca39ccc35e294db608e6,TX,48377,2,2022-11-09T01:00:00.000Z,FIPSCode,48377,0,2022-11-11T01:27:39.853Z,8,98.98,8,100,62962,1025,61.97,62492,550,33.25,63492,79,4.78,1671,99,1654,4047,8,8
1668130567,2022-11-10 19:36:07 -0600,bd45e0b88bd6e40ce988ada235c2acd28087d88a,TX,48377,2,2022-11-09T01:00:00.000Z,FIPSCode,48377,0,2022-11-11T01:27:39.853Z,8,98.98,8,100,62962,1025,61.97,62492,550,33.25,63492,79,4.78,1671,99,1654,4047,8,8
1668130611,2022-11-10 19:36:51 -0600,3895c6b1c0dcbe91ba2cc96b1beace125bc4e57f,TX,48377,2,2022-11-09T01:00:00.000Z,FIPSCode,48377,0,2022-11-11T01:27:39.853Z,8,98.98,8,100,62962,1025,61.97,62492,550,33.25,63492,79,4.78,1671,99,1654,4047,8,8
1668130662,2022-11-10 19:37:42 -0600,a1401f9f084a48432675a3dee0d21565fd6f0687,TX,48377,2,2022-11-09T01:00:00.000Z,FIPSCode,48377,0,2022-11-11T01:27:39.853Z,8,98.98,8,100,62962,1025,61.97,62492,550,33.25,63492,79,4.78,1671,99,1654,4047,8,8
1668130703,2022-11-10 19:38:23 -0600,e189a9641517e0817cdd6abbee39c55cd8c1c00a,TX,48377,2,2022-11-09T01:00:00.000Z,FIPSCode,48377,0,2022-11-11T01:27:39.853Z,8,98.98,8,100,62962,1025,61.97,62492,550,33.25,63492,79,4.78,1671,99,1654,4047,8,8
1668130746,2022-11-10 19:39:06 -0600,283834424c78374f60fd6bb1512d10297d47aef2,TX,48377,2,2022-11-09T01:00:00.000Z,FIPSCode,48377,0,2022-11-11T01:27:39.853Z,8,98.98,8,100,62962,1025,61.97,62492,550,33.25,63492,79,4.78,1671,99,1654,4047,8,8
1668130788,2022-11-10 19:39:48 -0600,a202e8e88f30436d1903b62d09c51eda366d031e,TX,48377,2,2022-11-09T01:00:00.000Z,FIPSCode,48377,0,2022-11-11T01:39:21.323Z,8,98.98,8,100,62962,1025,61.97,62492,550,33.25,63492,79,4.78,1671,99,1654,4047,8,8
1668130830,2022-11-10 19:40:30 -0600,4a41f009b64f1b38ba1a5b4be3182931ce380762,TX,48377,2,2022-11-09T01:00:00.000Z,FIPSCode,48377,0,2022-11-11T01:39:21.323Z,8,98.98,8,100,62962,1025,61.97,62492,550,33.25,63492,79,4.78,1671,99,1654,4047,8,8
1668130873,2022-11-10 19:41:13 -0600,a25a1d194736cca4fe375a78de7e5ff8f37f9308,TX,48377,2,2022-11-09T01:00:00.000Z,FIPSCode,48377,0,2022-11-11T01:39:21.323Z,8,98.98,8,100,62962,1025,61.97,62492,550,33.25,63492,79,4.78,1671,99,1654,4047,8,8
1668130914,2022-11-10 19:41:54 -0600,148b5ae04c6f9e4b1fc861c6004be315bb9fb42d,TX,48377,2,2022-11-09T01:00:00.000Z,FIPSCode,48377,0,2022-11-11T01:39:21.323Z,8,98.98,8,100,62962,1025,61.97,62492,550,33.25,63492,79,4.78,1671,99,1654,4047,8,8
1668130957,2022-11-10 19:42:37 -0600,25c730f228ffcbe1ca719d356d872c71ed08c4cd,TX,48377,2,2022-11-09T01:00:00.000Z,FIPSCode,48377,0,2022-11-11T01:41:36.317Z,8,98.98,8,100,62962,1025,61.97,62492,550,33.25,63492,79,4.78,1671,99,1654,4047,8,8
1668130998,2022-11-10 19:43:18 -0600,94c377f8c62819e4707d811afd7ed371d8fd1fd5,TX,48377,2,2022-11-09T01:00:00.000Z,FIPSCode,48377,0,2022-11-11T01:41:36.317Z,8,98.98,8,100,62962,1025,61.97,62492,550,33.25,63492,79,4.78,1671,99,1654,4047,8,8
1668131042,2022-11-10 19:44:02 -0600,d9b60f5b799db08e2f2bb7c20ed3cae30d1d9a5d,TX,48377,2,2022-11-09T01:00:00.000Z,FIPSCode,48377,0,2022-11-11T01:41:36.317Z,8,98.98,8,100,62962,1025,61.97,62492,550,33.25,63492,79,4.78,1671,99,1654,4047,8,8
1668131083,2022-11-10 19:44:43 -0600,2c6d9b5ec68a1c2232d60c7e3cc383a2c948af40,TX,48377,2,2022-11-09T01:00:00.000Z,FIPSCode,48377,0,2022-11-11T01:41:36.317Z,8,98.98,8,100,62962,1025,61.97,62492,550,33.25,63492,79,4.78,1671,99,1654,4047,8,8
1668131126,2022-11-10 19:45:26 -0600,e00c76664c49bf5361c57952a8f2a1447e41517b,TX,48377,2,2022-11-09T01:00:00.000Z,FIPSCode,48377,0,2022-11-11T01:41:36.317Z,8,98.98,8,100,62962,1025,61.97,62492,550,33.25,63492,79,4.78,1671,99,1654,4047,8,8
1668131168,2022-11-10 19:46:08 -0600,93bee0e6bf0140e5bbe9c8473c21184eea7b5e31,TX,48377,2,2022-11-09T01:00:00.000Z,FIPSCode,48377,0,2022-11-11T01:41:36.317Z,8,98.98,8,100,62962,1025,61.97,62492,550,33.25,63492,79,4.78,1671,99,1654,4047,8,8
1668131255,2022-11-10 19:47:35 -0600,5e08d11e142fcbf231b74491d22c671e8ca70991,TX,48377,2,2022-11-09T01:00:00.000Z,FIPSCode,48377,0,2022-11-11T01:41:36.317Z,8,98.98,8,100,62962,1025,61.97,62492,550,33.25,63492,79,4.78,1671,99,1654,4047,8,8
1668131294,2022-11-10 19:48:14 -0600,78a604b5cc9bd4bbf2c82280640ae5bff690fa48,TX,48377,2,2022-11-09T01:00:00.000Z,FIPSCode,48377,0,2022-11-11T01:41:36.317Z,8,98.98,8,100,62962,1025,61.97,62492,550,33.25,63492,79,4.78,1671,99,1654,4047,8,8
1668131338,2022-11-10 19:48:58 -0600,7cdcd799d48fc7b28238648faa9f094159a8b4db,TX,48377,2,2022-11-09T01:00:00.000Z,FIPSCode,48377,0,2022-11-11T01:41:36.317Z,8,98.98,8,100,62962,1025,61.97,62492,550,33.25,63492,79,4.78,1671,99,1654,4047,8,8
1668131423,2022-11-10 19:50:23 -0600,592351bcc0b2ebb2dfdc91bde60efa8d7eab216a,TX,48377,2,2022-11-09T01:00:00.000Z,FIPSCode,48377,0,2022-11-11T01:41:36.317Z,8,98.98,8,100,62962,1025,61.97,62492,550,33.25,63492,79,4.78,1671,99,1654,4047,8,8
1668131465,2022-11-10 19:51:05 -0600,ac74028f8a7f4060b3a7232fc6bacbf7a0c28577,TX,48377,2,2022-11-09T01:00:00.000Z,FIPSCode,48377,0,2022-11-11T01:41:36.317Z,8,98.98,8,100,62962,1025,61.97,62492,550,33.25,63492,79,4.78,1671,99,1654,4047,8,8
1668131508,2022-11-10 19:51:48 -0600,fac47a5cf886202582fd4ff4ea7d3c168e119495,TX,48377,2,2022-11-09T01:00:00.000Z,FIPSCode,48377,0,2022-11-11T01:41:36.317Z,8,98.98,8,100,62962,1025,61.97,62492,550,33.25,63492,79,4.78,1671,99,1654,4047,8,8
1668131550,2022-11-10 19:52:30 -0600,34c1b23e00a6a8f54485877476b3534b26d0e05c,TX,48377,2,2022-11-09T01:00:00.000Z,FIPSCode,48377,0,2022-11-11T01:41:36.317Z,8,98.98,8,100,62962,1025,61.97,62492,550,33.25,63492,79,4.78,1671,99,1654,4047,8,8
1668131592,2022-11-10 19:53:12 -0600,c48bd8f21119f781226a7c5e24b17e97d9560248,TX,48377,2,2022-11-09T01:00:00.000Z,FIPSCode,48377,0,2022-11-11T01:53:01.081Z,8,98.98,8,100,62962,1025,61.97,62492,550,33.25,63492,79,4.78,1671,99,1654,4047,8,8
1668131635,2022-11-10 19:53:55 -0600,6dbd3a8a318f0721ab193bc7ebdb634bede50b16,TX,48377,2,2022-11-09T01:00:00.000Z,FIPSCode,48377,0,2022-11-11T01:53:19.547Z,8,98.98,8,100,62962,1025,61.97,62492,550,33.25,63492,79,4.78,1671,99,1654,4047,8,8
1668131677,2022-11-10 19:54:37 -0600,b480c80f04ceab49f93baf935f02f872e05c3a9f,TX,48377,2,2022-11-09T01:00:00.000Z,FIPSCode,48377,0,2022-11-11T01:53:19.547Z,8,98.98,8,100,62962,1025,61.97,62492,550,33.25,63492,79,4.78,1671,99,1654,4047,8,8
1668131720,2022-11-10 19:55:20 -0600,8c2b41ccc2e43cd6285605ba2c2a2a6301daeb75,TX,48377,2,2022-11-09T01:00:00.000Z,FIPSCode,48377,0,2022-11-11T01:54:39.704Z,8,98.98,8,100,62962,1025,61.97,62492,550,33.25,63492,79,4.78,1671,99,1654,4047,8,8
1668131763,2022-11-10 19:56:03 -0600,69e8a790a4c7a4c2b745ed17e2ba37bff3a768ee,TX,48377,2,2022-11-09T01:00:00.000Z,FIPSCode,48377,0,2022-11-11T01:54:39.704Z,8,98.98,8,100,62962,1025,61.97,62492,550,33.25,63492,79,4.78,1671,99,1654,4047,8,8
1668131805,2022-11-10 19:56:45 -0600,39cd7118fac0c51ac667112fbf8caab8077fdfc4,TX,48377,2,2022-11-09T01:00:00.000Z,FIPSCode,48377,0,2022-11-11T01:55:57.478Z,8,98.98,8,100,62962,1025,61.97,62492,550,33.25,63492,79,4.78,1671,99,1654,4047,8,8
1668131846,2022-11-10 19:57:26 -0600,51b6321ed65cc2806e1b6e51cd2b2d170e59e0d0,TX,48377,2,2022-11-09T01:00:00.000Z,FIPSCode,48377,0,2022-11-11T01:55:57.478Z,8,98.98,8,100,62962,1025,61.97,62492,550,33.25,63492,79,4.78,1671,99,1654,4047,8,8
1668131889,2022-11-10 19:58:09 -0600,dbafa472312649e16759256f2e93b0361f99dcca,TX,48377,2,2022-11-09T01:00:00.000Z,FIPSCode,48377,0,2022-11-11T01:55:57.478Z,8,98.98,8,100,62962,1025,61.97,62492,550,33.25,63492,79,4.78,1671,99,1654,4047,8,8
1668131931,2022-11-10 19:58:51 -0600,c602ab9e05caf1d0902b64b70a6e6a65924fe5a1,TX,48377,2,2022-11-09T01:00:00.000Z,FIPSCode,48377,0,2022-11-11T01:55:57.478Z,8,98.98,8,100,62962,1025,61.97,62492,550,33.25,63492,79,4.78,1671,99,1654,4047,8,8
1668131973,2022-11-10 19:59:33 -0600,fff7eb0b4ea9728e5801da10bf6ca5aa97e786aa,TX,48377,2,2022-11-09T01:00:00.000Z,FIPSCode,48377,0,2022-11-11T01:55:57.478Z,8,98.98,8,100,62962,1025,61.97,62492,550,33.25,63492,79,4.78,1671,99,1654,4047,8,8
1668132015,2022-11-10 20:00:15 -0600,94a5438860e05d58a72c50709de3b3a26cd66387,TX,48377,2,2022-11-09T01:00:00.000Z,FIPSCode,48377,0,2022-11-11T01:55:57.478Z,8,98.98,8,100,62962,1025,61.97,62492,550,33.25,63492,79,4.78,1671,99,1654,4047,8,8
1668132059,2022-11-10 20:00:59 -0600,ff61223a1a6c892d9f942413f7132d00f5fc6019,TX,48377,2,2022-11-09T01:00:00.000Z,FIPSCode,48377,0,2022-11-11T01:55:57.478Z,8,98.98,8,100,62962,1025,61.97,62492,550,33.25,63492,79,4.78,1671,99,1654,4047,8,8
1668132100,2022-11-10 20:01:40 -0600,425e2e625f3255f03ffe7660e068c295d39d2201,TX,48377,2,2022-11-09T01:00:00.000Z,FIPSCode,48377,0,2022-11-11T01:55:57.478Z,8,98.98,8,100,62962,1025,61.97,62492,550,33.25,63492,79,4.78,1671,99,1654,4047,8,8
1668132142,2022-11-10 20:02:22 -0600,f7a339043cce61e25a02cbec1b753be08364ff35,TX,48377,2,2022-11-09T01:00:00.000Z,FIPSCode,48377,0,2022-11-11T01:55:57.478Z,8,98.98,8,100,62962,1025,61.97,62492,550,33.25,63492,79,4.78,1671,99,1654,4047,8,8
1668132184,2022-11-10 20:03:04 -0600,29b6a6cbfa3fdf185996b1e0c3a72529dcc5fce2,TX,48377,2,2022-11-09T01:00:00.000Z,FIPSCode,48377,0,2022-11-11T01:55:57.478Z,8,98.98,8,100,62962,1025,61.97,62492,550,33.25,63492,79,4.78,1671,99,1654,4047,8,8
1668132226,2022-11-10 20:03:46 -0600,8487dda9be8dfab35461e1c6b2a71d408aa0f9da,TX,48377,2,2022-11-09T01:00:00.000Z,FIPSCode,48377,0,2022-11-11T01:55:57.478Z,8,98.98,8,100,62962,1025,61.97,62492,550,33.25,63492,79,4.78,1671,99,1654,4047,8,8
1668132268,2022-11-10 20:04:28 -0600,36bccb042251917fa001b4c34071a8f0b3130a89,TX,48377,2,2022-11-09T01:00:00.000Z,FIPSCode,48377,0,2022-11-11T01:55:57.478Z,8,98.98,8,100,62962,1025,61.97,62492,550,33.25,63492,79,4.78,1671,99,1654,4047,8,8
1668132310,2022-11-10 20:05:10 -0600,ced871ce0ca148e9abecbdb8f33854d7ca537514,TX,48377,2,2022-11-09T01:00:00.000Z,FIPSCode,48377,0,2022-11-11T01:55:57.478Z,8,98.98,8,100,62962,1025,61.97,62492,550,33.25,63492,79,4.78,1671,99,1654,4047,8,8
1668132352,2022-11-10 20:05:52 -0600,3394fe45fae52c158ad0ced733a3a5d2204a1279,TX,48377,2,2022-11-09T01:00:00.000Z,FIPSCode,48377,0,2022-11-11T01:55:57.478Z,8,98.98,8,100,62962,1025,61.97,62492,550,33.25,63492,79,4.78,1671,99,1654,4047,8,8
1668132394,2022-11-10 20:06:34 -0600,9b72209142fb5e30dcf65c5a49838b12a47b6b6c,TX,48377,2,2022-11-09T01:00:00.000Z,FIPSCode,48377,0,2022-11-11T01:55:57.478Z,8,98.98,8,100,62962,1025,61.97,62492,550,33.25,63492,79,4.78,1671,99,1654,4047,8,8
1668132436,2022-11-10 20:07:16 -0600,930d1f48378fdc2d0662857a6854aba84834b1c5,TX,48377,2,2022-11-09T01:00:00.000Z,FIPSCode,48377,0,2022-11-11T01:55:57.478Z,8,98.98,8,100,62962,1025,61.97,62492,550,33.25,63492,79,4.78,1671,99,1654,4047,8,8
1668132481,2022-11-10 20:08:01 -0600,0cadc7a8352f0d474b3ea4eff9b37ad96161df83,TX,48377,2,2022-11-09T01:00:00.000Z,FIPSCode,48377,0,2022-11-11T01:55:57.478Z,8,98.98,8,100,62962,1025,61.97,62492,550,33.25,63492,79,4.78,1671,99,1654,4047,8,8
1668132522,2022-11-10 20:08:42 -0600,0b4b346e30049eda23b061a9506dd43f2cef2100,TX,48377,2,2022-11-09T01:00:00.000Z,FIPSCode,48377,0,2022-11-11T01:55:57.478Z,8,98.98,8,100,62962,1025,61.97,62492,550,33.25,63492,79,4.78,1671,99,1654,4047,8,8
1668132565,2022-11-10 20:09:25 -0600,fd2904757d5cedf5d84c86ec384b8ca60d4c753c,TX,48377,2,2022-11-09T01:00:00.000Z,FIPSCode,48377,0,2022-11-11T01:55:57.478Z,8,98.98,8,100,62962,1025,61.97,62492,550,33.25,63492,79,4.78,1671,99,1654,4047,8,8
1668132606,2022-11-10 20:10:06 -0600,efe4f4668a41b79327c0008acbd48734c3e22bca,TX,48377,2,2022-11-09T01:00:00.000Z,FIPSCode,48377,0,2022-11-11T01:55:57.478Z,8,98.98,8,100,62962,1025,61.97,62492,550,33.25,63492,79,4.78,1671,99,1654,4047,8,8
1668132649,2022-11-10 20:10:49 -0600,158557a71859a290774b36930f1ce22648cf9b50,TX,48377,2,2022-11-09T01:00:00.000Z,FIPSCode,48377,0,2022-11-11T01:55:57.478Z,8,98.98,8,100,62962,1025,61.97,62492,550,33.25,63492,79,4.78,1671,99,1654,4047,8,8
1668132735,2022-11-10 20:12:15 -0600,607353833a466eb57af22c34f46031eea9e6d814,TX,48377,2,2022-11-09T01:00:00.000Z,FIPSCode,48377,0,2022-11-11T01:55:57.478Z,8,98.98,8,100,62962,1025,61.97,62492,550,33.25,63492,79,4.78,1671,99,1654,4047,8,8
1668132778,2022-11-10 20:12:58 -0600,a6ba9704d7063ce981d5bd8c2c33cad4bdd5ed03,TX,48377,2,2022-11-09T01:00:00.000Z,FIPSCode,48377,0,2022-11-11T01:55:57.478Z,8,98.98,8,100,62962,1025,61.97,62492,550,33.25,63492,79,4.78,1671,99,1654,4047,8,8
1668132819,2022-11-10 20:13:39 -0600,3b6bf65d45878eada899d10f6c024470c85b89e3,TX,48377,2,2022-11-09T01:00:00.000Z,FIPSCode,48377,0,2022-11-11T01:55:57.478Z,8,98.98,8,100,62962,1025,61.97,62492,550,33.25,63492,79,4.78,1671,99,1654,4047,8,8
1668132862,2022-11-10 20:14:22 -0600,1891bd39f242f7a0a696f89bf10a7ae19116da5a,TX,48377,2,2022-11-09T01:00:00.000Z,FIPSCode,48377,0,2022-11-11T01:55:57.478Z,8,98.98,8,100,62962,1025,61.97,62492,550,33.25,63492,79,4.78,1671,99,1654,4047,8,8
1668132904,2022-11-10 20:15:04 -0600,fd2f984898005bb9d91adb0155cdf296302c13b2,TX,48377,2,2022-11-09T01:00:00.000Z,FIPSCode,48377,0,2022-11-11T01:55:57.478Z,8,98.98,8,100,62962,1025,61.97,62492,550,33.25,63492,79,4.78,1671,99,1654,4047,8,8
1668132946,2022-11-10 20:15:46 -0600,f6f6c73050cef4d4bca0e150fdd5060571b5a016,TX,48377,2,2022-11-09T01:00:00.000Z,FIPSCode,48377,0,2022-11-11T01:55:57.478Z,8,98.98,8,100,62962,1025,61.97,62492,550,33.25,63492,79,4.78,1671,99,1654,4047,8,8
1668132988,2022-11-10 20:16:28 -0600,e7bd45670392bb69ab5b1134685d038d08b891ea,TX,48377,2,2022-11-09T01:00:00.000Z,FIPSCode,48377,0,2022-11-11T01:55:57.478Z,8,98.98,8,100,62962,1025,61.97,62492,550,33.25,63492,79,4.78,1671,99,1654,4047,8,8
1668133031,2022-11-10 20:17:11 -0600,eb6fec73adf9d569072eb62a47f6260743bbe72f,TX,48377,2,2022-11-09T01:00:00.000Z,FIPSCode,48377,0,2022-11-11T02:16:19.208Z,8,98.98,8,100,62962,1025,61.97,62492,550,33.25,63492,79,4.78,1671,99,1654,4047,8,8
1668133074,2022-11-10 20:17:54 -0600,261cbd821395071d0518afe23060274194b0103f,TX,48377,2,2022-11-09T01:00:00.000Z,FIPSCode,48377,0,2022-11-11T02:16:19.208Z,8,98.98,8,100,62962,1025,61.97,62492,550,33.25,63492,79,4.78,1671,99,1654,4047,8,8
1668133116,2022-11-10 20:18:36 -0600,0afbd92d669eebbd0d2aee2c9eee0189b219dcd8,TX,48377,2,2022-11-09T01:00:00.000Z,FIPSCode,48377,0,2022-11-11T02:17:59.459Z,8,98.98,8,100,62962,1025,61.97,62492,550,33.25,63492,79,4.78,1671,99,1654,4047,8,8
1668133159,2022-11-10 20:19:19 -0600,428daa23d8dee24a8d4e7c79569b2f1f3408139c,TX,48377,2,2022-11-09T01:00:00.000Z,FIPSCode,48377,0,2022-11-11T02:18:56.172Z,8,98.98,8,100,62962,1025,61.97,62492,550,33.25,63492,79,4.78,1671,99,1654,4047,8,8
1668133203,2022-11-10 20:20:03 -0600,fd6fd9baee009e8f9ab2dbfe762e147dd28acac1,TX,48377,2,2022-11-09T01:00:00.000Z,FIPSCode,48377,0,2022-11-11T02:18:56.172Z,8,98.98,8,100,62962,1025,61.97,62492,550,33.25,63492,79,4.78,1671,99,1654,4047,8,8
1668133245,2022-11-10 20:20:45 -0600,1d10c4ad4b4920ad4487c55de852cc25fde4a4ee,TX,48377,2,2022-11-09T01:00:00.000Z,FIPSCode,48377,0,2022-11-11T02:18:56.172Z,8,98.98,8,100,62962,1025,61.97,62492,550,33.25,63492,79,4.78,1671,99,1654,4047,8,8
1668133288,2022-11-10 20:21:28 -0600,518f66fc51081ddf6ce51ff8227aa087c535c663,TX,48377,2,2022-11-09T01:00:00.000Z,FIPSCode,48377,0,2022-11-11T02:21:00.379Z,8,98.98,8,100,62962,1025,61.97,62492,550,33.25,63492,79,4.78,1671,99,1654,4047,8,8
1668133330,2022-11-10 20:22:10 -0600,9df1a389fdf1292fdf5db68c8b6816b8d3a9549f,TX,48377,2,2022-11-09T01:00:00.000Z,FIPSCode,48377,0,2022-11-11T02:21:00.379Z,8,98.98,8,100,62962,1025,61.97,62492,550,33.25,63492,79,4.78,1671,99,1654,4047,8,8
1668133374,2022-11-10 20:22:54 -0600,34c5589da9adb7d949f3af9c4eea6967b94b777c,TX,48377,2,2022-11-09T01:00:00.000Z,FIPSCode,48377,0,2022-11-11T02:21:57.762Z,8,98.98,8,100,62962,1025,61.97,62492,550,33.25,63492,79,4.78,1671,99,1654,4047,8,8
1668133415,2022-11-10 20:23:35 -0600,9ab84c3b311625d296cc5201a49c0b135bd15389,TX,48377,2,2022-11-09T01:00:00.000Z,FIPSCode,48377,0,2022-11-11T02:22:57.883Z,8,98.98,8,100,62962,1025,61.97,62492,550,33.25,63492,79,4.78,1671,99,1654,4047,8,8
1668133457,2022-11-10 20:24:17 -0600,6c911e6292906384e2526d07bcdb2611242e91a6,TX,48377,2,2022-11-09T01:00:00.000Z,FIPSCode,48377,0,2022-11-11T02:23:57.558Z,8,98.98,8,100,62962,1025,61.97,62492,550,33.25,63492,79,4.78,1671,99,1654,4047,8,8
1668133500,2022-11-10 20:25:00 -0600,eb0a06e37d9f88691c6b2409c7199f42be53d599,TX,48377,2,2022-11-09T01:00:00.000Z,FIPSCode,48377,0,2022-11-11T02:23:57.558Z,8,98.98,8,100,62962,1025,61.97,62492,550,33.25,63492,79,4.78,1671,99,1654,4047,8,8
1668133546,2022-11-10 20:25:46 -0600,e01bd60a1f24d766f827eccdbfe2328baa06f184,TX,48377,2,2022-11-09T01:00:00.000Z,FIPSCode,48377,0,2022-11-11T02:23:57.558Z,8,98.98,8,100,62962,1025,61.97,62492,550,33.25,63492,79,4.78,1671,99,1654,4047,8,8
1668133587,2022-11-10 20:26:27 -0600,248b26729931918ffab9c921834cb9b377dce5ab,TX,48377,2,2022-11-09T01:00:00.000Z,FIPSCode,48377,0,2022-11-11T02:23:57.558Z,8,98.98,8,100,62962,1025,61.97,62492,550,33.25,63492,79,4.78,1671,99,1654,4047,8,8
1668133630,2022-11-10 20:27:10 -0600,a67254b88951357df48cdcd69c6ce58c8f8a6db3,TX,48377,2,2022-11-09T01:00:00.000Z,FIPSCode,48377,0,2022-11-11T02:23:57.558Z,8,98.98,8,100,62962,1025,61.97,62492,550,33.25,63492,79,4.78,1671,99,1654,4047,8,8
1668133715,2022-11-10 20:28:35 -0600,cfc25eb9e7dd584a36f1f1e1f335b9554bfee17b,TX,48377,2,2022-11-09T01:00:00.000Z,FIPSCode,48377,0,2022-11-11T02:23:57.558Z,8,98.98,8,100,62962,1025,61.97,62492,550,33.25,63492,79,4.78,1671,99,1654,4047,8,8
1668133757,2022-11-10 20:29:17 -0600,fdc52428744267524d03f664165a9db503b77c5a,TX,48377,2,2022-11-09T01:00:00.000Z,FIPSCode,48377,0,2022-11-11T02:23:57.558Z,8,98.98,8,100,62962,1025,61.97,62492,550,33.25,63492,79,4.78,1671,99,1654,4047,8,8
1668133799,2022-11-10 20:29:59 -0600,ba924871a2ab8daf40073fb7ba719d40d14d95ed,TX,48377,2,2022-11-09T01:00:00.000Z,FIPSCode,48377,0,2022-11-11T02:23:57.558Z,8,98.98,8,100,62962,1025,61.97,62492,550,33.25,63492,79,4.78,1671,99,1654,4047,8,8
1668133842,2022-11-10 20:30:42 -0600,9b68cdcc1aa17dc04b137717f9dfac493a72f574,TX,48377,2,2022-11-09T01:00:00.000Z,FIPSCode,48377,0,2022-11-11T02:23:57.558Z,8,98.98,8,100,62962,1025,61.97,62492,550,33.25,63492,79,4.78,1671,99,1654,4047,8,8
1668133885,2022-11-10 20:31:25 -0600,7df2e737585c595574ee2f4d82c95e4b20213040,TX,48377,2,2022-11-09T01:00:00.000Z,FIPSCode,48377,0,2022-11-11T02:23:57.558Z,8,98.98,8,100,62962,1025,61.97,62492,550,33.25,63492,79,4.78,1671,99,1654,4047,8,8
1668133927,2022-11-10 20:32:07 -0600,fb3dd7aa115bf4bede539d1feb772fd2fcd5a59f,TX,48377,2,2022-11-09T01:00:00.000Z,FIPSCode,48377,0,2022-11-11T02:23:57.558Z,8,98.98,8,100,62962,1025,61.97,62492,550,33.25,63492,79,4.78,1671,99,1654,4047,8,8
1668133970,2022-11-10 20:32:50 -0600,418936c9c4f8940ec59fb59ad131834a4dc55307,TX,48377,2,2022-11-09T01:00:00.000Z,FIPSCode,48377,0,2022-11-11T02:23:57.558Z,8,98.98,8,100,62962,1025,61.97,62492,550,33.25,63492,79,4.78,1671,99,1654,4047,8,8
1668134014,2022-11-10 20:33:34 -0600,4b5034dbf4463d233e1fbeabaabb4d4ef91cd747,TX,48377,2,2022-11-09T01:00:00.000Z,FIPSCode,48377,0,2022-11-11T02:23:57.558Z,8,98.98,8,100,62962,1025,61.97,62492,550,33.25,63492,79,4.78,1671,99,1654,4047,8,8
1668134056,2022-11-10 20:34:16 -0600,bba257aec71ca7bb708a385492aa2c497586a609,TX,48377,2,2022-11-09T01:00:00.000Z,FIPSCode,48377,0,2022-11-11T02:23:57.558Z,8,98.98,8,100,62962,1025,61.97,62492,550,33.25,63492,79,4.78,1671,99,1654,4047,8,8
1668134099,2022-11-10 20:34:59 -0600,4bc34595483497ae542c2be500cabf388af5e2a4,TX,48377,2,2022-11-09T01:00:00.000Z,FIPSCode,48377,0,2022-11-11T02:23:57.558Z,8,98.98,8,100,62962,1025,61.97,62492,550,33.25,63492,79,4.78,1671,99,1654,4047,8,8
1668134143,2022-11-10 20:35:43 -0600,fc704a4904e9d21469823a98fcd62b1031067fec,TX,48377,2,2022-11-09T01:00:00.000Z,FIPSCode,48377,0,2022-11-11T02:23:57.558Z,8,98.98,8,100,62962,1025,61.97,62492,550,33.25,63492,79,4.78,1671,99,1654,4047,8,8
1668134184,2022-11-10 20:36:24 -0600,2752e6c76eff323a2fa6ae9012f6d6069069facb,TX,48377,2,2022-11-09T01:00:00.000Z,FIPSCode,48377,0,2022-11-11T02:23:57.558Z,8,98.98,8,100,62962,1025,61.97,62492,550,33.25,63492,79,4.78,1671,99,1654,4047,8,8
1668134227,2022-11-10 20:37:07 -0600,384768ece83e9158d31de76e0770f5d24b4753ae,TX,48377,2,2022-11-09T01:00:00.000Z,FIPSCode,48377,0,2022-11-11T02:23:57.558Z,8,98.98,8,100,62962,1025,61.97,62492,550,33.25,63492,79,4.78,1671,99,1654,4047,8,8
1668134356,2022-11-10 20:39:16 -0600,2f7fa024c6fec334e67a5b8f80d4ac042400a766,TX,48377,2,2022-11-09T01:00:00.000Z,FIPSCode,48377,0,2022-11-11T02:23:57.558Z,8,98.98,8,100,62962,1025,61.97,62492,550,33.25,63492,79,4.78,1671,99,1654,4047,8,8
1668134398,2022-11-10 20:39:58 -0600,0a8458a58decced3f0e4c913439b5432de00d5b6,TX,48377,2,2022-11-09T01:00:00.000Z,FIPSCode,48377,0,2022-11-11T02:23:57.558Z,8,98.98,8,100,62962,1025,61.97,62492,550,33.25,63492,79,4.78,1671,99,1654,4047,8,8
1668134443,2022-11-10 20:40:43 -0600,d1c6734497708424174cb623efdea8411b93da40,TX,48377,2,2022-11-09T01:00:00.000Z,FIPSCode,48377,0,2022-11-11T02:23:57.558Z,8,98.98,8,100,62962,1025,61.97,62492,550,33.25,63492,79,4.78,1671,99,1654,4047,8,8
1668134485,2022-11-10 20:41:25 -0600,3a548a160d559f943644f36b97f45c6393d72cce,TX,48377,2,2022-11-09T01:00:00.000Z,FIPSCode,48377,0,2022-11-11T02:23:57.558Z,8,98.98,8,100,62962,1025,61.97,62492,550,33.25,63492,79,4.78,1671,99,1654,4047,8,8
1668134529,2022-11-10 20:42:09 -0600,e4271092c5df1c6526b65daaf58f0e5789a72d24,TX,48377,2,2022-11-09T01:00:00.000Z,FIPSCode,48377,0,2022-11-11T02:23:57.558Z,8,98.98,8,100,62962,1025,61.97,62492,550,33.25,63492,79,4.78,1671,99,1654,4047,8,8
1668134571,2022-11-10 20:42:51 -0600,12a4afe7c2dc2e1b9166d66362a49e5a9aa39615,TX,48377,2,2022-11-09T01:00:00.000Z,FIPSCode,48377,0,2022-11-11T02:23:57.558Z,8,98.98,8,100,62962,1025,61.97,62492,550,33.25,63492,79,4.78,1671,99,1654,4047,8,8
1668134615,2022-11-10 20:43:35 -0600,1c2b9dbdfa5b086718141d976424ffdb74cf06ca,TX,48377,2,2022-11-09T01:00:00.000Z,FIPSCode,48377,0,2022-11-11T02:23:57.558Z,8,98.98,8,100,62962,1025,61.97,62492,550,33.25,63492,79,4.78,1671,99,1654,4047,8,8
1668134658,2022-11-10 20:44:18 -0600,40b946f4d0d9d1ac2076a1380a69b8f02b76c77e,TX,48377,2,2022-11-09T01:00:00.000Z,FIPSCode,48377,0,2022-11-11T02:23:57.558Z,8,98.98,8,100,62962,1025,61.97,62492,550,33.25,63492,79,4.78,1671,99,1654,4047,8,8
1668134829,2022-11-10 20:47:09 -0600,124aae7a51f8b24b01d2e2198668f4951279f827,TX,48377,2,2022-11-09T01:00:00.000Z,FIPSCode,48377,0,2022-11-11T02:23:57.558Z,8,98.98,8,100,62962,1025,61.97,62492,550,33.25,63492,79,4.78,1671,99,1654,4047,8,8
1668134872,2022-11-10 20:47:52 -0600,e120aff305050b22a747790f908a7d0e7e5ce8e9,TX,48377,2,2022-11-09T01:00:00.000Z,FIPSCode,48377,0,2022-11-11T02:23:57.558Z,8,98.98,8,100,62962,1025,61.97,62492,550,33.25,63492,79,4.78,1671,99,1654,4047,8,8
1668134914,2022-11-10 20:48:34 -0600,a6258aa18d0d94db75b3b4ec74bfab57603c7913,TX,48377,2,2022-11-09T01:00:00.000Z,FIPSCode,48377,0,2022-11-11T02:23:57.558Z,8,98.98,8,100,62962,1025,61.97,62492,550,33.25,63492,79,4.78,1671,99,1654,4047,8,8
1668134957,2022-11-10 20:49:17 -0600,37da64d4b267a416585d64e28113d3727295be48,TX,48377,2,2022-11-09T01:00:00.000Z,FIPSCode,48377,0,2022-11-11T02:23:57.558Z,8,98.98,8,100,62962,1025,61.97,62492,550,33.25,63492,79,4.78,1671,99,1654,4047,8,8
1668135001,2022-11-10 20:50:01 -0600,8b6295221c8eb40fcd5c40f8a93da3c02c0bd251,TX,48377,2,2022-11-09T01:00:00.000Z,FIPSCode,48377,0,2022-11-11T02:23:57.558Z,8,98.98,8,100,62962,1025,61.97,62492,550,33.25,63492,79,4.78,1671,99,1654,4047,8,8
1668135044,2022-11-10 20:50:44 -0600,810663b37536843149dd45ef0ee9d16c0d2e8874,TX,48377,2,2022-11-09T01:00:00.000Z,FIPSCode,48377,0,2022-11-11T02:23:57.558Z,8,98.98,8,100,62962,1025,61.97,62492,550,33.25,63492,79,4.78,1671,99,1654,4047,8,8
1668135087,2022-11-10 20:51:27 -0600,6ea445120bcf13d9a139ec0a58f9dffa9bb111f6,TX,48377,2,2022-11-09T01:00:00.000Z,FIPSCode,48377,0,2022-11-11T02:23:57.558Z,8,98.98,8,100,62962,1025,61.97,62492,550,33.25,63492,79,4.78,1671,99,1654,4047,8,8
1668135129,2022-11-10 20:52:09 -0600,63fb71cdc1a79107366e1b6cc04255b8fdcfa0df,TX,48377,2,2022-11-09T01:00:00.000Z,FIPSCode,48377,0,2022-11-11T02:23:57.558Z,8,98.98,8,100,62962,1025,61.97,62492,550,33.25,63492,79,4.78,1671,99,1654,4047,8,8
1668135172,2022-11-10 20:52:52 -0600,98824253962d34a252ad57080e514f9c5da7b8a3,TX,48377,2,2022-11-09T01:00:00.000Z,FIPSCode,48377,0,2022-11-11T02:23:57.558Z,8,98.98,8,100,62962,1025,61.97,62492,550,33.25,63492,79,4.78,1671,99,1654,4047,8,8
1668135216,2022-11-10 20:53:36 -0600,f6f9517905a8696c2e3ae5837e4ecc24f7b0f28e,TX,48377,2,2022-11-09T01:00:00.000Z,FIPSCode,48377,0,2022-11-11T02:23:57.558Z,8,98.98,8,100,62962,1025,61.97,62492,550,33.25,63492,79,4.78,1671,99,1654,4047,8,8
1668135257,2022-11-10 20:54:17 -0600,70afe4a5faeaacca346d5a2e083f842360edd25c,TX,48377,2,2022-11-09T01:00:00.000Z,FIPSCode,48377,0,2022-11-11T02:23:57.558Z,8,98.98,8,100,62962,1025,61.97,62492,550,33.25,63492,79,4.78,1671,99,1654,4047,8,8
1668135300,2022-11-10 20:55:00 -0600,3ea61f6dd47b9112cbb8a6ce56ff36b9f2869bd0,TX,48377,2,2022-11-09T01:00:00.000Z,FIPSCode,48377,0,2022-11-11T02:23:57.558Z,8,98.98,8,100,62962,1025,61.97,62492,550,33.25,63492,79,4.78,1671,99,1654,4047,8,8
1668135342,2022-11-10 20:55:42 -0600,5270420aa4c9cb4ddf9235fa638c118e9d4e7acd,TX,48377,2,2022-11-09T01:00:00.000Z,FIPSCode,48377,0,2022-11-11T02:23:57.558Z,8,98.98,8,100,62962,1025,61.97,62492,550,33.25,63492,79,4.78,1671,99,1654,4047,8,8
1668135384,2022-11-10 20:56:24 -0600,3433f7e7e5734eb70e5a82ea8745e3f86be669b8,TX,48377,2,2022-11-09T01:00:00.000Z,FIPSCode,48377,0,2022-11-11T02:23:57.558Z,8,98.98,8,100,62962,1025,61.97,62492,550,33.25,63492,79,4.78,1671,99,1654,4047,8,8
1668135509,2022-11-10 20:58:29 -0600,45441a58cefabea7b2d91aa4814b5a9b5c7251cc,TX,48377,2,2022-11-09T01:00:00.000Z,FIPSCode,48377,0,2022-11-11T02:23:57.558Z,8,98.98,8,100,62962,1025,61.97,62492,550,33.25,63492,79,4.78,1671,99,1654,4047,8,8
1668135555,2022-11-10 20:59:15 -0600,41b5a9e84cda97b09df4ea62da60421fbfd9306f,TX,48377,2,2022-11-09T01:00:00.000Z,FIPSCode,48377,0,2022-11-11T02:23:57.558Z,8,98.98,8,100,62962,1025,61.97,62492,550,33.25,63492,79,4.78,1671,99,1654,4047,8,8
1668135595,2022-11-10 20:59:55 -0600,2e4050206a560b7aecc217757d36ca63b4ad71e1,TX,48377,2,2022-11-09T01:00:00.000Z,FIPSCode,48377,0,2022-11-11T02:23:57.558Z,8,98.98,8,100,62962,1025,61.97,62492,550,33.25,63492,79,4.78,1671,99,1654,4047,8,8
1668135681,2022-11-10 21:01:21 -0600,9133ae5e8bb8f952215412a4b45367eb0b4e948a,TX,48377,2,2022-11-09T01:00:00.000Z,FIPSCode,48377,0,2022-11-11T02:23:57.558Z,8,98.98,8,100,62962,1025,61.97,62492,550,33.25,63492,79,4.78,1671,99,1654,4047,8,8
1668135724,2022-11-10 21:02:04 -0600,197645184c2697b3eb3196f1e3931fcbafd328ca,TX,48377,2,2022-11-09T01:00:00.000Z,FIPSCode,48377,0,2022-11-11T02:23:57.558Z,8,98.98,8,100,62962,1025,61.97,62492,550,33.25,63492,79,4.78,1671,99,1654,4047,8,8
1668135766,2022-11-10 21:02:46 -0600,80d4e3caceda6a442a6185bd683fbce098cac946,TX,48377,2,2022-11-09T01:00:00.000Z,FIPSCode,48377,0,2022-11-11T02:23:57.558Z,8,98.98,8,100,62962,1025,61.97,62492,550,33.25,63492,79,4.78,1671,99,1654,4047,8,8
1668135809,2022-11-10 21:03:29 -0600,78a47f079f7d5745a3642977458421f6d9034fc2,TX,48377,2,2022-11-09T01:00:00.000Z,FIPSCode,48377,0,2022-11-11T02:23:57.558Z,8,98.98,8,100,62962,1025,61.97,62492,550,33.25,63492,79,4.78,1671,99,1654,4047,8,8
1668135852,2022-11-10 21:04:12 -0600,17df64c6ec54a0b48b2eab8a3bf1e7a9a0351493,TX,48377,2,2022-11-09T01:00:00.000Z,FIPSCode,48377,0,2022-11-11T02:23:57.558Z,8,98.98,8,100,62962,1025,61.97,62492,550,33.25,63492,79,4.78,1671,99,1654,4047,8,8
1668135894,2022-11-10 21:04:54 -0600,adfa59f5889aaf3504fce6c9564f2a1c95230ad3,TX,48377,2,2022-11-09T01:00:00.000Z,FIPSCode,48377,0,2022-11-11T02:23:57.558Z,8,98.98,8,100,62962,1025,61.97,62492,550,33.25,63492,79,4.78,1671,99,1654,4047,8,8
1668135935,2022-11-10 21:05:35 -0600,d356ce2ee45761348938f97e3e2d4fd52f4f53ec,TX,48377,2,2022-11-09T01:00:00.000Z,FIPSCode,48377,0,2022-11-11T02:23:57.558Z,8,98.98,8,100,62962,1025,61.97,62492,550,33.25,63492,79,4.78,1671,99,1654,4047,8,8
1668135978,2022-11-10 21:06:18 -0600,b039ba89d40d61de72eaf43e053430432affda41,TX,48377,2,2022-11-09T01:00:00.000Z,FIPSCode,48377,0,2022-11-11T02:23:57.558Z,8,98.98,8,100,62962,1025,61.97,62492,550,33.25,63492,79,4.78,1671,99,1654,4047,8,8
1668136021,2022-11-10 21:07:01 -0600,699bfd7bc646f3d2d2bad714f744167de119cbeb,TX,48377,2,2022-11-09T01:00:00.000Z,FIPSCode,48377,0,2022-11-11T02:23:57.558Z,8,98.98,8,100,62962,1025,61.97,62492,550,33.25,63492,79,4.78,1671,99,1654,4047,8,8
1668136063,2022-11-10 21:07:43 -0600,30b6a430da773a8ff8dcd9ec293fe4b7b4592f32,TX,48377,2,2022-11-09T01:00:00.000Z,FIPSCode,48377,0,2022-11-11T02:23:57.558Z,8,98.98,8,100,62962,1025,61.97,62492,550,33.25,63492,79,4.78,1671,99,1654,4047,8,8
1668136105,2022-11-10 21:08:25 -0600,7a48360fc139aeb7eb60075b6e41e192e5071ec4,TX,48377,2,2022-11-09T01:00:00.000Z,FIPSCode,48377,0,2022-11-11T02:23:57.558Z,8,98.98,8,100,62962,1025,61.97,62492,550,33.25,63492,79,4.78,1671,99,1654,4047,8,8
1668136147,2022-11-10 21:09:07 -0600,824757a7dede1b9a61b2ff4515f5b45f7f7eb2b4,TX,48377,2,2022-11-09T01:00:00.000Z,FIPSCode,48377,0,2022-11-11T02:23:57.558Z,8,98.98,8,100,62962,1025,61.97,62492,550,33.25,63492,79,4.78,1671,99,1654,4047,8,8
1668136189,2022-11-10 21:09:49 -0600,7b939f2d7514067553925a9c34e30176950dbe0e,TX,48377,2,2022-11-09T01:00:00.000Z,FIPSCode,48377,0,2022-11-11T02:23:57.558Z,8,98.98,8,100,62962,1025,61.97,62492,550,33.25,63492,79,4.78,1671,99,1654,4047,8,8
1668136234,2022-11-10 21:10:34 -0600,be06630804523d884b3441d5d75ed20502cf0d3c,TX,48377,2,2022-11-09T01:00:00.000Z,FIPSCode,48377,0,2022-11-11T02:23:57.558Z,8,98.98,8,100,62962,1025,61.97,62492,550,33.25,63492,79,4.78,1671,99,1654,4047,8,8
1668136318,2022-11-10 21:11:58 -0600,1ee140bd7dea70ebeb3a49bd99903b9bc5e5ba31,TX,48377,2,2022-11-09T01:00:00.000Z,FIPSCode,48377,0,2022-11-11T02:23:57.558Z,8,98.98,8,100,62962,1025,61.97,62492,550,33.25,63492,79,4.78,1671,99,1654,4047,8,8
1668136359,2022-11-10 21:12:39 -0600,ae5cff4d113b5eeef260f60bd4882e3f12b01b96,TX,48377,2,2022-11-09T01:00:00.000Z,FIPSCode,48377,0,2022-11-11T02:23:57.558Z,8,98.98,8,100,62962,1025,61.97,62492,550,33.25,63492,79,4.78,1671,99,1654,4047,8,8
1668136401,2022-11-10 21:13:21 -0600,34af08f77b8f33a588bffdf5f80c8b6be999bfbe,TX,48377,2,2022-11-09T01:00:00.000Z,FIPSCode,48377,0,2022-11-11T02:23:57.558Z,8,98.98,8,100,62962,1025,61.97,62492,550,33.25,63492,79,4.78,1671,99,1654,4047,8,8
1668136443,2022-11-10 21:14:03 -0600,b932b07b356787590ed4f3905974f658b20eb725,TX,48377,2,2022-11-09T01:00:00.000Z,FIPSCode,48377,0,2022-11-11T02:23:57.558Z,8,98.98,8,100,62962,1025,61.97,62492,550,33.25,63492,79,4.78,1671,99,1654,4047,8,8
1668136485,2022-11-10 21:14:45 -0600,836ae62d832874476c1de530de979384d62861fb,TX,48377,2,2022-11-09T01:00:00.000Z,FIPSCode,48377,0,2022-11-11T02:23:57.558Z,8,98.98,8,100,62962,1025,61.97,62492,550,33.25,63492,79,4.78,1671,99,1654,4047,8,8
1668136573,2022-11-10 21:16:13 -0600,4a6758188bcfdfa22fbad243b389a340bf9fb2ae,TX,48377,2,2022-11-09T01:00:00.000Z,FIPSCode,48377,0,2022-11-11T02:23:57.558Z,8,98.98,8,100,62962,1025,61.97,62492,550,33.25,63492,79,4.78,1671,99,1654,4047,8,8
1668136656,2022-11-10 21:17:36 -0600,14bf081f4fc89ec151851a788b94043605f39ffd,TX,48377,2,2022-11-09T01:00:00.000Z,FIPSCode,48377,0,2022-11-11T02:23:57.558Z,8,98.98,8,100,62962,1025,61.97,62492,550,33.25,63492,79,4.78,1671,99,1654,4047,8,8
1668136699,2022-11-10 21:18:19 -0600,476ff2a010522021b77ee378594d60b0eb8ef1c7,TX,48377,2,2022-11-09T01:00:00.000Z,FIPSCode,48377,0,2022-11-11T03:17:58.902Z,8,98.98,8,100,62962,1025,61.97,62492,550,33.25,63492,79,4.78,1671,99,1654,4047,8,8
1668136741,2022-11-10 21:19:01 -0600,18b3718dd56bd2acc926750da221f41633e52a5b,TX,48377,2,2022-11-09T01:00:00.000Z,FIPSCode,48377,0,2022-11-11T03:17:58.902Z,8,98.98,8,100,62962,1025,61.97,62492,550,33.25,63492,79,4.78,1671,99,1654,4047,8,8
1668136783,2022-11-10 21:19:43 -0600,18c76580787193e2947557255c348e8a0e2c2006,TX,48377,2,2022-11-09T01:00:00.000Z,FIPSCode,48377,0,2022-11-11T03:19:01.853Z,8,98.98,8,100,62962,1025,61.97,62492,550,33.25,63492,79,4.78,1671,99,1654,4047,8,8
1668136825,2022-11-10 21:20:25 -0600,418f13fced17fc8188513795acd2a710f33a32f3,TX,48377,2,2022-11-09T01:00:00.000Z,FIPSCode,48377,0,2022-11-11T03:19:01.853Z,8,98.98,8,100,62962,1025,61.97,62492,550,33.25,63492,79,4.78,1671,99,1654,4047,8,8
1668136871,2022-11-10 21:21:11 -0600,609c27ab48c2125d47a3c1502d18978ae6ea1af1,TX,48377,2,2022-11-09T01:00:00.000Z,FIPSCode,48377,0,2022-11-11T03:20:45.535Z,8,98.98,8,100,62962,1025,61.97,62492,550,33.25,63492,79,4.78,1671,99,1654,4047,8,8
1668136911,2022-11-10 21:21:51 -0600,f70a51899704adaf1460164afceed1953eafa520,TX,48377,2,2022-11-09T01:00:00.000Z,FIPSCode,48377,0,2022-11-11T03:20:45.535Z,8,98.98,8,100,62962,1025,61.97,62492,550,33.25,63492,79,4.78,1671,99,1654,4047,8,8
1668136953,2022-11-10 21:22:33 -0600,aa9b5f080afd4e0bfa509adcf48660f285572d85,TX,48377,2,2022-11-09T01:00:00.000Z,FIPSCode,48377,0,2022-11-11T03:20:45.535Z,8,98.98,8,100,62962,1025,61.97,62492,550,33.25,63492,79,4.78,1671,99,1654,4047,8,8
1668136995,2022-11-10 21:23:15 -0600,8b399d2ef84944406070d837be37e7ebb759327a,TX,48377,2,2022-11-09T01:00:00.000Z,FIPSCode,48377,0,2022-11-11T03:20:45.535Z,8,98.98,8,100,62962,1025,61.97,62492,550,33.25,63492,79,4.78,1671,99,1654,4047,8,8
1668137037,2022-11-10 21:23:57 -0600,baeb314379441aa3c79cd50f08b9d050c1142a37,TX,48377,2,2022-11-09T01:00:00.000Z,FIPSCode,48377,0,2022-11-11T03:20:45.535Z,8,98.98,8,100,62962,1025,61.97,62492,550,33.25,63492,79,4.78,1671,99,1654,4047,8,8
1668137078,2022-11-10 21:24:38 -0600,405ab2048f7a4b8c67fe8b942d1c36e43f94c415,TX,48377,2,2022-11-09T01:00:00.000Z,FIPSCode,48377,0,2022-11-11T03:20:45.535Z,8,98.98,8,100,62962,1025,61.97,62492,550,33.25,63492,79,4.78,1671,99,1654,4047,8,8
1668137120,2022-11-10 21:25:20 -0600,2501850c0ee5b9ede05fc6d1285c2a8557834b8b,TX,48377,2,2022-11-09T01:00:00.000Z,FIPSCode,48377,0,2022-11-11T03:20:45.535Z,8,98.98,8,100,62962,1025,61.97,62492,550,33.25,63492,79,4.78,1671,99,1654,4047,8,8
1668137165,2022-11-10 21:26:05 -0600,504e82648ef46bd66b2487638c7ab887dfede3ba,TX,48377,2,2022-11-09T01:00:00.000Z,FIPSCode,48377,0,2022-11-11T03:20:45.535Z,8,98.98,8,100,62962,1025,61.97,62492,550,33.25,63492,79,4.78,1671,99,1654,4047,8,8
1668137206,2022-11-10 21:26:46 -0600,7b9d67687c5312eeb0b0074d4af0aa6818fe883c,TX,48377,2,2022-11-09T01:00:00.000Z,FIPSCode,48377,0,2022-11-11T03:20:45.535Z,8,98.98,8,100,62962,1025,61.97,62492,550,33.25,63492,79,4.78,1671,99,1654,4047,8,8
1668137248,2022-11-10 21:27:28 -0600,e461f5ff1ea373b32435346619c878bec5d4a872,TX,48377,2,2022-11-09T01:00:00.000Z,FIPSCode,48377,0,2022-11-11T03:20:45.535Z,8,98.98,8,100,62962,1025,61.97,62492,550,33.25,63492,79,4.78,1671,99,1654,4047,8,8
1668137290,2022-11-10 21:28:10 -0600,b91f322866cd07d1955d6dd260ec281b4cd976cc,TX,48377,2,2022-11-09T01:00:00.000Z,FIPSCode,48377,0,2022-11-11T03:20:45.535Z,8,98.98,8,100,62962,1025,61.97,62492,550,33.25,63492,79,4.78,1671,99,1654,4047,8,8
1668137331,2022-11-10 21:28:51 -0600,2e2110dcee7deb5a1c294fea8db2a273ea59888f,TX,48377,2,2022-11-09T01:00:00.000Z,FIPSCode,48377,0,2022-11-11T03:20:45.535Z,8,98.98,8,100,62962,1025,61.97,62492,550,33.25,63492,79,4.78,1671,99,1654,4047,8,8
1668137373,2022-11-10 21:29:33 -0600,47947e2959350d7f278fe777ab361a8e2c9c4f52,TX,48377,2,2022-11-09T01:00:00.000Z,FIPSCode,48377,0,2022-11-11T03:20:45.535Z,8,98.98,8,100,62962,1025,61.97,62492,550,33.25,63492,79,4.78,1671,99,1654,4047,8,8
1668137462,2022-11-10 21:31:02 -0600,c46c743a4f3d08852008e3965f6ba3e9ce50f879,TX,48377,2,2022-11-09T01:00:00.000Z,FIPSCode,48377,0,2022-11-11T03:30:16.672Z,8,98.98,8,100,62962,1025,61.97,62492,550,33.25,63492,79,4.78,1671,99,1654,4047,8,8
1668137503,2022-11-10 21:31:43 -0600,3bc7eba7852de7e3e5a9ea9cc153279924252ec1,TX,48377,2,2022-11-09T01:00:00.000Z,FIPSCode,48377,0,2022-11-11T03:30:16.672Z,8,98.98,8,100,62962,1025,61.97,62492,550,33.25,63492,79,4.78,1671,99,1654,4047,8,8
1668137546,2022-11-10 21:32:26 -0600,b5e9b085da519f37d629a390bac7051c62e4853c,TX,48377,2,2022-11-09T01:00:00.000Z,FIPSCode,48377,0,2022-11-11T03:30:16.672Z,8,98.98,8,100,62962,1025,61.97,62492,550,33.25,63492,79,4.78,1671,99,1654,4047,8,8
1668137588,2022-11-10 21:33:08 -0600,d2daf93e82f35f030b59fb00d4a578f756583ade,TX,48377,2,2022-11-09T01:00:00.000Z,FIPSCode,48377,0,2022-11-11T03:30:16.672Z,8,98.98,8,100,62962,1025,61.97,62492,550,33.25,63492,79,4.78,1671,99,1654,4047,8,8
1668137630,2022-11-10 21:33:50 -0600,c429d84ce0b8f31e28a54c36c4cd32de42933422,TX,48377,2,2022-11-09T01:00:00.000Z,FIPSCode,48377,0,2022-11-11T03:30:16.672Z,8,98.98,8,100,62962,1025,61.97,62492,550,33.25,63492,79,4.78,1671,99,1654,4047,8,8
1668137672,2022-11-10 21:34:32 -0600,95469088ded6a5ec8bd38b66b17f547c5d14b770,TX,48377,2,2022-11-09T01:00:00.000Z,FIPSCode,48377,0,2022-11-11T03:30:16.672Z,8,98.98,8,100,62962,1025,61.97,62492,550,33.25,63492,79,4.78,1671,99,1654,4047,8,8
1668137714,2022-11-10 21:35:14 -0600,ca0d009dd9dc74c32e800c4eff9515a4948b7750,TX,48377,2,2022-11-09T01:00:00.000Z,FIPSCode,48377,0,2022-11-11T03:34:58.787Z,8,98.98,8,100,62962,1025,61.97,62492,550,33.25,63492,79,4.78,1671,99,1654,4047,8,8
1668137758,2022-11-10 21:35:58 -0600,2b675f955e047c6f41aaa67606cc5358698ab81b,TX,48377,2,2022-11-09T01:00:00.000Z,FIPSCode,48377,0,2022-11-11T03:35:17.674Z,8,98.98,8,100,62962,1025,61.97,62492,550,33.25,63492,79,4.78,1671,99,1654,4047,8,8
1668137801,2022-11-10 21:36:41 -0600,06eefdcdf3cdd19be46ed4b5287ee97ae09d7b2c,TX,48377,2,2022-11-09T01:00:00.000Z,FIPSCode,48377,0,2022-11-11T03:35:17.674Z,8,98.98,8,100,62962,1025,61.97,62492,550,33.25,63492,79,4.78,1671,99,1654,4047,8,8
1668137845,2022-11-10 21:37:25 -0600,ffdcc0c46d8744800dde6c9ba691663053158a1c,TX,48377,2,2022-11-09T01:00:00.000Z,FIPSCode,48377,0,2022-11-11T03:36:40.427Z,8,98.98,8,100,62962,1025,61.97,62492,550,33.25,63492,79,4.78,1671,99,1654,4047,8,8
1668137888,2022-11-10 21:38:08 -0600,3a475dac201417cf1744103eeb78eb673bdc584d,TX,48377,2,2022-11-09T01:00:00.000Z,FIPSCode,48377,0,2022-11-11T03:36:40.427Z,8,98.98,8,100,62962,1025,61.97,62492,550,33.25,63492,79,4.78,1671,99,1654,4047,8,8
1668137930,2022-11-10 21:38:50 -0600,c87458acf7d74be84e38f68027303e2c95973eae,TX,48377,2,2022-11-09T01:00:00.000Z,FIPSCode,48377,0,2022-11-11T03:37:56.890Z,8,98.98,8,100,62962,1025,61.97,62492,550,33.25,63492,79,4.78,1671,99,1654,4047,8,8
1668137973,2022-11-10 21:39:33 -0600,d51ce74ae467c33e465dea9bdc0b5df82560bc80,TX,48377,2,2022-11-09T01:00:00.000Z,FIPSCode,48377,0,2022-11-11T03:37:56.890Z,8,98.98,8,100,62962,1025,61.97,62492,550,33.25,63492,79,4.78,1671,99,1654,4047,8,8
1668138015,2022-11-10 21:40:15 -0600,e2b71434be1320857f90c3767ea2d0c553bb16fc,TX,48377,2,2022-11-09T01:00:00.000Z,FIPSCode,48377,0,2022-11-11T03:37:56.890Z,8,98.98,8,100,62962,1025,61.97,62492,550,33.25,63492,79,4.78,1671,99,1654,4047,8,8
1668138059,2022-11-10 21:40:59 -0600,b2c7362c512484b29348e3c168b980420bab951e,TX,48377,2,2022-11-09T01:00:00.000Z,FIPSCode,48377,0,2022-11-11T03:37:56.890Z,8,98.98,8,100,62962,1025,61.97,62492,550,33.25,63492,79,4.78,1671,99,1654,4047,8,8
1668138143,2022-11-10 21:42:23 -0600,0b8ab66c3de39a1feaf4f38372981d9086bf201f,TX,48377,2,2022-11-09T01:00:00.000Z,FIPSCode,48377,0,2022-11-11T03:37:56.890Z,8,98.98,8,100,62962,1025,61.97,62492,550,33.25,63492,79,4.78,1671,99,1654,4047,8,8
1668138187,2022-11-10 21:43:07 -0600,f2b2300ee9b4d41578c0136285cba6abb676c33d,TX,48377,2,2022-11-09T01:00:00.000Z,FIPSCode,48377,0,2022-11-11T03:37:56.890Z,8,98.98,8,100,62962,1025,61.97,62492,550,33.25,63492,79,4.78,1671,99,1654,4047,8,8
1668138232,2022-11-10 21:43:52 -0600,add2bcc63d9597b9ff924cb0c2f62c47a8b40dd9,TX,48377,2,2022-11-09T01:00:00.000Z,FIPSCode,48377,0,2022-11-11T03:37:56.890Z,8,98.98,8,100,62962,1025,61.97,62492,550,33.25,63492,79,4.78,1671,99,1654,4047,8,8
1668138276,2022-11-10 21:44:36 -0600,b1d2a6a0c213c73a01ed38a3d1110782abe37600,TX,48377,2,2022-11-09T01:00:00.000Z,FIPSCode,48377,0,2022-11-11T03:37:56.890Z,8,98.98,8,100,62962,1025,61.97,62492,550,33.25,63492,79,4.78,1671,99,1654,4047,8,8
1668138320,2022-11-10 21:45:20 -0600,d4a4e5ab1a487e4536a9c9ac0be5ce69c5a71100,TX,48377,2,2022-11-09T01:00:00.000Z,FIPSCode,48377,0,2022-11-11T03:37:56.890Z,8,98.98,8,100,62962,1025,61.97,62492,550,33.25,63492,79,4.78,1671,99,1654,4047,8,8
1668138364,2022-11-10 21:46:04 -0600,26471e0d991181ea2b33886b5f9c908500e94aaa,TX,48377,2,2022-11-09T01:00:00.000Z,FIPSCode,48377,0,2022-11-11T03:37:56.890Z,8,98.98,8,100,62962,1025,61.97,62492,550,33.25,63492,79,4.78,1671,99,1654,4047,8,8
1668138408,2022-11-10 21:46:48 -0600,f63f2396f29627b6b61479c2a6387c0af5a7c3d1,TX,48377,2,2022-11-09T01:00:00.000Z,FIPSCode,48377,0,2022-11-11T03:37:56.890Z,8,98.98,8,100,62962,1025,61.97,62492,550,33.25,63492,79,4.78,1671,99,1654,4047,8,8
1668138454,2022-11-10 21:47:34 -0600,13bd33c1cdda577c5d5e80d47b9ec213b09e3e5c,TX,48377,2,2022-11-09T01:00:00.000Z,FIPSCode,48377,0,2022-11-11T03:37:56.890Z,8,98.98,8,100,62962,1025,61.97,62492,550,33.25,63492,79,4.78,1671,99,1654,4047,8,8
1668138497,2022-11-10 21:48:17 -0600,9b91ac2c941b4719149843ae6fe282dda15bd17a,TX,48377,2,2022-11-09T01:00:00.000Z,FIPSCode,48377,0,2022-11-11T03:37:56.890Z,8,98.98,8,100,62962,1025,61.97,62492,550,33.25,63492,79,4.78,1671,99,1654,4047,8,8
1668138540,2022-11-10 21:49:00 -0600,53cbfacece485d4eaa820474a3bccf22492aaa7f,TX,48377,2,2022-11-09T01:00:00.000Z,FIPSCode,48377,0,2022-11-11T03:37:56.890Z,8,98.98,8,100,62962,1025,61.97,62492,550,33.25,63492,79,4.78,1671,99,1654,4047,8,8
1668138584,2022-11-10 21:49:44 -0600,0e298ea32096cc922b25ba77c38613a5f34643a4,TX,48377,2,2022-11-09T01:00:00.000Z,FIPSCode,48377,0,2022-11-11T03:37:56.890Z,8,98.98,8,100,62962,1025,61.97,62492,550,33.25,63492,79,4.78,1671,99,1654,4047,8,8
1668138628,2022-11-10 21:50:28 -0600,7cd455eb80342b61d54c2e562c2f9c5de0fac899,TX,48377,2,2022-11-09T01:00:00.000Z,FIPSCode,48377,0,2022-11-11T03:37:56.890Z,8,98.98,8,100,62962,1025,61.97,62492,550,33.25,63492,79,4.78,1671,99,1654,4047,8,8
1668138671,2022-11-10 21:51:11 -0600,489166a6689af88300db8f5e48a0679d9b4dd4f3,TX,48377,2,2022-11-09T01:00:00.000Z,FIPSCode,48377,0,2022-11-11T03:37:56.890Z,8,98.98,8,100,62962,1025,61.97,62492,550,33.25,63492,79,4.78,1671,99,1654,4047,8,8
1668138716,2022-11-10 21:51:56 -0600,b5afc4e5e2c69d596175643bf593b982d2c18f40,TX,48377,2,2022-11-09T01:00:00.000Z,FIPSCode,48377,0,2022-11-11T03:37:56.890Z,8,98.98,8,100,62962,1025,61.97,62492,550,33.25,63492,79,4.78,1671,99,1654,4047,8,8
1668138756,2022-11-10 21:52:36 -0600,766dfac7a7cb3a0a71ef4df0ce85ddf541cbc868,TX,48377,2,2022-11-09T01:00:00.000Z,FIPSCode,48377,0,2022-11-11T03:37:56.890Z,8,98.98,8,100,62962,1025,61.97,62492,550,33.25,63492,79,4.78,1671,99,1654,4047,8,8
1668138797,2022-11-10 21:53:17 -0600,e5467fe85a411edd50b0ee8bb99de698e416d6c7,TX,48377,2,2022-11-09T01:00:00.000Z,FIPSCode,48377,0,2022-11-11T03:37:56.890Z,8,98.98,8,100,62962,1025,61.97,62492,550,33.25,63492,79,4.78,1671,99,1654,4047,8,8
1668138841,2022-11-10 21:54:01 -0600,5c3d485277d9f85e24bac131106541f5d54dc135,TX,48377,2,2022-11-09T01:00:00.000Z,FIPSCode,48377,0,2022-11-11T03:37:56.890Z,8,98.98,8,100,62962,1025,61.97,62492,550,33.25,63492,79,4.78,1671,99,1654,4047,8,8
1668138885,2022-11-10 21:54:45 -0600,9db38f39235584e7a551c5cb62a5406f0ec26059,TX,48377,2,2022-11-09T01:00:00.000Z,FIPSCode,48377,0,2022-11-11T03:37:56.890Z,8,98.98,8,100,62962,1025,61.97,62492,550,33.25,63492,79,4.78,1671,99,1654,4047,8,8
1668138928,2022-11-10 21:55:28 -0600,b874bbe51af6f3ee6fbbe212a63e442e5ee07443,TX,48377,2,2022-11-09T01:00:00.000Z,FIPSCode,48377,0,2022-11-11T03:37:56.890Z,8,98.98,8,100,62962,1025,61.97,62492,550,33.25,63492,79,4.78,1671,99,1654,4047,8,8
1668138970,2022-11-10 21:56:10 -0600,14026101383ff005bb17d59a4edff603e8895c03,TX,48377,2,2022-11-09T01:00:00.000Z,FIPSCode,48377,0,2022-11-11T03:37:56.890Z,8,98.98,8,100,62962,1025,61.97,62492,550,33.25,63492,79,4.78,1671,99,1654,4047,8,8
1668139100,2022-11-10 21:58:20 -0600,67a89de9fc21941b27dd96692cc5e771486b3f4c,TX,48377,2,2022-11-09T01:00:00.000Z,FIPSCode,48377,0,2022-11-11T03:37:56.890Z,8,98.98,8,100,62962,1025,61.97,62492,550,33.25,63492,79,4.78,1671,99,1654,4047,8,8
1668139148,2022-11-10 21:59:08 -0600,662d32e35d493f200820f8b694778bf16fcc4377,TX,48377,2,2022-11-09T01:00:00.000Z,FIPSCode,48377,0,2022-11-11T03:37:56.890Z,8,98.98,8,100,62962,1025,61.97,62492,550,33.25,63492,79,4.78,1671,99,1654,4047,8,8
1668139189,2022-11-10 21:59:49 -0600,44020ddf9eb3dbb971cb1787d2de09d3397298af,TX,48377,2,2022-11-09T01:00:00.000Z,FIPSCode,48377,0,2022-11-11T03:37:56.890Z,8,98.98,8,100,62962,1025,61.97,62492,550,33.25,63492,79,4.78,1671,99,1654,4047,8,8
1668139233,2022-11-10 22:00:33 -0600,004663e0c492ca4eb6954bd51d16a2b999302040,TX,48377,2,2022-11-09T01:00:00.000Z,FIPSCode,48377,0,2022-11-11T03:37:56.890Z,8,98.98,8,100,62962,1025,61.97,62492,550,33.25,63492,79,4.78,1671,99,1654,4047,8,8
1668139282,2022-11-10 22:01:22 -0600,98d153297eb0cab3e0caa0404660026ce0ff1491,TX,48377,2,2022-11-09T01:00:00.000Z,FIPSCode,48377,0,2022-11-11T03:37:56.890Z,8,98.98,8,100,62962,1025,61.97,62492,550,33.25,63492,79,4.78,1671,99,1654,4047,8,8
1668139323,2022-11-10 22:02:03 -0600,13f484af6309b5c0775fc343412fdc3c67adecc1,TX,48377,2,2022-11-09T01:00:00.000Z,FIPSCode,48377,0,2022-11-11T03:37:56.890Z,8,98.98,8,100,62962,1025,61.97,62492,550,33.25,63492,79,4.78,1671,99,1654,4047,8,8
1668139410,2022-11-10 22:03:30 -0600,8f89f29dae93758d3a8ac01fddc844314bfc571e,TX,48377,2,2022-11-09T01:00:00.000Z,FIPSCode,48377,0,2022-11-11T04:02:57.082Z,8,98.98,8,100,62962,1025,61.97,62492,550,33.25,63492,79,4.78,1671,99,1654,4047,8,8
1668139454,2022-11-10 22:04:14 -0600,f4cdaba9f935d9153be9ec1681eeb91ca6493493,TX,48377,2,2022-11-09T01:00:00.000Z,FIPSCode,48377,0,2022-11-11T04:03:38.302Z,8,98.98,8,100,62962,1025,61.97,62492,550,33.25,63492,79,4.78,1671,99,1654,4047,8,8
1668139495,2022-11-10 22:04:55 -0600,8ce40eb06a14b41e3f239abc6c7b63f89aaa5768,TX,48377,2,2022-11-09T01:00:00.000Z,FIPSCode,48377,0,2022-11-11T04:03:38.302Z,8,98.98,8,100,62962,1025,61.97,62492,550,33.25,63492,79,4.78,1671,99,1654,4047,8,8
1668139539,2022-11-10 22:05:39 -0600,e715181c0c9c556e1bdc74f02883e2a0df8c39ce,TX,48377,2,2022-11-09T01:00:00.000Z,FIPSCode,48377,0,2022-11-11T04:05:00.893Z,8,98.98,8,100,62962,1025,61.97,62492,550,33.25,63492,79,4.78,1671,99,1654,4047,8,8
1668139708,2022-11-10 22:08:28 -0600,d61e6740a607e33f9f298ec3fee247981fa993f3,TX,48377,2,2022-11-09T01:00:00.000Z,FIPSCode,48377,0,2022-11-11T04:05:36.489Z,8,98.98,8,100,62962,1025,61.97,62492,550,33.25,63492,79,4.78,1671,99,1654,4047,8,8
1668139752,2022-11-10 22:09:12 -0600,857540622c7a418497496423277049403a81ed7d,TX,48377,2,2022-11-09T01:00:00.000Z,FIPSCode,48377,0,2022-11-11T04:05:36.489Z,8,98.98,8,100,62962,1025,61.97,62492,550,33.25,63492,79,4.78,1671,99,1654,4047,8,8
1668139796,2022-11-10 22:09:56 -0600,ae7ff71b352fee3e84c32d0a7e9bbd2db083108f,TX,48377,2,2022-11-09T01:00:00.000Z,FIPSCode,48377,0,2022-11-11T04:05:36.489Z,8,98.98,8,100,62962,1025,61.97,62492,550,33.25,63492,79,4.78,1671,99,1654,4047,8,8
1668139839,2022-11-10 22:10:39 -0600,5e061f807fce1b8f614c43651346634e36ab8f16,TX,48377,2,2022-11-09T01:00:00.000Z,FIPSCode,48377,0,2022-11-11T04:05:36.489Z,8,98.98,8,100,62962,1025,61.97,62492,550,33.25,63492,79,4.78,1671,99,1654,4047,8,8
1668139883,2022-11-10 22:11:23 -0600,bb45c5dd567a3a284076d7aff14f213c46e40a20,TX,48377,2,2022-11-09T01:00:00.000Z,FIPSCode,48377,0,2022-11-11T04:05:36.489Z,8,98.98,8,100,62962,1025,61.97,62492,550,33.25,63492,79,4.78,1671,99,1654,4047,8,8
1668139928,2022-11-10 22:12:08 -0600,567c57f321478734808e4ee7230f587778f99148,TX,48377,2,2022-11-09T01:00:00.000Z,FIPSCode,48377,0,2022-11-11T04:05:36.489Z,8,98.98,8,100,62962,1025,61.97,62492,550,33.25,63492,79,4.78,1671,99,1654,4047,8,8
1668140061,2022-11-10 22:14:21 -0600,c72e872b5213f294128cda460a5c587bab390cbd,TX,48377,2,2022-11-09T01:00:00.000Z,FIPSCode,48377,0,2022-11-11T04:05:36.489Z,8,98.98,8,100,62962,1025,61.97,62492,550,33.25,63492,79,4.78,1671,99,1654,4047,8,8
1668140104,2022-11-10 22:15:04 -0600,882f8925f07f5ae452539a5f14b423717cc8cd1a,TX,48377,2,2022-11-09T01:00:00.000Z,FIPSCode,48377,0,2022-11-11T04:05:36.489Z,8,98.98,8,100,62962,1025,61.97,62492,550,33.25,63492,79,4.78,1671,99,1654,4047,8,8
1668140148,2022-11-10 22:15:48 -0600,d94b7542e769e1eab7d605881690782680dd75b8,TX,48377,2,2022-11-09T01:00:00.000Z,FIPSCode,48377,0,2022-11-11T04:05:36.489Z,8,98.98,8,100,62962,1025,61.97,62492,550,33.25,63492,79,4.78,1671,99,1654,4047,8,8
1668140190,2022-11-10 22:16:30 -0600,e8dc1fbf1269424fb746057882dca20707719ba8,TX,48377,2,2022-11-09T01:00:00.000Z,FIPSCode,48377,0,2022-11-11T04:05:36.489Z,8,98.98,8,100,62962,1025,61.97,62492,550,33.25,63492,79,4.78,1671,99,1654,4047,8,8
1668140233,2022-11-10 22:17:13 -0600,ccaedf8f93f10ad05c57c267722153a6c88ab6fb,TX,48377,2,2022-11-09T01:00:00.000Z,FIPSCode,48377,0,2022-11-11T04:05:36.489Z,8,98.98,8,100,62962,1025,61.97,62492,550,33.25,63492,79,4.78,1671,99,1654,4047,8,8
1668140276,2022-11-10 22:17:56 -0600,fa1f217ef0fa957c1bf596eede98e30f9e40e271,TX,48377,2,2022-11-09T01:00:00.000Z,FIPSCode,48377,0,2022-11-11T04:05:36.489Z,8,98.98,8,100,62962,1025,61.97,62492,550,33.25,63492,79,4.78,1671,99,1654,4047,8,8
1668140318,2022-11-10 22:18:38 -0600,393f9cb5c4056b1a29c7c39bed197a8ee2cc2f51,TX,48377,2,2022-11-09T01:00:00.000Z,FIPSCode,48377,0,2022-11-11T04:05:36.489Z,8,98.98,8,100,62962,1025,61.97,62492,550,33.25,63492,79,4.78,1671,99,1654,4047,8,8
1668140360,2022-11-10 22:19:20 -0600,31b5006a12f1305abdb190c52249d18b8a412170,TX,48377,2,2022-11-09T01:00:00.000Z,FIPSCode,48377,0,2022-11-11T04:05:36.489Z,8,98.98,8,100,62962,1025,61.97,62492,550,33.25,63492,79,4.78,1671,99,1654,4047,8,8
1668140403,2022-11-10 22:20:03 -0600,41db4fe21c022916f82f547744b4818ab6e858f3,TX,48377,2,2022-11-09T01:00:00.000Z,FIPSCode,48377,0,2022-11-11T04:05:36.489Z,8,98.98,8,100,62962,1025,61.97,62492,550,33.25,63492,79,4.78,1671,99,1654,4047,8,8
1668140445,2022-11-10 22:20:45 -0600,241a903cf5ea847de30095468a851f535ec84828,TX,48377,2,2022-11-09T01:00:00.000Z,FIPSCode,48377,0,2022-11-11T04:05:36.489Z,8,98.98,8,100,62962,1025,61.97,62492,550,33.25,63492,79,4.78,1671,99,1654,4047,8,8
1668140487,2022-11-10 22:21:27 -0600,90b14759c959549a1ff562984d981f51d96248fe,TX,48377,2,2022-11-09T01:00:00.000Z,FIPSCode,48377,0,2022-11-11T04:05:36.489Z,8,98.98,8,100,62962,1025,61.97,62492,550,33.25,63492,79,4.78,1671,99,1654,4047,8,8
1668140532,2022-11-10 22:22:12 -0600,97e7164e43ef14497d93cf092a03138dd54d7702,TX,48377,2,2022-11-09T01:00:00.000Z,FIPSCode,48377,0,2022-11-11T04:05:36.489Z,8,98.98,8,100,62962,1025,61.97,62492,550,33.25,63492,79,4.78,1671,99,1654,4047,8,8
1668140575,2022-11-10 22:22:55 -0600,8b67bca043da8e818fc9a24ca77732903c85f714,TX,48377,2,2022-11-09T01:00:00.000Z,FIPSCode,48377,0,2022-11-11T04:05:36.489Z,8,98.98,8,100,62962,1025,61.97,62492,550,33.25,63492,79,4.78,1671,99,1654,4047,8,8
1668140618,2022-11-10 22:23:38 -0600,3a707adc3f5ba2d579296837bd5143a9e7f20563,TX,48377,2,2022-11-09T01:00:00.000Z,FIPSCode,48377,0,2022-11-11T04:05:36.489Z,8,98.98,8,100,62962,1025,61.97,62492,550,33.25,63492,79,4.78,1671,99,1654,4047,8,8
1668140660,2022-11-10 22:24:20 -0600,5b065a539e06a6cfc8d73fb4df4c8102fa68513e,TX,48377,2,2022-11-09T01:00:00.000Z,FIPSCode,48377,0,2022-11-11T04:05:36.489Z,8,98.98,8,100,62962,1025,61.97,62492,550,33.25,63492,79,4.78,1671,99,1654,4047,8,8
1668140703,2022-11-10 22:25:03 -0600,63313ee7c2f414f3f0422f43e8a68990440d5572,TX,48377,2,2022-11-09T01:00:00.000Z,FIPSCode,48377,0,2022-11-11T04:05:36.489Z,8,98.98,8,100,62962,1025,61.97,62492,550,33.25,63492,79,4.78,1671,99,1654,4047,8,8
1668140746,2022-11-10 22:25:46 -0600,7f524782f3d77ae4654cf225c758c611cbd03116,TX,48377,2,2022-11-09T01:00:00.000Z,FIPSCode,48377,0,2022-11-11T04:05:36.489Z,8,98.98,8,100,62962,1025,61.97,62492,550,33.25,63492,79,4.78,1671,99,1654,4047,8,8
1668140790,2022-11-10 22:26:30 -0600,232a32d7a776f13706bda47bf0f9cb526888d378,TX,48377,2,2022-11-09T01:00:00.000Z,FIPSCode,48377,0,2022-11-11T04:05:36.489Z,8,98.98,8,100,62962,1025,61.97,62492,550,33.25,63492,79,4.78,1671,99,1654,4047,8,8
1668140830,2022-11-10 22:27:10 -0600,0ab3315d8484c8795b4a09908836b8407718e7e7,TX,48377,2,2022-11-09T01:00:00.000Z,FIPSCode,48377,0,2022-11-11T04:05:36.489Z,8,98.98,8,100,62962,1025,61.97,62492,550,33.25,63492,79,4.78,1671,99,1654,4047,8,8
1668140873,2022-11-10 22:27:53 -0600,71da76df79abc87102d4fc66387ad6e5d80dcaa0,TX,48377,2,2022-11-09T01:00:00.000Z,FIPSCode,48377,0,2022-11-11T04:27:36.880Z,8,98.98,8,100,62962,1025,61.97,62492,550,33.25,63492,79,4.78,1671,99,1654,4047,8,8
1668140957,2022-11-10 22:29:17 -0600,73ed930790509b36c7490aa286a0e8d1745bc068,TX,48377,2,2022-11-09T01:00:00.000Z,FIPSCode,48377,0,2022-11-11T04:27:36.880Z,8,98.98,8,100,62962,1025,61.97,62492,550,33.25,63492,79,4.78,1671,99,1654,4047,8,8
1668140999,2022-11-10 22:29:59 -0600,ab05653b3e4c26be7da2824f20ccd88b7558f9a6,TX,48377,2,2022-11-09T01:00:00.000Z,FIPSCode,48377,0,2022-11-11T04:29:19.007Z,8,98.98,8,100,62962,1025,61.97,62492,550,33.25,63492,79,4.78,1671,99,1654,4047,8,8
1668141048,2022-11-10 22:30:48 -0600,c764c42e35e05bfb50eda6d44d47f814de5bdbad,TX,48377,2,2022-11-09T01:00:00.000Z,FIPSCode,48377,0,2022-11-11T04:29:19.007Z,8,98.98,8,100,62962,1025,61.97,62492,550,33.25,63492,79,4.78,1671,99,1654,4047,8,8
1668141090,2022-11-10 22:31:30 -0600,bbe44c10651bcc5a914228f32c2bba8668dcde48,TX,48377,2,2022-11-09T01:00:00.000Z,FIPSCode,48377,0,2022-11-11T04:30:59.072Z,8,98.98,8,100,62962,1025,61.97,62492,550,33.25,63492,79,4.78,1671,99,1654,4047,8,8
1668141133,2022-11-10 22:32:13 -0600,fbf0215d6512f344e43f47b76c65e73ad22cd8e5,TX,48377,2,2022-11-09T01:00:00.000Z,FIPSCode,48377,0,2022-11-11T04:30:59.072Z,8,98.98,8,100,62962,1025,61.97,62492,550,33.25,63492,79,4.78,1671,99,1654,4047,8,8
1668141217,2022-11-10 22:33:37 -0600,4f51495ce48bc24cd5922e4807b0aefd318b4a77,TX,48377,2,2022-11-09T01:00:00.000Z,FIPSCode,48377,0,2022-11-11T04:30:59.072Z,8,98.98,8,100,62962,1025,61.97,62492,550,33.25,63492,79,4.78,1671,99,1654,4047,8,8
1668141302,2022-11-10 22:35:02 -0600,c22207274c9b88c9c4e6590e26b3b41b6ab3fae0,TX,48377,2,2022-11-09T01:00:00.000Z,FIPSCode,48377,0,2022-11-11T04:34:18.175Z,8,98.98,8,100,62962,1025,61.97,62492,550,33.25,63492,79,4.78,1671,99,1654,4047,8,8
1668141348,2022-11-10 22:35:48 -0600,6f7108325c1b3f2c2caeaa6c569c43b99205ff0b,TX,48377,2,2022-11-09T01:00:00.000Z,FIPSCode,48377,0,2022-11-11T04:34:18.175Z,8,98.98,8,100,62962,1025,61.97,62492,550,33.25,63492,79,4.78,1671,99,1654,4047,8,8
1668141388,2022-11-10 22:36:28 -0600,49ec6a2757765285ef1987a6171cbdfedbdd977d,TX,48377,2,2022-11-09T01:00:00.000Z,FIPSCode,48377,0,2022-11-11T04:35:57.038Z,8,98.98,8,100,62962,1025,61.97,62492,550,33.25,63492,79,4.78,1671,99,1654,4047,8,8
1668141431,2022-11-10 22:37:11 -0600,a0a375484d025d9b89cbec69135de398ee5f1bc3,TX,48377,2,2022-11-09T01:00:00.000Z,FIPSCode,48377,0,2022-11-11T04:36:58.194Z,8,98.98,8,100,62962,1025,61.97,62492,550,33.25,63492,79,4.78,1671,99,1654,4047,8,8
1668141473,2022-11-10 22:37:53 -0600,70d11103fa475afcc3665e1c0ece1c35ac622578,TX,48377,2,2022-11-09T01:00:00.000Z,FIPSCode,48377,0,2022-11-11T04:37:17.075Z,8,98.98,8,100,62962,1025,61.97,62492,550,33.25,63492,79,4.78,1671,99,1654,4047,8,8
1668141517,2022-11-10 22:38:37 -0600,d113edd0a4aace9774974e5eb5fa3e9354e8b930,TX,48377,2,2022-11-09T01:00:00.000Z,FIPSCode,48377,0,2022-11-11T04:37:17.075Z,8,98.98,8,100,62962,1025,61.97,62492,550,33.25,63492,79,4.78,1671,99,1654,4047,8,8
1668141561,2022-11-10 22:39:21 -0600,43a844d42106700a2154d5b8e8a491e91162d92f,TX,48377,2,2022-11-09T01:00:00.000Z,FIPSCode,48377,0,2022-11-11T04:37:17.075Z,8,98.98,8,100,62962,1025,61.97,62492,550,33.25,63492,79,4.78,1671,99,1654,4047,8,8
1668141601,2022-11-10 22:40:01 -0600,2bb39204055369c266225e6c33baa07cc98cbf33,TX,48377,2,2022-11-09T01:00:00.000Z,FIPSCode,48377,0,2022-11-11T04:37:17.075Z,8,98.98,8,100,62962,1025,61.97,62492,550,33.25,63492,79,4.78,1671,99,1654,4047,8,8
1668141650,2022-11-10 22:40:50 -0600,24180ac923a02764dd907b144be5d4bf44cd421b,TX,48377,2,2022-11-09T01:00:00.000Z,FIPSCode,48377,0,2022-11-11T04:37:17.075Z,8,98.98,8,100,62962,1025,61.97,62492,550,33.25,63492,79,4.78,1671,99,1654,4047,8,8
1668141690,2022-11-10 22:41:30 -0600,182675e8c184aaf89459aca48aa44474f36127d6,TX,48377,2,2022-11-09T01:00:00.000Z,FIPSCode,48377,0,2022-11-11T04:37:17.075Z,8,98.98,8,100,62962,1025,61.97,62492,550,33.25,63492,79,4.78,1671,99,1654,4047,8,8
1668141734,2022-11-10 22:42:14 -0600,2dc1d2b7a7f2903e6f5ef43d2dd8a0cfb8d96a91,TX,48377,2,2022-11-09T01:00:00.000Z,FIPSCode,48377,0,2022-11-11T04:37:17.075Z,8,98.98,8,100,62962,1025,61.97,62492,550,33.25,63492,79,4.78,1671,99,1654,4047,8,8
1668141775,2022-11-10 22:42:55 -0600,618d1a10222ee9c00a162f0f50708e5b7110a731,TX,48377,2,2022-11-09T01:00:00.000Z,FIPSCode,48377,0,2022-11-11T04:37:17.075Z,8,98.98,8,100,62962,1025,61.97,62492,550,33.25,63492,79,4.78,1671,99,1654,4047,8,8
1668141818,2022-11-10 22:43:38 -0600,04d5f272c84ce79bd59565d341942ad8d86c81c9,TX,48377,2,2022-11-09T01:00:00.000Z,FIPSCode,48377,0,2022-11-11T04:37:17.075Z,8,98.98,8,100,62962,1025,61.97,62492,550,33.25,63492,79,4.78,1671,99,1654,4047,8,8
1668141860,2022-11-10 22:44:20 -0600,8006830eb5340529ae8936d929dfd75cee6f7cfb,TX,48377,2,2022-11-09T01:00:00.000Z,FIPSCode,48377,0,2022-11-11T04:37:17.075Z,8,98.98,8,100,62962,1025,61.97,62492,550,33.25,63492,79,4.78,1671,99,1654,4047,8,8
1668141903,2022-11-10 22:45:03 -0600,830082c1bdb476b17da47568bbd8a5e6a43942e9,TX,48377,2,2022-11-09T01:00:00.000Z,FIPSCode,48377,0,2022-11-11T04:37:17.075Z,8,98.98,8,100,62962,1025,61.97,62492,550,33.25,63492,79,4.78,1671,99,1654,4047,8,8
1668141943,2022-11-10 22:45:43 -0600,64a280e6aa0a2f2849bcb4be4506514253130663,TX,48377,2,2022-11-09T01:00:00.000Z,FIPSCode,48377,0,2022-11-11T04:37:17.075Z,8,98.98,8,100,62962,1025,61.97,62492,550,33.25,63492,79,4.78,1671,99,1654,4047,8,8
1668141991,2022-11-10 22:46:31 -0600,66e3813baf26f1ec846f72f9bcad959a3a2459c6,TX,48377,2,2022-11-09T01:00:00.000Z,FIPSCode,48377,0,2022-11-11T04:37:17.075Z,8,98.98,8,100,62962,1025,61.97,62492,550,33.25,63492,79,4.78,1671,99,1654,4047,8,8
1668142032,2022-11-10 22:47:12 -0600,d1fefe804bf8cf29ac6984b2148a091eabb684fa,TX,48377,2,2022-11-09T01:00:00.000Z,FIPSCode,48377,0,2022-11-11T04:37:17.075Z,8,98.98,8,100,62962,1025,61.97,62492,550,33.25,63492,79,4.78,1671,99,1654,4047,8,8
1668142075,2022-11-10 22:47:55 -0600,d0594abed6be06f462e7ea9e9698e237227f7cf4,TX,48377,2,2022-11-09T01:00:00.000Z,FIPSCode,48377,0,2022-11-11T04:47:18.961Z,8,98.98,8,100,62962,1025,61.97,62492,550,33.25,63492,79,4.78,1671,99,1654,4047,8,8
1668142115,2022-11-10 22:48:35 -0600,1f7fd854231a125ed5e5153a0811c55d250a5bf8,TX,48377,2,2022-11-09T01:00:00.000Z,FIPSCode,48377,0,2022-11-11T04:47:18.961Z,8,98.98,8,100,62962,1025,61.97,62492,550,33.25,63492,79,4.78,1671,99,1654,4047,8,8
1668142157,2022-11-10 22:49:17 -0600,9facbc59629e98553d76313b8cf3ac58e02f57d2,TX,48377,2,2022-11-09T01:00:00.000Z,FIPSCode,48377,0,2022-11-11T04:48:34.830Z,8,98.98,8,100,62962,1025,61.97,62492,550,33.25,63492,79,4.78,1671,99,1654,4047,8,8
1668142198,2022-11-10 22:49:58 -0600,83d5de4ba22e143bf47f19d877bc07c1ca193422,TX,48377,2,2022-11-09T01:00:00.000Z,FIPSCode,48377,0,2022-11-11T04:49:39.557Z,8,98.98,8,100,62962,1025,61.97,62492,550,33.25,63492,79,4.78,1671,99,1654,4047,8,8
1668142240,2022-11-10 22:50:40 -0600,5cf8c69d457664b00c31f5bd9ffe06c0cacd12fe,TX,48377,2,2022-11-09T01:00:00.000Z,FIPSCode,48377,0,2022-11-11T04:49:39.557Z,8,98.98,8,100,62962,1025,61.97,62492,550,33.25,63492,79,4.78,1671,99,1654,4047,8,8
1668142281,2022-11-10 22:51:21 -0600,86a21969dd253e958914153ab7b0502172c91bd0,TX,48377,2,2022-11-09T01:00:00.000Z,FIPSCode,48377,0,2022-11-11T04:49:39.557Z,8,98.98,8,100,62962,1025,61.97,62492,550,33.25,63492,79,4.78,1671,99,1654,4047,8,8
1668142327,2022-11-10 22:52:07 -0600,9aa5f60394f2791d5528ae443a387f016094ad35,TX,48377,2,2022-11-09T01:00:00.000Z,FIPSCode,48377,0,2022-11-11T04:49:39.557Z,8,98.98,8,100,62962,1025,61.97,62492,550,33.25,63492,79,4.78,1671,99,1654,4047,8,8
1668142367,2022-11-10 22:52:47 -0600,d0cbcaea8894f997977c4adb8b068c2776ab5a66,TX,48377,2,2022-11-09T01:00:00.000Z,FIPSCode,48377,0,2022-11-11T04:49:39.557Z,8,98.98,8,100,62962,1025,61.97,62492,550,33.25,63492,79,4.78,1671,99,1654,4047,8,8
1668142408,2022-11-10 22:53:28 -0600,b16f986c933af2c969dcc13f9b3f0239f083a894,TX,48377,2,2022-11-09T01:00:00.000Z,FIPSCode,48377,0,2022-11-11T04:49:39.557Z,8,98.98,8,100,62962,1025,61.97,62492,550,33.25,63492,79,4.78,1671,99,1654,4047,8,8
1668142449,2022-11-10 22:54:09 -0600,d1b16dd228e0ca71d2d40e1dd5fd00fe532dadc5,TX,48377,2,2022-11-09T01:00:00.000Z,FIPSCode,48377,0,2022-11-11T04:49:39.557Z,8,98.98,8,100,62962,1025,61.97,62492,550,33.25,63492,79,4.78,1671,99,1654,4047,8,8
1668142579,2022-11-10 22:56:19 -0600,e671fdac0cf72d9356d608af12c69352eb17d62f,TX,48377,2,2022-11-09T01:00:00.000Z,FIPSCode,48377,0,2022-11-11T04:49:39.557Z,8,98.98,8,100,62962,1025,61.97,62492,550,33.25,63492,79,4.78,1671,99,1654,4047,8,8
1668142623,2022-11-10 22:57:03 -0600,758d03f49b3a3129fa480454ddfc6021ab1dab0d,TX,48377,2,2022-11-09T01:00:00.000Z,FIPSCode,48377,0,2022-11-11T04:49:39.557Z,8,98.98,8,100,62962,1025,61.97,62492,550,33.25,63492,79,4.78,1671,99,1654,4047,8,8
1668142665,2022-11-10 22:57:45 -0600,15ac997d545045d951bf31d36b417c9d15368861,TX,48377,2,2022-11-09T01:00:00.000Z,FIPSCode,48377,0,2022-11-11T04:49:39.557Z,8,98.98,8,100,62962,1025,61.97,62492,550,33.25,63492,79,4.78,1671,99,1654,4047,8,8
1668142708,2022-11-10 22:58:28 -0600,05eab1e3374694be809beed27d3c0ef1a37e2ccd,TX,48377,2,2022-11-09T01:00:00.000Z,FIPSCode,48377,0,2022-11-11T04:49:39.557Z,8,98.98,8,100,62962,1025,61.97,62492,550,33.25,63492,79,4.78,1671,99,1654,4047,8,8
1668142750,2022-11-10 22:59:10 -0600,4d9e5fd8651a25ac3ca822f27dbc00c131e87dcf,TX,48377,2,2022-11-09T01:00:00.000Z,FIPSCode,48377,0,2022-11-11T04:49:39.557Z,8,98.98,8,100,62962,1025,61.97,62492,550,33.25,63492,79,4.78,1671,99,1654,4047,8,8
1668142839,2022-11-10 23:00:39 -0600,ed8a5b579a1d1ef569d57ba0df20e24578d3b301,TX,48377,2,2022-11-09T01:00:00.000Z,FIPSCode,48377,0,2022-11-11T04:49:39.557Z,8,98.98,8,100,62962,1025,61.97,62492,550,33.25,63492,79,4.78,1671,99,1654,4047,8,8
1668142966,2022-11-10 23:02:46 -0600,38af30c4f2944d7d58dc54b9202cc6088029c711,TX,48377,2,2022-11-09T01:00:00.000Z,FIPSCode,48377,0,2022-11-11T04:49:39.557Z,8,98.98,8,100,62962,1025,61.97,62492,550,33.25,63492,79,4.78,1671,99,1654,4047,8,8
1668143051,2022-11-10 23:04:11 -0600,fa1d6bba2cc6a35271fd095e9c2b792f1852f74d,TX,48377,2,2022-11-09T01:00:00.000Z,FIPSCode,48377,0,2022-11-11T04:49:39.557Z,8,98.98,8,100,62962,1025,61.97,62492,550,33.25,63492,79,4.78,1671,99,1654,4047,8,8
1668143308,2022-11-10 23:08:28 -0600,68d6af4aadfbc0753fef858ef3dfba4cc4c26e06,TX,48377,2,2022-11-09T01:00:00.000Z,FIPSCode,48377,0,2022-11-11T04:49:39.557Z,8,98.98,8,100,62962,1025,61.97,62492,550,33.25,63492,79,4.78,1671,99,1654,4047,8,8
1668143350,2022-11-10 23:09:10 -0600,a993dfea1f9d4c19b9e52a73772974d231118b10,TX,48377,2,2022-11-09T01:00:00.000Z,FIPSCode,48377,0,2022-11-11T04:49:39.557Z,8,98.98,8,100,62962,1025,61.97,62492,550,33.25,63492,79,4.78,1671,99,1654,4047,8,8
1668143394,2022-11-10 23:09:54 -0600,e79073b3b1bc41582eea6cac17774311b26c811c,TX,48377,2,2022-11-09T01:00:00.000Z,FIPSCode,48377,0,2022-11-11T04:49:39.557Z,8,98.98,8,100,62962,1025,61.97,62492,550,33.25,63492,79,4.78,1671,99,1654,4047,8,8
1668143437,2022-11-10 23:10:37 -0600,0d381f2725fd3198d618663b701102d2f9c8d6f1,TX,48377,2,2022-11-09T01:00:00.000Z,FIPSCode,48377,0,2022-11-11T04:49:39.557Z,8,98.98,8,100,62962,1025,61.97,62492,550,33.25,63492,79,4.78,1671,99,1654,4047,8,8
1668143479,2022-11-10 23:11:19 -0600,73d3c99d6288ab0df1907bcbf62b4d81e60225f0,TX,48377,2,2022-11-09T01:00:00.000Z,FIPSCode,48377,0,2022-11-11T04:49:39.557Z,8,98.98,8,100,62962,1025,61.97,62492,550,33.25,63492,79,4.78,1671,99,1654,4047,8,8
1668143522,2022-11-10 23:12:02 -0600,7364f0acedc1c1b0fdb31cf9e9ec47f7beb25910,TX,48377,2,2022-11-09T01:00:00.000Z,FIPSCode,48377,0,2022-11-11T04:49:39.557Z,8,98.98,8,100,62962,1025,61.97,62492,550,33.25,63492,79,4.78,1671,99,1654,4047,8,8
1668143565,2022-11-10 23:12:45 -0600,f85b38e2040654097f6e4de1c6885ff796e51c72,TX,48377,2,2022-11-09T01:00:00.000Z,FIPSCode,48377,0,2022-11-11T04:49:39.557Z,8,98.98,8,100,62962,1025,61.97,62492,550,33.25,63492,79,4.78,1671,99,1654,4047,8,8
1668143608,2022-11-10 23:13:28 -0600,0f7754acb0e0e59fde89ff4b414c3f8d11de1363,TX,48377,2,2022-11-09T01:00:00.000Z,FIPSCode,48377,0,2022-11-11T04:49:39.557Z,8,98.98,8,100,62962,1025,61.97,62492,550,33.25,63492,79,4.78,1671,99,1654,4047,8,8
1668143651,2022-11-10 23:14:11 -0600,98de2d2dee57dc3020472df87799240858991b3a,TX,48377,2,2022-11-09T01:00:00.000Z,FIPSCode,48377,0,2022-11-11T04:49:39.557Z,8,98.98,8,100,62962,1025,61.97,62492,550,33.25,63492,79,4.78,1671,99,1654,4047,8,8
1668143738,2022-11-10 23:15:38 -0600,315a1221e6d89f22078aa612418369189c2e2fa4,TX,48377,2,2022-11-09T01:00:00.000Z,FIPSCode,48377,0,2022-11-11T04:49:39.557Z,8,98.98,8,100,62962,1025,61.97,62492,550,33.25,63492,79,4.78,1671,99,1654,4047,8,8
1668143780,2022-11-10 23:16:20 -0600,6a7bf692436b8f817167654a308c9b95c6f6cb9c,TX,48377,2,2022-11-09T01:00:00.000Z,FIPSCode,48377,0,2022-11-11T04:49:39.557Z,8,98.98,8,100,62962,1025,61.97,62492,550,33.25,63492,79,4.78,1671,99,1654,4047,8,8
1668143823,2022-11-10 23:17:03 -0600,8ba6937026e709923b657dc77cea1215742195be,TX,48377,2,2022-11-09T01:00:00.000Z,FIPSCode,48377,0,2022-11-11T04:49:39.557Z,8,98.98,8,100,62962,1025,61.97,62492,550,33.25,63492,79,4.78,1671,99,1654,4047,8,8
1668143865,2022-11-10 23:17:45 -0600,60c62d40784660b2eab925e95a7042c7e71cba76,TX,48377,2,2022-11-09T01:00:00.000Z,FIPSCode,48377,0,2022-11-11T04:49:39.557Z,8,98.98,8,100,62962,1025,61.97,62492,550,33.25,63492,79,4.78,1671,99,1654,4047,8,8
1668143906,2022-11-10 23:18:26 -0600,734430be3ec710399c4778d039748c0ab8e04154,TX,48377,2,2022-11-09T01:00:00.000Z,FIPSCode,48377,0,2022-11-11T04:49:39.557Z,8,98.98,8,100,62962,1025,61.97,62492,550,33.25,63492,79,4.78,1671,99,1654,4047,8,8
1668143950,2022-11-10 23:19:10 -0600,a371063c0c457c5ea845412663a13f1e97510adc,TX,48377,2,2022-11-09T01:00:00.000Z,FIPSCode,48377,0,2022-11-11T04:49:39.557Z,8,98.98,8,100,62962,1025,61.97,62492,550,33.25,63492,79,4.78,1671,99,1654,4047,8,8
1668143993,2022-11-10 23:19:53 -0600,f9f965fb94696dd56d99fa46c1dc423608ad8433,TX,48377,2,2022-11-09T01:00:00.000Z,FIPSCode,48377,0,2022-11-11T04:49:39.557Z,8,98.98,8,100,62962,1025,61.97,62492,550,33.25,63492,79,4.78,1671,99,1654,4047,8,8
1668144078,2022-11-10 23:21:18 -0600,7e72cb55a0efef055fe3407a8ba7689b151b5e1b,TX,48377,2,2022-11-09T01:00:00.000Z,FIPSCode,48377,0,2022-11-11T04:49:39.557Z,8,98.98,8,100,62962,1025,61.97,62492,550,33.25,63492,79,4.78,1671,99,1654,4047,8,8
1668144165,2022-11-10 23:22:45 -0600,395752124269d9129df6ec5cf9fbab1305907459,TX,48377,2,2022-11-09T01:00:00.000Z,FIPSCode,48377,0,2022-11-11T04:49:39.557Z,8,98.98,8,100,62962,1025,61.97,62492,550,33.25,63492,79,4.78,1671,99,1654,4047,8,8
1668144207,2022-11-10 23:23:27 -0600,2b2d472eae88e6099f57faee1c2dfc7653f343dc,TX,48377,2,2022-11-09T01:00:00.000Z,FIPSCode,48377,0,2022-11-11T04:49:39.557Z,8,98.98,8,100,62962,1025,61.97,62492,550,33.25,63492,79,4.78,1671,99,1654,4047,8,8
1668144250,2022-11-10 23:24:10 -0600,52745d3ecbb12d5e5822ae8e9001f60e3451f950,TX,48377,2,2022-11-09T01:00:00.000Z,FIPSCode,48377,0,2022-11-11T04:49:39.557Z,8,98.98,8,100,62962,1025,61.97,62492,550,33.25,63492,79,4.78,1671,99,1654,4047,8,8
1668144377,2022-11-10 23:26:17 -0600,a2dae900812c87403c1f67a23925f3f1140baf64,TX,48377,2,2022-11-09T01:00:00.000Z,FIPSCode,48377,0,2022-11-11T04:49:39.557Z,8,98.98,8,100,62962,1025,61.97,62492,550,33.25,63492,79,4.78,1671,99,1654,4047,8,8
1668144419,2022-11-10 23:26:59 -0600,166f01d785981225016ad398f50654f419395041,TX,48377,2,2022-11-09T01:00:00.000Z,FIPSCode,48377,0,2022-11-11T04:49:39.557Z,8,98.98,8,100,62962,1025,61.97,62492,550,33.25,63492,79,4.78,1671,99,1654,4047,8,8
1668144462,2022-11-10 23:27:42 -0600,cfcfc56f64182a9fb9918762a50932082cc8ab7a,TX,48377,2,2022-11-09T01:00:00.000Z,FIPSCode,48377,0,2022-11-11T04:49:39.557Z,8,98.98,8,100,62962,1025,61.97,62492,550,33.25,63492,79,4.78,1671,99,1654,4047,8,8
1668144505,2022-11-10 23:28:25 -0600,9348036cf7848239e57dc4abc5c1d77826661fa2,TX,48377,2,2022-11-09T01:00:00.000Z,FIPSCode,48377,0,2022-11-11T04:49:39.557Z,8,98.98,8,100,62962,1025,61.97,62492,550,33.25,63492,79,4.78,1671,99,1654,4047,8,8
1668144547,2022-11-10 23:29:07 -0600,94411a18c0b38af8c639934cc252bcb033b846cd,TX,48377,2,2022-11-09T01:00:00.000Z,FIPSCode,48377,0,2022-11-11T04:49:39.557Z,8,98.98,8,100,62962,1025,61.97,62492,550,33.25,63492,79,4.78,1671,99,1654,4047,8,8
1668144590,2022-11-10 23:29:50 -0600,da9483b5bbb1fbed0e426fd6b5ea1fa521f8bbfa,TX,48377,2,2022-11-09T01:00:00.000Z,FIPSCode,48377,0,2022-11-11T04:49:39.557Z,8,98.98,8,100,62962,1025,61.97,62492,550,33.25,63492,79,4.78,1671,99,1654,4047,8,8
1668144633,2022-11-10 23:30:33 -0600,ac8d91b4666376e3237e24aab7d027370f0937e7,TX,48377,2,2022-11-09T01:00:00.000Z,FIPSCode,48377,0,2022-11-11T04:49:39.557Z,8,98.98,8,100,62962,1025,61.97,62492,550,33.25,63492,79,4.78,1671,99,1654,4047,8,8
1668144722,2022-11-10 23:32:02 -0600,4dd2c3abfbcb138ec00f951ac82f3d0cee31f89a,TX,48377,2,2022-11-09T01:00:00.000Z,FIPSCode,48377,0,2022-11-11T04:49:39.557Z,8,98.98,8,100,62962,1025,61.97,62492,550,33.25,63492,79,4.78,1671,99,1654,4047,8,8
1668144764,2022-11-10 23:32:44 -0600,ba8c24541ba3e85c7c7091c0ae967350b279b4fe,TX,48377,2,2022-11-09T01:00:00.000Z,FIPSCode,48377,0,2022-11-11T04:49:39.557Z,8,98.98,8,100,62962,1025,61.97,62492,550,33.25,63492,79,4.78,1671,99,1654,4047,8,8
1668144851,2022-11-10 23:34:11 -0600,999633baeb09a9ae24ea155c7783b4c84420bdf9,TX,48377,2,2022-11-09T01:00:00.000Z,FIPSCode,48377,0,2022-11-11T04:49:39.557Z,8,98.98,8,100,62962,1025,61.97,62492,550,33.25,63492,79,4.78,1671,99,1654,4047,8,8
1668144895,2022-11-10 23:34:55 -0600,9fe81e957f9ac3be867bcf2997e98f491c31be56,TX,48377,2,2022-11-09T01:00:00.000Z,FIPSCode,48377,0,2022-11-11T04:49:39.557Z,8,98.98,8,100,62962,1025,61.97,62492,550,33.25,63492,79,4.78,1671,99,1654,4047,8,8
1668144937,2022-11-10 23:35:37 -0600,5e9adabeef1a877df06fab84690acea82cdbb08d,TX,48377,2,2022-11-09T01:00:00.000Z,FIPSCode,48377,0,2022-11-11T04:49:39.557Z,8,98.98,8,100,62962,1025,61.97,62492,550,33.25,63492,79,4.78,1671,99,1654,4047,8,8
1668144982,2022-11-10 23:36:22 -0600,86547cdb59ae5624d71108b55718033999e7f380,TX,48377,2,2022-11-09T01:00:00.000Z,FIPSCode,48377,0,2022-11-11T04:49:39.557Z,8,98.98,8,100,62962,1025,61.97,62492,550,33.25,63492,79,4.78,1671,99,1654,4047,8,8
1668145023,2022-11-10 23:37:03 -0600,02cf4bc4da6da78a10e21617cc621e305a446ceb,TX,48377,2,2022-11-09T01:00:00.000Z,FIPSCode,48377,0,2022-11-11T04:49:39.557Z,8,98.98,8,100,62962,1025,61.97,62492,550,33.25,63492,79,4.78,1671,99,1654,4047,8,8
1668145066,2022-11-10 23:37:46 -0600,cfcbd5a2b0fddc6de7a73d02f3f03c6dbeb86341,TX,48377,2,2022-11-09T01:00:00.000Z,FIPSCode,48377,0,2022-11-11T04:49:39.557Z,8,98.98,8,100,62962,1025,61.97,62492,550,33.25,63492,79,4.78,1671,99,1654,4047,8,8
1668145107,2022-11-10 23:38:27 -0600,d333a2cf3cf3b41baa008be02c9069230840c069,TX,48377,2,2022-11-09T01:00:00.000Z,FIPSCode,48377,0,2022-11-11T04:49:39.557Z,8,98.98,8,100,62962,1025,61.97,62492,550,33.25,63492,79,4.78,1671,99,1654,4047,8,8
1668145151,2022-11-10 23:39:11 -0600,0539559d50dc51c0c2805d43661797561352cda7,TX,48377,2,2022-11-09T01:00:00.000Z,FIPSCode,48377,0,2022-11-11T04:49:39.557Z,8,98.98,8,100,62962,1025,61.97,62492,550,33.25,63492,79,4.78,1671,99,1654,4047,8,8
1668145194,2022-11-10 23:39:54 -0600,2c6168d36c0637221bd804d803040ea161eda6d9,TX,48377,2,2022-11-09T01:00:00.000Z,FIPSCode,48377,0,2022-11-11T04:49:39.557Z,8,98.98,8,100,62962,1025,61.97,62492,550,33.25,63492,79,4.78,1671,99,1654,4047,8,8
1668145237,2022-11-10 23:40:37 -0600,ee6e221a29041ce3fbd93eba91dfaca8b9fc9a29,TX,48377,2,2022-11-09T01:00:00.000Z,FIPSCode,48377,0,2022-11-11T04:49:39.557Z,8,98.98,8,100,62962,1025,61.97,62492,550,33.25,63492,79,4.78,1671,99,1654,4047,8,8
1668145278,2022-11-10 23:41:18 -0600,bbd6d3d4068cc86a3ec69409f2ad8cf7eccc264e,TX,48377,2,2022-11-09T01:00:00.000Z,FIPSCode,48377,0,2022-11-11T04:49:39.557Z,8,98.98,8,100,62962,1025,61.97,62492,550,33.25,63492,79,4.78,1671,99,1654,4047,8,8
1668145365,2022-11-10 23:42:45 -0600,090f7fecb562f27930974cc25096736a7d88ed4d,TX,48377,2,2022-11-09T01:00:00.000Z,FIPSCode,48377,0,2022-11-11T04:49:39.557Z,8,98.98,8,100,62962,1025,61.97,62492,550,33.25,63492,79,4.78,1671,99,1654,4047,8,8
1668145449,2022-11-10 23:44:09 -0600,fec7fc815392ff283b5c2cae541a980a4bc30601,TX,48377,2,2022-11-09T01:00:00.000Z,FIPSCode,48377,0,2022-11-11T04:49:39.557Z,8,98.98,8,100,62962,1025,61.97,62492,550,33.25,63492,79,4.78,1671,99,1654,4047,8,8
1668145535,2022-11-10 23:45:35 -0600,182de6acc08e6a22b6bcad57810918b9ba32b185,TX,48377,2,2022-11-09T01:00:00.000Z,FIPSCode,48377,0,2022-11-11T04:49:39.557Z,8,98.98,8,100,62962,1025,61.97,62492,550,33.25,63492,79,4.78,1671,99,1654,4047,8,8
1668145578,2022-11-10 23:46:18 -0600,bfa5bbf09d3de09b7fca8457bbe75ebc387437c3,TX,48377,2,2022-11-09T01:00:00.000Z,FIPSCode,48377,0,2022-11-11T04:49:39.557Z,8,98.98,8,100,62962,1025,61.97,62492,550,33.25,63492,79,4.78,1671,99,1654,4047,8,8
1668145620,2022-11-10 23:47:00 -0600,fb23218ef6961fbc7841bd67eaab0b140c6e6139,TX,48377,2,2022-11-09T01:00:00.000Z,FIPSCode,48377,0,2022-11-11T04:49:39.557Z,8,98.98,8,100,62962,1025,61.97,62492,550,33.25,63492,79,4.78,1671,99,1654,4047,8,8
1668145664,2022-11-10 23:47:44 -0600,a20f866ebc6b4cc486bb71e3bcd449360e99c827,TX,48377,2,2022-11-09T01:00:00.000Z,FIPSCode,48377,0,2022-11-11T04:49:39.557Z,8,98.98,8,100,62962,1025,61.97,62492,550,33.25,63492,79,4.78,1671,99,1654,4047,8,8
1668145705,2022-11-10 23:48:25 -0600,f9a5407ed631b5041cf07d1596682560ee4dc89b,TX,48377,2,2022-11-09T01:00:00.000Z,FIPSCode,48377,0,2022-11-11T04:49:39.557Z,8,98.98,8,100,62962,1025,61.97,62492,550,33.25,63492,79,4.78,1671,99,1654,4047,8,8
1668145747,2022-11-10 23:49:07 -0600,06bcd101f4632292c8814128483de3336ebc6543,TX,48377,2,2022-11-09T01:00:00.000Z,FIPSCode,48377,0,2022-11-11T04:49:39.557Z,8,98.98,8,100,62962,1025,61.97,62492,550,33.25,63492,79,4.78,1671,99,1654,4047,8,8
1668145788,2022-11-10 23:49:48 -0600,1185342299bddc7725e19cadb4f98a99a719215e,TX,48377,2,2022-11-09T01:00:00.000Z,FIPSCode,48377,0,2022-11-11T04:49:39.557Z,8,98.98,8,100,62962,1025,61.97,62492,550,33.25,63492,79,4.78,1671,99,1654,4047,8,8
1668145830,2022-11-10 23:50:30 -0600,af30aa9caa9d2167bb4ebf188448c087c2dd02fa,TX,48377,2,2022-11-09T01:00:00.000Z,FIPSCode,48377,0,2022-11-11T05:50:16.857Z,8,98.98,8,100,62962,1025,61.97,62492,550,33.25,63492,79,4.78,1671,99,1654,4047,8,8
1668145874,2022-11-10 23:51:14 -0600,99eb163115c18a49ddf9f2a55a5e1545566e3774,TX,48377,2,2022-11-09T01:00:00.000Z,FIPSCode,48377,0,2022-11-11T05:50:16.857Z,8,98.98,8,100,62962,1025,61.97,62492,550,33.25,63492,79,4.78,1671,99,1654,4047,8,8
1668145914,2022-11-10 23:51:54 -0600,ce8018e0da523eeb604fc272b32a04dc46c9e747,TX,48377,2,2022-11-09T01:00:00.000Z,FIPSCode,48377,0,2022-11-11T05:50:16.857Z,8,98.98,8,100,62962,1025,61.97,62492,550,33.25,63492,79,4.78,1671,99,1654,4047,8,8
1668145956,2022-11-10 23:52:36 -0600,65334a0188bbcb14107dde05b259d12bbafaaf8b,TX,48377,2,2022-11-09T01:00:00.000Z,FIPSCode,48377,0,2022-11-11T05:52:16.204Z,8,98.98,8,100,62962,1025,61.97,62492,550,33.25,63492,79,4.78,1671,99,1654,4047,8,8
1668146039,2022-11-10 23:53:59 -0600,551cbdc5869a7ccc9b1ead91d705a268b26f50d2,TX,48377,2,2022-11-09T01:00:00.000Z,FIPSCode,48377,0,2022-11-11T05:52:16.204Z,8,98.98,8,100,62962,1025,61.97,62492,550,33.25,63492,79,4.78,1671,99,1654,4047,8,8
1668146209,2022-11-10 23:56:49 -0600,2560213bc9a02171b2f4d3460702a4c871346f79,TX,48377,2,2022-11-09T01:00:00.000Z,FIPSCode,48377,0,2022-11-11T05:52:16.204Z,8,98.98,8,100,62962,1025,61.97,62492,550,33.25,63492,79,4.78,1671,99,1654,4047,8,8
1668146249,2022-11-10 23:57:29 -0600,55a671679b24a8a0afd8ec5de3fc8d4e29de7ecb,TX,48377,2,2022-11-09T01:00:00.000Z,FIPSCode,48377,0,2022-11-11T05:52:16.204Z,8,98.98,8,100,62962,1025,61.97,62492,550,33.25,63492,79,4.78,1671,99,1654,4047,8,8
1668146291,2022-11-10 23:58:11 -0600,0b6779ed2f48a19d0e4ab66773d1788db9515759,TX,48377,2,2022-11-09T01:00:00.000Z,FIPSCode,48377,0,2022-11-11T05:52:16.204Z,8,98.98,8,100,62962,1025,61.97,62492,550,33.25,63492,79,4.78,1671,99,1654,4047,8,8
1668146333,2022-11-10 23:58:53 -0600,48d94620e4330a42ea8209e5ab878523c4ab7d79,TX,48377,2,2022-11-09T01:00:00.000Z,FIPSCode,48377,0,2022-11-11T05:52:16.204Z,8,98.98,8,100,62962,1025,61.97,62492,550,33.25,63492,79,4.78,1671,99,1654,4047,8,8
1668146375,2022-11-10 23:59:35 -0600,786a143ee7f402f8490bff69e41e67687eaa62bd,TX,48377,2,2022-11-09T01:00:00.000Z,FIPSCode,48377,0,2022-11-11T05:52:16.204Z,8,98.98,8,100,62962,1025,61.97,62492,550,33.25,63492,79,4.78,1671,99,1654,4047,8,8
1668146421,2022-11-11 00:00:21 -0600,d25507b4ba88fdc4d614da68ef68dbb34a20fa4e,TX,48377,2,2022-11-09T01:00:00.000Z,FIPSCode,48377,0,2022-11-11T05:52:16.204Z,8,98.98,8,100,62962,1025,61.97,62492,550,33.25,63492,79,4.78,1671,99,1654,4047,8,8
1668146461,2022-11-11 00:01:01 -0600,5ebb180375a9476a3951594f1fe7baea1a638317,TX,48377,2,2022-11-09T01:00:00.000Z,FIPSCode,48377,0,2022-11-11T05:52:16.204Z,8,98.98,8,100,62962,1025,61.97,62492,550,33.25,63492,79,4.78,1671,99,1654,4047,8,8
1668146503,2022-11-11 00:01:43 -0600,7f70eea5e641c61bd48526dbf5baa3345c3d36e0,TX,48377,2,2022-11-09T01:00:00.000Z,FIPSCode,48377,0,2022-11-11T05:52:16.204Z,8,98.98,8,100,62962,1025,61.97,62492,550,33.25,63492,79,4.78,1671,99,1654,4047,8,8
1668146544,2022-11-11 00:02:24 -0600,3012f413fd03f9976d338f5aa47d6fb12c9b3b4e,TX,48377,2,2022-11-09T01:00:00.000Z,FIPSCode,48377,0,2022-11-11T05:52:16.204Z,8,98.98,8,100,62962,1025,61.97,62492,550,33.25,63492,79,4.78,1671,99,1654,4047,8,8
1668146627,2022-11-11 00:03:47 -0600,2920cd4d1408fb3d4c0676f459056927fe42e257,TX,48377,2,2022-11-09T01:00:00.000Z,FIPSCode,48377,0,2022-11-11T05:52:16.204Z,8,98.98,8,100,62962,1025,61.97,62492,550,33.25,63492,79,4.78,1671,99,1654,4047,8,8
1668146713,2022-11-11 00:05:13 -0600,1fa2e8a16ee0da48d6ffc4129c3c5f38f5e264cd,TX,48377,2,2022-11-09T01:00:00.000Z,FIPSCode,48377,0,2022-11-11T05:52:16.204Z,8,98.98,8,100,62962,1025,61.97,62492,550,33.25,63492,79,4.78,1671,99,1654,4047,8,8
1668146757,2022-11-11 00:05:57 -0600,92e7b0210b160de926aa92ebf5a60706e453acd1,TX,48377,2,2022-11-09T01:00:00.000Z,FIPSCode,48377,0,2022-11-11T05:52:16.204Z,8,98.98,8,100,62962,1025,61.97,62492,550,33.25,63492,79,4.78,1671,99,1654,4047,8,8
1668146798,2022-11-11 00:06:38 -0600,5e2e057fac3e4ae8aab10138e1d30f35dcdc96b7,TX,48377,2,2022-11-09T01:00:00.000Z,FIPSCode,48377,0,2022-11-11T05:52:16.204Z,8,98.98,8,100,62962,1025,61.97,62492,550,33.25,63492,79,4.78,1671,99,1654,4047,8,8
1668146839,2022-11-11 00:07:19 -0600,15e7a43198bc3262ccd86be7d230eb1d1a3ff612,TX,48377,2,2022-11-09T01:00:00.000Z,FIPSCode,48377,0,2022-11-11T05:52:16.204Z,8,98.98,8,100,62962,1025,61.97,62492,550,33.25,63492,79,4.78,1671,99,1654,4047,8,8
1668146922,2022-11-11 00:08:42 -0600,f407e555caec9b87a3123866daed19c4bcfe3c83,TX,48377,2,2022-11-09T01:00:00.000Z,FIPSCode,48377,0,2022-11-11T05:52:16.204Z,8,98.98,8,100,62962,1025,61.97,62492,550,33.25,63492,79,4.78,1671,99,1654,4047,8,8
1668146965,2022-11-11 00:09:25 -0600,7f170b56fa94eeb3b133f221e6af38e0674f5146,TX,48377,2,2022-11-09T01:00:00.000Z,FIPSCode,48377,0,2022-11-11T05:52:16.204Z,8,98.98,8,100,62962,1025,61.97,62492,550,33.25,63492,79,4.78,1671,99,1654,4047,8,8
1668147006,2022-11-11 00:10:06 -0600,deb05173744e5e7586dee3746ac535584b7d4d4e,TX,48377,2,2022-11-09T01:00:00.000Z,FIPSCode,48377,0,2022-11-11T05:52:16.204Z,8,98.98,8,100,62962,1025,61.97,62492,550,33.25,63492,79,4.78,1671,99,1654,4047,8,8
1668147052,2022-11-11 00:10:52 -0600,82570cd91a492793c69e3dadee8a4eae87f5623a,TX,48377,2,2022-11-09T01:00:00.000Z,FIPSCode,48377,0,2022-11-11T05:52:16.204Z,8,98.98,8,100,62962,1025,61.97,62492,550,33.25,63492,79,4.78,1671,99,1654,4047,8,8
1668147094,2022-11-11 00:11:34 -0600,4f90dd66cf3b430ef9e4572e5a70ec0792ba346e,TX,48377,2,2022-11-09T01:00:00.000Z,FIPSCode,48377,0,2022-11-11T05:52:16.204Z,8,98.98,8,100,62962,1025,61.97,62492,550,33.25,63492,79,4.78,1671,99,1654,4047,8,8
1668147137,2022-11-11 00:12:17 -0600,fd196433fc53ba8dc16071184f3c2b53c7384ac7,TX,48377,2,2022-11-09T01:00:00.000Z,FIPSCode,48377,0,2022-11-11T05:52:16.204Z,8,98.98,8,100,62962,1025,61.97,62492,550,33.25,63492,79,4.78,1671,99,1654,4047,8,8
1668147177,2022-11-11 00:12:57 -0600,0f8282b46c2daa570b38cbc277dcf27bc3d69b61,TX,48377,2,2022-11-09T01:00:00.000Z,FIPSCode,48377,0,2022-11-11T05:52:16.204Z,8,98.98,8,100,62962,1025,61.97,62492,550,33.25,63492,79,4.78,1671,99,1654,4047,8,8
1668147218,2022-11-11 00:13:38 -0600,5b609a7eb273663da8d1b36edd8aaa3972b9d67b,TX,48377,2,2022-11-09T01:00:00.000Z,FIPSCode,48377,0,2022-11-11T05:52:16.204Z,8,98.98,8,100,62962,1025,61.97,62492,550,33.25,63492,79,4.78,1671,99,1654,4047,8,8
1668147302,2022-11-11 00:15:02 -0600,ad99c807cc3e1f57d70208430fc2279295a041b0,TX,48377,2,2022-11-09T01:00:00.000Z,FIPSCode,48377,0,2022-11-11T05:52:16.204Z,8,98.98,8,100,62962,1025,61.97,62492,550,33.25,63492,79,4.78,1671,99,1654,4047,8,8
1668147392,2022-11-11 00:16:32 -0600,2a5f3a9f927c6401896f670388af6f810e83541d,TX,48377,2,2022-11-09T01:00:00.000Z,FIPSCode,48377,0,2022-11-11T05:52:16.204Z,8,98.98,8,100,62962,1025,61.97,62492,550,33.25,63492,79,4.78,1671,99,1654,4047,8,8
1668147440,2022-11-11 00:17:20 -0600,664e9d8557e1d146f61cf036951c37131cfcb996,TX,48377,2,2022-11-09T01:00:00.000Z,FIPSCode,48377,0,2022-11-11T05:52:16.204Z,8,98.98,8,100,62962,1025,61.97,62492,550,33.25,63492,79,4.78,1671,99,1654,4047,8,8
1668147526,2022-11-11 00:18:46 -0600,a9d3e80e3c9ae0853ac36803790b940d63991b3c,TX,48377,2,2022-11-09T01:00:00.000Z,FIPSCode,48377,0,2022-11-11T05:52:16.204Z,8,98.98,8,100,62962,1025,61.97,62492,550,33.25,63492,79,4.78,1671,99,1654,4047,8,8
1668147566,2022-11-11 00:19:26 -0600,ea34725826c821d02bbc96b0b8b920e8b5711f6f,TX,48377,2,2022-11-09T01:00:00.000Z,FIPSCode,48377,0,2022-11-11T05:52:16.204Z,8,98.98,8,100,62962,1025,61.97,62492,550,33.25,63492,79,4.78,1671,99,1654,4047,8,8
1668147611,2022-11-11 00:20:11 -0600,3cbdc3369bf693fe3d669212f38c8040eeab46c7,TX,48377,2,2022-11-09T01:00:00.000Z,FIPSCode,48377,0,2022-11-11T05:52:16.204Z,8,98.98,8,100,62962,1025,61.97,62492,550,33.25,63492,79,4.78,1671,99,1654,4047,8,8
1668147655,2022-11-11 00:20:55 -0600,65fcc26e8d68beeac07ceaa84f831c39594de6de,TX,48377,2,2022-11-09T01:00:00.000Z,FIPSCode,48377,0,2022-11-11T05:52:16.204Z,8,98.98,8,100,62962,1025,61.97,62492,550,33.25,63492,79,4.78,1671,99,1654,4047,8,8
1668147697,2022-11-11 00:21:37 -0600,4290568267a11e138ee61d51e72dbf397f0c3efb,TX,48377,2,2022-11-09T01:00:00.000Z,FIPSCode,48377,0,2022-11-11T05:52:16.204Z,8,98.98,8,100,62962,1025,61.97,62492,550,33.25,63492,79,4.78,1671,99,1654,4047,8,8
1668147782,2022-11-11 00:23:02 -0600,982efafe33e5ac9260aec24e4a3ae7d15bf93f37,TX,48377,2,2022-11-09T01:00:00.000Z,FIPSCode,48377,0,2022-11-11T05:52:16.204Z,8,98.98,8,100,62962,1025,61.97,62492,550,33.25,63492,79,4.78,1671,99,1654,4047,8,8
1668147823,2022-11-11 00:23:43 -0600,41198d09ef354068512c63dcad35a8ed19c44ecf,TX,48377,2,2022-11-09T01:00:00.000Z,FIPSCode,48377,0,2022-11-11T05:52:16.204Z,8,98.98,8,100,62962,1025,61.97,62492,550,33.25,63492,79,4.78,1671,99,1654,4047,8,8
1668147864,2022-11-11 00:24:24 -0600,8261695efa600a511845baadab2abc47e7674b90,TX,48377,2,2022-11-09T01:00:00.000Z,FIPSCode,48377,0,2022-11-11T05:52:16.204Z,8,98.98,8,100,62962,1025,61.97,62492,550,33.25,63492,79,4.78,1671,99,1654,4047,8,8
1668147949,2022-11-11 00:25:49 -0600,18df5f0c2cb9e793a88b8564bf8b833d8a1db489,TX,48377,2,2022-11-09T01:00:00.000Z,FIPSCode,48377,0,2022-11-11T05:52:16.204Z,8,98.98,8,100,62962,1025,61.97,62492,550,33.25,63492,79,4.78,1671,99,1654,4047,8,8
1668147992,2022-11-11 00:26:32 -0600,6c55cddac1ffab0349eacb5f26600c398be60667,TX,48377,2,2022-11-09T01:00:00.000Z,FIPSCode,48377,0,2022-11-11T05:52:16.204Z,8,98.98,8,100,62962,1025,61.97,62492,550,33.25,63492,79,4.78,1671,99,1654,4047,8,8
1668148036,2022-11-11 00:27:16 -0600,836dfd006ff9c231ee98b94b899d417841021b65,TX,48377,2,2022-11-09T01:00:00.000Z,FIPSCode,48377,0,2022-11-11T05:52:16.204Z,8,98.98,8,100,62962,1025,61.97,62492,550,33.25,63492,79,4.78,1671,99,1654,4047,8,8
1668148077,2022-11-11 00:27:57 -0600,3b1ca5c5217fa86f71caa09d5590f9f9f278f956,TX,48377,2,2022-11-09T01:00:00.000Z,FIPSCode,48377,0,2022-11-11T05:52:16.204Z,8,98.98,8,100,62962,1025,61.97,62492,550,33.25,63492,79,4.78,1671,99,1654,4047,8,8
1668148121,2022-11-11 00:28:41 -0600,a0843ca8598b00b63d71a8d12c85e657cbeecd9a,TX,48377,2,2022-11-09T01:00:00.000Z,FIPSCode,48377,0,2022-11-11T05:52:16.204Z,8,98.98,8,100,62962,1025,61.97,62492,550,33.25,63492,79,4.78,1671,99,1654,4047,8,8
1668148163,2022-11-11 00:29:23 -0600,611844577573ec6fffdd6ca6a81be30c22fac640,TX,48377,2,2022-11-09T01:00:00.000Z,FIPSCode,48377,0,2022-11-11T05:52:16.204Z,8,98.98,8,100,62962,1025,61.97,62492,550,33.25,63492,79,4.78,1671,99,1654,4047,8,8
1668148206,2022-11-11 00:30:06 -0600,48d2d8928d33b1b23720913edefb58083ddf92fa,TX,48377,2,2022-11-09T01:00:00.000Z,FIPSCode,48377,0,2022-11-11T05:52:16.204Z,8,98.98,8,100,62962,1025,61.97,62492,550,33.25,63492,79,4.78,1671,99,1654,4047,8,8
1668148247,2022-11-11 00:30:47 -0600,daee8727d3039c5bdfbc4f0b62548a471387391f,TX,48377,2,2022-11-09T01:00:00.000Z,FIPSCode,48377,0,2022-11-11T05:52:16.204Z,8,98.98,8,100,62962,1025,61.97,62492,550,33.25,63492,79,4.78,1671,99,1654,4047,8,8
1668148289,2022-11-11 00:31:29 -0600,a575a78743471fd0c9d39415785e5a53f8e67f88,TX,48377,2,2022-11-09T01:00:00.000Z,FIPSCode,48377,0,2022-11-11T05:52:16.204Z,8,98.98,8,100,62962,1025,61.97,62492,550,33.25,63492,79,4.78,1671,99,1654,4047,8,8
1668148332,2022-11-11 00:32:12 -0600,b15828c21d490a3433b2d47d75f4db41e1702b97,TX,48377,2,2022-11-09T01:00:00.000Z,FIPSCode,48377,0,2022-11-11T05:52:16.204Z,8,98.98,8,100,62962,1025,61.97,62492,550,33.25,63492,79,4.78,1671,99,1654,4047,8,8
1668148373,2022-11-11 00:32:53 -0600,61d1164b07fc6dd064c84feea1fa25fcb0c6bf46,TX,48377,2,2022-11-09T01:00:00.000Z,FIPSCode,48377,0,2022-11-11T05:52:16.204Z,8,98.98,8,100,62962,1025,61.97,62492,550,33.25,63492,79,4.78,1671,99,1654,4047,8,8
1668148415,2022-11-11 00:33:35 -0600,baaf60b6812b9aed94609ba4f3e945b7d6bc1671,TX,48377,2,2022-11-09T01:00:00.000Z,FIPSCode,48377,0,2022-11-11T06:33:18.163Z,8,98.98,8,100,62962,1025,61.97,62492,550,33.25,63492,79,4.78,1671,99,1654,4047,8,8
1668148458,2022-11-11 00:34:18 -0600,294f6e7a2e227294e69221d979ab9ec17e5d45e7,TX,48377,2,2022-11-09T01:00:00.000Z,FIPSCode,48377,0,2022-11-11T06:33:18.163Z,8,98.98,8,100,62962,1025,61.97,62492,550,33.25,63492,79,4.78,1671,99,1654,4047,8,8
1668148503,2022-11-11 00:35:03 -0600,a6b04bde4d8693c4d2467833fe6de3d9b7194b67,TX,48377,2,2022-11-09T01:00:00.000Z,FIPSCode,48377,0,2022-11-11T06:33:18.163Z,8,98.98,8,100,62962,1025,61.97,62492,550,33.25,63492,79,4.78,1671,99,1654,4047,8,8
1668148544,2022-11-11 00:35:44 -0600,fb19504aa1f1a9a80c4f90c934ea72ef3e90fa24,TX,48377,2,2022-11-09T01:00:00.000Z,FIPSCode,48377,0,2022-11-11T06:35:13.236Z,8,98.98,8,100,62962,1025,61.97,62492,550,33.25,63492,79,4.78,1671,99,1654,4047,8,8
1668148587,2022-11-11 00:36:27 -0600,ed24072f18f9981f710afc10f8bc97dec550fc2b,TX,48377,2,2022-11-09T01:00:00.000Z,FIPSCode,48377,0,2022-11-11T06:35:13.236Z,8,98.98,8,100,62962,1025,61.97,62492,550,33.25,63492,79,4.78,1671,99,1654,4047,8,8
1668148671,2022-11-11 00:37:51 -0600,1b00ff4930c93e8f134bd7976f37cf5b9c32fea4,TX,48377,2,2022-11-09T01:00:00.000Z,FIPSCode,48377,0,2022-11-11T06:35:13.236Z,8,98.98,8,100,62962,1025,61.97,62492,550,33.25,63492,79,4.78,1671,99,1654,4047,8,8
1668148712,2022-11-11 00:38:32 -0600,d2f756ca132547efcd6711f957a752f09a359f09,TX,48377,2,2022-11-09T01:00:00.000Z,FIPSCode,48377,0,2022-11-11T06:35:13.236Z,8,98.98,8,100,62962,1025,61.97,62492,550,33.25,63492,79,4.78,1671,99,1654,4047,8,8
1668148799,2022-11-11 00:39:59 -0600,88763d71f95c7d623fd1c75d8c6a99eb2eb33b3e,TX,48377,2,2022-11-09T01:00:00.000Z,FIPSCode,48377,0,2022-11-11T06:35:13.236Z,8,98.98,8,100,62962,1025,61.97,62492,550,33.25,63492,79,4.78,1671,99,1654,4047,8,8
1668148841,2022-11-11 00:40:41 -0600,ffdfd66c41183d07f715767916e043f9fac27f4b,TX,48377,2,2022-11-09T01:00:00.000Z,FIPSCode,48377,0,2022-11-11T06:35:13.236Z,8,98.98,8,100,62962,1025,61.97,62492,550,33.25,63492,79,4.78,1671,99,1654,4047,8,8
1668148883,2022-11-11 00:41:23 -0600,4b5c8faeccdef456741c3f4f4b140e3c0bc772dd,TX,48377,2,2022-11-09T01:00:00.000Z,FIPSCode,48377,0,2022-11-11T06:35:13.236Z,8,98.98,8,100,62962,1025,61.97,62492,550,33.25,63492,79,4.78,1671,99,1654,4047,8,8
1668148925,2022-11-11 00:42:05 -0600,0bc412cc856cf28c327a0fdebcc9ca32b17ab05d,TX,48377,2,2022-11-09T01:00:00.000Z,FIPSCode,48377,0,2022-11-11T06:35:13.236Z,8,98.98,8,100,62962,1025,61.97,62492,550,33.25,63492,79,4.78,1671,99,1654,4047,8,8
1668148969,2022-11-11 00:42:49 -0600,ca705b0acc157b97bf7e63f3fb1f3136e1e34864,TX,48377,2,2022-11-09T01:00:00.000Z,FIPSCode,48377,0,2022-11-11T06:35:13.236Z,8,98.98,8,100,62962,1025,61.97,62492,550,33.25,63492,79,4.78,1671,99,1654,4047,8,8
1668149011,2022-11-11 00:43:31 -0600,34b064fd3d18321b5d09c4f9ac64f044a88f05c3,TX,48377,2,2022-11-09T01:00:00.000Z,FIPSCode,48377,0,2022-11-11T06:35:13.236Z,8,98.98,8,100,62962,1025,61.97,62492,550,33.25,63492,79,4.78,1671,99,1654,4047,8,8
1668149053,2022-11-11 00:44:13 -0600,503fe749208991e65b3a0e51b4aa5bf59fc140f4,TX,48377,2,2022-11-09T01:00:00.000Z,FIPSCode,48377,0,2022-11-11T06:35:13.236Z,8,98.98,8,100,62962,1025,61.97,62492,550,33.25,63492,79,4.78,1671,99,1654,4047,8,8
1668149097,2022-11-11 00:44:57 -0600,86e40ab185d7e800d082e097c6d02986eb9df69a,TX,48377,2,2022-11-09T01:00:00.000Z,FIPSCode,48377,0,2022-11-11T06:35:13.236Z,8,98.98,8,100,62962,1025,61.97,62492,550,33.25,63492,79,4.78,1671,99,1654,4047,8,8
1668149139,2022-11-11 00:45:39 -0600,8067909cae6be1689c05c0d340a8d6f836ecd710,TX,48377,2,2022-11-09T01:00:00.000Z,FIPSCode,48377,0,2022-11-11T06:35:13.236Z,8,98.98,8,100,62962,1025,61.97,62492,550,33.25,63492,79,4.78,1671,99,1654,4047,8,8
1668149182,2022-11-11 00:46:22 -0600,57dcf120187a2fe2950e4d85e7b7f2ce6e12df1b,TX,48377,2,2022-11-09T01:00:00.000Z,FIPSCode,48377,0,2022-11-11T06:35:13.236Z,8,98.98,8,100,62962,1025,61.97,62492,550,33.25,63492,79,4.78,1671,99,1654,4047,8,8
1668149225,2022-11-11 00:47:05 -0600,d9762a3ef45107c8d395de071b5a4c9d1cc5db7c,TX,48377,2,2022-11-09T01:00:00.000Z,FIPSCode,48377,0,2022-11-11T06:35:13.236Z,8,98.98,8,100,62962,1025,61.97,62492,550,33.25,63492,79,4.78,1671,99,1654,4047,8,8
1668149267,2022-11-11 00:47:47 -0600,bf7feb293ed8fd5529078911c50bc345a5386c5d,TX,48377,2,2022-11-09T01:00:00.000Z,FIPSCode,48377,0,2022-11-11T06:35:13.236Z,8,98.98,8,100,62962,1025,61.97,62492,550,33.25,63492,79,4.78,1671,99,1654,4047,8,8
1668149313,2022-11-11 00:48:33 -0600,7333185063e689acf93bdb3f2a65b9103e325772,TX,48377,2,2022-11-09T01:00:00.000Z,FIPSCode,48377,0,2022-11-11T06:35:13.236Z,8,98.98,8,100,62962,1025,61.97,62492,550,33.25,63492,79,4.78,1671,99,1654,4047,8,8
1668149395,2022-11-11 00:49:55 -0600,8f5cf2536ef6d85cf7f91329656c47c6efcca0b2,TX,48377,2,2022-11-09T01:00:00.000Z,FIPSCode,48377,0,2022-11-11T06:35:13.236Z,8,98.98,8,100,62962,1025,61.97,62492,550,33.25,63492,79,4.78,1671,99,1654,4047,8,8
1668149440,2022-11-11 00:50:40 -0600,11a4bfe383aeace498a5605b10f40bd4a7d5caa4,TX,48377,2,2022-11-09T01:00:00.000Z,FIPSCode,48377,0,2022-11-11T06:35:13.236Z,8,98.98,8,100,62962,1025,61.97,62492,550,33.25,63492,79,4.78,1671,99,1654,4047,8,8
1668149483,2022-11-11 00:51:23 -0600,b712d85606942557572eb90cc1a16ccb175fda36,TX,48377,2,2022-11-09T01:00:00.000Z,FIPSCode,48377,0,2022-11-11T06:35:13.236Z,8,98.98,8,100,62962,1025,61.97,62492,550,33.25,63492,79,4.78,1671,99,1654,4047,8,8
1668149525,2022-11-11 00:52:05 -0600,6f1b2a03fb998763a392c53d92ee4592a5a34067,TX,48377,2,2022-11-09T01:00:00.000Z,FIPSCode,48377,0,2022-11-11T06:35:13.236Z,8,98.98,8,100,62962,1025,61.97,62492,550,33.25,63492,79,4.78,1671,99,1654,4047,8,8
1668149567,2022-11-11 00:52:47 -0600,cc54580cdb3aa095ac0a4b7885aa042b6c0b65c1,TX,48377,2,2022-11-09T01:00:00.000Z,FIPSCode,48377,0,2022-11-11T06:35:13.236Z,8,98.98,8,100,62962,1025,61.97,62492,550,33.25,63492,79,4.78,1671,99,1654,4047,8,8
1668149609,2022-11-11 00:53:29 -0600,be07b5ff5a890ceaced87613d3b5bd12e05ffd5f,TX,48377,2,2022-11-09T01:00:00.000Z,FIPSCode,48377,0,2022-11-11T06:35:13.236Z,8,98.98,8,100,62962,1025,61.97,62492,550,33.25,63492,79,4.78,1671,99,1654,4047,8,8
1668149653,2022-11-11 00:54:13 -0600,fa520b8666421e9607ae979d3df5b76e34e16019,TX,48377,2,2022-11-09T01:00:00.000Z,FIPSCode,48377,0,2022-11-11T06:35:13.236Z,8,98.98,8,100,62962,1025,61.97,62492,550,33.25,63492,79,4.78,1671,99,1654,4047,8,8
1668149740,2022-11-11 00:55:40 -0600,85cac25c5a4d65d5227f661edfbb9b75b70230d6,TX,48377,2,2022-11-09T01:00:00.000Z,FIPSCode,48377,0,2022-11-11T06:35:13.236Z,8,98.98,8,100,62962,1025,61.97,62492,550,33.25,63492,79,4.78,1671,99,1654,4047,8,8
1668149780,2022-11-11 00:56:20 -0600,ce56e8e98c2f6d8802f94c5dfede20cfcda2e8f1,TX,48377,2,2022-11-09T01:00:00.000Z,FIPSCode,48377,0,2022-11-11T06:35:13.236Z,8,98.98,8,100,62962,1025,61.97,62492,550,33.25,63492,79,4.78,1671,99,1654,4047,8,8
1668149822,2022-11-11 00:57:02 -0600,cacd9cc978f421453e5a7225d41acfe0d2c47777,TX,48377,2,2022-11-09T01:00:00.000Z,FIPSCode,48377,0,2022-11-11T06:35:13.236Z,8,98.98,8,100,62962,1025,61.97,62492,550,33.25,63492,79,4.78,1671,99,1654,4047,8,8
1668149864,2022-11-11 00:57:44 -0600,5d48c659e787917b7da71eff25995a15c68df851,TX,48377,2,2022-11-09T01:00:00.000Z,FIPSCode,48377,0,2022-11-11T06:35:13.236Z,8,98.98,8,100,62962,1025,61.97,62492,550,33.25,63492,79,4.78,1671,99,1654,4047,8,8
1668149906,2022-11-11 00:58:26 -0600,ebce7f24e8a1c69efc0203fd3b3cb8ea8ddfce44,TX,48377,2,2022-11-09T01:00:00.000Z,FIPSCode,48377,0,2022-11-11T06:35:13.236Z,8,98.98,8,100,62962,1025,61.97,62492,550,33.25,63492,79,4.78,1671,99,1654,4047,8,8
1668149948,2022-11-11 00:59:08 -0600,1769a720e8a606a01744010cd104e96bc83a29ab,TX,48377,2,2022-11-09T01:00:00.000Z,FIPSCode,48377,0,2022-11-11T06:35:13.236Z,8,98.98,8,100,62962,1025,61.97,62492,550,33.25,63492,79,4.78,1671,99,1654,4047,8,8
1668149990,2022-11-11 00:59:50 -0600,cf91d5f30755c67d1d43f043ae59f53512d05f0f,TX,48377,2,2022-11-09T01:00:00.000Z,FIPSCode,48377,0,2022-11-11T06:35:13.236Z,8,98.98,8,100,62962,1025,61.97,62492,550,33.25,63492,79,4.78,1671,99,1654,4047,8,8
1668150034,2022-11-11 01:00:34 -0600,fc5eb5ab59ae1cd11155dd7bcb4205dd794a67b2,TX,48377,2,2022-11-09T01:00:00.000Z,FIPSCode,48377,0,2022-11-11T06:35:13.236Z,8,98.98,8,100,62962,1025,61.97,62492,550,33.25,63492,79,4.78,1671,99,1654,4047,8,8
1668150074,2022-11-11 01:01:14 -0600,28f1cb57b953f7f8ff7ff090d7b03a07978b96db,TX,48377,2,2022-11-09T01:00:00.000Z,FIPSCode,48377,0,2022-11-11T06:35:13.236Z,8,98.98,8,100,62962,1025,61.97,62492,550,33.25,63492,79,4.78,1671,99,1654,4047,8,8
1668150116,2022-11-11 01:01:56 -0600,623d9aff3a5eafc1fa1d49a1bdce79e5f3028626,TX,48377,2,2022-11-09T01:00:00.000Z,FIPSCode,48377,0,2022-11-11T06:35:13.236Z,8,98.98,8,100,62962,1025,61.97,62492,550,33.25,63492,79,4.78,1671,99,1654,4047,8,8
1668150157,2022-11-11 01:02:37 -0600,bc3048d46ba47a6341ea8ca9ef325b9f0b6acb8c,TX,48377,2,2022-11-09T01:00:00.000Z,FIPSCode,48377,0,2022-11-11T06:35:13.236Z,8,98.98,8,100,62962,1025,61.97,62492,550,33.25,63492,79,4.78,1671,99,1654,4047,8,8
1668150202,2022-11-11 01:03:22 -0600,aa8d5cd92ff404ffe61290775c7372fc44259dd1,TX,48377,2,2022-11-09T01:00:00.000Z,FIPSCode,48377,0,2022-11-11T06:35:13.236Z,8,98.98,8,100,62962,1025,61.97,62492,550,33.25,63492,79,4.78,1671,99,1654,4047,8,8
1668150242,2022-11-11 01:04:02 -0600,9a2bfde97c49bfbe33d2e8713a7e2149fb78fba4,TX,48377,2,2022-11-09T01:00:00.000Z,FIPSCode,48377,0,2022-11-11T06:35:13.236Z,8,98.98,8,100,62962,1025,61.97,62492,550,33.25,63492,79,4.78,1671,99,1654,4047,8,8
1668150283,2022-11-11 01:04:43 -0600,e3d402d8173bb59d014928b7101eb2aa599c5abb,TX,48377,2,2022-11-09T01:00:00.000Z,FIPSCode,48377,0,2022-11-11T06:35:13.236Z,8,98.98,8,100,62962,1025,61.97,62492,550,33.25,63492,79,4.78,1671,99,1654,4047,8,8
1668150367,2022-11-11 01:06:07 -0600,567d508cbc3d5165a398ee53ceeed5271a39e99d,TX,48377,2,2022-11-09T01:00:00.000Z,FIPSCode,48377,0,2022-11-11T06:35:13.236Z,8,98.98,8,100,62962,1025,61.97,62492,550,33.25,63492,79,4.78,1671,99,1654,4047,8,8
1668150408,2022-11-11 01:06:48 -0600,00074b195cbdf2ebaa920ba701131ee83d207d3d,TX,48377,2,2022-11-09T01:00:00.000Z,FIPSCode,48377,0,2022-11-11T06:35:13.236Z,8,98.98,8,100,62962,1025,61.97,62492,550,33.25,63492,79,4.78,1671,99,1654,4047,8,8
1668150496,2022-11-11 01:08:16 -0600,5304a8fdf26f5ac6d813c020932c1ae408f5bb5f,TX,48377,2,2022-11-09T01:00:00.000Z,FIPSCode,48377,0,2022-11-11T06:35:13.236Z,8,98.98,8,100,62962,1025,61.97,62492,550,33.25,63492,79,4.78,1671,99,1654,4047,8,8
1668150535,2022-11-11 01:08:55 -0600,1e50c681c14fee8e0ac60169f64b36456b8758bc,TX,48377,2,2022-11-09T01:00:00.000Z,FIPSCode,48377,0,2022-11-11T06:35:13.236Z,8,98.98,8,100,62962,1025,61.97,62492,550,33.25,63492,79,4.78,1671,99,1654,4047,8,8
1668150577,2022-11-11 01:09:37 -0600,0abbfde187a9220c52236003e7418badd8862860,TX,48377,2,2022-11-09T01:00:00.000Z,FIPSCode,48377,0,2022-11-11T06:35:13.236Z,8,98.98,8,100,62962,1025,61.97,62492,550,33.25,63492,79,4.78,1671,99,1654,4047,8,8
1668150622,2022-11-11 01:10:22 -0600,2a261ea1197d0ea7a6e576ee534e90bd58c90db6,TX,48377,2,2022-11-09T01:00:00.000Z,FIPSCode,48377,0,2022-11-11T06:35:13.236Z,8,98.98,8,100,62962,1025,61.97,62492,550,33.25,63492,79,4.78,1671,99,1654,4047,8,8
1668150661,2022-11-11 01:11:01 -0600,e6306073836abfb050a029397aa59180a526e44d,TX,48377,2,2022-11-09T01:00:00.000Z,FIPSCode,48377,0,2022-11-11T06:35:13.236Z,8,98.98,8,100,62962,1025,61.97,62492,550,33.25,63492,79,4.78,1671,99,1654,4047,8,8
1668150702,2022-11-11 01:11:42 -0600,25c375c069d0b95d954a77aa4b349e68c7319039,TX,48377,2,2022-11-09T01:00:00.000Z,FIPSCode,48377,0,2022-11-11T06:35:13.236Z,8,98.98,8,100,62962,1025,61.97,62492,550,33.25,63492,79,4.78,1671,99,1654,4047,8,8
1668150917,2022-11-11 01:15:17 -0600,e8911d36fa572c12b2c4af83a1e0edea18cc8b60,TX,48377,2,2022-11-09T01:00:00.000Z,FIPSCode,48377,0,2022-11-11T06:35:13.236Z,8,98.98,8,100,62962,1025,61.97,62492,550,33.25,63492,79,4.78,1671,99,1654,4047,8,8
1668150957,2022-11-11 01:15:57 -0600,3fc09609009049fb4a42b976782c9ca65ff956a0,TX,48377,2,2022-11-09T01:00:00.000Z,FIPSCode,48377,0,2022-11-11T06:35:13.236Z,8,98.98,8,100,62962,1025,61.97,62492,550,33.25,63492,79,4.78,1671,99,1654,4047,8,8
1668151000,2022-11-11 01:16:40 -0600,e7a73fddab3025a6eaa05bf07a0cd02e43c058dc,TX,48377,2,2022-11-09T01:00:00.000Z,FIPSCode,48377,0,2022-11-11T06:35:13.236Z,8,98.98,8,100,62962,1025,61.97,62492,550,33.25,63492,79,4.78,1671,99,1654,4047,8,8
1668151082,2022-11-11 01:18:02 -0600,3cdc5cf5dbeac780e048bbf43b4a460866922bd3,TX,48377,2,2022-11-09T01:00:00.000Z,FIPSCode,48377,0,2022-11-11T06:35:13.236Z,8,98.98,8,100,62962,1025,61.97,62492,550,33.25,63492,79,4.78,1671,99,1654,4047,8,8
1668151128,2022-11-11 01:18:48 -0600,3c96e086483590134e8ac2c7b03dc812aff58273,TX,48377,2,2022-11-09T01:00:00.000Z,FIPSCode,48377,0,2022-11-11T06:35:13.236Z,8,98.98,8,100,62962,1025,61.97,62492,550,33.25,63492,79,4.78,1671,99,1654,4047,8,8
1668151170,2022-11-11 01:19:30 -0600,59295ea539bd6755013803bb58598cfa5181afd1,TX,48377,2,2022-11-09T01:00:00.000Z,FIPSCode,48377,0,2022-11-11T06:35:13.236Z,8,98.98,8,100,62962,1025,61.97,62492,550,33.25,63492,79,4.78,1671,99,1654,4047,8,8
1668151213,2022-11-11 01:20:13 -0600,e030813863e953047fd2762eff3bbd0ca127143e,TX,48377,2,2022-11-09T01:00:00.000Z,FIPSCode,48377,0,2022-11-11T06:35:13.236Z,8,98.98,8,100,62962,1025,61.97,62492,550,33.25,63492,79,4.78,1671,99,1654,4047,8,8
1668151256,2022-11-11 01:20:56 -0600,528ebdd2dadf24913dfd77c6f8d41f7e43879a06,TX,48377,2,2022-11-09T01:00:00.000Z,FIPSCode,48377,0,2022-11-11T06:35:13.236Z,8,98.98,8,100,62962,1025,61.97,62492,550,33.25,63492,79,4.78,1671,99,1654,4047,8,8
1668151560,2022-11-11 01:26:00 -0600,f0c7a38e82ee2c02a78652782cf41c66fec4debe,TX,48377,2,2022-11-09T01:00:00.000Z,FIPSCode,48377,0,2022-11-11T07:24:17.881Z,8,98.98,8,100,62962,1025,61.97,62492,550,33.25,63492,79,4.78,1671,99,1654,4047,8,8
1668151601,2022-11-11 01:26:41 -0600,c0f673d6d1a69d986934c67d11e590027db91d99,TX,48377,2,2022-11-09T01:00:00.000Z,FIPSCode,48377,0,2022-11-11T07:26:18.725Z,8,98.98,8,100,62962,1025,61.97,62492,550,33.25,63492,79,4.78,1671,99,1654,4047,8,8
1668151644,2022-11-11 01:27:24 -0600,2711b200028b29c0f9e39720734dc5f2f6e1b4bc,TX,48377,2,2022-11-09T01:00:00.000Z,FIPSCode,48377,0,2022-11-11T07:26:18.725Z,8,98.98,8,100,62962,1025,61.97,62492,550,33.25,63492,79,4.78,1671,99,1654,4047,8,8
1668151686,2022-11-11 01:28:06 -0600,9278a60f736f6a440a18420d250cd6774fc3ede4,TX,48377,2,2022-11-09T01:00:00.000Z,FIPSCode,48377,0,2022-11-11T07:26:18.725Z,8,98.98,8,100,62962,1025,61.97,62492,550,33.25,63492,79,4.78,1671,99,1654,4047,8,8
1668151735,2022-11-11 01:28:55 -0600,49fa98772027c1c9ead0eb0d2a54aa0c562423e6,TX,48377,2,2022-11-09T01:00:00.000Z,FIPSCode,48377,0,2022-11-11T07:26:18.725Z,8,98.98,8,100,62962,1025,61.97,62492,550,33.25,63492,79,4.78,1671,99,1654,4047,8,8
1668151816,2022-11-11 01:30:16 -0600,1633fc98c0e669c6da0b3e798ee22bb8ff5360d0,TX,48377,2,2022-11-09T01:00:00.000Z,FIPSCode,48377,0,2022-11-11T07:26:18.725Z,8,98.98,8,100,62962,1025,61.97,62492,550,33.25,63492,79,4.78,1671,99,1654,4047,8,8
1668151857,2022-11-11 01:30:57 -0600,909c31402e21457ed3431091ea1998e1e80c6c87,TX,48377,2,2022-11-09T01:00:00.000Z,FIPSCode,48377,0,2022-11-11T07:26:18.725Z,8,98.98,8,100,62962,1025,61.97,62492,550,33.25,63492,79,4.78,1671,99,1654,4047,8,8
1668151900,2022-11-11 01:31:40 -0600,4d8b03644d83f96674b353315ba61330b64ca67d,TX,48377,2,2022-11-09T01:00:00.000Z,FIPSCode,48377,0,2022-11-11T07:26:18.725Z,8,98.98,8,100,62962,1025,61.97,62492,550,33.25,63492,79,4.78,1671,99,1654,4047,8,8
1668151942,2022-11-11 01:32:22 -0600,248c91aecdf9d50dafed48a713fa8a862f82f193,TX,48377,2,2022-11-09T01:00:00.000Z,FIPSCode,48377,0,2022-11-11T07:26:18.725Z,8,98.98,8,100,62962,1025,61.97,62492,550,33.25,63492,79,4.78,1671,99,1654,4047,8,8
1668151984,2022-11-11 01:33:04 -0600,3e3d9ed8cc3e701640b5a00ebd1c7fc0e9ff9429,TX,48377,2,2022-11-09T01:00:00.000Z,FIPSCode,48377,0,2022-11-11T07:26:18.725Z,8,98.98,8,100,62962,1025,61.97,62492,550,33.25,63492,79,4.78,1671,99,1654,4047,8,8
1668152032,2022-11-11 01:33:52 -0600,0400d1796ea1019d1138fb06cad3d518b884c827,TX,48377,2,2022-11-09T01:00:00.000Z,FIPSCode,48377,0,2022-11-11T07:26:18.725Z,8,98.98,8,100,62962,1025,61.97,62492,550,33.25,63492,79,4.78,1671,99,1654,4047,8,8
1668152071,2022-11-11 01:34:31 -0600,1c6872834624ea8376a7425ea88c04d3620791f3,TX,48377,2,2022-11-09T01:00:00.000Z,FIPSCode,48377,0,2022-11-11T07:26:18.725Z,8,98.98,8,100,62962,1025,61.97,62492,550,33.25,63492,79,4.78,1671,99,1654,4047,8,8
1668152114,2022-11-11 01:35:14 -0600,e0b39fecb1b333a8ff027c82e1b749f400fd2a8e,TX,48377,2,2022-11-09T01:00:00.000Z,FIPSCode,48377,0,2022-11-11T07:26:18.725Z,8,98.98,8,100,62962,1025,61.97,62492,550,33.25,63492,79,4.78,1671,99,1654,4047,8,8
1668152158,2022-11-11 01:35:58 -0600,8ee379cc2b66c840a0ff60dcd96668207d0c3f47,TX,48377,2,2022-11-09T01:00:00.000Z,FIPSCode,48377,0,2022-11-11T07:26:18.725Z,8,98.98,8,100,62962,1025,61.97,62492,550,33.25,63492,79,4.78,1671,99,1654,4047,8,8
1668152197,2022-11-11 01:36:37 -0600,fc2ac7a6609512db83e61414eb4c266f9942d845,TX,48377,2,2022-11-09T01:00:00.000Z,FIPSCode,48377,0,2022-11-11T07:26:18.725Z,8,98.98,8,100,62962,1025,61.97,62492,550,33.25,63492,79,4.78,1671,99,1654,4047,8,8
1668152239,2022-11-11 01:37:19 -0600,9dc3e4b7384ede91e47fa411710694cbd7fc54fa,TX,48377,2,2022-11-09T01:00:00.000Z,FIPSCode,48377,0,2022-11-11T07:26:18.725Z,8,98.98,8,100,62962,1025,61.97,62492,550,33.25,63492,79,4.78,1671,99,1654,4047,8,8
1668152281,2022-11-11 01:38:01 -0600,322aa015e5b8a1aa8fb69bb5737960bc98739031,TX,48377,2,2022-11-09T01:00:00.000Z,FIPSCode,48377,0,2022-11-11T07:26:18.725Z,8,98.98,8,100,62962,1025,61.97,62492,550,33.25,63492,79,4.78,1671,99,1654,4047,8,8
1668152331,2022-11-11 01:38:51 -0600,6f49c398e6ef958117909fbdc9e946dd667cc785,TX,48377,2,2022-11-09T01:00:00.000Z,FIPSCode,48377,0,2022-11-11T07:26:18.725Z,8,98.98,8,100,62962,1025,61.97,62492,550,33.25,63492,79,4.78,1671,99,1654,4047,8,8
1668152503,2022-11-11 01:41:43 -0600,8354583487da191bdd6ec0895fa65668e02f7f46,TX,48377,2,2022-11-09T01:00:00.000Z,FIPSCode,48377,0,2022-11-11T07:26:18.725Z,8,98.98,8,100,62962,1025,61.97,62492,550,33.25,63492,79,4.78,1671,99,1654,4047,8,8
1668152546,2022-11-11 01:42:26 -0600,3c29258f03db820a9de6d48bd02ac53f17b3cc32,TX,48377,2,2022-11-09T01:00:00.000Z,FIPSCode,48377,0,2022-11-11T07:26:18.725Z,8,98.98,8,100,62962,1025,61.97,62492,550,33.25,63492,79,4.78,1671,99,1654,4047,8,8
1668152588,2022-11-11 01:43:08 -0600,3d6a09200f7011176ce52bbbcb687d92b96d86ea,TX,48377,2,2022-11-09T01:00:00.000Z,FIPSCode,48377,0,2022-11-11T07:26:18.725Z,8,98.98,8,100,62962,1025,61.97,62492,550,33.25,63492,79,4.78,1671,99,1654,4047,8,8
1668152632,2022-11-11 01:43:52 -0600,0e4e49f923bc4e8918cbf23016426bee1e7a81d5,TX,48377,2,2022-11-09T01:00:00.000Z,FIPSCode,48377,0,2022-11-11T07:26:18.725Z,8,98.98,8,100,62962,1025,61.97,62492,550,33.25,63492,79,4.78,1671,99,1654,4047,8,8
1668152677,2022-11-11 01:44:37 -0600,33f945f7480f09822fd607cca15b2d01e9718508,TX,48377,2,2022-11-09T01:00:00.000Z,FIPSCode,48377,0,2022-11-11T07:26:18.725Z,8,98.98,8,100,62962,1025,61.97,62492,550,33.25,63492,79,4.78,1671,99,1654,4047,8,8
1668153012,2022-11-11 01:50:12 -0600,13c3a5de19bc7283f95037878c56761537425f09,TX,48377,2,2022-11-09T01:00:00.000Z,FIPSCode,48377,0,2022-11-11T07:26:18.725Z,8,98.98,8,100,62962,1025,61.97,62492,550,33.25,63492,79,4.78,1671,99,1654,4047,8,8
1668153055,2022-11-11 01:50:55 -0600,5b1bd4287cdb704c6656d852c63d81f8d53e1b16,TX,48377,2,2022-11-09T01:00:00.000Z,FIPSCode,48377,0,2022-11-11T07:26:18.725Z,8,98.98,8,100,62962,1025,61.97,62492,550,33.25,63492,79,4.78,1671,99,1654,4047,8,8
1668153111,2022-11-11 01:51:51 -0600,4695880465a6cc118845ceadaf61a4c61bf7b4d7,TX,48377,2,2022-11-09T01:00:00.000Z,FIPSCode,48377,0,2022-11-11T07:26:18.725Z,8,98.98,8,100,62962,1025,61.97,62492,550,33.25,63492,79,4.78,1671,99,1654,4047,8,8
1668153158,2022-11-11 01:52:38 -0600,15208baec409e981af41065e0e9f3e0eaa9c7896,TX,48377,2,2022-11-09T01:00:00.000Z,FIPSCode,48377,0,2022-11-11T07:26:18.725Z,8,98.98,8,100,62962,1025,61.97,62492,550,33.25,63492,79,4.78,1671,99,1654,4047,8,8
1668153201,2022-11-11 01:53:21 -0600,eb84b225cd25d294bc4368d738355baff861b8ea,TX,48377,2,2022-11-09T01:00:00.000Z,FIPSCode,48377,0,2022-11-11T07:26:18.725Z,8,98.98,8,100,62962,1025,61.97,62492,550,33.25,63492,79,4.78,1671,99,1654,4047,8,8
1668153244,2022-11-11 01:54:04 -0600,8774dc7c9bcd075e57fc3184b27298f569248b66,TX,48377,2,2022-11-09T01:00:00.000Z,FIPSCode,48377,0,2022-11-11T07:26:18.725Z,8,98.98,8,100,62962,1025,61.97,62492,550,33.25,63492,79,4.78,1671,99,1654,4047,8,8
1668153286,2022-11-11 01:54:46 -0600,d360f882ddf06eeca9d3a4181d27dc30fb4b5757,TX,48377,2,2022-11-09T01:00:00.000Z,FIPSCode,48377,0,2022-11-11T07:26:18.725Z,8,98.98,8,100,62962,1025,61.97,62492,550,33.25,63492,79,4.78,1671,99,1654,4047,8,8
1668153407,2022-11-11 01:56:47 -0600,a65a1a2e4624ac61f36f5110f5ad55bcdb2275c5,TX,48377,2,2022-11-09T01:00:00.000Z,FIPSCode,48377,0,2022-11-11T07:26:18.725Z,8,98.98,8,100,62962,1025,61.97,62492,550,33.25,63492,79,4.78,1671,99,1654,4047,8,8
1668153450,2022-11-11 01:57:30 -0600,fbe4e612ffdedb7c246cb8100fee79c384b60095,TX,48377,2,2022-11-09T01:00:00.000Z,FIPSCode,48377,0,2022-11-11T07:26:18.725Z,8,98.98,8,100,62962,1025,61.97,62492,550,33.25,63492,79,4.78,1671,99,1654,4047,8,8
1668153488,2022-11-11 01:58:08 -0600,f37ea4d4e1c27138f7e2b98e26276e18a0622c79,TX,48377,2,2022-11-09T01:00:00.000Z,FIPSCode,48377,0,2022-11-11T07:26:18.725Z,8,98.98,8,100,62962,1025,61.97,62492,550,33.25,63492,79,4.78,1671,99,1654,4047,8,8
1668153569,2022-11-11 01:59:29 -0600,eeaea2b2733f1c007de1c686341ca2c55588b23d,TX,48377,2,2022-11-09T01:00:00.000Z,FIPSCode,48377,0,2022-11-11T07:26:18.725Z,8,98.98,8,100,62962,1025,61.97,62492,550,33.25,63492,79,4.78,1671,99,1654,4047,8,8
1668153607,2022-11-11 02:00:07 -0600,fb9e075cb419abcf59dd506312534d581539e0b9,TX,48377,2,2022-11-09T01:00:00.000Z,FIPSCode,48377,0,2022-11-11T07:26:18.725Z,8,98.98,8,100,62962,1025,61.97,62492,550,33.25,63492,79,4.78,1671,99,1654,4047,8,8
1668153647,2022-11-11 02:00:47 -0600,a92e5ef1e1f5fa8145f8663d2b0ef1a51b1380b9,TX,48377,2,2022-11-09T01:00:00.000Z,FIPSCode,48377,0,2022-11-11T07:26:18.725Z,8,98.98,8,100,62962,1025,61.97,62492,550,33.25,63492,79,4.78,1671,99,1654,4047,8,8
1668153686,2022-11-11 02:01:26 -0600,8c8d7ccc1b64e09bfbfc7e4563c86fa87870c245,TX,48377,2,2022-11-09T01:00:00.000Z,FIPSCode,48377,0,2022-11-11T07:26:18.725Z,8,98.98,8,100,62962,1025,61.97,62492,550,33.25,63492,79,4.78,1671,99,1654,4047,8,8
1668153725,2022-11-11 02:02:05 -0600,7c274aeee246af6f5a526c79e466f919e6f874ca,TX,48377,2,2022-11-09T01:00:00.000Z,FIPSCode,48377,0,2022-11-11T07:26:18.725Z,8,98.98,8,100,62962,1025,61.97,62492,550,33.25,63492,79,4.78,1671,99,1654,4047,8,8
1668153765,2022-11-11 02:02:45 -0600,fc1cd49f4cb95ec036b8baf0a4afdacd66beab47,TX,48377,2,2022-11-09T01:00:00.000Z,FIPSCode,48377,0,2022-11-11T07:26:18.725Z,8,98.98,8,100,62962,1025,61.97,62492,550,33.25,63492,79,4.78,1671,99,1654,4047,8,8
1668153805,2022-11-11 02:03:25 -0600,ca41feb5a996ff0afb789ec33fd775aa07c796da,TX,48377,2,2022-11-09T01:00:00.000Z,FIPSCode,48377,0,2022-11-11T07:26:18.725Z,8,98.98,8,100,62962,1025,61.97,62492,550,33.25,63492,79,4.78,1671,99,1654,4047,8,8
1668153845,2022-11-11 02:04:05 -0600,c104960300e36650d1753e1ae00157d82511f2e2,TX,48377,2,2022-11-09T01:00:00.000Z,FIPSCode,48377,0,2022-11-11T07:26:18.725Z,8,98.98,8,100,62962,1025,61.97,62492,550,33.25,63492,79,4.78,1671,99,1654,4047,8,8
1668153884,2022-11-11 02:04:44 -0600,ebcbe8086d3690547016e06c84dc0936299fe195,TX,48377,2,2022-11-09T01:00:00.000Z,FIPSCode,48377,0,2022-11-11T08:04:18.094Z,8,98.98,8,100,62962,1025,61.97,62492,550,33.25,63492,79,4.78,1671,99,1654,4047,8,8
1668153922,2022-11-11 02:05:22 -0600,7041c6a794b353461b4b465c1a6a143285908711,TX,48377,2,2022-11-09T01:00:00.000Z,FIPSCode,48377,0,2022-11-11T08:04:18.094Z,8,98.98,8,100,62962,1025,61.97,62492,550,33.25,63492,79,4.78,1671,99,1654,4047,8,8
1668153963,2022-11-11 02:06:03 -0600,feea5bb9d9104cd8ba65a5a18a005c9163791c89,TX,48377,2,2022-11-09T01:00:00.000Z,FIPSCode,48377,0,2022-11-11T08:04:18.094Z,8,98.98,8,100,62962,1025,61.97,62492,550,33.25,63492,79,4.78,1671,99,1654,4047,8,8
1668154003,2022-11-11 02:06:43 -0600,b835eff6484eff9bb3f04ee8b8d54da4ae78e378,TX,48377,2,2022-11-09T01:00:00.000Z,FIPSCode,48377,0,2022-11-11T08:04:18.094Z,8,98.98,8,100,62962,1025,61.97,62492,550,33.25,63492,79,4.78,1671,99,1654,4047,8,8
1668154042,2022-11-11 02:07:22 -0600,377d7b28cb62d908588b6bdef1ba06994c8c8231,TX,48377,2,2022-11-09T01:00:00.000Z,FIPSCode,48377,0,2022-11-11T08:06:39.357Z,8,98.98,8,100,62962,1025,61.97,62492,550,33.25,63492,79,4.78,1671,99,1654,4047,8,8
1668154082,2022-11-11 02:08:02 -0600,19d6128aaecd629b9a27c050c83d1a15ca12f05f,TX,48377,2,2022-11-09T01:00:00.000Z,FIPSCode,48377,0,2022-11-11T08:06:39.357Z,8,98.98,8,100,62962,1025,61.97,62492,550,33.25,63492,79,4.78,1671,99,1654,4047,8,8
1668154200,2022-11-11 02:10:00 -0600,e04e37fff9398fb623886b9ba4ad7811a8fcec34,TX,48377,2,2022-11-09T01:00:00.000Z,FIPSCode,48377,0,2022-11-11T08:06:39.357Z,8,98.98,8,100,62962,1025,61.97,62492,550,33.25,63492,79,4.78,1671,99,1654,4047,8,8
1668154241,2022-11-11 02:10:41 -0600,b9b87fdb0c46d03737d3a34c68ae39309244644e,TX,48377,2,2022-11-09T01:00:00.000Z,FIPSCode,48377,0,2022-11-11T08:06:39.357Z,8,98.98,8,100,62962,1025,61.97,62492,550,33.25,63492,79,4.78,1671,99,1654,4047,8,8
1668154281,2022-11-11 02:11:21 -0600,908f837f04a80d9b25d0b86226b0d490bfc6f8fc,TX,48377,2,2022-11-09T01:00:00.000Z,FIPSCode,48377,0,2022-11-11T08:06:39.357Z,8,98.98,8,100,62962,1025,61.97,62492,550,33.25,63492,79,4.78,1671,99,1654,4047,8,8
1668154321,2022-11-11 02:12:01 -0600,d0d594a55a99c60866a7c841b0fff8b4a36c09fc,TX,48377,2,2022-11-09T01:00:00.000Z,FIPSCode,48377,0,2022-11-11T08:06:39.357Z,8,98.98,8,100,62962,1025,61.97,62492,550,33.25,63492,79,4.78,1671,99,1654,4047,8,8
1668154360,2022-11-11 02:12:40 -0600,6e3876b77b0be18e0b9044bcc334d4bac3da2c79,TX,48377,2,2022-11-09T01:00:00.000Z,FIPSCode,48377,0,2022-11-11T08:12:16.893Z,8,98.98,8,100,62962,1025,61.97,62492,550,33.25,63492,79,4.78,1671,99,1654,4047,8,8
1668154399,2022-11-11 02:13:19 -0600,d261a09f7d73941f2312a8b556d296e6ff1607a2,TX,48377,2,2022-11-09T01:00:00.000Z,FIPSCode,48377,0,2022-11-11T08:12:16.893Z,8,98.98,8,100,62962,1025,61.97,62492,550,33.25,63492,79,4.78,1671,99,1654,4047,8,8
1668154437,2022-11-11 02:13:57 -0600,168e8e16a259757b52bf64e431fefe436c745427,TX,48377,2,2022-11-09T01:00:00.000Z,FIPSCode,48377,0,2022-11-11T08:12:16.893Z,8,98.98,8,100,62962,1025,61.97,62492,550,33.25,63492,79,4.78,1671,99,1654,4047,8,8
1668154480,2022-11-11 02:14:40 -0600,777c7482299eae86d68bd9df983c83d2d43cfd3a,TX,48377,2,2022-11-09T01:00:00.000Z,FIPSCode,48377,0,2022-11-11T08:14:16.378Z,8,98.98,8,100,62962,1025,61.97,62492,550,33.25,63492,79,4.78,1671,99,1654,4047,8,8
1668154634,2022-11-11 02:17:14 -0600,89895f98414552f7d6fdab05c17ebb66c4a5ff59,TX,48377,2,2022-11-09T01:00:00.000Z,FIPSCode,48377,0,2022-11-11T08:14:16.378Z,8,98.98,8,100,62962,1025,61.97,62492,550,33.25,63492,79,4.78,1671,99,1654,4047,8,8
1668154713,2022-11-11 02:18:33 -0600,378623996c7250e591ec2a8eca30ad0c6320f34e,TX,48377,2,2022-11-09T01:00:00.000Z,FIPSCode,48377,0,2022-11-11T08:18:18.611Z,8,98.98,8,100,62962,1025,61.97,62492,550,33.25,63492,79,4.78,1671,99,1654,4047,8,8
1668154752,2022-11-11 02:19:12 -0600,6ef533b08f99a45a82af0f199f22841e1a723cc5,TX,48377,2,2022-11-09T01:00:00.000Z,FIPSCode,48377,0,2022-11-11T08:18:18.611Z,8,98.98,8,100,62962,1025,61.97,62492,550,33.25,63492,79,4.78,1671,99,1654,4047,8,8
1668154870,2022-11-11 02:21:10 -0600,58444fbae3c2fc9e6e9186a7799167162722b8d2,TX,48377,2,2022-11-09T01:00:00.000Z,FIPSCode,48377,0,2022-11-11T08:20:18.426Z,8,98.98,8,100,62962,1025,61.97,62492,550,33.25,63492,79,4.78,1671,99,1654,4047,8,8
1668154989,2022-11-11 02:23:09 -0600,ed5268d0178fb23bc4c2f3ba1643d852b95a77e2,TX,48377,2,2022-11-09T01:00:00.000Z,FIPSCode,48377,0,2022-11-11T08:20:18.426Z,8,98.98,8,100,62962,1025,61.97,62492,550,33.25,63492,79,4.78,1671,99,1654,4047,8,8
1668155028,2022-11-11 02:23:48 -0600,181ccbf41d1c39ab965e0d5983d1bd5fa14c3410,TX,48377,2,2022-11-09T01:00:00.000Z,FIPSCode,48377,0,2022-11-11T08:20:18.426Z,8,98.98,8,100,62962,1025,61.97,62492,550,33.25,63492,79,4.78,1671,99,1654,4047,8,8
1668155067,2022-11-11 02:24:27 -0600,29780bc5e6b7c470448be0a612a0aff31741710e,TX,48377,2,2022-11-09T01:00:00.000Z,FIPSCode,48377,0,2022-11-11T08:20:18.426Z,8,98.98,8,100,62962,1025,61.97,62492,550,33.25,63492,79,4.78,1671,99,1654,4047,8,8
1668155106,2022-11-11 02:25:06 -0600,1ce7967d68917df91f3bf1748fe0af260091caed,TX,48377,2,2022-11-09T01:00:00.000Z,FIPSCode,48377,0,2022-11-11T08:20:18.426Z,8,98.98,8,100,62962,1025,61.97,62492,550,33.25,63492,79,4.78,1671,99,1654,4047,8,8
1668155147,2022-11-11 02:25:47 -0600,da493aca77ffb5b2128ed28f806542646d97ef90,TX,48377,2,2022-11-09T01:00:00.000Z,FIPSCode,48377,0,2022-11-11T08:20:18.426Z,8,98.98,8,100,62962,1025,61.97,62492,550,33.25,63492,79,4.78,1671,99,1654,4047,8,8
1668155185,2022-11-11 02:26:25 -0600,0b4e2cc89c49fdc12cc36eb50ce0d3c05e96b2ff,TX,48377,2,2022-11-09T01:00:00.000Z,FIPSCode,48377,0,2022-11-11T08:20:18.426Z,8,98.98,8,100,62962,1025,61.97,62492,550,33.25,63492,79,4.78,1671,99,1654,4047,8,8
1668155225,2022-11-11 02:27:05 -0600,8b7d7905f6c14b635107eebde91be35094169e86,TX,48377,2,2022-11-09T01:00:00.000Z,FIPSCode,48377,0,2022-11-11T08:20:18.426Z,8,98.98,8,100,62962,1025,61.97,62492,550,33.25,63492,79,4.78,1671,99,1654,4047,8,8
1668155264,2022-11-11 02:27:44 -0600,b9585f236481deed144827ff528925c0c6e135cf,TX,48377,2,2022-11-09T01:00:00.000Z,FIPSCode,48377,0,2022-11-11T08:20:18.426Z,8,98.98,8,100,62962,1025,61.97,62492,550,33.25,63492,79,4.78,1671,99,1654,4047,8,8
1668155342,2022-11-11 02:29:02 -0600,0d142617528eca66bf62f00036902b1910520b3e,TX,48377,2,2022-11-09T01:00:00.000Z,FIPSCode,48377,0,2022-11-11T08:20:18.426Z,8,98.98,8,100,62962,1025,61.97,62492,550,33.25,63492,79,4.78,1671,99,1654,4047,8,8
1668155381,2022-11-11 02:29:41 -0600,1851ef79959fcd3ef743225893ce6266626dd399,TX,48377,2,2022-11-09T01:00:00.000Z,FIPSCode,48377,0,2022-11-11T08:20:18.426Z,8,98.98,8,100,62962,1025,61.97,62492,550,33.25,63492,79,4.78,1671,99,1654,4047,8,8
1668155421,2022-11-11 02:30:21 -0600,78adfc1aea8b906f04a27ebb125180ceb6e3adcf,TX,48377,2,2022-11-09T01:00:00.000Z,FIPSCode,48377,0,2022-11-11T08:20:18.426Z,8,98.98,8,100,62962,1025,61.97,62492,550,33.25,63492,79,4.78,1671,99,1654,4047,8,8
1668155461,2022-11-11 02:31:01 -0600,188b0828723547238b33bfef23a091e351059fbb,TX,48377,2,2022-11-09T01:00:00.000Z,FIPSCode,48377,0,2022-11-11T08:20:18.426Z,8,98.98,8,100,62962,1025,61.97,62492,550,33.25,63492,79,4.78,1671,99,1654,4047,8,8
1668155539,2022-11-11 02:32:19 -0600,a6eb49a963d7dbbfebe01f009d77ba038943f817,TX,48377,2,2022-11-09T01:00:00.000Z,FIPSCode,48377,0,2022-11-11T08:20:18.426Z,8,98.98,8,100,62962,1025,61.97,62492,550,33.25,63492,79,4.78,1671,99,1654,4047,8,8
1668155578,2022-11-11 02:32:58 -0600,575697b5aea5d22ba5d8a96f2b2a714c7f1d2f1b,TX,48377,2,2022-11-09T01:00:00.000Z,FIPSCode,48377,0,2022-11-11T08:20:18.426Z,8,98.98,8,100,62962,1025,61.97,62492,550,33.25,63492,79,4.78,1671,99,1654,4047,8,8
1668155655,2022-11-11 02:34:15 -0600,2464092df4abddca00902e0e8ae4e01b2b7193cc,TX,48377,2,2022-11-09T01:00:00.000Z,FIPSCode,48377,0,2022-11-11T08:20:18.426Z,8,98.98,8,100,62962,1025,61.97,62492,550,33.25,63492,79,4.78,1671,99,1654,4047,8,8
1668155695,2022-11-11 02:34:55 -0600,ab0503688472326798c681e9b5e30b6cc40d9ba5,TX,48377,2,2022-11-09T01:00:00.000Z,FIPSCode,48377,0,2022-11-11T08:20:18.426Z,8,98.98,8,100,62962,1025,61.97,62492,550,33.25,63492,79,4.78,1671,99,1654,4047,8,8
1668155734,2022-11-11 02:35:34 -0600,ceed90fa2c1d40b348b528f66aa27eed1731a86e,TX,48377,2,2022-11-09T01:00:00.000Z,FIPSCode,48377,0,2022-11-11T08:20:18.426Z,8,98.98,8,100,62962,1025,61.97,62492,550,33.25,63492,79,4.78,1671,99,1654,4047,8,8
1668155774,2022-11-11 02:36:14 -0600,3cf6d06eb83dd37968b1f50a3a55d7cd84367d25,TX,48377,2,2022-11-09T01:00:00.000Z,FIPSCode,48377,0,2022-11-11T08:20:18.426Z,8,98.98,8,100,62962,1025,61.97,62492,550,33.25,63492,79,4.78,1671,99,1654,4047,8,8
1668155814,2022-11-11 02:36:54 -0600,8a96110abd39bd730b7039f4227a5e50d6473fd3,TX,48377,2,2022-11-09T01:00:00.000Z,FIPSCode,48377,0,2022-11-11T08:20:18.426Z,8,98.98,8,100,62962,1025,61.97,62492,550,33.25,63492,79,4.78,1671,99,1654,4047,8,8
1668155891,2022-11-11 02:38:11 -0600,608e20a67f45077b706ddd04befaddfc53dd0283,TX,48377,2,2022-11-09T01:00:00.000Z,FIPSCode,48377,0,2022-11-11T08:20:18.426Z,8,98.98,8,100,62962,1025,61.97,62492,550,33.25,63492,79,4.78,1671,99,1654,4047,8,8
1668155932,2022-11-11 02:38:52 -0600,0864e8bd3e1427060b1ac196fd6ad48d6ec3f9d2,TX,48377,2,2022-11-09T01:00:00.000Z,FIPSCode,48377,0,2022-11-11T08:20:18.426Z,8,98.98,8,100,62962,1025,61.97,62492,550,33.25,63492,79,4.78,1671,99,1654,4047,8,8
1668155971,2022-11-11 02:39:31 -0600,a894d24b6c6e9ab01145bd4d591c9a1e970c634c,TX,48377,2,2022-11-09T01:00:00.000Z,FIPSCode,48377,0,2022-11-11T08:20:18.426Z,8,98.98,8,100,62962,1025,61.97,62492,550,33.25,63492,79,4.78,1671,99,1654,4047,8,8
1668156010,2022-11-11 02:40:10 -0600,9db4d5b4c452dcba344ea30a18f71b3ca51e1673,TX,48377,2,2022-11-09T01:00:00.000Z,FIPSCode,48377,0,2022-11-11T08:20:18.426Z,8,98.98,8,100,62962,1025,61.97,62492,550,33.25,63492,79,4.78,1671,99,1654,4047,8,8
1668156050,2022-11-11 02:40:50 -0600,8dc1c34ac1ef04bcf14958ef378343839bf51304,TX,48377,2,2022-11-09T01:00:00.000Z,FIPSCode,48377,0,2022-11-11T08:20:18.426Z,8,98.98,8,100,62962,1025,61.97,62492,550,33.25,63492,79,4.78,1671,99,1654,4047,8,8
1668156090,2022-11-11 02:41:30 -0600,04b0ab505f25f6242e384ee5cdb53553e598ee85,TX,48377,2,2022-11-09T01:00:00.000Z,FIPSCode,48377,0,2022-11-11T08:20:18.426Z,8,98.98,8,100,62962,1025,61.97,62492,550,33.25,63492,79,4.78,1671,99,1654,4047,8,8
1668156168,2022-11-11 02:42:48 -0600,0140c39182a1bbddcd85b7976d4c4a33ff5b8701,TX,48377,2,2022-11-09T01:00:00.000Z,FIPSCode,48377,0,2022-11-11T08:20:18.426Z,8,98.98,8,100,62962,1025,61.97,62492,550,33.25,63492,79,4.78,1671,99,1654,4047,8,8
1668156208,2022-11-11 02:43:28 -0600,51904813f6491c636a9a0a50c98ae6945322227a,TX,48377,2,2022-11-09T01:00:00.000Z,FIPSCode,48377,0,2022-11-11T08:20:18.426Z,8,98.98,8,100,62962,1025,61.97,62492,550,33.25,63492,79,4.78,1671,99,1654,4047,8,8
1668156248,2022-11-11 02:44:08 -0600,082af3bf9ecee9cc976247fbfd1826e52e8540f5,TX,48377,2,2022-11-09T01:00:00.000Z,FIPSCode,48377,0,2022-11-11T08:20:18.426Z,8,98.98,8,100,62962,1025,61.97,62492,550,33.25,63492,79,4.78,1671,99,1654,4047,8,8
1668156288,2022-11-11 02:44:48 -0600,61abc4bf1db1596767ed10e8d74c98c02b109fdb,TX,48377,2,2022-11-09T01:00:00.000Z,FIPSCode,48377,0,2022-11-11T08:20:18.426Z,8,98.98,8,100,62962,1025,61.97,62492,550,33.25,63492,79,4.78,1671,99,1654,4047,8,8
1668156407,2022-11-11 02:46:47 -0600,c732ab20339f683a26bd295ce79540d1770931d2,TX,48377,2,2022-11-09T01:00:00.000Z,FIPSCode,48377,0,2022-11-11T08:20:18.426Z,8,98.98,8,100,62962,1025,61.97,62492,550,33.25,63492,79,4.78,1671,99,1654,4047,8,8
1668156448,2022-11-11 02:47:28 -0600,5d2f80d1372b4ff312dde3bd29761d806e87377a,TX,48377,2,2022-11-09T01:00:00.000Z,FIPSCode,48377,0,2022-11-11T08:20:18.426Z,8,98.98,8,100,62962,1025,61.97,62492,550,33.25,63492,79,4.78,1671,99,1654,4047,8,8
1668156528,2022-11-11 02:48:48 -0600,7dfa6aab4873b93689d79e08586ff0ebe8e972e8,TX,48377,2,2022-11-09T01:00:00.000Z,FIPSCode,48377,0,2022-11-11T08:20:18.426Z,8,98.98,8,100,62962,1025,61.97,62492,550,33.25,63492,79,4.78,1671,99,1654,4047,8,8
1668156566,2022-11-11 02:49:26 -0600,e91b7f07a10f87f4a4e0b87391724de8d4a7424f,TX,48377,2,2022-11-09T01:00:00.000Z,FIPSCode,48377,0,2022-11-11T08:20:18.426Z,8,98.98,8,100,62962,1025,61.97,62492,550,33.25,63492,79,4.78,1671,99,1654,4047,8,8
1668156647,2022-11-11 02:50:47 -0600,bae30fc5a3310b04aec3ca307f740dcd2e71d9cd,TX,48377,2,2022-11-09T01:00:00.000Z,FIPSCode,48377,0,2022-11-11T08:20:18.426Z,8,98.98,8,100,62962,1025,61.97,62492,550,33.25,63492,79,4.78,1671,99,1654,4047,8,8
1668156727,2022-11-11 02:52:07 -0600,5db3b7c17aeabb5bed2dae357cc69c93dac40a16,TX,48377,2,2022-11-09T01:00:00.000Z,FIPSCode,48377,0,2022-11-11T08:20:18.426Z,8,98.98,8,100,62962,1025,61.97,62492,550,33.25,63492,79,4.78,1671,99,1654,4047,8,8
1668156768,2022-11-11 02:52:48 -0600,046160782e8c80018348ed4b1e0d9de15526a8ad,TX,48377,2,2022-11-09T01:00:00.000Z,FIPSCode,48377,0,2022-11-11T08:20:18.426Z,8,98.98,8,100,62962,1025,61.97,62492,550,33.25,63492,79,4.78,1671,99,1654,4047,8,8
1668156808,2022-11-11 02:53:28 -0600,ca91b1414e8fc64814af8150d8385eb870f138de,TX,48377,2,2022-11-09T01:00:00.000Z,FIPSCode,48377,0,2022-11-11T08:20:18.426Z,8,98.98,8,100,62962,1025,61.97,62492,550,33.25,63492,79,4.78,1671,99,1654,4047,8,8
1668156848,2022-11-11 02:54:08 -0600,9dd0e17cb1a048c9c2be603176db2c789bec1d98,TX,48377,2,2022-11-09T01:00:00.000Z,FIPSCode,48377,0,2022-11-11T08:20:18.426Z,8,98.98,8,100,62962,1025,61.97,62492,550,33.25,63492,79,4.78,1671,99,1654,4047,8,8
1668156887,2022-11-11 02:54:47 -0600,da0ba03fa077dbbf85dc7b9bcbcf85e2bcd20103,TX,48377,2,2022-11-09T01:00:00.000Z,FIPSCode,48377,0,2022-11-11T08:20:18.426Z,8,98.98,8,100,62962,1025,61.97,62492,550,33.25,63492,79,4.78,1671,99,1654,4047,8,8
1668156974,2022-11-11 02:56:14 -0600,23920709777d2a19feaa02fe9f037894c3a273e9,TX,48377,2,2022-11-09T01:00:00.000Z,FIPSCode,48377,0,2022-11-11T08:20:18.426Z,8,98.98,8,100,62962,1025,61.97,62492,550,33.25,63492,79,4.78,1671,99,1654,4047,8,8
1668157014,2022-11-11 02:56:54 -0600,5d2a2d022844e7130fca988ae814dac25d9890b7,TX,48377,2,2022-11-09T01:00:00.000Z,FIPSCode,48377,0,2022-11-11T08:20:18.426Z,8,98.98,8,100,62962,1025,61.97,62492,550,33.25,63492,79,4.78,1671,99,1654,4047,8,8
1668157178,2022-11-11 02:59:38 -0600,db195e0b6e14d9921b347cf86b188b19085763f8,TX,48377,2,2022-11-09T01:00:00.000Z,FIPSCode,48377,0,2022-11-11T08:20:18.426Z,8,98.98,8,100,62962,1025,61.97,62492,550,33.25,63492,79,4.78,1671,99,1654,4047,8,8
1668157219,2022-11-11 03:00:19 -0600,3cb443e2f126aa55b663fd94abe98dd95384303d,TX,48377,2,2022-11-09T01:00:00.000Z,FIPSCode,48377,0,2022-11-11T08:20:18.426Z,8,98.98,8,100,62962,1025,61.97,62492,550,33.25,63492,79,4.78,1671,99,1654,4047,8,8
1668157258,2022-11-11 03:00:58 -0600,eb21311fa344493b30a94bc8f312a16c8f93fd65,TX,48377,2,2022-11-09T01:00:00.000Z,FIPSCode,48377,0,2022-11-11T08:20:18.426Z,8,98.98,8,100,62962,1025,61.97,62492,550,33.25,63492,79,4.78,1671,99,1654,4047,8,8
1668157298,2022-11-11 03:01:38 -0600,190c8f183a16c978d0d74949aba702e6f747c39d,TX,48377,2,2022-11-09T01:00:00.000Z,FIPSCode,48377,0,2022-11-11T08:20:18.426Z,8,98.98,8,100,62962,1025,61.97,62492,550,33.25,63492,79,4.78,1671,99,1654,4047,8,8
1668157338,2022-11-11 03:02:18 -0600,8ca6d899f9b6f8359daf55c0e699d7df1da551b2,TX,48377,2,2022-11-09T01:00:00.000Z,FIPSCode,48377,0,2022-11-11T08:20:18.426Z,8,98.98,8,100,62962,1025,61.97,62492,550,33.25,63492,79,4.78,1671,99,1654,4047,8,8
1668157378,2022-11-11 03:02:58 -0600,6317063848d82803a6d8e8db4cf21dcf86248270,TX,48377,2,2022-11-09T01:00:00.000Z,FIPSCode,48377,0,2022-11-11T08:20:18.426Z,8,98.98,8,100,62962,1025,61.97,62492,550,33.25,63492,79,4.78,1671,99,1654,4047,8,8
1668157416,2022-11-11 03:03:36 -0600,90ad5d4bd31aa0b21f0ab45ae01832cd3bca07a1,TX,48377,2,2022-11-09T01:00:00.000Z,FIPSCode,48377,0,2022-11-11T08:20:18.426Z,8,98.98,8,100,62962,1025,61.97,62492,550,33.25,63492,79,4.78,1671,99,1654,4047,8,8
1668157456,2022-11-11 03:04:16 -0600,d2be5c0353ee7df202c93309d33258fcf9dae2ad,TX,48377,2,2022-11-09T01:00:00.000Z,FIPSCode,48377,0,2022-11-11T08:20:18.426Z,8,98.98,8,100,62962,1025,61.97,62492,550,33.25,63492,79,4.78,1671,99,1654,4047,8,8
1668157496,2022-11-11 03:04:56 -0600,4620584b47cb21cda9a6f6209fb59ad165322dbe,TX,48377,2,2022-11-09T01:00:00.000Z,FIPSCode,48377,0,2022-11-11T08:20:18.426Z,8,98.98,8,100,62962,1025,61.97,62492,550,33.25,63492,79,4.78,1671,99,1654,4047,8,8
1668157535,2022-11-11 03:05:35 -0600,2070e03b6dcebe25939510efd628313444ef62f9,TX,48377,2,2022-11-09T01:00:00.000Z,FIPSCode,48377,0,2022-11-11T08:20:18.426Z,8,98.98,8,100,62962,1025,61.97,62492,550,33.25,63492,79,4.78,1671,99,1654,4047,8,8
1668157575,2022-11-11 03:06:15 -0600,1eeebe19f6c0bf75840472b9e76c09a40f3ec4c4,TX,48377,2,2022-11-09T01:00:00.000Z,FIPSCode,48377,0,2022-11-11T08:20:18.426Z,8,98.98,8,100,62962,1025,61.97,62492,550,33.25,63492,79,4.78,1671,99,1654,4047,8,8
1668157616,2022-11-11 03:06:56 -0600,f8e22039214a4e7814633d39ec3796777115b4cd,TX,48377,2,2022-11-09T01:00:00.000Z,FIPSCode,48377,0,2022-11-11T08:20:18.426Z,8,98.98,8,100,62962,1025,61.97,62492,550,33.25,63492,79,4.78,1671,99,1654,4047,8,8
1668157655,2022-11-11 03:07:35 -0600,75cdd54e0fef20686e659e6581b02f44b9930f78,TX,48377,2,2022-11-09T01:00:00.000Z,FIPSCode,48377,0,2022-11-11T08:20:18.426Z,8,98.98,8,100,62962,1025,61.97,62492,550,33.25,63492,79,4.78,1671,99,1654,4047,8,8
1668157696,2022-11-11 03:08:16 -0600,885cb457b780f580118a16efde16f396f6880b98,TX,48377,2,2022-11-09T01:00:00.000Z,FIPSCode,48377,0,2022-11-11T08:20:18.426Z,8,98.98,8,100,62962,1025,61.97,62492,550,33.25,63492,79,4.78,1671,99,1654,4047,8,8
1668157735,2022-11-11 03:08:55 -0600,10dd9233264e840d1050e554103c3bbf8964a59a,TX,48377,2,2022-11-09T01:00:00.000Z,FIPSCode,48377,0,2022-11-11T08:20:18.426Z,8,98.98,8,100,62962,1025,61.97,62492,550,33.25,63492,79,4.78,1671,99,1654,4047,8,8
1668157776,2022-11-11 03:09:36 -0600,4cff833a0d1bf602fc592ab5564582362c5ea037,TX,48377,2,2022-11-09T01:00:00.000Z,FIPSCode,48377,0,2022-11-11T08:20:18.426Z,8,98.98,8,100,62962,1025,61.97,62492,550,33.25,63492,79,4.78,1671,99,1654,4047,8,8
1668157856,2022-11-11 03:10:56 -0600,e88fed014b69f283064db0f6aed41de6aea6ab18,TX,48377,2,2022-11-09T01:00:00.000Z,FIPSCode,48377,0,2022-11-11T08:20:18.426Z,8,98.98,8,100,62962,1025,61.97,62492,550,33.25,63492,79,4.78,1671,99,1654,4047,8,8
1668157895,2022-11-11 03:11:35 -0600,c3a2cb310a091616dd76da894088031ef803605e,TX,48377,2,2022-11-09T01:00:00.000Z,FIPSCode,48377,0,2022-11-11T08:20:18.426Z,8,98.98,8,100,62962,1025,61.97,62492,550,33.25,63492,79,4.78,1671,99,1654,4047,8,8
1668157935,2022-11-11 03:12:15 -0600,4e869f0aded4467ab00772e9075314f3d1bbf1ab,TX,48377,2,2022-11-09T01:00:00.000Z,FIPSCode,48377,0,2022-11-11T08:20:18.426Z,8,98.98,8,100,62962,1025,61.97,62492,550,33.25,63492,79,4.78,1671,99,1654,4047,8,8
1668157975,2022-11-11 03:12:55 -0600,f65ebe57c87b129b19d4210adc140229d803f486,TX,48377,2,2022-11-09T01:00:00.000Z,FIPSCode,48377,0,2022-11-11T08:20:18.426Z,8,98.98,8,100,62962,1025,61.97,62492,550,33.25,63492,79,4.78,1671,99,1654,4047,8,8
1668158014,2022-11-11 03:13:34 -0600,c7dc8c96d84ab8d2aa837ba632807499b786d18a,TX,48377,2,2022-11-09T01:00:00.000Z,FIPSCode,48377,0,2022-11-11T08:20:18.426Z,8,98.98,8,100,62962,1025,61.97,62492,550,33.25,63492,79,4.78,1671,99,1654,4047,8,8
1668158055,2022-11-11 03:14:15 -0600,a709b6b618a26196f587ed94fb3d5690ebe4e265,TX,48377,2,2022-11-09T01:00:00.000Z,FIPSCode,48377,0,2022-11-11T08:20:18.426Z,8,98.98,8,100,62962,1025,61.97,62492,550,33.25,63492,79,4.78,1671,99,1654,4047,8,8
1668158095,2022-11-11 03:14:55 -0600,f158e25de3397874fe49c08eb2e3cd9f577490b3,TX,48377,2,2022-11-09T01:00:00.000Z,FIPSCode,48377,0,2022-11-11T08:20:18.426Z,8,98.98,8,100,62962,1025,61.97,62492,550,33.25,63492,79,4.78,1671,99,1654,4047,8,8
1668158134,2022-11-11 03:15:34 -0600,f2284591a046cadae7874342e7f0ffb8a2642f06,TX,48377,2,2022-11-09T01:00:00.000Z,FIPSCode,48377,0,2022-11-11T08:20:18.426Z,8,98.98,8,100,62962,1025,61.97,62492,550,33.25,63492,79,4.78,1671,99,1654,4047,8,8
1668158173,2022-11-11 03:16:13 -0600,bead7edbee058a533278ce4806638e3b509a6021,TX,48377,2,2022-11-09T01:00:00.000Z,FIPSCode,48377,0,2022-11-11T08:20:18.426Z,8,98.98,8,100,62962,1025,61.97,62492,550,33.25,63492,79,4.78,1671,99,1654,4047,8,8
1668158213,2022-11-11 03:16:53 -0600,3314d02197c8fe89643935f542f5fb2ed96f5a2f,TX,48377,2,2022-11-09T01:00:00.000Z,FIPSCode,48377,0,2022-11-11T08:20:18.426Z,8,98.98,8,100,62962,1025,61.97,62492,550,33.25,63492,79,4.78,1671,99,1654,4047,8,8
1668158251,2022-11-11 03:17:31 -0600,7362e8572dbf32ef402d6fdd799dd629ed8fb9f2,TX,48377,2,2022-11-09T01:00:00.000Z,FIPSCode,48377,0,2022-11-11T08:20:18.426Z,8,98.98,8,100,62962,1025,61.97,62492,550,33.25,63492,79,4.78,1671,99,1654,4047,8,8
1668158291,2022-11-11 03:18:11 -0600,246fd3864ba9698dcd8394ad246177439b3330a5,TX,48377,2,2022-11-09T01:00:00.000Z,FIPSCode,48377,0,2022-11-11T08:20:18.426Z,8,98.98,8,100,62962,1025,61.97,62492,550,33.25,63492,79,4.78,1671,99,1654,4047,8,8
1668158332,2022-11-11 03:18:52 -0600,f205eb83886a1fdf6e0dc5cc269773e60ef72d19,TX,48377,2,2022-11-09T01:00:00.000Z,FIPSCode,48377,0,2022-11-11T08:20:18.426Z,8,98.98,8,100,62962,1025,61.97,62492,550,33.25,63492,79,4.78,1671,99,1654,4047,8,8
1668158371,2022-11-11 03:19:31 -0600,fc79be43e7133fdee119893165f21647ca4ac79e,TX,48377,2,2022-11-09T01:00:00.000Z,FIPSCode,48377,0,2022-11-11T08:20:18.426Z,8,98.98,8,100,62962,1025,61.97,62492,550,33.25,63492,79,4.78,1671,99,1654,4047,8,8
1668158410,2022-11-11 03:20:10 -0600,d322b7ecf92afc7f6a5084b672b85adedf55607b,TX,48377,2,2022-11-09T01:00:00.000Z,FIPSCode,48377,0,2022-11-11T08:20:18.426Z,8,98.98,8,100,62962,1025,61.97,62492,550,33.25,63492,79,4.78,1671,99,1654,4047,8,8
1668158449,2022-11-11 03:20:49 -0600,af3b81a0cabe86f09adf78a6ed1407f1e112cddd,TX,48377,2,2022-11-09T01:00:00.000Z,FIPSCode,48377,0,2022-11-11T08:20:18.426Z,8,98.98,8,100,62962,1025,61.97,62492,550,33.25,63492,79,4.78,1671,99,1654,4047,8,8
1668158489,2022-11-11 03:21:29 -0600,f82327f1096fed19eab7498effdbaad43685a08c,TX,48377,2,2022-11-09T01:00:00.000Z,FIPSCode,48377,0,2022-11-11T08:20:18.426Z,8,98.98,8,100,62962,1025,61.97,62492,550,33.25,63492,79,4.78,1671,99,1654,4047,8,8
1668158527,2022-11-11 03:22:07 -0600,a550a6c356505030a2020dcea33b6210ac483e7a,TX,48377,2,2022-11-09T01:00:00.000Z,FIPSCode,48377,0,2022-11-11T08:20:18.426Z,8,98.98,8,100,62962,1025,61.97,62492,550,33.25,63492,79,4.78,1671,99,1654,4047,8,8
1668158567,2022-11-11 03:22:47 -0600,e20215cab084c4b64c81c4d200556617e57da3fe,TX,48377,2,2022-11-09T01:00:00.000Z,FIPSCode,48377,0,2022-11-11T08:20:18.426Z,8,98.98,8,100,62962,1025,61.97,62492,550,33.25,63492,79,4.78,1671,99,1654,4047,8,8
1668158606,2022-11-11 03:23:26 -0600,b99d4d3db9c4986f5a625c73d8e79b7c7d185938,TX,48377,2,2022-11-09T01:00:00.000Z,FIPSCode,48377,0,2022-11-11T08:20:18.426Z,8,98.98,8,100,62962,1025,61.97,62492,550,33.25,63492,79,4.78,1671,99,1654,4047,8,8
1668158644,2022-11-11 03:24:04 -0600,f15edf912d421e12d3ea17a5280f2bf3663b979d,TX,48377,2,2022-11-09T01:00:00.000Z,FIPSCode,48377,0,2022-11-11T08:20:18.426Z,8,98.98,8,100,62962,1025,61.97,62492,550,33.25,63492,79,4.78,1671,99,1654,4047,8,8
1668158685,2022-11-11 03:24:45 -0600,bf0d63e0fff2fea9162c0e6fd2ee0d857e5afe02,TX,48377,2,2022-11-09T01:00:00.000Z,FIPSCode,48377,0,2022-11-11T08:20:18.426Z,8,98.98,8,100,62962,1025,61.97,62492,550,33.25,63492,79,4.78,1671,99,1654,4047,8,8
1668158763,2022-11-11 03:26:03 -0600,0194927f015b4de90e6b5b5419cedc5b8f92670c,TX,48377,2,2022-11-09T01:00:00.000Z,FIPSCode,48377,0,2022-11-11T08:20:18.426Z,8,98.98,8,100,62962,1025,61.97,62492,550,33.25,63492,79,4.78,1671,99,1654,4047,8,8
1668158802,2022-11-11 03:26:42 -0600,905025245c03942635ec92f47609346adbe3f1ab,TX,48377,2,2022-11-09T01:00:00.000Z,FIPSCode,48377,0,2022-11-11T08:20:18.426Z,8,98.98,8,100,62962,1025,61.97,62492,550,33.25,63492,79,4.78,1671,99,1654,4047,8,8
1668158842,2022-11-11 03:27:22 -0600,ab69bdbec4cafb6152e1d24435d5a22a881d494e,TX,48377,2,2022-11-09T01:00:00.000Z,FIPSCode,48377,0,2022-11-11T08:20:18.426Z,8,98.98,8,100,62962,1025,61.97,62492,550,33.25,63492,79,4.78,1671,99,1654,4047,8,8
1668158882,2022-11-11 03:28:02 -0600,bc227c501237c9d6945d0eaadc274e2b3835d5f5,TX,48377,2,2022-11-09T01:00:00.000Z,FIPSCode,48377,0,2022-11-11T08:20:18.426Z,8,98.98,8,100,62962,1025,61.97,62492,550,33.25,63492,79,4.78,1671,99,1654,4047,8,8
1668158922,2022-11-11 03:28:42 -0600,e9525b14c1385d3665ae68c14ea15996bc407b46,TX,48377,2,2022-11-09T01:00:00.000Z,FIPSCode,48377,0,2022-11-11T08:20:18.426Z,8,98.98,8,100,62962,1025,61.97,62492,550,33.25,63492,79,4.78,1671,99,1654,4047,8,8
1668158962,2022-11-11 03:29:22 -0600,e554f5346ff4e26747df1bd695f472a20f385262,TX,48377,2,2022-11-09T01:00:00.000Z,FIPSCode,48377,0,2022-11-11T08:20:18.426Z,8,98.98,8,100,62962,1025,61.97,62492,550,33.25,63492,79,4.78,1671,99,1654,4047,8,8
1668159001,2022-11-11 03:30:01 -0600,49b58149f25b8be10c391edf0fa568fc4bebd54d,TX,48377,2,2022-11-09T01:00:00.000Z,FIPSCode,48377,0,2022-11-11T08:20:18.426Z,8,98.98,8,100,62962,1025,61.97,62492,550,33.25,63492,79,4.78,1671,99,1654,4047,8,8
1668159040,2022-11-11 03:30:40 -0600,ad0add236db38fed025619b5bc359e730e4d053f,TX,48377,2,2022-11-09T01:00:00.000Z,FIPSCode,48377,0,2022-11-11T08:20:18.426Z,8,98.98,8,100,62962,1025,61.97,62492,550,33.25,63492,79,4.78,1671,99,1654,4047,8,8
1668159080,2022-11-11 03:31:20 -0600,7d65a1f45834dc1b84cea5e54a0152bef23be046,TX,48377,2,2022-11-09T01:00:00.000Z,FIPSCode,48377,0,2022-11-11T08:20:18.426Z,8,98.98,8,100,62962,1025,61.97,62492,550,33.25,63492,79,4.78,1671,99,1654,4047,8,8
1668159120,2022-11-11 03:32:00 -0600,45cddbe7ed8ecf991baa84ae4d689f8d4630ff11,TX,48377,2,2022-11-09T01:00:00.000Z,FIPSCode,48377,0,2022-11-11T08:20:18.426Z,8,98.98,8,100,62962,1025,61.97,62492,550,33.25,63492,79,4.78,1671,99,1654,4047,8,8
1668159160,2022-11-11 03:32:40 -0600,25509076efe360d63bb3ac5c2ac274631db81b9d,TX,48377,2,2022-11-09T01:00:00.000Z,FIPSCode,48377,0,2022-11-11T08:20:18.426Z,8,98.98,8,100,62962,1025,61.97,62492,550,33.25,63492,79,4.78,1671,99,1654,4047,8,8
1668159200,2022-11-11 03:33:20 -0600,2039ea95c89249f6f2921bea25968a7941f61425,TX,48377,2,2022-11-09T01:00:00.000Z,FIPSCode,48377,0,2022-11-11T08:20:18.426Z,8,98.98,8,100,62962,1025,61.97,62492,550,33.25,63492,79,4.78,1671,99,1654,4047,8,8
1668159239,2022-11-11 03:33:59 -0600,15bf5b7d24d6f8dffa1e10d9f2b0fe9f6fe5b701,TX,48377,2,2022-11-09T01:00:00.000Z,FIPSCode,48377,0,2022-11-11T08:20:18.426Z,8,98.98,8,100,62962,1025,61.97,62492,550,33.25,63492,79,4.78,1671,99,1654,4047,8,8
1668159278,2022-11-11 03:34:38 -0600,c1af7fcf59396de572edee635b6c246c47fda5a7,TX,48377,2,2022-11-09T01:00:00.000Z,FIPSCode,48377,0,2022-11-11T08:20:18.426Z,8,98.98,8,100,62962,1025,61.97,62492,550,33.25,63492,79,4.78,1671,99,1654,4047,8,8
1668159319,2022-11-11 03:35:19 -0600,624836c882a90a703f27a21e9b4ed1d7cb4f76a8,TX,48377,2,2022-11-09T01:00:00.000Z,FIPSCode,48377,0,2022-11-11T08:20:18.426Z,8,98.98,8,100,62962,1025,61.97,62492,550,33.25,63492,79,4.78,1671,99,1654,4047,8,8
1668159438,2022-11-11 03:37:18 -0600,5fa6acc66c43688416d5f712b7d5c5c40901e811,TX,48377,2,2022-11-09T01:00:00.000Z,FIPSCode,48377,0,2022-11-11T08:20:18.426Z,8,98.98,8,100,62962,1025,61.97,62492,550,33.25,63492,79,4.78,1671,99,1654,4047,8,8
1668159478,2022-11-11 03:37:58 -0600,7f2328625e73b326212a481eed1db6d5ef298bad,TX,48377,2,2022-11-09T01:00:00.000Z,FIPSCode,48377,0,2022-11-11T08:20:18.426Z,8,98.98,8,100,62962,1025,61.97,62492,550,33.25,63492,79,4.78,1671,99,1654,4047,8,8
1668159517,2022-11-11 03:38:37 -0600,100bd631a5358ac0aa744a255dd73bcf516aa63b,TX,48377,2,2022-11-09T01:00:00.000Z,FIPSCode,48377,0,2022-11-11T08:20:18.426Z,8,98.98,8,100,62962,1025,61.97,62492,550,33.25,63492,79,4.78,1671,99,1654,4047,8,8
1668159557,2022-11-11 03:39:17 -0600,024c0dcea5bc4e889c2491db7aab472224d6b8f8,TX,48377,2,2022-11-09T01:00:00.000Z,FIPSCode,48377,0,2022-11-11T08:20:18.426Z,8,98.98,8,100,62962,1025,61.97,62492,550,33.25,63492,79,4.78,1671,99,1654,4047,8,8
1668159597,2022-11-11 03:39:57 -0600,aab557e064c2ec65111f62aed78e7a0afab3c601,TX,48377,2,2022-11-09T01:00:00.000Z,FIPSCode,48377,0,2022-11-11T08:20:18.426Z,8,98.98,8,100,62962,1025,61.97,62492,550,33.25,63492,79,4.78,1671,99,1654,4047,8,8
1668159636,2022-11-11 03:40:36 -0600,105d988e9b5c27bec8acf0d863878b91fa30906a,TX,48377,2,2022-11-09T01:00:00.000Z,FIPSCode,48377,0,2022-11-11T09:40:17.271Z,8,98.98,8,100,62962,1025,61.97,62492,550,33.25,63492,79,4.78,1671,99,1654,4047,8,8
1668159675,2022-11-11 03:41:15 -0600,54772c8bf1b4758c470b92b5933c3a1a94432382,TX,48377,2,2022-11-09T01:00:00.000Z,FIPSCode,48377,0,2022-11-11T09:40:17.271Z,8,98.98,8,100,62962,1025,61.97,62492,550,33.25,63492,79,4.78,1671,99,1654,4047,8,8
1668159714,2022-11-11 03:41:54 -0600,5f46a4d61483fd8ae1ce88ca48b7aaf080a746f4,TX,48377,2,2022-11-09T01:00:00.000Z,FIPSCode,48377,0,2022-11-11T09:40:17.271Z,8,98.98,8,100,62962,1025,61.97,62492,550,33.25,63492,79,4.78,1671,99,1654,4047,8,8
1668159754,2022-11-11 03:42:34 -0600,424313367a5088c43eb03d7c429a3b43df427e44,TX,48377,2,2022-11-09T01:00:00.000Z,FIPSCode,48377,0,2022-11-11T09:41:40.611Z,8,98.98,8,100,62962,1025,61.97,62492,550,33.25,63492,79,4.78,1671,99,1654,4047,8,8
1668159793,2022-11-11 03:43:13 -0600,36abddefb1246b866a00a19d2f65226714bf8c2c,TX,48377,2,2022-11-09T01:00:00.000Z,FIPSCode,48377,0,2022-11-11T09:41:40.611Z,8,98.98,8,100,62962,1025,61.97,62492,550,33.25,63492,79,4.78,1671,99,1654,4047,8,8
1668159873,2022-11-11 03:44:33 -0600,d8811464815ae59dd92be120ca0d38c4335018e1,TX,48377,2,2022-11-09T01:00:00.000Z,FIPSCode,48377,0,2022-11-11T09:41:40.611Z,8,98.98,8,100,62962,1025,61.97,62492,550,33.25,63492,79,4.78,1671,99,1654,4047,8,8
1668159952,2022-11-11 03:45:52 -0600,645080d92082ea86c128398e78a23f935b24b82d,TX,48377,2,2022-11-09T01:00:00.000Z,FIPSCode,48377,0,2022-11-11T09:41:40.611Z,8,98.98,8,100,62962,1025,61.97,62492,550,33.25,63492,79,4.78,1671,99,1654,4047,8,8
1668159991,2022-11-11 03:46:31 -0600,cbe51d5263beeac2896257e8426ac3999c89a8ab,TX,48377,2,2022-11-09T01:00:00.000Z,FIPSCode,48377,0,2022-11-11T09:41:40.611Z,8,98.98,8,100,62962,1025,61.97,62492,550,33.25,63492,79,4.78,1671,99,1654,4047,8,8
1668160030,2022-11-11 03:47:10 -0600,d2461d7cd3bcdee44363ed9b1bf576a963d366b7,TX,48377,2,2022-11-09T01:00:00.000Z,FIPSCode,48377,0,2022-11-11T09:41:40.611Z,8,98.98,8,100,62962,1025,61.97,62492,550,33.25,63492,79,4.78,1671,99,1654,4047,8,8
1668160070,2022-11-11 03:47:50 -0600,e4b5b8c78f3b9ddc4763eeea6aa0e211b64f4b46,TX,48377,2,2022-11-09T01:00:00.000Z,FIPSCode,48377,0,2022-11-11T09:41:40.611Z,8,98.98,8,100,62962,1025,61.97,62492,550,33.25,63492,79,4.78,1671,99,1654,4047,8,8
1668160110,2022-11-11 03:48:30 -0600,936fbb83d6af1c4c6f02ed7d366967e8dcc174aa,TX,48377,2,2022-11-09T01:00:00.000Z,FIPSCode,48377,0,2022-11-11T09:41:40.611Z,8,98.98,8,100,62962,1025,61.97,62492,550,33.25,63492,79,4.78,1671,99,1654,4047,8,8
1668160148,2022-11-11 03:49:08 -0600,137bd95799443594129130a41d3784b064d2580c,TX,48377,2,2022-11-09T01:00:00.000Z,FIPSCode,48377,0,2022-11-11T09:48:16.362Z,8,98.98,8,100,62962,1025,61.97,62492,550,33.25,63492,79,4.78,1671,99,1654,4047,8,8
1668160227,2022-11-11 03:50:27 -0600,51683f79d3949856246aeb46a45fdab854139303,TX,48377,2,2022-11-09T01:00:00.000Z,FIPSCode,48377,0,2022-11-11T09:49:58.294Z,8,98.98,8,100,62962,1025,61.97,62492,550,33.25,63492,79,4.78,1671,99,1654,4047,8,8
1668160267,2022-11-11 03:51:07 -0600,6a3c696ab19417b8ee75f819e61db12e4fa304e6,TX,48377,2,2022-11-09T01:00:00.000Z,FIPSCode,48377,0,2022-11-11T09:49:58.294Z,8,98.98,8,100,62962,1025,61.97,62492,550,33.25,63492,79,4.78,1671,99,1654,4047,8,8
1668160306,2022-11-11 03:51:46 -0600,c1714fdfde2a27b63a1a19f33a52ee69f67df968,TX,48377,2,2022-11-09T01:00:00.000Z,FIPSCode,48377,0,2022-11-11T09:51:15.275Z,8,98.98,8,100,62962,1025,61.97,62492,550,33.25,63492,79,4.78,1671,99,1654,4047,8,8
1668160344,2022-11-11 03:52:24 -0600,b1b56a17e21f960958a31db25f5aa6cc23331bf1,TX,48377,2,2022-11-09T01:00:00.000Z,FIPSCode,48377,0,2022-11-11T09:51:15.275Z,8,98.98,8,100,62962,1025,61.97,62492,550,33.25,63492,79,4.78,1671,99,1654,4047,8,8
1668160384,2022-11-11 03:53:04 -0600,8086a64e8c3526140e9a890db2613c4f97bc9875,TX,48377,2,2022-11-09T01:00:00.000Z,FIPSCode,48377,0,2022-11-11T09:51:15.275Z,8,98.98,8,100,62962,1025,61.97,62492,550,33.25,63492,79,4.78,1671,99,1654,4047,8,8
1668160423,2022-11-11 03:53:43 -0600,0c890105027816f7acb1298f0ff08d0f0c6edd67,TX,48377,2,2022-11-09T01:00:00.000Z,FIPSCode,48377,0,2022-11-11T09:51:15.275Z,8,98.98,8,100,62962,1025,61.97,62492,550,33.25,63492,79,4.78,1671,99,1654,4047,8,8
1668160462,2022-11-11 03:54:22 -0600,a9d42c6d07278974bc5019f056d6088d5d7acbca,TX,48377,2,2022-11-09T01:00:00.000Z,FIPSCode,48377,0,2022-11-11T09:51:15.275Z,8,98.98,8,100,62962,1025,61.97,62492,550,33.25,63492,79,4.78,1671,99,1654,4047,8,8
1668160540,2022-11-11 03:55:40 -0600,1c0886dd87844a31f1a7aaeebb530be808d36dcc,TX,48377,2,2022-11-09T01:00:00.000Z,FIPSCode,48377,0,2022-11-11T09:51:15.275Z,8,98.98,8,100,62962,1025,61.97,62492,550,33.25,63492,79,4.78,1671,99,1654,4047,8,8
1668160580,2022-11-11 03:56:20 -0600,0b08d5731bd63da3849222d3a32049b6fa734174,TX,48377,2,2022-11-09T01:00:00.000Z,FIPSCode,48377,0,2022-11-11T09:51:15.275Z,8,98.98,8,100,62962,1025,61.97,62492,550,33.25,63492,79,4.78,1671,99,1654,4047,8,8
1668160658,2022-11-11 03:57:38 -0600,b98aa461f0a0a21dc885c1432c0a73386dee330f,TX,48377,2,2022-11-09T01:00:00.000Z,FIPSCode,48377,0,2022-11-11T09:51:15.275Z,8,98.98,8,100,62962,1025,61.97,62492,550,33.25,63492,79,4.78,1671,99,1654,4047,8,8
1668160698,2022-11-11 03:58:18 -0600,876648ef6a1a3cae28b03615656b6525a53d75d7,TX,48377,2,2022-11-09T01:00:00.000Z,FIPSCode,48377,0,2022-11-11T09:51:15.275Z,8,98.98,8,100,62962,1025,61.97,62492,550,33.25,63492,79,4.78,1671,99,1654,4047,8,8
1668160738,2022-11-11 03:58:58 -0600,1b2929a47ddc4fa8290e4a18e125f1571ef623a4,TX,48377,2,2022-11-09T01:00:00.000Z,FIPSCode,48377,0,2022-11-11T09:51:15.275Z,8,98.98,8,100,62962,1025,61.97,62492,550,33.25,63492,79,4.78,1671,99,1654,4047,8,8
1668160777,2022-11-11 03:59:37 -0600,264fc44c1673013f39e82b0a5bdb28fdf1997301,TX,48377,2,2022-11-09T01:00:00.000Z,FIPSCode,48377,0,2022-11-11T09:51:15.275Z,8,98.98,8,100,62962,1025,61.97,62492,550,33.25,63492,79,4.78,1671,99,1654,4047,8,8
1668160816,2022-11-11 04:00:16 -0600,853956964bd4d3d748c7341cd7b1d6e5f2e84b95,TX,48377,2,2022-11-09T01:00:00.000Z,FIPSCode,48377,0,2022-11-11T09:51:15.275Z,8,98.98,8,100,62962,1025,61.97,62492,550,33.25,63492,79,4.78,1671,99,1654,4047,8,8
1668160856,2022-11-11 04:00:56 -0600,01d311f15cfc897218d94d5fbbd2b5c80134a7bd,TX,48377,2,2022-11-09T01:00:00.000Z,FIPSCode,48377,0,2022-11-11T09:51:15.275Z,8,98.98,8,100,62962,1025,61.97,62492,550,33.25,63492,79,4.78,1671,99,1654,4047,8,8
1668160896,2022-11-11 04:01:36 -0600,c5497f8a00866588045a1908a5f3108175f0efcb,TX,48377,2,2022-11-09T01:00:00.000Z,FIPSCode,48377,0,2022-11-11T09:51:15.275Z,8,98.98,8,100,62962,1025,61.97,62492,550,33.25,63492,79,4.78,1671,99,1654,4047,8,8
1668160936,2022-11-11 04:02:16 -0600,24e0e27aeb5f8289b2a51e05c7c5d2bb9f7944cd,TX,48377,2,2022-11-09T01:00:00.000Z,FIPSCode,48377,0,2022-11-11T09:51:15.275Z,8,98.98,8,100,62962,1025,61.97,62492,550,33.25,63492,79,4.78,1671,99,1654,4047,8,8
1668160976,2022-11-11 04:02:56 -0600,5241cb16cf626647ba409358e6295a68b0fc97c6,TX,48377,2,2022-11-09T01:00:00.000Z,FIPSCode,48377,0,2022-11-11T09:51:15.275Z,8,98.98,8,100,62962,1025,61.97,62492,550,33.25,63492,79,4.78,1671,99,1654,4047,8,8
1668161016,2022-11-11 04:03:36 -0600,37658b715f1875edae4ccaf19a72bbb0fd0d2191,TX,48377,2,2022-11-09T01:00:00.000Z,FIPSCode,48377,0,2022-11-11T09:51:15.275Z,8,98.98,8,100,62962,1025,61.97,62492,550,33.25,63492,79,4.78,1671,99,1654,4047,8,8
1668161054,2022-11-11 04:04:14 -0600,59e1163dc5bf9eed12a8f73201a85f63d36ea03b,TX,48377,2,2022-11-09T01:00:00.000Z,FIPSCode,48377,0,2022-11-11T09:51:15.275Z,8,98.98,8,100,62962,1025,61.97,62492,550,33.25,63492,79,4.78,1671,99,1654,4047,8,8
1668161093,2022-11-11 04:04:53 -0600,a236315106023be02e43c77db1867d14ff55989d,TX,48377,2,2022-11-09T01:00:00.000Z,FIPSCode,48377,0,2022-11-11T09:51:15.275Z,8,98.98,8,100,62962,1025,61.97,62492,550,33.25,63492,79,4.78,1671,99,1654,4047,8,8
1668161133,2022-11-11 04:05:33 -0600,cc32caed7a7e4c69d03282450af8371eed7fe53c,TX,48377,2,2022-11-09T01:00:00.000Z,FIPSCode,48377,0,2022-11-11T09:51:15.275Z,8,98.98,8,100,62962,1025,61.97,62492,550,33.25,63492,79,4.78,1671,99,1654,4047,8,8
1668161172,2022-11-11 04:06:12 -0600,7ed3f378214b6427144129b4acbf8cf34b8a4109,TX,48377,2,2022-11-09T01:00:00.000Z,FIPSCode,48377,0,2022-11-11T09:51:15.275Z,8,98.98,8,100,62962,1025,61.97,62492,550,33.25,63492,79,4.78,1671,99,1654,4047,8,8
1668161252,2022-11-11 04:07:32 -0600,a565f599555de30d2bab0a584df98fc91e77804b,TX,48377,2,2022-11-09T01:00:00.000Z,FIPSCode,48377,0,2022-11-11T09:51:15.275Z,8,98.98,8,100,62962,1025,61.97,62492,550,33.25,63492,79,4.78,1671,99,1654,4047,8,8
1668161413,2022-11-11 04:10:13 -0600,fe492d911e69037029df236f4a34909091f7d30a,TX,48377,2,2022-11-09T01:00:00.000Z,FIPSCode,48377,0,2022-11-11T09:51:15.275Z,8,98.98,8,100,62962,1025,61.97,62492,550,33.25,63492,79,4.78,1671,99,1654,4047,8,8
1668161573,2022-11-11 04:12:53 -0600,bd11dbd8d88326204019821287ccc5d6cd07800b,TX,48377,2,2022-11-09T01:00:00.000Z,FIPSCode,48377,0,2022-11-11T09:51:15.275Z,8,98.98,8,100,62962,1025,61.97,62492,550,33.25,63492,79,4.78,1671,99,1654,4047,8,8
1668161691,2022-11-11 04:14:51 -0600,e1f5a2fe7fa202e99ef8143de8adebfc1f73c20f,TX,48377,2,2022-11-09T01:00:00.000Z,FIPSCode,48377,0,2022-11-11T09:51:15.275Z,8,98.98,8,100,62962,1025,61.97,62492,550,33.25,63492,79,4.78,1671,99,1654,4047,8,8
1668161771,2022-11-11 04:16:11 -0600,0746e41590234fef26b14619a2c06034408aaf16,TX,48377,2,2022-11-09T01:00:00.000Z,FIPSCode,48377,0,2022-11-11T09:51:15.275Z,8,98.98,8,100,62962,1025,61.97,62492,550,33.25,63492,79,4.78,1671,99,1654,4047,8,8
1668161811,2022-11-11 04:16:51 -0600,568ee095d6b57f37291963aadef47f9cfae0a8a1,TX,48377,2,2022-11-09T01:00:00.000Z,FIPSCode,48377,0,2022-11-11T09:51:15.275Z,8,98.98,8,100,62962,1025,61.97,62492,550,33.25,63492,79,4.78,1671,99,1654,4047,8,8
1668161851,2022-11-11 04:17:31 -0600,a37ba5e9f2d1aac334f48710658c643d5f5b9854,TX,48377,2,2022-11-09T01:00:00.000Z,FIPSCode,48377,0,2022-11-11T09:51:15.275Z,8,98.98,8,100,62962,1025,61.97,62492,550,33.25,63492,79,4.78,1671,99,1654,4047,8,8
1668161892,2022-11-11 04:18:12 -0600,599c8a3d64df54a9c0d61c5d3843d7a71f075724,TX,48377,2,2022-11-09T01:00:00.000Z,FIPSCode,48377,0,2022-11-11T09:51:15.275Z,8,98.98,8,100,62962,1025,61.97,62492,550,33.25,63492,79,4.78,1671,99,1654,4047,8,8
1668161931,2022-11-11 04:18:51 -0600,e1af33072931e2d57abb080f6775f9a04af08a71,TX,48377,2,2022-11-09T01:00:00.000Z,FIPSCode,48377,0,2022-11-11T09:51:15.275Z,8,98.98,8,100,62962,1025,61.97,62492,550,33.25,63492,79,4.78,1671,99,1654,4047,8,8
1668161971,2022-11-11 04:19:31 -0600,3758076e692ef6a43f50f3475071ce6bc57787da,TX,48377,2,2022-11-09T01:00:00.000Z,FIPSCode,48377,0,2022-11-11T09:51:15.275Z,8,98.98,8,100,62962,1025,61.97,62492,550,33.25,63492,79,4.78,1671,99,1654,4047,8,8
1668162051,2022-11-11 04:20:51 -0600,5e002d9d31b3c92403c24cd1f24d78716c3633a0,TX,48377,2,2022-11-09T01:00:00.000Z,FIPSCode,48377,0,2022-11-11T09:51:15.275Z,8,98.98,8,100,62962,1025,61.97,62492,550,33.25,63492,79,4.78,1671,99,1654,4047,8,8
1668162091,2022-11-11 04:21:31 -0600,1f41dec7e2353925eacc75b06d7ed330e2596426,TX,48377,2,2022-11-09T01:00:00.000Z,FIPSCode,48377,0,2022-11-11T09:51:15.275Z,8,98.98,8,100,62962,1025,61.97,62492,550,33.25,63492,79,4.78,1671,99,1654,4047,8,8
1668162130,2022-11-11 04:22:10 -0600,23ae1b2efad7d06dba69a18f33feb91c35487e24,TX,48377,2,2022-11-09T01:00:00.000Z,FIPSCode,48377,0,2022-11-11T09:51:15.275Z,8,98.98,8,100,62962,1025,61.97,62492,550,33.25,63492,79,4.78,1671,99,1654,4047,8,8
1668162169,2022-11-11 04:22:49 -0600,93dcaf2534db72645449095f9d462a12cf1ae1ff,TX,48377,2,2022-11-09T01:00:00.000Z,FIPSCode,48377,0,2022-11-11T09:51:15.275Z,8,98.98,8,100,62962,1025,61.97,62492,550,33.25,63492,79,4.78,1671,99,1654,4047,8,8
1668162208,2022-11-11 04:23:28 -0600,8faa45930979eb7404320420a9eabf6cc12feea9,TX,48377,2,2022-11-09T01:00:00.000Z,FIPSCode,48377,0,2022-11-11T09:51:15.275Z,8,98.98,8,100,62962,1025,61.97,62492,550,33.25,63492,79,4.78,1671,99,1654,4047,8,8
1668162366,2022-11-11 04:26:06 -0600,d331355c81845df2dc9a1888e5e7a3820a0da89b,TX,48377,2,2022-11-09T01:00:00.000Z,FIPSCode,48377,0,2022-11-11T09:51:15.275Z,8,98.98,8,100,62962,1025,61.97,62492,550,33.25,63492,79,4.78,1671,99,1654,4047,8,8
1668162405,2022-11-11 04:26:45 -0600,8f3e83db03d3c2425e362b313b5e28228f2f2cad,TX,48377,2,2022-11-09T01:00:00.000Z,FIPSCode,48377,0,2022-11-11T09:51:15.275Z,8,98.98,8,100,62962,1025,61.97,62492,550,33.25,63492,79,4.78,1671,99,1654,4047,8,8
1668162445,2022-11-11 04:27:25 -0600,9885b79c7bc04034fbf3537645e08c174d4c632a,TX,48377,2,2022-11-09T01:00:00.000Z,FIPSCode,48377,0,2022-11-11T09:51:15.275Z,8,98.98,8,100,62962,1025,61.97,62492,550,33.25,63492,79,4.78,1671,99,1654,4047,8,8
1668162563,2022-11-11 04:29:23 -0600,37d3b6a821d912c8701402bb3c04005fa04fa9d9,TX,48377,2,2022-11-09T01:00:00.000Z,FIPSCode,48377,0,2022-11-11T09:51:15.275Z,8,98.98,8,100,62962,1025,61.97,62492,550,33.25,63492,79,4.78,1671,99,1654,4047,8,8
1668162602,2022-11-11 04:30:02 -0600,d80b4dec13bf0021db1f1ce341b9805cee2e8916,TX,48377,2,2022-11-09T01:00:00.000Z,FIPSCode,48377,0,2022-11-11T10:29:14.365Z,8,98.98,8,100,62962,1025,61.97,62492,550,33.25,63492,79,4.78,1671,99,1654,4047,8,8
1668162641,2022-11-11 04:30:41 -0600,e2ea1b28364eeae3820f761f8da1a52644142d85,TX,48377,2,2022-11-09T01:00:00.000Z,FIPSCode,48377,0,2022-11-11T10:29:14.365Z,8,98.98,8,100,62962,1025,61.97,62492,550,33.25,63492,79,4.78,1671,99,1654,4047,8,8
1668162681,2022-11-11 04:31:21 -0600,ca9e7dad645709105e305cfbacce793edfbc3f3f,TX,48377,2,2022-11-09T01:00:00.000Z,FIPSCode,48377,0,2022-11-11T10:29:14.365Z,8,98.98,8,100,62962,1025,61.97,62492,550,33.25,63492,79,4.78,1671,99,1654,4047,8,8
1668162721,2022-11-11 04:32:01 -0600,4d9cbd90810ce6522ecbb8b1da3325031dc013b0,TX,48377,2,2022-11-09T01:00:00.000Z,FIPSCode,48377,0,2022-11-11T10:31:37.447Z,8,98.98,8,100,62962,1025,61.97,62492,550,33.25,63492,79,4.78,1671,99,1654,4047,8,8
1668162760,2022-11-11 04:32:40 -0600,a55585ba57e9f14ff77250634e17db0960fbed99,TX,48377,2,2022-11-09T01:00:00.000Z,FIPSCode,48377,0,2022-11-11T10:31:37.447Z,8,98.98,8,100,62962,1025,61.97,62492,550,33.25,63492,79,4.78,1671,99,1654,4047,8,8
1668162800,2022-11-11 04:33:20 -0600,367b94d116dacab82d63971466a2e885c447fbcd,TX,48377,2,2022-11-09T01:00:00.000Z,FIPSCode,48377,0,2022-11-11T10:31:37.447Z,8,98.98,8,100,62962,1025,61.97,62492,550,33.25,63492,79,4.78,1671,99,1654,4047,8,8
1668162840,2022-11-11 04:34:00 -0600,c5881697066e6d440e43da610881ccef67c0e3fb,TX,48377,2,2022-11-09T01:00:00.000Z,FIPSCode,48377,0,2022-11-11T10:31:37.447Z,8,98.98,8,100,62962,1025,61.97,62492,550,33.25,63492,79,4.78,1671,99,1654,4047,8,8
1668162879,2022-11-11 04:34:39 -0600,599939d3d47e4e425fa0d42c8358e2eb08d25f46,TX,48377,2,2022-11-09T01:00:00.000Z,FIPSCode,48377,0,2022-11-11T10:31:37.447Z,8,98.98,8,100,62962,1025,61.97,62492,550,33.25,63492,79,4.78,1671,99,1654,4047,8,8
1668162918,2022-11-11 04:35:18 -0600,5223cf54e6965219ba675bd54e9182471695edca,TX,48377,2,2022-11-09T01:00:00.000Z,FIPSCode,48377,0,2022-11-11T10:31:37.447Z,8,98.98,8,100,62962,1025,61.97,62492,550,33.25,63492,79,4.78,1671,99,1654,4047,8,8
1668162957,2022-11-11 04:35:57 -0600,9c3070421fd856197a39c50c7126293451f2ff23,TX,48377,2,2022-11-09T01:00:00.000Z,FIPSCode,48377,0,2022-11-11T10:31:37.447Z,8,98.98,8,100,62962,1025,61.97,62492,550,33.25,63492,79,4.78,1671,99,1654,4047,8,8
1668163037,2022-11-11 04:37:17 -0600,fd699320a642da675d38393e7ebe273907425146,TX,48377,2,2022-11-09T01:00:00.000Z,FIPSCode,48377,0,2022-11-11T10:31:37.447Z,8,98.98,8,100,62962,1025,61.97,62492,550,33.25,63492,79,4.78,1671,99,1654,4047,8,8
1668163076,2022-11-11 04:37:56 -0600,b9c21d6e41583f0db19a5a6c3ee53f58ee64aee4,TX,48377,2,2022-11-09T01:00:00.000Z,FIPSCode,48377,0,2022-11-11T10:31:37.447Z,8,98.98,8,100,62962,1025,61.97,62492,550,33.25,63492,79,4.78,1671,99,1654,4047,8,8
1668163115,2022-11-11 04:38:35 -0600,3e0349a6b9399ea89845aee62d38b34223b317df,TX,48377,2,2022-11-09T01:00:00.000Z,FIPSCode,48377,0,2022-11-11T10:31:37.447Z,8,98.98,8,100,62962,1025,61.97,62492,550,33.25,63492,79,4.78,1671,99,1654,4047,8,8
1668163194,2022-11-11 04:39:54 -0600,5f9ac6ad8d642760c11f342cd56f6cf05ac3ab8a,TX,48377,2,2022-11-09T01:00:00.000Z,FIPSCode,48377,0,2022-11-11T10:31:37.447Z,8,98.98,8,100,62962,1025,61.97,62492,550,33.25,63492,79,4.78,1671,99,1654,4047,8,8
1668163312,2022-11-11 04:41:52 -0600,e92511fbcf808c050145b3dfc14a662e0255ce68,TX,48377,2,2022-11-09T01:00:00.000Z,FIPSCode,48377,0,2022-11-11T10:31:37.447Z,8,98.98,8,100,62962,1025,61.97,62492,550,33.25,63492,79,4.78,1671,99,1654,4047,8,8
1668163352,2022-11-11 04:42:32 -0600,595eaa802ad0e4a27d311dc99081c5a45640ed5c,TX,48377,2,2022-11-09T01:00:00.000Z,FIPSCode,48377,0,2022-11-11T10:31:37.447Z,8,98.98,8,100,62962,1025,61.97,62492,550,33.25,63492,79,4.78,1671,99,1654,4047,8,8
1668163392,2022-11-11 04:43:12 -0600,ec18d453c803986884f71be8f8d6a5b48a71825d,TX,48377,2,2022-11-09T01:00:00.000Z,FIPSCode,48377,0,2022-11-11T10:31:37.447Z,8,98.98,8,100,62962,1025,61.97,62492,550,33.25,63492,79,4.78,1671,99,1654,4047,8,8
1668163432,2022-11-11 04:43:52 -0600,47c6d68e45c05ef718ef20081211038e8b0ee5c8,TX,48377,2,2022-11-09T01:00:00.000Z,FIPSCode,48377,0,2022-11-11T10:31:37.447Z,8,98.98,8,100,62962,1025,61.97,62492,550,33.25,63492,79,4.78,1671,99,1654,4047,8,8
1668163471,2022-11-11 04:44:31 -0600,69538c6aa8e4bd5082e32ff358163457c694fe28,TX,48377,2,2022-11-09T01:00:00.000Z,FIPSCode,48377,0,2022-11-11T10:31:37.447Z,8,98.98,8,100,62962,1025,61.97,62492,550,33.25,63492,79,4.78,1671,99,1654,4047,8,8
1668163511,2022-11-11 04:45:11 -0600,15050bb627a47b9ae217af59c6550c85233faed7,TX,48377,2,2022-11-09T01:00:00.000Z,FIPSCode,48377,0,2022-11-11T10:31:37.447Z,8,98.98,8,100,62962,1025,61.97,62492,550,33.25,63492,79,4.78,1671,99,1654,4047,8,8
1668163550,2022-11-11 04:45:50 -0600,8e1caad30f121fbe5d0dd71548a2860f01ad1218,TX,48377,2,2022-11-09T01:00:00.000Z,FIPSCode,48377,0,2022-11-11T10:31:37.447Z,8,98.98,8,100,62962,1025,61.97,62492,550,33.25,63492,79,4.78,1671,99,1654,4047,8,8
1668163589,2022-11-11 04:46:29 -0600,6a3eecef422863a3656d3b4701185102e8e71cd9,TX,48377,2,2022-11-09T01:00:00.000Z,FIPSCode,48377,0,2022-11-11T10:31:37.447Z,8,98.98,8,100,62962,1025,61.97,62492,550,33.25,63492,79,4.78,1671,99,1654,4047,8,8
1668163629,2022-11-11 04:47:09 -0600,e14c28f694ce02d19bcd4a6bfe2897c7a1e2e477,TX,48377,2,2022-11-09T01:00:00.000Z,FIPSCode,48377,0,2022-11-11T10:31:37.447Z,8,98.98,8,100,62962,1025,61.97,62492,550,33.25,63492,79,4.78,1671,99,1654,4047,8,8
1668163668,2022-11-11 04:47:48 -0600,0727cb536db86d9aceb8dcdf31e99c813808253e,TX,48377,2,2022-11-09T01:00:00.000Z,FIPSCode,48377,0,2022-11-11T10:31:37.447Z,8,98.98,8,100,62962,1025,61.97,62492,550,33.25,63492,79,4.78,1671,99,1654,4047,8,8
1668163707,2022-11-11 04:48:27 -0600,b3320f5379bf8f5112610795a659635773bcbece,TX,48377,2,2022-11-09T01:00:00.000Z,FIPSCode,48377,0,2022-11-11T10:31:37.447Z,8,98.98,8,100,62962,1025,61.97,62492,550,33.25,63492,79,4.78,1671,99,1654,4047,8,8
1668163747,2022-11-11 04:49:07 -0600,813b04ed0baf386d813a0ab1c2c8781e248840ee,TX,48377,2,2022-11-09T01:00:00.000Z,FIPSCode,48377,0,2022-11-11T10:31:37.447Z,8,98.98,8,100,62962,1025,61.97,62492,550,33.25,63492,79,4.78,1671,99,1654,4047,8,8
1668163786,2022-11-11 04:49:46 -0600,16907ac09a84bf231bfff333fcef320b7b77f266,TX,48377,2,2022-11-09T01:00:00.000Z,FIPSCode,48377,0,2022-11-11T10:31:37.447Z,8,98.98,8,100,62962,1025,61.97,62492,550,33.25,63492,79,4.78,1671,99,1654,4047,8,8
1668163826,2022-11-11 04:50:26 -0600,c51a9813597a7fbb2d54079d9f93c9a724e1909a,TX,48377,2,2022-11-09T01:00:00.000Z,FIPSCode,48377,0,2022-11-11T10:31:37.447Z,8,98.98,8,100,62962,1025,61.97,62492,550,33.25,63492,79,4.78,1671,99,1654,4047,8,8
1668163865,2022-11-11 04:51:05 -0600,08f5490695f3acc5491ab299f1c0e6976adddab4,TX,48377,2,2022-11-09T01:00:00.000Z,FIPSCode,48377,0,2022-11-11T10:31:37.447Z,8,98.98,8,100,62962,1025,61.97,62492,550,33.25,63492,79,4.78,1671,99,1654,4047,8,8
1668163904,2022-11-11 04:51:44 -0600,ba7e7e3a25f6122d8ab4761c9de4808265185456,TX,48377,2,2022-11-09T01:00:00.000Z,FIPSCode,48377,0,2022-11-11T10:31:37.447Z,8,98.98,8,100,62962,1025,61.97,62492,550,33.25,63492,79,4.78,1671,99,1654,4047,8,8
1668163943,2022-11-11 04:52:23 -0600,c00d18e797354a6c8c29c8fc4306898cfb33888c,TX,48377,2,2022-11-09T01:00:00.000Z,FIPSCode,48377,0,2022-11-11T10:31:37.447Z,8,98.98,8,100,62962,1025,61.97,62492,550,33.25,63492,79,4.78,1671,99,1654,4047,8,8
1668163981,2022-11-11 04:53:01 -0600,b0a988caa61e10d89dd47a805dc198c9dc042934,TX,48377,2,2022-11-09T01:00:00.000Z,FIPSCode,48377,0,2022-11-11T10:31:37.447Z,8,98.98,8,100,62962,1025,61.97,62492,550,33.25,63492,79,4.78,1671,99,1654,4047,8,8
1668164021,2022-11-11 04:53:41 -0600,2883821ba72c193059aca38f6768e9f1d2e0c670,TX,48377,2,2022-11-09T01:00:00.000Z,FIPSCode,48377,0,2022-11-11T10:31:37.447Z,8,98.98,8,100,62962,1025,61.97,62492,550,33.25,63492,79,4.78,1671,99,1654,4047,8,8
1668164102,2022-11-11 04:55:02 -0600,5c5b6db22d4b7279345bcf03d1c962066cc9c9c8,TX,48377,2,2022-11-09T01:00:00.000Z,FIPSCode,48377,0,2022-11-11T10:31:37.447Z,8,98.98,8,100,62962,1025,61.97,62492,550,33.25,63492,79,4.78,1671,99,1654,4047,8,8
1668164182,2022-11-11 04:56:22 -0600,d626602778ac208f8fffade3673f09481ec27a41,TX,48377,2,2022-11-09T01:00:00.000Z,FIPSCode,48377,0,2022-11-11T10:31:37.447Z,8,98.98,8,100,62962,1025,61.97,62492,550,33.25,63492,79,4.78,1671,99,1654,4047,8,8
1668164222,2022-11-11 04:57:02 -0600,e0f32721fce30f8f6ae062a3f872cdb199322595,TX,48377,2,2022-11-09T01:00:00.000Z,FIPSCode,48377,0,2022-11-11T10:31:37.447Z,8,98.98,8,100,62962,1025,61.97,62492,550,33.25,63492,79,4.78,1671,99,1654,4047,8,8
1668164261,2022-11-11 04:57:41 -0600,844a5354989fed43566d4f64ec84bb3e39312a3f,TX,48377,2,2022-11-09T01:00:00.000Z,FIPSCode,48377,0,2022-11-11T10:31:37.447Z,8,98.98,8,100,62962,1025,61.97,62492,550,33.25,63492,79,4.78,1671,99,1654,4047,8,8
1668164338,2022-11-11 04:58:58 -0600,1b271451bf4284956981a7bd65bd93dd76bc9e79,TX,48377,2,2022-11-09T01:00:00.000Z,FIPSCode,48377,0,2022-11-11T10:31:37.447Z,8,98.98,8,100,62962,1025,61.97,62492,550,33.25,63492,79,4.78,1671,99,1654,4047,8,8
1668164417,2022-11-11 05:00:17 -0600,ed8036b661752ddc83122d69c1987ee8cb3cbb64,TX,48377,2,2022-11-09T01:00:00.000Z,FIPSCode,48377,0,2022-11-11T10:31:37.447Z,8,98.98,8,100,62962,1025,61.97,62492,550,33.25,63492,79,4.78,1671,99,1654,4047,8,8
1668164456,2022-11-11 05:00:56 -0600,0a574222ee77687dc4a0e064a68009aeb452bd35,TX,48377,2,2022-11-09T01:00:00.000Z,FIPSCode,48377,0,2022-11-11T10:31:37.447Z,8,98.98,8,100,62962,1025,61.97,62492,550,33.25,63492,79,4.78,1671,99,1654,4047,8,8
1668164496,2022-11-11 05:01:36 -0600,eb3938fdcb9eecc05df63ea23750c5ab17210c58,TX,48377,2,2022-11-09T01:00:00.000Z,FIPSCode,48377,0,2022-11-11T10:31:37.447Z,8,98.98,8,100,62962,1025,61.97,62492,550,33.25,63492,79,4.78,1671,99,1654,4047,8,8
1668164536,2022-11-11 05:02:16 -0600,234ae64442cec996a53ad92732f53d28bf5e40e1,TX,48377,2,2022-11-09T01:00:00.000Z,FIPSCode,48377,0,2022-11-11T10:31:37.447Z,8,98.98,8,100,62962,1025,61.97,62492,550,33.25,63492,79,4.78,1671,99,1654,4047,8,8
1668164575,2022-11-11 05:02:55 -0600,127208ae38cfb8c17bf2fc9a7404688fdf87c8fb,TX,48377,2,2022-11-09T01:00:00.000Z,FIPSCode,48377,0,2022-11-11T10:31:37.447Z,8,98.98,8,100,62962,1025,61.97,62492,550,33.25,63492,79,4.78,1671,99,1654,4047,8,8
1668164614,2022-11-11 05:03:34 -0600,3486a946daf8d6a436c6ce66fd82f3dcb54191e7,TX,48377,2,2022-11-09T01:00:00.000Z,FIPSCode,48377,0,2022-11-11T10:31:37.447Z,8,98.98,8,100,62962,1025,61.97,62492,550,33.25,63492,79,4.78,1671,99,1654,4047,8,8
1668164654,2022-11-11 05:04:14 -0600,6b2e55ac9a029d48d4a393439261dfb2bf95cd95,TX,48377,2,2022-11-09T01:00:00.000Z,FIPSCode,48377,0,2022-11-11T10:31:37.447Z,8,98.98,8,100,62962,1025,61.97,62492,550,33.25,63492,79,4.78,1671,99,1654,4047,8,8
1668164696,2022-11-11 05:04:56 -0600,0e8798f81eeca085a1159d8da240ea60618f7aba,TX,48377,2,2022-11-09T01:00:00.000Z,FIPSCode,48377,0,2022-11-11T10:31:37.447Z,8,98.98,8,100,62962,1025,61.97,62492,550,33.25,63492,79,4.78,1671,99,1654,4047,8,8
1668164736,2022-11-11 05:05:36 -0600,c255149338cbed40eff371323f12cfe9bb979d96,TX,48377,2,2022-11-09T01:00:00.000Z,FIPSCode,48377,0,2022-11-11T10:31:37.447Z,8,98.98,8,100,62962,1025,61.97,62492,550,33.25,63492,79,4.78,1671,99,1654,4047,8,8
1668164776,2022-11-11 05:06:16 -0600,dd62abcf73b7ddba3a1edcac29829d4617ddc3f4,TX,48377,2,2022-11-09T01:00:00.000Z,FIPSCode,48377,0,2022-11-11T10:31:37.447Z,8,98.98,8,100,62962,1025,61.97,62492,550,33.25,63492,79,4.78,1671,99,1654,4047,8,8
1668164855,2022-11-11 05:07:35 -0600,8619c8adb9d54d5f75269ba5f6ac770d8706e81f,TX,48377,2,2022-11-09T01:00:00.000Z,FIPSCode,48377,0,2022-11-11T10:31:37.447Z,8,98.98,8,100,62962,1025,61.97,62492,550,33.25,63492,79,4.78,1671,99,1654,4047,8,8
1668164937,2022-11-11 05:08:57 -0600,484ad056a6a024aed410c6b18e9ed0d6d2a6d005,TX,48377,2,2022-11-09T01:00:00.000Z,FIPSCode,48377,0,2022-11-11T10:31:37.447Z,8,98.98,8,100,62962,1025,61.97,62492,550,33.25,63492,79,4.78,1671,99,1654,4047,8,8
1668164976,2022-11-11 05:09:36 -0600,1392c8100610b39eb74d5c8224f1282e2f92521c,TX,48377,2,2022-11-09T01:00:00.000Z,FIPSCode,48377,0,2022-11-11T10:31:37.447Z,8,98.98,8,100,62962,1025,61.97,62492,550,33.25,63492,79,4.78,1671,99,1654,4047,8,8
1668165017,2022-11-11 05:10:17 -0600,9ea81511bac6e6cfe70f0aa6ca9194fb00a535b1,TX,48377,2,2022-11-09T01:00:00.000Z,FIPSCode,48377,0,2022-11-11T10:31:37.447Z,8,98.98,8,100,62962,1025,61.97,62492,550,33.25,63492,79,4.78,1671,99,1654,4047,8,8
1668165059,2022-11-11 05:10:59 -0600,be675b0fad0d0bdd623e4baa3b9cdde2f20e08a0,TX,48377,2,2022-11-09T01:00:00.000Z,FIPSCode,48377,0,2022-11-11T10:31:37.447Z,8,98.98,8,100,62962,1025,61.97,62492,550,33.25,63492,79,4.78,1671,99,1654,4047,8,8
1668165101,2022-11-11 05:11:41 -0600,68d5750dc4945881a2e5bec6ce8bff3cbe2e0c11,TX,48377,2,2022-11-09T01:00:00.000Z,FIPSCode,48377,0,2022-11-11T10:31:37.447Z,8,98.98,8,100,62962,1025,61.97,62492,550,33.25,63492,79,4.78,1671,99,1654,4047,8,8
1668165180,2022-11-11 05:13:00 -0600,96a9f8beb4ce7aa41d5fce8cfdc92b50f682b42d,TX,48377,2,2022-11-09T01:00:00.000Z,FIPSCode,48377,0,2022-11-11T10:31:37.447Z,8,98.98,8,100,62962,1025,61.97,62492,550,33.25,63492,79,4.78,1671,99,1654,4047,8,8
1668165258,2022-11-11 05:14:18 -0600,fae09ccc9cb1f1034c27b82b3d19291ebd155eba,TX,48377,2,2022-11-09T01:00:00.000Z,FIPSCode,48377,0,2022-11-11T10:31:37.447Z,8,98.98,8,100,62962,1025,61.97,62492,550,33.25,63492,79,4.78,1671,99,1654,4047,8,8
1668165298,2022-11-11 05:14:58 -0600,25ae6801ef4d2afc2aa239a6b9549c030a66640b,TX,48377,2,2022-11-09T01:00:00.000Z,FIPSCode,48377,0,2022-11-11T10:31:37.447Z,8,98.98,8,100,62962,1025,61.97,62492,550,33.25,63492,79,4.78,1671,99,1654,4047,8,8
1668165377,2022-11-11 05:16:17 -0600,6e0aedcb7ab3ee44923afa83aef3d934ec836cc0,TX,48377,2,2022-11-09T01:00:00.000Z,FIPSCode,48377,0,2022-11-11T10:31:37.447Z,8,98.98,8,100,62962,1025,61.97,62492,550,33.25,63492,79,4.78,1671,99,1654,4047,8,8
1668165454,2022-11-11 05:17:34 -0600,4b05e67017ad789207ae1a7ed804031c106fe6ce,TX,48377,2,2022-11-09T01:00:00.000Z,FIPSCode,48377,0,2022-11-11T10:31:37.447Z,8,98.98,8,100,62962,1025,61.97,62492,550,33.25,63492,79,4.78,1671,99,1654,4047,8,8
1668165493,2022-11-11 05:18:13 -0600,1b37b607fb3702d06e9d1933c82894c75ebc7d8c,TX,48377,2,2022-11-09T01:00:00.000Z,FIPSCode,48377,0,2022-11-11T10:31:37.447Z,8,98.98,8,100,62962,1025,61.97,62492,550,33.25,63492,79,4.78,1671,99,1654,4047,8,8
1668165532,2022-11-11 05:18:52 -0600,8515456afb7af4356820167e46599481da18bad4,TX,48377,2,2022-11-09T01:00:00.000Z,FIPSCode,48377,0,2022-11-11T10:31:37.447Z,8,98.98,8,100,62962,1025,61.97,62492,550,33.25,63492,79,4.78,1671,99,1654,4047,8,8
1668165572,2022-11-11 05:19:32 -0600,7b9f09b37afd7bc4a41831a45d76bb499392775c,TX,48377,2,2022-11-09T01:00:00.000Z,FIPSCode,48377,0,2022-11-11T10:31:37.447Z,8,98.98,8,100,62962,1025,61.97,62492,550,33.25,63492,79,4.78,1671,99,1654,4047,8,8
1668165613,2022-11-11 05:20:13 -0600,e52d68f3a7c149936bc2e0aa391799cab2aa6666,TX,48377,2,2022-11-09T01:00:00.000Z,FIPSCode,48377,0,2022-11-11T10:31:37.447Z,8,98.98,8,100,62962,1025,61.97,62492,550,33.25,63492,79,4.78,1671,99,1654,4047,8,8
1668165652,2022-11-11 05:20:52 -0600,a76fed41d308ad3be2106c8d0e0d7ff4afc32678,TX,48377,2,2022-11-09T01:00:00.000Z,FIPSCode,48377,0,2022-11-11T11:20:36.449Z,8,98.98,8,100,62962,1025,61.97,62492,550,33.25,63492,79,4.78,1671,99,1654,4047,8,8
1668165691,2022-11-11 05:21:31 -0600,f70a217538df52f9fcec9ebbd3a0251a6ae3beee,TX,48377,2,2022-11-09T01:00:00.000Z,FIPSCode,48377,0,2022-11-11T11:20:36.449Z,8,98.98,8,100,62962,1025,61.97,62492,550,33.25,63492,79,4.78,1671,99,1654,4047,8,8
1668165731,2022-11-11 05:22:11 -0600,dde69df44fac3d2c9f8407ffd06a02b8ed924c84,TX,48377,2,2022-11-09T01:00:00.000Z,FIPSCode,48377,0,2022-11-11T11:20:36.449Z,8,98.98,8,100,62962,1025,61.97,62492,550,33.25,63492,79,4.78,1671,99,1654,4047,8,8
1668165770,2022-11-11 05:22:50 -0600,6ccd95bd6c8da51d26681415f8a2c140ffff410a,TX,48377,2,2022-11-09T01:00:00.000Z,FIPSCode,48377,0,2022-11-11T11:20:36.449Z,8,98.98,8,100,62962,1025,61.97,62492,550,33.25,63492,79,4.78,1671,99,1654,4047,8,8
1668165809,2022-11-11 05:23:29 -0600,a0ffcbd82c4ec09f9e8b25e3ebcb86bfdc54aaf6,TX,48377,2,2022-11-09T01:00:00.000Z,FIPSCode,48377,0,2022-11-11T11:22:38.951Z,8,98.98,8,100,62962,1025,61.97,62492,550,33.25,63492,79,4.78,1671,99,1654,4047,8,8
1668165849,2022-11-11 05:24:09 -0600,4ebfb64ecf049ab064868246528a84aebbb5da5c,TX,48377,2,2022-11-09T01:00:00.000Z,FIPSCode,48377,0,2022-11-11T11:22:38.951Z,8,98.98,8,100,62962,1025,61.97,62492,550,33.25,63492,79,4.78,1671,99,1654,4047,8,8
1668165894,2022-11-11 05:24:54 -0600,c799e4219184f14f07888701e1f1c29f97d555a9,TX,48377,2,2022-11-09T01:00:00.000Z,FIPSCode,48377,0,2022-11-11T11:22:38.951Z,8,98.98,8,100,62962,1025,61.97,62492,550,33.25,63492,79,4.78,1671,99,1654,4047,8,8
1668165974,2022-11-11 05:26:14 -0600,b9caf2a94280b0ba9f80260a0d2e4dd22dc3284f,TX,48377,2,2022-11-09T01:00:00.000Z,FIPSCode,48377,0,2022-11-11T11:22:38.951Z,8,98.98,8,100,62962,1025,61.97,62492,550,33.25,63492,79,4.78,1671,99,1654,4047,8,8
1668166012,2022-11-11 05:26:52 -0600,f388b2453372a38fb91e86849a5d1317a0f3a7ae,TX,48377,2,2022-11-09T01:00:00.000Z,FIPSCode,48377,0,2022-11-11T11:22:38.951Z,8,98.98,8,100,62962,1025,61.97,62492,550,33.25,63492,79,4.78,1671,99,1654,4047,8,8
1668166053,2022-11-11 05:27:33 -0600,8da80f0d6ba9db2c3524540af941adecac91b829,TX,48377,2,2022-11-09T01:00:00.000Z,FIPSCode,48377,0,2022-11-11T11:22:38.951Z,8,98.98,8,100,62962,1025,61.97,62492,550,33.25,63492,79,4.78,1671,99,1654,4047,8,8
1668166091,2022-11-11 05:28:11 -0600,81a28a092ea1da567c1288754e1a22f4f06372b7,TX,48377,2,2022-11-09T01:00:00.000Z,FIPSCode,48377,0,2022-11-11T11:22:38.951Z,8,98.98,8,100,62962,1025,61.97,62492,550,33.25,63492,79,4.78,1671,99,1654,4047,8,8
1668166132,2022-11-11 05:28:52 -0600,5cfcfead1431b1478785c9dd0ef067f863b603b0,TX,48377,2,2022-11-09T01:00:00.000Z,FIPSCode,48377,0,2022-11-11T11:22:38.951Z,8,98.98,8,100,62962,1025,61.97,62492,550,33.25,63492,79,4.78,1671,99,1654,4047,8,8
1668166172,2022-11-11 05:29:32 -0600,2c50681b5cc7b0b1e57a746bec9474d46c672c01,TX,48377,2,2022-11-09T01:00:00.000Z,FIPSCode,48377,0,2022-11-11T11:22:38.951Z,8,98.98,8,100,62962,1025,61.97,62492,550,33.25,63492,79,4.78,1671,99,1654,4047,8,8
1668166213,2022-11-11 05:30:13 -0600,607b30f34501bfcef586dc55dda1cec96d06f18b,TX,48377,2,2022-11-09T01:00:00.000Z,FIPSCode,48377,0,2022-11-11T11:22:38.951Z,8,98.98,8,100,62962,1025,61.97,62492,550,33.25,63492,79,4.78,1671,99,1654,4047,8,8
1668166255,2022-11-11 05:30:55 -0600,bb51c2ca27be7411e91fae323eb4a139cb8f282e,TX,48377,2,2022-11-09T01:00:00.000Z,FIPSCode,48377,0,2022-11-11T11:22:38.951Z,8,98.98,8,100,62962,1025,61.97,62492,550,33.25,63492,79,4.78,1671,99,1654,4047,8,8
1668166294,2022-11-11 05:31:34 -0600,a1b6db9552bed929be7a7d027e8d81a3e02506c4,TX,48377,2,2022-11-09T01:00:00.000Z,FIPSCode,48377,0,2022-11-11T11:22:38.951Z,8,98.98,8,100,62962,1025,61.97,62492,550,33.25,63492,79,4.78,1671,99,1654,4047,8,8
1668166333,2022-11-11 05:32:13 -0600,50a61736eeb4bbbb712db00c243ea95766a2ffef,TX,48377,2,2022-11-09T01:00:00.000Z,FIPSCode,48377,0,2022-11-11T11:22:38.951Z,8,98.98,8,100,62962,1025,61.97,62492,550,33.25,63492,79,4.78,1671,99,1654,4047,8,8
1668166372,2022-11-11 05:32:52 -0600,6c680ba5c2419e627cad17598fbbb4c0dee3a3ec,TX,48377,2,2022-11-09T01:00:00.000Z,FIPSCode,48377,0,2022-11-11T11:22:38.951Z,8,98.98,8,100,62962,1025,61.97,62492,550,33.25,63492,79,4.78,1671,99,1654,4047,8,8
1668166411,2022-11-11 05:33:31 -0600,8d10cdaca82364cf03547717b555de7d50890021,TX,48377,2,2022-11-09T01:00:00.000Z,FIPSCode,48377,0,2022-11-11T11:22:38.951Z,8,98.98,8,100,62962,1025,61.97,62492,550,33.25,63492,79,4.78,1671,99,1654,4047,8,8
1668166451,2022-11-11 05:34:11 -0600,2fe0ebf9f7d8571c9e5576c142ae9a9d4eb5158b,TX,48377,2,2022-11-09T01:00:00.000Z,FIPSCode,48377,0,2022-11-11T11:22:38.951Z,8,98.98,8,100,62962,1025,61.97,62492,550,33.25,63492,79,4.78,1671,99,1654,4047,8,8
1668166490,2022-11-11 05:34:50 -0600,46bdeaa67e48b11d7121264b69283293f5c3a3eb,TX,48377,2,2022-11-09T01:00:00.000Z,FIPSCode,48377,0,2022-11-11T11:22:38.951Z,8,98.98,8,100,62962,1025,61.97,62492,550,33.25,63492,79,4.78,1671,99,1654,4047,8,8
1668166530,2022-11-11 05:35:30 -0600,ffbfb026744080d11c16a2f5b9b5b017c54eae10,TX,48377,2,2022-11-09T01:00:00.000Z,FIPSCode,48377,0,2022-11-11T11:22:38.951Z,8,98.98,8,100,62962,1025,61.97,62492,550,33.25,63492,79,4.78,1671,99,1654,4047,8,8
1668166572,2022-11-11 05:36:12 -0600,2ed0dbcacfc41c80ae94a94dc5a378e27828f1ef,TX,48377,2,2022-11-09T01:00:00.000Z,FIPSCode,48377,0,2022-11-11T11:22:38.951Z,8,98.98,8,100,62962,1025,61.97,62492,550,33.25,63492,79,4.78,1671,99,1654,4047,8,8
1668166612,2022-11-11 05:36:52 -0600,d6fbd512fa3f9b5dc8bcf4f00d86a8281d871536,TX,48377,2,2022-11-09T01:00:00.000Z,FIPSCode,48377,0,2022-11-11T11:22:38.951Z,8,98.98,8,100,62962,1025,61.97,62492,550,33.25,63492,79,4.78,1671,99,1654,4047,8,8
1668166651,2022-11-11 05:37:31 -0600,83e0d52adbe0a408a2cc30cdf94f53d3d31f14cf,TX,48377,2,2022-11-09T01:00:00.000Z,FIPSCode,48377,0,2022-11-11T11:22:38.951Z,8,98.98,8,100,62962,1025,61.97,62492,550,33.25,63492,79,4.78,1671,99,1654,4047,8,8
1668166729,2022-11-11 05:38:49 -0600,bbd0237210623e0b708c7d2317b5d6e548a96f0c,TX,48377,2,2022-11-09T01:00:00.000Z,FIPSCode,48377,0,2022-11-11T11:22:38.951Z,8,98.98,8,100,62962,1025,61.97,62492,550,33.25,63492,79,4.78,1671,99,1654,4047,8,8
1668166809,2022-11-11 05:40:09 -0600,7e28d83bb68e4fa9285bdcfc87212b285b538387,TX,48377,2,2022-11-09T01:00:00.000Z,FIPSCode,48377,0,2022-11-11T11:22:38.951Z,8,98.98,8,100,62962,1025,61.97,62492,550,33.25,63492,79,4.78,1671,99,1654,4047,8,8
1668166890,2022-11-11 05:41:30 -0600,4b595f88ebf29ec5fa0b117ebe250b9f5fa1ef9a,TX,48377,2,2022-11-09T01:00:00.000Z,FIPSCode,48377,0,2022-11-11T11:22:38.951Z,8,98.98,8,100,62962,1025,61.97,62492,550,33.25,63492,79,4.78,1671,99,1654,4047,8,8
1668166930,2022-11-11 05:42:10 -0600,5b7f7cc6e7164db1bfb9446d144d08b3f9d89e35,TX,48377,2,2022-11-09T01:00:00.000Z,FIPSCode,48377,0,2022-11-11T11:22:38.951Z,8,98.98,8,100,62962,1025,61.97,62492,550,33.25,63492,79,4.78,1671,99,1654,4047,8,8
1668166969,2022-11-11 05:42:49 -0600,bb712269c51845d22af322d0a0e5af0f8133d69a,TX,48377,2,2022-11-09T01:00:00.000Z,FIPSCode,48377,0,2022-11-11T11:22:38.951Z,8,98.98,8,100,62962,1025,61.97,62492,550,33.25,63492,79,4.78,1671,99,1654,4047,8,8
1668167009,2022-11-11 05:43:29 -0600,fcbdc9056b17be737df774a307720a99c82b2fa0,TX,48377,2,2022-11-09T01:00:00.000Z,FIPSCode,48377,0,2022-11-11T11:22:38.951Z,8,98.98,8,100,62962,1025,61.97,62492,550,33.25,63492,79,4.78,1671,99,1654,4047,8,8
1668167049,2022-11-11 05:44:09 -0600,ed25221adf41bf2dd7b405b6996ec5d750a32da5,TX,48377,2,2022-11-09T01:00:00.000Z,FIPSCode,48377,0,2022-11-11T11:22:38.951Z,8,98.98,8,100,62962,1025,61.97,62492,550,33.25,63492,79,4.78,1671,99,1654,4047,8,8
1668167088,2022-11-11 05:44:48 -0600,904ec7ff75ae5b5e62c0ea9385d7b9a9b5011e9c,TX,48377,2,2022-11-09T01:00:00.000Z,FIPSCode,48377,0,2022-11-11T11:22:38.951Z,8,98.98,8,100,62962,1025,61.97,62492,550,33.25,63492,79,4.78,1671,99,1654,4047,8,8
1668167128,2022-11-11 05:45:28 -0600,c34dec893dcf94f83690062d2e9242820ca75d9d,TX,48377,2,2022-11-09T01:00:00.000Z,FIPSCode,48377,0,2022-11-11T11:22:38.951Z,8,98.98,8,100,62962,1025,61.97,62492,550,33.25,63492,79,4.78,1671,99,1654,4047,8,8
1668167167,2022-11-11 05:46:07 -0600,9ecdcacde1bb70ee931c27ec195d7c6de6e9f8f5,TX,48377,2,2022-11-09T01:00:00.000Z,FIPSCode,48377,0,2022-11-11T11:22:38.951Z,8,98.98,8,100,62962,1025,61.97,62492,550,33.25,63492,79,4.78,1671,99,1654,4047,8,8
1668167207,2022-11-11 05:46:47 -0600,cf28c7a3d3c10f1e46156a926c76275074848300,TX,48377,2,2022-11-09T01:00:00.000Z,FIPSCode,48377,0,2022-11-11T11:22:38.951Z,8,98.98,8,100,62962,1025,61.97,62492,550,33.25,63492,79,4.78,1671,99,1654,4047,8,8
1668167287,2022-11-11 05:48:07 -0600,56af7bf22c017db3fe73d8d833906b2b482dafdd,TX,48377,2,2022-11-09T01:00:00.000Z,FIPSCode,48377,0,2022-11-11T11:22:38.951Z,8,98.98,8,100,62962,1025,61.97,62492,550,33.25,63492,79,4.78,1671,99,1654,4047,8,8
1668167330,2022-11-11 05:48:50 -0600,ba76ec7a3d872aa636b5dc882368b11440ac5c87,TX,48377,2,2022-11-09T01:00:00.000Z,FIPSCode,48377,0,2022-11-11T11:22:38.951Z,8,98.98,8,100,62962,1025,61.97,62492,550,33.25,63492,79,4.78,1671,99,1654,4047,8,8
1668167368,2022-11-11 05:49:28 -0600,efdb0cafb42f91766ff47e0f6bdc6c60d2c95ce9,TX,48377,2,2022-11-09T01:00:00.000Z,FIPSCode,48377,0,2022-11-11T11:22:38.951Z,8,98.98,8,100,62962,1025,61.97,62492,550,33.25,63492,79,4.78,1671,99,1654,4047,8,8
1668167407,2022-11-11 05:50:07 -0600,ebfca8718d364f67c4d151b4947198ce8cfbd645,TX,48377,2,2022-11-09T01:00:00.000Z,FIPSCode,48377,0,2022-11-11T11:22:38.951Z,8,98.98,8,100,62962,1025,61.97,62492,550,33.25,63492,79,4.78,1671,99,1654,4047,8,8
1668167446,2022-11-11 05:50:46 -0600,d9dcfe772ed068d3dede6d24f854d45686eba717,TX,48377,2,2022-11-09T01:00:00.000Z,FIPSCode,48377,0,2022-11-11T11:22:38.951Z,8,98.98,8,100,62962,1025,61.97,62492,550,33.25,63492,79,4.78,1671,99,1654,4047,8,8
1668167645,2022-11-11 05:54:05 -0600,3d473030bc98349c0179cec200c5f43dc54e4fc4,TX,48377,2,2022-11-09T01:00:00.000Z,FIPSCode,48377,0,2022-11-11T11:22:38.951Z,8,98.98,8,100,62962,1025,61.97,62492,550,33.25,63492,79,4.78,1671,99,1654,4047,8,8
1668167686,2022-11-11 05:54:46 -0600,7b12fec6b78349ec0aace6654316a7dd39b56c62,TX,48377,2,2022-11-09T01:00:00.000Z,FIPSCode,48377,0,2022-11-11T11:22:38.951Z,8,98.98,8,100,62962,1025,61.97,62492,550,33.25,63492,79,4.78,1671,99,1654,4047,8,8
1668167726,2022-11-11 05:55:26 -0600,81b7716ffc951d49737a19b437695f3955815721,TX,48377,2,2022-11-09T01:00:00.000Z,FIPSCode,48377,0,2022-11-11T11:22:38.951Z,8,98.98,8,100,62962,1025,61.97,62492,550,33.25,63492,79,4.78,1671,99,1654,4047,8,8
1668167766,2022-11-11 05:56:06 -0600,06475d4f04a4fb6be430507d559b26a099dd97fa,TX,48377,2,2022-11-09T01:00:00.000Z,FIPSCode,48377,0,2022-11-11T11:22:38.951Z,8,98.98,8,100,62962,1025,61.97,62492,550,33.25,63492,79,4.78,1671,99,1654,4047,8,8
1668167805,2022-11-11 05:56:45 -0600,285c0e0519cf5eb2c1180b80966960403f9217d5,TX,48377,2,2022-11-09T01:00:00.000Z,FIPSCode,48377,0,2022-11-11T11:22:38.951Z,8,98.98,8,100,62962,1025,61.97,62492,550,33.25,63492,79,4.78,1671,99,1654,4047,8,8
1668167846,2022-11-11 05:57:26 -0600,58345c9fbe6a348af6b9f365500b0527ac9adc9a,TX,48377,2,2022-11-09T01:00:00.000Z,FIPSCode,48377,0,2022-11-11T11:22:38.951Z,8,98.98,8,100,62962,1025,61.97,62492,550,33.25,63492,79,4.78,1671,99,1654,4047,8,8
1668167885,2022-11-11 05:58:05 -0600,83d6856f7e4780510a1016f5af4f23773bc24e70,TX,48377,2,2022-11-09T01:00:00.000Z,FIPSCode,48377,0,2022-11-11T11:22:38.951Z,8,98.98,8,100,62962,1025,61.97,62492,550,33.25,63492,79,4.78,1671,99,1654,4047,8,8
1668168080,2022-11-11 06:01:20 -0600,a1f6b578bd716e78fd813459f4d1a7d7f2d409bb,TX,48377,2,2022-11-09T01:00:00.000Z,FIPSCode,48377,0,2022-11-11T11:22:38.951Z,8,98.98,8,100,62962,1025,61.97,62492,550,33.25,63492,79,4.78,1671,99,1654,4047,8,8
1668168120,2022-11-11 06:02:00 -0600,1d4c0f815ba9eea6c66f2468e553f4ef8a9fb542,TX,48377,2,2022-11-09T01:00:00.000Z,FIPSCode,48377,0,2022-11-11T11:22:38.951Z,8,98.98,8,100,62962,1025,61.97,62492,550,33.25,63492,79,4.78,1671,99,1654,4047,8,8
1668168161,2022-11-11 06:02:41 -0600,4541c14c832f8c16ee383890b3cb0b04189a8974,TX,48377,2,2022-11-09T01:00:00.000Z,FIPSCode,48377,0,2022-11-11T11:22:38.951Z,8,98.98,8,100,62962,1025,61.97,62492,550,33.25,63492,79,4.78,1671,99,1654,4047,8,8
1668168201,2022-11-11 06:03:21 -0600,cd37ca56b0a68d4db872c58db0e790bce4cc07e1,TX,48377,2,2022-11-09T01:00:00.000Z,FIPSCode,48377,0,2022-11-11T11:22:38.951Z,8,98.98,8,100,62962,1025,61.97,62492,550,33.25,63492,79,4.78,1671,99,1654,4047,8,8
1668168241,2022-11-11 06:04:01 -0600,a10a21084a45c50656b30e49017803efe3bb5f4b,TX,48377,2,2022-11-09T01:00:00.000Z,FIPSCode,48377,0,2022-11-11T11:22:38.951Z,8,98.98,8,100,62962,1025,61.97,62492,550,33.25,63492,79,4.78,1671,99,1654,4047,8,8
1668168280,2022-11-11 06:04:40 -0600,503afebd57da5d5e6129a6dc9d69103416e7a1bc,TX,48377,2,2022-11-09T01:00:00.000Z,FIPSCode,48377,0,2022-11-11T11:22:38.951Z,8,98.98,8,100,62962,1025,61.97,62492,550,33.25,63492,79,4.78,1671,99,1654,4047,8,8
1668168319,2022-11-11 06:05:19 -0600,692a72bfaf5aab57e0c396112ca6b3e9f0eca3a9,TX,48377,2,2022-11-09T01:00:00.000Z,FIPSCode,48377,0,2022-11-11T11:22:38.951Z,8,98.98,8,100,62962,1025,61.97,62492,550,33.25,63492,79,4.78,1671,99,1654,4047,8,8
1668168357,2022-11-11 06:05:57 -0600,4dff8111e91ecf4d0a49605fcde70989d34cb354,TX,48377,2,2022-11-09T01:00:00.000Z,FIPSCode,48377,0,2022-11-11T11:22:38.951Z,8,98.98,8,100,62962,1025,61.97,62492,550,33.25,63492,79,4.78,1671,99,1654,4047,8,8
1668168398,2022-11-11 06:06:38 -0600,09623e99a507246207bcdfb993d8617ee6625cea,TX,48377,2,2022-11-09T01:00:00.000Z,FIPSCode,48377,0,2022-11-11T11:22:38.951Z,8,98.98,8,100,62962,1025,61.97,62492,550,33.25,63492,79,4.78,1671,99,1654,4047,8,8
1668168479,2022-11-11 06:07:59 -0600,7d9847402030a52657c92013aab44f63b130dab3,TX,48377,2,2022-11-09T01:00:00.000Z,FIPSCode,48377,0,2022-11-11T11:22:38.951Z,8,98.98,8,100,62962,1025,61.97,62492,550,33.25,63492,79,4.78,1671,99,1654,4047,8,8
1668168517,2022-11-11 06:08:37 -0600,52b3c655058bcac9e89002429d3594adc964c8a1,TX,48377,2,2022-11-09T01:00:00.000Z,FIPSCode,48377,0,2022-11-11T11:22:38.951Z,8,98.98,8,100,62962,1025,61.97,62492,550,33.25,63492,79,4.78,1671,99,1654,4047,8,8
1668168557,2022-11-11 06:09:17 -0600,7f29f466975de3ffaf1ce4e5a30b472065801247,TX,48377,2,2022-11-09T01:00:00.000Z,FIPSCode,48377,0,2022-11-11T11:22:38.951Z,8,98.98,8,100,62962,1025,61.97,62492,550,33.25,63492,79,4.78,1671,99,1654,4047,8,8
1668168596,2022-11-11 06:09:56 -0600,c2028c6218c95c3407975dc1c7564525f10bef1b,TX,48377,2,2022-11-09T01:00:00.000Z,FIPSCode,48377,0,2022-11-11T11:22:38.951Z,8,98.98,8,100,62962,1025,61.97,62492,550,33.25,63492,79,4.78,1671,99,1654,4047,8,8
1668168637,2022-11-11 06:10:37 -0600,58487ea01c11feecdf7dbe2c87414573d7b0ac83,TX,48377,2,2022-11-09T01:00:00.000Z,FIPSCode,48377,0,2022-11-11T11:22:38.951Z,8,98.98,8,100,62962,1025,61.97,62492,550,33.25,63492,79,4.78,1671,99,1654,4047,8,8
1668168677,2022-11-11 06:11:17 -0600,2af2ed392cb7552b09506804bbeb56ba7798eda1,TX,48377,2,2022-11-09T01:00:00.000Z,FIPSCode,48377,0,2022-11-11T11:22:38.951Z,8,98.98,8,100,62962,1025,61.97,62492,550,33.25,63492,79,4.78,1671,99,1654,4047,8,8
1668168720,2022-11-11 06:12:00 -0600,9ab666a712870c95a408d4232cb45c9ed281f24d,TX,48377,2,2022-11-09T01:00:00.000Z,FIPSCode,48377,0,2022-11-11T11:22:38.951Z,8,98.98,8,100,62962,1025,61.97,62492,550,33.25,63492,79,4.78,1671,99,1654,4047,8,8
1668168759,2022-11-11 06:12:39 -0600,3f5bc007e8904e3c513841c9338d357d25267077,TX,48377,2,2022-11-09T01:00:00.000Z,FIPSCode,48377,0,2022-11-11T12:12:18.471Z,8,98.98,8,100,62962,1025,61.97,62492,550,33.25,63492,79,4.78,1671,99,1654,4047,8,8
1668168798,2022-11-11 06:13:18 -0600,40e505e43e260aaee900bdf30db3c079536f6d35,TX,48377,2,2022-11-09T01:00:00.000Z,FIPSCode,48377,0,2022-11-11T12:12:18.471Z,8,98.98,8,100,62962,1025,61.97,62492,550,33.25,63492,79,4.78,1671,99,1654,4047,8,8
1668168837,2022-11-11 06:13:57 -0600,d0a4d10bb777f520798925831f261011abca0570,TX,48377,2,2022-11-09T01:00:00.000Z,FIPSCode,48377,0,2022-11-11T12:13:16.738Z,8,98.98,8,100,62962,1025,61.97,62492,550,33.25,63492,79,4.78,1671,99,1654,4047,8,8
1668168877,2022-11-11 06:14:37 -0600,f2dafb79d47ffab3a698e1c98737ce2b4d09e0fc,TX,48377,2,2022-11-09T01:00:00.000Z,FIPSCode,48377,0,2022-11-11T12:14:15.872Z,8,98.98,8,100,62962,1025,61.97,62492,550,33.25,63492,79,4.78,1671,99,1654,4047,8,8
1668168918,2022-11-11 06:15:18 -0600,d2c77cdb5a6a5caed4c2d17b0e0e8321423ea01a,TX,48377,2,2022-11-09T01:00:00.000Z,FIPSCode,48377,0,2022-11-11T12:14:15.872Z,8,98.98,8,100,62962,1025,61.97,62492,550,33.25,63492,79,4.78,1671,99,1654,4047,8,8
1668168961,2022-11-11 06:16:01 -0600,b7ca4068e05436ad36c6d22ef032234d7affb97f,TX,48377,2,2022-11-09T01:00:00.000Z,FIPSCode,48377,0,2022-11-11T12:14:15.872Z,8,98.98,8,100,62962,1025,61.97,62492,550,33.25,63492,79,4.78,1671,99,1654,4047,8,8
1668169000,2022-11-11 06:16:40 -0600,0e73fa3bf2ae50129969a9e103460c31c8fbbd64,TX,48377,2,2022-11-09T01:00:00.000Z,FIPSCode,48377,0,2022-11-11T12:14:15.872Z,8,98.98,8,100,62962,1025,61.97,62492,550,33.25,63492,79,4.78,1671,99,1654,4047,8,8
1668169078,2022-11-11 06:17:58 -0600,60630c211c7d6f02e2dbb9998c753b36b125a38a,TX,48377,2,2022-11-09T01:00:00.000Z,FIPSCode,48377,0,2022-11-11T12:14:15.872Z,8,98.98,8,100,62962,1025,61.97,62492,550,33.25,63492,79,4.78,1671,99,1654,4047,8,8
1668169118,2022-11-11 06:18:38 -0600,b482fd3ff86d58b7d1ac755858c21290a590565f,TX,48377,2,2022-11-09T01:00:00.000Z,FIPSCode,48377,0,2022-11-11T12:14:15.872Z,8,98.98,8,100,62962,1025,61.97,62492,550,33.25,63492,79,4.78,1671,99,1654,4047,8,8
1668169199,2022-11-11 06:19:59 -0600,834c6346a89fd407f9ca8a2103a6555cc7e94276,TX,48377,2,2022-11-09T01:00:00.000Z,FIPSCode,48377,0,2022-11-11T12:14:15.872Z,8,98.98,8,100,62962,1025,61.97,62492,550,33.25,63492,79,4.78,1671,99,1654,4047,8,8
1668169238,2022-11-11 06:20:38 -0600,636721b11c1a45f5678573c639244ee5c4eac9c8,TX,48377,2,2022-11-09T01:00:00.000Z,FIPSCode,48377,0,2022-11-11T12:14:15.872Z,8,98.98,8,100,62962,1025,61.97,62492,550,33.25,63492,79,4.78,1671,99,1654,4047,8,8
1668169278,2022-11-11 06:21:18 -0600,53d25f3f2f7141d38088e334b5c9a5eddfda0dc1,TX,48377,2,2022-11-09T01:00:00.000Z,FIPSCode,48377,0,2022-11-11T12:14:15.872Z,8,98.98,8,100,62962,1025,61.97,62492,550,33.25,63492,79,4.78,1671,99,1654,4047,8,8
1668169318,2022-11-11 06:21:58 -0600,3c55968f7769344e433a01a2c1922dbe1e7d6130,TX,48377,2,2022-11-09T01:00:00.000Z,FIPSCode,48377,0,2022-11-11T12:14:15.872Z,8,98.98,8,100,62962,1025,61.97,62492,550,33.25,63492,79,4.78,1671,99,1654,4047,8,8
1668169358,2022-11-11 06:22:38 -0600,0526ac9748a511a3c72a0a5b32f5b074ab432b06,TX,48377,2,2022-11-09T01:00:00.000Z,FIPSCode,48377,0,2022-11-11T12:14:15.872Z,8,98.98,8,100,62962,1025,61.97,62492,550,33.25,63492,79,4.78,1671,99,1654,4047,8,8
1668169399,2022-11-11 06:23:19 -0600,e18cbbf5848ef8ff8e51d8cb2a8f9e39eb8bac23,TX,48377,2,2022-11-09T01:00:00.000Z,FIPSCode,48377,0,2022-11-11T12:14:15.872Z,8,98.98,8,100,62962,1025,61.97,62492,550,33.25,63492,79,4.78,1671,99,1654,4047,8,8
1668169480,2022-11-11 06:24:40 -0600,cc2ae7632e72fa89be7d130e5e3134600d2ccf6d,TX,48377,2,2022-11-09T01:00:00.000Z,FIPSCode,48377,0,2022-11-11T12:14:15.872Z,8,98.98,8,100,62962,1025,61.97,62492,550,33.25,63492,79,4.78,1671,99,1654,4047,8,8
1668169519,2022-11-11 06:25:19 -0600,52c51529b9b097a3fda3ca40a57ef7314efbdf77,TX,48377,2,2022-11-09T01:00:00.000Z,FIPSCode,48377,0,2022-11-11T12:14:15.872Z,8,98.98,8,100,62962,1025,61.97,62492,550,33.25,63492,79,4.78,1671,99,1654,4047,8,8
1668169599,2022-11-11 06:26:39 -0600,9464f9a0cda8df3c7f5aef23c2d7c479f2a49f6f,TX,48377,2,2022-11-09T01:00:00.000Z,FIPSCode,48377,0,2022-11-11T12:14:15.872Z,8,98.98,8,100,62962,1025,61.97,62492,550,33.25,63492,79,4.78,1671,99,1654,4047,8,8
1668169678,2022-11-11 06:27:58 -0600,e6033ed84aaaf72d4e9eef99a9330f0a1d51b0e8,TX,48377,2,2022-11-09T01:00:00.000Z,FIPSCode,48377,0,2022-11-11T12:14:15.872Z,8,98.98,8,100,62962,1025,61.97,62492,550,33.25,63492,79,4.78,1671,99,1654,4047,8,8
1668169718,2022-11-11 06:28:38 -0600,3e5f70147f9e0243592424b992e3fd87cf977027,TX,48377,2,2022-11-09T01:00:00.000Z,FIPSCode,48377,0,2022-11-11T12:14:15.872Z,8,98.98,8,100,62962,1025,61.97,62492,550,33.25,63492,79,4.78,1671,99,1654,4047,8,8
1668169757,2022-11-11 06:29:17 -0600,583e84c51429f9bc11dd51e81a760ea9c110a4d4,TX,48377,2,2022-11-09T01:00:00.000Z,FIPSCode,48377,0,2022-11-11T12:14:15.872Z,8,98.98,8,100,62962,1025,61.97,62492,550,33.25,63492,79,4.78,1671,99,1654,4047,8,8
1668169798,2022-11-11 06:29:58 -0600,9aa60d2d589c4af1c20433c7753b175f21cc33bc,TX,48377,2,2022-11-09T01:00:00.000Z,FIPSCode,48377,0,2022-11-11T12:14:15.872Z,8,98.98,8,100,62962,1025,61.97,62492,550,33.25,63492,79,4.78,1671,99,1654,4047,8,8
1668169837,2022-11-11 06:30:37 -0600,60e598f66930291de6aae51d7dec8a9a61f22a50,TX,48377,2,2022-11-09T01:00:00.000Z,FIPSCode,48377,0,2022-11-11T12:14:15.872Z,8,98.98,8,100,62962,1025,61.97,62492,550,33.25,63492,79,4.78,1671,99,1654,4047,8,8
1668169877,2022-11-11 06:31:17 -0600,6060fe087dab925054e0cd23349a45ce9eb75181,TX,48377,2,2022-11-09T01:00:00.000Z,FIPSCode,48377,0,2022-11-11T12:14:15.872Z,8,98.98,8,100,62962,1025,61.97,62492,550,33.25,63492,79,4.78,1671,99,1654,4047,8,8
1668169916,2022-11-11 06:31:56 -0600,4cf9b7df1ad9ae778e2df58227c86ebda7a9e738,TX,48377,2,2022-11-09T01:00:00.000Z,FIPSCode,48377,0,2022-11-11T12:14:15.872Z,8,98.98,8,100,62962,1025,61.97,62492,550,33.25,63492,79,4.78,1671,99,1654,4047,8,8
1668169998,2022-11-11 06:33:18 -0600,6e8b3cce8544ec069ec61c5e6182e154d86ae657,TX,48377,2,2022-11-09T01:00:00.000Z,FIPSCode,48377,0,2022-11-11T12:14:15.872Z,8,98.98,8,100,62962,1025,61.97,62492,550,33.25,63492,79,4.78,1671,99,1654,4047,8,8
1668170038,2022-11-11 06:33:58 -0600,9a069e31f5bfeffacdb9305afb217e579ffb529e,TX,48377,2,2022-11-09T01:00:00.000Z,FIPSCode,48377,0,2022-11-11T12:14:15.872Z,8,98.98,8,100,62962,1025,61.97,62492,550,33.25,63492,79,4.78,1671,99,1654,4047,8,8
1668170078,2022-11-11 06:34:38 -0600,1e4a09ae66fee9358f5b75abd33f3c0e99998aa0,TX,48377,2,2022-11-09T01:00:00.000Z,FIPSCode,48377,0,2022-11-11T12:14:15.872Z,8,98.98,8,100,62962,1025,61.97,62492,550,33.25,63492,79,4.78,1671,99,1654,4047,8,8
1668170118,2022-11-11 06:35:18 -0600,ea2e49ac06933389c1f1fbd1f3aec932479b878c,TX,48377,2,2022-11-09T01:00:00.000Z,FIPSCode,48377,0,2022-11-11T12:14:15.872Z,8,98.98,8,100,62962,1025,61.97,62492,550,33.25,63492,79,4.78,1671,99,1654,4047,8,8
1668170157,2022-11-11 06:35:57 -0600,6ab3de112291af4124fa37fcba2a9c3e14fd7705,TX,48377,2,2022-11-09T01:00:00.000Z,FIPSCode,48377,0,2022-11-11T12:14:15.872Z,8,98.98,8,100,62962,1025,61.97,62492,550,33.25,63492,79,4.78,1671,99,1654,4047,8,8
1668170197,2022-11-11 06:36:37 -0600,74be934cb6314912c1c2858bb53f18f6edbe9bb1,TX,48377,2,2022-11-09T01:00:00.000Z,FIPSCode,48377,0,2022-11-11T12:14:15.872Z,8,98.98,8,100,62962,1025,61.97,62492,550,33.25,63492,79,4.78,1671,99,1654,4047,8,8
1668170276,2022-11-11 06:37:56 -0600,d0ea77d4f94408d4fe9ff676ece8f4ea33548542,TX,48377,2,2022-11-09T01:00:00.000Z,FIPSCode,48377,0,2022-11-11T12:14:15.872Z,8,98.98,8,100,62962,1025,61.97,62492,550,33.25,63492,79,4.78,1671,99,1654,4047,8,8
1668170318,2022-11-11 06:38:38 -0600,1cf68dcc17ab68fc66bde65baeaddf12637691d4,TX,48377,2,2022-11-09T01:00:00.000Z,FIPSCode,48377,0,2022-11-11T12:14:15.872Z,8,98.98,8,100,62962,1025,61.97,62492,550,33.25,63492,79,4.78,1671,99,1654,4047,8,8
1668170364,2022-11-11 06:39:24 -0600,3709e6742b9d1c35b2de2a79b7121fca7b1e4e12,TX,48377,2,2022-11-09T01:00:00.000Z,FIPSCode,48377,0,2022-11-11T12:14:15.872Z,8,98.98,8,100,62962,1025,61.97,62492,550,33.25,63492,79,4.78,1671,99,1654,4047,8,8
1668170402,2022-11-11 06:40:02 -0600,fa1db7a8896d503996d1fd0c16c614d394c78ea9,TX,48377,2,2022-11-09T01:00:00.000Z,FIPSCode,48377,0,2022-11-11T12:14:15.872Z,8,98.98,8,100,62962,1025,61.97,62492,550,33.25,63492,79,4.78,1671,99,1654,4047,8,8
1668170443,2022-11-11 06:40:43 -0600,669ebc39eb93b49d0cf7d554061cdf20d13f9e0e,TX,48377,2,2022-11-09T01:00:00.000Z,FIPSCode,48377,0,2022-11-11T12:14:15.872Z,8,98.98,8,100,62962,1025,61.97,62492,550,33.25,63492,79,4.78,1671,99,1654,4047,8,8
1668170482,2022-11-11 06:41:22 -0600,f3aed5543ceddd984729cbca9026eaf0a9423bad,TX,48377,2,2022-11-09T01:00:00.000Z,FIPSCode,48377,0,2022-11-11T12:14:15.872Z,8,98.98,8,100,62962,1025,61.97,62492,550,33.25,63492,79,4.78,1671,99,1654,4047,8,8
1668170524,2022-11-11 06:42:04 -0600,0f8d5007d4ef0935f2e485ed57778016b90d5772,TX,48377,2,2022-11-09T01:00:00.000Z,FIPSCode,48377,0,2022-11-11T12:14:15.872Z,8,98.98,8,100,62962,1025,61.97,62492,550,33.25,63492,79,4.78,1671,99,1654,4047,8,8
1668170563,2022-11-11 06:42:43 -0600,037a7771f6f45b3516452d157081147c84ed0e3a,TX,48377,2,2022-11-09T01:00:00.000Z,FIPSCode,48377,0,2022-11-11T12:14:15.872Z,8,98.98,8,100,62962,1025,61.97,62492,550,33.25,63492,79,4.78,1671,99,1654,4047,8,8
1668170603,2022-11-11 06:43:23 -0600,75af77cd1cc1a4ce2493824001bdc49a17735869,TX,48377,2,2022-11-09T01:00:00.000Z,FIPSCode,48377,0,2022-11-11T12:43:01.135Z,8,98.98,8,100,62962,1025,61.97,62492,550,33.25,63492,79,4.78,1671,99,1654,4047,8,8
1668170643,2022-11-11 06:44:03 -0600,591365c9546d4d72fbc31c1092a93ae81fd15548,TX,48377,2,2022-11-09T01:00:00.000Z,FIPSCode,48377,0,2022-11-11T12:43:39.070Z,8,98.98,8,100,62962,1025,61.97,62492,550,33.25,63492,79,4.78,1671,99,1654,4047,8,8
1668170685,2022-11-11 06:44:45 -0600,2cb6b2abdbd5f33dabf8b171ecb44000ca4a6146,TX,48377,2,2022-11-09T01:00:00.000Z,FIPSCode,48377,0,2022-11-11T12:44:16.774Z,8,98.98,8,100,62962,1025,61.97,62492,550,33.25,63492,79,4.78,1671,99,1654,4047,8,8
1668170724,2022-11-11 06:45:24 -0600,73b6baac06b21d4279cfa92fa9577e20963205f6,TX,48377,2,2022-11-09T01:00:00.000Z,FIPSCode,48377,0,2022-11-11T12:44:16.774Z,8,98.98,8,100,62962,1025,61.97,62492,550,33.25,63492,79,4.78,1671,99,1654,4047,8,8
1668170764,2022-11-11 06:46:04 -0600,c588a4b38fba33406d3fcc64917933fd554e5173,TX,48377,2,2022-11-09T01:00:00.000Z,FIPSCode,48377,0,2022-11-11T12:44:16.774Z,8,98.98,8,100,62962,1025,61.97,62492,550,33.25,63492,79,4.78,1671,99,1654,4047,8,8
1668170803,2022-11-11 06:46:43 -0600,b1ef0803c82f4284b6ce8e2bbebc83e1de3f4830,TX,48377,2,2022-11-09T01:00:00.000Z,FIPSCode,48377,0,2022-11-11T12:45:58.538Z,8,98.98,8,100,62962,1025,61.97,62492,550,33.25,63492,79,4.78,1671,99,1654,4047,8,8
1668170843,2022-11-11 06:47:23 -0600,1ce7a28a186f762fd61c07986df52ba685d5e07d,TX,48377,2,2022-11-09T01:00:00.000Z,FIPSCode,48377,0,2022-11-11T12:45:58.538Z,8,98.98,8,100,62962,1025,61.97,62492,550,33.25,63492,79,4.78,1671,99,1654,4047,8,8
1668170922,2022-11-11 06:48:42 -0600,d81f208b933e299cb7312aa6bef0204652b9be71,TX,48377,2,2022-11-09T01:00:00.000Z,FIPSCode,48377,0,2022-11-11T12:45:58.538Z,8,98.98,8,100,62962,1025,61.97,62492,550,33.25,63492,79,4.78,1671,99,1654,4047,8,8
1668170961,2022-11-11 06:49:21 -0600,76a6078c1c6738336e71ad1d01816c995d889d4f,TX,48377,2,2022-11-09T01:00:00.000Z,FIPSCode,48377,0,2022-11-11T12:45:58.538Z,8,98.98,8,100,62962,1025,61.97,62492,550,33.25,63492,79,4.78,1671,99,1654,4047,8,8
1668171001,2022-11-11 06:50:01 -0600,3adffee25e47980630768ae9a03982859e2b5da4,TX,48377,2,2022-11-09T01:00:00.000Z,FIPSCode,48377,0,2022-11-11T12:45:58.538Z,8,98.98,8,100,62962,1025,61.97,62492,550,33.25,63492,79,4.78,1671,99,1654,4047,8,8
1668171040,2022-11-11 06:50:40 -0600,00f21ff849bebb12d4c07d0732ef9874c01e351c,TX,48377,2,2022-11-09T01:00:00.000Z,FIPSCode,48377,0,2022-11-11T12:45:58.538Z,8,98.98,8,100,62962,1025,61.97,62492,550,33.25,63492,79,4.78,1671,99,1654,4047,8,8
1668171079,2022-11-11 06:51:19 -0600,5d66eef396d008215bac985f93ea5af9837e3c43,TX,48377,2,2022-11-09T01:00:00.000Z,FIPSCode,48377,0,2022-11-11T12:45:58.538Z,8,98.98,8,100,62962,1025,61.97,62492,550,33.25,63492,79,4.78,1671,99,1654,4047,8,8
1668171120,2022-11-11 06:52:00 -0600,8f5081cf847c4af51dcc438918722fa5b8e3dd72,TX,48377,2,2022-11-09T01:00:00.000Z,FIPSCode,48377,0,2022-11-11T12:45:58.538Z,8,98.98,8,100,62962,1025,61.97,62492,550,33.25,63492,79,4.78,1671,99,1654,4047,8,8
1668171160,2022-11-11 06:52:40 -0600,99528db253969c19b54a782374f0d9979e5c86cf,TX,48377,2,2022-11-09T01:00:00.000Z,FIPSCode,48377,0,2022-11-11T12:45:58.538Z,8,98.98,8,100,62962,1025,61.97,62492,550,33.25,63492,79,4.78,1671,99,1654,4047,8,8
1668171202,2022-11-11 06:53:22 -0600,c9aec94bcf079ef2d563e287785d2ff98e08200e,TX,48377,2,2022-11-09T01:00:00.000Z,FIPSCode,48377,0,2022-11-11T12:45:58.538Z,8,98.98,8,100,62962,1025,61.97,62492,550,33.25,63492,79,4.78,1671,99,1654,4047,8,8
1668171240,2022-11-11 06:54:00 -0600,a7f3cb1096c9f1c3e6f7a4d1160c80c0f8ea367e,TX,48377,2,2022-11-09T01:00:00.000Z,FIPSCode,48377,0,2022-11-11T12:45:58.538Z,8,98.98,8,100,62962,1025,61.97,62492,550,33.25,63492,79,4.78,1671,99,1654,4047,8,8
1668171282,2022-11-11 06:54:42 -0600,628568dc78126d46daaba0d0412f59893dc4888b,TX,48377,2,2022-11-09T01:00:00.000Z,FIPSCode,48377,0,2022-11-11T12:45:58.538Z,8,98.98,8,100,62962,1025,61.97,62492,550,33.25,63492,79,4.78,1671,99,1654,4047,8,8
1668171321,2022-11-11 06:55:21 -0600,8bd9dc01a2d7f026f87778995af7099451073c96,TX,48377,2,2022-11-09T01:00:00.000Z,FIPSCode,48377,0,2022-11-11T12:45:58.538Z,8,98.98,8,100,62962,1025,61.97,62492,550,33.25,63492,79,4.78,1671,99,1654,4047,8,8
1668171362,2022-11-11 06:56:02 -0600,a6bef41d70f3b3b7c2e786ea91bac3be7f04763c,TX,48377,2,2022-11-09T01:00:00.000Z,FIPSCode,48377,0,2022-11-11T12:45:58.538Z,8,98.98,8,100,62962,1025,61.97,62492,550,33.25,63492,79,4.78,1671,99,1654,4047,8,8
1668171402,2022-11-11 06:56:42 -0600,e45d44627f683daab24ef75f228819bf334720eb,TX,48377,2,2022-11-09T01:00:00.000Z,FIPSCode,48377,0,2022-11-11T12:45:58.538Z,8,98.98,8,100,62962,1025,61.97,62492,550,33.25,63492,79,4.78,1671,99,1654,4047,8,8
1668171443,2022-11-11 06:57:23 -0600,29b41410ec22625fedbcaf7a52d31c45dc417326,TX,48377,2,2022-11-09T01:00:00.000Z,FIPSCode,48377,0,2022-11-11T12:45:58.538Z,8,98.98,8,100,62962,1025,61.97,62492,550,33.25,63492,79,4.78,1671,99,1654,4047,8,8
1668171483,2022-11-11 06:58:03 -0600,5f8d6bcec4238e53c09dd62a1d22bbd0a37d5a89,TX,48377,2,2022-11-09T01:00:00.000Z,FIPSCode,48377,0,2022-11-11T12:45:58.538Z,8,98.98,8,100,62962,1025,61.97,62492,550,33.25,63492,79,4.78,1671,99,1654,4047,8,8
1668171522,2022-11-11 06:58:42 -0600,d1ac091fc14963c2fedfb4648658e566516636e9,TX,48377,2,2022-11-09T01:00:00.000Z,FIPSCode,48377,0,2022-11-11T12:45:58.538Z,8,98.98,8,100,62962,1025,61.97,62492,550,33.25,63492,79,4.78,1671,99,1654,4047,8,8
1668171562,2022-11-11 06:59:22 -0600,45732f9fb8d0784d8c84acaadb51663a8f7c15a6,TX,48377,2,2022-11-09T01:00:00.000Z,FIPSCode,48377,0,2022-11-11T12:45:58.538Z,8,98.98,8,100,62962,1025,61.97,62492,550,33.25,63492,79,4.78,1671,99,1654,4047,8,8
1668171603,2022-11-11 07:00:03 -0600,8e4cd86e7e8821e6059f430d2682f8c5c835b0b7,TX,48377,2,2022-11-09T01:00:00.000Z,FIPSCode,48377,0,2022-11-11T12:45:58.538Z,8,98.98,8,100,62962,1025,61.97,62492,550,33.25,63492,79,4.78,1671,99,1654,4047,8,8
1668171645,2022-11-11 07:00:45 -0600,338342d429b838fdac139dede2243ca16a785f38,TX,48377,2,2022-11-09T01:00:00.000Z,FIPSCode,48377,0,2022-11-11T12:45:58.538Z,8,98.98,8,100,62962,1025,61.97,62492,550,33.25,63492,79,4.78,1671,99,1654,4047,8,8
1668171727,2022-11-11 07:02:07 -0600,da7109e3511ea6172db81ee560f8b1a4925fc8ac,TX,48377,2,2022-11-09T01:00:00.000Z,FIPSCode,48377,0,2022-11-11T12:45:58.538Z,8,98.98,8,100,62962,1025,61.97,62492,550,33.25,63492,79,4.78,1671,99,1654,4047,8,8
1668171767,2022-11-11 07:02:47 -0600,7b4f6e6f2bb5999c2dd74fa02fc1b926843923f1,TX,48377,2,2022-11-09T01:00:00.000Z,FIPSCode,48377,0,2022-11-11T12:45:58.538Z,8,98.98,8,100,62962,1025,61.97,62492,550,33.25,63492,79,4.78,1671,99,1654,4047,8,8
1668171808,2022-11-11 07:03:28 -0600,276f4527d5a4c649272eaa58f5b1b3a5bc056db9,TX,48377,2,2022-11-09T01:00:00.000Z,FIPSCode,48377,0,2022-11-11T12:45:58.538Z,8,98.98,8,100,62962,1025,61.97,62492,550,33.25,63492,79,4.78,1671,99,1654,4047,8,8
1668171849,2022-11-11 07:04:09 -0600,fe14b8ef97869a28168dc5b68d38004b3b75aaa3,TX,48377,2,2022-11-09T01:00:00.000Z,FIPSCode,48377,0,2022-11-11T12:45:58.538Z,8,98.98,8,100,62962,1025,61.97,62492,550,33.25,63492,79,4.78,1671,99,1654,4047,8,8
1668171928,2022-11-11 07:05:28 -0600,ab443d333e57cd71fb6dc96fe4acb4705b413a86,TX,48377,2,2022-11-09T01:00:00.000Z,FIPSCode,48377,0,2022-11-11T12:45:58.538Z,8,98.98,8,100,62962,1025,61.97,62492,550,33.25,63492,79,4.78,1671,99,1654,4047,8,8
1668171970,2022-11-11 07:06:10 -0600,94cecf525637ae3f3bb541cb4f8c04b7aeb1d571,TX,48377,2,2022-11-09T01:00:00.000Z,FIPSCode,48377,0,2022-11-11T13:05:41.734Z,8,98.98,8,100,62962,1025,61.97,62492,550,33.25,63492,79,4.78,1671,99,1654,4047,8,8
1668172010,2022-11-11 07:06:50 -0600,a38a8014742659e776ca38a43a45a41644e9b1b8,TX,48377,2,2022-11-09T01:00:00.000Z,FIPSCode,48377,0,2022-11-11T13:05:41.734Z,8,98.98,8,100,62962,1025,61.97,62492,550,33.25,63492,79,4.78,1671,99,1654,4047,8,8
1668172051,2022-11-11 07:07:31 -0600,ea346c1ca39c3ad76dbdb8f8511e3663148e676d,TX,48377,2,2022-11-09T01:00:00.000Z,FIPSCode,48377,0,2022-11-11T13:07:18.342Z,8,98.98,8,100,62962,1025,61.97,62492,550,33.25,63492,79,4.78,1671,99,1654,4047,8,8
1668172091,2022-11-11 07:08:11 -0600,cd0ba09183f836d9ffc7ddd9ac34b1bf95ed5994,TX,48377,2,2022-11-09T01:00:00.000Z,FIPSCode,48377,0,2022-11-11T13:07:18.342Z,8,98.98,8,100,62962,1025,61.97,62492,550,33.25,63492,79,4.78,1671,99,1654,4047,8,8
1668172172,2022-11-11 07:09:32 -0600,c9cc46b301030b4525b34d4bf52f6de731c0e0e5,TX,48377,2,2022-11-09T01:00:00.000Z,FIPSCode,48377,0,2022-11-11T13:07:18.342Z,8,98.98,8,100,62962,1025,61.97,62492,550,33.25,63492,79,4.78,1671,99,1654,4047,8,8
1668172214,2022-11-11 07:10:14 -0600,0c9f59b9e5ac6c7bc3fbdf41d84a759967d88e1e,TX,48377,2,2022-11-09T01:00:00.000Z,FIPSCode,48377,0,2022-11-11T13:07:18.342Z,8,98.98,8,100,62962,1025,61.97,62492,550,33.25,63492,79,4.78,1671,99,1654,4047,8,8
1668172253,2022-11-11 07:10:53 -0600,3dfb2f10f6c8d255de988857dfce10d9b17a5b23,TX,48377,2,2022-11-09T01:00:00.000Z,FIPSCode,48377,0,2022-11-11T13:07:18.342Z,8,98.98,8,100,62962,1025,61.97,62492,550,33.25,63492,79,4.78,1671,99,1654,4047,8,8
1668172295,2022-11-11 07:11:35 -0600,6a22792adf88390196de91b8b7d95fd7bd1ba988,TX,48377,2,2022-11-09T01:00:00.000Z,FIPSCode,48377,0,2022-11-11T13:07:18.342Z,8,98.98,8,100,62962,1025,61.97,62492,550,33.25,63492,79,4.78,1671,99,1654,4047,8,8
1668172335,2022-11-11 07:12:15 -0600,0593e415ad250387072266d694c064d8cd15af4d,TX,48377,2,2022-11-09T01:00:00.000Z,FIPSCode,48377,0,2022-11-11T13:07:18.342Z,8,98.98,8,100,62962,1025,61.97,62492,550,33.25,63492,79,4.78,1671,99,1654,4047,8,8
1668172375,2022-11-11 07:12:55 -0600,761a9a8613e3e3e739cfcf85fa24bfe92c0c7748,TX,48377,2,2022-11-09T01:00:00.000Z,FIPSCode,48377,0,2022-11-11T13:07:18.342Z,8,98.98,8,100,62962,1025,61.97,62492,550,33.25,63492,79,4.78,1671,99,1654,4047,8,8
1668172415,2022-11-11 07:13:35 -0600,4b9285d8bad4e5e71820baa8829f47f5d65136f5,TX,48377,2,2022-11-09T01:00:00.000Z,FIPSCode,48377,0,2022-11-11T13:07:18.342Z,8,98.98,8,100,62962,1025,61.97,62492,550,33.25,63492,79,4.78,1671,99,1654,4047,8,8
1668172456,2022-11-11 07:14:16 -0600,4d2f9bc521d9eb7cb69e300c540b6666028a9adf,TX,48377,2,2022-11-09T01:00:00.000Z,FIPSCode,48377,0,2022-11-11T13:13:16.580Z,8,98.98,8,100,62962,1025,61.97,62492,550,33.25,63492,79,4.78,1671,99,1654,4047,8,8
1668172502,2022-11-11 07:15:02 -0600,de1c047648e023c55bd341282dc5c9ba7ff3bba6,TX,48377,2,2022-11-09T01:00:00.000Z,FIPSCode,48377,0,2022-11-11T13:14:39.857Z,8,98.98,8,100,62962,1025,61.97,62492,550,33.25,63492,79,4.78,1671,99,1654,4047,8,8
1668172540,2022-11-11 07:15:40 -0600,a3c2ffe781233a490f069b42ddb059d91f486738,TX,48377,2,2022-11-09T01:00:00.000Z,FIPSCode,48377,0,2022-11-11T13:15:17.429Z,8,98.98,8,100,62962,1025,61.97,62492,550,33.25,63492,79,4.78,1671,99,1654,4047,8,8
1668172581,2022-11-11 07:16:21 -0600,90dee9e0f8a7afa4f05f960b70fdf19a75f9bd7a,TX,48377,2,2022-11-09T01:00:00.000Z,FIPSCode,48377,0,2022-11-11T13:15:17.429Z,8,98.98,8,100,62962,1025,61.97,62492,550,33.25,63492,79,4.78,1671,99,1654,4047,8,8
1668172620,2022-11-11 07:17:00 -0600,34444750f0365fc4b489b03334b0b5241701abc5,TX,48377,2,2022-11-09T01:00:00.000Z,FIPSCode,48377,0,2022-11-11T13:15:17.429Z,8,98.98,8,100,62962,1025,61.97,62492,550,33.25,63492,79,4.78,1671,99,1654,4047,8,8
1668172700,2022-11-11 07:18:20 -0600,c208c5a610224366a714a55841d43166fcda099d,TX,48377,2,2022-11-09T01:00:00.000Z,FIPSCode,48377,0,2022-11-11T13:15:17.429Z,8,98.98,8,100,62962,1025,61.97,62492,550,33.25,63492,79,4.78,1671,99,1654,4047,8,8
1668172741,2022-11-11 07:19:01 -0600,603dab7dfd3dcf3a3eae1df01047aaf984983609,TX,48377,2,2022-11-09T01:00:00.000Z,FIPSCode,48377,0,2022-11-11T13:15:17.429Z,8,98.98,8,100,62962,1025,61.97,62492,550,33.25,63492,79,4.78,1671,99,1654,4047,8,8
1668172781,2022-11-11 07:19:41 -0600,1a301d753f21be517b5e80a56163abd3be952480,TX,48377,2,2022-11-09T01:00:00.000Z,FIPSCode,48377,0,2022-11-11T13:15:17.429Z,8,98.98,8,100,62962,1025,61.97,62492,550,33.25,63492,79,4.78,1671,99,1654,4047,8,8
1668172822,2022-11-11 07:20:22 -0600,8335d3d8c18f05b11ebb2302545717389e37fcce,TX,48377,2,2022-11-09T01:00:00.000Z,FIPSCode,48377,0,2022-11-11T13:15:17.429Z,8,98.98,8,100,62962,1025,61.97,62492,550,33.25,63492,79,4.78,1671,99,1654,4047,8,8
1668172863,2022-11-11 07:21:03 -0600,b9797a9f269d968c261f16f582b5e1c59d813cef,TX,48377,2,2022-11-09T01:00:00.000Z,FIPSCode,48377,0,2022-11-11T13:15:17.429Z,8,98.98,8,100,62962,1025,61.97,62492,550,33.25,63492,79,4.78,1671,99,1654,4047,8,8
1668172903,2022-11-11 07:21:43 -0600,e4e61aeeda6e0ef2dc47e705d1d22c240ae8b48a,TX,48377,2,2022-11-09T01:00:00.000Z,FIPSCode,48377,0,2022-11-11T13:15:17.429Z,8,98.98,8,100,62962,1025,61.97,62492,550,33.25,63492,79,4.78,1671,99,1654,4047,8,8
1668172986,2022-11-11 07:23:06 -0600,b28921e0ab96577d92801b4d726123f2b6da8d41,TX,48377,2,2022-11-09T01:00:00.000Z,FIPSCode,48377,0,2022-11-11T13:15:17.429Z,8,98.98,8,100,62962,1025,61.97,62492,550,33.25,63492,79,4.78,1671,99,1654,4047,8,8
1668173026,2022-11-11 07:23:46 -0600,f54353417bfb5f4242247b4e34a201156243fc3e,TX,48377,2,2022-11-09T01:00:00.000Z,FIPSCode,48377,0,2022-11-11T13:15:17.429Z,8,98.98,8,100,62962,1025,61.97,62492,550,33.25,63492,79,4.78,1671,99,1654,4047,8,8
1668173065,2022-11-11 07:24:25 -0600,2fa708a44d93fe59dceb619f1d67096a83f810fd,TX,48377,2,2022-11-09T01:00:00.000Z,FIPSCode,48377,0,2022-11-11T13:15:17.429Z,8,98.98,8,100,62962,1025,61.97,62492,550,33.25,63492,79,4.78,1671,99,1654,4047,8,8
1668173106,2022-11-11 07:25:06 -0600,f98fb657e7c70bbb5e93893e75637bfb3dd73417,TX,48377,2,2022-11-09T01:00:00.000Z,FIPSCode,48377,0,2022-11-11T13:15:17.429Z,8,98.98,8,100,62962,1025,61.97,62492,550,33.25,63492,79,4.78,1671,99,1654,4047,8,8
1668173185,2022-11-11 07:26:25 -0600,cd46d8adfdf7cab92d71c0e947544613e1fb58d5,TX,48377,2,2022-11-09T01:00:00.000Z,FIPSCode,48377,0,2022-11-11T13:15:17.429Z,8,98.98,8,100,62962,1025,61.97,62492,550,33.25,63492,79,4.78,1671,99,1654,4047,8,8
1668173226,2022-11-11 07:27:06 -0600,227020c28b83dd9af5285d4253b00745d1623c9d,TX,48377,2,2022-11-09T01:00:00.000Z,FIPSCode,48377,0,2022-11-11T13:15:17.429Z,8,98.98,8,100,62962,1025,61.97,62492,550,33.25,63492,79,4.78,1671,99,1654,4047,8,8
1668173265,2022-11-11 07:27:45 -0600,de81da2db7e3e4fa57965db6fc9c38a89bccfc98,TX,48377,2,2022-11-09T01:00:00.000Z,FIPSCode,48377,0,2022-11-11T13:15:17.429Z,8,98.98,8,100,62962,1025,61.97,62492,550,33.25,63492,79,4.78,1671,99,1654,4047,8,8
1668173347,2022-11-11 07:29:07 -0600,a0992572214f182b1c30207e09833df3bb873d08,TX,48377,2,2022-11-09T01:00:00.000Z,FIPSCode,48377,0,2022-11-11T13:15:17.429Z,8,98.98,8,100,62962,1025,61.97,62492,550,33.25,63492,79,4.78,1671,99,1654,4047,8,8
1668173387,2022-11-11 07:29:47 -0600,3abe110d59c36c5e0defb7b16a5b406cec1f1f1c,TX,48377,2,2022-11-09T01:00:00.000Z,FIPSCode,48377,0,2022-11-11T13:15:17.429Z,8,98.98,8,100,62962,1025,61.97,62492,550,33.25,63492,79,4.78,1671,99,1654,4047,8,8
1668173430,2022-11-11 07:30:30 -0600,a5ff2383bcc90b01677629493393729d370b1185,TX,48377,2,2022-11-09T01:00:00.000Z,FIPSCode,48377,0,2022-11-11T13:15:17.429Z,8,98.98,8,100,62962,1025,61.97,62492,550,33.25,63492,79,4.78,1671,99,1654,4047,8,8
1668173469,2022-11-11 07:31:09 -0600,75b46d994507775d57bb04a9fbd6cabbb1c1f462,TX,48377,2,2022-11-09T01:00:00.000Z,FIPSCode,48377,0,2022-11-11T13:15:17.429Z,8,98.98,8,100,62962,1025,61.97,62492,550,33.25,63492,79,4.78,1671,99,1654,4047,8,8
1668173511,2022-11-11 07:31:51 -0600,73b423bb70fb958058ba16581ec201a770720a3d,TX,48377,2,2022-11-09T01:00:00.000Z,FIPSCode,48377,0,2022-11-11T13:15:17.429Z,8,98.98,8,100,62962,1025,61.97,62492,550,33.25,63492,79,4.78,1671,99,1654,4047,8,8
1668173551,2022-11-11 07:32:31 -0600,12b850bc74754758c156f1fe4cebd5b678de1823,TX,48377,2,2022-11-09T01:00:00.000Z,FIPSCode,48377,0,2022-11-11T13:15:17.429Z,8,98.98,8,100,62962,1025,61.97,62492,550,33.25,63492,79,4.78,1671,99,1654,4047,8,8
1668173589,2022-11-11 07:33:09 -0600,a5d66ff7c5745bc387addd41bace5f361add546d,TX,48377,2,2022-11-09T01:00:00.000Z,FIPSCode,48377,0,2022-11-11T13:15:17.429Z,8,98.98,8,100,62962,1025,61.97,62492,550,33.25,63492,79,4.78,1671,99,1654,4047,8,8
1668173629,2022-11-11 07:33:49 -0600,b293e0df79789160216e85158a49f91601d7eec6,TX,48377,2,2022-11-09T01:00:00.000Z,FIPSCode,48377,0,2022-11-11T13:15:17.429Z,8,98.98,8,100,62962,1025,61.97,62492,550,33.25,63492,79,4.78,1671,99,1654,4047,8,8
1668173708,2022-11-11 07:35:08 -0600,53eb6eebe4572cfdf368a839cb213d6103f455d5,TX,48377,2,2022-11-09T01:00:00.000Z,FIPSCode,48377,0,2022-11-11T13:15:17.429Z,8,98.98,8,100,62962,1025,61.97,62492,550,33.25,63492,79,4.78,1671,99,1654,4047,8,8
1668173750,2022-11-11 07:35:50 -0600,6e6ecb4eed355ced6818bda0cfc55eb66fe7addb,TX,48377,2,2022-11-09T01:00:00.000Z,FIPSCode,48377,0,2022-11-11T13:15:17.429Z,8,98.98,8,100,62962,1025,61.97,62492,550,33.25,63492,79,4.78,1671,99,1654,4047,8,8
1668173828,2022-11-11 07:37:08 -0600,35eca05b7c3a308c6fbaf9b8808eb4e80e421573,TX,48377,2,2022-11-09T01:00:00.000Z,FIPSCode,48377,0,2022-11-11T13:15:17.429Z,8,98.98,8,100,62962,1025,61.97,62492,550,33.25,63492,79,4.78,1671,99,1654,4047,8,8
1668173949,2022-11-11 07:39:09 -0600,55f98154acfd293831f9547eb462796d5cc2675b,TX,48377,2,2022-11-09T01:00:00.000Z,FIPSCode,48377,0,2022-11-11T13:15:17.429Z,8,98.98,8,100,62962,1025,61.97,62492,550,33.25,63492,79,4.78,1671,99,1654,4047,8,8
1668173989,2022-11-11 07:39:49 -0600,77d103a7b438cfcbddf79d9681245fa9f90de4fc,TX,48377,2,2022-11-09T01:00:00.000Z,FIPSCode,48377,0,2022-11-11T13:15:17.429Z,8,98.98,8,100,62962,1025,61.97,62492,550,33.25,63492,79,4.78,1671,99,1654,4047,8,8
1668174028,2022-11-11 07:40:28 -0600,5d1b41514f3e31f16d99dcb8276a48ac1a65ddae,TX,48377,2,2022-11-09T01:00:00.000Z,FIPSCode,48377,0,2022-11-11T13:15:17.429Z,8,98.98,8,100,62962,1025,61.97,62492,550,33.25,63492,79,4.78,1671,99,1654,4047,8,8
1668174068,2022-11-11 07:41:08 -0600,7d8ee8b8faa97b45614891e50797e21692781856,TX,48377,2,2022-11-09T01:00:00.000Z,FIPSCode,48377,0,2022-11-11T13:15:17.429Z,8,98.98,8,100,62962,1025,61.97,62492,550,33.25,63492,79,4.78,1671,99,1654,4047,8,8
1668174108,2022-11-11 07:41:48 -0600,33ce7d7658677090bc62a154da2fda85a58ccd99,TX,48377,2,2022-11-09T01:00:00.000Z,FIPSCode,48377,0,2022-11-11T13:15:17.429Z,8,98.98,8,100,62962,1025,61.97,62492,550,33.25,63492,79,4.78,1671,99,1654,4047,8,8
1668174149,2022-11-11 07:42:29 -0600,8be40214a2625143530320953d41c6d60bd1c23c,TX,48377,2,2022-11-09T01:00:00.000Z,FIPSCode,48377,0,2022-11-11T13:15:17.429Z,8,98.98,8,100,62962,1025,61.97,62492,550,33.25,63492,79,4.78,1671,99,1654,4047,8,8
1668174189,2022-11-11 07:43:09 -0600,886b9a0ba274364cc6bf52ce58380505bcf90286,TX,48377,2,2022-11-09T01:00:00.000Z,FIPSCode,48377,0,2022-11-11T13:15:17.429Z,8,98.98,8,100,62962,1025,61.97,62492,550,33.25,63492,79,4.78,1671,99,1654,4047,8,8
1668174230,2022-11-11 07:43:50 -0600,6542e72959a3384be9087188d95e36d680b8a2f6,TX,48377,2,2022-11-09T01:00:00.000Z,FIPSCode,48377,0,2022-11-11T13:15:17.429Z,8,98.98,8,100,62962,1025,61.97,62492,550,33.25,63492,79,4.78,1671,99,1654,4047,8,8
1668174271,2022-11-11 07:44:31 -0600,24f3d91163ddd64c94e361f71c8172e8f86323de,TX,48377,2,2022-11-09T01:00:00.000Z,FIPSCode,48377,0,2022-11-11T13:15:17.429Z,8,98.98,8,100,62962,1025,61.97,62492,550,33.25,63492,79,4.78,1671,99,1654,4047,8,8
1668174311,2022-11-11 07:45:11 -0600,c8261b95d0c98ba6f800337e8059c3d2db19972e,TX,48377,2,2022-11-09T01:00:00.000Z,FIPSCode,48377,0,2022-11-11T13:15:17.429Z,8,98.98,8,100,62962,1025,61.97,62492,550,33.25,63492,79,4.78,1671,99,1654,4047,8,8
1668174351,2022-11-11 07:45:51 -0600,ec1b65265d80173179c39c5b467028dc3a39a2b8,TX,48377,2,2022-11-09T01:00:00.000Z,FIPSCode,48377,0,2022-11-11T13:45:17.610Z,8,98.98,8,100,62962,1025,61.97,62492,550,33.25,63492,79,4.78,1671,99,1654,4047,8,8
1668174391,2022-11-11 07:46:31 -0600,f2a8ab6f9e7342584380eb92b65e27bc87f5617e,TX,48377,2,2022-11-09T01:00:00.000Z,FIPSCode,48377,0,2022-11-11T13:45:17.610Z,8,98.98,8,100,62962,1025,61.97,62492,550,33.25,63492,79,4.78,1671,99,1654,4047,8,8
1668174432,2022-11-11 07:47:12 -0600,93315214ba6a25ac987654d51b0174dc9a30dc18,TX,48377,2,2022-11-09T01:00:00.000Z,FIPSCode,48377,0,2022-11-11T13:45:17.610Z,8,98.98,8,100,62962,1025,61.97,62492,550,33.25,63492,79,4.78,1671,99,1654,4047,8,8
1668174474,2022-11-11 07:47:54 -0600,7115b4d01c80a9b5ff62a363d48d85d85b752e4d,TX,48377,2,2022-11-09T01:00:00.000Z,FIPSCode,48377,0,2022-11-11T13:45:17.610Z,8,98.98,8,100,62962,1025,61.97,62492,550,33.25,63492,79,4.78,1671,99,1654,4047,8,8
1668174512,2022-11-11 07:48:32 -0600,68f323237d4039f92b4db96f99c97b9efde45b40,TX,48377,2,2022-11-09T01:00:00.000Z,FIPSCode,48377,0,2022-11-11T13:47:39.670Z,8,98.98,8,100,62962,1025,61.97,62492,550,33.25,63492,79,4.78,1671,99,1654,4047,8,8
1668174553,2022-11-11 07:49:13 -0600,5ec10bf52ec9dae3b4a509d4ef9227eb62451ebb,TX,48377,2,2022-11-09T01:00:00.000Z,FIPSCode,48377,0,2022-11-11T13:47:39.670Z,8,98.98,8,100,62962,1025,61.97,62492,550,33.25,63492,79,4.78,1671,99,1654,4047,8,8
1668174593,2022-11-11 07:49:53 -0600,b27f595e8adf5d340eef7e54080912f8eb6862c0,TX,48377,2,2022-11-09T01:00:00.000Z,FIPSCode,48377,0,2022-11-11T13:47:39.670Z,8,98.98,8,100,62962,1025,61.97,62492,550,33.25,63492,79,4.78,1671,99,1654,4047,8,8
1668174633,2022-11-11 07:50:33 -0600,e031a34b786f7936af6cc9379e432d7522aa2661,TX,48377,2,2022-11-09T01:00:00.000Z,FIPSCode,48377,0,2022-11-11T13:47:39.670Z,8,98.98,8,100,62962,1025,61.97,62492,550,33.25,63492,79,4.78,1671,99,1654,4047,8,8
1668174673,2022-11-11 07:51:13 -0600,8093a7c8bc01b1f069c51cb246980985db63bfad,TX,48377,2,2022-11-09T01:00:00.000Z,FIPSCode,48377,0,2022-11-11T13:47:39.670Z,8,98.98,8,100,62962,1025,61.97,62492,550,33.25,63492,79,4.78,1671,99,1654,4047,8,8
1668174714,2022-11-11 07:51:54 -0600,55b4c17a7d7d7fce103aa5c4b0b8b49ac978aae0,TX,48377,2,2022-11-09T01:00:00.000Z,FIPSCode,48377,0,2022-11-11T13:47:39.670Z,8,98.98,8,100,62962,1025,61.97,62492,550,33.25,63492,79,4.78,1671,99,1654,4047,8,8
1668174754,2022-11-11 07:52:34 -0600,c40171f66e02b5f0d4f193b1811dbae792df0b57,TX,48377,2,2022-11-09T01:00:00.000Z,FIPSCode,48377,0,2022-11-11T13:47:39.670Z,8,98.98,8,100,62962,1025,61.97,62492,550,33.25,63492,79,4.78,1671,99,1654,4047,8,8
1668174794,2022-11-11 07:53:14 -0600,4701d9015451de5abaa4d205bc1fb28dd98c9a38,TX,48377,2,2022-11-09T01:00:00.000Z,FIPSCode,48377,0,2022-11-11T13:47:39.670Z,8,98.98,8,100,62962,1025,61.97,62492,550,33.25,63492,79,4.78,1671,99,1654,4047,8,8
1668174834,2022-11-11 07:53:54 -0600,92056ecc4ccdee3bfb2a697497725c7b861f5a2c,TX,48377,2,2022-11-09T01:00:00.000Z,FIPSCode,48377,0,2022-11-11T13:47:39.670Z,8,98.98,8,100,62962,1025,61.97,62492,550,33.25,63492,79,4.78,1671,99,1654,4047,8,8
1668174914,2022-11-11 07:55:14 -0600,3ca12a98b7ac9c30ba42b1cf9037f709ba2715a0,TX,48377,2,2022-11-09T01:00:00.000Z,FIPSCode,48377,0,2022-11-11T13:47:39.670Z,8,98.98,8,100,62962,1025,61.97,62492,550,33.25,63492,79,4.78,1671,99,1654,4047,8,8
1668174954,2022-11-11 07:55:54 -0600,5ac8cac4dac44123bee79aafa7774ea2e544e96f,TX,48377,2,2022-11-09T01:00:00.000Z,FIPSCode,48377,0,2022-11-11T13:47:39.670Z,8,98.98,8,100,62962,1025,61.97,62492,550,33.25,63492,79,4.78,1671,99,1654,4047,8,8
1668174994,2022-11-11 07:56:34 -0600,d2d05bd3a7a09308612c2b6b8590f901e8c67676,TX,48377,2,2022-11-09T01:00:00.000Z,FIPSCode,48377,0,2022-11-11T13:47:39.670Z,8,98.98,8,100,62962,1025,61.97,62492,550,33.25,63492,79,4.78,1671,99,1654,4047,8,8
1668175075,2022-11-11 07:57:55 -0600,b503654f70e11f8b31665a360cf352614e3bc7b5,TX,48377,2,2022-11-09T01:00:00.000Z,FIPSCode,48377,0,2022-11-11T13:47:39.670Z,8,98.98,8,100,62962,1025,61.97,62492,550,33.25,63492,79,4.78,1671,99,1654,4047,8,8
1668175114,2022-11-11 07:58:34 -0600,b15b3c25c8e401c7bde25a9279f1383577c361b1,TX,48377,2,2022-11-09T01:00:00.000Z,FIPSCode,48377,0,2022-11-11T13:47:39.670Z,8,98.98,8,100,62962,1025,61.97,62492,550,33.25,63492,79,4.78,1671,99,1654,4047,8,8
1668175155,2022-11-11 07:59:15 -0600,c712cabfabd2302bc0503b3fd90690e6992458ce,TX,48377,2,2022-11-09T01:00:00.000Z,FIPSCode,48377,0,2022-11-11T13:47:39.670Z,8,98.98,8,100,62962,1025,61.97,62492,550,33.25,63492,79,4.78,1671,99,1654,4047,8,8
1668175195,2022-11-11 07:59:55 -0600,974e6d482ad1bf66acf3c6dec172fc6b6862447a,TX,48377,2,2022-11-09T01:00:00.000Z,FIPSCode,48377,0,2022-11-11T13:47:39.670Z,8,98.98,8,100,62962,1025,61.97,62492,550,33.25,63492,79,4.78,1671,99,1654,4047,8,8
1668175235,2022-11-11 08:00:35 -0600,0fe34c6ba14142d35bd0e91d03b242952a74ccfd,TX,48377,2,2022-11-09T01:00:00.000Z,FIPSCode,48377,0,2022-11-11T13:47:39.670Z,8,98.98,8,100,62962,1025,61.97,62492,550,33.25,63492,79,4.78,1671,99,1654,4047,8,8
1668175275,2022-11-11 08:01:15 -0600,27130f0947ad30eb8e64185ceeb673f736b60d20,TX,48377,2,2022-11-09T01:00:00.000Z,FIPSCode,48377,0,2022-11-11T13:47:39.670Z,8,98.98,8,100,62962,1025,61.97,62492,550,33.25,63492,79,4.78,1671,99,1654,4047,8,8
1668175315,2022-11-11 08:01:55 -0600,112f40e8516f6cba595148bc5d5326fdd12597f6,TX,48377,2,2022-11-09T01:00:00.000Z,FIPSCode,48377,0,2022-11-11T13:47:39.670Z,8,98.98,8,100,62962,1025,61.97,62492,550,33.25,63492,79,4.78,1671,99,1654,4047,8,8
1668175395,2022-11-11 08:03:15 -0600,2477e682a187043271c620aa6d81fb6e9f3ecdba,TX,48377,2,2022-11-09T01:00:00.000Z,FIPSCode,48377,0,2022-11-11T13:47:39.670Z,8,98.98,8,100,62962,1025,61.97,62492,550,33.25,63492,79,4.78,1671,99,1654,4047,8,8
1668175435,2022-11-11 08:03:55 -0600,ed66fdeeca2109cd1162d9bb04ccd4c4341bf364,TX,48377,2,2022-11-09T01:00:00.000Z,FIPSCode,48377,0,2022-11-11T13:47:39.670Z,8,98.98,8,100,62962,1025,61.97,62492,550,33.25,63492,79,4.78,1671,99,1654,4047,8,8
1668175476,2022-11-11 08:04:36 -0600,1fe4217f94b32cfe85dbcd7efd88318c0870014e,TX,48377,2,2022-11-09T01:00:00.000Z,FIPSCode,48377,0,2022-11-11T13:47:39.670Z,8,98.98,8,100,62962,1025,61.97,62492,550,33.25,63492,79,4.78,1671,99,1654,4047,8,8
1668175557,2022-11-11 08:05:57 -0600,6ddf957b237a36b60aa0a45e94b0845ad9ea543f,TX,48377,2,2022-11-09T01:00:00.000Z,FIPSCode,48377,0,2022-11-11T13:47:39.670Z,8,98.98,8,100,62962,1025,61.97,62492,550,33.25,63492,79,4.78,1671,99,1654,4047,8,8
1668175598,2022-11-11 08:06:38 -0600,e40571d7ab0ad80b2fa5b258a57b238aad0431de,TX,48377,2,2022-11-09T01:00:00.000Z,FIPSCode,48377,0,2022-11-11T13:47:39.670Z,8,98.98,8,100,62962,1025,61.97,62492,550,33.25,63492,79,4.78,1671,99,1654,4047,8,8
1668175678,2022-11-11 08:07:58 -0600,58ddf5eab26f589a94fea00e3f1239806a59ca72,TX,48377,2,2022-11-09T01:00:00.000Z,FIPSCode,48377,0,2022-11-11T13:47:39.670Z,8,98.98,8,100,62962,1025,61.97,62492,550,33.25,63492,79,4.78,1671,99,1654,4047,8,8
1668175718,2022-11-11 08:08:38 -0600,f353cff5873355a44051e184179496a5addb3164,TX,48377,2,2022-11-09T01:00:00.000Z,FIPSCode,48377,0,2022-11-11T13:47:39.670Z,8,98.98,8,100,62962,1025,61.97,62492,550,33.25,63492,79,4.78,1671,99,1654,4047,8,8
1668175799,2022-11-11 08:09:59 -0600,14b6b7532d1f11aec374202bde2bc31a3ba80d59,TX,48377,2,2022-11-09T01:00:00.000Z,FIPSCode,48377,0,2022-11-11T13:47:39.670Z,8,98.98,8,100,62962,1025,61.97,62492,550,33.25,63492,79,4.78,1671,99,1654,4047,8,8
1668175839,2022-11-11 08:10:39 -0600,61113096aad940455e0217da748c93ebbfcb37c5,TX,48377,2,2022-11-09T01:00:00.000Z,FIPSCode,48377,0,2022-11-11T13:47:39.670Z,8,98.98,8,100,62962,1025,61.97,62492,550,33.25,63492,79,4.78,1671,99,1654,4047,8,8
1668175879,2022-11-11 08:11:19 -0600,8200e1bf1a4fbf7ba3735f85de1f3b839d4f397e,TX,48377,2,2022-11-09T01:00:00.000Z,FIPSCode,48377,0,2022-11-11T13:47:39.670Z,8,98.98,8,100,62962,1025,61.97,62492,550,33.25,63492,79,4.78,1671,99,1654,4047,8,8
1668175920,2022-11-11 08:12:00 -0600,ad4617e138aa007b78f0206a65764436bf304815,TX,48377,2,2022-11-09T01:00:00.000Z,FIPSCode,48377,0,2022-11-11T13:47:39.670Z,8,98.98,8,100,62962,1025,61.97,62492,550,33.25,63492,79,4.78,1671,99,1654,4047,8,8
1668175961,2022-11-11 08:12:41 -0600,6f6084bb91c36b366adec61996ed43296309c936,TX,48377,2,2022-11-09T01:00:00.000Z,FIPSCode,48377,0,2022-11-11T13:47:39.670Z,8,98.98,8,100,62962,1025,61.97,62492,550,33.25,63492,79,4.78,1671,99,1654,4047,8,8
1668176040,2022-11-11 08:14:00 -0600,36e6b7fcbc5ad9719fa7cefa499b3ab2418cf280,TX,48377,2,2022-11-09T01:00:00.000Z,FIPSCode,48377,0,2022-11-11T13:47:39.670Z,8,98.98,8,100,62962,1025,61.97,62492,550,33.25,63492,79,4.78,1671,99,1654,4047,8,8
1668176081,2022-11-11 08:14:41 -0600,d40cd505a16834cd62fbcc12037e44b2007ccca8,TX,48377,2,2022-11-09T01:00:00.000Z,FIPSCode,48377,0,2022-11-11T13:47:39.670Z,8,98.98,8,100,62962,1025,61.97,62492,550,33.25,63492,79,4.78,1671,99,1654,4047,8,8
1668176121,2022-11-11 08:15:21 -0600,e03799a74fc7c26348bc92419b8a252d9a0bd324,TX,48377,2,2022-11-09T01:00:00.000Z,FIPSCode,48377,0,2022-11-11T13:47:39.670Z,8,98.98,8,100,62962,1025,61.97,62492,550,33.25,63492,79,4.78,1671,99,1654,4047,8,8
1668176161,2022-11-11 08:16:01 -0600,fcaca909d66c8b2ba251d1516db70bef44905cb6,TX,48377,2,2022-11-09T01:00:00.000Z,FIPSCode,48377,0,2022-11-11T13:47:39.670Z,8,98.98,8,100,62962,1025,61.97,62492,550,33.25,63492,79,4.78,1671,99,1654,4047,8,8
1668176201,2022-11-11 08:16:41 -0600,337ebcff354a65917b552ae1e6f5125b5b45957c,TX,48377,2,2022-11-09T01:00:00.000Z,FIPSCode,48377,0,2022-11-11T13:47:39.670Z,8,98.98,8,100,62962,1025,61.97,62492,550,33.25,63492,79,4.78,1671,99,1654,4047,8,8
1668176241,2022-11-11 08:17:21 -0600,34800464abb0dc8ed758da3cc227306a29e66dc0,TX,48377,2,2022-11-09T01:00:00.000Z,FIPSCode,48377,0,2022-11-11T13:47:39.670Z,8,98.98,8,100,62962,1025,61.97,62492,550,33.25,63492,79,4.78,1671,99,1654,4047,8,8
1668176281,2022-11-11 08:18:01 -0600,a91fb51f3b53f3e7025bcd30ad31a742ca45e886,TX,48377,2,2022-11-09T01:00:00.000Z,FIPSCode,48377,0,2022-11-11T13:47:39.670Z,8,98.98,8,100,62962,1025,61.97,62492,550,33.25,63492,79,4.78,1671,99,1654,4047,8,8
1668176399,2022-11-11 08:19:59 -0600,83d292979c39ddfdd16b39f4554ad11c3fcba29c,TX,48377,2,2022-11-09T01:00:00.000Z,FIPSCode,48377,0,2022-11-11T13:47:39.670Z,8,98.98,8,100,62962,1025,61.97,62492,550,33.25,63492,79,4.78,1671,99,1654,4047,8,8
1668176480,2022-11-11 08:21:20 -0600,61964c94e91ba7e02e12a0faa523853238870704,TX,48377,2,2022-11-09T01:00:00.000Z,FIPSCode,48377,0,2022-11-11T13:47:39.670Z,8,98.98,8,100,62962,1025,61.97,62492,550,33.25,63492,79,4.78,1671,99,1654,4047,8,8
1668176681,2022-11-11 08:24:41 -0600,8003832a987e2d7cca78eb08bb971bbfdf7d3e82,TX,48377,2,2022-11-09T01:00:00.000Z,FIPSCode,48377,0,2022-11-11T14:24:19.438Z,8,98.98,8,100,62962,1025,61.97,62492,550,33.25,63492,79,4.78,1671,99,1654,4047,8,8
1668176721,2022-11-11 08:25:21 -0600,9505ffd467805f36190371e32ba9cf966bce2ecb,TX,48377,2,2022-11-09T01:00:00.000Z,FIPSCode,48377,0,2022-11-11T14:24:19.438Z,8,98.98,8,100,62962,1025,61.97,62492,550,33.25,63492,79,4.78,1671,99,1654,4047,8,8
1668176761,2022-11-11 08:26:01 -0600,8292fbe1634d9d043028c243cf6c4a21d41d677a,TX,48377,2,2022-11-09T01:00:00.000Z,FIPSCode,48377,0,2022-11-11T14:24:19.438Z,8,98.98,8,100,62962,1025,61.97,62492,550,33.25,63492,79,4.78,1671,99,1654,4047,8,8
1668176801,2022-11-11 08:26:41 -0600,9654f1b110448d1284475285be6342bb35b672e3,TX,48377,2,2022-11-09T01:00:00.000Z,FIPSCode,48377,0,2022-11-11T14:24:19.438Z,8,98.98,8,100,62962,1025,61.97,62492,550,33.25,63492,79,4.78,1671,99,1654,4047,8,8
1668176840,2022-11-11 08:27:20 -0600,c565cb5987168b446f05f28b76fb1e7b1f6ecf28,TX,48377,2,2022-11-09T01:00:00.000Z,FIPSCode,48377,0,2022-11-11T14:24:19.438Z,8,98.98,8,100,62962,1025,61.97,62492,550,33.25,63492,79,4.78,1671,99,1654,4047,8,8
1668176880,2022-11-11 08:28:00 -0600,d72026341bf51bf3cef22b6e81af8ee5d8cbc919,TX,48377,2,2022-11-09T01:00:00.000Z,FIPSCode,48377,0,2022-11-11T14:24:19.438Z,8,98.98,8,100,62962,1025,61.97,62492,550,33.25,63492,79,4.78,1671,99,1654,4047,8,8
1668176920,2022-11-11 08:28:40 -0600,345a1e25c98552fd0b7376317bf492738e41a365,TX,48377,2,2022-11-09T01:00:00.000Z,FIPSCode,48377,0,2022-11-11T14:24:19.438Z,8,98.98,8,100,62962,1025,61.97,62492,550,33.25,63492,79,4.78,1671,99,1654,4047,8,8
1668176960,2022-11-11 08:29:20 -0600,227c867d3d1f1157d004761a9174effff8674ed7,TX,48377,2,2022-11-09T01:00:00.000Z,FIPSCode,48377,0,2022-11-11T14:24:19.438Z,8,98.98,8,100,62962,1025,61.97,62492,550,33.25,63492,79,4.78,1671,99,1654,4047,8,8
1668177001,2022-11-11 08:30:01 -0600,030fae4957320c1cafefe874a0d14f2121f955ee,TX,48377,2,2022-11-09T01:00:00.000Z,FIPSCode,48377,0,2022-11-11T14:24:19.438Z,8,98.98,8,100,62962,1025,61.97,62492,550,33.25,63492,79,4.78,1671,99,1654,4047,8,8
1668177040,2022-11-11 08:30:40 -0600,6a43d9f3a98e6c19832a864f8b30e8de394be5f9,TX,48377,2,2022-11-09T01:00:00.000Z,FIPSCode,48377,0,2022-11-11T14:24:19.438Z,8,98.98,8,100,62962,1025,61.97,62492,550,33.25,63492,79,4.78,1671,99,1654,4047,8,8
1668177080,2022-11-11 08:31:20 -0600,cf41961a8a0f497158c1078fcbf36d386ed496e3,TX,48377,2,2022-11-09T01:00:00.000Z,FIPSCode,48377,0,2022-11-11T14:24:19.438Z,8,98.98,8,100,62962,1025,61.97,62492,550,33.25,63492,79,4.78,1671,99,1654,4047,8,8
1668177120,2022-11-11 08:32:00 -0600,96f2ec39693c64c0ba817dc4e03d0f0fb29233d2,TX,48377,2,2022-11-09T01:00:00.000Z,FIPSCode,48377,0,2022-11-11T14:24:19.438Z,8,98.98,8,100,62962,1025,61.97,62492,550,33.25,63492,79,4.78,1671,99,1654,4047,8,8
1668177160,2022-11-11 08:32:40 -0600,79bff6fd186483204b9adef1b69deaeff7954b20,TX,48377,2,2022-11-09T01:00:00.000Z,FIPSCode,48377,0,2022-11-11T14:24:19.438Z,8,98.98,8,100,62962,1025,61.97,62492,550,33.25,63492,79,4.78,1671,99,1654,4047,8,8
1668177199,2022-11-11 08:33:19 -0600,67eac2b47aa130bf1d33b978d8221ad4e76d7dd4,TX,48377,2,2022-11-09T01:00:00.000Z,FIPSCode,48377,0,2022-11-11T14:24:19.438Z,8,98.98,8,100,62962,1025,61.97,62492,550,33.25,63492,79,4.78,1671,99,1654,4047,8,8
1668177239,2022-11-11 08:33:59 -0600,b9f1a7af30ce4436a6b50d40646a3729b82e2a6b,TX,48377,2,2022-11-09T01:00:00.000Z,FIPSCode,48377,0,2022-11-11T14:24:19.438Z,8,98.98,8,100,62962,1025,61.97,62492,550,33.25,63492,79,4.78,1671,99,1654,4047,8,8
1668177281,2022-11-11 08:34:41 -0600,7549534e23898ebb74b1b938560b33eb292bdce9,TX,48377,2,2022-11-09T01:00:00.000Z,FIPSCode,48377,0,2022-11-11T14:24:19.438Z,8,98.98,8,100,62962,1025,61.97,62492,550,33.25,63492,79,4.78,1671,99,1654,4047,8,8
1668177321,2022-11-11 08:35:21 -0600,ad05b864f45ed459b22811bd8c77acfc8dd6fceb,TX,48377,2,2022-11-09T01:00:00.000Z,FIPSCode,48377,0,2022-11-11T14:24:19.438Z,8,98.98,8,100,62962,1025,61.97,62492,550,33.25,63492,79,4.78,1671,99,1654,4047,8,8
1668177558,2022-11-11 08:39:18 -0600,01c5e2823910f7f988376b9c6a9172b1c946a6df,TX,48377,2,2022-11-09T01:00:00.000Z,FIPSCode,48377,0,2022-11-11T14:38:57.704Z,8,98.98,8,100,62962,1025,61.97,62492,550,33.25,63492,79,4.78,1671,99,1654,4047,8,8
1668177598,2022-11-11 08:39:58 -0600,bec564ced92dee1aaa04fa6760ca88cb9b05df8f,TX,48377,2,2022-11-09T01:00:00.000Z,FIPSCode,48377,0,2022-11-11T14:39:17.604Z,8,98.98,8,100,62962,1025,61.97,62492,550,33.25,63492,79,4.78,1671,99,1654,4047,8,8
1668177638,2022-11-11 08:40:38 -0600,b5bb05f5b7819d2d0d62b75e9f29c86c9b65fbb0,TX,48377,2,2022-11-09T01:00:00.000Z,FIPSCode,48377,0,2022-11-11T14:39:17.604Z,8,98.98,8,100,62962,1025,61.97,62492,550,33.25,63492,79,4.78,1671,99,1654,4047,8,8
1668177678,2022-11-11 08:41:18 -0600,94b9d326e5372d478162a3b142f7f432988e79a4,TX,48377,2,2022-11-09T01:00:00.000Z,FIPSCode,48377,0,2022-11-11T14:39:17.604Z,8,98.98,8,100,62962,1025,61.97,62492,550,33.25,63492,79,4.78,1671,99,1654,4047,8,8
1668177718,2022-11-11 08:41:58 -0600,70ae2ed1fcca92287eb3e58eb5ea8469f92fa398,TX,48377,2,2022-11-09T01:00:00.000Z,FIPSCode,48377,0,2022-11-11T14:41:16.465Z,8,98.98,8,100,62962,1025,61.97,62492,550,33.25,63492,79,4.78,1671,99,1654,4047,8,8
1668177759,2022-11-11 08:42:39 -0600,f1213582ae4bc850ca83d16cc53f7f398fbda569,TX,48377,2,2022-11-09T01:00:00.000Z,FIPSCode,48377,0,2022-11-11T14:41:16.465Z,8,98.98,8,100,62962,1025,61.97,62492,550,33.25,63492,79,4.78,1671,99,1654,4047,8,8
1668177799,2022-11-11 08:43:19 -0600,1f3ad59fd0824882e8f09ebac5645800ee38312a,TX,48377,2,2022-11-09T01:00:00.000Z,FIPSCode,48377,0,2022-11-11T14:41:16.465Z,8,98.98,8,100,62962,1025,61.97,62492,550,33.25,63492,79,4.78,1671,99,1654,4047,8,8
1668177840,2022-11-11 08:44:00 -0600,458a947e96b721bd642f875d661e8a251fea5048,TX,48377,2,2022-11-09T01:00:00.000Z,FIPSCode,48377,0,2022-11-11T14:41:16.465Z,8,98.98,8,100,62962,1025,61.97,62492,550,33.25,63492,79,4.78,1671,99,1654,4047,8,8
1668177881,2022-11-11 08:44:41 -0600,af371af1bb85a9859c34258e8aeebe65ad1e662c,TX,48377,2,2022-11-09T01:00:00.000Z,FIPSCode,48377,0,2022-11-11T14:41:16.465Z,8,98.98,8,100,62962,1025,61.97,62492,550,33.25,63492,79,4.78,1671,99,1654,4047,8,8
1668177921,2022-11-11 08:45:21 -0600,bbe788416057ad856d949b6625d33d7f334b5afb,TX,48377,2,2022-11-09T01:00:00.000Z,FIPSCode,48377,0,2022-11-11T14:44:40.749Z,8,98.98,8,100,62962,1025,61.97,62492,550,33.25,63492,79,4.78,1671,99,1654,4047,8,8
1668177961,2022-11-11 08:46:01 -0600,1ce5e9af59fb3303f74d8a56ccc590fb42399039,TX,48377,2,2022-11-09T01:00:00.000Z,FIPSCode,48377,0,2022-11-11T14:44:40.749Z,8,98.98,8,100,62962,1025,61.97,62492,550,33.25,63492,79,4.78,1671,99,1654,4047,8,8
1668178002,2022-11-11 08:46:42 -0600,e04396020e5c6e4cdd4666ed61f9157e9e894550,TX,48377,2,2022-11-09T01:00:00.000Z,FIPSCode,48377,0,2022-11-11T14:44:40.749Z,8,98.98,8,100,62962,1025,61.97,62492,550,33.25,63492,79,4.78,1671,99,1654,4047,8,8
1668178042,2022-11-11 08:47:22 -0600,9beb9244465d6d27bf8631b9e68b4c6618da1173,TX,48377,2,2022-11-09T01:00:00.000Z,FIPSCode,48377,0,2022-11-11T14:47:01.387Z,8,98.98,8,100,62962,1025,61.97,62492,550,33.25,63492,79,4.78,1671,99,1654,4047,8,8
1668178082,2022-11-11 08:48:02 -0600,95710441fb832379db3fb23075e7364b575b5767,TX,48377,2,2022-11-09T01:00:00.000Z,FIPSCode,48377,0,2022-11-11T14:47:01.387Z,8,98.98,8,100,62962,1025,61.97,62492,550,33.25,63492,79,4.78,1671,99,1654,4047,8,8
1668178123,2022-11-11 08:48:43 -0600,4f40a36bed2935861017787013e410a0624373f7,TX,48377,2,2022-11-09T01:00:00.000Z,FIPSCode,48377,0,2022-11-11T14:47:01.387Z,8,98.98,8,100,62962,1025,61.97,62492,550,33.25,63492,79,4.78,1671,99,1654,4047,8,8
1668178203,2022-11-11 08:50:03 -0600,217b231d3ccfb115373c10f62a3bf992522d99e3,TX,48377,2,2022-11-09T01:00:00.000Z,FIPSCode,48377,0,2022-11-11T14:47:01.387Z,8,98.98,8,100,62962,1025,61.97,62492,550,33.25,63492,79,4.78,1671,99,1654,4047,8,8
1668178244,2022-11-11 08:50:44 -0600,cfc4142a82b5b0400a5274edf84b829aa0257fda,TX,48377,2,2022-11-09T01:00:00.000Z,FIPSCode,48377,0,2022-11-11T14:47:01.387Z,8,98.98,8,100,62962,1025,61.97,62492,550,33.25,63492,79,4.78,1671,99,1654,4047,8,8
1668178284,2022-11-11 08:51:24 -0600,bcff934817e5bab182f74d98715c7e394d1a6440,TX,48377,2,2022-11-09T01:00:00.000Z,FIPSCode,48377,0,2022-11-11T14:47:01.387Z,8,98.98,8,100,62962,1025,61.97,62492,550,33.25,63492,79,4.78,1671,99,1654,4047,8,8
1668178324,2022-11-11 08:52:04 -0600,3eb18e4573e8690861de0376984dd8bbbdf61f50,TX,48377,2,2022-11-09T01:00:00.000Z,FIPSCode,48377,0,2022-11-11T14:47:01.387Z,8,98.98,8,100,62962,1025,61.97,62492,550,33.25,63492,79,4.78,1671,99,1654,4047,8,8
1668178364,2022-11-11 08:52:44 -0600,adece66aca57bfc3b606ce0e6aa663affd6f95e3,TX,48377,2,2022-11-09T01:00:00.000Z,FIPSCode,48377,0,2022-11-11T14:47:01.387Z,8,98.98,8,100,62962,1025,61.97,62492,550,33.25,63492,79,4.78,1671,99,1654,4047,8,8
1668178405,2022-11-11 08:53:25 -0600,6dc465de00ed1f27ba5e8f2524fc9e6d74fb3dc7,TX,48377,2,2022-11-09T01:00:00.000Z,FIPSCode,48377,0,2022-11-11T14:47:01.387Z,8,98.98,8,100,62962,1025,61.97,62492,550,33.25,63492,79,4.78,1671,99,1654,4047,8,8
1668178444,2022-11-11 08:54:04 -0600,503a0ee8a9b2358b868b9e38a72e723d2850b699,TX,48377,2,2022-11-09T01:00:00.000Z,FIPSCode,48377,0,2022-11-11T14:47:01.387Z,8,98.98,8,100,62962,1025,61.97,62492,550,33.25,63492,79,4.78,1671,99,1654,4047,8,8
1668178485,2022-11-11 08:54:45 -0600,00bea3175a22e662178fc17d2771e5bd6a97d9a1,TX,48377,2,2022-11-09T01:00:00.000Z,FIPSCode,48377,0,2022-11-11T14:47:01.387Z,8,98.98,8,100,62962,1025,61.97,62492,550,33.25,63492,79,4.78,1671,99,1654,4047,8,8
1668178525,2022-11-11 08:55:25 -0600,8b31803aca775f744814b808e370c5deafc6d2bf,TX,48377,2,2022-11-09T01:00:00.000Z,FIPSCode,48377,0,2022-11-11T14:47:01.387Z,8,98.98,8,100,62962,1025,61.97,62492,550,33.25,63492,79,4.78,1671,99,1654,4047,8,8
1668178567,2022-11-11 08:56:07 -0600,b1b2450071ad93644f5961debfcc88a4723aab90,TX,48377,2,2022-11-09T01:00:00.000Z,FIPSCode,48377,0,2022-11-11T14:47:01.387Z,8,98.98,8,100,62962,1025,61.97,62492,550,33.25,63492,79,4.78,1671,99,1654,4047,8,8
1668178607,2022-11-11 08:56:47 -0600,2b10c9cfbc140fee92a7288a6ccde0e785a6b45e,TX,48377,2,2022-11-09T01:00:00.000Z,FIPSCode,48377,0,2022-11-11T14:47:01.387Z,8,98.98,8,100,62962,1025,61.97,62492,550,33.25,63492,79,4.78,1671,99,1654,4047,8,8
1668178648,2022-11-11 08:57:28 -0600,4c47111ffdb5c395db71a62cc78bc03876a92527,TX,48377,2,2022-11-09T01:00:00.000Z,FIPSCode,48377,0,2022-11-11T14:47:01.387Z,8,98.98,8,100,62962,1025,61.97,62492,550,33.25,63492,79,4.78,1671,99,1654,4047,8,8
1668178689,2022-11-11 08:58:09 -0600,3fe51f58cf2ef94ff9f7ec10eb0cd1076c85d06c,TX,48377,2,2022-11-09T01:00:00.000Z,FIPSCode,48377,0,2022-11-11T14:47:01.387Z,8,98.98,8,100,62962,1025,61.97,62492,550,33.25,63492,79,4.78,1671,99,1654,4047,8,8
1668178729,2022-11-11 08:58:49 -0600,2e369c376638dcd28bf3eac17d0d114673c15e35,TX,48377,2,2022-11-09T01:00:00.000Z,FIPSCode,48377,0,2022-11-11T14:47:01.387Z,8,98.98,8,100,62962,1025,61.97,62492,550,33.25,63492,79,4.78,1671,99,1654,4047,8,8
1668178812,2022-11-11 09:00:12 -0600,fda4eed86d6ebd28d5a3c902caadd04d148e8f2e,TX,48377,2,2022-11-09T01:00:00.000Z,FIPSCode,48377,0,2022-11-11T14:47:01.387Z,8,98.98,8,100,62962,1025,61.97,62492,550,33.25,63492,79,4.78,1671,99,1654,4047,8,8
1668178852,2022-11-11 09:00:52 -0600,90af292fc4aa26fdf339397359c3c36435ab8d59,TX,48377,2,2022-11-09T01:00:00.000Z,FIPSCode,48377,0,2022-11-11T14:47:01.387Z,8,98.98,8,100,62962,1025,61.97,62492,550,33.25,63492,79,4.78,1671,99,1654,4047,8,8
1668178933,2022-11-11 09:02:13 -0600,f140b4108341d24f75bd6e68f6669ebbe08c91b3,TX,48377,2,2022-11-09T01:00:00.000Z,FIPSCode,48377,0,2022-11-11T14:47:01.387Z,8,98.98,8,100,62962,1025,61.97,62492,550,33.25,63492,79,4.78,1671,99,1654,4047,8,8
1668178974,2022-11-11 09:02:54 -0600,20609a1f8e1d7aa2588ee39ac4395232e0d5bc76,TX,48377,2,2022-11-09T01:00:00.000Z,FIPSCode,48377,0,2022-11-11T14:47:01.387Z,8,98.98,8,100,62962,1025,61.97,62492,550,33.25,63492,79,4.78,1671,99,1654,4047,8,8
1668179015,2022-11-11 09:03:35 -0600,c02abc88b5e123cd160fd755af4bbb47da1728b2,TX,48377,2,2022-11-09T01:00:00.000Z,FIPSCode,48377,0,2022-11-11T14:47:01.387Z,8,98.98,8,100,62962,1025,61.97,62492,550,33.25,63492,79,4.78,1671,99,1654,4047,8,8
1668179056,2022-11-11 09:04:16 -0600,96778247c76e69d0eaaaca0e2a34e0c9fee9ed7d,TX,48377,2,2022-11-09T01:00:00.000Z,FIPSCode,48377,0,2022-11-11T14:47:01.387Z,8,98.98,8,100,62962,1025,61.97,62492,550,33.25,63492,79,4.78,1671,99,1654,4047,8,8
1668179097,2022-11-11 09:04:57 -0600,bd1e540f4442511567113c812fdffd51c16354a0,TX,48377,2,2022-11-09T01:00:00.000Z,FIPSCode,48377,0,2022-11-11T14:47:01.387Z,8,98.98,8,100,62962,1025,61.97,62492,550,33.25,63492,79,4.78,1671,99,1654,4047,8,8
1668179138,2022-11-11 09:05:38 -0600,1a789e58c381fd2a45b88814709b8453dd85480f,TX,48377,2,2022-11-09T01:00:00.000Z,FIPSCode,48377,0,2022-11-11T14:47:01.387Z,8,98.98,8,100,62962,1025,61.97,62492,550,33.25,63492,79,4.78,1671,99,1654,4047,8,8
1668179180,2022-11-11 09:06:20 -0600,64140583f5cf3efc750b9f1106c38810eb328685,TX,48377,2,2022-11-09T01:00:00.000Z,FIPSCode,48377,0,2022-11-11T14:47:01.387Z,8,98.98,8,100,62962,1025,61.97,62492,550,33.25,63492,79,4.78,1671,99,1654,4047,8,8
1668179222,2022-11-11 09:07:02 -0600,dd9f5b25c47764fa2521b68d19793111ed6ac6bc,TX,48377,2,2022-11-09T01:00:00.000Z,FIPSCode,48377,0,2022-11-11T14:47:01.387Z,8,98.98,8,100,62962,1025,61.97,62492,550,33.25,63492,79,4.78,1671,99,1654,4047,8,8
1668179262,2022-11-11 09:07:42 -0600,4b18170a2a26224402f0051680b839fd1050cae2,TX,48377,2,2022-11-09T01:00:00.000Z,FIPSCode,48377,0,2022-11-11T14:47:01.387Z,8,98.98,8,100,62962,1025,61.97,62492,550,33.25,63492,79,4.78,1671,99,1654,4047,8,8
1668179304,2022-11-11 09:08:24 -0600,436787deed1a57b67f7be6b232ccaed1d4d386eb,TX,48377,2,2022-11-09T01:00:00.000Z,FIPSCode,48377,0,2022-11-11T14:47:01.387Z,8,98.98,8,100,62962,1025,61.97,62492,550,33.25,63492,79,4.78,1671,99,1654,4047,8,8
1668179345,2022-11-11 09:09:05 -0600,2175cca0510c72df73a3d5761a24165fc6f7aac3,TX,48377,2,2022-11-09T01:00:00.000Z,FIPSCode,48377,0,2022-11-11T14:47:01.387Z,8,98.98,8,100,62962,1025,61.97,62492,550,33.25,63492,79,4.78,1671,99,1654,4047,8,8
1668179386,2022-11-11 09:09:46 -0600,222df90c9d8818b91021cf4d566d790b4ca4ff4b,TX,48377,2,2022-11-09T01:00:00.000Z,FIPSCode,48377,0,2022-11-11T14:47:01.387Z,8,98.98,8,100,62962,1025,61.97,62492,550,33.25,63492,79,4.78,1671,99,1654,4047,8,8
1668179427,2022-11-11 09:10:27 -0600,194cd26cc4aac30ac4ddb3f818499b2a062aa5bd,TX,48377,2,2022-11-09T01:00:00.000Z,FIPSCode,48377,0,2022-11-11T14:47:01.387Z,8,98.98,8,100,62962,1025,61.97,62492,550,33.25,63492,79,4.78,1671,99,1654,4047,8,8
1668179469,2022-11-11 09:11:09 -0600,9dc47db18448da08ccbca90b86abef5453c6b328,TX,48377,2,2022-11-09T01:00:00.000Z,FIPSCode,48377,0,2022-11-11T14:47:01.387Z,8,98.98,8,100,62962,1025,61.97,62492,550,33.25,63492,79,4.78,1671,99,1654,4047,8,8
1668179509,2022-11-11 09:11:49 -0600,9d720de9d8d479f5606acc9410d8eba3478cfe3f,TX,48377,2,2022-11-09T01:00:00.000Z,FIPSCode,48377,0,2022-11-11T14:47:01.387Z,8,98.98,8,100,62962,1025,61.97,62492,550,33.25,63492,79,4.78,1671,99,1654,4047,8,8
1668179551,2022-11-11 09:12:31 -0600,f37b2258cb10b3f347eb210493b2e3e4376d4549,TX,48377,2,2022-11-09T01:00:00.000Z,FIPSCode,48377,0,2022-11-11T14:47:01.387Z,8,98.98,8,100,62962,1025,61.97,62492,550,33.25,63492,79,4.78,1671,99,1654,4047,8,8
1668179592,2022-11-11 09:13:12 -0600,8de74cc231931d08b270f83aef5ae20a7d753fb8,TX,48377,2,2022-11-09T01:00:00.000Z,FIPSCode,48377,0,2022-11-11T14:47:01.387Z,8,98.98,8,100,62962,1025,61.97,62492,550,33.25,63492,79,4.78,1671,99,1654,4047,8,8
1668179633,2022-11-11 09:13:53 -0600,306daf9c0a75d36bf735483259b5a39ccddb8f92,TX,48377,2,2022-11-09T01:00:00.000Z,FIPSCode,48377,0,2022-11-11T14:47:01.387Z,8,98.98,8,100,62962,1025,61.97,62492,550,33.25,63492,79,4.78,1671,99,1654,4047,8,8
1668179674,2022-11-11 09:14:34 -0600,a0cbd109dac0571099da976ea77b2722ee473dfa,TX,48377,2,2022-11-09T01:00:00.000Z,FIPSCode,48377,0,2022-11-11T14:47:01.387Z,8,98.98,8,100,62962,1025,61.97,62492,550,33.25,63492,79,4.78,1671,99,1654,4047,8,8
1668179715,2022-11-11 09:15:15 -0600,7c163c53c80ea45d250805cfcb741b36be03f03b,TX,48377,2,2022-11-09T01:00:00.000Z,FIPSCode,48377,0,2022-11-11T14:47:01.387Z,8,98.98,8,100,62962,1025,61.97,62492,550,33.25,63492,79,4.78,1671,99,1654,4047,8,8
1668179756,2022-11-11 09:15:56 -0600,7e0e7ca875f8248b13b590552be5064dc7a583ac,TX,48377,2,2022-11-09T01:00:00.000Z,FIPSCode,48377,0,2022-11-11T15:15:41.101Z,8,98.98,8,100,62962,1025,61.97,62492,550,33.25,63492,79,4.78,1671,99,1654,4047,8,8
1668179796,2022-11-11 09:16:36 -0600,9ff72e3d4684e2778787f05c70fb81abf3712268,TX,48377,2,2022-11-09T01:00:00.000Z,FIPSCode,48377,0,2022-11-11T15:15:41.101Z,8,98.98,8,100,62962,1025,61.97,62492,550,33.25,63492,79,4.78,1671,99,1654,4047,8,8
1668179837,2022-11-11 09:17:17 -0600,70e92ec722024a553e7b41abe26ccebd7b914190,TX,48377,2,2022-11-09T01:00:00.000Z,FIPSCode,48377,0,2022-11-11T15:16:17.971Z,8,98.98,8,100,62962,1025,61.97,62492,550,33.25,63492,79,4.78,1671,99,1654,4047,8,8
1668179878,2022-11-11 09:17:58 -0600,a8d7b6272992dfbda6749af71e55efe97778997d,TX,48377,2,2022-11-09T01:00:00.000Z,FIPSCode,48377,0,2022-11-11T15:17:18.192Z,8,98.98,8,100,62962,1025,61.97,62492,550,33.25,63492,79,4.78,1671,99,1654,4047,8,8
1668179919,2022-11-11 09:18:39 -0600,8070217220270613f3c0eaea9d2a45f5a5ff02e7,TX,48377,2,2022-11-09T01:00:00.000Z,FIPSCode,48377,0,2022-11-11T15:17:18.192Z,8,98.98,8,100,62962,1025,61.97,62492,550,33.25,63492,79,4.78,1671,99,1654,4047,8,8
1668180000,2022-11-11 09:20:00 -0600,d16279b558832600eaa63d4146f24f0305ebee9a,TX,48377,2,2022-11-09T01:00:00.000Z,FIPSCode,48377,0,2022-11-11T15:17:18.192Z,8,98.98,8,100,62962,1025,61.97,62492,550,33.25,63492,79,4.78,1671,99,1654,4047,8,8
1668180042,2022-11-11 09:20:42 -0600,c28a3b1b59216a1da7a7c80c8d26a98ea97536d4,TX,48377,2,2022-11-09T01:00:00.000Z,FIPSCode,48377,0,2022-11-11T15:17:18.192Z,8,98.98,8,100,62962,1025,61.97,62492,550,33.25,63492,79,4.78,1671,99,1654,4047,8,8
1668180082,2022-11-11 09:21:22 -0600,4385b09357374e4694efdaa32a92fc802ea70bd7,TX,48377,2,2022-11-09T01:00:00.000Z,FIPSCode,48377,0,2022-11-11T15:17:18.192Z,8,98.98,8,100,62962,1025,61.97,62492,550,33.25,63492,79,4.78,1671,99,1654,4047,8,8
1668180123,2022-11-11 09:22:03 -0600,6417519bfbb125e62fa705b9e2f44eff97527db9,TX,48377,2,2022-11-09T01:00:00.000Z,FIPSCode,48377,0,2022-11-11T15:17:18.192Z,8,98.98,8,100,62962,1025,61.97,62492,550,33.25,63492,79,4.78,1671,99,1654,4047,8,8
1668180163,2022-11-11 09:22:43 -0600,c01c5f562592d72eb5cd777f602d71f30ed863a1,TX,48377,2,2022-11-09T01:00:00.000Z,FIPSCode,48377,0,2022-11-11T15:17:18.192Z,8,98.98,8,100,62962,1025,61.97,62492,550,33.25,63492,79,4.78,1671,99,1654,4047,8,8
1668180205,2022-11-11 09:23:25 -0600,b1529be64c6f19c91c93998be36b97b99c123eb4,TX,48377,2,2022-11-09T01:00:00.000Z,FIPSCode,48377,0,2022-11-11T15:17:18.192Z,8,98.98,8,100,62962,1025,61.97,62492,550,33.25,63492,79,4.78,1671,99,1654,4047,8,8
1668180286,2022-11-11 09:24:46 -0600,d2d62824eb743b72d990e84d1010e96843db78d3,TX,48377,2,2022-11-09T01:00:00.000Z,FIPSCode,48377,0,2022-11-11T15:17:18.192Z,8,98.98,8,100,62962,1025,61.97,62492,550,33.25,63492,79,4.78,1671,99,1654,4047,8,8
1668180327,2022-11-11 09:25:27 -0600,bd34c14d742946b5f48b56bae2afd779f60b2e29,TX,48377,2,2022-11-09T01:00:00.000Z,FIPSCode,48377,0,2022-11-11T15:17:18.192Z,8,98.98,8,100,62962,1025,61.97,62492,550,33.25,63492,79,4.78,1671,99,1654,4047,8,8
1668180368,2022-11-11 09:26:08 -0600,b99f4e575b99a24ea8c64954918d3b332c6e6ca2,TX,48377,2,2022-11-09T01:00:00.000Z,FIPSCode,48377,0,2022-11-11T15:25:17.743Z,8,98.98,8,100,62962,1025,61.97,62492,550,33.25,63492,79,4.78,1671,99,1654,4047,8,8
1668180409,2022-11-11 09:26:49 -0600,a5b5680c8306701ea886715ef22069b51d380719,TX,48377,2,2022-11-09T01:00:00.000Z,FIPSCode,48377,0,2022-11-11T15:26:18.524Z,8,98.98,8,100,62962,1025,61.97,62492,550,33.25,63492,79,4.78,1671,99,1654,4047,8,8
1668180492,2022-11-11 09:28:12 -0600,06a5fd7d70e8b14eaf18cfedb6aa825af95c487b,TX,48377,2,2022-11-09T01:00:00.000Z,FIPSCode,48377,0,2022-11-11T15:26:18.524Z,8,98.98,8,100,62962,1025,61.97,62492,550,33.25,63492,79,4.78,1671,99,1654,4047,8,8
1668180532,2022-11-11 09:28:52 -0600,b88f9cbec549a2831ecbf094ca4ad547397fdb37,TX,48377,2,2022-11-09T01:00:00.000Z,FIPSCode,48377,0,2022-11-11T15:27:59.935Z,8,98.98,8,100,62962,1025,61.97,62492,550,33.25,63492,79,4.78,1671,99,1654,4047,8,8
1668180573,2022-11-11 09:29:33 -0600,3ca703f3fd9b3e2114cdda661cc5b89bf58ed86e,TX,48377,2,2022-11-09T01:00:00.000Z,FIPSCode,48377,0,2022-11-11T15:27:59.935Z,8,98.98,8,100,62962,1025,61.97,62492,550,33.25,63492,79,4.78,1671,99,1654,4047,8,8
1668180656,2022-11-11 09:30:56 -0600,4cc2cca6f1774fc8120aa625d40e1dcd81d64bf9,TX,48377,2,2022-11-09T01:00:00.000Z,FIPSCode,48377,0,2022-11-11T15:27:59.935Z,8,98.98,8,100,62962,1025,61.97,62492,550,33.25,63492,79,4.78,1671,99,1654,4047,8,8
1668180738,2022-11-11 09:32:18 -0600,2815304b3ec4775deba868c1d0b3dccddea6ee03,TX,48377,2,2022-11-09T01:00:00.000Z,FIPSCode,48377,0,2022-11-11T15:27:59.935Z,8,98.98,8,100,62962,1025,61.97,62492,550,33.25,63492,79,4.78,1671,99,1654,4047,8,8
1668180782,2022-11-11 09:33:02 -0600,4a096e115705f19399cbdf58d73ef0d04699cfaa,TX,48377,2,2022-11-09T01:00:00.000Z,FIPSCode,48377,0,2022-11-11T15:27:59.935Z,8,98.98,8,100,62962,1025,61.97,62492,550,33.25,63492,79,4.78,1671,99,1654,4047,8,8
1668180823,2022-11-11 09:33:43 -0600,ffdc566f0e4363ffe64e172fe1bd00c22340ee07,TX,48377,2,2022-11-09T01:00:00.000Z,FIPSCode,48377,0,2022-11-11T15:27:59.935Z,8,98.98,8,100,62962,1025,61.97,62492,550,33.25,63492,79,4.78,1671,99,1654,4047,8,8
1668180863,2022-11-11 09:34:23 -0600,c7da835cd3d38210a82df4640a250364a01fba30,TX,48377,2,2022-11-09T01:00:00.000Z,FIPSCode,48377,0,2022-11-11T15:27:59.935Z,8,98.98,8,100,62962,1025,61.97,62492,550,33.25,63492,79,4.78,1671,99,1654,4047,8,8
1668180945,2022-11-11 09:35:45 -0600,b1a5b2fa3eb8acbca8c61eb80ece88b5f3270c00,TX,48377,2,2022-11-09T01:00:00.000Z,FIPSCode,48377,0,2022-11-11T15:27:59.935Z,8,98.98,8,100,62962,1025,61.97,62492,550,33.25,63492,79,4.78,1671,99,1654,4047,8,8
1668181110,2022-11-11 09:38:30 -0600,3eccd01e4ac282881df3f4026c01b21f02d4f4cc,TX,48377,2,2022-11-09T01:00:00.000Z,FIPSCode,48377,0,2022-11-11T15:38:01.470Z,8,98.98,8,100,62962,1025,61.97,62492,550,33.25,63492,79,4.78,1671,99,1654,4047,8,8
1668181153,2022-11-11 09:39:13 -0600,0ec9ea4214357e26798c091280c75905933a299b,TX,48377,2,2022-11-09T01:00:00.000Z,FIPSCode,48377,0,2022-11-11T15:38:38.802Z,8,98.98,8,100,62962,1025,61.97,62492,550,33.25,63492,79,4.78,1671,99,1654,4047,8,8
1668181195,2022-11-11 09:39:55 -0600,69ee763cefb8063ab19b480e468a7fc03260b4a4,TX,48377,2,2022-11-09T01:00:00.000Z,FIPSCode,48377,0,2022-11-11T15:39:19.525Z,8,98.98,8,100,62962,1025,61.97,62492,550,33.25,63492,79,4.78,1671,99,1654,4047,8,8
1668181277,2022-11-11 09:41:17 -0600,7a71a5e740df68233ea8f2dda05484eb1e5e6cb0,TX,48377,2,2022-11-09T01:00:00.000Z,FIPSCode,48377,0,2022-11-11T15:39:19.525Z,8,98.98,8,100,62962,1025,61.97,62492,550,33.25,63492,79,4.78,1671,99,1654,4047,8,8
1668181318,2022-11-11 09:41:58 -0600,ba03c2cb6faedb76767c1bdbb3e12f20bd2ddb01,TX,48377,2,2022-11-09T01:00:00.000Z,FIPSCode,48377,0,2022-11-11T15:39:19.525Z,8,98.98,8,100,62962,1025,61.97,62492,550,33.25,63492,79,4.78,1671,99,1654,4047,8,8
1668181360,2022-11-11 09:42:40 -0600,ef161b894b500d39c06bee4d864cd4ef79b9bb43,TX,48377,2,2022-11-09T01:00:00.000Z,FIPSCode,48377,0,2022-11-11T15:39:19.525Z,8,98.98,8,100,62962,1025,61.97,62492,550,33.25,63492,79,4.78,1671,99,1654,4047,8,8
1668181402,2022-11-11 09:43:22 -0600,48fee573aa49aa189737a9e90c30e664e85f11f7,TX,48377,2,2022-11-09T01:00:00.000Z,FIPSCode,48377,0,2022-11-11T15:39:19.525Z,8,98.98,8,100,62962,1025,61.97,62492,550,33.25,63492,79,4.78,1671,99,1654,4047,8,8
1668181444,2022-11-11 09:44:04 -0600,0e87d6d9837fdb245461dc6871697b803f795172,TX,48377,2,2022-11-09T01:00:00.000Z,FIPSCode,48377,0,2022-11-11T15:39:19.525Z,8,98.98,8,100,62962,1025,61.97,62492,550,33.25,63492,79,4.78,1671,99,1654,4047,8,8
1668181485,2022-11-11 09:44:45 -0600,470aaa9e8c3a6d6dd1e97a2c15e3d5e3c74f1cc5,TX,48377,2,2022-11-09T01:00:00.000Z,FIPSCode,48377,0,2022-11-11T15:44:18.487Z,8,98.98,8,100,62962,1025,61.97,62492,550,33.25,63492,79,4.78,1671,99,1654,4047,8,8
1668181527,2022-11-11 09:45:27 -0600,c95d1ad74de38d8311c3090f31ce48b45e922ddc,TX,48377,2,2022-11-09T01:00:00.000Z,FIPSCode,48377,0,2022-11-11T15:44:18.487Z,8,98.98,8,100,62962,1025,61.97,62492,550,33.25,63492,79,4.78,1671,99,1654,4047,8,8
1668181568,2022-11-11 09:46:08 -0600,67cec2b6ab21855d68126d1720683f5340e83cad,TX,48377,2,2022-11-09T01:00:00.000Z,FIPSCode,48377,0,2022-11-11T15:44:18.487Z,8,98.98,8,100,62962,1025,61.97,62492,550,33.25,63492,79,4.78,1671,99,1654,4047,8,8
1668181610,2022-11-11 09:46:50 -0600,2d31fa69d869c93e62526aa1d95325475e9bc878,TX,48377,2,2022-11-09T01:00:00.000Z,FIPSCode,48377,0,2022-11-11T15:44:18.487Z,8,98.98,8,100,62962,1025,61.97,62492,550,33.25,63492,79,4.78,1671,99,1654,4047,8,8
1668181653,2022-11-11 09:47:33 -0600,3528e8470cb4ea188519b1c33bf31e6dfb6b8dcc,TX,48377,2,2022-11-09T01:00:00.000Z,FIPSCode,48377,0,2022-11-11T15:47:03.432Z,8,98.98,8,100,62962,1025,61.97,62492,550,33.25,63492,79,4.78,1671,99,1654,4047,8,8
1668181694,2022-11-11 09:48:14 -0600,80c06d2b9ec6a417791c2b2fc3a93425dac1214f,TX,48377,2,2022-11-09T01:00:00.000Z,FIPSCode,48377,0,2022-11-11T15:47:03.432Z,8,98.98,8,100,62962,1025,61.97,62492,550,33.25,63492,79,4.78,1671,99,1654,4047,8,8
1668181735,2022-11-11 09:48:55 -0600,7043feb8f4d928bd0ce6176f2dd3e9b511434e4b,TX,48377,2,2022-11-09T01:00:00.000Z,FIPSCode,48377,0,2022-11-11T15:47:03.432Z,8,98.98,8,100,62962,1025,61.97,62492,550,33.25,63492,79,4.78,1671,99,1654,4047,8,8
1668181777,2022-11-11 09:49:37 -0600,303a16ef0f8374d85b50c223cdb3a89b5b1c8193,TX,48377,2,2022-11-09T01:00:00.000Z,FIPSCode,48377,0,2022-11-11T15:47:03.432Z,8,98.98,8,100,62962,1025,61.97,62492,550,33.25,63492,79,4.78,1671,99,1654,4047,8,8
1668181818,2022-11-11 09:50:18 -0600,27f076226f992daceeaa13e49082bb343988f0e8,TX,48377,2,2022-11-09T01:00:00.000Z,FIPSCode,48377,0,2022-11-11T15:47:03.432Z,8,98.98,8,100,62962,1025,61.97,62492,550,33.25,63492,79,4.78,1671,99,1654,4047,8,8
1668181859,2022-11-11 09:50:59 -0600,0857419ae2b4c640985d9bf49b08f4d37244c7b4,TX,48377,2,2022-11-09T01:00:00.000Z,FIPSCode,48377,0,2022-11-11T15:47:03.432Z,8,98.98,8,100,62962,1025,61.97,62492,550,33.25,63492,79,4.78,1671,99,1654,4047,8,8
1668181902,2022-11-11 09:51:42 -0600,2671955351ad8cb648c05dfa82a588d8b58ffdcb,TX,48377,2,2022-11-09T01:00:00.000Z,FIPSCode,48377,0,2022-11-11T15:47:03.432Z,8,98.98,8,100,62962,1025,61.97,62492,550,33.25,63492,79,4.78,1671,99,1654,4047,8,8
1668181943,2022-11-11 09:52:23 -0600,48ddc68ac03031805a83573ce6bc3b7398847fcf,TX,48377,2,2022-11-09T01:00:00.000Z,FIPSCode,48377,0,2022-11-11T15:47:03.432Z,8,98.98,8,100,62962,1025,61.97,62492,550,33.25,63492,79,4.78,1671,99,1654,4047,8,8
1668181984,2022-11-11 09:53:04 -0600,d3372b76d8f336fd9af4fceef63ed3a0ab0d7606,TX,48377,2,2022-11-09T01:00:00.000Z,FIPSCode,48377,0,2022-11-11T15:47:03.432Z,8,98.98,8,100,62962,1025,61.97,62492,550,33.25,63492,79,4.78,1671,99,1654,4047,8,8
1668182025,2022-11-11 09:53:45 -0600,29381ddcb2fa611294688b09121a80ffeeccf8ca,TX,48377,2,2022-11-09T01:00:00.000Z,FIPSCode,48377,0,2022-11-11T15:47:03.432Z,8,98.98,8,100,62962,1025,61.97,62492,550,33.25,63492,79,4.78,1671,99,1654,4047,8,8
1668182065,2022-11-11 09:54:25 -0600,8a868525a4027aada2f0ef2c1edf3cab4866657f,TX,48377,2,2022-11-09T01:00:00.000Z,FIPSCode,48377,0,2022-11-11T15:47:03.432Z,8,98.98,8,100,62962,1025,61.97,62492,550,33.25,63492,79,4.78,1671,99,1654,4047,8,8
1668182107,2022-11-11 09:55:07 -0600,ad19d0c24734475db461dd1e9c7369f51b6d28e0,TX,48377,2,2022-11-09T01:00:00.000Z,FIPSCode,48377,0,2022-11-11T15:47:03.432Z,8,98.98,8,100,62962,1025,61.97,62492,550,33.25,63492,79,4.78,1671,99,1654,4047,8,8
1668182147,2022-11-11 09:55:47 -0600,b0d280ad0e3c19041a1fbf8b58c6e5a8d599e0d1,TX,48377,2,2022-11-09T01:00:00.000Z,FIPSCode,48377,0,2022-11-11T15:47:03.432Z,8,98.98,8,100,62962,1025,61.97,62492,550,33.25,63492,79,4.78,1671,99,1654,4047,8,8
1668182189,2022-11-11 09:56:29 -0600,f0ed422a5f3dbd4472799c378cab6cc754b89486,TX,48377,2,2022-11-09T01:00:00.000Z,FIPSCode,48377,0,2022-11-11T15:47:03.432Z,8,98.98,8,100,62962,1025,61.97,62492,550,33.25,63492,79,4.78,1671,99,1654,4047,8,8
1668182272,2022-11-11 09:57:52 -0600,261ca8c9157c78be84ebe5540d6762f3a0c8cc97,TX,48377,2,2022-11-09T01:00:00.000Z,FIPSCode,48377,0,2022-11-11T15:47:03.432Z,8,98.98,8,100,62962,1025,61.97,62492,550,33.25,63492,79,4.78,1671,99,1654,4047,8,8
1668182315,2022-11-11 09:58:35 -0600,e65c2b148db54691591dd91f165eb85030c11048,TX,48377,2,2022-11-09T01:00:00.000Z,FIPSCode,48377,0,2022-11-11T15:47:03.432Z,8,98.98,8,100,62962,1025,61.97,62492,550,33.25,63492,79,4.78,1671,99,1654,4047,8,8
1668182355,2022-11-11 09:59:15 -0600,2ecb89a8be3d5cfde7041ffb813d33630f8077de,TX,48377,2,2022-11-09T01:00:00.000Z,FIPSCode,48377,0,2022-11-11T15:47:03.432Z,8,98.98,8,100,62962,1025,61.97,62492,550,33.25,63492,79,4.78,1671,99,1654,4047,8,8
1668182396,2022-11-11 09:59:56 -0600,0032f3df5403176190aef5fe46a719cf98c5f03a,TX,48377,2,2022-11-09T01:00:00.000Z,FIPSCode,48377,0,2022-11-11T15:59:39.260Z,8,98.98,8,100,62962,1025,61.97,62492,550,33.25,63492,79,4.78,1671,99,1654,4047,8,8
1668182438,2022-11-11 10:00:38 -0600,156aa259f7755d5a635c314a5ee5d709d5dd339d,TX,48377,2,2022-11-09T01:00:00.000Z,FIPSCode,48377,0,2022-11-11T16:00:19.861Z,8,98.98,8,100,62962,1025,61.97,62492,550,33.25,63492,79,4.78,1671,99,1654,4047,8,8
1668182480,2022-11-11 10:01:20 -0600,33209325a63f96d5dfdbffb17591f937230dd20d,TX,48377,2,2022-11-09T01:00:00.000Z,FIPSCode,48377,0,2022-11-11T16:00:19.861Z,8,98.98,8,100,62962,1025,61.97,62492,550,33.25,63492,79,4.78,1671,99,1654,4047,8,8
1668182522,2022-11-11 10:02:02 -0600,1195dfe9a7c2870853cdaf816d25c0535d383812,TX,48377,2,2022-11-09T01:00:00.000Z,FIPSCode,48377,0,2022-11-11T16:01:41.886Z,8,98.98,8,100,62962,1025,61.97,62492,550,33.25,63492,79,4.78,1671,99,1654,4047,8,8
1668182563,2022-11-11 10:02:43 -0600,e5dab5442efd954b4bd7b7830875faa7241021b0,TX,48377,2,2022-11-09T01:00:00.000Z,FIPSCode,48377,0,2022-11-11T16:01:41.886Z,8,98.98,8,100,62962,1025,61.97,62492,550,33.25,63492,79,4.78,1671,99,1654,4047,8,8
1668182604,2022-11-11 10:03:24 -0600,c1d69b77d6aaedf6da323073eb14d271f5e519e1,TX,48377,2,2022-11-09T01:00:00.000Z,FIPSCode,48377,0,2022-11-11T16:01:41.886Z,8,98.98,8,100,62962,1025,61.97,62492,550,33.25,63492,79,4.78,1671,99,1654,4047,8,8
1668182646,2022-11-11 10:04:06 -0600,88e19ba73a40577842d4b11ed4169485a1b314aa,TX,48377,2,2022-11-09T01:00:00.000Z,FIPSCode,48377,0,2022-11-11T16:01:41.886Z,8,98.98,8,100,62962,1025,61.97,62492,550,33.25,63492,79,4.78,1671,99,1654,4047,8,8
1668182687,2022-11-11 10:04:47 -0600,139f970129b406824266bd371b4360c6737e3aed,TX,48377,2,2022-11-09T01:00:00.000Z,FIPSCode,48377,0,2022-11-11T16:01:41.886Z,8,98.98,8,100,62962,1025,61.97,62492,550,33.25,63492,79,4.78,1671,99,1654,4047,8,8
1668182729,2022-11-11 10:05:29 -0600,a756eb61f1bfc9eec44ff4fe68b6669a7e00cfdc,TX,48377,2,2022-11-09T01:00:00.000Z,FIPSCode,48377,0,2022-11-11T16:01:41.886Z,8,98.98,8,100,62962,1025,61.97,62492,550,33.25,63492,79,4.78,1671,99,1654,4047,8,8
1668182771,2022-11-11 10:06:11 -0600,f65b52ab6ab7a1b0ea2bd2cd32eea12d60f79218,TX,48377,2,2022-11-09T01:00:00.000Z,FIPSCode,48377,0,2022-11-11T16:01:41.886Z,8,98.98,8,100,62962,1025,61.97,62492,550,33.25,63492,79,4.78,1671,99,1654,4047,8,8
1668182812,2022-11-11 10:06:52 -0600,ce21390aa977ff8e9ccee0ebd5e63a02e4069afd,TX,48377,2,2022-11-09T01:00:00.000Z,FIPSCode,48377,0,2022-11-11T16:01:41.886Z,8,98.98,8,100,62962,1025,61.97,62492,550,33.25,63492,79,4.78,1671,99,1654,4047,8,8
1668182853,2022-11-11 10:07:33 -0600,addb0ecbd1ba4ffe0e54f40b1d424ee743548479,TX,48377,2,2022-11-09T01:00:00.000Z,FIPSCode,48377,0,2022-11-11T16:01:41.886Z,8,98.98,8,100,62962,1025,61.97,62492,550,33.25,63492,79,4.78,1671,99,1654,4047,8,8
1668182894,2022-11-11 10:08:14 -0600,6084cad39e02e846a559e87c0d1b1dbd3365a4f9,TX,48377,2,2022-11-09T01:00:00.000Z,FIPSCode,48377,0,2022-11-11T16:07:45.847Z,8,98.98,8,100,62962,1025,61.97,62492,550,33.25,63492,79,4.78,1671,99,1654,4047,8,8
1668182935,2022-11-11 10:08:55 -0600,f5d5b62c3c944a72130f6d6d92e990d069ca92a3,TX,48377,2,2022-11-09T01:00:00.000Z,FIPSCode,48377,0,2022-11-11T16:07:45.847Z,8,98.98,8,100,62962,1025,61.97,62492,550,33.25,63492,79,4.78,1671,99,1654,4047,8,8
1668182976,2022-11-11 10:09:36 -0600,f744460d50c2fe00d219861492c8be311c57993d,TX,48377,2,2022-11-09T01:00:00.000Z,FIPSCode,48377,0,2022-11-11T16:07:45.847Z,8,98.98,8,100,62962,1025,61.97,62492,550,33.25,63492,79,4.78,1671,99,1654,4047,8,8
1668183017,2022-11-11 10:10:17 -0600,c89901d70244e444030fe4e4c669cb293dcdfe75,TX,48377,2,2022-11-09T01:00:00.000Z,FIPSCode,48377,0,2022-11-11T16:09:55.836Z,8,98.98,8,100,62962,1025,61.97,62492,550,33.25,63492,79,4.78,1671,99,1654,4047,8,8
1668183058,2022-11-11 10:10:58 -0600,2626d883d46c48e2bf2dd6fbe9980a3a0ac7a98b,TX,48377,2,2022-11-09T01:00:00.000Z,FIPSCode,48377,0,2022-11-11T16:10:21.049Z,8,98.98,8,100,62962,1025,61.97,62492,550,33.25,63492,79,4.78,1671,99,1654,4047,8,8
1668183099,2022-11-11 10:11:39 -0600,327bb72e5767051251f46a442553c093487271d4,TX,48377,2,2022-11-09T01:00:00.000Z,FIPSCode,48377,0,2022-11-11T16:10:21.049Z,8,98.98,8,100,62962,1025,61.97,62492,550,33.25,63492,79,4.78,1671,99,1654,4047,8,8
1668183142,2022-11-11 10:12:22 -0600,4f2c6dbe6b6285973a051e50ea1fe8eb63bcc921,TX,48377,2,2022-11-09T01:00:00.000Z,FIPSCode,48377,0,2022-11-11T16:10:21.049Z,8,98.98,8,100,62962,1025,61.97,62492,550,33.25,63492,79,4.78,1671,99,1654,4047,8,8
1668183184,2022-11-11 10:13:04 -0600,67548459607f883ae93427a196cd78487cc5c6bb,TX,48377,2,2022-11-09T01:00:00.000Z,FIPSCode,48377,0,2022-11-11T16:10:21.049Z,8,98.98,8,100,62962,1025,61.97,62492,550,33.25,63492,79,4.78,1671,99,1654,4047,8,8
1668183227,2022-11-11 10:13:47 -0600,86d49d43e324ec1d8e7a56b0c96159b4eb59ea23,TX,48377,2,2022-11-09T01:00:00.000Z,FIPSCode,48377,0,2022-11-11T16:10:21.049Z,8,98.98,8,100,62962,1025,61.97,62492,550,33.25,63492,79,4.78,1671,99,1654,4047,8,8
1668183268,2022-11-11 10:14:28 -0600,3babac0a3f90aa21ae949f9a9ef189bd3d37f9c1,TX,48377,2,2022-11-09T01:00:00.000Z,FIPSCode,48377,0,2022-11-11T16:10:21.049Z,8,98.98,8,100,62962,1025,61.97,62492,550,33.25,63492,79,4.78,1671,99,1654,4047,8,8
1668183309,2022-11-11 10:15:09 -0600,14a8aab15299aabc7ca897def37fb294d73221f2,TX,48377,2,2022-11-09T01:00:00.000Z,FIPSCode,48377,0,2022-11-11T16:10:21.049Z,8,98.98,8,100,62962,1025,61.97,62492,550,33.25,63492,79,4.78,1671,99,1654,4047,8,8
1668183352,2022-11-11 10:15:52 -0600,a2d8a11e3123c236f36f07b7b9fd7472f9dd28cd,TX,48377,2,2022-11-09T01:00:00.000Z,FIPSCode,48377,0,2022-11-11T16:10:21.049Z,8,98.98,8,100,62962,1025,61.97,62492,550,33.25,63492,79,4.78,1671,99,1654,4047,8,8
1668183393,2022-11-11 10:16:33 -0600,9c59ec95506dcf948602e9b811b995c3949cb1f3,TX,48377,2,2022-11-09T01:00:00.000Z,FIPSCode,48377,0,2022-11-11T16:10:21.049Z,8,98.98,8,100,62962,1025,61.97,62492,550,33.25,63492,79,4.78,1671,99,1654,4047,8,8
1668183436,2022-11-11 10:17:16 -0600,82cc4ca6d85f78dfda33d672407a716a60e7255b,TX,48377,2,2022-11-09T01:00:00.000Z,FIPSCode,48377,0,2022-11-11T16:10:21.049Z,8,98.98,8,100,62962,1025,61.97,62492,550,33.25,63492,79,4.78,1671,99,1654,4047,8,8
1668183478,2022-11-11 10:17:58 -0600,07a10653594a63ca2ed704c7dbe36098659bbd70,TX,48377,2,2022-11-09T01:00:00.000Z,FIPSCode,48377,0,2022-11-11T16:10:21.049Z,8,98.98,8,100,62962,1025,61.97,62492,550,33.25,63492,79,4.78,1671,99,1654,4047,8,8
1668183518,2022-11-11 10:18:38 -0600,5a0fb0f8df4b1143daef314d9f887280515d63b8,TX,48377,2,2022-11-09T01:00:00.000Z,FIPSCode,48377,0,2022-11-11T16:10:21.049Z,8,98.98,8,100,62962,1025,61.97,62492,550,33.25,63492,79,4.78,1671,99,1654,4047,8,8
1668183560,2022-11-11 10:19:20 -0600,1663057a622df8c74b7b870a7fa5374d1df33338,TX,48377,2,2022-11-09T01:00:00.000Z,FIPSCode,48377,0,2022-11-11T16:10:21.049Z,8,98.98,8,100,62962,1025,61.97,62492,550,33.25,63492,79,4.78,1671,99,1654,4047,8,8
1668183601,2022-11-11 10:20:01 -0600,8be5254bf46598509eb87b8902815463a4a9ac1a,TX,48377,2,2022-11-09T01:00:00.000Z,FIPSCode,48377,0,2022-11-11T16:10:21.049Z,8,98.98,8,100,62962,1025,61.97,62492,550,33.25,63492,79,4.78,1671,99,1654,4047,8,8
1668183684,2022-11-11 10:21:24 -0600,860293752e57a85502432b54029bf61909bf0262,TX,48377,2,2022-11-09T01:00:00.000Z,FIPSCode,48377,0,2022-11-11T16:10:21.049Z,8,98.98,8,100,62962,1025,61.97,62492,550,33.25,63492,79,4.78,1671,99,1654,4047,8,8
1668183726,2022-11-11 10:22:06 -0600,c554c92d26e441014cd475c18b93cf98e6f819be,TX,48377,2,2022-11-09T01:00:00.000Z,FIPSCode,48377,0,2022-11-11T16:10:21.049Z,8,98.98,8,100,62962,1025,61.97,62492,550,33.25,63492,79,4.78,1671,99,1654,4047,8,8
1668183767,2022-11-11 10:22:47 -0600,4c5ba08c3c1b222a9d976a04c14fa0a97c0fbf76,TX,48377,2,2022-11-09T01:00:00.000Z,FIPSCode,48377,0,2022-11-11T16:10:21.049Z,8,98.98,8,100,62962,1025,61.97,62492,550,33.25,63492,79,4.78,1671,99,1654,4047,8,8
1668183808,2022-11-11 10:23:28 -0600,2c91f7e3185d6684fc0b63e8f3bdc504162b953f,TX,48377,2,2022-11-09T01:00:00.000Z,FIPSCode,48377,0,2022-11-11T16:10:21.049Z,8,98.98,8,100,62962,1025,61.97,62492,550,33.25,63492,79,4.78,1671,99,1654,4047,8,8
1668183850,2022-11-11 10:24:10 -0600,e78deb3d60671ee6b24b26528bbafc687c08e9f3,TX,48377,2,2022-11-09T01:00:00.000Z,FIPSCode,48377,0,2022-11-11T16:23:21.321Z,8,98.98,8,100,62962,1025,61.97,62492,550,33.25,63492,79,4.78,1671,99,1654,4047,8,8
1668183893,2022-11-11 10:24:53 -0600,c667624b752a49acdf6735835db397aae5259293,TX,48377,2,2022-11-09T01:00:00.000Z,FIPSCode,48377,0,2022-11-11T16:23:21.321Z,8,98.98,8,100,62962,1025,61.97,62492,550,33.25,63492,79,4.78,1671,99,1654,4047,8,8
1668183934,2022-11-11 10:25:34 -0600,64f20aa7754cb53d308f76d7945d0da387f7abd1,TX,48377,2,2022-11-09T01:00:00.000Z,FIPSCode,48377,0,2022-11-11T16:24:38.791Z,8,98.98,8,100,62962,1025,61.97,62492,550,33.25,63492,79,4.78,1671,99,1654,4047,8,8
1668183974,2022-11-11 10:26:14 -0600,d1b095ee5e2c514194311462d8b4513f75c21498,TX,48377,2,2022-11-09T01:00:00.000Z,FIPSCode,48377,0,2022-11-11T16:25:37.524Z,8,98.98,8,100,62962,1025,61.97,62492,550,33.25,63492,79,4.78,1671,99,1654,4047,8,8
1668184014,2022-11-11 10:26:54 -0600,e4969cb9edcab698b73b423e884c40dd56c13fd1,TX,48377,2,2022-11-09T01:00:00.000Z,FIPSCode,48377,0,2022-11-11T16:25:37.524Z,8,98.98,8,100,62962,1025,61.97,62492,550,33.25,63492,79,4.78,1671,99,1654,4047,8,8
1668184095,2022-11-11 10:28:15 -0600,2ebd100a74cc748f9de114dd7e9ff221d25a4dca,TX,48377,2,2022-11-09T01:00:00.000Z,FIPSCode,48377,0,2022-11-11T16:25:37.524Z,8,98.98,8,100,62962,1025,61.97,62492,550,33.25,63492,79,4.78,1671,99,1654,4047,8,8
1668184135,2022-11-11 10:28:55 -0600,19e8e1555a9c45dc1c9c0a6e970d881d317a39b3,TX,48377,2,2022-11-09T01:00:00.000Z,FIPSCode,48377,0,2022-11-11T16:25:37.524Z,8,98.98,8,100,62962,1025,61.97,62492,550,33.25,63492,79,4.78,1671,99,1654,4047,8,8
1668184177,2022-11-11 10:29:37 -0600,6a249dfd0d029f5da6665c4843d05a9e6c2480a4,TX,48377,2,2022-11-09T01:00:00.000Z,FIPSCode,48377,0,2022-11-11T16:25:37.524Z,8,98.98,8,100,62962,1025,61.97,62492,550,33.25,63492,79,4.78,1671,99,1654,4047,8,8
1668184218,2022-11-11 10:30:18 -0600,4c08f62857281c09e5a11f26938019644aafbf30,TX,48377,2,2022-11-09T01:00:00.000Z,FIPSCode,48377,0,2022-11-11T16:29:43.110Z,8,98.98,8,100,62962,1025,61.97,62492,550,33.25,63492,79,4.78,1671,99,1654,4047,8,8
1668184259,2022-11-11 10:30:59 -0600,1f54711e518ad9b6b167e25b3da9311206948e1a,TX,48377,2,2022-11-09T01:00:00.000Z,FIPSCode,48377,0,2022-11-11T16:30:19.899Z,8,98.98,8,100,62962,1025,61.97,62492,550,33.25,63492,79,4.78,1671,99,1654,4047,8,8
1668184341,2022-11-11 10:32:21 -0600,a1da1056a6cf20e9fa19b1ce39f093b68a634927,TX,48377,2,2022-11-09T01:00:00.000Z,FIPSCode,48377,0,2022-11-11T16:31:19.365Z,8,98.98,8,100,62962,1025,61.97,62492,550,33.25,63492,79,4.78,1671,99,1654,4047,8,8
1668184383,2022-11-11 10:33:03 -0600,c22843dac059dfa9dee94abee48d8dadd227d1c2,TX,48377,2,2022-11-09T01:00:00.000Z,FIPSCode,48377,0,2022-11-11T16:31:19.365Z,8,98.98,8,100,62962,1025,61.97,62492,550,33.25,63492,79,4.78,1671,99,1654,4047,8,8
1668184423,2022-11-11 10:33:43 -0600,0ed8ec1ff175398053045e86b35836ed8dddd412,TX,48377,2,2022-11-09T01:00:00.000Z,FIPSCode,48377,0,2022-11-11T16:31:19.365Z,8,98.98,8,100,62962,1025,61.97,62492,550,33.25,63492,79,4.78,1671,99,1654,4047,8,8
1668184465,2022-11-11 10:34:25 -0600,5f5c1cbb1120ddf77040ad4e7f52f32a768369a4,TX,48377,2,2022-11-09T01:00:00.000Z,FIPSCode,48377,0,2022-11-11T16:31:19.365Z,8,98.98,8,100,62962,1025,61.97,62492,550,33.25,63492,79,4.78,1671,99,1654,4047,8,8
1668184505,2022-11-11 10:35:05 -0600,80fa8051067f89034a46f5f0cad63c4d11dc133f,TX,48377,2,2022-11-09T01:00:00.000Z,FIPSCode,48377,0,2022-11-11T16:31:19.365Z,8,98.98,8,100,62962,1025,61.97,62492,550,33.25,63492,79,4.78,1671,99,1654,4047,8,8
1668184547,2022-11-11 10:35:47 -0600,39016b65b8c8d2cda3df256400ffa40078844b79,TX,48377,2,2022-11-09T01:00:00.000Z,FIPSCode,48377,0,2022-11-11T16:31:19.365Z,8,98.98,8,100,62962,1025,61.97,62492,550,33.25,63492,79,4.78,1671,99,1654,4047,8,8
1668184587,2022-11-11 10:36:27 -0600,35219587bc59a715cf36b1f491d60c45c7008510,TX,48377,2,2022-11-09T01:00:00.000Z,FIPSCode,48377,0,2022-11-11T16:31:19.365Z,8,98.98,8,100,62962,1025,61.97,62492,550,33.25,63492,79,4.78,1671,99,1654,4047,8,8
1668184629,2022-11-11 10:37:09 -0600,9b8295d8b3e61293cd5de14044ce611a342286f3,TX,48377,2,2022-11-09T01:00:00.000Z,FIPSCode,48377,0,2022-11-11T16:31:19.365Z,8,98.98,8,100,62962,1025,61.97,62492,550,33.25,63492,79,4.78,1671,99,1654,4047,8,8
1668184670,2022-11-11 10:37:50 -0600,a83fd539522b7e2c5c5e6d83c4cafca3ba9d3d3c,TX,48377,2,2022-11-09T01:00:00.000Z,FIPSCode,48377,0,2022-11-11T16:31:19.365Z,8,98.98,8,100,62962,1025,61.97,62492,550,33.25,63492,79,4.78,1671,99,1654,4047,8,8
1668184712,2022-11-11 10:38:32 -0600,03685041bb63e36bbfe7dd9e8c78bd954f166523,TX,48377,2,2022-11-09T01:00:00.000Z,FIPSCode,48377,0,2022-11-11T16:31:19.365Z,8,98.98,8,100,62962,1025,61.97,62492,550,33.25,63492,79,4.78,1671,99,1654,4047,8,8
1668184752,2022-11-11 10:39:12 -0600,5a085593ec5a327b5369e55b6c29130697650dac,TX,48377,2,2022-11-09T01:00:00.000Z,FIPSCode,48377,0,2022-11-11T16:31:19.365Z,8,98.98,8,100,62962,1025,61.97,62492,550,33.25,63492,79,4.78,1671,99,1654,4047,8,8
1668184794,2022-11-11 10:39:54 -0600,cd78833b512a4a0a3705b1bd3abe929847fa0df6,TX,48377,2,2022-11-09T01:00:00.000Z,FIPSCode,48377,0,2022-11-11T16:31:19.365Z,8,98.98,8,100,62962,1025,61.97,62492,550,33.25,63492,79,4.78,1671,99,1654,4047,8,8
1668184835,2022-11-11 10:40:35 -0600,4ec3803a8a9092fff3fa7173170f660c803cff43,TX,48377,2,2022-11-09T01:00:00.000Z,FIPSCode,48377,0,2022-11-11T16:31:19.365Z,8,98.98,8,100,62962,1025,61.97,62492,550,33.25,63492,79,4.78,1671,99,1654,4047,8,8
1668184875,2022-11-11 10:41:15 -0600,93f6933d90bf63d8794c109d4cb0f466c6fd1755,TX,48377,2,2022-11-09T01:00:00.000Z,FIPSCode,48377,0,2022-11-11T16:31:19.365Z,8,98.98,8,100,62962,1025,61.97,62492,550,33.25,63492,79,4.78,1671,99,1654,4047,8,8
1668184917,2022-11-11 10:41:57 -0600,a87e487687ee012b01db44c5bb053a16f7e3be93,TX,48377,2,2022-11-09T01:00:00.000Z,FIPSCode,48377,0,2022-11-11T16:31:19.365Z,8,98.98,8,100,62962,1025,61.97,62492,550,33.25,63492,79,4.78,1671,99,1654,4047,8,8
1668184958,2022-11-11 10:42:38 -0600,88b8b093e0e975dfbcc70188261e29b584a8bd9c,TX,48377,2,2022-11-09T01:00:00.000Z,FIPSCode,48377,0,2022-11-11T16:31:19.365Z,8,98.98,8,100,62962,1025,61.97,62492,550,33.25,63492,79,4.78,1671,99,1654,4047,8,8
1668185000,2022-11-11 10:43:20 -0600,3373defbcb9b7deda6a06c7e11c62d2cd56f14ce,TX,48377,2,2022-11-09T01:00:00.000Z,FIPSCode,48377,0,2022-11-11T16:31:19.365Z,8,98.98,8,100,62962,1025,61.97,62492,550,33.25,63492,79,4.78,1671,99,1654,4047,8,8
1668185040,2022-11-11 10:44:00 -0600,c25976b2457289d712ffdedea977f2abea1974f2,TX,48377,2,2022-11-09T01:00:00.000Z,FIPSCode,48377,0,2022-11-11T16:31:19.365Z,8,98.98,8,100,62962,1025,61.97,62492,550,33.25,63492,79,4.78,1671,99,1654,4047,8,8
1668185127,2022-11-11 10:45:27 -0600,38056fd57632aa84b6a9ead29413d67097dc2636,TX,48377,2,2022-11-09T01:00:00.000Z,FIPSCode,48377,0,2022-11-11T16:31:19.365Z,8,98.98,8,100,62962,1025,61.97,62492,550,33.25,63492,79,4.78,1671,99,1654,4047,8,8
1668185168,2022-11-11 10:46:08 -0600,bf01c15e2f7567c6413d7b7fe464659df5cfbc7e,TX,48377,2,2022-11-09T01:00:00.000Z,FIPSCode,48377,0,2022-11-11T16:31:19.365Z,8,98.98,8,100,62962,1025,61.97,62492,550,33.25,63492,79,4.78,1671,99,1654,4047,8,8
1668185210,2022-11-11 10:46:50 -0600,8bd949c682fdfd196c58f3529ad786ba854a8ca4,TX,48377,2,2022-11-09T01:00:00.000Z,FIPSCode,48377,0,2022-11-11T16:31:19.365Z,8,98.98,8,100,62962,1025,61.97,62492,550,33.25,63492,79,4.78,1671,99,1654,4047,8,8
1668185251,2022-11-11 10:47:31 -0600,ceeceb93020e190265220debbb4db32b35a6c62e,TX,48377,2,2022-11-09T01:00:00.000Z,FIPSCode,48377,0,2022-11-11T16:31:19.365Z,8,98.98,8,100,62962,1025,61.97,62492,550,33.25,63492,79,4.78,1671,99,1654,4047,8,8
1668185292,2022-11-11 10:48:12 -0600,3465f12c0d4682f0d4afd9f4f0e14904639633ae,TX,48377,2,2022-11-09T01:00:00.000Z,FIPSCode,48377,0,2022-11-11T16:31:19.365Z,8,98.98,8,100,62962,1025,61.97,62492,550,33.25,63492,79,4.78,1671,99,1654,4047,8,8
1668185332,2022-11-11 10:48:52 -0600,f8e297a04c6f8a6f0c2b4dd289caaba71c183fb8,TX,48377,2,2022-11-09T01:00:00.000Z,FIPSCode,48377,0,2022-11-11T16:31:19.365Z,8,98.98,8,100,62962,1025,61.97,62492,550,33.25,63492,79,4.78,1671,99,1654,4047,8,8
1668185374,2022-11-11 10:49:34 -0600,f56b596997ba419fbd50ef2ad12869ee37a5289d,TX,48377,2,2022-11-09T01:00:00.000Z,FIPSCode,48377,0,2022-11-11T16:31:19.365Z,8,98.98,8,100,62962,1025,61.97,62492,550,33.25,63492,79,4.78,1671,99,1654,4047,8,8
1668185414,2022-11-11 10:50:14 -0600,8762ddfb32e0067ebcf7d32197365adb5c8eb0b5,TX,48377,2,2022-11-09T01:00:00.000Z,FIPSCode,48377,0,2022-11-11T16:31:19.365Z,8,98.98,8,100,62962,1025,61.97,62492,550,33.25,63492,79,4.78,1671,99,1654,4047,8,8
1668185460,2022-11-11 10:51:00 -0600,9b7997b24b6ba9308271eac9990659fd89871c22,TX,48377,2,2022-11-09T01:00:00.000Z,FIPSCode,48377,0,2022-11-11T16:31:19.365Z,8,98.98,8,100,62962,1025,61.97,62492,550,33.25,63492,79,4.78,1671,99,1654,4047,8,8
1668185498,2022-11-11 10:51:38 -0600,149b6174213f4fca4280263f8127192336d0a5cf,TX,48377,2,2022-11-09T01:00:00.000Z,FIPSCode,48377,0,2022-11-11T16:31:19.365Z,8,98.98,8,100,62962,1025,61.97,62492,550,33.25,63492,79,4.78,1671,99,1654,4047,8,8
1668185540,2022-11-11 10:52:20 -0600,a161a7523addefda60a6bffb34d573530a0ff34b,TX,48377,2,2022-11-09T01:00:00.000Z,FIPSCode,48377,0,2022-11-11T16:31:19.365Z,8,98.98,8,100,62962,1025,61.97,62492,550,33.25,63492,79,4.78,1671,99,1654,4047,8,8
1668185581,2022-11-11 10:53:01 -0600,504d9009b9dfe3d93b621efdee118cff30b222c9,TX,48377,2,2022-11-09T01:00:00.000Z,FIPSCode,48377,0,2022-11-11T16:31:19.365Z,8,98.98,8,100,62962,1025,61.97,62492,550,33.25,63492,79,4.78,1671,99,1654,4047,8,8
1668185622,2022-11-11 10:53:42 -0600,41bd922927c05d93e2d8a649c139b2bde495cdc3,TX,48377,2,2022-11-09T01:00:00.000Z,FIPSCode,48377,0,2022-11-11T16:31:19.365Z,8,98.98,8,100,62962,1025,61.97,62492,550,33.25,63492,79,4.78,1671,99,1654,4047,8,8
1668185663,2022-11-11 10:54:23 -0600,a6f286b2ee0ad02c2ebb9abd34de5aeadcc7bf34,TX,48377,2,2022-11-09T01:00:00.000Z,FIPSCode,48377,0,2022-11-11T16:31:19.365Z,8,98.98,8,100,62962,1025,61.97,62492,550,33.25,63492,79,4.78,1671,99,1654,4047,8,8
1668185745,2022-11-11 10:55:45 -0600,a61a4aa281fb2f9c795abeada3501ffaddf30b3a,TX,48377,2,2022-11-09T01:00:00.000Z,FIPSCode,48377,0,2022-11-11T16:31:19.365Z,8,98.98,8,100,62962,1025,61.97,62492,550,33.25,63492,79,4.78,1671,99,1654,4047,8,8
1668185786,2022-11-11 10:56:26 -0600,309a9b6cfa136aaa1951debbd9f317cd9c259fbe,TX,48377,2,2022-11-09T01:00:00.000Z,FIPSCode,48377,0,2022-11-11T16:31:19.365Z,8,98.98,8,100,62962,1025,61.97,62492,550,33.25,63492,79,4.78,1671,99,1654,4047,8,8
1668185826,2022-11-11 10:57:06 -0600,a355382f58b298e4392e6e2708c241956cd72069,TX,48377,2,2022-11-09T01:00:00.000Z,FIPSCode,48377,0,2022-11-11T16:31:19.365Z,8,98.98,8,100,62962,1025,61.97,62492,550,33.25,63492,79,4.78,1671,99,1654,4047,8,8
1668185866,2022-11-11 10:57:46 -0600,77105cce395e3bc2a01b03584aa520448914abdf,TX,48377,2,2022-11-09T01:00:00.000Z,FIPSCode,48377,0,2022-11-11T16:31:19.365Z,8,98.98,8,100,62962,1025,61.97,62492,550,33.25,63492,79,4.78,1671,99,1654,4047,8,8
1668185906,2022-11-11 10:58:26 -0600,a202192435b3a0018c889276b9957c79c13b8b10,TX,48377,2,2022-11-09T01:00:00.000Z,FIPSCode,48377,0,2022-11-11T16:58:01.632Z,8,98.98,8,100,62962,1025,61.97,62492,550,33.25,63492,79,4.78,1671,99,1654,4047,8,8
1668185947,2022-11-11 10:59:07 -0600,4116f571faadf35b2f99bfe45ee224ce31327b63,TX,48377,2,2022-11-09T01:00:00.000Z,FIPSCode,48377,0,2022-11-11T16:58:19.561Z,8,98.98,8,100,62962,1025,61.97,62492,550,33.25,63492,79,4.78,1671,99,1654,4047,8,8
1668185987,2022-11-11 10:59:47 -0600,8d1c5b252d97f2d618101472bdb74d86d96d2cca,TX,48377,2,2022-11-09T01:00:00.000Z,FIPSCode,48377,0,2022-11-11T16:59:18.193Z,8,98.98,8,100,62962,1025,61.97,62492,550,33.25,63492,79,4.78,1671,99,1654,4047,8,8
1668186027,2022-11-11 11:00:27 -0600,890c76271e9425514a7dbb3c8003c266cd45b063,TX,48377,2,2022-11-09T01:00:00.000Z,FIPSCode,48377,0,2022-11-11T16:59:18.193Z,8,98.98,8,100,62962,1025,61.97,62492,550,33.25,63492,79,4.78,1671,99,1654,4047,8,8
1668186068,2022-11-11 11:01:08 -0600,4b5d33661f1c880ab04e47d83f629b1eaa9a19d7,TX,48377,2,2022-11-09T01:00:00.000Z,FIPSCode,48377,0,2022-11-11T17:00:20.120Z,8,98.98,8,100,62962,1025,61.97,62492,550,33.25,63492,79,4.78,1671,99,1654,4047,8,8
1668186109,2022-11-11 11:01:49 -0600,d6e8c24b5af38a47d8ff02eb3e35d2b555b73a5e,TX,48377,2,2022-11-09T01:00:00.000Z,FIPSCode,48377,0,2022-11-11T17:00:20.120Z,8,98.98,8,100,62962,1025,61.97,62492,550,33.25,63492,79,4.78,1671,99,1654,4047,8,8
1668186190,2022-11-11 11:03:10 -0600,4c2502a28821b255ec56bf2090cce78fad4110de,TX,48377,2,2022-11-09T01:00:00.000Z,FIPSCode,48377,0,2022-11-11T17:00:20.120Z,8,98.98,8,100,62962,1025,61.97,62492,550,33.25,63492,79,4.78,1671,99,1654,4047,8,8
1668186231,2022-11-11 11:03:51 -0600,5de5e5905586eb3b36b6bd7d2e1af2860078204d,TX,48377,2,2022-11-09T01:00:00.000Z,FIPSCode,48377,0,2022-11-11T17:00:20.120Z,8,98.98,8,100,62962,1025,61.97,62492,550,33.25,63492,79,4.78,1671,99,1654,4047,8,8
1668186271,2022-11-11 11:04:31 -0600,d6ad798b3258b6e4e9c7bf5ae83b01ec9f22ce70,TX,48377,2,2022-11-09T01:00:00.000Z,FIPSCode,48377,0,2022-11-11T17:00:20.120Z,8,98.98,8,100,62962,1025,61.97,62492,550,33.25,63492,79,4.78,1671,99,1654,4047,8,8
1668186352,2022-11-11 11:05:52 -0600,1c922c4c043f8c3e5e9ba1840c810e9179a73751,TX,48377,2,2022-11-09T01:00:00.000Z,FIPSCode,48377,0,2022-11-11T17:00:20.120Z,8,98.98,8,100,62962,1025,61.97,62492,550,33.25,63492,79,4.78,1671,99,1654,4047,8,8
1668186394,2022-11-11 11:06:34 -0600,d1a8d64e1bfe1cee4e8c2eec0af78da8fee7c8b6,TX,48377,2,2022-11-09T01:00:00.000Z,FIPSCode,48377,0,2022-11-11T17:00:20.120Z,8,98.98,8,100,62962,1025,61.97,62492,550,33.25,63492,79,4.78,1671,99,1654,4047,8,8
1668186435,2022-11-11 11:07:15 -0600,909d523074371b08eae946bbfadbbc892936ab7a,TX,48377,2,2022-11-09T01:00:00.000Z,FIPSCode,48377,0,2022-11-11T17:00:20.120Z,8,98.98,8,100,62962,1025,61.97,62492,550,33.25,63492,79,4.78,1671,99,1654,4047,8,8
1668186476,2022-11-11 11:07:56 -0600,4ed7134a27a60408a55ac65e82a883173cf14fa0,TX,48377,2,2022-11-09T01:00:00.000Z,FIPSCode,48377,0,2022-11-11T17:00:20.120Z,8,98.98,8,100,62962,1025,61.97,62492,550,33.25,63492,79,4.78,1671,99,1654,4047,8,8
1668186517,2022-11-11 11:08:37 -0600,0d540c00169017c3ebb2eca48604c01f3fec040f,TX,48377,2,2022-11-09T01:00:00.000Z,FIPSCode,48377,0,2022-11-11T17:00:20.120Z,8,98.98,8,100,62962,1025,61.97,62492,550,33.25,63492,79,4.78,1671,99,1654,4047,8,8
1668186559,2022-11-11 11:09:19 -0600,6257a2e9b5c3c6f879c285fc90b4dcf8f524b4b6,TX,48377,2,2022-11-09T01:00:00.000Z,FIPSCode,48377,0,2022-11-11T17:00:20.120Z,8,98.98,8,100,62962,1025,61.97,62492,550,33.25,63492,79,4.78,1671,99,1654,4047,8,8
1668186600,2022-11-11 11:10:00 -0600,08f4c52efa01b7b5453f92129011eb7419a4fd50,TX,48377,2,2022-11-09T01:00:00.000Z,FIPSCode,48377,0,2022-11-11T17:09:18.201Z,8,98.98,8,100,62962,1025,61.97,62492,550,33.25,63492,79,4.78,1671,99,1654,4047,8,8
1668186643,2022-11-11 11:10:43 -0600,45945fe88929c325107cecaa32b5154342db6413,TX,48377,2,2022-11-09T01:00:00.000Z,FIPSCode,48377,0,2022-11-11T17:10:19.649Z,8,98.98,8,100,62962,1025,61.97,62492,550,33.25,63492,79,4.78,1671,99,1654,4047,8,8
1668186727,2022-11-11 11:12:07 -0600,96afc968814e3ce2f220e49d0861cd19dddcd716,TX,48377,2,2022-11-09T01:00:00.000Z,FIPSCode,48377,0,2022-11-11T17:10:19.649Z,8,98.98,8,100,62962,1025,61.97,62492,550,33.25,63492,79,4.78,1671,99,1654,4047,8,8
1668186769,2022-11-11 11:12:49 -0600,9f289251623381391ae31f0868b55e3b5d420b2b,TX,48377,2,2022-11-09T01:00:00.000Z,FIPSCode,48377,0,2022-11-11T17:12:00.197Z,8,98.98,8,100,62962,1025,61.97,62492,550,33.25,63492,79,4.78,1671,99,1654,4047,8,8
1668186810,2022-11-11 11:13:30 -0600,0bcefcf303e1084c92019e86708413dcb5c6d84c,TX,48377,2,2022-11-09T01:00:00.000Z,FIPSCode,48377,0,2022-11-11T17:12:00.197Z,8,98.98,8,100,62962,1025,61.97,62492,550,33.25,63492,79,4.78,1671,99,1654,4047,8,8
1668186851,2022-11-11 11:14:11 -0600,8fe17913c6bce7d18b97882a0b14ac2473fcac79,TX,48377,2,2022-11-09T01:00:00.000Z,FIPSCode,48377,0,2022-11-11T17:12:00.197Z,8,98.98,8,100,62962,1025,61.97,62492,550,33.25,63492,79,4.78,1671,99,1654,4047,8,8
1668186892,2022-11-11 11:14:52 -0600,ff829eca2f5e7ddaa3a51edf7e4eaa3976e6118f,TX,48377,2,2022-11-09T01:00:00.000Z,FIPSCode,48377,0,2022-11-11T17:12:00.197Z,8,98.98,8,100,62962,1025,61.97,62492,550,33.25,63492,79,4.78,1671,99,1654,4047,8,8
1668186933,2022-11-11 11:15:33 -0600,381ee9ca40b6dc3eee31a9010ee1e74e76d14be6,TX,48377,2,2022-11-09T01:00:00.000Z,FIPSCode,48377,0,2022-11-11T17:12:00.197Z,8,98.98,8,100,62962,1025,61.97,62492,550,33.25,63492,79,4.78,1671,99,1654,4047,8,8
1668186974,2022-11-11 11:16:14 -0600,65c575139b687386e63e16c401a8aee2b5c14be4,TX,48377,2,2022-11-09T01:00:00.000Z,FIPSCode,48377,0,2022-11-11T17:12:00.197Z,8,98.98,8,100,62962,1025,61.97,62492,550,33.25,63492,79,4.78,1671,99,1654,4047,8,8
1668187016,2022-11-11 11:16:56 -0600,69c6a691308e30829421b3515fe15d458d41dff5,TX,48377,2,2022-11-09T01:00:00.000Z,FIPSCode,48377,0,2022-11-11T17:12:00.197Z,8,98.98,8,100,62962,1025,61.97,62492,550,33.25,63492,79,4.78,1671,99,1654,4047,8,8
1668187057,2022-11-11 11:17:37 -0600,0e418786d80530b6e506585ae178cfcfb532b3f5,TX,48377,2,2022-11-09T01:00:00.000Z,FIPSCode,48377,0,2022-11-11T17:12:00.197Z,8,98.98,8,100,62962,1025,61.97,62492,550,33.25,63492,79,4.78,1671,99,1654,4047,8,8
1668187098,2022-11-11 11:18:18 -0600,45e6a393c8dbefed01aea9ea61281817adb45e98,TX,48377,2,2022-11-09T01:00:00.000Z,FIPSCode,48377,0,2022-11-11T17:12:00.197Z,8,98.98,8,100,62962,1025,61.97,62492,550,33.25,63492,79,4.78,1671,99,1654,4047,8,8
1668187140,2022-11-11 11:19:00 -0600,2c178643505fc625de960a5e7d824eaa0b370d83,TX,48377,2,2022-11-09T01:00:00.000Z,FIPSCode,48377,0,2022-11-11T17:12:00.197Z,8,98.98,8,100,62962,1025,61.97,62492,550,33.25,63492,79,4.78,1671,99,1654,4047,8,8
1668187181,2022-11-11 11:19:41 -0600,3605615e57d2d651f26eef9462133e49c4075247,TX,48377,2,2022-11-09T01:00:00.000Z,FIPSCode,48377,0,2022-11-11T17:12:00.197Z,8,98.98,8,100,62962,1025,61.97,62492,550,33.25,63492,79,4.78,1671,99,1654,4047,8,8
1668187223,2022-11-11 11:20:23 -0600,903ff3a9abc1ae797d58731007a2c2552ed7b2d1,TX,48377,2,2022-11-09T01:00:00.000Z,FIPSCode,48377,0,2022-11-11T17:12:00.197Z,8,98.98,8,100,62962,1025,61.97,62492,550,33.25,63492,79,4.78,1671,99,1654,4047,8,8
1668187264,2022-11-11 11:21:04 -0600,875932ef88411932fc7700c107c0ab037dea9adc,TX,48377,2,2022-11-09T01:00:00.000Z,FIPSCode,48377,0,2022-11-11T17:12:00.197Z,8,98.98,8,100,62962,1025,61.97,62492,550,33.25,63492,79,4.78,1671,99,1654,4047,8,8
1668187306,2022-11-11 11:21:46 -0600,185c1b6c14dd2e12480ea58cd7f0f3cd04e44836,TX,48377,2,2022-11-09T01:00:00.000Z,FIPSCode,48377,0,2022-11-11T17:12:00.197Z,8,98.98,8,100,62962,1025,61.97,62492,550,33.25,63492,79,4.78,1671,99,1654,4047,8,8
1668187347,2022-11-11 11:22:27 -0600,daacb8ab680f591ad126bd9af6f8c85a11fd202c,TX,48377,2,2022-11-09T01:00:00.000Z,FIPSCode,48377,0,2022-11-11T17:12:00.197Z,8,98.98,8,100,62962,1025,61.97,62492,550,33.25,63492,79,4.78,1671,99,1654,4047,8,8
1668187388,2022-11-11 11:23:08 -0600,b138127443f2ca08897aa85364111d2eebc9f966,TX,48377,2,2022-11-09T01:00:00.000Z,FIPSCode,48377,0,2022-11-11T17:12:00.197Z,8,98.98,8,100,62962,1025,61.97,62492,550,33.25,63492,79,4.78,1671,99,1654,4047,8,8
1668187430,2022-11-11 11:23:50 -0600,2592dd4314c50cc4787bc51819559cd3012ed683,TX,48377,2,2022-11-09T01:00:00.000Z,FIPSCode,48377,0,2022-11-11T17:12:00.197Z,8,98.98,8,100,62962,1025,61.97,62492,550,33.25,63492,79,4.78,1671,99,1654,4047,8,8
1668187473,2022-11-11 11:24:33 -0600,526583b1e600e9bf0357b60af44c2de0829bedaa,TX,48377,2,2022-11-09T01:00:00.000Z,FIPSCode,48377,0,2022-11-11T17:12:00.197Z,8,98.98,8,100,62962,1025,61.97,62492,550,33.25,63492,79,4.78,1671,99,1654,4047,8,8
1668187517,2022-11-11 11:25:17 -0600,3acd2ef06734aaec5e3dd2f1bd8528825d70d9c8,TX,48377,2,2022-11-09T01:00:00.000Z,FIPSCode,48377,0,2022-11-11T17:12:00.197Z,8,98.98,8,100,62962,1025,61.97,62492,550,33.25,63492,79,4.78,1671,99,1654,4047,8,8
1668187558,2022-11-11 11:25:58 -0600,b064b64bd1be9865510ff7ba0f4770c5ed0ac107,TX,48377,2,2022-11-09T01:00:00.000Z,FIPSCode,48377,0,2022-11-11T17:12:00.197Z,8,98.98,8,100,62962,1025,61.97,62492,550,33.25,63492,79,4.78,1671,99,1654,4047,8,8
1668187601,2022-11-11 11:26:41 -0600,e465a18201751584543f90ad160c090a1ca1b8f1,TX,48377,2,2022-11-09T01:00:00.000Z,FIPSCode,48377,0,2022-11-11T17:26:18.534Z,8,98.98,8,100,62962,1025,61.97,62492,550,33.25,63492,79,4.78,1671,99,1654,4047,8,8
1668187643,2022-11-11 11:27:23 -0600,874377bd7817094a29cd40b6a5623eb0577b84c7,TX,48377,2,2022-11-09T01:00:00.000Z,FIPSCode,48377,0,2022-11-11T17:26:18.534Z,8,98.98,8,100,62962,1025,61.97,62492,550,33.25,63492,79,4.78,1671,99,1654,4047,8,8
1668187685,2022-11-11 11:28:05 -0600,920ee7e2aaedd11b5bd081e7a3d8a44eaf50b4cb,TX,48377,2,2022-11-09T01:00:00.000Z,FIPSCode,48377,0,2022-11-11T17:27:18.747Z,8,98.98,8,100,62962,1025,61.97,62492,550,33.25,63492,79,4.78,1671,99,1654,4047,8,8
1668187727,2022-11-11 11:28:47 -0600,8064cec176e99711776696afcb3a532ade560703,TX,48377,2,2022-11-09T01:00:00.000Z,FIPSCode,48377,0,2022-11-11T17:27:18.747Z,8,98.98,8,100,62962,1025,61.97,62492,550,33.25,63492,79,4.78,1671,99,1654,4047,8,8
1668187768,2022-11-11 11:29:28 -0600,c51476d4a5ea9ff11d0c1e46ee9d17ce15893ca4,TX,48377,2,2022-11-09T01:00:00.000Z,FIPSCode,48377,0,2022-11-11T17:28:41.005Z,8,98.98,8,100,62962,1025,61.97,62492,550,33.25,63492,79,4.78,1671,99,1654,4047,8,8
1668187810,2022-11-11 11:30:10 -0600,04ab45b8fc42d221d4d870ea84a79fb88d9c41a4,TX,48377,2,2022-11-09T01:00:00.000Z,FIPSCode,48377,0,2022-11-11T17:28:41.005Z,8,98.98,8,100,62962,1025,61.97,62492,550,33.25,63492,79,4.78,1671,99,1654,4047,8,8
1668187852,2022-11-11 11:30:52 -0600,3100177e323002a4e203323e5ba033156a055a16,TX,48377,2,2022-11-09T01:00:00.000Z,FIPSCode,48377,0,2022-11-11T17:28:41.005Z,8,98.98,8,100,62962,1025,61.97,62492,550,33.25,63492,79,4.78,1671,99,1654,4047,8,8
1668187893,2022-11-11 11:31:33 -0600,a5cbf145d5e5370316a76836a02c138af0c83f39,TX,48377,2,2022-11-09T01:00:00.000Z,FIPSCode,48377,0,2022-11-11T17:28:41.005Z,8,98.98,8,100,62962,1025,61.97,62492,550,33.25,63492,79,4.78,1671,99,1654,4047,8,8
1668187934,2022-11-11 11:32:14 -0600,9bc3ee23efb21843741c7372f35069a2b855c0b7,TX,48377,2,2022-11-09T01:00:00.000Z,FIPSCode,48377,0,2022-11-11T17:28:41.005Z,8,98.98,8,100,62962,1025,61.97,62492,550,33.25,63492,79,4.78,1671,99,1654,4047,8,8
1668187976,2022-11-11 11:32:56 -0600,431d58950b1bfcdd58d7fc21f5cb8dbfbface2b5,TX,48377,2,2022-11-09T01:00:00.000Z,FIPSCode,48377,0,2022-11-11T17:28:41.005Z,8,98.98,8,100,62962,1025,61.97,62492,550,33.25,63492,79,4.78,1671,99,1654,4047,8,8
1668188016,2022-11-11 11:33:36 -0600,5c97488a9b415b1103e86c14ace1054c00a5945c,TX,48377,2,2022-11-09T01:00:00.000Z,FIPSCode,48377,0,2022-11-11T17:28:41.005Z,8,98.98,8,100,62962,1025,61.97,62492,550,33.25,63492,79,4.78,1671,99,1654,4047,8,8
1668188059,2022-11-11 11:34:19 -0600,3505ca0725aae2b40d46b5c00f8f5aa894190126,TX,48377,2,2022-11-09T01:00:00.000Z,FIPSCode,48377,0,2022-11-11T17:28:41.005Z,8,98.98,8,100,62962,1025,61.97,62492,550,33.25,63492,79,4.78,1671,99,1654,4047,8,8
1668188099,2022-11-11 11:34:59 -0600,824d7016c0d06fdaf71e79c42845aec8b6f3e3ab,TX,48377,2,2022-11-09T01:00:00.000Z,FIPSCode,48377,0,2022-11-11T17:28:41.005Z,8,98.98,8,100,62962,1025,61.97,62492,550,33.25,63492,79,4.78,1671,99,1654,4047,8,8
1668188141,2022-11-11 11:35:41 -0600,057248c977dd33a23eab9f7d2ccc776e9457ced7,TX,48377,2,2022-11-09T01:00:00.000Z,FIPSCode,48377,0,2022-11-11T17:28:41.005Z,8,98.98,8,100,62962,1025,61.97,62492,550,33.25,63492,79,4.78,1671,99,1654,4047,8,8
1668188184,2022-11-11 11:36:24 -0600,72f35b6669081df2964fe28907033faf6577091b,TX,48377,2,2022-11-09T01:00:00.000Z,FIPSCode,48377,0,2022-11-11T17:28:41.005Z,8,98.98,8,100,62962,1025,61.97,62492,550,33.25,63492,79,4.78,1671,99,1654,4047,8,8
1668188224,2022-11-11 11:37:04 -0600,8e5a7dc95549640fa20f0a65397274260fedf0e6,TX,48377,2,2022-11-09T01:00:00.000Z,FIPSCode,48377,0,2022-11-11T17:28:41.005Z,8,98.98,8,100,62962,1025,61.97,62492,550,33.25,63492,79,4.78,1671,99,1654,4047,8,8
1668188264,2022-11-11 11:37:44 -0600,9b33725f2cc9d59f81e1a2b6405ae9264d50d90b,TX,48377,2,2022-11-09T01:00:00.000Z,FIPSCode,48377,0,2022-11-11T17:37:18.766Z,8,98.98,8,100,62962,1025,61.97,62492,550,33.25,63492,79,4.78,1671,99,1654,4047,8,8
1668188348,2022-11-11 11:39:08 -0600,00855e3f54659930e5d5897a419d78e21e5617b8,TX,48377,2,2022-11-09T01:00:00.000Z,FIPSCode,48377,0,2022-11-11T17:37:18.766Z,8,98.98,8,100,62962,1025,61.97,62492,550,33.25,63492,79,4.78,1671,99,1654,4047,8,8
1668188387,2022-11-11 11:39:47 -0600,1211b22710cb2a3db47fbac41ec607cbd065814d,TX,48377,2,2022-11-09T01:00:00.000Z,FIPSCode,48377,0,2022-11-11T17:38:58.116Z,8,98.98,8,100,62962,1025,61.97,62492,550,33.25,63492,79,4.78,1671,99,1654,4047,8,8
1668188429,2022-11-11 11:40:29 -0600,a9f14d9f80bd7e27a4a9c1f68da0990ab3702134,TX,48377,2,2022-11-09T01:00:00.000Z,FIPSCode,48377,0,2022-11-11T17:39:37.745Z,8,98.98,8,100,62962,1025,61.97,62492,550,33.25,63492,79,4.78,1671,99,1654,4047,8,8
1668188469,2022-11-11 11:41:09 -0600,380b47e9e5ceee0c8978a109856b227e2558cde4,TX,48377,2,2022-11-09T01:00:00.000Z,FIPSCode,48377,0,2022-11-11T17:40:18.402Z,8,98.98,8,100,62962,1025,61.97,62492,550,33.25,63492,79,4.78,1671,99,1654,4047,8,8
1668188510,2022-11-11 11:41:50 -0600,1fd7d64299b38851b43bc429b0ab0336170e7ad7,TX,48377,2,2022-11-09T01:00:00.000Z,FIPSCode,48377,0,2022-11-11T17:40:18.402Z,8,98.98,8,100,62962,1025,61.97,62492,550,33.25,63492,79,4.78,1671,99,1654,4047,8,8
1668188551,2022-11-11 11:42:31 -0600,bc6255f7fa6276eaf49e3f2973d156abbf5e6a7f,TX,48377,2,2022-11-09T01:00:00.000Z,FIPSCode,48377,0,2022-11-11T17:40:18.402Z,8,98.98,8,100,62962,1025,61.97,62492,550,33.25,63492,79,4.78,1671,99,1654,4047,8,8
1668188592,2022-11-11 11:43:12 -0600,2ee187e1dceaa433d0b4fd2c63ec8ef5c6be3c0a,TX,48377,2,2022-11-09T01:00:00.000Z,FIPSCode,48377,0,2022-11-11T17:40:18.402Z,8,98.98,8,100,62962,1025,61.97,62492,550,33.25,63492,79,4.78,1671,99,1654,4047,8,8
1668188633,2022-11-11 11:43:53 -0600,5aaffbaf7233255409dfd32dd002a396971c5592,TX,48377,2,2022-11-09T01:00:00.000Z,FIPSCode,48377,0,2022-11-11T17:40:18.402Z,8,98.98,8,100,62962,1025,61.97,62492,550,33.25,63492,79,4.78,1671,99,1654,4047,8,8
1668188675,2022-11-11 11:44:35 -0600,01e9e548fc084cfa75a39a8a1c532fdb9b2e44c0,TX,48377,2,2022-11-09T01:00:00.000Z,FIPSCode,48377,0,2022-11-11T17:40:18.402Z,8,98.98,8,100,62962,1025,61.97,62492,550,33.25,63492,79,4.78,1671,99,1654,4047,8,8
1668188716,2022-11-11 11:45:16 -0600,5581d3ea2d17dc980990e94c254ba6acce28ea06,TX,48377,2,2022-11-09T01:00:00.000Z,FIPSCode,48377,0,2022-11-11T17:40:18.402Z,8,98.98,8,100,62962,1025,61.97,62492,550,33.25,63492,79,4.78,1671,99,1654,4047,8,8
1668188758,2022-11-11 11:45:58 -0600,5b846dc1ae2341e18f1826a481c37217c8f6e0ad,TX,48377,2,2022-11-09T01:00:00.000Z,FIPSCode,48377,0,2022-11-11T17:40:18.402Z,8,98.98,8,100,62962,1025,61.97,62492,550,33.25,63492,79,4.78,1671,99,1654,4047,8,8
1668188799,2022-11-11 11:46:39 -0600,00fb88c1a17c9bccea9d9f164efb840d34118fd8,TX,48377,2,2022-11-09T01:00:00.000Z,FIPSCode,48377,0,2022-11-11T17:40:18.402Z,8,98.98,8,100,62962,1025,61.97,62492,550,33.25,63492,79,4.78,1671,99,1654,4047,8,8
1668188840,2022-11-11 11:47:20 -0600,7e067ee7533a0a33a59b3b75bbee92bfb19be76a,TX,48377,2,2022-11-09T01:00:00.000Z,FIPSCode,48377,0,2022-11-11T17:40:18.402Z,8,98.98,8,100,62962,1025,61.97,62492,550,33.25,63492,79,4.78,1671,99,1654,4047,8,8
1668188881,2022-11-11 11:48:01 -0600,8426634fcb536456afe0e80c9ce5b0686ef97c4a,TX,48377,2,2022-11-09T01:00:00.000Z,FIPSCode,48377,0,2022-11-11T17:40:18.402Z,8,98.98,8,100,62962,1025,61.97,62492,550,33.25,63492,79,4.78,1671,99,1654,4047,8,8
1668188922,2022-11-11 11:48:42 -0600,39a21922a895a1fd35651c2196ab9600beafb49d,TX,48377,2,2022-11-09T01:00:00.000Z,FIPSCode,48377,0,2022-11-11T17:40:18.402Z,8,98.98,8,100,62962,1025,61.97,62492,550,33.25,63492,79,4.78,1671,99,1654,4047,8,8
1668188964,2022-11-11 11:49:24 -0600,9992ff7c0f326ab495c6e4f027c4f5d28a90f803,TX,48377,2,2022-11-09T01:00:00.000Z,FIPSCode,48377,0,2022-11-11T17:40:18.402Z,8,98.98,8,100,62962,1025,61.97,62492,550,33.25,63492,79,4.78,1671,99,1654,4047,8,8
1668189005,2022-11-11 11:50:05 -0600,42a0db8d708547e33b3f2fdf2620324e2c94ec48,TX,48377,2,2022-11-09T01:00:00.000Z,FIPSCode,48377,0,2022-11-11T17:40:18.402Z,8,98.98,8,100,62962,1025,61.97,62492,550,33.25,63492,79,4.78,1671,99,1654,4047,8,8
1668189046,2022-11-11 11:50:46 -0600,0b7ac7140cb2b4db45376d0f4081c22454a5dff8,TX,48377,2,2022-11-09T01:00:00.000Z,FIPSCode,48377,0,2022-11-11T17:40:18.402Z,8,98.98,8,100,62962,1025,61.97,62492,550,33.25,63492,79,4.78,1671,99,1654,4047,8,8
1668189087,2022-11-11 11:51:27 -0600,b902862b2812030adce99eb31ff080495f08125e,TX,48377,2,2022-11-09T01:00:00.000Z,FIPSCode,48377,0,2022-11-11T17:40:18.402Z,8,98.98,8,100,62962,1025,61.97,62492,550,33.25,63492,79,4.78,1671,99,1654,4047,8,8
1668189129,2022-11-11 11:52:09 -0600,34fb65c13c081af8b582d0cb6034810768daf5dc,TX,48377,2,2022-11-09T01:00:00.000Z,FIPSCode,48377,0,2022-11-11T17:40:18.402Z,8,98.98,8,100,62962,1025,61.97,62492,550,33.25,63492,79,4.78,1671,99,1654,4047,8,8
1668189169,2022-11-11 11:52:49 -0600,92935208ca2efdf34402bf2726b1afd20c0a22e6,TX,48377,2,2022-11-09T01:00:00.000Z,FIPSCode,48377,0,2022-11-11T17:40:18.402Z,8,98.98,8,100,62962,1025,61.97,62492,550,33.25,63492,79,4.78,1671,99,1654,4047,8,8
1668189293,2022-11-11 11:54:53 -0600,6c2f40d435a6d5e609fa757ba9ec654d22e7b340,TX,48377,2,2022-11-09T01:00:00.000Z,FIPSCode,48377,0,2022-11-11T17:40:18.402Z,8,98.98,8,100,62962,1025,61.97,62492,550,33.25,63492,79,4.78,1671,99,1654,4047,8,8
1668189334,2022-11-11 11:55:34 -0600,5f19c6b68d9ea81162eb2f607d69e648e1f22964,TX,48377,2,2022-11-09T01:00:00.000Z,FIPSCode,48377,0,2022-11-11T17:40:18.402Z,8,98.98,8,100,62962,1025,61.97,62492,550,33.25,63492,79,4.78,1671,99,1654,4047,8,8
1668189375,2022-11-11 11:56:15 -0600,ac975cd513b3fb1efa992a762c86ada0b758ed07,TX,48377,2,2022-11-09T01:00:00.000Z,FIPSCode,48377,0,2022-11-11T17:55:39.842Z,8,98.98,8,100,62962,1025,61.97,62492,550,33.25,63492,79,4.78,1671,99,1654,4047,8,8
1668189416,2022-11-11 11:56:56 -0600,4f84e16bb7a727a1f017cdaff4ac181cc24c67db,TX,48377,2,2022-11-09T01:00:00.000Z,FIPSCode,48377,0,2022-11-11T17:55:39.842Z,8,98.98,8,100,62962,1025,61.97,62492,550,33.25,63492,79,4.78,1671,99,1654,4047,8,8
1668189457,2022-11-11 11:57:37 -0600,03879a586beaea680543ebe7584d40fd352b51d7,TX,48377,2,2022-11-09T01:00:00.000Z,FIPSCode,48377,0,2022-11-11T17:57:18.830Z,8,98.98,8,100,62962,1025,61.97,62492,550,33.25,63492,79,4.78,1671,99,1654,4047,8,8
1668189499,2022-11-11 11:58:19 -0600,a51489f9cb099c1a94e9ec4f0110d0f507d231aa,TX,48377,2,2022-11-09T01:00:00.000Z,FIPSCode,48377,0,2022-11-11T17:57:18.830Z,8,98.98,8,100,62962,1025,61.97,62492,550,33.25,63492,79,4.78,1671,99,1654,4047,8,8
1668189539,2022-11-11 11:58:59 -0600,4a333ca3705cf9ca139b1a5bb3a58002160448fb,TX,48377,2,2022-11-09T01:00:00.000Z,FIPSCode,48377,0,2022-11-11T17:58:38.156Z,8,98.98,8,100,62962,1025,61.97,62492,550,33.25,63492,79,4.78,1671,99,1654,4047,8,8
1668189582,2022-11-11 11:59:42 -0600,3c141fbf92fd36964838c9dd3ef0b088b414a7fd,TX,48377,2,2022-11-09T01:00:00.000Z,FIPSCode,48377,0,2022-11-11T17:58:38.156Z,8,98.98,8,100,62962,1025,61.97,62492,550,33.25,63492,79,4.78,1671,99,1654,4047,8,8
1668189622,2022-11-11 12:00:22 -0600,c8ee239a7538e1f29faf59feb2aa221ce813927d,TX,48377,2,2022-11-09T01:00:00.000Z,FIPSCode,48377,0,2022-11-11T17:58:38.156Z,8,98.98,8,100,62962,1025,61.97,62492,550,33.25,63492,79,4.78,1671,99,1654,4047,8,8
1668189664,2022-11-11 12:01:04 -0600,0c4a7d89f58caede8700f14cc4ae6c677a0f9927,TX,48377,2,2022-11-09T01:00:00.000Z,FIPSCode,48377,0,2022-11-11T17:58:38.156Z,8,98.98,8,100,62962,1025,61.97,62492,550,33.25,63492,79,4.78,1671,99,1654,4047,8,8
1668189703,2022-11-11 12:01:43 -0600,463f350fb1306eb6264cd6c0120a520c6a29396d,TX,48377,2,2022-11-09T01:00:00.000Z,FIPSCode,48377,0,2022-11-11T17:58:38.156Z,8,98.98,8,100,62962,1025,61.97,62492,550,33.25,63492,79,4.78,1671,99,1654,4047,8,8
1668189745,2022-11-11 12:02:25 -0600,b59f063f7564f36c2ff810d870a8054dd5627327,TX,48377,2,2022-11-09T01:00:00.000Z,FIPSCode,48377,0,2022-11-11T17:58:38.156Z,8,98.98,8,100,62962,1025,61.97,62492,550,33.25,63492,79,4.78,1671,99,1654,4047,8,8
1668189786,2022-11-11 12:03:06 -0600,4e897b8833927ab090f943608a8512f248bfc377,TX,48377,2,2022-11-09T01:00:00.000Z,FIPSCode,48377,0,2022-11-11T17:58:38.156Z,8,98.98,8,100,62962,1025,61.97,62492,550,33.25,63492,79,4.78,1671,99,1654,4047,8,8
1668189827,2022-11-11 12:03:47 -0600,9f2121d136c7156b5e027bbb1ce1a268a8628ed3,TX,48377,2,2022-11-09T01:00:00.000Z,FIPSCode,48377,0,2022-11-11T17:58:38.156Z,8,98.98,8,100,62962,1025,61.97,62492,550,33.25,63492,79,4.78,1671,99,1654,4047,8,8
1668189867,2022-11-11 12:04:27 -0600,a5b6556cc78f7dcb1646eda67fc2c23fab68b5ea,TX,48377,2,2022-11-09T01:00:00.000Z,FIPSCode,48377,0,2022-11-11T17:58:38.156Z,8,98.98,8,100,62962,1025,61.97,62492,550,33.25,63492,79,4.78,1671,99,1654,4047,8,8
1668189907,2022-11-11 12:05:07 -0600,be4d9405e420080429532bfb18d2a2e9eab464db,TX,48377,2,2022-11-09T01:00:00.000Z,FIPSCode,48377,0,2022-11-11T17:58:38.156Z,8,98.98,8,100,62962,1025,61.97,62492,550,33.25,63492,79,4.78,1671,99,1654,4047,8,8
1668189947,2022-11-11 12:05:47 -0600,fbf1b3dbbe6674a58ce41e62c2a3ea0e689cf2ff,TX,48377,2,2022-11-09T01:00:00.000Z,FIPSCode,48377,0,2022-11-11T17:58:38.156Z,8,98.98,8,100,62962,1025,61.97,62492,550,33.25,63492,79,4.78,1671,99,1654,4047,8,8
1668189988,2022-11-11 12:06:28 -0600,abfec55bdd305b41da9b92c02308f97be53c393f,TX,48377,2,2022-11-09T01:00:00.000Z,FIPSCode,48377,0,2022-11-11T17:58:38.156Z,8,98.98,8,100,62962,1025,61.97,62492,550,33.25,63492,79,4.78,1671,99,1654,4047,8,8
1668190028,2022-11-11 12:07:08 -0600,8460cbe12aa3248cbd9293f81b01869eb59d12ea,TX,48377,2,2022-11-09T01:00:00.000Z,FIPSCode,48377,0,2022-11-11T17:58:38.156Z,8,98.98,8,100,62962,1025,61.97,62492,550,33.25,63492,79,4.78,1671,99,1654,4047,8,8
1668190068,2022-11-11 12:07:48 -0600,d2a31bb099b727980840b75b71ccd8c5326cfbc3,TX,48377,2,2022-11-09T01:00:00.000Z,FIPSCode,48377,0,2022-11-11T17:58:38.156Z,8,98.98,8,100,62962,1025,61.97,62492,550,33.25,63492,79,4.78,1671,99,1654,4047,8,8
1668190191,2022-11-11 12:09:51 -0600,e811115864cad6dfd613fa08e584f8e4320e2f61,TX,48377,2,2022-11-09T01:00:00.000Z,FIPSCode,48377,0,2022-11-11T17:58:38.156Z,8,98.98,8,100,62962,1025,61.97,62492,550,33.25,63492,79,4.78,1671,99,1654,4047,8,8
1668190231,2022-11-11 12:10:31 -0600,212d1da323b0e5c7fdee26fcec5c95f61576805c,TX,48377,2,2022-11-09T01:00:00.000Z,FIPSCode,48377,0,2022-11-11T17:58:38.156Z,8,98.98,8,100,62962,1025,61.97,62492,550,33.25,63492,79,4.78,1671,99,1654,4047,8,8
1668190273,2022-11-11 12:11:13 -0600,7b294ef4f414348b891a5d091379b175c99ea8ac,TX,48377,2,2022-11-09T01:00:00.000Z,FIPSCode,48377,0,2022-11-11T17:58:38.156Z,8,98.98,8,100,62962,1025,61.97,62492,550,33.25,63492,79,4.78,1671,99,1654,4047,8,8
1668190314,2022-11-11 12:11:54 -0600,d4ed4176e5562b1cf976c9828707517db868be7c,TX,48377,2,2022-11-09T01:00:00.000Z,FIPSCode,48377,0,2022-11-11T17:58:38.156Z,8,98.98,8,100,62962,1025,61.97,62492,550,33.25,63492,79,4.78,1671,99,1654,4047,8,8
1668190354,2022-11-11 12:12:34 -0600,d75b0c2b763a8ac3aa4a7502446cb97dcaf2ecd7,TX,48377,2,2022-11-09T01:00:00.000Z,FIPSCode,48377,0,2022-11-11T17:58:38.156Z,8,98.98,8,100,62962,1025,61.97,62492,550,33.25,63492,79,4.78,1671,99,1654,4047,8,8
1668190396,2022-11-11 12:13:16 -0600,c1cac945a7ef484318f5f574161eada2d125442c,TX,48377,2,2022-11-09T01:00:00.000Z,FIPSCode,48377,0,2022-11-11T17:58:38.156Z,8,98.98,8,100,62962,1025,61.97,62492,550,33.25,63492,79,4.78,1671,99,1654,4047,8,8
1668190436,2022-11-11 12:13:56 -0600,92c11897192f98360115d01acfff12207b91d736,TX,48377,2,2022-11-09T01:00:00.000Z,FIPSCode,48377,0,2022-11-11T17:58:38.156Z,8,98.98,8,100,62962,1025,61.97,62492,550,33.25,63492,79,4.78,1671,99,1654,4047,8,8
1668190477,2022-11-11 12:14:37 -0600,d78e1522380db0a7efd4a12859ed7b947de0f1a1,TX,48377,2,2022-11-09T01:00:00.000Z,FIPSCode,48377,0,2022-11-11T18:14:00.600Z,8,98.98,8,100,62962,1025,61.97,62492,550,33.25,63492,79,4.78,1671,99,1654,4047,8,8
1668190518,2022-11-11 12:15:18 -0600,5398fee65aa817d407dbfc67afe3779203d4c9f9,TX,48377,2,2022-11-09T01:00:00.000Z,FIPSCode,48377,0,2022-11-11T18:14:39.729Z,8,98.98,8,100,62962,1025,61.97,62492,550,33.25,63492,79,4.78,1671,99,1654,4047,8,8
1668190559,2022-11-11 12:15:59 -0600,6285044676ab5acaa4c22ac20c57bd77699a4f75,TX,48377,2,2022-11-09T01:00:00.000Z,FIPSCode,48377,0,2022-11-11T18:15:17.816Z,8,98.98,8,100,62962,1025,61.97,62492,550,33.25,63492,79,4.78,1671,99,1654,4047,8,8
1668190599,2022-11-11 12:16:39 -0600,0b4e132cf960fceb58aad37723ae16e5e3c84677,TX,48377,2,2022-11-09T01:00:00.000Z,FIPSCode,48377,0,2022-11-11T18:15:17.816Z,8,98.98,8,100,62962,1025,61.97,62492,550,33.25,63492,79,4.78,1671,99,1654,4047,8,8
1668190641,2022-11-11 12:17:21 -0600,3cc0cb73ff718d460780cdf0939782585c13dac9,TX,48377,2,2022-11-09T01:00:00.000Z,FIPSCode,48377,0,2022-11-11T18:16:39.761Z,8,98.98,8,100,62962,1025,61.97,62492,550,33.25,63492,79,4.78,1671,99,1654,4047,8,8
1668190682,2022-11-11 12:18:02 -0600,5ebf2f7de3e006582e5d639a510379dd4a84a98b,TX,48377,2,2022-11-09T01:00:00.000Z,FIPSCode,48377,0,2022-11-11T18:16:39.761Z,8,98.98,8,100,62962,1025,61.97,62492,550,33.25,63492,79,4.78,1671,99,1654,4047,8,8
1668190722,2022-11-11 12:18:42 -0600,63703b9ba1573dacb54576b9f7023fc66df432e3,TX,48377,2,2022-11-09T01:00:00.000Z,FIPSCode,48377,0,2022-11-11T18:16:39.761Z,8,98.98,8,100,62962,1025,61.97,62492,550,33.25,63492,79,4.78,1671,99,1654,4047,8,8
1668190763,2022-11-11 12:19:23 -0600,09a1ae3de577ec23e911d44595166dc2438252ba,TX,48377,2,2022-11-09T01:00:00.000Z,FIPSCode,48377,0,2022-11-11T18:16:39.761Z,8,98.98,8,100,62962,1025,61.97,62492,550,33.25,63492,79,4.78,1671,99,1654,4047,8,8
1668190803,2022-11-11 12:20:03 -0600,576e781e5572d5dab806f64e14fb43cf4f315468,TX,48377,2,2022-11-09T01:00:00.000Z,FIPSCode,48377,0,2022-11-11T18:16:39.761Z,8,98.98,8,100,62962,1025,61.97,62492,550,33.25,63492,79,4.78,1671,99,1654,4047,8,8
1668190843,2022-11-11 12:20:43 -0600,ce8d8a8ee780ee1f524792e10e3513b26216fc6b,TX,48377,2,2022-11-09T01:00:00.000Z,FIPSCode,48377,0,2022-11-11T18:16:39.761Z,8,98.98,8,100,62962,1025,61.97,62492,550,33.25,63492,79,4.78,1671,99,1654,4047,8,8
1668190884,2022-11-11 12:21:24 -0600,a85a56ae562a5cc3d93d6b51add01c9fe2e50738,TX,48377,2,2022-11-09T01:00:00.000Z,FIPSCode,48377,0,2022-11-11T18:16:39.761Z,8,98.98,8,100,62962,1025,61.97,62492,550,33.25,63492,79,4.78,1671,99,1654,4047,8,8
1668190924,2022-11-11 12:22:04 -0600,60705810bec24ba3fe566657f061a8065c9493bb,TX,48377,2,2022-11-09T01:00:00.000Z,FIPSCode,48377,0,2022-11-11T18:16:39.761Z,8,98.98,8,100,62962,1025,61.97,62492,550,33.25,63492,79,4.78,1671,99,1654,4047,8,8
1668190966,2022-11-11 12:22:46 -0600,cada30d98ff9bb45e61b3c8c98bb91e43c916bbc,TX,48377,2,2022-11-09T01:00:00.000Z,FIPSCode,48377,0,2022-11-11T18:16:39.761Z,8,98.98,8,100,62962,1025,61.97,62492,550,33.25,63492,79,4.78,1671,99,1654,4047,8,8
1668191006,2022-11-11 12:23:26 -0600,bc0f4a825791530912991b60f85bde5740dcd261,TX,48377,2,2022-11-09T01:00:00.000Z,FIPSCode,48377,0,2022-11-11T18:16:39.761Z,8,98.98,8,100,62962,1025,61.97,62492,550,33.25,63492,79,4.78,1671,99,1654,4047,8,8
1668191048,2022-11-11 12:24:08 -0600,fb26d11000aa7b7d938c526cc307e849f632dd75,TX,48377,2,2022-11-09T01:00:00.000Z,FIPSCode,48377,0,2022-11-11T18:16:39.761Z,8,98.98,8,100,62962,1025,61.97,62492,550,33.25,63492,79,4.78,1671,99,1654,4047,8,8
1668191088,2022-11-11 12:24:48 -0600,8654f7353ea5d303e7a9914e33e22b523130382b,TX,48377,2,2022-11-09T01:00:00.000Z,FIPSCode,48377,0,2022-11-11T18:16:39.761Z,8,98.98,8,100,62962,1025,61.97,62492,550,33.25,63492,79,4.78,1671,99,1654,4047,8,8
1668191128,2022-11-11 12:25:28 -0600,681a77535eebf7993ce240bff02eb5913828eb7b,TX,48377,2,2022-11-09T01:00:00.000Z,FIPSCode,48377,0,2022-11-11T18:16:39.761Z,8,98.98,8,100,62962,1025,61.97,62492,550,33.25,63492,79,4.78,1671,99,1654,4047,8,8
1668191168,2022-11-11 12:26:08 -0600,afea248ddcbdeeb5665497e010ebb8dd1fce8aa8,TX,48377,2,2022-11-09T01:00:00.000Z,FIPSCode,48377,0,2022-11-11T18:16:39.761Z,8,98.98,8,100,62962,1025,61.97,62492,550,33.25,63492,79,4.78,1671,99,1654,4047,8,8
1668191210,2022-11-11 12:26:50 -0600,a2b95fb72a482a134dafe367ed1a5b4038bde575,TX,48377,2,2022-11-09T01:00:00.000Z,FIPSCode,48377,0,2022-11-11T18:16:39.761Z,8,98.98,8,100,62962,1025,61.97,62492,550,33.25,63492,79,4.78,1671,99,1654,4047,8,8
1668191252,2022-11-11 12:27:32 -0600,b5eb632df98379bffc54e674f00525dc0dfc4da5,TX,48377,2,2022-11-09T01:00:00.000Z,FIPSCode,48377,0,2022-11-11T18:16:39.761Z,8,98.98,8,100,62962,1025,61.97,62492,550,33.25,63492,79,4.78,1671,99,1654,4047,8,8
1668191293,2022-11-11 12:28:13 -0600,3a4d93b61c7e4fbb1bcd18b69d14790e26ea08f7,TX,48377,2,2022-11-09T01:00:00.000Z,FIPSCode,48377,0,2022-11-11T18:16:39.761Z,8,98.98,8,100,62962,1025,61.97,62492,550,33.25,63492,79,4.78,1671,99,1654,4047,8,8
1668191334,2022-11-11 12:28:54 -0600,7336b29a7e178e74a10ad91bfad284dafc7287e4,TX,48377,2,2022-11-09T01:00:00.000Z,FIPSCode,48377,0,2022-11-11T18:16:39.761Z,8,98.98,8,100,62962,1025,61.97,62492,550,33.25,63492,79,4.78,1671,99,1654,4047,8,8
1668191376,2022-11-11 12:29:36 -0600,70ac4aae40651d1d56eeb502bc0511fab1d19bcb,TX,48377,2,2022-11-09T01:00:00.000Z,FIPSCode,48377,0,2022-11-11T18:16:39.761Z,8,98.98,8,100,62962,1025,61.97,62492,550,33.25,63492,79,4.78,1671,99,1654,4047,8,8
1668191416,2022-11-11 12:30:16 -0600,4353bdbb7cbdc8324ed3b4d3b7dfe72133abbbe1,TX,48377,2,2022-11-09T01:00:00.000Z,FIPSCode,48377,0,2022-11-11T18:16:39.761Z,8,98.98,8,100,62962,1025,61.97,62492,550,33.25,63492,79,4.78,1671,99,1654,4047,8,8
1668191457,2022-11-11 12:30:57 -0600,1bd3bd529387844ec0d92401b2cda86c2be33c75,TX,48377,2,2022-11-09T01:00:00.000Z,FIPSCode,48377,0,2022-11-11T18:16:39.761Z,8,98.98,8,100,62962,1025,61.97,62492,550,33.25,63492,79,4.78,1671,99,1654,4047,8,8
1668191498,2022-11-11 12:31:38 -0600,a4e7371b76b5a9cb628d04eec50d347ec0d26779,TX,48377,2,2022-11-09T01:00:00.000Z,FIPSCode,48377,0,2022-11-11T18:16:39.761Z,8,98.98,8,100,62962,1025,61.97,62492,550,33.25,63492,79,4.78,1671,99,1654,4047,8,8
1668191538,2022-11-11 12:32:18 -0600,e147ea51d14bf09e5295d23b3914603365c0cb45,TX,48377,2,2022-11-09T01:00:00.000Z,FIPSCode,48377,0,2022-11-11T18:32:00.743Z,8,98.98,8,100,62962,1025,61.97,62492,550,33.25,63492,79,4.78,1671,99,1654,4047,8,8
1668191579,2022-11-11 12:32:59 -0600,b25431e9753d964123b7307ee48f523dbeea85bb,TX,48377,2,2022-11-09T01:00:00.000Z,FIPSCode,48377,0,2022-11-11T18:32:00.743Z,8,98.98,8,100,62962,1025,61.97,62492,550,33.25,63492,79,4.78,1671,99,1654,4047,8,8
1668191620,2022-11-11 12:33:40 -0600,5ceba4e90f4c0acfe2cae8359b67cbddbcebab70,TX,48377,2,2022-11-09T01:00:00.000Z,FIPSCode,48377,0,2022-11-11T18:33:17.724Z,8,98.98,8,100,62962,1025,61.97,62492,550,33.25,63492,79,4.78,1671,99,1654,4047,8,8
1668191663,2022-11-11 12:34:23 -0600,84bae3fd7da4afd0f8b830532c6a4fda974dc156,TX,48377,2,2022-11-09T01:00:00.000Z,FIPSCode,48377,0,2022-11-11T18:33:17.724Z,8,98.98,8,100,62962,1025,61.97,62492,550,33.25,63492,79,4.78,1671,99,1654,4047,8,8
1668191704,2022-11-11 12:35:04 -0600,75bab399b832b7df4cd4df0846e83056b2eb33a4,TX,48377,2,2022-11-09T01:00:00.000Z,FIPSCode,48377,0,2022-11-11T18:34:40.480Z,8,98.98,8,100,62962,1025,61.97,62492,550,33.25,63492,79,4.78,1671,99,1654,4047,8,8
1668191746,2022-11-11 12:35:46 -0600,e3a46466bfab42b2ab189a485115ef81cd1cec2f,TX,48377,2,2022-11-09T01:00:00.000Z,FIPSCode,48377,0,2022-11-11T18:34:40.480Z,8,98.98,8,100,62962,1025,61.97,62492,550,33.25,63492,79,4.78,1671,99,1654,4047,8,8
1668191830,2022-11-11 12:37:10 -0600,110959b35e8dcc8b83b696b26905e686a3f03b9b,TX,48377,2,2022-11-09T01:00:00.000Z,FIPSCode,48377,0,2022-11-11T18:36:19.884Z,8,98.98,8,100,62962,1025,61.97,62492,550,33.25,63492,79,4.78,1671,99,1654,4047,8,8
1668192037,2022-11-11 12:40:37 -0600,64b66b7ca9455b1bfa0d1284c7efcc892c9e0eeb,TX,48377,2,2022-11-09T01:00:00.000Z,FIPSCode,48377,0,2022-11-11T18:39:18.515Z,8,98.98,8,100,62962,1025,61.97,62492,550,33.25,63492,79,4.78,1671,99,1654,4047,8,8
1668192121,2022-11-11 12:42:01 -0600,1cd078fc9b7837061b86584d74cae20fa1a74374,TX,48377,2,2022-11-09T01:00:00.000Z,FIPSCode,48377,0,2022-11-11T18:39:18.515Z,8,98.98,8,100,62962,1025,61.97,62492,550,33.25,63492,79,4.78,1671,99,1654,4047,8,8
1668192163,2022-11-11 12:42:43 -0600,9e4908d92efe3692a29683e5edb12b21e4d1d89b,TX,48377,2,2022-11-09T01:00:00.000Z,FIPSCode,48377,0,2022-11-11T18:39:18.515Z,8,98.98,8,100,62962,1025,61.97,62492,550,33.25,63492,79,4.78,1671,99,1654,4047,8,8
1668192205,2022-11-11 12:43:25 -0600,480057ec70dc2caf0ced1cf9e218a30539d00f2e,TX,48377,2,2022-11-09T01:00:00.000Z,FIPSCode,48377,0,2022-11-11T18:39:18.515Z,8,98.98,8,100,62962,1025,61.97,62492,550,33.25,63492,79,4.78,1671,99,1654,4047,8,8
1668192247,2022-11-11 12:44:07 -0600,e31ec3747da69306a159036047e043ed22cf4e9f,TX,48377,2,2022-11-09T01:00:00.000Z,FIPSCode,48377,0,2022-11-11T18:39:18.515Z,8,98.98,8,100,62962,1025,61.97,62492,550,33.25,63492,79,4.78,1671,99,1654,4047,8,8
1668192289,2022-11-11 12:44:49 -0600,9967448ac0a13d7579c64b50722fc045961f2e7a,TX,48377,2,2022-11-09T01:00:00.000Z,FIPSCode,48377,0,2022-11-11T18:39:18.515Z,8,98.98,8,100,62962,1025,61.97,62492,550,33.25,63492,79,4.78,1671,99,1654,4047,8,8
1668192374,2022-11-11 12:46:14 -0600,cc4d041d6c908ecf252ec5bc312d7ebfe500b6b9,TX,48377,2,2022-11-09T01:00:00.000Z,FIPSCode,48377,0,2022-11-11T18:39:18.515Z,8,98.98,8,100,62962,1025,61.97,62492,550,33.25,63492,79,4.78,1671,99,1654,4047,8,8
1668192415,2022-11-11 12:46:55 -0600,d0bd53718660c0403d6464f9e2c22ef53bf5b512,TX,48377,2,2022-11-09T01:00:00.000Z,FIPSCode,48377,0,2022-11-11T18:39:18.515Z,8,98.98,8,100,62962,1025,61.97,62492,550,33.25,63492,79,4.78,1671,99,1654,4047,8,8
1668192456,2022-11-11 12:47:36 -0600,bedde03d80731afc3a0832e8c110b10e66f6906f,TX,48377,2,2022-11-09T01:00:00.000Z,FIPSCode,48377,0,2022-11-11T18:39:18.515Z,8,98.98,8,100,62962,1025,61.97,62492,550,33.25,63492,79,4.78,1671,99,1654,4047,8,8
1668192497,2022-11-11 12:48:17 -0600,84dc409bc8abac4b7adc4e686149dbb1937f59a2,TX,48377,2,2022-11-09T01:00:00.000Z,FIPSCode,48377,0,2022-11-11T18:39:18.515Z,8,98.98,8,100,62962,1025,61.97,62492,550,33.25,63492,79,4.78,1671,99,1654,4047,8,8
1668192539,2022-11-11 12:48:59 -0600,f7c02a496355b8783363d9c1021e6fc14c4f4776,TX,48377,2,2022-11-09T01:00:00.000Z,FIPSCode,48377,0,2022-11-11T18:39:18.515Z,8,98.98,8,100,62962,1025,61.97,62492,550,33.25,63492,79,4.78,1671,99,1654,4047,8,8
1668192581,2022-11-11 12:49:41 -0600,40cf3c53c2925dd6291bfdda7c7a8ec5cd3e7c2d,TX,48377,2,2022-11-09T01:00:00.000Z,FIPSCode,48377,0,2022-11-11T18:39:18.515Z,8,98.98,8,100,62962,1025,61.97,62492,550,33.25,63492,79,4.78,1671,99,1654,4047,8,8
1668192623,2022-11-11 12:50:23 -0600,d455980fd9b8ce7601186aef3e06ebc8098b82a3,TX,48377,2,2022-11-09T01:00:00.000Z,FIPSCode,48377,0,2022-11-11T18:39:18.515Z,8,98.98,8,100,62962,1025,61.97,62492,550,33.25,63492,79,4.78,1671,99,1654,4047,8,8
1668192664,2022-11-11 12:51:04 -0600,3de1f45b35fb5862660088b60a015d34c3c2c8c0,TX,48377,2,2022-11-09T01:00:00.000Z,FIPSCode,48377,0,2022-11-11T18:39:18.515Z,8,98.98,8,100,62962,1025,61.97,62492,550,33.25,63492,79,4.78,1671,99,1654,4047,8,8
1668192705,2022-11-11 12:51:45 -0600,76e49076689de8541e03eb42d68c6da11069cbfe,TX,48377,2,2022-11-09T01:00:00.000Z,FIPSCode,48377,0,2022-11-11T18:39:18.515Z,8,98.98,8,100,62962,1025,61.97,62492,550,33.25,63492,79,4.78,1671,99,1654,4047,8,8
1668192787,2022-11-11 12:53:07 -0600,c15db11f9a0bc5f7bc7f4bb7b2d19eb8fcc97a93,TX,48377,2,2022-11-09T01:00:00.000Z,FIPSCode,48377,0,2022-11-11T18:39:18.515Z,8,98.98,8,100,62962,1025,61.97,62492,550,33.25,63492,79,4.78,1671,99,1654,4047,8,8
1668192830,2022-11-11 12:53:50 -0600,dbd535701b431fec81a405ca7eb060c4e9b0001d,TX,48377,2,2022-11-09T01:00:00.000Z,FIPSCode,48377,0,2022-11-11T18:39:18.515Z,8,98.98,8,100,62962,1025,61.97,62492,550,33.25,63492,79,4.78,1671,99,1654,4047,8,8
1668192871,2022-11-11 12:54:31 -0600,3652932b9916ba39cf1ae054301037d012a4ba76,TX,48377,2,2022-11-09T01:00:00.000Z,FIPSCode,48377,0,2022-11-11T18:39:18.515Z,8,98.98,8,100,62962,1025,61.97,62492,550,33.25,63492,79,4.78,1671,99,1654,4047,8,8
1668192912,2022-11-11 12:55:12 -0600,a074b7db2603c6eb939ff88987865d2b7698fb69,TX,48377,2,2022-11-09T01:00:00.000Z,FIPSCode,48377,0,2022-11-11T18:39:18.515Z,8,98.98,8,100,62962,1025,61.97,62492,550,33.25,63492,79,4.78,1671,99,1654,4047,8,8
1668192954,2022-11-11 12:55:54 -0600,c8ca41ef6e67bbb8c68aec6b1dc93d0e67f03cdf,TX,48377,2,2022-11-09T01:00:00.000Z,FIPSCode,48377,0,2022-11-11T18:39:18.515Z,8,98.98,8,100,62962,1025,61.97,62492,550,33.25,63492,79,4.78,1671,99,1654,4047,8,8
1668192996,2022-11-11 12:56:36 -0600,c41dcf766c9ac3bc00e19320f0d552d4d1442bc3,TX,48377,2,2022-11-09T01:00:00.000Z,FIPSCode,48377,0,2022-11-11T18:39:18.515Z,8,98.98,8,100,62962,1025,61.97,62492,550,33.25,63492,79,4.78,1671,99,1654,4047,8,8
1668193037,2022-11-11 12:57:17 -0600,236e0867a636ff0fabc7ab742b4a6ea69cd1a1eb,TX,48377,2,2022-11-09T01:00:00.000Z,FIPSCode,48377,0,2022-11-11T18:39:18.515Z,8,98.98,8,100,62962,1025,61.97,62492,550,33.25,63492,79,4.78,1671,99,1654,4047,8,8
1668193078,2022-11-11 12:57:58 -0600,ab029deabbfb6ffcc26c1ffe4c3ec863862165dc,TX,48377,2,2022-11-09T01:00:00.000Z,FIPSCode,48377,0,2022-11-11T18:39:18.515Z,8,98.98,8,100,62962,1025,61.97,62492,550,33.25,63492,79,4.78,1671,99,1654,4047,8,8
1668193120,2022-11-11 12:58:40 -0600,08b815d57907de95d09d07eb2886936c925438f6,TX,48377,2,2022-11-09T01:00:00.000Z,FIPSCode,48377,0,2022-11-11T18:39:18.515Z,8,98.98,8,100,62962,1025,61.97,62492,550,33.25,63492,79,4.78,1671,99,1654,4047,8,8
1668193161,2022-11-11 12:59:21 -0600,918ed076fe4363a9fe998df437480d9bf2a75756,TX,48377,2,2022-11-09T01:00:00.000Z,FIPSCode,48377,0,2022-11-11T18:39:18.515Z,8,98.98,8,100,62962,1025,61.97,62492,550,33.25,63492,79,4.78,1671,99,1654,4047,8,8
1668193203,2022-11-11 13:00:03 -0600,d1eebeed8086c5a18b66585b1c47942f93040314,TX,48377,2,2022-11-09T01:00:00.000Z,FIPSCode,48377,0,2022-11-11T18:39:18.515Z,8,98.98,8,100,62962,1025,61.97,62492,550,33.25,63492,79,4.78,1671,99,1654,4047,8,8
1668193244,2022-11-11 13:00:44 -0600,ab9c8b003a24a4a03d56cbcf20c5ca381e6f5e57,TX,48377,2,2022-11-09T01:00:00.000Z,FIPSCode,48377,0,2022-11-11T18:39:18.515Z,8,98.98,8,100,62962,1025,61.97,62492,550,33.25,63492,79,4.78,1671,99,1654,4047,8,8
1668193328,2022-11-11 13:02:08 -0600,152cba3e0b05932b7d6ba8e5f329ba852415df94,TX,48377,2,2022-11-09T01:00:00.000Z,FIPSCode,48377,0,2022-11-11T19:01:18.031Z,8,98.98,8,100,62962,1025,61.97,62492,550,33.25,63492,79,4.78,1671,99,1654,4047,8,8
1668193369,2022-11-11 13:02:49 -0600,186eb7ac564d1c4e686a29443b50fbfeab614da9,TX,48377,2,2022-11-09T01:00:00.000Z,FIPSCode,48377,0,2022-11-11T19:02:17.989Z,8,98.98,8,100,62962,1025,61.97,62492,550,33.25,63492,79,4.78,1671,99,1654,4047,8,8
1668193411,2022-11-11 13:03:31 -0600,636108b9ac56f024bcbd8bb2d136731675113e96,TX,48377,2,2022-11-09T01:00:00.000Z,FIPSCode,48377,0,2022-11-11T19:02:17.989Z,8,98.98,8,100,62962,1025,61.97,62492,550,33.25,63492,79,4.78,1671,99,1654,4047,8,8
1668193452,2022-11-11 13:04:12 -0600,5a4ea1e609bb6b8d9edbd25c1f0653b98cc32ae5,TX,48377,2,2022-11-09T01:00:00.000Z,FIPSCode,48377,0,2022-11-11T19:03:43.991Z,8,98.98,8,100,62962,1025,61.97,62492,550,33.25,63492,79,4.78,1671,99,1654,4047,8,8
1668193493,2022-11-11 13:04:53 -0600,ad21061ebd5a005dc1df94ad55e3ae2f5cb2eb01,TX,48377,2,2022-11-09T01:00:00.000Z,FIPSCode,48377,0,2022-11-11T19:03:43.991Z,8,98.98,8,100,62962,1025,61.97,62492,550,33.25,63492,79,4.78,1671,99,1654,4047,8,8
1668193535,2022-11-11 13:05:35 -0600,32cb296d982421a409c45bc86f968f9610076da1,TX,48377,2,2022-11-09T01:00:00.000Z,FIPSCode,48377,0,2022-11-11T19:03:43.991Z,8,98.98,8,100,62962,1025,61.97,62492,550,33.25,63492,79,4.78,1671,99,1654,4047,8,8
1668193576,2022-11-11 13:06:16 -0600,3c9728d1a3f505e4d4032fca760f921e2c4683ca,TX,48377,2,2022-11-09T01:00:00.000Z,FIPSCode,48377,0,2022-11-11T19:03:43.991Z,8,98.98,8,100,62962,1025,61.97,62492,550,33.25,63492,79,4.78,1671,99,1654,4047,8,8
1668193617,2022-11-11 13:06:57 -0600,aecfce7415de9bb70b3ddc8c78cc1d8cca2013e0,TX,48377,2,2022-11-09T01:00:00.000Z,FIPSCode,48377,0,2022-11-11T19:03:43.991Z,8,98.98,8,100,62962,1025,61.97,62492,550,33.25,63492,79,4.78,1671,99,1654,4047,8,8
1668193660,2022-11-11 13:07:40 -0600,a224618fa5ff6ca734255b164425c8a7fb27df91,TX,48377,2,2022-11-09T01:00:00.000Z,FIPSCode,48377,0,2022-11-11T19:03:43.991Z,8,98.98,8,100,62962,1025,61.97,62492,550,33.25,63492,79,4.78,1671,99,1654,4047,8,8
1668193701,2022-11-11 13:08:21 -0600,051d1d2df0c659150e331fa5b2ce346de89ade42,TX,48377,2,2022-11-09T01:00:00.000Z,FIPSCode,48377,0,2022-11-11T19:03:43.991Z,8,98.98,8,100,62962,1025,61.97,62492,550,33.25,63492,79,4.78,1671,99,1654,4047,8,8
1668193744,2022-11-11 13:09:04 -0600,6d0d9b5c92ff38dd4821939986fbf7aa0d2ca279,TX,48377,2,2022-11-09T01:00:00.000Z,FIPSCode,48377,0,2022-11-11T19:03:43.991Z,8,98.98,8,100,62962,1025,61.97,62492,550,33.25,63492,79,4.78,1671,99,1654,4047,8,8
1668193785,2022-11-11 13:09:45 -0600,90092f0505d48aa69375bb114d400ed6fea4d698,TX,48377,2,2022-11-09T01:00:00.000Z,FIPSCode,48377,0,2022-11-11T19:03:43.991Z,8,98.98,8,100,62962,1025,61.97,62492,550,33.25,63492,79,4.78,1671,99,1654,4047,8,8
1668193826,2022-11-11 13:10:26 -0600,fdd70364fb0af5138b8669416c5da7900c81f832,TX,48377,2,2022-11-09T01:00:00.000Z,FIPSCode,48377,0,2022-11-11T19:03:43.991Z,8,98.98,8,100,62962,1025,61.97,62492,550,33.25,63492,79,4.78,1671,99,1654,4047,8,8
1668193867,2022-11-11 13:11:07 -0600,9aefbd75574f6cef306699f4fe91b9f25f652dad,TX,48377,2,2022-11-09T01:00:00.000Z,FIPSCode,48377,0,2022-11-11T19:03:43.991Z,8,98.98,8,100,62962,1025,61.97,62492,550,33.25,63492,79,4.78,1671,99,1654,4047,8,8
1668193909,2022-11-11 13:11:49 -0600,2334de99616ea577b4c8913508ea311fce190d78,TX,48377,2,2022-11-09T01:00:00.000Z,FIPSCode,48377,0,2022-11-11T19:03:43.991Z,8,98.98,8,100,62962,1025,61.97,62492,550,33.25,63492,79,4.78,1671,99,1654,4047,8,8
1668193950,2022-11-11 13:12:30 -0600,5ab19bddabcc5aebfb270bc7be9265144cba6824,TX,48377,2,2022-11-09T01:00:00.000Z,FIPSCode,48377,0,2022-11-11T19:03:43.991Z,8,98.98,8,100,62962,1025,61.97,62492,550,33.25,63492,79,4.78,1671,99,1654,4047,8,8
1668193992,2022-11-11 13:13:12 -0600,d25ab54a9bc09f4abdd27c0890a26c402e52ae72,TX,48377,2,2022-11-09T01:00:00.000Z,FIPSCode,48377,0,2022-11-11T19:03:43.991Z,8,98.98,8,100,62962,1025,61.97,62492,550,33.25,63492,79,4.78,1671,99,1654,4047,8,8
1668194033,2022-11-11 13:13:53 -0600,9ebf1ae37de6ebd41ab2192df140f0d419035b97,TX,48377,2,2022-11-09T01:00:00.000Z,FIPSCode,48377,0,2022-11-11T19:03:43.991Z,8,98.98,8,100,62962,1025,61.97,62492,550,33.25,63492,79,4.78,1671,99,1654,4047,8,8
1668194075,2022-11-11 13:14:35 -0600,d84ca3e01fe9de43dcc874559ad74e1589b2256a,TX,48377,2,2022-11-09T01:00:00.000Z,FIPSCode,48377,0,2022-11-11T19:14:18.507Z,8,98.98,8,100,62962,1025,61.97,62492,550,33.25,63492,79,4.78,1671,99,1654,4047,8,8
1668194116,2022-11-11 13:15:16 -0600,4ad6268b4792e2d7136645960d6f274192c36d46,TX,48377,2,2022-11-09T01:00:00.000Z,FIPSCode,48377,0,2022-11-11T19:14:18.507Z,8,98.98,8,100,62962,1025,61.97,62492,550,33.25,63492,79,4.78,1671,99,1654,4047,8,8
1668194157,2022-11-11 13:15:57 -0600,434f98ee0b418945a780737392ce61f01009c17f,TX,48377,2,2022-11-09T01:00:00.000Z,FIPSCode,48377,0,2022-11-11T19:15:40.195Z,8,98.98,8,100,62962,1025,61.97,62492,550,33.25,63492,79,4.78,1671,99,1654,4047,8,8
1668194199,2022-11-11 13:16:39 -0600,b3a02d7522afe8624251ad6acd4c3df031ee6c63,TX,48377,2,2022-11-09T01:00:00.000Z,FIPSCode,48377,0,2022-11-11T19:15:40.195Z,8,98.98,8,100,62962,1025,61.97,62492,550,33.25,63492,79,4.78,1671,99,1654,4047,8,8
1668194242,2022-11-11 13:17:22 -0600,0e8d4bb93c82c6ed7218950d09b52d5bec85cd51,TX,48377,2,2022-11-09T01:00:00.000Z,FIPSCode,48377,0,2022-11-11T19:16:59.971Z,8,98.98,8,100,62962,1025,61.97,62492,550,33.25,63492,79,4.78,1671,99,1654,4047,8,8
1668194283,2022-11-11 13:18:03 -0600,99b622b3f1cc5aa4f550b1631d383d91252389dc,TX,48377,2,2022-11-09T01:00:00.000Z,FIPSCode,48377,0,2022-11-11T19:16:59.971Z,8,98.98,8,100,62962,1025,61.97,62492,550,33.25,63492,79,4.78,1671,99,1654,4047,8,8
1668194324,2022-11-11 13:18:44 -0600,4b3ed8fdc48987fc897930c112ef9ba7578e2935,TX,48377,2,2022-11-09T01:00:00.000Z,FIPSCode,48377,0,2022-11-11T19:16:59.971Z,8,98.98,8,100,62962,1025,61.97,62492,550,33.25,63492,79,4.78,1671,99,1654,4047,8,8
1668194367,2022-11-11 13:19:27 -0600,090300cfca027497a283ca7bcc0c37a88ea8c5b7,TX,48377,2,2022-11-09T01:00:00.000Z,FIPSCode,48377,0,2022-11-11T19:16:59.971Z,8,98.98,8,100,62962,1025,61.97,62492,550,33.25,63492,79,4.78,1671,99,1654,4047,8,8
1668194408,2022-11-11 13:20:08 -0600,62764b741b81559feab3206bcf275c5c4e6ef13e,TX,48377,2,2022-11-09T01:00:00.000Z,FIPSCode,48377,0,2022-11-11T19:16:59.971Z,8,98.98,8,100,62962,1025,61.97,62492,550,33.25,63492,79,4.78,1671,99,1654,4047,8,8
1668194450,2022-11-11 13:20:50 -0600,aaf97d50e4f7d2e28f1ec95cc94579c83dfc2ac6,TX,48377,2,2022-11-09T01:00:00.000Z,FIPSCode,48377,0,2022-11-11T19:16:59.971Z,8,98.98,8,100,62962,1025,61.97,62492,550,33.25,63492,79,4.78,1671,99,1654,4047,8,8
1668194493,2022-11-11 13:21:33 -0600,3a72007bf60b716b5d4aab52c4661c6d95e89f36,TX,48377,2,2022-11-09T01:00:00.000Z,FIPSCode,48377,0,2022-11-11T19:16:59.971Z,8,98.98,8,100,62962,1025,61.97,62492,550,33.25,63492,79,4.78,1671,99,1654,4047,8,8
1668194534,2022-11-11 13:22:14 -0600,f3683924e89e599bb06c5c3612292fb03f27f7b2,TX,48377,2,2022-11-09T01:00:00.000Z,FIPSCode,48377,0,2022-11-11T19:16:59.971Z,8,98.98,8,100,62962,1025,61.97,62492,550,33.25,63492,79,4.78,1671,99,1654,4047,8,8
1668194577,2022-11-11 13:22:57 -0600,0d46aa1c4ad85b8f06c3e52a2e2eeac1d095be9c,TX,48377,2,2022-11-09T01:00:00.000Z,FIPSCode,48377,0,2022-11-11T19:16:59.971Z,8,98.98,8,100,62962,1025,61.97,62492,550,33.25,63492,79,4.78,1671,99,1654,4047,8,8
1668194618,2022-11-11 13:23:38 -0600,b11d29c649d6b5cd06f3bfec25dd88d1c01963d4,TX,48377,2,2022-11-09T01:00:00.000Z,FIPSCode,48377,0,2022-11-11T19:16:59.971Z,8,98.98,8,100,62962,1025,61.97,62492,550,33.25,63492,79,4.78,1671,99,1654,4047,8,8
1668194660,2022-11-11 13:24:20 -0600,d5ffa7d812c8e5f8baed4b1c6779b140e93b54aa,TX,48377,2,2022-11-09T01:00:00.000Z,FIPSCode,48377,0,2022-11-11T19:16:59.971Z,8,98.98,8,100,62962,1025,61.97,62492,550,33.25,63492,79,4.78,1671,99,1654,4047,8,8
1668194702,2022-11-11 13:25:02 -0600,7a022f1e5a6cdeac9979f85dc9344e3917542e68,TX,48377,2,2022-11-09T01:00:00.000Z,FIPSCode,48377,0,2022-11-11T19:16:59.971Z,8,98.98,8,100,62962,1025,61.97,62492,550,33.25,63492,79,4.78,1671,99,1654,4047,8,8
1668194743,2022-11-11 13:25:43 -0600,324ce83fa6a3d466380c084e480da3ee57897671,TX,48377,2,2022-11-09T01:00:00.000Z,FIPSCode,48377,0,2022-11-11T19:16:59.971Z,8,98.98,8,100,62962,1025,61.97,62492,550,33.25,63492,79,4.78,1671,99,1654,4047,8,8
1668194783,2022-11-11 13:26:23 -0600,6c0b4638d2b3dfd53bd5731d7a6d0cfe00253362,TX,48377,2,2022-11-09T01:00:00.000Z,FIPSCode,48377,0,2022-11-11T19:16:59.971Z,8,98.98,8,100,62962,1025,61.97,62492,550,33.25,63492,79,4.78,1671,99,1654,4047,8,8
1668194825,2022-11-11 13:27:05 -0600,1e83391d5d6afcced9f95967c2e892dc19bb6456,TX,48377,2,2022-11-09T01:00:00.000Z,FIPSCode,48377,0,2022-11-11T19:16:59.971Z,8,98.98,8,100,62962,1025,61.97,62492,550,33.25,63492,79,4.78,1671,99,1654,4047,8,8
1668194866,2022-11-11 13:27:46 -0600,572b5a427da15202fc9a9111b509b83f8ea61912,TX,48377,2,2022-11-09T01:00:00.000Z,FIPSCode,48377,0,2022-11-11T19:16:59.971Z,8,98.98,8,100,62962,1025,61.97,62492,550,33.25,63492,79,4.78,1671,99,1654,4047,8,8
1668194908,2022-11-11 13:28:28 -0600,48e163c463c2c788ffaf20959ec5708cf9af60ff,TX,48377,2,2022-11-09T01:00:00.000Z,FIPSCode,48377,0,2022-11-11T19:16:59.971Z,8,98.98,8,100,62962,1025,61.97,62492,550,33.25,63492,79,4.78,1671,99,1654,4047,8,8
1668194948,2022-11-11 13:29:08 -0600,20f7f795a8df6e6ad6575ef70e35df64b78f9e3b,TX,48377,2,2022-11-09T01:00:00.000Z,FIPSCode,48377,0,2022-11-11T19:16:59.971Z,8,98.98,8,100,62962,1025,61.97,62492,550,33.25,63492,79,4.78,1671,99,1654,4047,8,8
1668194990,2022-11-11 13:29:50 -0600,9392efc09bd1771cfe5242d377a6515a72a69c4d,TX,48377,2,2022-11-09T01:00:00.000Z,FIPSCode,48377,0,2022-11-11T19:16:59.971Z,8,98.98,8,100,62962,1025,61.97,62492,550,33.25,63492,79,4.78,1671,99,1654,4047,8,8
1668195036,2022-11-11 13:30:36 -0600,88c3564827e6860afd33da1759f6b2102495978a,TX,48377,2,2022-11-09T01:00:00.000Z,FIPSCode,48377,0,2022-11-11T19:16:59.971Z,8,98.98,8,100,62962,1025,61.97,62492,550,33.25,63492,79,4.78,1671,99,1654,4047,8,8
1668195075,2022-11-11 13:31:15 -0600,7f451ed3c1695f466b9301f87ee08a3b377e0a12,TX,48377,2,2022-11-09T01:00:00.000Z,FIPSCode,48377,0,2022-11-11T19:16:59.971Z,8,98.98,8,100,62962,1025,61.97,62492,550,33.25,63492,79,4.78,1671,99,1654,4047,8,8
1668195118,2022-11-11 13:31:58 -0600,7775140da4a707504a30503e05d4e8c3ad3b1ee5,TX,48377,2,2022-11-09T01:00:00.000Z,FIPSCode,48377,0,2022-11-11T19:16:59.971Z,8,98.98,8,100,62962,1025,61.97,62492,550,33.25,63492,79,4.78,1671,99,1654,4047,8,8
1668195160,2022-11-11 13:32:40 -0600,2328a3bfc22b46ecf1e64f714fc7f5adc7bc4461,TX,48377,2,2022-11-09T01:00:00.000Z,FIPSCode,48377,0,2022-11-11T19:16:59.971Z,8,98.98,8,100,62962,1025,61.97,62492,550,33.25,63492,79,4.78,1671,99,1654,4047,8,8
1668195202,2022-11-11 13:33:22 -0600,346ea853a65a85062ce24d7f53b369a3caca737a,TX,48377,2,2022-11-09T01:00:00.000Z,FIPSCode,48377,0,2022-11-11T19:16:59.971Z,8,98.98,8,100,62962,1025,61.97,62492,550,33.25,63492,79,4.78,1671,99,1654,4047,8,8
1668195243,2022-11-11 13:34:03 -0600,d5bd2820e471cdea49c4d1bb34d214f31ab89274,TX,48377,2,2022-11-09T01:00:00.000Z,FIPSCode,48377,0,2022-11-11T19:16:59.971Z,8,98.98,8,100,62962,1025,61.97,62492,550,33.25,63492,79,4.78,1671,99,1654,4047,8,8
1668195285,2022-11-11 13:34:45 -0600,d213e734d509612f7edea8b1e79b54e2b93216f7,TX,48377,2,2022-11-09T01:00:00.000Z,FIPSCode,48377,0,2022-11-11T19:16:59.971Z,8,98.98,8,100,62962,1025,61.97,62492,550,33.25,63492,79,4.78,1671,99,1654,4047,8,8
1668195327,2022-11-11 13:35:27 -0600,30100c77ab65a1579c7f8857281ac78ed6a3472a,TX,48377,2,2022-11-09T01:00:00.000Z,FIPSCode,48377,0,2022-11-11T19:16:59.971Z,8,98.98,8,100,62962,1025,61.97,62492,550,33.25,63492,79,4.78,1671,99,1654,4047,8,8
1668195368,2022-11-11 13:36:08 -0600,adf49dbbc752ca1d95627c17ef6fbfc0e4a99208,TX,48377,2,2022-11-09T01:00:00.000Z,FIPSCode,48377,0,2022-11-11T19:35:40.373Z,8,98.98,8,100,62962,1025,61.97,62492,550,33.25,63492,79,4.78,1671,99,1654,4047,8,8
1668195409,2022-11-11 13:36:49 -0600,8c5d980d1b84ee343a00e529e6fdcb6735f8fd54,TX,48377,2,2022-11-09T01:00:00.000Z,FIPSCode,48377,0,2022-11-11T19:35:40.373Z,8,98.98,8,100,62962,1025,61.97,62492,550,33.25,63492,79,4.78,1671,99,1654,4047,8,8
1668195451,2022-11-11 13:37:31 -0600,36d6ae0edcc934a85068caf7d86e336f85b4ca22,TX,48377,2,2022-11-09T01:00:00.000Z,FIPSCode,48377,0,2022-11-11T19:36:41.051Z,8,98.98,8,100,62962,1025,61.97,62492,550,33.25,63492,79,4.78,1671,99,1654,4047,8,8
1668195494,2022-11-11 13:38:14 -0600,c4d9c99bf85b77f9210d5c60498097fd7c0f6ff5,TX,48377,2,2022-11-09T01:00:00.000Z,FIPSCode,48377,0,2022-11-11T19:37:22.767Z,8,98.98,8,100,62962,1025,61.97,62492,550,33.25,63492,79,4.78,1671,99,1654,4047,8,8
1668195578,2022-11-11 13:39:38 -0600,496b3f3ad3187629055c02355b9fa2a5458049d8,TX,48377,2,2022-11-09T01:00:00.000Z,FIPSCode,48377,0,2022-11-11T19:38:40.141Z,8,98.98,8,100,62962,1025,61.97,62492,550,33.25,63492,79,4.78,1671,99,1654,4047,8,8
1668195620,2022-11-11 13:40:20 -0600,a7b546dfd997274f9f6a415db45cfb2140562629,TX,48377,2,2022-11-09T01:00:00.000Z,FIPSCode,48377,0,2022-11-11T19:38:40.141Z,8,98.98,8,100,62962,1025,61.97,62492,550,33.25,63492,79,4.78,1671,99,1654,4047,8,8
1668195745,2022-11-11 13:42:25 -0600,eca568ed547f3bdd1ec829c8b8a13bd6399bfb2f,TX,48377,2,2022-11-09T01:00:00.000Z,FIPSCode,48377,0,2022-11-11T19:38:40.141Z,8,98.98,8,100,62962,1025,61.97,62492,550,33.25,63492,79,4.78,1671,99,1654,4047,8,8
1668195786,2022-11-11 13:43:06 -0600,39060a19b58f5335dfd15eb8a1e4fe6088a6e827,TX,48377,2,2022-11-09T01:00:00.000Z,FIPSCode,48377,0,2022-11-11T19:38:40.141Z,8,98.98,8,100,62962,1025,61.97,62492,550,33.25,63492,79,4.78,1671,99,1654,4047,8,8
1668195828,2022-11-11 13:43:48 -0600,2002f85695a7cb5a712d7d44805cc4081761a886,TX,48377,2,2022-11-09T01:00:00.000Z,FIPSCode,48377,0,2022-11-11T19:38:40.141Z,8,98.98,8,100,62962,1025,61.97,62492,550,33.25,63492,79,4.78,1671,99,1654,4047,8,8
1668195870,2022-11-11 13:44:30 -0600,78150d92ae9744159735813e8593d180ba497e4e,TX,48377,2,2022-11-09T01:00:00.000Z,FIPSCode,48377,0,2022-11-11T19:38:40.141Z,8,98.98,8,100,62962,1025,61.97,62492,550,33.25,63492,79,4.78,1671,99,1654,4047,8,8
1668195912,2022-11-11 13:45:12 -0600,8cffb93f01f46875afe1cad7a12afe9899b87102,TX,48377,2,2022-11-09T01:00:00.000Z,FIPSCode,48377,0,2022-11-11T19:38:40.141Z,8,98.98,8,100,62962,1025,61.97,62492,550,33.25,63492,79,4.78,1671,99,1654,4047,8,8
1668195954,2022-11-11 13:45:54 -0600,f858f39080d29ccc4ae31495e4871417acaba04e,TX,48377,2,2022-11-09T01:00:00.000Z,FIPSCode,48377,0,2022-11-11T19:38:40.141Z,8,98.98,8,100,62962,1025,61.97,62492,550,33.25,63492,79,4.78,1671,99,1654,4047,8,8
1668195997,2022-11-11 13:46:37 -0600,a7b1ea0e2b7c75c27ab408081416b9622ffb3ef4,TX,48377,2,2022-11-09T01:00:00.000Z,FIPSCode,48377,0,2022-11-11T19:38:40.141Z,8,98.98,8,100,62962,1025,61.97,62492,550,33.25,63492,79,4.78,1671,99,1654,4047,8,8
1668196037,2022-11-11 13:47:17 -0600,a1370ecd35d52cd57c14f3db9205209e1e873f7a,TX,48377,2,2022-11-09T01:00:00.000Z,FIPSCode,48377,0,2022-11-11T19:38:40.141Z,8,98.98,8,100,62962,1025,61.97,62492,550,33.25,63492,79,4.78,1671,99,1654,4047,8,8
1668196080,2022-11-11 13:48:00 -0600,ffdb7f56642bc04bdbb82ce422f42e44e093ad6e,TX,48377,2,2022-11-09T01:00:00.000Z,FIPSCode,48377,0,2022-11-11T19:38:40.141Z,8,98.98,8,100,62962,1025,61.97,62492,550,33.25,63492,79,4.78,1671,99,1654,4047,8,8
1668196122,2022-11-11 13:48:42 -0600,a9f704fc4c1a3de27ee6b95f445b31b4d6dd095b,TX,48377,2,2022-11-09T01:00:00.000Z,FIPSCode,48377,0,2022-11-11T19:38:40.141Z,8,98.98,8,100,62962,1025,61.97,62492,550,33.25,63492,79,4.78,1671,99,1654,4047,8,8
1668196164,2022-11-11 13:49:24 -0600,1f2431f11bcee9b5257f6b776832838d4be17e1c,TX,48377,2,2022-11-09T01:00:00.000Z,FIPSCode,48377,0,2022-11-11T19:38:40.141Z,8,98.98,8,100,62962,1025,61.97,62492,550,33.25,63492,79,4.78,1671,99,1654,4047,8,8
1668196249,2022-11-11 13:50:49 -0600,68db3359c8be508d4f198e27c54738fd37cebb5c,TX,48377,2,2022-11-09T01:00:00.000Z,FIPSCode,48377,0,2022-11-11T19:38:40.141Z,8,98.98,8,100,62962,1025,61.97,62492,550,33.25,63492,79,4.78,1671,99,1654,4047,8,8
1668196290,2022-11-11 13:51:30 -0600,d513fdb764beb2a11a143972a80f220da4129d69,TX,48377,2,2022-11-09T01:00:00.000Z,FIPSCode,48377,0,2022-11-11T19:38:40.141Z,8,98.98,8,100,62962,1025,61.97,62492,550,33.25,63492,79,4.78,1671,99,1654,4047,8,8
1668196332,2022-11-11 13:52:12 -0600,989a79f87bccd80db3cf528c11c77c4eb5fe77d1,TX,48377,2,2022-11-09T01:00:00.000Z,FIPSCode,48377,0,2022-11-11T19:38:40.141Z,8,98.98,8,100,62962,1025,61.97,62492,550,33.25,63492,79,4.78,1671,99,1654,4047,8,8
1668196374,2022-11-11 13:52:54 -0600,37cff1b3e79789e78f6ac0312714dd529c3585a7,TX,48377,2,2022-11-09T01:00:00.000Z,FIPSCode,48377,0,2022-11-11T19:38:40.141Z,8,98.98,8,100,62962,1025,61.97,62492,550,33.25,63492,79,4.78,1671,99,1654,4047,8,8
1668196416,2022-11-11 13:53:36 -0600,2921d1386967cdbb90b7277bff854f5c4e4c960e,TX,48377,2,2022-11-09T01:00:00.000Z,FIPSCode,48377,0,2022-11-11T19:38:40.141Z,8,98.98,8,100,62962,1025,61.97,62492,550,33.25,63492,79,4.78,1671,99,1654,4047,8,8
1668196457,2022-11-11 13:54:17 -0600,2f6f9ca2fa9449f5be99f7c915d9180ff5532f97,TX,48377,2,2022-11-09T01:00:00.000Z,FIPSCode,48377,0,2022-11-11T19:38:40.141Z,8,98.98,8,100,62962,1025,61.97,62492,550,33.25,63492,79,4.78,1671,99,1654,4047,8,8
1668196500,2022-11-11 13:55:00 -0600,15d95db8854382ce1d0148d72a2a70b860006fb4,TX,48377,2,2022-11-09T01:00:00.000Z,FIPSCode,48377,0,2022-11-11T19:38:40.141Z,8,98.98,8,100,62962,1025,61.97,62492,550,33.25,63492,79,4.78,1671,99,1654,4047,8,8
1668196541,2022-11-11 13:55:41 -0600,3c96a74bf55aa543184d3e6f71de3f72ffeabf8a,TX,48377,2,2022-11-09T01:00:00.000Z,FIPSCode,48377,0,2022-11-11T19:38:40.141Z,8,98.98,8,100,62962,1025,61.97,62492,550,33.25,63492,79,4.78,1671,99,1654,4047,8,8
1668196584,2022-11-11 13:56:24 -0600,b09c91814167435e0646d524f61bb1c2c9af7f99,TX,48377,2,2022-11-09T01:00:00.000Z,FIPSCode,48377,0,2022-11-11T19:38:40.141Z,8,98.98,8,100,62962,1025,61.97,62492,550,33.25,63492,79,4.78,1671,99,1654,4047,8,8
1668196626,2022-11-11 13:57:06 -0600,d309d5d325eb7d3971ced1db16a2bc87354b6f7c,TX,48377,2,2022-11-09T01:00:00.000Z,FIPSCode,48377,0,2022-11-11T19:38:40.141Z,8,98.98,8,100,62962,1025,61.97,62492,550,33.25,63492,79,4.78,1671,99,1654,4047,8,8
1668196668,2022-11-11 13:57:48 -0600,c25549a3b03554044b100cb4b00f2e378ee149f4,TX,48377,2,2022-11-09T01:00:00.000Z,FIPSCode,48377,0,2022-11-11T19:38:40.141Z,8,98.98,8,100,62962,1025,61.97,62492,550,33.25,63492,79,4.78,1671,99,1654,4047,8,8
1668196750,2022-11-11 13:59:10 -0600,bb03475f9d6ca1028ed48b4dfa3446c76461c651,TX,48377,2,2022-11-09T01:00:00.000Z,FIPSCode,48377,0,2022-11-11T19:38:40.141Z,8,98.98,8,100,62962,1025,61.97,62492,550,33.25,63492,79,4.78,1671,99,1654,4047,8,8
1668196792,2022-11-11 13:59:52 -0600,5f1facf54b04a223b5ef7ac120a2a9a14a332cbb,TX,48377,2,2022-11-09T01:00:00.000Z,FIPSCode,48377,0,2022-11-11T19:38:40.141Z,8,98.98,8,100,62962,1025,61.97,62492,550,33.25,63492,79,4.78,1671,99,1654,4047,8,8
1668196833,2022-11-11 14:00:33 -0600,18a672d83e3675b864da25faa3c397184930a196,TX,48377,2,2022-11-09T01:00:00.000Z,FIPSCode,48377,0,2022-11-11T19:38:40.141Z,8,98.98,8,100,62962,1025,61.97,62492,550,33.25,63492,79,4.78,1671,99,1654,4047,8,8
1668196875,2022-11-11 14:01:15 -0600,a26cca1ec3051cddc95b2c8ac2d0ceb1b74cee54,TX,48377,2,2022-11-09T01:00:00.000Z,FIPSCode,48377,0,2022-11-11T19:38:40.141Z,8,98.98,8,100,62962,1025,61.97,62492,550,33.25,63492,79,4.78,1671,99,1654,4047,8,8
1668196917,2022-11-11 14:01:57 -0600,766c3c65aa0233389a8c493d3b72f2e38cd5d6fa,TX,48377,2,2022-11-09T01:00:00.000Z,FIPSCode,48377,0,2022-11-11T20:01:19.354Z,8,98.98,8,100,62962,1025,61.97,62492,550,33.25,63492,79,4.78,1671,99,1654,4047,8,8
1668196960,2022-11-11 14:02:40 -0600,c9666f1cb67be1fa7085fcb4f9fae4538d11a417,TX,48377,2,2022-11-09T01:00:00.000Z,FIPSCode,48377,0,2022-11-11T20:01:19.354Z,8,98.98,8,100,62962,1025,61.97,62492,550,33.25,63492,79,4.78,1671,99,1654,4047,8,8
1668197002,2022-11-11 14:03:22 -0600,2007ec4fe4cbfe3ae21c80d3f84eee8fb5054ccc,TX,48377,2,2022-11-09T01:00:00.000Z,FIPSCode,48377,0,2022-11-11T20:02:55.629Z,8,98.98,8,100,62962,1025,61.97,62492,550,33.25,63492,79,4.78,1671,99,1654,4047,8,8
1668197043,2022-11-11 14:04:03 -0600,89221c9f46ac80e79d76e249f21e66507de225ca,TX,48377,2,2022-11-09T01:00:00.000Z,FIPSCode,48377,0,2022-11-11T20:02:55.629Z,8,98.98,8,100,62962,1025,61.97,62492,550,33.25,63492,79,4.78,1671,99,1654,4047,8,8
1668197084,2022-11-11 14:04:44 -0600,3c82e02f45d05838fa1ca528d06752c58899af68,TX,48377,2,2022-11-09T01:00:00.000Z,FIPSCode,48377,0,2022-11-11T20:03:56.882Z,8,98.98,8,100,62962,1025,61.97,62492,550,33.25,63492,79,4.78,1671,99,1654,4047,8,8
1668197127,2022-11-11 14:05:27 -0600,b8bc28027af2b14223a87384a6b4395bc5d0774d,TX,48377,2,2022-11-09T01:00:00.000Z,FIPSCode,48377,0,2022-11-11T20:03:56.882Z,8,98.98,8,100,62962,1025,61.97,62492,550,33.25,63492,79,4.78,1671,99,1654,4047,8,8
1668197169,2022-11-11 14:06:09 -0600,1a06e17fe97aebd5ec3fe86f4cee3a48a03acd10,TX,48377,2,2022-11-09T01:00:00.000Z,FIPSCode,48377,0,2022-11-11T20:03:56.882Z,8,98.98,8,100,62962,1025,61.97,62492,550,33.25,63492,79,4.78,1671,99,1654,4047,8,8
1668197211,2022-11-11 14:06:51 -0600,96c0d5f45285ca6718e2e4c8ca64337b194ebe9b,TX,48377,2,2022-11-09T01:00:00.000Z,FIPSCode,48377,0,2022-11-11T20:03:56.882Z,8,98.98,8,100,62962,1025,61.97,62492,550,33.25,63492,79,4.78,1671,99,1654,4047,8,8
1668197253,2022-11-11 14:07:33 -0600,f5944ad3ed9d8b8b407bb5735aaa5b7530338462,TX,48377,2,2022-11-09T01:00:00.000Z,FIPSCode,48377,0,2022-11-11T20:03:56.882Z,8,98.98,8,100,62962,1025,61.97,62492,550,33.25,63492,79,4.78,1671,99,1654,4047,8,8
1668197295,2022-11-11 14:08:15 -0600,19cd1c30cd8d13ff322de48b7ab783aa7214bc23,TX,48377,2,2022-11-09T01:00:00.000Z,FIPSCode,48377,0,2022-11-11T20:03:56.882Z,8,98.98,8,100,62962,1025,61.97,62492,550,33.25,63492,79,4.78,1671,99,1654,4047,8,8
1668197337,2022-11-11 14:08:57 -0600,7104d640b30f3d28c44b3665a1d32c8a02fd11c4,TX,48377,2,2022-11-09T01:00:00.000Z,FIPSCode,48377,0,2022-11-11T20:03:56.882Z,8,98.98,8,100,62962,1025,61.97,62492,550,33.25,63492,79,4.78,1671,99,1654,4047,8,8
1668197379,2022-11-11 14:09:39 -0600,e73ab9bc80ed0be9b5111774aec51b9c823d5101,TX,48377,2,2022-11-09T01:00:00.000Z,FIPSCode,48377,0,2022-11-11T20:03:56.882Z,8,98.98,8,100,62962,1025,61.97,62492,550,33.25,63492,79,4.78,1671,99,1654,4047,8,8
1668197421,2022-11-11 14:10:21 -0600,3a6b09251fa8307dab8234087009ee8ab844ee37,TX,48377,2,2022-11-09T01:00:00.000Z,FIPSCode,48377,0,2022-11-11T20:03:56.882Z,8,98.98,8,100,62962,1025,61.97,62492,550,33.25,63492,79,4.78,1671,99,1654,4047,8,8
1668197464,2022-11-11 14:11:04 -0600,4b19fbfc3b86effd44dc45f8f3a9b73bce8243a1,TX,48377,2,2022-11-09T01:00:00.000Z,FIPSCode,48377,0,2022-11-11T20:03:56.882Z,8,98.98,8,100,62962,1025,61.97,62492,550,33.25,63492,79,4.78,1671,99,1654,4047,8,8
1668197505,2022-11-11 14:11:45 -0600,5ba5b17e0ad9d560e6584daefc5f2678d349f2e7,TX,48377,2,2022-11-09T01:00:00.000Z,FIPSCode,48377,0,2022-11-11T20:03:56.882Z,8,98.98,8,100,62962,1025,61.97,62492,550,33.25,63492,79,4.78,1671,99,1654,4047,8,8
1668197546,2022-11-11 14:12:26 -0600,71291dfeb3bdece8b451fa5ffb226c4999f80aa1,TX,48377,2,2022-11-09T01:00:00.000Z,FIPSCode,48377,0,2022-11-11T20:03:56.882Z,8,98.98,8,100,62962,1025,61.97,62492,550,33.25,63492,79,4.78,1671,99,1654,4047,8,8
1668197589,2022-11-11 14:13:09 -0600,02b7aaab67526ad481daec63679f2fb032fc5cad,TX,48377,2,2022-11-09T01:00:00.000Z,FIPSCode,48377,0,2022-11-11T20:03:56.882Z,8,98.98,8,100,62962,1025,61.97,62492,550,33.25,63492,79,4.78,1671,99,1654,4047,8,8
1668197630,2022-11-11 14:13:50 -0600,1e75857b3f82a0bdd967183bec482e746cfec8ac,TX,48377,2,2022-11-09T01:00:00.000Z,FIPSCode,48377,0,2022-11-11T20:03:56.882Z,8,98.98,8,100,62962,1025,61.97,62492,550,33.25,63492,79,4.78,1671,99,1654,4047,8,8
1668197673,2022-11-11 14:14:33 -0600,c076e47929b732ae50e3f5b9163f955b3c332d03,TX,48377,2,2022-11-09T01:00:00.000Z,FIPSCode,48377,0,2022-11-11T20:03:56.882Z,8,98.98,8,100,62962,1025,61.97,62492,550,33.25,63492,79,4.78,1671,99,1654,4047,8,8
1668197715,2022-11-11 14:15:15 -0600,7754f31b7c9df235ca641ddb6d3405f05e5708c3,TX,48377,2,2022-11-09T01:00:00.000Z,FIPSCode,48377,0,2022-11-11T20:14:36.879Z,8,98.98,8,100,62962,1025,61.97,62492,550,33.25,63492,79,4.78,1671,99,1654,4047,8,8
1668197757,2022-11-11 14:15:57 -0600,abd4923ed287453f966eedfc6bb0e600be1e3c13,TX,48377,2,2022-11-09T01:00:00.000Z,FIPSCode,48377,0,2022-11-11T20:15:40.250Z,8,98.98,8,100,62962,1025,61.97,62492,550,33.25,63492,79,4.78,1671,99,1654,4047,8,8
1668197799,2022-11-11 14:16:39 -0600,12379eb07456bf52ac050ed974ee5fbfba899498,TX,48377,2,2022-11-09T01:00:00.000Z,FIPSCode,48377,0,2022-11-11T20:16:19.921Z,8,98.98,8,100,62962,1025,61.97,62492,550,33.25,63492,79,4.78,1671,99,1654,4047,8,8
1668197840,2022-11-11 14:17:20 -0600,6d5ac01ec039706b77c27cca4995f0e1df80c9db,TX,48377,2,2022-11-09T01:00:00.000Z,FIPSCode,48377,0,2022-11-11T20:16:19.921Z,8,98.98,8,100,62962,1025,61.97,62492,550,33.25,63492,79,4.78,1671,99,1654,4047,8,8
1668197884,2022-11-11 14:18:04 -0600,cb6c5a39c5e92967782f195c09f49bd248f2d828,TX,48377,2,2022-11-09T01:00:00.000Z,FIPSCode,48377,0,2022-11-11T20:17:17.934Z,8,98.98,8,100,62962,1025,61.97,62492,550,33.25,63492,79,4.78,1671,99,1654,4047,8,8
1668197926,2022-11-11 14:18:46 -0600,f8a8fab0e99ba356e8b6eff7e07fb4a772011883,TX,48377,2,2022-11-09T01:00:00.000Z,FIPSCode,48377,0,2022-11-11T20:17:17.934Z,8,98.98,8,100,62962,1025,61.97,62492,550,33.25,63492,79,4.78,1671,99,1654,4047,8,8
1668198012,2022-11-11 14:20:12 -0600,3e9fe59340efa40158f4ed912d3c3d5bc46d065f,TX,48377,2,2022-11-09T01:00:00.000Z,FIPSCode,48377,0,2022-11-11T20:17:17.934Z,8,98.98,8,100,62962,1025,61.97,62492,550,33.25,63492,79,4.78,1671,99,1654,4047,8,8
1668198055,2022-11-11 14:20:55 -0600,512a919c0fcc35ce661b40f9f4a1baeef5947648,TX,48377,2,2022-11-09T01:00:00.000Z,FIPSCode,48377,0,2022-11-11T20:17:17.934Z,8,98.98,8,100,62962,1025,61.97,62492,550,33.25,63492,79,4.78,1671,99,1654,4047,8,8
1668198139,2022-11-11 14:22:19 -0600,d5352db8c21e1d5f92355d772edf5badadfa16fb,TX,48377,2,2022-11-09T01:00:00.000Z,FIPSCode,48377,0,2022-11-11T20:17:17.934Z,8,98.98,8,100,62962,1025,61.97,62492,550,33.25,63492,79,4.78,1671,99,1654,4047,8,8
1668198181,2022-11-11 14:23:01 -0600,b65fd3207d5a4002fc35a83fbb7ef763e6eeca37,TX,48377,2,2022-11-09T01:00:00.000Z,FIPSCode,48377,0,2022-11-11T20:17:17.934Z,8,98.98,8,100,62962,1025,61.97,62492,550,33.25,63492,79,4.78,1671,99,1654,4047,8,8
1668198224,2022-11-11 14:23:44 -0600,d70788a9e27f3b965736173d77d6fd4185240d02,TX,48377,2,2022-11-09T01:00:00.000Z,FIPSCode,48377,0,2022-11-11T20:17:17.934Z,8,98.98,8,100,62962,1025,61.97,62492,550,33.25,63492,79,4.78,1671,99,1654,4047,8,8
1668198264,2022-11-11 14:24:24 -0600,bd8502b7a693e0a732fe43fc099e3e1ead441d5d,TX,48377,2,2022-11-09T01:00:00.000Z,FIPSCode,48377,0,2022-11-11T20:17:17.934Z,8,98.98,8,100,62962,1025,61.97,62492,550,33.25,63492,79,4.78,1671,99,1654,4047,8,8
1668198306,2022-11-11 14:25:06 -0600,56691a9657fc449e10145237bfe9091418bf11a6,TX,48377,2,2022-11-09T01:00:00.000Z,FIPSCode,48377,0,2022-11-11T20:17:17.934Z,8,98.98,8,100,62962,1025,61.97,62492,550,33.25,63492,79,4.78,1671,99,1654,4047,8,8
1668198348,2022-11-11 14:25:48 -0600,af7d8c38dbde786806d84240b0ea63c70e0e0141,TX,48377,2,2022-11-09T01:00:00.000Z,FIPSCode,48377,0,2022-11-11T20:17:17.934Z,8,98.98,8,100,62962,1025,61.97,62492,550,33.25,63492,79,4.78,1671,99,1654,4047,8,8
1668198390,2022-11-11 14:26:30 -0600,50cb81c7079ea2ca8acaf9b975cd30faf6f0866f,TX,48377,2,2022-11-09T01:00:00.000Z,FIPSCode,48377,0,2022-11-11T20:17:17.934Z,8,98.98,8,100,62962,1025,61.97,62492,550,33.25,63492,79,4.78,1671,99,1654,4047,8,8
1668198434,2022-11-11 14:27:14 -0600,7e65408ecbfaeb83d1b3f4b3c88e14e3a0c523d2,TX,48377,2,2022-11-09T01:00:00.000Z,FIPSCode,48377,0,2022-11-11T20:17:17.934Z,8,98.98,8,100,62962,1025,61.97,62492,550,33.25,63492,79,4.78,1671,99,1654,4047,8,8
1668198475,2022-11-11 14:27:55 -0600,261dcf231db236ec15fee0b14c7f66a279247538,TX,48377,2,2022-11-09T01:00:00.000Z,FIPSCode,48377,0,2022-11-11T20:17:17.934Z,8,98.98,8,100,62962,1025,61.97,62492,550,33.25,63492,79,4.78,1671,99,1654,4047,8,8
1668198518,2022-11-11 14:28:38 -0600,2bd6449de59cabfd0f303163ecb701bdef83169b,TX,48377,2,2022-11-09T01:00:00.000Z,FIPSCode,48377,0,2022-11-11T20:17:17.934Z,8,98.98,8,100,62962,1025,61.97,62492,550,33.25,63492,79,4.78,1671,99,1654,4047,8,8
1668198559,2022-11-11 14:29:19 -0600,49826c62ee86e5b4c07f2b2ecadcdbd8a3646977,TX,48377,2,2022-11-09T01:00:00.000Z,FIPSCode,48377,0,2022-11-11T20:17:17.934Z,8,98.98,8,100,62962,1025,61.97,62492,550,33.25,63492,79,4.78,1671,99,1654,4047,8,8
1668198600,2022-11-11 14:30:00 -0600,2c6e07019365793a86b0467ddc96474aec098f1b,TX,48377,2,2022-11-09T01:00:00.000Z,FIPSCode,48377,0,2022-11-11T20:17:17.934Z,8,98.98,8,100,62962,1025,61.97,62492,550,33.25,63492,79,4.78,1671,99,1654,4047,8,8
1668198642,2022-11-11 14:30:42 -0600,f5d95edc2290ee05c0a3f8b312d26078aed5ee5c,TX,48377,2,2022-11-09T01:00:00.000Z,FIPSCode,48377,0,2022-11-11T20:17:17.934Z,8,98.98,8,100,62962,1025,61.97,62492,550,33.25,63492,79,4.78,1671,99,1654,4047,8,8
1668198683,2022-11-11 14:31:23 -0600,835391502ccb1d316d8917008f69d2fa929cbe9d,TX,48377,2,2022-11-09T01:00:00.000Z,FIPSCode,48377,0,2022-11-11T20:17:17.934Z,8,98.98,8,100,62962,1025,61.97,62492,550,33.25,63492,79,4.78,1671,99,1654,4047,8,8
1668198725,2022-11-11 14:32:05 -0600,1b858648fade2a6042df247fc155b0767c3fe3f7,TX,48377,2,2022-11-09T01:00:00.000Z,FIPSCode,48377,0,2022-11-11T20:17:17.934Z,8,98.98,8,100,62962,1025,61.97,62492,550,33.25,63492,79,4.78,1671,99,1654,4047,8,8
1668198768,2022-11-11 14:32:48 -0600,9d3bef8f69b6f0739a0aa9ef100078cee83144d5,TX,48377,2,2022-11-09T01:00:00.000Z,FIPSCode,48377,0,2022-11-11T20:32:19.258Z,8,98.98,8,100,62962,1025,61.97,62492,550,33.25,63492,79,4.78,1671,99,1654,4047,8,8
1668198810,2022-11-11 14:33:30 -0600,b172cfcd149f7d6fac50c8d7135ace8d064938a4,TX,48377,2,2022-11-09T01:00:00.000Z,FIPSCode,48377,0,2022-11-11T20:32:19.258Z,8,98.98,8,100,62962,1025,61.97,62492,550,33.25,63492,79,4.78,1671,99,1654,4047,8,8
1668198853,2022-11-11 14:34:13 -0600,e7ff84eeb8355034dea97e4b0f49b9f3318ed34d,TX,48377,2,2022-11-09T01:00:00.000Z,FIPSCode,48377,0,2022-11-11T20:33:38.974Z,8,98.98,8,100,62962,1025,61.97,62492,550,33.25,63492,79,4.78,1671,99,1654,4047,8,8
1668198895,2022-11-11 14:34:55 -0600,43a9500544d373f50c03d09b08a32e7dc7527b6e,TX,48377,2,2022-11-09T01:00:00.000Z,FIPSCode,48377,0,2022-11-11T20:34:17.708Z,8,98.98,8,100,62962,1025,61.97,62492,550,33.25,63492,79,4.78,1671,99,1654,4047,8,8
1668198936,2022-11-11 14:35:36 -0600,a913ff34ebb3e3349b2f334cd8798e1587049470,TX,48377,2,2022-11-09T01:00:00.000Z,FIPSCode,48377,0,2022-11-11T20:34:17.708Z,8,98.98,8,100,62962,1025,61.97,62492,550,33.25,63492,79,4.78,1671,99,1654,4047,8,8
1668198977,2022-11-11 14:36:17 -0600,4a04c2409b2e7408c6d406bfb090ae23160fd44f,TX,48377,2,2022-11-09T01:00:00.000Z,FIPSCode,48377,0,2022-11-11T20:34:17.708Z,8,98.98,8,100,62962,1025,61.97,62492,550,33.25,63492,79,4.78,1671,99,1654,4047,8,8
1668199020,2022-11-11 14:37:00 -0600,c73a5cc6526a11a42fcdddeb155cc4bb785ca4c1,TX,48377,2,2022-11-09T01:00:00.000Z,FIPSCode,48377,0,2022-11-11T20:34:17.708Z,8,98.98,8,100,62962,1025,61.97,62492,550,33.25,63492,79,4.78,1671,99,1654,4047,8,8
1668199105,2022-11-11 14:38:25 -0600,37d8ac747d1cdd0c5a5ca7e66e6dfaec5812fd26,TX,48377,2,2022-11-09T01:00:00.000Z,FIPSCode,48377,0,2022-11-11T20:34:17.708Z,8,98.98,8,100,62962,1025,61.97,62492,550,33.25,63492,79,4.78,1671,99,1654,4047,8,8
1668199147,2022-11-11 14:39:07 -0600,3f8303c968eab326034da8bc860b91f6afe1ecd1,TX,48377,2,2022-11-09T01:00:00.000Z,FIPSCode,48377,0,2022-11-11T20:34:17.708Z,8,98.98,8,100,62962,1025,61.97,62492,550,33.25,63492,79,4.78,1671,99,1654,4047,8,8
1668199189,2022-11-11 14:39:49 -0600,3ac28558c4f1a19470064535bac19c50bf935222,TX,48377,2,2022-11-09T01:00:00.000Z,FIPSCode,48377,0,2022-11-11T20:34:17.708Z,8,98.98,8,100,62962,1025,61.97,62492,550,33.25,63492,79,4.78,1671,99,1654,4047,8,8
1668199232,2022-11-11 14:40:32 -0600,3166147807ffeddb62216965ab3eb90ed0010fbd,TX,48377,2,2022-11-09T01:00:00.000Z,FIPSCode,48377,0,2022-11-11T20:34:17.708Z,8,98.98,8,100,62962,1025,61.97,62492,550,33.25,63492,79,4.78,1671,99,1654,4047,8,8
1668199274,2022-11-11 14:41:14 -0600,a226e9fba057933a8e492278184c6da28aa282d2,TX,48377,2,2022-11-09T01:00:00.000Z,FIPSCode,48377,0,2022-11-11T20:34:17.708Z,8,98.98,8,100,62962,1025,61.97,62492,550,33.25,63492,79,4.78,1671,99,1654,4047,8,8
1668199316,2022-11-11 14:41:56 -0600,88ac9e6d584059e88b99456378076ba0eb9a4633,TX,48377,2,2022-11-09T01:00:00.000Z,FIPSCode,48377,0,2022-11-11T20:34:17.708Z,8,98.98,8,100,62962,1025,61.97,62492,550,33.25,63492,79,4.78,1671,99,1654,4047,8,8
1668199357,2022-11-11 14:42:37 -0600,d412c1ab8debdf05792ee965633721c2d41f7351,TX,48377,2,2022-11-09T01:00:00.000Z,FIPSCode,48377,0,2022-11-11T20:34:17.708Z,8,98.98,8,100,62962,1025,61.97,62492,550,33.25,63492,79,4.78,1671,99,1654,4047,8,8
1668199441,2022-11-11 14:44:01 -0600,6922aecc232925b4258efe719058509943e49939,TX,48377,2,2022-11-09T01:00:00.000Z,FIPSCode,48377,0,2022-11-11T20:34:17.708Z,8,98.98,8,100,62962,1025,61.97,62492,550,33.25,63492,79,4.78,1671,99,1654,4047,8,8
1668199483,2022-11-11 14:44:43 -0600,50ade0ce8eb023661e69fbe272eee890de2984c8,TX,48377,2,2022-11-09T01:00:00.000Z,FIPSCode,48377,0,2022-11-11T20:34:17.708Z,8,98.98,8,100,62962,1025,61.97,62492,550,33.25,63492,79,4.78,1671,99,1654,4047,8,8
1668199524,2022-11-11 14:45:24 -0600,310a6e5bcb408cb921dea0702b13c229e320aebc,TX,48377,2,2022-11-09T01:00:00.000Z,FIPSCode,48377,0,2022-11-11T20:34:17.708Z,8,98.98,8,100,62962,1025,61.97,62492,550,33.25,63492,79,4.78,1671,99,1654,4047,8,8
1668199564,2022-11-11 14:46:04 -0600,01b362ca47f34495f72f5976317eda6dcc09b72c,TX,48377,2,2022-11-09T01:00:00.000Z,FIPSCode,48377,0,2022-11-11T20:34:17.708Z,8,98.98,8,100,62962,1025,61.97,62492,550,33.25,63492,79,4.78,1671,99,1654,4047,8,8
1668199605,2022-11-11 14:46:45 -0600,d7354f647cd65d537ce45bcc50d9a0084d9efcca,TX,48377,2,2022-11-09T01:00:00.000Z,FIPSCode,48377,0,2022-11-11T20:34:17.708Z,8,98.98,8,100,62962,1025,61.97,62492,550,33.25,63492,79,4.78,1671,99,1654,4047,8,8
1668199647,2022-11-11 14:47:27 -0600,a620f7b77491b498480c56ca654bf1889a920e81,TX,48377,2,2022-11-09T01:00:00.000Z,FIPSCode,48377,0,2022-11-11T20:34:17.708Z,8,98.98,8,100,62962,1025,61.97,62492,550,33.25,63492,79,4.78,1671,99,1654,4047,8,8
1668199687,2022-11-11 14:48:07 -0600,5bae9201fe6656c4f1311cece873d46614ec4a1d,TX,48377,2,2022-11-09T01:00:00.000Z,FIPSCode,48377,0,2022-11-11T20:34:17.708Z,8,98.98,8,100,62962,1025,61.97,62492,550,33.25,63492,79,4.78,1671,99,1654,4047,8,8
1668199730,2022-11-11 14:48:50 -0600,6f7cc2f0882456bb735fef1ba9a28993f9f529ac,TX,48377,2,2022-11-09T01:00:00.000Z,FIPSCode,48377,0,2022-11-11T20:34:17.708Z,8,98.98,8,100,62962,1025,61.97,62492,550,33.25,63492,79,4.78,1671,99,1654,4047,8,8
1668199977,2022-11-11 14:52:57 -0600,46472d3ec1a09a042c1a6c9b1a1e0a4dff850a5d,TX,48377,2,2022-11-09T01:00:00.000Z,FIPSCode,48377,0,2022-11-11T20:34:17.708Z,8,98.98,8,100,62962,1025,61.97,62492,550,33.25,63492,79,4.78,1671,99,1654,4047,8,8
1668200017,2022-11-11 14:53:37 -0600,925bd59a51db909919c892881679c9c9abee5ced,TX,48377,2,2022-11-09T01:00:00.000Z,FIPSCode,48377,0,2022-11-11T20:34:17.708Z,8,98.98,8,100,62962,1025,61.97,62492,550,33.25,63492,79,4.78,1671,99,1654,4047,8,8
1668200060,2022-11-11 14:54:20 -0600,a764b2f44c688f33408f3d5c42348ff007c5180b,TX,48377,2,2022-11-09T01:00:00.000Z,FIPSCode,48377,0,2022-11-11T20:34:17.708Z,8,98.98,8,100,62962,1025,61.97,62492,550,33.25,63492,79,4.78,1671,99,1654,4047,8,8
1668200102,2022-11-11 14:55:02 -0600,1b0c5cba7509bfe36e7790b5afd78400b27c2a56,TX,48377,2,2022-11-09T01:00:00.000Z,FIPSCode,48377,0,2022-11-11T20:34:17.708Z,8,98.98,8,100,62962,1025,61.97,62492,550,33.25,63492,79,4.78,1671,99,1654,4047,8,8
1668200144,2022-11-11 14:55:44 -0600,8248c16f21396171eabb02385c2212ec7b932279,TX,48377,2,2022-11-09T01:00:00.000Z,FIPSCode,48377,0,2022-11-11T20:34:17.708Z,8,98.98,8,100,62962,1025,61.97,62492,550,33.25,63492,79,4.78,1671,99,1654,4047,8,8
1668200186,2022-11-11 14:56:26 -0600,6a7c154681a605c02ed5ce7fd15c01ffe09d6511,TX,48377,2,2022-11-09T01:00:00.000Z,FIPSCode,48377,0,2022-11-11T20:34:17.708Z,8,98.98,8,100,62962,1025,61.97,62492,550,33.25,63492,79,4.78,1671,99,1654,4047,8,8
1668200228,2022-11-11 14:57:08 -0600,a0c853827a0b13aa744fb0b2959999ed6cf8701b,TX,48377,2,2022-11-09T01:00:00.000Z,FIPSCode,48377,0,2022-11-11T20:56:37.674Z,8,98.98,8,100,62962,1025,61.97,62492,550,33.25,63492,79,4.78,1671,99,1654,4047,8,8
1668200269,2022-11-11 14:57:49 -0600,75c8708379c281b8d246621560522543620f0a0e,TX,48377,2,2022-11-09T01:00:00.000Z,FIPSCode,48377,0,2022-11-11T20:56:37.674Z,8,98.98,8,100,62962,1025,61.97,62492,550,33.25,63492,79,4.78,1671,99,1654,4047,8,8
1668200311,2022-11-11 14:58:31 -0600,07f38397d6503d0cbaf81de91374b41cb7f7dc65,TX,48377,2,2022-11-09T01:00:00.000Z,FIPSCode,48377,0,2022-11-11T20:57:39.358Z,8,98.98,8,100,62962,1025,61.97,62492,550,33.25,63492,79,4.78,1671,99,1654,4047,8,8
1668200353,2022-11-11 14:59:13 -0600,5c17e86ddf2a4cea40c34189f72a9086c7dde520,TX,48377,2,2022-11-09T01:00:00.000Z,FIPSCode,48377,0,2022-11-11T20:57:39.358Z,8,98.98,8,100,62962,1025,61.97,62492,550,33.25,63492,79,4.78,1671,99,1654,4047,8,8
1668200394,2022-11-11 14:59:54 -0600,ea143a20f3841fd96494fe48c97ead449c810882,TX,48377,2,2022-11-09T01:00:00.000Z,FIPSCode,48377,0,2022-11-11T20:59:38.808Z,8,98.98,8,100,62962,1025,61.97,62492,550,33.25,63492,79,4.78,1671,99,1654,4047,8,8
1668200436,2022-11-11 15:00:36 -0600,038aa33e4a51335bb7c78d5f783414a0f044b4d7,TX,48377,2,2022-11-09T01:00:00.000Z,FIPSCode,48377,0,2022-11-11T21:00:18.312Z,8,98.98,8,100,62962,1025,61.97,62492,550,33.25,63492,79,4.78,1671,99,1654,4047,8,8
1668200477,2022-11-11 15:01:17 -0600,964f18a7fe53d0f656e0552b50331f30a157d134,TX,48377,2,2022-11-09T01:00:00.000Z,FIPSCode,48377,0,2022-11-11T21:00:18.312Z,8,98.98,8,100,62962,1025,61.97,62492,550,33.25,63492,79,4.78,1671,99,1654,4047,8,8
1668200519,2022-11-11 15:01:59 -0600,1636f830b7fee83b2fe34a502f2efaa79a6ad969,TX,48377,2,2022-11-09T01:00:00.000Z,FIPSCode,48377,0,2022-11-11T21:01:18.446Z,8,98.98,8,100,62962,1025,61.97,62492,550,33.25,63492,79,4.78,1671,99,1654,4047,8,8
1668200561,2022-11-11 15:02:41 -0600,2fc79af6914bb0e6c0c1fce4f9d7a114dd022c3f,TX,48377,2,2022-11-09T01:00:00.000Z,FIPSCode,48377,0,2022-11-11T21:02:21.346Z,8,98.98,8,100,62962,1025,61.97,62492,550,33.25,63492,79,4.78,1671,99,1654,4047,8,8
1668200603,2022-11-11 15:03:23 -0600,d6a43008c723ad24046eb273e11481bada08874f,TX,48377,2,2022-11-09T01:00:00.000Z,FIPSCode,48377,0,2022-11-11T21:02:21.346Z,8,98.98,8,100,62962,1025,61.97,62492,550,33.25,63492,79,4.78,1671,99,1654,4047,8,8
1668200644,2022-11-11 15:04:04 -0600,34bdf23d783112702e1cf37e217ac225dbef41cb,TX,48377,2,2022-11-09T01:00:00.000Z,FIPSCode,48377,0,2022-11-11T21:02:21.346Z,8,98.98,8,100,62962,1025,61.97,62492,550,33.25,63492,79,4.78,1671,99,1654,4047,8,8
1668200686,2022-11-11 15:04:46 -0600,68ef17b0d1588bfb8d4a774f8046490188cfc393,TX,48377,2,2022-11-09T01:00:00.000Z,FIPSCode,48377,0,2022-11-11T21:02:21.346Z,8,98.98,8,100,62962,1025,61.97,62492,550,33.25,63492,79,4.78,1671,99,1654,4047,8,8
1668200729,2022-11-11 15:05:29 -0600,47204d2ae44ddbdae481ef491d1fc7ef6c5d107d,TX,48377,2,2022-11-09T01:00:00.000Z,FIPSCode,48377,0,2022-11-11T21:02:21.346Z,8,98.98,8,100,62962,1025,61.97,62492,550,33.25,63492,79,4.78,1671,99,1654,4047,8,8
1668200771,2022-11-11 15:06:11 -0600,9de044625c9fe3dae9aa2e4adc553cfbe58a3bdc,TX,48377,2,2022-11-09T01:00:00.000Z,FIPSCode,48377,0,2022-11-11T21:02:21.346Z,8,98.98,8,100,62962,1025,61.97,62492,550,33.25,63492,79,4.78,1671,99,1654,4047,8,8
1668200814,2022-11-11 15:06:54 -0600,29e2c3f81566c41847486dad318d4862bdcac071,TX,48377,2,2022-11-09T01:00:00.000Z,FIPSCode,48377,0,2022-11-11T21:02:21.346Z,8,98.98,8,100,62962,1025,61.97,62492,550,33.25,63492,79,4.78,1671,99,1654,4047,8,8
1668200856,2022-11-11 15:07:36 -0600,f1a2c9a1d28bc9dd62d8a5b6a1ca513389bb095e,TX,48377,2,2022-11-09T01:00:00.000Z,FIPSCode,48377,0,2022-11-11T21:02:21.346Z,8,98.98,8,100,62962,1025,61.97,62492,550,33.25,63492,79,4.78,1671,99,1654,4047,8,8
1668200897,2022-11-11 15:08:17 -0600,8d442764f22c3caeda49b7fe73acff0598adcc87,TX,48377,2,2022-11-09T01:00:00.000Z,FIPSCode,48377,0,2022-11-11T21:02:21.346Z,8,98.98,8,100,62962,1025,61.97,62492,550,33.25,63492,79,4.78,1671,99,1654,4047,8,8
1668200938,2022-11-11 15:08:58 -0600,d21aca97a3f600d6e1d5e06cad356911728246f4,TX,48377,2,2022-11-09T01:00:00.000Z,FIPSCode,48377,0,2022-11-11T21:02:21.346Z,8,98.98,8,100,62962,1025,61.97,62492,550,33.25,63492,79,4.78,1671,99,1654,4047,8,8
1668200980,2022-11-11 15:09:40 -0600,ac132a6a38f9cb5ac7406ce3189113a74ad9e3f1,TX,48377,2,2022-11-09T01:00:00.000Z,FIPSCode,48377,0,2022-11-11T21:02:21.346Z,8,98.98,8,100,62962,1025,61.97,62492,550,33.25,63492,79,4.78,1671,99,1654,4047,8,8
1668201022,2022-11-11 15:10:22 -0600,75f77f13da3831d9f96cbefcb4d8956d307a065f,TX,48377,2,2022-11-09T01:00:00.000Z,FIPSCode,48377,0,2022-11-11T21:02:21.346Z,8,98.98,8,100,62962,1025,61.97,62492,550,33.25,63492,79,4.78,1671,99,1654,4047,8,8
1668201063,2022-11-11 15:11:03 -0600,9f68ec19cf06b1ac2d3b2c366f83f64fbb909447,TX,48377,2,2022-11-09T01:00:00.000Z,FIPSCode,48377,0,2022-11-11T21:02:21.346Z,8,98.98,8,100,62962,1025,61.97,62492,550,33.25,63492,79,4.78,1671,99,1654,4047,8,8
1668201104,2022-11-11 15:11:44 -0600,d2b69ac09b3b793830453412a6d45b8df9577e6a,TX,48377,2,2022-11-09T01:00:00.000Z,FIPSCode,48377,0,2022-11-11T21:02:21.346Z,8,98.98,8,100,62962,1025,61.97,62492,550,33.25,63492,79,4.78,1671,99,1654,4047,8,8
1668201187,2022-11-11 15:13:07 -0600,2db2b20e25ea752321cd187514ab4626e51b6980,TX,48377,2,2022-11-09T01:00:00.000Z,FIPSCode,48377,0,2022-11-11T21:02:21.346Z,8,98.98,8,100,62962,1025,61.97,62492,550,33.25,63492,79,4.78,1671,99,1654,4047,8,8
1668201229,2022-11-11 15:13:49 -0600,65aeef99762c960fc7fff4f6aa3eddc05575eb0e,TX,48377,2,2022-11-09T01:00:00.000Z,FIPSCode,48377,0,2022-11-11T21:02:21.346Z,8,98.98,8,100,62962,1025,61.97,62492,550,33.25,63492,79,4.78,1671,99,1654,4047,8,8
1668201270,2022-11-11 15:14:30 -0600,460294b3a7111171430f9d90557cd7def61f1e7c,TX,48377,2,2022-11-09T01:00:00.000Z,FIPSCode,48377,0,2022-11-11T21:02:21.346Z,8,98.98,8,100,62962,1025,61.97,62492,550,33.25,63492,79,4.78,1671,99,1654,4047,8,8
1668201312,2022-11-11 15:15:12 -0600,2e263ea601f4f3411df37cd5157f6cb7b64c7c78,TX,48377,2,2022-11-09T01:00:00.000Z,FIPSCode,48377,0,2022-11-11T21:02:21.346Z,8,98.98,8,100,62962,1025,61.97,62492,550,33.25,63492,79,4.78,1671,99,1654,4047,8,8
1668201352,2022-11-11 15:15:52 -0600,f42e50fcc5c3f1f9126f99029ba2238ddc60bad2,TX,48377,2,2022-11-09T01:00:00.000Z,FIPSCode,48377,0,2022-11-11T21:02:21.346Z,8,98.98,8,100,62962,1025,61.97,62492,550,33.25,63492,79,4.78,1671,99,1654,4047,8,8
1668201393,2022-11-11 15:16:33 -0600,0ad60cbd0572f25ea09ae9d84f8ce563ff328cce,TX,48377,2,2022-11-09T01:00:00.000Z,FIPSCode,48377,0,2022-11-11T21:02:21.346Z,8,98.98,8,100,62962,1025,61.97,62492,550,33.25,63492,79,4.78,1671,99,1654,4047,8,8
1668201434,2022-11-11 15:17:14 -0600,8bf6793db428539ab92fed4cc393fa949af4c09d,TX,48377,2,2022-11-09T01:00:00.000Z,FIPSCode,48377,0,2022-11-11T21:02:21.346Z,8,98.98,8,100,62962,1025,61.97,62492,550,33.25,63492,79,4.78,1671,99,1654,4047,8,8
1668201474,2022-11-11 15:17:54 -0600,13a061ac2c1e408919d7371161c43004f0e81be8,TX,48377,2,2022-11-09T01:00:00.000Z,FIPSCode,48377,0,2022-11-11T21:02:21.346Z,8,98.98,8,100,62962,1025,61.97,62492,550,33.25,63492,79,4.78,1671,99,1654,4047,8,8
1668201516,2022-11-11 15:18:36 -0600,630afbe6531f7c17cb5fcf623d88383a992b851f,TX,48377,2,2022-11-09T01:00:00.000Z,FIPSCode,48377,0,2022-11-11T21:02:21.346Z,8,98.98,8,100,62962,1025,61.97,62492,550,33.25,63492,79,4.78,1671,99,1654,4047,8,8
1668201558,2022-11-11 15:19:18 -0600,31d4a4a5c4469bf0ca596e5026e2b1c5b420e7af,TX,48377,2,2022-11-09T01:00:00.000Z,FIPSCode,48377,0,2022-11-11T21:02:21.346Z,8,98.98,8,100,62962,1025,61.97,62492,550,33.25,63492,79,4.78,1671,99,1654,4047,8,8
1668201601,2022-11-11 15:20:01 -0600,31654ed25ca25578e0976f1399b0e93963b5c683,TX,48377,2,2022-11-09T01:00:00.000Z,FIPSCode,48377,0,2022-11-11T21:02:21.346Z,8,98.98,8,100,62962,1025,61.97,62492,550,33.25,63492,79,4.78,1671,99,1654,4047,8,8
1668201643,2022-11-11 15:20:43 -0600,251a077acca8a56b3ec51aac1f33804d46b38d50,TX,48377,2,2022-11-09T01:00:00.000Z,FIPSCode,48377,0,2022-11-11T21:02:21.346Z,8,98.98,8,100,62962,1025,61.97,62492,550,33.25,63492,79,4.78,1671,99,1654,4047,8,8
1668201684,2022-11-11 15:21:24 -0600,042da8f4d2f96d2af730f4fee53703580ceebc8c,TX,48377,2,2022-11-09T01:00:00.000Z,FIPSCode,48377,0,2022-11-11T21:02:21.346Z,8,98.98,8,100,62962,1025,61.97,62492,550,33.25,63492,79,4.78,1671,99,1654,4047,8,8
1668201725,2022-11-11 15:22:05 -0600,427aff6ace3b9d79ee044a448035d79a4ec2d963,TX,48377,2,2022-11-09T01:00:00.000Z,FIPSCode,48377,0,2022-11-11T21:02:21.346Z,8,98.98,8,100,62962,1025,61.97,62492,550,33.25,63492,79,4.78,1671,99,1654,4047,8,8
1668201768,2022-11-11 15:22:48 -0600,87455f6a99fc39d6e0bc6b1f060d6456db1b869f,TX,48377,2,2022-11-09T01:00:00.000Z,FIPSCode,48377,0,2022-11-11T21:02:21.346Z,8,98.98,8,100,62962,1025,61.97,62492,550,33.25,63492,79,4.78,1671,99,1654,4047,8,8
1668201808,2022-11-11 15:23:28 -0600,1d824a37fd62b9e38144dda709ffa557b8757f17,TX,48377,2,2022-11-09T01:00:00.000Z,FIPSCode,48377,0,2022-11-11T21:02:21.346Z,8,98.98,8,100,62962,1025,61.97,62492,550,33.25,63492,79,4.78,1671,99,1654,4047,8,8
1668201851,2022-11-11 15:24:11 -0600,c071575cee74d9977d5a1edcb051986276a56bed,TX,48377,2,2022-11-09T01:00:00.000Z,FIPSCode,48377,0,2022-11-11T21:02:21.346Z,8,98.98,8,100,62962,1025,61.97,62492,550,33.25,63492,79,4.78,1671,99,1654,4047,8,8
1668201892,2022-11-11 15:24:52 -0600,ea63946df52c33a82bd1bf834df2fa56e17ba105,TX,48377,2,2022-11-09T01:00:00.000Z,FIPSCode,48377,0,2022-11-11T21:02:21.346Z,8,98.98,8,100,62962,1025,61.97,62492,550,33.25,63492,79,4.78,1671,99,1654,4047,8,8
1668201976,2022-11-11 15:26:16 -0600,2dd52a252414a58b64fd0649e2b25c27a7d3b144,TX,48377,2,2022-11-09T01:00:00.000Z,FIPSCode,48377,0,2022-11-11T21:02:21.346Z,8,98.98,8,100,62962,1025,61.97,62492,550,33.25,63492,79,4.78,1671,99,1654,4047,8,8
1668202018,2022-11-11 15:26:58 -0600,bc7a18335d0a8a95e7d71af31b8fb6538be72a87,TX,48377,2,2022-11-09T01:00:00.000Z,FIPSCode,48377,0,2022-11-11T21:02:21.346Z,8,98.98,8,100,62962,1025,61.97,62492,550,33.25,63492,79,4.78,1671,99,1654,4047,8,8
1668202060,2022-11-11 15:27:40 -0600,ace88cb4101f0dadd19753baa4fcad001e74af5f,TX,48377,2,2022-11-09T01:00:00.000Z,FIPSCode,48377,0,2022-11-11T21:27:18.673Z,8,98.98,8,100,62962,1025,61.97,62492,550,33.25,63492,79,4.78,1671,99,1654,4047,8,8
1668202102,2022-11-11 15:28:22 -0600,db4db5071f15254e984eb7d826edb4539be8d276,TX,48377,2,2022-11-09T01:00:00.000Z,FIPSCode,48377,0,2022-11-11T21:27:18.673Z,8,98.98,8,100,62962,1025,61.97,62492,550,33.25,63492,79,4.78,1671,99,1654,4047,8,8
1668202144,2022-11-11 15:29:04 -0600,4076d4f7ce241881e36b5db3ee8d1edcb3b4d8ff,TX,48377,2,2022-11-09T01:00:00.000Z,FIPSCode,48377,0,2022-11-11T21:28:19.309Z,8,98.98,8,100,62962,1025,61.97,62492,550,33.25,63492,79,4.78,1671,99,1654,4047,8,8
1668202186,2022-11-11 15:29:46 -0600,660f0ef411d80517be6e16ed98423b35d5f396c8,TX,48377,2,2022-11-09T01:00:00.000Z,FIPSCode,48377,0,2022-11-11T21:28:19.309Z,8,98.98,8,100,62962,1025,61.97,62492,550,33.25,63492,79,4.78,1671,99,1654,4047,8,8
1668202226,2022-11-11 15:30:26 -0600,27376e91dabe75bbc700eba2aeafd157e779b96f,TX,48377,2,2022-11-09T01:00:00.000Z,FIPSCode,48377,0,2022-11-11T21:29:37.897Z,8,98.98,8,100,62962,1025,61.97,62492,550,33.25,63492,79,4.78,1671,99,1654,4047,8,8
1668202268,2022-11-11 15:31:08 -0600,1a8ff752976642ea3ace720c8c0d2c7f3c826bd6,TX,48377,2,2022-11-09T01:00:00.000Z,FIPSCode,48377,0,2022-11-11T21:29:37.897Z,8,98.98,8,100,62962,1025,61.97,62492,550,33.25,63492,79,4.78,1671,99,1654,4047,8,8
1668202309,2022-11-11 15:31:49 -0600,19b268c50e08c9ece9aa3f36e2cd789bff79e47b,TX,48377,2,2022-11-09T01:00:00.000Z,FIPSCode,48377,0,2022-11-11T21:29:37.897Z,8,98.98,8,100,62962,1025,61.97,62492,550,33.25,63492,79,4.78,1671,99,1654,4047,8,8
1668202352,2022-11-11 15:32:32 -0600,cd071f38a8b05a76eeb7c5a33089590be6def3fa,TX,48377,2,2022-11-09T01:00:00.000Z,FIPSCode,48377,0,2022-11-11T21:29:37.897Z,8,98.98,8,100,62962,1025,61.97,62492,550,33.25,63492,79,4.78,1671,99,1654,4047,8,8
1668202394,2022-11-11 15:33:14 -0600,1f6c7834febd3e753071e4ab6fdf95645ea2c03f,TX,48377,2,2022-11-09T01:00:00.000Z,FIPSCode,48377,0,2022-11-11T21:29:37.897Z,8,98.98,8,100,62962,1025,61.97,62492,550,33.25,63492,79,4.78,1671,99,1654,4047,8,8
1668202435,2022-11-11 15:33:55 -0600,1202343eff87ce5fdb1884c7d79d690df35eaf0e,TX,48377,2,2022-11-09T01:00:00.000Z,FIPSCode,48377,0,2022-11-11T21:29:37.897Z,8,98.98,8,100,62962,1025,61.97,62492,550,33.25,63492,79,4.78,1671,99,1654,4047,8,8
1668202476,2022-11-11 15:34:36 -0600,e5088767943cae1e1a70322d9e300242fd1d002d,TX,48377,2,2022-11-09T01:00:00.000Z,FIPSCode,48377,0,2022-11-11T21:29:37.897Z,8,98.98,8,100,62962,1025,61.97,62492,550,33.25,63492,79,4.78,1671,99,1654,4047,8,8
1668202519,2022-11-11 15:35:19 -0600,2886df39b3d780f6685d3275ec369caa5871cfb2,TX,48377,2,2022-11-09T01:00:00.000Z,FIPSCode,48377,0,2022-11-11T21:29:37.897Z,8,98.98,8,100,62962,1025,61.97,62492,550,33.25,63492,79,4.78,1671,99,1654,4047,8,8
1668202560,2022-11-11 15:36:00 -0600,23f67578947d3310937f36cd6a3b89d5fb768ae9,TX,48377,2,2022-11-09T01:00:00.000Z,FIPSCode,48377,0,2022-11-11T21:29:37.897Z,8,98.98,8,100,62962,1025,61.97,62492,550,33.25,63492,79,4.78,1671,99,1654,4047,8,8
1668202602,2022-11-11 15:36:42 -0600,026ce158345c42ab73d4a211c37411180b7c94cc,TX,48377,2,2022-11-09T01:00:00.000Z,FIPSCode,48377,0,2022-11-11T21:29:37.897Z,8,98.98,8,100,62962,1025,61.97,62492,550,33.25,63492,79,4.78,1671,99,1654,4047,8,8
1668202643,2022-11-11 15:37:23 -0600,08be9b6b3b2856ee7ebcba357bb09aaca8de32ce,TX,48377,2,2022-11-09T01:00:00.000Z,FIPSCode,48377,0,2022-11-11T21:29:37.897Z,8,98.98,8,100,62962,1025,61.97,62492,550,33.25,63492,79,4.78,1671,99,1654,4047,8,8
1668202684,2022-11-11 15:38:04 -0600,e53c7afab4f81b07195bc9acd6a7191ef8d28571,TX,48377,2,2022-11-09T01:00:00.000Z,FIPSCode,48377,0,2022-11-11T21:29:37.897Z,8,98.98,8,100,62962,1025,61.97,62492,550,33.25,63492,79,4.78,1671,99,1654,4047,8,8
1668202726,2022-11-11 15:38:46 -0600,6a142f3e549e8dd9d57a1aa88cca9466c94ce36d,TX,48377,2,2022-11-09T01:00:00.000Z,FIPSCode,48377,0,2022-11-11T21:29:37.897Z,8,98.98,8,100,62962,1025,61.97,62492,550,33.25,63492,79,4.78,1671,99,1654,4047,8,8
1668202768,2022-11-11 15:39:28 -0600,a555543bca46ad31f42298317ae8a206c38695b9,TX,48377,2,2022-11-09T01:00:00.000Z,FIPSCode,48377,0,2022-11-11T21:29:37.897Z,8,98.98,8,100,62962,1025,61.97,62492,550,33.25,63492,79,4.78,1671,99,1654,4047,8,8
1668202809,2022-11-11 15:40:09 -0600,0f54e0b61385a6c2d79a4ff234a40639eba6ab6c,TX,48377,2,2022-11-09T01:00:00.000Z,FIPSCode,48377,0,2022-11-11T21:29:37.897Z,8,98.98,8,100,62962,1025,61.97,62492,550,33.25,63492,79,4.78,1671,99,1654,4047,8,8
1668202850,2022-11-11 15:40:50 -0600,6b321204be95101befee1ec345bb4a11b1d1bc65,TX,48377,2,2022-11-09T01:00:00.000Z,FIPSCode,48377,0,2022-11-11T21:29:37.897Z,8,98.98,8,100,62962,1025,61.97,62492,550,33.25,63492,79,4.78,1671,99,1654,4047,8,8
1668202892,2022-11-11 15:41:32 -0600,4ba27e1a0f0a3fcf6b8e9b7391150a4b4baf3437,TX,48377,2,2022-11-09T01:00:00.000Z,FIPSCode,48377,0,2022-11-11T21:29:37.897Z,8,98.98,8,100,62962,1025,61.97,62492,550,33.25,63492,79,4.78,1671,99,1654,4047,8,8
1668202933,2022-11-11 15:42:13 -0600,b99e13069bae515164852f00de56fa6f60c72200,TX,48377,2,2022-11-09T01:00:00.000Z,FIPSCode,48377,0,2022-11-11T21:29:37.897Z,8,98.98,8,100,62962,1025,61.97,62492,550,33.25,63492,79,4.78,1671,99,1654,4047,8,8
1668202975,2022-11-11 15:42:55 -0600,dd0255ddda1dec5848aaec0438dbb249ce665124,TX,48377,2,2022-11-09T01:00:00.000Z,FIPSCode,48377,0,2022-11-11T21:29:37.897Z,8,98.98,8,100,62962,1025,61.97,62492,550,33.25,63492,79,4.78,1671,99,1654,4047,8,8
1668203016,2022-11-11 15:43:36 -0600,0e4f2ffdd5ab4fa10e9f2c97604dbffd567d70ff,TX,48377,2,2022-11-09T01:00:00.000Z,FIPSCode,48377,0,2022-11-11T21:29:37.897Z,8,98.98,8,100,62962,1025,61.97,62492,550,33.25,63492,79,4.78,1671,99,1654,4047,8,8
1668203057,2022-11-11 15:44:17 -0600,b164e8015af770972dcd69dc38a154b38ba18a03,TX,48377,2,2022-11-09T01:00:00.000Z,FIPSCode,48377,0,2022-11-11T21:29:37.897Z,8,98.98,8,100,62962,1025,61.97,62492,550,33.25,63492,79,4.78,1671,99,1654,4047,8,8
1668203098,2022-11-11 15:44:58 -0600,4abd2e6828d9f842c075b239b968e43537d2c6b2,TX,48377,2,2022-11-09T01:00:00.000Z,FIPSCode,48377,0,2022-11-11T21:29:37.897Z,8,98.98,8,100,62962,1025,61.97,62492,550,33.25,63492,79,4.78,1671,99,1654,4047,8,8
1668203140,2022-11-11 15:45:40 -0600,009dc588843bc228d3a3c28ed35e91907d805320,TX,48377,2,2022-11-09T01:00:00.000Z,FIPSCode,48377,0,2022-11-11T21:29:37.897Z,8,98.98,8,100,62962,1025,61.97,62492,550,33.25,63492,79,4.78,1671,99,1654,4047,8,8
1668203182,2022-11-11 15:46:22 -0600,e806adf4007819dcb3d79b262cd18940d1cc2acf,TX,48377,2,2022-11-09T01:00:00.000Z,FIPSCode,48377,0,2022-11-11T21:29:37.897Z,8,98.98,8,100,62962,1025,61.97,62492,550,33.25,63492,79,4.78,1671,99,1654,4047,8,8
1668203224,2022-11-11 15:47:04 -0600,58600b6b92fa9c822ce2784fc568f270123a8e45,TX,48377,2,2022-11-09T01:00:00.000Z,FIPSCode,48377,0,2022-11-11T21:29:37.897Z,8,98.98,8,100,62962,1025,61.97,62492,550,33.25,63492,79,4.78,1671,99,1654,4047,8,8
1668203265,2022-11-11 15:47:45 -0600,e6ed7475cbafa23701e455b02048fdb2c925b933,TX,48377,2,2022-11-09T01:00:00.000Z,FIPSCode,48377,0,2022-11-11T21:29:37.897Z,8,98.98,8,100,62962,1025,61.97,62492,550,33.25,63492,79,4.78,1671,99,1654,4047,8,8
1668203308,2022-11-11 15:48:28 -0600,dbd23872bb84f612aeb4bb881f4a378b314e7793,TX,48377,2,2022-11-09T01:00:00.000Z,FIPSCode,48377,0,2022-11-11T21:47:38.412Z,8,98.98,8,100,62962,1025,61.97,62492,550,33.25,63492,79,4.78,1671,99,1654,4047,8,8
1668203348,2022-11-11 15:49:08 -0600,3282a66b54ee3a8b2c0897076e104bea42d7d826,TX,48377,2,2022-11-09T01:00:00.000Z,FIPSCode,48377,0,2022-11-11T21:48:39.467Z,8,98.98,8,100,62962,1025,61.97,62492,550,33.25,63492,79,4.78,1671,99,1654,4047,8,8
1668203391,2022-11-11 15:49:51 -0600,28729a615e037ec3d3d232e5cc04dadb193eecfb,TX,48377,2,2022-11-09T01:00:00.000Z,FIPSCode,48377,0,2022-11-11T21:49:19.118Z,8,98.98,8,100,62962,1025,61.97,62492,550,33.25,63492,79,4.78,1671,99,1654,4047,8,8
1668203433,2022-11-11 15:50:33 -0600,ec8d55e2594d25320b20e4a18073684e3b918aa6,TX,48377,2,2022-11-09T01:00:00.000Z,FIPSCode,48377,0,2022-11-11T21:49:19.118Z,8,98.98,8,100,62962,1025,61.97,62492,550,33.25,63492,79,4.78,1671,99,1654,4047,8,8
1668203475,2022-11-11 15:51:15 -0600,223cb79a3b4131d1736d68ad795ff1cee1fc3be6,TX,48377,2,2022-11-09T01:00:00.000Z,FIPSCode,48377,0,2022-11-11T21:49:19.118Z,8,98.98,8,100,62962,1025,61.97,62492,550,33.25,63492,79,4.78,1671,99,1654,4047,8,8
1668203516,2022-11-11 15:51:56 -0600,7dafe1d9a077e6d51901f71a26485f5d0f49d3cd,TX,48377,2,2022-11-09T01:00:00.000Z,FIPSCode,48377,0,2022-11-11T21:49:19.118Z,8,98.98,8,100,62962,1025,61.97,62492,550,33.25,63492,79,4.78,1671,99,1654,4047,8,8
1668203559,2022-11-11 15:52:39 -0600,cebc4e77ea4343fb41f6a7fd8399b62258926fc7,TX,48377,2,2022-11-09T01:00:00.000Z,FIPSCode,48377,0,2022-11-11T21:49:19.118Z,8,98.98,8,100,62962,1025,61.97,62492,550,33.25,63492,79,4.78,1671,99,1654,4047,8,8
1668203643,2022-11-11 15:54:03 -0600,e42a43dafc82cde6f0365e8ec899c587e53942a4,TX,48377,2,2022-11-09T01:00:00.000Z,FIPSCode,48377,0,2022-11-11T21:49:19.118Z,8,98.98,8,100,62962,1025,61.97,62492,550,33.25,63492,79,4.78,1671,99,1654,4047,8,8
1668203685,2022-11-11 15:54:45 -0600,b9af6d8769d85c90833507d827493b01217d61f8,TX,48377,2,2022-11-09T01:00:00.000Z,FIPSCode,48377,0,2022-11-11T21:49:19.118Z,8,98.98,8,100,62962,1025,61.97,62492,550,33.25,63492,79,4.78,1671,99,1654,4047,8,8
1668203726,2022-11-11 15:55:26 -0600,10a13d3279dd2ebcbf94a732ed60e2866401c22b,TX,48377,2,2022-11-09T01:00:00.000Z,FIPSCode,48377,0,2022-11-11T21:49:19.118Z,8,98.98,8,100,62962,1025,61.97,62492,550,33.25,63492,79,4.78,1671,99,1654,4047,8,8
1668203770,2022-11-11 15:56:10 -0600,441330319f40c57cbbebc577c7fa33348996051c,TX,48377,2,2022-11-09T01:00:00.000Z,FIPSCode,48377,0,2022-11-11T21:55:18.269Z,8,98.98,8,100,62962,1025,61.97,62492,550,33.25,63492,79,4.78,1671,99,1654,4047,8,8
1668203811,2022-11-11 15:56:51 -0600,153c8b6cea0d86e5a72522e201b6db4b1daa6957,TX,48377,2,2022-11-09T01:00:00.000Z,FIPSCode,48377,0,2022-11-11T21:55:18.269Z,8,98.98,8,100,62962,1025,61.97,62492,550,33.25,63492,79,4.78,1671,99,1654,4047,8,8
1668203853,2022-11-11 15:57:33 -0600,fec6c8f8525cba2ec2c93e8669e983f089807f84,TX,48377,2,2022-11-09T01:00:00.000Z,FIPSCode,48377,0,2022-11-11T21:56:38.228Z,8,98.98,8,100,62962,1025,61.97,62492,550,33.25,63492,79,4.78,1671,99,1654,4047,8,8
1668203894,2022-11-11 15:58:14 -0600,edee953d017eb030b8723a0dcc3e10b07cf5fe47,TX,48377,2,2022-11-09T01:00:00.000Z,FIPSCode,48377,0,2022-11-11T21:57:37.697Z,8,98.98,8,100,62962,1025,61.97,62492,550,33.25,63492,79,4.78,1671,99,1654,4047,8,8
1668203937,2022-11-11 15:58:57 -0600,921c8516c4318225319b52b89becfdff9eac66fe,TX,48377,2,2022-11-09T01:00:00.000Z,FIPSCode,48377,0,2022-11-11T21:57:37.697Z,8,98.98,8,100,62962,1025,61.97,62492,550,33.25,63492,79,4.78,1671,99,1654,4047,8,8
1668203978,2022-11-11 15:59:38 -0600,d0e3a5b3ad96493fa1aea6960b2dcfd486547f37,TX,48377,2,2022-11-09T01:00:00.000Z,FIPSCode,48377,0,2022-11-11T21:59:19.234Z,8,98.98,8,100,62962,1025,61.97,62492,550,33.25,63492,79,4.78,1671,99,1654,4047,8,8
1668204021,2022-11-11 16:00:21 -0600,c7374425e2e7706ea7b81171a240ed3f1e157e21,TX,48377,2,2022-11-09T01:00:00.000Z,FIPSCode,48377,0,2022-11-11T21:59:19.234Z,8,98.98,8,100,62962,1025,61.97,62492,550,33.25,63492,79,4.78,1671,99,1654,4047,8,8
1668204063,2022-11-11 16:01:03 -0600,a67f213b5ef9b5b4f8ca6381f493d7466af846f5,TX,48377,2,2022-11-09T01:00:00.000Z,FIPSCode,48377,0,2022-11-11T22:00:20.646Z,8,98.98,8,100,62962,1025,61.97,62492,550,33.25,63492,79,4.78,1671,99,1654,4047,8,8
1668204104,2022-11-11 16:01:44 -0600,22c04ca7d9299bb69f8e7d1e7943b54e4f6d8678,TX,48377,2,2022-11-09T01:00:00.000Z,FIPSCode,48377,0,2022-11-11T22:00:20.646Z,8,98.98,8,100,62962,1025,61.97,62492,550,33.25,63492,79,4.78,1671,99,1654,4047,8,8
1668204189,2022-11-11 16:03:09 -0600,6733e1284d84ee437a86cd68a4cfbd58f7f375e0,TX,48377,2,2022-11-09T01:00:00.000Z,FIPSCode,48377,0,2022-11-11T22:02:19.459Z,8,98.98,8,100,62962,1025,61.97,62492,550,33.25,63492,79,4.78,1671,99,1654,4047,8,8
1668204230,2022-11-11 16:03:50 -0600,b1dc5e9eb7ecc9016ec62dbc14aaf8d4fd502f2d,TX,48377,2,2022-11-09T01:00:00.000Z,FIPSCode,48377,0,2022-11-11T22:02:19.459Z,8,98.98,8,100,62962,1025,61.97,62492,550,33.25,63492,79,4.78,1671,99,1654,4047,8,8
1668204273,2022-11-11 16:04:33 -0600,b3b5ca2ccd812853bcb0af2dd19752f80674cd96,TX,48377,2,2022-11-09T01:00:00.000Z,FIPSCode,48377,0,2022-11-11T22:02:19.459Z,8,98.98,8,100,62962,1025,61.97,62492,550,33.25,63492,79,4.78,1671,99,1654,4047,8,8
1668204314,2022-11-11 16:05:14 -0600,900c31aa6cabaa18931a4e234af30be613debe76,TX,48377,2,2022-11-09T01:00:00.000Z,FIPSCode,48377,0,2022-11-11T22:04:18.319Z,8,98.98,8,100,62962,1025,61.97,62492,550,33.25,63492,79,4.78,1671,99,1654,4047,8,8
1668204355,2022-11-11 16:05:55 -0600,623889e1a20486cff163dfcf6a00fa0f6c73cc33,TX,48377,2,2022-11-09T01:00:00.000Z,FIPSCode,48377,0,2022-11-11T22:05:39.498Z,8,98.98,8,100,62962,1025,61.97,62492,550,33.25,63492,79,4.78,1671,99,1654,4047,8,8
1668204397,2022-11-11 16:06:37 -0600,a6fce1d8ae1d66327249627907a91f4d135ca19c,TX,48377,2,2022-11-09T01:00:00.000Z,FIPSCode,48377,0,2022-11-11T22:06:17.608Z,8,98.98,8,100,62962,1025,61.97,62492,550,33.25,63492,79,4.78,1671,99,1654,4047,8,8
1668204438,2022-11-11 16:07:18 -0600,1d68e3756ecc1e622c8bf8de6c88bd63be16e75f,TX,48377,2,2022-11-09T01:00:00.000Z,FIPSCode,48377,0,2022-11-11T22:06:17.608Z,8,98.98,8,100,62962,1025,61.97,62492,550,33.25,63492,79,4.78,1671,99,1654,4047,8,8
1668204480,2022-11-11 16:08:00 -0600,35d0a355276a5341edc05444df93a6c92c3a9cc1,TX,48377,2,2022-11-09T01:00:00.000Z,FIPSCode,48377,0,2022-11-11T22:06:17.608Z,8,98.98,8,100,62962,1025,61.97,62492,550,33.25,63492,79,4.78,1671,99,1654,4047,8,8
1668204523,2022-11-11 16:08:43 -0600,17cb036756131b2fbb9d3116ce77a7d01a53bc0f,TX,48377,2,2022-11-09T01:00:00.000Z,FIPSCode,48377,0,2022-11-11T22:06:17.608Z,8,98.98,8,100,62962,1025,61.97,62492,550,33.25,63492,79,4.78,1671,99,1654,4047,8,8
1668204606,2022-11-11 16:10:06 -0600,8effa236799ccdfabdd4f61dfd8bec43c72aa135,TX,48377,2,2022-11-09T01:00:00.000Z,FIPSCode,48377,0,2022-11-11T22:06:17.608Z,8,98.98,8,100,62962,1025,61.97,62492,550,33.25,63492,79,4.78,1671,99,1654,4047,8,8
1668204648,2022-11-11 16:10:48 -0600,336db55cbcf39b54d65867980bb9868180c08066,TX,48377,2,2022-11-09T01:00:00.000Z,FIPSCode,48377,0,2022-11-11T22:06:17.608Z,8,98.98,8,100,62962,1025,61.97,62492,550,33.25,63492,79,4.78,1671,99,1654,4047,8,8
1668204731,2022-11-11 16:12:11 -0600,731e8a05a15e079f4d6e7e8f56cb37f1783d0380,TX,48377,2,2022-11-09T01:00:00.000Z,FIPSCode,48377,0,2022-11-11T22:06:17.608Z,8,98.98,8,100,62962,1025,61.97,62492,550,33.25,63492,79,4.78,1671,99,1654,4047,8,8
1668204774,2022-11-11 16:12:54 -0600,b27c7b796c03f31dfa48b06c8862f8348e36a8f5,TX,48377,2,2022-11-09T01:00:00.000Z,FIPSCode,48377,0,2022-11-11T22:06:17.608Z,8,98.98,8,100,62962,1025,61.97,62492,550,33.25,63492,79,4.78,1671,99,1654,4047,8,8
1668204899,2022-11-11 16:14:59 -0600,aa8ae8e7fa42c862816c2828b999c4caa74d30dd,TX,48377,2,2022-11-09T01:00:00.000Z,FIPSCode,48377,0,2022-11-11T22:06:17.608Z,8,98.98,8,100,62962,1025,61.97,62492,550,33.25,63492,79,4.78,1671,99,1654,4047,8,8
1668204941,2022-11-11 16:15:41 -0600,d4b3fcc100680a406c64b1958fb75794e297e33c,TX,48377,2,2022-11-09T01:00:00.000Z,FIPSCode,48377,0,2022-11-11T22:06:17.608Z,8,98.98,8,100,62962,1025,61.97,62492,550,33.25,63492,79,4.78,1671,99,1654,4047,8,8
1668205026,2022-11-11 16:17:06 -0600,1bef6ce041382536cc1a16b000f6261caaca76ab,TX,48377,2,2022-11-09T01:00:00.000Z,FIPSCode,48377,0,2022-11-11T22:06:17.608Z,8,98.98,8,100,62962,1025,61.97,62492,550,33.25,63492,79,4.78,1671,99,1654,4047,8,8
1668205066,2022-11-11 16:17:46 -0600,76d3f867dbe62aeaf3d27bdce29befc64db0a827,TX,48377,2,2022-11-09T01:00:00.000Z,FIPSCode,48377,0,2022-11-11T22:06:17.608Z,8,98.98,8,100,62962,1025,61.97,62492,550,33.25,63492,79,4.78,1671,99,1654,4047,8,8
1668205108,2022-11-11 16:18:28 -0600,778bd960c9854fab64c19db66a9abf280de1d7a5,TX,48377,2,2022-11-09T01:00:00.000Z,FIPSCode,48377,0,2022-11-11T22:06:17.608Z,8,98.98,8,100,62962,1025,61.97,62492,550,33.25,63492,79,4.78,1671,99,1654,4047,8,8
1668205147,2022-11-11 16:19:07 -0600,eb98a06474970bd8042ce852fe1be1818609aa13,TX,48377,2,2022-11-09T01:00:00.000Z,FIPSCode,48377,0,2022-11-11T22:06:17.608Z,8,98.98,8,100,62962,1025,61.97,62492,550,33.25,63492,79,4.78,1671,99,1654,4047,8,8
1668205189,2022-11-11 16:19:49 -0600,6840b816a157cee716576e36efa88b023497b4ff,TX,48377,2,2022-11-09T01:00:00.000Z,FIPSCode,48377,0,2022-11-11T22:06:17.608Z,8,98.98,8,100,62962,1025,61.97,62492,550,33.25,63492,79,4.78,1671,99,1654,4047,8,8
1668205230,2022-11-11 16:20:30 -0600,df87b34745161d6b29dcb0338ec4de4168362b1e,TX,48377,2,2022-11-09T01:00:00.000Z,FIPSCode,48377,0,2022-11-11T22:06:17.608Z,8,98.98,8,100,62962,1025,61.97,62492,550,33.25,63492,79,4.78,1671,99,1654,4047,8,8
1668205272,2022-11-11 16:21:12 -0600,7010720f194699a63cf5a9d17df73970f3708562,TX,48377,2,2022-11-09T01:00:00.000Z,FIPSCode,48377,0,2022-11-11T22:06:17.608Z,8,98.98,8,100,62962,1025,61.97,62492,550,33.25,63492,79,4.78,1671,99,1654,4047,8,8
1668205313,2022-11-11 16:21:53 -0600,694fc226d5e2fa860ba0d68d282c466e547fcaea,TX,48377,2,2022-11-09T01:00:00.000Z,FIPSCode,48377,0,2022-11-11T22:06:17.608Z,8,98.98,8,100,62962,1025,61.97,62492,550,33.25,63492,79,4.78,1671,99,1654,4047,8,8
1668205355,2022-11-11 16:22:35 -0600,45a5c1d5dcfc81133b519eaba941bbca93fdb8dc,TX,48377,2,2022-11-09T01:00:00.000Z,FIPSCode,48377,0,2022-11-11T22:06:17.608Z,8,98.98,8,100,62962,1025,61.97,62492,550,33.25,63492,79,4.78,1671,99,1654,4047,8,8
1668205398,2022-11-11 16:23:18 -0600,e4451b8fa23b2f27e347f01a32993afc47ffb2f3,TX,48377,2,2022-11-09T01:00:00.000Z,FIPSCode,48377,0,2022-11-11T22:06:17.608Z,8,98.98,8,100,62962,1025,61.97,62492,550,33.25,63492,79,4.78,1671,99,1654,4047,8,8
1668205440,2022-11-11 16:24:00 -0600,cd5beea1547381b0782bfcbeba20389fe1b3e6f4,TX,48377,2,2022-11-09T01:00:00.000Z,FIPSCode,48377,0,2022-11-11T22:06:17.608Z,8,98.98,8,100,62962,1025,61.97,62492,550,33.25,63492,79,4.78,1671,99,1654,4047,8,8
1668205564,2022-11-11 16:26:04 -0600,cf1dab7e62a7473a9c7f9ad3d6d585fa46093b35,TX,48377,2,2022-11-09T01:00:00.000Z,FIPSCode,48377,0,2022-11-11T22:06:17.608Z,8,98.98,8,100,62962,1025,61.97,62492,550,33.25,63492,79,4.78,1671,99,1654,4047,8,8
1668205608,2022-11-11 16:26:48 -0600,869e1eaf4d8de1812a12528e5e5616561464b346,TX,48377,2,2022-11-09T01:00:00.000Z,FIPSCode,48377,0,2022-11-11T22:06:17.608Z,8,98.98,8,100,62962,1025,61.97,62492,550,33.25,63492,79,4.78,1671,99,1654,4047,8,8
1668205692,2022-11-11 16:28:12 -0600,60fbfd035875cfe2da844522731a35c40bbd5944,TX,48377,2,2022-11-09T01:00:00.000Z,FIPSCode,48377,0,2022-11-11T22:06:17.608Z,8,98.98,8,100,62962,1025,61.97,62492,550,33.25,63492,79,4.78,1671,99,1654,4047,8,8
1668205817,2022-11-11 16:30:17 -0600,33891c44661473c924856ea1dce4f580fe2a991b,TX,48377,2,2022-11-09T01:00:00.000Z,FIPSCode,48377,0,2022-11-11T22:29:20.095Z,8,98.98,8,100,62962,1025,61.97,62492,550,33.25,63492,79,4.78,1671,99,1654,4047,8,8
1668205858,2022-11-11 16:30:58 -0600,e8f5fdc2a4214046b4bf398890e79ea14063fa0d,TX,48377,2,2022-11-09T01:00:00.000Z,FIPSCode,48377,0,2022-11-11T22:30:19.759Z,8,98.98,8,100,62962,1025,61.97,62492,550,33.25,63492,79,4.78,1671,99,1654,4047,8,8
1668205900,2022-11-11 16:31:40 -0600,7499c80ed38ba36da3a16aaf4b649e75a4ad1dd9,TX,48377,2,2022-11-09T01:00:00.000Z,FIPSCode,48377,0,2022-11-11T22:31:21.867Z,8,98.98,8,100,62962,1025,61.97,62492,550,33.25,63492,79,4.78,1671,99,1654,4047,8,8
1668205943,2022-11-11 16:32:23 -0600,07545cdbf7903397eec4fd0769fb61a328d64f4e,TX,48377,2,2022-11-09T01:00:00.000Z,FIPSCode,48377,0,2022-11-11T22:31:21.867Z,8,98.98,8,100,62962,1025,61.97,62492,550,33.25,63492,79,4.78,1671,99,1654,4047,8,8
1668205985,2022-11-11 16:33:05 -0600,73b5dbe6ad440001744009e5152db41e55760de2,TX,48377,2,2022-11-09T01:00:00.000Z,FIPSCode,48377,0,2022-11-11T22:31:21.867Z,8,98.98,8,100,62962,1025,61.97,62492,550,33.25,63492,79,4.78,1671,99,1654,4047,8,8
1668206026,2022-11-11 16:33:46 -0600,8db023614af46f818b1025e1ec86e1651dcea13c,TX,48377,2,2022-11-09T01:00:00.000Z,FIPSCode,48377,0,2022-11-11T22:31:21.867Z,8,98.98,8,100,62962,1025,61.97,62492,550,33.25,63492,79,4.78,1671,99,1654,4047,8,8
1668206109,2022-11-11 16:35:09 -0600,ec67b9ce7f5849f4e448178318a5586910e9a08a,TX,48377,2,2022-11-09T01:00:00.000Z,FIPSCode,48377,0,2022-11-11T22:31:21.867Z,8,98.98,8,100,62962,1025,61.97,62492,550,33.25,63492,79,4.78,1671,99,1654,4047,8,8
1668206151,2022-11-11 16:35:51 -0600,b6b2dc523bf4b7608125babb4ec79d46c4152b79,TX,48377,2,2022-11-09T01:00:00.000Z,FIPSCode,48377,0,2022-11-11T22:31:21.867Z,8,98.98,8,100,62962,1025,61.97,62492,550,33.25,63492,79,4.78,1671,99,1654,4047,8,8
1668206194,2022-11-11 16:36:34 -0600,0885f1ffa5967293c4276807bec29ff5961c8b40,TX,48377,2,2022-11-09T01:00:00.000Z,FIPSCode,48377,0,2022-11-11T22:31:21.867Z,8,98.98,8,100,62962,1025,61.97,62492,550,33.25,63492,79,4.78,1671,99,1654,4047,8,8
1668206235,2022-11-11 16:37:15 -0600,8ac37d17dbf7982e412f856a87569be7c6e5db7a,TX,48377,2,2022-11-09T01:00:00.000Z,FIPSCode,48377,0,2022-11-11T22:31:21.867Z,8,98.98,8,100,62962,1025,61.97,62492,550,33.25,63492,79,4.78,1671,99,1654,4047,8,8
1668206277,2022-11-11 16:37:57 -0600,06091cc578eaa93522b3584a8f02c5b8c63ac203,TX,48377,2,2022-11-09T01:00:00.000Z,FIPSCode,48377,0,2022-11-11T22:31:21.867Z,8,98.98,8,100,62962,1025,61.97,62492,550,33.25,63492,79,4.78,1671,99,1654,4047,8,8
1668206319,2022-11-11 16:38:39 -0600,3c812ef2c9af0e89a2cc2e3c160fa741cb96e798,TX,48377,2,2022-11-09T01:00:00.000Z,FIPSCode,48377,0,2022-11-11T22:31:21.867Z,8,98.98,8,100,62962,1025,61.97,62492,550,33.25,63492,79,4.78,1671,99,1654,4047,8,8
1668206361,2022-11-11 16:39:21 -0600,31df034c7d04f79310f20329f6456d5fa462b341,TX,48377,2,2022-11-09T01:00:00.000Z,FIPSCode,48377,0,2022-11-11T22:31:21.867Z,8,98.98,8,100,62962,1025,61.97,62492,550,33.25,63492,79,4.78,1671,99,1654,4047,8,8
1668206402,2022-11-11 16:40:02 -0600,b041a0fcb5ef0e7f16c023e397d37105f57c0e0d,TX,48377,2,2022-11-09T01:00:00.000Z,FIPSCode,48377,0,2022-11-11T22:31:21.867Z,8,98.98,8,100,62962,1025,61.97,62492,550,33.25,63492,79,4.78,1671,99,1654,4047,8,8
1668206445,2022-11-11 16:40:45 -0600,92a0b69e2191ad5ce45620cb8b6631255b5bd5fd,TX,48377,2,2022-11-09T01:00:00.000Z,FIPSCode,48377,0,2022-11-11T22:31:21.867Z,8,98.98,8,100,62962,1025,61.97,62492,550,33.25,63492,79,4.78,1671,99,1654,4047,8,8
1668206486,2022-11-11 16:41:26 -0600,621b35624f8b67274e16348525337bab638161bb,TX,48377,2,2022-11-09T01:00:00.000Z,FIPSCode,48377,0,2022-11-11T22:31:21.867Z,8,98.98,8,100,62962,1025,61.97,62492,550,33.25,63492,79,4.78,1671,99,1654,4047,8,8
1668206529,2022-11-11 16:42:09 -0600,279d3751d3cb526b05053d49d653e7f3421db260,TX,48377,2,2022-11-09T01:00:00.000Z,FIPSCode,48377,0,2022-11-11T22:31:21.867Z,8,98.98,8,100,62962,1025,61.97,62492,550,33.25,63492,79,4.78,1671,99,1654,4047,8,8
1668206569,2022-11-11 16:42:49 -0600,aa908e6072fb8a880a10d40f6aee581c46d61d58,TX,48377,2,2022-11-09T01:00:00.000Z,FIPSCode,48377,0,2022-11-11T22:31:21.867Z,8,98.98,8,100,62962,1025,61.97,62492,550,33.25,63492,79,4.78,1671,99,1654,4047,8,8
1668206653,2022-11-11 16:44:13 -0600,9f754be6e07cc22dc765e9a2f68adcc45f15dfff,TX,48377,2,2022-11-09T01:00:00.000Z,FIPSCode,48377,0,2022-11-11T22:31:21.867Z,8,98.98,8,100,62962,1025,61.97,62492,550,33.25,63492,79,4.78,1671,99,1654,4047,8,8
1668206695,2022-11-11 16:44:55 -0600,2eac93acdbaf5068b5be84d72e9d077ccff77e06,TX,48377,2,2022-11-09T01:00:00.000Z,FIPSCode,48377,0,2022-11-11T22:31:21.867Z,8,98.98,8,100,62962,1025,61.97,62492,550,33.25,63492,79,4.78,1671,99,1654,4047,8,8
1668206736,2022-11-11 16:45:36 -0600,b7cb18712e2a00fd772a16764cf26a9ebdb5b896,TX,48377,2,2022-11-09T01:00:00.000Z,FIPSCode,48377,0,2022-11-11T22:31:21.867Z,8,98.98,8,100,62962,1025,61.97,62492,550,33.25,63492,79,4.78,1671,99,1654,4047,8,8
1668206779,2022-11-11 16:46:19 -0600,f86abc10da8b909eed871c00e473df8abcbc3c5a,TX,48377,2,2022-11-09T01:00:00.000Z,FIPSCode,48377,0,2022-11-11T22:31:21.867Z,8,98.98,8,100,62962,1025,61.97,62492,550,33.25,63492,79,4.78,1671,99,1654,4047,8,8
1668206820,2022-11-11 16:47:00 -0600,5e7ac4c2493a6e834565f87fdbcabed282d4309a,TX,48377,2,2022-11-09T01:00:00.000Z,FIPSCode,48377,0,2022-11-11T22:31:21.867Z,8,98.98,8,100,62962,1025,61.97,62492,550,33.25,63492,79,4.78,1671,99,1654,4047,8,8
1668206861,2022-11-11 16:47:41 -0600,8a9d93d047fdf7ef774965055727b5e265b4007d,TX,48377,2,2022-11-09T01:00:00.000Z,FIPSCode,48377,0,2022-11-11T22:31:21.867Z,8,98.98,8,100,62962,1025,61.97,62492,550,33.25,63492,79,4.78,1671,99,1654,4047,8,8
1668206903,2022-11-11 16:48:23 -0600,d1759d80bbab60da937fcd553d837dc08b496c9d,TX,48377,2,2022-11-09T01:00:00.000Z,FIPSCode,48377,0,2022-11-11T22:31:21.867Z,8,98.98,8,100,62962,1025,61.97,62492,550,33.25,63492,79,4.78,1671,99,1654,4047,8,8
1668206945,2022-11-11 16:49:05 -0600,2141f4c05e1baf9f6817c64b5bb043105a1abce6,TX,48377,2,2022-11-09T01:00:00.000Z,FIPSCode,48377,0,2022-11-11T22:31:21.867Z,8,98.98,8,100,62962,1025,61.97,62492,550,33.25,63492,79,4.78,1671,99,1654,4047,8,8
1668206986,2022-11-11 16:49:46 -0600,30f74e29bb8c40a17f4806b8f71738a852980cb3,TX,48377,2,2022-11-09T01:00:00.000Z,FIPSCode,48377,0,2022-11-11T22:31:21.867Z,8,98.98,8,100,62962,1025,61.97,62492,550,33.25,63492,79,4.78,1671,99,1654,4047,8,8
1668207027,2022-11-11 16:50:27 -0600,c62bccebade3e385db24490f77e261d5e186623a,TX,48377,2,2022-11-09T01:00:00.000Z,FIPSCode,48377,0,2022-11-11T22:31:21.867Z,8,98.98,8,100,62962,1025,61.97,62492,550,33.25,63492,79,4.78,1671,99,1654,4047,8,8
1668207152,2022-11-11 16:52:32 -0600,f192c279c313fc0aacbf14de21b678eb410c7adf,TX,48377,2,2022-11-09T01:00:00.000Z,FIPSCode,48377,0,2022-11-11T22:31:21.867Z,8,98.98,8,100,62962,1025,61.97,62492,550,33.25,63492,79,4.78,1671,99,1654,4047,8,8
1668207193,2022-11-11 16:53:13 -0600,488c073b78bbbd270c13516b08ea5ae57d0b328e,TX,48377,2,2022-11-09T01:00:00.000Z,FIPSCode,48377,0,2022-11-11T22:31:21.867Z,8,98.98,8,100,62962,1025,61.97,62492,550,33.25,63492,79,4.78,1671,99,1654,4047,8,8
1668207234,2022-11-11 16:53:54 -0600,3357cfdfc738010ea3c894ca19ae60b8f88768ad,TX,48377,2,2022-11-09T01:00:00.000Z,FIPSCode,48377,0,2022-11-11T22:31:21.867Z,8,98.98,8,100,62962,1025,61.97,62492,550,33.25,63492,79,4.78,1671,99,1654,4047,8,8
1668207276,2022-11-11 16:54:36 -0600,ee821b37fc8bc0bd268c011f4e6b42a026deacf0,TX,48377,2,2022-11-09T01:00:00.000Z,FIPSCode,48377,0,2022-11-11T22:31:21.867Z,8,98.98,8,100,62962,1025,61.97,62492,550,33.25,63492,79,4.78,1671,99,1654,4047,8,8
1668207319,2022-11-11 16:55:19 -0600,00cdaa928565fae44496cd2632242ce84feda180,TX,48377,2,2022-11-09T01:00:00.000Z,FIPSCode,48377,0,2022-11-11T22:31:21.867Z,8,98.98,8,100,62962,1025,61.97,62492,550,33.25,63492,79,4.78,1671,99,1654,4047,8,8
1668207361,2022-11-11 16:56:01 -0600,3d31df7b86a8df4fd4c79095213e5435e871d63c,TX,48377,2,2022-11-09T01:00:00.000Z,FIPSCode,48377,0,2022-11-11T22:31:21.867Z,8,98.98,8,100,62962,1025,61.97,62492,550,33.25,63492,79,4.78,1671,99,1654,4047,8,8
1668207403,2022-11-11 16:56:43 -0600,cab718c5767e5be458fad63ba7edefd500f12216,TX,48377,2,2022-11-09T01:00:00.000Z,FIPSCode,48377,0,2022-11-11T22:31:21.867Z,8,98.98,8,100,62962,1025,61.97,62492,550,33.25,63492,79,4.78,1671,99,1654,4047,8,8
1668207444,2022-11-11 16:57:24 -0600,2c919237a0fa21f910ce6b84fc3c67962d7cb9f2,TX,48377,2,2022-11-09T01:00:00.000Z,FIPSCode,48377,0,2022-11-11T22:31:21.867Z,8,98.98,8,100,62962,1025,61.97,62492,550,33.25,63492,79,4.78,1671,99,1654,4047,8,8
1668207486,2022-11-11 16:58:06 -0600,a8ec60ea55e004937ec5d5744693a101f701b738,TX,48377,2,2022-11-09T01:00:00.000Z,FIPSCode,48377,0,2022-11-11T22:31:21.867Z,8,98.98,8,100,62962,1025,61.97,62492,550,33.25,63492,79,4.78,1671,99,1654,4047,8,8
1668207528,2022-11-11 16:58:48 -0600,0f79679de1046ff152bd54f53a331abed3d87b35,TX,48377,2,2022-11-09T01:00:00.000Z,FIPSCode,48377,0,2022-11-11T22:31:21.867Z,8,98.98,8,100,62962,1025,61.97,62492,550,33.25,63492,79,4.78,1671,99,1654,4047,8,8
1668207571,2022-11-11 16:59:31 -0600,a9895f35f3eaccf01608932210b6326a76bee234,TX,48377,2,2022-11-09T01:00:00.000Z,FIPSCode,48377,0,2022-11-11T22:31:21.867Z,8,98.98,8,100,62962,1025,61.97,62492,550,33.25,63492,79,4.78,1671,99,1654,4047,8,8
1668207615,2022-11-11 17:00:15 -0600,f3b3e45d610993bcc079b6e3b6e12430e7f29170,TX,48377,2,2022-11-09T01:00:00.000Z,FIPSCode,48377,0,2022-11-11T22:31:21.867Z,8,98.98,8,100,62962,1025,61.97,62492,550,33.25,63492,79,4.78,1671,99,1654,4047,8,8
1668207659,2022-11-11 17:00:59 -0600,b9e1e650e4fec427de3acfba2a8992648e60aabb,TX,48377,2,2022-11-09T01:00:00.000Z,FIPSCode,48377,0,2022-11-11T22:31:21.867Z,8,98.98,8,100,62962,1025,61.97,62492,550,33.25,63492,79,4.78,1671,99,1654,4047,8,8
1668207702,2022-11-11 17:01:42 -0600,086b7df027669da450abbf5796625726b90db513,TX,48377,2,2022-11-09T01:00:00.000Z,FIPSCode,48377,0,2022-11-11T22:31:21.867Z,8,98.98,8,100,62962,1025,61.97,62492,550,33.25,63492,79,4.78,1671,99,1654,4047,8,8
1668207744,2022-11-11 17:02:24 -0600,7e42f9f107ab8c67da88b0a15dcfb04577065cbb,TX,48377,2,2022-11-09T01:00:00.000Z,FIPSCode,48377,0,2022-11-11T22:31:21.867Z,8,98.98,8,100,62962,1025,61.97,62492,550,33.25,63492,79,4.78,1671,99,1654,4047,8,8
1668207787,2022-11-11 17:03:07 -0600,5edba85562262c34cf7b91c485b2ceca6bd9b1e2,TX,48377,2,2022-11-09T01:00:00.000Z,FIPSCode,48377,0,2022-11-11T22:31:21.867Z,8,98.98,8,100,62962,1025,61.97,62492,550,33.25,63492,79,4.78,1671,99,1654,4047,8,8
1668207911,2022-11-11 17:05:11 -0600,082e666e87796fa29c29b535031c8ec15fd1740e,TX,48377,2,2022-11-09T01:00:00.000Z,FIPSCode,48377,0,2022-11-11T22:31:21.867Z,8,98.98,8,100,62962,1025,61.97,62492,550,33.25,63492,79,4.78,1671,99,1654,4047,8,8
1668207953,2022-11-11 17:05:53 -0600,b5da332005c09e637cd1ec21aafbfc1e0a1d1eec,TX,48377,2,2022-11-09T01:00:00.000Z,FIPSCode,48377,0,2022-11-11T22:31:21.867Z,8,98.98,8,100,62962,1025,61.97,62492,550,33.25,63492,79,4.78,1671,99,1654,4047,8,8
1668207995,2022-11-11 17:06:35 -0600,6d59f197ed2052ec9d17c218683b424209a7553f,TX,48377,2,2022-11-09T01:00:00.000Z,FIPSCode,48377,0,2022-11-11T22:31:21.867Z,8,98.98,8,100,62962,1025,61.97,62492,550,33.25,63492,79,4.78,1671,99,1654,4047,8,8
1668208036,2022-11-11 17:07:16 -0600,a7581c7c5bc0dec53bde2eb637def9e3039c7609,TX,48377,2,2022-11-09T01:00:00.000Z,FIPSCode,48377,0,2022-11-11T23:06:21.808Z,8,98.98,8,100,62962,1025,61.97,62492,550,33.25,63492,79,4.78,1671,99,1654,4047,8,8
1668208078,2022-11-11 17:07:58 -0600,51b7255c3547eb9c37da0b9d7fbf82781c9ce2c9,TX,48377,2,2022-11-09T01:00:00.000Z,FIPSCode,48377,0,2022-11-11T23:07:37.918Z,8,98.98,8,100,62962,1025,61.97,62492,550,33.25,63492,79,4.78,1671,99,1654,4047,8,8
1668208119,2022-11-11 17:08:39 -0600,b4df0049944ca29bbb394f05b2fa58198e3465c9,TX,48377,2,2022-11-09T01:00:00.000Z,FIPSCode,48377,0,2022-11-11T23:08:17.470Z,8,98.98,8,100,62962,1025,61.97,62492,550,33.25,63492,79,4.78,1671,99,1654,4047,8,8
1668208160,2022-11-11 17:09:20 -0600,1a5e886a420b6c738273b379ff9184a6de726384,TX,48377,2,2022-11-09T01:00:00.000Z,FIPSCode,48377,0,2022-11-11T23:08:17.470Z,8,98.98,8,100,62962,1025,61.97,62492,550,33.25,63492,79,4.78,1671,99,1654,4047,8,8
1668208202,2022-11-11 17:10:02 -0600,17a18f1e1dd0effe65e1e8e03d2f119a2979c240,TX,48377,2,2022-11-09T01:00:00.000Z,FIPSCode,48377,0,2022-11-11T23:09:17.604Z,8,98.98,8,100,62962,1025,61.97,62492,550,33.25,63492,79,4.78,1671,99,1654,4047,8,8
1668208244,2022-11-11 17:10:44 -0600,482378168dd4067092ea6dd0e360510ecea59073,TX,48377,2,2022-11-09T01:00:00.000Z,FIPSCode,48377,0,2022-11-11T23:09:17.604Z,8,98.98,8,100,62962,1025,61.97,62492,550,33.25,63492,79,4.78,1671,99,1654,4047,8,8
1668208287,2022-11-11 17:11:27 -0600,5d860bd1d40995555916a73419dd7bba93eefa85,TX,48377,2,2022-11-09T01:00:00.000Z,FIPSCode,48377,0,2022-11-11T23:09:17.604Z,8,98.98,8,100,62962,1025,61.97,62492,550,33.25,63492,79,4.78,1671,99,1654,4047,8,8
1668208328,2022-11-11 17:12:08 -0600,8e3f7d06da4338f472d12b9ddfe711848f339c10,TX,48377,2,2022-11-09T01:00:00.000Z,FIPSCode,48377,0,2022-11-11T23:09:17.604Z,8,98.98,8,100,62962,1025,61.97,62492,550,33.25,63492,79,4.78,1671,99,1654,4047,8,8
1668208371,2022-11-11 17:12:51 -0600,90dc650ff62ba42289f358118047d926b5b11be2,TX,48377,2,2022-11-09T01:00:00.000Z,FIPSCode,48377,0,2022-11-11T23:09:17.604Z,8,98.98,8,100,62962,1025,61.97,62492,550,33.25,63492,79,4.78,1671,99,1654,4047,8,8
1668208412,2022-11-11 17:13:32 -0600,612c0e36b1eb399ccccbc931a96ad9ab5444a25a,TX,48377,2,2022-11-09T01:00:00.000Z,FIPSCode,48377,0,2022-11-11T23:12:36.171Z,8,98.98,8,100,62962,1025,61.97,62492,550,33.25,63492,79,4.78,1671,99,1654,4047,8,8
1668208455,2022-11-11 17:14:15 -0600,5cfcc00f9535a709ac7093ba4836dceffe969e83,TX,48377,2,2022-11-09T01:00:00.000Z,FIPSCode,48377,0,2022-11-11T23:13:36.508Z,8,98.98,8,100,62962,1025,61.97,62492,550,33.25,63492,79,4.78,1671,99,1654,4047,8,8
1668208497,2022-11-11 17:14:57 -0600,bbcacf8701d4b4ca10ce3ae291cdfacec6ecb8a8,TX,48377,2,2022-11-09T01:00:00.000Z,FIPSCode,48377,0,2022-11-11T23:14:18.005Z,8,98.98,8,100,62962,1025,61.97,62492,550,33.25,63492,79,4.78,1671,99,1654,4047,8,8
1668208539,2022-11-11 17:15:39 -0600,b0aad4a702cf4c99643582133bc49627c02562c4,TX,48377,2,2022-11-09T01:00:00.000Z,FIPSCode,48377,0,2022-11-11T23:15:19.427Z,8,98.98,8,100,62962,1025,61.97,62492,550,33.25,63492,79,4.78,1671,99,1654,4047,8,8
1668208582,2022-11-11 17:16:22 -0600,39373589a590c844e4dffbc9c485af52ba681b27,TX,48377,2,2022-11-09T01:00:00.000Z,FIPSCode,48377,0,2022-11-11T23:15:19.427Z,8,98.98,8,100,62962,1025,61.97,62492,550,33.25,63492,79,4.78,1671,99,1654,4047,8,8
1668208624,2022-11-11 17:17:04 -0600,67fc0196317d873c0b2ba2ab3fdb60dd888ad660,TX,48377,2,2022-11-09T01:00:00.000Z,FIPSCode,48377,0,2022-11-11T23:15:19.427Z,8,98.98,8,100,62962,1025,61.97,62492,550,33.25,63492,79,4.78,1671,99,1654,4047,8,8
1668208666,2022-11-11 17:17:46 -0600,c4b3457c1654650b9c6094c29ab87d4488e75526,TX,48377,2,2022-11-09T01:00:00.000Z,FIPSCode,48377,0,2022-11-11T23:15:19.427Z,8,98.98,8,100,62962,1025,61.97,62492,550,33.25,63492,79,4.78,1671,99,1654,4047,8,8
1668208708,2022-11-11 17:18:28 -0600,341ead6282b4baa39b7cd8795629011cc6e14169,TX,48377,2,2022-11-09T01:00:00.000Z,FIPSCode,48377,0,2022-11-11T23:15:19.427Z,8,98.98,8,100,62962,1025,61.97,62492,550,33.25,63492,79,4.78,1671,99,1654,4047,8,8
1668208751,2022-11-11 17:19:11 -0600,e542385930d5e3d287244353427166ab4dd93da4,TX,48377,2,2022-11-09T01:00:00.000Z,FIPSCode,48377,0,2022-11-11T23:15:19.427Z,8,98.98,8,100,62962,1025,61.97,62492,550,33.25,63492,79,4.78,1671,99,1654,4047,8,8
1668208793,2022-11-11 17:19:53 -0600,cc1b91dc13f133a43d05376d14a55f148cf6fc8a,TX,48377,2,2022-11-09T01:00:00.000Z,FIPSCode,48377,0,2022-11-11T23:15:19.427Z,8,98.98,8,100,62962,1025,61.97,62492,550,33.25,63492,79,4.78,1671,99,1654,4047,8,8
1668208877,2022-11-11 17:21:17 -0600,7b1c10dfae766f0ba2b14e0b07008f6e3a761303,TX,48377,2,2022-11-09T01:00:00.000Z,FIPSCode,48377,0,2022-11-11T23:15:19.427Z,8,98.98,8,100,62962,1025,61.97,62492,550,33.25,63492,79,4.78,1671,99,1654,4047,8,8
1668208919,2022-11-11 17:21:59 -0600,2c11c520f8d89edc2435ecc73c95376fcad7a9de,TX,48377,2,2022-11-09T01:00:00.000Z,FIPSCode,48377,0,2022-11-11T23:15:19.427Z,8,98.98,8,100,62962,1025,61.97,62492,550,33.25,63492,79,4.78,1671,99,1654,4047,8,8
1668208960,2022-11-11 17:22:40 -0600,02542bab4b47ccde3fc3a859a659fd1a651f389b,TX,48377,2,2022-11-09T01:00:00.000Z,FIPSCode,48377,0,2022-11-11T23:22:20.211Z,8,98.98,8,100,62962,1025,61.97,62492,550,33.25,63492,79,4.78,1671,99,1654,4047,8,8
1668209002,2022-11-11 17:23:22 -0600,de9258560bd2bc58bdee184baa5ae6870a143163,TX,48377,2,2022-11-09T01:00:00.000Z,FIPSCode,48377,0,2022-11-11T23:22:20.211Z,8,98.98,8,100,62962,1025,61.97,62492,550,33.25,63492,79,4.78,1671,99,1654,4047,8,8
1668209043,2022-11-11 17:24:03 -0600,5c82d03702f84cbce6bdad74f61e3079bc36410b,TX,48377,2,2022-11-09T01:00:00.000Z,FIPSCode,48377,0,2022-11-11T23:23:17.548Z,8,98.98,8,100,62962,1025,61.97,62492,550,33.25,63492,79,4.78,1671,99,1654,4047,8,8
1668209085,2022-11-11 17:24:45 -0600,8f51f87e483b76014c07af542185b22ece519055,TX,48377,2,2022-11-09T01:00:00.000Z,FIPSCode,48377,0,2022-11-11T23:23:17.548Z,8,98.98,8,100,62962,1025,61.97,62492,550,33.25,63492,79,4.78,1671,99,1654,4047,8,8
1668209126,2022-11-11 17:25:26 -0600,46abea099edc3d5045c0728895fd76d9c44a294d,TX,48377,2,2022-11-09T01:00:00.000Z,FIPSCode,48377,0,2022-11-11T23:24:36.811Z,8,98.98,8,100,62962,1025,61.97,62492,550,33.25,63492,79,4.78,1671,99,1654,4047,8,8
1668209168,2022-11-11 17:26:08 -0600,ebbf14b7172a6c398dc9c1c4f6d39fc965a6aca3,TX,48377,2,2022-11-09T01:00:00.000Z,FIPSCode,48377,0,2022-11-11T23:24:36.811Z,8,98.98,8,100,62962,1025,61.97,62492,550,33.25,63492,79,4.78,1671,99,1654,4047,8,8
1668209209,2022-11-11 17:26:49 -0600,250130e42b51ec2713ebf6aa6707027d93ea8337,TX,48377,2,2022-11-09T01:00:00.000Z,FIPSCode,48377,0,2022-11-11T23:24:36.811Z,8,98.98,8,100,62962,1025,61.97,62492,550,33.25,63492,79,4.78,1671,99,1654,4047,8,8
1668209294,2022-11-11 17:28:14 -0600,7314dc5797521cfa61f26299404a8ca4eed331ff,TX,48377,2,2022-11-09T01:00:00.000Z,FIPSCode,48377,0,2022-11-11T23:27:18.165Z,8,98.98,8,100,62962,1025,61.97,62492,550,33.25,63492,79,4.78,1671,99,1654,4047,8,8
1668209336,2022-11-11 17:28:56 -0600,c52fb37f3a9acc5b7d1ac4cb816123ada98c8693,TX,48377,2,2022-11-09T01:00:00.000Z,FIPSCode,48377,0,2022-11-11T23:28:20.341Z,8,98.98,8,100,62962,1025,61.97,62492,550,33.25,63492,79,4.78,1671,99,1654,4047,8,8
1668209377,2022-11-11 17:29:37 -0600,d1e12875c90019cb918f8849ea53a0a2344956a5,TX,48377,2,2022-11-09T01:00:00.000Z,FIPSCode,48377,0,2022-11-11T23:28:20.341Z,8,98.98,8,100,62962,1025,61.97,62492,550,33.25,63492,79,4.78,1671,99,1654,4047,8,8
1668209419,2022-11-11 17:30:19 -0600,36f0c513174bc6be66d4796e513a246b01edda1e,TX,48377,2,2022-11-09T01:00:00.000Z,FIPSCode,48377,0,2022-11-11T23:29:41.571Z,8,98.98,8,100,62962,1025,61.97,62492,550,33.25,63492,79,4.78,1671,99,1654,4047,8,8
1668209461,2022-11-11 17:31:01 -0600,72f74b49bc58afe5dd08eccde1b164b47cfb0e00,TX,48377,2,2022-11-09T01:00:00.000Z,FIPSCode,48377,0,2022-11-11T23:29:41.571Z,8,98.98,8,100,62962,1025,61.97,62492,550,33.25,63492,79,4.78,1671,99,1654,4047,8,8
1668209504,2022-11-11 17:31:44 -0600,d70b15bd241079d8995a5dfe931f348c1d24adde,TX,48377,2,2022-11-09T01:00:00.000Z,FIPSCode,48377,0,2022-11-11T23:29:41.571Z,8,98.98,8,100,62962,1025,61.97,62492,550,33.25,63492,79,4.78,1671,99,1654,4047,8,8
1668209545,2022-11-11 17:32:25 -0600,b5710b36ef206f6d0fbb7b83986c953b8977d5f7,TX,48377,2,2022-11-09T01:00:00.000Z,FIPSCode,48377,0,2022-11-11T23:29:41.571Z,8,98.98,8,100,62962,1025,61.97,62492,550,33.25,63492,79,4.78,1671,99,1654,4047,8,8
1668209587,2022-11-11 17:33:07 -0600,3311ad4f9f9cb3dfab4a4365ab791e8ca6412b9d,TX,48377,2,2022-11-09T01:00:00.000Z,FIPSCode,48377,0,2022-11-11T23:29:41.571Z,8,98.98,8,100,62962,1025,61.97,62492,550,33.25,63492,79,4.78,1671,99,1654,4047,8,8
1668209628,2022-11-11 17:33:48 -0600,7e408e1984e5e6fa7b9ac0f084d06bc31ae3dbed,TX,48377,2,2022-11-09T01:00:00.000Z,FIPSCode,48377,0,2022-11-11T23:29:41.571Z,8,98.98,8,100,62962,1025,61.97,62492,550,33.25,63492,79,4.78,1671,99,1654,4047,8,8
1668209669,2022-11-11 17:34:29 -0600,713fbcb734c21a541591ef7cc3dadafdd94e623e,TX,48377,2,2022-11-09T01:00:00.000Z,FIPSCode,48377,0,2022-11-11T23:29:41.571Z,8,98.98,8,100,62962,1025,61.97,62492,550,33.25,63492,79,4.78,1671,99,1654,4047,8,8
1668209711,2022-11-11 17:35:11 -0600,d511c2cd0294182084ab6053c640badad5a7e38d,TX,48377,2,2022-11-09T01:00:00.000Z,FIPSCode,48377,0,2022-11-11T23:29:41.571Z,8,98.98,8,100,62962,1025,61.97,62492,550,33.25,63492,79,4.78,1671,99,1654,4047,8,8
1668209754,2022-11-11 17:35:54 -0600,3c8689bbca4ccd481d284034caf6c3b98142467c,TX,48377,2,2022-11-09T01:00:00.000Z,FIPSCode,48377,0,2022-11-11T23:29:41.571Z,8,98.98,8,100,62962,1025,61.97,62492,550,33.25,63492,79,4.78,1671,99,1654,4047,8,8
1668209797,2022-11-11 17:36:37 -0600,308092b4e79769ef8d465525ce9307beb07242c2,TX,48377,2,2022-11-09T01:00:00.000Z,FIPSCode,48377,0,2022-11-11T23:29:41.571Z,8,98.98,8,100,62962,1025,61.97,62492,550,33.25,63492,79,4.78,1671,99,1654,4047,8,8
1668209882,2022-11-11 17:38:02 -0600,33ab6542cc232d31d14120e65e8a62ea71ef0ff4,TX,48377,2,2022-11-09T01:00:00.000Z,FIPSCode,48377,0,2022-11-11T23:29:41.571Z,8,98.98,8,100,62962,1025,61.97,62492,550,33.25,63492,79,4.78,1671,99,1654,4047,8,8
1668209925,2022-11-11 17:38:45 -0600,3ef26cada5b03696ddb389b2d9e363d54ecb6809,TX,48377,2,2022-11-09T01:00:00.000Z,FIPSCode,48377,0,2022-11-11T23:29:41.571Z,8,98.98,8,100,62962,1025,61.97,62492,550,33.25,63492,79,4.78,1671,99,1654,4047,8,8
1668210010,2022-11-11 17:40:10 -0600,d03532e8dc8c27a8d59d9409156f99690dc26270,TX,48377,2,2022-11-09T01:00:00.000Z,FIPSCode,48377,0,2022-11-11T23:29:41.571Z,8,98.98,8,100,62962,1025,61.97,62492,550,33.25,63492,79,4.78,1671,99,1654,4047,8,8
1668210051,2022-11-11 17:40:51 -0600,ffbf647cfeb3e1a751fe3eb82133880215092a75,TX,48377,2,2022-11-09T01:00:00.000Z,FIPSCode,48377,0,2022-11-11T23:29:41.571Z,8,98.98,8,100,62962,1025,61.97,62492,550,33.25,63492,79,4.78,1671,99,1654,4047,8,8
1668210093,2022-11-11 17:41:33 -0600,7a34d1812ecb0b4c905cb8040fbf3a148fa1e9b5,TX,48377,2,2022-11-09T01:00:00.000Z,FIPSCode,48377,0,2022-11-11T23:29:41.571Z,8,98.98,8,100,62962,1025,61.97,62492,550,33.25,63492,79,4.78,1671,99,1654,4047,8,8
1668210134,2022-11-11 17:42:14 -0600,eff25d5e153e65241811a6bd3e37c5ad8a51e8ff,TX,48377,2,2022-11-09T01:00:00.000Z,FIPSCode,48377,0,2022-11-11T23:29:41.571Z,8,98.98,8,100,62962,1025,61.97,62492,550,33.25,63492,79,4.78,1671,99,1654,4047,8,8
1668210176,2022-11-11 17:42:56 -0600,27f5028947a1574eb2450aafa345beab1972e5f3,TX,48377,2,2022-11-09T01:00:00.000Z,FIPSCode,48377,0,2022-11-11T23:29:41.571Z,8,98.98,8,100,62962,1025,61.97,62492,550,33.25,63492,79,4.78,1671,99,1654,4047,8,8
1668210218,2022-11-11 17:43:38 -0600,83a79f81e335ff0e7266c657751c91cf55371f8e,TX,48377,2,2022-11-09T01:00:00.000Z,FIPSCode,48377,0,2022-11-11T23:29:41.571Z,8,98.98,8,100,62962,1025,61.97,62492,550,33.25,63492,79,4.78,1671,99,1654,4047,8,8
1668210303,2022-11-11 17:45:03 -0600,389080cc7effdea17f9389c3c8f0949944a99f2f,TX,48377,2,2022-11-09T01:00:00.000Z,FIPSCode,48377,0,2022-11-11T23:29:41.571Z,8,98.98,8,100,62962,1025,61.97,62492,550,33.25,63492,79,4.78,1671,99,1654,4047,8,8
1668210344,2022-11-11 17:45:44 -0600,4ef800fd21d4ecea2a2cf5c841f854c296f3f2aa,TX,48377,2,2022-11-09T01:00:00.000Z,FIPSCode,48377,0,2022-11-11T23:29:41.571Z,8,98.98,8,100,62962,1025,61.97,62492,550,33.25,63492,79,4.78,1671,99,1654,4047,8,8
1668210429,2022-11-11 17:47:09 -0600,1360676b97d593b734bd2428a3d4de5328331904,TX,48377,2,2022-11-09T01:00:00.000Z,FIPSCode,48377,0,2022-11-11T23:29:41.571Z,8,98.98,8,100,62962,1025,61.97,62492,550,33.25,63492,79,4.78,1671,99,1654,4047,8,8
1668210469,2022-11-11 17:47:49 -0600,87eaf11d2b1d47401ce1c84b2c6864782c19edb8,TX,48377,2,2022-11-09T01:00:00.000Z,FIPSCode,48377,0,2022-11-11T23:29:41.571Z,8,98.98,8,100,62962,1025,61.97,62492,550,33.25,63492,79,4.78,1671,99,1654,4047,8,8
1668210511,2022-11-11 17:48:31 -0600,585a1ed0162d76a9935b5ec13b239374d0cab71e,TX,48377,2,2022-11-09T01:00:00.000Z,FIPSCode,48377,0,2022-11-11T23:48:17.707Z,8,98.98,8,100,62962,1025,61.97,62492,550,33.25,63492,79,4.78,1671,99,1654,4047,8,8
1668210553,2022-11-11 17:49:13 -0600,844b664cd28afc9a9b76f909b2fd084fed279287,TX,48377,2,2022-11-09T01:00:00.000Z,FIPSCode,48377,0,2022-11-11T23:48:17.707Z,8,98.98,8,100,62962,1025,61.97,62492,550,33.25,63492,79,4.78,1671,99,1654,4047,8,8
1668210594,2022-11-11 17:49:54 -0600,341b2ed87b491a43d62295cae619b66f60b7d17c,TX,48377,2,2022-11-09T01:00:00.000Z,FIPSCode,48377,0,2022-11-11T23:49:35.510Z,8,98.98,8,100,62962,1025,61.97,62492,550,33.25,63492,79,4.78,1671,99,1654,4047,8,8
1668210635,2022-11-11 17:50:35 -0600,2ec2ec519dae4cd3f92f8c7d730867d2e873dfd9,TX,48377,2,2022-11-09T01:00:00.000Z,FIPSCode,48377,0,2022-11-11T23:50:17.431Z,8,98.98,8,100,62962,1025,61.97,62492,550,33.25,63492,79,4.78,1671,99,1654,4047,8,8
1668210717,2022-11-11 17:51:57 -0600,ecfa3f6cfb4eb694b3568c1a784f0e47e1994642,TX,48377,2,2022-11-09T01:00:00.000Z,FIPSCode,48377,0,2022-11-11T23:50:17.431Z,8,98.98,8,100,62962,1025,61.97,62492,550,33.25,63492,79,4.78,1671,99,1654,4047,8,8
1668210803,2022-11-11 17:53:23 -0600,8aa1a6bd325bb6f52a2709692f7c7f153264ee74,TX,48377,2,2022-11-09T01:00:00.000Z,FIPSCode,48377,0,2022-11-11T23:50:17.431Z,8,98.98,8,100,62962,1025,61.97,62492,550,33.25,63492,79,4.78,1671,99,1654,4047,8,8
1668210845,2022-11-11 17:54:05 -0600,0152710ec697d8e306a4056d8f90ba907a1d6b3a,TX,48377,2,2022-11-09T01:00:00.000Z,FIPSCode,48377,0,2022-11-11T23:50:17.431Z,8,98.98,8,100,62962,1025,61.97,62492,550,33.25,63492,79,4.78,1671,99,1654,4047,8,8
1668210887,2022-11-11 17:54:47 -0600,f3ee1fce45d07c97745fd3d63c3294b2793cc46c,TX,48377,2,2022-11-09T01:00:00.000Z,FIPSCode,48377,0,2022-11-11T23:50:17.431Z,8,98.98,8,100,62962,1025,61.97,62492,550,33.25,63492,79,4.78,1671,99,1654,4047,8,8
1668210929,2022-11-11 17:55:29 -0600,0fbed7d81b29b164d9689e64670690b1ddf812d4,TX,48377,2,2022-11-09T01:00:00.000Z,FIPSCode,48377,0,2022-11-11T23:50:17.431Z,8,98.98,8,100,62962,1025,61.97,62492,550,33.25,63492,79,4.78,1671,99,1654,4047,8,8
1668210971,2022-11-11 17:56:11 -0600,0597db082e73ce449c8b95e9095bd78cc7baab37,TX,48377,2,2022-11-09T01:00:00.000Z,FIPSCode,48377,0,2022-11-11T23:50:17.431Z,8,98.98,8,100,62962,1025,61.97,62492,550,33.25,63492,79,4.78,1671,99,1654,4047,8,8
1668211013,2022-11-11 17:56:53 -0600,5a4221107b0ab1fcc4888eb0c216432170cd0cb4,TX,48377,2,2022-11-09T01:00:00.000Z,FIPSCode,48377,0,2022-11-11T23:56:17.545Z,8,98.98,8,100,62962,1025,61.97,62492,550,33.25,63492,79,4.78,1671,99,1654,4047,8,8
1668211054,2022-11-11 17:57:34 -0600,2dbb7811392d905551818d03951c6e7dcd764caa,TX,48377,2,2022-11-09T01:00:00.000Z,FIPSCode,48377,0,2022-11-11T23:56:17.545Z,8,98.98,8,100,62962,1025,61.97,62492,550,33.25,63492,79,4.78,1671,99,1654,4047,8,8
1668211095,2022-11-11 17:58:15 -0600,23978ef54ad62921c945b558de583a232db5be2f,TX,48377,2,2022-11-09T01:00:00.000Z,FIPSCode,48377,0,2022-11-11T23:56:17.545Z,8,98.98,8,100,62962,1025,61.97,62492,550,33.25,63492,79,4.78,1671,99,1654,4047,8,8
1668211221,2022-11-11 18:00:21 -0600,3d70a906afed419f8df6c058092b33edd1b0e006,TX,48377,2,2022-11-09T01:00:00.000Z,FIPSCode,48377,0,2022-11-11T23:58:17.104Z,8,98.98,8,100,62962,1025,61.97,62492,550,33.25,63492,79,4.78,1671,99,1654,4047,8,8
1668211264,2022-11-11 18:01:04 -0600,d70a08dfe106f169df382d7a05febfb81ac96759,TX,48377,2,2022-11-09T01:00:00.000Z,FIPSCode,48377,0,2022-11-11T23:58:17.104Z,8,98.98,8,100,62962,1025,61.97,62492,550,33.25,63492,79,4.78,1671,99,1654,4047,8,8
1668211306,2022-11-11 18:01:46 -0600,8e1dd97b5d0896171ad1290ed8815b68f845f6c5,TX,48377,2,2022-11-09T01:00:00.000Z,FIPSCode,48377,0,2022-11-11T23:58:17.104Z,8,98.98,8,100,62962,1025,61.97,62492,550,33.25,63492,79,4.78,1671,99,1654,4047,8,8
1668211347,2022-11-11 18:02:27 -0600,d46750f34f6ec43400e6817b16c944ba65c4140c,TX,48377,2,2022-11-09T01:00:00.000Z,FIPSCode,48377,0,2022-11-11T23:58:17.104Z,8,98.98,8,100,62962,1025,61.97,62492,550,33.25,63492,79,4.78,1671,99,1654,4047,8,8
1668211389,2022-11-11 18:03:09 -0600,d73d62b1661c34bbd26cf694e3687b818851c801,TX,48377,2,2022-11-09T01:00:00.000Z,FIPSCode,48377,0,2022-11-11T23:58:17.104Z,8,98.98,8,100,62962,1025,61.97,62492,550,33.25,63492,79,4.78,1671,99,1654,4047,8,8
1668211431,2022-11-11 18:03:51 -0600,27a55bc5f44afba0d684dbad0e40961b55b623f6,TX,48377,2,2022-11-09T01:00:00.000Z,FIPSCode,48377,0,2022-11-11T23:58:17.104Z,8,98.98,8,100,62962,1025,61.97,62492,550,33.25,63492,79,4.78,1671,99,1654,4047,8,8
1668211516,2022-11-11 18:05:16 -0600,a12dc540bd057fa4f0f8b19cf00f23c2e44a5057,TX,48377,2,2022-11-09T01:00:00.000Z,FIPSCode,48377,0,2022-11-11T23:58:17.104Z,8,98.98,8,100,62962,1025,61.97,62492,550,33.25,63492,79,4.78,1671,99,1654,4047,8,8
1668211558,2022-11-11 18:05:58 -0600,eb59cbea94ea39fec8ebcc032c6fc06a14cdcb64,TX,48377,2,2022-11-09T01:00:00.000Z,FIPSCode,48377,0,2022-11-11T23:58:17.104Z,8,98.98,8,100,62962,1025,61.97,62492,550,33.25,63492,79,4.78,1671,99,1654,4047,8,8
1668211599,2022-11-11 18:06:39 -0600,99d1273d49ed1f7dd9c26120cc6451e080960a4c,TX,48377,2,2022-11-09T01:00:00.000Z,FIPSCode,48377,0,2022-11-11T23:58:17.104Z,8,98.98,8,100,62962,1025,61.97,62492,550,33.25,63492,79,4.78,1671,99,1654,4047,8,8
1668211643,2022-11-11 18:07:23 -0600,1c9c5a729eaae1d0862214245f8c5cfa9443a8b7,TX,48377,2,2022-11-09T01:00:00.000Z,FIPSCode,48377,0,2022-11-11T23:58:17.104Z,8,98.98,8,100,62962,1025,61.97,62492,550,33.25,63492,79,4.78,1671,99,1654,4047,8,8
1668211684,2022-11-11 18:08:04 -0600,a7cbe422d90520c13315213bd93b66bdccfa23b8,TX,48377,2,2022-11-09T01:00:00.000Z,FIPSCode,48377,0,2022-11-11T23:58:17.104Z,8,98.98,8,100,62962,1025,61.97,62492,550,33.25,63492,79,4.78,1671,99,1654,4047,8,8
1668211727,2022-11-11 18:08:47 -0600,94cb6d54a391dec10f0049942d12eacb6f33f559,TX,48377,2,2022-11-09T01:00:00.000Z,FIPSCode,48377,0,2022-11-11T23:58:17.104Z,8,98.98,8,100,62962,1025,61.97,62492,550,33.25,63492,79,4.78,1671,99,1654,4047,8,8
1668211768,2022-11-11 18:09:28 -0600,12bba620e1544129d82f0351612a8159fc3dda19,TX,48377,2,2022-11-09T01:00:00.000Z,FIPSCode,48377,0,2022-11-11T23:58:17.104Z,8,98.98,8,100,62962,1025,61.97,62492,550,33.25,63492,79,4.78,1671,99,1654,4047,8,8
1668211811,2022-11-11 18:10:11 -0600,b3fec5a78f8ef932a8a0e81adc32c57f12689476,TX,48377,2,2022-11-09T01:00:00.000Z,FIPSCode,48377,0,2022-11-11T23:58:17.104Z,8,98.98,8,100,62962,1025,61.97,62492,550,33.25,63492,79,4.78,1671,99,1654,4047,8,8
1668211853,2022-11-11 18:10:53 -0600,dec14f2086766fc5b93ee539943ff59de1a9c516,TX,48377,2,2022-11-09T01:00:00.000Z,FIPSCode,48377,0,2022-11-11T23:58:17.104Z,8,98.98,8,100,62962,1025,61.97,62492,550,33.25,63492,79,4.78,1671,99,1654,4047,8,8
1668211895,2022-11-11 18:11:35 -0600,2b2a5528c30006bb1952191d4aada8a3f1fc142f,TX,48377,2,2022-11-09T01:00:00.000Z,FIPSCode,48377,0,2022-11-11T23:58:17.104Z,8,98.98,8,100,62962,1025,61.97,62492,550,33.25,63492,79,4.78,1671,99,1654,4047,8,8
1668211937,2022-11-11 18:12:17 -0600,6a5a61052d5fba2ed830be1947991ebe60ef7935,TX,48377,2,2022-11-09T01:00:00.000Z,FIPSCode,48377,0,2022-11-11T23:58:17.104Z,8,98.98,8,100,62962,1025,61.97,62492,550,33.25,63492,79,4.78,1671,99,1654,4047,8,8
1668211980,2022-11-11 18:13:00 -0600,03d2bed4d85dd6d8ab8ddc7e84d4914541884d97,TX,48377,2,2022-11-09T01:00:00.000Z,FIPSCode,48377,0,2022-11-11T23:58:17.104Z,8,98.98,8,100,62962,1025,61.97,62492,550,33.25,63492,79,4.78,1671,99,1654,4047,8,8
1668212023,2022-11-11 18:13:43 -0600,c6bf3466be9c62a97e2dd29ade07df01e214111d,TX,48377,2,2022-11-09T01:00:00.000Z,FIPSCode,48377,0,2022-11-11T23:58:17.104Z,8,98.98,8,100,62962,1025,61.97,62492,550,33.25,63492,79,4.78,1671,99,1654,4047,8,8
1668212064,2022-11-11 18:14:24 -0600,ac70ef3b9b6f8c6ec797721cc8212617743032e3,TX,48377,2,2022-11-09T01:00:00.000Z,FIPSCode,48377,0,2022-11-11T23:58:17.104Z,8,98.98,8,100,62962,1025,61.97,62492,550,33.25,63492,79,4.78,1671,99,1654,4047,8,8
1668212107,2022-11-11 18:15:07 -0600,71cc5f1a2a3ec0beae7948edeba3576c4d596ba0,TX,48377,2,2022-11-09T01:00:00.000Z,FIPSCode,48377,0,2022-11-11T23:58:17.104Z,8,98.98,8,100,62962,1025,61.97,62492,550,33.25,63492,79,4.78,1671,99,1654,4047,8,8
1668212149,2022-11-11 18:15:49 -0600,72eb80cc81b7e2f88439d54d43d8cefac1550ada,TX,48377,2,2022-11-09T01:00:00.000Z,FIPSCode,48377,0,2022-11-11T23:58:17.104Z,8,98.98,8,100,62962,1025,61.97,62492,550,33.25,63492,79,4.78,1671,99,1654,4047,8,8
1668212233,2022-11-11 18:17:13 -0600,0d01b63f3d972f8b43ed86422dbe7ec3b61a7f12,TX,48377,2,2022-11-09T01:00:00.000Z,FIPSCode,48377,0,2022-11-11T23:58:17.104Z,8,98.98,8,100,62962,1025,61.97,62492,550,33.25,63492,79,4.78,1671,99,1654,4047,8,8
1668212274,2022-11-11 18:17:54 -0600,27be7ae5ffdfd9ddecfa3a48fb962ca57134c201,TX,48377,2,2022-11-09T01:00:00.000Z,FIPSCode,48377,0,2022-11-11T23:58:17.104Z,8,98.98,8,100,62962,1025,61.97,62492,550,33.25,63492,79,4.78,1671,99,1654,4047,8,8
1668212315,2022-11-11 18:18:35 -0600,58264cbcbac7c82b5d3669ec0de27f72b59ea4bc,TX,48377,2,2022-11-09T01:00:00.000Z,FIPSCode,48377,0,2022-11-12T00:18:18.041Z,8,98.98,8,100,62962,1025,61.97,62492,550,33.25,63492,79,4.78,1671,99,1654,4047,8,8
1668212356,2022-11-11 18:19:16 -0600,115aa9d05419eba968c1738a180ad92d4bad3680,TX,48377,2,2022-11-09T01:00:00.000Z,FIPSCode,48377,0,2022-11-12T00:18:18.041Z,8,98.98,8,100,62962,1025,61.97,62492,550,33.25,63492,79,4.78,1671,99,1654,4047,8,8
1668212398,2022-11-11 18:19:58 -0600,8e1d5dda7f1e208e814382731be0b48f9ac30f91,TX,48377,2,2022-11-09T01:00:00.000Z,FIPSCode,48377,0,2022-11-12T00:19:17.704Z,8,98.98,8,100,62962,1025,61.97,62492,550,33.25,63492,79,4.78,1671,99,1654,4047,8,8
1668212438,2022-11-11 18:20:38 -0600,625e97bee2b10ad35c621df6064230ee3bf2fbcb,TX,48377,2,2022-11-09T01:00:00.000Z,FIPSCode,48377,0,2022-11-12T00:19:17.704Z,8,98.98,8,100,62962,1025,61.97,62492,550,33.25,63492,79,4.78,1671,99,1654,4047,8,8
1668212481,2022-11-11 18:21:21 -0600,6a75f74198dadbecdc03ca6706e9f663918e210f,TX,48377,2,2022-11-09T01:00:00.000Z,FIPSCode,48377,0,2022-11-12T00:20:38.489Z,8,98.98,8,100,62962,1025,61.97,62492,550,33.25,63492,79,4.78,1671,99,1654,4047,8,8
1668212524,2022-11-11 18:22:04 -0600,328ce05700bda800a36bfbefd1585530f62435ea,TX,48377,2,2022-11-09T01:00:00.000Z,FIPSCode,48377,0,2022-11-12T00:21:17.447Z,8,98.98,8,100,62962,1025,61.97,62492,550,33.25,63492,79,4.78,1671,99,1654,4047,8,8
1668212566,2022-11-11 18:22:46 -0600,746a27985de7651a0b3c88ed612ca25ece5ccf96,TX,48377,2,2022-11-09T01:00:00.000Z,FIPSCode,48377,0,2022-11-12T00:21:17.447Z,8,98.98,8,100,62962,1025,61.97,62492,550,33.25,63492,79,4.78,1671,99,1654,4047,8,8
1668212607,2022-11-11 18:23:27 -0600,0ab5f32962d517f17074bbf2148044078a528643,TX,48377,2,2022-11-09T01:00:00.000Z,FIPSCode,48377,0,2022-11-12T00:21:17.447Z,8,98.98,8,100,62962,1025,61.97,62492,550,33.25,63492,79,4.78,1671,99,1654,4047,8,8
1668212650,2022-11-11 18:24:10 -0600,c097e6a9889ef84369d3756fb01018416f9daec5,TX,48377,2,2022-11-09T01:00:00.000Z,FIPSCode,48377,0,2022-11-12T00:21:17.447Z,8,98.98,8,100,62962,1025,61.97,62492,550,33.25,63492,79,4.78,1671,99,1654,4047,8,8
1668212692,2022-11-11 18:24:52 -0600,383b9be1b6347da88920d06529bde6588326413e,TX,48377,2,2022-11-09T01:00:00.000Z,FIPSCode,48377,0,2022-11-12T00:21:17.447Z,8,98.98,8,100,62962,1025,61.97,62492,550,33.25,63492,79,4.78,1671,99,1654,4047,8,8
1668212734,2022-11-11 18:25:34 -0600,4e67819ecc0321db63be7cea287508b5bc962e18,TX,48377,2,2022-11-09T01:00:00.000Z,FIPSCode,48377,0,2022-11-12T00:21:17.447Z,8,98.98,8,100,62962,1025,61.97,62492,550,33.25,63492,79,4.78,1671,99,1654,4047,8,8
1668212776,2022-11-11 18:26:16 -0600,244d96fbf2f90929a98cdfce796feec7442c7b01,TX,48377,2,2022-11-09T01:00:00.000Z,FIPSCode,48377,0,2022-11-12T00:21:17.447Z,8,98.98,8,100,62962,1025,61.97,62492,550,33.25,63492,79,4.78,1671,99,1654,4047,8,8
1668212818,2022-11-11 18:26:58 -0600,5bd3e5e58abc3373f101686f16218ed3214ecbcb,TX,48377,2,2022-11-09T01:00:00.000Z,FIPSCode,48377,0,2022-11-12T00:21:17.447Z,8,98.98,8,100,62962,1025,61.97,62492,550,33.25,63492,79,4.78,1671,99,1654,4047,8,8
1668212901,2022-11-11 18:28:21 -0600,2642c4790407958ac6bbbb5a21ee8624e1e4d2b9,TX,48377,2,2022-11-09T01:00:00.000Z,FIPSCode,48377,0,2022-11-12T00:21:17.447Z,8,98.98,8,100,62962,1025,61.97,62492,550,33.25,63492,79,4.78,1671,99,1654,4047,8,8
1668212943,2022-11-11 18:29:03 -0600,bf5ff8d8036caa4c8bf962fde75952ac2c5c9e6c,TX,48377,2,2022-11-09T01:00:00.000Z,FIPSCode,48377,0,2022-11-12T00:21:17.447Z,8,98.98,8,100,62962,1025,61.97,62492,550,33.25,63492,79,4.78,1671,99,1654,4047,8,8
1668212985,2022-11-11 18:29:45 -0600,dc3a64fcb684361aee91f4516267472bf63f4dbd,TX,48377,2,2022-11-09T01:00:00.000Z,FIPSCode,48377,0,2022-11-12T00:21:17.447Z,8,98.98,8,100,62962,1025,61.97,62492,550,33.25,63492,79,4.78,1671,99,1654,4047,8,8
1668213026,2022-11-11 18:30:26 -0600,1e6e5e93bced771395a47121d2d733986066c3a3,TX,48377,2,2022-11-09T01:00:00.000Z,FIPSCode,48377,0,2022-11-12T00:21:17.447Z,8,98.98,8,100,62962,1025,61.97,62492,550,33.25,63492,79,4.78,1671,99,1654,4047,8,8
1668213068,2022-11-11 18:31:08 -0600,bc424398acd44000013938803c1e8e2df2955aec,TX,48377,2,2022-11-09T01:00:00.000Z,FIPSCode,48377,0,2022-11-12T00:21:17.447Z,8,98.98,8,100,62962,1025,61.97,62492,550,33.25,63492,79,4.78,1671,99,1654,4047,8,8
1668213110,2022-11-11 18:31:50 -0600,9323bb088817780e42cc6836b3c3be1680ae65f6,TX,48377,2,2022-11-09T01:00:00.000Z,FIPSCode,48377,0,2022-11-12T00:21:17.447Z,8,98.98,8,100,62962,1025,61.97,62492,550,33.25,63492,79,4.78,1671,99,1654,4047,8,8
1668213152,2022-11-11 18:32:32 -0600,6cc165f35d725fbc378bc7d99172c14227e0367e,TX,48377,2,2022-11-09T01:00:00.000Z,FIPSCode,48377,0,2022-11-12T00:21:17.447Z,8,98.98,8,100,62962,1025,61.97,62492,550,33.25,63492,79,4.78,1671,99,1654,4047,8,8
1668213193,2022-11-11 18:33:13 -0600,6c518c465b59ec790f785c0cdc28e3b9742378da,TX,48377,2,2022-11-09T01:00:00.000Z,FIPSCode,48377,0,2022-11-12T00:21:17.447Z,8,98.98,8,100,62962,1025,61.97,62492,550,33.25,63492,79,4.78,1671,99,1654,4047,8,8
1668213235,2022-11-11 18:33:55 -0600,fe9f27b33d156643ed4dff6dc4d3fdb0b786d492,TX,48377,2,2022-11-09T01:00:00.000Z,FIPSCode,48377,0,2022-11-12T00:21:17.447Z,8,98.98,8,100,62962,1025,61.97,62492,550,33.25,63492,79,4.78,1671,99,1654,4047,8,8
1668213277,2022-11-11 18:34:37 -0600,000a1bdc595220ea3eb09e726d76b41b034c75d2,TX,48377,2,2022-11-09T01:00:00.000Z,FIPSCode,48377,0,2022-11-12T00:21:17.447Z,8,98.98,8,100,62962,1025,61.97,62492,550,33.25,63492,79,4.78,1671,99,1654,4047,8,8
1668213318,2022-11-11 18:35:18 -0600,1277a5fff2aa2837f5868a274892087b32754fb2,TX,48377,2,2022-11-09T01:00:00.000Z,FIPSCode,48377,0,2022-11-12T00:21:17.447Z,8,98.98,8,100,62962,1025,61.97,62492,550,33.25,63492,79,4.78,1671,99,1654,4047,8,8
1668213360,2022-11-11 18:36:00 -0600,a40c9450dd49e579c2fdb272887d72dfab039632,TX,48377,2,2022-11-09T01:00:00.000Z,FIPSCode,48377,0,2022-11-12T00:21:17.447Z,8,98.98,8,100,62962,1025,61.97,62492,550,33.25,63492,79,4.78,1671,99,1654,4047,8,8
1668213403,2022-11-11 18:36:43 -0600,da1fabe708448d7953dc09232447443b9e2d9e5f,TX,48377,2,2022-11-09T01:00:00.000Z,FIPSCode,48377,0,2022-11-12T00:21:17.447Z,8,98.98,8,100,62962,1025,61.97,62492,550,33.25,63492,79,4.78,1671,99,1654,4047,8,8
1668213485,2022-11-11 18:38:05 -0600,c79a8a9d866c72ce7ce90e605d5b1df989f4540b,TX,48377,2,2022-11-09T01:00:00.000Z,FIPSCode,48377,0,2022-11-12T00:21:17.447Z,8,98.98,8,100,62962,1025,61.97,62492,550,33.25,63492,79,4.78,1671,99,1654,4047,8,8
1668213527,2022-11-11 18:38:47 -0600,25378c1608cd90089cd28b67e469887156096a0f,TX,48377,2,2022-11-09T01:00:00.000Z,FIPSCode,48377,0,2022-11-12T00:21:17.447Z,8,98.98,8,100,62962,1025,61.97,62492,550,33.25,63492,79,4.78,1671,99,1654,4047,8,8
1668213610,2022-11-11 18:40:10 -0600,dbd7e5c26a565106521e27b071e38206b1586ab8,TX,48377,2,2022-11-09T01:00:00.000Z,FIPSCode,48377,0,2022-11-12T00:21:17.447Z,8,98.98,8,100,62962,1025,61.97,62492,550,33.25,63492,79,4.78,1671,99,1654,4047,8,8
1668213650,2022-11-11 18:40:50 -0600,fe04dc2b5b054fd967f112b34b2f2dbd1e6a1528,TX,48377,2,2022-11-09T01:00:00.000Z,FIPSCode,48377,0,2022-11-12T00:21:17.447Z,8,98.98,8,100,62962,1025,61.97,62492,550,33.25,63492,79,4.78,1671,99,1654,4047,8,8
1668213692,2022-11-11 18:41:32 -0600,36390a0a00f545734ed9c72e232beade304cae10,TX,48377,2,2022-11-09T01:00:00.000Z,FIPSCode,48377,0,2022-11-12T00:21:17.447Z,8,98.98,8,100,62962,1025,61.97,62492,550,33.25,63492,79,4.78,1671,99,1654,4047,8,8
1668213734,2022-11-11 18:42:14 -0600,83d39b9db48c56838784ee69cb43dfc045d02aa8,TX,48377,2,2022-11-09T01:00:00.000Z,FIPSCode,48377,0,2022-11-12T00:21:17.447Z,8,98.98,8,100,62962,1025,61.97,62492,550,33.25,63492,79,4.78,1671,99,1654,4047,8,8
1668213777,2022-11-11 18:42:57 -0600,2c6f8ece1144d63b9a3cbd29a669f741b0a21bf2,TX,48377,2,2022-11-09T01:00:00.000Z,FIPSCode,48377,0,2022-11-12T00:42:17.460Z,8,98.98,8,100,62962,1025,61.97,62492,550,33.25,63492,79,4.78,1671,99,1654,4047,8,8
1668213817,2022-11-11 18:43:37 -0600,de5c6f485a79cfb7a6376c4c79d11c68d5a2d949,TX,48377,2,2022-11-09T01:00:00.000Z,FIPSCode,48377,0,2022-11-12T00:43:16.819Z,8,98.98,8,100,62962,1025,61.97,62492,550,33.25,63492,79,4.78,1671,99,1654,4047,8,8
1668213859,2022-11-11 18:44:19 -0600,4a08a8bf83fb57d7fe5b0aa8803b581db7b492e8,TX,48377,2,2022-11-09T01:00:00.000Z,FIPSCode,48377,0,2022-11-12T00:43:16.819Z,8,98.98,8,100,62962,1025,61.97,62492,550,33.25,63492,79,4.78,1671,99,1654,4047,8,8
1668213900,2022-11-11 18:45:00 -0600,442d67c78279f9c70643b094c68193c99d0d893a,TX,48377,2,2022-11-09T01:00:00.000Z,FIPSCode,48377,0,2022-11-12T00:43:16.819Z,8,98.98,8,100,62962,1025,61.97,62492,550,33.25,63492,79,4.78,1671,99,1654,4047,8,8
1668213943,2022-11-11 18:45:43 -0600,6b7990000cc9d48c5f48474a8c067d35d0fb86e5,TX,48377,2,2022-11-09T01:00:00.000Z,FIPSCode,48377,0,2022-11-12T00:45:17.202Z,8,98.98,8,100,62962,1025,61.97,62492,550,33.25,63492,79,4.78,1671,99,1654,4047,8,8
1668213984,2022-11-11 18:46:24 -0600,7024f7083c68bd804f96ffbbfb8ef473749243b5,TX,48377,2,2022-11-09T01:00:00.000Z,FIPSCode,48377,0,2022-11-12T00:45:17.202Z,8,98.98,8,100,62962,1025,61.97,62492,550,33.25,63492,79,4.78,1671,99,1654,4047,8,8
1668214027,2022-11-11 18:47:07 -0600,945f088dc39e16ca206ea02a1d2755f0ac945a1a,TX,48377,2,2022-11-09T01:00:00.000Z,FIPSCode,48377,0,2022-11-12T00:46:17.478Z,8,98.98,8,100,62962,1025,61.97,62492,550,33.25,63492,79,4.78,1671,99,1654,4047,8,8
1668214072,2022-11-11 18:47:52 -0600,3c29c2651e5d2012eb4bcbb14e9be981f840e076,TX,48377,2,2022-11-09T01:00:00.000Z,FIPSCode,48377,0,2022-11-12T00:47:18.239Z,8,98.98,8,100,62962,1025,61.97,62492,550,33.25,63492,79,4.78,1671,99,1654,4047,8,8
1668214113,2022-11-11 18:48:33 -0600,89009492ad592b242078e96becf22a2901aceb22,TX,48377,2,2022-11-09T01:00:00.000Z,FIPSCode,48377,0,2022-11-12T00:47:18.239Z,8,98.98,8,100,62962,1025,61.97,62492,550,33.25,63492,79,4.78,1671,99,1654,4047,8,8
1668214156,2022-11-11 18:49:16 -0600,7893b0ca207f5d1399c93fc3df53f14e77a3778c,TX,48377,2,2022-11-09T01:00:00.000Z,FIPSCode,48377,0,2022-11-12T00:47:18.239Z,8,98.98,8,100,62962,1025,61.97,62492,550,33.25,63492,79,4.78,1671,99,1654,4047,8,8
1668214199,2022-11-11 18:49:59 -0600,fc054e8048c66a372c89025df0a348f1df704f9d,TX,48377,2,2022-11-09T01:00:00.000Z,FIPSCode,48377,0,2022-11-12T00:47:18.239Z,8,98.98,8,100,62962,1025,61.97,62492,550,33.25,63492,79,4.78,1671,99,1654,4047,8,8
1668214246,2022-11-11 18:50:46 -0600,b77ac2b07301225b523de5f0e8d13e231d56a22d,TX,48377,2,2022-11-09T01:00:00.000Z,FIPSCode,48377,0,2022-11-12T00:47:18.239Z,8,98.98,8,100,62962,1025,61.97,62492,550,33.25,63492,79,4.78,1671,99,1654,4047,8,8
1668214288,2022-11-11 18:51:28 -0600,8df72d3d4f58e05a5180911262658dcc5395a18b,TX,48377,2,2022-11-09T01:00:00.000Z,FIPSCode,48377,0,2022-11-12T00:47:18.239Z,8,98.98,8,100,62962,1025,61.97,62492,550,33.25,63492,79,4.78,1671,99,1654,4047,8,8
1668214333,2022-11-11 18:52:13 -0600,5e6753b286334628078826d79122d33996147a75,TX,48377,2,2022-11-09T01:00:00.000Z,FIPSCode,48377,0,2022-11-12T00:51:39.474Z,8,98.98,8,100,62962,1025,61.97,62492,550,33.25,63492,79,4.78,1671,99,1654,4047,8,8
1668214373,2022-11-11 18:52:53 -0600,adf05e1cad4a6b4339822f84f3fe016a0bd38cba,TX,48377,2,2022-11-09T01:00:00.000Z,FIPSCode,48377,0,2022-11-12T00:52:18.317Z,8,98.98,8,100,62962,1025,61.97,62492,550,33.25,63492,79,4.78,1671,99,1654,4047,8,8
1668214416,2022-11-11 18:53:36 -0600,2f6bda5654dc5f12170870f220556ef064edecb1,TX,48377,2,2022-11-09T01:00:00.000Z,FIPSCode,48377,0,2022-11-12T00:53:17.617Z,8,98.98,8,100,62962,1025,61.97,62492,550,33.25,63492,79,4.78,1671,99,1654,4047,8,8
1668214458,2022-11-11 18:54:18 -0600,53917e7b925c2279e9064574798bfbb2c31df5f9,TX,48377,2,2022-11-09T01:00:00.000Z,FIPSCode,48377,0,2022-11-12T00:53:17.617Z,8,98.98,8,100,62962,1025,61.97,62492,550,33.25,63492,79,4.78,1671,99,1654,4047,8,8
1668214498,2022-11-11 18:54:58 -0600,7a271c9449464e95e38daba94c0c57e02bb317f6,TX,48377,2,2022-11-09T01:00:00.000Z,FIPSCode,48377,0,2022-11-12T00:54:17.145Z,8,98.98,8,100,62962,1025,61.97,62492,550,33.25,63492,79,4.78,1671,99,1654,4047,8,8
1668214540,2022-11-11 18:55:40 -0600,71f87096fcb78b09225272018eae677c4597724f,TX,48377,2,2022-11-09T01:00:00.000Z,FIPSCode,48377,0,2022-11-12T00:54:17.145Z,8,98.98,8,100,62962,1025,61.97,62492,550,33.25,63492,79,4.78,1671,99,1654,4047,8,8
1668214582,2022-11-11 18:56:22 -0600,1352110948ae703beef7d67800a0db786f751973,TX,48377,2,2022-11-09T01:00:00.000Z,FIPSCode,48377,0,2022-11-12T00:54:17.145Z,8,98.98,8,100,62962,1025,61.97,62492,550,33.25,63492,79,4.78,1671,99,1654,4047,8,8
1668214623,2022-11-11 18:57:03 -0600,e6c0b862e5a90174419ccf5cc274d922f9a0e79a,TX,48377,2,2022-11-09T01:00:00.000Z,FIPSCode,48377,0,2022-11-12T00:54:17.145Z,8,98.98,8,100,62962,1025,61.97,62492,550,33.25,63492,79,4.78,1671,99,1654,4047,8,8
1668214706,2022-11-11 18:58:26 -0600,918cfc25b2c3179d5594ff8ba2808cca1c408291,TX,48377,2,2022-11-09T01:00:00.000Z,FIPSCode,48377,0,2022-11-12T00:54:17.145Z,8,98.98,8,100,62962,1025,61.97,62492,550,33.25,63492,79,4.78,1671,99,1654,4047,8,8
1668214748,2022-11-11 18:59:08 -0600,68a1719d25e46021aa38a39c0e7def0cd5307629,TX,48377,2,2022-11-09T01:00:00.000Z,FIPSCode,48377,0,2022-11-12T00:54:17.145Z,8,98.98,8,100,62962,1025,61.97,62492,550,33.25,63492,79,4.78,1671,99,1654,4047,8,8
1668214790,2022-11-11 18:59:50 -0600,244358d24ea812cb8ef9da1a1e6c93db73ccea27,TX,48377,2,2022-11-09T01:00:00.000Z,FIPSCode,48377,0,2022-11-12T00:54:17.145Z,8,98.98,8,100,62962,1025,61.97,62492,550,33.25,63492,79,4.78,1671,99,1654,4047,8,8
1668214831,2022-11-11 19:00:31 -0600,8e2cb594b57a57be051985a065ce69099999350f,TX,48377,2,2022-11-09T01:00:00.000Z,FIPSCode,48377,0,2022-11-12T00:54:17.145Z,8,98.98,8,100,62962,1025,61.97,62492,550,33.25,63492,79,4.78,1671,99,1654,4047,8,8
1668214873,2022-11-11 19:01:13 -0600,88cbd1b4ea930d81edd0400e43f7c6231004f88b,TX,48377,2,2022-11-09T01:00:00.000Z,FIPSCode,48377,0,2022-11-12T00:54:17.145Z,8,98.98,8,100,62962,1025,61.97,62492,550,33.25,63492,79,4.78,1671,99,1654,4047,8,8
1668214913,2022-11-11 19:01:53 -0600,aed726b59560a1c24e80ef34b190f55dff2ecce4,TX,48377,2,2022-11-09T01:00:00.000Z,FIPSCode,48377,0,2022-11-12T00:54:17.145Z,8,98.98,8,100,62962,1025,61.97,62492,550,33.25,63492,79,4.78,1671,99,1654,4047,8,8
1668214955,2022-11-11 19:02:35 -0600,9da7133b9f83bdbbb64d75c0954f13d56466b06e,TX,48377,2,2022-11-09T01:00:00.000Z,FIPSCode,48377,0,2022-11-12T00:54:17.145Z,8,98.98,8,100,62962,1025,61.97,62492,550,33.25,63492,79,4.78,1671,99,1654,4047,8,8
1668214997,2022-11-11 19:03:17 -0600,ec7c50b2f927b307a153a456e073a2467d515db9,TX,48377,2,2022-11-09T01:00:00.000Z,FIPSCode,48377,0,2022-11-12T00:54:17.145Z,8,98.98,8,100,62962,1025,61.97,62492,550,33.25,63492,79,4.78,1671,99,1654,4047,8,8
1668215038,2022-11-11 19:03:58 -0600,f8ac58d70d682144abe03c60b5bf012693b28cb7,TX,48377,2,2022-11-09T01:00:00.000Z,FIPSCode,48377,0,2022-11-12T00:54:17.145Z,8,98.98,8,100,62962,1025,61.97,62492,550,33.25,63492,79,4.78,1671,99,1654,4047,8,8
1668215079,2022-11-11 19:04:39 -0600,0fc4d27206035143e07a7f7ca774eb961cff6039,TX,48377,2,2022-11-09T01:00:00.000Z,FIPSCode,48377,0,2022-11-12T00:54:17.145Z,8,98.98,8,100,62962,1025,61.97,62492,550,33.25,63492,79,4.78,1671,99,1654,4047,8,8
1668215162,2022-11-11 19:06:02 -0600,3642cfa701eff79beaa69a5d663b424321d02051,TX,48377,2,2022-11-09T01:00:00.000Z,FIPSCode,48377,0,2022-11-12T01:05:40.922Z,8,98.98,8,100,62962,1025,61.97,62492,550,33.25,63492,79,4.78,1671,99,1654,4047,8,8
1668215203,2022-11-11 19:06:43 -0600,db83c1790810c6c0b8ee21d469a208c0bc45359d,TX,48377,2,2022-11-09T01:00:00.000Z,FIPSCode,48377,0,2022-11-12T01:06:18.725Z,8,98.98,8,100,62962,1025,61.97,62492,550,33.25,63492,79,4.78,1671,99,1654,4047,8,8
1668215285,2022-11-11 19:08:05 -0600,7714ab24652b1bf20545bb8f11893ab2f8aafb4a,TX,48377,2,2022-11-09T01:00:00.000Z,FIPSCode,48377,0,2022-11-12T01:07:17.909Z,8,98.98,8,100,62962,1025,61.97,62492,550,33.25,63492,79,4.78,1671,99,1654,4047,8,8
1668215327,2022-11-11 19:08:47 -0600,9286afdc8c5a2e4ce23870002e04ea734b571b03,TX,48377,2,2022-11-09T01:00:00.000Z,FIPSCode,48377,0,2022-11-12T01:08:18.649Z,8,98.98,8,100,62962,1025,61.97,62492,550,33.25,63492,79,4.78,1671,99,1654,4047,8,8
1668215369,2022-11-11 19:09:29 -0600,5dd4b841d9c209bccf3d537ea7c3f73b7b3b6b90,TX,48377,2,2022-11-09T01:00:00.000Z,FIPSCode,48377,0,2022-11-12T01:08:18.649Z,8,98.98,8,100,62962,1025,61.97,62492,550,33.25,63492,79,4.78,1671,99,1654,4047,8,8
1668215410,2022-11-11 19:10:10 -0600,66b2bd256beb93e74774c1a095a55df1864bb36e,TX,48377,2,2022-11-09T01:00:00.000Z,FIPSCode,48377,0,2022-11-12T01:08:18.649Z,8,98.98,8,100,62962,1025,61.97,62492,550,33.25,63492,79,4.78,1671,99,1654,4047,8,8
1668215452,2022-11-11 19:10:52 -0600,b036ecde22ad1bd15b11b2be3567f70db57cf74d,TX,48377,2,2022-11-09T01:00:00.000Z,FIPSCode,48377,0,2022-11-12T01:08:18.649Z,8,98.98,8,100,62962,1025,61.97,62492,550,33.25,63492,79,4.78,1671,99,1654,4047,8,8
1668215494,2022-11-11 19:11:34 -0600,41732617b412752b112b5676df7b3a073793683e,TX,48377,2,2022-11-09T01:00:00.000Z,FIPSCode,48377,0,2022-11-12T01:08:18.649Z,8,98.98,8,100,62962,1025,61.97,62492,550,33.25,63492,79,4.78,1671,99,1654,4047,8,8
1668215536,2022-11-11 19:12:16 -0600,449d1bee4f409af7b007e66a0b448aa02cb7db6d,TX,48377,2,2022-11-09T01:00:00.000Z,FIPSCode,48377,0,2022-11-12T01:08:18.649Z,8,98.98,8,100,62962,1025,61.97,62492,550,33.25,63492,79,4.78,1671,99,1654,4047,8,8
1668215577,2022-11-11 19:12:57 -0600,aed5f8c8c96ec783065f472b45744af9063ca32c,TX,48377,2,2022-11-09T01:00:00.000Z,FIPSCode,48377,0,2022-11-12T01:08:18.649Z,8,98.98,8,100,62962,1025,61.97,62492,550,33.25,63492,79,4.78,1671,99,1654,4047,8,8
1668215659,2022-11-11 19:14:19 -0600,cd6e5fccec974b47094fbae93d12307795103a7e,TX,48377,2,2022-11-09T01:00:00.000Z,FIPSCode,48377,0,2022-11-12T01:08:18.649Z,8,98.98,8,100,62962,1025,61.97,62492,550,33.25,63492,79,4.78,1671,99,1654,4047,8,8
1668215700,2022-11-11 19:15:00 -0600,e553202bd6e946aa25b347389cc65afad0d548be,TX,48377,2,2022-11-09T01:00:00.000Z,FIPSCode,48377,0,2022-11-12T01:08:18.649Z,8,98.98,8,100,62962,1025,61.97,62492,550,33.25,63492,79,4.78,1671,99,1654,4047,8,8
1668215741,2022-11-11 19:15:41 -0600,69873e2fd1a613934e83ac3c4c4d1cdd958830a2,TX,48377,2,2022-11-09T01:00:00.000Z,FIPSCode,48377,0,2022-11-12T01:08:18.649Z,8,98.98,8,100,62962,1025,61.97,62492,550,33.25,63492,79,4.78,1671,99,1654,4047,8,8
1668215782,2022-11-11 19:16:22 -0600,7907a62247492d10adcbdcbf14845c2e8fcd42cc,TX,48377,2,2022-11-09T01:00:00.000Z,FIPSCode,48377,0,2022-11-12T01:08:18.649Z,8,98.98,8,100,62962,1025,61.97,62492,550,33.25,63492,79,4.78,1671,99,1654,4047,8,8
1668215824,2022-11-11 19:17:04 -0600,e37f9e0c2a833cd4fce89d8312c3bebd4908d9d5,TX,48377,2,2022-11-09T01:00:00.000Z,FIPSCode,48377,0,2022-11-12T01:08:18.649Z,8,98.98,8,100,62962,1025,61.97,62492,550,33.25,63492,79,4.78,1671,99,1654,4047,8,8
1668215866,2022-11-11 19:17:46 -0600,1f21a7249ad0107c43d3656f65ab2540b2ff1354,TX,48377,2,2022-11-09T01:00:00.000Z,FIPSCode,48377,0,2022-11-12T01:08:18.649Z,8,98.98,8,100,62962,1025,61.97,62492,550,33.25,63492,79,4.78,1671,99,1654,4047,8,8
1668215908,2022-11-11 19:18:28 -0600,10c7afd0dbb0733c4096ea31a8786b9e268d625e,TX,48377,2,2022-11-09T01:00:00.000Z,FIPSCode,48377,0,2022-11-12T01:08:18.649Z,8,98.98,8,100,62962,1025,61.97,62492,550,33.25,63492,79,4.78,1671,99,1654,4047,8,8
1668215949,2022-11-11 19:19:09 -0600,07635e638103e3cd053351214746b74f3758d4c6,TX,48377,2,2022-11-09T01:00:00.000Z,FIPSCode,48377,0,2022-11-12T01:08:18.649Z,8,98.98,8,100,62962,1025,61.97,62492,550,33.25,63492,79,4.78,1671,99,1654,4047,8,8
1668216072,2022-11-11 19:21:12 -0600,1f907b3c5305abae56584d562e4d59b6142e2c2f,TX,48377,2,2022-11-09T01:00:00.000Z,FIPSCode,48377,0,2022-11-12T01:20:17.715Z,8,98.98,8,100,62962,1025,61.97,62492,550,33.25,63492,79,4.78,1671,99,1654,4047,8,8
1668216113,2022-11-11 19:21:53 -0600,aec4e013c162039824db6e7aead017470cee37ed,TX,48377,2,2022-11-09T01:00:00.000Z,FIPSCode,48377,0,2022-11-12T01:20:17.715Z,8,98.98,8,100,62962,1025,61.97,62492,550,33.25,63492,79,4.78,1671,99,1654,4047,8,8
1668216154,2022-11-11 19:22:34 -0600,8b495c3a575bd471677f85a7fb17ae060798ab40,TX,48377,2,2022-11-09T01:00:00.000Z,FIPSCode,48377,0,2022-11-12T01:20:17.715Z,8,98.98,8,100,62962,1025,61.97,62492,550,33.25,63492,79,4.78,1671,99,1654,4047,8,8
1668216195,2022-11-11 19:23:15 -0600,b24f9b4fd38cdc49e7be635f4b0311525b639055,TX,48377,2,2022-11-09T01:00:00.000Z,FIPSCode,48377,0,2022-11-12T01:22:19.031Z,8,98.98,8,100,62962,1025,61.97,62492,550,33.25,63492,79,4.78,1671,99,1654,4047,8,8
1668216235,2022-11-11 19:23:55 -0600,346527a9afa3319ac41fe0a571d18327a18dac74,TX,48377,2,2022-11-09T01:00:00.000Z,FIPSCode,48377,0,2022-11-12T01:22:19.031Z,8,98.98,8,100,62962,1025,61.97,62492,550,33.25,63492,79,4.78,1671,99,1654,4047,8,8
1668216276,2022-11-11 19:24:36 -0600,8c6e03430d2a4d8dfcf32568921df26e4d231688,TX,48377,2,2022-11-09T01:00:00.000Z,FIPSCode,48377,0,2022-11-12T01:24:19.547Z,8,98.98,8,100,62962,1025,61.97,62492,550,33.25,63492,79,4.78,1671,99,1654,4047,8,8
1668216317,2022-11-11 19:25:17 -0600,5c572d6272afd85ce69eadae015610118b87d5c8,TX,48377,2,2022-11-09T01:00:00.000Z,FIPSCode,48377,0,2022-11-12T01:24:19.547Z,8,98.98,8,100,62962,1025,61.97,62492,550,33.25,63492,79,4.78,1671,99,1654,4047,8,8
1668216359,2022-11-11 19:25:59 -0600,4cc1268ceac96001a4c23f9fc6dfd1696c40392f,TX,48377,2,2022-11-09T01:00:00.000Z,FIPSCode,48377,0,2022-11-12T01:24:19.547Z,8,98.98,8,100,62962,1025,61.97,62492,550,33.25,63492,79,4.78,1671,99,1654,4047,8,8
1668216400,2022-11-11 19:26:40 -0600,9f96961265fa3617aa6df9ffa373de12d0c6fb85,TX,48377,2,2022-11-09T01:00:00.000Z,FIPSCode,48377,0,2022-11-12T01:26:17.350Z,8,98.98,8,100,62962,1025,61.97,62492,550,33.25,63492,79,4.78,1671,99,1654,4047,8,8
1668216441,2022-11-11 19:27:21 -0600,5d4cf5fd60693ac9de0233360314fdc0d2c90934,TX,48377,2,2022-11-09T01:00:00.000Z,FIPSCode,48377,0,2022-11-12T01:26:17.350Z,8,98.98,8,100,62962,1025,61.97,62492,550,33.25,63492,79,4.78,1671,99,1654,4047,8,8
1668216482,2022-11-11 19:28:02 -0600,11d00f793165ea936947baa9a0fe790db9bca858,TX,48377,2,2022-11-09T01:00:00.000Z,FIPSCode,48377,0,2022-11-12T01:27:37.895Z,8,98.98,8,100,62962,1025,61.97,62492,550,33.25,63492,79,4.78,1671,99,1654,4047,8,8
1668216523,2022-11-11 19:28:43 -0600,42386399a451b3316f1153188eb5f99681d34dc1,TX,48377,2,2022-11-09T01:00:00.000Z,FIPSCode,48377,0,2022-11-12T01:28:17.319Z,8,98.98,8,100,62962,1025,61.97,62492,550,33.25,63492,79,4.78,1671,99,1654,4047,8,8
1668216604,2022-11-11 19:30:04 -0600,13cbbf43155cd1df1e29b58cdba9ef65465dcd82,TX,48377,2,2022-11-09T01:00:00.000Z,FIPSCode,48377,0,2022-11-12T01:28:17.319Z,8,98.98,8,100,62962,1025,61.97,62492,550,33.25,63492,79,4.78,1671,99,1654,4047,8,8
1668216686,2022-11-11 19:31:26 -0600,7b5e6b82ba8f7d850d579f728a1d26873bedcf7e,TX,48377,2,2022-11-09T01:00:00.000Z,FIPSCode,48377,0,2022-11-12T01:28:17.319Z,8,98.98,8,100,62962,1025,61.97,62492,550,33.25,63492,79,4.78,1671,99,1654,4047,8,8
1668216727,2022-11-11 19:32:07 -0600,1ba7217fe6731e1fd7f6abc92c45f0ad8acbdfac,TX,48377,2,2022-11-09T01:00:00.000Z,FIPSCode,48377,0,2022-11-12T01:28:17.319Z,8,98.98,8,100,62962,1025,61.97,62492,550,33.25,63492,79,4.78,1671,99,1654,4047,8,8
1668216768,2022-11-11 19:32:48 -0600,0e6db12376e5e71c9d6a298d1278bf8ace0335a4,TX,48377,2,2022-11-09T01:00:00.000Z,FIPSCode,48377,0,2022-11-12T01:28:17.319Z,8,98.98,8,100,62962,1025,61.97,62492,550,33.25,63492,79,4.78,1671,99,1654,4047,8,8
1668216854,2022-11-11 19:34:14 -0600,71153a2779a091faab5d0b68421c4911d37d1f9c,TX,48377,2,2022-11-09T01:00:00.000Z,FIPSCode,48377,0,2022-11-12T01:28:17.319Z,8,98.98,8,100,62962,1025,61.97,62492,550,33.25,63492,79,4.78,1671,99,1654,4047,8,8
1668216896,2022-11-11 19:34:56 -0600,33f02eaf998ba2cc2cf8ed6b570b31bd2a43ded1,TX,48377,2,2022-11-09T01:00:00.000Z,FIPSCode,48377,0,2022-11-12T01:28:17.319Z,8,98.98,8,100,62962,1025,61.97,62492,550,33.25,63492,79,4.78,1671,99,1654,4047,8,8
1668216936,2022-11-11 19:35:36 -0600,c888a8318539c644a3077a32f099e4a5d2b75a1f,TX,48377,2,2022-11-09T01:00:00.000Z,FIPSCode,48377,0,2022-11-12T01:28:17.319Z,8,98.98,8,100,62962,1025,61.97,62492,550,33.25,63492,79,4.78,1671,99,1654,4047,8,8
1668216978,2022-11-11 19:36:18 -0600,d4c0a1b84bbd7507036ff43609c76e716305b26a,TX,48377,2,2022-11-09T01:00:00.000Z,FIPSCode,48377,0,2022-11-12T01:28:17.319Z,8,98.98,8,100,62962,1025,61.97,62492,550,33.25,63492,79,4.78,1671,99,1654,4047,8,8
1668217018,2022-11-11 19:36:58 -0600,16a89c7fe118ee552590d8a60c8ee7f7b02b650b,TX,48377,2,2022-11-09T01:00:00.000Z,FIPSCode,48377,0,2022-11-12T01:36:39.437Z,8,98.98,8,100,62962,1025,61.97,62492,550,33.25,63492,79,4.78,1671,99,1654,4047,8,8
1668217059,2022-11-11 19:37:39 -0600,7a7589fc5ddbcba4e78400e8064276177f95ebd7,TX,48377,2,2022-11-09T01:00:00.000Z,FIPSCode,48377,0,2022-11-12T01:37:18.286Z,8,98.98,8,100,62962,1025,61.97,62492,550,33.25,63492,79,4.78,1671,99,1654,4047,8,8
1668217099,2022-11-11 19:38:19 -0600,7ffa0805d8cbb033f56f7bbaa89cd7f05b784024,TX,48377,2,2022-11-09T01:00:00.000Z,FIPSCode,48377,0,2022-11-12T01:37:18.286Z,8,98.98,8,100,62962,1025,61.97,62492,550,33.25,63492,79,4.78,1671,99,1654,4047,8,8
1668217141,2022-11-11 19:39:01 -0600,2f64a688506d17d3f8e0595b1cafaa2bfbb9fac1,TX,48377,2,2022-11-09T01:00:00.000Z,FIPSCode,48377,0,2022-11-12T01:38:19.385Z,8,98.98,8,100,62962,1025,61.97,62492,550,33.25,63492,79,4.78,1671,99,1654,4047,8,8
1668217181,2022-11-11 19:39:41 -0600,6bde196977c4a99527d91d16c9c0995b2c6c43df,TX,48377,2,2022-11-09T01:00:00.000Z,FIPSCode,48377,0,2022-11-12T01:38:19.385Z,8,98.98,8,100,62962,1025,61.97,62492,550,33.25,63492,79,4.78,1671,99,1654,4047,8,8
1668217223,2022-11-11 19:40:23 -0600,1f7bcdffacf369b8e94f24148e80f241b74fc8d6,TX,48377,2,2022-11-09T01:00:00.000Z,FIPSCode,48377,0,2022-11-12T01:39:37.485Z,8,98.98,8,100,62962,1025,61.97,62492,550,33.25,63492,79,4.78,1671,99,1654,4047,8,8
1668217265,2022-11-11 19:41:05 -0600,936f0556d7a764268a8e27ab5ffa02d7d7786300,TX,48377,2,2022-11-09T01:00:00.000Z,FIPSCode,48377,0,2022-11-12T01:39:37.485Z,8,98.98,8,100,62962,1025,61.97,62492,550,33.25,63492,79,4.78,1671,99,1654,4047,8,8
1668217307,2022-11-11 19:41:47 -0600,dc973c7f5272c2d28bf9d5401cfa5ce8c4a0106e,TX,48377,2,2022-11-09T01:00:00.000Z,FIPSCode,48377,0,2022-11-12T01:39:37.485Z,8,98.98,8,100,62962,1025,61.97,62492,550,33.25,63492,79,4.78,1671,99,1654,4047,8,8
1668217347,2022-11-11 19:42:27 -0600,e7a8c72751be203c25e79aad1e7330b3db0f3441,TX,48377,2,2022-11-09T01:00:00.000Z,FIPSCode,48377,0,2022-11-12T01:41:36.832Z,8,98.98,8,100,62962,1025,61.97,62492,550,33.25,63492,79,4.78,1671,99,1654,4047,8,8
1668217388,2022-11-11 19:43:08 -0600,98b7c081131df033def8b18e4238163d3ebae2f8,TX,48377,2,2022-11-09T01:00:00.000Z,FIPSCode,48377,0,2022-11-12T01:42:37.964Z,8,98.98,8,100,62962,1025,61.97,62492,550,33.25,63492,79,4.78,1671,99,1654,4047,8,8
1668217429,2022-11-11 19:43:49 -0600,ed3d5755ea6479768d8a073a931e611a18996764,TX,48377,2,2022-11-09T01:00:00.000Z,FIPSCode,48377,0,2022-11-12T01:43:18.620Z,8,98.98,8,100,62962,1025,61.97,62492,550,33.25,63492,79,4.78,1671,99,1654,4047,8,8
1668217512,2022-11-11 19:45:12 -0600,2c5e63cae0131439fd7908817f7d28c56d7c39ed,TX,48377,2,2022-11-09T01:00:00.000Z,FIPSCode,48377,0,2022-11-12T01:44:17.692Z,8,98.98,8,100,62962,1025,61.97,62492,550,33.25,63492,79,4.78,1671,99,1654,4047,8,8
1668217553,2022-11-11 19:45:53 -0600,239a1b08f41d018aae7d40cd241675173fc7d712,TX,48377,2,2022-11-09T01:00:00.000Z,FIPSCode,48377,0,2022-11-12T01:44:17.692Z,8,98.98,8,100,62962,1025,61.97,62492,550,33.25,63492,79,4.78,1671,99,1654,4047,8,8
1668217595,2022-11-11 19:46:35 -0600,32183c104e4c1ee54ea2d09fdf97d765d989c284,TX,48377,2,2022-11-09T01:00:00.000Z,FIPSCode,48377,0,2022-11-12T01:44:17.692Z,8,98.98,8,100,62962,1025,61.97,62492,550,33.25,63492,79,4.78,1671,99,1654,4047,8,8
1668217636,2022-11-11 19:47:16 -0600,a0ffcd05e78b5d766875164fedb3fcd97fcabacc,TX,48377,2,2022-11-09T01:00:00.000Z,FIPSCode,48377,0,2022-11-12T01:44:17.692Z,8,98.98,8,100,62962,1025,61.97,62492,550,33.25,63492,79,4.78,1671,99,1654,4047,8,8
1668217677,2022-11-11 19:47:57 -0600,abbe43065f87ac4903076b260928660b4c223f7b,TX,48377,2,2022-11-09T01:00:00.000Z,FIPSCode,48377,0,2022-11-12T01:44:17.692Z,8,98.98,8,100,62962,1025,61.97,62492,550,33.25,63492,79,4.78,1671,99,1654,4047,8,8
1668217718,2022-11-11 19:48:38 -0600,671565b1194cf6fd69eadc07ec6982dd44cb7bad,TX,48377,2,2022-11-09T01:00:00.000Z,FIPSCode,48377,0,2022-11-12T01:44:17.692Z,8,98.98,8,100,62962,1025,61.97,62492,550,33.25,63492,79,4.78,1671,99,1654,4047,8,8
1668217758,2022-11-11 19:49:18 -0600,ac040f3d641865186095287f51cb31a375de8d2c,TX,48377,2,2022-11-09T01:00:00.000Z,FIPSCode,48377,0,2022-11-12T01:44:17.692Z,8,98.98,8,100,62962,1025,61.97,62492,550,33.25,63492,79,4.78,1671,99,1654,4047,8,8
1668217799,2022-11-11 19:49:59 -0600,b6a6da908fdd92a08c6fa0c492d09b1ece78a4c8,TX,48377,2,2022-11-09T01:00:00.000Z,FIPSCode,48377,0,2022-11-12T01:44:17.692Z,8,98.98,8,100,62962,1025,61.97,62492,550,33.25,63492,79,4.78,1671,99,1654,4047,8,8
1668217839,2022-11-11 19:50:39 -0600,4719f2364ca1f49b2993c9d101cad056119177ad,TX,48377,2,2022-11-09T01:00:00.000Z,FIPSCode,48377,0,2022-11-12T01:44:17.692Z,8,98.98,8,100,62962,1025,61.97,62492,550,33.25,63492,79,4.78,1671,99,1654,4047,8,8
1668217881,2022-11-11 19:51:21 -0600,6798bd902f6ab16d317de66985c56b96cf42de8d,TX,48377,2,2022-11-09T01:00:00.000Z,FIPSCode,48377,0,2022-11-12T01:44:17.692Z,8,98.98,8,100,62962,1025,61.97,62492,550,33.25,63492,79,4.78,1671,99,1654,4047,8,8
1668217922,2022-11-11 19:52:02 -0600,247cff019d15ffef1721894b7f2bc86fdf031dc1,TX,48377,2,2022-11-09T01:00:00.000Z,FIPSCode,48377,0,2022-11-12T01:44:17.692Z,8,98.98,8,100,62962,1025,61.97,62492,550,33.25,63492,79,4.78,1671,99,1654,4047,8,8
1668217963,2022-11-11 19:52:43 -0600,9937c94761d8a360dd34585adcfbb94cb9d510df,TX,48377,2,2022-11-09T01:00:00.000Z,FIPSCode,48377,0,2022-11-12T01:44:17.692Z,8,98.98,8,100,62962,1025,61.97,62492,550,33.25,63492,79,4.78,1671,99,1654,4047,8,8
1668218004,2022-11-11 19:53:24 -0600,5e8be24e0cd0237b554c4ea6d6aa78e6f7a6ca16,TX,48377,2,2022-11-09T01:00:00.000Z,FIPSCode,48377,0,2022-11-12T01:44:17.692Z,8,98.98,8,100,62962,1025,61.97,62492,550,33.25,63492,79,4.78,1671,99,1654,4047,8,8
1668218045,2022-11-11 19:54:05 -0600,6aa81bd64e3d998812ac95b87a4e3bbd5461b3f3,TX,48377,2,2022-11-09T01:00:00.000Z,FIPSCode,48377,0,2022-11-12T01:44:17.692Z,8,98.98,8,100,62962,1025,61.97,62492,550,33.25,63492,79,4.78,1671,99,1654,4047,8,8
1668218085,2022-11-11 19:54:45 -0600,d29b2d69098ea9dd8a4b682a5bc2abd05178bc02,TX,48377,2,2022-11-09T01:00:00.000Z,FIPSCode,48377,0,2022-11-12T01:44:17.692Z,8,98.98,8,100,62962,1025,61.97,62492,550,33.25,63492,79,4.78,1671,99,1654,4047,8,8
1668218127,2022-11-11 19:55:27 -0600,d2f381685f99ea0431edc0a41ce08137984e0537,TX,48377,2,2022-11-09T01:00:00.000Z,FIPSCode,48377,0,2022-11-12T01:44:17.692Z,8,98.98,8,100,62962,1025,61.97,62492,550,33.25,63492,79,4.78,1671,99,1654,4047,8,8
1668218167,2022-11-11 19:56:07 -0600,98c622e5e7ce819f9b2c546dc9793ba9bdf8dfc9,TX,48377,2,2022-11-09T01:00:00.000Z,FIPSCode,48377,0,2022-11-12T01:44:17.692Z,8,98.98,8,100,62962,1025,61.97,62492,550,33.25,63492,79,4.78,1671,99,1654,4047,8,8
1668218207,2022-11-11 19:56:47 -0600,548afc693f03434f4b83c09bbb9960c3abf3eeb8,TX,48377,2,2022-11-09T01:00:00.000Z,FIPSCode,48377,0,2022-11-12T01:44:17.692Z,8,98.98,8,100,62962,1025,61.97,62492,550,33.25,63492,79,4.78,1671,99,1654,4047,8,8
1668218249,2022-11-11 19:57:29 -0600,993436df3810318b797d31b4f1acee9cebdf04fc,TX,48377,2,2022-11-09T01:00:00.000Z,FIPSCode,48377,0,2022-11-12T01:44:17.692Z,8,98.98,8,100,62962,1025,61.97,62492,550,33.25,63492,79,4.78,1671,99,1654,4047,8,8
1668218288,2022-11-11 19:58:08 -0600,a2fd6f74973ec7433dd03467bc39b862f8bdd9e0,TX,48377,2,2022-11-09T01:00:00.000Z,FIPSCode,48377,0,2022-11-12T01:44:17.692Z,8,98.98,8,100,62962,1025,61.97,62492,550,33.25,63492,79,4.78,1671,99,1654,4047,8,8
1668218329,2022-11-11 19:58:49 -0600,cda5473b5788128dcd1cbb4c9aa37efb51441815,TX,48377,2,2022-11-09T01:00:00.000Z,FIPSCode,48377,0,2022-11-12T01:44:17.692Z,8,98.98,8,100,62962,1025,61.97,62492,550,33.25,63492,79,4.78,1671,99,1654,4047,8,8
1668218411,2022-11-11 20:00:11 -0600,13ba46b51b0e4df2abfd06950885b7579bbe9356,TX,48377,2,2022-11-09T01:00:00.000Z,FIPSCode,48377,0,2022-11-12T01:44:17.692Z,8,98.98,8,100,62962,1025,61.97,62492,550,33.25,63492,79,4.78,1671,99,1654,4047,8,8
1668218453,2022-11-11 20:00:53 -0600,9968ffeea43f3e2d90d2950f1598dc7797a5754e,TX,48377,2,2022-11-09T01:00:00.000Z,FIPSCode,48377,0,2022-11-12T01:44:17.692Z,8,98.98,8,100,62962,1025,61.97,62492,550,33.25,63492,79,4.78,1671,99,1654,4047,8,8
1668218493,2022-11-11 20:01:33 -0600,1ed456807283c4782fdbd827c3cc68fd78581e85,TX,48377,2,2022-11-09T01:00:00.000Z,FIPSCode,48377,0,2022-11-12T01:44:17.692Z,8,98.98,8,100,62962,1025,61.97,62492,550,33.25,63492,79,4.78,1671,99,1654,4047,8,8
1668218535,2022-11-11 20:02:15 -0600,54d4bb722d0aff9842e5af61b5db5757233094b6,TX,48377,2,2022-11-09T01:00:00.000Z,FIPSCode,48377,0,2022-11-12T01:44:17.692Z,8,98.98,8,100,62962,1025,61.97,62492,550,33.25,63492,79,4.78,1671,99,1654,4047,8,8
1668218575,2022-11-11 20:02:55 -0600,e8896735488553460621e9c7112fee3064a7c7fd,TX,48377,2,2022-11-09T01:00:00.000Z,FIPSCode,48377,0,2022-11-12T01:44:17.692Z,8,98.98,8,100,62962,1025,61.97,62492,550,33.25,63492,79,4.78,1671,99,1654,4047,8,8
1668218657,2022-11-11 20:04:17 -0600,71095fd35e21fc9640e99a61d4e3e21116939408,TX,48377,2,2022-11-09T01:00:00.000Z,FIPSCode,48377,0,2022-11-12T01:44:17.692Z,8,98.98,8,100,62962,1025,61.97,62492,550,33.25,63492,79,4.78,1671,99,1654,4047,8,8
1668218697,2022-11-11 20:04:57 -0600,578f2e9b4c91611a868a951ab6a54229079c3af5,TX,48377,2,2022-11-09T01:00:00.000Z,FIPSCode,48377,0,2022-11-12T01:44:17.692Z,8,98.98,8,100,62962,1025,61.97,62492,550,33.25,63492,79,4.78,1671,99,1654,4047,8,8
1668218737,2022-11-11 20:05:37 -0600,c6df1f97b7abe96bafe5033aa54c49979ac1f830,TX,48377,2,2022-11-09T01:00:00.000Z,FIPSCode,48377,0,2022-11-12T01:44:17.692Z,8,98.98,8,100,62962,1025,61.97,62492,550,33.25,63492,79,4.78,1671,99,1654,4047,8,8
1668218778,2022-11-11 20:06:18 -0600,f7f862912ea6998aec12cb97fe84dafa3772efd0,TX,48377,2,2022-11-09T01:00:00.000Z,FIPSCode,48377,0,2022-11-12T01:44:17.692Z,8,98.98,8,100,62962,1025,61.97,62492,550,33.25,63492,79,4.78,1671,99,1654,4047,8,8
1668218819,2022-11-11 20:06:59 -0600,9f57996d350c6da770ef3e9a94438ad6085b9802,TX,48377,2,2022-11-09T01:00:00.000Z,FIPSCode,48377,0,2022-11-12T02:06:20.560Z,8,98.98,8,100,62962,1025,61.97,62492,550,33.25,63492,79,4.78,1671,99,1654,4047,8,8
1668218859,2022-11-11 20:07:39 -0600,7f77d7e06a192fdde0835963f5f7c2f18a1bffa9,TX,48377,2,2022-11-09T01:00:00.000Z,FIPSCode,48377,0,2022-11-12T02:07:19.139Z,8,98.98,8,100,62962,1025,61.97,62492,550,33.25,63492,79,4.78,1671,99,1654,4047,8,8
1668218942,2022-11-11 20:09:02 -0600,31bdf9bc97d293bb6d49367e18e9c06ba344ac04,TX,48377,2,2022-11-09T01:00:00.000Z,FIPSCode,48377,0,2022-11-12T02:08:17.195Z,8,98.98,8,100,62962,1025,61.97,62492,550,33.25,63492,79,4.78,1671,99,1654,4047,8,8
1668218983,2022-11-11 20:09:43 -0600,751779f926f8d963a651a41a0e07dd91b2cd1b24,TX,48377,2,2022-11-09T01:00:00.000Z,FIPSCode,48377,0,2022-11-12T02:09:16.825Z,8,98.98,8,100,62962,1025,61.97,62492,550,33.25,63492,79,4.78,1671,99,1654,4047,8,8
1668219024,2022-11-11 20:10:24 -0600,26194031354ec8ae8f77d5de8352f2b7c0e1bf74,TX,48377,2,2022-11-09T01:00:00.000Z,FIPSCode,48377,0,2022-11-12T02:09:16.825Z,8,98.98,8,100,62962,1025,61.97,62492,550,33.25,63492,79,4.78,1671,99,1654,4047,8,8
1668219065,2022-11-11 20:11:05 -0600,f7e18f172b4cf7eb1b1d90de7d1a09a783b5f5c5,TX,48377,2,2022-11-09T01:00:00.000Z,FIPSCode,48377,0,2022-11-12T02:09:16.825Z,8,98.98,8,100,62962,1025,61.97,62492,550,33.25,63492,79,4.78,1671,99,1654,4047,8,8
1668219106,2022-11-11 20:11:46 -0600,73c76a25fe8d69962638b37fbced7cdc28395178,TX,48377,2,2022-11-09T01:00:00.000Z,FIPSCode,48377,0,2022-11-12T02:09:16.825Z,8,98.98,8,100,62962,1025,61.97,62492,550,33.25,63492,79,4.78,1671,99,1654,4047,8,8
1668219148,2022-11-11 20:12:28 -0600,a78791e591a9e0793d15457c09cba3e191e98011,TX,48377,2,2022-11-09T01:00:00.000Z,FIPSCode,48377,0,2022-11-12T02:09:16.825Z,8,98.98,8,100,62962,1025,61.97,62492,550,33.25,63492,79,4.78,1671,99,1654,4047,8,8
1668219187,2022-11-11 20:13:07 -0600,7a88102ef330bf315d773cb65f4b41c936e9047c,TX,48377,2,2022-11-09T01:00:00.000Z,FIPSCode,48377,0,2022-11-12T02:09:16.825Z,8,98.98,8,100,62962,1025,61.97,62492,550,33.25,63492,79,4.78,1671,99,1654,4047,8,8
1668219229,2022-11-11 20:13:49 -0600,0d36e7d92d807e8c777b0408c6b58da8ce8f192a,TX,48377,2,2022-11-09T01:00:00.000Z,FIPSCode,48377,0,2022-11-12T02:09:16.825Z,8,98.98,8,100,62962,1025,61.97,62492,550,33.25,63492,79,4.78,1671,99,1654,4047,8,8
1668219269,2022-11-11 20:14:29 -0600,32eb9e248d1e1bca49c278d441915a0ac1c41631,TX,48377,2,2022-11-09T01:00:00.000Z,FIPSCode,48377,0,2022-11-12T02:09:16.825Z,8,98.98,8,100,62962,1025,61.97,62492,550,33.25,63492,79,4.78,1671,99,1654,4047,8,8
1668219310,2022-11-11 20:15:10 -0600,b3af24dddb68c3add2858c4c71d219e7d6bcd3c7,TX,48377,2,2022-11-09T01:00:00.000Z,FIPSCode,48377,0,2022-11-12T02:09:16.825Z,8,98.98,8,100,62962,1025,61.97,62492,550,33.25,63492,79,4.78,1671,99,1654,4047,8,8
1668219352,2022-11-11 20:15:52 -0600,a0cfecabcd13a9ea6dd8fb6038b6872b57f08f29,TX,48377,2,2022-11-09T01:00:00.000Z,FIPSCode,48377,0,2022-11-12T02:09:16.825Z,8,98.98,8,100,62962,1025,61.97,62492,550,33.25,63492,79,4.78,1671,99,1654,4047,8,8
1668219396,2022-11-11 20:16:36 -0600,7ead48cfa229067c00af776451bd9008755be641,TX,48377,2,2022-11-09T01:00:00.000Z,FIPSCode,48377,0,2022-11-12T02:09:16.825Z,8,98.98,8,100,62962,1025,61.97,62492,550,33.25,63492,79,4.78,1671,99,1654,4047,8,8
1668219436,2022-11-11 20:17:16 -0600,48b14c7402a5a293917fba880cd374319a4d33eb,TX,48377,2,2022-11-09T01:00:00.000Z,FIPSCode,48377,0,2022-11-12T02:09:16.825Z,8,98.98,8,100,62962,1025,61.97,62492,550,33.25,63492,79,4.78,1671,99,1654,4047,8,8
1668219478,2022-11-11 20:17:58 -0600,dacd1906acc7b37f1b9a50e34f9ca08078f95958,TX,48377,2,2022-11-09T01:00:00.000Z,FIPSCode,48377,0,2022-11-12T02:09:16.825Z,8,98.98,8,100,62962,1025,61.97,62492,550,33.25,63492,79,4.78,1671,99,1654,4047,8,8
1668219561,2022-11-11 20:19:21 -0600,06c33101ed4fccf0aa4744bb5d22b5bc77e68d21,TX,48377,2,2022-11-09T01:00:00.000Z,FIPSCode,48377,0,2022-11-12T02:09:16.825Z,8,98.98,8,100,62962,1025,61.97,62492,550,33.25,63492,79,4.78,1671,99,1654,4047,8,8
1668219603,2022-11-11 20:20:03 -0600,cd547faea34361e1e1a266c5f64202b895bf6faf,TX,48377,2,2022-11-09T01:00:00.000Z,FIPSCode,48377,0,2022-11-12T02:09:16.825Z,8,98.98,8,100,62962,1025,61.97,62492,550,33.25,63492,79,4.78,1671,99,1654,4047,8,8
1668219644,2022-11-11 20:20:44 -0600,50abc6767d7ad7655f9acbd770be3f150f834bc9,TX,48377,2,2022-11-09T01:00:00.000Z,FIPSCode,48377,0,2022-11-12T02:09:16.825Z,8,98.98,8,100,62962,1025,61.97,62492,550,33.25,63492,79,4.78,1671,99,1654,4047,8,8
1668219685,2022-11-11 20:21:25 -0600,bc9a114f40ec8d9c14d74efd711d562351a837d2,TX,48377,2,2022-11-09T01:00:00.000Z,FIPSCode,48377,0,2022-11-12T02:09:16.825Z,8,98.98,8,100,62962,1025,61.97,62492,550,33.25,63492,79,4.78,1671,99,1654,4047,8,8
1668219726,2022-11-11 20:22:06 -0600,71e5b845d944b8f341618170e7a173d6d125b027,TX,48377,2,2022-11-09T01:00:00.000Z,FIPSCode,48377,0,2022-11-12T02:09:16.825Z,8,98.98,8,100,62962,1025,61.97,62492,550,33.25,63492,79,4.78,1671,99,1654,4047,8,8
1668219768,2022-11-11 20:22:48 -0600,380c35fc19e7e5383adb54655999a658d72eaf94,TX,48377,2,2022-11-09T01:00:00.000Z,FIPSCode,48377,0,2022-11-12T02:09:16.825Z,8,98.98,8,100,62962,1025,61.97,62492,550,33.25,63492,79,4.78,1671,99,1654,4047,8,8
1668219810,2022-11-11 20:23:30 -0600,5ddaee74ba540abdc699ef808a19d4f1a7666716,TX,48377,2,2022-11-09T01:00:00.000Z,FIPSCode,48377,0,2022-11-12T02:09:16.825Z,8,98.98,8,100,62962,1025,61.97,62492,550,33.25,63492,79,4.78,1671,99,1654,4047,8,8
1668219851,2022-11-11 20:24:11 -0600,a0c40e34c3ea0804417b19a1ea7adc9f3004a2a1,TX,48377,2,2022-11-09T01:00:00.000Z,FIPSCode,48377,0,2022-11-12T02:09:16.825Z,8,98.98,8,100,62962,1025,61.97,62492,550,33.25,63492,79,4.78,1671,99,1654,4047,8,8
1668219892,2022-11-11 20:24:52 -0600,f54e9c023e93b39d47b5de07b9da8929f587e3eb,TX,48377,2,2022-11-09T01:00:00.000Z,FIPSCode,48377,0,2022-11-12T02:09:16.825Z,8,98.98,8,100,62962,1025,61.97,62492,550,33.25,63492,79,4.78,1671,99,1654,4047,8,8
1668220055,2022-11-11 20:27:35 -0600,03c1009df2461bd386ac8a82d35b929f4b55d9be,TX,48377,2,2022-11-09T01:00:00.000Z,FIPSCode,48377,0,2022-11-12T02:09:16.825Z,8,98.98,8,100,62962,1025,61.97,62492,550,33.25,63492,79,4.78,1671,99,1654,4047,8,8
1668220096,2022-11-11 20:28:16 -0600,84ea8ae411cd160f590e012448488d42931c962e,TX,48377,2,2022-11-09T01:00:00.000Z,FIPSCode,48377,0,2022-11-12T02:09:16.825Z,8,98.98,8,100,62962,1025,61.97,62492,550,33.25,63492,79,4.78,1671,99,1654,4047,8,8
1668220137,2022-11-11 20:28:57 -0600,60bee02758afd613379aefbddefbe993f41074dc,TX,48377,2,2022-11-09T01:00:00.000Z,FIPSCode,48377,0,2022-11-12T02:09:16.825Z,8,98.98,8,100,62962,1025,61.97,62492,550,33.25,63492,79,4.78,1671,99,1654,4047,8,8
1668220179,2022-11-11 20:29:39 -0600,364abeaacf7d640d60cfd16241762ffff9b01490,TX,48377,2,2022-11-09T01:00:00.000Z,FIPSCode,48377,0,2022-11-12T02:09:16.825Z,8,98.98,8,100,62962,1025,61.97,62492,550,33.25,63492,79,4.78,1671,99,1654,4047,8,8
1668220261,2022-11-11 20:31:01 -0600,ecbc59e20b10ca69c560a4bc6c37b178255a9a6a,TX,48377,2,2022-11-09T01:00:00.000Z,FIPSCode,48377,0,2022-11-12T02:09:16.825Z,8,98.98,8,100,62962,1025,61.97,62492,550,33.25,63492,79,4.78,1671,99,1654,4047,8,8
1668220302,2022-11-11 20:31:42 -0600,af6150e82498935ef3fcbc5ff34b661a6cf1ac60,TX,48377,2,2022-11-09T01:00:00.000Z,FIPSCode,48377,0,2022-11-12T02:09:16.825Z,8,98.98,8,100,62962,1025,61.97,62492,550,33.25,63492,79,4.78,1671,99,1654,4047,8,8
1668220342,2022-11-11 20:32:22 -0600,dfd62919ea7a47c108935992c4c9e1af66dfbdcb,TX,48377,2,2022-11-09T01:00:00.000Z,FIPSCode,48377,0,2022-11-12T02:09:16.825Z,8,98.98,8,100,62962,1025,61.97,62492,550,33.25,63492,79,4.78,1671,99,1654,4047,8,8
1668220384,2022-11-11 20:33:04 -0600,c2fc31fb3c19dea1d491bd930ffe67b436f4bd51,TX,48377,2,2022-11-09T01:00:00.000Z,FIPSCode,48377,0,2022-11-12T02:09:16.825Z,8,98.98,8,100,62962,1025,61.97,62492,550,33.25,63492,79,4.78,1671,99,1654,4047,8,8
1668220466,2022-11-11 20:34:26 -0600,263ff4382b824f3c1833382f9dee00316fccf3b9,TX,48377,2,2022-11-09T01:00:00.000Z,FIPSCode,48377,0,2022-11-12T02:09:16.825Z,8,98.98,8,100,62962,1025,61.97,62492,550,33.25,63492,79,4.78,1671,99,1654,4047,8,8
1668220507,2022-11-11 20:35:07 -0600,87d1293f524b6bb8e95d17dd58a33ce2a21e864c,TX,48377,2,2022-11-09T01:00:00.000Z,FIPSCode,48377,0,2022-11-12T02:09:16.825Z,8,98.98,8,100,62962,1025,61.97,62492,550,33.25,63492,79,4.78,1671,99,1654,4047,8,8
1668220548,2022-11-11 20:35:48 -0600,b4498f985e8d958a21d93cf84884c4a4c06ade58,TX,48377,2,2022-11-09T01:00:00.000Z,FIPSCode,48377,0,2022-11-12T02:09:16.825Z,8,98.98,8,100,62962,1025,61.97,62492,550,33.25,63492,79,4.78,1671,99,1654,4047,8,8
1668220589,2022-11-11 20:36:29 -0600,f8d8e9770473e711f503d3ea6ce8f8cc7077484c,TX,48377,2,2022-11-09T01:00:00.000Z,FIPSCode,48377,0,2022-11-12T02:09:16.825Z,8,98.98,8,100,62962,1025,61.97,62492,550,33.25,63492,79,4.78,1671,99,1654,4047,8,8
1668220629,2022-11-11 20:37:09 -0600,5facb9a32881225da1e8dabb869a5ce9cb31c8c0,TX,48377,2,2022-11-09T01:00:00.000Z,FIPSCode,48377,0,2022-11-12T02:09:16.825Z,8,98.98,8,100,62962,1025,61.97,62492,550,33.25,63492,79,4.78,1671,99,1654,4047,8,8
1668220671,2022-11-11 20:37:51 -0600,8b4d5df63839be16752a70a600e7caf037fdc995,TX,48377,2,2022-11-09T01:00:00.000Z,FIPSCode,48377,0,2022-11-12T02:09:16.825Z,8,98.98,8,100,62962,1025,61.97,62492,550,33.25,63492,79,4.78,1671,99,1654,4047,8,8
1668220711,2022-11-11 20:38:31 -0600,001ff9b79d742ff597a94f42deed9011d83cf091,TX,48377,2,2022-11-09T01:00:00.000Z,FIPSCode,48377,0,2022-11-12T02:09:16.825Z,8,98.98,8,100,62962,1025,61.97,62492,550,33.25,63492,79,4.78,1671,99,1654,4047,8,8
1668220753,2022-11-11 20:39:13 -0600,152aa31ce1fb5490e5d8851400ea64fdc455efc1,TX,48377,2,2022-11-09T01:00:00.000Z,FIPSCode,48377,0,2022-11-12T02:09:16.825Z,8,98.98,8,100,62962,1025,61.97,62492,550,33.25,63492,79,4.78,1671,99,1654,4047,8,8
1668220794,2022-11-11 20:39:54 -0600,e08258e1ed94c0601923bc253a1a150e6e399513,TX,48377,2,2022-11-09T01:00:00.000Z,FIPSCode,48377,0,2022-11-12T02:09:16.825Z,8,98.98,8,100,62962,1025,61.97,62492,550,33.25,63492,79,4.78,1671,99,1654,4047,8,8
1668220834,2022-11-11 20:40:34 -0600,dbdc1eace8eea22a53a1f87424d5429ad2ef9cdb,TX,48377,2,2022-11-09T01:00:00.000Z,FIPSCode,48377,0,2022-11-12T02:09:16.825Z,8,98.98,8,100,62962,1025,61.97,62492,550,33.25,63492,79,4.78,1671,99,1654,4047,8,8
1668220917,2022-11-11 20:41:57 -0600,afcfb37199d1ef2288644d30b5e0b55aa13fb7da,TX,48377,2,2022-11-09T01:00:00.000Z,FIPSCode,48377,0,2022-11-12T02:09:16.825Z,8,98.98,8,100,62962,1025,61.97,62492,550,33.25,63492,79,4.78,1671,99,1654,4047,8,8
1668220957,2022-11-11 20:42:37 -0600,651fa5e105919681e7265c78724be7b6c65aeff1,TX,48377,2,2022-11-09T01:00:00.000Z,FIPSCode,48377,0,2022-11-12T02:09:16.825Z,8,98.98,8,100,62962,1025,61.97,62492,550,33.25,63492,79,4.78,1671,99,1654,4047,8,8
1668220998,2022-11-11 20:43:18 -0600,1b3838c851096756315b14709e3d37564a949480,TX,48377,2,2022-11-09T01:00:00.000Z,FIPSCode,48377,0,2022-11-12T02:09:16.825Z,8,98.98,8,100,62962,1025,61.97,62492,550,33.25,63492,79,4.78,1671,99,1654,4047,8,8
1668221039,2022-11-11 20:43:59 -0600,b7ca1e38811a966eba6c5ae318e40f37e3eeec0d,TX,48377,2,2022-11-09T01:00:00.000Z,FIPSCode,48377,0,2022-11-12T02:09:16.825Z,8,98.98,8,100,62962,1025,61.97,62492,550,33.25,63492,79,4.78,1671,99,1654,4047,8,8
1668221081,2022-11-11 20:44:41 -0600,65c99c1b5028ce902d551542c68b5ebe9c06d7ed,TX,48377,2,2022-11-09T01:00:00.000Z,FIPSCode,48377,0,2022-11-12T02:09:16.825Z,8,98.98,8,100,62962,1025,61.97,62492,550,33.25,63492,79,4.78,1671,99,1654,4047,8,8
1668221123,2022-11-11 20:45:23 -0600,23412420e03fd2c0b57aa9fce429ab21f81d6f66,TX,48377,2,2022-11-09T01:00:00.000Z,FIPSCode,48377,0,2022-11-12T02:09:16.825Z,8,98.98,8,100,62962,1025,61.97,62492,550,33.25,63492,79,4.78,1671,99,1654,4047,8,8
1668221165,2022-11-11 20:46:05 -0600,bdedb5c126dea8b06c6867e2a3c3b6d854f54ba5,TX,48377,2,2022-11-09T01:00:00.000Z,FIPSCode,48377,0,2022-11-12T02:09:16.825Z,8,98.98,8,100,62962,1025,61.97,62492,550,33.25,63492,79,4.78,1671,99,1654,4047,8,8
1668221206,2022-11-11 20:46:46 -0600,180b45104bef2439be8396611d13c6732952b459,TX,48377,2,2022-11-09T01:00:00.000Z,FIPSCode,48377,0,2022-11-12T02:09:16.825Z,8,98.98,8,100,62962,1025,61.97,62492,550,33.25,63492,79,4.78,1671,99,1654,4047,8,8
1668221247,2022-11-11 20:47:27 -0600,249a58e49a280c8d5c8ffafa96c009bd686cad5d,TX,48377,2,2022-11-09T01:00:00.000Z,FIPSCode,48377,0,2022-11-12T02:09:16.825Z,8,98.98,8,100,62962,1025,61.97,62492,550,33.25,63492,79,4.78,1671,99,1654,4047,8,8
1668221289,2022-11-11 20:48:09 -0600,b6998645c74a6103d3e93fb3af3a34101b7c912d,TX,48377,2,2022-11-09T01:00:00.000Z,FIPSCode,48377,0,2022-11-12T02:09:16.825Z,8,98.98,8,100,62962,1025,61.97,62492,550,33.25,63492,79,4.78,1671,99,1654,4047,8,8
1668221330,2022-11-11 20:48:50 -0600,888bbf0abfe1dd12e3520c4aaec67c2fce88e0f2,TX,48377,2,2022-11-09T01:00:00.000Z,FIPSCode,48377,0,2022-11-12T02:48:21.357Z,8,98.98,8,100,62962,1025,61.97,62492,550,33.25,63492,79,4.78,1671,99,1654,4047,8,8
1668221412,2022-11-11 20:50:12 -0600,2b189e93ffbd42e0377a917b585859d034f224cb,TX,48377,2,2022-11-09T01:00:00.000Z,FIPSCode,48377,0,2022-11-12T02:49:16.936Z,8,98.98,8,100,62962,1025,61.97,62492,550,33.25,63492,79,4.78,1671,99,1654,4047,8,8
1668221453,2022-11-11 20:50:53 -0600,1419dcb5adb84cd9baedbca2578ec40a1ddecf99,TX,48377,2,2022-11-09T01:00:00.000Z,FIPSCode,48377,0,2022-11-12T02:50:17.089Z,8,98.98,8,100,62962,1025,61.97,62492,550,33.25,63492,79,4.78,1671,99,1654,4047,8,8
1668221495,2022-11-11 20:51:35 -0600,07699f51c467bbaa09288216cb6668de4408faa8,TX,48377,2,2022-11-09T01:00:00.000Z,FIPSCode,48377,0,2022-11-12T02:50:17.089Z,8,98.98,8,100,62962,1025,61.97,62492,550,33.25,63492,79,4.78,1671,99,1654,4047,8,8
1668221576,2022-11-11 20:52:56 -0600,7050b44b868f9cfac0f1fd50ed03960970423f32,TX,48377,2,2022-11-09T01:00:00.000Z,FIPSCode,48377,0,2022-11-12T02:50:17.089Z,8,98.98,8,100,62962,1025,61.97,62492,550,33.25,63492,79,4.78,1671,99,1654,4047,8,8
1668221658,2022-11-11 20:54:18 -0600,0952de3fd43c4df1fd125df16a302db8cd48f230,TX,48377,2,2022-11-09T01:00:00.000Z,FIPSCode,48377,0,2022-11-12T02:50:17.089Z,8,98.98,8,100,62962,1025,61.97,62492,550,33.25,63492,79,4.78,1671,99,1654,4047,8,8
1668221699,2022-11-11 20:54:59 -0600,77a83a5264b96645bcecc43af80cf38a42cd6cd4,TX,48377,2,2022-11-09T01:00:00.000Z,FIPSCode,48377,0,2022-11-12T02:50:17.089Z,8,98.98,8,100,62962,1025,61.97,62492,550,33.25,63492,79,4.78,1671,99,1654,4047,8,8
1668221862,2022-11-11 20:57:42 -0600,33cb53df592667a9a0342499fae8136ace97c98b,TX,48377,2,2022-11-09T01:00:00.000Z,FIPSCode,48377,0,2022-11-12T02:50:17.089Z,8,98.98,8,100,62962,1025,61.97,62492,550,33.25,63492,79,4.78,1671,99,1654,4047,8,8
1668221902,2022-11-11 20:58:22 -0600,e625f73d429176eda5ef5538eaadfc6c783c64e0,TX,48377,2,2022-11-09T01:00:00.000Z,FIPSCode,48377,0,2022-11-12T02:50:17.089Z,8,98.98,8,100,62962,1025,61.97,62492,550,33.25,63492,79,4.78,1671,99,1654,4047,8,8
1668221944,2022-11-11 20:59:04 -0600,00486c69d6c9257cd46c7c68f54210caab811085,TX,48377,2,2022-11-09T01:00:00.000Z,FIPSCode,48377,0,2022-11-12T02:58:40.326Z,8,98.98,8,100,62962,1025,61.97,62492,550,33.25,63492,79,4.78,1671,99,1654,4047,8,8
1668221984,2022-11-11 20:59:44 -0600,b3ffdeecadb2902aec7f9d5d8443470301b74c74,TX,48377,2,2022-11-09T01:00:00.000Z,FIPSCode,48377,0,2022-11-12T02:59:17.757Z,8,98.98,8,100,62962,1025,61.97,62492,550,33.25,63492,79,4.78,1671,99,1654,4047,8,8
1668222025,2022-11-11 21:00:25 -0600,27e40c2396ba6720c9883ca18fd84dbe56d353e6,TX,48377,2,2022-11-09T01:00:00.000Z,FIPSCode,48377,0,2022-11-12T02:59:17.757Z,8,98.98,8,100,62962,1025,61.97,62492,550,33.25,63492,79,4.78,1671,99,1654,4047,8,8
1668222066,2022-11-11 21:01:06 -0600,bc9a98cff85e7ad3eb6ae46aadec733fb7c07cdd,TX,48377,2,2022-11-09T01:00:00.000Z,FIPSCode,48377,0,2022-11-12T03:00:17.517Z,8,98.98,8,100,62962,1025,61.97,62492,550,33.25,63492,79,4.78,1671,99,1654,4047,8,8
1668222106,2022-11-11 21:01:46 -0600,594ad0489524a71393c20afa8e58d4a12bfb4a1e,TX,48377,2,2022-11-09T01:00:00.000Z,FIPSCode,48377,0,2022-11-12T03:00:17.517Z,8,98.98,8,100,62962,1025,61.97,62492,550,33.25,63492,79,4.78,1671,99,1654,4047,8,8
1668222146,2022-11-11 21:02:26 -0600,cf1919064191e0ac774d803dc7e39c96efcd9ba5,TX,48377,2,2022-11-09T01:00:00.000Z,FIPSCode,48377,0,2022-11-12T03:00:17.517Z,8,98.98,8,100,62962,1025,61.97,62492,550,33.25,63492,79,4.78,1671,99,1654,4047,8,8
1668222188,2022-11-11 21:03:08 -0600,11a6757034f3deec277b36676c4e5a7d4f1f7aaf,TX,48377,2,2022-11-09T01:00:00.000Z,FIPSCode,48377,0,2022-11-12T03:00:17.517Z,8,98.98,8,100,62962,1025,61.97,62492,550,33.25,63492,79,4.78,1671,99,1654,4047,8,8
1668222229,2022-11-11 21:03:49 -0600,468246f77db38361785c93acaf7927da39aeb4f1,TX,48377,2,2022-11-09T01:00:00.000Z,FIPSCode,48377,0,2022-11-12T03:00:17.517Z,8,98.98,8,100,62962,1025,61.97,62492,550,33.25,63492,79,4.78,1671,99,1654,4047,8,8
1668222269,2022-11-11 21:04:29 -0600,31218db3c2b2cd05c3c7e09d5e4a6c3e8ac46992,TX,48377,2,2022-11-09T01:00:00.000Z,FIPSCode,48377,0,2022-11-12T03:00:17.517Z,8,98.98,8,100,62962,1025,61.97,62492,550,33.25,63492,79,4.78,1671,99,1654,4047,8,8
1668222310,2022-11-11 21:05:10 -0600,9888a21351955a08fa35544fccf474b1b18cf227,TX,48377,2,2022-11-09T01:00:00.000Z,FIPSCode,48377,0,2022-11-12T03:00:17.517Z,8,98.98,8,100,62962,1025,61.97,62492,550,33.25,63492,79,4.78,1671,99,1654,4047,8,8
1668222352,2022-11-11 21:05:52 -0600,d8070baed177e6d2ec4b4f09b9297de7d408297f,TX,48377,2,2022-11-09T01:00:00.000Z,FIPSCode,48377,0,2022-11-12T03:00:17.517Z,8,98.98,8,100,62962,1025,61.97,62492,550,33.25,63492,79,4.78,1671,99,1654,4047,8,8
1668222393,2022-11-11 21:06:33 -0600,190d506ebc1d25146cc296590cebcc4999dc4fc4,TX,48377,2,2022-11-09T01:00:00.000Z,FIPSCode,48377,0,2022-11-12T03:00:17.517Z,8,98.98,8,100,62962,1025,61.97,62492,550,33.25,63492,79,4.78,1671,99,1654,4047,8,8
1668222434,2022-11-11 21:07:14 -0600,7cbf3343901e6a3290f8c7640a6c08584295d6f8,TX,48377,2,2022-11-09T01:00:00.000Z,FIPSCode,48377,0,2022-11-12T03:00:17.517Z,8,98.98,8,100,62962,1025,61.97,62492,550,33.25,63492,79,4.78,1671,99,1654,4047,8,8
1668222474,2022-11-11 21:07:54 -0600,55792d9e4319fbb3e572500ad1cdf7175db9e796,TX,48377,2,2022-11-09T01:00:00.000Z,FIPSCode,48377,0,2022-11-12T03:00:17.517Z,8,98.98,8,100,62962,1025,61.97,62492,550,33.25,63492,79,4.78,1671,99,1654,4047,8,8
1668222514,2022-11-11 21:08:34 -0600,67e05f5521f2fa025409ab91ba2677e655eed672,TX,48377,2,2022-11-09T01:00:00.000Z,FIPSCode,48377,0,2022-11-12T03:00:17.517Z,8,98.98,8,100,62962,1025,61.97,62492,550,33.25,63492,79,4.78,1671,99,1654,4047,8,8
1668222597,2022-11-11 21:09:57 -0600,db6041c0bf2e892f9b442cc452efc3f04e30b069,TX,48377,2,2022-11-09T01:00:00.000Z,FIPSCode,48377,0,2022-11-12T03:00:17.517Z,8,98.98,8,100,62962,1025,61.97,62492,550,33.25,63492,79,4.78,1671,99,1654,4047,8,8
1668222638,2022-11-11 21:10:38 -0600,e6664b2e4c65b4517dd31b16f7adec9f0d736b38,TX,48377,2,2022-11-09T01:00:00.000Z,FIPSCode,48377,0,2022-11-12T03:00:17.517Z,8,98.98,8,100,62962,1025,61.97,62492,550,33.25,63492,79,4.78,1671,99,1654,4047,8,8
1668222678,2022-11-11 21:11:18 -0600,8469019f67260e1a52f7468b3813c113f9f83355,TX,48377,2,2022-11-09T01:00:00.000Z,FIPSCode,48377,0,2022-11-12T03:00:17.517Z,8,98.98,8,100,62962,1025,61.97,62492,550,33.25,63492,79,4.78,1671,99,1654,4047,8,8
1668222720,2022-11-11 21:12:00 -0600,ee0184ae2ab175d43d594890c9310fc7cd956db6,TX,48377,2,2022-11-09T01:00:00.000Z,FIPSCode,48377,0,2022-11-12T03:00:17.517Z,8,98.98,8,100,62962,1025,61.97,62492,550,33.25,63492,79,4.78,1671,99,1654,4047,8,8
1668222759,2022-11-11 21:12:39 -0600,890c8b5ed8c103bbac8fac29345cc218f1a6a232,TX,48377,2,2022-11-09T01:00:00.000Z,FIPSCode,48377,0,2022-11-12T03:00:17.517Z,8,98.98,8,100,62962,1025,61.97,62492,550,33.25,63492,79,4.78,1671,99,1654,4047,8,8
1668222801,2022-11-11 21:13:21 -0600,6b1465a8b1849e77a023f896d2daeec7df0fac10,TX,48377,2,2022-11-09T01:00:00.000Z,FIPSCode,48377,0,2022-11-12T03:00:17.517Z,8,98.98,8,100,62962,1025,61.97,62492,550,33.25,63492,79,4.78,1671,99,1654,4047,8,8
1668222842,2022-11-11 21:14:02 -0600,922cd1c6126bfcbc43dfda029abc196794b4717a,TX,48377,2,2022-11-09T01:00:00.000Z,FIPSCode,48377,0,2022-11-12T03:00:17.517Z,8,98.98,8,100,62962,1025,61.97,62492,550,33.25,63492,79,4.78,1671,99,1654,4047,8,8
1668222884,2022-11-11 21:14:44 -0600,c2c399718f14d7d9cc6278899a9dd3183595ddbd,TX,48377,2,2022-11-09T01:00:00.000Z,FIPSCode,48377,0,2022-11-12T03:00:17.517Z,8,98.98,8,100,62962,1025,61.97,62492,550,33.25,63492,79,4.78,1671,99,1654,4047,8,8
1668222924,2022-11-11 21:15:24 -0600,7b7611f9f4fbb4dba784fb18373386d303d3a9c9,TX,48377,2,2022-11-09T01:00:00.000Z,FIPSCode,48377,0,2022-11-12T03:00:17.517Z,8,98.98,8,100,62962,1025,61.97,62492,550,33.25,63492,79,4.78,1671,99,1654,4047,8,8
1668222965,2022-11-11 21:16:05 -0600,82e2d3956a128dc3afbb5a5967b59e26b5a8a55e,TX,48377,2,2022-11-09T01:00:00.000Z,FIPSCode,48377,0,2022-11-12T03:00:17.517Z,8,98.98,8,100,62962,1025,61.97,62492,550,33.25,63492,79,4.78,1671,99,1654,4047,8,8
1668223006,2022-11-11 21:16:46 -0600,9c9e87dae6ecc20e5e33423b37b3b5c37e9afcf8,TX,48377,2,2022-11-09T01:00:00.000Z,FIPSCode,48377,0,2022-11-12T03:00:17.517Z,8,98.98,8,100,62962,1025,61.97,62492,550,33.25,63492,79,4.78,1671,99,1654,4047,8,8
1668223047,2022-11-11 21:17:27 -0600,e61ab10f40deda520f900cc9284b1cc09f287236,TX,48377,2,2022-11-09T01:00:00.000Z,FIPSCode,48377,0,2022-11-12T03:00:17.517Z,8,98.98,8,100,62962,1025,61.97,62492,550,33.25,63492,79,4.78,1671,99,1654,4047,8,8
1668223088,2022-11-11 21:18:08 -0600,e77031d6b83db071c66cd35ea914b4aed7396806,TX,48377,2,2022-11-09T01:00:00.000Z,FIPSCode,48377,0,2022-11-12T03:17:17.584Z,8,98.98,8,100,62962,1025,61.97,62492,550,33.25,63492,79,4.78,1671,99,1654,4047,8,8
1668223129,2022-11-11 21:18:49 -0600,ea169290ff002cdeb57928aa919ed1150031d261,TX,48377,2,2022-11-09T01:00:00.000Z,FIPSCode,48377,0,2022-11-12T03:17:17.584Z,8,98.98,8,100,62962,1025,61.97,62492,550,33.25,63492,79,4.78,1671,99,1654,4047,8,8
1668223170,2022-11-11 21:19:30 -0600,be1bf56176bb1d78cb04299f293aed49c06e87cb,TX,48377,2,2022-11-09T01:00:00.000Z,FIPSCode,48377,0,2022-11-12T03:18:37.781Z,8,98.98,8,100,62962,1025,61.97,62492,550,33.25,63492,79,4.78,1671,99,1654,4047,8,8
1668223212,2022-11-11 21:20:12 -0600,7db10ea85c6aa6b2ad16c1127f364ec6a33614a3,TX,48377,2,2022-11-09T01:00:00.000Z,FIPSCode,48377,0,2022-11-12T03:19:35.143Z,8,98.98,8,100,62962,1025,61.97,62492,550,33.25,63492,79,4.78,1671,99,1654,4047,8,8
1668223253,2022-11-11 21:20:53 -0600,bcc70e4d63ee87b5844404ddd867d734d9a19586,TX,48377,2,2022-11-09T01:00:00.000Z,FIPSCode,48377,0,2022-11-12T03:19:35.143Z,8,98.98,8,100,62962,1025,61.97,62492,550,33.25,63492,79,4.78,1671,99,1654,4047,8,8
1668223294,2022-11-11 21:21:34 -0600,e689d2da94d2df9d723bf1cd49fd5345f7811a34,TX,48377,2,2022-11-09T01:00:00.000Z,FIPSCode,48377,0,2022-11-12T03:19:35.143Z,8,98.98,8,100,62962,1025,61.97,62492,550,33.25,63492,79,4.78,1671,99,1654,4047,8,8
1668223376,2022-11-11 21:22:56 -0600,6143cf91619fdcd648eb4f57b45d9544ebd28a66,TX,48377,2,2022-11-09T01:00:00.000Z,FIPSCode,48377,0,2022-11-12T03:19:35.143Z,8,98.98,8,100,62962,1025,61.97,62492,550,33.25,63492,79,4.78,1671,99,1654,4047,8,8
1668223416,2022-11-11 21:23:36 -0600,806e4bdc65757ad292cd121c460d927e7d523262,TX,48377,2,2022-11-09T01:00:00.000Z,FIPSCode,48377,0,2022-11-12T03:19:35.143Z,8,98.98,8,100,62962,1025,61.97,62492,550,33.25,63492,79,4.78,1671,99,1654,4047,8,8
1668223457,2022-11-11 21:24:17 -0600,a17ab2f023c551b6acc0efa146d0a256d7e2bda2,TX,48377,2,2022-11-09T01:00:00.000Z,FIPSCode,48377,0,2022-11-12T03:19:35.143Z,8,98.98,8,100,62962,1025,61.97,62492,550,33.25,63492,79,4.78,1671,99,1654,4047,8,8
1668223497,2022-11-11 21:24:57 -0600,43f636bb948bd8d1ac249a5cfb29378cec02fc60,TX,48377,2,2022-11-09T01:00:00.000Z,FIPSCode,48377,0,2022-11-12T03:19:35.143Z,8,98.98,8,100,62962,1025,61.97,62492,550,33.25,63492,79,4.78,1671,99,1654,4047,8,8
1668223538,2022-11-11 21:25:38 -0600,f2f50f603ded9da96f22a6cd89cfbb9124a380f2,TX,48377,2,2022-11-09T01:00:00.000Z,FIPSCode,48377,0,2022-11-12T03:25:20.209Z,8,98.98,8,100,62962,1025,61.97,62492,550,33.25,63492,79,4.78,1671,99,1654,4047,8,8
1668223579,2022-11-11 21:26:19 -0600,a875b0c10f929da5c8e04a5182a4649f5a80bb89,TX,48377,2,2022-11-09T01:00:00.000Z,FIPSCode,48377,0,2022-11-12T03:25:20.209Z,8,98.98,8,100,62962,1025,61.97,62492,550,33.25,63492,79,4.78,1671,99,1654,4047,8,8
1668223620,2022-11-11 21:27:00 -0600,5cfa387c7f986788dc9e2a0a089a995e284e6389,TX,48377,2,2022-11-09T01:00:00.000Z,FIPSCode,48377,0,2022-11-12T03:26:36.386Z,8,98.98,8,100,62962,1025,61.97,62492,550,33.25,63492,79,4.78,1671,99,1654,4047,8,8
1668223703,2022-11-11 21:28:23 -0600,f61e959ee164750ef192e3c449349d6aa3c0a074,TX,48377,2,2022-11-09T01:00:00.000Z,FIPSCode,48377,0,2022-11-12T03:27:17.787Z,8,98.98,8,100,62962,1025,61.97,62492,550,33.25,63492,79,4.78,1671,99,1654,4047,8,8
1668223744,2022-11-11 21:29:04 -0600,39a91071799b0f42d1ce9abef78f20949af372a2,TX,48377,2,2022-11-09T01:00:00.000Z,FIPSCode,48377,0,2022-11-12T03:28:18.064Z,8,98.98,8,100,62962,1025,61.97,62492,550,33.25,63492,79,4.78,1671,99,1654,4047,8,8
1668223786,2022-11-11 21:29:46 -0600,f399f022c1793d6aa29fe075826fe09797cb7260,TX,48377,2,2022-11-09T01:00:00.000Z,FIPSCode,48377,0,2022-11-12T03:28:18.064Z,8,98.98,8,100,62962,1025,61.97,62492,550,33.25,63492,79,4.78,1671,99,1654,4047,8,8
1668223827,2022-11-11 21:30:27 -0600,77841dc66fd7f17bda3e7af9b00a88b4bba50e5a,TX,48377,2,2022-11-09T01:00:00.000Z,FIPSCode,48377,0,2022-11-12T03:28:18.064Z,8,98.98,8,100,62962,1025,61.97,62492,550,33.25,63492,79,4.78,1671,99,1654,4047,8,8
1668223868,2022-11-11 21:31:08 -0600,28aa6b2f7bed4295d3cefc9f1b8d0aea04342384,TX,48377,2,2022-11-09T01:00:00.000Z,FIPSCode,48377,0,2022-11-12T03:28:18.064Z,8,98.98,8,100,62962,1025,61.97,62492,550,33.25,63492,79,4.78,1671,99,1654,4047,8,8
1668223992,2022-11-11 21:33:12 -0600,e8d853648df633590b681286517950eb11dfaa7e,TX,48377,2,2022-11-09T01:00:00.000Z,FIPSCode,48377,0,2022-11-12T03:28:18.064Z,8,98.98,8,100,62962,1025,61.97,62492,550,33.25,63492,79,4.78,1671,99,1654,4047,8,8
1668224033,2022-11-11 21:33:53 -0600,6d16d67394293cb018b94df1cfac83c8b92b526c,TX,48377,2,2022-11-09T01:00:00.000Z,FIPSCode,48377,0,2022-11-12T03:28:18.064Z,8,98.98,8,100,62962,1025,61.97,62492,550,33.25,63492,79,4.78,1671,99,1654,4047,8,8
1668224075,2022-11-11 21:34:35 -0600,a147b15c5a249b9f8b7b76d017cce085d091e13c,TX,48377,2,2022-11-09T01:00:00.000Z,FIPSCode,48377,0,2022-11-12T03:28:18.064Z,8,98.98,8,100,62962,1025,61.97,62492,550,33.25,63492,79,4.78,1671,99,1654,4047,8,8
1668224117,2022-11-11 21:35:17 -0600,161e09b33d3bc281a0308ec5eaaab032e2d87c3d,TX,48377,2,2022-11-09T01:00:00.000Z,FIPSCode,48377,0,2022-11-12T03:28:18.064Z,8,98.98,8,100,62962,1025,61.97,62492,550,33.25,63492,79,4.78,1671,99,1654,4047,8,8
1668224157,2022-11-11 21:35:57 -0600,f23d4641d9509fc6037037700717f21cf1fcb6e2,TX,48377,2,2022-11-09T01:00:00.000Z,FIPSCode,48377,0,2022-11-12T03:28:18.064Z,8,98.98,8,100,62962,1025,61.97,62492,550,33.25,63492,79,4.78,1671,99,1654,4047,8,8
1668224199,2022-11-11 21:36:39 -0600,0e2b29819f6d63e688436551ab2753c7eb4a1aa2,TX,48377,2,2022-11-09T01:00:00.000Z,FIPSCode,48377,0,2022-11-12T03:28:18.064Z,8,98.98,8,100,62962,1025,61.97,62492,550,33.25,63492,79,4.78,1671,99,1654,4047,8,8
1668224239,2022-11-11 21:37:19 -0600,ee154a89b3ea1f950602796e0b244b4d36dd8a35,TX,48377,2,2022-11-09T01:00:00.000Z,FIPSCode,48377,0,2022-11-12T03:28:18.064Z,8,98.98,8,100,62962,1025,61.97,62492,550,33.25,63492,79,4.78,1671,99,1654,4047,8,8
1668224280,2022-11-11 21:38:00 -0600,cec4a13bd2e45b8a6580460dd40ec655ba9bf2a1,TX,48377,2,2022-11-09T01:00:00.000Z,FIPSCode,48377,0,2022-11-12T03:28:18.064Z,8,98.98,8,100,62962,1025,61.97,62492,550,33.25,63492,79,4.78,1671,99,1654,4047,8,8
1668224322,2022-11-11 21:38:42 -0600,9a3fe43e62183a0cf526f602a256230573e76275,TX,48377,2,2022-11-09T01:00:00.000Z,FIPSCode,48377,0,2022-11-12T03:28:18.064Z,8,98.98,8,100,62962,1025,61.97,62492,550,33.25,63492,79,4.78,1671,99,1654,4047,8,8
1668224364,2022-11-11 21:39:24 -0600,67c780c33b5305bab51121e08ae7f3a387a8075f,TX,48377,2,2022-11-09T01:00:00.000Z,FIPSCode,48377,0,2022-11-12T03:28:18.064Z,8,98.98,8,100,62962,1025,61.97,62492,550,33.25,63492,79,4.78,1671,99,1654,4047,8,8
1668224405,2022-11-11 21:40:05 -0600,3391c7d57ba34d863397e365e679d1f9d40e6982,TX,48377,2,2022-11-09T01:00:00.000Z,FIPSCode,48377,0,2022-11-12T03:28:18.064Z,8,98.98,8,100,62962,1025,61.97,62492,550,33.25,63492,79,4.78,1671,99,1654,4047,8,8
1668224449,2022-11-11 21:40:49 -0600,b62b442ea5205378fb1d8fc80e7bc2ef03fa9514,TX,48377,2,2022-11-09T01:00:00.000Z,FIPSCode,48377,0,2022-11-12T03:28:18.064Z,8,98.98,8,100,62962,1025,61.97,62492,550,33.25,63492,79,4.78,1671,99,1654,4047,8,8
1668224491,2022-11-11 21:41:31 -0600,a17ab1c7ba182949da0d39806f830fdc9291f739,TX,48377,2,2022-11-09T01:00:00.000Z,FIPSCode,48377,0,2022-11-12T03:28:18.064Z,8,98.98,8,100,62962,1025,61.97,62492,550,33.25,63492,79,4.78,1671,99,1654,4047,8,8
1668224534,2022-11-11 21:42:14 -0600,1679a225b3d6f007c36611aaa2020ed3e7cfa57d,TX,48377,2,2022-11-09T01:00:00.000Z,FIPSCode,48377,0,2022-11-12T03:28:18.064Z,8,98.98,8,100,62962,1025,61.97,62492,550,33.25,63492,79,4.78,1671,99,1654,4047,8,8
1668224578,2022-11-11 21:42:58 -0600,3cd021e0586988b3d1a45551a4d4c5c00aa9ca49,TX,48377,2,2022-11-09T01:00:00.000Z,FIPSCode,48377,0,2022-11-12T03:28:18.064Z,8,98.98,8,100,62962,1025,61.97,62492,550,33.25,63492,79,4.78,1671,99,1654,4047,8,8
1668224618,2022-11-11 21:43:38 -0600,948db4ae61e64a65508a659c0993f8d70e37972c,TX,48377,2,2022-11-09T01:00:00.000Z,FIPSCode,48377,0,2022-11-12T03:28:18.064Z,8,98.98,8,100,62962,1025,61.97,62492,550,33.25,63492,79,4.78,1671,99,1654,4047,8,8
1668224660,2022-11-11 21:44:20 -0600,1a74c054822fd3a8754e0dc1c5bbe9245a21ed9e,TX,48377,2,2022-11-09T01:00:00.000Z,FIPSCode,48377,0,2022-11-12T03:28:18.064Z,8,98.98,8,100,62962,1025,61.97,62492,550,33.25,63492,79,4.78,1671,99,1654,4047,8,8
1668224703,2022-11-11 21:45:03 -0600,7200827258902b7b98a746897b559fc39ab45d8f,TX,48377,2,2022-11-09T01:00:00.000Z,FIPSCode,48377,0,2022-11-12T03:28:18.064Z,8,98.98,8,100,62962,1025,61.97,62492,550,33.25,63492,79,4.78,1671,99,1654,4047,8,8
1668224744,2022-11-11 21:45:44 -0600,5ab626aeca8ad3c871353d824edf18aa3729a5d2,TX,48377,2,2022-11-09T01:00:00.000Z,FIPSCode,48377,0,2022-11-12T03:28:18.064Z,8,98.98,8,100,62962,1025,61.97,62492,550,33.25,63492,79,4.78,1671,99,1654,4047,8,8
1668224829,2022-11-11 21:47:09 -0600,b19ff96f752a91d7daa6f8665511b1afca810b52,TX,48377,2,2022-11-09T01:00:00.000Z,FIPSCode,48377,0,2022-11-12T03:28:18.064Z,8,98.98,8,100,62962,1025,61.97,62492,550,33.25,63492,79,4.78,1671,99,1654,4047,8,8
1668224871,2022-11-11 21:47:51 -0600,4a647d00c5adcfe0a694617f5c2c12d0648709d8,TX,48377,2,2022-11-09T01:00:00.000Z,FIPSCode,48377,0,2022-11-12T03:28:18.064Z,8,98.98,8,100,62962,1025,61.97,62492,550,33.25,63492,79,4.78,1671,99,1654,4047,8,8
1668224912,2022-11-11 21:48:32 -0600,409a4728eeaea13839458228a73bc5687a21a264,TX,48377,2,2022-11-09T01:00:00.000Z,FIPSCode,48377,0,2022-11-12T03:28:18.064Z,8,98.98,8,100,62962,1025,61.97,62492,550,33.25,63492,79,4.78,1671,99,1654,4047,8,8
1668224955,2022-11-11 21:49:15 -0600,4f6b1b5c24bbfaab071ebdd06ace144cd4968d7f,TX,48377,2,2022-11-09T01:00:00.000Z,FIPSCode,48377,0,2022-11-12T03:28:18.064Z,8,98.98,8,100,62962,1025,61.97,62492,550,33.25,63492,79,4.78,1671,99,1654,4047,8,8
1668224995,2022-11-11 21:49:55 -0600,9fe46a1c6208e442ed72acf1227b5ff898700723,TX,48377,2,2022-11-09T01:00:00.000Z,FIPSCode,48377,0,2022-11-12T03:28:18.064Z,8,98.98,8,100,62962,1025,61.97,62492,550,33.25,63492,79,4.78,1671,99,1654,4047,8,8
1668225037,2022-11-11 21:50:37 -0600,b614db3e955013f461b9e7c195d5866ebea7dde5,TX,48377,2,2022-11-09T01:00:00.000Z,FIPSCode,48377,0,2022-11-12T03:28:18.064Z,8,98.98,8,100,62962,1025,61.97,62492,550,33.25,63492,79,4.78,1671,99,1654,4047,8,8
1668225079,2022-11-11 21:51:19 -0600,389850d5eb49e742174a91238445c3a7d3f839c0,TX,48377,2,2022-11-09T01:00:00.000Z,FIPSCode,48377,0,2022-11-12T03:28:18.064Z,8,98.98,8,100,62962,1025,61.97,62492,550,33.25,63492,79,4.78,1671,99,1654,4047,8,8
1668225121,2022-11-11 21:52:01 -0600,996d659a0cf5fb4303d69383d8f38675852fc1c8,TX,48377,2,2022-11-09T01:00:00.000Z,FIPSCode,48377,0,2022-11-12T03:28:18.064Z,8,98.98,8,100,62962,1025,61.97,62492,550,33.25,63492,79,4.78,1671,99,1654,4047,8,8
1668225164,2022-11-11 21:52:44 -0600,a9ff396d588c177c83ca256a4f630188dfc0d35f,TX,48377,2,2022-11-09T01:00:00.000Z,FIPSCode,48377,0,2022-11-12T03:28:18.064Z,8,98.98,8,100,62962,1025,61.97,62492,550,33.25,63492,79,4.78,1671,99,1654,4047,8,8
1668225207,2022-11-11 21:53:27 -0600,501f795565b382ef10d00703d5e536350a8e4567,TX,48377,2,2022-11-09T01:00:00.000Z,FIPSCode,48377,0,2022-11-12T03:28:18.064Z,8,98.98,8,100,62962,1025,61.97,62492,550,33.25,63492,79,4.78,1671,99,1654,4047,8,8
1668225249,2022-11-11 21:54:09 -0600,ada60f158ab4c2554991103f0a2ecb79ea9efeee,TX,48377,2,2022-11-09T01:00:00.000Z,FIPSCode,48377,0,2022-11-12T03:28:18.064Z,8,98.98,8,100,62962,1025,61.97,62492,550,33.25,63492,79,4.78,1671,99,1654,4047,8,8
1668225292,2022-11-11 21:54:52 -0600,c6389e32402708c31ab9109254c1ab3ee4fd20c9,TX,48377,2,2022-11-09T01:00:00.000Z,FIPSCode,48377,0,2022-11-12T03:28:18.064Z,8,98.98,8,100,62962,1025,61.97,62492,550,33.25,63492,79,4.78,1671,99,1654,4047,8,8
1668225376,2022-11-11 21:56:16 -0600,778864f9a107295a299f2ff077adaa9e1dffda3d,TX,48377,2,2022-11-09T01:00:00.000Z,FIPSCode,48377,0,2022-11-12T03:55:17.645Z,8,98.98,8,100,62962,1025,61.97,62492,550,33.25,63492,79,4.78,1671,99,1654,4047,8,8
1668225420,2022-11-11 21:57:00 -0600,0a5a5ebee68f945ad9b89e39c62b002f7ac3544b,TX,48377,2,2022-11-09T01:00:00.000Z,FIPSCode,48377,0,2022-11-12T03:56:16.708Z,8,98.98,8,100,62962,1025,61.97,62492,550,33.25,63492,79,4.78,1671,99,1654,4047,8,8
1668225462,2022-11-11 21:57:42 -0600,bf1545eb6f89c681308c256bbe98bc28926c5e51,TX,48377,2,2022-11-09T01:00:00.000Z,FIPSCode,48377,0,2022-11-12T03:57:17.157Z,8,98.98,8,100,62962,1025,61.97,62492,550,33.25,63492,79,4.78,1671,99,1654,4047,8,8
1668225505,2022-11-11 21:58:25 -0600,8e15b8f315be0d0769bce682714ba93bb289bbd4,TX,48377,2,2022-11-09T01:00:00.000Z,FIPSCode,48377,0,2022-11-12T03:57:17.157Z,8,98.98,8,100,62962,1025,61.97,62492,550,33.25,63492,79,4.78,1671,99,1654,4047,8,8
1668225546,2022-11-11 21:59:06 -0600,ab72dfcd5ce87d0180d4692dd368207e44e07dc8,TX,48377,2,2022-11-09T01:00:00.000Z,FIPSCode,48377,0,2022-11-12T03:57:17.157Z,8,98.98,8,100,62962,1025,61.97,62492,550,33.25,63492,79,4.78,1671,99,1654,4047,8,8
1668225588,2022-11-11 21:59:48 -0600,fbaa391c1b5c211260a3d7cb277604844f8a40a9,TX,48377,2,2022-11-09T01:00:00.000Z,FIPSCode,48377,0,2022-11-12T03:57:17.157Z,8,98.98,8,100,62962,1025,61.97,62492,550,33.25,63492,79,4.78,1671,99,1654,4047,8,8
1668225630,2022-11-11 22:00:30 -0600,ac579a1cecea14c2b5e228ea4ed57181598582a2,TX,48377,2,2022-11-09T01:00:00.000Z,FIPSCode,48377,0,2022-11-12T03:57:17.157Z,8,98.98,8,100,62962,1025,61.97,62492,550,33.25,63492,79,4.78,1671,99,1654,4047,8,8
1668225672,2022-11-11 22:01:12 -0600,95474ba87db8c8239405675488bd02e9dc2144be,TX,48377,2,2022-11-09T01:00:00.000Z,FIPSCode,48377,0,2022-11-12T03:57:17.157Z,8,98.98,8,100,62962,1025,61.97,62492,550,33.25,63492,79,4.78,1671,99,1654,4047,8,8
1668225714,2022-11-11 22:01:54 -0600,f894a9b1e2bc0406f7dd648de0e3776f3fc39d3c,TX,48377,2,2022-11-09T01:00:00.000Z,FIPSCode,48377,0,2022-11-12T03:57:17.157Z,8,98.98,8,100,62962,1025,61.97,62492,550,33.25,63492,79,4.78,1671,99,1654,4047,8,8
1668225755,2022-11-11 22:02:35 -0600,1f10004398628048b9cdfce491b3aaa3de8b9b26,TX,48377,2,2022-11-09T01:00:00.000Z,FIPSCode,48377,0,2022-11-12T03:57:17.157Z,8,98.98,8,100,62962,1025,61.97,62492,550,33.25,63492,79,4.78,1671,99,1654,4047,8,8
1668225797,2022-11-11 22:03:17 -0600,40611e7be09f3e272156d2bda2732e5ce1a90ef4,TX,48377,2,2022-11-09T01:00:00.000Z,FIPSCode,48377,0,2022-11-12T03:57:17.157Z,8,98.98,8,100,62962,1025,61.97,62492,550,33.25,63492,79,4.78,1671,99,1654,4047,8,8
1668225839,2022-11-11 22:03:59 -0600,ae90fb7a338c092574cc17062d8635b5e7cea0ea,TX,48377,2,2022-11-09T01:00:00.000Z,FIPSCode,48377,0,2022-11-12T03:57:17.157Z,8,98.98,8,100,62962,1025,61.97,62492,550,33.25,63492,79,4.78,1671,99,1654,4047,8,8
1668225881,2022-11-11 22:04:41 -0600,5d7b7ab6e65e1a8b39152ddebb6c9edac52acd5c,TX,48377,2,2022-11-09T01:00:00.000Z,FIPSCode,48377,0,2022-11-12T03:57:17.157Z,8,98.98,8,100,62962,1025,61.97,62492,550,33.25,63492,79,4.78,1671,99,1654,4047,8,8
1668225923,2022-11-11 22:05:23 -0600,02561cc93f0483e321cba4e26a1d221c9c8ff0dd,TX,48377,2,2022-11-09T01:00:00.000Z,FIPSCode,48377,0,2022-11-12T03:57:17.157Z,8,98.98,8,100,62962,1025,61.97,62492,550,33.25,63492,79,4.78,1671,99,1654,4047,8,8
1668225964,2022-11-11 22:06:04 -0600,95ab340f8a5dc49ec5d475be8a6c854bb111c2b3,TX,48377,2,2022-11-09T01:00:00.000Z,FIPSCode,48377,0,2022-11-12T03:57:17.157Z,8,98.98,8,100,62962,1025,61.97,62492,550,33.25,63492,79,4.78,1671,99,1654,4047,8,8
1668226005,2022-11-11 22:06:45 -0600,ac4d933ebc928cfebcc3b6424558226d14ac055f,TX,48377,2,2022-11-09T01:00:00.000Z,FIPSCode,48377,0,2022-11-12T03:57:17.157Z,8,98.98,8,100,62962,1025,61.97,62492,550,33.25,63492,79,4.78,1671,99,1654,4047,8,8
1668226046,2022-11-11 22:07:26 -0600,71e463af56663ee0ddf18cf20656450249d8d98c,TX,48377,2,2022-11-09T01:00:00.000Z,FIPSCode,48377,0,2022-11-12T03:57:17.157Z,8,98.98,8,100,62962,1025,61.97,62492,550,33.25,63492,79,4.78,1671,99,1654,4047,8,8
1668226087,2022-11-11 22:08:07 -0600,b9a3c09e54940af01b28d035a545d9f17a06c62f,TX,48377,2,2022-11-09T01:00:00.000Z,FIPSCode,48377,0,2022-11-12T03:57:17.157Z,8,98.98,8,100,62962,1025,61.97,62492,550,33.25,63492,79,4.78,1671,99,1654,4047,8,8
1668226128,2022-11-11 22:08:48 -0600,f93b7e5f887911faa7fa0fdf7618c66e2388a0ab,TX,48377,2,2022-11-09T01:00:00.000Z,FIPSCode,48377,0,2022-11-12T03:57:17.157Z,8,98.98,8,100,62962,1025,61.97,62492,550,33.25,63492,79,4.78,1671,99,1654,4047,8,8
1668226171,2022-11-11 22:09:31 -0600,98bb1792e407b46088f35d7d345c81fab61bb8a8,TX,48377,2,2022-11-09T01:00:00.000Z,FIPSCode,48377,0,2022-11-12T03:57:17.157Z,8,98.98,8,100,62962,1025,61.97,62492,550,33.25,63492,79,4.78,1671,99,1654,4047,8,8
1668226212,2022-11-11 22:10:12 -0600,b0959bd7787eb56afab40e6107aae8394cbdeab2,TX,48377,2,2022-11-09T01:00:00.000Z,FIPSCode,48377,0,2022-11-12T03:57:17.157Z,8,98.98,8,100,62962,1025,61.97,62492,550,33.25,63492,79,4.78,1671,99,1654,4047,8,8
1668226254,2022-11-11 22:10:54 -0600,f7a6c4ed178ca8a3a9bd4d3cbcfefc74a8e65cc7,TX,48377,2,2022-11-09T01:00:00.000Z,FIPSCode,48377,0,2022-11-12T03:57:17.157Z,8,98.98,8,100,62962,1025,61.97,62492,550,33.25,63492,79,4.78,1671,99,1654,4047,8,8
1668226296,2022-11-11 22:11:36 -0600,4a7c45f811b8ee82ce60d54a4da89bf4bd155198,TX,48377,2,2022-11-09T01:00:00.000Z,FIPSCode,48377,0,2022-11-12T03:57:17.157Z,8,98.98,8,100,62962,1025,61.97,62492,550,33.25,63492,79,4.78,1671,99,1654,4047,8,8
1668226337,2022-11-11 22:12:17 -0600,a1e2a18eb26d529481fbc66975d3597e5660ee4b,TX,48377,2,2022-11-09T01:00:00.000Z,FIPSCode,48377,0,2022-11-12T03:57:17.157Z,8,98.98,8,100,62962,1025,61.97,62492,550,33.25,63492,79,4.78,1671,99,1654,4047,8,8
1668226379,2022-11-11 22:12:59 -0600,6f5ed1285c1462e209719671262522181ea165b0,TX,48377,2,2022-11-09T01:00:00.000Z,FIPSCode,48377,0,2022-11-12T03:57:17.157Z,8,98.98,8,100,62962,1025,61.97,62492,550,33.25,63492,79,4.78,1671,99,1654,4047,8,8
1668226421,2022-11-11 22:13:41 -0600,144ac43cfa797120458aaefa42d0120b1312ddcc,TX,48377,2,2022-11-09T01:00:00.000Z,FIPSCode,48377,0,2022-11-12T04:13:16.664Z,8,98.98,8,100,62962,1025,61.97,62492,550,33.25,63492,79,4.78,1671,99,1654,4047,8,8
1668226463,2022-11-11 22:14:23 -0600,df4c3a7b05fc45eb5a4523a4fb227609f634557b,TX,48377,2,2022-11-09T01:00:00.000Z,FIPSCode,48377,0,2022-11-12T04:13:16.664Z,8,98.98,8,100,62962,1025,61.97,62492,550,33.25,63492,79,4.78,1671,99,1654,4047,8,8
1668226504,2022-11-11 22:15:04 -0600,256114177dc05574e7c4ca97122afb139c4f49d0,TX,48377,2,2022-11-09T01:00:00.000Z,FIPSCode,48377,0,2022-11-12T04:14:35.298Z,8,98.98,8,100,62962,1025,61.97,62492,550,33.25,63492,79,4.78,1671,99,1654,4047,8,8
1668226547,2022-11-11 22:15:47 -0600,e31e15c122035b1e54cc31aa372678e3b4570b38,TX,48377,2,2022-11-09T01:00:00.000Z,FIPSCode,48377,0,2022-11-12T04:15:17.142Z,8,98.98,8,100,62962,1025,61.97,62492,550,33.25,63492,79,4.78,1671,99,1654,4047,8,8
1668226588,2022-11-11 22:16:28 -0600,827dbbae43b7c05494306cca132178d8824d963a,TX,48377,2,2022-11-09T01:00:00.000Z,FIPSCode,48377,0,2022-11-12T04:15:17.142Z,8,98.98,8,100,62962,1025,61.97,62492,550,33.25,63492,79,4.78,1671,99,1654,4047,8,8
1668226631,2022-11-11 22:17:11 -0600,f6dc997b7ce28e9c922e5dd1ebccac5f69cdab7d,TX,48377,2,2022-11-09T01:00:00.000Z,FIPSCode,48377,0,2022-11-12T04:15:17.142Z,8,98.98,8,100,62962,1025,61.97,62492,550,33.25,63492,79,4.78,1671,99,1654,4047,8,8
1668226672,2022-11-11 22:17:52 -0600,bf8ae20dc0ed55438b8b1e47ae9c404ae0912f06,TX,48377,2,2022-11-09T01:00:00.000Z,FIPSCode,48377,0,2022-11-12T04:15:17.142Z,8,98.98,8,100,62962,1025,61.97,62492,550,33.25,63492,79,4.78,1671,99,1654,4047,8,8
1668226714,2022-11-11 22:18:34 -0600,f3dc00c8fe749cd931a4bd1403f5b54d14886352,TX,48377,2,2022-11-09T01:00:00.000Z,FIPSCode,48377,0,2022-11-12T04:15:17.142Z,8,98.98,8,100,62962,1025,61.97,62492,550,33.25,63492,79,4.78,1671,99,1654,4047,8,8
1668226756,2022-11-11 22:19:16 -0600,b438e2d07eba2f04983cc77b37c9d52a92b773b2,TX,48377,2,2022-11-09T01:00:00.000Z,FIPSCode,48377,0,2022-11-12T04:15:17.142Z,8,98.98,8,100,62962,1025,61.97,62492,550,33.25,63492,79,4.78,1671,99,1654,4047,8,8
1668226797,2022-11-11 22:19:57 -0600,d3cdf4af4702b0a085330632eb24052fc8d94e28,TX,48377,2,2022-11-09T01:00:00.000Z,FIPSCode,48377,0,2022-11-12T04:15:17.142Z,8,98.98,8,100,62962,1025,61.97,62492,550,33.25,63492,79,4.78,1671,99,1654,4047,8,8
1668226838,2022-11-11 22:20:38 -0600,a009f373883db1fc060c1c37177b888b2c5633c1,TX,48377,2,2022-11-09T01:00:00.000Z,FIPSCode,48377,0,2022-11-12T04:15:17.142Z,8,98.98,8,100,62962,1025,61.97,62492,550,33.25,63492,79,4.78,1671,99,1654,4047,8,8
1668226880,2022-11-11 22:21:20 -0600,2df31bfaf35222f77360b3fd54ac58bbf12333ea,TX,48377,2,2022-11-09T01:00:00.000Z,FIPSCode,48377,0,2022-11-12T04:15:17.142Z,8,98.98,8,100,62962,1025,61.97,62492,550,33.25,63492,79,4.78,1671,99,1654,4047,8,8
1668226922,2022-11-11 22:22:02 -0600,e41bb0faed22c41f0f6b4ef4bb981e196c87fbe9,TX,48377,2,2022-11-09T01:00:00.000Z,FIPSCode,48377,0,2022-11-12T04:21:17.834Z,8,98.98,8,100,62962,1025,61.97,62492,550,33.25,63492,79,4.78,1671,99,1654,4047,8,8
1668226964,2022-11-11 22:22:44 -0600,78af44e5742628cd1fddd57a1dc9f4f175260ae1,TX,48377,2,2022-11-09T01:00:00.000Z,FIPSCode,48377,0,2022-11-12T04:21:17.834Z,8,98.98,8,100,62962,1025,61.97,62492,550,33.25,63492,79,4.78,1671,99,1654,4047,8,8
1668227005,2022-11-11 22:23:25 -0600,c1cdc9bce9094a83b73434f50adc4d96b386bd79,TX,48377,2,2022-11-09T01:00:00.000Z,FIPSCode,48377,0,2022-11-12T04:22:37.104Z,8,98.98,8,100,62962,1025,61.97,62492,550,33.25,63492,79,4.78,1671,99,1654,4047,8,8
1668227047,2022-11-11 22:24:07 -0600,6da7c1988a4591190ad47ba734b7c4c0f2ce6e45,TX,48377,2,2022-11-09T01:00:00.000Z,FIPSCode,48377,0,2022-11-12T04:23:17.229Z,8,98.98,8,100,62962,1025,61.97,62492,550,33.25,63492,79,4.78,1671,99,1654,4047,8,8
1668227089,2022-11-11 22:24:49 -0600,224c55fcf588ef6f63f05f64960aec36ebd32756,TX,48377,2,2022-11-09T01:00:00.000Z,FIPSCode,48377,0,2022-11-12T04:23:17.229Z,8,98.98,8,100,62962,1025,61.97,62492,550,33.25,63492,79,4.78,1671,99,1654,4047,8,8
1668227131,2022-11-11 22:25:31 -0600,b9ccd7ab949077e69dcc3ef924293dcc3eaefb9d,TX,48377,2,2022-11-09T01:00:00.000Z,FIPSCode,48377,0,2022-11-12T04:23:17.229Z,8,98.98,8,100,62962,1025,61.97,62492,550,33.25,63492,79,4.78,1671,99,1654,4047,8,8
1668227173,2022-11-11 22:26:13 -0600,4dba68bde01a43267220fc668b3513c6d1c17ec9,TX,48377,2,2022-11-09T01:00:00.000Z,FIPSCode,48377,0,2022-11-12T04:23:17.229Z,8,98.98,8,100,62962,1025,61.97,62492,550,33.25,63492,79,4.78,1671,99,1654,4047,8,8
1668227215,2022-11-11 22:26:55 -0600,e6abd462f23917de0eba9499776911110fe606c7,TX,48377,2,2022-11-09T01:00:00.000Z,FIPSCode,48377,0,2022-11-12T04:23:17.229Z,8,98.98,8,100,62962,1025,61.97,62492,550,33.25,63492,79,4.78,1671,99,1654,4047,8,8
1668227258,2022-11-11 22:27:38 -0600,3b68a632b48e26a39d99432b5a46eadebf2e8ab9,TX,48377,2,2022-11-09T01:00:00.000Z,FIPSCode,48377,0,2022-11-12T04:23:17.229Z,8,98.98,8,100,62962,1025,61.97,62492,550,33.25,63492,79,4.78,1671,99,1654,4047,8,8
1668227300,2022-11-11 22:28:20 -0600,e2b85161b8c71c6bbcce869ff5bce3ed1c693ce3,TX,48377,2,2022-11-09T01:00:00.000Z,FIPSCode,48377,0,2022-11-12T04:23:17.229Z,8,98.98,8,100,62962,1025,61.97,62492,550,33.25,63492,79,4.78,1671,99,1654,4047,8,8
1668227342,2022-11-11 22:29:02 -0600,dca644327898a72bcbbd4a79b4f5894e6bf83191,TX,48377,2,2022-11-09T01:00:00.000Z,FIPSCode,48377,0,2022-11-12T04:23:17.229Z,8,98.98,8,100,62962,1025,61.97,62492,550,33.25,63492,79,4.78,1671,99,1654,4047,8,8
1668227385,2022-11-11 22:29:45 -0600,61aa7f57b26ebf86b0a3899a0f8c9a8c0a73f0d0,TX,48377,2,2022-11-09T01:00:00.000Z,FIPSCode,48377,0,2022-11-12T04:23:17.229Z,8,98.98,8,100,62962,1025,61.97,62492,550,33.25,63492,79,4.78,1671,99,1654,4047,8,8
1668227427,2022-11-11 22:30:27 -0600,3f6cfc7a740dd10d319df3f5cb04979ff0995c66,TX,48377,2,2022-11-09T01:00:00.000Z,FIPSCode,48377,0,2022-11-12T04:23:17.229Z,8,98.98,8,100,62962,1025,61.97,62492,550,33.25,63492,79,4.78,1671,99,1654,4047,8,8
1668227469,2022-11-11 22:31:09 -0600,edfb1862123cdef63d8cf561eff08e2586e36ba7,TX,48377,2,2022-11-09T01:00:00.000Z,FIPSCode,48377,0,2022-11-12T04:23:17.229Z,8,98.98,8,100,62962,1025,61.97,62492,550,33.25,63492,79,4.78,1671,99,1654,4047,8,8
1668227512,2022-11-11 22:31:52 -0600,9fc8a5b3b857155731f3ac13b963fd8b8e04fa8a,TX,48377,2,2022-11-09T01:00:00.000Z,FIPSCode,48377,0,2022-11-12T04:23:17.229Z,8,98.98,8,100,62962,1025,61.97,62492,550,33.25,63492,79,4.78,1671,99,1654,4047,8,8
1668227555,2022-11-11 22:32:35 -0600,a749b2a23e041cb70eadd68f77125e8304466ff3,TX,48377,2,2022-11-09T01:00:00.000Z,FIPSCode,48377,0,2022-11-12T04:23:17.229Z,8,98.98,8,100,62962,1025,61.97,62492,550,33.25,63492,79,4.78,1671,99,1654,4047,8,8
1668227641,2022-11-11 22:34:01 -0600,8926166581fb10c3c18ead1944b94aa63bffe97f,TX,48377,2,2022-11-09T01:00:00.000Z,FIPSCode,48377,0,2022-11-12T04:23:17.229Z,8,98.98,8,100,62962,1025,61.97,62492,550,33.25,63492,79,4.78,1671,99,1654,4047,8,8
1668227684,2022-11-11 22:34:44 -0600,effaffcdc3dde340edbeb7cc0a76b520343a7ff4,TX,48377,2,2022-11-09T01:00:00.000Z,FIPSCode,48377,0,2022-11-12T04:23:17.229Z,8,98.98,8,100,62962,1025,61.97,62492,550,33.25,63492,79,4.78,1671,99,1654,4047,8,8
1668227769,2022-11-11 22:36:09 -0600,f51340d6fc0ffa066dbcdac8adeb309d7f47a920,TX,48377,2,2022-11-09T01:00:00.000Z,FIPSCode,48377,0,2022-11-12T04:23:17.229Z,8,98.98,8,100,62962,1025,61.97,62492,550,33.25,63492,79,4.78,1671,99,1654,4047,8,8
1668227811,2022-11-11 22:36:51 -0600,8e8bf02b77d36ecb5cc434f667b2afc778971264,TX,48377,2,2022-11-09T01:00:00.000Z,FIPSCode,48377,0,2022-11-12T04:23:17.229Z,8,98.98,8,100,62962,1025,61.97,62492,550,33.25,63492,79,4.78,1671,99,1654,4047,8,8
1668227854,2022-11-11 22:37:34 -0600,13e431552d7b5662434c253b4203736c61079aa3,TX,48377,2,2022-11-09T01:00:00.000Z,FIPSCode,48377,0,2022-11-12T04:23:17.229Z,8,98.98,8,100,62962,1025,61.97,62492,550,33.25,63492,79,4.78,1671,99,1654,4047,8,8
1668227896,2022-11-11 22:38:16 -0600,2be82c4ab8f2c4ca11895b6b0f9b3c2d8d2ef053,TX,48377,2,2022-11-09T01:00:00.000Z,FIPSCode,48377,0,2022-11-12T04:37:17.130Z,8,98.98,8,100,62962,1025,61.97,62492,550,33.25,63492,79,4.78,1671,99,1654,4047,8,8
1668227939,2022-11-11 22:38:59 -0600,f0f0c0460d40b4e0820ecb41357ae7a5b84308a2,TX,48377,2,2022-11-09T01:00:00.000Z,FIPSCode,48377,0,2022-11-12T04:38:39.769Z,8,98.98,8,100,62962,1025,61.97,62492,550,33.25,63492,79,4.78,1671,99,1654,4047,8,8
1668227980,2022-11-11 22:39:40 -0600,8110977da9eeb97556c69beae1faa3ddbd501c34,TX,48377,2,2022-11-09T01:00:00.000Z,FIPSCode,48377,0,2022-11-12T04:38:39.769Z,8,98.98,8,100,62962,1025,61.97,62492,550,33.25,63492,79,4.78,1671,99,1654,4047,8,8
1668228022,2022-11-11 22:40:22 -0600,e234607ac4b2dba7796cac11b0bfc3f55dbdd14e,TX,48377,2,2022-11-09T01:00:00.000Z,FIPSCode,48377,0,2022-11-12T04:39:38.088Z,8,98.98,8,100,62962,1025,61.97,62492,550,33.25,63492,79,4.78,1671,99,1654,4047,8,8
1668228064,2022-11-11 22:41:04 -0600,08b9b8f1cc3d95b06842c7da8e2dca62bdb69420,TX,48377,2,2022-11-09T01:00:00.000Z,FIPSCode,48377,0,2022-11-12T04:39:38.088Z,8,98.98,8,100,62962,1025,61.97,62492,550,33.25,63492,79,4.78,1671,99,1654,4047,8,8
1668228106,2022-11-11 22:41:46 -0600,c937173981c0bf5c8f7081b4cce3fc1a3d32e204,TX,48377,2,2022-11-09T01:00:00.000Z,FIPSCode,48377,0,2022-11-12T04:39:38.088Z,8,98.98,8,100,62962,1025,61.97,62492,550,33.25,63492,79,4.78,1671,99,1654,4047,8,8
1668228148,2022-11-11 22:42:28 -0600,9ad279e0236d2b95e280279cc5c0e986b1c89cfc,TX,48377,2,2022-11-09T01:00:00.000Z,FIPSCode,48377,0,2022-11-12T04:39:38.088Z,8,98.98,8,100,62962,1025,61.97,62492,550,33.25,63492,79,4.78,1671,99,1654,4047,8,8
1668228193,2022-11-11 22:43:13 -0600,d2a308199b31f90d7fbe0117ba803c99edd92962,TX,48377,2,2022-11-09T01:00:00.000Z,FIPSCode,48377,0,2022-11-12T04:39:38.088Z,8,98.98,8,100,62962,1025,61.97,62492,550,33.25,63492,79,4.78,1671,99,1654,4047,8,8
1668228234,2022-11-11 22:43:54 -0600,72f881d3bf4ad3772d759b22e290cc01f96a649a,TX,48377,2,2022-11-09T01:00:00.000Z,FIPSCode,48377,0,2022-11-12T04:39:38.088Z,8,98.98,8,100,62962,1025,61.97,62492,550,33.25,63492,79,4.78,1671,99,1654,4047,8,8
1668228315,2022-11-11 22:45:15 -0600,5e30194e5970f6c0297f32227e41ef1174c991a8,TX,48377,2,2022-11-09T01:00:00.000Z,FIPSCode,48377,0,2022-11-12T04:39:38.088Z,8,98.98,8,100,62962,1025,61.97,62492,550,33.25,63492,79,4.78,1671,99,1654,4047,8,8
1668228357,2022-11-11 22:45:57 -0600,e53c59843f215689feee9e5b82f3014bd2bb3c3f,TX,48377,2,2022-11-09T01:00:00.000Z,FIPSCode,48377,0,2022-11-12T04:39:38.088Z,8,98.98,8,100,62962,1025,61.97,62492,550,33.25,63492,79,4.78,1671,99,1654,4047,8,8
1668228399,2022-11-11 22:46:39 -0600,5f7c07ed5686545b27cf9e0ad732ee2ac8c29c43,TX,48377,2,2022-11-09T01:00:00.000Z,FIPSCode,48377,0,2022-11-12T04:39:38.088Z,8,98.98,8,100,62962,1025,61.97,62492,550,33.25,63492,79,4.78,1671,99,1654,4047,8,8
1668228440,2022-11-11 22:47:20 -0600,4652f755db9f84583e059e9be3968029988f9922,TX,48377,2,2022-11-09T01:00:00.000Z,FIPSCode,48377,0,2022-11-12T04:39:38.088Z,8,98.98,8,100,62962,1025,61.97,62492,550,33.25,63492,79,4.78,1671,99,1654,4047,8,8
1668228482,2022-11-11 22:48:02 -0600,1cf52c8092fbd1e926ffaf649211d8f48b3e9a7d,TX,48377,2,2022-11-09T01:00:00.000Z,FIPSCode,48377,0,2022-11-12T04:39:38.088Z,8,98.98,8,100,62962,1025,61.97,62492,550,33.25,63492,79,4.78,1671,99,1654,4047,8,8
1668228523,2022-11-11 22:48:43 -0600,8afe62fa5a88c98996d7cfb031d2f23e5b4f4dba,TX,48377,2,2022-11-09T01:00:00.000Z,FIPSCode,48377,0,2022-11-12T04:39:38.088Z,8,98.98,8,100,62962,1025,61.97,62492,550,33.25,63492,79,4.78,1671,99,1654,4047,8,8
1668228606,2022-11-11 22:50:06 -0600,c3767e25264afc68a2d5cfb4c29fb2a8eb4ab480,TX,48377,2,2022-11-09T01:00:00.000Z,FIPSCode,48377,0,2022-11-12T04:39:38.088Z,8,98.98,8,100,62962,1025,61.97,62492,550,33.25,63492,79,4.78,1671,99,1654,4047,8,8
1668228647,2022-11-11 22:50:47 -0600,55108c19ede524e73ea618e15b448ece1616be77,TX,48377,2,2022-11-09T01:00:00.000Z,FIPSCode,48377,0,2022-11-12T04:39:38.088Z,8,98.98,8,100,62962,1025,61.97,62492,550,33.25,63492,79,4.78,1671,99,1654,4047,8,8
1668228730,2022-11-11 22:52:10 -0600,e5c4b7d36916b44cdefdbda2c93477469e8583fd,TX,48377,2,2022-11-09T01:00:00.000Z,FIPSCode,48377,0,2022-11-12T04:39:38.088Z,8,98.98,8,100,62962,1025,61.97,62492,550,33.25,63492,79,4.78,1671,99,1654,4047,8,8
1668228771,2022-11-11 22:52:51 -0600,2eae55bbd4e8aae9668aaed4d18909de4bdda0d9,TX,48377,2,2022-11-09T01:00:00.000Z,FIPSCode,48377,0,2022-11-12T04:39:38.088Z,8,98.98,8,100,62962,1025,61.97,62492,550,33.25,63492,79,4.78,1671,99,1654,4047,8,8
1668228813,2022-11-11 22:53:33 -0600,3e7979b0ff3ebb15ba0ae5f72487fcf6a1210136,TX,48377,2,2022-11-09T01:00:00.000Z,FIPSCode,48377,0,2022-11-12T04:39:38.088Z,8,98.98,8,100,62962,1025,61.97,62492,550,33.25,63492,79,4.78,1671,99,1654,4047,8,8
1668228854,2022-11-11 22:54:14 -0600,5a91e4e292f5bb42c4fe973669ec5e781c4e3a21,TX,48377,2,2022-11-09T01:00:00.000Z,FIPSCode,48377,0,2022-11-12T04:39:38.088Z,8,98.98,8,100,62962,1025,61.97,62492,550,33.25,63492,79,4.78,1671,99,1654,4047,8,8
1668228897,2022-11-11 22:54:57 -0600,aab4569fd9ea7644ec42dc51cba93da9acb6a0d9,TX,48377,2,2022-11-09T01:00:00.000Z,FIPSCode,48377,0,2022-11-12T04:39:38.088Z,8,98.98,8,100,62962,1025,61.97,62492,550,33.25,63492,79,4.78,1671,99,1654,4047,8,8
1668228937,2022-11-11 22:55:37 -0600,7e2b9ac0e116f1bee71199ef13963ac6072978f3,TX,48377,2,2022-11-09T01:00:00.000Z,FIPSCode,48377,0,2022-11-12T04:39:38.088Z,8,98.98,8,100,62962,1025,61.97,62492,550,33.25,63492,79,4.78,1671,99,1654,4047,8,8
1668228980,2022-11-11 22:56:20 -0600,e3ae8166f24769ab9de3bf46a1b203d73440b4e2,TX,48377,2,2022-11-09T01:00:00.000Z,FIPSCode,48377,0,2022-11-12T04:39:38.088Z,8,98.98,8,100,62962,1025,61.97,62492,550,33.25,63492,79,4.78,1671,99,1654,4047,8,8
1668229021,2022-11-11 22:57:01 -0600,854f25b8f378a40971ab7d56da2a4e4264770310,TX,48377,2,2022-11-09T01:00:00.000Z,FIPSCode,48377,0,2022-11-12T04:39:38.088Z,8,98.98,8,100,62962,1025,61.97,62492,550,33.25,63492,79,4.78,1671,99,1654,4047,8,8
1668229063,2022-11-11 22:57:43 -0600,d4e735c85cd7e35f8597bc25685621732ce1b8f7,TX,48377,2,2022-11-09T01:00:00.000Z,FIPSCode,48377,0,2022-11-12T04:39:38.088Z,8,98.98,8,100,62962,1025,61.97,62492,550,33.25,63492,79,4.78,1671,99,1654,4047,8,8
1668229105,2022-11-11 22:58:25 -0600,af271bba6b878270c1ae6879491a07a277b567f5,TX,48377,2,2022-11-09T01:00:00.000Z,FIPSCode,48377,0,2022-11-12T04:39:38.088Z,8,98.98,8,100,62962,1025,61.97,62492,550,33.25,63492,79,4.78,1671,99,1654,4047,8,8
1668229146,2022-11-11 22:59:06 -0600,ceaf3f5ed76afbb795d17ca045d98a06a4110a76,TX,48377,2,2022-11-09T01:00:00.000Z,FIPSCode,48377,0,2022-11-12T04:39:38.088Z,8,98.98,8,100,62962,1025,61.97,62492,550,33.25,63492,79,4.78,1671,99,1654,4047,8,8
1668229189,2022-11-11 22:59:49 -0600,b38a6eff677281276d1d55c34ac87ac51b104832,TX,48377,2,2022-11-09T01:00:00.000Z,FIPSCode,48377,0,2022-11-12T04:39:38.088Z,8,98.98,8,100,62962,1025,61.97,62492,550,33.25,63492,79,4.78,1671,99,1654,4047,8,8
1668229230,2022-11-11 23:00:30 -0600,99a76d0a9ea10caa37d154335595a75ef93af409,TX,48377,2,2022-11-09T01:00:00.000Z,FIPSCode,48377,0,2022-11-12T04:39:38.088Z,8,98.98,8,100,62962,1025,61.97,62492,550,33.25,63492,79,4.78,1671,99,1654,4047,8,8
1668229271,2022-11-11 23:01:11 -0600,444d25855ccb5e7a5190d813f7bc68cd7558ab0e,TX,48377,2,2022-11-09T01:00:00.000Z,FIPSCode,48377,0,2022-11-12T04:39:38.088Z,8,98.98,8,100,62962,1025,61.97,62492,550,33.25,63492,79,4.78,1671,99,1654,4047,8,8
1668229313,2022-11-11 23:01:53 -0600,566f385f47013afdbfbacd046ca89ee4b51196ee,TX,48377,2,2022-11-09T01:00:00.000Z,FIPSCode,48377,0,2022-11-12T04:39:38.088Z,8,98.98,8,100,62962,1025,61.97,62492,550,33.25,63492,79,4.78,1671,99,1654,4047,8,8
1668229396,2022-11-11 23:03:16 -0600,241650e15fb751bc6d206baf76a4b858e4be95ac,TX,48377,2,2022-11-09T01:00:00.000Z,FIPSCode,48377,0,2022-11-12T04:39:38.088Z,8,98.98,8,100,62962,1025,61.97,62492,550,33.25,63492,79,4.78,1671,99,1654,4047,8,8
1668229437,2022-11-11 23:03:57 -0600,43b0312ae8c3594813bf78cd6f094b4dcea15c39,TX,48377,2,2022-11-09T01:00:00.000Z,FIPSCode,48377,0,2022-11-12T04:39:38.088Z,8,98.98,8,100,62962,1025,61.97,62492,550,33.25,63492,79,4.78,1671,99,1654,4047,8,8
1668229478,2022-11-11 23:04:38 -0600,d1608d132c9f20120a93e1228185de71a00450f7,TX,48377,2,2022-11-09T01:00:00.000Z,FIPSCode,48377,0,2022-11-12T04:39:38.088Z,8,98.98,8,100,62962,1025,61.97,62492,550,33.25,63492,79,4.78,1671,99,1654,4047,8,8
1668229519,2022-11-11 23:05:19 -0600,27e5bab854fe4cdc0e3901b0827046850ecf7da2,TX,48377,2,2022-11-09T01:00:00.000Z,FIPSCode,48377,0,2022-11-12T04:39:38.088Z,8,98.98,8,100,62962,1025,61.97,62492,550,33.25,63492,79,4.78,1671,99,1654,4047,8,8
1668229684,2022-11-11 23:08:04 -0600,1598f77abc4f0b03cbbb4abc3e4ed233dbea78b7,TX,48377,2,2022-11-09T01:00:00.000Z,FIPSCode,48377,0,2022-11-12T04:39:38.088Z,8,98.98,8,100,62962,1025,61.97,62492,550,33.25,63492,79,4.78,1671,99,1654,4047,8,8
1668229725,2022-11-11 23:08:45 -0600,78c87ce8ba1ab56f2b28e17c4afecbf4b2ac288c,TX,48377,2,2022-11-09T01:00:00.000Z,FIPSCode,48377,0,2022-11-12T04:39:38.088Z,8,98.98,8,100,62962,1025,61.97,62492,550,33.25,63492,79,4.78,1671,99,1654,4047,8,8
1668229768,2022-11-11 23:09:28 -0600,aaf75e7e1a6f2e16d7a9ff269f42210211f3e937,TX,48377,2,2022-11-09T01:00:00.000Z,FIPSCode,48377,0,2022-11-12T04:39:38.088Z,8,98.98,8,100,62962,1025,61.97,62492,550,33.25,63492,79,4.78,1671,99,1654,4047,8,8
1668229809,2022-11-11 23:10:09 -0600,dc9f2a11c36777c5fe8601211deabaece613ec2d,TX,48377,2,2022-11-09T01:00:00.000Z,FIPSCode,48377,0,2022-11-12T04:39:38.088Z,8,98.98,8,100,62962,1025,61.97,62492,550,33.25,63492,79,4.78,1671,99,1654,4047,8,8
1668229852,2022-11-11 23:10:52 -0600,e635fb388dfb122051226d9a9fda90dd0cb2de96,TX,48377,2,2022-11-09T01:00:00.000Z,FIPSCode,48377,0,2022-11-12T04:39:38.088Z,8,98.98,8,100,62962,1025,61.97,62492,550,33.25,63492,79,4.78,1671,99,1654,4047,8,8
1668229894,2022-11-11 23:11:34 -0600,32062e9800ea218907bd5245eef0329d511fa418,TX,48377,2,2022-11-09T01:00:00.000Z,FIPSCode,48377,0,2022-11-12T04:39:38.088Z,8,98.98,8,100,62962,1025,61.97,62492,550,33.25,63492,79,4.78,1671,99,1654,4047,8,8
1668229936,2022-11-11 23:12:16 -0600,3e1a9aff512b65a56bad9932450285ddd987a834,TX,48377,2,2022-11-09T01:00:00.000Z,FIPSCode,48377,0,2022-11-12T04:39:38.088Z,8,98.98,8,100,62962,1025,61.97,62492,550,33.25,63492,79,4.78,1671,99,1654,4047,8,8
1668229977,2022-11-11 23:12:57 -0600,4bfbc6a6d314561c4af73a9557bd2dd265a9c0d6,TX,48377,2,2022-11-09T01:00:00.000Z,FIPSCode,48377,0,2022-11-12T05:12:38.003Z,8,98.98,8,100,62962,1025,61.97,62492,550,33.25,63492,79,4.78,1671,99,1654,4047,8,8
1668230019,2022-11-11 23:13:39 -0600,6261d521cb3d4871820fd84cfce7d6339c8813fd,TX,48377,2,2022-11-09T01:00:00.000Z,FIPSCode,48377,0,2022-11-12T05:13:17.011Z,8,98.98,8,100,62962,1025,61.97,62492,550,33.25,63492,79,4.78,1671,99,1654,4047,8,8
1668230102,2022-11-11 23:15:02 -0600,03a0a77f46c6c3d8fba94a11eb628032e23e75c5,TX,48377,2,2022-11-09T01:00:00.000Z,FIPSCode,48377,0,2022-11-12T05:14:16.914Z,8,98.98,8,100,62962,1025,61.97,62492,550,33.25,63492,79,4.78,1671,99,1654,4047,8,8
1668230144,2022-11-11 23:15:44 -0600,6a7feef6853456557d6a1adefb869b3bef83586a,TX,48377,2,2022-11-09T01:00:00.000Z,FIPSCode,48377,0,2022-11-12T05:14:16.914Z,8,98.98,8,100,62962,1025,61.97,62492,550,33.25,63492,79,4.78,1671,99,1654,4047,8,8
1668230187,2022-11-11 23:16:27 -0600,b8e5e3faa5d400a33519b3ffdebe2aa35abd7d09,TX,48377,2,2022-11-09T01:00:00.000Z,FIPSCode,48377,0,2022-11-12T05:14:16.914Z,8,98.98,8,100,62962,1025,61.97,62492,550,33.25,63492,79,4.78,1671,99,1654,4047,8,8
1668230228,2022-11-11 23:17:08 -0600,d7bd42e82c2c01c59e31b2c9b864c41f8e89ce83,TX,48377,2,2022-11-09T01:00:00.000Z,FIPSCode,48377,0,2022-11-12T05:14:16.914Z,8,98.98,8,100,62962,1025,61.97,62492,550,33.25,63492,79,4.78,1671,99,1654,4047,8,8
1668230270,2022-11-11 23:17:50 -0600,9c86cbbbcdaa96fe09ea703cb575ab4295703d6f,TX,48377,2,2022-11-09T01:00:00.000Z,FIPSCode,48377,0,2022-11-12T05:14:16.914Z,8,98.98,8,100,62962,1025,61.97,62492,550,33.25,63492,79,4.78,1671,99,1654,4047,8,8
1668230312,2022-11-11 23:18:32 -0600,bb53d0572ed75153cdad7a3bb6c1ee53c217d5b1,TX,48377,2,2022-11-09T01:00:00.000Z,FIPSCode,48377,0,2022-11-12T05:14:16.914Z,8,98.98,8,100,62962,1025,61.97,62492,550,33.25,63492,79,4.78,1671,99,1654,4047,8,8
1668230354,2022-11-11 23:19:14 -0600,b6448c9c65912419253968c14ffb1c4133202eab,TX,48377,2,2022-11-09T01:00:00.000Z,FIPSCode,48377,0,2022-11-12T05:14:16.914Z,8,98.98,8,100,62962,1025,61.97,62492,550,33.25,63492,79,4.78,1671,99,1654,4047,8,8
1668230397,2022-11-11 23:19:57 -0600,d7b74da771eeb473b7d9dd920ae000036a8cc44a,TX,48377,2,2022-11-09T01:00:00.000Z,FIPSCode,48377,0,2022-11-12T05:14:16.914Z,8,98.98,8,100,62962,1025,61.97,62492,550,33.25,63492,79,4.78,1671,99,1654,4047,8,8
1668230437,2022-11-11 23:20:37 -0600,91c8fda6123a95fe61e2983a0ad04fed2f23bfb5,TX,48377,2,2022-11-09T01:00:00.000Z,FIPSCode,48377,0,2022-11-12T05:14:16.914Z,8,98.98,8,100,62962,1025,61.97,62492,550,33.25,63492,79,4.78,1671,99,1654,4047,8,8
1668230478,2022-11-11 23:21:18 -0600,10b77879f9a5ffeaca37053f4a588cfb07674e97,TX,48377,2,2022-11-09T01:00:00.000Z,FIPSCode,48377,0,2022-11-12T05:14:16.914Z,8,98.98,8,100,62962,1025,61.97,62492,550,33.25,63492,79,4.78,1671,99,1654,4047,8,8
1668230523,2022-11-11 23:22:03 -0600,54b5aa8f6c20a12e56bdff6fae982a28a386b8f8,TX,48377,2,2022-11-09T01:00:00.000Z,FIPSCode,48377,0,2022-11-12T05:14:16.914Z,8,98.98,8,100,62962,1025,61.97,62492,550,33.25,63492,79,4.78,1671,99,1654,4047,8,8
1668230568,2022-11-11 23:22:48 -0600,6bbb1598e668c929cc1cddb6c5578d61d338af74,TX,48377,2,2022-11-09T01:00:00.000Z,FIPSCode,48377,0,2022-11-12T05:14:16.914Z,8,98.98,8,100,62962,1025,61.97,62492,550,33.25,63492,79,4.78,1671,99,1654,4047,8,8
1668230653,2022-11-11 23:24:13 -0600,b1a123121e7db4a970563d8dd8454f8605b80ac4,TX,48377,2,2022-11-09T01:00:00.000Z,FIPSCode,48377,0,2022-11-12T05:14:16.914Z,8,98.98,8,100,62962,1025,61.97,62492,550,33.25,63492,79,4.78,1671,99,1654,4047,8,8
1668230694,2022-11-11 23:24:54 -0600,9d1bb50d4ca0c655f5c7f5d193dfc82cb6c51120,TX,48377,2,2022-11-09T01:00:00.000Z,FIPSCode,48377,0,2022-11-12T05:14:16.914Z,8,98.98,8,100,62962,1025,61.97,62492,550,33.25,63492,79,4.78,1671,99,1654,4047,8,8
1668230821,2022-11-11 23:27:01 -0600,92e4f2af635f835b3943fd393781884c1bc298f6,TX,48377,2,2022-11-09T01:00:00.000Z,FIPSCode,48377,0,2022-11-12T05:14:16.914Z,8,98.98,8,100,62962,1025,61.97,62492,550,33.25,63492,79,4.78,1671,99,1654,4047,8,8
1668230865,2022-11-11 23:27:45 -0600,0eca77e06104183a7cd078288e475c80fb43fe1f,TX,48377,2,2022-11-09T01:00:00.000Z,FIPSCode,48377,0,2022-11-12T05:14:16.914Z,8,98.98,8,100,62962,1025,61.97,62492,550,33.25,63492,79,4.78,1671,99,1654,4047,8,8
1668230906,2022-11-11 23:28:26 -0600,9c093c9628147263724b509174015d1fe183b90b,TX,48377,2,2022-11-09T01:00:00.000Z,FIPSCode,48377,0,2022-11-12T05:14:16.914Z,8,98.98,8,100,62962,1025,61.97,62492,550,33.25,63492,79,4.78,1671,99,1654,4047,8,8
1668230949,2022-11-11 23:29:09 -0600,78925acdc8e4d73ef2362b9b96fd16c17aabe76c,TX,48377,2,2022-11-09T01:00:00.000Z,FIPSCode,48377,0,2022-11-12T05:14:16.914Z,8,98.98,8,100,62962,1025,61.97,62492,550,33.25,63492,79,4.78,1671,99,1654,4047,8,8
1668230989,2022-11-11 23:29:49 -0600,c443e836bd0490c23ffc4c539e132614d5d4e4f6,TX,48377,2,2022-11-09T01:00:00.000Z,FIPSCode,48377,0,2022-11-12T05:14:16.914Z,8,98.98,8,100,62962,1025,61.97,62492,550,33.25,63492,79,4.78,1671,99,1654,4047,8,8
1668231074,2022-11-11 23:31:14 -0600,0ab02c47b54b1c230140c38ab029464ba573866f,TX,48377,2,2022-11-09T01:00:00.000Z,FIPSCode,48377,0,2022-11-12T05:14:16.914Z,8,98.98,8,100,62962,1025,61.97,62492,550,33.25,63492,79,4.78,1671,99,1654,4047,8,8
1668231115,2022-11-11 23:31:55 -0600,a0d54e12a7358a6ee67b0c05df3fcceb9ff4d7f7,TX,48377,2,2022-11-09T01:00:00.000Z,FIPSCode,48377,0,2022-11-12T05:14:16.914Z,8,98.98,8,100,62962,1025,61.97,62492,550,33.25,63492,79,4.78,1671,99,1654,4047,8,8
1668231160,2022-11-11 23:32:40 -0600,0537e01673534649bc6c533e3cd0edd1d86f68d1,TX,48377,2,2022-11-09T01:00:00.000Z,FIPSCode,48377,0,2022-11-12T05:14:16.914Z,8,98.98,8,100,62962,1025,61.97,62492,550,33.25,63492,79,4.78,1671,99,1654,4047,8,8
1668231199,2022-11-11 23:33:19 -0600,455f7af1b462f6aafecfa3680ce2dc89cb2a2ce2,TX,48377,2,2022-11-09T01:00:00.000Z,FIPSCode,48377,0,2022-11-12T05:14:16.914Z,8,98.98,8,100,62962,1025,61.97,62492,550,33.25,63492,79,4.78,1671,99,1654,4047,8,8
1668231241,2022-11-11 23:34:01 -0600,70c921e421ae98f2f691845127a6c21128431cfd,TX,48377,2,2022-11-09T01:00:00.000Z,FIPSCode,48377,0,2022-11-12T05:14:16.914Z,8,98.98,8,100,62962,1025,61.97,62492,550,33.25,63492,79,4.78,1671,99,1654,4047,8,8
1668231282,2022-11-11 23:34:42 -0600,952f10bd25282ee5875b36edb383b3629baf283a,TX,48377,2,2022-11-09T01:00:00.000Z,FIPSCode,48377,0,2022-11-12T05:14:16.914Z,8,98.98,8,100,62962,1025,61.97,62492,550,33.25,63492,79,4.78,1671,99,1654,4047,8,8
1668231322,2022-11-11 23:35:22 -0600,33f42f3e6e79d97415e353ee3c6359b444df2add,TX,48377,2,2022-11-09T01:00:00.000Z,FIPSCode,48377,0,2022-11-12T05:14:16.914Z,8,98.98,8,100,62962,1025,61.97,62492,550,33.25,63492,79,4.78,1671,99,1654,4047,8,8
1668231364,2022-11-11 23:36:04 -0600,5ea4dd696676a8ddb5650b33574c1003b40d5872,TX,48377,2,2022-11-09T01:00:00.000Z,FIPSCode,48377,0,2022-11-12T05:14:16.914Z,8,98.98,8,100,62962,1025,61.97,62492,550,33.25,63492,79,4.78,1671,99,1654,4047,8,8
1668231406,2022-11-11 23:36:46 -0600,c4add7d79f7b7ff3b83c2cc9dbf20035f0327420,TX,48377,2,2022-11-09T01:00:00.000Z,FIPSCode,48377,0,2022-11-12T05:14:16.914Z,8,98.98,8,100,62962,1025,61.97,62492,550,33.25,63492,79,4.78,1671,99,1654,4047,8,8
1668231488,2022-11-11 23:38:08 -0600,40493999d8808e4087ee403ca2b1d4cc40ee883e,TX,48377,2,2022-11-09T01:00:00.000Z,FIPSCode,48377,0,2022-11-12T05:14:16.914Z,8,98.98,8,100,62962,1025,61.97,62492,550,33.25,63492,79,4.78,1671,99,1654,4047,8,8
1668231528,2022-11-11 23:38:48 -0600,1dfacdf2089c2c05fea7ec8fd2a559bf4a22dc0b,TX,48377,2,2022-11-09T01:00:00.000Z,FIPSCode,48377,0,2022-11-12T05:14:16.914Z,8,98.98,8,100,62962,1025,61.97,62492,550,33.25,63492,79,4.78,1671,99,1654,4047,8,8
1668231571,2022-11-11 23:39:31 -0600,e54c099c2b4f89cad089748c6d5aedbdc16c432c,TX,48377,2,2022-11-09T01:00:00.000Z,FIPSCode,48377,0,2022-11-12T05:14:16.914Z,8,98.98,8,100,62962,1025,61.97,62492,550,33.25,63492,79,4.78,1671,99,1654,4047,8,8
1668231613,2022-11-11 23:40:13 -0600,05dde8e9f88da875abdd38a7eb849e328fbc4099,TX,48377,2,2022-11-09T01:00:00.000Z,FIPSCode,48377,0,2022-11-12T05:14:16.914Z,8,98.98,8,100,62962,1025,61.97,62492,550,33.25,63492,79,4.78,1671,99,1654,4047,8,8
1668231654,2022-11-11 23:40:54 -0600,2aa420829510803b37e0eb82818f82a26e8288ee,TX,48377,2,2022-11-09T01:00:00.000Z,FIPSCode,48377,0,2022-11-12T05:14:16.914Z,8,98.98,8,100,62962,1025,61.97,62492,550,33.25,63492,79,4.78,1671,99,1654,4047,8,8
1668231694,2022-11-11 23:41:34 -0600,31d08acf94fef3ec460773cfe7e97d49496fd8c2,TX,48377,2,2022-11-09T01:00:00.000Z,FIPSCode,48377,0,2022-11-12T05:14:16.914Z,8,98.98,8,100,62962,1025,61.97,62492,550,33.25,63492,79,4.78,1671,99,1654,4047,8,8
1668231736,2022-11-11 23:42:16 -0600,45fc692822753658bd843ad7350d56abc009fbb1,TX,48377,2,2022-11-09T01:00:00.000Z,FIPSCode,48377,0,2022-11-12T05:14:16.914Z,8,98.98,8,100,62962,1025,61.97,62492,550,33.25,63492,79,4.78,1671,99,1654,4047,8,8
1668231777,2022-11-11 23:42:57 -0600,2da89b1b066004014b99973a6c114580885e7d89,TX,48377,2,2022-11-09T01:00:00.000Z,FIPSCode,48377,0,2022-11-12T05:14:16.914Z,8,98.98,8,100,62962,1025,61.97,62492,550,33.25,63492,79,4.78,1671,99,1654,4047,8,8
1668231819,2022-11-11 23:43:39 -0600,898494f415144048239c03f1f6b052ab25177ad6,TX,48377,2,2022-11-09T01:00:00.000Z,FIPSCode,48377,0,2022-11-12T05:14:16.914Z,8,98.98,8,100,62962,1025,61.97,62492,550,33.25,63492,79,4.78,1671,99,1654,4047,8,8
1668231861,2022-11-11 23:44:21 -0600,fa1b54b46af0b22b16c1bdeb8301cfdd089506d6,TX,48377,2,2022-11-09T01:00:00.000Z,FIPSCode,48377,0,2022-11-12T05:14:16.914Z,8,98.98,8,100,62962,1025,61.97,62492,550,33.25,63492,79,4.78,1671,99,1654,4047,8,8
1668231902,2022-11-11 23:45:02 -0600,0c0bab752514b60d45ec0eed40473b2bdaf79cd1,TX,48377,2,2022-11-09T01:00:00.000Z,FIPSCode,48377,0,2022-11-12T05:14:16.914Z,8,98.98,8,100,62962,1025,61.97,62492,550,33.25,63492,79,4.78,1671,99,1654,4047,8,8
1668231944,2022-11-11 23:45:44 -0600,3a55d683e63ad292569e093254c364f371d2a3c7,TX,48377,2,2022-11-09T01:00:00.000Z,FIPSCode,48377,0,2022-11-12T05:14:16.914Z,8,98.98,8,100,62962,1025,61.97,62492,550,33.25,63492,79,4.78,1671,99,1654,4047,8,8
1668232027,2022-11-11 23:47:07 -0600,2869a8e138939a4eab52f4bae7e8abd917fdcc24,TX,48377,2,2022-11-09T01:00:00.000Z,FIPSCode,48377,0,2022-11-12T05:14:16.914Z,8,98.98,8,100,62962,1025,61.97,62492,550,33.25,63492,79,4.78,1671,99,1654,4047,8,8
1668232068,2022-11-11 23:47:48 -0600,cd6597b69f9c9fb0904d3a8d5c070acede79b6d2,TX,48377,2,2022-11-09T01:00:00.000Z,FIPSCode,48377,0,2022-11-12T05:14:16.914Z,8,98.98,8,100,62962,1025,61.97,62492,550,33.25,63492,79,4.78,1671,99,1654,4047,8,8
1668232110,2022-11-11 23:48:30 -0600,0f6c8e029cff23a5f782c24b944bd484eb9994aa,TX,48377,2,2022-11-09T01:00:00.000Z,FIPSCode,48377,0,2022-11-12T05:14:16.914Z,8,98.98,8,100,62962,1025,61.97,62492,550,33.25,63492,79,4.78,1671,99,1654,4047,8,8
1668232152,2022-11-11 23:49:12 -0600,e7c556ae55bf3ea5bb41e9523fc922bb2f9f87f7,TX,48377,2,2022-11-09T01:00:00.000Z,FIPSCode,48377,0,2022-11-12T05:14:16.914Z,8,98.98,8,100,62962,1025,61.97,62492,550,33.25,63492,79,4.78,1671,99,1654,4047,8,8
1668232194,2022-11-11 23:49:54 -0600,11d92f1605a769837ce4e72862eac29430ea1425,TX,48377,2,2022-11-09T01:00:00.000Z,FIPSCode,48377,0,2022-11-12T05:14:16.914Z,8,98.98,8,100,62962,1025,61.97,62492,550,33.25,63492,79,4.78,1671,99,1654,4047,8,8
1668232236,2022-11-11 23:50:36 -0600,c6a1a457c2ee5a386b4b1a95f1c647c6eb5dc9b0,TX,48377,2,2022-11-09T01:00:00.000Z,FIPSCode,48377,0,2022-11-12T05:14:16.914Z,8,98.98,8,100,62962,1025,61.97,62492,550,33.25,63492,79,4.78,1671,99,1654,4047,8,8
1668232277,2022-11-11 23:51:17 -0600,f47c4600b5b2e548c968775bc65e548a3a417b8d,TX,48377,2,2022-11-09T01:00:00.000Z,FIPSCode,48377,0,2022-11-12T05:14:16.914Z,8,98.98,8,100,62962,1025,61.97,62492,550,33.25,63492,79,4.78,1671,99,1654,4047,8,8
1668232319,2022-11-11 23:51:59 -0600,b8753843e3c44b6b4662e7279a57865eab1e8710,TX,48377,2,2022-11-09T01:00:00.000Z,FIPSCode,48377,0,2022-11-12T05:14:16.914Z,8,98.98,8,100,62962,1025,61.97,62492,550,33.25,63492,79,4.78,1671,99,1654,4047,8,8
1668232361,2022-11-11 23:52:41 -0600,2983c2ffcba4c2eb86b63e32659e7463151715be,TX,48377,2,2022-11-09T01:00:00.000Z,FIPSCode,48377,0,2022-11-12T05:14:16.914Z,8,98.98,8,100,62962,1025,61.97,62492,550,33.25,63492,79,4.78,1671,99,1654,4047,8,8
1668232402,2022-11-11 23:53:22 -0600,7d62a142f3d8cfc4836829da5b653874c627ab11,TX,48377,2,2022-11-09T01:00:00.000Z,FIPSCode,48377,0,2022-11-12T05:14:16.914Z,8,98.98,8,100,62962,1025,61.97,62492,550,33.25,63492,79,4.78,1671,99,1654,4047,8,8
1668232445,2022-11-11 23:54:05 -0600,0b8d17a8860bf336878f2c8b5b0d0bd26378f6ee,TX,48377,2,2022-11-09T01:00:00.000Z,FIPSCode,48377,0,2022-11-12T05:14:16.914Z,8,98.98,8,100,62962,1025,61.97,62492,550,33.25,63492,79,4.78,1671,99,1654,4047,8,8
1668232485,2022-11-11 23:54:45 -0600,b0b6f44719eefcdfffaf5e1af47a111e4cedaab4,TX,48377,2,2022-11-09T01:00:00.000Z,FIPSCode,48377,0,2022-11-12T05:14:16.914Z,8,98.98,8,100,62962,1025,61.97,62492,550,33.25,63492,79,4.78,1671,99,1654,4047,8,8
1668232527,2022-11-11 23:55:27 -0600,0601e4ee9d2ac360a311130c51ba8ef650e04562,TX,48377,2,2022-11-09T01:00:00.000Z,FIPSCode,48377,0,2022-11-12T05:14:16.914Z,8,98.98,8,100,62962,1025,61.97,62492,550,33.25,63492,79,4.78,1671,99,1654,4047,8,8
1668232568,2022-11-11 23:56:08 -0600,8a08b3307e17b36f23edfaa4d163367df825090a,TX,48377,2,2022-11-09T01:00:00.000Z,FIPSCode,48377,0,2022-11-12T05:14:16.914Z,8,98.98,8,100,62962,1025,61.97,62492,550,33.25,63492,79,4.78,1671,99,1654,4047,8,8
1668232611,2022-11-11 23:56:51 -0600,41d0ec59cfb3b72a8bdf3c02aa9a717245ff5b9b,TX,48377,2,2022-11-09T01:00:00.000Z,FIPSCode,48377,0,2022-11-12T05:14:16.914Z,8,98.98,8,100,62962,1025,61.97,62492,550,33.25,63492,79,4.78,1671,99,1654,4047,8,8
1668232651,2022-11-11 23:57:31 -0600,780964045b9b9a1e957f8f690dce48e2017581ff,TX,48377,2,2022-11-09T01:00:00.000Z,FIPSCode,48377,0,2022-11-12T05:14:16.914Z,8,98.98,8,100,62962,1025,61.97,62492,550,33.25,63492,79,4.78,1671,99,1654,4047,8,8
1668232692,2022-11-11 23:58:12 -0600,f6e4dfb85ecc90b9195bcd16bfbe74ad3124aae3,TX,48377,2,2022-11-09T01:00:00.000Z,FIPSCode,48377,0,2022-11-12T05:14:16.914Z,8,98.98,8,100,62962,1025,61.97,62492,550,33.25,63492,79,4.78,1671,99,1654,4047,8,8
1668232734,2022-11-11 23:58:54 -0600,accb7a71c351d0e9dee7f813cb864a31e8229ce2,TX,48377,2,2022-11-09T01:00:00.000Z,FIPSCode,48377,0,2022-11-12T05:14:16.914Z,8,98.98,8,100,62962,1025,61.97,62492,550,33.25,63492,79,4.78,1671,99,1654,4047,8,8
1668232773,2022-11-11 23:59:33 -0600,e36560e270bc65e5112e7b93573bcac39362f4f3,TX,48377,2,2022-11-09T01:00:00.000Z,FIPSCode,48377,0,2022-11-12T05:14:16.914Z,8,98.98,8,100,62962,1025,61.97,62492,550,33.25,63492,79,4.78,1671,99,1654,4047,8,8
1668232815,2022-11-12 00:00:15 -0600,c111ebd39dc025054588b80bce752261c7e420c9,TX,48377,2,2022-11-09T01:00:00.000Z,FIPSCode,48377,0,2022-11-12T05:14:16.914Z,8,98.98,8,100,62962,1025,61.97,62492,550,33.25,63492,79,4.78,1671,99,1654,4047,8,8
1668232856,2022-11-12 00:00:56 -0600,da75518f9c2478abffe4080390314120126a3372,TX,48377,2,2022-11-09T01:00:00.000Z,FIPSCode,48377,0,2022-11-12T05:14:16.914Z,8,98.98,8,100,62962,1025,61.97,62492,550,33.25,63492,79,4.78,1671,99,1654,4047,8,8
1668232897,2022-11-12 00:01:37 -0600,ff45764713bbfa57f641e5964b92ef0de2c1d72d,TX,48377,2,2022-11-09T01:00:00.000Z,FIPSCode,48377,0,2022-11-12T05:14:16.914Z,8,98.98,8,100,62962,1025,61.97,62492,550,33.25,63492,79,4.78,1671,99,1654,4047,8,8
1668232938,2022-11-12 00:02:18 -0600,ff4c450e9df86765763828b4380d26b4b6287022,TX,48377,2,2022-11-09T01:00:00.000Z,FIPSCode,48377,0,2022-11-12T05:14:16.914Z,8,98.98,8,100,62962,1025,61.97,62492,550,33.25,63492,79,4.78,1671,99,1654,4047,8,8
1668232980,2022-11-12 00:03:00 -0600,908eec34f9e349ec3687de1127dfea71925b8202,TX,48377,2,2022-11-09T01:00:00.000Z,FIPSCode,48377,0,2022-11-12T05:14:16.914Z,8,98.98,8,100,62962,1025,61.97,62492,550,33.25,63492,79,4.78,1671,99,1654,4047,8,8
1668233021,2022-11-12 00:03:41 -0600,fefc05e1c76600ffeba675c941fb671729fd0779,TX,48377,2,2022-11-09T01:00:00.000Z,FIPSCode,48377,0,2022-11-12T06:03:17.476Z,8,98.98,8,100,62962,1025,61.97,62492,550,33.25,63492,79,4.78,1671,99,1654,4047,8,8
1668233062,2022-11-12 00:04:22 -0600,dbbde7603b51b12d5dffac532624b1fa06be0507,TX,48377,2,2022-11-09T01:00:00.000Z,FIPSCode,48377,0,2022-11-12T06:03:17.476Z,8,98.98,8,100,62962,1025,61.97,62492,550,33.25,63492,79,4.78,1671,99,1654,4047,8,8
1668233103,2022-11-12 00:05:03 -0600,55a8283eaaf76c4401dd6e9e0ca607f04cff70c4,TX,48377,2,2022-11-09T01:00:00.000Z,FIPSCode,48377,0,2022-11-12T06:04:17.577Z,8,98.98,8,100,62962,1025,61.97,62492,550,33.25,63492,79,4.78,1671,99,1654,4047,8,8
1668233144,2022-11-12 00:05:44 -0600,fd3355d09d364d3013937353c8c3536967c85219,TX,48377,2,2022-11-09T01:00:00.000Z,FIPSCode,48377,0,2022-11-12T06:05:18.118Z,8,98.98,8,100,62962,1025,61.97,62492,550,33.25,63492,79,4.78,1671,99,1654,4047,8,8
1668233227,2022-11-12 00:07:07 -0600,c44b5f736d2bd35dbe2c90a0f064cfbf81b3c935,TX,48377,2,2022-11-09T01:00:00.000Z,FIPSCode,48377,0,2022-11-12T06:05:18.118Z,8,98.98,8,100,62962,1025,61.97,62492,550,33.25,63492,79,4.78,1671,99,1654,4047,8,8
1668233268,2022-11-12 00:07:48 -0600,99ac0a784fdd693f7e144b03959b7cb911a82692,TX,48377,2,2022-11-09T01:00:00.000Z,FIPSCode,48377,0,2022-11-12T06:07:16.699Z,8,98.98,8,100,62962,1025,61.97,62492,550,33.25,63492,79,4.78,1671,99,1654,4047,8,8
1668233350,2022-11-12 00:09:10 -0600,8a247380c3e2f1d4212068ac3fc69411f692cf6d,TX,48377,2,2022-11-09T01:00:00.000Z,FIPSCode,48377,0,2022-11-12T06:08:17.037Z,8,98.98,8,100,62962,1025,61.97,62492,550,33.25,63492,79,4.78,1671,99,1654,4047,8,8
1668233392,2022-11-12 00:09:52 -0600,8c59e7e92391d3e719f7a54dc32193f58453dc5b,TX,48377,2,2022-11-09T01:00:00.000Z,FIPSCode,48377,0,2022-11-12T06:09:17.413Z,8,98.98,8,100,62962,1025,61.97,62492,550,33.25,63492,79,4.78,1671,99,1654,4047,8,8
1668233435,2022-11-12 00:10:35 -0600,cdfaaa4a1ef44fccf9998889c484c16a6f69f814,TX,48377,2,2022-11-09T01:00:00.000Z,FIPSCode,48377,0,2022-11-12T06:09:17.413Z,8,98.98,8,100,62962,1025,61.97,62492,550,33.25,63492,79,4.78,1671,99,1654,4047,8,8
1668233525,2022-11-12 00:12:05 -0600,262c47ffcdb77dac9bc45d899d42b6667c0452c9,TX,48377,2,2022-11-09T01:00:00.000Z,FIPSCode,48377,0,2022-11-12T06:09:17.413Z,8,98.98,8,100,62962,1025,61.97,62492,550,33.25,63492,79,4.78,1671,99,1654,4047,8,8
1668233648,2022-11-12 00:14:08 -0600,602758adf1582bc6f7aa69f06fd487ad73b0802f,TX,48377,2,2022-11-09T01:00:00.000Z,FIPSCode,48377,0,2022-11-12T06:13:16.373Z,8,98.98,8,100,62962,1025,61.97,62492,550,33.25,63492,79,4.78,1671,99,1654,4047,8,8
1668233690,2022-11-12 00:14:50 -0600,79aa3f3403825b20f02979928445cd53482348bb,TX,48377,2,2022-11-09T01:00:00.000Z,FIPSCode,48377,0,2022-11-12T06:14:17.301Z,8,98.98,8,100,62962,1025,61.97,62492,550,33.25,63492,79,4.78,1671,99,1654,4047,8,8
1668233774,2022-11-12 00:16:14 -0600,fe37d9f49181d6893d7d46ef4eaa1399dbf62e6c,TX,48377,2,2022-11-09T01:00:00.000Z,FIPSCode,48377,0,2022-11-12T06:15:37.685Z,8,98.98,8,100,62962,1025,61.97,62492,550,33.25,63492,79,4.78,1671,99,1654,4047,8,8
1668233898,2022-11-12 00:18:18 -0600,138a06a3f619471ed2626d2d707d28f2c85ba46d,TX,48377,2,2022-11-09T01:00:00.000Z,FIPSCode,48377,0,2022-11-12T06:15:37.685Z,8,98.98,8,100,62962,1025,61.97,62492,550,33.25,63492,79,4.78,1671,99,1654,4047,8,8
1668233942,2022-11-12 00:19:02 -0600,2c5f5f5dcdb8241cba33412ba7bdca514411e939,TX,48377,2,2022-11-09T01:00:00.000Z,FIPSCode,48377,0,2022-11-12T06:18:16.264Z,8,98.98,8,100,62962,1025,61.97,62492,550,33.25,63492,79,4.78,1671,99,1654,4047,8,8
1668233987,2022-11-12 00:19:47 -0600,835324c704bb6710b4ce606bdb73cb7fb043a903,TX,48377,2,2022-11-09T01:00:00.000Z,FIPSCode,48377,0,2022-11-12T06:18:16.264Z,8,98.98,8,100,62962,1025,61.97,62492,550,33.25,63492,79,4.78,1671,99,1654,4047,8,8
1668234027,2022-11-12 00:20:27 -0600,ee563863aae44badb19a7a395bc6c33b22fa7afe,TX,48377,2,2022-11-09T01:00:00.000Z,FIPSCode,48377,0,2022-11-12T06:18:16.264Z,8,98.98,8,100,62962,1025,61.97,62492,550,33.25,63492,79,4.78,1671,99,1654,4047,8,8
1668234070,2022-11-12 00:21:10 -0600,6ade18771e7b1404384809da43a79286dd08a384,TX,48377,2,2022-11-09T01:00:00.000Z,FIPSCode,48377,0,2022-11-12T06:20:16.319Z,8,98.98,8,100,62962,1025,61.97,62492,550,33.25,63492,79,4.78,1671,99,1654,4047,8,8
1668234111,2022-11-12 00:21:51 -0600,9968f76fc19c23f5672938796e71fedd733d1bad,TX,48377,2,2022-11-09T01:00:00.000Z,FIPSCode,48377,0,2022-11-12T06:20:16.319Z,8,98.98,8,100,62962,1025,61.97,62492,550,33.25,63492,79,4.78,1671,99,1654,4047,8,8
1668234154,2022-11-12 00:22:34 -0600,d688bb0d69336c5129054105e70b63abaab5f2b0,TX,48377,2,2022-11-09T01:00:00.000Z,FIPSCode,48377,0,2022-11-12T06:22:16.784Z,8,98.98,8,100,62962,1025,61.97,62492,550,33.25,63492,79,4.78,1671,99,1654,4047,8,8
1668234323,2022-11-12 00:25:23 -0600,45a11aa7156a156bce724cd27cdf0c52be4e5bde,TX,48377,2,2022-11-09T01:00:00.000Z,FIPSCode,48377,0,2022-11-12T06:22:16.784Z,8,98.98,8,100,62962,1025,61.97,62492,550,33.25,63492,79,4.78,1671,99,1654,4047,8,8
1668234365,2022-11-12 00:26:05 -0600,21acaa0fc4a994b9062b0b846371498692175a94,TX,48377,2,2022-11-09T01:00:00.000Z,FIPSCode,48377,0,2022-11-12T06:22:16.784Z,8,98.98,8,100,62962,1025,61.97,62492,550,33.25,63492,79,4.78,1671,99,1654,4047,8,8
1668234408,2022-11-12 00:26:48 -0600,95a1cd7530f2f1fa2762d19279674c282585f6c1,TX,48377,2,2022-11-09T01:00:00.000Z,FIPSCode,48377,0,2022-11-12T06:22:16.784Z,8,98.98,8,100,62962,1025,61.97,62492,550,33.25,63492,79,4.78,1671,99,1654,4047,8,8
1668234449,2022-11-12 00:27:29 -0600,8c43d89e1f8cf5c0b598021e6ca4d2bf7f002827,TX,48377,2,2022-11-09T01:00:00.000Z,FIPSCode,48377,0,2022-11-12T06:22:16.784Z,8,98.98,8,100,62962,1025,61.97,62492,550,33.25,63492,79,4.78,1671,99,1654,4047,8,8
1668234491,2022-11-12 00:28:11 -0600,d28556d62a442e2e4de04690fcc1665e07694b5e,TX,48377,2,2022-11-09T01:00:00.000Z,FIPSCode,48377,0,2022-11-12T06:22:16.784Z,8,98.98,8,100,62962,1025,61.97,62492,550,33.25,63492,79,4.78,1671,99,1654,4047,8,8
1668234532,2022-11-12 00:28:52 -0600,a88803ab13de66838042c93172020455e55d34ec,TX,48377,2,2022-11-09T01:00:00.000Z,FIPSCode,48377,0,2022-11-12T06:22:16.784Z,8,98.98,8,100,62962,1025,61.97,62492,550,33.25,63492,79,4.78,1671,99,1654,4047,8,8
1668234615,2022-11-12 00:30:15 -0600,2bbf8d25412df577cccffd0ccf09ac9f6f3c26bb,TX,48377,2,2022-11-09T01:00:00.000Z,FIPSCode,48377,0,2022-11-12T06:22:16.784Z,8,98.98,8,100,62962,1025,61.97,62492,550,33.25,63492,79,4.78,1671,99,1654,4047,8,8
1668234657,2022-11-12 00:30:57 -0600,01870984fd9fd0ceeb8c3bc53c79c9c2e6582032,TX,48377,2,2022-11-09T01:00:00.000Z,FIPSCode,48377,0,2022-11-12T06:22:16.784Z,8,98.98,8,100,62962,1025,61.97,62492,550,33.25,63492,79,4.78,1671,99,1654,4047,8,8
1668234698,2022-11-12 00:31:38 -0600,57e187fe540885be52d1c01bc15d5e3e1844a3e0,TX,48377,2,2022-11-09T01:00:00.000Z,FIPSCode,48377,0,2022-11-12T06:22:16.784Z,8,98.98,8,100,62962,1025,61.97,62492,550,33.25,63492,79,4.78,1671,99,1654,4047,8,8
1668234742,2022-11-12 00:32:22 -0600,ec545a5307ac80451bf24a1cf6db911bf9b64cdb,TX,48377,2,2022-11-09T01:00:00.000Z,FIPSCode,48377,0,2022-11-12T06:22:16.784Z,8,98.98,8,100,62962,1025,61.97,62492,550,33.25,63492,79,4.78,1671,99,1654,4047,8,8
1668234785,2022-11-12 00:33:05 -0600,5e0c4884d0ab5565142c7583fcfdf980432fd061,TX,48377,2,2022-11-09T01:00:00.000Z,FIPSCode,48377,0,2022-11-12T06:22:16.784Z,8,98.98,8,100,62962,1025,61.97,62492,550,33.25,63492,79,4.78,1671,99,1654,4047,8,8
1668234826,2022-11-12 00:33:46 -0600,3a6a629fdf0242e4f230011d31e839df79680259,TX,48377,2,2022-11-09T01:00:00.000Z,FIPSCode,48377,0,2022-11-12T06:22:16.784Z,8,98.98,8,100,62962,1025,61.97,62492,550,33.25,63492,79,4.78,1671,99,1654,4047,8,8
1668234867,2022-11-12 00:34:27 -0600,730eabbb6efdd3de42febfe55aa9d8326d8cc508,TX,48377,2,2022-11-09T01:00:00.000Z,FIPSCode,48377,0,2022-11-12T06:22:16.784Z,8,98.98,8,100,62962,1025,61.97,62492,550,33.25,63492,79,4.78,1671,99,1654,4047,8,8
1668234908,2022-11-12 00:35:08 -0600,0eb8d6acb17bfad03bbbe367b2f65a73037f26d2,TX,48377,2,2022-11-09T01:00:00.000Z,FIPSCode,48377,0,2022-11-12T06:22:16.784Z,8,98.98,8,100,62962,1025,61.97,62492,550,33.25,63492,79,4.78,1671,99,1654,4047,8,8
1668234952,2022-11-12 00:35:52 -0600,770fe5f36c7cef2c7cfb50ea17fa484e951408e4,TX,48377,2,2022-11-09T01:00:00.000Z,FIPSCode,48377,0,2022-11-12T06:22:16.784Z,8,98.98,8,100,62962,1025,61.97,62492,550,33.25,63492,79,4.78,1671,99,1654,4047,8,8
1668234993,2022-11-12 00:36:33 -0600,b74f3b311948c8831b606741a4ba16ac0b689032,TX,48377,2,2022-11-09T01:00:00.000Z,FIPSCode,48377,0,2022-11-12T06:22:16.784Z,8,98.98,8,100,62962,1025,61.97,62492,550,33.25,63492,79,4.78,1671,99,1654,4047,8,8
1668235034,2022-11-12 00:37:14 -0600,b37f2ffd7cbbf61ef856ca3d90e58074d5c7292c,TX,48377,2,2022-11-09T01:00:00.000Z,FIPSCode,48377,0,2022-11-12T06:22:16.784Z,8,98.98,8,100,62962,1025,61.97,62492,550,33.25,63492,79,4.78,1671,99,1654,4047,8,8
1668235075,2022-11-12 00:37:55 -0600,18c8952e5fa2b5234a9ceb30c0472bb4ff846b96,TX,48377,2,2022-11-09T01:00:00.000Z,FIPSCode,48377,0,2022-11-12T06:37:16.783Z,8,98.98,8,100,62962,1025,61.97,62492,550,33.25,63492,79,4.78,1671,99,1654,4047,8,8
1668235115,2022-11-12 00:38:35 -0600,a834004596e09d38432f4ecc94f07e9f59d5c567,TX,48377,2,2022-11-09T01:00:00.000Z,FIPSCode,48377,0,2022-11-12T06:37:16.783Z,8,98.98,8,100,62962,1025,61.97,62492,550,33.25,63492,79,4.78,1671,99,1654,4047,8,8
1668235157,2022-11-12 00:39:17 -0600,ff7a6465ae3d66cfab2814a8bddf046b1e6f1be2,TX,48377,2,2022-11-09T01:00:00.000Z,FIPSCode,48377,0,2022-11-12T06:38:40.682Z,8,98.98,8,100,62962,1025,61.97,62492,550,33.25,63492,79,4.78,1671,99,1654,4047,8,8
1668235198,2022-11-12 00:39:58 -0600,ee79995a8b83d1c17313487025f2ecb004af5b4e,TX,48377,2,2022-11-09T01:00:00.000Z,FIPSCode,48377,0,2022-11-12T06:39:16.575Z,8,98.98,8,100,62962,1025,61.97,62492,550,33.25,63492,79,4.78,1671,99,1654,4047,8,8
1668235239,2022-11-12 00:40:39 -0600,9cde3be012527a2ad112adf0df3cb46edefa27ca,TX,48377,2,2022-11-09T01:00:00.000Z,FIPSCode,48377,0,2022-11-12T06:39:16.575Z,8,98.98,8,100,62962,1025,61.97,62492,550,33.25,63492,79,4.78,1671,99,1654,4047,8,8
1668235281,2022-11-12 00:41:21 -0600,7c721e6192929dd04d2d0fa0e2451dad70f6a155,TX,48377,2,2022-11-09T01:00:00.000Z,FIPSCode,48377,0,2022-11-12T06:39:16.575Z,8,98.98,8,100,62962,1025,61.97,62492,550,33.25,63492,79,4.78,1671,99,1654,4047,8,8
1668235323,2022-11-12 00:42:03 -0600,3b665d10daf6a239ad763b75600b8c8aaee001b0,TX,48377,2,2022-11-09T01:00:00.000Z,FIPSCode,48377,0,2022-11-12T06:39:16.575Z,8,98.98,8,100,62962,1025,61.97,62492,550,33.25,63492,79,4.78,1671,99,1654,4047,8,8
1668235364,2022-11-12 00:42:44 -0600,a9f67cf04412c8bcc18fdfbaf97d1735e9a3c432,TX,48377,2,2022-11-09T01:00:00.000Z,FIPSCode,48377,0,2022-11-12T06:39:16.575Z,8,98.98,8,100,62962,1025,61.97,62492,550,33.25,63492,79,4.78,1671,99,1654,4047,8,8
1668235407,2022-11-12 00:43:27 -0600,0fb9adade89a7c32ee4cc59362b4d878484a07de,TX,48377,2,2022-11-09T01:00:00.000Z,FIPSCode,48377,0,2022-11-12T06:39:16.575Z,8,98.98,8,100,62962,1025,61.97,62492,550,33.25,63492,79,4.78,1671,99,1654,4047,8,8
1668235447,2022-11-12 00:44:07 -0600,e046c51251ce822c67eb0d96e577e99de655c2d0,TX,48377,2,2022-11-09T01:00:00.000Z,FIPSCode,48377,0,2022-11-12T06:39:16.575Z,8,98.98,8,100,62962,1025,61.97,62492,550,33.25,63492,79,4.78,1671,99,1654,4047,8,8
1668235530,2022-11-12 00:45:30 -0600,879e7efb41baeea42843c226f8d23848d6b02f9f,TX,48377,2,2022-11-09T01:00:00.000Z,FIPSCode,48377,0,2022-11-12T06:39:16.575Z,8,98.98,8,100,62962,1025,61.97,62492,550,33.25,63492,79,4.78,1671,99,1654,4047,8,8
1668235571,2022-11-12 00:46:11 -0600,ec10b0cb5eccfc7d8a25e680a15603a767963da8,TX,48377,2,2022-11-09T01:00:00.000Z,FIPSCode,48377,0,2022-11-12T06:39:16.575Z,8,98.98,8,100,62962,1025,61.97,62492,550,33.25,63492,79,4.78,1671,99,1654,4047,8,8
1668235612,2022-11-12 00:46:52 -0600,b66aa4e418ea6423bf6110c0f799344a2ce37791,TX,48377,2,2022-11-09T01:00:00.000Z,FIPSCode,48377,0,2022-11-12T06:39:16.575Z,8,98.98,8,100,62962,1025,61.97,62492,550,33.25,63492,79,4.78,1671,99,1654,4047,8,8
1668235655,2022-11-12 00:47:35 -0600,bdb580ebcbe8c040b0dc5dd87245a75b14e3e309,TX,48377,2,2022-11-09T01:00:00.000Z,FIPSCode,48377,0,2022-11-12T06:39:16.575Z,8,98.98,8,100,62962,1025,61.97,62492,550,33.25,63492,79,4.78,1671,99,1654,4047,8,8
1668235695,2022-11-12 00:48:15 -0600,0946221fb26a9bda95d30aed6b742e27b3d0ba3a,TX,48377,2,2022-11-09T01:00:00.000Z,FIPSCode,48377,0,2022-11-12T06:39:16.575Z,8,98.98,8,100,62962,1025,61.97,62492,550,33.25,63492,79,4.78,1671,99,1654,4047,8,8
1668235736,2022-11-12 00:48:56 -0600,f8cc496bf092db605c8befb7f5f7cbb0272bba05,TX,48377,2,2022-11-09T01:00:00.000Z,FIPSCode,48377,0,2022-11-12T06:39:16.575Z,8,98.98,8,100,62962,1025,61.97,62492,550,33.25,63492,79,4.78,1671,99,1654,4047,8,8
1668235779,2022-11-12 00:49:39 -0600,0ed28296cebf527f23d13d3c8d16f3177cd8d9dd,TX,48377,2,2022-11-09T01:00:00.000Z,FIPSCode,48377,0,2022-11-12T06:39:16.575Z,8,98.98,8,100,62962,1025,61.97,62492,550,33.25,63492,79,4.78,1671,99,1654,4047,8,8
1668235820,2022-11-12 00:50:20 -0600,6915fb0af85a72a5d17d598913d3c1e58b546473,TX,48377,2,2022-11-09T01:00:00.000Z,FIPSCode,48377,0,2022-11-12T06:39:16.575Z,8,98.98,8,100,62962,1025,61.97,62492,550,33.25,63492,79,4.78,1671,99,1654,4047,8,8
1668235862,2022-11-12 00:51:02 -0600,a5abd28e328f7a130fa444984c667cc5b8808efe,TX,48377,2,2022-11-09T01:00:00.000Z,FIPSCode,48377,0,2022-11-12T06:39:16.575Z,8,98.98,8,100,62962,1025,61.97,62492,550,33.25,63492,79,4.78,1671,99,1654,4047,8,8
1668235903,2022-11-12 00:51:43 -0600,d3c3bdb04b8536a8d7fe25fff8eae89694f0ab16,TX,48377,2,2022-11-09T01:00:00.000Z,FIPSCode,48377,0,2022-11-12T06:39:16.575Z,8,98.98,8,100,62962,1025,61.97,62492,550,33.25,63492,79,4.78,1671,99,1654,4047,8,8
1668235985,2022-11-12 00:53:05 -0600,6b6eecc1271889fe71cd681f8d5326ab1a9814aa,TX,48377,2,2022-11-09T01:00:00.000Z,FIPSCode,48377,0,2022-11-12T06:39:16.575Z,8,98.98,8,100,62962,1025,61.97,62492,550,33.25,63492,79,4.78,1671,99,1654,4047,8,8
1668236029,2022-11-12 00:53:49 -0600,83c4a7f5665f32a44570bcc5e496b827bac9e341,TX,48377,2,2022-11-09T01:00:00.000Z,FIPSCode,48377,0,2022-11-12T06:39:16.575Z,8,98.98,8,100,62962,1025,61.97,62492,550,33.25,63492,79,4.78,1671,99,1654,4047,8,8
1668236112,2022-11-12 00:55:12 -0600,1f2a733d0c2db4f4964e0795f161cbb4a5f819df,TX,48377,2,2022-11-09T01:00:00.000Z,FIPSCode,48377,0,2022-11-12T06:39:16.575Z,8,98.98,8,100,62962,1025,61.97,62492,550,33.25,63492,79,4.78,1671,99,1654,4047,8,8
1668236153,2022-11-12 00:55:53 -0600,60876068b3892e78cadb6386d0716add2d6091c6,TX,48377,2,2022-11-09T01:00:00.000Z,FIPSCode,48377,0,2022-11-12T06:39:16.575Z,8,98.98,8,100,62962,1025,61.97,62492,550,33.25,63492,79,4.78,1671,99,1654,4047,8,8
1668236236,2022-11-12 00:57:16 -0600,77cef868fd7c0c862ac696ae8f75c03ff837f7bf,TX,48377,2,2022-11-09T01:00:00.000Z,FIPSCode,48377,0,2022-11-12T06:39:16.575Z,8,98.98,8,100,62962,1025,61.97,62492,550,33.25,63492,79,4.78,1671,99,1654,4047,8,8
1668236278,2022-11-12 00:57:58 -0600,2448fc4b459449b4e1d42f3c8d642b428cc2c84a,TX,48377,2,2022-11-09T01:00:00.000Z,FIPSCode,48377,0,2022-11-12T06:39:16.575Z,8,98.98,8,100,62962,1025,61.97,62492,550,33.25,63492,79,4.78,1671,99,1654,4047,8,8
1668236320,2022-11-12 00:58:40 -0600,df62b93b66ffd929e59cd6d34821adc128b52403,TX,48377,2,2022-11-09T01:00:00.000Z,FIPSCode,48377,0,2022-11-12T06:39:16.575Z,8,98.98,8,100,62962,1025,61.97,62492,550,33.25,63492,79,4.78,1671,99,1654,4047,8,8
1668236362,2022-11-12 00:59:22 -0600,a2d6da7a0191e2fabec33b0c485a85001507aed9,TX,48377,2,2022-11-09T01:00:00.000Z,FIPSCode,48377,0,2022-11-12T06:39:16.575Z,8,98.98,8,100,62962,1025,61.97,62492,550,33.25,63492,79,4.78,1671,99,1654,4047,8,8
1668236404,2022-11-12 01:00:04 -0600,4560898c374a0abe40b592cffdb46628e2a9cf07,TX,48377,2,2022-11-09T01:00:00.000Z,FIPSCode,48377,0,2022-11-12T06:39:16.575Z,8,98.98,8,100,62962,1025,61.97,62492,550,33.25,63492,79,4.78,1671,99,1654,4047,8,8
1668236445,2022-11-12 01:00:45 -0600,f20db74c9baac441f02cfda55abce9aa2835a118,TX,48377,2,2022-11-09T01:00:00.000Z,FIPSCode,48377,0,2022-11-12T06:39:16.575Z,8,98.98,8,100,62962,1025,61.97,62492,550,33.25,63492,79,4.78,1671,99,1654,4047,8,8
1668236486,2022-11-12 01:01:26 -0600,4579b6eaa3d22c9751291339b272c3361ea6f786,TX,48377,2,2022-11-09T01:00:00.000Z,FIPSCode,48377,0,2022-11-12T06:39:16.575Z,8,98.98,8,100,62962,1025,61.97,62492,550,33.25,63492,79,4.78,1671,99,1654,4047,8,8
1668236527,2022-11-12 01:02:07 -0600,b3d4e5bcef71fb3081bcd32bc1c7f5e3dd612487,TX,48377,2,2022-11-09T01:00:00.000Z,FIPSCode,48377,0,2022-11-12T06:39:16.575Z,8,98.98,8,100,62962,1025,61.97,62492,550,33.25,63492,79,4.78,1671,99,1654,4047,8,8
1668236569,2022-11-12 01:02:49 -0600,7e91e5db933116330f29293e5e86c84563877613,TX,48377,2,2022-11-09T01:00:00.000Z,FIPSCode,48377,0,2022-11-12T06:39:16.575Z,8,98.98,8,100,62962,1025,61.97,62492,550,33.25,63492,79,4.78,1671,99,1654,4047,8,8
1668236609,2022-11-12 01:03:29 -0600,a2431261294dbd291e64dd446564a6c32b371817,TX,48377,2,2022-11-09T01:00:00.000Z,FIPSCode,48377,0,2022-11-12T06:39:16.575Z,8,98.98,8,100,62962,1025,61.97,62492,550,33.25,63492,79,4.78,1671,99,1654,4047,8,8
1668236651,2022-11-12 01:04:11 -0600,b1469f2396f935cd63b356d65ff4b1c9748c0930,TX,48377,2,2022-11-09T01:00:00.000Z,FIPSCode,48377,0,2022-11-12T06:39:16.575Z,8,98.98,8,100,62962,1025,61.97,62492,550,33.25,63492,79,4.78,1671,99,1654,4047,8,8
1668236692,2022-11-12 01:04:52 -0600,26950e85b11d044c004bf62ec3c5f12705c2589a,TX,48377,2,2022-11-09T01:00:00.000Z,FIPSCode,48377,0,2022-11-12T06:39:16.575Z,8,98.98,8,100,62962,1025,61.97,62492,550,33.25,63492,79,4.78,1671,99,1654,4047,8,8
1668236775,2022-11-12 01:06:15 -0600,b373b7e3455f642c81f691529bc12d11b8800e8e,TX,48377,2,2022-11-09T01:00:00.000Z,FIPSCode,48377,0,2022-11-12T06:39:16.575Z,8,98.98,8,100,62962,1025,61.97,62492,550,33.25,63492,79,4.78,1671,99,1654,4047,8,8
1668236815,2022-11-12 01:06:55 -0600,791f0aaa29faa4018f3f931ff3206e407ef0925a,TX,48377,2,2022-11-09T01:00:00.000Z,FIPSCode,48377,0,2022-11-12T06:39:16.575Z,8,98.98,8,100,62962,1025,61.97,62492,550,33.25,63492,79,4.78,1671,99,1654,4047,8,8
1668236856,2022-11-12 01:07:36 -0600,3dd245877f40701aa30dedd6fef77e3dc4523392,TX,48377,2,2022-11-09T01:00:00.000Z,FIPSCode,48377,0,2022-11-12T06:39:16.575Z,8,98.98,8,100,62962,1025,61.97,62492,550,33.25,63492,79,4.78,1671,99,1654,4047,8,8
1668236978,2022-11-12 01:09:38 -0600,8dcb0b0003f42cd7aba7f8cf433c49162cce6100,TX,48377,2,2022-11-09T01:00:00.000Z,FIPSCode,48377,0,2022-11-12T06:39:16.575Z,8,98.98,8,100,62962,1025,61.97,62492,550,33.25,63492,79,4.78,1671,99,1654,4047,8,8
1668237020,2022-11-12 01:10:20 -0600,67a2ba4764647706d6e18c546f28d8243bd0e120,TX,48377,2,2022-11-09T01:00:00.000Z,FIPSCode,48377,0,2022-11-12T07:09:35.000Z,8,98.98,8,100,62962,1025,61.97,62492,550,33.25,63492,79,4.78,1671,99,1654,4047,8,8
1668237061,2022-11-12 01:11:01 -0600,e8e98a1712e9fe30d0c6e1dd4dfcb2a74d818856,TX,48377,2,2022-11-09T01:00:00.000Z,FIPSCode,48377,0,2022-11-12T07:10:16.098Z,8,98.98,8,100,62962,1025,61.97,62492,550,33.25,63492,79,4.78,1671,99,1654,4047,8,8
1668237102,2022-11-12 01:11:42 -0600,61e01b898c598ad45ead97ca2bd62a414a0b1f50,TX,48377,2,2022-11-09T01:00:00.000Z,FIPSCode,48377,0,2022-11-12T07:11:16.354Z,8,98.98,8,100,62962,1025,61.97,62492,550,33.25,63492,79,4.78,1671,99,1654,4047,8,8
1668237144,2022-11-12 01:12:24 -0600,bbca457494e85370bd8aaa2a374d69f2f6047df3,TX,48377,2,2022-11-09T01:00:00.000Z,FIPSCode,48377,0,2022-11-12T07:11:16.354Z,8,98.98,8,100,62962,1025,61.97,62492,550,33.25,63492,79,4.78,1671,99,1654,4047,8,8
1668237185,2022-11-12 01:13:05 -0600,2c339cd9f4a0f389e68ca69581a65b96c80c746b,TX,48377,2,2022-11-09T01:00:00.000Z,FIPSCode,48377,0,2022-11-12T07:11:16.354Z,8,98.98,8,100,62962,1025,61.97,62492,550,33.25,63492,79,4.78,1671,99,1654,4047,8,8
1668237225,2022-11-12 01:13:45 -0600,4fe3cadab5d01ae61d0be70c7e844fb4edad24e6,TX,48377,2,2022-11-09T01:00:00.000Z,FIPSCode,48377,0,2022-11-12T07:11:16.354Z,8,98.98,8,100,62962,1025,61.97,62492,550,33.25,63492,79,4.78,1671,99,1654,4047,8,8
1668237266,2022-11-12 01:14:26 -0600,fe5cb2a391e4be500246bca14af0e9a24812f6cb,TX,48377,2,2022-11-09T01:00:00.000Z,FIPSCode,48377,0,2022-11-12T07:11:16.354Z,8,98.98,8,100,62962,1025,61.97,62492,550,33.25,63492,79,4.78,1671,99,1654,4047,8,8
1668237306,2022-11-12 01:15:06 -0600,41a13335feacb66b6c8973ee6fe651463698f147,TX,48377,2,2022-11-09T01:00:00.000Z,FIPSCode,48377,0,2022-11-12T07:14:17.424Z,8,98.98,8,100,62962,1025,61.97,62492,550,33.25,63492,79,4.78,1671,99,1654,4047,8,8
1668237348,2022-11-12 01:15:48 -0600,6ee18c41c8aeb8a14e00cb6cc7e638f35995edb3,TX,48377,2,2022-11-09T01:00:00.000Z,FIPSCode,48377,0,2022-11-12T07:14:17.424Z,8,98.98,8,100,62962,1025,61.97,62492,550,33.25,63492,79,4.78,1671,99,1654,4047,8,8
1668237389,2022-11-12 01:16:29 -0600,f6cf110fd4639c7b8a9b84443c508d8beabd6ead,TX,48377,2,2022-11-09T01:00:00.000Z,FIPSCode,48377,0,2022-11-12T07:15:37.078Z,8,98.98,8,100,62962,1025,61.97,62492,550,33.25,63492,79,4.78,1671,99,1654,4047,8,8
1668237430,2022-11-12 01:17:10 -0600,0361e4c4460fcc5f49c1bfd383be5fbf440ac59e,TX,48377,2,2022-11-09T01:00:00.000Z,FIPSCode,48377,0,2022-11-12T07:16:38.332Z,8,98.98,8,100,62962,1025,61.97,62492,550,33.25,63492,79,4.78,1671,99,1654,4047,8,8
1668237473,2022-11-12 01:17:53 -0600,fcc57e19974d5d7c28879dd3343bfabb3acd16c1,TX,48377,2,2022-11-09T01:00:00.000Z,FIPSCode,48377,0,2022-11-12T07:17:16.803Z,8,98.98,8,100,62962,1025,61.97,62492,550,33.25,63492,79,4.78,1671,99,1654,4047,8,8
1668237515,2022-11-12 01:18:35 -0600,ed66f2a405cda47f61e473f52112fab44d6f7b74,TX,48377,2,2022-11-09T01:00:00.000Z,FIPSCode,48377,0,2022-11-12T07:17:16.803Z,8,98.98,8,100,62962,1025,61.97,62492,550,33.25,63492,79,4.78,1671,99,1654,4047,8,8
1668237556,2022-11-12 01:19:16 -0600,4dee25ac71799b1c186d8b8c0f1e425dd9fd0f54,TX,48377,2,2022-11-09T01:00:00.000Z,FIPSCode,48377,0,2022-11-12T07:17:16.803Z,8,98.98,8,100,62962,1025,61.97,62492,550,33.25,63492,79,4.78,1671,99,1654,4047,8,8
1668237598,2022-11-12 01:19:58 -0600,619d7327934e17c5010a730675592423f5e83729,TX,48377,2,2022-11-09T01:00:00.000Z,FIPSCode,48377,0,2022-11-12T07:17:16.803Z,8,98.98,8,100,62962,1025,61.97,62492,550,33.25,63492,79,4.78,1671,99,1654,4047,8,8
1668237638,2022-11-12 01:20:38 -0600,4e822ea41f736f8dab04c22ae268719866b4f98a,TX,48377,2,2022-11-09T01:00:00.000Z,FIPSCode,48377,0,2022-11-12T07:17:16.803Z,8,98.98,8,100,62962,1025,61.97,62492,550,33.25,63492,79,4.78,1671,99,1654,4047,8,8
1668237679,2022-11-12 01:21:19 -0600,99d1c7dd1da8566f21a3c83820df3de228ca8400,TX,48377,2,2022-11-09T01:00:00.000Z,FIPSCode,48377,0,2022-11-12T07:17:16.803Z,8,98.98,8,100,62962,1025,61.97,62492,550,33.25,63492,79,4.78,1671,99,1654,4047,8,8
1668237720,2022-11-12 01:22:00 -0600,61c723cda137c400a5d99334aca1443c7bafc88a,TX,48377,2,2022-11-09T01:00:00.000Z,FIPSCode,48377,0,2022-11-12T07:17:16.803Z,8,98.98,8,100,62962,1025,61.97,62492,550,33.25,63492,79,4.78,1671,99,1654,4047,8,8
1668237761,2022-11-12 01:22:41 -0600,015a4ed182860a3ac84757fc9b08cb3dfa1c4980,TX,48377,2,2022-11-09T01:00:00.000Z,FIPSCode,48377,0,2022-11-12T07:22:15.610Z,8,98.98,8,100,62962,1025,61.97,62492,550,33.25,63492,79,4.78,1671,99,1654,4047,8,8
1668237802,2022-11-12 01:23:22 -0600,f112ec3b694ed2281dd576fe44c5fcd248eee0b9,TX,48377,2,2022-11-09T01:00:00.000Z,FIPSCode,48377,0,2022-11-12T07:22:15.610Z,8,98.98,8,100,62962,1025,61.97,62492,550,33.25,63492,79,4.78,1671,99,1654,4047,8,8
1668237842,2022-11-12 01:24:02 -0600,074c3a004b6b35ffc7ba10b8a836d6c496e0a5ee,TX,48377,2,2022-11-09T01:00:00.000Z,FIPSCode,48377,0,2022-11-12T07:22:15.610Z,8,98.98,8,100,62962,1025,61.97,62492,550,33.25,63492,79,4.78,1671,99,1654,4047,8,8
1668237882,2022-11-12 01:24:42 -0600,93c9cb52ddef359f9833ab9e194bbb4d7ab05759,TX,48377,2,2022-11-09T01:00:00.000Z,FIPSCode,48377,0,2022-11-12T07:23:56.104Z,8,98.98,8,100,62962,1025,61.97,62492,550,33.25,63492,79,4.78,1671,99,1654,4047,8,8
1668237922,2022-11-12 01:25:22 -0600,61188c3b9610793cdfa03fac8aa56e196ff0694c,TX,48377,2,2022-11-09T01:00:00.000Z,FIPSCode,48377,0,2022-11-12T07:24:37.986Z,8,98.98,8,100,62962,1025,61.97,62492,550,33.25,63492,79,4.78,1671,99,1654,4047,8,8
1668237962,2022-11-12 01:26:02 -0600,3f8e9fc71d3a5d4ceb1d926fafa480b4a5271dce,TX,48377,2,2022-11-09T01:00:00.000Z,FIPSCode,48377,0,2022-11-12T07:24:37.986Z,8,98.98,8,100,62962,1025,61.97,62492,550,33.25,63492,79,4.78,1671,99,1654,4047,8,8
1668238004,2022-11-12 01:26:44 -0600,c193c8aacaaaeabb09c62348c124e9e24dd48053,TX,48377,2,2022-11-09T01:00:00.000Z,FIPSCode,48377,0,2022-11-12T07:24:37.986Z,8,98.98,8,100,62962,1025,61.97,62492,550,33.25,63492,79,4.78,1671,99,1654,4047,8,8
1668238045,2022-11-12 01:27:25 -0600,04c7fdb0e9235d91988752368841b22c967aa551,TX,48377,2,2022-11-09T01:00:00.000Z,FIPSCode,48377,0,2022-11-12T07:24:37.986Z,8,98.98,8,100,62962,1025,61.97,62492,550,33.25,63492,79,4.78,1671,99,1654,4047,8,8
1668238086,2022-11-12 01:28:06 -0600,44a522740d90fd518ab9f424648307bf2b01346d,TX,48377,2,2022-11-09T01:00:00.000Z,FIPSCode,48377,0,2022-11-12T07:24:37.986Z,8,98.98,8,100,62962,1025,61.97,62492,550,33.25,63492,79,4.78,1671,99,1654,4047,8,8
1668238127,2022-11-12 01:28:47 -0600,a09e6c826ecf17509d0565b250309eaea73f2f0e,TX,48377,2,2022-11-09T01:00:00.000Z,FIPSCode,48377,0,2022-11-12T07:24:37.986Z,8,98.98,8,100,62962,1025,61.97,62492,550,33.25,63492,79,4.78,1671,99,1654,4047,8,8
1668238167,2022-11-12 01:29:27 -0600,f9ab3dd4208d02a06d7fcd93c64b7cc3dad5702f,TX,48377,2,2022-11-09T01:00:00.000Z,FIPSCode,48377,0,2022-11-12T07:24:37.986Z,8,98.98,8,100,62962,1025,61.97,62492,550,33.25,63492,79,4.78,1671,99,1654,4047,8,8
1668238209,2022-11-12 01:30:09 -0600,c1376c541aa1589adc9d491a5ade8a4e075862b1,TX,48377,2,2022-11-09T01:00:00.000Z,FIPSCode,48377,0,2022-11-12T07:24:37.986Z,8,98.98,8,100,62962,1025,61.97,62492,550,33.25,63492,79,4.78,1671,99,1654,4047,8,8
1668238251,2022-11-12 01:30:51 -0600,09e8591647698dcaa06ac8f53c2956fa7d402a75,TX,48377,2,2022-11-09T01:00:00.000Z,FIPSCode,48377,0,2022-11-12T07:24:37.986Z,8,98.98,8,100,62962,1025,61.97,62492,550,33.25,63492,79,4.78,1671,99,1654,4047,8,8
1668238292,2022-11-12 01:31:32 -0600,795fbf297608725cf8807d262b55a3ee0c99d571,TX,48377,2,2022-11-09T01:00:00.000Z,FIPSCode,48377,0,2022-11-12T07:24:37.986Z,8,98.98,8,100,62962,1025,61.97,62492,550,33.25,63492,79,4.78,1671,99,1654,4047,8,8
1668238333,2022-11-12 01:32:13 -0600,453062b94a34ef1921cde457b72bf8d0913209d3,TX,48377,2,2022-11-09T01:00:00.000Z,FIPSCode,48377,0,2022-11-12T07:24:37.986Z,8,98.98,8,100,62962,1025,61.97,62492,550,33.25,63492,79,4.78,1671,99,1654,4047,8,8
1668238375,2022-11-12 01:32:55 -0600,85eb6ada730d960f8c95e7d5b25bd1d5eb329487,TX,48377,2,2022-11-09T01:00:00.000Z,FIPSCode,48377,0,2022-11-12T07:24:37.986Z,8,98.98,8,100,62962,1025,61.97,62492,550,33.25,63492,79,4.78,1671,99,1654,4047,8,8
1668238416,2022-11-12 01:33:36 -0600,17e2f15321a8dd879f1bc9e445884b726a6f3083,TX,48377,2,2022-11-09T01:00:00.000Z,FIPSCode,48377,0,2022-11-12T07:24:37.986Z,8,98.98,8,100,62962,1025,61.97,62492,550,33.25,63492,79,4.78,1671,99,1654,4047,8,8
1668238457,2022-11-12 01:34:17 -0600,bb5b13e0bc6fbfba1d8274f75928386230eaa1c6,TX,48377,2,2022-11-09T01:00:00.000Z,FIPSCode,48377,0,2022-11-12T07:33:38.293Z,8,98.98,8,100,62962,1025,61.97,62492,550,33.25,63492,79,4.78,1671,99,1654,4047,8,8
1668238499,2022-11-12 01:34:59 -0600,a1f9a91d6c308d141c8d5f108d281cac2923fb55,TX,48377,2,2022-11-09T01:00:00.000Z,FIPSCode,48377,0,2022-11-12T07:34:16.723Z,8,98.98,8,100,62962,1025,61.97,62492,550,33.25,63492,79,4.78,1671,99,1654,4047,8,8
1668238541,2022-11-12 01:35:41 -0600,71963197cd175fb14b2876f414969e2f8f96761a,TX,48377,2,2022-11-09T01:00:00.000Z,FIPSCode,48377,0,2022-11-12T07:35:18.194Z,8,98.98,8,100,62962,1025,61.97,62492,550,33.25,63492,79,4.78,1671,99,1654,4047,8,8
1668238582,2022-11-12 01:36:22 -0600,0d27d5018847d4e7eb4c5a9e2e3330bfc9d1a1dc,TX,48377,2,2022-11-09T01:00:00.000Z,FIPSCode,48377,0,2022-11-12T07:35:18.194Z,8,98.98,8,100,62962,1025,61.97,62492,550,33.25,63492,79,4.78,1671,99,1654,4047,8,8
1668238622,2022-11-12 01:37:02 -0600,e532945392007e1e94c41e4b3916b92325f978b8,TX,48377,2,2022-11-09T01:00:00.000Z,FIPSCode,48377,0,2022-11-12T07:36:37.518Z,8,98.98,8,100,62962,1025,61.97,62492,550,33.25,63492,79,4.78,1671,99,1654,4047,8,8
1668238663,2022-11-12 01:37:43 -0600,ea72cf11363b594589866b92e12cefb0464038a1,TX,48377,2,2022-11-09T01:00:00.000Z,FIPSCode,48377,0,2022-11-12T07:36:37.518Z,8,98.98,8,100,62962,1025,61.97,62492,550,33.25,63492,79,4.78,1671,99,1654,4047,8,8
1668238703,2022-11-12 01:38:23 -0600,ac66e1c119ce24c2d4666e2efc94d3c6c5b7f39e,TX,48377,2,2022-11-09T01:00:00.000Z,FIPSCode,48377,0,2022-11-12T07:36:37.518Z,8,98.98,8,100,62962,1025,61.97,62492,550,33.25,63492,79,4.78,1671,99,1654,4047,8,8
1668238744,2022-11-12 01:39:04 -0600,4652f94c3ccd375bd9698e8263969910a3343778,TX,48377,2,2022-11-09T01:00:00.000Z,FIPSCode,48377,0,2022-11-12T07:36:37.518Z,8,98.98,8,100,62962,1025,61.97,62492,550,33.25,63492,79,4.78,1671,99,1654,4047,8,8
1668238786,2022-11-12 01:39:46 -0600,dccdb22eb69eae0cc4423a3f1aeb4ac04a8d822c,TX,48377,2,2022-11-09T01:00:00.000Z,FIPSCode,48377,0,2022-11-12T07:36:37.518Z,8,98.98,8,100,62962,1025,61.97,62492,550,33.25,63492,79,4.78,1671,99,1654,4047,8,8
1668238869,2022-11-12 01:41:09 -0600,6a8ab2bf8bbdb8464699fdedede83bad1237cff9,TX,48377,2,2022-11-09T01:00:00.000Z,FIPSCode,48377,0,2022-11-12T07:36:37.518Z,8,98.98,8,100,62962,1025,61.97,62492,550,33.25,63492,79,4.78,1671,99,1654,4047,8,8
1668238910,2022-11-12 01:41:50 -0600,ed6404ad2e0cf80f12953ec97a96deb447c47ee4,TX,48377,2,2022-11-09T01:00:00.000Z,FIPSCode,48377,0,2022-11-12T07:36:37.518Z,8,98.98,8,100,62962,1025,61.97,62492,550,33.25,63492,79,4.78,1671,99,1654,4047,8,8
1668238955,2022-11-12 01:42:35 -0600,d5e955535ab9e14069685cbd98bfa4ebf34ce982,TX,48377,2,2022-11-09T01:00:00.000Z,FIPSCode,48377,0,2022-11-12T07:36:37.518Z,8,98.98,8,100,62962,1025,61.97,62492,550,33.25,63492,79,4.78,1671,99,1654,4047,8,8
1668238995,2022-11-12 01:43:15 -0600,be263af91e90fa5e8878e707ae80260f177132a1,TX,48377,2,2022-11-09T01:00:00.000Z,FIPSCode,48377,0,2022-11-12T07:36:37.518Z,8,98.98,8,100,62962,1025,61.97,62492,550,33.25,63492,79,4.78,1671,99,1654,4047,8,8
1668239036,2022-11-12 01:43:56 -0600,dc64195c9e4821e02e39cb5a7f42de9615e6987e,TX,48377,2,2022-11-09T01:00:00.000Z,FIPSCode,48377,0,2022-11-12T07:36:37.518Z,8,98.98,8,100,62962,1025,61.97,62492,550,33.25,63492,79,4.78,1671,99,1654,4047,8,8
1668239077,2022-11-12 01:44:37 -0600,6129671cd7c447a0e5e694b4624822e7f0d559c1,TX,48377,2,2022-11-09T01:00:00.000Z,FIPSCode,48377,0,2022-11-12T07:36:37.518Z,8,98.98,8,100,62962,1025,61.97,62492,550,33.25,63492,79,4.78,1671,99,1654,4047,8,8
1668239158,2022-11-12 01:45:58 -0600,0c6371cc62094cd408f3da6a0a996bfa5a581ab6,TX,48377,2,2022-11-09T01:00:00.000Z,FIPSCode,48377,0,2022-11-12T07:36:37.518Z,8,98.98,8,100,62962,1025,61.97,62492,550,33.25,63492,79,4.78,1671,99,1654,4047,8,8
1668239198,2022-11-12 01:46:38 -0600,e96b40bb3cbf59809a2b60185e763c7dbae5abcb,TX,48377,2,2022-11-09T01:00:00.000Z,FIPSCode,48377,0,2022-11-12T07:36:37.518Z,8,98.98,8,100,62962,1025,61.97,62492,550,33.25,63492,79,4.78,1671,99,1654,4047,8,8
1668239238,2022-11-12 01:47:18 -0600,0350afd070bab571848bf0f263ddd96201b058fa,TX,48377,2,2022-11-09T01:00:00.000Z,FIPSCode,48377,0,2022-11-12T07:36:37.518Z,8,98.98,8,100,62962,1025,61.97,62492,550,33.25,63492,79,4.78,1671,99,1654,4047,8,8
1668239279,2022-11-12 01:47:59 -0600,303ca96cd148bb2820587575866e4f821b4ae04b,TX,48377,2,2022-11-09T01:00:00.000Z,FIPSCode,48377,0,2022-11-12T07:36:37.518Z,8,98.98,8,100,62962,1025,61.97,62492,550,33.25,63492,79,4.78,1671,99,1654,4047,8,8
1668239361,2022-11-12 01:49:21 -0600,398eb37469fc6d4b3107196722cd2f9d2b067734,TX,48377,2,2022-11-09T01:00:00.000Z,FIPSCode,48377,0,2022-11-12T07:36:37.518Z,8,98.98,8,100,62962,1025,61.97,62492,550,33.25,63492,79,4.78,1671,99,1654,4047,8,8
1668239401,2022-11-12 01:50:01 -0600,baaefb048051b5afea3e3df00874e87366cc36d1,TX,48377,2,2022-11-09T01:00:00.000Z,FIPSCode,48377,0,2022-11-12T07:36:37.518Z,8,98.98,8,100,62962,1025,61.97,62492,550,33.25,63492,79,4.78,1671,99,1654,4047,8,8
1668239484,2022-11-12 01:51:24 -0600,c686c90f84f371a5e7645f3a5082e9c29db04862,TX,48377,2,2022-11-09T01:00:00.000Z,FIPSCode,48377,0,2022-11-12T07:36:37.518Z,8,98.98,8,100,62962,1025,61.97,62492,550,33.25,63492,79,4.78,1671,99,1654,4047,8,8
1668239525,2022-11-12 01:52:05 -0600,afb1e3690b0ec677bc03ba7572a5126576df3f1e,TX,48377,2,2022-11-09T01:00:00.000Z,FIPSCode,48377,0,2022-11-12T07:36:37.518Z,8,98.98,8,100,62962,1025,61.97,62492,550,33.25,63492,79,4.78,1671,99,1654,4047,8,8
1668239566,2022-11-12 01:52:46 -0600,b2dd1ada0e971bd4accdce3a2cd8e19f72ea100f,TX,48377,2,2022-11-09T01:00:00.000Z,FIPSCode,48377,0,2022-11-12T07:36:37.518Z,8,98.98,8,100,62962,1025,61.97,62492,550,33.25,63492,79,4.78,1671,99,1654,4047,8,8
1668239609,2022-11-12 01:53:29 -0600,c9379a6d01dc8d9e71e46ce42eca9b0ce3671aa0,TX,48377,2,2022-11-09T01:00:00.000Z,FIPSCode,48377,0,2022-11-12T07:36:37.518Z,8,98.98,8,100,62962,1025,61.97,62492,550,33.25,63492,79,4.78,1671,99,1654,4047,8,8
1668239650,2022-11-12 01:54:10 -0600,2dd6790109fe8cb70192aacb9cdccad7de45b672,TX,48377,2,2022-11-09T01:00:00.000Z,FIPSCode,48377,0,2022-11-12T07:36:37.518Z,8,98.98,8,100,62962,1025,61.97,62492,550,33.25,63492,79,4.78,1671,99,1654,4047,8,8
1668239692,2022-11-12 01:54:52 -0600,291eabd5934c518d85740ff07c524a2ddcc0a21f,TX,48377,2,2022-11-09T01:00:00.000Z,FIPSCode,48377,0,2022-11-12T07:36:37.518Z,8,98.98,8,100,62962,1025,61.97,62492,550,33.25,63492,79,4.78,1671,99,1654,4047,8,8
1668239733,2022-11-12 01:55:33 -0600,74d2f189d5320c7b19079bb942a82d6076212356,TX,48377,2,2022-11-09T01:00:00.000Z,FIPSCode,48377,0,2022-11-12T07:36:37.518Z,8,98.98,8,100,62962,1025,61.97,62492,550,33.25,63492,79,4.78,1671,99,1654,4047,8,8
1668239816,2022-11-12 01:56:56 -0600,049468a0d0ba20f8e656163ea616300cc973072d,TX,48377,2,2022-11-09T01:00:00.000Z,FIPSCode,48377,0,2022-11-12T07:36:37.518Z,8,98.98,8,100,62962,1025,61.97,62492,550,33.25,63492,79,4.78,1671,99,1654,4047,8,8
1668239901,2022-11-12 01:58:21 -0600,4aaadaeeb0fc10f782ea6ac5cd07bec437aa86e9,TX,48377,2,2022-11-09T01:00:00.000Z,FIPSCode,48377,0,2022-11-12T07:36:37.518Z,8,98.98,8,100,62962,1025,61.97,62492,550,33.25,63492,79,4.78,1671,99,1654,4047,8,8
1668239942,2022-11-12 01:59:02 -0600,b4463491cc1945ba46d451504fbfbc99dadf327f,TX,48377,2,2022-11-09T01:00:00.000Z,FIPSCode,48377,0,2022-11-12T07:36:37.518Z,8,98.98,8,100,62962,1025,61.97,62492,550,33.25,63492,79,4.78,1671,99,1654,4047,8,8
1668240107,2022-11-12 02:01:47 -0600,037c7908aba19f8a99713eb7be62419fcccbbca8,TX,48377,2,2022-11-09T01:00:00.000Z,FIPSCode,48377,0,2022-11-12T07:36:37.518Z,8,98.98,8,100,62962,1025,61.97,62492,550,33.25,63492,79,4.78,1671,99,1654,4047,8,8
1668240148,2022-11-12 02:02:28 -0600,a281bdb1ccb281eea4426876c503e1d82bff0e4d,TX,48377,2,2022-11-09T01:00:00.000Z,FIPSCode,48377,0,2022-11-12T07:36:37.518Z,8,98.98,8,100,62962,1025,61.97,62492,550,33.25,63492,79,4.78,1671,99,1654,4047,8,8
1668240191,2022-11-12 02:03:11 -0600,62b75faf6618fb06aa06424619ee1aad83cc3ae4,TX,48377,2,2022-11-09T01:00:00.000Z,FIPSCode,48377,0,2022-11-12T07:36:37.518Z,8,98.98,8,100,62962,1025,61.97,62492,550,33.25,63492,79,4.78,1671,99,1654,4047,8,8
1668240234,2022-11-12 02:03:54 -0600,426c5998d3d07a07a719bb16eaac1bc0906b1ce1,TX,48377,2,2022-11-09T01:00:00.000Z,FIPSCode,48377,0,2022-11-12T07:36:37.518Z,8,98.98,8,100,62962,1025,61.97,62492,550,33.25,63492,79,4.78,1671,99,1654,4047,8,8
1668240275,2022-11-12 02:04:35 -0600,9b7ee1cce7656181ac0f32443d8ce00408402148,TX,48377,2,2022-11-09T01:00:00.000Z,FIPSCode,48377,0,2022-11-12T07:36:37.518Z,8,98.98,8,100,62962,1025,61.97,62492,550,33.25,63492,79,4.78,1671,99,1654,4047,8,8
1668240317,2022-11-12 02:05:17 -0600,f1d070f782b6c1de93e6e3fb55e60a030641964e,TX,48377,2,2022-11-09T01:00:00.000Z,FIPSCode,48377,0,2022-11-12T07:36:37.518Z,8,98.98,8,100,62962,1025,61.97,62492,550,33.25,63492,79,4.78,1671,99,1654,4047,8,8
1668240358,2022-11-12 02:05:58 -0600,6dc8fbe6982bf2eec234b60019c543bce0d46037,TX,48377,2,2022-11-09T01:00:00.000Z,FIPSCode,48377,0,2022-11-12T07:36:37.518Z,8,98.98,8,100,62962,1025,61.97,62492,550,33.25,63492,79,4.78,1671,99,1654,4047,8,8
1668240399,2022-11-12 02:06:39 -0600,73f2f22ae6c78a85055b80869d46fbcb39123c4d,TX,48377,2,2022-11-09T01:00:00.000Z,FIPSCode,48377,0,2022-11-12T07:36:37.518Z,8,98.98,8,100,62962,1025,61.97,62492,550,33.25,63492,79,4.78,1671,99,1654,4047,8,8
1668240442,2022-11-12 02:07:22 -0600,4561a32fd42b974979201f9d4c3b990e4d91a40f,TX,48377,2,2022-11-09T01:00:00.000Z,FIPSCode,48377,0,2022-11-12T07:36:37.518Z,8,98.98,8,100,62962,1025,61.97,62492,550,33.25,63492,79,4.78,1671,99,1654,4047,8,8
1668240484,2022-11-12 02:08:04 -0600,1516119b824bb0adbfec6bb367152fbb195a8fbc,TX,48377,2,2022-11-09T01:00:00.000Z,FIPSCode,48377,0,2022-11-12T07:36:37.518Z,8,98.98,8,100,62962,1025,61.97,62492,550,33.25,63492,79,4.78,1671,99,1654,4047,8,8
1668240610,2022-11-12 02:10:10 -0600,9260c92135d9f9862aa4051d34ce57f5d8c46a56,TX,48377,2,2022-11-09T01:00:00.000Z,FIPSCode,48377,0,2022-11-12T07:36:37.518Z,8,98.98,8,100,62962,1025,61.97,62492,550,33.25,63492,79,4.78,1671,99,1654,4047,8,8
1668240652,2022-11-12 02:10:52 -0600,3c2943c43d469f99d2df34b361e48b1d01821e44,TX,48377,2,2022-11-09T01:00:00.000Z,FIPSCode,48377,0,2022-11-12T07:36:37.518Z,8,98.98,8,100,62962,1025,61.97,62492,550,33.25,63492,79,4.78,1671,99,1654,4047,8,8
1668240736,2022-11-12 02:12:16 -0600,0df828059f5d77c2338de89e907073df22d20796,TX,48377,2,2022-11-09T01:00:00.000Z,FIPSCode,48377,0,2022-11-12T07:36:37.518Z,8,98.98,8,100,62962,1025,61.97,62492,550,33.25,63492,79,4.78,1671,99,1654,4047,8,8
1668240778,2022-11-12 02:12:58 -0600,eaae580c58cd611547dc362823b8ac106f418b3c,TX,48377,2,2022-11-09T01:00:00.000Z,FIPSCode,48377,0,2022-11-12T07:36:37.518Z,8,98.98,8,100,62962,1025,61.97,62492,550,33.25,63492,79,4.78,1671,99,1654,4047,8,8
1668240821,2022-11-12 02:13:41 -0600,5e2d3d21fc2e51ffb5199981512b63998485b1cc,TX,48377,2,2022-11-09T01:00:00.000Z,FIPSCode,48377,0,2022-11-12T07:36:37.518Z,8,98.98,8,100,62962,1025,61.97,62492,550,33.25,63492,79,4.78,1671,99,1654,4047,8,8
1668240904,2022-11-12 02:15:04 -0600,303af07f185c908bef71bb787398c39b2dd0b07a,TX,48377,2,2022-11-09T01:00:00.000Z,FIPSCode,48377,0,2022-11-12T07:36:37.518Z,8,98.98,8,100,62962,1025,61.97,62492,550,33.25,63492,79,4.78,1671,99,1654,4047,8,8
1668240946,2022-11-12 02:15:46 -0600,93c234e4519384fbe6c791a088b4da54343e1826,TX,48377,2,2022-11-09T01:00:00.000Z,FIPSCode,48377,0,2022-11-12T07:36:37.518Z,8,98.98,8,100,62962,1025,61.97,62492,550,33.25,63492,79,4.78,1671,99,1654,4047,8,8
1668240987,2022-11-12 02:16:27 -0600,f84905a74a9a90b8110ca4737afdccdd09429592,TX,48377,2,2022-11-09T01:00:00.000Z,FIPSCode,48377,0,2022-11-12T07:36:37.518Z,8,98.98,8,100,62962,1025,61.97,62492,550,33.25,63492,79,4.78,1671,99,1654,4047,8,8
1668241030,2022-11-12 02:17:10 -0600,686b78a35e2c7c4f69b8e894d4460ff37021510b,TX,48377,2,2022-11-09T01:00:00.000Z,FIPSCode,48377,0,2022-11-12T07:36:37.518Z,8,98.98,8,100,62962,1025,61.97,62492,550,33.25,63492,79,4.78,1671,99,1654,4047,8,8
1668241073,2022-11-12 02:17:53 -0600,5c54d4d21cb8f26d6983889da210bf880d2b4daa,TX,48377,2,2022-11-09T01:00:00.000Z,FIPSCode,48377,0,2022-11-12T07:36:37.518Z,8,98.98,8,100,62962,1025,61.97,62492,550,33.25,63492,79,4.78,1671,99,1654,4047,8,8
1668241115,2022-11-12 02:18:35 -0600,c49c4796782f188b88b9fece5810dea6c244c943,TX,48377,2,2022-11-09T01:00:00.000Z,FIPSCode,48377,0,2022-11-12T07:36:37.518Z,8,98.98,8,100,62962,1025,61.97,62492,550,33.25,63492,79,4.78,1671,99,1654,4047,8,8
1668241157,2022-11-12 02:19:17 -0600,f06e3269560bb4fbcfd4cb954db9a9bbcae27add,TX,48377,2,2022-11-09T01:00:00.000Z,FIPSCode,48377,0,2022-11-12T07:36:37.518Z,8,98.98,8,100,62962,1025,61.97,62492,550,33.25,63492,79,4.78,1671,99,1654,4047,8,8
1668241199,2022-11-12 02:19:59 -0600,7e58093dbe886a1738d28a5d12790e5d2e027708,TX,48377,2,2022-11-09T01:00:00.000Z,FIPSCode,48377,0,2022-11-12T07:36:37.518Z,8,98.98,8,100,62962,1025,61.97,62492,550,33.25,63492,79,4.78,1671,99,1654,4047,8,8
1668241240,2022-11-12 02:20:40 -0600,f37cc5b40a78a224eabf15235d2dbff2c6beb7d8,TX,48377,2,2022-11-09T01:00:00.000Z,FIPSCode,48377,0,2022-11-12T07:36:37.518Z,8,98.98,8,100,62962,1025,61.97,62492,550,33.25,63492,79,4.78,1671,99,1654,4047,8,8
1668241282,2022-11-12 02:21:22 -0600,4b1073c4c762176922c8b004c3e25dde86b32fb1,TX,48377,2,2022-11-09T01:00:00.000Z,FIPSCode,48377,0,2022-11-12T07:36:37.518Z,8,98.98,8,100,62962,1025,61.97,62492,550,33.25,63492,79,4.78,1671,99,1654,4047,8,8
1668241324,2022-11-12 02:22:04 -0600,8c437e5b052ab3721d5f401a44fbb4c52a6cc472,TX,48377,2,2022-11-09T01:00:00.000Z,FIPSCode,48377,0,2022-11-12T07:36:37.518Z,8,98.98,8,100,62962,1025,61.97,62492,550,33.25,63492,79,4.78,1671,99,1654,4047,8,8
1668241365,2022-11-12 02:22:45 -0600,d3fa03c6c70acec1ea9adf9092b7380c2c45bb90,TX,48377,2,2022-11-09T01:00:00.000Z,FIPSCode,48377,0,2022-11-12T07:36:37.518Z,8,98.98,8,100,62962,1025,61.97,62492,550,33.25,63492,79,4.78,1671,99,1654,4047,8,8
1668241407,2022-11-12 02:23:27 -0600,72f726b8e1733ba9370d9e57b673d164287f2daf,TX,48377,2,2022-11-09T01:00:00.000Z,FIPSCode,48377,0,2022-11-12T07:36:37.518Z,8,98.98,8,100,62962,1025,61.97,62492,550,33.25,63492,79,4.78,1671,99,1654,4047,8,8
1668241448,2022-11-12 02:24:08 -0600,c42a1c91cedd40e6d164823c81a5076cc360afbe,TX,48377,2,2022-11-09T01:00:00.000Z,FIPSCode,48377,0,2022-11-12T07:36:37.518Z,8,98.98,8,100,62962,1025,61.97,62492,550,33.25,63492,79,4.78,1671,99,1654,4047,8,8
1668241533,2022-11-12 02:25:33 -0600,9aa6a7892c7c411a931f59d4c320f6accd98bad1,TX,48377,2,2022-11-09T01:00:00.000Z,FIPSCode,48377,0,2022-11-12T07:36:37.518Z,8,98.98,8,100,62962,1025,61.97,62492,550,33.25,63492,79,4.78,1671,99,1654,4047,8,8
1668241575,2022-11-12 02:26:15 -0600,132a23420e48335cc34dbd043a4cfcb2e91d340a,TX,48377,2,2022-11-09T01:00:00.000Z,FIPSCode,48377,0,2022-11-12T07:36:37.518Z,8,98.98,8,100,62962,1025,61.97,62492,550,33.25,63492,79,4.78,1671,99,1654,4047,8,8
1668241616,2022-11-12 02:26:56 -0600,4d3e5ab369839eb8ea562de1ebb377046be35dda,TX,48377,2,2022-11-09T01:00:00.000Z,FIPSCode,48377,0,2022-11-12T07:36:37.518Z,8,98.98,8,100,62962,1025,61.97,62492,550,33.25,63492,79,4.78,1671,99,1654,4047,8,8
1668241658,2022-11-12 02:27:38 -0600,90488af2e1473d56101cc75f97e5f673da038319,TX,48377,2,2022-11-09T01:00:00.000Z,FIPSCode,48377,0,2022-11-12T07:36:37.518Z,8,98.98,8,100,62962,1025,61.97,62492,550,33.25,63492,79,4.78,1671,99,1654,4047,8,8
1668241699,2022-11-12 02:28:19 -0600,90dcc5e4ce0d98c978491c70e548cde458db493d,TX,48377,2,2022-11-09T01:00:00.000Z,FIPSCode,48377,0,2022-11-12T07:36:37.518Z,8,98.98,8,100,62962,1025,61.97,62492,550,33.25,63492,79,4.78,1671,99,1654,4047,8,8
1668241740,2022-11-12 02:29:00 -0600,6ab363f9e8cec692c03fe38c060d458d8a278def,TX,48377,2,2022-11-09T01:00:00.000Z,FIPSCode,48377,0,2022-11-12T08:28:16.155Z,8,98.98,8,100,62962,1025,61.97,62492,550,33.25,63492,79,4.78,1671,99,1654,4047,8,8
1668241824,2022-11-12 02:30:24 -0600,505a68da02bd32000112286b6508d97bd55839f1,TX,48377,2,2022-11-09T01:00:00.000Z,FIPSCode,48377,0,2022-11-12T08:29:36.391Z,8,98.98,8,100,62962,1025,61.97,62492,550,33.25,63492,79,4.78,1671,99,1654,4047,8,8
1668241865,2022-11-12 02:31:05 -0600,7c8dd9e727238653f3fdacbe933c7a688544e754,TX,48377,2,2022-11-09T01:00:00.000Z,FIPSCode,48377,0,2022-11-12T08:30:18.642Z,8,98.98,8,100,62962,1025,61.97,62492,550,33.25,63492,79,4.78,1671,99,1654,4047,8,8
1668241907,2022-11-12 02:31:47 -0600,52797e177a2e6d4d960498abbc582661a636d622,TX,48377,2,2022-11-09T01:00:00.000Z,FIPSCode,48377,0,2022-11-12T08:30:18.642Z,8,98.98,8,100,62962,1025,61.97,62492,550,33.25,63492,79,4.78,1671,99,1654,4047,8,8
1668241950,2022-11-12 02:32:30 -0600,3d9184b109af77aa2c8cdc0a055620a9f5bd1345,TX,48377,2,2022-11-09T01:00:00.000Z,FIPSCode,48377,0,2022-11-12T08:30:18.642Z,8,98.98,8,100,62962,1025,61.97,62492,550,33.25,63492,79,4.78,1671,99,1654,4047,8,8
1668241992,2022-11-12 02:33:12 -0600,d02f075927756eed85f8fa6a486ba5b78d51ca64,TX,48377,2,2022-11-09T01:00:00.000Z,FIPSCode,48377,0,2022-11-12T08:30:18.642Z,8,98.98,8,100,62962,1025,61.97,62492,550,33.25,63492,79,4.78,1671,99,1654,4047,8,8
1668242033,2022-11-12 02:33:53 -0600,f33add1656e22cb9b893046eee684e2a478c4200,TX,48377,2,2022-11-09T01:00:00.000Z,FIPSCode,48377,0,2022-11-12T08:30:18.642Z,8,98.98,8,100,62962,1025,61.97,62492,550,33.25,63492,79,4.78,1671,99,1654,4047,8,8
1668242115,2022-11-12 02:35:15 -0600,a6405ca6e37e6d4e5b4fad216fe82891017fd3c8,TX,48377,2,2022-11-09T01:00:00.000Z,FIPSCode,48377,0,2022-11-12T08:30:18.642Z,8,98.98,8,100,62962,1025,61.97,62492,550,33.25,63492,79,4.78,1671,99,1654,4047,8,8
1668242155,2022-11-12 02:35:55 -0600,44d456243af3552aba6afd60c5aad45805992274,TX,48377,2,2022-11-09T01:00:00.000Z,FIPSCode,48377,0,2022-11-12T08:30:18.642Z,8,98.98,8,100,62962,1025,61.97,62492,550,33.25,63492,79,4.78,1671,99,1654,4047,8,8
1668242197,2022-11-12 02:36:37 -0600,515d2572266f3c838c5d916d30406f2f0b345e15,TX,48377,2,2022-11-09T01:00:00.000Z,FIPSCode,48377,0,2022-11-12T08:30:18.642Z,8,98.98,8,100,62962,1025,61.97,62492,550,33.25,63492,79,4.78,1671,99,1654,4047,8,8
1668242282,2022-11-12 02:38:02 -0600,318102c938704108e295b4ef30e963add31fe0a8,TX,48377,2,2022-11-09T01:00:00.000Z,FIPSCode,48377,0,2022-11-12T08:30:18.642Z,8,98.98,8,100,62962,1025,61.97,62492,550,33.25,63492,79,4.78,1671,99,1654,4047,8,8
1668242323,2022-11-12 02:38:43 -0600,44765ffcc50a5364e34b6a0929bd6072a202da4a,TX,48377,2,2022-11-09T01:00:00.000Z,FIPSCode,48377,0,2022-11-12T08:30:18.642Z,8,98.98,8,100,62962,1025,61.97,62492,550,33.25,63492,79,4.78,1671,99,1654,4047,8,8
1668242365,2022-11-12 02:39:25 -0600,5bd494036e976d628cf7569b5be13c17b52d4c24,TX,48377,2,2022-11-09T01:00:00.000Z,FIPSCode,48377,0,2022-11-12T08:30:18.642Z,8,98.98,8,100,62962,1025,61.97,62492,550,33.25,63492,79,4.78,1671,99,1654,4047,8,8
1668242407,2022-11-12 02:40:07 -0600,8778dc035df9c13e513eeef8ac5f9b0b43ad79e1,TX,48377,2,2022-11-09T01:00:00.000Z,FIPSCode,48377,0,2022-11-12T08:30:18.642Z,8,98.98,8,100,62962,1025,61.97,62492,550,33.25,63492,79,4.78,1671,99,1654,4047,8,8
1668242448,2022-11-12 02:40:48 -0600,e6c30431435114245f3ce39fd7b8a69cc0b1b65a,TX,48377,2,2022-11-09T01:00:00.000Z,FIPSCode,48377,0,2022-11-12T08:30:18.642Z,8,98.98,8,100,62962,1025,61.97,62492,550,33.25,63492,79,4.78,1671,99,1654,4047,8,8
1668242490,2022-11-12 02:41:30 -0600,35177823be96413788cac5f092509871fd966f20,TX,48377,2,2022-11-09T01:00:00.000Z,FIPSCode,48377,0,2022-11-12T08:30:18.642Z,8,98.98,8,100,62962,1025,61.97,62492,550,33.25,63492,79,4.78,1671,99,1654,4047,8,8
1668242531,2022-11-12 02:42:11 -0600,60789be3dbc1247f252021477af3b6a4c52e48b0,TX,48377,2,2022-11-09T01:00:00.000Z,FIPSCode,48377,0,2022-11-12T08:30:18.642Z,8,98.98,8,100,62962,1025,61.97,62492,550,33.25,63492,79,4.78,1671,99,1654,4047,8,8
1668242574,2022-11-12 02:42:54 -0600,57ace18f2e781c69dfb535d495a7acddcb87388b,TX,48377,2,2022-11-09T01:00:00.000Z,FIPSCode,48377,0,2022-11-12T08:30:18.642Z,8,98.98,8,100,62962,1025,61.97,62492,550,33.25,63492,79,4.78,1671,99,1654,4047,8,8
1668242614,2022-11-12 02:43:34 -0600,69f45d9479effd5699fec9018b465ed7a0e638cd,TX,48377,2,2022-11-09T01:00:00.000Z,FIPSCode,48377,0,2022-11-12T08:30:18.642Z,8,98.98,8,100,62962,1025,61.97,62492,550,33.25,63492,79,4.78,1671,99,1654,4047,8,8
1668242655,2022-11-12 02:44:15 -0600,2387ace150646ce62a7ccc0d96a501ab6249e7da,TX,48377,2,2022-11-09T01:00:00.000Z,FIPSCode,48377,0,2022-11-12T08:30:18.642Z,8,98.98,8,100,62962,1025,61.97,62492,550,33.25,63492,79,4.78,1671,99,1654,4047,8,8
1668242696,2022-11-12 02:44:56 -0600,2953137403a66f5f0df5ebe3c71fbddaad67ec7b,TX,48377,2,2022-11-09T01:00:00.000Z,FIPSCode,48377,0,2022-11-12T08:30:18.642Z,8,98.98,8,100,62962,1025,61.97,62492,550,33.25,63492,79,4.78,1671,99,1654,4047,8,8
1668242778,2022-11-12 02:46:18 -0600,9702f3a33d7e6dcdb26dea69b3a7ec7f6871e900,TX,48377,2,2022-11-09T01:00:00.000Z,FIPSCode,48377,0,2022-11-12T08:30:18.642Z,8,98.98,8,100,62962,1025,61.97,62492,550,33.25,63492,79,4.78,1671,99,1654,4047,8,8
1668242819,2022-11-12 02:46:59 -0600,b4a62d0cbfe3d4d35cfb689b9f42d3b3e09d9039,TX,48377,2,2022-11-09T01:00:00.000Z,FIPSCode,48377,0,2022-11-12T08:30:18.642Z,8,98.98,8,100,62962,1025,61.97,62492,550,33.25,63492,79,4.78,1671,99,1654,4047,8,8
1668242862,2022-11-12 02:47:42 -0600,7c9ba2f0469df8d43cab3472acae13ea60c90bac,TX,48377,2,2022-11-09T01:00:00.000Z,FIPSCode,48377,0,2022-11-12T08:30:18.642Z,8,98.98,8,100,62962,1025,61.97,62492,550,33.25,63492,79,4.78,1671,99,1654,4047,8,8
1668242902,2022-11-12 02:48:22 -0600,487a42f7d16603e5a777e3d0db56315bcdf4a427,TX,48377,2,2022-11-09T01:00:00.000Z,FIPSCode,48377,0,2022-11-12T08:30:18.642Z,8,98.98,8,100,62962,1025,61.97,62492,550,33.25,63492,79,4.78,1671,99,1654,4047,8,8
1668242944,2022-11-12 02:49:04 -0600,f04335fb2aaec147e5e71530daba49cfc41f81dc,TX,48377,2,2022-11-09T01:00:00.000Z,FIPSCode,48377,0,2022-11-12T08:30:18.642Z,8,98.98,8,100,62962,1025,61.97,62492,550,33.25,63492,79,4.78,1671,99,1654,4047,8,8
1668242985,2022-11-12 02:49:45 -0600,10c6c653bd550d71e83b371987baa3d05606458b,TX,48377,2,2022-11-09T01:00:00.000Z,FIPSCode,48377,0,2022-11-12T08:30:18.642Z,8,98.98,8,100,62962,1025,61.97,62492,550,33.25,63492,79,4.78,1671,99,1654,4047,8,8
1668243026,2022-11-12 02:50:26 -0600,3ca7b9882baac7cc6d76cdbbb9a466dc5a6b16a1,TX,48377,2,2022-11-09T01:00:00.000Z,FIPSCode,48377,0,2022-11-12T08:30:18.642Z,8,98.98,8,100,62962,1025,61.97,62492,550,33.25,63492,79,4.78,1671,99,1654,4047,8,8
1668243068,2022-11-12 02:51:08 -0600,c720caf5f728a5d3351be764d0eea65bac08f1a5,TX,48377,2,2022-11-09T01:00:00.000Z,FIPSCode,48377,0,2022-11-12T08:30:18.642Z,8,98.98,8,100,62962,1025,61.97,62492,550,33.25,63492,79,4.78,1671,99,1654,4047,8,8
1668243109,2022-11-12 02:51:49 -0600,606bc1bd9e94c0cd97cb5c58b06df383f6f6db86,TX,48377,2,2022-11-09T01:00:00.000Z,FIPSCode,48377,0,2022-11-12T08:30:18.642Z,8,98.98,8,100,62962,1025,61.97,62492,550,33.25,63492,79,4.78,1671,99,1654,4047,8,8
1668243150,2022-11-12 02:52:30 -0600,c3a566ad44ba89aea953b1b840c228c4f6e76a32,TX,48377,2,2022-11-09T01:00:00.000Z,FIPSCode,48377,0,2022-11-12T08:30:18.642Z,8,98.98,8,100,62962,1025,61.97,62492,550,33.25,63492,79,4.78,1671,99,1654,4047,8,8
1668243193,2022-11-12 02:53:13 -0600,fea495454b8844770be0e1b3072b8368cd8ac929,TX,48377,2,2022-11-09T01:00:00.000Z,FIPSCode,48377,0,2022-11-12T08:30:18.642Z,8,98.98,8,100,62962,1025,61.97,62492,550,33.25,63492,79,4.78,1671,99,1654,4047,8,8
1668243234,2022-11-12 02:53:54 -0600,7b9cbacb8304d925b8a1b841154cabb62af7e88d,TX,48377,2,2022-11-09T01:00:00.000Z,FIPSCode,48377,0,2022-11-12T08:30:18.642Z,8,98.98,8,100,62962,1025,61.97,62492,550,33.25,63492,79,4.78,1671,99,1654,4047,8,8
1668243276,2022-11-12 02:54:36 -0600,7e123e8052ff4ef8c12b6b83f849d8ec9b7f2137,TX,48377,2,2022-11-09T01:00:00.000Z,FIPSCode,48377,0,2022-11-12T08:30:18.642Z,8,98.98,8,100,62962,1025,61.97,62492,550,33.25,63492,79,4.78,1671,99,1654,4047,8,8
1668243318,2022-11-12 02:55:18 -0600,b0c5baf4fd8bd48fc7b9a9608f4ca4f5891671b6,TX,48377,2,2022-11-09T01:00:00.000Z,FIPSCode,48377,0,2022-11-12T08:30:18.642Z,8,98.98,8,100,62962,1025,61.97,62492,550,33.25,63492,79,4.78,1671,99,1654,4047,8,8
1668243360,2022-11-12 02:56:00 -0600,f451f73a4e9a0e122ab2ddd05700f8f62b884711,TX,48377,2,2022-11-09T01:00:00.000Z,FIPSCode,48377,0,2022-11-12T08:30:18.642Z,8,98.98,8,100,62962,1025,61.97,62492,550,33.25,63492,79,4.78,1671,99,1654,4047,8,8
1668243402,2022-11-12 02:56:42 -0600,d0d477c1bab4b0cb15de9a99b232b6de988958d0,TX,48377,2,2022-11-09T01:00:00.000Z,FIPSCode,48377,0,2022-11-12T08:30:18.642Z,8,98.98,8,100,62962,1025,61.97,62492,550,33.25,63492,79,4.78,1671,99,1654,4047,8,8
1668243443,2022-11-12 02:57:23 -0600,4e63e9e2bfb34246d0bd28087ba7ef371bc755c7,TX,48377,2,2022-11-09T01:00:00.000Z,FIPSCode,48377,0,2022-11-12T08:30:18.642Z,8,98.98,8,100,62962,1025,61.97,62492,550,33.25,63492,79,4.78,1671,99,1654,4047,8,8
1668243486,2022-11-12 02:58:06 -0600,93625782a5edd606ef20ed3b0269b95e00d0c750,TX,48377,2,2022-11-09T01:00:00.000Z,FIPSCode,48377,0,2022-11-12T08:30:18.642Z,8,98.98,8,100,62962,1025,61.97,62492,550,33.25,63492,79,4.78,1671,99,1654,4047,8,8
1668243527,2022-11-12 02:58:47 -0600,331d75514e7e2815bd8f8f83d14724a521fd1648,TX,48377,2,2022-11-09T01:00:00.000Z,FIPSCode,48377,0,2022-11-12T08:30:18.642Z,8,98.98,8,100,62962,1025,61.97,62492,550,33.25,63492,79,4.78,1671,99,1654,4047,8,8
1668243611,2022-11-12 03:00:11 -0600,0f4b84a17d69d2ccb132d33017e6070815b5115d,TX,48377,2,2022-11-09T01:00:00.000Z,FIPSCode,48377,0,2022-11-12T08:30:18.642Z,8,98.98,8,100,62962,1025,61.97,62492,550,33.25,63492,79,4.78,1671,99,1654,4047,8,8
1668243653,2022-11-12 03:00:53 -0600,f51ba7dd288564dcecef0e6334a70a40ec83adaa,TX,48377,2,2022-11-09T01:00:00.000Z,FIPSCode,48377,0,2022-11-12T08:30:18.642Z,8,98.98,8,100,62962,1025,61.97,62492,550,33.25,63492,79,4.78,1671,99,1654,4047,8,8
1668243695,2022-11-12 03:01:35 -0600,3e650ed15e745f30d7aa540cb2f3028eb5ee6f1a,TX,48377,2,2022-11-09T01:00:00.000Z,FIPSCode,48377,0,2022-11-12T08:30:18.642Z,8,98.98,8,100,62962,1025,61.97,62492,550,33.25,63492,79,4.78,1671,99,1654,4047,8,8
1668243736,2022-11-12 03:02:16 -0600,fcf5e6d7c15e9d015f9b0a0b73203963f0061a53,TX,48377,2,2022-11-09T01:00:00.000Z,FIPSCode,48377,0,2022-11-12T08:30:18.642Z,8,98.98,8,100,62962,1025,61.97,62492,550,33.25,63492,79,4.78,1671,99,1654,4047,8,8
1668243777,2022-11-12 03:02:57 -0600,232cc998c34c5bf1f09090ab883771242855ef55,TX,48377,2,2022-11-09T01:00:00.000Z,FIPSCode,48377,0,2022-11-12T08:30:18.642Z,8,98.98,8,100,62962,1025,61.97,62492,550,33.25,63492,79,4.78,1671,99,1654,4047,8,8
1668243819,2022-11-12 03:03:39 -0600,c6e85b1b0415a5ae3d5417175df52a2fb1703cdf,TX,48377,2,2022-11-09T01:00:00.000Z,FIPSCode,48377,0,2022-11-12T08:30:18.642Z,8,98.98,8,100,62962,1025,61.97,62492,550,33.25,63492,79,4.78,1671,99,1654,4047,8,8
1668243860,2022-11-12 03:04:20 -0600,026a891441aa83e6af9359d09353358c017e04c8,TX,48377,2,2022-11-09T01:00:00.000Z,FIPSCode,48377,0,2022-11-12T08:30:18.642Z,8,98.98,8,100,62962,1025,61.97,62492,550,33.25,63492,79,4.78,1671,99,1654,4047,8,8
1668243902,2022-11-12 03:05:02 -0600,cf5258cd8303cf40e0cbb2244d5f199b0b266716,TX,48377,2,2022-11-09T01:00:00.000Z,FIPSCode,48377,0,2022-11-12T08:30:18.642Z,8,98.98,8,100,62962,1025,61.97,62492,550,33.25,63492,79,4.78,1671,99,1654,4047,8,8
1668244025,2022-11-12 03:07:05 -0600,9fb8071e1ca2e84d2611b7de1a4de0c71a0ec5da,TX,48377,2,2022-11-09T01:00:00.000Z,FIPSCode,48377,0,2022-11-12T08:30:18.642Z,8,98.98,8,100,62962,1025,61.97,62492,550,33.25,63492,79,4.78,1671,99,1654,4047,8,8
1668244066,2022-11-12 03:07:46 -0600,05a0924c2a195f2158442bcd287f927adf0762dc,TX,48377,2,2022-11-09T01:00:00.000Z,FIPSCode,48377,0,2022-11-12T08:30:18.642Z,8,98.98,8,100,62962,1025,61.97,62492,550,33.25,63492,79,4.78,1671,99,1654,4047,8,8
1668244149,2022-11-12 03:09:09 -0600,93aefc96e54bdafe429d340d75df1418a0e89d4d,TX,48377,2,2022-11-09T01:00:00.000Z,FIPSCode,48377,0,2022-11-12T08:30:18.642Z,8,98.98,8,100,62962,1025,61.97,62492,550,33.25,63492,79,4.78,1671,99,1654,4047,8,8
1668244190,2022-11-12 03:09:50 -0600,d1eafa97156808aa7c216af5d1febb83ef84b1a2,TX,48377,2,2022-11-09T01:00:00.000Z,FIPSCode,48377,0,2022-11-12T08:30:18.642Z,8,98.98,8,100,62962,1025,61.97,62492,550,33.25,63492,79,4.78,1671,99,1654,4047,8,8
1668244232,2022-11-12 03:10:32 -0600,7a6644022162565b07038402ee48393023a1456b,TX,48377,2,2022-11-09T01:00:00.000Z,FIPSCode,48377,0,2022-11-12T08:30:18.642Z,8,98.98,8,100,62962,1025,61.97,62492,550,33.25,63492,79,4.78,1671,99,1654,4047,8,8
1668244315,2022-11-12 03:11:55 -0600,54620a2ddf4b97542e7996c1ed25da9727a3f3e2,TX,48377,2,2022-11-09T01:00:00.000Z,FIPSCode,48377,0,2022-11-12T08:30:18.642Z,8,98.98,8,100,62962,1025,61.97,62492,550,33.25,63492,79,4.78,1671,99,1654,4047,8,8
1668244478,2022-11-12 03:14:38 -0600,c3cc28300994bb9a119bcf6b6875b2bea1cca595,TX,48377,2,2022-11-09T01:00:00.000Z,FIPSCode,48377,0,2022-11-12T08:30:18.642Z,8,98.98,8,100,62962,1025,61.97,62492,550,33.25,63492,79,4.78,1671,99,1654,4047,8,8
1668244559,2022-11-12 03:15:59 -0600,d1dbe4a352ab69708af6c1c532c41e227abd9622,TX,48377,2,2022-11-09T01:00:00.000Z,FIPSCode,48377,0,2022-11-12T08:30:18.642Z,8,98.98,8,100,62962,1025,61.97,62492,550,33.25,63492,79,4.78,1671,99,1654,4047,8,8
1668244599,2022-11-12 03:16:39 -0600,33160bef1d23c37ea5cd4571fd4540d173b6fe81,TX,48377,2,2022-11-09T01:00:00.000Z,FIPSCode,48377,0,2022-11-12T08:30:18.642Z,8,98.98,8,100,62962,1025,61.97,62492,550,33.25,63492,79,4.78,1671,99,1654,4047,8,8
1668244640,2022-11-12 03:17:20 -0600,297b4fafba3d2e6bdfda26be51d6b3e52fdb8be1,TX,48377,2,2022-11-09T01:00:00.000Z,FIPSCode,48377,0,2022-11-12T08:30:18.642Z,8,98.98,8,100,62962,1025,61.97,62492,550,33.25,63492,79,4.78,1671,99,1654,4047,8,8
1668244681,2022-11-12 03:18:01 -0600,b9091d1acb31f1ced479b24671a81b5e4d5d3abe,TX,48377,2,2022-11-09T01:00:00.000Z,FIPSCode,48377,0,2022-11-12T08:30:18.642Z,8,98.98,8,100,62962,1025,61.97,62492,550,33.25,63492,79,4.78,1671,99,1654,4047,8,8
1668244722,2022-11-12 03:18:42 -0600,2a3946b94bee0ab02fd83d7da685ca994823d058,TX,48377,2,2022-11-09T01:00:00.000Z,FIPSCode,48377,0,2022-11-12T08:30:18.642Z,8,98.98,8,100,62962,1025,61.97,62492,550,33.25,63492,79,4.78,1671,99,1654,4047,8,8
1668244763,2022-11-12 03:19:23 -0600,693a6306705bce92635e35f71b91e7c0f1506b53,TX,48377,2,2022-11-09T01:00:00.000Z,FIPSCode,48377,0,2022-11-12T09:18:38.508Z,8,98.98,8,100,62962,1025,61.97,62492,550,33.25,63492,79,4.78,1671,99,1654,4047,8,8
1668244802,2022-11-12 03:20:02 -0600,ab641eac485eda3c6f235968548dc7bea4f77edb,TX,48377,2,2022-11-09T01:00:00.000Z,FIPSCode,48377,0,2022-11-12T09:19:15.609Z,8,98.98,8,100,62962,1025,61.97,62492,550,33.25,63492,79,4.78,1671,99,1654,4047,8,8
1668244842,2022-11-12 03:20:42 -0600,98b9057f231b381b635a89b04809eeaef7564139,TX,48377,2,2022-11-09T01:00:00.000Z,FIPSCode,48377,0,2022-11-12T09:20:17.899Z,8,98.98,8,100,62962,1025,61.97,62492,550,33.25,63492,79,4.78,1671,99,1654,4047,8,8
1668244882,2022-11-12 03:21:22 -0600,18f501441834ae91941a9620f8f742cb000d9275,TX,48377,2,2022-11-09T01:00:00.000Z,FIPSCode,48377,0,2022-11-12T09:20:17.899Z,8,98.98,8,100,62962,1025,61.97,62492,550,33.25,63492,79,4.78,1671,99,1654,4047,8,8
1668244924,2022-11-12 03:22:04 -0600,fba733ab8c2d14b3c82d048b79191247d5de1a8c,TX,48377,2,2022-11-09T01:00:00.000Z,FIPSCode,48377,0,2022-11-12T09:21:16.411Z,8,98.98,8,100,62962,1025,61.97,62492,550,33.25,63492,79,4.78,1671,99,1654,4047,8,8
1668244964,2022-11-12 03:22:44 -0600,d985db773eba459434789e1d1ab76c5a948996b9,TX,48377,2,2022-11-09T01:00:00.000Z,FIPSCode,48377,0,2022-11-12T09:21:16.411Z,8,98.98,8,100,62962,1025,61.97,62492,550,33.25,63492,79,4.78,1671,99,1654,4047,8,8
1668245044,2022-11-12 03:24:04 -0600,5764da9bb1b6ac89d7a7782200c8b4ad2da0993c,TX,48377,2,2022-11-09T01:00:00.000Z,FIPSCode,48377,0,2022-11-12T09:21:16.411Z,8,98.98,8,100,62962,1025,61.97,62492,550,33.25,63492,79,4.78,1671,99,1654,4047,8,8
1668245084,2022-11-12 03:24:44 -0600,86ba8681490aa15f14ed1dc35c2f7d6b1af36f44,TX,48377,2,2022-11-09T01:00:00.000Z,FIPSCode,48377,0,2022-11-12T09:21:16.411Z,8,98.98,8,100,62962,1025,61.97,62492,550,33.25,63492,79,4.78,1671,99,1654,4047,8,8
1668245126,2022-11-12 03:25:26 -0600,66ca899ed1dab759acb562cd175cf469ae2226b5,TX,48377,2,2022-11-09T01:00:00.000Z,FIPSCode,48377,0,2022-11-12T09:21:16.411Z,8,98.98,8,100,62962,1025,61.97,62492,550,33.25,63492,79,4.78,1671,99,1654,4047,8,8
1668245169,2022-11-12 03:26:09 -0600,b8b2aa7f7dc15bc0de4698bbb96fb0adfd054752,TX,48377,2,2022-11-09T01:00:00.000Z,FIPSCode,48377,0,2022-11-12T09:21:16.411Z,8,98.98,8,100,62962,1025,61.97,62492,550,33.25,63492,79,4.78,1671,99,1654,4047,8,8
1668245207,2022-11-12 03:26:47 -0600,d959169932a8857b46543da8ea9cc87d754af669,TX,48377,2,2022-11-09T01:00:00.000Z,FIPSCode,48377,0,2022-11-12T09:21:16.411Z,8,98.98,8,100,62962,1025,61.97,62492,550,33.25,63492,79,4.78,1671,99,1654,4047,8,8
1668245288,2022-11-12 03:28:08 -0600,0d947ecf04fe13dcf1a5ceac3e2ac0d89093c1f7,TX,48377,2,2022-11-09T01:00:00.000Z,FIPSCode,48377,0,2022-11-12T09:21:16.411Z,8,98.98,8,100,62962,1025,61.97,62492,550,33.25,63492,79,4.78,1671,99,1654,4047,8,8
1668245329,2022-11-12 03:28:49 -0600,011230234f8dbace81732cd5b557a030783ca191,TX,48377,2,2022-11-09T01:00:00.000Z,FIPSCode,48377,0,2022-11-12T09:21:16.411Z,8,98.98,8,100,62962,1025,61.97,62492,550,33.25,63492,79,4.78,1671,99,1654,4047,8,8
1668245370,2022-11-12 03:29:30 -0600,1052a6a30a24c44b0535f1f945d3cbc72b133cd6,TX,48377,2,2022-11-09T01:00:00.000Z,FIPSCode,48377,0,2022-11-12T09:21:16.411Z,8,98.98,8,100,62962,1025,61.97,62492,550,33.25,63492,79,4.78,1671,99,1654,4047,8,8
1668245411,2022-11-12 03:30:11 -0600,dcdbfb1da80eef9d712203a778e47f7285d71337,TX,48377,2,2022-11-09T01:00:00.000Z,FIPSCode,48377,0,2022-11-12T09:21:16.411Z,8,98.98,8,100,62962,1025,61.97,62492,550,33.25,63492,79,4.78,1671,99,1654,4047,8,8
1668245452,2022-11-12 03:30:52 -0600,ac2ba0a7c575797ecc5a42e4565ea0eddf4a2c1f,TX,48377,2,2022-11-09T01:00:00.000Z,FIPSCode,48377,0,2022-11-12T09:21:16.411Z,8,98.98,8,100,62962,1025,61.97,62492,550,33.25,63492,79,4.78,1671,99,1654,4047,8,8
1668245492,2022-11-12 03:31:32 -0600,9016cbfe2c4d08253c7a035aa8e64a2c25752fde,TX,48377,2,2022-11-09T01:00:00.000Z,FIPSCode,48377,0,2022-11-12T09:21:16.411Z,8,98.98,8,100,62962,1025,61.97,62492,550,33.25,63492,79,4.78,1671,99,1654,4047,8,8
1668245533,2022-11-12 03:32:13 -0600,ea4aaf65bc961480a46bc10bcc10ebd54e7b0f7c,TX,48377,2,2022-11-09T01:00:00.000Z,FIPSCode,48377,0,2022-11-12T09:21:16.411Z,8,98.98,8,100,62962,1025,61.97,62492,550,33.25,63492,79,4.78,1671,99,1654,4047,8,8
1668245573,2022-11-12 03:32:53 -0600,1a40bb2bfc005fd6fc1a9be5f58b73a3596f117f,TX,48377,2,2022-11-09T01:00:00.000Z,FIPSCode,48377,0,2022-11-12T09:21:16.411Z,8,98.98,8,100,62962,1025,61.97,62492,550,33.25,63492,79,4.78,1671,99,1654,4047,8,8
1668245613,2022-11-12 03:33:33 -0600,4e5e5fc1cb66e55d3d1def2be8f302ea49f01caf,TX,48377,2,2022-11-09T01:00:00.000Z,FIPSCode,48377,0,2022-11-12T09:21:16.411Z,8,98.98,8,100,62962,1025,61.97,62492,550,33.25,63492,79,4.78,1671,99,1654,4047,8,8
1668245652,2022-11-12 03:34:12 -0600,8e944ef693b4065db8c75411aa9dbb4c17231096,TX,48377,2,2022-11-09T01:00:00.000Z,FIPSCode,48377,0,2022-11-12T09:21:16.411Z,8,98.98,8,100,62962,1025,61.97,62492,550,33.25,63492,79,4.78,1671,99,1654,4047,8,8
1668245733,2022-11-12 03:35:33 -0600,d9ab791a337dc8c12e5e10a1c3d69a46975cbe6a,TX,48377,2,2022-11-09T01:00:00.000Z,FIPSCode,48377,0,2022-11-12T09:21:16.411Z,8,98.98,8,100,62962,1025,61.97,62492,550,33.25,63492,79,4.78,1671,99,1654,4047,8,8
1668245773,2022-11-12 03:36:13 -0600,7b3d610df4e0e98ffa5d99bac665256e8204002c,TX,48377,2,2022-11-09T01:00:00.000Z,FIPSCode,48377,0,2022-11-12T09:21:16.411Z,8,98.98,8,100,62962,1025,61.97,62492,550,33.25,63492,79,4.78,1671,99,1654,4047,8,8
1668245815,2022-11-12 03:36:55 -0600,c4cad7aacaa07ed2627fecae258a4e4dd8ef8568,TX,48377,2,2022-11-09T01:00:00.000Z,FIPSCode,48377,0,2022-11-12T09:21:16.411Z,8,98.98,8,100,62962,1025,61.97,62492,550,33.25,63492,79,4.78,1671,99,1654,4047,8,8
1668245896,2022-11-12 03:38:16 -0600,5ba05608e88ceb4e19c8416e1532817c1e74ca96,TX,48377,2,2022-11-09T01:00:00.000Z,FIPSCode,48377,0,2022-11-12T09:21:16.411Z,8,98.98,8,100,62962,1025,61.97,62492,550,33.25,63492,79,4.78,1671,99,1654,4047,8,8
1668245935,2022-11-12 03:38:55 -0600,80e8105dba7f24d55c5bef29db9f0baa5685fa71,TX,48377,2,2022-11-09T01:00:00.000Z,FIPSCode,48377,0,2022-11-12T09:21:16.411Z,8,98.98,8,100,62962,1025,61.97,62492,550,33.25,63492,79,4.78,1671,99,1654,4047,8,8
1668245977,2022-11-12 03:39:37 -0600,3bf6330b06ff299ffe646d195c0377c0aaa5c47e,TX,48377,2,2022-11-09T01:00:00.000Z,FIPSCode,48377,0,2022-11-12T09:21:16.411Z,8,98.98,8,100,62962,1025,61.97,62492,550,33.25,63492,79,4.78,1671,99,1654,4047,8,8
1668246016,2022-11-12 03:40:16 -0600,b922fd96ecb1657c51fdabca2703d1015cf912dd,TX,48377,2,2022-11-09T01:00:00.000Z,FIPSCode,48377,0,2022-11-12T09:21:16.411Z,8,98.98,8,100,62962,1025,61.97,62492,550,33.25,63492,79,4.78,1671,99,1654,4047,8,8
1668246057,2022-11-12 03:40:57 -0600,fbe08a0b10f822ec694cde397b872966667ae08e,TX,48377,2,2022-11-09T01:00:00.000Z,FIPSCode,48377,0,2022-11-12T09:21:16.411Z,8,98.98,8,100,62962,1025,61.97,62492,550,33.25,63492,79,4.78,1671,99,1654,4047,8,8
1668246098,2022-11-12 03:41:38 -0600,2ba765e6c647dfa3ad414017f5a308edf568826c,TX,48377,2,2022-11-09T01:00:00.000Z,FIPSCode,48377,0,2022-11-12T09:21:16.411Z,8,98.98,8,100,62962,1025,61.97,62492,550,33.25,63492,79,4.78,1671,99,1654,4047,8,8
1668246138,2022-11-12 03:42:18 -0600,1e3ddb536e76269394b0c8fd4a462b6b5c822448,TX,48377,2,2022-11-09T01:00:00.000Z,FIPSCode,48377,0,2022-11-12T09:21:16.411Z,8,98.98,8,100,62962,1025,61.97,62492,550,33.25,63492,79,4.78,1671,99,1654,4047,8,8
1668246178,2022-11-12 03:42:58 -0600,c4034f295724103ed2fe19b9ad2cc31dc149080c,TX,48377,2,2022-11-09T01:00:00.000Z,FIPSCode,48377,0,2022-11-12T09:21:16.411Z,8,98.98,8,100,62962,1025,61.97,62492,550,33.25,63492,79,4.78,1671,99,1654,4047,8,8
1668246218,2022-11-12 03:43:38 -0600,cdf11afbcd7b164c71b12f2000106a4d17365618,TX,48377,2,2022-11-09T01:00:00.000Z,FIPSCode,48377,0,2022-11-12T09:21:16.411Z,8,98.98,8,100,62962,1025,61.97,62492,550,33.25,63492,79,4.78,1671,99,1654,4047,8,8
1668246260,2022-11-12 03:44:20 -0600,42206ba06f10419ab376e77c84952345268398e4,TX,48377,2,2022-11-09T01:00:00.000Z,FIPSCode,48377,0,2022-11-12T09:21:16.411Z,8,98.98,8,100,62962,1025,61.97,62492,550,33.25,63492,79,4.78,1671,99,1654,4047,8,8
1668246302,2022-11-12 03:45:02 -0600,2a6e0e121ac9995d68a7fcc45b3c3ca449ed7822,TX,48377,2,2022-11-09T01:00:00.000Z,FIPSCode,48377,0,2022-11-12T09:21:16.411Z,8,98.98,8,100,62962,1025,61.97,62492,550,33.25,63492,79,4.78,1671,99,1654,4047,8,8
1668246342,2022-11-12 03:45:42 -0600,a14eb9dbe01068706d51ed2a78e60d1a45d647ac,TX,48377,2,2022-11-09T01:00:00.000Z,FIPSCode,48377,0,2022-11-12T09:21:16.411Z,8,98.98,8,100,62962,1025,61.97,62492,550,33.25,63492,79,4.78,1671,99,1654,4047,8,8
1668246383,2022-11-12 03:46:23 -0600,76178f4e5647a518bd43d233a681f3b37b38ce79,TX,48377,2,2022-11-09T01:00:00.000Z,FIPSCode,48377,0,2022-11-12T09:21:16.411Z,8,98.98,8,100,62962,1025,61.97,62492,550,33.25,63492,79,4.78,1671,99,1654,4047,8,8
1668246425,2022-11-12 03:47:05 -0600,fb77ee1462d4b38bddff0b070c6f8f7db1096bc3,TX,48377,2,2022-11-09T01:00:00.000Z,FIPSCode,48377,0,2022-11-12T09:21:16.411Z,8,98.98,8,100,62962,1025,61.97,62492,550,33.25,63492,79,4.78,1671,99,1654,4047,8,8
1668246465,2022-11-12 03:47:45 -0600,742488809cb06db570a425c669f1cbaefc380528,TX,48377,2,2022-11-09T01:00:00.000Z,FIPSCode,48377,0,2022-11-12T09:21:16.411Z,8,98.98,8,100,62962,1025,61.97,62492,550,33.25,63492,79,4.78,1671,99,1654,4047,8,8
1668246506,2022-11-12 03:48:26 -0600,c5bee486369e64bab8bcb84d2ef1959b1d9aa8fc,TX,48377,2,2022-11-09T01:00:00.000Z,FIPSCode,48377,0,2022-11-12T09:21:16.411Z,8,98.98,8,100,62962,1025,61.97,62492,550,33.25,63492,79,4.78,1671,99,1654,4047,8,8
1668246546,2022-11-12 03:49:06 -0600,b505a716b5357686f6d776b5539b4028829f4770,TX,48377,2,2022-11-09T01:00:00.000Z,FIPSCode,48377,0,2022-11-12T09:21:16.411Z,8,98.98,8,100,62962,1025,61.97,62492,550,33.25,63492,79,4.78,1671,99,1654,4047,8,8
1668246587,2022-11-12 03:49:47 -0600,0815a412a4399068fbbe6f64005a9bfb0dd04dcf,TX,48377,2,2022-11-09T01:00:00.000Z,FIPSCode,48377,0,2022-11-12T09:21:16.411Z,8,98.98,8,100,62962,1025,61.97,62492,550,33.25,63492,79,4.78,1671,99,1654,4047,8,8
1668246669,2022-11-12 03:51:09 -0600,88d6122ce16af3a45e5fc63d29acecf78e1f1454,TX,48377,2,2022-11-09T01:00:00.000Z,FIPSCode,48377,0,2022-11-12T09:21:16.411Z,8,98.98,8,100,62962,1025,61.97,62492,550,33.25,63492,79,4.78,1671,99,1654,4047,8,8
1668246710,2022-11-12 03:51:50 -0600,2b8243c6715feb0542b1a5fa7c136b3033392687,TX,48377,2,2022-11-09T01:00:00.000Z,FIPSCode,48377,0,2022-11-12T09:21:16.411Z,8,98.98,8,100,62962,1025,61.97,62492,550,33.25,63492,79,4.78,1671,99,1654,4047,8,8
1668246791,2022-11-12 03:53:11 -0600,341a3938dcca868886fc48f805bdb5fbdd2c04fe,TX,48377,2,2022-11-09T01:00:00.000Z,FIPSCode,48377,0,2022-11-12T09:52:15.329Z,8,98.98,8,100,62962,1025,61.97,62492,550,33.25,63492,79,4.78,1671,99,1654,4047,8,8
1668246831,2022-11-12 03:53:51 -0600,e7dddc332576cc5bbb279827a45e0a16ce42437a,TX,48377,2,2022-11-09T01:00:00.000Z,FIPSCode,48377,0,2022-11-12T09:53:16.578Z,8,98.98,8,100,62962,1025,61.97,62492,550,33.25,63492,79,4.78,1671,99,1654,4047,8,8
1668246872,2022-11-12 03:54:32 -0600,67621d8a05d517946c03ef779d598457ecaec232,TX,48377,2,2022-11-09T01:00:00.000Z,FIPSCode,48377,0,2022-11-12T09:53:16.578Z,8,98.98,8,100,62962,1025,61.97,62492,550,33.25,63492,79,4.78,1671,99,1654,4047,8,8
1668246913,2022-11-12 03:55:13 -0600,1b67730657d4418e8406d9272ae0e346c82d38d0,TX,48377,2,2022-11-09T01:00:00.000Z,FIPSCode,48377,0,2022-11-12T09:54:18.005Z,8,98.98,8,100,62962,1025,61.97,62492,550,33.25,63492,79,4.78,1671,99,1654,4047,8,8
1668246953,2022-11-12 03:55:53 -0600,27db8bcb0854fd0ff1a9b4a6e874b60f33aae1cf,TX,48377,2,2022-11-09T01:00:00.000Z,FIPSCode,48377,0,2022-11-12T09:54:18.005Z,8,98.98,8,100,62962,1025,61.97,62492,550,33.25,63492,79,4.78,1671,99,1654,4047,8,8
1668246995,2022-11-12 03:56:35 -0600,0b1b0aa2276a4b165593eb7d8ca4f4287e99aa60,TX,48377,2,2022-11-09T01:00:00.000Z,FIPSCode,48377,0,2022-11-12T09:54:18.005Z,8,98.98,8,100,62962,1025,61.97,62492,550,33.25,63492,79,4.78,1671,99,1654,4047,8,8
1668247036,2022-11-12 03:57:16 -0600,2ec3866f4813e9633cc1cd7c995a4a4fb56b9d0f,TX,48377,2,2022-11-09T01:00:00.000Z,FIPSCode,48377,0,2022-11-12T09:54:18.005Z,8,98.98,8,100,62962,1025,61.97,62492,550,33.25,63492,79,4.78,1671,99,1654,4047,8,8
1668247077,2022-11-12 03:57:57 -0600,428ececa7e1ee8b0bb44c89fe8ce744ecf87a2f8,TX,48377,2,2022-11-09T01:00:00.000Z,FIPSCode,48377,0,2022-11-12T09:54:18.005Z,8,98.98,8,100,62962,1025,61.97,62492,550,33.25,63492,79,4.78,1671,99,1654,4047,8,8
1668247243,2022-11-12 04:00:43 -0600,d7701165ddd6321ec90853987133eb1ad7376923,TX,48377,2,2022-11-09T01:00:00.000Z,FIPSCode,48377,0,2022-11-12T10:00:17.987Z,8,98.98,8,100,62962,1025,61.97,62492,550,33.25,63492,79,4.78,1671,99,1654,4047,8,8
1668247325,2022-11-12 04:02:05 -0600,e1f5f6ec833f6ff90d2b46c6f4cea77ad59a7c01,TX,48377,2,2022-11-09T01:00:00.000Z,FIPSCode,48377,0,2022-11-12T10:01:16.475Z,8,98.98,8,100,62962,1025,61.97,62492,550,33.25,63492,79,4.78,1671,99,1654,4047,8,8
1668247407,2022-11-12 04:03:27 -0600,d30f12d1d1ceabcc1168fb2c8824cad810ff2d69,TX,48377,2,2022-11-09T01:00:00.000Z,FIPSCode,48377,0,2022-11-12T10:02:40.560Z,8,98.98,8,100,62962,1025,61.97,62492,550,33.25,63492,79,4.78,1671,99,1654,4047,8,8
1668247448,2022-11-12 04:04:08 -0600,73505a6c6f4f7da007798645ae94b5210912e90f,TX,48377,2,2022-11-09T01:00:00.000Z,FIPSCode,48377,0,2022-11-12T10:02:40.560Z,8,98.98,8,100,62962,1025,61.97,62492,550,33.25,63492,79,4.78,1671,99,1654,4047,8,8
1668247488,2022-11-12 04:04:48 -0600,7ddfce0d8840c854b2e11281c444ae51b3ab4611,TX,48377,2,2022-11-09T01:00:00.000Z,FIPSCode,48377,0,2022-11-12T10:02:40.560Z,8,98.98,8,100,62962,1025,61.97,62492,550,33.25,63492,79,4.78,1671,99,1654,4047,8,8
1668247571,2022-11-12 04:06:11 -0600,6d55b7f4b5de10447fe03a85e814dfc69258afbf,TX,48377,2,2022-11-09T01:00:00.000Z,FIPSCode,48377,0,2022-11-12T10:02:40.560Z,8,98.98,8,100,62962,1025,61.97,62492,550,33.25,63492,79,4.78,1671,99,1654,4047,8,8
1668247611,2022-11-12 04:06:51 -0600,ecd45fd4115b458bf966cbd4d4c05dceb63d1b53,TX,48377,2,2022-11-09T01:00:00.000Z,FIPSCode,48377,0,2022-11-12T10:02:40.560Z,8,98.98,8,100,62962,1025,61.97,62492,550,33.25,63492,79,4.78,1671,99,1654,4047,8,8
1668247693,2022-11-12 04:08:13 -0600,48b945b54a4658098fb8d2cd84a5d8e871a06ccd,TX,48377,2,2022-11-09T01:00:00.000Z,FIPSCode,48377,0,2022-11-12T10:02:40.560Z,8,98.98,8,100,62962,1025,61.97,62492,550,33.25,63492,79,4.78,1671,99,1654,4047,8,8
1668247733,2022-11-12 04:08:53 -0600,49140f9704a04136b73f2b0aa0e3a0889bd2a618,TX,48377,2,2022-11-09T01:00:00.000Z,FIPSCode,48377,0,2022-11-12T10:02:40.560Z,8,98.98,8,100,62962,1025,61.97,62492,550,33.25,63492,79,4.78,1671,99,1654,4047,8,8
1668247774,2022-11-12 04:09:34 -0600,8b697bd7c3bd96460e8250150ba86e1b8408d1ef,TX,48377,2,2022-11-09T01:00:00.000Z,FIPSCode,48377,0,2022-11-12T10:02:40.560Z,8,98.98,8,100,62962,1025,61.97,62492,550,33.25,63492,79,4.78,1671,99,1654,4047,8,8
1668247856,2022-11-12 04:10:56 -0600,c71bb6a80e74b8555a703df5a1107bc1609f3662,TX,48377,2,2022-11-09T01:00:00.000Z,FIPSCode,48377,0,2022-11-12T10:02:40.560Z,8,98.98,8,100,62962,1025,61.97,62492,550,33.25,63492,79,4.78,1671,99,1654,4047,8,8
1668247897,2022-11-12 04:11:37 -0600,de1b6e7fa7abeb1b9e95b536f2dce6f0273c9b28,TX,48377,2,2022-11-09T01:00:00.000Z,FIPSCode,48377,0,2022-11-12T10:02:40.560Z,8,98.98,8,100,62962,1025,61.97,62492,550,33.25,63492,79,4.78,1671,99,1654,4047,8,8
1668247937,2022-11-12 04:12:17 -0600,d4e48f8a0106969f4d43915a189a7241319966f0,TX,48377,2,2022-11-09T01:00:00.000Z,FIPSCode,48377,0,2022-11-12T10:02:40.560Z,8,98.98,8,100,62962,1025,61.97,62492,550,33.25,63492,79,4.78,1671,99,1654,4047,8,8
1668247978,2022-11-12 04:12:58 -0600,f6914d0c3210e6f71b8f54a6752fb742f6af6fff,TX,48377,2,2022-11-09T01:00:00.000Z,FIPSCode,48377,0,2022-11-12T10:02:40.560Z,8,98.98,8,100,62962,1025,61.97,62492,550,33.25,63492,79,4.78,1671,99,1654,4047,8,8
1668248062,2022-11-12 04:14:22 -0600,561d165fc3cd33fa508fd561247f5308834c38fa,TX,48377,2,2022-11-09T01:00:00.000Z,FIPSCode,48377,0,2022-11-12T10:02:40.560Z,8,98.98,8,100,62962,1025,61.97,62492,550,33.25,63492,79,4.78,1671,99,1654,4047,8,8
1668248104,2022-11-12 04:15:04 -0600,05c9783612fad553588c1efbb4e6b020fdff3bfb,TX,48377,2,2022-11-09T01:00:00.000Z,FIPSCode,48377,0,2022-11-12T10:02:40.560Z,8,98.98,8,100,62962,1025,61.97,62492,550,33.25,63492,79,4.78,1671,99,1654,4047,8,8
1668248145,2022-11-12 04:15:45 -0600,9d6aa9b991ac065b349bb68c4f8f3b0a01347473,TX,48377,2,2022-11-09T01:00:00.000Z,FIPSCode,48377,0,2022-11-12T10:02:40.560Z,8,98.98,8,100,62962,1025,61.97,62492,550,33.25,63492,79,4.78,1671,99,1654,4047,8,8
1668248229,2022-11-12 04:17:09 -0600,fff6cce0be57a8797b381648dc0302766e1e343d,TX,48377,2,2022-11-09T01:00:00.000Z,FIPSCode,48377,0,2022-11-12T10:02:40.560Z,8,98.98,8,100,62962,1025,61.97,62492,550,33.25,63492,79,4.78,1671,99,1654,4047,8,8
1668248270,2022-11-12 04:17:50 -0600,e96cea3fe276d56f47fb7e34e46bffa42646e0e6,TX,48377,2,2022-11-09T01:00:00.000Z,FIPSCode,48377,0,2022-11-12T10:02:40.560Z,8,98.98,8,100,62962,1025,61.97,62492,550,33.25,63492,79,4.78,1671,99,1654,4047,8,8
1668248312,2022-11-12 04:18:32 -0600,2c907f86313f624898e656f0098849b669720cb2,TX,48377,2,2022-11-09T01:00:00.000Z,FIPSCode,48377,0,2022-11-12T10:02:40.560Z,8,98.98,8,100,62962,1025,61.97,62492,550,33.25,63492,79,4.78,1671,99,1654,4047,8,8
1668248394,2022-11-12 04:19:54 -0600,718d79c44d1a7067d4854d62172b0170cbf3ab90,TX,48377,2,2022-11-09T01:00:00.000Z,FIPSCode,48377,0,2022-11-12T10:02:40.560Z,8,98.98,8,100,62962,1025,61.97,62492,550,33.25,63492,79,4.78,1671,99,1654,4047,8,8
1668248434,2022-11-12 04:20:34 -0600,df6bc45ad96982319ed0c0f84c89089a945eac8e,TX,48377,2,2022-11-09T01:00:00.000Z,FIPSCode,48377,0,2022-11-12T10:02:40.560Z,8,98.98,8,100,62962,1025,61.97,62492,550,33.25,63492,79,4.78,1671,99,1654,4047,8,8
1668248475,2022-11-12 04:21:15 -0600,5aa1e8c8bf4d5382fc8f3bf0366dcd7977312076,TX,48377,2,2022-11-09T01:00:00.000Z,FIPSCode,48377,0,2022-11-12T10:02:40.560Z,8,98.98,8,100,62962,1025,61.97,62492,550,33.25,63492,79,4.78,1671,99,1654,4047,8,8
1668248516,2022-11-12 04:21:56 -0600,7e88becabaa51dc14591ad6d1d89b7560c2fc5bf,TX,48377,2,2022-11-09T01:00:00.000Z,FIPSCode,48377,0,2022-11-12T10:02:40.560Z,8,98.98,8,100,62962,1025,61.97,62492,550,33.25,63492,79,4.78,1671,99,1654,4047,8,8
1668248558,2022-11-12 04:22:38 -0600,e6bb23864517e4dc33c55f5b66951443f9c6e147,TX,48377,2,2022-11-09T01:00:00.000Z,FIPSCode,48377,0,2022-11-12T10:02:40.560Z,8,98.98,8,100,62962,1025,61.97,62492,550,33.25,63492,79,4.78,1671,99,1654,4047,8,8
1668248598,2022-11-12 04:23:18 -0600,9744c66089817907a3a693ae407283880fc98a7d,TX,48377,2,2022-11-09T01:00:00.000Z,FIPSCode,48377,0,2022-11-12T10:02:40.560Z,8,98.98,8,100,62962,1025,61.97,62492,550,33.25,63492,79,4.78,1671,99,1654,4047,8,8
1668248639,2022-11-12 04:23:59 -0600,b3c2e9ee7d3d02de7a8e051f0a96d02132428dfa,TX,48377,2,2022-11-09T01:00:00.000Z,FIPSCode,48377,0,2022-11-12T10:02:40.560Z,8,98.98,8,100,62962,1025,61.97,62492,550,33.25,63492,79,4.78,1671,99,1654,4047,8,8
1668248722,2022-11-12 04:25:22 -0600,711328d226dcef09cc40fed303c6ab21a08b74c1,TX,48377,2,2022-11-09T01:00:00.000Z,FIPSCode,48377,0,2022-11-12T10:02:40.560Z,8,98.98,8,100,62962,1025,61.97,62492,550,33.25,63492,79,4.78,1671,99,1654,4047,8,8
1668248762,2022-11-12 04:26:02 -0600,bbf0731b6b18e2c05618b6601b442c810af50cb2,TX,48377,2,2022-11-09T01:00:00.000Z,FIPSCode,48377,0,2022-11-12T10:02:40.560Z,8,98.98,8,100,62962,1025,61.97,62492,550,33.25,63492,79,4.78,1671,99,1654,4047,8,8
1668248803,2022-11-12 04:26:43 -0600,15b0c50057f66587b9720b28ae0c511b7fa5ed90,TX,48377,2,2022-11-09T01:00:00.000Z,FIPSCode,48377,0,2022-11-12T10:02:40.560Z,8,98.98,8,100,62962,1025,61.97,62492,550,33.25,63492,79,4.78,1671,99,1654,4047,8,8
1668248842,2022-11-12 04:27:22 -0600,4ec1de552886fa33599deef69ac3cf87d37d795b,TX,48377,2,2022-11-09T01:00:00.000Z,FIPSCode,48377,0,2022-11-12T10:02:40.560Z,8,98.98,8,100,62962,1025,61.97,62492,550,33.25,63492,79,4.78,1671,99,1654,4047,8,8
1668248881,2022-11-12 04:28:01 -0600,26f87a44276854b00432aec67419f5febccc4468,TX,48377,2,2022-11-09T01:00:00.000Z,FIPSCode,48377,0,2022-11-12T10:02:40.560Z,8,98.98,8,100,62962,1025,61.97,62492,550,33.25,63492,79,4.78,1671,99,1654,4047,8,8
1668248920,2022-11-12 04:28:40 -0600,aa44465edafaa56fdb55fd50a61d31c7b41b1fd1,TX,48377,2,2022-11-09T01:00:00.000Z,FIPSCode,48377,0,2022-11-12T10:02:40.560Z,8,98.98,8,100,62962,1025,61.97,62492,550,33.25,63492,79,4.78,1671,99,1654,4047,8,8
1668248958,2022-11-12 04:29:18 -0600,2665bed2400e450081b8bfa99ffd5aeae84ed929,TX,48377,2,2022-11-09T01:00:00.000Z,FIPSCode,48377,0,2022-11-12T10:02:40.560Z,8,98.98,8,100,62962,1025,61.97,62492,550,33.25,63492,79,4.78,1671,99,1654,4047,8,8
1668248999,2022-11-12 04:29:59 -0600,fa47a8973c0f733e68054c95717b7ea694b9d0e9,TX,48377,2,2022-11-09T01:00:00.000Z,FIPSCode,48377,0,2022-11-12T10:02:40.560Z,8,98.98,8,100,62962,1025,61.97,62492,550,33.25,63492,79,4.78,1671,99,1654,4047,8,8
1668249079,2022-11-12 04:31:19 -0600,fcca966ebfdf0d20211ede867d1894def50706af,TX,48377,2,2022-11-09T01:00:00.000Z,FIPSCode,48377,0,2022-11-12T10:02:40.560Z,8,98.98,8,100,62962,1025,61.97,62492,550,33.25,63492,79,4.78,1671,99,1654,4047,8,8
1668249121,2022-11-12 04:32:01 -0600,8c5720dc7a2d51fb1f2772222e652ba372c7da36,TX,48377,2,2022-11-09T01:00:00.000Z,FIPSCode,48377,0,2022-11-12T10:02:40.560Z,8,98.98,8,100,62962,1025,61.97,62492,550,33.25,63492,79,4.78,1671,99,1654,4047,8,8
1668249159,2022-11-12 04:32:39 -0600,5387c47ac4e9b843a372a7ee6d0d37082a2a49c7,TX,48377,2,2022-11-09T01:00:00.000Z,FIPSCode,48377,0,2022-11-12T10:02:40.560Z,8,98.98,8,100,62962,1025,61.97,62492,550,33.25,63492,79,4.78,1671,99,1654,4047,8,8
1668249198,2022-11-12 04:33:18 -0600,b5c9fcde0994ae61726ee8066bbc81d5a3dd73a0,TX,48377,2,2022-11-09T01:00:00.000Z,FIPSCode,48377,0,2022-11-12T10:02:40.560Z,8,98.98,8,100,62962,1025,61.97,62492,550,33.25,63492,79,4.78,1671,99,1654,4047,8,8
1668249237,2022-11-12 04:33:57 -0600,1075eca3aff74ff4eba17ea067646a9f666b94e7,TX,48377,2,2022-11-09T01:00:00.000Z,FIPSCode,48377,0,2022-11-12T10:02:40.560Z,8,98.98,8,100,62962,1025,61.97,62492,550,33.25,63492,79,4.78,1671,99,1654,4047,8,8
1668249276,2022-11-12 04:34:36 -0600,238b45e14a209fb5c4b2976bfea8d37039c84270,TX,48377,2,2022-11-09T01:00:00.000Z,FIPSCode,48377,0,2022-11-12T10:02:40.560Z,8,98.98,8,100,62962,1025,61.97,62492,550,33.25,63492,79,4.78,1671,99,1654,4047,8,8
1668249315,2022-11-12 04:35:15 -0600,2cf2eec0cf0f146f370b69960291d0072ff12634,TX,48377,2,2022-11-09T01:00:00.000Z,FIPSCode,48377,0,2022-11-12T10:02:40.560Z,8,98.98,8,100,62962,1025,61.97,62492,550,33.25,63492,79,4.78,1671,99,1654,4047,8,8
1668249356,2022-11-12 04:35:56 -0600,0f5e1a38430d99cd9cee22a3fe1afb1c888fb7ec,TX,48377,2,2022-11-09T01:00:00.000Z,FIPSCode,48377,0,2022-11-12T10:02:40.560Z,8,98.98,8,100,62962,1025,61.97,62492,550,33.25,63492,79,4.78,1671,99,1654,4047,8,8
1668249436,2022-11-12 04:37:16 -0600,d2dd88d1cc8d730127f9bd86b49156c60de421ad,TX,48377,2,2022-11-09T01:00:00.000Z,FIPSCode,48377,0,2022-11-12T10:02:40.560Z,8,98.98,8,100,62962,1025,61.97,62492,550,33.25,63492,79,4.78,1671,99,1654,4047,8,8
1668249474,2022-11-12 04:37:54 -0600,f56076b07eca75b12ab694a0b7440eefc8cd8990,TX,48377,2,2022-11-09T01:00:00.000Z,FIPSCode,48377,0,2022-11-12T10:02:40.560Z,8,98.98,8,100,62962,1025,61.97,62492,550,33.25,63492,79,4.78,1671,99,1654,4047,8,8
1668249514,2022-11-12 04:38:34 -0600,d5a6cee067ce4296c2c2009ff7c19574b8857db0,TX,48377,2,2022-11-09T01:00:00.000Z,FIPSCode,48377,0,2022-11-12T10:02:40.560Z,8,98.98,8,100,62962,1025,61.97,62492,550,33.25,63492,79,4.78,1671,99,1654,4047,8,8
1668249552,2022-11-12 04:39:12 -0600,82b3103e4f403a0402f8dd78ee0f771971ea9155,TX,48377,2,2022-11-09T01:00:00.000Z,FIPSCode,48377,0,2022-11-12T10:02:40.560Z,8,98.98,8,100,62962,1025,61.97,62492,550,33.25,63492,79,4.78,1671,99,1654,4047,8,8
1668249592,2022-11-12 04:39:52 -0600,7faf84c935de2c17dc0f8982ee6bcc1c3bf6b00a,TX,48377,2,2022-11-09T01:00:00.000Z,FIPSCode,48377,0,2022-11-12T10:02:40.560Z,8,98.98,8,100,62962,1025,61.97,62492,550,33.25,63492,79,4.78,1671,99,1654,4047,8,8
1668249631,2022-11-12 04:40:31 -0600,6582c8f685425eeb133e4256e342c6a09794fb80,TX,48377,2,2022-11-09T01:00:00.000Z,FIPSCode,48377,0,2022-11-12T10:02:40.560Z,8,98.98,8,100,62962,1025,61.97,62492,550,33.25,63492,79,4.78,1671,99,1654,4047,8,8
1668249670,2022-11-12 04:41:10 -0600,fc0d3cde88c9b4332ab154974130de41c3e27ce2,TX,48377,2,2022-11-09T01:00:00.000Z,FIPSCode,48377,0,2022-11-12T10:02:40.560Z,8,98.98,8,100,62962,1025,61.97,62492,550,33.25,63492,79,4.78,1671,99,1654,4047,8,8
1668249710,2022-11-12 04:41:50 -0600,a955ded8416b84c440a87f5cb70d9c030c4da045,TX,48377,2,2022-11-09T01:00:00.000Z,FIPSCode,48377,0,2022-11-12T10:02:40.560Z,8,98.98,8,100,62962,1025,61.97,62492,550,33.25,63492,79,4.78,1671,99,1654,4047,8,8
1668249748,2022-11-12 04:42:28 -0600,89d0fb711255198c50fe343fa27afb70e7725a4d,TX,48377,2,2022-11-09T01:00:00.000Z,FIPSCode,48377,0,2022-11-12T10:41:41.147Z,8,98.98,8,100,62962,1025,61.97,62492,550,33.25,63492,79,4.78,1671,99,1654,4047,8,8
1668249787,2022-11-12 04:43:07 -0600,50b9c8ab5194c29bc3d4b8d2bcbfdf00da6f5d69,TX,48377,2,2022-11-09T01:00:00.000Z,FIPSCode,48377,0,2022-11-12T10:42:16.943Z,8,98.98,8,100,62962,1025,61.97,62492,550,33.25,63492,79,4.78,1671,99,1654,4047,8,8
1668249826,2022-11-12 04:43:46 -0600,07aa275f19032cf9b7508892f8bd1d8a2a35c1c0,TX,48377,2,2022-11-09T01:00:00.000Z,FIPSCode,48377,0,2022-11-12T10:43:16.848Z,8,98.98,8,100,62962,1025,61.97,62492,550,33.25,63492,79,4.78,1671,99,1654,4047,8,8
1668249864,2022-11-12 04:44:24 -0600,1682cbdadb0634c494b164a7482e5ffc1565ee70,TX,48377,2,2022-11-09T01:00:00.000Z,FIPSCode,48377,0,2022-11-12T10:43:16.848Z,8,98.98,8,100,62962,1025,61.97,62492,550,33.25,63492,79,4.78,1671,99,1654,4047,8,8
1668249903,2022-11-12 04:45:03 -0600,4e4e278ff5a95eaca204b00ad4dc47a679e130b8,TX,48377,2,2022-11-09T01:00:00.000Z,FIPSCode,48377,0,2022-11-12T10:44:40.399Z,8,98.98,8,100,62962,1025,61.97,62492,550,33.25,63492,79,4.78,1671,99,1654,4047,8,8
1668249942,2022-11-12 04:45:42 -0600,d77d4fe58b02064528b3e2008da584eb46032223,TX,48377,2,2022-11-09T01:00:00.000Z,FIPSCode,48377,0,2022-11-12T10:44:40.399Z,8,98.98,8,100,62962,1025,61.97,62492,550,33.25,63492,79,4.78,1671,99,1654,4047,8,8
1668249982,2022-11-12 04:46:22 -0600,75b366fef82f334cce681fd67617373bc7518274,TX,48377,2,2022-11-09T01:00:00.000Z,FIPSCode,48377,0,2022-11-12T10:44:40.399Z,8,98.98,8,100,62962,1025,61.97,62492,550,33.25,63492,79,4.78,1671,99,1654,4047,8,8
1668250022,2022-11-12 04:47:02 -0600,5bb3a67fd292ca03b2b6e8a5129265c61c61923a,TX,48377,2,2022-11-09T01:00:00.000Z,FIPSCode,48377,0,2022-11-12T10:44:40.399Z,8,98.98,8,100,62962,1025,61.97,62492,550,33.25,63492,79,4.78,1671,99,1654,4047,8,8
1668250062,2022-11-12 04:47:42 -0600,a01e1f92bc70eed715609e000e5420885c0aaab7,TX,48377,2,2022-11-09T01:00:00.000Z,FIPSCode,48377,0,2022-11-12T10:44:40.399Z,8,98.98,8,100,62962,1025,61.97,62492,550,33.25,63492,79,4.78,1671,99,1654,4047,8,8
1668250102,2022-11-12 04:48:22 -0600,a9315bb0edd0e7a6bd80bb6d0c0ac722be678553,TX,48377,2,2022-11-09T01:00:00.000Z,FIPSCode,48377,0,2022-11-12T10:44:40.399Z,8,98.98,8,100,62962,1025,61.97,62492,550,33.25,63492,79,4.78,1671,99,1654,4047,8,8
1668250143,2022-11-12 04:49:03 -0600,90a4d6a91541fbbd492077c8a75bac7e35a1fd68,TX,48377,2,2022-11-09T01:00:00.000Z,FIPSCode,48377,0,2022-11-12T10:44:40.399Z,8,98.98,8,100,62962,1025,61.97,62492,550,33.25,63492,79,4.78,1671,99,1654,4047,8,8
1668250182,2022-11-12 04:49:42 -0600,62ed0f7b2550a520893412b39b4566968e0be64f,TX,48377,2,2022-11-09T01:00:00.000Z,FIPSCode,48377,0,2022-11-12T10:44:40.399Z,8,98.98,8,100,62962,1025,61.97,62492,550,33.25,63492,79,4.78,1671,99,1654,4047,8,8
1668250221,2022-11-12 04:50:21 -0600,ce09c0c311eb3e32dd8034e6b782026561623320,TX,48377,2,2022-11-09T01:00:00.000Z,FIPSCode,48377,0,2022-11-12T10:44:40.399Z,8,98.98,8,100,62962,1025,61.97,62492,550,33.25,63492,79,4.78,1671,99,1654,4047,8,8
1668250261,2022-11-12 04:51:01 -0600,4e367dac7a83e2ada39687ce9c0b3056f65c738a,TX,48377,2,2022-11-09T01:00:00.000Z,FIPSCode,48377,0,2022-11-12T10:44:40.399Z,8,98.98,8,100,62962,1025,61.97,62492,550,33.25,63492,79,4.78,1671,99,1654,4047,8,8
1668250300,2022-11-12 04:51:40 -0600,ce26bb206bbd5373d8c8a2d8e517f4e74353cf03,TX,48377,2,2022-11-09T01:00:00.000Z,FIPSCode,48377,0,2022-11-12T10:44:40.399Z,8,98.98,8,100,62962,1025,61.97,62492,550,33.25,63492,79,4.78,1671,99,1654,4047,8,8
1668250341,2022-11-12 04:52:21 -0600,cc810e53351fa3369e13c2b32a338be0b189e4cf,TX,48377,2,2022-11-09T01:00:00.000Z,FIPSCode,48377,0,2022-11-12T10:44:40.399Z,8,98.98,8,100,62962,1025,61.97,62492,550,33.25,63492,79,4.78,1671,99,1654,4047,8,8
1668250381,2022-11-12 04:53:01 -0600,96087b24c21109d0ab2329849c03b606ade65690,TX,48377,2,2022-11-09T01:00:00.000Z,FIPSCode,48377,0,2022-11-12T10:44:40.399Z,8,98.98,8,100,62962,1025,61.97,62492,550,33.25,63492,79,4.78,1671,99,1654,4047,8,8
1668250459,2022-11-12 04:54:19 -0600,c10d86df8cfa7b6c3d15f587a6e50cc4fb16a289,TX,48377,2,2022-11-09T01:00:00.000Z,FIPSCode,48377,0,2022-11-12T10:44:40.399Z,8,98.98,8,100,62962,1025,61.97,62492,550,33.25,63492,79,4.78,1671,99,1654,4047,8,8
1668250498,2022-11-12 04:54:58 -0600,fd9b132e0728702e34c3e57b5674c5c3b7738ed2,TX,48377,2,2022-11-09T01:00:00.000Z,FIPSCode,48377,0,2022-11-12T10:44:40.399Z,8,98.98,8,100,62962,1025,61.97,62492,550,33.25,63492,79,4.78,1671,99,1654,4047,8,8
1668250577,2022-11-12 04:56:17 -0600,d4fb4bfd0684602b015c681af3767a175b1921df,TX,48377,2,2022-11-09T01:00:00.000Z,FIPSCode,48377,0,2022-11-12T10:44:40.399Z,8,98.98,8,100,62962,1025,61.97,62492,550,33.25,63492,79,4.78,1671,99,1654,4047,8,8
1668250615,2022-11-12 04:56:55 -0600,8f2852466c7dd22e5cfbd642c8aa0f5c7cba8fed,TX,48377,2,2022-11-09T01:00:00.000Z,FIPSCode,48377,0,2022-11-12T10:44:40.399Z,8,98.98,8,100,62962,1025,61.97,62492,550,33.25,63492,79,4.78,1671,99,1654,4047,8,8
1668250693,2022-11-12 04:58:13 -0600,ecac71d954bb5092f3b3175fc5ab8925ab29a247,TX,48377,2,2022-11-09T01:00:00.000Z,FIPSCode,48377,0,2022-11-12T10:44:40.399Z,8,98.98,8,100,62962,1025,61.97,62492,550,33.25,63492,79,4.78,1671,99,1654,4047,8,8
1668250732,2022-11-12 04:58:52 -0600,5d90bf084b585a39cba89d13ad6c60eeb0273c6e,TX,48377,2,2022-11-09T01:00:00.000Z,FIPSCode,48377,0,2022-11-12T10:44:40.399Z,8,98.98,8,100,62962,1025,61.97,62492,550,33.25,63492,79,4.78,1671,99,1654,4047,8,8
1668250772,2022-11-12 04:59:32 -0600,fe20e5dac0dd4007d432cdd1755c5cbd8a784425,TX,48377,2,2022-11-09T01:00:00.000Z,FIPSCode,48377,0,2022-11-12T10:44:40.399Z,8,98.98,8,100,62962,1025,61.97,62492,550,33.25,63492,79,4.78,1671,99,1654,4047,8,8
1668250811,2022-11-12 05:00:11 -0600,6bd111405434c94e464918bc6d0c961f7ccaca6a,TX,48377,2,2022-11-09T01:00:00.000Z,FIPSCode,48377,0,2022-11-12T10:44:40.399Z,8,98.98,8,100,62962,1025,61.97,62492,550,33.25,63492,79,4.78,1671,99,1654,4047,8,8
1668250851,2022-11-12 05:00:51 -0600,a44c655af10be054243952a8ee3d9e3eef63aca9,TX,48377,2,2022-11-09T01:00:00.000Z,FIPSCode,48377,0,2022-11-12T10:44:40.399Z,8,98.98,8,100,62962,1025,61.97,62492,550,33.25,63492,79,4.78,1671,99,1654,4047,8,8
1668250967,2022-11-12 05:02:47 -0600,822dfc8e0737dec332b5e0d3438c8246666f24f5,TX,48377,2,2022-11-09T01:00:00.000Z,FIPSCode,48377,0,2022-11-12T10:44:40.399Z,8,98.98,8,100,62962,1025,61.97,62492,550,33.25,63492,79,4.78,1671,99,1654,4047,8,8
1668251007,2022-11-12 05:03:27 -0600,73a3324fc58008d2b934f7cfe32ff0c3e83878fb,TX,48377,2,2022-11-09T01:00:00.000Z,FIPSCode,48377,0,2022-11-12T10:44:40.399Z,8,98.98,8,100,62962,1025,61.97,62492,550,33.25,63492,79,4.78,1671,99,1654,4047,8,8
1668251049,2022-11-12 05:04:09 -0600,8ac2bdd54a0038ce054a9033f5885e9366e0815f,TX,48377,2,2022-11-09T01:00:00.000Z,FIPSCode,48377,0,2022-11-12T10:44:40.399Z,8,98.98,8,100,62962,1025,61.97,62492,550,33.25,63492,79,4.78,1671,99,1654,4047,8,8
1668251086,2022-11-12 05:04:46 -0600,13ef1e4200a671e89aaebb70836c0f338a2a5dfb,TX,48377,2,2022-11-09T01:00:00.000Z,FIPSCode,48377,0,2022-11-12T10:44:40.399Z,8,98.98,8,100,62962,1025,61.97,62492,550,33.25,63492,79,4.78,1671,99,1654,4047,8,8
1668251126,2022-11-12 05:05:26 -0600,c6de5afef7f03f31618c9abe81c880b6d3a30616,TX,48377,2,2022-11-09T01:00:00.000Z,FIPSCode,48377,0,2022-11-12T11:04:35.155Z,8,98.98,8,100,62962,1025,61.97,62492,550,33.25,63492,79,4.78,1671,99,1654,4047,8,8
1668251165,2022-11-12 05:06:05 -0600,fd190feac241c16aecebeb4dda2b3ca799881fd5,TX,48377,2,2022-11-09T01:00:00.000Z,FIPSCode,48377,0,2022-11-12T11:05:38.976Z,8,98.98,8,100,62962,1025,61.97,62492,550,33.25,63492,79,4.78,1671,99,1654,4047,8,8
1668251214,2022-11-12 05:06:54 -0600,0eaf5b0669ee8056dbf6a90c9dd098624cb2c017,TX,48377,2,2022-11-09T01:00:00.000Z,FIPSCode,48377,0,2022-11-12T11:06:38.297Z,8,98.98,8,100,62962,1025,61.97,62492,550,33.25,63492,79,4.78,1671,99,1654,4047,8,8
1668251299,2022-11-12 05:08:19 -0600,f8a0229d635fa646b0761b678127236a8f41afc6,TX,48377,2,2022-11-09T01:00:00.000Z,FIPSCode,48377,0,2022-11-12T11:07:16.925Z,8,98.98,8,100,62962,1025,61.97,62492,550,33.25,63492,79,4.78,1671,99,1654,4047,8,8
1668251338,2022-11-12 05:08:58 -0600,d185349e6c2425ac857aefcd8db8a7a8dc71bb3e,TX,48377,2,2022-11-09T01:00:00.000Z,FIPSCode,48377,0,2022-11-12T11:07:16.925Z,8,98.98,8,100,62962,1025,61.97,62492,550,33.25,63492,79,4.78,1671,99,1654,4047,8,8
1668251376,2022-11-12 05:09:36 -0600,eece2c210734f2ec785bcfb0fe6abfc707a5c072,TX,48377,2,2022-11-09T01:00:00.000Z,FIPSCode,48377,0,2022-11-12T11:07:16.925Z,8,98.98,8,100,62962,1025,61.97,62492,550,33.25,63492,79,4.78,1671,99,1654,4047,8,8
1668251417,2022-11-12 05:10:17 -0600,2e27455c4e2dac77b6bc5ea28e35ea3d1b8fde77,TX,48377,2,2022-11-09T01:00:00.000Z,FIPSCode,48377,0,2022-11-12T11:07:16.925Z,8,98.98,8,100,62962,1025,61.97,62492,550,33.25,63492,79,4.78,1671,99,1654,4047,8,8
1668251457,2022-11-12 05:10:57 -0600,cce7f2a39205d8dce5ceb510913eab6ee13ca6ba,TX,48377,2,2022-11-09T01:00:00.000Z,FIPSCode,48377,0,2022-11-12T11:07:16.925Z,8,98.98,8,100,62962,1025,61.97,62492,550,33.25,63492,79,4.78,1671,99,1654,4047,8,8
1668251496,2022-11-12 05:11:36 -0600,1ada26d4c06963d9934e6821a3f5bc701f36c530,TX,48377,2,2022-11-09T01:00:00.000Z,FIPSCode,48377,0,2022-11-12T11:07:16.925Z,8,98.98,8,100,62962,1025,61.97,62492,550,33.25,63492,79,4.78,1671,99,1654,4047,8,8
1668251535,2022-11-12 05:12:15 -0600,c020081fa33c3208be47e532d382dac8fc6282b7,TX,48377,2,2022-11-09T01:00:00.000Z,FIPSCode,48377,0,2022-11-12T11:07:16.925Z,8,98.98,8,100,62962,1025,61.97,62492,550,33.25,63492,79,4.78,1671,99,1654,4047,8,8
1668251575,2022-11-12 05:12:55 -0600,78468e8d04821f13a74b0ae7a886ed6fde7484aa,TX,48377,2,2022-11-09T01:00:00.000Z,FIPSCode,48377,0,2022-11-12T11:07:16.925Z,8,98.98,8,100,62962,1025,61.97,62492,550,33.25,63492,79,4.78,1671,99,1654,4047,8,8
1668251613,2022-11-12 05:13:33 -0600,5990e2e923448ace16b20a92370b25063891eec6,TX,48377,2,2022-11-09T01:00:00.000Z,FIPSCode,48377,0,2022-11-12T11:07:16.925Z,8,98.98,8,100,62962,1025,61.97,62492,550,33.25,63492,79,4.78,1671,99,1654,4047,8,8
1668251652,2022-11-12 05:14:12 -0600,45edc567292f3598d0d7c1fce255b70eeaa4de0e,TX,48377,2,2022-11-09T01:00:00.000Z,FIPSCode,48377,0,2022-11-12T11:07:16.925Z,8,98.98,8,100,62962,1025,61.97,62492,550,33.25,63492,79,4.78,1671,99,1654,4047,8,8
1668251691,2022-11-12 05:14:51 -0600,ffd48889a91fb89a52d0c40dd5457b41f0cd206c,TX,48377,2,2022-11-09T01:00:00.000Z,FIPSCode,48377,0,2022-11-12T11:07:16.925Z,8,98.98,8,100,62962,1025,61.97,62492,550,33.25,63492,79,4.78,1671,99,1654,4047,8,8
1668251733,2022-11-12 05:15:33 -0600,8546f6b7b51967e01437ed3fd17568d4716fb031,TX,48377,2,2022-11-09T01:00:00.000Z,FIPSCode,48377,0,2022-11-12T11:07:16.925Z,8,98.98,8,100,62962,1025,61.97,62492,550,33.25,63492,79,4.78,1671,99,1654,4047,8,8
1668251771,2022-11-12 05:16:11 -0600,11e5f85c33488f0976c553957bd8bbe714195f56,TX,48377,2,2022-11-09T01:00:00.000Z,FIPSCode,48377,0,2022-11-12T11:07:16.925Z,8,98.98,8,100,62962,1025,61.97,62492,550,33.25,63492,79,4.78,1671,99,1654,4047,8,8
1668251811,2022-11-12 05:16:51 -0600,daf475bd95ccb55e75d3809f651bd75cfd939710,TX,48377,2,2022-11-09T01:00:00.000Z,FIPSCode,48377,0,2022-11-12T11:07:16.925Z,8,98.98,8,100,62962,1025,61.97,62492,550,33.25,63492,79,4.78,1671,99,1654,4047,8,8
1668251891,2022-11-12 05:18:11 -0600,ac0333502859c91c088f25e6aa7ea3b1b7ff703c,TX,48377,2,2022-11-09T01:00:00.000Z,FIPSCode,48377,0,2022-11-12T11:07:16.925Z,8,98.98,8,100,62962,1025,61.97,62492,550,33.25,63492,79,4.78,1671,99,1654,4047,8,8
1668251931,2022-11-12 05:18:51 -0600,4a4a0db8b15963fff5cb5b007967e15fa78a592b,TX,48377,2,2022-11-09T01:00:00.000Z,FIPSCode,48377,0,2022-11-12T11:07:16.925Z,8,98.98,8,100,62962,1025,61.97,62492,550,33.25,63492,79,4.78,1671,99,1654,4047,8,8
1668251971,2022-11-12 05:19:31 -0600,60f87c85910c82c8418a65481bbf673b88c9b616,TX,48377,2,2022-11-09T01:00:00.000Z,FIPSCode,48377,0,2022-11-12T11:07:16.925Z,8,98.98,8,100,62962,1025,61.97,62492,550,33.25,63492,79,4.78,1671,99,1654,4047,8,8
1668252010,2022-11-12 05:20:10 -0600,b3977a3e36475125f58276c1af88a6d22cbe12df,TX,48377,2,2022-11-09T01:00:00.000Z,FIPSCode,48377,0,2022-11-12T11:07:16.925Z,8,98.98,8,100,62962,1025,61.97,62492,550,33.25,63492,79,4.78,1671,99,1654,4047,8,8
1668252048,2022-11-12 05:20:48 -0600,edf6105ab033884e30494a446e997c23af716ef1,TX,48377,2,2022-11-09T01:00:00.000Z,FIPSCode,48377,0,2022-11-12T11:07:16.925Z,8,98.98,8,100,62962,1025,61.97,62492,550,33.25,63492,79,4.78,1671,99,1654,4047,8,8
1668252087,2022-11-12 05:21:27 -0600,2f79c14f8ddb9709abffb3f39a2df0fce7daa006,TX,48377,2,2022-11-09T01:00:00.000Z,FIPSCode,48377,0,2022-11-12T11:07:16.925Z,8,98.98,8,100,62962,1025,61.97,62492,550,33.25,63492,79,4.78,1671,99,1654,4047,8,8
1668252126,2022-11-12 05:22:06 -0600,b44a6a7b0e959e39ba11b9c5391679f7ca8d5d2f,TX,48377,2,2022-11-09T01:00:00.000Z,FIPSCode,48377,0,2022-11-12T11:07:16.925Z,8,98.98,8,100,62962,1025,61.97,62492,550,33.25,63492,79,4.78,1671,99,1654,4047,8,8
1668252166,2022-11-12 05:22:46 -0600,5079f6a801a333c8c6aba43ada71f7c5fe7371cf,TX,48377,2,2022-11-09T01:00:00.000Z,FIPSCode,48377,0,2022-11-12T11:07:16.925Z,8,98.98,8,100,62962,1025,61.97,62492,550,33.25,63492,79,4.78,1671,99,1654,4047,8,8
1668252205,2022-11-12 05:23:25 -0600,857b7ef3ef47054a0040e9af1c81869667aeada8,TX,48377,2,2022-11-09T01:00:00.000Z,FIPSCode,48377,0,2022-11-12T11:07:16.925Z,8,98.98,8,100,62962,1025,61.97,62492,550,33.25,63492,79,4.78,1671,99,1654,4047,8,8
1668252244,2022-11-12 05:24:04 -0600,0d3f4bf1bb3a16482faf759a138ee57829902fbd,TX,48377,2,2022-11-09T01:00:00.000Z,FIPSCode,48377,0,2022-11-12T11:07:16.925Z,8,98.98,8,100,62962,1025,61.97,62492,550,33.25,63492,79,4.78,1671,99,1654,4047,8,8
1668252283,2022-11-12 05:24:43 -0600,deed181af9ed2bc0d5c7ad761f172391cc370bdf,TX,48377,2,2022-11-09T01:00:00.000Z,FIPSCode,48377,0,2022-11-12T11:07:16.925Z,8,98.98,8,100,62962,1025,61.97,62492,550,33.25,63492,79,4.78,1671,99,1654,4047,8,8
1668252324,2022-11-12 05:25:24 -0600,63292be7036daa8abc82908394c2182d1874ce1d,TX,48377,2,2022-11-09T01:00:00.000Z,FIPSCode,48377,0,2022-11-12T11:07:16.925Z,8,98.98,8,100,62962,1025,61.97,62492,550,33.25,63492,79,4.78,1671,99,1654,4047,8,8
1668252364,2022-11-12 05:26:04 -0600,2b90605002f9780a51e50d867e87259b5b6ac26d,TX,48377,2,2022-11-09T01:00:00.000Z,FIPSCode,48377,0,2022-11-12T11:07:16.925Z,8,98.98,8,100,62962,1025,61.97,62492,550,33.25,63492,79,4.78,1671,99,1654,4047,8,8
1668252404,2022-11-12 05:26:44 -0600,6971fee93ea5914ed00af303df78e530f72d923d,TX,48377,2,2022-11-09T01:00:00.000Z,FIPSCode,48377,0,2022-11-12T11:07:16.925Z,8,98.98,8,100,62962,1025,61.97,62492,550,33.25,63492,79,4.78,1671,99,1654,4047,8,8
1668252482,2022-11-12 05:28:02 -0600,0ac8ae81c01dd3158bb09135c045ef898b385d17,TX,48377,2,2022-11-09T01:00:00.000Z,FIPSCode,48377,0,2022-11-12T11:07:16.925Z,8,98.98,8,100,62962,1025,61.97,62492,550,33.25,63492,79,4.78,1671,99,1654,4047,8,8
1668252521,2022-11-12 05:28:41 -0600,f398e79967c9f0f5fbc9fd2d01927e255bd8e75a,TX,48377,2,2022-11-09T01:00:00.000Z,FIPSCode,48377,0,2022-11-12T11:07:16.925Z,8,98.98,8,100,62962,1025,61.97,62492,550,33.25,63492,79,4.78,1671,99,1654,4047,8,8
1668252559,2022-11-12 05:29:19 -0600,cc787565d529a9947405c15c3b802a58f5c878aa,TX,48377,2,2022-11-09T01:00:00.000Z,FIPSCode,48377,0,2022-11-12T11:07:16.925Z,8,98.98,8,100,62962,1025,61.97,62492,550,33.25,63492,79,4.78,1671,99,1654,4047,8,8
1668252599,2022-11-12 05:29:59 -0600,77aef5ff2e0da8737e4034236f0fc24712e52b4d,TX,48377,2,2022-11-09T01:00:00.000Z,FIPSCode,48377,0,2022-11-12T11:07:16.925Z,8,98.98,8,100,62962,1025,61.97,62492,550,33.25,63492,79,4.78,1671,99,1654,4047,8,8
1668252637,2022-11-12 05:30:37 -0600,c307c214025d22d9a5f1b7bf6ffeedd4ac5bcffe,TX,48377,2,2022-11-09T01:00:00.000Z,FIPSCode,48377,0,2022-11-12T11:07:16.925Z,8,98.98,8,100,62962,1025,61.97,62492,550,33.25,63492,79,4.78,1671,99,1654,4047,8,8
1668252716,2022-11-12 05:31:56 -0600,fed517af7cfa6e0a5cf3d7f0fc1f820cec95a0fa,TX,48377,2,2022-11-09T01:00:00.000Z,FIPSCode,48377,0,2022-11-12T11:07:16.925Z,8,98.98,8,100,62962,1025,61.97,62492,550,33.25,63492,79,4.78,1671,99,1654,4047,8,8
1668252755,2022-11-12 05:32:35 -0600,c326acfb9b516019e24b6596d6c7a4c9cf05d880,TX,48377,2,2022-11-09T01:00:00.000Z,FIPSCode,48377,0,2022-11-12T11:07:16.925Z,8,98.98,8,100,62962,1025,61.97,62492,550,33.25,63492,79,4.78,1671,99,1654,4047,8,8
1668252795,2022-11-12 05:33:15 -0600,afafef783763ce211bdc349e79a1a20767d1e53a,TX,48377,2,2022-11-09T01:00:00.000Z,FIPSCode,48377,0,2022-11-12T11:07:16.925Z,8,98.98,8,100,62962,1025,61.97,62492,550,33.25,63492,79,4.78,1671,99,1654,4047,8,8
1668252835,2022-11-12 05:33:55 -0600,422aeaac7e50a2b52c6f34bed6623dcf0cc558a7,TX,48377,2,2022-11-09T01:00:00.000Z,FIPSCode,48377,0,2022-11-12T11:07:16.925Z,8,98.98,8,100,62962,1025,61.97,62492,550,33.25,63492,79,4.78,1671,99,1654,4047,8,8
1668252875,2022-11-12 05:34:35 -0600,f49b90d428124592d5e901c650d777ec0ab6c84e,TX,48377,2,2022-11-09T01:00:00.000Z,FIPSCode,48377,0,2022-11-12T11:07:16.925Z,8,98.98,8,100,62962,1025,61.97,62492,550,33.25,63492,79,4.78,1671,99,1654,4047,8,8
1668252916,2022-11-12 05:35:16 -0600,156b3a06b5b93cb539cdb41a44fdebce7ca608ed,TX,48377,2,2022-11-09T01:00:00.000Z,FIPSCode,48377,0,2022-11-12T11:07:16.925Z,8,98.98,8,100,62962,1025,61.97,62492,550,33.25,63492,79,4.78,1671,99,1654,4047,8,8
1668252955,2022-11-12 05:35:55 -0600,791f88a81aa268b25da727fc5d7cc4a546c0b0ce,TX,48377,2,2022-11-09T01:00:00.000Z,FIPSCode,48377,0,2022-11-12T11:07:16.925Z,8,98.98,8,100,62962,1025,61.97,62492,550,33.25,63492,79,4.78,1671,99,1654,4047,8,8
1668252996,2022-11-12 05:36:36 -0600,2571f4efb59d8c852122196dde14264d78526ca6,TX,48377,2,2022-11-09T01:00:00.000Z,FIPSCode,48377,0,2022-11-12T11:07:16.925Z,8,98.98,8,100,62962,1025,61.97,62492,550,33.25,63492,79,4.78,1671,99,1654,4047,8,8
1668253035,2022-11-12 05:37:15 -0600,ca48aa0b04912eb0e16033930f701aa3375ef964,TX,48377,2,2022-11-09T01:00:00.000Z,FIPSCode,48377,0,2022-11-12T11:36:39.288Z,8,98.98,8,100,62962,1025,61.97,62492,550,33.25,63492,79,4.78,1671,99,1654,4047,8,8
1668253075,2022-11-12 05:37:55 -0600,739268bf7f83e9961311e9d946f16b188bd771ed,TX,48377,2,2022-11-09T01:00:00.000Z,FIPSCode,48377,0,2022-11-12T11:37:18.326Z,8,98.98,8,100,62962,1025,61.97,62492,550,33.25,63492,79,4.78,1671,99,1654,4047,8,8
1668253114,2022-11-12 05:38:34 -0600,5c235bff39b7ca9402ec18816c8d8c43f82d7158,TX,48377,2,2022-11-09T01:00:00.000Z,FIPSCode,48377,0,2022-11-12T11:37:18.326Z,8,98.98,8,100,62962,1025,61.97,62492,550,33.25,63492,79,4.78,1671,99,1654,4047,8,8
1668253154,2022-11-12 05:39:14 -0600,6f5279d8ae83f8471a7cf739949b5dfef2578adb,TX,48377,2,2022-11-09T01:00:00.000Z,FIPSCode,48377,0,2022-11-12T11:38:35.944Z,8,98.98,8,100,62962,1025,61.97,62492,550,33.25,63492,79,4.78,1671,99,1654,4047,8,8
1668253193,2022-11-12 05:39:53 -0600,a394e0a50f46678734c84f42dde7e6724bc09cd7,TX,48377,2,2022-11-09T01:00:00.000Z,FIPSCode,48377,0,2022-11-12T11:39:15.961Z,8,98.98,8,100,62962,1025,61.97,62492,550,33.25,63492,79,4.78,1671,99,1654,4047,8,8
1668253233,2022-11-12 05:40:33 -0600,d79bb33061c5671ac1c78b2ea6c5502a40aa0272,TX,48377,2,2022-11-09T01:00:00.000Z,FIPSCode,48377,0,2022-11-12T11:39:15.961Z,8,98.98,8,100,62962,1025,61.97,62492,550,33.25,63492,79,4.78,1671,99,1654,4047,8,8
1668253272,2022-11-12 05:41:12 -0600,e77931231cd4a92e09fff3fcb10c082187ae0a4a,TX,48377,2,2022-11-09T01:00:00.000Z,FIPSCode,48377,0,2022-11-12T11:39:15.961Z,8,98.98,8,100,62962,1025,61.97,62492,550,33.25,63492,79,4.78,1671,99,1654,4047,8,8
1668253312,2022-11-12 05:41:52 -0600,97fa23f438e8d7790add7168287e804cf3bd0087,TX,48377,2,2022-11-09T01:00:00.000Z,FIPSCode,48377,0,2022-11-12T11:39:15.961Z,8,98.98,8,100,62962,1025,61.97,62492,550,33.25,63492,79,4.78,1671,99,1654,4047,8,8
1668253390,2022-11-12 05:43:10 -0600,7f22eb572279e8297edd8aafbffa74c5e7b310e8,TX,48377,2,2022-11-09T01:00:00.000Z,FIPSCode,48377,0,2022-11-12T11:39:15.961Z,8,98.98,8,100,62962,1025,61.97,62492,550,33.25,63492,79,4.78,1671,99,1654,4047,8,8
1668253429,2022-11-12 05:43:49 -0600,3265a1db94448889b7c4f4b61fa0b19ba9b71b17,TX,48377,2,2022-11-09T01:00:00.000Z,FIPSCode,48377,0,2022-11-12T11:39:15.961Z,8,98.98,8,100,62962,1025,61.97,62492,550,33.25,63492,79,4.78,1671,99,1654,4047,8,8
1668253467,2022-11-12 05:44:27 -0600,9db3a8c843879e3e5fe133719b4fd5fb2bf9897e,TX,48377,2,2022-11-09T01:00:00.000Z,FIPSCode,48377,0,2022-11-12T11:39:15.961Z,8,98.98,8,100,62962,1025,61.97,62492,550,33.25,63492,79,4.78,1671,99,1654,4047,8,8
1668253506,2022-11-12 05:45:06 -0600,2ae2774f7e2b59d7dce1894d181c835282e01a55,TX,48377,2,2022-11-09T01:00:00.000Z,FIPSCode,48377,0,2022-11-12T11:39:15.961Z,8,98.98,8,100,62962,1025,61.97,62492,550,33.25,63492,79,4.78,1671,99,1654,4047,8,8
1668253545,2022-11-12 05:45:45 -0600,e7d39ca60c2457371dab9beee35d6f5dd9067d2f,TX,48377,2,2022-11-09T01:00:00.000Z,FIPSCode,48377,0,2022-11-12T11:39:15.961Z,8,98.98,8,100,62962,1025,61.97,62492,550,33.25,63492,79,4.78,1671,99,1654,4047,8,8
1668253624,2022-11-12 05:47:04 -0600,bca3429f1ab79efc02c94e8f44591445176f0194,TX,48377,2,2022-11-09T01:00:00.000Z,FIPSCode,48377,0,2022-11-12T11:39:15.961Z,8,98.98,8,100,62962,1025,61.97,62492,550,33.25,63492,79,4.78,1671,99,1654,4047,8,8
1668253663,2022-11-12 05:47:43 -0600,d524c76a2bf699c0908dec3a2d83471d34b152bb,TX,48377,2,2022-11-09T01:00:00.000Z,FIPSCode,48377,0,2022-11-12T11:39:15.961Z,8,98.98,8,100,62962,1025,61.97,62492,550,33.25,63492,79,4.78,1671,99,1654,4047,8,8
1668253702,2022-11-12 05:48:22 -0600,9a9545044cf74c6fd600e3278b23dc845b452970,TX,48377,2,2022-11-09T01:00:00.000Z,FIPSCode,48377,0,2022-11-12T11:39:15.961Z,8,98.98,8,100,62962,1025,61.97,62492,550,33.25,63492,79,4.78,1671,99,1654,4047,8,8
1668253741,2022-11-12 05:49:01 -0600,6bb61a9ff1a443e90ed1961fa75ccd2acb03d957,TX,48377,2,2022-11-09T01:00:00.000Z,FIPSCode,48377,0,2022-11-12T11:39:15.961Z,8,98.98,8,100,62962,1025,61.97,62492,550,33.25,63492,79,4.78,1671,99,1654,4047,8,8
1668253820,2022-11-12 05:50:20 -0600,f99ab912b7727f65d650c8ca51c93b036d494b39,TX,48377,2,2022-11-09T01:00:00.000Z,FIPSCode,48377,0,2022-11-12T11:39:15.961Z,8,98.98,8,100,62962,1025,61.97,62492,550,33.25,63492,79,4.78,1671,99,1654,4047,8,8
1668253859,2022-11-12 05:50:59 -0600,7f143ccea1683b2b8b306f1fbd283f6591ff2b50,TX,48377,2,2022-11-09T01:00:00.000Z,FIPSCode,48377,0,2022-11-12T11:39:15.961Z,8,98.98,8,100,62962,1025,61.97,62492,550,33.25,63492,79,4.78,1671,99,1654,4047,8,8
1668253938,2022-11-12 05:52:18 -0600,32e56d2595efcf85deb5fa8f5ead4ca6c494ef46,TX,48377,2,2022-11-09T01:00:00.000Z,FIPSCode,48377,0,2022-11-12T11:39:15.961Z,8,98.98,8,100,62962,1025,61.97,62492,550,33.25,63492,79,4.78,1671,99,1654,4047,8,8
1668253978,2022-11-12 05:52:58 -0600,3cf56ac1837827d8754502e6b5c291395b52b26d,TX,48377,2,2022-11-09T01:00:00.000Z,FIPSCode,48377,0,2022-11-12T11:39:15.961Z,8,98.98,8,100,62962,1025,61.97,62492,550,33.25,63492,79,4.78,1671,99,1654,4047,8,8
1668254018,2022-11-12 05:53:38 -0600,f02e2d217caed1b4baef6a193a3d3a2ab9e06514,TX,48377,2,2022-11-09T01:00:00.000Z,FIPSCode,48377,0,2022-11-12T11:39:15.961Z,8,98.98,8,100,62962,1025,61.97,62492,550,33.25,63492,79,4.78,1671,99,1654,4047,8,8
1668254061,2022-11-12 05:54:21 -0600,9f9132e59a0d5143bd69ff852f7ac6d6f30c3416,TX,48377,2,2022-11-09T01:00:00.000Z,FIPSCode,48377,0,2022-11-12T11:39:15.961Z,8,98.98,8,100,62962,1025,61.97,62492,550,33.25,63492,79,4.78,1671,99,1654,4047,8,8
1668254101,2022-11-12 05:55:01 -0600,b34bcacc41faef4c8f5a31653ae7ff61ceb051e8,TX,48377,2,2022-11-09T01:00:00.000Z,FIPSCode,48377,0,2022-11-12T11:39:15.961Z,8,98.98,8,100,62962,1025,61.97,62492,550,33.25,63492,79,4.78,1671,99,1654,4047,8,8
1668254141,2022-11-12 05:55:41 -0600,98e555ef900aba4f043f2b618a2a5f15abb4e480,TX,48377,2,2022-11-09T01:00:00.000Z,FIPSCode,48377,0,2022-11-12T11:39:15.961Z,8,98.98,8,100,62962,1025,61.97,62492,550,33.25,63492,79,4.78,1671,99,1654,4047,8,8
1668254181,2022-11-12 05:56:21 -0600,aba5c37e0cbf7a490d2a1bec4e0a9514c26e1d5a,TX,48377,2,2022-11-09T01:00:00.000Z,FIPSCode,48377,0,2022-11-12T11:39:15.961Z,8,98.98,8,100,62962,1025,61.97,62492,550,33.25,63492,79,4.78,1671,99,1654,4047,8,8
1668254222,2022-11-12 05:57:02 -0600,6b1035bfc6fe19e92b53f49dd75f448016203889,TX,48377,2,2022-11-09T01:00:00.000Z,FIPSCode,48377,0,2022-11-12T11:39:15.961Z,8,98.98,8,100,62962,1025,61.97,62492,550,33.25,63492,79,4.78,1671,99,1654,4047,8,8
1668254263,2022-11-12 05:57:43 -0600,0b38a696d650e4bf6df00fc0f3d91dc372546fe5,TX,48377,2,2022-11-09T01:00:00.000Z,FIPSCode,48377,0,2022-11-12T11:39:15.961Z,8,98.98,8,100,62962,1025,61.97,62492,550,33.25,63492,79,4.78,1671,99,1654,4047,8,8
1668254302,2022-11-12 05:58:22 -0600,9448d7eda3c175c89cb66e8f01e439f2dee20a28,TX,48377,2,2022-11-09T01:00:00.000Z,FIPSCode,48377,0,2022-11-12T11:39:15.961Z,8,98.98,8,100,62962,1025,61.97,62492,550,33.25,63492,79,4.78,1671,99,1654,4047,8,8
1668254341,2022-11-12 05:59:01 -0600,ad229045d68e7ad751b81670c47d8ce428deef62,TX,48377,2,2022-11-09T01:00:00.000Z,FIPSCode,48377,0,2022-11-12T11:39:15.961Z,8,98.98,8,100,62962,1025,61.97,62492,550,33.25,63492,79,4.78,1671,99,1654,4047,8,8
1668254382,2022-11-12 05:59:42 -0600,60042557e5b445bb73c9b50e25c365643adf1bbf,TX,48377,2,2022-11-09T01:00:00.000Z,FIPSCode,48377,0,2022-11-12T11:39:15.961Z,8,98.98,8,100,62962,1025,61.97,62492,550,33.25,63492,79,4.78,1671,99,1654,4047,8,8
1668254421,2022-11-12 06:00:21 -0600,21469a26cc76765d3f38102c745bcb249162ccc8,TX,48377,2,2022-11-09T01:00:00.000Z,FIPSCode,48377,0,2022-11-12T11:39:15.961Z,8,98.98,8,100,62962,1025,61.97,62492,550,33.25,63492,79,4.78,1671,99,1654,4047,8,8
1668254461,2022-11-12 06:01:01 -0600,c2d3c1c2fc90a89eabd3b39fa8314c715baaa34e,TX,48377,2,2022-11-09T01:00:00.000Z,FIPSCode,48377,0,2022-11-12T11:39:15.961Z,8,98.98,8,100,62962,1025,61.97,62492,550,33.25,63492,79,4.78,1671,99,1654,4047,8,8
1668254542,2022-11-12 06:02:22 -0600,13baf04e31e95e6a58b198fa1398e6b2c4a7b163,TX,48377,2,2022-11-09T01:00:00.000Z,FIPSCode,48377,0,2022-11-12T11:39:15.961Z,8,98.98,8,100,62962,1025,61.97,62492,550,33.25,63492,79,4.78,1671,99,1654,4047,8,8
1668254583,2022-11-12 06:03:03 -0600,9aeb4815a33a26825ddade2cdb452645453bdc35,TX,48377,2,2022-11-09T01:00:00.000Z,FIPSCode,48377,0,2022-11-12T11:39:15.961Z,8,98.98,8,100,62962,1025,61.97,62492,550,33.25,63492,79,4.78,1671,99,1654,4047,8,8
1668254662,2022-11-12 06:04:22 -0600,732af2973907e636b17863ef2044e24be7139186,TX,48377,2,2022-11-09T01:00:00.000Z,FIPSCode,48377,0,2022-11-12T11:39:15.961Z,8,98.98,8,100,62962,1025,61.97,62492,550,33.25,63492,79,4.78,1671,99,1654,4047,8,8
1668254701,2022-11-12 06:05:01 -0600,ac0e30e449596eb23ac4efea62f27baa24d78187,TX,48377,2,2022-11-09T01:00:00.000Z,FIPSCode,48377,0,2022-11-12T11:39:15.961Z,8,98.98,8,100,62962,1025,61.97,62492,550,33.25,63492,79,4.78,1671,99,1654,4047,8,8
1668254741,2022-11-12 06:05:41 -0600,1458c5bac886b7d98e4d3b4e14059e6b008bb890,TX,48377,2,2022-11-09T01:00:00.000Z,FIPSCode,48377,0,2022-11-12T11:39:15.961Z,8,98.98,8,100,62962,1025,61.97,62492,550,33.25,63492,79,4.78,1671,99,1654,4047,8,8
1668254780,2022-11-12 06:06:20 -0600,169634f683cf5eb7ed582cab35a272d25c9cb3c6,TX,48377,2,2022-11-09T01:00:00.000Z,FIPSCode,48377,0,2022-11-12T11:39:15.961Z,8,98.98,8,100,62962,1025,61.97,62492,550,33.25,63492,79,4.78,1671,99,1654,4047,8,8
1668254821,2022-11-12 06:07:01 -0600,219c42fd0b60e200116eb37fa5b7abe2bd2d8e5c,TX,48377,2,2022-11-09T01:00:00.000Z,FIPSCode,48377,0,2022-11-12T11:39:15.961Z,8,98.98,8,100,62962,1025,61.97,62492,550,33.25,63492,79,4.78,1671,99,1654,4047,8,8
1668254859,2022-11-12 06:07:39 -0600,7c2e8c6e29412d05b12f68bd6ec6428655861d6e,TX,48377,2,2022-11-09T01:00:00.000Z,FIPSCode,48377,0,2022-11-12T11:39:15.961Z,8,98.98,8,100,62962,1025,61.97,62492,550,33.25,63492,79,4.78,1671,99,1654,4047,8,8
1668254899,2022-11-12 06:08:19 -0600,ca4a84d46752a093c2987db3a8dbb61814268f33,TX,48377,2,2022-11-09T01:00:00.000Z,FIPSCode,48377,0,2022-11-12T11:39:15.961Z,8,98.98,8,100,62962,1025,61.97,62492,550,33.25,63492,79,4.78,1671,99,1654,4047,8,8
1668254939,2022-11-12 06:08:59 -0600,e7509df94c0afb40dc83bfc124388698d01d3a50,TX,48377,2,2022-11-09T01:00:00.000Z,FIPSCode,48377,0,2022-11-12T11:39:15.961Z,8,98.98,8,100,62962,1025,61.97,62492,550,33.25,63492,79,4.78,1671,99,1654,4047,8,8
1668254978,2022-11-12 06:09:38 -0600,1e124a73a67a7dc8bd06e4391b1b0d9a53fb22b4,TX,48377,2,2022-11-09T01:00:00.000Z,FIPSCode,48377,0,2022-11-12T11:39:15.961Z,8,98.98,8,100,62962,1025,61.97,62492,550,33.25,63492,79,4.78,1671,99,1654,4047,8,8
1668255098,2022-11-12 06:11:38 -0600,ccb48f36cbf6ed40873c90fc82d9200f68af9cdb,TX,48377,2,2022-11-09T01:00:00.000Z,FIPSCode,48377,0,2022-11-12T11:39:15.961Z,8,98.98,8,100,62962,1025,61.97,62492,550,33.25,63492,79,4.78,1671,99,1654,4047,8,8
1668255139,2022-11-12 06:12:19 -0600,ee22197a5b273f3e78001db03b1a031447ca337e,TX,48377,2,2022-11-09T01:00:00.000Z,FIPSCode,48377,0,2022-11-12T11:39:15.961Z,8,98.98,8,100,62962,1025,61.97,62492,550,33.25,63492,79,4.78,1671,99,1654,4047,8,8
1668255180,2022-11-12 06:13:00 -0600,14171875829d591dfc667dee86ceba07d70f09e6,TX,48377,2,2022-11-09T01:00:00.000Z,FIPSCode,48377,0,2022-11-12T11:39:15.961Z,8,98.98,8,100,62962,1025,61.97,62492,550,33.25,63492,79,4.78,1671,99,1654,4047,8,8
1668255219,2022-11-12 06:13:39 -0600,2c0ded6b63a9649a857044b4cd30b23ef234492c,TX,48377,2,2022-11-09T01:00:00.000Z,FIPSCode,48377,0,2022-11-12T11:39:15.961Z,8,98.98,8,100,62962,1025,61.97,62492,550,33.25,63492,79,4.78,1671,99,1654,4047,8,8
1668255257,2022-11-12 06:14:17 -0600,5e66d2be978cae4be2bf4be1cd8aa49ed646e9dd,TX,48377,2,2022-11-09T01:00:00.000Z,FIPSCode,48377,0,2022-11-12T11:39:15.961Z,8,98.98,8,100,62962,1025,61.97,62492,550,33.25,63492,79,4.78,1671,99,1654,4047,8,8
1668255297,2022-11-12 06:14:57 -0600,1ca3e2ff70d9d7bc52c2c37fe04c01401a3fc2bc,TX,48377,2,2022-11-09T01:00:00.000Z,FIPSCode,48377,0,2022-11-12T11:39:15.961Z,8,98.98,8,100,62962,1025,61.97,62492,550,33.25,63492,79,4.78,1671,99,1654,4047,8,8
1668255375,2022-11-12 06:16:15 -0600,ae5fbecfe0e961ba2af6ad99cbad551f05c20607,TX,48377,2,2022-11-09T01:00:00.000Z,FIPSCode,48377,0,2022-11-12T11:39:15.961Z,8,98.98,8,100,62962,1025,61.97,62492,550,33.25,63492,79,4.78,1671,99,1654,4047,8,8
1668255414,2022-11-12 06:16:54 -0600,9b8578e5b3cf671803552822fd8d39dde0d01f9d,TX,48377,2,2022-11-09T01:00:00.000Z,FIPSCode,48377,0,2022-11-12T11:39:15.961Z,8,98.98,8,100,62962,1025,61.97,62492,550,33.25,63492,79,4.78,1671,99,1654,4047,8,8
1668255454,2022-11-12 06:17:34 -0600,90bd2e6b1318cbf836944fbf5d3fd0ffec74fd82,TX,48377,2,2022-11-09T01:00:00.000Z,FIPSCode,48377,0,2022-11-12T11:39:15.961Z,8,98.98,8,100,62962,1025,61.97,62492,550,33.25,63492,79,4.78,1671,99,1654,4047,8,8
1668255536,2022-11-12 06:18:56 -0600,f6e8c24aa3ce8c92fde0395152c3e3e6303e24f8,TX,48377,2,2022-11-09T01:00:00.000Z,FIPSCode,48377,0,2022-11-12T11:39:15.961Z,8,98.98,8,100,62962,1025,61.97,62492,550,33.25,63492,79,4.78,1671,99,1654,4047,8,8
1668255574,2022-11-12 06:19:34 -0600,36f80c5fc6a849c7d651903e7ca399c1aba479a0,TX,48377,2,2022-11-09T01:00:00.000Z,FIPSCode,48377,0,2022-11-12T11:39:15.961Z,8,98.98,8,100,62962,1025,61.97,62492,550,33.25,63492,79,4.78,1671,99,1654,4047,8,8
1668255656,2022-11-12 06:20:56 -0600,08459cc534272659ef48828bc2b84f914903b29a,TX,48377,2,2022-11-09T01:00:00.000Z,FIPSCode,48377,0,2022-11-12T11:39:15.961Z,8,98.98,8,100,62962,1025,61.97,62492,550,33.25,63492,79,4.78,1671,99,1654,4047,8,8
1668255697,2022-11-12 06:21:37 -0600,4843da4af1301cea3ee19a0820c0c7030dfce8b1,TX,48377,2,2022-11-09T01:00:00.000Z,FIPSCode,48377,0,2022-11-12T11:39:15.961Z,8,98.98,8,100,62962,1025,61.97,62492,550,33.25,63492,79,4.78,1671,99,1654,4047,8,8
1668255736,2022-11-12 06:22:16 -0600,aa62478d94f8739d5858d66757c7c86526f005dd,TX,48377,2,2022-11-09T01:00:00.000Z,FIPSCode,48377,0,2022-11-12T11:39:15.961Z,8,98.98,8,100,62962,1025,61.97,62492,550,33.25,63492,79,4.78,1671,99,1654,4047,8,8
1668255775,2022-11-12 06:22:55 -0600,1d6af508776f0a745c1a894584d01ea989e08a00,TX,48377,2,2022-11-09T01:00:00.000Z,FIPSCode,48377,0,2022-11-12T11:39:15.961Z,8,98.98,8,100,62962,1025,61.97,62492,550,33.25,63492,79,4.78,1671,99,1654,4047,8,8
1668255855,2022-11-12 06:24:15 -0600,51d7975a76c4b9324436bb1dfae31aad46a890b6,TX,48377,2,2022-11-09T01:00:00.000Z,FIPSCode,48377,0,2022-11-12T11:39:15.961Z,8,98.98,8,100,62962,1025,61.97,62492,550,33.25,63492,79,4.78,1671,99,1654,4047,8,8
1668255894,2022-11-12 06:24:54 -0600,4bcc0876dae3301f6ffe5a26f7bdcf0a1c7f9e7f,TX,48377,2,2022-11-09T01:00:00.000Z,FIPSCode,48377,0,2022-11-12T11:39:15.961Z,8,98.98,8,100,62962,1025,61.97,62492,550,33.25,63492,79,4.78,1671,99,1654,4047,8,8
1668255933,2022-11-12 06:25:33 -0600,b7fdb7a7a9e3ef9d58a9fbb92eb3b56860691df7,TX,48377,2,2022-11-09T01:00:00.000Z,FIPSCode,48377,0,2022-11-12T11:39:15.961Z,8,98.98,8,100,62962,1025,61.97,62492,550,33.25,63492,79,4.78,1671,99,1654,4047,8,8
1668255972,2022-11-12 06:26:12 -0600,dec166a96a9677494f83e65d24c746cf384ac3ad,TX,48377,2,2022-11-09T01:00:00.000Z,FIPSCode,48377,0,2022-11-12T11:39:15.961Z,8,98.98,8,100,62962,1025,61.97,62492,550,33.25,63492,79,4.78,1671,99,1654,4047,8,8
1668256011,2022-11-12 06:26:51 -0600,35d0fc7f6be0e804bcfcb610e00c892728888fd5,TX,48377,2,2022-11-09T01:00:00.000Z,FIPSCode,48377,0,2022-11-12T11:39:15.961Z,8,98.98,8,100,62962,1025,61.97,62492,550,33.25,63492,79,4.78,1671,99,1654,4047,8,8
1668256050,2022-11-12 06:27:30 -0600,40c299ef7eacc9cd5c540971aea0d6a46b7e7db2,TX,48377,2,2022-11-09T01:00:00.000Z,FIPSCode,48377,0,2022-11-12T11:39:15.961Z,8,98.98,8,100,62962,1025,61.97,62492,550,33.25,63492,79,4.78,1671,99,1654,4047,8,8
1668256090,2022-11-12 06:28:10 -0600,6c6e4f13608a15ff05588a14d87d0ec366f43b34,TX,48377,2,2022-11-09T01:00:00.000Z,FIPSCode,48377,0,2022-11-12T11:39:15.961Z,8,98.98,8,100,62962,1025,61.97,62492,550,33.25,63492,79,4.78,1671,99,1654,4047,8,8
1668256128,2022-11-12 06:28:48 -0600,2a2f46179528c1c0a7092ff8ce8519b974d2342c,TX,48377,2,2022-11-09T01:00:00.000Z,FIPSCode,48377,0,2022-11-12T11:39:15.961Z,8,98.98,8,100,62962,1025,61.97,62492,550,33.25,63492,79,4.78,1671,99,1654,4047,8,8
1668256324,2022-11-12 06:32:04 -0600,b668979b1ed71ac61556b81ac503a92ca27f480f,TX,48377,2,2022-11-09T01:00:00.000Z,FIPSCode,48377,0,2022-11-12T11:39:15.961Z,8,98.98,8,100,62962,1025,61.97,62492,550,33.25,63492,79,4.78,1671,99,1654,4047,8,8
1668256365,2022-11-12 06:32:45 -0600,b121683ad5a81b49019511cb76763d404605ae1f,TX,48377,2,2022-11-09T01:00:00.000Z,FIPSCode,48377,0,2022-11-12T11:39:15.961Z,8,98.98,8,100,62962,1025,61.97,62492,550,33.25,63492,79,4.78,1671,99,1654,4047,8,8
1668256406,2022-11-12 06:33:26 -0600,0156fad95ae1c449f2cf88752d8f53bfda8fba1b,TX,48377,2,2022-11-09T01:00:00.000Z,FIPSCode,48377,0,2022-11-12T11:39:15.961Z,8,98.98,8,100,62962,1025,61.97,62492,550,33.25,63492,79,4.78,1671,99,1654,4047,8,8
1668256444,2022-11-12 06:34:04 -0600,7677b60d9299ed1ce0f061a1039c07e26626498c,TX,48377,2,2022-11-09T01:00:00.000Z,FIPSCode,48377,0,2022-11-12T11:39:15.961Z,8,98.98,8,100,62962,1025,61.97,62492,550,33.25,63492,79,4.78,1671,99,1654,4047,8,8
1668256523,2022-11-12 06:35:23 -0600,3363832a485e406d217e299f24b031e8ae30f5a4,TX,48377,2,2022-11-09T01:00:00.000Z,FIPSCode,48377,0,2022-11-12T11:39:15.961Z,8,98.98,8,100,62962,1025,61.97,62492,550,33.25,63492,79,4.78,1671,99,1654,4047,8,8
1668256564,2022-11-12 06:36:04 -0600,39d930d46626474b69bec34805a01a15222aa755,TX,48377,2,2022-11-09T01:00:00.000Z,FIPSCode,48377,0,2022-11-12T11:39:15.961Z,8,98.98,8,100,62962,1025,61.97,62492,550,33.25,63492,79,4.78,1671,99,1654,4047,8,8
1668256604,2022-11-12 06:36:44 -0600,7562cdb664a674301d72bd41d5f19f120b971baf,TX,48377,2,2022-11-09T01:00:00.000Z,FIPSCode,48377,0,2022-11-12T11:39:15.961Z,8,98.98,8,100,62962,1025,61.97,62492,550,33.25,63492,79,4.78,1671,99,1654,4047,8,8
1668256644,2022-11-12 06:37:24 -0600,f4aa601246a1a56698f7c251668d2daed663f36f,TX,48377,2,2022-11-09T01:00:00.000Z,FIPSCode,48377,0,2022-11-12T11:39:15.961Z,8,98.98,8,100,62962,1025,61.97,62492,550,33.25,63492,79,4.78,1671,99,1654,4047,8,8
1668256683,2022-11-12 06:38:03 -0600,eabfa9eb7215c2162cf46365963eef7c246bbb4b,TX,48377,2,2022-11-09T01:00:00.000Z,FIPSCode,48377,0,2022-11-12T11:39:15.961Z,8,98.98,8,100,62962,1025,61.97,62492,550,33.25,63492,79,4.78,1671,99,1654,4047,8,8
1668256723,2022-11-12 06:38:43 -0600,1ff64a26a3f9509dbe0c5e86cd99f3f27f7f567a,TX,48377,2,2022-11-09T01:00:00.000Z,FIPSCode,48377,0,2022-11-12T11:39:15.961Z,8,98.98,8,100,62962,1025,61.97,62492,550,33.25,63492,79,4.78,1671,99,1654,4047,8,8
1668256764,2022-11-12 06:39:24 -0600,0e2482203b7e3995fbb030979868b91a98abb93d,TX,48377,2,2022-11-09T01:00:00.000Z,FIPSCode,48377,0,2022-11-12T11:39:15.961Z,8,98.98,8,100,62962,1025,61.97,62492,550,33.25,63492,79,4.78,1671,99,1654,4047,8,8
1668256804,2022-11-12 06:40:04 -0600,5b89f6f2052bb57e253e7fefade0a727bacdd420,TX,48377,2,2022-11-09T01:00:00.000Z,FIPSCode,48377,0,2022-11-12T11:39:15.961Z,8,98.98,8,100,62962,1025,61.97,62492,550,33.25,63492,79,4.78,1671,99,1654,4047,8,8
1668256845,2022-11-12 06:40:45 -0600,b564eecfd83a544abc2eaac90a06d51c4aacb62e,TX,48377,2,2022-11-09T01:00:00.000Z,FIPSCode,48377,0,2022-11-12T11:39:15.961Z,8,98.98,8,100,62962,1025,61.97,62492,550,33.25,63492,79,4.78,1671,99,1654,4047,8,8
1668256885,2022-11-12 06:41:25 -0600,5e05dc4f205f35d89211ca2feca94efa49f0712e,TX,48377,2,2022-11-09T01:00:00.000Z,FIPSCode,48377,0,2022-11-12T11:39:15.961Z,8,98.98,8,100,62962,1025,61.97,62492,550,33.25,63492,79,4.78,1671,99,1654,4047,8,8
1668256926,2022-11-12 06:42:06 -0600,bb613ecb489971239338cc47e907c0b01c961441,TX,48377,2,2022-11-09T01:00:00.000Z,FIPSCode,48377,0,2022-11-12T11:39:15.961Z,8,98.98,8,100,62962,1025,61.97,62492,550,33.25,63492,79,4.78,1671,99,1654,4047,8,8
1668256965,2022-11-12 06:42:45 -0600,93f73dd5bede4440e388554a65489675513a5f47,TX,48377,2,2022-11-09T01:00:00.000Z,FIPSCode,48377,0,2022-11-12T11:39:15.961Z,8,98.98,8,100,62962,1025,61.97,62492,550,33.25,63492,79,4.78,1671,99,1654,4047,8,8
1668257005,2022-11-12 06:43:25 -0600,d08637f8546b0e694d1ce4ce6916c3e305133edb,TX,48377,2,2022-11-09T01:00:00.000Z,FIPSCode,48377,0,2022-11-12T11:39:15.961Z,8,98.98,8,100,62962,1025,61.97,62492,550,33.25,63492,79,4.78,1671,99,1654,4047,8,8
1668257044,2022-11-12 06:44:04 -0600,8302e964fd09694dec35e419037c1e57017c6a28,TX,48377,2,2022-11-09T01:00:00.000Z,FIPSCode,48377,0,2022-11-12T12:43:17.083Z,8,98.98,8,100,62962,1025,61.97,62492,550,33.25,63492,79,4.78,1671,99,1654,4047,8,8
1668257126,2022-11-12 06:45:26 -0600,bb2154c9a45ca0f1d80b7631c180b71eb577bf44,TX,48377,2,2022-11-09T01:00:00.000Z,FIPSCode,48377,0,2022-11-12T12:44:16.219Z,8,98.98,8,100,62962,1025,61.97,62492,550,33.25,63492,79,4.78,1671,99,1654,4047,8,8
1668257165,2022-11-12 06:46:05 -0600,bf1bb311925b0bdf2f742fa2443bc12525b160c5,TX,48377,2,2022-11-09T01:00:00.000Z,FIPSCode,48377,0,2022-11-12T12:45:38.076Z,8,98.98,8,100,62962,1025,61.97,62492,550,33.25,63492,79,4.78,1671,99,1654,4047,8,8
1668257205,2022-11-12 06:46:45 -0600,243932d7df2ca1c333a3708e13efd8a2e224aabe,TX,48377,2,2022-11-09T01:00:00.000Z,FIPSCode,48377,0,2022-11-12T12:46:16.353Z,8,98.98,8,100,62962,1025,61.97,62492,550,33.25,63492,79,4.78,1671,99,1654,4047,8,8
1668257245,2022-11-12 06:47:25 -0600,47a2ae945255426f92d2e521b925fe1bc7323c85,TX,48377,2,2022-11-09T01:00:00.000Z,FIPSCode,48377,0,2022-11-12T12:46:16.353Z,8,98.98,8,100,62962,1025,61.97,62492,550,33.25,63492,79,4.78,1671,99,1654,4047,8,8
1668257286,2022-11-12 06:48:06 -0600,aec279fb484007475bd2c8eccc8c616c52e6d33b,TX,48377,2,2022-11-09T01:00:00.000Z,FIPSCode,48377,0,2022-11-12T12:46:16.353Z,8,98.98,8,100,62962,1025,61.97,62492,550,33.25,63492,79,4.78,1671,99,1654,4047,8,8
1668257325,2022-11-12 06:48:45 -0600,ff884167efdf17df085ee77c3ccff983d123c803,TX,48377,2,2022-11-09T01:00:00.000Z,FIPSCode,48377,0,2022-11-12T12:46:16.353Z,8,98.98,8,100,62962,1025,61.97,62492,550,33.25,63492,79,4.78,1671,99,1654,4047,8,8
1668257404,2022-11-12 06:50:04 -0600,267ef519b44898c715d541e43b8c6d1603c83326,TX,48377,2,2022-11-09T01:00:00.000Z,FIPSCode,48377,0,2022-11-12T12:46:16.353Z,8,98.98,8,100,62962,1025,61.97,62492,550,33.25,63492,79,4.78,1671,99,1654,4047,8,8
1668257445,2022-11-12 06:50:45 -0600,9892e231a9669ce975b7638ad9e22a676419e3b9,TX,48377,2,2022-11-09T01:00:00.000Z,FIPSCode,48377,0,2022-11-12T12:46:16.353Z,8,98.98,8,100,62962,1025,61.97,62492,550,33.25,63492,79,4.78,1671,99,1654,4047,8,8
1668257485,2022-11-12 06:51:25 -0600,18c9b99b5df6d466b9b766eba299d66961f079a0,TX,48377,2,2022-11-09T01:00:00.000Z,FIPSCode,48377,0,2022-11-12T12:46:16.353Z,8,98.98,8,100,62962,1025,61.97,62492,550,33.25,63492,79,4.78,1671,99,1654,4047,8,8
1668257526,2022-11-12 06:52:06 -0600,0242b5b9b5a4f49183713fcdf8916aa188c80487,TX,48377,2,2022-11-09T01:00:00.000Z,FIPSCode,48377,0,2022-11-12T12:46:16.353Z,8,98.98,8,100,62962,1025,61.97,62492,550,33.25,63492,79,4.78,1671,99,1654,4047,8,8
1668257565,2022-11-12 06:52:45 -0600,a6e2a13f76b293b68825d6a95f657c23d0de8882,TX,48377,2,2022-11-09T01:00:00.000Z,FIPSCode,48377,0,2022-11-12T12:46:16.353Z,8,98.98,8,100,62962,1025,61.97,62492,550,33.25,63492,79,4.78,1671,99,1654,4047,8,8
1668257607,2022-11-12 06:53:27 -0600,601a173df61ff7e6982243c390727f6025711cc4,TX,48377,2,2022-11-09T01:00:00.000Z,FIPSCode,48377,0,2022-11-12T12:46:16.353Z,8,98.98,8,100,62962,1025,61.97,62492,550,33.25,63492,79,4.78,1671,99,1654,4047,8,8
1668257646,2022-11-12 06:54:06 -0600,88be7345e23c40e1987dd1203f2da9cf8a69a88d,TX,48377,2,2022-11-09T01:00:00.000Z,FIPSCode,48377,0,2022-11-12T12:46:16.353Z,8,98.98,8,100,62962,1025,61.97,62492,550,33.25,63492,79,4.78,1671,99,1654,4047,8,8
1668257687,2022-11-12 06:54:47 -0600,967f6dae5364555f175b9a8359ba0592c7c8b40b,TX,48377,2,2022-11-09T01:00:00.000Z,FIPSCode,48377,0,2022-11-12T12:46:16.353Z,8,98.98,8,100,62962,1025,61.97,62492,550,33.25,63492,79,4.78,1671,99,1654,4047,8,8
1668257726,2022-11-12 06:55:26 -0600,a4e1dbdf09fd714d44afa7a24efe8a6ade38355e,TX,48377,2,2022-11-09T01:00:00.000Z,FIPSCode,48377,0,2022-11-12T12:46:16.353Z,8,98.98,8,100,62962,1025,61.97,62492,550,33.25,63492,79,4.78,1671,99,1654,4047,8,8
1668257765,2022-11-12 06:56:05 -0600,d28e08ad08b796ce86075fce5b23595000fa13d9,TX,48377,2,2022-11-09T01:00:00.000Z,FIPSCode,48377,0,2022-11-12T12:46:16.353Z,8,98.98,8,100,62962,1025,61.97,62492,550,33.25,63492,79,4.78,1671,99,1654,4047,8,8
1668257804,2022-11-12 06:56:44 -0600,1f3a626542e961b8309da655261c7df50306f2c1,TX,48377,2,2022-11-09T01:00:00.000Z,FIPSCode,48377,0,2022-11-12T12:46:16.353Z,8,98.98,8,100,62962,1025,61.97,62492,550,33.25,63492,79,4.78,1671,99,1654,4047,8,8
1668257843,2022-11-12 06:57:23 -0600,57aee1df4e8e9714ff490756e0f049c4b180ed68,TX,48377,2,2022-11-09T01:00:00.000Z,FIPSCode,48377,0,2022-11-12T12:46:16.353Z,8,98.98,8,100,62962,1025,61.97,62492,550,33.25,63492,79,4.78,1671,99,1654,4047,8,8
1668257883,2022-11-12 06:58:03 -0600,eb67dd8c1e19f6816329f125de87d9284d961dd6,TX,48377,2,2022-11-09T01:00:00.000Z,FIPSCode,48377,0,2022-11-12T12:46:16.353Z,8,98.98,8,100,62962,1025,61.97,62492,550,33.25,63492,79,4.78,1671,99,1654,4047,8,8
1668257923,2022-11-12 06:58:43 -0600,2305bf93bfee99c3036bae00767083ce3e1f1253,TX,48377,2,2022-11-09T01:00:00.000Z,FIPSCode,48377,0,2022-11-12T12:46:16.353Z,8,98.98,8,100,62962,1025,61.97,62492,550,33.25,63492,79,4.78,1671,99,1654,4047,8,8
1668257963,2022-11-12 06:59:23 -0600,5415d4a9baf96dc66dabe57caab2b55840403aab,TX,48377,2,2022-11-09T01:00:00.000Z,FIPSCode,48377,0,2022-11-12T12:46:16.353Z,8,98.98,8,100,62962,1025,61.97,62492,550,33.25,63492,79,4.78,1671,99,1654,4047,8,8
1668258003,2022-11-12 07:00:03 -0600,fbbdb532e494b00ec04a436849f399b3dbc8b4d8,TX,48377,2,2022-11-09T01:00:00.000Z,FIPSCode,48377,0,2022-11-12T12:46:16.353Z,8,98.98,8,100,62962,1025,61.97,62492,550,33.25,63492,79,4.78,1671,99,1654,4047,8,8
1668258045,2022-11-12 07:00:45 -0600,73955bdb6346d8065ff309feaebe437c27569984,TX,48377,2,2022-11-09T01:00:00.000Z,FIPSCode,48377,0,2022-11-12T12:46:16.353Z,8,98.98,8,100,62962,1025,61.97,62492,550,33.25,63492,79,4.78,1671,99,1654,4047,8,8
1668258085,2022-11-12 07:01:25 -0600,92f1325bef60b0f656a20f279eebd468a86da887,TX,48377,2,2022-11-09T01:00:00.000Z,FIPSCode,48377,0,2022-11-12T12:46:16.353Z,8,98.98,8,100,62962,1025,61.97,62492,550,33.25,63492,79,4.78,1671,99,1654,4047,8,8
1668258126,2022-11-12 07:02:06 -0600,8a3a365b413981e19cb04272b8f91d17d5adc727,TX,48377,2,2022-11-09T01:00:00.000Z,FIPSCode,48377,0,2022-11-12T13:01:16.323Z,8,98.98,8,100,62962,1025,61.97,62492,550,33.25,63492,79,4.78,1671,99,1654,4047,8,8
1668258166,2022-11-12 07:02:46 -0600,9137a8f98ff51e9088ecd6cab861bb8a12fc361b,TX,48377,2,2022-11-09T01:00:00.000Z,FIPSCode,48377,0,2022-11-12T13:01:16.323Z,8,98.98,8,100,62962,1025,61.97,62492,550,33.25,63492,79,4.78,1671,99,1654,4047,8,8
1668258206,2022-11-12 07:03:26 -0600,c583c21a0f2467148553654414e121b53e58e6b7,TX,48377,2,2022-11-09T01:00:00.000Z,FIPSCode,48377,0,2022-11-12T13:01:16.323Z,8,98.98,8,100,62962,1025,61.97,62492,550,33.25,63492,79,4.78,1671,99,1654,4047,8,8
1668258245,2022-11-12 07:04:05 -0600,1ca127e921fe37cc4b223432673dcfe1699aa799,TX,48377,2,2022-11-09T01:00:00.000Z,FIPSCode,48377,0,2022-11-12T13:03:34.604Z,8,98.98,8,100,62962,1025,61.97,62492,550,33.25,63492,79,4.78,1671,99,1654,4047,8,8
1668258285,2022-11-12 07:04:45 -0600,d38340333c91e242450ab2a7b32dca3742f437fb,TX,48377,2,2022-11-09T01:00:00.000Z,FIPSCode,48377,0,2022-11-12T13:03:34.604Z,8,98.98,8,100,62962,1025,61.97,62492,550,33.25,63492,79,4.78,1671,99,1654,4047,8,8
1668258324,2022-11-12 07:05:24 -0600,fe1ef3e2a11da17583c0c056abaa76e007b01425,TX,48377,2,2022-11-09T01:00:00.000Z,FIPSCode,48377,0,2022-11-12T13:03:34.604Z,8,98.98,8,100,62962,1025,61.97,62492,550,33.25,63492,79,4.78,1671,99,1654,4047,8,8
1668258364,2022-11-12 07:06:04 -0600,59ec494d654dcc6343ae39c5f1845a5e501c13fc,TX,48377,2,2022-11-09T01:00:00.000Z,FIPSCode,48377,0,2022-11-12T13:05:17.374Z,8,98.98,8,100,62962,1025,61.97,62492,550,33.25,63492,79,4.78,1671,99,1654,4047,8,8
1668258403,2022-11-12 07:06:43 -0600,22e743058157360f89bd7bd943ea74653986b82b,TX,48377,2,2022-11-09T01:00:00.000Z,FIPSCode,48377,0,2022-11-12T13:06:16.337Z,8,98.98,8,100,62962,1025,61.97,62492,550,33.25,63492,79,4.78,1671,99,1654,4047,8,8
1668258443,2022-11-12 07:07:23 -0600,bfadfd50a18ff87658f4dcc99335ef1f5c6533dc,TX,48377,2,2022-11-09T01:00:00.000Z,FIPSCode,48377,0,2022-11-12T13:06:16.337Z,8,98.98,8,100,62962,1025,61.97,62492,550,33.25,63492,79,4.78,1671,99,1654,4047,8,8
1668258483,2022-11-12 07:08:03 -0600,0dc083785e217c249e3b318b34d81f5c20c79589,TX,48377,2,2022-11-09T01:00:00.000Z,FIPSCode,48377,0,2022-11-12T13:07:16.532Z,8,98.98,8,100,62962,1025,61.97,62492,550,33.25,63492,79,4.78,1671,99,1654,4047,8,8
1668258523,2022-11-12 07:08:43 -0600,e273c4dff09a9fbdb0db2e051652dd282897be94,TX,48377,2,2022-11-09T01:00:00.000Z,FIPSCode,48377,0,2022-11-12T13:07:16.532Z,8,98.98,8,100,62962,1025,61.97,62492,550,33.25,63492,79,4.78,1671,99,1654,4047,8,8
1668258602,2022-11-12 07:10:02 -0600,e73d84024d184244c79b36feb97b21b3ea93888c,TX,48377,2,2022-11-09T01:00:00.000Z,FIPSCode,48377,0,2022-11-12T13:07:16.532Z,8,98.98,8,100,62962,1025,61.97,62492,550,33.25,63492,79,4.78,1671,99,1654,4047,8,8
1668258643,2022-11-12 07:10:43 -0600,205ca10143875df0870c4eff329ee5b1ffbb6f47,TX,48377,2,2022-11-09T01:00:00.000Z,FIPSCode,48377,0,2022-11-12T13:07:16.532Z,8,98.98,8,100,62962,1025,61.97,62492,550,33.25,63492,79,4.78,1671,99,1654,4047,8,8
1668258683,2022-11-12 07:11:23 -0600,feb68a0154c0590a0431f52bb044f5d01c086233,TX,48377,2,2022-11-09T01:00:00.000Z,FIPSCode,48377,0,2022-11-12T13:07:16.532Z,8,98.98,8,100,62962,1025,61.97,62492,550,33.25,63492,79,4.78,1671,99,1654,4047,8,8
1668258723,2022-11-12 07:12:03 -0600,5181312fdbcdf8416bb6d2bf35fc59144bb4a786,TX,48377,2,2022-11-09T01:00:00.000Z,FIPSCode,48377,0,2022-11-12T13:07:16.532Z,8,98.98,8,100,62962,1025,61.97,62492,550,33.25,63492,79,4.78,1671,99,1654,4047,8,8
1668258763,2022-11-12 07:12:43 -0600,83d3f3c293ad775e7ca1380fad20ba9a817b9d06,TX,48377,2,2022-11-09T01:00:00.000Z,FIPSCode,48377,0,2022-11-12T13:07:16.532Z,8,98.98,8,100,62962,1025,61.97,62492,550,33.25,63492,79,4.78,1671,99,1654,4047,8,8
1668258803,2022-11-12 07:13:23 -0600,09695d13836fe96fb59769b0a0dd39c232f7c654,TX,48377,2,2022-11-09T01:00:00.000Z,FIPSCode,48377,0,2022-11-12T13:07:16.532Z,8,98.98,8,100,62962,1025,61.97,62492,550,33.25,63492,79,4.78,1671,99,1654,4047,8,8
1668258843,2022-11-12 07:14:03 -0600,b1d80304d64069472c55276c4ec7408e66d5877d,TX,48377,2,2022-11-09T01:00:00.000Z,FIPSCode,48377,0,2022-11-12T13:07:16.532Z,8,98.98,8,100,62962,1025,61.97,62492,550,33.25,63492,79,4.78,1671,99,1654,4047,8,8
1668258883,2022-11-12 07:14:43 -0600,2bc338fd2f005e53878bd6a493f6b4fd9dbdf706,TX,48377,2,2022-11-09T01:00:00.000Z,FIPSCode,48377,0,2022-11-12T13:07:16.532Z,8,98.98,8,100,62962,1025,61.97,62492,550,33.25,63492,79,4.78,1671,99,1654,4047,8,8
1668258922,2022-11-12 07:15:22 -0600,e72d80303f0e7489a102e0fa0b2e7c4eeb52e2ed,TX,48377,2,2022-11-09T01:00:00.000Z,FIPSCode,48377,0,2022-11-12T13:07:16.532Z,8,98.98,8,100,62962,1025,61.97,62492,550,33.25,63492,79,4.78,1671,99,1654,4047,8,8
1668258965,2022-11-12 07:16:05 -0600,c2470754c2e3c6b05d56ac1c352580459a2c61e8,TX,48377,2,2022-11-09T01:00:00.000Z,FIPSCode,48377,0,2022-11-12T13:07:16.532Z,8,98.98,8,100,62962,1025,61.97,62492,550,33.25,63492,79,4.78,1671,99,1654,4047,8,8
1668259004,2022-11-12 07:16:44 -0600,6bbf080bed254daf99182132eedae85471f738b4,TX,48377,2,2022-11-09T01:00:00.000Z,FIPSCode,48377,0,2022-11-12T13:07:16.532Z,8,98.98,8,100,62962,1025,61.97,62492,550,33.25,63492,79,4.78,1671,99,1654,4047,8,8
1668259084,2022-11-12 07:18:04 -0600,385a39a69526b28fb4e5d6a0dcabba1e06529a9a,TX,48377,2,2022-11-09T01:00:00.000Z,FIPSCode,48377,0,2022-11-12T13:07:16.532Z,8,98.98,8,100,62962,1025,61.97,62492,550,33.25,63492,79,4.78,1671,99,1654,4047,8,8
1668259122,2022-11-12 07:18:42 -0600,936c29e21b9e62896cc6e33ccc03c569b1b522b2,TX,48377,2,2022-11-09T01:00:00.000Z,FIPSCode,48377,0,2022-11-12T13:07:16.532Z,8,98.98,8,100,62962,1025,61.97,62492,550,33.25,63492,79,4.78,1671,99,1654,4047,8,8
1668259162,2022-11-12 07:19:22 -0600,43fb558044d599bc6084862d5e939b35cbc5e42f,TX,48377,2,2022-11-09T01:00:00.000Z,FIPSCode,48377,0,2022-11-12T13:07:16.532Z,8,98.98,8,100,62962,1025,61.97,62492,550,33.25,63492,79,4.78,1671,99,1654,4047,8,8
1668259202,2022-11-12 07:20:02 -0600,e50e4e3298eaecd2b0941c027e3476cb568235e9,TX,48377,2,2022-11-09T01:00:00.000Z,FIPSCode,48377,0,2022-11-12T13:07:16.532Z,8,98.98,8,100,62962,1025,61.97,62492,550,33.25,63492,79,4.78,1671,99,1654,4047,8,8
1668259362,2022-11-12 07:22:42 -0600,e281ec934be56127c27041cb52a52938716c4b30,TX,48377,2,2022-11-09T01:00:00.000Z,FIPSCode,48377,0,2022-11-12T13:22:17.613Z,8,98.98,8,100,62962,1025,61.97,62492,550,33.25,63492,79,4.78,1671,99,1654,4047,8,8
1668259401,2022-11-12 07:23:21 -0600,9364a5d6c83ac78f883e1662b7ec33bba6fa4cd9,TX,48377,2,2022-11-09T01:00:00.000Z,FIPSCode,48377,0,2022-11-12T13:22:17.613Z,8,98.98,8,100,62962,1025,61.97,62492,550,33.25,63492,79,4.78,1671,99,1654,4047,8,8
1668259441,2022-11-12 07:24:01 -0600,fda50f6722c0f19911181600c6efdecad90df7de,TX,48377,2,2022-11-09T01:00:00.000Z,FIPSCode,48377,0,2022-11-12T13:23:39.168Z,8,98.98,8,100,62962,1025,61.97,62492,550,33.25,63492,79,4.78,1671,99,1654,4047,8,8
1668259482,2022-11-12 07:24:42 -0600,9e3d4d709e1ea80723798873163e0b896d7c504f,TX,48377,2,2022-11-09T01:00:00.000Z,FIPSCode,48377,0,2022-11-12T13:24:17.275Z,8,98.98,8,100,62962,1025,61.97,62492,550,33.25,63492,79,4.78,1671,99,1654,4047,8,8
1668259521,2022-11-12 07:25:21 -0600,57997172f58d9823786a0bcd3bf915cbb514ba4a,TX,48377,2,2022-11-09T01:00:00.000Z,FIPSCode,48377,0,2022-11-12T13:24:17.275Z,8,98.98,8,100,62962,1025,61.97,62492,550,33.25,63492,79,4.78,1671,99,1654,4047,8,8
1668259562,2022-11-12 07:26:02 -0600,4ed4ed4f551b2b6379699bd4aae0848f030401a4,TX,48377,2,2022-11-09T01:00:00.000Z,FIPSCode,48377,0,2022-11-12T13:24:17.275Z,8,98.98,8,100,62962,1025,61.97,62492,550,33.25,63492,79,4.78,1671,99,1654,4047,8,8
1668259602,2022-11-12 07:26:42 -0600,50657646f565e8dcc1c01ff190b91dbd557ef841,TX,48377,2,2022-11-09T01:00:00.000Z,FIPSCode,48377,0,2022-11-12T13:24:17.275Z,8,98.98,8,100,62962,1025,61.97,62492,550,33.25,63492,79,4.78,1671,99,1654,4047,8,8
1668259643,2022-11-12 07:27:23 -0600,d5c98bb4ebab18ebb259690d48c5ead104f51fe4,TX,48377,2,2022-11-09T01:00:00.000Z,FIPSCode,48377,0,2022-11-12T13:24:17.275Z,8,98.98,8,100,62962,1025,61.97,62492,550,33.25,63492,79,4.78,1671,99,1654,4047,8,8
1668259682,2022-11-12 07:28:02 -0600,15721d32a0fc5838cafbf0705f605f1fea6edf2e,TX,48377,2,2022-11-09T01:00:00.000Z,FIPSCode,48377,0,2022-11-12T13:24:17.275Z,8,98.98,8,100,62962,1025,61.97,62492,550,33.25,63492,79,4.78,1671,99,1654,4047,8,8
1668259722,2022-11-12 07:28:42 -0600,30fd9d083f699da64416718e9ddd82f63e30436b,TX,48377,2,2022-11-09T01:00:00.000Z,FIPSCode,48377,0,2022-11-12T13:24:17.275Z,8,98.98,8,100,62962,1025,61.97,62492,550,33.25,63492,79,4.78,1671,99,1654,4047,8,8
1668259763,2022-11-12 07:29:23 -0600,41f263dda542de638a78b92ea4b832978c6b8089,TX,48377,2,2022-11-09T01:00:00.000Z,FIPSCode,48377,0,2022-11-12T13:24:17.275Z,8,98.98,8,100,62962,1025,61.97,62492,550,33.25,63492,79,4.78,1671,99,1654,4047,8,8
1668259803,2022-11-12 07:30:03 -0600,6845119eb82ddf2d4ddc1698681d5990d56fcef0,TX,48377,2,2022-11-09T01:00:00.000Z,FIPSCode,48377,0,2022-11-12T13:24:17.275Z,8,98.98,8,100,62962,1025,61.97,62492,550,33.25,63492,79,4.78,1671,99,1654,4047,8,8
1668259843,2022-11-12 07:30:43 -0600,dd591dfdd40a784f4c2627f68e06699626f95ba6,TX,48377,2,2022-11-09T01:00:00.000Z,FIPSCode,48377,0,2022-11-12T13:24:17.275Z,8,98.98,8,100,62962,1025,61.97,62492,550,33.25,63492,79,4.78,1671,99,1654,4047,8,8
1668259883,2022-11-12 07:31:23 -0600,2a29ccaea018b26175e74bb7ce625c403e2f4fbd,TX,48377,2,2022-11-09T01:00:00.000Z,FIPSCode,48377,0,2022-11-12T13:24:17.275Z,8,98.98,8,100,62962,1025,61.97,62492,550,33.25,63492,79,4.78,1671,99,1654,4047,8,8
1668259924,2022-11-12 07:32:04 -0600,9beba7f294a7f17b594cd32826b53e1ac4298b4f,TX,48377,2,2022-11-09T01:00:00.000Z,FIPSCode,48377,0,2022-11-12T13:24:17.275Z,8,98.98,8,100,62962,1025,61.97,62492,550,33.25,63492,79,4.78,1671,99,1654,4047,8,8
1668260003,2022-11-12 07:33:23 -0600,093850e0b1ff4eb0601f639497c293cbb5da2071,TX,48377,2,2022-11-09T01:00:00.000Z,FIPSCode,48377,0,2022-11-12T13:24:17.275Z,8,98.98,8,100,62962,1025,61.97,62492,550,33.25,63492,79,4.78,1671,99,1654,4047,8,8
1668260044,2022-11-12 07:34:04 -0600,0090822e1fb4a66a6570efd9643c9bb009e8e6b4,TX,48377,2,2022-11-09T01:00:00.000Z,FIPSCode,48377,0,2022-11-12T13:24:17.275Z,8,98.98,8,100,62962,1025,61.97,62492,550,33.25,63492,79,4.78,1671,99,1654,4047,8,8
1668260084,2022-11-12 07:34:44 -0600,6eb307390be4f269e47adf7820ed8732d60af5d2,TX,48377,2,2022-11-09T01:00:00.000Z,FIPSCode,48377,0,2022-11-12T13:34:17.045Z,8,98.98,8,100,62962,1025,61.97,62492,550,33.25,63492,79,4.78,1671,99,1654,4047,8,8
1668260124,2022-11-12 07:35:24 -0600,9d52db958cd4ec23fe837167c220beea0977d19e,TX,48377,2,2022-11-09T01:00:00.000Z,FIPSCode,48377,0,2022-11-12T13:34:17.045Z,8,98.98,8,100,62962,1025,61.97,62492,550,33.25,63492,79,4.78,1671,99,1654,4047,8,8
1668260164,2022-11-12 07:36:04 -0600,058ed9c54aba71bdc48fbefed2cc8706be121140,TX,48377,2,2022-11-09T01:00:00.000Z,FIPSCode,48377,0,2022-11-12T13:35:17.250Z,8,98.98,8,100,62962,1025,61.97,62492,550,33.25,63492,79,4.78,1671,99,1654,4047,8,8
1668260204,2022-11-12 07:36:44 -0600,034b61965ec11bc6fed69db6d21da23260af4f1a,TX,48377,2,2022-11-09T01:00:00.000Z,FIPSCode,48377,0,2022-11-12T13:36:18.830Z,8,98.98,8,100,62962,1025,61.97,62492,550,33.25,63492,79,4.78,1671,99,1654,4047,8,8
1668260243,2022-11-12 07:37:23 -0600,51a9c1fc35afef5090bef405ecfbbe7e632d9eed,TX,48377,2,2022-11-09T01:00:00.000Z,FIPSCode,48377,0,2022-11-12T13:36:18.830Z,8,98.98,8,100,62962,1025,61.97,62492,550,33.25,63492,79,4.78,1671,99,1654,4047,8,8
1668260284,2022-11-12 07:38:04 -0600,1daad5a4335f9a53365f35f4ca5ddcb932c30856,TX,48377,2,2022-11-09T01:00:00.000Z,FIPSCode,48377,0,2022-11-12T13:36:18.830Z,8,98.98,8,100,62962,1025,61.97,62492,550,33.25,63492,79,4.78,1671,99,1654,4047,8,8
1668260326,2022-11-12 07:38:46 -0600,6b46e5b583a1273ac9f3fe5fe0b59df21a5bdda8,TX,48377,2,2022-11-09T01:00:00.000Z,FIPSCode,48377,0,2022-11-12T13:36:18.830Z,8,98.98,8,100,62962,1025,61.97,62492,550,33.25,63492,79,4.78,1671,99,1654,4047,8,8
1668260367,2022-11-12 07:39:27 -0600,d5a2ff26fc28f9a94e6017483bfd64603c6984b6,TX,48377,2,2022-11-09T01:00:00.000Z,FIPSCode,48377,0,2022-11-12T13:36:18.830Z,8,98.98,8,100,62962,1025,61.97,62492,550,33.25,63492,79,4.78,1671,99,1654,4047,8,8
1668260408,2022-11-12 07:40:08 -0600,e0e64a0daca35970a41556c4ea89b3e6372d4722,TX,48377,2,2022-11-09T01:00:00.000Z,FIPSCode,48377,0,2022-11-12T13:36:18.830Z,8,98.98,8,100,62962,1025,61.97,62492,550,33.25,63492,79,4.78,1671,99,1654,4047,8,8
1668260449,2022-11-12 07:40:49 -0600,dca833b06ced730f3f657ffac50e686fdde8225d,TX,48377,2,2022-11-09T01:00:00.000Z,FIPSCode,48377,0,2022-11-12T13:36:18.830Z,8,98.98,8,100,62962,1025,61.97,62492,550,33.25,63492,79,4.78,1671,99,1654,4047,8,8
1668260490,2022-11-12 07:41:30 -0600,afc7d80fe0f5975192c8644a1c8fd274b0d52da1,TX,48377,2,2022-11-09T01:00:00.000Z,FIPSCode,48377,0,2022-11-12T13:36:18.830Z,8,98.98,8,100,62962,1025,61.97,62492,550,33.25,63492,79,4.78,1671,99,1654,4047,8,8
1668260530,2022-11-12 07:42:10 -0600,993188eec89359c8f65e51ec10e633edfcda5863,TX,48377,2,2022-11-09T01:00:00.000Z,FIPSCode,48377,0,2022-11-12T13:36:18.830Z,8,98.98,8,100,62962,1025,61.97,62492,550,33.25,63492,79,4.78,1671,99,1654,4047,8,8
1668260571,2022-11-12 07:42:51 -0600,0d69f7521a4030e4031ed28411c0cea3299cdabc,TX,48377,2,2022-11-09T01:00:00.000Z,FIPSCode,48377,0,2022-11-12T13:36:18.830Z,8,98.98,8,100,62962,1025,61.97,62492,550,33.25,63492,79,4.78,1671,99,1654,4047,8,8
1668260612,2022-11-12 07:43:32 -0600,db866f2200f63b73186aa97d8cf52e3fcd0b84c7,TX,48377,2,2022-11-09T01:00:00.000Z,FIPSCode,48377,0,2022-11-12T13:36:18.830Z,8,98.98,8,100,62962,1025,61.97,62492,550,33.25,63492,79,4.78,1671,99,1654,4047,8,8
1668260651,2022-11-12 07:44:11 -0600,7173ef29bf696eb127538a92f1c20c628c3c49da,TX,48377,2,2022-11-09T01:00:00.000Z,FIPSCode,48377,0,2022-11-12T13:36:18.830Z,8,98.98,8,100,62962,1025,61.97,62492,550,33.25,63492,79,4.78,1671,99,1654,4047,8,8
1668260692,2022-11-12 07:44:52 -0600,58631b014cf2d049073c2713560da6be8fde5a8b,TX,48377,2,2022-11-09T01:00:00.000Z,FIPSCode,48377,0,2022-11-12T13:36:18.830Z,8,98.98,8,100,62962,1025,61.97,62492,550,33.25,63492,79,4.78,1671,99,1654,4047,8,8
1668260731,2022-11-12 07:45:31 -0600,82db7f07a4b5bacc602c79bfc5773a071fb74854,TX,48377,2,2022-11-09T01:00:00.000Z,FIPSCode,48377,0,2022-11-12T13:36:18.830Z,8,98.98,8,100,62962,1025,61.97,62492,550,33.25,63492,79,4.78,1671,99,1654,4047,8,8
1668260811,2022-11-12 07:46:51 -0600,69729f974602e7469505a10466b29d5c8e80bf66,TX,48377,2,2022-11-09T01:00:00.000Z,FIPSCode,48377,0,2022-11-12T13:36:18.830Z,8,98.98,8,100,62962,1025,61.97,62492,550,33.25,63492,79,4.78,1671,99,1654,4047,8,8
1668260852,2022-11-12 07:47:32 -0600,548a606bcfc707c02b144ea84ba5c4aa713ad165,TX,48377,2,2022-11-09T01:00:00.000Z,FIPSCode,48377,0,2022-11-12T13:36:18.830Z,8,98.98,8,100,62962,1025,61.97,62492,550,33.25,63492,79,4.78,1671,99,1654,4047,8,8
1668260893,2022-11-12 07:48:13 -0600,25bf5bc6b94bd11d6c196e4ada4497d79492f0e5,TX,48377,2,2022-11-09T01:00:00.000Z,FIPSCode,48377,0,2022-11-12T13:36:18.830Z,8,98.98,8,100,62962,1025,61.97,62492,550,33.25,63492,79,4.78,1671,99,1654,4047,8,8
1668260932,2022-11-12 07:48:52 -0600,7546a49e6f8eb87b717d72a62beee439bbce8631,TX,48377,2,2022-11-09T01:00:00.000Z,FIPSCode,48377,0,2022-11-12T13:36:18.830Z,8,98.98,8,100,62962,1025,61.97,62492,550,33.25,63492,79,4.78,1671,99,1654,4047,8,8
1668260972,2022-11-12 07:49:32 -0600,b806c4b10db448982de07c2b5f863d996fea80ca,TX,48377,2,2022-11-09T01:00:00.000Z,FIPSCode,48377,0,2022-11-12T13:36:18.830Z,8,98.98,8,100,62962,1025,61.97,62492,550,33.25,63492,79,4.78,1671,99,1654,4047,8,8
1668261011,2022-11-12 07:50:11 -0600,b45fba23b01c45ce3fafc065c45ca04c6b863a4b,TX,48377,2,2022-11-09T01:00:00.000Z,FIPSCode,48377,0,2022-11-12T13:36:18.830Z,8,98.98,8,100,62962,1025,61.97,62492,550,33.25,63492,79,4.78,1671,99,1654,4047,8,8
1668261051,2022-11-12 07:50:51 -0600,328e31dc965fdec14b35dbe74750a51e9ee28511,TX,48377,2,2022-11-09T01:00:00.000Z,FIPSCode,48377,0,2022-11-12T13:36:18.830Z,8,98.98,8,100,62962,1025,61.97,62492,550,33.25,63492,79,4.78,1671,99,1654,4047,8,8
1668261130,2022-11-12 07:52:10 -0600,47685659d5823fc0aa736af85bcf260bd4c8c2f7,TX,48377,2,2022-11-09T01:00:00.000Z,FIPSCode,48377,0,2022-11-12T13:36:18.830Z,8,98.98,8,100,62962,1025,61.97,62492,550,33.25,63492,79,4.78,1671,99,1654,4047,8,8
1668261171,2022-11-12 07:52:51 -0600,8da1cbae3b79e533e91da0e9f40c7d0460040d93,TX,48377,2,2022-11-09T01:00:00.000Z,FIPSCode,48377,0,2022-11-12T13:36:18.830Z,8,98.98,8,100,62962,1025,61.97,62492,550,33.25,63492,79,4.78,1671,99,1654,4047,8,8
1668261211,2022-11-12 07:53:31 -0600,4c03224ea58d79565cf14b3fce7564a245b1a3d4,TX,48377,2,2022-11-09T01:00:00.000Z,FIPSCode,48377,0,2022-11-12T13:36:18.830Z,8,98.98,8,100,62962,1025,61.97,62492,550,33.25,63492,79,4.78,1671,99,1654,4047,8,8
1668261251,2022-11-12 07:54:11 -0600,f84954c7de04effda6c29fa26dc99161d49fde41,TX,48377,2,2022-11-09T01:00:00.000Z,FIPSCode,48377,0,2022-11-12T13:36:18.830Z,8,98.98,8,100,62962,1025,61.97,62492,550,33.25,63492,79,4.78,1671,99,1654,4047,8,8
1668261290,2022-11-12 07:54:50 -0600,6c42555f5fdf5bb28522abe399b8545bb3a9337b,TX,48377,2,2022-11-09T01:00:00.000Z,FIPSCode,48377,0,2022-11-12T13:36:18.830Z,8,98.98,8,100,62962,1025,61.97,62492,550,33.25,63492,79,4.78,1671,99,1654,4047,8,8
1668261369,2022-11-12 07:56:09 -0600,9a2bf73a266b5c76f8205e04dd1818b51b54a736,TX,48377,2,2022-11-09T01:00:00.000Z,FIPSCode,48377,0,2022-11-12T13:36:18.830Z,8,98.98,8,100,62962,1025,61.97,62492,550,33.25,63492,79,4.78,1671,99,1654,4047,8,8
1668261409,2022-11-12 07:56:49 -0600,17f4ad6e491598720dedbe11aed857d95e95d228,TX,48377,2,2022-11-09T01:00:00.000Z,FIPSCode,48377,0,2022-11-12T13:36:18.830Z,8,98.98,8,100,62962,1025,61.97,62492,550,33.25,63492,79,4.78,1671,99,1654,4047,8,8
1668261448,2022-11-12 07:57:28 -0600,43122b99cdf182336a5fa20cfcb322ffbec4137c,TX,48377,2,2022-11-09T01:00:00.000Z,FIPSCode,48377,0,2022-11-12T13:36:18.830Z,8,98.98,8,100,62962,1025,61.97,62492,550,33.25,63492,79,4.78,1671,99,1654,4047,8,8
1668261488,2022-11-12 07:58:08 -0600,afda19f65c51df05c756d4e4b7cd758b4cfb6d1b,TX,48377,2,2022-11-09T01:00:00.000Z,FIPSCode,48377,0,2022-11-12T13:36:18.830Z,8,98.98,8,100,62962,1025,61.97,62492,550,33.25,63492,79,4.78,1671,99,1654,4047,8,8
1668261527,2022-11-12 07:58:47 -0600,9ab1d4f4a8453eac60de1daded7bb4cbb571d56f,TX,48377,2,2022-11-09T01:00:00.000Z,FIPSCode,48377,0,2022-11-12T13:36:18.830Z,8,98.98,8,100,62962,1025,61.97,62492,550,33.25,63492,79,4.78,1671,99,1654,4047,8,8
1668261567,2022-11-12 07:59:27 -0600,251e8c4f9b5b2ad718edf78ff22cf4e582d21332,TX,48377,2,2022-11-09T01:00:00.000Z,FIPSCode,48377,0,2022-11-12T13:36:18.830Z,8,98.98,8,100,62962,1025,61.97,62492,550,33.25,63492,79,4.78,1671,99,1654,4047,8,8
1668261607,2022-11-12 08:00:07 -0600,8b902f0eaa3fd8467b92043d0384b00aa18f2160,TX,48377,2,2022-11-09T01:00:00.000Z,FIPSCode,48377,0,2022-11-12T13:36:18.830Z,8,98.98,8,100,62962,1025,61.97,62492,550,33.25,63492,79,4.78,1671,99,1654,4047,8,8
1668261646,2022-11-12 08:00:46 -0600,59e363107bf4603da5c1789bd1cf6e41199a6611,TX,48377,2,2022-11-09T01:00:00.000Z,FIPSCode,48377,0,2022-11-12T13:36:18.830Z,8,98.98,8,100,62962,1025,61.97,62492,550,33.25,63492,79,4.78,1671,99,1654,4047,8,8
1668261686,2022-11-12 08:01:26 -0600,68ea880e069d34c6a3f21dbc9419fe4eba945509,TX,48377,2,2022-11-09T01:00:00.000Z,FIPSCode,48377,0,2022-11-12T13:36:18.830Z,8,98.98,8,100,62962,1025,61.97,62492,550,33.25,63492,79,4.78,1671,99,1654,4047,8,8
1668261725,2022-11-12 08:02:05 -0600,665f53a0081c0d4792562efcfc4a3a559f2ade64,TX,48377,2,2022-11-09T01:00:00.000Z,FIPSCode,48377,0,2022-11-12T13:36:18.830Z,8,98.98,8,100,62962,1025,61.97,62492,550,33.25,63492,79,4.78,1671,99,1654,4047,8,8
1668261765,2022-11-12 08:02:45 -0600,3e2f900f9d36f6b7f2fda399bee347365aafeae7,TX,48377,2,2022-11-09T01:00:00.000Z,FIPSCode,48377,0,2022-11-12T13:36:18.830Z,8,98.98,8,100,62962,1025,61.97,62492,550,33.25,63492,79,4.78,1671,99,1654,4047,8,8
1668261804,2022-11-12 08:03:24 -0600,697040f4a25c17ce96d6c0b50bd5f7afe2ff831b,TX,48377,2,2022-11-09T01:00:00.000Z,FIPSCode,48377,0,2022-11-12T13:36:18.830Z,8,98.98,8,100,62962,1025,61.97,62492,550,33.25,63492,79,4.78,1671,99,1654,4047,8,8
1668261845,2022-11-12 08:04:05 -0600,392e0638cfb07d6e45768b752c9679af63546e4e,TX,48377,2,2022-11-09T01:00:00.000Z,FIPSCode,48377,0,2022-11-12T13:36:18.830Z,8,98.98,8,100,62962,1025,61.97,62492,550,33.25,63492,79,4.78,1671,99,1654,4047,8,8
1668261885,2022-11-12 08:04:45 -0600,6c316c8f5e236c5ae19f0b86668a653508e64e71,TX,48377,2,2022-11-09T01:00:00.000Z,FIPSCode,48377,0,2022-11-12T13:36:18.830Z,8,98.98,8,100,62962,1025,61.97,62492,550,33.25,63492,79,4.78,1671,99,1654,4047,8,8
1668261925,2022-11-12 08:05:25 -0600,76cbfe5b47cea4700dc4152c2e11d5294dbd938a,TX,48377,2,2022-11-09T01:00:00.000Z,FIPSCode,48377,0,2022-11-12T13:36:18.830Z,8,98.98,8,100,62962,1025,61.97,62492,550,33.25,63492,79,4.78,1671,99,1654,4047,8,8
1668261964,2022-11-12 08:06:04 -0600,8f13381d93bfc8cf6993f03a91de83fe78396b6f,TX,48377,2,2022-11-09T01:00:00.000Z,FIPSCode,48377,0,2022-11-12T13:36:18.830Z,8,98.98,8,100,62962,1025,61.97,62492,550,33.25,63492,79,4.78,1671,99,1654,4047,8,8
1668262005,2022-11-12 08:06:45 -0600,294e7f8965108afdeaf96566120c996ea6d9efe3,TX,48377,2,2022-11-09T01:00:00.000Z,FIPSCode,48377,0,2022-11-12T13:36:18.830Z,8,98.98,8,100,62962,1025,61.97,62492,550,33.25,63492,79,4.78,1671,99,1654,4047,8,8
1668262044,2022-11-12 08:07:24 -0600,3ea2407117d67da31ef2a7aad27f17cbe6cfe518,TX,48377,2,2022-11-09T01:00:00.000Z,FIPSCode,48377,0,2022-11-12T13:36:18.830Z,8,98.98,8,100,62962,1025,61.97,62492,550,33.25,63492,79,4.78,1671,99,1654,4047,8,8
1668262085,2022-11-12 08:08:05 -0600,4f3e4e01f775b218ac00c098d8bab7483ceb99f2,TX,48377,2,2022-11-09T01:00:00.000Z,FIPSCode,48377,0,2022-11-12T13:36:18.830Z,8,98.98,8,100,62962,1025,61.97,62492,550,33.25,63492,79,4.78,1671,99,1654,4047,8,8
1668262125,2022-11-12 08:08:45 -0600,f72804949f9d0acd0805b842439333e135807684,TX,48377,2,2022-11-09T01:00:00.000Z,FIPSCode,48377,0,2022-11-12T13:36:18.830Z,8,98.98,8,100,62962,1025,61.97,62492,550,33.25,63492,79,4.78,1671,99,1654,4047,8,8
1668262165,2022-11-12 08:09:25 -0600,e28f2857040df5d5be47a3c53effd76aab577066,TX,48377,2,2022-11-09T01:00:00.000Z,FIPSCode,48377,0,2022-11-12T13:36:18.830Z,8,98.98,8,100,62962,1025,61.97,62492,550,33.25,63492,79,4.78,1671,99,1654,4047,8,8
1668262203,2022-11-12 08:10:03 -0600,3cb7bae69673e9fba95a08625d80e6b89f314240,TX,48377,2,2022-11-09T01:00:00.000Z,FIPSCode,48377,0,2022-11-12T13:36:18.830Z,8,98.98,8,100,62962,1025,61.97,62492,550,33.25,63492,79,4.78,1671,99,1654,4047,8,8
1668262244,2022-11-12 08:10:44 -0600,d20bf40b2b805fecea9596fbbf54da9b7c7da63f,TX,48377,2,2022-11-09T01:00:00.000Z,FIPSCode,48377,0,2022-11-12T13:36:18.830Z,8,98.98,8,100,62962,1025,61.97,62492,550,33.25,63492,79,4.78,1671,99,1654,4047,8,8
1668262284,2022-11-12 08:11:24 -0600,877c9f2094a0a11243be40628e998a44c2fd2a1f,TX,48377,2,2022-11-09T01:00:00.000Z,FIPSCode,48377,0,2022-11-12T13:36:18.830Z,8,98.98,8,100,62962,1025,61.97,62492,550,33.25,63492,79,4.78,1671,99,1654,4047,8,8
1668262325,2022-11-12 08:12:05 -0600,8e79938eac4efbec24144713dccf63b30273b9bd,TX,48377,2,2022-11-09T01:00:00.000Z,FIPSCode,48377,0,2022-11-12T13:36:18.830Z,8,98.98,8,100,62962,1025,61.97,62492,550,33.25,63492,79,4.78,1671,99,1654,4047,8,8
1668262364,2022-11-12 08:12:44 -0600,b76efef6148e33a9c3e93e45357170dd778ae78c,TX,48377,2,2022-11-09T01:00:00.000Z,FIPSCode,48377,0,2022-11-12T13:36:18.830Z,8,98.98,8,100,62962,1025,61.97,62492,550,33.25,63492,79,4.78,1671,99,1654,4047,8,8
1668262444,2022-11-12 08:14:04 -0600,3e26500fcb788fea60d78a695277cff377045741,TX,48377,2,2022-11-09T01:00:00.000Z,FIPSCode,48377,0,2022-11-12T13:36:18.830Z,8,98.98,8,100,62962,1025,61.97,62492,550,33.25,63492,79,4.78,1671,99,1654,4047,8,8
1668262484,2022-11-12 08:14:44 -0600,f855584f1bdd7d74b9d5e7d7bdb3deccd60daa22,TX,48377,2,2022-11-09T01:00:00.000Z,FIPSCode,48377,0,2022-11-12T13:36:18.830Z,8,98.98,8,100,62962,1025,61.97,62492,550,33.25,63492,79,4.78,1671,99,1654,4047,8,8
1668262525,2022-11-12 08:15:25 -0600,0a26aa87218ced48d7a9aac84a7ed564a802d12e,TX,48377,2,2022-11-09T01:00:00.000Z,FIPSCode,48377,0,2022-11-12T13:36:18.830Z,8,98.98,8,100,62962,1025,61.97,62492,550,33.25,63492,79,4.78,1671,99,1654,4047,8,8
1668262564,2022-11-12 08:16:04 -0600,f46c5e9196efb2737bb04ada04963101a8c8fdbc,TX,48377,2,2022-11-09T01:00:00.000Z,FIPSCode,48377,0,2022-11-12T13:36:18.830Z,8,98.98,8,100,62962,1025,61.97,62492,550,33.25,63492,79,4.78,1671,99,1654,4047,8,8
1668262604,2022-11-12 08:16:44 -0600,8157e01862fb9261bf691672bfd9d655f9d51f8d,TX,48377,2,2022-11-09T01:00:00.000Z,FIPSCode,48377,0,2022-11-12T13:36:18.830Z,8,98.98,8,100,62962,1025,61.97,62492,550,33.25,63492,79,4.78,1671,99,1654,4047,8,8
1668262643,2022-11-12 08:17:23 -0600,a5c6676b015271bca16d8361a8ef937efa321feb,TX,48377,2,2022-11-09T01:00:00.000Z,FIPSCode,48377,0,2022-11-12T13:36:18.830Z,8,98.98,8,100,62962,1025,61.97,62492,550,33.25,63492,79,4.78,1671,99,1654,4047,8,8
1668262684,2022-11-12 08:18:04 -0600,cf2f199dc07cb3bfd59ecb75bae787f1b6218ed4,TX,48377,2,2022-11-09T01:00:00.000Z,FIPSCode,48377,0,2022-11-12T13:36:18.830Z,8,98.98,8,100,62962,1025,61.97,62492,550,33.25,63492,79,4.78,1671,99,1654,4047,8,8
1668262724,2022-11-12 08:18:44 -0600,023d82b95cfaf5d0e2503469204b93d2a6ecdd8a,TX,48377,2,2022-11-09T01:00:00.000Z,FIPSCode,48377,0,2022-11-12T13:36:18.830Z,8,98.98,8,100,62962,1025,61.97,62492,550,33.25,63492,79,4.78,1671,99,1654,4047,8,8
1668262763,2022-11-12 08:19:23 -0600,a65a621e2b60ca61d5c852998d33c03942054b67,TX,48377,2,2022-11-09T01:00:00.000Z,FIPSCode,48377,0,2022-11-12T13:36:18.830Z,8,98.98,8,100,62962,1025,61.97,62492,550,33.25,63492,79,4.78,1671,99,1654,4047,8,8
1668262803,2022-11-12 08:20:03 -0600,23f69635cd75303e529a098af3f44330d988cda0,TX,48377,2,2022-11-09T01:00:00.000Z,FIPSCode,48377,0,2022-11-12T13:36:18.830Z,8,98.98,8,100,62962,1025,61.97,62492,550,33.25,63492,79,4.78,1671,99,1654,4047,8,8
1668262843,2022-11-12 08:20:43 -0600,10fb6902d7c54f4cf75e6fb28f84d62704773db8,TX,48377,2,2022-11-09T01:00:00.000Z,FIPSCode,48377,0,2022-11-12T13:36:18.830Z,8,98.98,8,100,62962,1025,61.97,62492,550,33.25,63492,79,4.78,1671,99,1654,4047,8,8
1668262883,2022-11-12 08:21:23 -0600,4fcf81c8c1089a54d5fbdb676ca850b7c8adc2a3,TX,48377,2,2022-11-09T01:00:00.000Z,FIPSCode,48377,0,2022-11-12T13:36:18.830Z,8,98.98,8,100,62962,1025,61.97,62492,550,33.25,63492,79,4.78,1671,99,1654,4047,8,8
1668263043,2022-11-12 08:24:03 -0600,6b2907bb2415f1afd2e257aa264f2f6cfec9c4b9,TX,48377,2,2022-11-09T01:00:00.000Z,FIPSCode,48377,0,2022-11-12T13:36:18.830Z,8,98.98,8,100,62962,1025,61.97,62492,550,33.25,63492,79,4.78,1671,99,1654,4047,8,8
1668263083,2022-11-12 08:24:43 -0600,25d51d290e2b97499d2773fe5f848b82a408e000,TX,48377,2,2022-11-09T01:00:00.000Z,FIPSCode,48377,0,2022-11-12T13:36:18.830Z,8,98.98,8,100,62962,1025,61.97,62492,550,33.25,63492,79,4.78,1671,99,1654,4047,8,8
1668263123,2022-11-12 08:25:23 -0600,24961813a8c64f64c36b336c8be87e11cd673e91,TX,48377,2,2022-11-09T01:00:00.000Z,FIPSCode,48377,0,2022-11-12T13:36:18.830Z,8,98.98,8,100,62962,1025,61.97,62492,550,33.25,63492,79,4.78,1671,99,1654,4047,8,8
1668263164,2022-11-12 08:26:04 -0600,a329799aa1798a19c9e0740e81d557498eff181b,TX,48377,2,2022-11-09T01:00:00.000Z,FIPSCode,48377,0,2022-11-12T13:36:18.830Z,8,98.98,8,100,62962,1025,61.97,62492,550,33.25,63492,79,4.78,1671,99,1654,4047,8,8
1668263204,2022-11-12 08:26:44 -0600,0651f7e0f4e9e43d0ce3107255f4fbe282c21a58,TX,48377,2,2022-11-09T01:00:00.000Z,FIPSCode,48377,0,2022-11-12T13:36:18.830Z,8,98.98,8,100,62962,1025,61.97,62492,550,33.25,63492,79,4.78,1671,99,1654,4047,8,8
1668263246,2022-11-12 08:27:26 -0600,6df1fed6bc890e6a3ae6d119ae7443cd9a5ced57,TX,48377,2,2022-11-09T01:00:00.000Z,FIPSCode,48377,0,2022-11-12T13:36:18.830Z,8,98.98,8,100,62962,1025,61.97,62492,550,33.25,63492,79,4.78,1671,99,1654,4047,8,8
1668263285,2022-11-12 08:28:05 -0600,1e2f091ca32119023b8aec4aedbf88b71753c74f,TX,48377,2,2022-11-09T01:00:00.000Z,FIPSCode,48377,0,2022-11-12T13:36:18.830Z,8,98.98,8,100,62962,1025,61.97,62492,550,33.25,63492,79,4.78,1671,99,1654,4047,8,8
1668263325,2022-11-12 08:28:45 -0600,b78b81229cc2bd44c3fdfcec5570e380decb5816,TX,48377,2,2022-11-09T01:00:00.000Z,FIPSCode,48377,0,2022-11-12T13:36:18.830Z,8,98.98,8,100,62962,1025,61.97,62492,550,33.25,63492,79,4.78,1671,99,1654,4047,8,8
1668263364,2022-11-12 08:29:24 -0600,676f803a3cc406f76f92ac4c7cbb2cb9826ef8b3,TX,48377,2,2022-11-09T01:00:00.000Z,FIPSCode,48377,0,2022-11-12T13:36:18.830Z,8,98.98,8,100,62962,1025,61.97,62492,550,33.25,63492,79,4.78,1671,99,1654,4047,8,8
1668263405,2022-11-12 08:30:05 -0600,ef838eae262a127a1cac9fc83037a913989c0835,TX,48377,2,2022-11-09T01:00:00.000Z,FIPSCode,48377,0,2022-11-12T13:36:18.830Z,8,98.98,8,100,62962,1025,61.97,62492,550,33.25,63492,79,4.78,1671,99,1654,4047,8,8
1668263485,2022-11-12 08:31:25 -0600,a3e7c0cd24ebf57f50a195ee898afbbdbc4dd8f3,TX,48377,2,2022-11-09T01:00:00.000Z,FIPSCode,48377,0,2022-11-12T13:36:18.830Z,8,98.98,8,100,62962,1025,61.97,62492,550,33.25,63492,79,4.78,1671,99,1654,4047,8,8
1668263526,2022-11-12 08:32:06 -0600,92a41ace636d198d0951239be5cab01c0ce00179,TX,48377,2,2022-11-09T01:00:00.000Z,FIPSCode,48377,0,2022-11-12T13:36:18.830Z,8,98.98,8,100,62962,1025,61.97,62492,550,33.25,63492,79,4.78,1671,99,1654,4047,8,8
1668263566,2022-11-12 08:32:46 -0600,2c863747c865dad294d09be1b08d24f60f844a40,TX,48377,2,2022-11-09T01:00:00.000Z,FIPSCode,48377,0,2022-11-12T14:32:17.099Z,8,98.98,8,100,62962,1025,61.97,62492,550,33.25,63492,79,4.78,1671,99,1654,4047,8,8
1668263606,2022-11-12 08:33:26 -0600,af94941f1cf7cea1b8207b8b49499e7c0db21245,TX,48377,2,2022-11-09T01:00:00.000Z,FIPSCode,48377,0,2022-11-12T14:32:17.099Z,8,98.98,8,100,62962,1025,61.97,62492,550,33.25,63492,79,4.78,1671,99,1654,4047,8,8
1668263646,2022-11-12 08:34:06 -0600,2c373176adf8c41a43d83fb4168b37de27b88eb9,TX,48377,2,2022-11-09T01:00:00.000Z,FIPSCode,48377,0,2022-11-12T14:33:17.754Z,8,98.98,8,100,62962,1025,61.97,62492,550,33.25,63492,79,4.78,1671,99,1654,4047,8,8
1668263688,2022-11-12 08:34:48 -0600,5e28b31c08b79bd448e196b15e2019f329cd7c51,TX,48377,2,2022-11-09T01:00:00.000Z,FIPSCode,48377,0,2022-11-12T14:33:17.754Z,8,98.98,8,100,62962,1025,61.97,62492,550,33.25,63492,79,4.78,1671,99,1654,4047,8,8
1668263728,2022-11-12 08:35:28 -0600,12ca6b05b0e23a75195efc7a43dc40b356755cf1,TX,48377,2,2022-11-09T01:00:00.000Z,FIPSCode,48377,0,2022-11-12T14:34:36.932Z,8,98.98,8,100,62962,1025,61.97,62492,550,33.25,63492,79,4.78,1671,99,1654,4047,8,8
1668263769,2022-11-12 08:36:09 -0600,26e000649d1f69ba87c5a32a3ab5e0e747e0f0e6,TX,48377,2,2022-11-09T01:00:00.000Z,FIPSCode,48377,0,2022-11-12T14:34:36.932Z,8,98.98,8,100,62962,1025,61.97,62492,550,33.25,63492,79,4.78,1671,99,1654,4047,8,8
1668263808,2022-11-12 08:36:48 -0600,17b94440630f1cf7f8285bda29c0910bd8872d75,TX,48377,2,2022-11-09T01:00:00.000Z,FIPSCode,48377,0,2022-11-12T14:34:36.932Z,8,98.98,8,100,62962,1025,61.97,62492,550,33.25,63492,79,4.78,1671,99,1654,4047,8,8
1668263887,2022-11-12 08:38:07 -0600,efac2091fa3b7396c297d1a2097b0903036b81e7,TX,48377,2,2022-11-09T01:00:00.000Z,FIPSCode,48377,0,2022-11-12T14:34:36.932Z,8,98.98,8,100,62962,1025,61.97,62492,550,33.25,63492,79,4.78,1671,99,1654,4047,8,8
1668263926,2022-11-12 08:38:46 -0600,59c303c3a6f7e1d8996d97a589fea2a036841cfc,TX,48377,2,2022-11-09T01:00:00.000Z,FIPSCode,48377,0,2022-11-12T14:34:36.932Z,8,98.98,8,100,62962,1025,61.97,62492,550,33.25,63492,79,4.78,1671,99,1654,4047,8,8
1668263967,2022-11-12 08:39:27 -0600,8dd93bc9cfca3120292e28bb1c80652e480fc9ad,TX,48377,2,2022-11-09T01:00:00.000Z,FIPSCode,48377,0,2022-11-12T14:34:36.932Z,8,98.98,8,100,62962,1025,61.97,62492,550,33.25,63492,79,4.78,1671,99,1654,4047,8,8
1668264006,2022-11-12 08:40:06 -0600,5ae8928f25a264b1556dec39abcc8a8511a1f2db,TX,48377,2,2022-11-09T01:00:00.000Z,FIPSCode,48377,0,2022-11-12T14:34:36.932Z,8,98.98,8,100,62962,1025,61.97,62492,550,33.25,63492,79,4.78,1671,99,1654,4047,8,8
1668264046,2022-11-12 08:40:46 -0600,f089830a35af5cff721c226294e3b7e8b1f31d1f,TX,48377,2,2022-11-09T01:00:00.000Z,FIPSCode,48377,0,2022-11-12T14:34:36.932Z,8,98.98,8,100,62962,1025,61.97,62492,550,33.25,63492,79,4.78,1671,99,1654,4047,8,8
1668264085,2022-11-12 08:41:25 -0600,761534d9ff2340fb92e8f7a47a2cb53e5d2ed9f4,TX,48377,2,2022-11-09T01:00:00.000Z,FIPSCode,48377,0,2022-11-12T14:34:36.932Z,8,98.98,8,100,62962,1025,61.97,62492,550,33.25,63492,79,4.78,1671,99,1654,4047,8,8
1668264126,2022-11-12 08:42:06 -0600,8ad35f795af260a0e9f6154f42a35509ae86eab4,TX,48377,2,2022-11-09T01:00:00.000Z,FIPSCode,48377,0,2022-11-12T14:34:36.932Z,8,98.98,8,100,62962,1025,61.97,62492,550,33.25,63492,79,4.78,1671,99,1654,4047,8,8
1668264165,2022-11-12 08:42:45 -0600,7f631d0e3942421b205bd0f9d4eecc056af0242a,TX,48377,2,2022-11-09T01:00:00.000Z,FIPSCode,48377,0,2022-11-12T14:34:36.932Z,8,98.98,8,100,62962,1025,61.97,62492,550,33.25,63492,79,4.78,1671,99,1654,4047,8,8
1668264205,2022-11-12 08:43:25 -0600,96bb924a1a26c9b3da6dc5fa5c20ae2ee1062d0f,TX,48377,2,2022-11-09T01:00:00.000Z,FIPSCode,48377,0,2022-11-12T14:34:36.932Z,8,98.98,8,100,62962,1025,61.97,62492,550,33.25,63492,79,4.78,1671,99,1654,4047,8,8
1668264245,2022-11-12 08:44:05 -0600,8814dd3d54d2e231d066efa7e434fdbe04ad7082,TX,48377,2,2022-11-09T01:00:00.000Z,FIPSCode,48377,0,2022-11-12T14:34:36.932Z,8,98.98,8,100,62962,1025,61.97,62492,550,33.25,63492,79,4.78,1671,99,1654,4047,8,8
1668264284,2022-11-12 08:44:44 -0600,2a53f27394ca4858544d1144e6c5c0c91e12b9b5,TX,48377,2,2022-11-09T01:00:00.000Z,FIPSCode,48377,0,2022-11-12T14:34:36.932Z,8,98.98,8,100,62962,1025,61.97,62492,550,33.25,63492,79,4.78,1671,99,1654,4047,8,8
1668264324,2022-11-12 08:45:24 -0600,0b236f471e19abc10b33412acbf34e1d87b08d8a,TX,48377,2,2022-11-09T01:00:00.000Z,FIPSCode,48377,0,2022-11-12T14:34:36.932Z,8,98.98,8,100,62962,1025,61.97,62492,550,33.25,63492,79,4.78,1671,99,1654,4047,8,8
1668264364,2022-11-12 08:46:04 -0600,424855aadaca89c6f17b70e19d2631591b349123,TX,48377,2,2022-11-09T01:00:00.000Z,FIPSCode,48377,0,2022-11-12T14:34:36.932Z,8,98.98,8,100,62962,1025,61.97,62492,550,33.25,63492,79,4.78,1671,99,1654,4047,8,8
1668264403,2022-11-12 08:46:43 -0600,ea1c234b1c6dd5dbb2f34f52d3e08159846bf889,TX,48377,2,2022-11-09T01:00:00.000Z,FIPSCode,48377,0,2022-11-12T14:34:36.932Z,8,98.98,8,100,62962,1025,61.97,62492,550,33.25,63492,79,4.78,1671,99,1654,4047,8,8
1668264443,2022-11-12 08:47:23 -0600,c1edd1e4584731f4fe99472f25e46c02d5c81e06,TX,48377,2,2022-11-09T01:00:00.000Z,FIPSCode,48377,0,2022-11-12T14:34:36.932Z,8,98.98,8,100,62962,1025,61.97,62492,550,33.25,63492,79,4.78,1671,99,1654,4047,8,8
1668264483,2022-11-12 08:48:03 -0600,559e580dcca6fcbc8675c78b6a1ae2d709b890c5,TX,48377,2,2022-11-09T01:00:00.000Z,FIPSCode,48377,0,2022-11-12T14:34:36.932Z,8,98.98,8,100,62962,1025,61.97,62492,550,33.25,63492,79,4.78,1671,99,1654,4047,8,8
1668264643,2022-11-12 08:50:43 -0600,d69ed6b726ccc362e6fbfb1e544497d234710b17,TX,48377,2,2022-11-09T01:00:00.000Z,FIPSCode,48377,0,2022-11-12T14:34:36.932Z,8,98.98,8,100,62962,1025,61.97,62492,550,33.25,63492,79,4.78,1671,99,1654,4047,8,8
1668264683,2022-11-12 08:51:23 -0600,10a453130b84ecfcfc733f5986694862ca804a93,TX,48377,2,2022-11-09T01:00:00.000Z,FIPSCode,48377,0,2022-11-12T14:34:36.932Z,8,98.98,8,100,62962,1025,61.97,62492,550,33.25,63492,79,4.78,1671,99,1654,4047,8,8
1668264723,2022-11-12 08:52:03 -0600,948a0ac7066e0f433ac10e4e43fc283726a223d7,TX,48377,2,2022-11-09T01:00:00.000Z,FIPSCode,48377,0,2022-11-12T14:34:36.932Z,8,98.98,8,100,62962,1025,61.97,62492,550,33.25,63492,79,4.78,1671,99,1654,4047,8,8
1668264842,2022-11-12 08:54:02 -0600,9017a1a1fc9e047e0deb5d282753f9084214faa9,TX,48377,2,2022-11-09T01:00:00.000Z,FIPSCode,48377,0,2022-11-12T14:34:36.932Z,8,98.98,8,100,62962,1025,61.97,62492,550,33.25,63492,79,4.78,1671,99,1654,4047,8,8
1668264882,2022-11-12 08:54:42 -0600,60f9f9ff4c5c089bae6eae797ce1689972137956,TX,48377,2,2022-11-09T01:00:00.000Z,FIPSCode,48377,0,2022-11-12T14:34:36.932Z,8,98.98,8,100,62962,1025,61.97,62492,550,33.25,63492,79,4.78,1671,99,1654,4047,8,8
1668264922,2022-11-12 08:55:22 -0600,b825a621464bb1245b2a35244387c84e87c478b5,TX,48377,2,2022-11-09T01:00:00.000Z,FIPSCode,48377,0,2022-11-12T14:34:36.932Z,8,98.98,8,100,62962,1025,61.97,62492,550,33.25,63492,79,4.78,1671,99,1654,4047,8,8
1668264962,2022-11-12 08:56:02 -0600,91b5e76e6d7aea6e6555c0979c842d284e2017db,TX,48377,2,2022-11-09T01:00:00.000Z,FIPSCode,48377,0,2022-11-12T14:34:36.932Z,8,98.98,8,100,62962,1025,61.97,62492,550,33.25,63492,79,4.78,1671,99,1654,4047,8,8
1668265002,2022-11-12 08:56:42 -0600,204d16ffb61d43bd397b4409c73620c26e6f48f8,TX,48377,2,2022-11-09T01:00:00.000Z,FIPSCode,48377,0,2022-11-12T14:34:36.932Z,8,98.98,8,100,62962,1025,61.97,62492,550,33.25,63492,79,4.78,1671,99,1654,4047,8,8
1668265042,2022-11-12 08:57:22 -0600,1ad2d9c23479c7ece43cc01d93df770ea3319f43,TX,48377,2,2022-11-09T01:00:00.000Z,FIPSCode,48377,0,2022-11-12T14:34:36.932Z,8,98.98,8,100,62962,1025,61.97,62492,550,33.25,63492,79,4.78,1671,99,1654,4047,8,8
1668265083,2022-11-12 08:58:03 -0600,08f925feff1cd727afabd465a4c451bce9cc519b,TX,48377,2,2022-11-09T01:00:00.000Z,FIPSCode,48377,0,2022-11-12T14:34:36.932Z,8,98.98,8,100,62962,1025,61.97,62492,550,33.25,63492,79,4.78,1671,99,1654,4047,8,8
1668265123,2022-11-12 08:58:43 -0600,198fa4c0f35154368ca632b1a2e8c083a18ca0f9,TX,48377,2,2022-11-09T01:00:00.000Z,FIPSCode,48377,0,2022-11-12T14:34:36.932Z,8,98.98,8,100,62962,1025,61.97,62492,550,33.25,63492,79,4.78,1671,99,1654,4047,8,8
1668265203,2022-11-12 09:00:03 -0600,c87ebab6ab014a5d00dbef922bdc67d2919af842,TX,48377,2,2022-11-09T01:00:00.000Z,FIPSCode,48377,0,2022-11-12T14:34:36.932Z,8,98.98,8,100,62962,1025,61.97,62492,550,33.25,63492,79,4.78,1671,99,1654,4047,8,8
1668265244,2022-11-12 09:00:44 -0600,122b6070efe06e3fe2e80a650bc6e64e7f81be7e,TX,48377,2,2022-11-09T01:00:00.000Z,FIPSCode,48377,0,2022-11-12T14:34:36.932Z,8,98.98,8,100,62962,1025,61.97,62492,550,33.25,63492,79,4.78,1671,99,1654,4047,8,8
1668265284,2022-11-12 09:01:24 -0600,6b180bf30b7bd9ba19af3641955ed0ec0652c415,TX,48377,2,2022-11-09T01:00:00.000Z,FIPSCode,48377,0,2022-11-12T14:34:36.932Z,8,98.98,8,100,62962,1025,61.97,62492,550,33.25,63492,79,4.78,1671,99,1654,4047,8,8
1668265325,2022-11-12 09:02:05 -0600,1229da8eb46f528f1bfda28ac88529bf477eaf26,TX,48377,2,2022-11-09T01:00:00.000Z,FIPSCode,48377,0,2022-11-12T14:34:36.932Z,8,98.98,8,100,62962,1025,61.97,62492,550,33.25,63492,79,4.78,1671,99,1654,4047,8,8
1668265366,2022-11-12 09:02:46 -0600,f9aa0a04444f716aded22047c5fe2c6e7cec8e2e,TX,48377,2,2022-11-09T01:00:00.000Z,FIPSCode,48377,0,2022-11-12T14:34:36.932Z,8,98.98,8,100,62962,1025,61.97,62492,550,33.25,63492,79,4.78,1671,99,1654,4047,8,8
1668265405,2022-11-12 09:03:25 -0600,b78f49e620094d25db352258d3ac37cf451905ab,TX,48377,2,2022-11-09T01:00:00.000Z,FIPSCode,48377,0,2022-11-12T14:34:36.932Z,8,98.98,8,100,62962,1025,61.97,62492,550,33.25,63492,79,4.78,1671,99,1654,4047,8,8
1668265445,2022-11-12 09:04:05 -0600,481537935b05c1edde3af2d852f8cb9b76bf748b,TX,48377,2,2022-11-09T01:00:00.000Z,FIPSCode,48377,0,2022-11-12T14:34:36.932Z,8,98.98,8,100,62962,1025,61.97,62492,550,33.25,63492,79,4.78,1671,99,1654,4047,8,8
1668265485,2022-11-12 09:04:45 -0600,5450f13f7db90cfd414e1778da83673979163b08,TX,48377,2,2022-11-09T01:00:00.000Z,FIPSCode,48377,0,2022-11-12T14:34:36.932Z,8,98.98,8,100,62962,1025,61.97,62492,550,33.25,63492,79,4.78,1671,99,1654,4047,8,8
1668265526,2022-11-12 09:05:26 -0600,f0292d711f8caffb7929d7ca2d5e0c78ac4746ec,TX,48377,2,2022-11-09T01:00:00.000Z,FIPSCode,48377,0,2022-11-12T14:34:36.932Z,8,98.98,8,100,62962,1025,61.97,62492,550,33.25,63492,79,4.78,1671,99,1654,4047,8,8
1668265567,2022-11-12 09:06:07 -0600,03dc2dc27783bda3802a7185266d6415ae351ab0,TX,48377,2,2022-11-09T01:00:00.000Z,FIPSCode,48377,0,2022-11-12T14:34:36.932Z,8,98.98,8,100,62962,1025,61.97,62492,550,33.25,63492,79,4.78,1671,99,1654,4047,8,8
1668265687,2022-11-12 09:08:07 -0600,e6242822029dbde33c8d5500314581599fca66ff,TX,48377,2,2022-11-09T01:00:00.000Z,FIPSCode,48377,0,2022-11-12T14:34:36.932Z,8,98.98,8,100,62962,1025,61.97,62492,550,33.25,63492,79,4.78,1671,99,1654,4047,8,8
1668265726,2022-11-12 09:08:46 -0600,f7ebd78f160d260adadec1dd23dbf26c1b8d34d5,TX,48377,2,2022-11-09T01:00:00.000Z,FIPSCode,48377,0,2022-11-12T14:34:36.932Z,8,98.98,8,100,62962,1025,61.97,62492,550,33.25,63492,79,4.78,1671,99,1654,4047,8,8
1668265767,2022-11-12 09:09:27 -0600,00837da64ba06c610060a3c8f90da848858b4da8,TX,48377,2,2022-11-09T01:00:00.000Z,FIPSCode,48377,0,2022-11-12T14:34:36.932Z,8,98.98,8,100,62962,1025,61.97,62492,550,33.25,63492,79,4.78,1671,99,1654,4047,8,8
1668265807,2022-11-12 09:10:07 -0600,2ea9b037aea955a4bd2bef031ce0e3df797a7e06,TX,48377,2,2022-11-09T01:00:00.000Z,FIPSCode,48377,0,2022-11-12T14:34:36.932Z,8,98.98,8,100,62962,1025,61.97,62492,550,33.25,63492,79,4.78,1671,99,1654,4047,8,8
1668265847,2022-11-12 09:10:47 -0600,2783e1ad3296d6f6631788d554f4b6716a0fdaeb,TX,48377,2,2022-11-09T01:00:00.000Z,FIPSCode,48377,0,2022-11-12T14:34:36.932Z,8,98.98,8,100,62962,1025,61.97,62492,550,33.25,63492,79,4.78,1671,99,1654,4047,8,8
1668265887,2022-11-12 09:11:27 -0600,61745dee6e510f1a07cb2791c60e92ad44e8e87c,TX,48377,2,2022-11-09T01:00:00.000Z,FIPSCode,48377,0,2022-11-12T14:34:36.932Z,8,98.98,8,100,62962,1025,61.97,62492,550,33.25,63492,79,4.78,1671,99,1654,4047,8,8
1668265927,2022-11-12 09:12:07 -0600,9e04e7fa7e17c32dfabf459f5804cc8fdd40b002,TX,48377,2,2022-11-09T01:00:00.000Z,FIPSCode,48377,0,2022-11-12T14:34:36.932Z,8,98.98,8,100,62962,1025,61.97,62492,550,33.25,63492,79,4.78,1671,99,1654,4047,8,8
1668265967,2022-11-12 09:12:47 -0600,337a5e1922d412ffce2974a466f9977ba615c58f,TX,48377,2,2022-11-09T01:00:00.000Z,FIPSCode,48377,0,2022-11-12T14:34:36.932Z,8,98.98,8,100,62962,1025,61.97,62492,550,33.25,63492,79,4.78,1671,99,1654,4047,8,8
1668266008,2022-11-12 09:13:28 -0600,baea22addf36a16e72cfb4db2ac7b400be12009c,TX,48377,2,2022-11-09T01:00:00.000Z,FIPSCode,48377,0,2022-11-12T14:34:36.932Z,8,98.98,8,100,62962,1025,61.97,62492,550,33.25,63492,79,4.78,1671,99,1654,4047,8,8
1668266048,2022-11-12 09:14:08 -0600,de02ec022b18c5bb89f226ac0ba5e2c668922c01,TX,48377,2,2022-11-09T01:00:00.000Z,FIPSCode,48377,0,2022-11-12T14:34:36.932Z,8,98.98,8,100,62962,1025,61.97,62492,550,33.25,63492,79,4.78,1671,99,1654,4047,8,8
1668266088,2022-11-12 09:14:48 -0600,20adfec44825678bcb257b6f86796114fc456078,TX,48377,2,2022-11-09T01:00:00.000Z,FIPSCode,48377,0,2022-11-12T14:34:36.932Z,8,98.98,8,100,62962,1025,61.97,62492,550,33.25,63492,79,4.78,1671,99,1654,4047,8,8
1668266128,2022-11-12 09:15:28 -0600,7e84a86b0ae6931ead4d37b7485a8724b5029d2d,TX,48377,2,2022-11-09T01:00:00.000Z,FIPSCode,48377,0,2022-11-12T14:34:36.932Z,8,98.98,8,100,62962,1025,61.97,62492,550,33.25,63492,79,4.78,1671,99,1654,4047,8,8
1668266168,2022-11-12 09:16:08 -0600,ebebf6911ccf0101a8de0a11b1a6e0fbb187f7e8,TX,48377,2,2022-11-09T01:00:00.000Z,FIPSCode,48377,0,2022-11-12T14:34:36.932Z,8,98.98,8,100,62962,1025,61.97,62492,550,33.25,63492,79,4.78,1671,99,1654,4047,8,8
1668266209,2022-11-12 09:16:49 -0600,3bcde81707a450d49a9996fdadbd0e3eaaee5325,TX,48377,2,2022-11-09T01:00:00.000Z,FIPSCode,48377,0,2022-11-12T14:34:36.932Z,8,98.98,8,100,62962,1025,61.97,62492,550,33.25,63492,79,4.78,1671,99,1654,4047,8,8
1668266250,2022-11-12 09:17:30 -0600,aa67b1501a5069d1c8717448e7c5b3d5aa2d5ecf,TX,48377,2,2022-11-09T01:00:00.000Z,FIPSCode,48377,0,2022-11-12T14:34:36.932Z,8,98.98,8,100,62962,1025,61.97,62492,550,33.25,63492,79,4.78,1671,99,1654,4047,8,8
1668266290,2022-11-12 09:18:10 -0600,bc73d22f3ec9571c74444a4263b7b892fb4ff713,TX,48377,2,2022-11-09T01:00:00.000Z,FIPSCode,48377,0,2022-11-12T14:34:36.932Z,8,98.98,8,100,62962,1025,61.97,62492,550,33.25,63492,79,4.78,1671,99,1654,4047,8,8
1668266331,2022-11-12 09:18:51 -0600,b03b056c946d71a3cd033f43efb319bcaa82e72a,TX,48377,2,2022-11-09T01:00:00.000Z,FIPSCode,48377,0,2022-11-12T14:34:36.932Z,8,98.98,8,100,62962,1025,61.97,62492,550,33.25,63492,79,4.78,1671,99,1654,4047,8,8
1668266371,2022-11-12 09:19:31 -0600,d1dbf74f5730e421d8cd1131517be389066a7aa8,TX,48377,2,2022-11-09T01:00:00.000Z,FIPSCode,48377,0,2022-11-12T14:34:36.932Z,8,98.98,8,100,62962,1025,61.97,62492,550,33.25,63492,79,4.78,1671,99,1654,4047,8,8
1668266412,2022-11-12 09:20:12 -0600,3c90a058109c66383c8db024c699ec4920f53691,TX,48377,2,2022-11-09T01:00:00.000Z,FIPSCode,48377,0,2022-11-12T14:34:36.932Z,8,98.98,8,100,62962,1025,61.97,62492,550,33.25,63492,79,4.78,1671,99,1654,4047,8,8
1668266452,2022-11-12 09:20:52 -0600,e5efa18cad4d356f4af203f61eeed8b30f73f5cf,TX,48377,2,2022-11-09T01:00:00.000Z,FIPSCode,48377,0,2022-11-12T14:34:36.932Z,8,98.98,8,100,62962,1025,61.97,62492,550,33.25,63492,79,4.78,1671,99,1654,4047,8,8
1668266533,2022-11-12 09:22:13 -0600,3539e1046d053b44eb03e6f0f1b7205640d7996f,TX,48377,2,2022-11-09T01:00:00.000Z,FIPSCode,48377,0,2022-11-12T14:34:36.932Z,8,98.98,8,100,62962,1025,61.97,62492,550,33.25,63492,79,4.78,1671,99,1654,4047,8,8
1668266573,2022-11-12 09:22:53 -0600,3ace17f7853246964c24e2bd14867046ed5bb2d7,TX,48377,2,2022-11-09T01:00:00.000Z,FIPSCode,48377,0,2022-11-12T14:34:36.932Z,8,98.98,8,100,62962,1025,61.97,62492,550,33.25,63492,79,4.78,1671,99,1654,4047,8,8
1668266613,2022-11-12 09:23:33 -0600,624ff5a070c56ef239e48772722a6f222151d4a0,TX,48377,2,2022-11-09T01:00:00.000Z,FIPSCode,48377,0,2022-11-12T14:34:36.932Z,8,98.98,8,100,62962,1025,61.97,62492,550,33.25,63492,79,4.78,1671,99,1654,4047,8,8
1668266654,2022-11-12 09:24:14 -0600,3ec5f0dd5037ac4fde0f4df096d45bbe7139ec97,TX,48377,2,2022-11-09T01:00:00.000Z,FIPSCode,48377,0,2022-11-12T14:34:36.932Z,8,98.98,8,100,62962,1025,61.97,62492,550,33.25,63492,79,4.78,1671,99,1654,4047,8,8
1668266694,2022-11-12 09:24:54 -0600,9ae85dda1dc2fa9ac5c0db4d2981652f76d26dfe,TX,48377,2,2022-11-09T01:00:00.000Z,FIPSCode,48377,0,2022-11-12T15:24:16.776Z,8,98.98,8,100,62962,1025,61.97,62492,550,33.25,63492,79,4.78,1671,99,1654,4047,8,8
1668266733,2022-11-12 09:25:33 -0600,bec1ca85c8520d4ee59d58fb57c1b6d23b686735,TX,48377,2,2022-11-09T01:00:00.000Z,FIPSCode,48377,0,2022-11-12T15:25:18.177Z,8,98.98,8,100,62962,1025,61.97,62492,550,33.25,63492,79,4.78,1671,99,1654,4047,8,8
1668266773,2022-11-12 09:26:13 -0600,2a88b2477795ad900c255d07809b3e00eb4016d6,TX,48377,2,2022-11-09T01:00:00.000Z,FIPSCode,48377,0,2022-11-12T15:25:18.177Z,8,98.98,8,100,62962,1025,61.97,62492,550,33.25,63492,79,4.78,1671,99,1654,4047,8,8
1668266813,2022-11-12 09:26:53 -0600,524f96e54b4be6528609d465afa9554a1f08a956,TX,48377,2,2022-11-09T01:00:00.000Z,FIPSCode,48377,0,2022-11-12T15:26:37.287Z,8,98.98,8,100,62962,1025,61.97,62492,550,33.25,63492,79,4.78,1671,99,1654,4047,8,8
1668266893,2022-11-12 09:28:13 -0600,182a5afcbc0fc642a48779b5527705387bbb2005,TX,48377,2,2022-11-09T01:00:00.000Z,FIPSCode,48377,0,2022-11-12T15:26:37.287Z,8,98.98,8,100,62962,1025,61.97,62492,550,33.25,63492,79,4.78,1671,99,1654,4047,8,8
1668266934,2022-11-12 09:28:54 -0600,11235455ce921539f272edf717f964d695884d2b,TX,48377,2,2022-11-09T01:00:00.000Z,FIPSCode,48377,0,2022-11-12T15:26:37.287Z,8,98.98,8,100,62962,1025,61.97,62492,550,33.25,63492,79,4.78,1671,99,1654,4047,8,8
1668266975,2022-11-12 09:29:35 -0600,1fc027eaf02931cbcbf48e81cf8123db6125a7f4,TX,48377,2,2022-11-09T01:00:00.000Z,FIPSCode,48377,0,2022-11-12T15:26:37.287Z,8,98.98,8,100,62962,1025,61.97,62492,550,33.25,63492,79,4.78,1671,99,1654,4047,8,8
1668267015,2022-11-12 09:30:15 -0600,a119ebd137246da520a7a174c1530810ed5e132b,TX,48377,2,2022-11-09T01:00:00.000Z,FIPSCode,48377,0,2022-11-12T15:26:37.287Z,8,98.98,8,100,62962,1025,61.97,62492,550,33.25,63492,79,4.78,1671,99,1654,4047,8,8
1668267056,2022-11-12 09:30:56 -0600,172e4ab26ac47086317f101b9c6466ab7987111a,TX,48377,2,2022-11-09T01:00:00.000Z,FIPSCode,48377,0,2022-11-12T15:26:37.287Z,8,98.98,8,100,62962,1025,61.97,62492,550,33.25,63492,79,4.78,1671,99,1654,4047,8,8
1668267097,2022-11-12 09:31:37 -0600,c70790a3c69f0f17143515a291988f443988530c,TX,48377,2,2022-11-09T01:00:00.000Z,FIPSCode,48377,0,2022-11-12T15:26:37.287Z,8,98.98,8,100,62962,1025,61.97,62492,550,33.25,63492,79,4.78,1671,99,1654,4047,8,8
1668267178,2022-11-12 09:32:58 -0600,04f24d34d037e3819c15f9c2be852d63fc41e420,TX,48377,2,2022-11-09T01:00:00.000Z,FIPSCode,48377,0,2022-11-12T15:26:37.287Z,8,98.98,8,100,62962,1025,61.97,62492,550,33.25,63492,79,4.78,1671,99,1654,4047,8,8
1668267220,2022-11-12 09:33:40 -0600,dbfa4a3e5c39cb8963c607fe9b072997ce6403a2,TX,48377,2,2022-11-09T01:00:00.000Z,FIPSCode,48377,0,2022-11-12T15:26:37.287Z,8,98.98,8,100,62962,1025,61.97,62492,550,33.25,63492,79,4.78,1671,99,1654,4047,8,8
1668267259,2022-11-12 09:34:19 -0600,5ad6c7c7f2cda9eecf65e60b175a18f05daccb7f,TX,48377,2,2022-11-09T01:00:00.000Z,FIPSCode,48377,0,2022-11-12T15:26:37.287Z,8,98.98,8,100,62962,1025,61.97,62492,550,33.25,63492,79,4.78,1671,99,1654,4047,8,8
1668267299,2022-11-12 09:34:59 -0600,89de79b90b02590880c00aef84a11b5943ad047f,TX,48377,2,2022-11-09T01:00:00.000Z,FIPSCode,48377,0,2022-11-12T15:26:37.287Z,8,98.98,8,100,62962,1025,61.97,62492,550,33.25,63492,79,4.78,1671,99,1654,4047,8,8
1668267339,2022-11-12 09:35:39 -0600,44cfef2d2462981414bdcaf127e1428ba4a9e825,TX,48377,2,2022-11-09T01:00:00.000Z,FIPSCode,48377,0,2022-11-12T15:26:37.287Z,8,98.98,8,100,62962,1025,61.97,62492,550,33.25,63492,79,4.78,1671,99,1654,4047,8,8
1668267378,2022-11-12 09:36:18 -0600,b4c26ba3d5feca0bd69a54a396b6fec565f198f6,TX,48377,2,2022-11-09T01:00:00.000Z,FIPSCode,48377,0,2022-11-12T15:26:37.287Z,8,98.98,8,100,62962,1025,61.97,62492,550,33.25,63492,79,4.78,1671,99,1654,4047,8,8
1668267419,2022-11-12 09:36:59 -0600,d82b3746766956c4f1e0cbb747b47105c7215905,TX,48377,2,2022-11-09T01:00:00.000Z,FIPSCode,48377,0,2022-11-12T15:26:37.287Z,8,98.98,8,100,62962,1025,61.97,62492,550,33.25,63492,79,4.78,1671,99,1654,4047,8,8
1668267458,2022-11-12 09:37:38 -0600,565cc52c51e64bf208ca9be6d1f3069d950b8bc2,TX,48377,2,2022-11-09T01:00:00.000Z,FIPSCode,48377,0,2022-11-12T15:26:37.287Z,8,98.98,8,100,62962,1025,61.97,62492,550,33.25,63492,79,4.78,1671,99,1654,4047,8,8
1668267497,2022-11-12 09:38:17 -0600,5f37adb220b320723a53de8863f42fc444eab30f,TX,48377,2,2022-11-09T01:00:00.000Z,FIPSCode,48377,0,2022-11-12T15:26:37.287Z,8,98.98,8,100,62962,1025,61.97,62492,550,33.25,63492,79,4.78,1671,99,1654,4047,8,8
1668267537,2022-11-12 09:38:57 -0600,b3ba3bdb3dd1c39104ef8d37846429b5113b658f,TX,48377,2,2022-11-09T01:00:00.000Z,FIPSCode,48377,0,2022-11-12T15:26:37.287Z,8,98.98,8,100,62962,1025,61.97,62492,550,33.25,63492,79,4.78,1671,99,1654,4047,8,8
1668267577,2022-11-12 09:39:37 -0600,527c51142f8180dae1be3bc3ac70cc465dfd8c8f,TX,48377,2,2022-11-09T01:00:00.000Z,FIPSCode,48377,0,2022-11-12T15:26:37.287Z,8,98.98,8,100,62962,1025,61.97,62492,550,33.25,63492,79,4.78,1671,99,1654,4047,8,8
1668267617,2022-11-12 09:40:17 -0600,251af3f22e1270337dca2760f5207b46b4d8bf62,TX,48377,2,2022-11-09T01:00:00.000Z,FIPSCode,48377,0,2022-11-12T15:26:37.287Z,8,98.98,8,100,62962,1025,61.97,62492,550,33.25,63492,79,4.78,1671,99,1654,4047,8,8
1668267658,2022-11-12 09:40:58 -0600,4aaccaa358c7a33c8d4c2b8105ce04b99b01107a,TX,48377,2,2022-11-09T01:00:00.000Z,FIPSCode,48377,0,2022-11-12T15:26:37.287Z,8,98.98,8,100,62962,1025,61.97,62492,550,33.25,63492,79,4.78,1671,99,1654,4047,8,8
1668267699,2022-11-12 09:41:39 -0600,28e1e81e69c718bdb611a14fe006e2bb3cdba1a9,TX,48377,2,2022-11-09T01:00:00.000Z,FIPSCode,48377,0,2022-11-12T15:26:37.287Z,8,98.98,8,100,62962,1025,61.97,62492,550,33.25,63492,79,4.78,1671,99,1654,4047,8,8
1668267778,2022-11-12 09:42:58 -0600,f5c4eca6da1615d7e9dd910304711d89acc69150,TX,48377,2,2022-11-09T01:00:00.000Z,FIPSCode,48377,0,2022-11-12T15:26:37.287Z,8,98.98,8,100,62962,1025,61.97,62492,550,33.25,63492,79,4.78,1671,99,1654,4047,8,8
1668267817,2022-11-12 09:43:37 -0600,b3cd902caa0534a3e0140e792af00e512a36aa4e,TX,48377,2,2022-11-09T01:00:00.000Z,FIPSCode,48377,0,2022-11-12T15:26:37.287Z,8,98.98,8,100,62962,1025,61.97,62492,550,33.25,63492,79,4.78,1671,99,1654,4047,8,8
1668267857,2022-11-12 09:44:17 -0600,46d3976eecd380772fbae00cc3a9d0ee3483f5bc,TX,48377,2,2022-11-09T01:00:00.000Z,FIPSCode,48377,0,2022-11-12T15:26:37.287Z,8,98.98,8,100,62962,1025,61.97,62492,550,33.25,63492,79,4.78,1671,99,1654,4047,8,8
1668267897,2022-11-12 09:44:57 -0600,bf62f192df3775dc992bd033e8385404494ba130,TX,48377,2,2022-11-09T01:00:00.000Z,FIPSCode,48377,0,2022-11-12T15:26:37.287Z,8,98.98,8,100,62962,1025,61.97,62492,550,33.25,63492,79,4.78,1671,99,1654,4047,8,8
1668267937,2022-11-12 09:45:37 -0600,60eadc50ec164cd2a2f1e285fc7d17437ef901c0,TX,48377,2,2022-11-09T01:00:00.000Z,FIPSCode,48377,0,2022-11-12T15:26:37.287Z,8,98.98,8,100,62962,1025,61.97,62492,550,33.25,63492,79,4.78,1671,99,1654,4047,8,8
1668267978,2022-11-12 09:46:18 -0600,e2690821df0a52e6ab38ade71bb2402ccbbe62d1,TX,48377,2,2022-11-09T01:00:00.000Z,FIPSCode,48377,0,2022-11-12T15:26:37.287Z,8,98.98,8,100,62962,1025,61.97,62492,550,33.25,63492,79,4.78,1671,99,1654,4047,8,8
1668268018,2022-11-12 09:46:58 -0600,d37066ffdd4aca82da77411d76998fbde65ac067,TX,48377,2,2022-11-09T01:00:00.000Z,FIPSCode,48377,0,2022-11-12T15:26:37.287Z,8,98.98,8,100,62962,1025,61.97,62492,550,33.25,63492,79,4.78,1671,99,1654,4047,8,8
1668268098,2022-11-12 09:48:18 -0600,03d0a67472991ceb011930343020f5634482d047,TX,48377,2,2022-11-09T01:00:00.000Z,FIPSCode,48377,0,2022-11-12T15:26:37.287Z,8,98.98,8,100,62962,1025,61.97,62492,550,33.25,63492,79,4.78,1671,99,1654,4047,8,8
1668268137,2022-11-12 09:48:57 -0600,e2b654a31818237060c29aad1b874249d857e144,TX,48377,2,2022-11-09T01:00:00.000Z,FIPSCode,48377,0,2022-11-12T15:26:37.287Z,8,98.98,8,100,62962,1025,61.97,62492,550,33.25,63492,79,4.78,1671,99,1654,4047,8,8
1668268217,2022-11-12 09:50:17 -0600,d405d238be7498ba3a8c8f6d1104a2098271d30e,TX,48377,2,2022-11-09T01:00:00.000Z,FIPSCode,48377,0,2022-11-12T15:26:37.287Z,8,98.98,8,100,62962,1025,61.97,62492,550,33.25,63492,79,4.78,1671,99,1654,4047,8,8
1668268257,2022-11-12 09:50:57 -0600,3e06de8e16e1a4835976129e57296b642fd344d6,TX,48377,2,2022-11-09T01:00:00.000Z,FIPSCode,48377,0,2022-11-12T15:26:37.287Z,8,98.98,8,100,62962,1025,61.97,62492,550,33.25,63492,79,4.78,1671,99,1654,4047,8,8
1668268339,2022-11-12 09:52:19 -0600,0348a2bc4026d24dfb3edd385b5dbbf529d4f536,TX,48377,2,2022-11-09T01:00:00.000Z,FIPSCode,48377,0,2022-11-12T15:26:37.287Z,8,98.98,8,100,62962,1025,61.97,62492,550,33.25,63492,79,4.78,1671,99,1654,4047,8,8
1668268379,2022-11-12 09:52:59 -0600,3cfeaab3aaf5e337ccdd30d1360080694320c6ec,TX,48377,2,2022-11-09T01:00:00.000Z,FIPSCode,48377,0,2022-11-12T15:26:37.287Z,8,98.98,8,100,62962,1025,61.97,62492,550,33.25,63492,79,4.78,1671,99,1654,4047,8,8
1668268539,2022-11-12 09:55:39 -0600,496b9adbaffea2b3e67e83efa5456448172a8b41,TX,48377,2,2022-11-09T01:00:00.000Z,FIPSCode,48377,0,2022-11-12T15:26:37.287Z,8,98.98,8,100,62962,1025,61.97,62492,550,33.25,63492,79,4.78,1671,99,1654,4047,8,8
1668268580,2022-11-12 09:56:20 -0600,74afcfd1ee938022da3f152e3f0b1dcd3ce5d8b1,TX,48377,2,2022-11-09T01:00:00.000Z,FIPSCode,48377,0,2022-11-12T15:26:37.287Z,8,98.98,8,100,62962,1025,61.97,62492,550,33.25,63492,79,4.78,1671,99,1654,4047,8,8
1668268620,2022-11-12 09:57:00 -0600,e9e3fb1ca939c89b00927b3f5dfec66adc623d46,TX,48377,2,2022-11-09T01:00:00.000Z,FIPSCode,48377,0,2022-11-12T15:26:37.287Z,8,98.98,8,100,62962,1025,61.97,62492,550,33.25,63492,79,4.78,1671,99,1654,4047,8,8
1668268661,2022-11-12 09:57:41 -0600,8dd201fb9ce7a891409bc024398f2b06c3c3ed6d,TX,48377,2,2022-11-09T01:00:00.000Z,FIPSCode,48377,0,2022-11-12T15:26:37.287Z,8,98.98,8,100,62962,1025,61.97,62492,550,33.25,63492,79,4.78,1671,99,1654,4047,8,8
1668268742,2022-11-12 09:59:02 -0600,e109b41f46b93ede25cdcdb6c29caa67fda89686,TX,48377,2,2022-11-09T01:00:00.000Z,FIPSCode,48377,0,2022-11-12T15:26:37.287Z,8,98.98,8,100,62962,1025,61.97,62492,550,33.25,63492,79,4.78,1671,99,1654,4047,8,8
1668268781,2022-11-12 09:59:41 -0600,4de5dfe2c84f4aa04bf366c67d33259b0aa7c45c,TX,48377,2,2022-11-09T01:00:00.000Z,FIPSCode,48377,0,2022-11-12T15:26:37.287Z,8,98.98,8,100,62962,1025,61.97,62492,550,33.25,63492,79,4.78,1671,99,1654,4047,8,8
1668268822,2022-11-12 10:00:22 -0600,e2dc8daa0bd81ed8fc6a4fac4d8a8b67b1b42380,TX,48377,2,2022-11-09T01:00:00.000Z,FIPSCode,48377,0,2022-11-12T15:26:37.287Z,8,98.98,8,100,62962,1025,61.97,62492,550,33.25,63492,79,4.78,1671,99,1654,4047,8,8
1668268860,2022-11-12 10:01:00 -0600,e5ae5c848757388333e492dca4f626f8e04828be,TX,48377,2,2022-11-09T01:00:00.000Z,FIPSCode,48377,0,2022-11-12T15:26:37.287Z,8,98.98,8,100,62962,1025,61.97,62492,550,33.25,63492,79,4.78,1671,99,1654,4047,8,8
1668268901,2022-11-12 10:01:41 -0600,807af3d526032c22af77d9b0e0e5b7e107d40d08,TX,48377,2,2022-11-09T01:00:00.000Z,FIPSCode,48377,0,2022-11-12T15:26:37.287Z,8,98.98,8,100,62962,1025,61.97,62492,550,33.25,63492,79,4.78,1671,99,1654,4047,8,8
1668268941,2022-11-12 10:02:21 -0600,9f144f0e137477f1cb5d87e9d9f37edb0919b611,TX,48377,2,2022-11-09T01:00:00.000Z,FIPSCode,48377,0,2022-11-12T15:26:37.287Z,8,98.98,8,100,62962,1025,61.97,62492,550,33.25,63492,79,4.78,1671,99,1654,4047,8,8
1668268982,2022-11-12 10:03:02 -0600,a250046fda0fae8e5a1ec732d28dc55dbb60bf7a,TX,48377,2,2022-11-09T01:00:00.000Z,FIPSCode,48377,0,2022-11-12T15:26:37.287Z,8,98.98,8,100,62962,1025,61.97,62492,550,33.25,63492,79,4.78,1671,99,1654,4047,8,8
1668269020,2022-11-12 10:03:40 -0600,47560aa2a6988e05b8639c0ec9c21e1b7d471f2f,TX,48377,2,2022-11-09T01:00:00.000Z,FIPSCode,48377,0,2022-11-12T15:26:37.287Z,8,98.98,8,100,62962,1025,61.97,62492,550,33.25,63492,79,4.78,1671,99,1654,4047,8,8
1668269061,2022-11-12 10:04:21 -0600,f6a57f81036de669f8efdaf98678401a2a8daa83,TX,48377,2,2022-11-09T01:00:00.000Z,FIPSCode,48377,0,2022-11-12T15:26:37.287Z,8,98.98,8,100,62962,1025,61.97,62492,550,33.25,63492,79,4.78,1671,99,1654,4047,8,8
1668269102,2022-11-12 10:05:02 -0600,18543f64e3f213c1ac89c66a24ac9deee636dfd4,TX,48377,2,2022-11-09T01:00:00.000Z,FIPSCode,48377,0,2022-11-12T15:26:37.287Z,8,98.98,8,100,62962,1025,61.97,62492,550,33.25,63492,79,4.78,1671,99,1654,4047,8,8
1668269142,2022-11-12 10:05:42 -0600,085c7641e427eff67edf5dcbaf9b34f94aa7cb5e,TX,48377,2,2022-11-09T01:00:00.000Z,FIPSCode,48377,0,2022-11-12T15:26:37.287Z,8,98.98,8,100,62962,1025,61.97,62492,550,33.25,63492,79,4.78,1671,99,1654,4047,8,8
1668269184,2022-11-12 10:06:24 -0600,13343f8fb341f2b8d21bc5718186c670100b31e9,TX,48377,2,2022-11-09T01:00:00.000Z,FIPSCode,48377,0,2022-11-12T15:26:37.287Z,8,98.98,8,100,62962,1025,61.97,62492,550,33.25,63492,79,4.78,1671,99,1654,4047,8,8
1668269224,2022-11-12 10:07:04 -0600,a6926bd1b012634c91629d830916f170e9a8bc4a,TX,48377,2,2022-11-09T01:00:00.000Z,FIPSCode,48377,0,2022-11-12T15:26:37.287Z,8,98.98,8,100,62962,1025,61.97,62492,550,33.25,63492,79,4.78,1671,99,1654,4047,8,8
1668269265,2022-11-12 10:07:45 -0600,c9de1efa90410c387101ea809a9fb8a469e37e90,TX,48377,2,2022-11-09T01:00:00.000Z,FIPSCode,48377,0,2022-11-12T15:26:37.287Z,8,98.98,8,100,62962,1025,61.97,62492,550,33.25,63492,79,4.78,1671,99,1654,4047,8,8
1668269305,2022-11-12 10:08:25 -0600,842a791449241e304fd50288c7c4ea65a385003f,TX,48377,2,2022-11-09T01:00:00.000Z,FIPSCode,48377,0,2022-11-12T15:26:37.287Z,8,98.98,8,100,62962,1025,61.97,62492,550,33.25,63492,79,4.78,1671,99,1654,4047,8,8
1668269346,2022-11-12 10:09:06 -0600,f9c2f26d19ae911aab61f2fbca3f8f07de7e6018,TX,48377,2,2022-11-09T01:00:00.000Z,FIPSCode,48377,0,2022-11-12T15:26:37.287Z,8,98.98,8,100,62962,1025,61.97,62492,550,33.25,63492,79,4.78,1671,99,1654,4047,8,8
1668269386,2022-11-12 10:09:46 -0600,42320207c14a9f5dcece682623b279f87be351d5,TX,48377,2,2022-11-09T01:00:00.000Z,FIPSCode,48377,0,2022-11-12T15:26:37.287Z,8,98.98,8,100,62962,1025,61.97,62492,550,33.25,63492,79,4.78,1671,99,1654,4047,8,8
1668269428,2022-11-12 10:10:28 -0600,ffda4c1966889b980c9b2a612822799da79897a9,TX,48377,2,2022-11-09T01:00:00.000Z,FIPSCode,48377,0,2022-11-12T15:26:37.287Z,8,98.98,8,100,62962,1025,61.97,62492,550,33.25,63492,79,4.78,1671,99,1654,4047,8,8
1668269468,2022-11-12 10:11:08 -0600,777f2021850abbcf2a9da864cc1119d6d2e91439,TX,48377,2,2022-11-09T01:00:00.000Z,FIPSCode,48377,0,2022-11-12T15:26:37.287Z,8,98.98,8,100,62962,1025,61.97,62492,550,33.25,63492,79,4.78,1671,99,1654,4047,8,8
1668269510,2022-11-12 10:11:50 -0600,a723842300cd16929ca5a6ad89e121f984433631,TX,48377,2,2022-11-09T01:00:00.000Z,FIPSCode,48377,0,2022-11-12T15:26:37.287Z,8,98.98,8,100,62962,1025,61.97,62492,550,33.25,63492,79,4.78,1671,99,1654,4047,8,8
1668269551,2022-11-12 10:12:31 -0600,452256e76159202f161a6518d3e39a86aee3ecfd,TX,48377,2,2022-11-09T01:00:00.000Z,FIPSCode,48377,0,2022-11-12T15:26:37.287Z,8,98.98,8,100,62962,1025,61.97,62492,550,33.25,63492,79,4.78,1671,99,1654,4047,8,8
1668269592,2022-11-12 10:13:12 -0600,347a533973629e36def98c2890b40fa934114f0f,TX,48377,2,2022-11-09T01:00:00.000Z,FIPSCode,48377,0,2022-11-12T15:26:37.287Z,8,98.98,8,100,62962,1025,61.97,62492,550,33.25,63492,79,4.78,1671,99,1654,4047,8,8
1668269634,2022-11-12 10:13:54 -0600,5752898ee3283d3263bddbc8b2858ef36f6ac371,TX,48377,2,2022-11-09T01:00:00.000Z,FIPSCode,48377,0,2022-11-12T15:26:37.287Z,8,98.98,8,100,62962,1025,61.97,62492,550,33.25,63492,79,4.78,1671,99,1654,4047,8,8
1668269675,2022-11-12 10:14:35 -0600,1e8013cd0b44584eaa12ce454e5e10ea2c5e85b3,TX,48377,2,2022-11-09T01:00:00.000Z,FIPSCode,48377,0,2022-11-12T15:26:37.287Z,8,98.98,8,100,62962,1025,61.97,62492,550,33.25,63492,79,4.78,1671,99,1654,4047,8,8
1668269715,2022-11-12 10:15:15 -0600,cb18e44b75d18d6a4c1826286209a31c9379e5ca,TX,48377,2,2022-11-09T01:00:00.000Z,FIPSCode,48377,0,2022-11-12T15:26:37.287Z,8,98.98,8,100,62962,1025,61.97,62492,550,33.25,63492,79,4.78,1671,99,1654,4047,8,8
1668269756,2022-11-12 10:15:56 -0600,c69311e80ad77648d61147c174609edfe4e364b4,TX,48377,2,2022-11-09T01:00:00.000Z,FIPSCode,48377,0,2022-11-12T15:26:37.287Z,8,98.98,8,100,62962,1025,61.97,62492,550,33.25,63492,79,4.78,1671,99,1654,4047,8,8
1668269797,2022-11-12 10:16:37 -0600,7c87207fc0736e621a2c978bf1a7103c928546c9,TX,48377,2,2022-11-09T01:00:00.000Z,FIPSCode,48377,0,2022-11-12T15:26:37.287Z,8,98.98,8,100,62962,1025,61.97,62492,550,33.25,63492,79,4.78,1671,99,1654,4047,8,8
1668269879,2022-11-12 10:17:59 -0600,e99844ecab0370f739af9e66e31a748dab3a6e1e,TX,48377,2,2022-11-09T01:00:00.000Z,FIPSCode,48377,0,2022-11-12T15:26:37.287Z,8,98.98,8,100,62962,1025,61.97,62492,550,33.25,63492,79,4.78,1671,99,1654,4047,8,8
1668269922,2022-11-12 10:18:42 -0600,d4d89202298ce0ec132c94da1c26719cf7ba9973,TX,48377,2,2022-11-09T01:00:00.000Z,FIPSCode,48377,0,2022-11-12T15:26:37.287Z,8,98.98,8,100,62962,1025,61.97,62492,550,33.25,63492,79,4.78,1671,99,1654,4047,8,8
1668270004,2022-11-12 10:20:04 -0600,c74d982425075ad4f47de92aa9e98ba2911c3b86,TX,48377,2,2022-11-09T01:00:00.000Z,FIPSCode,48377,0,2022-11-12T15:26:37.287Z,8,98.98,8,100,62962,1025,61.97,62492,550,33.25,63492,79,4.78,1671,99,1654,4047,8,8
1668270045,2022-11-12 10:20:45 -0600,0b26a959c826466bd3a58dcedc4625d74ab94b06,TX,48377,2,2022-11-09T01:00:00.000Z,FIPSCode,48377,0,2022-11-12T15:26:37.287Z,8,98.98,8,100,62962,1025,61.97,62492,550,33.25,63492,79,4.78,1671,99,1654,4047,8,8
1668270086,2022-11-12 10:21:26 -0600,41462c0be89c1261b36df29dedc27e47c37feb25,TX,48377,2,2022-11-09T01:00:00.000Z,FIPSCode,48377,0,2022-11-12T15:26:37.287Z,8,98.98,8,100,62962,1025,61.97,62492,550,33.25,63492,79,4.78,1671,99,1654,4047,8,8
1668270126,2022-11-12 10:22:06 -0600,1177e3f3cd55e4f1ea0e1f1cea4ce0715469ab22,TX,48377,2,2022-11-09T01:00:00.000Z,FIPSCode,48377,0,2022-11-12T15:26:37.287Z,8,98.98,8,100,62962,1025,61.97,62492,550,33.25,63492,79,4.78,1671,99,1654,4047,8,8
1668270166,2022-11-12 10:22:46 -0600,d0dcd16e15fe57873bee90fae0111c46fa5638ec,TX,48377,2,2022-11-09T01:00:00.000Z,FIPSCode,48377,0,2022-11-12T15:26:37.287Z,8,98.98,8,100,62962,1025,61.97,62492,550,33.25,63492,79,4.78,1671,99,1654,4047,8,8
1668270208,2022-11-12 10:23:28 -0600,51912bba615e0eef45d47fe79405b8fbfc3b1903,TX,48377,2,2022-11-09T01:00:00.000Z,FIPSCode,48377,0,2022-11-12T15:26:37.287Z,8,98.98,8,100,62962,1025,61.97,62492,550,33.25,63492,79,4.78,1671,99,1654,4047,8,8
1668270248,2022-11-12 10:24:08 -0600,ebcf7b4769949c6c2038ff014d976723e2661278,TX,48377,2,2022-11-09T01:00:00.000Z,FIPSCode,48377,0,2022-11-12T15:26:37.287Z,8,98.98,8,100,62962,1025,61.97,62492,550,33.25,63492,79,4.78,1671,99,1654,4047,8,8
1668270290,2022-11-12 10:24:50 -0600,ac726136b4c03f934c8b669c8917f9235813d027,TX,48377,2,2022-11-09T01:00:00.000Z,FIPSCode,48377,0,2022-11-12T15:26:37.287Z,8,98.98,8,100,62962,1025,61.97,62492,550,33.25,63492,79,4.78,1671,99,1654,4047,8,8
1668270331,2022-11-12 10:25:31 -0600,0d78a1c0e3643e4ecfa767a2f2715faa61532197,TX,48377,2,2022-11-09T01:00:00.000Z,FIPSCode,48377,0,2022-11-12T15:26:37.287Z,8,98.98,8,100,62962,1025,61.97,62492,550,33.25,63492,79,4.78,1671,99,1654,4047,8,8
1668270372,2022-11-12 10:26:12 -0600,0ed51a41e547e0b93bb531d92844dbb63f9bc3d2,TX,48377,2,2022-11-09T01:00:00.000Z,FIPSCode,48377,0,2022-11-12T15:26:37.287Z,8,98.98,8,100,62962,1025,61.97,62492,550,33.25,63492,79,4.78,1671,99,1654,4047,8,8
1668270412,2022-11-12 10:26:52 -0600,37cdb449ec0512e09bc3ac6a663398f17ec5fbc8,TX,48377,2,2022-11-09T01:00:00.000Z,FIPSCode,48377,0,2022-11-12T15:26:37.287Z,8,98.98,8,100,62962,1025,61.97,62492,550,33.25,63492,79,4.78,1671,99,1654,4047,8,8
1668270453,2022-11-12 10:27:33 -0600,a369edfa709925b8c466ef66a859099f70ccd6c3,TX,48377,2,2022-11-09T01:00:00.000Z,FIPSCode,48377,0,2022-11-12T15:26:37.287Z,8,98.98,8,100,62962,1025,61.97,62492,550,33.25,63492,79,4.78,1671,99,1654,4047,8,8
1668270493,2022-11-12 10:28:13 -0600,314be1584b113137933b36be2a38f1de6ac80b61,TX,48377,2,2022-11-09T01:00:00.000Z,FIPSCode,48377,0,2022-11-12T15:26:37.287Z,8,98.98,8,100,62962,1025,61.97,62492,550,33.25,63492,79,4.78,1671,99,1654,4047,8,8
1668270534,2022-11-12 10:28:54 -0600,7e942c2aab6740f788b40115035a2ec79d1d196a,TX,48377,2,2022-11-09T01:00:00.000Z,FIPSCode,48377,0,2022-11-12T15:26:37.287Z,8,98.98,8,100,62962,1025,61.97,62492,550,33.25,63492,79,4.78,1671,99,1654,4047,8,8
1668270576,2022-11-12 10:29:36 -0600,1894b0bd33ecebbfc549eac5b6c339f94c3b0771,TX,48377,2,2022-11-09T01:00:00.000Z,FIPSCode,48377,0,2022-11-12T15:26:37.287Z,8,98.98,8,100,62962,1025,61.97,62492,550,33.25,63492,79,4.78,1671,99,1654,4047,8,8
1668270617,2022-11-12 10:30:17 -0600,692e74fef152db4970992f2eaa5c93ce50574d0f,TX,48377,2,2022-11-09T01:00:00.000Z,FIPSCode,48377,0,2022-11-12T15:26:37.287Z,8,98.98,8,100,62962,1025,61.97,62492,550,33.25,63492,79,4.78,1671,99,1654,4047,8,8
1668270658,2022-11-12 10:30:58 -0600,541978a296ae2f116956c6de4aeda92d6ceb3f0f,TX,48377,2,2022-11-09T01:00:00.000Z,FIPSCode,48377,0,2022-11-12T15:26:37.287Z,8,98.98,8,100,62962,1025,61.97,62492,550,33.25,63492,79,4.78,1671,99,1654,4047,8,8
1668270700,2022-11-12 10:31:40 -0600,938e60ca09a7f78179e448afca30e9315a6b51ed,TX,48377,2,2022-11-09T01:00:00.000Z,FIPSCode,48377,0,2022-11-12T15:26:37.287Z,8,98.98,8,100,62962,1025,61.97,62492,550,33.25,63492,79,4.78,1671,99,1654,4047,8,8
1668270741,2022-11-12 10:32:21 -0600,1ae401e9ed75be0cca3035bc7bf608ede332839f,TX,48377,2,2022-11-09T01:00:00.000Z,FIPSCode,48377,0,2022-11-12T15:26:37.287Z,8,98.98,8,100,62962,1025,61.97,62492,550,33.25,63492,79,4.78,1671,99,1654,4047,8,8
1668270782,2022-11-12 10:33:02 -0600,ded6239677be2fa2ad9107c2a09b5dfdf8d9311c,TX,48377,2,2022-11-09T01:00:00.000Z,FIPSCode,48377,0,2022-11-12T15:26:37.287Z,8,98.98,8,100,62962,1025,61.97,62492,550,33.25,63492,79,4.78,1671,99,1654,4047,8,8
1668270823,2022-11-12 10:33:43 -0600,100363e789c8cb47885005e67a85dbefed0c7387,TX,48377,2,2022-11-09T01:00:00.000Z,FIPSCode,48377,0,2022-11-12T15:26:37.287Z,8,98.98,8,100,62962,1025,61.97,62492,550,33.25,63492,79,4.78,1671,99,1654,4047,8,8
1668270863,2022-11-12 10:34:23 -0600,205800a8887741a0974f7f0cc4cd1beb8f606534,TX,48377,2,2022-11-09T01:00:00.000Z,FIPSCode,48377,0,2022-11-12T15:26:37.287Z,8,98.98,8,100,62962,1025,61.97,62492,550,33.25,63492,79,4.78,1671,99,1654,4047,8,8
1668270904,2022-11-12 10:35:04 -0600,f885cc64e1799b49ddff43fcedb9322a6fa03203,TX,48377,2,2022-11-09T01:00:00.000Z,FIPSCode,48377,0,2022-11-12T15:26:37.287Z,8,98.98,8,100,62962,1025,61.97,62492,550,33.25,63492,79,4.78,1671,99,1654,4047,8,8
1668270943,2022-11-12 10:35:43 -0600,1a9a7ecafe62a4cb34a695f8ec4ae0f6db182055,TX,48377,2,2022-11-09T01:00:00.000Z,FIPSCode,48377,0,2022-11-12T15:26:37.287Z,8,98.98,8,100,62962,1025,61.97,62492,550,33.25,63492,79,4.78,1671,99,1654,4047,8,8
1668270984,2022-11-12 10:36:24 -0600,b7bd83f627eb69cb783efd2c8a8e8c7f57fb6a19,TX,48377,2,2022-11-09T01:00:00.000Z,FIPSCode,48377,0,2022-11-12T15:26:37.287Z,8,98.98,8,100,62962,1025,61.97,62492,550,33.25,63492,79,4.78,1671,99,1654,4047,8,8
1668271024,2022-11-12 10:37:04 -0600,028019ed2b8dabfb9cb0c483a5a37e8df394449f,TX,48377,2,2022-11-09T01:00:00.000Z,FIPSCode,48377,0,2022-11-12T15:26:37.287Z,8,98.98,8,100,62962,1025,61.97,62492,550,33.25,63492,79,4.78,1671,99,1654,4047,8,8
1668271065,2022-11-12 10:37:45 -0600,415c401fbb05cb63a6ae2f65d106c57327810b80,TX,48377,2,2022-11-09T01:00:00.000Z,FIPSCode,48377,0,2022-11-12T15:26:37.287Z,8,98.98,8,100,62962,1025,61.97,62492,550,33.25,63492,79,4.78,1671,99,1654,4047,8,8
1668271106,2022-11-12 10:38:26 -0600,6c04c527972eece4923908bc1b16ff94193e6468,TX,48377,2,2022-11-09T01:00:00.000Z,FIPSCode,48377,0,2022-11-12T15:26:37.287Z,8,98.98,8,100,62962,1025,61.97,62492,550,33.25,63492,79,4.78,1671,99,1654,4047,8,8
1668271146,2022-11-12 10:39:06 -0600,9603ba6d488051b8095c219898d8ae57f21e1e65,TX,48377,2,2022-11-09T01:00:00.000Z,FIPSCode,48377,0,2022-11-12T15:26:37.287Z,8,98.98,8,100,62962,1025,61.97,62492,550,33.25,63492,79,4.78,1671,99,1654,4047,8,8
1668271186,2022-11-12 10:39:46 -0600,54ffa9277b05a60e585f9619870ca9134f590e77,TX,48377,2,2022-11-09T01:00:00.000Z,FIPSCode,48377,0,2022-11-12T15:26:37.287Z,8,98.98,8,100,62962,1025,61.97,62492,550,33.25,63492,79,4.78,1671,99,1654,4047,8,8
1668271227,2022-11-12 10:40:27 -0600,d97357c439221c975ccf55bb240adbfa77b603d4,TX,48377,2,2022-11-09T01:00:00.000Z,FIPSCode,48377,0,2022-11-12T15:26:37.287Z,8,98.98,8,100,62962,1025,61.97,62492,550,33.25,63492,79,4.78,1671,99,1654,4047,8,8
1668271267,2022-11-12 10:41:07 -0600,5cbb7869b0e91d8f9f538fb66cd71a41bef4f5fc,TX,48377,2,2022-11-09T01:00:00.000Z,FIPSCode,48377,0,2022-11-12T15:26:37.287Z,8,98.98,8,100,62962,1025,61.97,62492,550,33.25,63492,79,4.78,1671,99,1654,4047,8,8
1668271309,2022-11-12 10:41:49 -0600,1200e173d9cf43ffd7dc9412673236effb2dc196,TX,48377,2,2022-11-09T01:00:00.000Z,FIPSCode,48377,0,2022-11-12T15:26:37.287Z,8,98.98,8,100,62962,1025,61.97,62492,550,33.25,63492,79,4.78,1671,99,1654,4047,8,8
1668271349,2022-11-12 10:42:29 -0600,336273abb0ceac70678fc48baf373c4b324fdb70,TX,48377,2,2022-11-09T01:00:00.000Z,FIPSCode,48377,0,2022-11-12T15:26:37.287Z,8,98.98,8,100,62962,1025,61.97,62492,550,33.25,63492,79,4.78,1671,99,1654,4047,8,8
1668271389,2022-11-12 10:43:09 -0600,58649b5d2a3c4a08ea9f3171e29cc6d56c042dff,TX,48377,2,2022-11-09T01:00:00.000Z,FIPSCode,48377,0,2022-11-12T15:26:37.287Z,8,98.98,8,100,62962,1025,61.97,62492,550,33.25,63492,79,4.78,1671,99,1654,4047,8,8
1668271431,2022-11-12 10:43:51 -0600,da512923fb6fd2a3e08b1bbbd8a975a038e7c744,TX,48377,2,2022-11-09T01:00:00.000Z,FIPSCode,48377,0,2022-11-12T15:26:37.287Z,8,98.98,8,100,62962,1025,61.97,62492,550,33.25,63492,79,4.78,1671,99,1654,4047,8,8
1668271517,2022-11-12 10:45:17 -0600,85f973b896ba866a737a92024d07b24ad192bf8d,TX,48377,2,2022-11-09T01:00:00.000Z,FIPSCode,48377,0,2022-11-12T15:26:37.287Z,8,98.98,8,100,62962,1025,61.97,62492,550,33.25,63492,79,4.78,1671,99,1654,4047,8,8
1668271558,2022-11-12 10:45:58 -0600,ce275a85019dd3460a81d65c6c27e0c62fdff88c,TX,48377,2,2022-11-09T01:00:00.000Z,FIPSCode,48377,0,2022-11-12T15:26:37.287Z,8,98.98,8,100,62962,1025,61.97,62492,550,33.25,63492,79,4.78,1671,99,1654,4047,8,8
1668271598,2022-11-12 10:46:38 -0600,a46d0fcb3acbe7936f215fb7554859bbbe2b6da6,TX,48377,2,2022-11-09T01:00:00.000Z,FIPSCode,48377,0,2022-11-12T15:26:37.287Z,8,98.98,8,100,62962,1025,61.97,62492,550,33.25,63492,79,4.78,1671,99,1654,4047,8,8
1668271638,2022-11-12 10:47:18 -0600,98066904c387c09517f1c4570fc797dc2aa79bfd,TX,48377,2,2022-11-09T01:00:00.000Z,FIPSCode,48377,0,2022-11-12T15:26:37.287Z,8,98.98,8,100,62962,1025,61.97,62492,550,33.25,63492,79,4.78,1671,99,1654,4047,8,8
1668271679,2022-11-12 10:47:59 -0600,621fdd9a613f2c843d9873288ca61bcdb247fbb4,TX,48377,2,2022-11-09T01:00:00.000Z,FIPSCode,48377,0,2022-11-12T15:26:37.287Z,8,98.98,8,100,62962,1025,61.97,62492,550,33.25,63492,79,4.78,1671,99,1654,4047,8,8
1668271719,2022-11-12 10:48:39 -0600,b6e2d9c329e47e34baa0a5ffdfe4b8719c75cc7f,TX,48377,2,2022-11-09T01:00:00.000Z,FIPSCode,48377,0,2022-11-12T15:26:37.287Z,8,98.98,8,100,62962,1025,61.97,62492,550,33.25,63492,79,4.78,1671,99,1654,4047,8,8
1668271801,2022-11-12 10:50:01 -0600,584099c17d9227b6e97d6f638fcb0fd3a9655029,TX,48377,2,2022-11-09T01:00:00.000Z,FIPSCode,48377,0,2022-11-12T15:26:37.287Z,8,98.98,8,100,62962,1025,61.97,62492,550,33.25,63492,79,4.78,1671,99,1654,4047,8,8
1668271841,2022-11-12 10:50:41 -0600,64301541518b20447fa6736735d89d65ffad5e20,TX,48377,2,2022-11-09T01:00:00.000Z,FIPSCode,48377,0,2022-11-12T15:26:37.287Z,8,98.98,8,100,62962,1025,61.97,62492,550,33.25,63492,79,4.78,1671,99,1654,4047,8,8
1668271882,2022-11-12 10:51:22 -0600,577439c9536014702ec4a1891b5b5be144ce20a1,TX,48377,2,2022-11-09T01:00:00.000Z,FIPSCode,48377,0,2022-11-12T15:26:37.287Z,8,98.98,8,100,62962,1025,61.97,62492,550,33.25,63492,79,4.78,1671,99,1654,4047,8,8
1668272003,2022-11-12 10:53:23 -0600,9e5a4f0f05ba61935e3ef0cc0280da692e4cdf6e,TX,48377,2,2022-11-09T01:00:00.000Z,FIPSCode,48377,0,2022-11-12T15:26:37.287Z,8,98.98,8,100,62962,1025,61.97,62492,550,33.25,63492,79,4.78,1671,99,1654,4047,8,8
1668272044,2022-11-12 10:54:04 -0600,8ed1eb5fe7258a422c901eb84d223ad26d1910bb,TX,48377,2,2022-11-09T01:00:00.000Z,FIPSCode,48377,0,2022-11-12T15:26:37.287Z,8,98.98,8,100,62962,1025,61.97,62492,550,33.25,63492,79,4.78,1671,99,1654,4047,8,8
1668272086,2022-11-12 10:54:46 -0600,9c975cb67421b29a00f5950740f1e32773af9dc1,TX,48377,2,2022-11-09T01:00:00.000Z,FIPSCode,48377,0,2022-11-12T15:26:37.287Z,8,98.98,8,100,62962,1025,61.97,62492,550,33.25,63492,79,4.78,1671,99,1654,4047,8,8
1668272126,2022-11-12 10:55:26 -0600,e4777f55be99178a5d7d45fcfd0f5fae0aac59cb,TX,48377,2,2022-11-09T01:00:00.000Z,FIPSCode,48377,0,2022-11-12T15:26:37.287Z,8,98.98,8,100,62962,1025,61.97,62492,550,33.25,63492,79,4.78,1671,99,1654,4047,8,8
1668272167,2022-11-12 10:56:07 -0600,c659270e3a23087174eaad5f2fcc0b2d0598ebdc,TX,48377,2,2022-11-09T01:00:00.000Z,FIPSCode,48377,0,2022-11-12T15:26:37.287Z,8,98.98,8,100,62962,1025,61.97,62492,550,33.25,63492,79,4.78,1671,99,1654,4047,8,8
1668272207,2022-11-12 10:56:47 -0600,79a564d773fd948ccde82374a4357b6f21ea22a1,TX,48377,2,2022-11-09T01:00:00.000Z,FIPSCode,48377,0,2022-11-12T15:26:37.287Z,8,98.98,8,100,62962,1025,61.97,62492,550,33.25,63492,79,4.78,1671,99,1654,4047,8,8
1668272287,2022-11-12 10:58:07 -0600,3c27705b2af90b8af9f6e21e5d07a45420c66a90,TX,48377,2,2022-11-09T01:00:00.000Z,FIPSCode,48377,0,2022-11-12T15:26:37.287Z,8,98.98,8,100,62962,1025,61.97,62492,550,33.25,63492,79,4.78,1671,99,1654,4047,8,8
1668272328,2022-11-12 10:58:48 -0600,2d183d600af32d5a09fdbc9ce9d79c6a914681ed,TX,48377,2,2022-11-09T01:00:00.000Z,FIPSCode,48377,0,2022-11-12T15:26:37.287Z,8,98.98,8,100,62962,1025,61.97,62492,550,33.25,63492,79,4.78,1671,99,1654,4047,8,8
1668272409,2022-11-12 11:00:09 -0600,94de98dc9f0ae970f83c78e5420e3449a38c14b4,TX,48377,2,2022-11-09T01:00:00.000Z,FIPSCode,48377,0,2022-11-12T15:26:37.287Z,8,98.98,8,100,62962,1025,61.97,62492,550,33.25,63492,79,4.78,1671,99,1654,4047,8,8
1668272449,2022-11-12 11:00:49 -0600,b2eb80f60341a8a179c4b919a289620d2149dae3,TX,48377,2,2022-11-09T01:00:00.000Z,FIPSCode,48377,0,2022-11-12T15:26:37.287Z,8,98.98,8,100,62962,1025,61.97,62492,550,33.25,63492,79,4.78,1671,99,1654,4047,8,8
1668272530,2022-11-12 11:02:10 -0600,624bc904d570d1b99a7f03ecee8624ec232089f7,TX,48377,2,2022-11-09T01:00:00.000Z,FIPSCode,48377,0,2022-11-12T15:26:37.287Z,8,98.98,8,100,62962,1025,61.97,62492,550,33.25,63492,79,4.78,1671,99,1654,4047,8,8
1668272573,2022-11-12 11:02:53 -0600,019d7c50d261bda13daa50a7d716f4fd74d136ba,TX,48377,2,2022-11-09T01:00:00.000Z,FIPSCode,48377,0,2022-11-12T15:26:37.287Z,8,98.98,8,100,62962,1025,61.97,62492,550,33.25,63492,79,4.78,1671,99,1654,4047,8,8
1668272612,2022-11-12 11:03:32 -0600,59cce75c1615fa3bb8122ce36d0cc8e3c295b58b,TX,48377,2,2022-11-09T01:00:00.000Z,FIPSCode,48377,0,2022-11-12T15:26:37.287Z,8,98.98,8,100,62962,1025,61.97,62492,550,33.25,63492,79,4.78,1671,99,1654,4047,8,8
1668272694,2022-11-12 11:04:54 -0600,52e9421c047db1b64dde2d5d69e0988cb73bdac7,TX,48377,2,2022-11-09T01:00:00.000Z,FIPSCode,48377,0,2022-11-12T15:26:37.287Z,8,98.98,8,100,62962,1025,61.97,62492,550,33.25,63492,79,4.78,1671,99,1654,4047,8,8
1668272776,2022-11-12 11:06:16 -0600,8e4ce8dcd87abc0edeaa33345b042ee6441d4876,TX,48377,2,2022-11-09T01:00:00.000Z,FIPSCode,48377,0,2022-11-12T15:26:37.287Z,8,98.98,8,100,62962,1025,61.97,62492,550,33.25,63492,79,4.78,1671,99,1654,4047,8,8
1668272817,2022-11-12 11:06:57 -0600,4b26f1250693510d1140787870068d5ec7cd5785,TX,48377,2,2022-11-09T01:00:00.000Z,FIPSCode,48377,0,2022-11-12T15:26:37.287Z,8,98.98,8,100,62962,1025,61.97,62492,550,33.25,63492,79,4.78,1671,99,1654,4047,8,8
1668272858,2022-11-12 11:07:38 -0600,fae09c850217761266de6df71f0d9d4daa95eb99,TX,48377,2,2022-11-09T01:00:00.000Z,FIPSCode,48377,0,2022-11-12T15:26:37.287Z,8,98.98,8,100,62962,1025,61.97,62492,550,33.25,63492,79,4.78,1671,99,1654,4047,8,8
1668272899,2022-11-12 11:08:19 -0600,6028bd9547bf1c1c4a4fa155517dbaa3679c8e67,TX,48377,2,2022-11-09T01:00:00.000Z,FIPSCode,48377,0,2022-11-12T15:26:37.287Z,8,98.98,8,100,62962,1025,61.97,62492,550,33.25,63492,79,4.78,1671,99,1654,4047,8,8
1668272941,2022-11-12 11:09:01 -0600,d054cdb3b26d2f3d6a16578857a1ab78d2ed5e98,TX,48377,2,2022-11-09T01:00:00.000Z,FIPSCode,48377,0,2022-11-12T15:26:37.287Z,8,98.98,8,100,62962,1025,61.97,62492,550,33.25,63492,79,4.78,1671,99,1654,4047,8,8
1668272983,2022-11-12 11:09:43 -0600,00c258aa29d75304d6393e88df55a9982772604e,TX,48377,2,2022-11-09T01:00:00.000Z,FIPSCode,48377,0,2022-11-12T15:26:37.287Z,8,98.98,8,100,62962,1025,61.97,62492,550,33.25,63492,79,4.78,1671,99,1654,4047,8,8
1668273023,2022-11-12 11:10:23 -0600,5b432e3b6a562870b78cbbba946ab1a7cf873210,TX,48377,2,2022-11-09T01:00:00.000Z,FIPSCode,48377,0,2022-11-12T15:26:37.287Z,8,98.98,8,100,62962,1025,61.97,62492,550,33.25,63492,79,4.78,1671,99,1654,4047,8,8
1668273064,2022-11-12 11:11:04 -0600,c21d36c136329b24d6c5dcf4053b406d24c14b26,TX,48377,2,2022-11-09T01:00:00.000Z,FIPSCode,48377,0,2022-11-12T15:26:37.287Z,8,98.98,8,100,62962,1025,61.97,62492,550,33.25,63492,79,4.78,1671,99,1654,4047,8,8
1668273106,2022-11-12 11:11:46 -0600,2a322070662676fedbbb43eb25d91ea3997f4bf3,TX,48377,2,2022-11-09T01:00:00.000Z,FIPSCode,48377,0,2022-11-12T15:26:37.287Z,8,98.98,8,100,62962,1025,61.97,62492,550,33.25,63492,79,4.78,1671,99,1654,4047,8,8
1668273146,2022-11-12 11:12:26 -0600,368e01a6bdc48fd47567b53c9e170c6eaa9a8815,TX,48377,2,2022-11-09T01:00:00.000Z,FIPSCode,48377,0,2022-11-12T15:26:37.287Z,8,98.98,8,100,62962,1025,61.97,62492,550,33.25,63492,79,4.78,1671,99,1654,4047,8,8
1668273188,2022-11-12 11:13:08 -0600,601d15b90476c3e349e24b7d6e66ec59ca1bf1bc,TX,48377,2,2022-11-09T01:00:00.000Z,FIPSCode,48377,0,2022-11-12T15:26:37.287Z,8,98.98,8,100,62962,1025,61.97,62492,550,33.25,63492,79,4.78,1671,99,1654,4047,8,8
1668273229,2022-11-12 11:13:49 -0600,fea6d33ab2c93d241e13c7e03af284957214d240,TX,48377,2,2022-11-09T01:00:00.000Z,FIPSCode,48377,0,2022-11-12T15:26:37.287Z,8,98.98,8,100,62962,1025,61.97,62492,550,33.25,63492,79,4.78,1671,99,1654,4047,8,8
1668273270,2022-11-12 11:14:30 -0600,150f09fc29c0b745c1d66a7e69df97a15de453ea,TX,48377,2,2022-11-09T01:00:00.000Z,FIPSCode,48377,0,2022-11-12T15:26:37.287Z,8,98.98,8,100,62962,1025,61.97,62492,550,33.25,63492,79,4.78,1671,99,1654,4047,8,8
1668273311,2022-11-12 11:15:11 -0600,f72addc55150cb3fa8c6d110dad8f3b3205f6d5b,TX,48377,2,2022-11-09T01:00:00.000Z,FIPSCode,48377,0,2022-11-12T15:26:37.287Z,8,98.98,8,100,62962,1025,61.97,62492,550,33.25,63492,79,4.78,1671,99,1654,4047,8,8
1668273352,2022-11-12 11:15:52 -0600,cf1a86b16e0f584bc4dd1458ffe75fa3333f3746,TX,48377,2,2022-11-09T01:00:00.000Z,FIPSCode,48377,0,2022-11-12T15:26:37.287Z,8,98.98,8,100,62962,1025,61.97,62492,550,33.25,63492,79,4.78,1671,99,1654,4047,8,8
1668273393,2022-11-12 11:16:33 -0600,b7d493f840eae3ba1abe1f71cebb0df921dab745,TX,48377,2,2022-11-09T01:00:00.000Z,FIPSCode,48377,0,2022-11-12T15:26:37.287Z,8,98.98,8,100,62962,1025,61.97,62492,550,33.25,63492,79,4.78,1671,99,1654,4047,8,8
1668273433,2022-11-12 11:17:13 -0600,ddcad3d8e161d5b5f685c4b2ef43cc7a1c4a7c07,TX,48377,2,2022-11-09T01:00:00.000Z,FIPSCode,48377,0,2022-11-12T15:26:37.287Z,8,98.98,8,100,62962,1025,61.97,62492,550,33.25,63492,79,4.78,1671,99,1654,4047,8,8
1668273475,2022-11-12 11:17:55 -0600,456d143a11182b5711a66bcba002ab1a66916239,TX,48377,2,2022-11-09T01:00:00.000Z,FIPSCode,48377,0,2022-11-12T15:26:37.287Z,8,98.98,8,100,62962,1025,61.97,62492,550,33.25,63492,79,4.78,1671,99,1654,4047,8,8
1668273515,2022-11-12 11:18:35 -0600,7ba8bced8d941b93ee0720efddf9126a6e2aad17,TX,48377,2,2022-11-09T01:00:00.000Z,FIPSCode,48377,0,2022-11-12T15:26:37.287Z,8,98.98,8,100,62962,1025,61.97,62492,550,33.25,63492,79,4.78,1671,99,1654,4047,8,8
1668273598,2022-11-12 11:19:58 -0600,5ef64e21594d542bab100a945748c8eca71ad0bb,TX,48377,2,2022-11-09T01:00:00.000Z,FIPSCode,48377,0,2022-11-12T15:26:37.287Z,8,98.98,8,100,62962,1025,61.97,62492,550,33.25,63492,79,4.78,1671,99,1654,4047,8,8
1668273639,2022-11-12 11:20:39 -0600,87846629a23de83c2173e3d45ce19dc0c9d74998,TX,48377,2,2022-11-09T01:00:00.000Z,FIPSCode,48377,0,2022-11-12T15:26:37.287Z,8,98.98,8,100,62962,1025,61.97,62492,550,33.25,63492,79,4.78,1671,99,1654,4047,8,8
1668273680,2022-11-12 11:21:20 -0600,d02412dc59a52574cbf0d66d6e6fca01f9eb656d,TX,48377,2,2022-11-09T01:00:00.000Z,FIPSCode,48377,0,2022-11-12T15:26:37.287Z,8,98.98,8,100,62962,1025,61.97,62492,550,33.25,63492,79,4.78,1671,99,1654,4047,8,8
1668273722,2022-11-12 11:22:02 -0600,e64cf7dd0b947849acd1ec5f59a8694d3fec21fb,TX,48377,2,2022-11-09T01:00:00.000Z,FIPSCode,48377,0,2022-11-12T15:26:37.287Z,8,98.98,8,100,62962,1025,61.97,62492,550,33.25,63492,79,4.78,1671,99,1654,4047,8,8
1668273763,2022-11-12 11:22:43 -0600,68b7892374131d213f88e065bcb859aa92bf9f92,TX,48377,2,2022-11-09T01:00:00.000Z,FIPSCode,48377,0,2022-11-12T15:26:37.287Z,8,98.98,8,100,62962,1025,61.97,62492,550,33.25,63492,79,4.78,1671,99,1654,4047,8,8
1668273804,2022-11-12 11:23:24 -0600,902b61a8b7490fbd9a391cd2b081515820363cdb,TX,48377,2,2022-11-09T01:00:00.000Z,FIPSCode,48377,0,2022-11-12T15:26:37.287Z,8,98.98,8,100,62962,1025,61.97,62492,550,33.25,63492,79,4.78,1671,99,1654,4047,8,8
1668273846,2022-11-12 11:24:06 -0600,6080139ef046363b9c107e7e612fcc218829b586,TX,48377,2,2022-11-09T01:00:00.000Z,FIPSCode,48377,0,2022-11-12T15:26:37.287Z,8,98.98,8,100,62962,1025,61.97,62492,550,33.25,63492,79,4.78,1671,99,1654,4047,8,8
1668273885,2022-11-12 11:24:45 -0600,4046d5f3ce0d273a176b28f200373608f11fe80a,TX,48377,2,2022-11-09T01:00:00.000Z,FIPSCode,48377,0,2022-11-12T15:26:37.287Z,8,98.98,8,100,62962,1025,61.97,62492,550,33.25,63492,79,4.78,1671,99,1654,4047,8,8
1668273927,2022-11-12 11:25:27 -0600,9c6f9bc6f51ead740f99b96aab7d228087f1b03f,TX,48377,2,2022-11-09T01:00:00.000Z,FIPSCode,48377,0,2022-11-12T15:26:37.287Z,8,98.98,8,100,62962,1025,61.97,62492,550,33.25,63492,79,4.78,1671,99,1654,4047,8,8
1668273967,2022-11-12 11:26:07 -0600,8190582eaf1c08667a7f57d73fdc9850d965aada,TX,48377,2,2022-11-09T01:00:00.000Z,FIPSCode,48377,0,2022-11-12T15:26:37.287Z,8,98.98,8,100,62962,1025,61.97,62492,550,33.25,63492,79,4.78,1671,99,1654,4047,8,8
1668274008,2022-11-12 11:26:48 -0600,a0db80255385815c4e1713a51cbbd416554d1253,TX,48377,2,2022-11-09T01:00:00.000Z,FIPSCode,48377,0,2022-11-12T15:26:37.287Z,8,98.98,8,100,62962,1025,61.97,62492,550,33.25,63492,79,4.78,1671,99,1654,4047,8,8
1668274047,2022-11-12 11:27:27 -0600,5b6cb03a4ed357f97a34b8b5a88b2918a04b456b,TX,48377,2,2022-11-09T01:00:00.000Z,FIPSCode,48377,0,2022-11-12T15:26:37.287Z,8,98.98,8,100,62962,1025,61.97,62492,550,33.25,63492,79,4.78,1671,99,1654,4047,8,8
1668274090,2022-11-12 11:28:10 -0600,5dedc23aefa73a8a583dcb3de420209e2221b8ac,TX,48377,2,2022-11-09T01:00:00.000Z,FIPSCode,48377,0,2022-11-12T15:26:37.287Z,8,98.98,8,100,62962,1025,61.97,62492,550,33.25,63492,79,4.78,1671,99,1654,4047,8,8
1668274130,2022-11-12 11:28:50 -0600,d994855106c53a36d7cb31d138b15c77e95221bf,TX,48377,2,2022-11-09T01:00:00.000Z,FIPSCode,48377,0,2022-11-12T15:26:37.287Z,8,98.98,8,100,62962,1025,61.97,62492,550,33.25,63492,79,4.78,1671,99,1654,4047,8,8
1668274171,2022-11-12 11:29:31 -0600,99c9586e5637fbd0fa8b391dcf43d6e9cd60b995,TX,48377,2,2022-11-09T01:00:00.000Z,FIPSCode,48377,0,2022-11-12T15:26:37.287Z,8,98.98,8,100,62962,1025,61.97,62492,550,33.25,63492,79,4.78,1671,99,1654,4047,8,8
1668274212,2022-11-12 11:30:12 -0600,d012ce965c1d1f6daa0126cdaab35d9e7b7116b6,TX,48377,2,2022-11-09T01:00:00.000Z,FIPSCode,48377,0,2022-11-12T15:26:37.287Z,8,98.98,8,100,62962,1025,61.97,62492,550,33.25,63492,79,4.78,1671,99,1654,4047,8,8
1668274253,2022-11-12 11:30:53 -0600,e0b743bc37f2c8c038f3545bef2116618cd80de7,TX,48377,2,2022-11-09T01:00:00.000Z,FIPSCode,48377,0,2022-11-12T15:26:37.287Z,8,98.98,8,100,62962,1025,61.97,62492,550,33.25,63492,79,4.78,1671,99,1654,4047,8,8
1668274294,2022-11-12 11:31:34 -0600,44f1e866eb5109f42508ed9e220c64a28fd0dcc8,TX,48377,2,2022-11-09T01:00:00.000Z,FIPSCode,48377,0,2022-11-12T15:26:37.287Z,8,98.98,8,100,62962,1025,61.97,62492,550,33.25,63492,79,4.78,1671,99,1654,4047,8,8
1668274336,2022-11-12 11:32:16 -0600,df08d786789e64d5dc792d1a22740e864038c6e9,TX,48377,2,2022-11-09T01:00:00.000Z,FIPSCode,48377,0,2022-11-12T15:26:37.287Z,8,98.98,8,100,62962,1025,61.97,62492,550,33.25,63492,79,4.78,1671,99,1654,4047,8,8
1668274376,2022-11-12 11:32:56 -0600,7821f498c21e566d040aaadd33a04cac3a5ad2bc,TX,48377,2,2022-11-09T01:00:00.000Z,FIPSCode,48377,0,2022-11-12T15:26:37.287Z,8,98.98,8,100,62962,1025,61.97,62492,550,33.25,63492,79,4.78,1671,99,1654,4047,8,8
1668274418,2022-11-12 11:33:38 -0600,0ce2bd1039c79ac3627eb4e105e18040e9e2527d,TX,48377,2,2022-11-09T01:00:00.000Z,FIPSCode,48377,0,2022-11-12T15:26:37.287Z,8,98.98,8,100,62962,1025,61.97,62492,550,33.25,63492,79,4.78,1671,99,1654,4047,8,8
1668274501,2022-11-12 11:35:01 -0600,7b5b13be7a634ad28bbdce8a2545ca827ff9a592,TX,48377,2,2022-11-09T01:00:00.000Z,FIPSCode,48377,0,2022-11-12T15:26:37.287Z,8,98.98,8,100,62962,1025,61.97,62492,550,33.25,63492,79,4.78,1671,99,1654,4047,8,8
1668274542,2022-11-12 11:35:42 -0600,9b4a11a785af82e8433b68d0b4845f0193967ae6,TX,48377,2,2022-11-09T01:00:00.000Z,FIPSCode,48377,0,2022-11-12T15:26:37.287Z,8,98.98,8,100,62962,1025,61.97,62492,550,33.25,63492,79,4.78,1671,99,1654,4047,8,8
1668274583,2022-11-12 11:36:23 -0600,526d4d8cc3a9d27059eec6aff67b4d5af990c193,TX,48377,2,2022-11-09T01:00:00.000Z,FIPSCode,48377,0,2022-11-12T15:26:37.287Z,8,98.98,8,100,62962,1025,61.97,62492,550,33.25,63492,79,4.78,1671,99,1654,4047,8,8
1668274623,2022-11-12 11:37:03 -0600,e4de70099ceb77779eba394f5b2a974b02b58412,TX,48377,2,2022-11-09T01:00:00.000Z,FIPSCode,48377,0,2022-11-12T15:26:37.287Z,8,98.98,8,100,62962,1025,61.97,62492,550,33.25,63492,79,4.78,1671,99,1654,4047,8,8
1668274663,2022-11-12 11:37:43 -0600,7115903dc694561301113854b58f5449e090ecdd,TX,48377,2,2022-11-09T01:00:00.000Z,FIPSCode,48377,0,2022-11-12T15:26:37.287Z,8,98.98,8,100,62962,1025,61.97,62492,550,33.25,63492,79,4.78,1671,99,1654,4047,8,8
1668274705,2022-11-12 11:38:25 -0600,e51f10182f0a9a1da05600059a105207b1fc3c92,TX,48377,2,2022-11-09T01:00:00.000Z,FIPSCode,48377,0,2022-11-12T15:26:37.287Z,8,98.98,8,100,62962,1025,61.97,62492,550,33.25,63492,79,4.78,1671,99,1654,4047,8,8
1668274746,2022-11-12 11:39:06 -0600,6e8df25988fee66c57529300ca191381bc5e3712,TX,48377,2,2022-11-09T01:00:00.000Z,FIPSCode,48377,0,2022-11-12T15:26:37.287Z,8,98.98,8,100,62962,1025,61.97,62492,550,33.25,63492,79,4.78,1671,99,1654,4047,8,8
1668274788,2022-11-12 11:39:48 -0600,449dcfdb159e1a013c1a676d51d59ffdd1fe03ef,TX,48377,2,2022-11-09T01:00:00.000Z,FIPSCode,48377,0,2022-11-12T15:26:37.287Z,8,98.98,8,100,62962,1025,61.97,62492,550,33.25,63492,79,4.78,1671,99,1654,4047,8,8
1668274871,2022-11-12 11:41:11 -0600,3d3ae3dd9a89ad2b48b2b604e7dc69f8658edc75,TX,48377,2,2022-11-09T01:00:00.000Z,FIPSCode,48377,0,2022-11-12T15:26:37.287Z,8,98.98,8,100,62962,1025,61.97,62492,550,33.25,63492,79,4.78,1671,99,1654,4047,8,8
1668274914,2022-11-12 11:41:54 -0600,4c402f8bb600392a3683b1359afd569c22ad5836,TX,48377,2,2022-11-09T01:00:00.000Z,FIPSCode,48377,0,2022-11-12T15:26:37.287Z,8,98.98,8,100,62962,1025,61.97,62492,550,33.25,63492,79,4.78,1671,99,1654,4047,8,8
1668274956,2022-11-12 11:42:36 -0600,704ec98d35b2f7ac10a5e2b3157e852384436228,TX,48377,2,2022-11-09T01:00:00.000Z,FIPSCode,48377,0,2022-11-12T15:26:37.287Z,8,98.98,8,100,62962,1025,61.97,62492,550,33.25,63492,79,4.78,1671,99,1654,4047,8,8
1668274998,2022-11-12 11:43:18 -0600,c16cac86fdf73bb594a3237877ce5b80d538f3cf,TX,48377,2,2022-11-09T01:00:00.000Z,FIPSCode,48377,0,2022-11-12T15:26:37.287Z,8,98.98,8,100,62962,1025,61.97,62492,550,33.25,63492,79,4.78,1671,99,1654,4047,8,8
1668275043,2022-11-12 11:44:03 -0600,6dfe7dcb7b42eea8e708b497c5c2cdf10eef5141,TX,48377,2,2022-11-09T01:00:00.000Z,FIPSCode,48377,0,2022-11-12T15:26:37.287Z,8,98.98,8,100,62962,1025,61.97,62492,550,33.25,63492,79,4.78,1671,99,1654,4047,8,8
1668275086,2022-11-12 11:44:46 -0600,ed78eacc8a258a95dac8722f26a3d64107bc14ac,TX,48377,2,2022-11-09T01:00:00.000Z,FIPSCode,48377,0,2022-11-12T15:26:37.287Z,8,98.98,8,100,62962,1025,61.97,62492,550,33.25,63492,79,4.78,1671,99,1654,4047,8,8
1668275126,2022-11-12 11:45:26 -0600,02a695632a47a86c27947e392ecee66ca4ac00e1,TX,48377,2,2022-11-09T01:00:00.000Z,FIPSCode,48377,0,2022-11-12T17:44:38.949Z,8,98.98,8,100,62962,1025,61.97,62492,550,33.25,63492,79,4.78,1671,99,1654,4047,8,8
1668275293,2022-11-12 11:48:13 -0600,dbda6b72b4c8ff6408572b68b27e49f863df5e5c,TX,48377,2,2022-11-09T01:00:00.000Z,FIPSCode,48377,0,2022-11-12T17:47:18.330Z,8,98.98,8,100,62962,1025,61.97,62492,550,33.25,63492,79,4.78,1671,99,1654,4047,8,8
1668275338,2022-11-12 11:48:58 -0600,05971dc87937faceeebf84ffcb79ba13d44e9334,TX,48377,2,2022-11-09T01:00:00.000Z,FIPSCode,48377,0,2022-11-12T17:47:18.330Z,8,98.98,8,100,62962,1025,61.97,62492,550,33.25,63492,79,4.78,1671,99,1654,4047,8,8
1668275378,2022-11-12 11:49:38 -0600,814d4be71ba2998703a3ce3deea30f52e39958ba,TX,48377,2,2022-11-09T01:00:00.000Z,FIPSCode,48377,0,2022-11-12T17:47:18.330Z,8,98.98,8,100,62962,1025,61.97,62492,550,33.25,63492,79,4.78,1671,99,1654,4047,8,8
1668275461,2022-11-12 11:51:01 -0600,e2ac6cdd1067764d5f74594b58ae4d95458dd818,TX,48377,2,2022-11-09T01:00:00.000Z,FIPSCode,48377,0,2022-11-12T17:47:18.330Z,8,98.98,8,100,62962,1025,61.97,62492,550,33.25,63492,79,4.78,1671,99,1654,4047,8,8
1668275504,2022-11-12 11:51:44 -0600,dc420e3bc1454309a3bdf89c6b95803adf34ed2f,TX,48377,2,2022-11-09T01:00:00.000Z,FIPSCode,48377,0,2022-11-12T17:47:18.330Z,8,98.98,8,100,62962,1025,61.97,62492,550,33.25,63492,79,4.78,1671,99,1654,4047,8,8
1668275545,2022-11-12 11:52:25 -0600,f3b3a29a37db2e1b77ded0bab541bf9d63005675,TX,48377,2,2022-11-09T01:00:00.000Z,FIPSCode,48377,0,2022-11-12T17:47:18.330Z,8,98.98,8,100,62962,1025,61.97,62492,550,33.25,63492,79,4.78,1671,99,1654,4047,8,8
1668275585,2022-11-12 11:53:05 -0600,f9273b167a3f7ba29c50f58e2393c9dcf4028aec,TX,48377,2,2022-11-09T01:00:00.000Z,FIPSCode,48377,0,2022-11-12T17:47:18.330Z,8,98.98,8,100,62962,1025,61.97,62492,550,33.25,63492,79,4.78,1671,99,1654,4047,8,8
1668275627,2022-11-12 11:53:47 -0600,9502b50774bf39fd43e6232040b7ca2fae1dec69,TX,48377,2,2022-11-09T01:00:00.000Z,FIPSCode,48377,0,2022-11-12T17:47:18.330Z,8,98.98,8,100,62962,1025,61.97,62492,550,33.25,63492,79,4.78,1671,99,1654,4047,8,8
1668275709,2022-11-12 11:55:09 -0600,8820dd47540ee709507d8f1a976e4eaac54a0033,TX,48377,2,2022-11-09T01:00:00.000Z,FIPSCode,48377,0,2022-11-12T17:54:17.147Z,8,98.98,8,100,62962,1025,61.97,62492,550,33.25,63492,79,4.78,1671,99,1654,4047,8,8
1668275754,2022-11-12 11:55:54 -0600,4729cce53b831f34d9ef572f429324f282cfc8d9,TX,48377,2,2022-11-09T01:00:00.000Z,FIPSCode,48377,0,2022-11-12T17:55:19.051Z,8,98.98,8,100,62962,1025,61.97,62492,550,33.25,63492,79,4.78,1671,99,1654,4047,8,8
1668275796,2022-11-12 11:56:36 -0600,77afd76e5a2c1254d2ccaaecfff832283a939247,TX,48377,2,2022-11-09T01:00:00.000Z,FIPSCode,48377,0,2022-11-12T17:56:16.741Z,8,98.98,8,100,62962,1025,61.97,62492,550,33.25,63492,79,4.78,1671,99,1654,4047,8,8
1668275838,2022-11-12 11:57:18 -0600,7489ac6f0f911dfb77505bd2e645108a9797c000,TX,48377,2,2022-11-09T01:00:00.000Z,FIPSCode,48377,0,2022-11-12T17:56:16.741Z,8,98.98,8,100,62962,1025,61.97,62492,550,33.25,63492,79,4.78,1671,99,1654,4047,8,8
1668275879,2022-11-12 11:57:59 -0600,4acb7abbe337e4ce220150113cfbda8012e642b1,TX,48377,2,2022-11-09T01:00:00.000Z,FIPSCode,48377,0,2022-11-12T17:56:16.741Z,8,98.98,8,100,62962,1025,61.97,62492,550,33.25,63492,79,4.78,1671,99,1654,4047,8,8
1668275919,2022-11-12 11:58:39 -0600,ea3b556850ed155e83aab7ee44e5824c63e63c4e,TX,48377,2,2022-11-09T01:00:00.000Z,FIPSCode,48377,0,2022-11-12T17:56:16.741Z,8,98.98,8,100,62962,1025,61.97,62492,550,33.25,63492,79,4.78,1671,99,1654,4047,8,8
1668276008,2022-11-12 12:00:08 -0600,445780fff4676f8626e86ac0462b754933bfb4d8,TX,48377,2,2022-11-09T01:00:00.000Z,FIPSCode,48377,0,2022-11-12T17:56:16.741Z,8,98.98,8,100,62962,1025,61.97,62492,550,33.25,63492,79,4.78,1671,99,1654,4047,8,8
1668276048,2022-11-12 12:00:48 -0600,126272df92d86b3cb704401c62f66765c4244825,TX,48377,2,2022-11-09T01:00:00.000Z,FIPSCode,48377,0,2022-11-12T17:56:16.741Z,8,98.98,8,100,62962,1025,61.97,62492,550,33.25,63492,79,4.78,1671,99,1654,4047,8,8
1668276091,2022-11-12 12:01:31 -0600,a099349b2d44255f7092956d2f5dc58f6cf538f4,TX,48377,2,2022-11-09T01:00:00.000Z,FIPSCode,48377,0,2022-11-12T17:56:16.741Z,8,98.98,8,100,62962,1025,61.97,62492,550,33.25,63492,79,4.78,1671,99,1654,4047,8,8
1668276132,2022-11-12 12:02:12 -0600,8a2e95ab4e4bbd0899e57543e7511b117bf335ac,TX,48377,2,2022-11-09T01:00:00.000Z,FIPSCode,48377,0,2022-11-12T17:56:16.741Z,8,98.98,8,100,62962,1025,61.97,62492,550,33.25,63492,79,4.78,1671,99,1654,4047,8,8
1668276172,2022-11-12 12:02:52 -0600,42672ffa8f35a00beaf4b0f001b8e6454040667e,TX,48377,2,2022-11-09T01:00:00.000Z,FIPSCode,48377,0,2022-11-12T17:56:16.741Z,8,98.98,8,100,62962,1025,61.97,62492,550,33.25,63492,79,4.78,1671,99,1654,4047,8,8
1668276255,2022-11-12 12:04:15 -0600,b769f98d470942424cc2b47cf983fa8dd7b09bd7,TX,48377,2,2022-11-09T01:00:00.000Z,FIPSCode,48377,0,2022-11-12T17:56:16.741Z,8,98.98,8,100,62962,1025,61.97,62492,550,33.25,63492,79,4.78,1671,99,1654,4047,8,8
1668276296,2022-11-12 12:04:56 -0600,36125833a670db064091a4b72bfea4a7eaedb29e,TX,48377,2,2022-11-09T01:00:00.000Z,FIPSCode,48377,0,2022-11-12T17:56:16.741Z,8,98.98,8,100,62962,1025,61.97,62492,550,33.25,63492,79,4.78,1671,99,1654,4047,8,8
1668276336,2022-11-12 12:05:36 -0600,d01a16129560a2310e6e530b16289d5a12cb0387,TX,48377,2,2022-11-09T01:00:00.000Z,FIPSCode,48377,0,2022-11-12T17:56:16.741Z,8,98.98,8,100,62962,1025,61.97,62492,550,33.25,63492,79,4.78,1671,99,1654,4047,8,8
1668276378,2022-11-12 12:06:18 -0600,3de4a95eb418bdbbe4c1958f8c6e5f64365cd27d,TX,48377,2,2022-11-09T01:00:00.000Z,FIPSCode,48377,0,2022-11-12T17:56:16.741Z,8,98.98,8,100,62962,1025,61.97,62492,550,33.25,63492,79,4.78,1671,99,1654,4047,8,8
1668276418,2022-11-12 12:06:58 -0600,e58ef3cdd3ac883053897f2a4b8eba75fdde17fe,TX,48377,2,2022-11-09T01:00:00.000Z,FIPSCode,48377,0,2022-11-12T17:56:16.741Z,8,98.98,8,100,62962,1025,61.97,62492,550,33.25,63492,79,4.78,1671,99,1654,4047,8,8
1668276459,2022-11-12 12:07:39 -0600,b5a968168cc46b412892a94715ec7d8e0be4bbde,TX,48377,2,2022-11-09T01:00:00.000Z,FIPSCode,48377,0,2022-11-12T17:56:16.741Z,8,98.98,8,100,62962,1025,61.97,62492,550,33.25,63492,79,4.78,1671,99,1654,4047,8,8
1668276499,2022-11-12 12:08:19 -0600,058c2fd319eca29182aa21ca50d10a5e4e9b4959,TX,48377,2,2022-11-09T01:00:00.000Z,FIPSCode,48377,0,2022-11-12T17:56:16.741Z,8,98.98,8,100,62962,1025,61.97,62492,550,33.25,63492,79,4.78,1671,99,1654,4047,8,8
1668276541,2022-11-12 12:09:01 -0600,b28fab8f98f766bfc558b5d2335b9c6e6cf768db,TX,48377,2,2022-11-09T01:00:00.000Z,FIPSCode,48377,0,2022-11-12T17:56:16.741Z,8,98.98,8,100,62962,1025,61.97,62492,550,33.25,63492,79,4.78,1671,99,1654,4047,8,8
1668276582,2022-11-12 12:09:42 -0600,f879643a2610c35f0e754658811327a3ef9ab453,TX,48377,2,2022-11-09T01:00:00.000Z,FIPSCode,48377,0,2022-11-12T17:56:16.741Z,8,98.98,8,100,62962,1025,61.97,62492,550,33.25,63492,79,4.78,1671,99,1654,4047,8,8
1668276666,2022-11-12 12:11:06 -0600,7795034953b4e5d78335f9801ec7dd05d3dd0ef4,TX,48377,2,2022-11-09T01:00:00.000Z,FIPSCode,48377,0,2022-11-12T17:56:16.741Z,8,98.98,8,100,62962,1025,61.97,62492,550,33.25,63492,79,4.78,1671,99,1654,4047,8,8
1668276708,2022-11-12 12:11:48 -0600,ada5ebe9f1fe0f64808df1617b2dd6a8487800de,TX,48377,2,2022-11-09T01:00:00.000Z,FIPSCode,48377,0,2022-11-12T17:56:16.741Z,8,98.98,8,100,62962,1025,61.97,62492,550,33.25,63492,79,4.78,1671,99,1654,4047,8,8
1668276748,2022-11-12 12:12:28 -0600,cf1bd469240ea06e26867ffa343253e700e8d86a,TX,48377,2,2022-11-09T01:00:00.000Z,FIPSCode,48377,0,2022-11-12T17:56:16.741Z,8,98.98,8,100,62962,1025,61.97,62492,550,33.25,63492,79,4.78,1671,99,1654,4047,8,8
1668276790,2022-11-12 12:13:10 -0600,a0928bf9e04fdfafea09bdbcf79f9922cdef3447,TX,48377,2,2022-11-09T01:00:00.000Z,FIPSCode,48377,0,2022-11-12T17:56:16.741Z,8,98.98,8,100,62962,1025,61.97,62492,550,33.25,63492,79,4.78,1671,99,1654,4047,8,8
1668276832,2022-11-12 12:13:52 -0600,31a6a4975fdff01d0f8f6b90c3f4d2d7e94c9c65,TX,48377,2,2022-11-09T01:00:00.000Z,FIPSCode,48377,0,2022-11-12T17:56:16.741Z,8,98.98,8,100,62962,1025,61.97,62492,550,33.25,63492,79,4.78,1671,99,1654,4047,8,8
1668276914,2022-11-12 12:15:14 -0600,da8482152e9e4c5dfb6433b77d5d9d3c9dd66ba4,TX,48377,2,2022-11-09T01:00:00.000Z,FIPSCode,48377,0,2022-11-12T17:56:16.741Z,8,98.98,8,100,62962,1025,61.97,62492,550,33.25,63492,79,4.78,1671,99,1654,4047,8,8
1668276955,2022-11-12 12:15:55 -0600,8b0e6b70cee18dfe07e050ceaa7fbb857cef78e6,TX,48377,2,2022-11-09T01:00:00.000Z,FIPSCode,48377,0,2022-11-12T17:56:16.741Z,8,98.98,8,100,62962,1025,61.97,62492,550,33.25,63492,79,4.78,1671,99,1654,4047,8,8
1668277036,2022-11-12 12:17:16 -0600,707f8b4769ce1da73ff82f4caf01579b97e29cc6,TX,48377,2,2022-11-09T01:00:00.000Z,FIPSCode,48377,0,2022-11-12T17:56:16.741Z,8,98.98,8,100,62962,1025,61.97,62492,550,33.25,63492,79,4.78,1671,99,1654,4047,8,8
1668277077,2022-11-12 12:17:57 -0600,66f12ace7b647be252dd8c975ef2b565d84d2a8c,TX,48377,2,2022-11-09T01:00:00.000Z,FIPSCode,48377,0,2022-11-12T17:56:16.741Z,8,98.98,8,100,62962,1025,61.97,62492,550,33.25,63492,79,4.78,1671,99,1654,4047,8,8
1668277116,2022-11-12 12:18:36 -0600,0758610f8ebc96805db130af82e0221d425aea41,TX,48377,2,2022-11-09T01:00:00.000Z,FIPSCode,48377,0,2022-11-12T17:56:16.741Z,8,98.98,8,100,62962,1025,61.97,62492,550,33.25,63492,79,4.78,1671,99,1654,4047,8,8
1668277157,2022-11-12 12:19:17 -0600,9467942fc59e088f4cda5a04fd5891ed052b78a9,TX,48377,2,2022-11-09T01:00:00.000Z,FIPSCode,48377,0,2022-11-12T17:56:16.741Z,8,98.98,8,100,62962,1025,61.97,62492,550,33.25,63492,79,4.78,1671,99,1654,4047,8,8
1668277196,2022-11-12 12:19:56 -0600,e65be14412d2c67afb4355373e3309620d3f5ee1,TX,48377,2,2022-11-09T01:00:00.000Z,FIPSCode,48377,0,2022-11-12T17:56:16.741Z,8,98.98,8,100,62962,1025,61.97,62492,550,33.25,63492,79,4.78,1671,99,1654,4047,8,8
1668277241,2022-11-12 12:20:41 -0600,ee0640d8d0347fb7c0203c90c3943d184f12eb64,TX,48377,2,2022-11-09T01:00:00.000Z,FIPSCode,48377,0,2022-11-12T17:56:16.741Z,8,98.98,8,100,62962,1025,61.97,62492,550,33.25,63492,79,4.78,1671,99,1654,4047,8,8
1668277279,2022-11-12 12:21:19 -0600,8cb72367021f4bf825df0500089bfaebd5461a57,TX,48377,2,2022-11-09T01:00:00.000Z,FIPSCode,48377,0,2022-11-12T17:56:16.741Z,8,98.98,8,100,62962,1025,61.97,62492,550,33.25,63492,79,4.78,1671,99,1654,4047,8,8
1668277320,2022-11-12 12:22:00 -0600,21183a279538f8f3ef5ee30e059774e502f8791a,TX,48377,2,2022-11-09T01:00:00.000Z,FIPSCode,48377,0,2022-11-12T17:56:16.741Z,8,98.98,8,100,62962,1025,61.97,62492,550,33.25,63492,79,4.78,1671,99,1654,4047,8,8
1668277362,2022-11-12 12:22:42 -0600,6fc7b4748fe2ad415c976313faab5028a8be19a6,TX,48377,2,2022-11-09T01:00:00.000Z,FIPSCode,48377,0,2022-11-12T17:56:16.741Z,8,98.98,8,100,62962,1025,61.97,62492,550,33.25,63492,79,4.78,1671,99,1654,4047,8,8
1668277401,2022-11-12 12:23:21 -0600,d7a85ab534076acaade1f98e100419189b79836b,TX,48377,2,2022-11-09T01:00:00.000Z,FIPSCode,48377,0,2022-11-12T17:56:16.741Z,8,98.98,8,100,62962,1025,61.97,62492,550,33.25,63492,79,4.78,1671,99,1654,4047,8,8
1668277441,2022-11-12 12:24:01 -0600,058e8a0d3bbf03f1085cfc11535cea5ad77db116,TX,48377,2,2022-11-09T01:00:00.000Z,FIPSCode,48377,0,2022-11-12T17:56:16.741Z,8,98.98,8,100,62962,1025,61.97,62492,550,33.25,63492,79,4.78,1671,99,1654,4047,8,8
1668277481,2022-11-12 12:24:41 -0600,ac4bab383786d1a4292ac115a8338f1ecf905f57,TX,48377,2,2022-11-09T01:00:00.000Z,FIPSCode,48377,0,2022-11-12T17:56:16.741Z,8,98.98,8,100,62962,1025,61.97,62492,550,33.25,63492,79,4.78,1671,99,1654,4047,8,8
1668277521,2022-11-12 12:25:21 -0600,01cfe8323d4da52dd907a874015f17bae6082300,TX,48377,2,2022-11-09T01:00:00.000Z,FIPSCode,48377,0,2022-11-12T17:56:16.741Z,8,98.98,8,100,62962,1025,61.97,62492,550,33.25,63492,79,4.78,1671,99,1654,4047,8,8
1668277562,2022-11-12 12:26:02 -0600,1ece768779e42a75000c9753203775dce460f92d,TX,48377,2,2022-11-09T01:00:00.000Z,FIPSCode,48377,0,2022-11-12T17:56:16.741Z,8,98.98,8,100,62962,1025,61.97,62492,550,33.25,63492,79,4.78,1671,99,1654,4047,8,8
1668277603,2022-11-12 12:26:43 -0600,568679f5930c665c056c6478f6ef5d5a4a5d232d,TX,48377,2,2022-11-09T01:00:00.000Z,FIPSCode,48377,0,2022-11-12T17:56:16.741Z,8,98.98,8,100,62962,1025,61.97,62492,550,33.25,63492,79,4.78,1671,99,1654,4047,8,8
1668277643,2022-11-12 12:27:23 -0600,d74803d78560312aae496b22f53388ba32ce969a,TX,48377,2,2022-11-09T01:00:00.000Z,FIPSCode,48377,0,2022-11-12T17:56:16.741Z,8,98.98,8,100,62962,1025,61.97,62492,550,33.25,63492,79,4.78,1671,99,1654,4047,8,8
1668277683,2022-11-12 12:28:03 -0600,7e070d9323742a45686645097ff4425d518370e8,TX,48377,2,2022-11-09T01:00:00.000Z,FIPSCode,48377,0,2022-11-12T17:56:16.741Z,8,98.98,8,100,62962,1025,61.97,62492,550,33.25,63492,79,4.78,1671,99,1654,4047,8,8
1668277724,2022-11-12 12:28:44 -0600,498e8ec0c949b81c54b0606abb3fd93fdf1c130b,TX,48377,2,2022-11-09T01:00:00.000Z,FIPSCode,48377,0,2022-11-12T17:56:16.741Z,8,98.98,8,100,62962,1025,61.97,62492,550,33.25,63492,79,4.78,1671,99,1654,4047,8,8
1668277764,2022-11-12 12:29:24 -0600,4ad76d9f34685a2d47615a1c1e2407fe9d8458ce,TX,48377,2,2022-11-09T01:00:00.000Z,FIPSCode,48377,0,2022-11-12T17:56:16.741Z,8,98.98,8,100,62962,1025,61.97,62492,550,33.25,63492,79,4.78,1671,99,1654,4047,8,8
1668277804,2022-11-12 12:30:04 -0600,9bb7980d018d30f7875cd93e20a325f04975fd78,TX,48377,2,2022-11-09T01:00:00.000Z,FIPSCode,48377,0,2022-11-12T17:56:16.741Z,8,98.98,8,100,62962,1025,61.97,62492,550,33.25,63492,79,4.78,1671,99,1654,4047,8,8
1668277843,2022-11-12 12:30:43 -0600,acd74715c25e8f09fc9766a5eaf910993dd779e3,TX,48377,2,2022-11-09T01:00:00.000Z,FIPSCode,48377,0,2022-11-12T17:56:16.741Z,8,98.98,8,100,62962,1025,61.97,62492,550,33.25,63492,79,4.78,1671,99,1654,4047,8,8
1668277884,2022-11-12 12:31:24 -0600,76cb256a0c266f1791bc4f5783ff6f806e7b7e71,TX,48377,2,2022-11-09T01:00:00.000Z,FIPSCode,48377,0,2022-11-12T17:56:16.741Z,8,98.98,8,100,62962,1025,61.97,62492,550,33.25,63492,79,4.78,1671,99,1654,4047,8,8
1668277923,2022-11-12 12:32:03 -0600,47325a57133f98b1ebed5d81702458bb7dc3ae03,TX,48377,2,2022-11-09T01:00:00.000Z,FIPSCode,48377,0,2022-11-12T18:31:17.973Z,8,98.98,8,100,62962,1025,61.97,62492,550,33.25,63492,79,4.78,1671,99,1654,4047,8,8
1668277963,2022-11-12 12:32:43 -0600,295178e79369a6e0d16f4a824a8a2c2a62f7a0b4,TX,48377,2,2022-11-09T01:00:00.000Z,FIPSCode,48377,0,2022-11-12T18:31:17.973Z,8,98.98,8,100,62962,1025,61.97,62492,550,33.25,63492,79,4.78,1671,99,1654,4047,8,8
1668278003,2022-11-12 12:33:23 -0600,970761ecdefd097452758ad685041f4488f973fd,TX,48377,2,2022-11-09T01:00:00.000Z,FIPSCode,48377,0,2022-11-12T18:32:39.371Z,8,98.98,8,100,62962,1025,61.97,62492,550,33.25,63492,79,4.78,1671,99,1654,4047,8,8
1668278043,2022-11-12 12:34:03 -0600,3309bcb382527e6a89a982db3db1635568fa5d44,TX,48377,2,2022-11-09T01:00:00.000Z,FIPSCode,48377,0,2022-11-12T18:33:17.882Z,8,98.98,8,100,62962,1025,61.97,62492,550,33.25,63492,79,4.78,1671,99,1654,4047,8,8
1668278083,2022-11-12 12:34:43 -0600,351a44031cd71ab3eaf96c5c68791ef612b4bb5c,TX,48377,2,2022-11-09T01:00:00.000Z,FIPSCode,48377,0,2022-11-12T18:34:17.042Z,8,98.98,8,100,62962,1025,61.97,62492,550,33.25,63492,79,4.78,1671,99,1654,4047,8,8
1668278122,2022-11-12 12:35:22 -0600,78bf9aeb627420028e5d27f48ce6e363c7f24334,TX,48377,2,2022-11-09T01:00:00.000Z,FIPSCode,48377,0,2022-11-12T18:34:17.042Z,8,98.98,8,100,62962,1025,61.97,62492,550,33.25,63492,79,4.78,1671,99,1654,4047,8,8
1668278163,2022-11-12 12:36:03 -0600,4755bb38866d665329ea40a05c8b152e1751bf54,TX,48377,2,2022-11-09T01:00:00.000Z,FIPSCode,48377,0,2022-11-12T18:34:17.042Z,8,98.98,8,100,62962,1025,61.97,62492,550,33.25,63492,79,4.78,1671,99,1654,4047,8,8
1668278205,2022-11-12 12:36:45 -0600,a160ad3ff3f2889a71559043affbf1815d16a84b,TX,48377,2,2022-11-09T01:00:00.000Z,FIPSCode,48377,0,2022-11-12T18:34:17.042Z,8,98.98,8,100,62962,1025,61.97,62492,550,33.25,63492,79,4.78,1671,99,1654,4047,8,8
1668278244,2022-11-12 12:37:24 -0600,bf126962e012185b945c2b19f8206b34dddbd3f8,TX,48377,2,2022-11-09T01:00:00.000Z,FIPSCode,48377,0,2022-11-12T18:34:17.042Z,8,98.98,8,100,62962,1025,61.97,62492,550,33.25,63492,79,4.78,1671,99,1654,4047,8,8
1668278285,2022-11-12 12:38:05 -0600,739259486015a6706463a636c841fcf02905c98b,TX,48377,2,2022-11-09T01:00:00.000Z,FIPSCode,48377,0,2022-11-12T18:34:17.042Z,8,98.98,8,100,62962,1025,61.97,62492,550,33.25,63492,79,4.78,1671,99,1654,4047,8,8
1668278324,2022-11-12 12:38:44 -0600,427f5cd48754a707659db0cc6a8869826cc25d52,TX,48377,2,2022-11-09T01:00:00.000Z,FIPSCode,48377,0,2022-11-12T18:34:17.042Z,8,98.98,8,100,62962,1025,61.97,62492,550,33.25,63492,79,4.78,1671,99,1654,4047,8,8
1668278364,2022-11-12 12:39:24 -0600,7c5eb44f96add51bce73f020da67397fd93338ec,TX,48377,2,2022-11-09T01:00:00.000Z,FIPSCode,48377,0,2022-11-12T18:34:17.042Z,8,98.98,8,100,62962,1025,61.97,62492,550,33.25,63492,79,4.78,1671,99,1654,4047,8,8
1668278404,2022-11-12 12:40:04 -0600,957cc76cc33718f66efdf7cd9f202332af36b71a,TX,48377,2,2022-11-09T01:00:00.000Z,FIPSCode,48377,0,2022-11-12T18:34:17.042Z,8,98.98,8,100,62962,1025,61.97,62492,550,33.25,63492,79,4.78,1671,99,1654,4047,8,8
1668278445,2022-11-12 12:40:45 -0600,006079d77ec57953973b68669888e10f8f91533d,TX,48377,2,2022-11-09T01:00:00.000Z,FIPSCode,48377,0,2022-11-12T18:34:17.042Z,8,98.98,8,100,62962,1025,61.97,62492,550,33.25,63492,79,4.78,1671,99,1654,4047,8,8
1668278485,2022-11-12 12:41:25 -0600,a018e3c00629829c6f02e3daf44eff5f0ee29106,TX,48377,2,2022-11-09T01:00:00.000Z,FIPSCode,48377,0,2022-11-12T18:34:17.042Z,8,98.98,8,100,62962,1025,61.97,62492,550,33.25,63492,79,4.78,1671,99,1654,4047,8,8
1668278525,2022-11-12 12:42:05 -0600,7cf6f6e9e288c7fb1909c9a51101934101017c37,TX,48377,2,2022-11-09T01:00:00.000Z,FIPSCode,48377,0,2022-11-12T18:34:17.042Z,8,98.98,8,100,62962,1025,61.97,62492,550,33.25,63492,79,4.78,1671,99,1654,4047,8,8
1668278564,2022-11-12 12:42:44 -0600,62b6f8d5db85b7f8d0d51349e466361b0e5e3117,TX,48377,2,2022-11-09T01:00:00.000Z,FIPSCode,48377,0,2022-11-12T18:34:17.042Z,8,98.98,8,100,62962,1025,61.97,62492,550,33.25,63492,79,4.78,1671,99,1654,4047,8,8
1668278604,2022-11-12 12:43:24 -0600,3aaee7eaf8792ec7de32b7c4c505a12f9cc5babb,TX,48377,2,2022-11-09T01:00:00.000Z,FIPSCode,48377,0,2022-11-12T18:34:17.042Z,8,98.98,8,100,62962,1025,61.97,62492,550,33.25,63492,79,4.78,1671,99,1654,4047,8,8
1668278644,2022-11-12 12:44:04 -0600,6e9b30602e7935016298e447d9716b8dd9dd1243,TX,48377,2,2022-11-09T01:00:00.000Z,FIPSCode,48377,0,2022-11-12T18:34:17.042Z,8,98.98,8,100,62962,1025,61.97,62492,550,33.25,63492,79,4.78,1671,99,1654,4047,8,8
1668278683,2022-11-12 12:44:43 -0600,b0ab7e9d3889b9bc2cad9f076eae72323362633d,TX,48377,2,2022-11-09T01:00:00.000Z,FIPSCode,48377,0,2022-11-12T18:34:17.042Z,8,98.98,8,100,62962,1025,61.97,62492,550,33.25,63492,79,4.78,1671,99,1654,4047,8,8
1668278723,2022-11-12 12:45:23 -0600,e39a19be043f3949ae833ed91d28e9ed6258851d,TX,48377,2,2022-11-09T01:00:00.000Z,FIPSCode,48377,0,2022-11-12T18:34:17.042Z,8,98.98,8,100,62962,1025,61.97,62492,550,33.25,63492,79,4.78,1671,99,1654,4047,8,8
1668278764,2022-11-12 12:46:04 -0600,11180f64a0c92c6ef6b7ee07d7e63ed60b54e07c,TX,48377,2,2022-11-09T01:00:00.000Z,FIPSCode,48377,0,2022-11-12T18:34:17.042Z,8,98.98,8,100,62962,1025,61.97,62492,550,33.25,63492,79,4.78,1671,99,1654,4047,8,8
1668278804,2022-11-12 12:46:44 -0600,dd76e6215898da70cfbef8451c35e2a1d813a5a3,TX,48377,2,2022-11-09T01:00:00.000Z,FIPSCode,48377,0,2022-11-12T18:34:17.042Z,8,98.98,8,100,62962,1025,61.97,62492,550,33.25,63492,79,4.78,1671,99,1654,4047,8,8
1668278883,2022-11-12 12:48:03 -0600,1ed701c2973044e70aedc47f6bfe2f9c9897f840,TX,48377,2,2022-11-09T01:00:00.000Z,FIPSCode,48377,0,2022-11-12T18:34:17.042Z,8,98.98,8,100,62962,1025,61.97,62492,550,33.25,63492,79,4.78,1671,99,1654,4047,8,8
1668278962,2022-11-12 12:49:22 -0600,f93fc243f0b2772967b069efc7603286eb9dd7e0,TX,48377,2,2022-11-09T01:00:00.000Z,FIPSCode,48377,0,2022-11-12T18:34:17.042Z,8,98.98,8,100,62962,1025,61.97,62492,550,33.25,63492,79,4.78,1671,99,1654,4047,8,8
1668279002,2022-11-12 12:50:02 -0600,57b196106e332e390dcfdfd27fa9fe26324a013e,TX,48377,2,2022-11-09T01:00:00.000Z,FIPSCode,48377,0,2022-11-12T18:34:17.042Z,8,98.98,8,100,62962,1025,61.97,62492,550,33.25,63492,79,4.78,1671,99,1654,4047,8,8
1668279042,2022-11-12 12:50:42 -0600,d6d1cb090d04657265367f49cfab113f1a908259,TX,48377,2,2022-11-09T01:00:00.000Z,FIPSCode,48377,0,2022-11-12T18:34:17.042Z,8,98.98,8,100,62962,1025,61.97,62492,550,33.25,63492,79,4.78,1671,99,1654,4047,8,8
1668279080,2022-11-12 12:51:20 -0600,2e5fa5dc7f70a13db0a24e4317b12ef751e87d08,TX,48377,2,2022-11-09T01:00:00.000Z,FIPSCode,48377,0,2022-11-12T18:34:17.042Z,8,98.98,8,100,62962,1025,61.97,62492,550,33.25,63492,79,4.78,1671,99,1654,4047,8,8
1668279122,2022-11-12 12:52:02 -0600,203fdead8d13c62fdbc2dc30ed21ed5ef24acf68,TX,48377,2,2022-11-09T01:00:00.000Z,FIPSCode,48377,0,2022-11-12T18:34:17.042Z,8,98.98,8,100,62962,1025,61.97,62492,550,33.25,63492,79,4.78,1671,99,1654,4047,8,8
1668279163,2022-11-12 12:52:43 -0600,efae812460b6091f15ade01180b351c48d31d5b0,TX,48377,2,2022-11-09T01:00:00.000Z,FIPSCode,48377,0,2022-11-12T18:34:17.042Z,8,98.98,8,100,62962,1025,61.97,62492,550,33.25,63492,79,4.78,1671,99,1654,4047,8,8
1668279242,2022-11-12 12:54:02 -0600,5bbb504d24b6a1377be6939ce6d9807eee132701,TX,48377,2,2022-11-09T01:00:00.000Z,FIPSCode,48377,0,2022-11-12T18:34:17.042Z,8,98.98,8,100,62962,1025,61.97,62492,550,33.25,63492,79,4.78,1671,99,1654,4047,8,8
1668279283,2022-11-12 12:54:43 -0600,909ec86b92b23972b1ec84a9f521c695b67c1677,TX,48377,2,2022-11-09T01:00:00.000Z,FIPSCode,48377,0,2022-11-12T18:34:17.042Z,8,98.98,8,100,62962,1025,61.97,62492,550,33.25,63492,79,4.78,1671,99,1654,4047,8,8
1668279323,2022-11-12 12:55:23 -0600,78708adae527765d3d8fbb4ebbfaf4d7b8916967,TX,48377,2,2022-11-09T01:00:00.000Z,FIPSCode,48377,0,2022-11-12T18:34:17.042Z,8,98.98,8,100,62962,1025,61.97,62492,550,33.25,63492,79,4.78,1671,99,1654,4047,8,8
1668279362,2022-11-12 12:56:02 -0600,f7ca45735410eab2eb7767408dd6b3384aa1e522,TX,48377,2,2022-11-09T01:00:00.000Z,FIPSCode,48377,0,2022-11-12T18:34:17.042Z,8,98.98,8,100,62962,1025,61.97,62492,550,33.25,63492,79,4.78,1671,99,1654,4047,8,8
1668279402,2022-11-12 12:56:42 -0600,482079617202910c8634ab8031865f5a10d6ae76,TX,48377,2,2022-11-09T01:00:00.000Z,FIPSCode,48377,0,2022-11-12T18:34:17.042Z,8,98.98,8,100,62962,1025,61.97,62492,550,33.25,63492,79,4.78,1671,99,1654,4047,8,8
1668279442,2022-11-12 12:57:22 -0600,0aafb5bfd3014ef3b941be6fc36999bf904270be,TX,48377,2,2022-11-09T01:00:00.000Z,FIPSCode,48377,0,2022-11-12T18:34:17.042Z,8,98.98,8,100,62962,1025,61.97,62492,550,33.25,63492,79,4.78,1671,99,1654,4047,8,8
1668279482,2022-11-12 12:58:02 -0600,6fc5831d9b99f412b7f11be989c16b2e3bb43cf1,TX,48377,2,2022-11-09T01:00:00.000Z,FIPSCode,48377,0,2022-11-12T18:34:17.042Z,8,98.98,8,100,62962,1025,61.97,62492,550,33.25,63492,79,4.78,1671,99,1654,4047,8,8
1668279522,2022-11-12 12:58:42 -0600,767f241384699df07ae92340c2c0c6ac05f68609,TX,48377,2,2022-11-09T01:00:00.000Z,FIPSCode,48377,0,2022-11-12T18:34:17.042Z,8,98.98,8,100,62962,1025,61.97,62492,550,33.25,63492,79,4.78,1671,99,1654,4047,8,8
1668279562,2022-11-12 12:59:22 -0600,68469ba4ccc5cf2ab260a49db73179e277d9b977,TX,48377,2,2022-11-09T01:00:00.000Z,FIPSCode,48377,0,2022-11-12T18:34:17.042Z,8,98.98,8,100,62962,1025,61.97,62492,550,33.25,63492,79,4.78,1671,99,1654,4047,8,8
1668279602,2022-11-12 13:00:02 -0600,b0348e2c05e4bf307895e7f56aac75907a1051ab,TX,48377,2,2022-11-09T01:00:00.000Z,FIPSCode,48377,0,2022-11-12T18:34:17.042Z,8,98.98,8,100,62962,1025,61.97,62492,550,33.25,63492,79,4.78,1671,99,1654,4047,8,8
1668279642,2022-11-12 13:00:42 -0600,e318f54b1ed1466e5d1b8fd5c66b265c28318e45,TX,48377,2,2022-11-09T01:00:00.000Z,FIPSCode,48377,0,2022-11-12T18:34:17.042Z,8,98.98,8,100,62962,1025,61.97,62492,550,33.25,63492,79,4.78,1671,99,1654,4047,8,8
1668279683,2022-11-12 13:01:23 -0600,52cb6dcf14ee679ca63c3e491233561e7c86c6cb,TX,48377,2,2022-11-09T01:00:00.000Z,FIPSCode,48377,0,2022-11-12T18:34:17.042Z,8,98.98,8,100,62962,1025,61.97,62492,550,33.25,63492,79,4.78,1671,99,1654,4047,8,8
1668279723,2022-11-12 13:02:03 -0600,c779598d0943f051f9b564a9641da3c4ee39fa46,TX,48377,2,2022-11-09T01:00:00.000Z,FIPSCode,48377,0,2022-11-12T18:34:17.042Z,8,98.98,8,100,62962,1025,61.97,62492,550,33.25,63492,79,4.78,1671,99,1654,4047,8,8
1668279763,2022-11-12 13:02:43 -0600,163c13b66ac2cf3dfaafc52a79ebdcf9c20a4fb2,TX,48377,2,2022-11-09T01:00:00.000Z,FIPSCode,48377,0,2022-11-12T18:34:17.042Z,8,98.98,8,100,62962,1025,61.97,62492,550,33.25,63492,79,4.78,1671,99,1654,4047,8,8
1668279803,2022-11-12 13:03:23 -0600,c1270a51871958d68dc2cc4fef95bc0a39c2eb12,TX,48377,2,2022-11-09T01:00:00.000Z,FIPSCode,48377,0,2022-11-12T18:34:17.042Z,8,98.98,8,100,62962,1025,61.97,62492,550,33.25,63492,79,4.78,1671,99,1654,4047,8,8
1668279844,2022-11-12 13:04:04 -0600,cfaa2558b69c66083a8781712d24e1622f3b4e93,TX,48377,2,2022-11-09T01:00:00.000Z,FIPSCode,48377,0,2022-11-12T18:34:17.042Z,8,98.98,8,100,62962,1025,61.97,62492,550,33.25,63492,79,4.78,1671,99,1654,4047,8,8
1668279883,2022-11-12 13:04:43 -0600,f10bbfe3e7da35fa807e5cdab6143d3cd139dcb4,TX,48377,2,2022-11-09T01:00:00.000Z,FIPSCode,48377,0,2022-11-12T18:34:17.042Z,8,98.98,8,100,62962,1025,61.97,62492,550,33.25,63492,79,4.78,1671,99,1654,4047,8,8
1668279923,2022-11-12 13:05:23 -0600,6a76cad26b0dcfe14e54d9d5eadb507e8ce70cae,TX,48377,2,2022-11-09T01:00:00.000Z,FIPSCode,48377,0,2022-11-12T18:34:17.042Z,8,98.98,8,100,62962,1025,61.97,62492,550,33.25,63492,79,4.78,1671,99,1654,4047,8,8
1668279963,2022-11-12 13:06:03 -0600,53fdf359c953f7234fb24af034d065b5b04240ac,TX,48377,2,2022-11-09T01:00:00.000Z,FIPSCode,48377,0,2022-11-12T18:34:17.042Z,8,98.98,8,100,62962,1025,61.97,62492,550,33.25,63492,79,4.78,1671,99,1654,4047,8,8
1668280003,2022-11-12 13:06:43 -0600,d5f7293d6894c53f3a9280945b9dec9a2a48cfe4,TX,48377,2,2022-11-09T01:00:00.000Z,FIPSCode,48377,0,2022-11-12T18:34:17.042Z,8,98.98,8,100,62962,1025,61.97,62492,550,33.25,63492,79,4.78,1671,99,1654,4047,8,8
1668280043,2022-11-12 13:07:23 -0600,cd16d80b20735b6374da9fed480dc7325c609dc3,TX,48377,2,2022-11-09T01:00:00.000Z,FIPSCode,48377,0,2022-11-12T18:34:17.042Z,8,98.98,8,100,62962,1025,61.97,62492,550,33.25,63492,79,4.78,1671,99,1654,4047,8,8
1668280084,2022-11-12 13:08:04 -0600,9388e0ed14533ef94f7571ca17ab02793dc6ecdc,TX,48377,2,2022-11-09T01:00:00.000Z,FIPSCode,48377,0,2022-11-12T18:34:17.042Z,8,98.98,8,100,62962,1025,61.97,62492,550,33.25,63492,79,4.78,1671,99,1654,4047,8,8
1668280123,2022-11-12 13:08:43 -0600,46678afe22e2cc4427a74376d673c0c59e43345a,TX,48377,2,2022-11-09T01:00:00.000Z,FIPSCode,48377,0,2022-11-12T18:34:17.042Z,8,98.98,8,100,62962,1025,61.97,62492,550,33.25,63492,79,4.78,1671,99,1654,4047,8,8
1668280163,2022-11-12 13:09:23 -0600,4178a34cc2f8652984b4ffd750a10a2dd869851a,TX,48377,2,2022-11-09T01:00:00.000Z,FIPSCode,48377,0,2022-11-12T19:08:39.242Z,8,98.98,8,100,62962,1025,61.97,62492,550,33.25,63492,79,4.78,1671,99,1654,4047,8,8
1668280204,2022-11-12 13:10:04 -0600,32e060f849e963373ac77ed56c36aa88b530ef1b,TX,48377,2,2022-11-09T01:00:00.000Z,FIPSCode,48377,0,2022-11-12T19:09:17.239Z,8,98.98,8,100,62962,1025,61.97,62492,550,33.25,63492,79,4.78,1671,99,1654,4047,8,8
1668280245,2022-11-12 13:10:45 -0600,5e15f39928b5cf558056bbb4c97a72f572b1b863,TX,48377,2,2022-11-09T01:00:00.000Z,FIPSCode,48377,0,2022-11-12T19:10:18.031Z,8,98.98,8,100,62962,1025,61.97,62492,550,33.25,63492,79,4.78,1671,99,1654,4047,8,8
1668280284,2022-11-12 13:11:24 -0600,159af3aa8e39ba72beba43a202c9b1d478144368,TX,48377,2,2022-11-09T01:00:00.000Z,FIPSCode,48377,0,2022-11-12T19:10:18.031Z,8,98.98,8,100,62962,1025,61.97,62492,550,33.25,63492,79,4.78,1671,99,1654,4047,8,8
1668280325,2022-11-12 13:12:05 -0600,132d7446761e4dcabbec6cdd2bd7b262095f7317,TX,48377,2,2022-11-09T01:00:00.000Z,FIPSCode,48377,0,2022-11-12T19:11:18.524Z,8,98.98,8,100,62962,1025,61.97,62492,550,33.25,63492,79,4.78,1671,99,1654,4047,8,8
1668280366,2022-11-12 13:12:46 -0600,48c024f014f59357945896ad094a065372df3b1f,TX,48377,2,2022-11-09T01:00:00.000Z,FIPSCode,48377,0,2022-11-12T19:11:18.524Z,8,98.98,8,100,62962,1025,61.97,62492,550,33.25,63492,79,4.78,1671,99,1654,4047,8,8
1668280446,2022-11-12 13:14:06 -0600,bddd6d708f86fee5bbf8738578832e3eec952671,TX,48377,2,2022-11-09T01:00:00.000Z,FIPSCode,48377,0,2022-11-12T19:11:18.524Z,8,98.98,8,100,62962,1025,61.97,62492,550,33.25,63492,79,4.78,1671,99,1654,4047,8,8
1668280486,2022-11-12 13:14:46 -0600,0393a8713ff044279cf62835ea34d26c831a2fb4,TX,48377,2,2022-11-09T01:00:00.000Z,FIPSCode,48377,0,2022-11-12T19:11:18.524Z,8,98.98,8,100,62962,1025,61.97,62492,550,33.25,63492,79,4.78,1671,99,1654,4047,8,8
1668280526,2022-11-12 13:15:26 -0600,82371ac5b8cfe9d6426b3e8ca0e29ce8d45a8027,TX,48377,2,2022-11-09T01:00:00.000Z,FIPSCode,48377,0,2022-11-12T19:11:18.524Z,8,98.98,8,100,62962,1025,61.97,62492,550,33.25,63492,79,4.78,1671,99,1654,4047,8,8
1668280568,2022-11-12 13:16:08 -0600,dc44ef81d16ec1410f4d45d3e07c7dce88aaa3ac,TX,48377,2,2022-11-09T01:00:00.000Z,FIPSCode,48377,0,2022-11-12T19:11:18.524Z,8,98.98,8,100,62962,1025,61.97,62492,550,33.25,63492,79,4.78,1671,99,1654,4047,8,8
1668280649,2022-11-12 13:17:29 -0600,bda7cb0db7822d995f4356543266716d101e12c4,TX,48377,2,2022-11-09T01:00:00.000Z,FIPSCode,48377,0,2022-11-12T19:11:18.524Z,8,98.98,8,100,62962,1025,61.97,62492,550,33.25,63492,79,4.78,1671,99,1654,4047,8,8
1668280689,2022-11-12 13:18:09 -0600,1e9fa5d6a83ad8273ba4e17eefaddf3e019a2a82,TX,48377,2,2022-11-09T01:00:00.000Z,FIPSCode,48377,0,2022-11-12T19:11:18.524Z,8,98.98,8,100,62962,1025,61.97,62492,550,33.25,63492,79,4.78,1671,99,1654,4047,8,8
1668280730,2022-11-12 13:18:50 -0600,90d40631bd350fc4ea888d0e86a90d0b98714329,TX,48377,2,2022-11-09T01:00:00.000Z,FIPSCode,48377,0,2022-11-12T19:11:18.524Z,8,98.98,8,100,62962,1025,61.97,62492,550,33.25,63492,79,4.78,1671,99,1654,4047,8,8
1668280771,2022-11-12 13:19:31 -0600,9aa55ef07c4778d103a122e354edf6539ed17402,TX,48377,2,2022-11-09T01:00:00.000Z,FIPSCode,48377,0,2022-11-12T19:11:18.524Z,8,98.98,8,100,62962,1025,61.97,62492,550,33.25,63492,79,4.78,1671,99,1654,4047,8,8
1668280812,2022-11-12 13:20:12 -0600,4cd3164759e3bb554754fec2a4efc5d53edff9b1,TX,48377,2,2022-11-09T01:00:00.000Z,FIPSCode,48377,0,2022-11-12T19:11:18.524Z,8,98.98,8,100,62962,1025,61.97,62492,550,33.25,63492,79,4.78,1671,99,1654,4047,8,8
1668280852,2022-11-12 13:20:52 -0600,e9b252ed24abb3985668059c384d6ca656a63ca9,TX,48377,2,2022-11-09T01:00:00.000Z,FIPSCode,48377,0,2022-11-12T19:11:18.524Z,8,98.98,8,100,62962,1025,61.97,62492,550,33.25,63492,79,4.78,1671,99,1654,4047,8,8
1668280894,2022-11-12 13:21:34 -0600,653ebdf233ba53f8cf2f30c0b7610db3ae213384,TX,48377,2,2022-11-09T01:00:00.000Z,FIPSCode,48377,0,2022-11-12T19:11:18.524Z,8,98.98,8,100,62962,1025,61.97,62492,550,33.25,63492,79,4.78,1671,99,1654,4047,8,8
1668280935,2022-11-12 13:22:15 -0600,01c1d1507edf43844811108907205b65cbddd954,TX,48377,2,2022-11-09T01:00:00.000Z,FIPSCode,48377,0,2022-11-12T19:11:18.524Z,8,98.98,8,100,62962,1025,61.97,62492,550,33.25,63492,79,4.78,1671,99,1654,4047,8,8
1668280976,2022-11-12 13:22:56 -0600,cee1ee6096374861908cf596354e3c5451f3c2aa,TX,48377,2,2022-11-09T01:00:00.000Z,FIPSCode,48377,0,2022-11-12T19:11:18.524Z,8,98.98,8,100,62962,1025,61.97,62492,550,33.25,63492,79,4.78,1671,99,1654,4047,8,8
1668281058,2022-11-12 13:24:18 -0600,2a2f877a442f378dc89c43f4131f8c3979caab44,TX,48377,2,2022-11-09T01:00:00.000Z,FIPSCode,48377,0,2022-11-12T19:11:18.524Z,8,98.98,8,100,62962,1025,61.97,62492,550,33.25,63492,79,4.78,1671,99,1654,4047,8,8
1668281098,2022-11-12 13:24:58 -0600,7aafb1024f33db36e7b6f9100346bda52711def4,TX,48377,2,2022-11-09T01:00:00.000Z,FIPSCode,48377,0,2022-11-12T19:11:18.524Z,8,98.98,8,100,62962,1025,61.97,62492,550,33.25,63492,79,4.78,1671,99,1654,4047,8,8
1668281141,2022-11-12 13:25:41 -0600,91baa1004a5f1b2972ee57ce6bf2e5b7687eadec,TX,48377,2,2022-11-09T01:00:00.000Z,FIPSCode,48377,0,2022-11-12T19:11:18.524Z,8,98.98,8,100,62962,1025,61.97,62492,550,33.25,63492,79,4.78,1671,99,1654,4047,8,8
1668281223,2022-11-12 13:27:03 -0600,4767bf1612c29e0aaea44640411be80be4daa208,TX,48377,2,2022-11-09T01:00:00.000Z,FIPSCode,48377,0,2022-11-12T19:11:18.524Z,8,98.98,8,100,62962,1025,61.97,62492,550,33.25,63492,79,4.78,1671,99,1654,4047,8,8
1668281263,2022-11-12 13:27:43 -0600,219a9dec6353a91e31d64ff4e9f20bd2b25bf4a8,TX,48377,2,2022-11-09T01:00:00.000Z,FIPSCode,48377,0,2022-11-12T19:11:18.524Z,8,98.98,8,100,62962,1025,61.97,62492,550,33.25,63492,79,4.78,1671,99,1654,4047,8,8
1668281305,2022-11-12 13:28:25 -0600,2ec6a2fd32eaf58f5a66382417925c27eb1dd8eb,TX,48377,2,2022-11-09T01:00:00.000Z,FIPSCode,48377,0,2022-11-12T19:11:18.524Z,8,98.98,8,100,62962,1025,61.97,62492,550,33.25,63492,79,4.78,1671,99,1654,4047,8,8
1668281347,2022-11-12 13:29:07 -0600,59eabe8ca091d7a28ac8c2a04c4a3a2af6f6acbc,TX,48377,2,2022-11-09T01:00:00.000Z,FIPSCode,48377,0,2022-11-12T19:11:18.524Z,8,98.98,8,100,62962,1025,61.97,62492,550,33.25,63492,79,4.78,1671,99,1654,4047,8,8
1668281387,2022-11-12 13:29:47 -0600,49aaf4766d2cc32b8c9c6b67c64378c2c5e7537a,TX,48377,2,2022-11-09T01:00:00.000Z,FIPSCode,48377,0,2022-11-12T19:11:18.524Z,8,98.98,8,100,62962,1025,61.97,62492,550,33.25,63492,79,4.78,1671,99,1654,4047,8,8
1668281428,2022-11-12 13:30:28 -0600,82705d6f3d402b6c416f75b2ded1462a25e5f396,TX,48377,2,2022-11-09T01:00:00.000Z,FIPSCode,48377,0,2022-11-12T19:11:18.524Z,8,98.98,8,100,62962,1025,61.97,62492,550,33.25,63492,79,4.78,1671,99,1654,4047,8,8
1668281470,2022-11-12 13:31:10 -0600,713d1957820728abf857e89e5ebc52e6afae07a3,TX,48377,2,2022-11-09T01:00:00.000Z,FIPSCode,48377,0,2022-11-12T19:11:18.524Z,8,98.98,8,100,62962,1025,61.97,62492,550,33.25,63492,79,4.78,1671,99,1654,4047,8,8
1668281511,2022-11-12 13:31:51 -0600,8098985957562cddedbc0a23d23ab8c32a6dc605,TX,48377,2,2022-11-09T01:00:00.000Z,FIPSCode,48377,0,2022-11-12T19:11:18.524Z,8,98.98,8,100,62962,1025,61.97,62492,550,33.25,63492,79,4.78,1671,99,1654,4047,8,8
1668281553,2022-11-12 13:32:33 -0600,0e7a31d1e020e445948d01e9683a66f7e0722317,TX,48377,2,2022-11-09T01:00:00.000Z,FIPSCode,48377,0,2022-11-12T19:11:18.524Z,8,98.98,8,100,62962,1025,61.97,62492,550,33.25,63492,79,4.78,1671,99,1654,4047,8,8
1668281593,2022-11-12 13:33:13 -0600,d6852809eee7b44963ae81628f741c26442fb116,TX,48377,2,2022-11-09T01:00:00.000Z,FIPSCode,48377,0,2022-11-12T19:11:18.524Z,8,98.98,8,100,62962,1025,61.97,62492,550,33.25,63492,79,4.78,1671,99,1654,4047,8,8
1668281634,2022-11-12 13:33:54 -0600,b39754ff54447b67854ba89446b06d8816f7d20f,TX,48377,2,2022-11-09T01:00:00.000Z,FIPSCode,48377,0,2022-11-12T19:11:18.524Z,8,98.98,8,100,62962,1025,61.97,62492,550,33.25,63492,79,4.78,1671,99,1654,4047,8,8
1668281675,2022-11-12 13:34:35 -0600,fe22183a1abfd513b8cf19954f3072ca5ad1d565,TX,48377,2,2022-11-09T01:00:00.000Z,FIPSCode,48377,0,2022-11-12T19:11:18.524Z,8,98.98,8,100,62962,1025,61.97,62492,550,33.25,63492,79,4.78,1671,99,1654,4047,8,8
1668281716,2022-11-12 13:35:16 -0600,e2392673e55ea9914b0af923cc73829c29738c05,TX,48377,2,2022-11-09T01:00:00.000Z,FIPSCode,48377,0,2022-11-12T19:11:18.524Z,8,98.98,8,100,62962,1025,61.97,62492,550,33.25,63492,79,4.78,1671,99,1654,4047,8,8
1668281757,2022-11-12 13:35:57 -0600,be1f1caf624a80c1f202745a1891e8dbc61ab260,TX,48377,2,2022-11-09T01:00:00.000Z,FIPSCode,48377,0,2022-11-12T19:11:18.524Z,8,98.98,8,100,62962,1025,61.97,62492,550,33.25,63492,79,4.78,1671,99,1654,4047,8,8
1668281798,2022-11-12 13:36:38 -0600,3cb1955ef4a45f524230359811aec0deea7d9f99,TX,48377,2,2022-11-09T01:00:00.000Z,FIPSCode,48377,0,2022-11-12T19:11:18.524Z,8,98.98,8,100,62962,1025,61.97,62492,550,33.25,63492,79,4.78,1671,99,1654,4047,8,8
1668281840,2022-11-12 13:37:20 -0600,56fbdf752a362d2c91f8c447cb2fd16d416c59c3,TX,48377,2,2022-11-09T01:00:00.000Z,FIPSCode,48377,0,2022-11-12T19:36:37.728Z,8,98.98,8,100,62962,1025,61.97,62492,550,33.25,63492,79,4.78,1671,99,1654,4047,8,8
1668281880,2022-11-12 13:38:00 -0600,46efdf291362caf4cf16ab13db741668f479618f,TX,48377,2,2022-11-09T01:00:00.000Z,FIPSCode,48377,0,2022-11-12T19:36:37.728Z,8,98.98,8,100,62962,1025,61.97,62492,550,33.25,63492,79,4.78,1671,99,1654,4047,8,8
1668281922,2022-11-12 13:38:42 -0600,e8f06ca45dd732fda8c1db382b09ad08f750472b,TX,48377,2,2022-11-09T01:00:00.000Z,FIPSCode,48377,0,2022-11-12T19:38:18.109Z,8,98.98,8,100,62962,1025,61.97,62492,550,33.25,63492,79,4.78,1671,99,1654,4047,8,8
1668281963,2022-11-12 13:39:23 -0600,74d49e8b18023dbe4ddc059e088e3c17b3934929,TX,48377,2,2022-11-09T01:00:00.000Z,FIPSCode,48377,0,2022-11-12T19:38:18.109Z,8,98.98,8,100,62962,1025,61.97,62492,550,33.25,63492,79,4.78,1671,99,1654,4047,8,8
1668282003,2022-11-12 13:40:03 -0600,f0bd7736ab4916ed6375a62314e80c6c71128abf,TX,48377,2,2022-11-09T01:00:00.000Z,FIPSCode,48377,0,2022-11-12T19:39:18.835Z,8,98.98,8,100,62962,1025,61.97,62492,550,33.25,63492,79,4.78,1671,99,1654,4047,8,8
1668282044,2022-11-12 13:40:44 -0600,0a62a2d315e961095ccdc85f1dfb5e2318545480,TX,48377,2,2022-11-09T01:00:00.000Z,FIPSCode,48377,0,2022-11-12T19:40:16.937Z,8,98.98,8,100,62962,1025,61.97,62492,550,33.25,63492,79,4.78,1671,99,1654,4047,8,8
1668282085,2022-11-12 13:41:25 -0600,3bf6df1a70af39abd51163784e1fdec5d0c3ad40,TX,48377,2,2022-11-09T01:00:00.000Z,FIPSCode,48377,0,2022-11-12T19:40:16.937Z,8,98.98,8,100,62962,1025,61.97,62492,550,33.25,63492,79,4.78,1671,99,1654,4047,8,8
1668282125,2022-11-12 13:42:05 -0600,cb649268145f2114e70ffa7f6ffa98998e85f97f,TX,48377,2,2022-11-09T01:00:00.000Z,FIPSCode,48377,0,2022-11-12T19:41:17.132Z,8,98.98,8,100,62962,1025,61.97,62492,550,33.25,63492,79,4.78,1671,99,1654,4047,8,8
1668282167,2022-11-12 13:42:47 -0600,878fef262a99f3dc533af63555933e4e3c721858,TX,48377,2,2022-11-09T01:00:00.000Z,FIPSCode,48377,0,2022-11-12T19:41:17.132Z,8,98.98,8,100,62962,1025,61.97,62492,550,33.25,63492,79,4.78,1671,99,1654,4047,8,8
1668282207,2022-11-12 13:43:27 -0600,de5373c0d328eba3769d498641000e3bea534596,TX,48377,2,2022-11-09T01:00:00.000Z,FIPSCode,48377,0,2022-11-12T19:41:17.132Z,8,98.98,8,100,62962,1025,61.97,62492,550,33.25,63492,79,4.78,1671,99,1654,4047,8,8
1668282247,2022-11-12 13:44:07 -0600,dfffa54121b6b53cb83608575be119bfc670a227,TX,48377,2,2022-11-09T01:00:00.000Z,FIPSCode,48377,0,2022-11-12T19:41:17.132Z,8,98.98,8,100,62962,1025,61.97,62492,550,33.25,63492,79,4.78,1671,99,1654,4047,8,8
1668282287,2022-11-12 13:44:47 -0600,5cc66bb2ae3001d2230b3302355fb0be821aed15,TX,48377,2,2022-11-09T01:00:00.000Z,FIPSCode,48377,0,2022-11-12T19:41:17.132Z,8,98.98,8,100,62962,1025,61.97,62492,550,33.25,63492,79,4.78,1671,99,1654,4047,8,8
1668282328,2022-11-12 13:45:28 -0600,23c4dd6432c4aede7e908b72773c82e1a8329761,TX,48377,2,2022-11-09T01:00:00.000Z,FIPSCode,48377,0,2022-11-12T19:41:17.132Z,8,98.98,8,100,62962,1025,61.97,62492,550,33.25,63492,79,4.78,1671,99,1654,4047,8,8
1668282367,2022-11-12 13:46:07 -0600,0fe676f40b9a1857587588bf0891a99e5d54edd4,TX,48377,2,2022-11-09T01:00:00.000Z,FIPSCode,48377,0,2022-11-12T19:41:17.132Z,8,98.98,8,100,62962,1025,61.97,62492,550,33.25,63492,79,4.78,1671,99,1654,4047,8,8
1668282409,2022-11-12 13:46:49 -0600,29a0c6395f1ab1166131e765c9a62b85aac95224,TX,48377,2,2022-11-09T01:00:00.000Z,FIPSCode,48377,0,2022-11-12T19:41:17.132Z,8,98.98,8,100,62962,1025,61.97,62492,550,33.25,63492,79,4.78,1671,99,1654,4047,8,8
1668282448,2022-11-12 13:47:28 -0600,901531758f8701cf3bcefe2f72776f704b07e52d,TX,48377,2,2022-11-09T01:00:00.000Z,FIPSCode,48377,0,2022-11-12T19:41:17.132Z,8,98.98,8,100,62962,1025,61.97,62492,550,33.25,63492,79,4.78,1671,99,1654,4047,8,8
1668282491,2022-11-12 13:48:11 -0600,2c3e41c23aea74df75637613a6c5a0607a7f7e71,TX,48377,2,2022-11-09T01:00:00.000Z,FIPSCode,48377,0,2022-11-12T19:41:17.132Z,8,98.98,8,100,62962,1025,61.97,62492,550,33.25,63492,79,4.78,1671,99,1654,4047,8,8
1668282531,2022-11-12 13:48:51 -0600,aadceb52f992c5fd7d2de25f324fe54eef6bc793,TX,48377,2,2022-11-09T01:00:00.000Z,FIPSCode,48377,0,2022-11-12T19:41:17.132Z,8,98.98,8,100,62962,1025,61.97,62492,550,33.25,63492,79,4.78,1671,99,1654,4047,8,8
1668282574,2022-11-12 13:49:34 -0600,4f3eef54cfa6026cef2adcf7655b8e27149e95bc,TX,48377,2,2022-11-09T01:00:00.000Z,FIPSCode,48377,0,2022-11-12T19:41:17.132Z,8,98.98,8,100,62962,1025,61.97,62492,550,33.25,63492,79,4.78,1671,99,1654,4047,8,8
1668282614,2022-11-12 13:50:14 -0600,9b4c1c29f57ba25b794c16fec6b4e51c52b90f53,TX,48377,2,2022-11-09T01:00:00.000Z,FIPSCode,48377,0,2022-11-12T19:41:17.132Z,8,98.98,8,100,62962,1025,61.97,62492,550,33.25,63492,79,4.78,1671,99,1654,4047,8,8
1668282656,2022-11-12 13:50:56 -0600,c35e7d1eda06512a429625dc1bcedcd3d891ae09,TX,48377,2,2022-11-09T01:00:00.000Z,FIPSCode,48377,0,2022-11-12T19:41:17.132Z,8,98.98,8,100,62962,1025,61.97,62492,550,33.25,63492,79,4.78,1671,99,1654,4047,8,8
1668282697,2022-11-12 13:51:37 -0600,999407cb934d9535d93fa2b8c531ef2edec15b3b,TX,48377,2,2022-11-09T01:00:00.000Z,FIPSCode,48377,0,2022-11-12T19:41:17.132Z,8,98.98,8,100,62962,1025,61.97,62492,550,33.25,63492,79,4.78,1671,99,1654,4047,8,8
1668282780,2022-11-12 13:53:00 -0600,82b175e15fb5e71229c46eb5488b7e00f1a8377a,TX,48377,2,2022-11-09T01:00:00.000Z,FIPSCode,48377,0,2022-11-12T19:41:17.132Z,8,98.98,8,100,62962,1025,61.97,62492,550,33.25,63492,79,4.78,1671,99,1654,4047,8,8
1668282822,2022-11-12 13:53:42 -0600,6f8f4006dffcc201651bd51c1d83b661cd28bb7e,TX,48377,2,2022-11-09T01:00:00.000Z,FIPSCode,48377,0,2022-11-12T19:41:17.132Z,8,98.98,8,100,62962,1025,61.97,62492,550,33.25,63492,79,4.78,1671,99,1654,4047,8,8
1668282863,2022-11-12 13:54:23 -0600,8d3d967857e22ca6db8c047c3ea49fadcd6728f5,TX,48377,2,2022-11-09T01:00:00.000Z,FIPSCode,48377,0,2022-11-12T19:41:17.132Z,8,98.98,8,100,62962,1025,61.97,62492,550,33.25,63492,79,4.78,1671,99,1654,4047,8,8
1668282905,2022-11-12 13:55:05 -0600,733b760895eefffe127f6d2d36cfb428b240324d,TX,48377,2,2022-11-09T01:00:00.000Z,FIPSCode,48377,0,2022-11-12T19:41:17.132Z,8,98.98,8,100,62962,1025,61.97,62492,550,33.25,63492,79,4.78,1671,99,1654,4047,8,8
1668282946,2022-11-12 13:55:46 -0600,8f07ea9bdd927b59e50b3354cdc68f41e5e3d3c2,TX,48377,2,2022-11-09T01:00:00.000Z,FIPSCode,48377,0,2022-11-12T19:41:17.132Z,8,98.98,8,100,62962,1025,61.97,62492,550,33.25,63492,79,4.78,1671,99,1654,4047,8,8
1668282988,2022-11-12 13:56:28 -0600,65478bfa175c6d81c55c06709c9007363bfede11,TX,48377,2,2022-11-09T01:00:00.000Z,FIPSCode,48377,0,2022-11-12T19:41:17.132Z,8,98.98,8,100,62962,1025,61.97,62492,550,33.25,63492,79,4.78,1671,99,1654,4047,8,8
1668283030,2022-11-12 13:57:10 -0600,2c07c127bf0d45948d2d0b2a6ef8e5f54f6dbb17,TX,48377,2,2022-11-09T01:00:00.000Z,FIPSCode,48377,0,2022-11-12T19:41:17.132Z,8,98.98,8,100,62962,1025,61.97,62492,550,33.25,63492,79,4.78,1671,99,1654,4047,8,8
1668283071,2022-11-12 13:57:51 -0600,758290ac1b635a2dc14054cacb4e0a6a7e99ca4a,TX,48377,2,2022-11-09T01:00:00.000Z,FIPSCode,48377,0,2022-11-12T19:41:17.132Z,8,98.98,8,100,62962,1025,61.97,62492,550,33.25,63492,79,4.78,1671,99,1654,4047,8,8
1668283113,2022-11-12 13:58:33 -0600,b64c278f0956f01de61a2d13b64a67006fab75c6,TX,48377,2,2022-11-09T01:00:00.000Z,FIPSCode,48377,0,2022-11-12T19:41:17.132Z,8,98.98,8,100,62962,1025,61.97,62492,550,33.25,63492,79,4.78,1671,99,1654,4047,8,8
1668283156,2022-11-12 13:59:16 -0600,c29fd4dc53aeef8e96cef6960fe114135b33a241,TX,48377,2,2022-11-09T01:00:00.000Z,FIPSCode,48377,0,2022-11-12T19:41:17.132Z,8,98.98,8,100,62962,1025,61.97,62492,550,33.25,63492,79,4.78,1671,99,1654,4047,8,8
1668283197,2022-11-12 13:59:57 -0600,ac6364f577630000032e72802e669b0b9aa5ea46,TX,48377,2,2022-11-09T01:00:00.000Z,FIPSCode,48377,0,2022-11-12T19:41:17.132Z,8,98.98,8,100,62962,1025,61.97,62492,550,33.25,63492,79,4.78,1671,99,1654,4047,8,8
1668283280,2022-11-12 14:01:20 -0600,c979c1fa6ec20487c271f36d242cb7e8bd4484f6,TX,48377,2,2022-11-09T01:00:00.000Z,FIPSCode,48377,0,2022-11-12T20:00:20.192Z,8,98.98,8,100,62962,1025,61.97,62492,550,33.25,63492,79,4.78,1671,99,1654,4047,8,8
1668283322,2022-11-12 14:02:02 -0600,edff15c10f49477184832e94e2ac04882ca72e6f,TX,48377,2,2022-11-09T01:00:00.000Z,FIPSCode,48377,0,2022-11-12T20:01:40.823Z,8,98.98,8,100,62962,1025,61.97,62492,550,33.25,63492,79,4.78,1671,99,1654,4047,8,8
1668283364,2022-11-12 14:02:44 -0600,0fb35ed9ea423af5344ac8e83a6fed3d562d3891,TX,48377,2,2022-11-09T01:00:00.000Z,FIPSCode,48377,0,2022-11-12T20:02:17.481Z,8,98.98,8,100,62962,1025,61.97,62492,550,33.25,63492,79,4.78,1671,99,1654,4047,8,8
1668283407,2022-11-12 14:03:27 -0600,7ae0d4977a383713981e48b2766f3ff93e0e4555,TX,48377,2,2022-11-09T01:00:00.000Z,FIPSCode,48377,0,2022-11-12T20:02:17.481Z,8,98.98,8,100,62962,1025,61.97,62492,550,33.25,63492,79,4.78,1671,99,1654,4047,8,8
1668283449,2022-11-12 14:04:09 -0600,ad169a41ebdb4560a7f999fc02b7cda00ea6d5e3,TX,48377,2,2022-11-09T01:00:00.000Z,FIPSCode,48377,0,2022-11-12T20:02:17.481Z,8,98.98,8,100,62962,1025,61.97,62492,550,33.25,63492,79,4.78,1671,99,1654,4047,8,8
1668283491,2022-11-12 14:04:51 -0600,2e8237bb70acb3a008c406a8974f756a925bd0e8,TX,48377,2,2022-11-09T01:00:00.000Z,FIPSCode,48377,0,2022-11-12T20:02:17.481Z,8,98.98,8,100,62962,1025,61.97,62492,550,33.25,63492,79,4.78,1671,99,1654,4047,8,8
1668283533,2022-11-12 14:05:33 -0600,582ca1cbd114118ec4441af5fa3c546a961da282,TX,48377,2,2022-11-09T01:00:00.000Z,FIPSCode,48377,0,2022-11-12T20:02:17.481Z,8,98.98,8,100,62962,1025,61.97,62492,550,33.25,63492,79,4.78,1671,99,1654,4047,8,8
1668283574,2022-11-12 14:06:14 -0600,b0c7627fff32282ed6ea7f148cded0180c5e9961,TX,48377,2,2022-11-09T01:00:00.000Z,FIPSCode,48377,0,2022-11-12T20:02:17.481Z,8,98.98,8,100,62962,1025,61.97,62492,550,33.25,63492,79,4.78,1671,99,1654,4047,8,8
1668283616,2022-11-12 14:06:56 -0600,7cc88cf33072f601ec74dcba567cff4f75b082a3,TX,48377,2,2022-11-09T01:00:00.000Z,FIPSCode,48377,0,2022-11-12T20:02:17.481Z,8,98.98,8,100,62962,1025,61.97,62492,550,33.25,63492,79,4.78,1671,99,1654,4047,8,8
1668283656,2022-11-12 14:07:36 -0600,6fa9932739afd1be6ad8f8d107961597658b07ad,TX,48377,2,2022-11-09T01:00:00.000Z,FIPSCode,48377,0,2022-11-12T20:02:17.481Z,8,98.98,8,100,62962,1025,61.97,62492,550,33.25,63492,79,4.78,1671,99,1654,4047,8,8
1668283696,2022-11-12 14:08:16 -0600,e9313fb10d5f60ff46ffb80b7b8e0d552c0a6289,TX,48377,2,2022-11-09T01:00:00.000Z,FIPSCode,48377,0,2022-11-12T20:02:17.481Z,8,98.98,8,100,62962,1025,61.97,62492,550,33.25,63492,79,4.78,1671,99,1654,4047,8,8
1668283738,2022-11-12 14:08:58 -0600,e1ab88f0a3cdb2b9b80e8053f7ae3ea089adbe77,TX,48377,2,2022-11-09T01:00:00.000Z,FIPSCode,48377,0,2022-11-12T20:02:17.481Z,8,98.98,8,100,62962,1025,61.97,62492,550,33.25,63492,79,4.78,1671,99,1654,4047,8,8
1668283780,2022-11-12 14:09:40 -0600,fc0d926b810d6b19207536215adec71d18b4f100,TX,48377,2,2022-11-09T01:00:00.000Z,FIPSCode,48377,0,2022-11-12T20:02:17.481Z,8,98.98,8,100,62962,1025,61.97,62492,550,33.25,63492,79,4.78,1671,99,1654,4047,8,8
1668283821,2022-11-12 14:10:21 -0600,8e61085cf17ff00b5a4b711f2167f1136d0558d7,TX,48377,2,2022-11-09T01:00:00.000Z,FIPSCode,48377,0,2022-11-12T20:02:17.481Z,8,98.98,8,100,62962,1025,61.97,62492,550,33.25,63492,79,4.78,1671,99,1654,4047,8,8
1668283863,2022-11-12 14:11:03 -0600,6c770dec34cf694646c9ccfc03d9c48f8ed22117,TX,48377,2,2022-11-09T01:00:00.000Z,FIPSCode,48377,0,2022-11-12T20:02:17.481Z,8,98.98,8,100,62962,1025,61.97,62492,550,33.25,63492,79,4.78,1671,99,1654,4047,8,8
1668283946,2022-11-12 14:12:26 -0600,b22efe12371366e898d198891f884da60650d5c6,TX,48377,2,2022-11-09T01:00:00.000Z,FIPSCode,48377,0,2022-11-12T20:02:17.481Z,8,98.98,8,100,62962,1025,61.97,62492,550,33.25,63492,79,4.78,1671,99,1654,4047,8,8
1668283986,2022-11-12 14:13:06 -0600,c71c1ae034e0a75af126ea3bd8311eabcdec545d,TX,48377,2,2022-11-09T01:00:00.000Z,FIPSCode,48377,0,2022-11-12T20:02:17.481Z,8,98.98,8,100,62962,1025,61.97,62492,550,33.25,63492,79,4.78,1671,99,1654,4047,8,8
1668284026,2022-11-12 14:13:46 -0600,cd9b6eb7cb8a545ffa544af72cfb6f8298b6e993,TX,48377,2,2022-11-09T01:00:00.000Z,FIPSCode,48377,0,2022-11-12T20:02:17.481Z,8,98.98,8,100,62962,1025,61.97,62492,550,33.25,63492,79,4.78,1671,99,1654,4047,8,8
1668284067,2022-11-12 14:14:27 -0600,cb7fa5d0fe6da1bee4684967a2bd58cecf3976fe,TX,48377,2,2022-11-09T01:00:00.000Z,FIPSCode,48377,0,2022-11-12T20:02:17.481Z,8,98.98,8,100,62962,1025,61.97,62492,550,33.25,63492,79,4.78,1671,99,1654,4047,8,8
1668284108,2022-11-12 14:15:08 -0600,721d807544347d368dd246d5f5a898264375b299,TX,48377,2,2022-11-09T01:00:00.000Z,FIPSCode,48377,0,2022-11-12T20:02:17.481Z,8,98.98,8,100,62962,1025,61.97,62492,550,33.25,63492,79,4.78,1671,99,1654,4047,8,8
1668284148,2022-11-12 14:15:48 -0600,c099f26f8ef9ae60b82eba6712c7f16910dd0afb,TX,48377,2,2022-11-09T01:00:00.000Z,FIPSCode,48377,0,2022-11-12T20:02:17.481Z,8,98.98,8,100,62962,1025,61.97,62492,550,33.25,63492,79,4.78,1671,99,1654,4047,8,8
1668284189,2022-11-12 14:16:29 -0600,4beda6bff8ecc063c75c70dbe14ce12c5d5227ac,TX,48377,2,2022-11-09T01:00:00.000Z,FIPSCode,48377,0,2022-11-12T20:02:17.481Z,8,98.98,8,100,62962,1025,61.97,62492,550,33.25,63492,79,4.78,1671,99,1654,4047,8,8
1668284229,2022-11-12 14:17:09 -0600,50548b3be32f9ffa82c721a035c8002c9a56bc80,TX,48377,2,2022-11-09T01:00:00.000Z,FIPSCode,48377,0,2022-11-12T20:02:17.481Z,8,98.98,8,100,62962,1025,61.97,62492,550,33.25,63492,79,4.78,1671,99,1654,4047,8,8
1668284269,2022-11-12 14:17:49 -0600,c50d4db1df102ed11f4a69329ea93e7154818c32,TX,48377,2,2022-11-09T01:00:00.000Z,FIPSCode,48377,0,2022-11-12T20:02:17.481Z,8,98.98,8,100,62962,1025,61.97,62492,550,33.25,63492,79,4.78,1671,99,1654,4047,8,8
1668284351,2022-11-12 14:19:11 -0600,ec3f8da66ff87f18186cf0a370c1ed218d692828,TX,48377,2,2022-11-09T01:00:00.000Z,FIPSCode,48377,0,2022-11-12T20:02:17.481Z,8,98.98,8,100,62962,1025,61.97,62492,550,33.25,63492,79,4.78,1671,99,1654,4047,8,8
1668284390,2022-11-12 14:19:50 -0600,7cdb7da01929f21ccf6dcef6da2bf2bdedd0b325,TX,48377,2,2022-11-09T01:00:00.000Z,FIPSCode,48377,0,2022-11-12T20:02:17.481Z,8,98.98,8,100,62962,1025,61.97,62492,550,33.25,63492,79,4.78,1671,99,1654,4047,8,8
1668284432,2022-11-12 14:20:32 -0600,e7830dc0aad5deca010fe20bbd575989d3d31554,TX,48377,2,2022-11-09T01:00:00.000Z,FIPSCode,48377,0,2022-11-12T20:02:17.481Z,8,98.98,8,100,62962,1025,61.97,62492,550,33.25,63492,79,4.78,1671,99,1654,4047,8,8
1668284472,2022-11-12 14:21:12 -0600,d6d17799e8ff7b58321c7ac1089d3ab0bc6ab22f,TX,48377,2,2022-11-09T01:00:00.000Z,FIPSCode,48377,0,2022-11-12T20:02:17.481Z,8,98.98,8,100,62962,1025,61.97,62492,550,33.25,63492,79,4.78,1671,99,1654,4047,8,8
1668284512,2022-11-12 14:21:52 -0600,223fa0d91335f3b33cfeeff488f79fca521214fe,TX,48377,2,2022-11-09T01:00:00.000Z,FIPSCode,48377,0,2022-11-12T20:02:17.481Z,8,98.98,8,100,62962,1025,61.97,62492,550,33.25,63492,79,4.78,1671,99,1654,4047,8,8
1668284551,2022-11-12 14:22:31 -0600,459b484d9564f81c4fa3f35526ac906a350d8dea,TX,48377,2,2022-11-09T01:00:00.000Z,FIPSCode,48377,0,2022-11-12T20:02:17.481Z,8,98.98,8,100,62962,1025,61.97,62492,550,33.25,63492,79,4.78,1671,99,1654,4047,8,8
1668284591,2022-11-12 14:23:11 -0600,d8187c5c70d192f5504f362458ba2c7927f206c2,TX,48377,2,2022-11-09T01:00:00.000Z,FIPSCode,48377,0,2022-11-12T20:02:17.481Z,8,98.98,8,100,62962,1025,61.97,62492,550,33.25,63492,79,4.78,1671,99,1654,4047,8,8
1668284632,2022-11-12 14:23:52 -0600,271a4a01a596fe56959180b40f0d6003535a604a,TX,48377,2,2022-11-09T01:00:00.000Z,FIPSCode,48377,0,2022-11-12T20:02:17.481Z,8,98.98,8,100,62962,1025,61.97,62492,550,33.25,63492,79,4.78,1671,99,1654,4047,8,8
1668284873,2022-11-12 14:27:53 -0600,190c79a44e4617af0e78606f47fde1b95a39f0ee,TX,48377,2,2022-11-09T01:00:00.000Z,FIPSCode,48377,0,2022-11-12T20:26:19.420Z,8,98.98,8,100,62962,1025,61.97,62492,550,33.25,63492,79,4.78,1671,99,1654,4047,8,8
1668284954,2022-11-12 14:29:14 -0600,c59eb43820b868b0dfccf3ab5f981bf760bd3a4d,TX,48377,2,2022-11-09T01:00:00.000Z,FIPSCode,48377,0,2022-11-12T20:26:19.420Z,8,98.98,8,100,62962,1025,61.97,62492,550,33.25,63492,79,4.78,1671,99,1654,4047,8,8
1668284994,2022-11-12 14:29:54 -0600,0b338d59a9d7af62261f709ef7214c8cda9a0639,TX,48377,2,2022-11-09T01:00:00.000Z,FIPSCode,48377,0,2022-11-12T20:26:19.420Z,8,98.98,8,100,62962,1025,61.97,62492,550,33.25,63492,79,4.78,1671,99,1654,4047,8,8
1668285036,2022-11-12 14:30:36 -0600,b2cbeeae0d5065f982e63bd4cd85858e0ec69c7a,TX,48377,2,2022-11-09T01:00:00.000Z,FIPSCode,48377,0,2022-11-12T20:26:19.420Z,8,98.98,8,100,62962,1025,61.97,62492,550,33.25,63492,79,4.78,1671,99,1654,4047,8,8
1668285077,2022-11-12 14:31:17 -0600,645537ac67659466c62267ec4a239f14a069ecb6,TX,48377,2,2022-11-09T01:00:00.000Z,FIPSCode,48377,0,2022-11-12T20:26:19.420Z,8,98.98,8,100,62962,1025,61.97,62492,550,33.25,63492,79,4.78,1671,99,1654,4047,8,8
1668285119,2022-11-12 14:31:59 -0600,d67aaf7646748e1d534aff95415a051c1153b2a8,TX,48377,2,2022-11-09T01:00:00.000Z,FIPSCode,48377,0,2022-11-12T20:31:34.771Z,8,98.98,8,100,62962,1025,61.97,62492,550,33.25,63492,79,4.78,1671,99,1654,4047,8,8
1668285201,2022-11-12 14:33:21 -0600,8dd02f562cd53625663bee5bb97a38df66f635a8,TX,48377,2,2022-11-09T01:00:00.000Z,FIPSCode,48377,0,2022-11-12T20:32:19.733Z,8,98.98,8,100,62962,1025,61.97,62492,550,33.25,63492,79,4.78,1671,99,1654,4047,8,8
1668285243,2022-11-12 14:34:03 -0600,ff0e96c34c55d0060e201f2ddc1c895de2f3ede7,TX,48377,2,2022-11-09T01:00:00.000Z,FIPSCode,48377,0,2022-11-12T20:33:18.573Z,8,98.98,8,100,62962,1025,61.97,62492,550,33.25,63492,79,4.78,1671,99,1654,4047,8,8
1668285286,2022-11-12 14:34:46 -0600,ccd43a61feb0b48e4ffa192d9b019ce31c77936b,TX,48377,2,2022-11-09T01:00:00.000Z,FIPSCode,48377,0,2022-11-12T20:33:18.573Z,8,98.98,8,100,62962,1025,61.97,62492,550,33.25,63492,79,4.78,1671,99,1654,4047,8,8
1668285368,2022-11-12 14:36:08 -0600,210b948110f48f75cca60b13479f138262af6afb,TX,48377,2,2022-11-09T01:00:00.000Z,FIPSCode,48377,0,2022-11-12T20:33:18.573Z,8,98.98,8,100,62962,1025,61.97,62492,550,33.25,63492,79,4.78,1671,99,1654,4047,8,8
1668285451,2022-11-12 14:37:31 -0600,4617de56c4b636d79175e7e84ecbc780a960e7f7,TX,48377,2,2022-11-09T01:00:00.000Z,FIPSCode,48377,0,2022-11-12T20:33:18.573Z,8,98.98,8,100,62962,1025,61.97,62492,550,33.25,63492,79,4.78,1671,99,1654,4047,8,8
1668285617,2022-11-12 14:40:17 -0600,0ab1a5e70d56fd022ea64674f0a28a49aa311f04,TX,48377,2,2022-11-09T01:00:00.000Z,FIPSCode,48377,0,2022-11-12T20:33:18.573Z,8,98.98,8,100,62962,1025,61.97,62492,550,33.25,63492,79,4.78,1671,99,1654,4047,8,8
1668285657,2022-11-12 14:40:57 -0600,9e03c8274a0dc642cfe4ca4a7d4fe964762b9fd0,TX,48377,2,2022-11-09T01:00:00.000Z,FIPSCode,48377,0,2022-11-12T20:33:18.573Z,8,98.98,8,100,62962,1025,61.97,62492,550,33.25,63492,79,4.78,1671,99,1654,4047,8,8
1668285697,2022-11-12 14:41:37 -0600,522a13eec558a2d3f18311be2ed114c57f26b5be,TX,48377,2,2022-11-09T01:00:00.000Z,FIPSCode,48377,0,2022-11-12T20:33:18.573Z,8,98.98,8,100,62962,1025,61.97,62492,550,33.25,63492,79,4.78,1671,99,1654,4047,8,8
1668285737,2022-11-12 14:42:17 -0600,294a29c05630e302adce868207cfe9c7ae25d2f9,TX,48377,2,2022-11-09T01:00:00.000Z,FIPSCode,48377,0,2022-11-12T20:33:18.573Z,8,98.98,8,100,62962,1025,61.97,62492,550,33.25,63492,79,4.78,1671,99,1654,4047,8,8
1668285777,2022-11-12 14:42:57 -0600,f84dfe7794ec5332e0b17bd56203529797226e9f,TX,48377,2,2022-11-09T01:00:00.000Z,FIPSCode,48377,0,2022-11-12T20:33:18.573Z,8,98.98,8,100,62962,1025,61.97,62492,550,33.25,63492,79,4.78,1671,99,1654,4047,8,8
1668285817,2022-11-12 14:43:37 -0600,8e0b6ea24f62465df928f2351ac2a229d5b146d8,TX,48377,2,2022-11-09T01:00:00.000Z,FIPSCode,48377,0,2022-11-12T20:43:16.920Z,8,98.98,8,100,62962,1025,61.97,62492,550,33.25,63492,79,4.78,1671,99,1654,4047,8,8
1668285856,2022-11-12 14:44:16 -0600,42bf98e229b3bdce9f9cf7a6e5db019b7bbc7410,TX,48377,2,2022-11-09T01:00:00.000Z,FIPSCode,48377,0,2022-11-12T20:43:16.920Z,8,98.98,8,100,62962,1025,61.97,62492,550,33.25,63492,79,4.78,1671,99,1654,4047,8,8
1668285897,2022-11-12 14:44:57 -0600,b3ab3899b2276cb61586b7e93858e67d9c23e768,TX,48377,2,2022-11-09T01:00:00.000Z,FIPSCode,48377,0,2022-11-12T20:44:39.840Z,8,98.98,8,100,62962,1025,61.97,62492,550,33.25,63492,79,4.78,1671,99,1654,4047,8,8
1668285938,2022-11-12 14:45:38 -0600,9ece2901949568cfd0ec302e896df46dc6d2e008,TX,48377,2,2022-11-09T01:00:00.000Z,FIPSCode,48377,0,2022-11-12T20:44:39.840Z,8,98.98,8,100,62962,1025,61.97,62492,550,33.25,63492,79,4.78,1671,99,1654,4047,8,8
1668285979,2022-11-12 14:46:19 -0600,839ec800bda89ddea350e022c0dad9814cbcf5c6,TX,48377,2,2022-11-09T01:00:00.000Z,FIPSCode,48377,0,2022-11-12T20:45:38.107Z,8,98.98,8,100,62962,1025,61.97,62492,550,33.25,63492,79,4.78,1671,99,1654,4047,8,8
1668286020,2022-11-12 14:47:00 -0600,1a1d17dac2cd68189042ce5ff1ec71295ab4f408,TX,48377,2,2022-11-09T01:00:00.000Z,FIPSCode,48377,0,2022-11-12T20:45:38.107Z,8,98.98,8,100,62962,1025,61.97,62492,550,33.25,63492,79,4.78,1671,99,1654,4047,8,8
1668286064,2022-11-12 14:47:44 -0600,0fb0ab523821d670ee3651c0119addc6e6577bbc,TX,48377,2,2022-11-09T01:00:00.000Z,FIPSCode,48377,0,2022-11-12T20:45:38.107Z,8,98.98,8,100,62962,1025,61.97,62492,550,33.25,63492,79,4.78,1671,99,1654,4047,8,8
1668286104,2022-11-12 14:48:24 -0600,8adac54544db3af1e0f7726519c6d280460b5675,TX,48377,2,2022-11-09T01:00:00.000Z,FIPSCode,48377,0,2022-11-12T20:45:38.107Z,8,98.98,8,100,62962,1025,61.97,62492,550,33.25,63492,79,4.78,1671,99,1654,4047,8,8
1668286147,2022-11-12 14:49:07 -0600,0c6da816faea85490d0a970d6f4491fb71b1042e,TX,48377,2,2022-11-09T01:00:00.000Z,FIPSCode,48377,0,2022-11-12T20:45:38.107Z,8,98.98,8,100,62962,1025,61.97,62492,550,33.25,63492,79,4.78,1671,99,1654,4047,8,8
1668286186,2022-11-12 14:49:46 -0600,3fb0ef98a1d8478c4344d948fb492c2332e2e687,TX,48377,2,2022-11-09T01:00:00.000Z,FIPSCode,48377,0,2022-11-12T20:49:17.660Z,8,98.98,8,100,62962,1025,61.97,62492,550,33.25,63492,79,4.78,1671,99,1654,4047,8,8
1668286227,2022-11-12 14:50:27 -0600,8b1e30b57579a42ccf90ca8193e450f00e3e5a06,TX,48377,2,2022-11-09T01:00:00.000Z,FIPSCode,48377,0,2022-11-12T20:49:17.660Z,8,98.98,8,100,62962,1025,61.97,62492,550,33.25,63492,79,4.78,1671,99,1654,4047,8,8
1668286267,2022-11-12 14:51:07 -0600,417a60847c4fedd3d658e580ab43511c49aec5d2,TX,48377,2,2022-11-09T01:00:00.000Z,FIPSCode,48377,0,2022-11-12T20:50:18.763Z,8,98.98,8,100,62962,1025,61.97,62492,550,33.25,63492,79,4.78,1671,99,1654,4047,8,8
1668286309,2022-11-12 14:51:49 -0600,1c6e4dbe1560996e88424487066d8d7bfe702387,TX,48377,2,2022-11-09T01:00:00.000Z,FIPSCode,48377,0,2022-11-12T20:51:18.696Z,8,98.98,8,100,62962,1025,61.97,62492,550,33.25,63492,79,4.78,1671,99,1654,4047,8,8
1668286351,2022-11-12 14:52:31 -0600,05085ccb204b9829202651d3f2b5c601dd182e70,TX,48377,2,2022-11-09T01:00:00.000Z,FIPSCode,48377,0,2022-11-12T20:52:16.596Z,8,98.98,8,100,62962,1025,61.97,62492,550,33.25,63492,79,4.78,1671,99,1654,4047,8,8
1668286393,2022-11-12 14:53:13 -0600,1508499153ac5be4eae67f40fcb2bdadd5c7a8ef,TX,48377,2,2022-11-09T01:00:00.000Z,FIPSCode,48377,0,2022-11-12T20:52:16.596Z,8,98.98,8,100,62962,1025,61.97,62492,550,33.25,63492,79,4.78,1671,99,1654,4047,8,8
1668286441,2022-11-12 14:54:01 -0600,bd055b545870a792f4be0fd457f25ba3d0860461,TX,48377,2,2022-11-09T01:00:00.000Z,FIPSCode,48377,0,2022-11-12T20:52:16.596Z,8,98.98,8,100,62962,1025,61.97,62492,550,33.25,63492,79,4.78,1671,99,1654,4047,8,8
1668286480,2022-11-12 14:54:40 -0600,9a76a7f5ba32b0be57ba848a227b1b2ecff63075,TX,48377,2,2022-11-09T01:00:00.000Z,FIPSCode,48377,0,2022-11-12T20:52:16.596Z,8,98.98,8,100,62962,1025,61.97,62492,550,33.25,63492,79,4.78,1671,99,1654,4047,8,8
1668286523,2022-11-12 14:55:23 -0600,6810b8a9eba5c78c94154fbeb722b1a0f5ed02da,TX,48377,2,2022-11-09T01:00:00.000Z,FIPSCode,48377,0,2022-11-12T20:52:16.596Z,8,98.98,8,100,62962,1025,61.97,62492,550,33.25,63492,79,4.78,1671,99,1654,4047,8,8
1668286564,2022-11-12 14:56:04 -0600,539e065f209a62c3152315d4aa00106a9fc346ba,TX,48377,2,2022-11-09T01:00:00.000Z,FIPSCode,48377,0,2022-11-12T20:52:16.596Z,8,98.98,8,100,62962,1025,61.97,62492,550,33.25,63492,79,4.78,1671,99,1654,4047,8,8
1668286609,2022-11-12 14:56:49 -0600,32dad2d7dd477352b30517a034a9d744ccdc407f,TX,48377,2,2022-11-09T01:00:00.000Z,FIPSCode,48377,0,2022-11-12T20:52:16.596Z,8,98.98,8,100,62962,1025,61.97,62492,550,33.25,63492,79,4.78,1671,99,1654,4047,8,8
1668286690,2022-11-12 14:58:10 -0600,83e45817f11bba35ae9d5c52f1c7ef077fe43bf2,TX,48377,2,2022-11-09T01:00:00.000Z,FIPSCode,48377,0,2022-11-12T20:52:16.596Z,8,98.98,8,100,62962,1025,61.97,62492,550,33.25,63492,79,4.78,1671,99,1654,4047,8,8
1668286733,2022-11-12 14:58:53 -0600,3cd9179dd4c9530b881a33a30c5e8dee5509df91,TX,48377,2,2022-11-09T01:00:00.000Z,FIPSCode,48377,0,2022-11-12T20:52:16.596Z,8,98.98,8,100,62962,1025,61.97,62492,550,33.25,63492,79,4.78,1671,99,1654,4047,8,8
1668286816,2022-11-12 15:00:16 -0600,7bd7d739af74177da42e3bb4c5a0fa508998eb6b,TX,48377,2,2022-11-09T01:00:00.000Z,FIPSCode,48377,0,2022-11-12T20:59:17.348Z,8,98.98,8,100,62962,1025,61.97,62492,550,33.25,63492,79,4.78,1671,99,1654,4047,8,8
1668286857,2022-11-12 15:00:57 -0600,8765874ddfaa85e85f1d4252babb2e293b0a7315,TX,48377,2,2022-11-09T01:00:00.000Z,FIPSCode,48377,0,2022-11-12T21:00:19.860Z,8,98.98,8,100,62962,1025,61.97,62492,550,33.25,63492,79,4.78,1671,99,1654,4047,8,8
1668286897,2022-11-12 15:01:37 -0600,a9d7bf8434f43d3d4afa6e27f8d9054806e29cd6,TX,48377,2,2022-11-09T01:00:00.000Z,FIPSCode,48377,0,2022-11-12T21:01:17.526Z,8,98.98,8,100,62962,1025,61.97,62492,550,33.25,63492,79,4.78,1671,99,1654,4047,8,8
1668286940,2022-11-12 15:02:20 -0600,4cf2e2c422bbc3c50f0c2fe4946140e966a354a1,TX,48377,2,2022-11-09T01:00:00.000Z,FIPSCode,48377,0,2022-11-12T21:01:17.526Z,8,98.98,8,100,62962,1025,61.97,62492,550,33.25,63492,79,4.78,1671,99,1654,4047,8,8
1668286980,2022-11-12 15:03:00 -0600,5e2801a448e713cefcbfa4dbc5eedc5d32cc4652,TX,48377,2,2022-11-09T01:00:00.000Z,FIPSCode,48377,0,2022-11-12T21:01:17.526Z,8,98.98,8,100,62962,1025,61.97,62492,550,33.25,63492,79,4.78,1671,99,1654,4047,8,8
1668287020,2022-11-12 15:03:40 -0600,d7c7469c5aeeee223ed218aada08cac0c9f3e4c9,TX,48377,2,2022-11-09T01:00:00.000Z,FIPSCode,48377,0,2022-11-12T21:01:17.526Z,8,98.98,8,100,62962,1025,61.97,62492,550,33.25,63492,79,4.78,1671,99,1654,4047,8,8
1668287060,2022-11-12 15:04:20 -0600,d34d0a38d01fa5c514c231d5c5ac905cee38bf24,TX,48377,2,2022-11-09T01:00:00.000Z,FIPSCode,48377,0,2022-11-12T21:01:17.526Z,8,98.98,8,100,62962,1025,61.97,62492,550,33.25,63492,79,4.78,1671,99,1654,4047,8,8
1668287102,2022-11-12 15:05:02 -0600,4eedbbde52daa4f1df3df896de71e0fa75887d03,TX,48377,2,2022-11-09T01:00:00.000Z,FIPSCode,48377,0,2022-11-12T21:01:17.526Z,8,98.98,8,100,62962,1025,61.97,62492,550,33.25,63492,79,4.78,1671,99,1654,4047,8,8
1668287222,2022-11-12 15:07:02 -0600,1b77b31e68d8cb88e3b56fad1af550f650b5c081,TX,48377,2,2022-11-09T01:00:00.000Z,FIPSCode,48377,0,2022-11-12T21:01:17.526Z,8,98.98,8,100,62962,1025,61.97,62492,550,33.25,63492,79,4.78,1671,99,1654,4047,8,8
1668287264,2022-11-12 15:07:44 -0600,3cceaf5d1d202b8feaa0840c04d228b647469ff1,TX,48377,2,2022-11-09T01:00:00.000Z,FIPSCode,48377,0,2022-11-12T21:01:17.526Z,8,98.98,8,100,62962,1025,61.97,62492,550,33.25,63492,79,4.78,1671,99,1654,4047,8,8
1668287304,2022-11-12 15:08:24 -0600,3ff0acb8fb7f18a7ab1ac582589e5a7a813fcf42,TX,48377,2,2022-11-09T01:00:00.000Z,FIPSCode,48377,0,2022-11-12T21:01:17.526Z,8,98.98,8,100,62962,1025,61.97,62492,550,33.25,63492,79,4.78,1671,99,1654,4047,8,8
1668287345,2022-11-12 15:09:05 -0600,802fd112344a64f551956f355fda92e3543f69e1,TX,48377,2,2022-11-09T01:00:00.000Z,FIPSCode,48377,0,2022-11-12T21:01:17.526Z,8,98.98,8,100,62962,1025,61.97,62492,550,33.25,63492,79,4.78,1671,99,1654,4047,8,8
1668287384,2022-11-12 15:09:44 -0600,721e5a608029a07df1cbc875529b40a6e6b03c14,TX,48377,2,2022-11-09T01:00:00.000Z,FIPSCode,48377,0,2022-11-12T21:09:16.612Z,8,98.98,8,100,62962,1025,61.97,62492,550,33.25,63492,79,4.78,1671,99,1654,4047,8,8
1668287426,2022-11-12 15:10:26 -0600,a464cb8169ca1b87fc4cccf3d8b23a1354346436,TX,48377,2,2022-11-09T01:00:00.000Z,FIPSCode,48377,0,2022-11-12T21:09:16.612Z,8,98.98,8,100,62962,1025,61.97,62492,550,33.25,63492,79,4.78,1671,99,1654,4047,8,8
1668287466,2022-11-12 15:11:06 -0600,ed1a21069b64cc72bb0488294e8d98783bfe43d0,TX,48377,2,2022-11-09T01:00:00.000Z,FIPSCode,48377,0,2022-11-12T21:10:19.988Z,8,98.98,8,100,62962,1025,61.97,62492,550,33.25,63492,79,4.78,1671,99,1654,4047,8,8
1668287507,2022-11-12 15:11:47 -0600,7404211e6f18d28b15ea4a0bcfad42897cb32c90,TX,48377,2,2022-11-09T01:00:00.000Z,FIPSCode,48377,0,2022-11-12T21:11:16.249Z,8,98.98,8,100,62962,1025,61.97,62492,550,33.25,63492,79,4.78,1671,99,1654,4047,8,8
1668287546,2022-11-12 15:12:26 -0600,3bac96a82a5bd4690b896c033fa058c857030b38,TX,48377,2,2022-11-09T01:00:00.000Z,FIPSCode,48377,0,2022-11-12T21:11:16.249Z,8,98.98,8,100,62962,1025,61.97,62492,550,33.25,63492,79,4.78,1671,99,1654,4047,8,8
1668287587,2022-11-12 15:13:07 -0600,ac8093e153249dc378244685d9d990d3c48053ad,TX,48377,2,2022-11-09T01:00:00.000Z,FIPSCode,48377,0,2022-11-12T21:11:16.249Z,8,98.98,8,100,62962,1025,61.97,62492,550,33.25,63492,79,4.78,1671,99,1654,4047,8,8
1668287628,2022-11-12 15:13:48 -0600,ea1307a83b3b3ef0452cc8caa46d771e8b512285,TX,48377,2,2022-11-09T01:00:00.000Z,FIPSCode,48377,0,2022-11-12T21:11:16.249Z,8,98.98,8,100,62962,1025,61.97,62492,550,33.25,63492,79,4.78,1671,99,1654,4047,8,8
1668287667,2022-11-12 15:14:27 -0600,c4411045be4d0f1d2e62e840288402ca4fbe8922,TX,48377,2,2022-11-09T01:00:00.000Z,FIPSCode,48377,0,2022-11-12T21:11:16.249Z,8,98.98,8,100,62962,1025,61.97,62492,550,33.25,63492,79,4.78,1671,99,1654,4047,8,8
1668287710,2022-11-12 15:15:10 -0600,e27ddd3ba6d75918cfb657d5b17996a3d9078654,TX,48377,2,2022-11-09T01:00:00.000Z,FIPSCode,48377,0,2022-11-12T21:11:16.249Z,8,98.98,8,100,62962,1025,61.97,62492,550,33.25,63492,79,4.78,1671,99,1654,4047,8,8
1668287750,2022-11-12 15:15:50 -0600,a67d5ccab48702354b90163fd1fa54eadc7cef29,TX,48377,2,2022-11-09T01:00:00.000Z,FIPSCode,48377,0,2022-11-12T21:11:16.249Z,8,98.98,8,100,62962,1025,61.97,62492,550,33.25,63492,79,4.78,1671,99,1654,4047,8,8
1668287791,2022-11-12 15:16:31 -0600,a2cb6958a3c5f0cbe2a802427e734a699c4dd513,TX,48377,2,2022-11-09T01:00:00.000Z,FIPSCode,48377,0,2022-11-12T21:11:16.249Z,8,98.98,8,100,62962,1025,61.97,62492,550,33.25,63492,79,4.78,1671,99,1654,4047,8,8
1668287833,2022-11-12 15:17:13 -0600,082e4609a79504d8a7a5abae6aeb7ff645dc5d6a,TX,48377,2,2022-11-09T01:00:00.000Z,FIPSCode,48377,0,2022-11-12T21:16:38.432Z,8,98.98,8,100,62962,1025,61.97,62492,550,33.25,63492,79,4.78,1671,99,1654,4047,8,8
1668287875,2022-11-12 15:17:55 -0600,e262040cdd4746521d72eb8e44df62e74308f4d9,TX,48377,2,2022-11-09T01:00:00.000Z,FIPSCode,48377,0,2022-11-12T21:17:20.706Z,8,98.98,8,100,62962,1025,61.97,62492,550,33.25,63492,79,4.78,1671,99,1654,4047,8,8
1668287916,2022-11-12 15:18:36 -0600,8f5a08ca94bd414b3239945d9aa12e33a44ae53e,TX,48377,2,2022-11-09T01:00:00.000Z,FIPSCode,48377,0,2022-11-12T21:18:18.825Z,8,98.98,8,100,62962,1025,61.97,62492,550,33.25,63492,79,4.78,1671,99,1654,4047,8,8
1668287960,2022-11-12 15:19:20 -0600,b871d0eabe701fb4c8469429dd83e638cecb580a,TX,48377,2,2022-11-09T01:00:00.000Z,FIPSCode,48377,0,2022-11-12T21:18:18.825Z,8,98.98,8,100,62962,1025,61.97,62492,550,33.25,63492,79,4.78,1671,99,1654,4047,8,8
1668288002,2022-11-12 15:20:02 -0600,49c6168533c650a21fbcca7ff220229d46f9ceba,TX,48377,2,2022-11-09T01:00:00.000Z,FIPSCode,48377,0,2022-11-12T21:19:16.559Z,8,98.98,8,100,62962,1025,61.97,62492,550,33.25,63492,79,4.78,1671,99,1654,4047,8,8
1668288086,2022-11-12 15:21:26 -0600,bb16a59127594d73eba826e7df8c5e6ae772aa96,TX,48377,2,2022-11-09T01:00:00.000Z,FIPSCode,48377,0,2022-11-12T21:19:16.559Z,8,98.98,8,100,62962,1025,61.97,62492,550,33.25,63492,79,4.78,1671,99,1654,4047,8,8
1668288127,2022-11-12 15:22:07 -0600,e6c8e8835a172e6aa5c64872e5eddf68a0651680,TX,48377,2,2022-11-09T01:00:00.000Z,FIPSCode,48377,0,2022-11-12T21:19:16.559Z,8,98.98,8,100,62962,1025,61.97,62492,550,33.25,63492,79,4.78,1671,99,1654,4047,8,8
1668288168,2022-11-12 15:22:48 -0600,357366b230bd36f655df2f6a844006f6c892b563,TX,48377,2,2022-11-09T01:00:00.000Z,FIPSCode,48377,0,2022-11-12T21:19:16.559Z,8,98.98,8,100,62962,1025,61.97,62492,550,33.25,63492,79,4.78,1671,99,1654,4047,8,8
1668288209,2022-11-12 15:23:29 -0600,93c2c9cfe14de58bf9269f4b872c96faba049385,TX,48377,2,2022-11-09T01:00:00.000Z,FIPSCode,48377,0,2022-11-12T21:19:16.559Z,8,98.98,8,100,62962,1025,61.97,62492,550,33.25,63492,79,4.78,1671,99,1654,4047,8,8
1668288251,2022-11-12 15:24:11 -0600,bee2fe63fd74e01562c860f0aed3c6c6432c24e8,TX,48377,2,2022-11-09T01:00:00.000Z,FIPSCode,48377,0,2022-11-12T21:19:16.559Z,8,98.98,8,100,62962,1025,61.97,62492,550,33.25,63492,79,4.78,1671,99,1654,4047,8,8
1668288292,2022-11-12 15:24:52 -0600,3e5059321a8e6743892529b45d7481b64561ecae,TX,48377,2,2022-11-09T01:00:00.000Z,FIPSCode,48377,0,2022-11-12T21:19:16.559Z,8,98.98,8,100,62962,1025,61.97,62492,550,33.25,63492,79,4.78,1671,99,1654,4047,8,8
1668288374,2022-11-12 15:26:14 -0600,159540b951064e34e0698e1863dd7f95f69abf35,TX,48377,2,2022-11-09T01:00:00.000Z,FIPSCode,48377,0,2022-11-12T21:19:16.559Z,8,98.98,8,100,62962,1025,61.97,62492,550,33.25,63492,79,4.78,1671,99,1654,4047,8,8
1668288414,2022-11-12 15:26:54 -0600,7edc74a1ffa12a5715cc9905da276da7c50abc87,TX,48377,2,2022-11-09T01:00:00.000Z,FIPSCode,48377,0,2022-11-12T21:19:16.559Z,8,98.98,8,100,62962,1025,61.97,62492,550,33.25,63492,79,4.78,1671,99,1654,4047,8,8
1668288456,2022-11-12 15:27:36 -0600,23b4ea826253784e242612d2f593d1dc2c80363e,TX,48377,2,2022-11-09T01:00:00.000Z,FIPSCode,48377,0,2022-11-12T21:19:16.559Z,8,98.98,8,100,62962,1025,61.97,62492,550,33.25,63492,79,4.78,1671,99,1654,4047,8,8
1668288499,2022-11-12 15:28:19 -0600,a67dc085ab037258316ca92cd347a36d2d2e9ef4,TX,48377,2,2022-11-09T01:00:00.000Z,FIPSCode,48377,0,2022-11-12T21:19:16.559Z,8,98.98,8,100,62962,1025,61.97,62492,550,33.25,63492,79,4.78,1671,99,1654,4047,8,8
1668288541,2022-11-12 15:29:01 -0600,39f9b5803895dd03144143da5597861e9c117f41,TX,48377,2,2022-11-09T01:00:00.000Z,FIPSCode,48377,0,2022-11-12T21:19:16.559Z,8,98.98,8,100,62962,1025,61.97,62492,550,33.25,63492,79,4.78,1671,99,1654,4047,8,8
1668288582,2022-11-12 15:29:42 -0600,82bc8ca4807402f287a909db2c0c7703b01d15c2,TX,48377,2,2022-11-09T01:00:00.000Z,FIPSCode,48377,0,2022-11-12T21:19:16.559Z,8,98.98,8,100,62962,1025,61.97,62492,550,33.25,63492,79,4.78,1671,99,1654,4047,8,8
1668288623,2022-11-12 15:30:23 -0600,16f82022fcd298229217decf694c3d7794d0fcaa,TX,48377,2,2022-11-09T01:00:00.000Z,FIPSCode,48377,0,2022-11-12T21:19:16.559Z,8,98.98,8,100,62962,1025,61.97,62492,550,33.25,63492,79,4.78,1671,99,1654,4047,8,8
1668288663,2022-11-12 15:31:03 -0600,5b7c50229b38b59b84a961c48a4e3639ca6bdeae,TX,48377,2,2022-11-09T01:00:00.000Z,FIPSCode,48377,0,2022-11-12T21:19:16.559Z,8,98.98,8,100,62962,1025,61.97,62492,550,33.25,63492,79,4.78,1671,99,1654,4047,8,8
1668288705,2022-11-12 15:31:45 -0600,0f531a0e6e85aa081c9c768c157fa8df84624eb9,TX,48377,2,2022-11-09T01:00:00.000Z,FIPSCode,48377,0,2022-11-12T21:19:16.559Z,8,98.98,8,100,62962,1025,61.97,62492,550,33.25,63492,79,4.78,1671,99,1654,4047,8,8
1668288785,2022-11-12 15:33:05 -0600,961f9bbb59890cf8552824297bcb38cdfb772277,TX,48377,2,2022-11-09T01:00:00.000Z,FIPSCode,48377,0,2022-11-12T21:19:16.559Z,8,98.98,8,100,62962,1025,61.97,62492,550,33.25,63492,79,4.78,1671,99,1654,4047,8,8
1668288827,2022-11-12 15:33:47 -0600,5f687a603d80a943332b6a91ef6d40c34d1e396e,TX,48377,2,2022-11-09T01:00:00.000Z,FIPSCode,48377,0,2022-11-12T21:19:16.559Z,8,98.98,8,100,62962,1025,61.97,62492,550,33.25,63492,79,4.78,1671,99,1654,4047,8,8
1668288867,2022-11-12 15:34:27 -0600,0d6bdb8885f33179a81dbc7a2ab4e33d48ffb045,TX,48377,2,2022-11-09T01:00:00.000Z,FIPSCode,48377,0,2022-11-12T21:19:16.559Z,8,98.98,8,100,62962,1025,61.97,62492,550,33.25,63492,79,4.78,1671,99,1654,4047,8,8
1668288909,2022-11-12 15:35:09 -0600,a4402ac11138be89cda101771c691e82375fe495,TX,48377,2,2022-11-09T01:00:00.000Z,FIPSCode,48377,0,2022-11-12T21:34:36.966Z,8,98.98,8,100,62962,1025,61.97,62492,550,33.25,63492,79,4.78,1671,99,1654,4047,8,8
1668288949,2022-11-12 15:35:49 -0600,e219681c71e740a32343baf97fe02c108b3b6a16,TX,48377,2,2022-11-09T01:00:00.000Z,FIPSCode,48377,0,2022-11-12T21:35:19.562Z,8,98.98,8,100,62962,1025,61.97,62492,550,33.25,63492,79,4.78,1671,99,1654,4047,8,8
1668288991,2022-11-12 15:36:31 -0600,fde9a1d25ee73ff1556410d28ced4f8c6cc061af,TX,48377,2,2022-11-09T01:00:00.000Z,FIPSCode,48377,0,2022-11-12T21:35:19.562Z,8,98.98,8,100,62962,1025,61.97,62492,550,33.25,63492,79,4.78,1671,99,1654,4047,8,8
1668289032,2022-11-12 15:37:12 -0600,e15351964fa714780731728724c8e67ce9694660,TX,48377,2,2022-11-09T01:00:00.000Z,FIPSCode,48377,0,2022-11-12T21:35:19.562Z,8,98.98,8,100,62962,1025,61.97,62492,550,33.25,63492,79,4.78,1671,99,1654,4047,8,8
1668289074,2022-11-12 15:37:54 -0600,923c60229d762343e9ce68255ff531a73c252e44,TX,48377,2,2022-11-09T01:00:00.000Z,FIPSCode,48377,0,2022-11-12T21:37:17.447Z,8,98.98,8,100,62962,1025,61.97,62492,550,33.25,63492,79,4.78,1671,99,1654,4047,8,8
1668289115,2022-11-12 15:38:35 -0600,8839fd05bb9c3501246dc99ffaab56af0e5a0ed3,TX,48377,2,2022-11-09T01:00:00.000Z,FIPSCode,48377,0,2022-11-12T21:38:16.746Z,8,98.98,8,100,62962,1025,61.97,62492,550,33.25,63492,79,4.78,1671,99,1654,4047,8,8
1668289198,2022-11-12 15:39:58 -0600,3252cae45714bf8de3559fc4acd392ae85e34ef9,TX,48377,2,2022-11-09T01:00:00.000Z,FIPSCode,48377,0,2022-11-12T21:39:16.860Z,8,98.98,8,100,62962,1025,61.97,62492,550,33.25,63492,79,4.78,1671,99,1654,4047,8,8
1668289238,2022-11-12 15:40:38 -0600,f78f063e96c7640bb98c67dfbfd862eb57f1be46,TX,48377,2,2022-11-09T01:00:00.000Z,FIPSCode,48377,0,2022-11-12T21:39:16.860Z,8,98.98,8,100,62962,1025,61.97,62492,550,33.25,63492,79,4.78,1671,99,1654,4047,8,8
1668289322,2022-11-12 15:42:02 -0600,d6725e41f37f6998573bb3a5b2ef54193e92c186,TX,48377,2,2022-11-09T01:00:00.000Z,FIPSCode,48377,0,2022-11-12T21:39:16.860Z,8,98.98,8,100,62962,1025,61.97,62492,550,33.25,63492,79,4.78,1671,99,1654,4047,8,8
1668289363,2022-11-12 15:42:43 -0600,52a7495f8cec74388ff5168da372b031ef795083,TX,48377,2,2022-11-09T01:00:00.000Z,FIPSCode,48377,0,2022-11-12T21:39:16.860Z,8,98.98,8,100,62962,1025,61.97,62492,550,33.25,63492,79,4.78,1671,99,1654,4047,8,8
1668289446,2022-11-12 15:44:06 -0600,26d1387c11035f25f641a9b3771d34638b122354,TX,48377,2,2022-11-09T01:00:00.000Z,FIPSCode,48377,0,2022-11-12T21:39:16.860Z,8,98.98,8,100,62962,1025,61.97,62492,550,33.25,63492,79,4.78,1671,99,1654,4047,8,8
1668289528,2022-11-12 15:45:28 -0600,40008777e59d33c03a9ef8ed8a8331f219c72bc4,TX,48377,2,2022-11-09T01:00:00.000Z,FIPSCode,48377,0,2022-11-12T21:39:16.860Z,8,98.98,8,100,62962,1025,61.97,62492,550,33.25,63492,79,4.78,1671,99,1654,4047,8,8
1668289570,2022-11-12 15:46:10 -0600,49fa666431dafebdd5c3aa9cdf20c6905a1371d5,TX,48377,2,2022-11-09T01:00:00.000Z,FIPSCode,48377,0,2022-11-12T21:39:16.860Z,8,98.98,8,100,62962,1025,61.97,62492,550,33.25,63492,79,4.78,1671,99,1654,4047,8,8
1668289612,2022-11-12 15:46:52 -0600,013307158fdbff06eba815ab8ad88116daecb28c,TX,48377,2,2022-11-09T01:00:00.000Z,FIPSCode,48377,0,2022-11-12T21:39:16.860Z,8,98.98,8,100,62962,1025,61.97,62492,550,33.25,63492,79,4.78,1671,99,1654,4047,8,8
1668289653,2022-11-12 15:47:33 -0600,ab43be662e50bd74cfde9d8864d223c667ec1c7d,TX,48377,2,2022-11-09T01:00:00.000Z,FIPSCode,48377,0,2022-11-12T21:39:16.860Z,8,98.98,8,100,62962,1025,61.97,62492,550,33.25,63492,79,4.78,1671,99,1654,4047,8,8
1668289694,2022-11-12 15:48:14 -0600,d33c87e8d246bfc9af8e944cec0867d7bda12058,TX,48377,2,2022-11-09T01:00:00.000Z,FIPSCode,48377,0,2022-11-12T21:39:16.860Z,8,98.98,8,100,62962,1025,61.97,62492,550,33.25,63492,79,4.78,1671,99,1654,4047,8,8
1668289735,2022-11-12 15:48:55 -0600,95bbcc242c3d8400cef7c0b1fcf5a8924072c7ca,TX,48377,2,2022-11-09T01:00:00.000Z,FIPSCode,48377,0,2022-11-12T21:39:16.860Z,8,98.98,8,100,62962,1025,61.97,62492,550,33.25,63492,79,4.78,1671,99,1654,4047,8,8
1668289776,2022-11-12 15:49:36 -0600,6317ad51e35852b20aa5cbba88bcc07f2677979d,TX,48377,2,2022-11-09T01:00:00.000Z,FIPSCode,48377,0,2022-11-12T21:39:16.860Z,8,98.98,8,100,62962,1025,61.97,62492,550,33.25,63492,79,4.78,1671,99,1654,4047,8,8
1668289816,2022-11-12 15:50:16 -0600,4e35911585a6dc1b36de8863a9e7cf721bb38b5b,TX,48377,2,2022-11-09T01:00:00.000Z,FIPSCode,48377,0,2022-11-12T21:39:16.860Z,8,98.98,8,100,62962,1025,61.97,62492,550,33.25,63492,79,4.78,1671,99,1654,4047,8,8
1668289857,2022-11-12 15:50:57 -0600,98ad97a982a69966e64e6ade21613b3cd219d359,TX,48377,2,2022-11-09T01:00:00.000Z,FIPSCode,48377,0,2022-11-12T21:39:16.860Z,8,98.98,8,100,62962,1025,61.97,62492,550,33.25,63492,79,4.78,1671,99,1654,4047,8,8
1668289897,2022-11-12 15:51:37 -0600,0303868c01cca7396c462c6856932d46e510297a,TX,48377,2,2022-11-09T01:00:00.000Z,FIPSCode,48377,0,2022-11-12T21:39:16.860Z,8,98.98,8,100,62962,1025,61.97,62492,550,33.25,63492,79,4.78,1671,99,1654,4047,8,8
1668289939,2022-11-12 15:52:19 -0600,cc860608d31192e06fa564a7025992989c3c6055,TX,48377,2,2022-11-09T01:00:00.000Z,FIPSCode,48377,0,2022-11-12T21:39:16.860Z,8,98.98,8,100,62962,1025,61.97,62492,550,33.25,63492,79,4.78,1671,99,1654,4047,8,8
1668289981,2022-11-12 15:53:01 -0600,3564bbecfd940398fca0d6c1401ba8f505bdd1d9,TX,48377,2,2022-11-09T01:00:00.000Z,FIPSCode,48377,0,2022-11-12T21:52:37.225Z,8,98.98,8,100,62962,1025,61.97,62492,550,33.25,63492,79,4.78,1671,99,1654,4047,8,8
1668290021,2022-11-12 15:53:41 -0600,82fd936de9dc0302c559865db9e4e4f848641e86,TX,48377,2,2022-11-09T01:00:00.000Z,FIPSCode,48377,0,2022-11-12T21:53:17.114Z,8,98.98,8,100,62962,1025,61.97,62492,550,33.25,63492,79,4.78,1671,99,1654,4047,8,8
1668290063,2022-11-12 15:54:23 -0600,006d477ea839545f3bfcea0098870bfd7e935f51,TX,48377,2,2022-11-09T01:00:00.000Z,FIPSCode,48377,0,2022-11-12T21:53:17.114Z,8,98.98,8,100,62962,1025,61.97,62492,550,33.25,63492,79,4.78,1671,99,1654,4047,8,8
1668290103,2022-11-12 15:55:03 -0600,487f9b605c5dc75661accd41424c9b30b7b6469a,TX,48377,2,2022-11-09T01:00:00.000Z,FIPSCode,48377,0,2022-11-12T21:54:17.576Z,8,98.98,8,100,62962,1025,61.97,62492,550,33.25,63492,79,4.78,1671,99,1654,4047,8,8
1668290145,2022-11-12 15:55:45 -0600,de4c9bf32a99985ce6e21bd9f8601bd507aa6bc5,TX,48377,2,2022-11-09T01:00:00.000Z,FIPSCode,48377,0,2022-11-12T21:55:18.759Z,8,98.98,8,100,62962,1025,61.97,62492,550,33.25,63492,79,4.78,1671,99,1654,4047,8,8
1668290185,2022-11-12 15:56:25 -0600,4f3e1090db77be7102228c81f0c8493d826e4c75,TX,48377,2,2022-11-09T01:00:00.000Z,FIPSCode,48377,0,2022-11-12T21:55:18.759Z,8,98.98,8,100,62962,1025,61.97,62492,550,33.25,63492,79,4.78,1671,99,1654,4047,8,8
1668290227,2022-11-12 15:57:07 -0600,58ef347cfdeb7854cd08a0560effa5e226073f94,TX,48377,2,2022-11-09T01:00:00.000Z,FIPSCode,48377,0,2022-11-12T21:55:18.759Z,8,98.98,8,100,62962,1025,61.97,62492,550,33.25,63492,79,4.78,1671,99,1654,4047,8,8
1668290267,2022-11-12 15:57:47 -0600,104784751836ae730f948f801f13b3d56a3654d8,TX,48377,2,2022-11-09T01:00:00.000Z,FIPSCode,48377,0,2022-11-12T21:55:18.759Z,8,98.98,8,100,62962,1025,61.97,62492,550,33.25,63492,79,4.78,1671,99,1654,4047,8,8
1668290308,2022-11-12 15:58:28 -0600,3e3517a6168194de93c16fa0bc99e3c475764c85,TX,48377,2,2022-11-09T01:00:00.000Z,FIPSCode,48377,0,2022-11-12T21:57:38.215Z,8,98.98,8,100,62962,1025,61.97,62492,550,33.25,63492,79,4.78,1671,99,1654,4047,8,8
1668290349,2022-11-12 15:59:09 -0600,865d68d7d7233f6c27d23eaa290d3283c6043e9c,TX,48377,2,2022-11-09T01:00:00.000Z,FIPSCode,48377,0,2022-11-12T21:58:41.856Z,8,98.98,8,100,62962,1025,61.97,62492,550,33.25,63492,79,4.78,1671,99,1654,4047,8,8
1668290389,2022-11-12 15:59:49 -0600,c9ba11a5ca36ea8f32489712e55d2e5d523bc7c6,TX,48377,2,2022-11-09T01:00:00.000Z,FIPSCode,48377,0,2022-11-12T21:59:19.400Z,8,98.98,8,100,62962,1025,61.97,62492,550,33.25,63492,79,4.78,1671,99,1654,4047,8,8
1668290430,2022-11-12 16:00:30 -0600,eb9071204fc35dbf26994fa12e5442ced9f4eab5,TX,48377,2,2022-11-09T01:00:00.000Z,FIPSCode,48377,0,2022-11-12T21:59:19.400Z,8,98.98,8,100,62962,1025,61.97,62492,550,33.25,63492,79,4.78,1671,99,1654,4047,8,8
1668290471,2022-11-12 16:01:11 -0600,64105f447d683ddf1509f081fab696e4667838f2,TX,48377,2,2022-11-09T01:00:00.000Z,FIPSCode,48377,0,2022-11-12T22:00:19.948Z,8,98.98,8,100,62962,1025,61.97,62492,550,33.25,63492,79,4.78,1671,99,1654,4047,8,8
1668290512,2022-11-12 16:01:52 -0600,b8554d5ce08476786963b8abe01dc6f446c407a8,TX,48377,2,2022-11-09T01:00:00.000Z,FIPSCode,48377,0,2022-11-12T22:00:19.948Z,8,98.98,8,100,62962,1025,61.97,62492,550,33.25,63492,79,4.78,1671,99,1654,4047,8,8
1668290553,2022-11-12 16:02:33 -0600,9f25425c75b38971a39555bfe607efa732f8358a,TX,48377,2,2022-11-09T01:00:00.000Z,FIPSCode,48377,0,2022-11-12T22:00:19.948Z,8,98.98,8,100,62962,1025,61.97,62492,550,33.25,63492,79,4.78,1671,99,1654,4047,8,8
1668290594,2022-11-12 16:03:14 -0600,023917aae0f1a862170f64eab7f031768e6f5df3,TX,48377,2,2022-11-09T01:00:00.000Z,FIPSCode,48377,0,2022-11-12T22:00:19.948Z,8,98.98,8,100,62962,1025,61.97,62492,550,33.25,63492,79,4.78,1671,99,1654,4047,8,8
1668290635,2022-11-12 16:03:55 -0600,f0d15d94dd097d8195082faec5509302768fc333,TX,48377,2,2022-11-09T01:00:00.000Z,FIPSCode,48377,0,2022-11-12T22:00:19.948Z,8,98.98,8,100,62962,1025,61.97,62492,550,33.25,63492,79,4.78,1671,99,1654,4047,8,8
1668290676,2022-11-12 16:04:36 -0600,31ce71292b5e53b453daf12be8460110cd44e90c,TX,48377,2,2022-11-09T01:00:00.000Z,FIPSCode,48377,0,2022-11-12T22:00:19.948Z,8,98.98,8,100,62962,1025,61.97,62492,550,33.25,63492,79,4.78,1671,99,1654,4047,8,8
1668290717,2022-11-12 16:05:17 -0600,79f95b9d293f6d96bb1d3b62054892d01e8a73c1,TX,48377,2,2022-11-09T01:00:00.000Z,FIPSCode,48377,0,2022-11-12T22:00:19.948Z,8,98.98,8,100,62962,1025,61.97,62492,550,33.25,63492,79,4.78,1671,99,1654,4047,8,8
1668290758,2022-11-12 16:05:58 -0600,2718f8c438e0e5bc68d01fffda9aeba23b284755,TX,48377,2,2022-11-09T01:00:00.000Z,FIPSCode,48377,0,2022-11-12T22:00:19.948Z,8,98.98,8,100,62962,1025,61.97,62492,550,33.25,63492,79,4.78,1671,99,1654,4047,8,8
1668290798,2022-11-12 16:06:38 -0600,50db4446ee42264879cdc3f60a1d1da68385fb14,TX,48377,2,2022-11-09T01:00:00.000Z,FIPSCode,48377,0,2022-11-12T22:00:19.948Z,8,98.98,8,100,62962,1025,61.97,62492,550,33.25,63492,79,4.78,1671,99,1654,4047,8,8
1668290839,2022-11-12 16:07:19 -0600,9c89f3621ceb24d11d8f14074e8b92c420c1560a,TX,48377,2,2022-11-09T01:00:00.000Z,FIPSCode,48377,0,2022-11-12T22:00:19.948Z,8,98.98,8,100,62962,1025,61.97,62492,550,33.25,63492,79,4.78,1671,99,1654,4047,8,8
1668290881,2022-11-12 16:08:01 -0600,a68ae7d5be01c7e29b5623bbde729ec6632dc3d7,TX,48377,2,2022-11-09T01:00:00.000Z,FIPSCode,48377,0,2022-11-12T22:00:19.948Z,8,98.98,8,100,62962,1025,61.97,62492,550,33.25,63492,79,4.78,1671,99,1654,4047,8,8
1668290922,2022-11-12 16:08:42 -0600,0edfc4dff04e8b1d980040993ab962daf46e7102,TX,48377,2,2022-11-09T01:00:00.000Z,FIPSCode,48377,0,2022-11-12T22:00:19.948Z,8,98.98,8,100,62962,1025,61.97,62492,550,33.25,63492,79,4.78,1671,99,1654,4047,8,8
1668290962,2022-11-12 16:09:22 -0600,1ea8a4144ccdd00429ad032add38fed8b82e6c88,TX,48377,2,2022-11-09T01:00:00.000Z,FIPSCode,48377,0,2022-11-12T22:00:19.948Z,8,98.98,8,100,62962,1025,61.97,62492,550,33.25,63492,79,4.78,1671,99,1654,4047,8,8
1668291002,2022-11-12 16:10:02 -0600,c162f244bac542fb484720e3f2ce20423b66a895,TX,48377,2,2022-11-09T01:00:00.000Z,FIPSCode,48377,0,2022-11-12T22:00:19.948Z,8,98.98,8,100,62962,1025,61.97,62492,550,33.25,63492,79,4.78,1671,99,1654,4047,8,8
1668291043,2022-11-12 16:10:43 -0600,9a64cebbe071e26229867632d33454976547e23d,TX,48377,2,2022-11-09T01:00:00.000Z,FIPSCode,48377,0,2022-11-12T22:00:19.948Z,8,98.98,8,100,62962,1025,61.97,62492,550,33.25,63492,79,4.78,1671,99,1654,4047,8,8
1668291086,2022-11-12 16:11:26 -0600,aa24e493233be3a1547b27d887388ddb7ac90194,TX,48377,2,2022-11-09T01:00:00.000Z,FIPSCode,48377,0,2022-11-12T22:00:19.948Z,8,98.98,8,100,62962,1025,61.97,62492,550,33.25,63492,79,4.78,1671,99,1654,4047,8,8
1668291127,2022-11-12 16:12:07 -0600,6c4661ebcb3edda1fdeb61093b20a846712c489c,TX,48377,2,2022-11-09T01:00:00.000Z,FIPSCode,48377,0,2022-11-12T22:00:19.948Z,8,98.98,8,100,62962,1025,61.97,62492,550,33.25,63492,79,4.78,1671,99,1654,4047,8,8
1668291167,2022-11-12 16:12:47 -0600,353246a15cdc23d99fd5210080e1d5096d378205,TX,48377,2,2022-11-09T01:00:00.000Z,FIPSCode,48377,0,2022-11-12T22:00:19.948Z,8,98.98,8,100,62962,1025,61.97,62492,550,33.25,63492,79,4.78,1671,99,1654,4047,8,8
1668291290,2022-11-12 16:14:50 -0600,42118b881935f2e431de4d864e2fcbbf70041735,TX,48377,2,2022-11-09T01:00:00.000Z,FIPSCode,48377,0,2022-11-12T22:00:19.948Z,8,98.98,8,100,62962,1025,61.97,62492,550,33.25,63492,79,4.78,1671,99,1654,4047,8,8
1668291373,2022-11-12 16:16:13 -0600,ae25c46f997f7615da6b79efcdc939452573643c,TX,48377,2,2022-11-09T01:00:00.000Z,FIPSCode,48377,0,2022-11-12T22:00:19.948Z,8,98.98,8,100,62962,1025,61.97,62492,550,33.25,63492,79,4.78,1671,99,1654,4047,8,8
1668291414,2022-11-12 16:16:54 -0600,35b2c745cb2a24254cd34ea4f1ff1401082acb49,TX,48377,2,2022-11-09T01:00:00.000Z,FIPSCode,48377,0,2022-11-12T22:00:19.948Z,8,98.98,8,100,62962,1025,61.97,62492,550,33.25,63492,79,4.78,1671,99,1654,4047,8,8
1668291496,2022-11-12 16:18:16 -0600,98f212cc206220af03615af73030addbc8a8a9cb,TX,48377,2,2022-11-09T01:00:00.000Z,FIPSCode,48377,0,2022-11-12T22:00:19.948Z,8,98.98,8,100,62962,1025,61.97,62492,550,33.25,63492,79,4.78,1671,99,1654,4047,8,8
1668291537,2022-11-12 16:18:57 -0600,f412a1db05e6012381254339c672b85ba03ccfec,TX,48377,2,2022-11-09T01:00:00.000Z,FIPSCode,48377,0,2022-11-12T22:00:19.948Z,8,98.98,8,100,62962,1025,61.97,62492,550,33.25,63492,79,4.78,1671,99,1654,4047,8,8
1668291578,2022-11-12 16:19:38 -0600,8e994ed0dee004cbbd40117484830b685da0687f,TX,48377,2,2022-11-09T01:00:00.000Z,FIPSCode,48377,0,2022-11-12T22:00:19.948Z,8,98.98,8,100,62962,1025,61.97,62492,550,33.25,63492,79,4.78,1671,99,1654,4047,8,8
1668291619,2022-11-12 16:20:19 -0600,c61281ac40032b444c84eec01b4effe5c7ec66d2,TX,48377,2,2022-11-09T01:00:00.000Z,FIPSCode,48377,0,2022-11-12T22:00:19.948Z,8,98.98,8,100,62962,1025,61.97,62492,550,33.25,63492,79,4.78,1671,99,1654,4047,8,8
1668291661,2022-11-12 16:21:01 -0600,be30f71f8742e6ed7d4a1d985ebfe5ae2d354ee1,TX,48377,2,2022-11-09T01:00:00.000Z,FIPSCode,48377,0,2022-11-12T22:00:19.948Z,8,98.98,8,100,62962,1025,61.97,62492,550,33.25,63492,79,4.78,1671,99,1654,4047,8,8
1668291702,2022-11-12 16:21:42 -0600,2f21e87c20505692fca9757e6771fba1ea712b6e,TX,48377,2,2022-11-09T01:00:00.000Z,FIPSCode,48377,0,2022-11-12T22:00:19.948Z,8,98.98,8,100,62962,1025,61.97,62492,550,33.25,63492,79,4.78,1671,99,1654,4047,8,8
1668291743,2022-11-12 16:22:23 -0600,a5a0bb10d06b1c2a2f95039f342ee47725e4d9e1,TX,48377,2,2022-11-09T01:00:00.000Z,FIPSCode,48377,0,2022-11-12T22:00:19.948Z,8,98.98,8,100,62962,1025,61.97,62492,550,33.25,63492,79,4.78,1671,99,1654,4047,8,8
1668291785,2022-11-12 16:23:05 -0600,0d849f50c909d466a92b7a8b634503bf2e37656c,TX,48377,2,2022-11-09T01:00:00.000Z,FIPSCode,48377,0,2022-11-12T22:00:19.948Z,8,98.98,8,100,62962,1025,61.97,62492,550,33.25,63492,79,4.78,1671,99,1654,4047,8,8
1668291828,2022-11-12 16:23:48 -0600,fb6a01a6c99354ae3a3d426dd0255bd67348e53c,TX,48377,2,2022-11-09T01:00:00.000Z,FIPSCode,48377,0,2022-11-12T22:00:19.948Z,8,98.98,8,100,62962,1025,61.97,62492,550,33.25,63492,79,4.78,1671,99,1654,4047,8,8
1668291869,2022-11-12 16:24:29 -0600,3ffd95e4c2f196cceb6ea480a11ee0951009b0b7,TX,48377,2,2022-11-09T01:00:00.000Z,FIPSCode,48377,0,2022-11-12T22:00:19.948Z,8,98.98,8,100,62962,1025,61.97,62492,550,33.25,63492,79,4.78,1671,99,1654,4047,8,8
1668291910,2022-11-12 16:25:10 -0600,754d3ea638f217fc7da0a738fd28eb744c6e01ab,TX,48377,2,2022-11-09T01:00:00.000Z,FIPSCode,48377,0,2022-11-12T22:00:19.948Z,8,98.98,8,100,62962,1025,61.97,62492,550,33.25,63492,79,4.78,1671,99,1654,4047,8,8
1668291951,2022-11-12 16:25:51 -0600,51ce5b3cc8330fb273649467e22273a2bdfc7ba0,TX,48377,2,2022-11-09T01:00:00.000Z,FIPSCode,48377,0,2022-11-12T22:25:19.201Z,8,98.98,8,100,62962,1025,61.97,62492,550,33.25,63492,79,4.78,1671,99,1654,4047,8,8
1668291993,2022-11-12 16:26:33 -0600,c39eadbfd0fada4189d4deb9fc780007aacdfebc,TX,48377,2,2022-11-09T01:00:00.000Z,FIPSCode,48377,0,2022-11-12T22:26:16.891Z,8,98.98,8,100,62962,1025,61.97,62492,550,33.25,63492,79,4.78,1671,99,1654,4047,8,8
1668292033,2022-11-12 16:27:13 -0600,20bbb42b6f1510583a8ce96abc46db87f54b32f5,TX,48377,2,2022-11-09T01:00:00.000Z,FIPSCode,48377,0,2022-11-12T22:26:16.891Z,8,98.98,8,100,62962,1025,61.97,62492,550,33.25,63492,79,4.78,1671,99,1654,4047,8,8
1668292075,2022-11-12 16:27:55 -0600,e892baca390a5a3ea793c0eff34e5db85fe2d917,TX,48377,2,2022-11-09T01:00:00.000Z,FIPSCode,48377,0,2022-11-12T22:27:38.829Z,8,98.98,8,100,62962,1025,61.97,62492,550,33.25,63492,79,4.78,1671,99,1654,4047,8,8
1668292117,2022-11-12 16:28:37 -0600,f20bef145160093cba5cb7a5b97de893a7ff8a9e,TX,48377,2,2022-11-09T01:00:00.000Z,FIPSCode,48377,0,2022-11-12T22:28:17.775Z,8,98.98,8,100,62962,1025,61.97,62492,550,33.25,63492,79,4.78,1671,99,1654,4047,8,8
1668292157,2022-11-12 16:29:17 -0600,72a490744e02b5ad8ffffb3e875eba73135eff96,TX,48377,2,2022-11-09T01:00:00.000Z,FIPSCode,48377,0,2022-11-12T22:28:17.775Z,8,98.98,8,100,62962,1025,61.97,62492,550,33.25,63492,79,4.78,1671,99,1654,4047,8,8
1668292198,2022-11-12 16:29:58 -0600,dfe32cd0b63881912ec5ce415646f791825f9ac9,TX,48377,2,2022-11-09T01:00:00.000Z,FIPSCode,48377,0,2022-11-12T22:28:17.775Z,8,98.98,8,100,62962,1025,61.97,62492,550,33.25,63492,79,4.78,1671,99,1654,4047,8,8
1668292280,2022-11-12 16:31:20 -0600,37c21f2340ca4be903b9098e1ff5cb5b00408ab1,TX,48377,2,2022-11-09T01:00:00.000Z,FIPSCode,48377,0,2022-11-12T22:28:17.775Z,8,98.98,8,100,62962,1025,61.97,62492,550,33.25,63492,79,4.78,1671,99,1654,4047,8,8
1668292321,2022-11-12 16:32:01 -0600,7df06b40be25d4a3c3dbafb75cf1adb4f85c4aa6,TX,48377,2,2022-11-09T01:00:00.000Z,FIPSCode,48377,0,2022-11-12T22:28:17.775Z,8,98.98,8,100,62962,1025,61.97,62492,550,33.25,63492,79,4.78,1671,99,1654,4047,8,8
1668292362,2022-11-12 16:32:42 -0600,8dae3b8aece79e326ca407808df273c4ef703623,TX,48377,2,2022-11-09T01:00:00.000Z,FIPSCode,48377,0,2022-11-12T22:28:17.775Z,8,98.98,8,100,62962,1025,61.97,62492,550,33.25,63492,79,4.78,1671,99,1654,4047,8,8
1668292403,2022-11-12 16:33:23 -0600,bfe46ae9da59ab03579d14b83ed6e0ada7543559,TX,48377,2,2022-11-09T01:00:00.000Z,FIPSCode,48377,0,2022-11-12T22:28:17.775Z,8,98.98,8,100,62962,1025,61.97,62492,550,33.25,63492,79,4.78,1671,99,1654,4047,8,8
1668292444,2022-11-12 16:34:04 -0600,47ec7ad9b309549d5704922de636e2481ed1a8eb,TX,48377,2,2022-11-09T01:00:00.000Z,FIPSCode,48377,0,2022-11-12T22:28:17.775Z,8,98.98,8,100,62962,1025,61.97,62492,550,33.25,63492,79,4.78,1671,99,1654,4047,8,8
1668292485,2022-11-12 16:34:45 -0600,f72eaaac8e1cc479140b639069bd34d8caf70cec,TX,48377,2,2022-11-09T01:00:00.000Z,FIPSCode,48377,0,2022-11-12T22:28:17.775Z,8,98.98,8,100,62962,1025,61.97,62492,550,33.25,63492,79,4.78,1671,99,1654,4047,8,8
1668292527,2022-11-12 16:35:27 -0600,aa29db7c7b4b595c8cf6a2a71b3a9a44816cb16d,TX,48377,2,2022-11-09T01:00:00.000Z,FIPSCode,48377,0,2022-11-12T22:28:17.775Z,8,98.98,8,100,62962,1025,61.97,62492,550,33.25,63492,79,4.78,1671,99,1654,4047,8,8
1668292567,2022-11-12 16:36:07 -0600,90eb09d60bde79248496ecfe88ceea7efd1b3069,TX,48377,2,2022-11-09T01:00:00.000Z,FIPSCode,48377,0,2022-11-12T22:35:17.514Z,8,98.98,8,100,62962,1025,61.97,62492,550,33.25,63492,79,4.78,1671,99,1654,4047,8,8
1668292608,2022-11-12 16:36:48 -0600,b28cce3a133b24e10457712530100c045f774b56,TX,48377,2,2022-11-09T01:00:00.000Z,FIPSCode,48377,0,2022-11-12T22:36:17.162Z,8,98.98,8,100,62962,1025,61.97,62492,550,33.25,63492,79,4.78,1671,99,1654,4047,8,8
1668292691,2022-11-12 16:38:11 -0600,4b6fdce3676b04723c70701506ec00558ff455a6,TX,48377,2,2022-11-09T01:00:00.000Z,FIPSCode,48377,0,2022-11-12T22:37:37.771Z,8,98.98,8,100,62962,1025,61.97,62492,550,33.25,63492,79,4.78,1671,99,1654,4047,8,8
1668292733,2022-11-12 16:38:53 -0600,53f75336d769be0930d9ef2c26899fc951e75e0e,TX,48377,2,2022-11-09T01:00:00.000Z,FIPSCode,48377,0,2022-11-12T22:37:37.771Z,8,98.98,8,100,62962,1025,61.97,62492,550,33.25,63492,79,4.78,1671,99,1654,4047,8,8
1668292774,2022-11-12 16:39:34 -0600,7bc533b18b6fe4aae48771ed9fa3cd0fe0113dee,TX,48377,2,2022-11-09T01:00:00.000Z,FIPSCode,48377,0,2022-11-12T22:37:37.771Z,8,98.98,8,100,62962,1025,61.97,62492,550,33.25,63492,79,4.78,1671,99,1654,4047,8,8
1668292815,2022-11-12 16:40:15 -0600,d5aaf66341c4e19a2cb74476964baf27214806eb,TX,48377,2,2022-11-09T01:00:00.000Z,FIPSCode,48377,0,2022-11-12T22:37:37.771Z,8,98.98,8,100,62962,1025,61.97,62492,550,33.25,63492,79,4.78,1671,99,1654,4047,8,8
1668292857,2022-11-12 16:40:57 -0600,bf6edc75c4818eb6705303c6323650549196689f,TX,48377,2,2022-11-09T01:00:00.000Z,FIPSCode,48377,0,2022-11-12T22:37:37.771Z,8,98.98,8,100,62962,1025,61.97,62492,550,33.25,63492,79,4.78,1671,99,1654,4047,8,8
1668292899,2022-11-12 16:41:39 -0600,dc8db05f9e5593f8a656e7bcba8160344232656c,TX,48377,2,2022-11-09T01:00:00.000Z,FIPSCode,48377,0,2022-11-12T22:37:37.771Z,8,98.98,8,100,62962,1025,61.97,62492,550,33.25,63492,79,4.78,1671,99,1654,4047,8,8
1668292939,2022-11-12 16:42:19 -0600,f5250c10c7a657578ae2fbd0ac1e77800f6b1db9,TX,48377,2,2022-11-09T01:00:00.000Z,FIPSCode,48377,0,2022-11-12T22:37:37.771Z,8,98.98,8,100,62962,1025,61.97,62492,550,33.25,63492,79,4.78,1671,99,1654,4047,8,8
1668292981,2022-11-12 16:43:01 -0600,8e8bf537d273eaa1cb049d2ee7d44ae1f89c5293,TX,48377,2,2022-11-09T01:00:00.000Z,FIPSCode,48377,0,2022-11-12T22:37:37.771Z,8,98.98,8,100,62962,1025,61.97,62492,550,33.25,63492,79,4.78,1671,99,1654,4047,8,8
1668293022,2022-11-12 16:43:42 -0600,54bb845ecda098b72d46663cc05480a07c66f3b0,TX,48377,2,2022-11-09T01:00:00.000Z,FIPSCode,48377,0,2022-11-12T22:37:37.771Z,8,98.98,8,100,62962,1025,61.97,62492,550,33.25,63492,79,4.78,1671,99,1654,4047,8,8
1668293063,2022-11-12 16:44:23 -0600,f89aacc986eb8f71fdeb16f281e16984d6f4a22d,TX,48377,2,2022-11-09T01:00:00.000Z,FIPSCode,48377,0,2022-11-12T22:37:37.771Z,8,98.98,8,100,62962,1025,61.97,62492,550,33.25,63492,79,4.78,1671,99,1654,4047,8,8
1668293104,2022-11-12 16:45:04 -0600,bdae6fedc8eb67f82244eaa7afd82655af0ac256,TX,48377,2,2022-11-09T01:00:00.000Z,FIPSCode,48377,0,2022-11-12T22:37:37.771Z,8,98.98,8,100,62962,1025,61.97,62492,550,33.25,63492,79,4.78,1671,99,1654,4047,8,8
1668293185,2022-11-12 16:46:25 -0600,61f914bb8a7a19f634c2798722b94cb8fc6b6665,TX,48377,2,2022-11-09T01:00:00.000Z,FIPSCode,48377,0,2022-11-12T22:37:37.771Z,8,98.98,8,100,62962,1025,61.97,62492,550,33.25,63492,79,4.78,1671,99,1654,4047,8,8
1668293227,2022-11-12 16:47:07 -0600,18a7fb790b9e5b65c3971c1e7f63130150491ca1,TX,48377,2,2022-11-09T01:00:00.000Z,FIPSCode,48377,0,2022-11-12T22:37:37.771Z,8,98.98,8,100,62962,1025,61.97,62492,550,33.25,63492,79,4.78,1671,99,1654,4047,8,8
1668293310,2022-11-12 16:48:30 -0600,d27f1d18300d515d2edc3cc1df64fa7b076d232e,TX,48377,2,2022-11-09T01:00:00.000Z,FIPSCode,48377,0,2022-11-12T22:37:37.771Z,8,98.98,8,100,62962,1025,61.97,62492,550,33.25,63492,79,4.78,1671,99,1654,4047,8,8
1668293351,2022-11-12 16:49:11 -0600,894d86c93845151de9139d3d01d35a69059b74d7,TX,48377,2,2022-11-09T01:00:00.000Z,FIPSCode,48377,0,2022-11-12T22:37:37.771Z,8,98.98,8,100,62962,1025,61.97,62492,550,33.25,63492,79,4.78,1671,99,1654,4047,8,8
1668293392,2022-11-12 16:49:52 -0600,c423ee5714c962f3240b05d639ac8093389a1606,TX,48377,2,2022-11-09T01:00:00.000Z,FIPSCode,48377,0,2022-11-12T22:37:37.771Z,8,98.98,8,100,62962,1025,61.97,62492,550,33.25,63492,79,4.78,1671,99,1654,4047,8,8
1668293433,2022-11-12 16:50:33 -0600,939d37b00b08d26eea89337458ec223b05a0e55d,TX,48377,2,2022-11-09T01:00:00.000Z,FIPSCode,48377,0,2022-11-12T22:37:37.771Z,8,98.98,8,100,62962,1025,61.97,62492,550,33.25,63492,79,4.78,1671,99,1654,4047,8,8
1668293474,2022-11-12 16:51:14 -0600,e34bba45c09fc554b7b0049ccb0aa9f79bd3a914,TX,48377,2,2022-11-09T01:00:00.000Z,FIPSCode,48377,0,2022-11-12T22:37:37.771Z,8,98.98,8,100,62962,1025,61.97,62492,550,33.25,63492,79,4.78,1671,99,1654,4047,8,8
1668293516,2022-11-12 16:51:56 -0600,67d17058c025457d61b80ac5f30d97f9d2d2505b,TX,48377,2,2022-11-09T01:00:00.000Z,FIPSCode,48377,0,2022-11-12T22:37:37.771Z,8,98.98,8,100,62962,1025,61.97,62492,550,33.25,63492,79,4.78,1671,99,1654,4047,8,8
1668293557,2022-11-12 16:52:37 -0600,1b5a65cfab21f0a59dbfdbab33bc40931ae4da60,TX,48377,2,2022-11-09T01:00:00.000Z,FIPSCode,48377,0,2022-11-12T22:37:37.771Z,8,98.98,8,100,62962,1025,61.97,62492,550,33.25,63492,79,4.78,1671,99,1654,4047,8,8
1668293640,2022-11-12 16:54:00 -0600,01b072ac8025b2d5d8b039cf02094399f4fa219d,TX,48377,2,2022-11-09T01:00:00.000Z,FIPSCode,48377,0,2022-11-12T22:37:37.771Z,8,98.98,8,100,62962,1025,61.97,62492,550,33.25,63492,79,4.78,1671,99,1654,4047,8,8
1668293682,2022-11-12 16:54:42 -0600,0389dc92fc2133100a9d96be00cb4c6a66b6596d,TX,48377,2,2022-11-09T01:00:00.000Z,FIPSCode,48377,0,2022-11-12T22:37:37.771Z,8,98.98,8,100,62962,1025,61.97,62492,550,33.25,63492,79,4.78,1671,99,1654,4047,8,8
1668293723,2022-11-12 16:55:23 -0600,cf3b6f8606383f6ae3e6161665dffd166f31a4c4,TX,48377,2,2022-11-09T01:00:00.000Z,FIPSCode,48377,0,2022-11-12T22:37:37.771Z,8,98.98,8,100,62962,1025,61.97,62492,550,33.25,63492,79,4.78,1671,99,1654,4047,8,8
1668293764,2022-11-12 16:56:04 -0600,64a7c4c69c55b46e65a2d6f7675b96a5766222b4,TX,48377,2,2022-11-09T01:00:00.000Z,FIPSCode,48377,0,2022-11-12T22:37:37.771Z,8,98.98,8,100,62962,1025,61.97,62492,550,33.25,63492,79,4.78,1671,99,1654,4047,8,8
1668293805,2022-11-12 16:56:45 -0600,0786008622c4a24cf560ec6a528b0d800dd8718a,TX,48377,2,2022-11-09T01:00:00.000Z,FIPSCode,48377,0,2022-11-12T22:37:37.771Z,8,98.98,8,100,62962,1025,61.97,62492,550,33.25,63492,79,4.78,1671,99,1654,4047,8,8
1668293848,2022-11-12 16:57:28 -0600,14895527c8f084c29b0c03726342cfa3b9168678,TX,48377,2,2022-11-09T01:00:00.000Z,FIPSCode,48377,0,2022-11-12T22:37:37.771Z,8,98.98,8,100,62962,1025,61.97,62492,550,33.25,63492,79,4.78,1671,99,1654,4047,8,8
1668293889,2022-11-12 16:58:09 -0600,574a1523a6345ac70ab0db10975fdfe05b9cee17,TX,48377,2,2022-11-09T01:00:00.000Z,FIPSCode,48377,0,2022-11-12T22:37:37.771Z,8,98.98,8,100,62962,1025,61.97,62492,550,33.25,63492,79,4.78,1671,99,1654,4047,8,8
1668293931,2022-11-12 16:58:51 -0600,96f4e90c974f52ccbdf9eac67c06502a1a2c6c05,TX,48377,2,2022-11-09T01:00:00.000Z,FIPSCode,48377,0,2022-11-12T22:37:37.771Z,8,98.98,8,100,62962,1025,61.97,62492,550,33.25,63492,79,4.78,1671,99,1654,4047,8,8
1668293974,2022-11-12 16:59:34 -0600,06cf760bc2526f4a5d44b6e804539b8adc1c27ff,TX,48377,2,2022-11-09T01:00:00.000Z,FIPSCode,48377,0,2022-11-12T22:37:37.771Z,8,98.98,8,100,62962,1025,61.97,62492,550,33.25,63492,79,4.78,1671,99,1654,4047,8,8
1668294014,2022-11-12 17:00:14 -0600,64e7f999ab469da3d7f20d5c118893ca8d5f2401,TX,48377,2,2022-11-09T01:00:00.000Z,FIPSCode,48377,0,2022-11-12T22:37:37.771Z,8,98.98,8,100,62962,1025,61.97,62492,550,33.25,63492,79,4.78,1671,99,1654,4047,8,8
1668294058,2022-11-12 17:00:58 -0600,9bc63470e475dff8118faaeb66fdaa8edc080b35,TX,48377,2,2022-11-09T01:00:00.000Z,FIPSCode,48377,0,2022-11-12T22:37:37.771Z,8,98.98,8,100,62962,1025,61.97,62492,550,33.25,63492,79,4.78,1671,99,1654,4047,8,8
1668294098,2022-11-12 17:01:38 -0600,a68d5694b3d9cd24b1e3f5ef130279dd07060942,TX,48377,2,2022-11-09T01:00:00.000Z,FIPSCode,48377,0,2022-11-12T22:37:37.771Z,8,98.98,8,100,62962,1025,61.97,62492,550,33.25,63492,79,4.78,1671,99,1654,4047,8,8
1668294141,2022-11-12 17:02:21 -0600,8b38d9b2f10f365f09247458260f86ca9789ea65,TX,48377,2,2022-11-09T01:00:00.000Z,FIPSCode,48377,0,2022-11-12T22:37:37.771Z,8,98.98,8,100,62962,1025,61.97,62492,550,33.25,63492,79,4.78,1671,99,1654,4047,8,8
1668294182,2022-11-12 17:03:02 -0600,11efe7ab94d85826fbda531caff33e8883834659,TX,48377,2,2022-11-09T01:00:00.000Z,FIPSCode,48377,0,2022-11-12T22:37:37.771Z,8,98.98,8,100,62962,1025,61.97,62492,550,33.25,63492,79,4.78,1671,99,1654,4047,8,8
1668294223,2022-11-12 17:03:43 -0600,0a8d888ab2677e6487d7da73fd09d8f2d9b022f9,TX,48377,2,2022-11-09T01:00:00.000Z,FIPSCode,48377,0,2022-11-12T22:37:37.771Z,8,98.98,8,100,62962,1025,61.97,62492,550,33.25,63492,79,4.78,1671,99,1654,4047,8,8
1668294264,2022-11-12 17:04:24 -0600,4779a236aeaad8fd51a294b575690c2dfc760252,TX,48377,2,2022-11-09T01:00:00.000Z,FIPSCode,48377,0,2022-11-12T22:37:37.771Z,8,98.98,8,100,62962,1025,61.97,62492,550,33.25,63492,79,4.78,1671,99,1654,4047,8,8
1668294306,2022-11-12 17:05:06 -0600,cb0e18486822a74a5708720d4b314301516911a5,TX,48377,2,2022-11-09T01:00:00.000Z,FIPSCode,48377,0,2022-11-12T22:37:37.771Z,8,98.98,8,100,62962,1025,61.97,62492,550,33.25,63492,79,4.78,1671,99,1654,4047,8,8
1668294346,2022-11-12 17:05:46 -0600,7a2dd948fdc858f7ff7af2c2d1953f49c8082140,TX,48377,2,2022-11-09T01:00:00.000Z,FIPSCode,48377,0,2022-11-12T22:37:37.771Z,8,98.98,8,100,62962,1025,61.97,62492,550,33.25,63492,79,4.78,1671,99,1654,4047,8,8
1668294388,2022-11-12 17:06:28 -0600,c7f9ce5dc0efb53e57418560e79beceec543876d,TX,48377,2,2022-11-09T01:00:00.000Z,FIPSCode,48377,0,2022-11-12T22:37:37.771Z,8,98.98,8,100,62962,1025,61.97,62492,550,33.25,63492,79,4.78,1671,99,1654,4047,8,8
1668294429,2022-11-12 17:07:09 -0600,a10829597885425ef86b137ec015aa568acb3270,TX,48377,2,2022-11-09T01:00:00.000Z,FIPSCode,48377,0,2022-11-12T22:37:37.771Z,8,98.98,8,100,62962,1025,61.97,62492,550,33.25,63492,79,4.78,1671,99,1654,4047,8,8
1668294471,2022-11-12 17:07:51 -0600,25e844b815e222c46d5beca9812b8c0beb09c57a,TX,48377,2,2022-11-09T01:00:00.000Z,FIPSCode,48377,0,2022-11-12T22:37:37.771Z,8,98.98,8,100,62962,1025,61.97,62492,550,33.25,63492,79,4.78,1671,99,1654,4047,8,8
1668294552,2022-11-12 17:09:12 -0600,2e395a9d056af4468c2503bbeb565b14c9c2d397,TX,48377,2,2022-11-09T01:00:00.000Z,FIPSCode,48377,0,2022-11-12T22:37:37.771Z,8,98.98,8,100,62962,1025,61.97,62492,550,33.25,63492,79,4.78,1671,99,1654,4047,8,8
1668294593,2022-11-12 17:09:53 -0600,990830e57a3ff5d0899b04c163b81061d54acf50,TX,48377,2,2022-11-09T01:00:00.000Z,FIPSCode,48377,0,2022-11-12T22:37:37.771Z,8,98.98,8,100,62962,1025,61.97,62492,550,33.25,63492,79,4.78,1671,99,1654,4047,8,8
1668294635,2022-11-12 17:10:35 -0600,09166d5d090b59b5e214eda8f04b25d0665b82cc,TX,48377,2,2022-11-09T01:00:00.000Z,FIPSCode,48377,0,2022-11-12T22:37:37.771Z,8,98.98,8,100,62962,1025,61.97,62492,550,33.25,63492,79,4.78,1671,99,1654,4047,8,8
1668294677,2022-11-12 17:11:17 -0600,2db18480d409ce020db870ef045379dda6837a79,TX,48377,2,2022-11-09T01:00:00.000Z,FIPSCode,48377,0,2022-11-12T22:37:37.771Z,8,98.98,8,100,62962,1025,61.97,62492,550,33.25,63492,79,4.78,1671,99,1654,4047,8,8
1668294719,2022-11-12 17:11:59 -0600,e215a9fe20eb78745ae798d66e5ffaaed75c82f7,TX,48377,2,2022-11-09T01:00:00.000Z,FIPSCode,48377,0,2022-11-12T22:37:37.771Z,8,98.98,8,100,62962,1025,61.97,62492,550,33.25,63492,79,4.78,1671,99,1654,4047,8,8
1668294761,2022-11-12 17:12:41 -0600,581f996b05cac536cb1dc4067fa9ac68cb216c5a,TX,48377,2,2022-11-09T01:00:00.000Z,FIPSCode,48377,0,2022-11-12T22:37:37.771Z,8,98.98,8,100,62962,1025,61.97,62492,550,33.25,63492,79,4.78,1671,99,1654,4047,8,8
1668294844,2022-11-12 17:14:04 -0600,f69eeceebf8667ada60b738f968446d680099e34,TX,48377,2,2022-11-09T01:00:00.000Z,FIPSCode,48377,0,2022-11-12T22:37:37.771Z,8,98.98,8,100,62962,1025,61.97,62492,550,33.25,63492,79,4.78,1671,99,1654,4047,8,8
1668294886,2022-11-12 17:14:46 -0600,0f017019e9f9f8189510cbe300ab302bdcca7e78,TX,48377,2,2022-11-09T01:00:00.000Z,FIPSCode,48377,0,2022-11-12T22:37:37.771Z,8,98.98,8,100,62962,1025,61.97,62492,550,33.25,63492,79,4.78,1671,99,1654,4047,8,8
1668294927,2022-11-12 17:15:27 -0600,2f0a3bf10e7f4356a5aae40f73e593bb0cde4e0d,TX,48377,2,2022-11-09T01:00:00.000Z,FIPSCode,48377,0,2022-11-12T22:37:37.771Z,8,98.98,8,100,62962,1025,61.97,62492,550,33.25,63492,79,4.78,1671,99,1654,4047,8,8
1668294968,2022-11-12 17:16:08 -0600,13fcf7cd48ec9ed50dd52826e224b906ed50ab2b,TX,48377,2,2022-11-09T01:00:00.000Z,FIPSCode,48377,0,2022-11-12T22:37:37.771Z,8,98.98,8,100,62962,1025,61.97,62492,550,33.25,63492,79,4.78,1671,99,1654,4047,8,8
1668295009,2022-11-12 17:16:49 -0600,549772440fd8bf35d9341c6734bf9f028fbf8c8e,TX,48377,2,2022-11-09T01:00:00.000Z,FIPSCode,48377,0,2022-11-12T23:16:17.735Z,8,98.98,8,100,62962,1025,61.97,62492,550,33.25,63492,79,4.78,1671,99,1654,4047,8,8
1668295050,2022-11-12 17:17:30 -0600,3b858e086f8e79a29de2a1e3b539165d4681d940,TX,48377,2,2022-11-09T01:00:00.000Z,FIPSCode,48377,0,2022-11-12T23:16:17.735Z,8,98.98,8,100,62962,1025,61.97,62492,550,33.25,63492,79,4.78,1671,99,1654,4047,8,8
1668295092,2022-11-12 17:18:12 -0600,5a015d1e25e0c3839e7398a675b0c570b9350253,TX,48377,2,2022-11-09T01:00:00.000Z,FIPSCode,48377,0,2022-11-12T23:17:17.622Z,8,98.98,8,100,62962,1025,61.97,62492,550,33.25,63492,79,4.78,1671,99,1654,4047,8,8
1668295133,2022-11-12 17:18:53 -0600,9ca0f2b6cff02c9c90b417ba5b67b6c515aac7e2,TX,48377,2,2022-11-09T01:00:00.000Z,FIPSCode,48377,0,2022-11-12T23:18:18.732Z,8,98.98,8,100,62962,1025,61.97,62492,550,33.25,63492,79,4.78,1671,99,1654,4047,8,8
1668295175,2022-11-12 17:19:35 -0600,a59ca2ff198b1fa5cdd65fca97b8b09aafb4f065,TX,48377,2,2022-11-09T01:00:00.000Z,FIPSCode,48377,0,2022-11-12T23:19:17.667Z,8,98.98,8,100,62962,1025,61.97,62492,550,33.25,63492,79,4.78,1671,99,1654,4047,8,8
1668295215,2022-11-12 17:20:15 -0600,aaea6e8ef94c60f5b4643fd9356c7f6e8be4b0fc,TX,48377,2,2022-11-09T01:00:00.000Z,FIPSCode,48377,0,2022-11-12T23:19:17.667Z,8,98.98,8,100,62962,1025,61.97,62492,550,33.25,63492,79,4.78,1671,99,1654,4047,8,8
1668295257,2022-11-12 17:20:57 -0600,f2757a8cdca715e149a81465afe18771f5dc37f3,TX,48377,2,2022-11-09T01:00:00.000Z,FIPSCode,48377,0,2022-11-12T23:19:17.667Z,8,98.98,8,100,62962,1025,61.97,62492,550,33.25,63492,79,4.78,1671,99,1654,4047,8,8
1668295298,2022-11-12 17:21:38 -0600,70a0c8c34d410c9582388293ee9ded61e70a4fd5,TX,48377,2,2022-11-09T01:00:00.000Z,FIPSCode,48377,0,2022-11-12T23:19:17.667Z,8,98.98,8,100,62962,1025,61.97,62492,550,33.25,63492,79,4.78,1671,99,1654,4047,8,8
1668295338,2022-11-12 17:22:18 -0600,587c3a583386ea60162480c4b885d3dd809f57fa,TX,48377,2,2022-11-09T01:00:00.000Z,FIPSCode,48377,0,2022-11-12T23:19:17.667Z,8,98.98,8,100,62962,1025,61.97,62492,550,33.25,63492,79,4.78,1671,99,1654,4047,8,8
1668295381,2022-11-12 17:23:01 -0600,cc7ae245ad6b906adc67dd36f858144d0dc59323,TX,48377,2,2022-11-09T01:00:00.000Z,FIPSCode,48377,0,2022-11-12T23:19:17.667Z,8,98.98,8,100,62962,1025,61.97,62492,550,33.25,63492,79,4.78,1671,99,1654,4047,8,8
1668295422,2022-11-12 17:23:42 -0600,c32d869d295b90237f56294da18bfdbf97815819,TX,48377,2,2022-11-09T01:00:00.000Z,FIPSCode,48377,0,2022-11-12T23:19:17.667Z,8,98.98,8,100,62962,1025,61.97,62492,550,33.25,63492,79,4.78,1671,99,1654,4047,8,8
1668295464,2022-11-12 17:24:24 -0600,e7d63fee6263a5d7c20baf82dba645a94db82b7c,TX,48377,2,2022-11-09T01:00:00.000Z,FIPSCode,48377,0,2022-11-12T23:19:17.667Z,8,98.98,8,100,62962,1025,61.97,62492,550,33.25,63492,79,4.78,1671,99,1654,4047,8,8
1668295504,2022-11-12 17:25:04 -0600,a735c1c8c9b0eeaf2491bd39f3e96e6017ef658c,TX,48377,2,2022-11-09T01:00:00.000Z,FIPSCode,48377,0,2022-11-12T23:19:17.667Z,8,98.98,8,100,62962,1025,61.97,62492,550,33.25,63492,79,4.78,1671,99,1654,4047,8,8
1668295547,2022-11-12 17:25:47 -0600,6ada2f332b3d34d6de1edfa04ca157f3594ad7fd,TX,48377,2,2022-11-09T01:00:00.000Z,FIPSCode,48377,0,2022-11-12T23:19:17.667Z,8,98.98,8,100,62962,1025,61.97,62492,550,33.25,63492,79,4.78,1671,99,1654,4047,8,8
1668295587,2022-11-12 17:26:27 -0600,cf04d175f85ed58c96434bb22ce8da4d385b947d,TX,48377,2,2022-11-09T01:00:00.000Z,FIPSCode,48377,0,2022-11-12T23:19:17.667Z,8,98.98,8,100,62962,1025,61.97,62492,550,33.25,63492,79,4.78,1671,99,1654,4047,8,8
1668295629,2022-11-12 17:27:09 -0600,f876481b6dd4a7657368aab496659ddf3dfeb490,TX,48377,2,2022-11-09T01:00:00.000Z,FIPSCode,48377,0,2022-11-12T23:19:17.667Z,8,98.98,8,100,62962,1025,61.97,62492,550,33.25,63492,79,4.78,1671,99,1654,4047,8,8
1668295671,2022-11-12 17:27:51 -0600,6745cab6b3415a7bbb8f3fd5ce615fc0b2348218,TX,48377,2,2022-11-09T01:00:00.000Z,FIPSCode,48377,0,2022-11-12T23:27:17.023Z,8,98.98,8,100,62962,1025,61.97,62492,550,33.25,63492,79,4.78,1671,99,1654,4047,8,8
1668295713,2022-11-12 17:28:33 -0600,6d9266174c2d2f4d50c3700b9482e36104dd4d88,TX,48377,2,2022-11-09T01:00:00.000Z,FIPSCode,48377,0,2022-11-12T23:27:17.023Z,8,98.98,8,100,62962,1025,61.97,62492,550,33.25,63492,79,4.78,1671,99,1654,4047,8,8
1668295755,2022-11-12 17:29:15 -0600,3b6611d758f3491019bf57b4a14ef1a64fb65fe2,TX,48377,2,2022-11-09T01:00:00.000Z,FIPSCode,48377,0,2022-11-12T23:28:18.611Z,8,98.98,8,100,62962,1025,61.97,62492,550,33.25,63492,79,4.78,1671,99,1654,4047,8,8
1668295797,2022-11-12 17:29:57 -0600,5d5f983ad4094d1e309645cf734969a150ee2eec,TX,48377,2,2022-11-09T01:00:00.000Z,FIPSCode,48377,0,2022-11-12T23:29:19.432Z,8,98.98,8,100,62962,1025,61.97,62492,550,33.25,63492,79,4.78,1671,99,1654,4047,8,8
1668295839,2022-11-12 17:30:39 -0600,dd4b7c3a6b2c534e542faf210d91b73b64740bec,TX,48377,2,2022-11-09T01:00:00.000Z,FIPSCode,48377,0,2022-11-12T23:29:19.432Z,8,98.98,8,100,62962,1025,61.97,62492,550,33.25,63492,79,4.78,1671,99,1654,4047,8,8
1668295881,2022-11-12 17:31:21 -0600,c02eb825528abd55609229064e4f1f2dfff87065,TX,48377,2,2022-11-09T01:00:00.000Z,FIPSCode,48377,0,2022-11-12T23:29:19.432Z,8,98.98,8,100,62962,1025,61.97,62492,550,33.25,63492,79,4.78,1671,99,1654,4047,8,8
1668295924,2022-11-12 17:32:04 -0600,413fc7ee0f55cea4de622956aff6f898d1e5416b,TX,48377,2,2022-11-09T01:00:00.000Z,FIPSCode,48377,0,2022-11-12T23:29:19.432Z,8,98.98,8,100,62962,1025,61.97,62492,550,33.25,63492,79,4.78,1671,99,1654,4047,8,8
1668295965,2022-11-12 17:32:45 -0600,dec540dee4377a25ee2ffd55edf8069f21d1f5db,TX,48377,2,2022-11-09T01:00:00.000Z,FIPSCode,48377,0,2022-11-12T23:29:19.432Z,8,98.98,8,100,62962,1025,61.97,62492,550,33.25,63492,79,4.78,1671,99,1654,4047,8,8
1668296008,2022-11-12 17:33:28 -0600,7d7fa1a1ecf2fb025c4de8c741698b092805d8ee,TX,48377,2,2022-11-09T01:00:00.000Z,FIPSCode,48377,0,2022-11-12T23:29:19.432Z,8,98.98,8,100,62962,1025,61.97,62492,550,33.25,63492,79,4.78,1671,99,1654,4047,8,8
1668296049,2022-11-12 17:34:09 -0600,a49f9fa1ff0e0a28dec93fb88a4b579d7dd52cea,TX,48377,2,2022-11-09T01:00:00.000Z,FIPSCode,48377,0,2022-11-12T23:29:19.432Z,8,98.98,8,100,62962,1025,61.97,62492,550,33.25,63492,79,4.78,1671,99,1654,4047,8,8
1668296092,2022-11-12 17:34:52 -0600,5a5f98779e42939b974964c3259ff1022986e918,TX,48377,2,2022-11-09T01:00:00.000Z,FIPSCode,48377,0,2022-11-12T23:29:19.432Z,8,98.98,8,100,62962,1025,61.97,62492,550,33.25,63492,79,4.78,1671,99,1654,4047,8,8
1668296177,2022-11-12 17:36:17 -0600,b4d8db034ce67e50ad3956e96f665262aebe6421,TX,48377,2,2022-11-09T01:00:00.000Z,FIPSCode,48377,0,2022-11-12T23:29:19.432Z,8,98.98,8,100,62962,1025,61.97,62492,550,33.25,63492,79,4.78,1671,99,1654,4047,8,8
1668296218,2022-11-12 17:36:58 -0600,a7473bed49cf8a8f29b4f94da920e8a748c86aa8,TX,48377,2,2022-11-09T01:00:00.000Z,FIPSCode,48377,0,2022-11-12T23:29:19.432Z,8,98.98,8,100,62962,1025,61.97,62492,550,33.25,63492,79,4.78,1671,99,1654,4047,8,8
1668296262,2022-11-12 17:37:42 -0600,3f1a2cdaf5c202c5bf54cd2ea0723b3eefc80ddf,TX,48377,2,2022-11-09T01:00:00.000Z,FIPSCode,48377,0,2022-11-12T23:29:19.432Z,8,98.98,8,100,62962,1025,61.97,62492,550,33.25,63492,79,4.78,1671,99,1654,4047,8,8
1668296303,2022-11-12 17:38:23 -0600,0691984cb9b6347e574a821847fff9dd360fef6e,TX,48377,2,2022-11-09T01:00:00.000Z,FIPSCode,48377,0,2022-11-12T23:29:19.432Z,8,98.98,8,100,62962,1025,61.97,62492,550,33.25,63492,79,4.78,1671,99,1654,4047,8,8
1668296345,2022-11-12 17:39:05 -0600,f4faf58e4f7388e40afffc74627e60e05eb69d02,TX,48377,2,2022-11-09T01:00:00.000Z,FIPSCode,48377,0,2022-11-12T23:29:19.432Z,8,98.98,8,100,62962,1025,61.97,62492,550,33.25,63492,79,4.78,1671,99,1654,4047,8,8
1668296388,2022-11-12 17:39:48 -0600,8a0cd024df460618ad5ba702b0a8cd46ce7e2a2c,TX,48377,2,2022-11-09T01:00:00.000Z,FIPSCode,48377,0,2022-11-12T23:29:19.432Z,8,98.98,8,100,62962,1025,61.97,62492,550,33.25,63492,79,4.78,1671,99,1654,4047,8,8
1668296429,2022-11-12 17:40:29 -0600,d05c203c925a7404f9ddf8599e117fc7d28e9ede,TX,48377,2,2022-11-09T01:00:00.000Z,FIPSCode,48377,0,2022-11-12T23:29:19.432Z,8,98.98,8,100,62962,1025,61.97,62492,550,33.25,63492,79,4.78,1671,99,1654,4047,8,8
1668296471,2022-11-12 17:41:11 -0600,d6608fafcbb5a2c9334ff528cd54873d47e0adae,TX,48377,2,2022-11-09T01:00:00.000Z,FIPSCode,48377,0,2022-11-12T23:29:19.432Z,8,98.98,8,100,62962,1025,61.97,62492,550,33.25,63492,79,4.78,1671,99,1654,4047,8,8
1668296513,2022-11-12 17:41:53 -0600,e4a1f04b82020bb4b307442499b2c2d025e65115,TX,48377,2,2022-11-09T01:00:00.000Z,FIPSCode,48377,0,2022-11-12T23:29:19.432Z,8,98.98,8,100,62962,1025,61.97,62492,550,33.25,63492,79,4.78,1671,99,1654,4047,8,8
1668296556,2022-11-12 17:42:36 -0600,6b8f6087b78795bf3a78d9f41460f2182b5b0a53,TX,48377,2,2022-11-09T01:00:00.000Z,FIPSCode,48377,0,2022-11-12T23:29:19.432Z,8,98.98,8,100,62962,1025,61.97,62492,550,33.25,63492,79,4.78,1671,99,1654,4047,8,8
1668296598,2022-11-12 17:43:18 -0600,7f60da92ac34debd32d0a0c9021c98afded57ef3,TX,48377,2,2022-11-09T01:00:00.000Z,FIPSCode,48377,0,2022-11-12T23:29:19.432Z,8,98.98,8,100,62962,1025,61.97,62492,550,33.25,63492,79,4.78,1671,99,1654,4047,8,8
1668296639,2022-11-12 17:43:59 -0600,19dd209287ce97704e1f27482267d8ef1e30cde7,TX,48377,2,2022-11-09T01:00:00.000Z,FIPSCode,48377,0,2022-11-12T23:29:19.432Z,8,98.98,8,100,62962,1025,61.97,62492,550,33.25,63492,79,4.78,1671,99,1654,4047,8,8
1668296681,2022-11-12 17:44:41 -0600,07c24f796770e9c214e12c9b3c7dba171957384d,TX,48377,2,2022-11-09T01:00:00.000Z,FIPSCode,48377,0,2022-11-12T23:29:19.432Z,8,98.98,8,100,62962,1025,61.97,62492,550,33.25,63492,79,4.78,1671,99,1654,4047,8,8
1668296723,2022-11-12 17:45:23 -0600,04a31a704fd7509e8922ca8d372998bef832df41,TX,48377,2,2022-11-09T01:00:00.000Z,FIPSCode,48377,0,2022-11-12T23:29:19.432Z,8,98.98,8,100,62962,1025,61.97,62492,550,33.25,63492,79,4.78,1671,99,1654,4047,8,8
1668296766,2022-11-12 17:46:06 -0600,47b0c36432ce7360c3ef418f4562532ae9a6a8fc,TX,48377,2,2022-11-09T01:00:00.000Z,FIPSCode,48377,0,2022-11-12T23:29:19.432Z,8,98.98,8,100,62962,1025,61.97,62492,550,33.25,63492,79,4.78,1671,99,1654,4047,8,8
1668296807,2022-11-12 17:46:47 -0600,3ad337bcaa006f6110ad3a77a220bbef12210f77,TX,48377,2,2022-11-09T01:00:00.000Z,FIPSCode,48377,0,2022-11-12T23:29:19.432Z,8,98.98,8,100,62962,1025,61.97,62492,550,33.25,63492,79,4.78,1671,99,1654,4047,8,8
1668296859,2022-11-12 17:47:39 -0600,dce3bae7a1ec088b9b125ac45664a014845f52d4,TX,48377,2,2022-11-09T01:00:00.000Z,FIPSCode,48377,0,2022-11-12T23:29:19.432Z,8,98.98,8,100,62962,1025,61.97,62492,550,33.25,63492,79,4.78,1671,99,1654,4047,8,8
1668296898,2022-11-12 17:48:18 -0600,dde2b5153cc3cfed1089decea8559eab704b0fbe,TX,48377,2,2022-11-09T01:00:00.000Z,FIPSCode,48377,0,2022-11-12T23:29:19.432Z,8,98.98,8,100,62962,1025,61.97,62492,550,33.25,63492,79,4.78,1671,99,1654,4047,8,8
1668296942,2022-11-12 17:49:02 -0600,9533a9ed3a72a83a688d692dc37b06c407b4a7aa,TX,48377,2,2022-11-09T01:00:00.000Z,FIPSCode,48377,0,2022-11-12T23:29:19.432Z,8,98.98,8,100,62962,1025,61.97,62492,550,33.25,63492,79,4.78,1671,99,1654,4047,8,8
1668296983,2022-11-12 17:49:43 -0600,670566b095e6876d81f61ab3c9181253d9c9b245,TX,48377,2,2022-11-09T01:00:00.000Z,FIPSCode,48377,0,2022-11-12T23:29:19.432Z,8,98.98,8,100,62962,1025,61.97,62492,550,33.25,63492,79,4.78,1671,99,1654,4047,8,8
1668297066,2022-11-12 17:51:06 -0600,852f651e0b92f34ef429a37901b56b2507af5975,TX,48377,2,2022-11-09T01:00:00.000Z,FIPSCode,48377,0,2022-11-12T23:29:19.432Z,8,98.98,8,100,62962,1025,61.97,62492,550,33.25,63492,79,4.78,1671,99,1654,4047,8,8
1668297191,2022-11-12 17:53:11 -0600,ad110933d5180f0b93e45efb1c3f349ab053a348,TX,48377,2,2022-11-09T01:00:00.000Z,FIPSCode,48377,0,2022-11-12T23:29:19.432Z,8,98.98,8,100,62962,1025,61.97,62492,550,33.25,63492,79,4.78,1671,99,1654,4047,8,8
1668297233,2022-11-12 17:53:53 -0600,1451d8971617c5618f47db60846b49794145a5af,TX,48377,2,2022-11-09T01:00:00.000Z,FIPSCode,48377,0,2022-11-12T23:29:19.432Z,8,98.98,8,100,62962,1025,61.97,62492,550,33.25,63492,79,4.78,1671,99,1654,4047,8,8
1668297275,2022-11-12 17:54:35 -0600,9aa54c6b70afe195fc33cb60e23a4dccc102e418,TX,48377,2,2022-11-09T01:00:00.000Z,FIPSCode,48377,0,2022-11-12T23:29:19.432Z,8,98.98,8,100,62962,1025,61.97,62492,550,33.25,63492,79,4.78,1671,99,1654,4047,8,8
1668297316,2022-11-12 17:55:16 -0600,ed24b715803957091d26a4bd1c5cdf833eb60b51,TX,48377,2,2022-11-09T01:00:00.000Z,FIPSCode,48377,0,2022-11-12T23:29:19.432Z,8,98.98,8,100,62962,1025,61.97,62492,550,33.25,63492,79,4.78,1671,99,1654,4047,8,8
1668297359,2022-11-12 17:55:59 -0600,48697d47b17982750c8004a845185c57e3a0a257,TX,48377,2,2022-11-09T01:00:00.000Z,FIPSCode,48377,0,2022-11-12T23:29:19.432Z,8,98.98,8,100,62962,1025,61.97,62492,550,33.25,63492,79,4.78,1671,99,1654,4047,8,8
1668297402,2022-11-12 17:56:42 -0600,7195653da21c160ae27856e829d38e93f8a54334,TX,48377,2,2022-11-09T01:00:00.000Z,FIPSCode,48377,0,2022-11-12T23:29:19.432Z,8,98.98,8,100,62962,1025,61.97,62492,550,33.25,63492,79,4.78,1671,99,1654,4047,8,8
1668297444,2022-11-12 17:57:24 -0600,2e0788ca588a6118c8a8630b97a877e16e84eba8,TX,48377,2,2022-11-09T01:00:00.000Z,FIPSCode,48377,0,2022-11-12T23:29:19.432Z,8,98.98,8,100,62962,1025,61.97,62492,550,33.25,63492,79,4.78,1671,99,1654,4047,8,8
1668297488,2022-11-12 17:58:08 -0600,03e8a9255326f25429117472be1617ce630e7903,TX,48377,2,2022-11-09T01:00:00.000Z,FIPSCode,48377,0,2022-11-12T23:29:19.432Z,8,98.98,8,100,62962,1025,61.97,62492,550,33.25,63492,79,4.78,1671,99,1654,4047,8,8
1668297529,2022-11-12 17:58:49 -0600,5d3d061c0635ba7f4e773e6808e7e817a64fde06,TX,48377,2,2022-11-09T01:00:00.000Z,FIPSCode,48377,0,2022-11-12T23:29:19.432Z,8,98.98,8,100,62962,1025,61.97,62492,550,33.25,63492,79,4.78,1671,99,1654,4047,8,8
1668297573,2022-11-12 17:59:33 -0600,1eebfb4db4efcef13663cb46ecb806a93cdf1fb6,TX,48377,2,2022-11-09T01:00:00.000Z,FIPSCode,48377,0,2022-11-12T23:29:19.432Z,8,98.98,8,100,62962,1025,61.97,62492,550,33.25,63492,79,4.78,1671,99,1654,4047,8,8
1668297616,2022-11-12 18:00:16 -0600,82d011baa9687c9ab62be617118f246e49c4b74a,TX,48377,2,2022-11-09T01:00:00.000Z,FIPSCode,48377,0,2022-11-12T23:29:19.432Z,8,98.98,8,100,62962,1025,61.97,62492,550,33.25,63492,79,4.78,1671,99,1654,4047,8,8
1668297658,2022-11-12 18:00:58 -0600,75073272083d380853c509e40f10c835e211f6db,TX,48377,2,2022-11-09T01:00:00.000Z,FIPSCode,48377,0,2022-11-12T23:29:19.432Z,8,98.98,8,100,62962,1025,61.97,62492,550,33.25,63492,79,4.78,1671,99,1654,4047,8,8
1668297700,2022-11-12 18:01:40 -0600,ca931fd7ecfd852de14bcc7a79907b8f6c5541b4,TX,48377,2,2022-11-09T01:00:00.000Z,FIPSCode,48377,0,2022-11-12T23:29:19.432Z,8,98.98,8,100,62962,1025,61.97,62492,550,33.25,63492,79,4.78,1671,99,1654,4047,8,8
1668297743,2022-11-12 18:02:23 -0600,ccbac2c91904510ca0dd7c987fe5613e00db1251,TX,48377,2,2022-11-09T01:00:00.000Z,FIPSCode,48377,0,2022-11-12T23:29:19.432Z,8,98.98,8,100,62962,1025,61.97,62492,550,33.25,63492,79,4.78,1671,99,1654,4047,8,8
1668297784,2022-11-12 18:03:04 -0600,2ade9dddec75a2437b916e6061e577c2cf5d351a,TX,48377,2,2022-11-09T01:00:00.000Z,FIPSCode,48377,0,2022-11-13T00:02:16.441Z,8,98.98,8,100,62962,1025,61.97,62492,550,33.25,63492,79,4.78,1671,99,1654,4047,8,8
1668297826,2022-11-12 18:03:46 -0600,3f15fa71497b4cc8fb5d5f695e40880b3b565786,TX,48377,2,2022-11-09T01:00:00.000Z,FIPSCode,48377,0,2022-11-13T00:02:16.441Z,8,98.98,8,100,62962,1025,61.97,62492,550,33.25,63492,79,4.78,1671,99,1654,4047,8,8
1668297868,2022-11-12 18:04:28 -0600,3f877f098bb7ef99f36490eb73b985b4b0e16508,TX,48377,2,2022-11-09T01:00:00.000Z,FIPSCode,48377,0,2022-11-13T00:03:38.234Z,8,98.98,8,100,62962,1025,61.97,62492,550,33.25,63492,79,4.78,1671,99,1654,4047,8,8
1668297910,2022-11-12 18:05:10 -0600,43eef337e4264c45d1e100e8f9b7aad4e3030beb,TX,48377,2,2022-11-09T01:00:00.000Z,FIPSCode,48377,0,2022-11-13T00:04:17.037Z,8,98.98,8,100,62962,1025,61.97,62492,550,33.25,63492,79,4.78,1671,99,1654,4047,8,8
1668297952,2022-11-12 18:05:52 -0600,ee3c05b79c610d34d104ca08f2ca419827a6172c,TX,48377,2,2022-11-09T01:00:00.000Z,FIPSCode,48377,0,2022-11-13T00:04:17.037Z,8,98.98,8,100,62962,1025,61.97,62492,550,33.25,63492,79,4.78,1671,99,1654,4047,8,8
1668297994,2022-11-12 18:06:34 -0600,3d2d56d51d067d9d4271e234e5f3ca9dd20f36c5,TX,48377,2,2022-11-09T01:00:00.000Z,FIPSCode,48377,0,2022-11-13T00:04:17.037Z,8,98.98,8,100,62962,1025,61.97,62492,550,33.25,63492,79,4.78,1671,99,1654,4047,8,8
1668298037,2022-11-12 18:07:17 -0600,d95af15fec80916063bd31093b40e968e7cedf03,TX,48377,2,2022-11-09T01:00:00.000Z,FIPSCode,48377,0,2022-11-13T00:04:17.037Z,8,98.98,8,100,62962,1025,61.97,62492,550,33.25,63492,79,4.78,1671,99,1654,4047,8,8
1668298083,2022-11-12 18:08:03 -0600,fc6d49dee5100c8008d1fbfca2845d28860498a2,TX,48377,2,2022-11-09T01:00:00.000Z,FIPSCode,48377,0,2022-11-13T00:04:17.037Z,8,98.98,8,100,62962,1025,61.97,62492,550,33.25,63492,79,4.78,1671,99,1654,4047,8,8
1668298122,2022-11-12 18:08:42 -0600,d1da5092dd454b8e05b44a93614d645aad717420,TX,48377,2,2022-11-09T01:00:00.000Z,FIPSCode,48377,0,2022-11-13T00:04:17.037Z,8,98.98,8,100,62962,1025,61.97,62492,550,33.25,63492,79,4.78,1671,99,1654,4047,8,8
1668298163,2022-11-12 18:09:23 -0600,58d800a063370110e6af5904b168f038842d2bf9,TX,48377,2,2022-11-09T01:00:00.000Z,FIPSCode,48377,0,2022-11-13T00:04:17.037Z,8,98.98,8,100,62962,1025,61.97,62492,550,33.25,63492,79,4.78,1671,99,1654,4047,8,8
1668298204,2022-11-12 18:10:04 -0600,fe12664b63b7abb7d96a1ee14b15180eb6f6dd1a,TX,48377,2,2022-11-09T01:00:00.000Z,FIPSCode,48377,0,2022-11-13T00:04:17.037Z,8,98.98,8,100,62962,1025,61.97,62492,550,33.25,63492,79,4.78,1671,99,1654,4047,8,8
1668298246,2022-11-12 18:10:46 -0600,15b61fa1cd2cb71b5588588e1d889c7473afd921,TX,48377,2,2022-11-09T01:00:00.000Z,FIPSCode,48377,0,2022-11-13T00:04:17.037Z,8,98.98,8,100,62962,1025,61.97,62492,550,33.25,63492,79,4.78,1671,99,1654,4047,8,8
1668298330,2022-11-12 18:12:10 -0600,6f390ff3bf7c1cd29a0e1c778190b918da6eeccf,TX,48377,2,2022-11-09T01:00:00.000Z,FIPSCode,48377,0,2022-11-13T00:04:17.037Z,8,98.98,8,100,62962,1025,61.97,62492,550,33.25,63492,79,4.78,1671,99,1654,4047,8,8
1668298372,2022-11-12 18:12:52 -0600,feb9f5db2a8112bfa22cdaeb546a250fcadb2b81,TX,48377,2,2022-11-09T01:00:00.000Z,FIPSCode,48377,0,2022-11-13T00:04:17.037Z,8,98.98,8,100,62962,1025,61.97,62492,550,33.25,63492,79,4.78,1671,99,1654,4047,8,8
1668298416,2022-11-12 18:13:36 -0600,67e3786f510f81e1f0db38788482dab9ec174764,TX,48377,2,2022-11-09T01:00:00.000Z,FIPSCode,48377,0,2022-11-13T00:04:17.037Z,8,98.98,8,100,62962,1025,61.97,62492,550,33.25,63492,79,4.78,1671,99,1654,4047,8,8
1668298457,2022-11-12 18:14:17 -0600,1df60c80400397a1ebf98118dea262165b1fde92,TX,48377,2,2022-11-09T01:00:00.000Z,FIPSCode,48377,0,2022-11-13T00:04:17.037Z,8,98.98,8,100,62962,1025,61.97,62492,550,33.25,63492,79,4.78,1671,99,1654,4047,8,8
1668298500,2022-11-12 18:15:00 -0600,104f92dfbb84e43ef0a4ec66413576d57f45ad39,TX,48377,2,2022-11-09T01:00:00.000Z,FIPSCode,48377,0,2022-11-13T00:14:18.379Z,8,98.98,8,100,62962,1025,61.97,62492,550,33.25,63492,79,4.78,1671,99,1654,4047,8,8
1668298542,2022-11-12 18:15:42 -0600,074edca0f9babba0ba59bd67f43e5f0e2e65902c,TX,48377,2,2022-11-09T01:00:00.000Z,FIPSCode,48377,0,2022-11-13T00:14:18.379Z,8,98.98,8,100,62962,1025,61.97,62492,550,33.25,63492,79,4.78,1671,99,1654,4047,8,8
1668298583,2022-11-12 18:16:23 -0600,5039cf0d65b36efc9d384be740f23a67503dac60,TX,48377,2,2022-11-09T01:00:00.000Z,FIPSCode,48377,0,2022-11-13T00:14:18.379Z,8,98.98,8,100,62962,1025,61.97,62492,550,33.25,63492,79,4.78,1671,99,1654,4047,8,8
1668298625,2022-11-12 18:17:05 -0600,495bc18dee7382117189dcbe3ca716eb7fecfbfd,TX,48377,2,2022-11-09T01:00:00.000Z,FIPSCode,48377,0,2022-11-13T00:16:17.877Z,8,98.98,8,100,62962,1025,61.97,62492,550,33.25,63492,79,4.78,1671,99,1654,4047,8,8
1668298667,2022-11-12 18:17:47 -0600,3e820a58ffc2edc1d2ebefba9a873508a87fe3ff,TX,48377,2,2022-11-09T01:00:00.000Z,FIPSCode,48377,0,2022-11-13T00:17:17.727Z,8,98.98,8,100,62962,1025,61.97,62492,550,33.25,63492,79,4.78,1671,99,1654,4047,8,8
1668298708,2022-11-12 18:18:28 -0600,dcfb147284369c4d40f47144b629813cdf83a334,TX,48377,2,2022-11-09T01:00:00.000Z,FIPSCode,48377,0,2022-11-13T00:17:17.727Z,8,98.98,8,100,62962,1025,61.97,62492,550,33.25,63492,79,4.78,1671,99,1654,4047,8,8
1668298750,2022-11-12 18:19:10 -0600,980423a7fb5536ddd6a692c3d5366ea215d8d154,TX,48377,2,2022-11-09T01:00:00.000Z,FIPSCode,48377,0,2022-11-13T00:18:36.155Z,8,98.98,8,100,62962,1025,61.97,62492,550,33.25,63492,79,4.78,1671,99,1654,4047,8,8
1668298793,2022-11-12 18:19:53 -0600,955364eb8f9b1f63f96b288e617bb9ef4b7c6900,TX,48377,2,2022-11-09T01:00:00.000Z,FIPSCode,48377,0,2022-11-13T00:18:36.155Z,8,98.98,8,100,62962,1025,61.97,62492,550,33.25,63492,79,4.78,1671,99,1654,4047,8,8
1668298833,2022-11-12 18:20:33 -0600,e5738d1d9d37691802d84360740774e18520d45e,TX,48377,2,2022-11-09T01:00:00.000Z,FIPSCode,48377,0,2022-11-13T00:18:36.155Z,8,98.98,8,100,62962,1025,61.97,62492,550,33.25,63492,79,4.78,1671,99,1654,4047,8,8
1668298876,2022-11-12 18:21:16 -0600,b8966f1659ea9235a51f04304eb5651af7ab4a86,TX,48377,2,2022-11-09T01:00:00.000Z,FIPSCode,48377,0,2022-11-13T00:18:36.155Z,8,98.98,8,100,62962,1025,61.97,62492,550,33.25,63492,79,4.78,1671,99,1654,4047,8,8
1668298919,2022-11-12 18:21:59 -0600,ec65128f580b059dbe10e120be13baa36f317001,TX,48377,2,2022-11-09T01:00:00.000Z,FIPSCode,48377,0,2022-11-13T00:18:36.155Z,8,98.98,8,100,62962,1025,61.97,62492,550,33.25,63492,79,4.78,1671,99,1654,4047,8,8
1668298960,2022-11-12 18:22:40 -0600,905324e6cb652ae1cc06f78058f39cc8ecb1040d,TX,48377,2,2022-11-09T01:00:00.000Z,FIPSCode,48377,0,2022-11-13T00:18:36.155Z,8,98.98,8,100,62962,1025,61.97,62492,550,33.25,63492,79,4.78,1671,99,1654,4047,8,8
1668299002,2022-11-12 18:23:22 -0600,1669f3d2f114730e9504a99ded20a006c19c1c4b,TX,48377,2,2022-11-09T01:00:00.000Z,FIPSCode,48377,0,2022-11-13T00:18:36.155Z,8,98.98,8,100,62962,1025,61.97,62492,550,33.25,63492,79,4.78,1671,99,1654,4047,8,8
1668299042,2022-11-12 18:24:02 -0600,31ac108cee6ba0b09e2c571950d1a56e5972bffa,TX,48377,2,2022-11-09T01:00:00.000Z,FIPSCode,48377,0,2022-11-13T00:18:36.155Z,8,98.98,8,100,62962,1025,61.97,62492,550,33.25,63492,79,4.78,1671,99,1654,4047,8,8
1668299084,2022-11-12 18:24:44 -0600,3835c5ff80fa7de17ae71087f6198807513c7b38,TX,48377,2,2022-11-09T01:00:00.000Z,FIPSCode,48377,0,2022-11-13T00:18:36.155Z,8,98.98,8,100,62962,1025,61.97,62492,550,33.25,63492,79,4.78,1671,99,1654,4047,8,8
1668299125,2022-11-12 18:25:25 -0600,0c6493b51b5f891f5211a3dfbd25ebd182d14b61,TX,48377,2,2022-11-09T01:00:00.000Z,FIPSCode,48377,0,2022-11-13T00:18:36.155Z,8,98.98,8,100,62962,1025,61.97,62492,550,33.25,63492,79,4.78,1671,99,1654,4047,8,8
1668299166,2022-11-12 18:26:06 -0600,eefdb76c63f761d0f4b913bcc9387cbb36ae5b76,TX,48377,2,2022-11-09T01:00:00.000Z,FIPSCode,48377,0,2022-11-13T00:18:36.155Z,8,98.98,8,100,62962,1025,61.97,62492,550,33.25,63492,79,4.78,1671,99,1654,4047,8,8
1668299208,2022-11-12 18:26:48 -0600,174a5ae6428d83b00843c2f9d63e0d3a77189ab6,TX,48377,2,2022-11-09T01:00:00.000Z,FIPSCode,48377,0,2022-11-13T00:18:36.155Z,8,98.98,8,100,62962,1025,61.97,62492,550,33.25,63492,79,4.78,1671,99,1654,4047,8,8
1668299249,2022-11-12 18:27:29 -0600,cdcf5b2722f4f5a12974151e4ffb7503fc2dd992,TX,48377,2,2022-11-09T01:00:00.000Z,FIPSCode,48377,0,2022-11-13T00:18:36.155Z,8,98.98,8,100,62962,1025,61.97,62492,550,33.25,63492,79,4.78,1671,99,1654,4047,8,8
1668299290,2022-11-12 18:28:10 -0600,448ce303cfba84108e7797565e140d660c381e89,TX,48377,2,2022-11-09T01:00:00.000Z,FIPSCode,48377,0,2022-11-13T00:18:36.155Z,8,98.98,8,100,62962,1025,61.97,62492,550,33.25,63492,79,4.78,1671,99,1654,4047,8,8
1668299332,2022-11-12 18:28:52 -0600,7f85792f7e2cdfcbc3658a90ee02ae55606d28ba,TX,48377,2,2022-11-09T01:00:00.000Z,FIPSCode,48377,0,2022-11-13T00:18:36.155Z,8,98.98,8,100,62962,1025,61.97,62492,550,33.25,63492,79,4.78,1671,99,1654,4047,8,8
1668299375,2022-11-12 18:29:35 -0600,9a6d649a1228e9cb62e52f55de93a23168b6717e,TX,48377,2,2022-11-09T01:00:00.000Z,FIPSCode,48377,0,2022-11-13T00:18:36.155Z,8,98.98,8,100,62962,1025,61.97,62492,550,33.25,63492,79,4.78,1671,99,1654,4047,8,8
1668299415,2022-11-12 18:30:15 -0600,95b72b55bb8038eef7529a9eff45b774e3078ebe,TX,48377,2,2022-11-09T01:00:00.000Z,FIPSCode,48377,0,2022-11-13T00:18:36.155Z,8,98.98,8,100,62962,1025,61.97,62492,550,33.25,63492,79,4.78,1671,99,1654,4047,8,8
1668299457,2022-11-12 18:30:57 -0600,c917671e58ec493abc624735eeb8014873cddc33,TX,48377,2,2022-11-09T01:00:00.000Z,FIPSCode,48377,0,2022-11-13T00:18:36.155Z,8,98.98,8,100,62962,1025,61.97,62492,550,33.25,63492,79,4.78,1671,99,1654,4047,8,8
1668299541,2022-11-12 18:32:21 -0600,33751c56d30ff8b7f7f4e3e0f037778d70e4b520,TX,48377,2,2022-11-09T01:00:00.000Z,FIPSCode,48377,0,2022-11-13T00:18:36.155Z,8,98.98,8,100,62962,1025,61.97,62492,550,33.25,63492,79,4.78,1671,99,1654,4047,8,8
1668299583,2022-11-12 18:33:03 -0600,440d6ffb33a46bdc083defa27f5913de53264bf5,TX,48377,2,2022-11-09T01:00:00.000Z,FIPSCode,48377,0,2022-11-13T00:18:36.155Z,8,98.98,8,100,62962,1025,61.97,62492,550,33.25,63492,79,4.78,1671,99,1654,4047,8,8
1668299624,2022-11-12 18:33:44 -0600,5e1158324d73ac7113c6646831fa15f3903c82b2,TX,48377,2,2022-11-09T01:00:00.000Z,FIPSCode,48377,0,2022-11-13T00:18:36.155Z,8,98.98,8,100,62962,1025,61.97,62492,550,33.25,63492,79,4.78,1671,99,1654,4047,8,8
1668299666,2022-11-12 18:34:26 -0600,b296942803be066641a6ea798e2245c04da320ca,TX,48377,2,2022-11-09T01:00:00.000Z,FIPSCode,48377,0,2022-11-13T00:18:36.155Z,8,98.98,8,100,62962,1025,61.97,62492,550,33.25,63492,79,4.78,1671,99,1654,4047,8,8
1668299709,2022-11-12 18:35:09 -0600,4e8bd4acb82151ba7aa7e743496964ceca42281e,TX,48377,2,2022-11-09T01:00:00.000Z,FIPSCode,48377,0,2022-11-13T00:18:36.155Z,8,98.98,8,100,62962,1025,61.97,62492,550,33.25,63492,79,4.78,1671,99,1654,4047,8,8
1668299750,2022-11-12 18:35:50 -0600,256545f5c558bcf24062794653db204b1cda4af5,TX,48377,2,2022-11-09T01:00:00.000Z,FIPSCode,48377,0,2022-11-13T00:18:36.155Z,8,98.98,8,100,62962,1025,61.97,62492,550,33.25,63492,79,4.78,1671,99,1654,4047,8,8
1668299792,2022-11-12 18:36:32 -0600,9aefc873d11d1b144710a3ecbea2268d86e39453,TX,48377,2,2022-11-09T01:00:00.000Z,FIPSCode,48377,0,2022-11-13T00:36:17.288Z,8,98.98,8,100,62962,1025,61.97,62492,550,33.25,63492,79,4.78,1671,99,1654,4047,8,8
1668299834,2022-11-12 18:37:14 -0600,e1d32ddb56fdad34a158bd96e63d0459fa3222f7,TX,48377,2,2022-11-09T01:00:00.000Z,FIPSCode,48377,0,2022-11-13T00:36:17.288Z,8,98.98,8,100,62962,1025,61.97,62492,550,33.25,63492,79,4.78,1671,99,1654,4047,8,8
1668299875,2022-11-12 18:37:55 -0600,aad56ad78c2c87aef006be5782337d2e76933e7f,TX,48377,2,2022-11-09T01:00:00.000Z,FIPSCode,48377,0,2022-11-13T00:37:16.524Z,8,98.98,8,100,62962,1025,61.97,62492,550,33.25,63492,79,4.78,1671,99,1654,4047,8,8
1668299917,2022-11-12 18:38:37 -0600,209ee9e6e0f5f281bb6691f4394b71fb29b58470,TX,48377,2,2022-11-09T01:00:00.000Z,FIPSCode,48377,0,2022-11-13T00:37:16.524Z,8,98.98,8,100,62962,1025,61.97,62492,550,33.25,63492,79,4.78,1671,99,1654,4047,8,8
1668299959,2022-11-12 18:39:19 -0600,9d21242b186349d2d18ef4054a81917eee6882f9,TX,48377,2,2022-11-09T01:00:00.000Z,FIPSCode,48377,0,2022-11-13T00:38:36.511Z,8,98.98,8,100,62962,1025,61.97,62492,550,33.25,63492,79,4.78,1671,99,1654,4047,8,8
1668300001,2022-11-12 18:40:01 -0600,3501dbca97ab20f822e9e103b4ba63d4a799acec,TX,48377,2,2022-11-09T01:00:00.000Z,FIPSCode,48377,0,2022-11-13T00:38:36.511Z,8,98.98,8,100,62962,1025,61.97,62492,550,33.25,63492,79,4.78,1671,99,1654,4047,8,8
1668300043,2022-11-12 18:40:43 -0600,93a68fc8ea92c86bd6bd1c1039e36e7f25ac19a0,TX,48377,2,2022-11-09T01:00:00.000Z,FIPSCode,48377,0,2022-11-13T00:38:36.511Z,8,98.98,8,100,62962,1025,61.97,62492,550,33.25,63492,79,4.78,1671,99,1654,4047,8,8
1668300126,2022-11-12 18:42:06 -0600,d9c30160b538d52beeb00f30ee46bc821ca1e593,TX,48377,2,2022-11-09T01:00:00.000Z,FIPSCode,48377,0,2022-11-13T00:38:36.511Z,8,98.98,8,100,62962,1025,61.97,62492,550,33.25,63492,79,4.78,1671,99,1654,4047,8,8
1668300168,2022-11-12 18:42:48 -0600,86949b58608aa48871a22eb3665a533b19979d88,TX,48377,2,2022-11-09T01:00:00.000Z,FIPSCode,48377,0,2022-11-13T00:38:36.511Z,8,98.98,8,100,62962,1025,61.97,62492,550,33.25,63492,79,4.78,1671,99,1654,4047,8,8
1668300211,2022-11-12 18:43:31 -0600,231ce8cd2b1e92fe0749d37b9152377520005dc8,TX,48377,2,2022-11-09T01:00:00.000Z,FIPSCode,48377,0,2022-11-13T00:38:36.511Z,8,98.98,8,100,62962,1025,61.97,62492,550,33.25,63492,79,4.78,1671,99,1654,4047,8,8
1668300381,2022-11-12 18:46:21 -0600,03818eba087b51355ab98d1866aee704f76425f7,TX,48377,2,2022-11-09T01:00:00.000Z,FIPSCode,48377,0,2022-11-13T00:38:36.511Z,8,98.98,8,100,62962,1025,61.97,62492,550,33.25,63492,79,4.78,1671,99,1654,4047,8,8
1668300422,2022-11-12 18:47:02 -0600,5e1125392273356e641bba47bcd708fed8274ab0,TX,48377,2,2022-11-09T01:00:00.000Z,FIPSCode,48377,0,2022-11-13T00:38:36.511Z,8,98.98,8,100,62962,1025,61.97,62492,550,33.25,63492,79,4.78,1671,99,1654,4047,8,8
1668300465,2022-11-12 18:47:45 -0600,c22872607987a1c5a479aa222ac6a268bdf41644,TX,48377,2,2022-11-09T01:00:00.000Z,FIPSCode,48377,0,2022-11-13T00:38:36.511Z,8,98.98,8,100,62962,1025,61.97,62492,550,33.25,63492,79,4.78,1671,99,1654,4047,8,8
1668300548,2022-11-12 18:49:08 -0600,5deba2eaeedc80d8fd13e411c8b81a3b470b5774,TX,48377,2,2022-11-09T01:00:00.000Z,FIPSCode,48377,0,2022-11-13T00:38:36.511Z,8,98.98,8,100,62962,1025,61.97,62492,550,33.25,63492,79,4.78,1671,99,1654,4047,8,8
1668300589,2022-11-12 18:49:49 -0600,6168b00dc2ed91efd143b793f52370fc5e894c62,TX,48377,2,2022-11-09T01:00:00.000Z,FIPSCode,48377,0,2022-11-13T00:38:36.511Z,8,98.98,8,100,62962,1025,61.97,62492,550,33.25,63492,79,4.78,1671,99,1654,4047,8,8
1668300672,2022-11-12 18:51:12 -0600,d6413abd7d04825e19bdf24fa5a9c3f6f7d08ea8,TX,48377,2,2022-11-09T01:00:00.000Z,FIPSCode,48377,0,2022-11-13T00:38:36.511Z,8,98.98,8,100,62962,1025,61.97,62492,550,33.25,63492,79,4.78,1671,99,1654,4047,8,8
1668300714,2022-11-12 18:51:54 -0600,d84012cd5d1989a0f5a4c5d2b1036b3ed8015e6c,TX,48377,2,2022-11-09T01:00:00.000Z,FIPSCode,48377,0,2022-11-13T00:38:36.511Z,8,98.98,8,100,62962,1025,61.97,62492,550,33.25,63492,79,4.78,1671,99,1654,4047,8,8
1668300757,2022-11-12 18:52:37 -0600,6667d2c5bbe902cd827270ea99eb9d99fd28fda3,TX,48377,2,2022-11-09T01:00:00.000Z,FIPSCode,48377,0,2022-11-13T00:38:36.511Z,8,98.98,8,100,62962,1025,61.97,62492,550,33.25,63492,79,4.78,1671,99,1654,4047,8,8
1668300798,2022-11-12 18:53:18 -0600,ec38ff68da295cdadbf00302d4095f57bdb1c0c3,TX,48377,2,2022-11-09T01:00:00.000Z,FIPSCode,48377,0,2022-11-13T00:38:36.511Z,8,98.98,8,100,62962,1025,61.97,62492,550,33.25,63492,79,4.78,1671,99,1654,4047,8,8
1668300842,2022-11-12 18:54:02 -0600,4c990ca989287262c9d7e25fbdc5777365c887dd,TX,48377,2,2022-11-09T01:00:00.000Z,FIPSCode,48377,0,2022-11-13T00:38:36.511Z,8,98.98,8,100,62962,1025,61.97,62492,550,33.25,63492,79,4.78,1671,99,1654,4047,8,8
1668300884,2022-11-12 18:54:44 -0600,3ee928bc5f28edf767741776b4e9c485c85c24b2,TX,48377,2,2022-11-09T01:00:00.000Z,FIPSCode,48377,0,2022-11-13T00:38:36.511Z,8,98.98,8,100,62962,1025,61.97,62492,550,33.25,63492,79,4.78,1671,99,1654,4047,8,8
1668300926,2022-11-12 18:55:26 -0600,57db82157307264b0a1e9893619fb25968f4d154,TX,48377,2,2022-11-09T01:00:00.000Z,FIPSCode,48377,0,2022-11-13T00:38:36.511Z,8,98.98,8,100,62962,1025,61.97,62492,550,33.25,63492,79,4.78,1671,99,1654,4047,8,8
1668300967,2022-11-12 18:56:07 -0600,35d71af6b3df5c6c794b6c138c420cab3c4e1523,TX,48377,2,2022-11-09T01:00:00.000Z,FIPSCode,48377,0,2022-11-13T00:38:36.511Z,8,98.98,8,100,62962,1025,61.97,62492,550,33.25,63492,79,4.78,1671,99,1654,4047,8,8
1668301010,2022-11-12 18:56:50 -0600,6e2cf2d0491045a11f7b875525d137cf6026d0d5,TX,48377,2,2022-11-09T01:00:00.000Z,FIPSCode,48377,0,2022-11-13T00:38:36.511Z,8,98.98,8,100,62962,1025,61.97,62492,550,33.25,63492,79,4.78,1671,99,1654,4047,8,8
1668301051,2022-11-12 18:57:31 -0600,6aa0f726a349aff656c0a34c06bab4a083405c9e,TX,48377,2,2022-11-09T01:00:00.000Z,FIPSCode,48377,0,2022-11-13T00:38:36.511Z,8,98.98,8,100,62962,1025,61.97,62492,550,33.25,63492,79,4.78,1671,99,1654,4047,8,8
1668301094,2022-11-12 18:58:14 -0600,9db3b90318db1cf35c930795d79c0b89d3d213e3,TX,48377,2,2022-11-09T01:00:00.000Z,FIPSCode,48377,0,2022-11-13T00:38:36.511Z,8,98.98,8,100,62962,1025,61.97,62492,550,33.25,63492,79,4.78,1671,99,1654,4047,8,8
1668301135,2022-11-12 18:58:55 -0600,de606159407cf76a567bccf0cfe39ed49683f1bc,TX,48377,2,2022-11-09T01:00:00.000Z,FIPSCode,48377,0,2022-11-13T00:38:36.511Z,8,98.98,8,100,62962,1025,61.97,62492,550,33.25,63492,79,4.78,1671,99,1654,4047,8,8
1668301177,2022-11-12 18:59:37 -0600,5b70f2ea937c031cc0e3649c0cb7a37279b26f0a,TX,48377,2,2022-11-09T01:00:00.000Z,FIPSCode,48377,0,2022-11-13T00:38:36.511Z,8,98.98,8,100,62962,1025,61.97,62492,550,33.25,63492,79,4.78,1671,99,1654,4047,8,8
1668301219,2022-11-12 19:00:19 -0600,a18e62fe55f9afef831fcb19213ce6320b539e3a,TX,48377,2,2022-11-09T01:00:00.000Z,FIPSCode,48377,0,2022-11-13T00:38:36.511Z,8,98.98,8,100,62962,1025,61.97,62492,550,33.25,63492,79,4.78,1671,99,1654,4047,8,8
1668301260,2022-11-12 19:01:00 -0600,82ac6e64f89506735a77c62326fbf46e7eebf095,TX,48377,2,2022-11-09T01:00:00.000Z,FIPSCode,48377,0,2022-11-13T00:38:36.511Z,8,98.98,8,100,62962,1025,61.97,62492,550,33.25,63492,79,4.78,1671,99,1654,4047,8,8
1668301302,2022-11-12 19:01:42 -0600,ecea6755d4cb7410d829cdaac9ec39dd030a8cb9,TX,48377,2,2022-11-09T01:00:00.000Z,FIPSCode,48377,0,2022-11-13T00:38:36.511Z,8,98.98,8,100,62962,1025,61.97,62492,550,33.25,63492,79,4.78,1671,99,1654,4047,8,8
1668301345,2022-11-12 19:02:25 -0600,7b43d809c6899d314131f5cbeb965b0fb35b4a28,TX,48377,2,2022-11-09T01:00:00.000Z,FIPSCode,48377,0,2022-11-13T00:38:36.511Z,8,98.98,8,100,62962,1025,61.97,62492,550,33.25,63492,79,4.78,1671,99,1654,4047,8,8
1668301388,2022-11-12 19:03:08 -0600,43c5979a257f907bad4d844d713e24936616253a,TX,48377,2,2022-11-09T01:00:00.000Z,FIPSCode,48377,0,2022-11-13T00:38:36.511Z,8,98.98,8,100,62962,1025,61.97,62492,550,33.25,63492,79,4.78,1671,99,1654,4047,8,8
1668301430,2022-11-12 19:03:50 -0600,8f18143db72057b8d3f65bdae03809f2ea0a6601,TX,48377,2,2022-11-09T01:00:00.000Z,FIPSCode,48377,0,2022-11-13T01:03:17.295Z,8,98.98,8,100,62962,1025,61.97,62492,550,33.25,63492,79,4.78,1671,99,1654,4047,8,8
1668301472,2022-11-12 19:04:32 -0600,5bb9d1a265b96ba0bd3e4f1356efafefde8c49f8,TX,48377,2,2022-11-09T01:00:00.000Z,FIPSCode,48377,0,2022-11-13T01:03:17.295Z,8,98.98,8,100,62962,1025,61.97,62492,550,33.25,63492,79,4.78,1671,99,1654,4047,8,8
1668301515,2022-11-12 19:05:15 -0600,0df9a45e6d03e12536f09d74e9bf434e5acbd3a6,TX,48377,2,2022-11-09T01:00:00.000Z,FIPSCode,48377,0,2022-11-13T01:04:41.907Z,8,98.98,8,100,62962,1025,61.97,62492,550,33.25,63492,79,4.78,1671,99,1654,4047,8,8
1668301555,2022-11-12 19:05:55 -0600,404f9bd8d712e3a2f6af2b57416b08749f0866f6,TX,48377,2,2022-11-09T01:00:00.000Z,FIPSCode,48377,0,2022-11-13T01:05:17.615Z,8,98.98,8,100,62962,1025,61.97,62492,550,33.25,63492,79,4.78,1671,99,1654,4047,8,8
1668301596,2022-11-12 19:06:36 -0600,5ec0436eb98cd1bd5eac683dc0de95b6ba46b04d,TX,48377,2,2022-11-09T01:00:00.000Z,FIPSCode,48377,0,2022-11-13T01:05:17.615Z,8,98.98,8,100,62962,1025,61.97,62492,550,33.25,63492,79,4.78,1671,99,1654,4047,8,8
1668301637,2022-11-12 19:07:17 -0600,ed32daf76b9ca1b2350bd88276c2de1e58cd3c1e,TX,48377,2,2022-11-09T01:00:00.000Z,FIPSCode,48377,0,2022-11-13T01:05:17.615Z,8,98.98,8,100,62962,1025,61.97,62492,550,33.25,63492,79,4.78,1671,99,1654,4047,8,8
1668301678,2022-11-12 19:07:58 -0600,2b311309ccb65d29c3557734f030ef831c5c52a5,TX,48377,2,2022-11-09T01:00:00.000Z,FIPSCode,48377,0,2022-11-13T01:05:17.615Z,8,98.98,8,100,62962,1025,61.97,62492,550,33.25,63492,79,4.78,1671,99,1654,4047,8,8
1668301720,2022-11-12 19:08:40 -0600,5bbb8c72b76eaacff92d487dd67f34202f734852,TX,48377,2,2022-11-09T01:00:00.000Z,FIPSCode,48377,0,2022-11-13T01:05:17.615Z,8,98.98,8,100,62962,1025,61.97,62492,550,33.25,63492,79,4.78,1671,99,1654,4047,8,8
1668301760,2022-11-12 19:09:20 -0600,b401828a61581539e8985c7bbe238684c5157898,TX,48377,2,2022-11-09T01:00:00.000Z,FIPSCode,48377,0,2022-11-13T01:05:17.615Z,8,98.98,8,100,62962,1025,61.97,62492,550,33.25,63492,79,4.78,1671,99,1654,4047,8,8
1668301802,2022-11-12 19:10:02 -0600,2ba40096b91539c4803e9ee4e93114e47a31922a,TX,48377,2,2022-11-09T01:00:00.000Z,FIPSCode,48377,0,2022-11-13T01:05:17.615Z,8,98.98,8,100,62962,1025,61.97,62492,550,33.25,63492,79,4.78,1671,99,1654,4047,8,8
1668301843,2022-11-12 19:10:43 -0600,e0e1bbd9cffa20dde21844dc386f4e84f3abdb6c,TX,48377,2,2022-11-09T01:00:00.000Z,FIPSCode,48377,0,2022-11-13T01:05:17.615Z,8,98.98,8,100,62962,1025,61.97,62492,550,33.25,63492,79,4.78,1671,99,1654,4047,8,8
1668301883,2022-11-12 19:11:23 -0600,f2841596af3ddc48952743c1d3a1d5eb0950093d,TX,48377,2,2022-11-09T01:00:00.000Z,FIPSCode,48377,0,2022-11-13T01:05:17.615Z,8,98.98,8,100,62962,1025,61.97,62492,550,33.25,63492,79,4.78,1671,99,1654,4047,8,8
1668301925,2022-11-12 19:12:05 -0600,e300371466c78c334d3fc7493d914bde5096f0b0,TX,48377,2,2022-11-09T01:00:00.000Z,FIPSCode,48377,0,2022-11-13T01:05:17.615Z,8,98.98,8,100,62962,1025,61.97,62492,550,33.25,63492,79,4.78,1671,99,1654,4047,8,8
1668301966,2022-11-12 19:12:46 -0600,20958ce077d7c0f500486cb876ad5e3eed1f7cdd,TX,48377,2,2022-11-09T01:00:00.000Z,FIPSCode,48377,0,2022-11-13T01:05:17.615Z,8,98.98,8,100,62962,1025,61.97,62492,550,33.25,63492,79,4.78,1671,99,1654,4047,8,8
1668302007,2022-11-12 19:13:27 -0600,12ddd60ab1516fcbbdda4c1ba15e0a2a020158f2,TX,48377,2,2022-11-09T01:00:00.000Z,FIPSCode,48377,0,2022-11-13T01:05:17.615Z,8,98.98,8,100,62962,1025,61.97,62492,550,33.25,63492,79,4.78,1671,99,1654,4047,8,8
1668302047,2022-11-12 19:14:07 -0600,fccd4e33a9e0e19106e174e3bc006019d63ca7f8,TX,48377,2,2022-11-09T01:00:00.000Z,FIPSCode,48377,0,2022-11-13T01:05:17.615Z,8,98.98,8,100,62962,1025,61.97,62492,550,33.25,63492,79,4.78,1671,99,1654,4047,8,8
1668302088,2022-11-12 19:14:48 -0600,7ac698ebb4e3ec5e0410e7323a2ad49254a18d5a,TX,48377,2,2022-11-09T01:00:00.000Z,FIPSCode,48377,0,2022-11-13T01:05:17.615Z,8,98.98,8,100,62962,1025,61.97,62492,550,33.25,63492,79,4.78,1671,99,1654,4047,8,8
1668302129,2022-11-12 19:15:29 -0600,d06388f5cbb321516f195743ca21521eb3d86620,TX,48377,2,2022-11-09T01:00:00.000Z,FIPSCode,48377,0,2022-11-13T01:05:17.615Z,8,98.98,8,100,62962,1025,61.97,62492,550,33.25,63492,79,4.78,1671,99,1654,4047,8,8
1668302170,2022-11-12 19:16:10 -0600,5622e986e1ae88b870383bfc14b043793403cfbb,TX,48377,2,2022-11-09T01:00:00.000Z,FIPSCode,48377,0,2022-11-13T01:05:17.615Z,8,98.98,8,100,62962,1025,61.97,62492,550,33.25,63492,79,4.78,1671,99,1654,4047,8,8
1668302211,2022-11-12 19:16:51 -0600,d64163af85f18d820eea5d2d6d9c8dc68b34f83d,TX,48377,2,2022-11-09T01:00:00.000Z,FIPSCode,48377,0,2022-11-13T01:05:17.615Z,8,98.98,8,100,62962,1025,61.97,62492,550,33.25,63492,79,4.78,1671,99,1654,4047,8,8
1668302252,2022-11-12 19:17:32 -0600,6d181ed7df91f3d089724023508d5dfb0a5105d6,TX,48377,2,2022-11-09T01:00:00.000Z,FIPSCode,48377,0,2022-11-13T01:05:17.615Z,8,98.98,8,100,62962,1025,61.97,62492,550,33.25,63492,79,4.78,1671,99,1654,4047,8,8
1668302293,2022-11-12 19:18:13 -0600,e9da78573740901ba5c61baa025277e38aa1a948,TX,48377,2,2022-11-09T01:00:00.000Z,FIPSCode,48377,0,2022-11-13T01:05:17.615Z,8,98.98,8,100,62962,1025,61.97,62492,550,33.25,63492,79,4.78,1671,99,1654,4047,8,8
1668302334,2022-11-12 19:18:54 -0600,73f23852fad0ed5683f1fee2bf141f5cf3e3325a,TX,48377,2,2022-11-09T01:00:00.000Z,FIPSCode,48377,0,2022-11-13T01:05:17.615Z,8,98.98,8,100,62962,1025,61.97,62492,550,33.25,63492,79,4.78,1671,99,1654,4047,8,8
1668302417,2022-11-12 19:20:17 -0600,f2cf7e735f2c2f0cf92fd631ea54c6af36c26bfc,TX,48377,2,2022-11-09T01:00:00.000Z,FIPSCode,48377,0,2022-11-13T01:05:17.615Z,8,98.98,8,100,62962,1025,61.97,62492,550,33.25,63492,79,4.78,1671,99,1654,4047,8,8
1668302459,2022-11-12 19:20:59 -0600,2d8811ab1b03d83237cef09d5602934397f99f56,TX,48377,2,2022-11-09T01:00:00.000Z,FIPSCode,48377,0,2022-11-13T01:05:17.615Z,8,98.98,8,100,62962,1025,61.97,62492,550,33.25,63492,79,4.78,1671,99,1654,4047,8,8
1668302501,2022-11-12 19:21:41 -0600,dc4378b0952d2c1d54763ea3687a4a87e32951e5,TX,48377,2,2022-11-09T01:00:00.000Z,FIPSCode,48377,0,2022-11-13T01:05:17.615Z,8,98.98,8,100,62962,1025,61.97,62492,550,33.25,63492,79,4.78,1671,99,1654,4047,8,8
1668302543,2022-11-12 19:22:23 -0600,6e68f5450327342bb549790edec0632fa2cab841,TX,48377,2,2022-11-09T01:00:00.000Z,FIPSCode,48377,0,2022-11-13T01:05:17.615Z,8,98.98,8,100,62962,1025,61.97,62492,550,33.25,63492,79,4.78,1671,99,1654,4047,8,8
1668302584,2022-11-12 19:23:04 -0600,9735acba3eea3a44095e083856aae6f6599f8d6e,TX,48377,2,2022-11-09T01:00:00.000Z,FIPSCode,48377,0,2022-11-13T01:05:17.615Z,8,98.98,8,100,62962,1025,61.97,62492,550,33.25,63492,79,4.78,1671,99,1654,4047,8,8
1668302626,2022-11-12 19:23:46 -0600,b8bfc0076949718769a163f00d91a6a78e997364,TX,48377,2,2022-11-09T01:00:00.000Z,FIPSCode,48377,0,2022-11-13T01:05:17.615Z,8,98.98,8,100,62962,1025,61.97,62492,550,33.25,63492,79,4.78,1671,99,1654,4047,8,8
1668302667,2022-11-12 19:24:27 -0600,6deaafc2ae29b266f274de8f599e024362db1aad,TX,48377,2,2022-11-09T01:00:00.000Z,FIPSCode,48377,0,2022-11-13T01:05:17.615Z,8,98.98,8,100,62962,1025,61.97,62492,550,33.25,63492,79,4.78,1671,99,1654,4047,8,8
1668302710,2022-11-12 19:25:10 -0600,583aaf8fef85a4e507fc134ea1d98f1402d7157b,TX,48377,2,2022-11-09T01:00:00.000Z,FIPSCode,48377,0,2022-11-13T01:05:17.615Z,8,98.98,8,100,62962,1025,61.97,62492,550,33.25,63492,79,4.78,1671,99,1654,4047,8,8
1668302750,2022-11-12 19:25:50 -0600,cfe6c62ff59b6dbaad27a5228aa021686122ff65,TX,48377,2,2022-11-09T01:00:00.000Z,FIPSCode,48377,0,2022-11-13T01:05:17.615Z,8,98.98,8,100,62962,1025,61.97,62492,550,33.25,63492,79,4.78,1671,99,1654,4047,8,8
1668302793,2022-11-12 19:26:33 -0600,b35d8bc11ffac6aa9687131be372e2c8bcece6c7,TX,48377,2,2022-11-09T01:00:00.000Z,FIPSCode,48377,0,2022-11-13T01:05:17.615Z,8,98.98,8,100,62962,1025,61.97,62492,550,33.25,63492,79,4.78,1671,99,1654,4047,8,8
1668302834,2022-11-12 19:27:14 -0600,c67e0aaf1533720860a32977d2a3b9f5a3a58983,TX,48377,2,2022-11-09T01:00:00.000Z,FIPSCode,48377,0,2022-11-13T01:05:17.615Z,8,98.98,8,100,62962,1025,61.97,62492,550,33.25,63492,79,4.78,1671,99,1654,4047,8,8
1668302878,2022-11-12 19:27:58 -0600,1674defc641a64646f195c0ab137bb512b169680,TX,48377,2,2022-11-09T01:00:00.000Z,FIPSCode,48377,0,2022-11-13T01:05:17.615Z,8,98.98,8,100,62962,1025,61.97,62492,550,33.25,63492,79,4.78,1671,99,1654,4047,8,8
1668302919,2022-11-12 19:28:39 -0600,82adb40b5e81cd124d2aaca8b5a7f349588e59e0,TX,48377,2,2022-11-09T01:00:00.000Z,FIPSCode,48377,0,2022-11-13T01:05:17.615Z,8,98.98,8,100,62962,1025,61.97,62492,550,33.25,63492,79,4.78,1671,99,1654,4047,8,8
1668302962,2022-11-12 19:29:22 -0600,5cc333ba722963ad5ae711959be36bb56e52b2ce,TX,48377,2,2022-11-09T01:00:00.000Z,FIPSCode,48377,0,2022-11-13T01:05:17.615Z,8,98.98,8,100,62962,1025,61.97,62492,550,33.25,63492,79,4.78,1671,99,1654,4047,8,8
1668303004,2022-11-12 19:30:04 -0600,619c51e37f9ad8b09cb25af03c1e4971b5b8197a,TX,48377,2,2022-11-09T01:00:00.000Z,FIPSCode,48377,0,2022-11-13T01:05:17.615Z,8,98.98,8,100,62962,1025,61.97,62492,550,33.25,63492,79,4.78,1671,99,1654,4047,8,8
1668303047,2022-11-12 19:30:47 -0600,6d3ac01f605e63c6bd493d5cd68f160eed484f35,TX,48377,2,2022-11-09T01:00:00.000Z,FIPSCode,48377,0,2022-11-13T01:05:17.615Z,8,98.98,8,100,62962,1025,61.97,62492,550,33.25,63492,79,4.78,1671,99,1654,4047,8,8
1668303088,2022-11-12 19:31:28 -0600,23299d246886ffbd26c9fe43933758c96caf8db1,TX,48377,2,2022-11-09T01:00:00.000Z,FIPSCode,48377,0,2022-11-13T01:05:17.615Z,8,98.98,8,100,62962,1025,61.97,62492,550,33.25,63492,79,4.78,1671,99,1654,4047,8,8
1668303130,2022-11-12 19:32:10 -0600,2af369a4fd96e90f47d9dbc832afd2af0789c1e8,TX,48377,2,2022-11-09T01:00:00.000Z,FIPSCode,48377,0,2022-11-13T01:05:17.615Z,8,98.98,8,100,62962,1025,61.97,62492,550,33.25,63492,79,4.78,1671,99,1654,4047,8,8
1668303173,2022-11-12 19:32:53 -0600,873e60fe10f28edb8c9f9b630bf3be8979c0fef6,TX,48377,2,2022-11-09T01:00:00.000Z,FIPSCode,48377,0,2022-11-13T01:05:17.615Z,8,98.98,8,100,62962,1025,61.97,62492,550,33.25,63492,79,4.78,1671,99,1654,4047,8,8
1668303215,2022-11-12 19:33:35 -0600,50fcf0bb3cda5559ba49740898ca16127066ba8b,TX,48377,2,2022-11-09T01:00:00.000Z,FIPSCode,48377,0,2022-11-13T01:05:17.615Z,8,98.98,8,100,62962,1025,61.97,62492,550,33.25,63492,79,4.78,1671,99,1654,4047,8,8
1668303256,2022-11-12 19:34:16 -0600,181ad17160bf10c143e74ab624d4539d10f3f216,TX,48377,2,2022-11-09T01:00:00.000Z,FIPSCode,48377,0,2022-11-13T01:05:17.615Z,8,98.98,8,100,62962,1025,61.97,62492,550,33.25,63492,79,4.78,1671,99,1654,4047,8,8
1668303298,2022-11-12 19:34:58 -0600,9a7dd83b299fdb8b4fad4b16d3ae79f3d96fea24,TX,48377,2,2022-11-09T01:00:00.000Z,FIPSCode,48377,0,2022-11-13T01:05:17.615Z,8,98.98,8,100,62962,1025,61.97,62492,550,33.25,63492,79,4.78,1671,99,1654,4047,8,8
1668303339,2022-11-12 19:35:39 -0600,6653bab781619e920a5c261404cad7b0213a0962,TX,48377,2,2022-11-09T01:00:00.000Z,FIPSCode,48377,0,2022-11-13T01:05:17.615Z,8,98.98,8,100,62962,1025,61.97,62492,550,33.25,63492,79,4.78,1671,99,1654,4047,8,8
1668303382,2022-11-12 19:36:22 -0600,1731690ca7582fcf73c79615c4f3bd700f678bc6,TX,48377,2,2022-11-09T01:00:00.000Z,FIPSCode,48377,0,2022-11-13T01:05:17.615Z,8,98.98,8,100,62962,1025,61.97,62492,550,33.25,63492,79,4.78,1671,99,1654,4047,8,8
1668303425,2022-11-12 19:37:05 -0600,25e2e221d2005d815d433c3e9d6249f8c579686c,TX,48377,2,2022-11-09T01:00:00.000Z,FIPSCode,48377,0,2022-11-13T01:05:17.615Z,8,98.98,8,100,62962,1025,61.97,62492,550,33.25,63492,79,4.78,1671,99,1654,4047,8,8
1668303468,2022-11-12 19:37:48 -0600,dc87b8efb578af0e35ba0f431eed69b23217ea17,TX,48377,2,2022-11-09T01:00:00.000Z,FIPSCode,48377,0,2022-11-13T01:05:17.615Z,8,98.98,8,100,62962,1025,61.97,62492,550,33.25,63492,79,4.78,1671,99,1654,4047,8,8
1668303761,2022-11-12 19:42:41 -0600,31b0f94c68df452bf3cc9ff970a9cc765964ab24,TX,48377,2,2022-11-09T01:00:00.000Z,FIPSCode,48377,0,2022-11-13T01:42:17.093Z,8,98.98,8,100,62962,1025,61.97,62492,550,33.25,63492,79,4.78,1671,99,1654,4047,8,8
1668303844,2022-11-12 19:44:04 -0600,f545c1155eacba848db314f8a5a54e433dcb7732,TX,48377,2,2022-11-09T01:00:00.000Z,FIPSCode,48377,0,2022-11-13T01:42:17.093Z,8,98.98,8,100,62962,1025,61.97,62492,550,33.25,63492,79,4.78,1671,99,1654,4047,8,8
1668303886,2022-11-12 19:44:46 -0600,13506ebb2f75f093b75534d0a8ff22184362cf42,TX,48377,2,2022-11-09T01:00:00.000Z,FIPSCode,48377,0,2022-11-13T01:42:17.093Z,8,98.98,8,100,62962,1025,61.97,62492,550,33.25,63492,79,4.78,1671,99,1654,4047,8,8
1668303927,2022-11-12 19:45:27 -0600,e3e8fbae0cf48ca00de90bd7e02536f84e629ffd,TX,48377,2,2022-11-09T01:00:00.000Z,FIPSCode,48377,0,2022-11-13T01:42:17.093Z,8,98.98,8,100,62962,1025,61.97,62492,550,33.25,63492,79,4.78,1671,99,1654,4047,8,8
1668303969,2022-11-12 19:46:09 -0600,9d1fc273354133056b285dc62e3495e198ceeb3e,TX,48377,2,2022-11-09T01:00:00.000Z,FIPSCode,48377,0,2022-11-13T01:42:17.093Z,8,98.98,8,100,62962,1025,61.97,62492,550,33.25,63492,79,4.78,1671,99,1654,4047,8,8
1668304010,2022-11-12 19:46:50 -0600,b4e92c3531a333d2576ef83c70f13fbe0b1c2b78,TX,48377,2,2022-11-09T01:00:00.000Z,FIPSCode,48377,0,2022-11-13T01:46:19.864Z,8,98.98,8,100,62962,1025,61.97,62492,550,33.25,63492,79,4.78,1671,99,1654,4047,8,8
1668304053,2022-11-12 19:47:33 -0600,df48677f9be2ece9340d7440f88a8b150952b603,TX,48377,2,2022-11-09T01:00:00.000Z,FIPSCode,48377,0,2022-11-13T01:47:16.975Z,8,98.98,8,100,62962,1025,61.97,62492,550,33.25,63492,79,4.78,1671,99,1654,4047,8,8
1668304093,2022-11-12 19:48:13 -0600,54f8df269aab94c302679ff81a289b805e0a97f2,TX,48377,2,2022-11-09T01:00:00.000Z,FIPSCode,48377,0,2022-11-13T01:47:16.975Z,8,98.98,8,100,62962,1025,61.97,62492,550,33.25,63492,79,4.78,1671,99,1654,4047,8,8
1668304134,2022-11-12 19:48:54 -0600,ca95cda04072ddcc36cb6eeb49fa75f55ed7c266,TX,48377,2,2022-11-09T01:00:00.000Z,FIPSCode,48377,0,2022-11-13T01:48:17.609Z,8,98.98,8,100,62962,1025,61.97,62492,550,33.25,63492,79,4.78,1671,99,1654,4047,8,8
1668304175,2022-11-12 19:49:35 -0600,0ab3b982a5ea8dd9f6cc933cc5a61385dd504b7a,TX,48377,2,2022-11-09T01:00:00.000Z,FIPSCode,48377,0,2022-11-13T01:49:17.252Z,8,98.98,8,100,62962,1025,61.97,62492,550,33.25,63492,79,4.78,1671,99,1654,4047,8,8
1668304216,2022-11-12 19:50:16 -0600,716c19b24008c1edab504efb0d694980a77f69de,TX,48377,2,2022-11-09T01:00:00.000Z,FIPSCode,48377,0,2022-11-13T01:49:17.252Z,8,98.98,8,100,62962,1025,61.97,62492,550,33.25,63492,79,4.78,1671,99,1654,4047,8,8
1668304257,2022-11-12 19:50:57 -0600,cc4f67f0498341c156639db2eefbdc8143c5c525,TX,48377,2,2022-11-09T01:00:00.000Z,FIPSCode,48377,0,2022-11-13T01:49:17.252Z,8,98.98,8,100,62962,1025,61.97,62492,550,33.25,63492,79,4.78,1671,99,1654,4047,8,8
1668304298,2022-11-12 19:51:38 -0600,0ac095d122b55504054dba5db2ac8ee4404994d1,TX,48377,2,2022-11-09T01:00:00.000Z,FIPSCode,48377,0,2022-11-13T01:49:17.252Z,8,98.98,8,100,62962,1025,61.97,62492,550,33.25,63492,79,4.78,1671,99,1654,4047,8,8
1668304339,2022-11-12 19:52:19 -0600,f8dbfdb6e169773d90b55c86d05eb415d01edbba,TX,48377,2,2022-11-09T01:00:00.000Z,FIPSCode,48377,0,2022-11-13T01:49:17.252Z,8,98.98,8,100,62962,1025,61.97,62492,550,33.25,63492,79,4.78,1671,99,1654,4047,8,8
1668304379,2022-11-12 19:52:59 -0600,8cd5e0d906a53b6a80d221fe53c40628d11e9387,TX,48377,2,2022-11-09T01:00:00.000Z,FIPSCode,48377,0,2022-11-13T01:49:17.252Z,8,98.98,8,100,62962,1025,61.97,62492,550,33.25,63492,79,4.78,1671,99,1654,4047,8,8
1668304420,2022-11-12 19:53:40 -0600,8e683f571776d5eb07571e14f29b2fa69a1464ba,TX,48377,2,2022-11-09T01:00:00.000Z,FIPSCode,48377,0,2022-11-13T01:49:17.252Z,8,98.98,8,100,62962,1025,61.97,62492,550,33.25,63492,79,4.78,1671,99,1654,4047,8,8
1668304460,2022-11-12 19:54:20 -0600,008b5e139728e1a97d7169a0a16bc1e7dbf3d640,TX,48377,2,2022-11-09T01:00:00.000Z,FIPSCode,48377,0,2022-11-13T01:49:17.252Z,8,98.98,8,100,62962,1025,61.97,62492,550,33.25,63492,79,4.78,1671,99,1654,4047,8,8
1668304502,2022-11-12 19:55:02 -0600,2999095cdfc7b3651949585d1d2e890d626345e4,TX,48377,2,2022-11-09T01:00:00.000Z,FIPSCode,48377,0,2022-11-13T01:49:17.252Z,8,98.98,8,100,62962,1025,61.97,62492,550,33.25,63492,79,4.78,1671,99,1654,4047,8,8
1668304542,2022-11-12 19:55:42 -0600,02c9eb5cd484af0fdf0cfc9c6e6468ae3954425d,TX,48377,2,2022-11-09T01:00:00.000Z,FIPSCode,48377,0,2022-11-13T01:49:17.252Z,8,98.98,8,100,62962,1025,61.97,62492,550,33.25,63492,79,4.78,1671,99,1654,4047,8,8
1668304583,2022-11-12 19:56:23 -0600,67ac82849c1c325af708f8901ce4a8532ec2d10f,TX,48377,2,2022-11-09T01:00:00.000Z,FIPSCode,48377,0,2022-11-13T01:49:17.252Z,8,98.98,8,100,62962,1025,61.97,62492,550,33.25,63492,79,4.78,1671,99,1654,4047,8,8
1668304624,2022-11-12 19:57:04 -0600,b6fad4eff6a378160fc0089578042457eee4a532,TX,48377,2,2022-11-09T01:00:00.000Z,FIPSCode,48377,0,2022-11-13T01:49:17.252Z,8,98.98,8,100,62962,1025,61.97,62492,550,33.25,63492,79,4.78,1671,99,1654,4047,8,8
1668304665,2022-11-12 19:57:45 -0600,79abaf854636eddfe6a13045d22c4d5b7916e57e,TX,48377,2,2022-11-09T01:00:00.000Z,FIPSCode,48377,0,2022-11-13T01:49:17.252Z,8,98.98,8,100,62962,1025,61.97,62492,550,33.25,63492,79,4.78,1671,99,1654,4047,8,8
1668304706,2022-11-12 19:58:26 -0600,db2de431c7e0d3f2380d771283ff32643aacb4bf,TX,48377,2,2022-11-09T01:00:00.000Z,FIPSCode,48377,0,2022-11-13T01:49:17.252Z,8,98.98,8,100,62962,1025,61.97,62492,550,33.25,63492,79,4.78,1671,99,1654,4047,8,8
1668304747,2022-11-12 19:59:07 -0600,434165085b649fa1bdd300d658189300fb60d1d0,TX,48377,2,2022-11-09T01:00:00.000Z,FIPSCode,48377,0,2022-11-13T01:49:17.252Z,8,98.98,8,100,62962,1025,61.97,62492,550,33.25,63492,79,4.78,1671,99,1654,4047,8,8
1668304787,2022-11-12 19:59:47 -0600,3e9c6e2bf06e6a183890708f8ee93ea990f6ade3,TX,48377,2,2022-11-09T01:00:00.000Z,FIPSCode,48377,0,2022-11-13T01:49:17.252Z,8,98.98,8,100,62962,1025,61.97,62492,550,33.25,63492,79,4.78,1671,99,1654,4047,8,8
1668304829,2022-11-12 20:00:29 -0600,b49690491b90d5e0cd6e36ebe9f988d57b87662e,TX,48377,2,2022-11-09T01:00:00.000Z,FIPSCode,48377,0,2022-11-13T01:49:17.252Z,8,98.98,8,100,62962,1025,61.97,62492,550,33.25,63492,79,4.78,1671,99,1654,4047,8,8
1668304869,2022-11-12 20:01:09 -0600,fb036f6d9b29b110fa90d29c4a424037105ae709,TX,48377,2,2022-11-09T01:00:00.000Z,FIPSCode,48377,0,2022-11-13T01:49:17.252Z,8,98.98,8,100,62962,1025,61.97,62492,550,33.25,63492,79,4.78,1671,99,1654,4047,8,8
1668304910,2022-11-12 20:01:50 -0600,5d63eadfb6488e8071627ca590db87f312ed0524,TX,48377,2,2022-11-09T01:00:00.000Z,FIPSCode,48377,0,2022-11-13T01:49:17.252Z,8,98.98,8,100,62962,1025,61.97,62492,550,33.25,63492,79,4.78,1671,99,1654,4047,8,8
1668304953,2022-11-12 20:02:33 -0600,4b9be2dade996dc9f153947146fb3c4445455a8f,TX,48377,2,2022-11-09T01:00:00.000Z,FIPSCode,48377,0,2022-11-13T01:49:17.252Z,8,98.98,8,100,62962,1025,61.97,62492,550,33.25,63492,79,4.78,1671,99,1654,4047,8,8
1668304994,2022-11-12 20:03:14 -0600,a98da1780fdd39ccabd3ae832e2276b848794324,TX,48377,2,2022-11-09T01:00:00.000Z,FIPSCode,48377,0,2022-11-13T01:49:17.252Z,8,98.98,8,100,62962,1025,61.97,62492,550,33.25,63492,79,4.78,1671,99,1654,4047,8,8
1668305039,2022-11-12 20:03:59 -0600,770ab5fb4a07eef034ec56d7bc3b5f1dd890c8ba,TX,48377,2,2022-11-09T01:00:00.000Z,FIPSCode,48377,0,2022-11-13T01:49:17.252Z,8,98.98,8,100,62962,1025,61.97,62492,550,33.25,63492,79,4.78,1671,99,1654,4047,8,8
1668305079,2022-11-12 20:04:39 -0600,b8467b3be1a64cd1d066fafd97cde523d935c8c5,TX,48377,2,2022-11-09T01:00:00.000Z,FIPSCode,48377,0,2022-11-13T01:49:17.252Z,8,98.98,8,100,62962,1025,61.97,62492,550,33.25,63492,79,4.78,1671,99,1654,4047,8,8
1668305120,2022-11-12 20:05:20 -0600,61e80319ed222d57bb9a5eefcd0458438539743e,TX,48377,2,2022-11-09T01:00:00.000Z,FIPSCode,48377,0,2022-11-13T01:49:17.252Z,8,98.98,8,100,62962,1025,61.97,62492,550,33.25,63492,79,4.78,1671,99,1654,4047,8,8
1668305162,2022-11-12 20:06:02 -0600,e42ab425b041599d804c1d6f2b2e160b4736ef55,TX,48377,2,2022-11-09T01:00:00.000Z,FIPSCode,48377,0,2022-11-13T01:49:17.252Z,8,98.98,8,100,62962,1025,61.97,62492,550,33.25,63492,79,4.78,1671,99,1654,4047,8,8
1668305203,2022-11-12 20:06:43 -0600,fb1d698ef1ae0975229545ab71daeb84fd2a8476,TX,48377,2,2022-11-09T01:00:00.000Z,FIPSCode,48377,0,2022-11-13T02:06:18.849Z,8,98.98,8,100,62962,1025,61.97,62492,550,33.25,63492,79,4.78,1671,99,1654,4047,8,8
1668305285,2022-11-12 20:08:05 -0600,8204d3e86f83e9dfefc38452be068cbe2da3e360,TX,48377,2,2022-11-09T01:00:00.000Z,FIPSCode,48377,0,2022-11-13T02:07:18.232Z,8,98.98,8,100,62962,1025,61.97,62492,550,33.25,63492,79,4.78,1671,99,1654,4047,8,8
1668305326,2022-11-12 20:08:46 -0600,f090d9af89b13b8f74ea004dadc90a5ecbb56ff0,TX,48377,2,2022-11-09T01:00:00.000Z,FIPSCode,48377,0,2022-11-13T02:08:16.882Z,8,98.98,8,100,62962,1025,61.97,62492,550,33.25,63492,79,4.78,1671,99,1654,4047,8,8
1668305367,2022-11-12 20:09:27 -0600,79d80b70a7885ce6df6b60734938b69d23b42085,TX,48377,2,2022-11-09T01:00:00.000Z,FIPSCode,48377,0,2022-11-13T02:08:16.882Z,8,98.98,8,100,62962,1025,61.97,62492,550,33.25,63492,79,4.78,1671,99,1654,4047,8,8
1668305409,2022-11-12 20:10:09 -0600,abd88f30db3f2bd5955a8a8d3a8f8d228012a7d8,TX,48377,2,2022-11-09T01:00:00.000Z,FIPSCode,48377,0,2022-11-13T02:08:16.882Z,8,98.98,8,100,62962,1025,61.97,62492,550,33.25,63492,79,4.78,1671,99,1654,4047,8,8
1668305450,2022-11-12 20:10:50 -0600,baedbdd1c4fe358cefc5c6761d1abb04a87b3ff9,TX,48377,2,2022-11-09T01:00:00.000Z,FIPSCode,48377,0,2022-11-13T02:08:16.882Z,8,98.98,8,100,62962,1025,61.97,62492,550,33.25,63492,79,4.78,1671,99,1654,4047,8,8
1668305492,2022-11-12 20:11:32 -0600,65df9ea3839ab31d2f291348f650ed852a4022e3,TX,48377,2,2022-11-09T01:00:00.000Z,FIPSCode,48377,0,2022-11-13T02:08:16.882Z,8,98.98,8,100,62962,1025,61.97,62492,550,33.25,63492,79,4.78,1671,99,1654,4047,8,8
1668305533,2022-11-12 20:12:13 -0600,a8941595ea0e005eb0d863fc2abcd544f059aa8a,TX,48377,2,2022-11-09T01:00:00.000Z,FIPSCode,48377,0,2022-11-13T02:08:16.882Z,8,98.98,8,100,62962,1025,61.97,62492,550,33.25,63492,79,4.78,1671,99,1654,4047,8,8
1668305573,2022-11-12 20:12:53 -0600,d5689cc2b56f9d5d30b09a2504df48db6484afd7,TX,48377,2,2022-11-09T01:00:00.000Z,FIPSCode,48377,0,2022-11-13T02:08:16.882Z,8,98.98,8,100,62962,1025,61.97,62492,550,33.25,63492,79,4.78,1671,99,1654,4047,8,8
1668305615,2022-11-12 20:13:35 -0600,3178f81770af23cf4f923325b7f4b5856f05fe2f,TX,48377,2,2022-11-09T01:00:00.000Z,FIPSCode,48377,0,2022-11-13T02:08:16.882Z,8,98.98,8,100,62962,1025,61.97,62492,550,33.25,63492,79,4.78,1671,99,1654,4047,8,8
1668305656,2022-11-12 20:14:16 -0600,a98855f8c38a2038007d91749aa0f74e7e365de4,TX,48377,2,2022-11-09T01:00:00.000Z,FIPSCode,48377,0,2022-11-13T02:08:16.882Z,8,98.98,8,100,62962,1025,61.97,62492,550,33.25,63492,79,4.78,1671,99,1654,4047,8,8
1668305697,2022-11-12 20:14:57 -0600,bfa61912793398dfd6f65aa8a68f5d3d0d785135,TX,48377,2,2022-11-09T01:00:00.000Z,FIPSCode,48377,0,2022-11-13T02:08:16.882Z,8,98.98,8,100,62962,1025,61.97,62492,550,33.25,63492,79,4.78,1671,99,1654,4047,8,8
1668305739,2022-11-12 20:15:39 -0600,6d5b09912a024ccac6147670b83584c9c0b634bc,TX,48377,2,2022-11-09T01:00:00.000Z,FIPSCode,48377,0,2022-11-13T02:08:16.882Z,8,98.98,8,100,62962,1025,61.97,62492,550,33.25,63492,79,4.78,1671,99,1654,4047,8,8
1668305780,2022-11-12 20:16:20 -0600,44fb14093d9873c2e9294613f6d761a292e426c7,TX,48377,2,2022-11-09T01:00:00.000Z,FIPSCode,48377,0,2022-11-13T02:08:16.882Z,8,98.98,8,100,62962,1025,61.97,62492,550,33.25,63492,79,4.78,1671,99,1654,4047,8,8
1668305822,2022-11-12 20:17:02 -0600,4311d6e19846c429268af793a5e18977947409a0,TX,48377,2,2022-11-09T01:00:00.000Z,FIPSCode,48377,0,2022-11-13T02:08:16.882Z,8,98.98,8,100,62962,1025,61.97,62492,550,33.25,63492,79,4.78,1671,99,1654,4047,8,8
1668305904,2022-11-12 20:18:24 -0600,01bbb3941be837728a0d847512260d07606b380a,TX,48377,2,2022-11-09T01:00:00.000Z,FIPSCode,48377,0,2022-11-13T02:08:16.882Z,8,98.98,8,100,62962,1025,61.97,62492,550,33.25,63492,79,4.78,1671,99,1654,4047,8,8
1668305945,2022-11-12 20:19:05 -0600,2abdeaf7eb2991c62d3fddb474411c016fdaf552,TX,48377,2,2022-11-09T01:00:00.000Z,FIPSCode,48377,0,2022-11-13T02:08:16.882Z,8,98.98,8,100,62962,1025,61.97,62492,550,33.25,63492,79,4.78,1671,99,1654,4047,8,8
1668305986,2022-11-12 20:19:46 -0600,9785860719a78f95d791325d19d858fbd6ed5ada,TX,48377,2,2022-11-09T01:00:00.000Z,FIPSCode,48377,0,2022-11-13T02:08:16.882Z,8,98.98,8,100,62962,1025,61.97,62492,550,33.25,63492,79,4.78,1671,99,1654,4047,8,8
1668306027,2022-11-12 20:20:27 -0600,91b6839be83c0443364396aa7752bb67f554bdb0,TX,48377,2,2022-11-09T01:00:00.000Z,FIPSCode,48377,0,2022-11-13T02:08:16.882Z,8,98.98,8,100,62962,1025,61.97,62492,550,33.25,63492,79,4.78,1671,99,1654,4047,8,8
1668306069,2022-11-12 20:21:09 -0600,af8d0bc8e13b444de440f71c4b24f0458544eb47,TX,48377,2,2022-11-09T01:00:00.000Z,FIPSCode,48377,0,2022-11-13T02:08:16.882Z,8,98.98,8,100,62962,1025,61.97,62492,550,33.25,63492,79,4.78,1671,99,1654,4047,8,8
1668306110,2022-11-12 20:21:50 -0600,0ad63af89c28f56d65f4816c8ae411dba9027de3,TX,48377,2,2022-11-09T01:00:00.000Z,FIPSCode,48377,0,2022-11-13T02:08:16.882Z,8,98.98,8,100,62962,1025,61.97,62492,550,33.25,63492,79,4.78,1671,99,1654,4047,8,8
1668306152,2022-11-12 20:22:32 -0600,baabc81509fdeda4381897c6cdf152b676363810,TX,48377,2,2022-11-09T01:00:00.000Z,FIPSCode,48377,0,2022-11-13T02:08:16.882Z,8,98.98,8,100,62962,1025,61.97,62492,550,33.25,63492,79,4.78,1671,99,1654,4047,8,8
1668306193,2022-11-12 20:23:13 -0600,25b773c5a1978480253b7260a27c0a157b15ef31,TX,48377,2,2022-11-09T01:00:00.000Z,FIPSCode,48377,0,2022-11-13T02:08:16.882Z,8,98.98,8,100,62962,1025,61.97,62492,550,33.25,63492,79,4.78,1671,99,1654,4047,8,8
1668306234,2022-11-12 20:23:54 -0600,6b0fa66cdf5e4ed4d8c92c261b445db5fa23790c,TX,48377,2,2022-11-09T01:00:00.000Z,FIPSCode,48377,0,2022-11-13T02:08:16.882Z,8,98.98,8,100,62962,1025,61.97,62492,550,33.25,63492,79,4.78,1671,99,1654,4047,8,8
1668306317,2022-11-12 20:25:17 -0600,5d413bb698873e7fd74d85d3ae98a7722a850b0e,TX,48377,2,2022-11-09T01:00:00.000Z,FIPSCode,48377,0,2022-11-13T02:08:16.882Z,8,98.98,8,100,62962,1025,61.97,62492,550,33.25,63492,79,4.78,1671,99,1654,4047,8,8
1668306443,2022-11-12 20:27:23 -0600,6f0359f32750c4fa3cd4fd52d1f078a2f719d6f6,TX,48377,2,2022-11-09T01:00:00.000Z,FIPSCode,48377,0,2022-11-13T02:08:16.882Z,8,98.98,8,100,62962,1025,61.97,62492,550,33.25,63492,79,4.78,1671,99,1654,4047,8,8
1668306483,2022-11-12 20:28:03 -0600,78487edce71210b139f7cb829b62c76284fff79d,TX,48377,2,2022-11-09T01:00:00.000Z,FIPSCode,48377,0,2022-11-13T02:08:16.882Z,8,98.98,8,100,62962,1025,61.97,62492,550,33.25,63492,79,4.78,1671,99,1654,4047,8,8
1668306523,2022-11-12 20:28:43 -0600,3339c5c986309ed6fd3538670acd76b784f78cac,TX,48377,2,2022-11-09T01:00:00.000Z,FIPSCode,48377,0,2022-11-13T02:08:16.882Z,8,98.98,8,100,62962,1025,61.97,62492,550,33.25,63492,79,4.78,1671,99,1654,4047,8,8
1668306565,2022-11-12 20:29:25 -0600,dff72d135233904a489ea24f4648907a110aa064,TX,48377,2,2022-11-09T01:00:00.000Z,FIPSCode,48377,0,2022-11-13T02:08:16.882Z,8,98.98,8,100,62962,1025,61.97,62492,550,33.25,63492,79,4.78,1671,99,1654,4047,8,8
1668306606,2022-11-12 20:30:06 -0600,40f429b91f599fc743ac192a263af3829888b2fb,TX,48377,2,2022-11-09T01:00:00.000Z,FIPSCode,48377,0,2022-11-13T02:08:16.882Z,8,98.98,8,100,62962,1025,61.97,62492,550,33.25,63492,79,4.78,1671,99,1654,4047,8,8
1668306647,2022-11-12 20:30:47 -0600,67b7e6e2813a48bad6489371cbc0c32ca7cdc6fd,TX,48377,2,2022-11-09T01:00:00.000Z,FIPSCode,48377,0,2022-11-13T02:08:16.882Z,8,98.98,8,100,62962,1025,61.97,62492,550,33.25,63492,79,4.78,1671,99,1654,4047,8,8
1668306688,2022-11-12 20:31:28 -0600,806707a07a16cc897bcbbc20e5ebcd6a465f0791,TX,48377,2,2022-11-09T01:00:00.000Z,FIPSCode,48377,0,2022-11-13T02:08:16.882Z,8,98.98,8,100,62962,1025,61.97,62492,550,33.25,63492,79,4.78,1671,99,1654,4047,8,8
1668306731,2022-11-12 20:32:11 -0600,345f07b07279c6083166a56b105c6586afff954f,TX,48377,2,2022-11-09T01:00:00.000Z,FIPSCode,48377,0,2022-11-13T02:08:16.882Z,8,98.98,8,100,62962,1025,61.97,62492,550,33.25,63492,79,4.78,1671,99,1654,4047,8,8
1668306773,2022-11-12 20:32:53 -0600,ef47e8f95bbdb362066c87e48315b1de5addb1b2,TX,48377,2,2022-11-09T01:00:00.000Z,FIPSCode,48377,0,2022-11-13T02:08:16.882Z,8,98.98,8,100,62962,1025,61.97,62492,550,33.25,63492,79,4.78,1671,99,1654,4047,8,8
1668306815,2022-11-12 20:33:35 -0600,b4912b1ecfcf3cbbf6368e4d93a3d2838857a1cf,TX,48377,2,2022-11-09T01:00:00.000Z,FIPSCode,48377,0,2022-11-13T02:08:16.882Z,8,98.98,8,100,62962,1025,61.97,62492,550,33.25,63492,79,4.78,1671,99,1654,4047,8,8
1668306856,2022-11-12 20:34:16 -0600,051d5982d53ad1d1b91711c75739a0d2cf378c02,TX,48377,2,2022-11-09T01:00:00.000Z,FIPSCode,48377,0,2022-11-13T02:08:16.882Z,8,98.98,8,100,62962,1025,61.97,62492,550,33.25,63492,79,4.78,1671,99,1654,4047,8,8
1668306899,2022-11-12 20:34:59 -0600,1719e98f47ed4052e3c3f50eab6bfd9ad3656ae9,TX,48377,2,2022-11-09T01:00:00.000Z,FIPSCode,48377,0,2022-11-13T02:08:16.882Z,8,98.98,8,100,62962,1025,61.97,62492,550,33.25,63492,79,4.78,1671,99,1654,4047,8,8
1668306940,2022-11-12 20:35:40 -0600,feecdde0675db7eca47beb2ef681891d69d799cc,TX,48377,2,2022-11-09T01:00:00.000Z,FIPSCode,48377,0,2022-11-13T02:08:16.882Z,8,98.98,8,100,62962,1025,61.97,62492,550,33.25,63492,79,4.78,1671,99,1654,4047,8,8
1668306982,2022-11-12 20:36:22 -0600,d9177d879c567b6f1a00c3c831fa2fff1f66f39f,TX,48377,2,2022-11-09T01:00:00.000Z,FIPSCode,48377,0,2022-11-13T02:08:16.882Z,8,98.98,8,100,62962,1025,61.97,62492,550,33.25,63492,79,4.78,1671,99,1654,4047,8,8
1668307024,2022-11-12 20:37:04 -0600,ac7424ff1bd07079458d9f40bcf8dda5a3c220ec,TX,48377,2,2022-11-09T01:00:00.000Z,FIPSCode,48377,0,2022-11-13T02:08:16.882Z,8,98.98,8,100,62962,1025,61.97,62492,550,33.25,63492,79,4.78,1671,99,1654,4047,8,8
1668307066,2022-11-12 20:37:46 -0600,010a919e34e43fa7f2f3e0db2d405b960523d6a4,TX,48377,2,2022-11-09T01:00:00.000Z,FIPSCode,48377,0,2022-11-13T02:08:16.882Z,8,98.98,8,100,62962,1025,61.97,62492,550,33.25,63492,79,4.78,1671,99,1654,4047,8,8
1668307107,2022-11-12 20:38:27 -0600,2cfb8c9d15cb5c80115cfab5c2f55c9f164e497d,TX,48377,2,2022-11-09T01:00:00.000Z,FIPSCode,48377,0,2022-11-13T02:08:16.882Z,8,98.98,8,100,62962,1025,61.97,62492,550,33.25,63492,79,4.78,1671,99,1654,4047,8,8
1668307148,2022-11-12 20:39:08 -0600,29d99651dbede30dbc113f71256661ac9080ef01,TX,48377,2,2022-11-09T01:00:00.000Z,FIPSCode,48377,0,2022-11-13T02:08:16.882Z,8,98.98,8,100,62962,1025,61.97,62492,550,33.25,63492,79,4.78,1671,99,1654,4047,8,8
1668307190,2022-11-12 20:39:50 -0600,79f096d0da042c29dd82765342dc953af119d053,TX,48377,2,2022-11-09T01:00:00.000Z,FIPSCode,48377,0,2022-11-13T02:08:16.882Z,8,98.98,8,100,62962,1025,61.97,62492,550,33.25,63492,79,4.78,1671,99,1654,4047,8,8
1668307232,2022-11-12 20:40:32 -0600,f33fb2078073d1cae1f31a79a1a57c197fb8da2b,TX,48377,2,2022-11-09T01:00:00.000Z,FIPSCode,48377,0,2022-11-13T02:08:16.882Z,8,98.98,8,100,62962,1025,61.97,62492,550,33.25,63492,79,4.78,1671,99,1654,4047,8,8
1668307274,2022-11-12 20:41:14 -0600,c576c9e25e15ac588165e452ebeb934a70791032,TX,48377,2,2022-11-09T01:00:00.000Z,FIPSCode,48377,0,2022-11-13T02:08:16.882Z,8,98.98,8,100,62962,1025,61.97,62492,550,33.25,63492,79,4.78,1671,99,1654,4047,8,8
1668307315,2022-11-12 20:41:55 -0600,30ee0352207ddd8a1d1cd48efa8f7f7370e6409e,TX,48377,2,2022-11-09T01:00:00.000Z,FIPSCode,48377,0,2022-11-13T02:08:16.882Z,8,98.98,8,100,62962,1025,61.97,62492,550,33.25,63492,79,4.78,1671,99,1654,4047,8,8
1668307357,2022-11-12 20:42:37 -0600,f49d44cb4fba4a007a1e1e1e28f0b6fcfd069bcc,TX,48377,2,2022-11-09T01:00:00.000Z,FIPSCode,48377,0,2022-11-13T02:08:16.882Z,8,98.98,8,100,62962,1025,61.97,62492,550,33.25,63492,79,4.78,1671,99,1654,4047,8,8
1668307398,2022-11-12 20:43:18 -0600,b77b240d31e2975c5d258136ae1cd1b330213cdd,TX,48377,2,2022-11-09T01:00:00.000Z,FIPSCode,48377,0,2022-11-13T02:08:16.882Z,8,98.98,8,100,62962,1025,61.97,62492,550,33.25,63492,79,4.78,1671,99,1654,4047,8,8
1668307439,2022-11-12 20:43:59 -0600,54461a74ede125c479e7aed33a2355ca32735921,TX,48377,2,2022-11-09T01:00:00.000Z,FIPSCode,48377,0,2022-11-13T02:08:16.882Z,8,98.98,8,100,62962,1025,61.97,62492,550,33.25,63492,79,4.78,1671,99,1654,4047,8,8
1668307481,2022-11-12 20:44:41 -0600,7f44debaf6b45898a46a1275a433476006990539,TX,48377,2,2022-11-09T01:00:00.000Z,FIPSCode,48377,0,2022-11-13T02:08:16.882Z,8,98.98,8,100,62962,1025,61.97,62492,550,33.25,63492,79,4.78,1671,99,1654,4047,8,8
1668307523,2022-11-12 20:45:23 -0600,8cdb7827a89f6f845e1c06a06cf4e2ccec4acd6f,TX,48377,2,2022-11-09T01:00:00.000Z,FIPSCode,48377,0,2022-11-13T02:08:16.882Z,8,98.98,8,100,62962,1025,61.97,62492,550,33.25,63492,79,4.78,1671,99,1654,4047,8,8
1668307564,2022-11-12 20:46:04 -0600,c6c450a3c033562a60dc1417a78d1391bfd1ea1b,TX,48377,2,2022-11-09T01:00:00.000Z,FIPSCode,48377,0,2022-11-13T02:08:16.882Z,8,98.98,8,100,62962,1025,61.97,62492,550,33.25,63492,79,4.78,1671,99,1654,4047,8,8
1668307606,2022-11-12 20:46:46 -0600,481b24221fa4602552c4deb3fa2f8d1530ac50b3,TX,48377,2,2022-11-09T01:00:00.000Z,FIPSCode,48377,0,2022-11-13T02:08:16.882Z,8,98.98,8,100,62962,1025,61.97,62492,550,33.25,63492,79,4.78,1671,99,1654,4047,8,8
1668307646,2022-11-12 20:47:26 -0600,0217746693261054b815c0ef6a3031b4ed9021be,TX,48377,2,2022-11-09T01:00:00.000Z,FIPSCode,48377,0,2022-11-13T02:08:16.882Z,8,98.98,8,100,62962,1025,61.97,62492,550,33.25,63492,79,4.78,1671,99,1654,4047,8,8
1668307687,2022-11-12 20:48:07 -0600,67b58c4a9a5487111d84c080e8e5cdb98d9e9367,TX,48377,2,2022-11-09T01:00:00.000Z,FIPSCode,48377,0,2022-11-13T02:08:16.882Z,8,98.98,8,100,62962,1025,61.97,62492,550,33.25,63492,79,4.78,1671,99,1654,4047,8,8
1668307729,2022-11-12 20:48:49 -0600,d2e8a5e0d11807834e209b107907f5d82880b033,TX,48377,2,2022-11-09T01:00:00.000Z,FIPSCode,48377,0,2022-11-13T02:08:16.882Z,8,98.98,8,100,62962,1025,61.97,62492,550,33.25,63492,79,4.78,1671,99,1654,4047,8,8
1668307770,2022-11-12 20:49:30 -0600,3ebe1d94974dae55c95792920e1dae289f1a019e,TX,48377,2,2022-11-09T01:00:00.000Z,FIPSCode,48377,0,2022-11-13T02:08:16.882Z,8,98.98,8,100,62962,1025,61.97,62492,550,33.25,63492,79,4.78,1671,99,1654,4047,8,8
1668307812,2022-11-12 20:50:12 -0600,4b833a99a06585b92f68ef37c28ad3076ba5747c,TX,48377,2,2022-11-09T01:00:00.000Z,FIPSCode,48377,0,2022-11-13T02:08:16.882Z,8,98.98,8,100,62962,1025,61.97,62492,550,33.25,63492,79,4.78,1671,99,1654,4047,8,8
1668307854,2022-11-12 20:50:54 -0600,ba62529e2787b8f4d1f32bff28c445a787826701,TX,48377,2,2022-11-09T01:00:00.000Z,FIPSCode,48377,0,2022-11-13T02:08:16.882Z,8,98.98,8,100,62962,1025,61.97,62492,550,33.25,63492,79,4.78,1671,99,1654,4047,8,8
1668308020,2022-11-12 20:53:40 -0600,7266129b4aa81c102bea51c256cb38f30ad1469b,TX,48377,2,2022-11-09T01:00:00.000Z,FIPSCode,48377,0,2022-11-13T02:08:16.882Z,8,98.98,8,100,62962,1025,61.97,62492,550,33.25,63492,79,4.78,1671,99,1654,4047,8,8
1668308104,2022-11-12 20:55:04 -0600,f0d1c324cf58bbc8c6249f9f9343914ee56c6321,TX,48377,2,2022-11-09T01:00:00.000Z,FIPSCode,48377,0,2022-11-13T02:08:16.882Z,8,98.98,8,100,62962,1025,61.97,62492,550,33.25,63492,79,4.78,1671,99,1654,4047,8,8
1668308186,2022-11-12 20:56:26 -0600,c436a2ffcd739d83b8180edba7de5414630fb289,TX,48377,2,2022-11-09T01:00:00.000Z,FIPSCode,48377,0,2022-11-13T02:08:16.882Z,8,98.98,8,100,62962,1025,61.97,62492,550,33.25,63492,79,4.78,1671,99,1654,4047,8,8
1668308228,2022-11-12 20:57:08 -0600,77195d4c6f5ea530b3f75728cf77bea85145711f,TX,48377,2,2022-11-09T01:00:00.000Z,FIPSCode,48377,0,2022-11-13T02:08:16.882Z,8,98.98,8,100,62962,1025,61.97,62492,550,33.25,63492,79,4.78,1671,99,1654,4047,8,8
1668308269,2022-11-12 20:57:49 -0600,05dd271fbb065db15edb1c1eed0bdb1948b6fcdc,TX,48377,2,2022-11-09T01:00:00.000Z,FIPSCode,48377,0,2022-11-13T02:08:16.882Z,8,98.98,8,100,62962,1025,61.97,62492,550,33.25,63492,79,4.78,1671,99,1654,4047,8,8
1668308312,2022-11-12 20:58:32 -0600,16eec23e0a0c96cc88438bd007593745326c911f,TX,48377,2,2022-11-09T01:00:00.000Z,FIPSCode,48377,0,2022-11-13T02:08:16.882Z,8,98.98,8,100,62962,1025,61.97,62492,550,33.25,63492,79,4.78,1671,99,1654,4047,8,8
1668308353,2022-11-12 20:59:13 -0600,0ecfc464b95664b10b3a94ec1d213c922b0ffe4d,TX,48377,2,2022-11-09T01:00:00.000Z,FIPSCode,48377,0,2022-11-13T02:08:16.882Z,8,98.98,8,100,62962,1025,61.97,62492,550,33.25,63492,79,4.78,1671,99,1654,4047,8,8
1668308395,2022-11-12 20:59:55 -0600,04c2a07f8d869f08a7c969435587a14127592d6c,TX,48377,2,2022-11-09T01:00:00.000Z,FIPSCode,48377,0,2022-11-13T02:08:16.882Z,8,98.98,8,100,62962,1025,61.97,62492,550,33.25,63492,79,4.78,1671,99,1654,4047,8,8
1668308438,2022-11-12 21:00:38 -0600,133acf778884a827795b03e88338bbd414e6e364,TX,48377,2,2022-11-09T01:00:00.000Z,FIPSCode,48377,0,2022-11-13T02:08:16.882Z,8,98.98,8,100,62962,1025,61.97,62492,550,33.25,63492,79,4.78,1671,99,1654,4047,8,8
1668308479,2022-11-12 21:01:19 -0600,eb73ab6fff2b7f66bef0fd8256f3e265c0ae60af,TX,48377,2,2022-11-09T01:00:00.000Z,FIPSCode,48377,0,2022-11-13T02:08:16.882Z,8,98.98,8,100,62962,1025,61.97,62492,550,33.25,63492,79,4.78,1671,99,1654,4047,8,8
1668308521,2022-11-12 21:02:01 -0600,3ad198d5c2bb9ada5469a2acc050587e88ac2dbb,TX,48377,2,2022-11-09T01:00:00.000Z,FIPSCode,48377,0,2022-11-13T02:08:16.882Z,8,98.98,8,100,62962,1025,61.97,62492,550,33.25,63492,79,4.78,1671,99,1654,4047,8,8
1668308563,2022-11-12 21:02:43 -0600,9d6e2d69a48fe40d2b3dac86dfe9a859fff8e68c,TX,48377,2,2022-11-09T01:00:00.000Z,FIPSCode,48377,0,2022-11-13T02:08:16.882Z,8,98.98,8,100,62962,1025,61.97,62492,550,33.25,63492,79,4.78,1671,99,1654,4047,8,8
1668308605,2022-11-12 21:03:25 -0600,5170031135566836ed896bf1a9a2d719573ba12e,TX,48377,2,2022-11-09T01:00:00.000Z,FIPSCode,48377,0,2022-11-13T02:08:16.882Z,8,98.98,8,100,62962,1025,61.97,62492,550,33.25,63492,79,4.78,1671,99,1654,4047,8,8
1668308646,2022-11-12 21:04:06 -0600,5c2811d369c372284ff8f9acd8f86651b2a0ec54,TX,48377,2,2022-11-09T01:00:00.000Z,FIPSCode,48377,0,2022-11-13T02:08:16.882Z,8,98.98,8,100,62962,1025,61.97,62492,550,33.25,63492,79,4.78,1671,99,1654,4047,8,8
1668308688,2022-11-12 21:04:48 -0600,11db14a2f11ce71c26d922bc7e7dae38704bbe90,TX,48377,2,2022-11-09T01:00:00.000Z,FIPSCode,48377,0,2022-11-13T02:08:16.882Z,8,98.98,8,100,62962,1025,61.97,62492,550,33.25,63492,79,4.78,1671,99,1654,4047,8,8
1668308771,2022-11-12 21:06:11 -0600,0df6af3c9db22d3bf3091b99f439bbaf3a9e23e1,TX,48377,2,2022-11-09T01:00:00.000Z,FIPSCode,48377,0,2022-11-13T02:08:16.882Z,8,98.98,8,100,62962,1025,61.97,62492,550,33.25,63492,79,4.78,1671,99,1654,4047,8,8
1668308813,2022-11-12 21:06:53 -0600,095b4580177d6d1d8c558465a71735837b89fef4,TX,48377,2,2022-11-09T01:00:00.000Z,FIPSCode,48377,0,2022-11-13T03:06:19.065Z,8,98.98,8,100,62962,1025,61.97,62492,550,33.25,63492,79,4.78,1671,99,1654,4047,8,8
1668308895,2022-11-12 21:08:15 -0600,fdfc4db925a311fd55c9ac25cd8c47a804790616,TX,48377,2,2022-11-09T01:00:00.000Z,FIPSCode,48377,0,2022-11-13T03:07:17.919Z,8,98.98,8,100,62962,1025,61.97,62492,550,33.25,63492,79,4.78,1671,99,1654,4047,8,8
1668308937,2022-11-12 21:08:57 -0600,97877c53d764cdb8677b310e20109f86aa78514c,TX,48377,2,2022-11-09T01:00:00.000Z,FIPSCode,48377,0,2022-11-13T03:08:17.125Z,8,98.98,8,100,62962,1025,61.97,62492,550,33.25,63492,79,4.78,1671,99,1654,4047,8,8
1668308978,2022-11-12 21:09:38 -0600,dc3752b2d7d83f9216c35c536741223c3b17aa04,TX,48377,2,2022-11-09T01:00:00.000Z,FIPSCode,48377,0,2022-11-13T03:09:16.237Z,8,98.98,8,100,62962,1025,61.97,62492,550,33.25,63492,79,4.78,1671,99,1654,4047,8,8
1668309020,2022-11-12 21:10:20 -0600,405b18151c6aaeac26eb8215dbb5c98e19adcb0f,TX,48377,2,2022-11-09T01:00:00.000Z,FIPSCode,48377,0,2022-11-13T03:09:16.237Z,8,98.98,8,100,62962,1025,61.97,62492,550,33.25,63492,79,4.78,1671,99,1654,4047,8,8
1668309061,2022-11-12 21:11:01 -0600,356c4ec181afc66a5361f46fa02f9042d83c6b3d,TX,48377,2,2022-11-09T01:00:00.000Z,FIPSCode,48377,0,2022-11-13T03:09:16.237Z,8,98.98,8,100,62962,1025,61.97,62492,550,33.25,63492,79,4.78,1671,99,1654,4047,8,8
1668309103,2022-11-12 21:11:43 -0600,32c1b805805231234ea9738d25e78cfb979b79f9,TX,48377,2,2022-11-09T01:00:00.000Z,FIPSCode,48377,0,2022-11-13T03:09:16.237Z,8,98.98,8,100,62962,1025,61.97,62492,550,33.25,63492,79,4.78,1671,99,1654,4047,8,8
1668309144,2022-11-12 21:12:24 -0600,0d3f7b76a2b095cc15bdcf1d1388669013b80298,TX,48377,2,2022-11-09T01:00:00.000Z,FIPSCode,48377,0,2022-11-13T03:09:16.237Z,8,98.98,8,100,62962,1025,61.97,62492,550,33.25,63492,79,4.78,1671,99,1654,4047,8,8
1668309186,2022-11-12 21:13:06 -0600,8ded969e1dc598ed0cb3a6649fed3164faa3ed9b,TX,48377,2,2022-11-09T01:00:00.000Z,FIPSCode,48377,0,2022-11-13T03:09:16.237Z,8,98.98,8,100,62962,1025,61.97,62492,550,33.25,63492,79,4.78,1671,99,1654,4047,8,8
1668309227,2022-11-12 21:13:47 -0600,d1b132c907c44f018b4b37983388d7b9473d3c3e,TX,48377,2,2022-11-09T01:00:00.000Z,FIPSCode,48377,0,2022-11-13T03:09:16.237Z,8,98.98,8,100,62962,1025,61.97,62492,550,33.25,63492,79,4.78,1671,99,1654,4047,8,8
1668309311,2022-11-12 21:15:11 -0600,10023a07be286229ed5f1a31b8a71c1565994719,TX,48377,2,2022-11-09T01:00:00.000Z,FIPSCode,48377,0,2022-11-13T03:09:16.237Z,8,98.98,8,100,62962,1025,61.97,62492,550,33.25,63492,79,4.78,1671,99,1654,4047,8,8
1668309354,2022-11-12 21:15:54 -0600,226bf4a775e72f23784458c9aeeca0880eba7d33,TX,48377,2,2022-11-09T01:00:00.000Z,FIPSCode,48377,0,2022-11-13T03:09:16.237Z,8,98.98,8,100,62962,1025,61.97,62492,550,33.25,63492,79,4.78,1671,99,1654,4047,8,8
1668309395,2022-11-12 21:16:35 -0600,1dcfd81b953e28f55ea9e8ef89327dfb57bc47cd,TX,48377,2,2022-11-09T01:00:00.000Z,FIPSCode,48377,0,2022-11-13T03:09:16.237Z,8,98.98,8,100,62962,1025,61.97,62492,550,33.25,63492,79,4.78,1671,99,1654,4047,8,8
1668309437,2022-11-12 21:17:17 -0600,6f5d0d2d1254955f9545d8bc630e504f4fdc1d62,TX,48377,2,2022-11-09T01:00:00.000Z,FIPSCode,48377,0,2022-11-13T03:09:16.237Z,8,98.98,8,100,62962,1025,61.97,62492,550,33.25,63492,79,4.78,1671,99,1654,4047,8,8
1668309480,2022-11-12 21:18:00 -0600,84c089cc667658c9c47dbe02a770ff8c17ddac71,TX,48377,2,2022-11-09T01:00:00.000Z,FIPSCode,48377,0,2022-11-13T03:09:16.237Z,8,98.98,8,100,62962,1025,61.97,62492,550,33.25,63492,79,4.78,1671,99,1654,4047,8,8
1668309521,2022-11-12 21:18:41 -0600,6673e1890ccf7ba2f1ad65cfcc440f8da8203d42,TX,48377,2,2022-11-09T01:00:00.000Z,FIPSCode,48377,0,2022-11-13T03:09:16.237Z,8,98.98,8,100,62962,1025,61.97,62492,550,33.25,63492,79,4.78,1671,99,1654,4047,8,8
1668309562,2022-11-12 21:19:22 -0600,7c06e365b9b61a71ff72dfacdfbe3b3a68d4f751,TX,48377,2,2022-11-09T01:00:00.000Z,FIPSCode,48377,0,2022-11-13T03:09:16.237Z,8,98.98,8,100,62962,1025,61.97,62492,550,33.25,63492,79,4.78,1671,99,1654,4047,8,8
1668309603,2022-11-12 21:20:03 -0600,e80d4547ca283c732ef2ae87d06319b261f94c84,TX,48377,2,2022-11-09T01:00:00.000Z,FIPSCode,48377,0,2022-11-13T03:09:16.237Z,8,98.98,8,100,62962,1025,61.97,62492,550,33.25,63492,79,4.78,1671,99,1654,4047,8,8
1668309644,2022-11-12 21:20:44 -0600,33d68ae832ff443f0b5aa3d2c7ccaffacc15299e,TX,48377,2,2022-11-09T01:00:00.000Z,FIPSCode,48377,0,2022-11-13T03:09:16.237Z,8,98.98,8,100,62962,1025,61.97,62492,550,33.25,63492,79,4.78,1671,99,1654,4047,8,8
1668309727,2022-11-12 21:22:07 -0600,8d62e8f92466cb9b9d0b942915258ad3514ec89a,TX,48377,2,2022-11-09T01:00:00.000Z,FIPSCode,48377,0,2022-11-13T03:09:16.237Z,8,98.98,8,100,62962,1025,61.97,62492,550,33.25,63492,79,4.78,1671,99,1654,4047,8,8
1668309768,2022-11-12 21:22:48 -0600,f534f168785439b24a8138ffa6c95b41e4a4e86d,TX,48377,2,2022-11-09T01:00:00.000Z,FIPSCode,48377,0,2022-11-13T03:09:16.237Z,8,98.98,8,100,62962,1025,61.97,62492,550,33.25,63492,79,4.78,1671,99,1654,4047,8,8
1668309810,2022-11-12 21:23:30 -0600,9d56e0a68c72c7ba1729e317a6ce97f101752f3f,TX,48377,2,2022-11-09T01:00:00.000Z,FIPSCode,48377,0,2022-11-13T03:09:16.237Z,8,98.98,8,100,62962,1025,61.97,62492,550,33.25,63492,79,4.78,1671,99,1654,4047,8,8
1668309851,2022-11-12 21:24:11 -0600,0bef9738f4d872d041417425a9fc80578025df1c,TX,48377,2,2022-11-09T01:00:00.000Z,FIPSCode,48377,0,2022-11-13T03:09:16.237Z,8,98.98,8,100,62962,1025,61.97,62492,550,33.25,63492,79,4.78,1671,99,1654,4047,8,8
1668309893,2022-11-12 21:24:53 -0600,18686e549a825815313ac302b8d043784af6be12,TX,48377,2,2022-11-09T01:00:00.000Z,FIPSCode,48377,0,2022-11-13T03:09:16.237Z,8,98.98,8,100,62962,1025,61.97,62492,550,33.25,63492,79,4.78,1671,99,1654,4047,8,8
1668309934,2022-11-12 21:25:34 -0600,9a4a72bedf04764026bae7fbc965f326a68b8feb,TX,48377,2,2022-11-09T01:00:00.000Z,FIPSCode,48377,0,2022-11-13T03:09:16.237Z,8,98.98,8,100,62962,1025,61.97,62492,550,33.25,63492,79,4.78,1671,99,1654,4047,8,8
1668309977,2022-11-12 21:26:17 -0600,6f96551d763b7e29c4512b6c1afffd1b0bd06b84,TX,48377,2,2022-11-09T01:00:00.000Z,FIPSCode,48377,0,2022-11-13T03:09:16.237Z,8,98.98,8,100,62962,1025,61.97,62492,550,33.25,63492,79,4.78,1671,99,1654,4047,8,8
1668310018,2022-11-12 21:26:58 -0600,2a48365bb8ab5381f1a2485b99603a82fba3e1b5,TX,48377,2,2022-11-09T01:00:00.000Z,FIPSCode,48377,0,2022-11-13T03:09:16.237Z,8,98.98,8,100,62962,1025,61.97,62492,550,33.25,63492,79,4.78,1671,99,1654,4047,8,8
1668310060,2022-11-12 21:27:40 -0600,78fe1ab2bb78e8f77f8156e5820b72e41a7a81e8,TX,48377,2,2022-11-09T01:00:00.000Z,FIPSCode,48377,0,2022-11-13T03:27:16.682Z,8,98.98,8,100,62962,1025,61.97,62492,550,33.25,63492,79,4.78,1671,99,1654,4047,8,8
1668310101,2022-11-12 21:28:21 -0600,a1c52b2bf9575d59e2296ec4b9739997bca3a309,TX,48377,2,2022-11-09T01:00:00.000Z,FIPSCode,48377,0,2022-11-13T03:27:16.682Z,8,98.98,8,100,62962,1025,61.97,62492,550,33.25,63492,79,4.78,1671,99,1654,4047,8,8
1668310142,2022-11-12 21:29:02 -0600,aa8330b60dc79a6678740bc0c82444fbc11de70f,TX,48377,2,2022-11-09T01:00:00.000Z,FIPSCode,48377,0,2022-11-13T03:28:16.232Z,8,98.98,8,100,62962,1025,61.97,62492,550,33.25,63492,79,4.78,1671,99,1654,4047,8,8
1668310184,2022-11-12 21:29:44 -0600,8c6ac9541d37681d516929322aaaf83b23139b11,TX,48377,2,2022-11-09T01:00:00.000Z,FIPSCode,48377,0,2022-11-13T03:29:17.066Z,8,98.98,8,100,62962,1025,61.97,62492,550,33.25,63492,79,4.78,1671,99,1654,4047,8,8
1668310226,2022-11-12 21:30:26 -0600,a156289f18acf301017560d0047418e6ffe61dc0,TX,48377,2,2022-11-09T01:00:00.000Z,FIPSCode,48377,0,2022-11-13T03:29:17.066Z,8,98.98,8,100,62962,1025,61.97,62492,550,33.25,63492,79,4.78,1671,99,1654,4047,8,8
1668310267,2022-11-12 21:31:07 -0600,4946913d387f606134cdb42497a345b745ee6411,TX,48377,2,2022-11-09T01:00:00.000Z,FIPSCode,48377,0,2022-11-13T03:29:17.066Z,8,98.98,8,100,62962,1025,61.97,62492,550,33.25,63492,79,4.78,1671,99,1654,4047,8,8
1668310308,2022-11-12 21:31:48 -0600,54bff282d34a6cf4d18fa3eb382ca874f65ae38f,TX,48377,2,2022-11-09T01:00:00.000Z,FIPSCode,48377,0,2022-11-13T03:29:17.066Z,8,98.98,8,100,62962,1025,61.97,62492,550,33.25,63492,79,4.78,1671,99,1654,4047,8,8
1668310392,2022-11-12 21:33:12 -0600,65da4bc87e64318e85a0f98f7d2db2af48a16c4f,TX,48377,2,2022-11-09T01:00:00.000Z,FIPSCode,48377,0,2022-11-13T03:29:17.066Z,8,98.98,8,100,62962,1025,61.97,62492,550,33.25,63492,79,4.78,1671,99,1654,4047,8,8
1668310435,2022-11-12 21:33:55 -0600,fddfa47dcdc8097efa902d38c230227a347ba0bb,TX,48377,2,2022-11-09T01:00:00.000Z,FIPSCode,48377,0,2022-11-13T03:29:17.066Z,8,98.98,8,100,62962,1025,61.97,62492,550,33.25,63492,79,4.78,1671,99,1654,4047,8,8
1668310476,2022-11-12 21:34:36 -0600,c095d9ad59ac2a5d0f71060e8bdd1ff4e6e56b07,TX,48377,2,2022-11-09T01:00:00.000Z,FIPSCode,48377,0,2022-11-13T03:29:17.066Z,8,98.98,8,100,62962,1025,61.97,62492,550,33.25,63492,79,4.78,1671,99,1654,4047,8,8
1668310519,2022-11-12 21:35:19 -0600,0144f06f6d98759be1d166a8bc112245549ae2a7,TX,48377,2,2022-11-09T01:00:00.000Z,FIPSCode,48377,0,2022-11-13T03:29:17.066Z,8,98.98,8,100,62962,1025,61.97,62492,550,33.25,63492,79,4.78,1671,99,1654,4047,8,8
1668310560,2022-11-12 21:36:00 -0600,e23bda7f29c0dd9a73fcd05d563db9641ea792b1,TX,48377,2,2022-11-09T01:00:00.000Z,FIPSCode,48377,0,2022-11-13T03:29:17.066Z,8,98.98,8,100,62962,1025,61.97,62492,550,33.25,63492,79,4.78,1671,99,1654,4047,8,8
1668310604,2022-11-12 21:36:44 -0600,3fa16cf96edcd2c61c2a2732b7df36372315496a,TX,48377,2,2022-11-09T01:00:00.000Z,FIPSCode,48377,0,2022-11-13T03:29:17.066Z,8,98.98,8,100,62962,1025,61.97,62492,550,33.25,63492,79,4.78,1671,99,1654,4047,8,8
1668310646,2022-11-12 21:37:26 -0600,645795a6ae7f959b1e664d9df003ec8a644b41ef,TX,48377,2,2022-11-09T01:00:00.000Z,FIPSCode,48377,0,2022-11-13T03:29:17.066Z,8,98.98,8,100,62962,1025,61.97,62492,550,33.25,63492,79,4.78,1671,99,1654,4047,8,8
1668310689,2022-11-12 21:38:09 -0600,31be3271ce2ef39e32e43a00afb04bbb5f48ebb9,TX,48377,2,2022-11-09T01:00:00.000Z,FIPSCode,48377,0,2022-11-13T03:29:17.066Z,8,98.98,8,100,62962,1025,61.97,62492,550,33.25,63492,79,4.78,1671,99,1654,4047,8,8
1668310733,2022-11-12 21:38:53 -0600,0751002aa0fa34435564022cd605c00b759bab75,TX,48377,2,2022-11-09T01:00:00.000Z,FIPSCode,48377,0,2022-11-13T03:38:16.017Z,8,98.98,8,100,62962,1025,61.97,62492,550,33.25,63492,79,4.78,1671,99,1654,4047,8,8
1668310775,2022-11-12 21:39:35 -0600,b10af31efbea89e5d429e5dc3e1b17f5fc5d0a14,TX,48377,2,2022-11-09T01:00:00.000Z,FIPSCode,48377,0,2022-11-13T03:39:16.396Z,8,98.98,8,100,62962,1025,61.97,62492,550,33.25,63492,79,4.78,1671,99,1654,4047,8,8
1668310862,2022-11-12 21:41:02 -0600,1e80d18d328b0d641fb75d4fb6e9f08b748ed2b4,TX,48377,2,2022-11-09T01:00:00.000Z,FIPSCode,48377,0,2022-11-13T03:40:18.374Z,8,98.98,8,100,62962,1025,61.97,62492,550,33.25,63492,79,4.78,1671,99,1654,4047,8,8
1668310905,2022-11-12 21:41:45 -0600,679411c5d011c26f50e3ec595c13719c047abcaa,TX,48377,2,2022-11-09T01:00:00.000Z,FIPSCode,48377,0,2022-11-13T03:40:18.374Z,8,98.98,8,100,62962,1025,61.97,62492,550,33.25,63492,79,4.78,1671,99,1654,4047,8,8
1668310946,2022-11-12 21:42:26 -0600,8270dc5bec939ad33d8fa54549181762ffc28fc5,TX,48377,2,2022-11-09T01:00:00.000Z,FIPSCode,48377,0,2022-11-13T03:40:18.374Z,8,98.98,8,100,62962,1025,61.97,62492,550,33.25,63492,79,4.78,1671,99,1654,4047,8,8
1668310988,2022-11-12 21:43:08 -0600,fa443752cb07390235c0bf323828e674c98153d2,TX,48377,2,2022-11-09T01:00:00.000Z,FIPSCode,48377,0,2022-11-13T03:40:18.374Z,8,98.98,8,100,62962,1025,61.97,62492,550,33.25,63492,79,4.78,1671,99,1654,4047,8,8
1668311031,2022-11-12 21:43:51 -0600,f88d34beeba47333798c0716b88371d5612fdb83,TX,48377,2,2022-11-09T01:00:00.000Z,FIPSCode,48377,0,2022-11-13T03:40:18.374Z,8,98.98,8,100,62962,1025,61.97,62492,550,33.25,63492,79,4.78,1671,99,1654,4047,8,8
1668311116,2022-11-12 21:45:16 -0600,76e5a2c808575c4778f10d1e7a3ed0e561e5c4f1,TX,48377,2,2022-11-09T01:00:00.000Z,FIPSCode,48377,0,2022-11-13T03:40:18.374Z,8,98.98,8,100,62962,1025,61.97,62492,550,33.25,63492,79,4.78,1671,99,1654,4047,8,8
1668311157,2022-11-12 21:45:57 -0600,0c8fa08a93bb50490051a81c5a7a9eba63fcf97b,TX,48377,2,2022-11-09T01:00:00.000Z,FIPSCode,48377,0,2022-11-13T03:40:18.374Z,8,98.98,8,100,62962,1025,61.97,62492,550,33.25,63492,79,4.78,1671,99,1654,4047,8,8
1668311241,2022-11-12 21:47:21 -0600,2966521c5deb595e8744384f01c170de63b99792,TX,48377,2,2022-11-09T01:00:00.000Z,FIPSCode,48377,0,2022-11-13T03:40:18.374Z,8,98.98,8,100,62962,1025,61.97,62492,550,33.25,63492,79,4.78,1671,99,1654,4047,8,8
1668311283,2022-11-12 21:48:03 -0600,6581a3349c9866b5f24cdd1b59b2e26d4f9ef7e5,TX,48377,2,2022-11-09T01:00:00.000Z,FIPSCode,48377,0,2022-11-13T03:40:18.374Z,8,98.98,8,100,62962,1025,61.97,62492,550,33.25,63492,79,4.78,1671,99,1654,4047,8,8
1668311324,2022-11-12 21:48:44 -0600,948ce4a83389d275af0389efc1213cd43cb68390,TX,48377,2,2022-11-09T01:00:00.000Z,FIPSCode,48377,0,2022-11-13T03:40:18.374Z,8,98.98,8,100,62962,1025,61.97,62492,550,33.25,63492,79,4.78,1671,99,1654,4047,8,8
1668311366,2022-11-12 21:49:26 -0600,710b6de32e7044c39d1c39844a413beacf96800b,TX,48377,2,2022-11-09T01:00:00.000Z,FIPSCode,48377,0,2022-11-13T03:40:18.374Z,8,98.98,8,100,62962,1025,61.97,62492,550,33.25,63492,79,4.78,1671,99,1654,4047,8,8
1668311408,2022-11-12 21:50:08 -0600,62924b14a389f574ecaf6db371b11f6063c6503c,TX,48377,2,2022-11-09T01:00:00.000Z,FIPSCode,48377,0,2022-11-13T03:40:18.374Z,8,98.98,8,100,62962,1025,61.97,62492,550,33.25,63492,79,4.78,1671,99,1654,4047,8,8
1668311448,2022-11-12 21:50:48 -0600,285878af19732cb060d33d841dda3e10d0705615,TX,48377,2,2022-11-09T01:00:00.000Z,FIPSCode,48377,0,2022-11-13T03:40:18.374Z,8,98.98,8,100,62962,1025,61.97,62492,550,33.25,63492,79,4.78,1671,99,1654,4047,8,8
1668311491,2022-11-12 21:51:31 -0600,ab857bb95af3358301c35dbc1fe04afd151d3f2b,TX,48377,2,2022-11-09T01:00:00.000Z,FIPSCode,48377,0,2022-11-13T03:40:18.374Z,8,98.98,8,100,62962,1025,61.97,62492,550,33.25,63492,79,4.78,1671,99,1654,4047,8,8
1668311532,2022-11-12 21:52:12 -0600,5efc4c0fecc1ac7163ccfd4900e1fb6af0f58369,TX,48377,2,2022-11-09T01:00:00.000Z,FIPSCode,48377,0,2022-11-13T03:40:18.374Z,8,98.98,8,100,62962,1025,61.97,62492,550,33.25,63492,79,4.78,1671,99,1654,4047,8,8
1668311572,2022-11-12 21:52:52 -0600,4fc5e496d11558818e9ce475397cfc2f732f91d0,TX,48377,2,2022-11-09T01:00:00.000Z,FIPSCode,48377,0,2022-11-13T03:40:18.374Z,8,98.98,8,100,62962,1025,61.97,62492,550,33.25,63492,79,4.78,1671,99,1654,4047,8,8
1668311615,2022-11-12 21:53:35 -0600,998bae70b81faf8fbbf58c76c272eb592fdd8d31,TX,48377,2,2022-11-09T01:00:00.000Z,FIPSCode,48377,0,2022-11-13T03:40:18.374Z,8,98.98,8,100,62962,1025,61.97,62492,550,33.25,63492,79,4.78,1671,99,1654,4047,8,8
1668311656,2022-11-12 21:54:16 -0600,4a082ede3c851181b8ad66e0cce507cd410e2de7,TX,48377,2,2022-11-09T01:00:00.000Z,FIPSCode,48377,0,2022-11-13T03:40:18.374Z,8,98.98,8,100,62962,1025,61.97,62492,550,33.25,63492,79,4.78,1671,99,1654,4047,8,8
1668311696,2022-11-12 21:54:56 -0600,f3d246c671a751520dfd767c4e29ff16140b9e99,TX,48377,2,2022-11-09T01:00:00.000Z,FIPSCode,48377,0,2022-11-13T03:40:18.374Z,8,98.98,8,100,62962,1025,61.97,62492,550,33.25,63492,79,4.78,1671,99,1654,4047,8,8
1668311738,2022-11-12 21:55:38 -0600,05715c4d37717267671e0b5cec9ad8c7ec6efc35,TX,48377,2,2022-11-09T01:00:00.000Z,FIPSCode,48377,0,2022-11-13T03:40:18.374Z,8,98.98,8,100,62962,1025,61.97,62492,550,33.25,63492,79,4.78,1671,99,1654,4047,8,8
1668311821,2022-11-12 21:57:01 -0600,6ca6e94733053bc04019985fed480158f6fa93f6,TX,48377,2,2022-11-09T01:00:00.000Z,FIPSCode,48377,0,2022-11-13T03:40:18.374Z,8,98.98,8,100,62962,1025,61.97,62492,550,33.25,63492,79,4.78,1671,99,1654,4047,8,8
1668311863,2022-11-12 21:57:43 -0600,6e2dcd67d941bdef2010749590ea9a7c2df9ea7b,TX,48377,2,2022-11-09T01:00:00.000Z,FIPSCode,48377,0,2022-11-13T03:40:18.374Z,8,98.98,8,100,62962,1025,61.97,62492,550,33.25,63492,79,4.78,1671,99,1654,4047,8,8
1668311903,2022-11-12 21:58:23 -0600,754c74195a4dec0d0136cfe2a5e8a7b5d782998d,TX,48377,2,2022-11-09T01:00:00.000Z,FIPSCode,48377,0,2022-11-13T03:40:18.374Z,8,98.98,8,100,62962,1025,61.97,62492,550,33.25,63492,79,4.78,1671,99,1654,4047,8,8
1668311944,2022-11-12 21:59:04 -0600,974a4e8adf6887439a41a0d1e4097a65da5139c5,TX,48377,2,2022-11-09T01:00:00.000Z,FIPSCode,48377,0,2022-11-13T03:40:18.374Z,8,98.98,8,100,62962,1025,61.97,62492,550,33.25,63492,79,4.78,1671,99,1654,4047,8,8
1668311986,2022-11-12 21:59:46 -0600,b1ed964589b099476377b5b68de5881a6c452ca9,TX,48377,2,2022-11-09T01:00:00.000Z,FIPSCode,48377,0,2022-11-13T03:40:18.374Z,8,98.98,8,100,62962,1025,61.97,62492,550,33.25,63492,79,4.78,1671,99,1654,4047,8,8
1668312028,2022-11-12 22:00:28 -0600,6e93f1f47875805721287335931be298088d7240,TX,48377,2,2022-11-09T01:00:00.000Z,FIPSCode,48377,0,2022-11-13T03:59:36.200Z,8,98.98,8,100,62962,1025,61.97,62492,550,33.25,63492,79,4.78,1671,99,1654,4047,8,8
1668312071,2022-11-12 22:01:11 -0600,973d927a12eb4b8f5db9602dd25158bc5c485176,TX,48377,2,2022-11-09T01:00:00.000Z,FIPSCode,48377,0,2022-11-13T04:00:17.972Z,8,98.98,8,100,62962,1025,61.97,62492,550,33.25,63492,79,4.78,1671,99,1654,4047,8,8
1668312113,2022-11-12 22:01:53 -0600,287928b196e2c47452614bae7f103c2ec5646d41,TX,48377,2,2022-11-09T01:00:00.000Z,FIPSCode,48377,0,2022-11-13T04:01:36.976Z,8,98.98,8,100,62962,1025,61.97,62492,550,33.25,63492,79,4.78,1671,99,1654,4047,8,8
1668312157,2022-11-12 22:02:37 -0600,4bbcf4d4bb399ac2465ab3f1326c247ddba695b5,TX,48377,2,2022-11-09T01:00:00.000Z,FIPSCode,48377,0,2022-11-13T04:02:18.991Z,8,98.98,8,100,62962,1025,61.97,62492,550,33.25,63492,79,4.78,1671,99,1654,4047,8,8
1668312199,2022-11-12 22:03:19 -0600,b0bf79b03f7c499884201ec23d4ddc5ac76e3dd4,TX,48377,2,2022-11-09T01:00:00.000Z,FIPSCode,48377,0,2022-11-13T04:02:18.991Z,8,98.98,8,100,62962,1025,61.97,62492,550,33.25,63492,79,4.78,1671,99,1654,4047,8,8
1668312242,2022-11-12 22:04:02 -0600,d64eac005260a0569b5e67090053c09a5598b0cd,TX,48377,2,2022-11-09T01:00:00.000Z,FIPSCode,48377,0,2022-11-13T04:02:18.991Z,8,98.98,8,100,62962,1025,61.97,62492,550,33.25,63492,79,4.78,1671,99,1654,4047,8,8
1668312285,2022-11-12 22:04:45 -0600,a6e1c39eee72a152546971402872ab089860000c,TX,48377,2,2022-11-09T01:00:00.000Z,FIPSCode,48377,0,2022-11-13T04:02:18.991Z,8,98.98,8,100,62962,1025,61.97,62492,550,33.25,63492,79,4.78,1671,99,1654,4047,8,8
1668312328,2022-11-12 22:05:28 -0600,aaefe2499b35dfb934ec1b5af9b60e5e798100d2,TX,48377,2,2022-11-09T01:00:00.000Z,FIPSCode,48377,0,2022-11-13T04:02:18.991Z,8,98.98,8,100,62962,1025,61.97,62492,550,33.25,63492,79,4.78,1671,99,1654,4047,8,8
1668312371,2022-11-12 22:06:11 -0600,13fe852df7bbfba61a1e1bb815b7b9868cc53725,TX,48377,2,2022-11-09T01:00:00.000Z,FIPSCode,48377,0,2022-11-13T04:02:18.991Z,8,98.98,8,100,62962,1025,61.97,62492,550,33.25,63492,79,4.78,1671,99,1654,4047,8,8
1668312415,2022-11-12 22:06:55 -0600,9962b8697895c66aa76367dd40bcaa170e35c2ec,TX,48377,2,2022-11-09T01:00:00.000Z,FIPSCode,48377,0,2022-11-13T04:02:18.991Z,8,98.98,8,100,62962,1025,61.97,62492,550,33.25,63492,79,4.78,1671,99,1654,4047,8,8
1668312459,2022-11-12 22:07:39 -0600,f68fca6ebfae89bca50f842a172621153b5038ae,TX,48377,2,2022-11-09T01:00:00.000Z,FIPSCode,48377,0,2022-11-13T04:02:18.991Z,8,98.98,8,100,62962,1025,61.97,62492,550,33.25,63492,79,4.78,1671,99,1654,4047,8,8
1668312502,2022-11-12 22:08:22 -0600,e9ba8a1c854c48ca4a4dc1da0701ea39c200b338,TX,48377,2,2022-11-09T01:00:00.000Z,FIPSCode,48377,0,2022-11-13T04:02:18.991Z,8,98.98,8,100,62962,1025,61.97,62492,550,33.25,63492,79,4.78,1671,99,1654,4047,8,8
1668312545,2022-11-12 22:09:05 -0600,e7f5f47a62f0b1df5cc7bf433da226680514ddc9,TX,48377,2,2022-11-09T01:00:00.000Z,FIPSCode,48377,0,2022-11-13T04:02:18.991Z,8,98.98,8,100,62962,1025,61.97,62492,550,33.25,63492,79,4.78,1671,99,1654,4047,8,8
1668312586,2022-11-12 22:09:46 -0600,801882ba8719ba84a693532fecf262fa4b3a94d5,TX,48377,2,2022-11-09T01:00:00.000Z,FIPSCode,48377,0,2022-11-13T04:02:18.991Z,8,98.98,8,100,62962,1025,61.97,62492,550,33.25,63492,79,4.78,1671,99,1654,4047,8,8
1668312628,2022-11-12 22:10:28 -0600,67119a0c65d9424c7b983fb5f52430cd72049085,TX,48377,2,2022-11-09T01:00:00.000Z,FIPSCode,48377,0,2022-11-13T04:02:18.991Z,8,98.98,8,100,62962,1025,61.97,62492,550,33.25,63492,79,4.78,1671,99,1654,4047,8,8
1668312670,2022-11-12 22:11:10 -0600,343dbf87c38704cb14bddc2d9681dec023303e67,TX,48377,2,2022-11-09T01:00:00.000Z,FIPSCode,48377,0,2022-11-13T04:02:18.991Z,8,98.98,8,100,62962,1025,61.97,62492,550,33.25,63492,79,4.78,1671,99,1654,4047,8,8
1668312713,2022-11-12 22:11:53 -0600,fa2988a81b66b3c8875ab6a36cc4d3fc7f8c9efb,TX,48377,2,2022-11-09T01:00:00.000Z,FIPSCode,48377,0,2022-11-13T04:02:18.991Z,8,98.98,8,100,62962,1025,61.97,62492,550,33.25,63492,79,4.78,1671,99,1654,4047,8,8
1668312754,2022-11-12 22:12:34 -0600,bdb87e8bdce53c6484a65cdd2031417162a7f02e,TX,48377,2,2022-11-09T01:00:00.000Z,FIPSCode,48377,0,2022-11-13T04:02:18.991Z,8,98.98,8,100,62962,1025,61.97,62492,550,33.25,63492,79,4.78,1671,99,1654,4047,8,8
1668312797,2022-11-12 22:13:17 -0600,c3f4b8958a1dd81fc25d651d13b5ac55c65bafc9,TX,48377,2,2022-11-09T01:00:00.000Z,FIPSCode,48377,0,2022-11-13T04:02:18.991Z,8,98.98,8,100,62962,1025,61.97,62492,550,33.25,63492,79,4.78,1671,99,1654,4047,8,8
1668312839,2022-11-12 22:13:59 -0600,513a863f8153f2978e90a10bc2282b48665408e0,TX,48377,2,2022-11-09T01:00:00.000Z,FIPSCode,48377,0,2022-11-13T04:02:18.991Z,8,98.98,8,100,62962,1025,61.97,62492,550,33.25,63492,79,4.78,1671,99,1654,4047,8,8
1668312881,2022-11-12 22:14:41 -0600,83e3223d4c9fc35ba49025b9f698e7f2747686bb,TX,48377,2,2022-11-09T01:00:00.000Z,FIPSCode,48377,0,2022-11-13T04:02:18.991Z,8,98.98,8,100,62962,1025,61.97,62492,550,33.25,63492,79,4.78,1671,99,1654,4047,8,8
1668312923,2022-11-12 22:15:23 -0600,16362c7b341db13cf5c14d86d1250ff05bbe15ce,TX,48377,2,2022-11-09T01:00:00.000Z,FIPSCode,48377,0,2022-11-13T04:02:18.991Z,8,98.98,8,100,62962,1025,61.97,62492,550,33.25,63492,79,4.78,1671,99,1654,4047,8,8
1668312966,2022-11-12 22:16:06 -0600,c0a9bdf55d462e669664638b41619f0b85ecd2f0,TX,48377,2,2022-11-09T01:00:00.000Z,FIPSCode,48377,0,2022-11-13T04:02:18.991Z,8,98.98,8,100,62962,1025,61.97,62492,550,33.25,63492,79,4.78,1671,99,1654,4047,8,8
1668313007,2022-11-12 22:16:47 -0600,4e297d3956ecff46b7f88d524dc01f13cd395d62,TX,48377,2,2022-11-09T01:00:00.000Z,FIPSCode,48377,0,2022-11-13T04:02:18.991Z,8,98.98,8,100,62962,1025,61.97,62492,550,33.25,63492,79,4.78,1671,99,1654,4047,8,8
1668313092,2022-11-12 22:18:12 -0600,fb5a55514d6f1c4c80d2c07d97a62fe51d5c3c0d,TX,48377,2,2022-11-09T01:00:00.000Z,FIPSCode,48377,0,2022-11-13T04:02:18.991Z,8,98.98,8,100,62962,1025,61.97,62492,550,33.25,63492,79,4.78,1671,99,1654,4047,8,8
1668313135,2022-11-12 22:18:55 -0600,c39ed54c1b7c2caff5b68fe32a4cbb9c91f3bdf3,TX,48377,2,2022-11-09T01:00:00.000Z,FIPSCode,48377,0,2022-11-13T04:02:18.991Z,8,98.98,8,100,62962,1025,61.97,62492,550,33.25,63492,79,4.78,1671,99,1654,4047,8,8
1668313219,2022-11-12 22:20:19 -0600,216dcfbe361d6900890e8aa0f0a6af58ebd410f9,TX,48377,2,2022-11-09T01:00:00.000Z,FIPSCode,48377,0,2022-11-13T04:02:18.991Z,8,98.98,8,100,62962,1025,61.97,62492,550,33.25,63492,79,4.78,1671,99,1654,4047,8,8
1668313260,2022-11-12 22:21:00 -0600,842b881de6100778f9587005af15416ab5a978e5,TX,48377,2,2022-11-09T01:00:00.000Z,FIPSCode,48377,0,2022-11-13T04:20:36.627Z,8,98.98,8,100,62962,1025,61.97,62492,550,33.25,63492,79,4.78,1671,99,1654,4047,8,8
1668313304,2022-11-12 22:21:44 -0600,398f48789e81b1b2a845b3c02d0b7b419504e2bc,TX,48377,2,2022-11-09T01:00:00.000Z,FIPSCode,48377,0,2022-11-13T04:21:16.836Z,8,98.98,8,100,62962,1025,61.97,62492,550,33.25,63492,79,4.78,1671,99,1654,4047,8,8
1668313387,2022-11-12 22:23:07 -0600,fbfbe050b3eb3051f0f2b85dcdff6ad418f5cec2,TX,48377,2,2022-11-09T01:00:00.000Z,FIPSCode,48377,0,2022-11-13T04:22:35.723Z,8,98.98,8,100,62962,1025,61.97,62492,550,33.25,63492,79,4.78,1671,99,1654,4047,8,8
1668313429,2022-11-12 22:23:49 -0600,9beb072e1ec80247c4ab438ff9b0afc08acc7cd5,TX,48377,2,2022-11-09T01:00:00.000Z,FIPSCode,48377,0,2022-11-13T04:23:17.000Z,8,98.98,8,100,62962,1025,61.97,62492,550,33.25,63492,79,4.78,1671,99,1654,4047,8,8
1668313472,2022-11-12 22:24:32 -0600,ddc39f60adeb8ac03d39f8d0ec4b0c5f548fde99,TX,48377,2,2022-11-09T01:00:00.000Z,FIPSCode,48377,0,2022-11-13T04:23:17.000Z,8,98.98,8,100,62962,1025,61.97,62492,550,33.25,63492,79,4.78,1671,99,1654,4047,8,8
1668313515,2022-11-12 22:25:15 -0600,2d7e0fc1c7a4f25eb41238134c67734fa454484e,TX,48377,2,2022-11-09T01:00:00.000Z,FIPSCode,48377,0,2022-11-13T04:23:17.000Z,8,98.98,8,100,62962,1025,61.97,62492,550,33.25,63492,79,4.78,1671,99,1654,4047,8,8
1668313558,2022-11-12 22:25:58 -0600,94f401c60b51824198fea430de5d763bd44ca4c3,TX,48377,2,2022-11-09T01:00:00.000Z,FIPSCode,48377,0,2022-11-13T04:23:17.000Z,8,98.98,8,100,62962,1025,61.97,62492,550,33.25,63492,79,4.78,1671,99,1654,4047,8,8
1668313600,2022-11-12 22:26:40 -0600,7d52ab73a8f5421b5a331cc5fb3b53e68332149d,TX,48377,2,2022-11-09T01:00:00.000Z,FIPSCode,48377,0,2022-11-13T04:23:17.000Z,8,98.98,8,100,62962,1025,61.97,62492,550,33.25,63492,79,4.78,1671,99,1654,4047,8,8
1668313644,2022-11-12 22:27:24 -0600,0393686087bb4260d6e48682b7d1abbc91ea41fe,TX,48377,2,2022-11-09T01:00:00.000Z,FIPSCode,48377,0,2022-11-13T04:23:17.000Z,8,98.98,8,100,62962,1025,61.97,62492,550,33.25,63492,79,4.78,1671,99,1654,4047,8,8
1668313687,2022-11-12 22:28:07 -0600,57649d5de4f5d93d42f3de0c63462eb078510b98,TX,48377,2,2022-11-09T01:00:00.000Z,FIPSCode,48377,0,2022-11-13T04:23:17.000Z,8,98.98,8,100,62962,1025,61.97,62492,550,33.25,63492,79,4.78,1671,99,1654,4047,8,8
1668313731,2022-11-12 22:28:51 -0600,56c13f252b650c83061b2ea86e3a3cac6505512f,TX,48377,2,2022-11-09T01:00:00.000Z,FIPSCode,48377,0,2022-11-13T04:23:17.000Z,8,98.98,8,100,62962,1025,61.97,62492,550,33.25,63492,79,4.78,1671,99,1654,4047,8,8
1668313815,2022-11-12 22:30:15 -0600,674c7f01c1a808db84dc4779a7d1600d6c1dd658,TX,48377,2,2022-11-09T01:00:00.000Z,FIPSCode,48377,0,2022-11-13T04:23:17.000Z,8,98.98,8,100,62962,1025,61.97,62492,550,33.25,63492,79,4.78,1671,99,1654,4047,8,8
1668313857,2022-11-12 22:30:57 -0600,9df60d12fa42ab5315b5a664ce126155ea2bfe80,TX,48377,2,2022-11-09T01:00:00.000Z,FIPSCode,48377,0,2022-11-13T04:23:17.000Z,8,98.98,8,100,62962,1025,61.97,62492,550,33.25,63492,79,4.78,1671,99,1654,4047,8,8
1668313900,2022-11-12 22:31:40 -0600,4629b00fde5762b216864b5521047dd41b9a4ee2,TX,48377,2,2022-11-09T01:00:00.000Z,FIPSCode,48377,0,2022-11-13T04:23:17.000Z,8,98.98,8,100,62962,1025,61.97,62492,550,33.25,63492,79,4.78,1671,99,1654,4047,8,8
1668313940,2022-11-12 22:32:20 -0600,10c115d8afe8281b314ec709fd7b36f234f56842,TX,48377,2,2022-11-09T01:00:00.000Z,FIPSCode,48377,0,2022-11-13T04:23:17.000Z,8,98.98,8,100,62962,1025,61.97,62492,550,33.25,63492,79,4.78,1671,99,1654,4047,8,8
1668313983,2022-11-12 22:33:03 -0600,cfcdef2a12d7d7efb97319d555700c5f7ad65feb,TX,48377,2,2022-11-09T01:00:00.000Z,FIPSCode,48377,0,2022-11-13T04:23:17.000Z,8,98.98,8,100,62962,1025,61.97,62492,550,33.25,63492,79,4.78,1671,99,1654,4047,8,8
1668314025,2022-11-12 22:33:45 -0600,cfd6ab4f0d4864f43e23da0db0c5f7f989cf6e8f,TX,48377,2,2022-11-09T01:00:00.000Z,FIPSCode,48377,0,2022-11-13T04:23:17.000Z,8,98.98,8,100,62962,1025,61.97,62492,550,33.25,63492,79,4.78,1671,99,1654,4047,8,8
1668314067,2022-11-12 22:34:27 -0600,f33eff4e63fd80b46c6c0d1dac3a803ccbf6cc53,TX,48377,2,2022-11-09T01:00:00.000Z,FIPSCode,48377,0,2022-11-13T04:23:17.000Z,8,98.98,8,100,62962,1025,61.97,62492,550,33.25,63492,79,4.78,1671,99,1654,4047,8,8
1668314109,2022-11-12 22:35:09 -0600,038a5d56fa9f111eb11fec565ddb13f20ac4941f,TX,48377,2,2022-11-09T01:00:00.000Z,FIPSCode,48377,0,2022-11-13T04:23:17.000Z,8,98.98,8,100,62962,1025,61.97,62492,550,33.25,63492,79,4.78,1671,99,1654,4047,8,8
1668314150,2022-11-12 22:35:50 -0600,3980af3b1a8726b9c82700bccd3b56ad1f012c6a,TX,48377,2,2022-11-09T01:00:00.000Z,FIPSCode,48377,0,2022-11-13T04:23:17.000Z,8,98.98,8,100,62962,1025,61.97,62492,550,33.25,63492,79,4.78,1671,99,1654,4047,8,8
1668314194,2022-11-12 22:36:34 -0600,feccd2ada5a966e3f472952916b305d76568ec9d,TX,48377,2,2022-11-09T01:00:00.000Z,FIPSCode,48377,0,2022-11-13T04:23:17.000Z,8,98.98,8,100,62962,1025,61.97,62492,550,33.25,63492,79,4.78,1671,99,1654,4047,8,8
1668314234,2022-11-12 22:37:14 -0600,b6928c44f4fef54a52a9524654205e2a8c5a52d5,TX,48377,2,2022-11-09T01:00:00.000Z,FIPSCode,48377,0,2022-11-13T04:23:17.000Z,8,98.98,8,100,62962,1025,61.97,62492,550,33.25,63492,79,4.78,1671,99,1654,4047,8,8
1668314277,2022-11-12 22:37:57 -0600,2a44caf2c016944d9c39bc4f3c76b56b03083d2c,TX,48377,2,2022-11-09T01:00:00.000Z,FIPSCode,48377,0,2022-11-13T04:23:17.000Z,8,98.98,8,100,62962,1025,61.97,62492,550,33.25,63492,79,4.78,1671,99,1654,4047,8,8
1668314317,2022-11-12 22:38:37 -0600,d19042455a3b958cdf3a51089cebee59e003fb31,TX,48377,2,2022-11-09T01:00:00.000Z,FIPSCode,48377,0,2022-11-13T04:23:17.000Z,8,98.98,8,100,62962,1025,61.97,62492,550,33.25,63492,79,4.78,1671,99,1654,4047,8,8
1668314361,2022-11-12 22:39:21 -0600,cae75a336686f1789b1f8875cfb907acc7286ab8,TX,48377,2,2022-11-09T01:00:00.000Z,FIPSCode,48377,0,2022-11-13T04:23:17.000Z,8,98.98,8,100,62962,1025,61.97,62492,550,33.25,63492,79,4.78,1671,99,1654,4047,8,8
1668314403,2022-11-12 22:40:03 -0600,e364af6cf6b64702c3512e533d3e8ec5c07dac45,TX,48377,2,2022-11-09T01:00:00.000Z,FIPSCode,48377,0,2022-11-13T04:23:17.000Z,8,98.98,8,100,62962,1025,61.97,62492,550,33.25,63492,79,4.78,1671,99,1654,4047,8,8
1668314446,2022-11-12 22:40:46 -0600,5e5a0950471c145335fb2d425be411e9483cd18b,TX,48377,2,2022-11-09T01:00:00.000Z,FIPSCode,48377,0,2022-11-13T04:23:17.000Z,8,98.98,8,100,62962,1025,61.97,62492,550,33.25,63492,79,4.78,1671,99,1654,4047,8,8
1668314488,2022-11-12 22:41:28 -0600,d1aeeb7deb80d4783f6b8f46595c3390fbe2ad87,TX,48377,2,2022-11-09T01:00:00.000Z,FIPSCode,48377,0,2022-11-13T04:23:17.000Z,8,98.98,8,100,62962,1025,61.97,62492,550,33.25,63492,79,4.78,1671,99,1654,4047,8,8
1668314530,2022-11-12 22:42:10 -0600,0a507acc539e177c1e12c7a9eecdcd8d66593724,TX,48377,2,2022-11-09T01:00:00.000Z,FIPSCode,48377,0,2022-11-13T04:23:17.000Z,8,98.98,8,100,62962,1025,61.97,62492,550,33.25,63492,79,4.78,1671,99,1654,4047,8,8
1668314613,2022-11-12 22:43:33 -0600,682fcc35de5e266e3d7d6fd5b4487e985aa200b4,TX,48377,2,2022-11-09T01:00:00.000Z,FIPSCode,48377,0,2022-11-13T04:23:17.000Z,8,98.98,8,100,62962,1025,61.97,62492,550,33.25,63492,79,4.78,1671,99,1654,4047,8,8
1668314654,2022-11-12 22:44:14 -0600,22a03a9f07e6e7f79dcb6dd8ce8e9eb7c53f2029,TX,48377,2,2022-11-09T01:00:00.000Z,FIPSCode,48377,0,2022-11-13T04:23:17.000Z,8,98.98,8,100,62962,1025,61.97,62492,550,33.25,63492,79,4.78,1671,99,1654,4047,8,8
1668314695,2022-11-12 22:44:55 -0600,f3c47bfccd7eb23774bf630f6c4d5348756b2a6b,TX,48377,2,2022-11-09T01:00:00.000Z,FIPSCode,48377,0,2022-11-13T04:23:17.000Z,8,98.98,8,100,62962,1025,61.97,62492,550,33.25,63492,79,4.78,1671,99,1654,4047,8,8
1668314778,2022-11-12 22:46:18 -0600,997fcd1910461181ee3107fa60ec59db561ed2c9,TX,48377,2,2022-11-09T01:00:00.000Z,FIPSCode,48377,0,2022-11-13T04:23:17.000Z,8,98.98,8,100,62962,1025,61.97,62492,550,33.25,63492,79,4.78,1671,99,1654,4047,8,8
1668314820,2022-11-12 22:47:00 -0600,0ddd0c6745df442dcf20a7077ebf288e52f2739e,TX,48377,2,2022-11-09T01:00:00.000Z,FIPSCode,48377,0,2022-11-13T04:23:17.000Z,8,98.98,8,100,62962,1025,61.97,62492,550,33.25,63492,79,4.78,1671,99,1654,4047,8,8
1668314902,2022-11-12 22:48:22 -0600,d0e4f111c9b4e2b3da95405f0475eaff1a217646,TX,48377,2,2022-11-09T01:00:00.000Z,FIPSCode,48377,0,2022-11-13T04:23:17.000Z,8,98.98,8,100,62962,1025,61.97,62492,550,33.25,63492,79,4.78,1671,99,1654,4047,8,8
1668314942,2022-11-12 22:49:02 -0600,6d708f11e175dde7e2120129c0c6960bef2a9ae4,TX,48377,2,2022-11-09T01:00:00.000Z,FIPSCode,48377,0,2022-11-13T04:23:17.000Z,8,98.98,8,100,62962,1025,61.97,62492,550,33.25,63492,79,4.78,1671,99,1654,4047,8,8
1668314984,2022-11-12 22:49:44 -0600,218c89dfb64a7f63cb6b449d5a319cfcc3f11ba6,TX,48377,2,2022-11-09T01:00:00.000Z,FIPSCode,48377,0,2022-11-13T04:23:17.000Z,8,98.98,8,100,62962,1025,61.97,62492,550,33.25,63492,79,4.78,1671,99,1654,4047,8,8
1668315024,2022-11-12 22:50:24 -0600,4860f53dd2c3836a7ffac6b2d6bacd63fdc18b33,TX,48377,2,2022-11-09T01:00:00.000Z,FIPSCode,48377,0,2022-11-13T04:23:17.000Z,8,98.98,8,100,62962,1025,61.97,62492,550,33.25,63492,79,4.78,1671,99,1654,4047,8,8
1668315066,2022-11-12 22:51:06 -0600,1c253d9f15c8b2c33bfd8bbf84024c57d669d423,TX,48377,2,2022-11-09T01:00:00.000Z,FIPSCode,48377,0,2022-11-13T04:23:17.000Z,8,98.98,8,100,62962,1025,61.97,62492,550,33.25,63492,79,4.78,1671,99,1654,4047,8,8
1668315106,2022-11-12 22:51:46 -0600,78b962327ea91cf6341dbfcc6b2d3143499c88a2,TX,48377,2,2022-11-09T01:00:00.000Z,FIPSCode,48377,0,2022-11-13T04:23:17.000Z,8,98.98,8,100,62962,1025,61.97,62492,550,33.25,63492,79,4.78,1671,99,1654,4047,8,8
1668315147,2022-11-12 22:52:27 -0600,336ebf4346e32bfda840f38547deb0c394fc8428,TX,48377,2,2022-11-09T01:00:00.000Z,FIPSCode,48377,0,2022-11-13T04:23:17.000Z,8,98.98,8,100,62962,1025,61.97,62492,550,33.25,63492,79,4.78,1671,99,1654,4047,8,8
1668315188,2022-11-12 22:53:08 -0600,842558694479fd72e2f579d3971a14a13a85b463,TX,48377,2,2022-11-09T01:00:00.000Z,FIPSCode,48377,0,2022-11-13T04:23:17.000Z,8,98.98,8,100,62962,1025,61.97,62492,550,33.25,63492,79,4.78,1671,99,1654,4047,8,8
1668315228,2022-11-12 22:53:48 -0600,2f323f520016a3f6612b395f1821a51d20a3f743,TX,48377,2,2022-11-09T01:00:00.000Z,FIPSCode,48377,0,2022-11-13T04:23:17.000Z,8,98.98,8,100,62962,1025,61.97,62492,550,33.25,63492,79,4.78,1671,99,1654,4047,8,8
1668315310,2022-11-12 22:55:10 -0600,fd12944f436c7ec6af43540102d006d2d9eaec15,TX,48377,2,2022-11-09T01:00:00.000Z,FIPSCode,48377,0,2022-11-13T04:23:17.000Z,8,98.98,8,100,62962,1025,61.97,62492,550,33.25,63492,79,4.78,1671,99,1654,4047,8,8
1668315351,2022-11-12 22:55:51 -0600,1499624ddadb38465a43f64911c8e47d2bf1d14b,TX,48377,2,2022-11-09T01:00:00.000Z,FIPSCode,48377,0,2022-11-13T04:23:17.000Z,8,98.98,8,100,62962,1025,61.97,62492,550,33.25,63492,79,4.78,1671,99,1654,4047,8,8
1668315392,2022-11-12 22:56:32 -0600,f7dcfa29aec9d3d961d84f4be5b0e889c23aaf68,TX,48377,2,2022-11-09T01:00:00.000Z,FIPSCode,48377,0,2022-11-13T04:23:17.000Z,8,98.98,8,100,62962,1025,61.97,62492,550,33.25,63492,79,4.78,1671,99,1654,4047,8,8
1668315433,2022-11-12 22:57:13 -0600,3d136bc871f919e3a1f7eb4d4e41ec0e7cecdd53,TX,48377,2,2022-11-09T01:00:00.000Z,FIPSCode,48377,0,2022-11-13T04:23:17.000Z,8,98.98,8,100,62962,1025,61.97,62492,550,33.25,63492,79,4.78,1671,99,1654,4047,8,8
1668315474,2022-11-12 22:57:54 -0600,1216d6cae7ee465265e5e2a12d836aa1d5d592fe,TX,48377,2,2022-11-09T01:00:00.000Z,FIPSCode,48377,0,2022-11-13T04:23:17.000Z,8,98.98,8,100,62962,1025,61.97,62492,550,33.25,63492,79,4.78,1671,99,1654,4047,8,8
1668315515,2022-11-12 22:58:35 -0600,b935f965678518ecdeccef0e96923395992eabd8,TX,48377,2,2022-11-09T01:00:00.000Z,FIPSCode,48377,0,2022-11-13T04:23:17.000Z,8,98.98,8,100,62962,1025,61.97,62492,550,33.25,63492,79,4.78,1671,99,1654,4047,8,8
1668315556,2022-11-12 22:59:16 -0600,f8f2c1932664aed27b5619cd46d8d554aaeff495,TX,48377,2,2022-11-09T01:00:00.000Z,FIPSCode,48377,0,2022-11-13T04:23:17.000Z,8,98.98,8,100,62962,1025,61.97,62492,550,33.25,63492,79,4.78,1671,99,1654,4047,8,8
1668315596,2022-11-12 22:59:56 -0600,b79c8f9a0620bcd9623ba0d59536d114d2575d74,TX,48377,2,2022-11-09T01:00:00.000Z,FIPSCode,48377,0,2022-11-13T04:23:17.000Z,8,98.98,8,100,62962,1025,61.97,62492,550,33.25,63492,79,4.78,1671,99,1654,4047,8,8
1668315638,2022-11-12 23:00:38 -0600,41bad56de44576779bf69500d1de123dde381fbb,TX,48377,2,2022-11-09T01:00:00.000Z,FIPSCode,48377,0,2022-11-13T04:23:17.000Z,8,98.98,8,100,62962,1025,61.97,62492,550,33.25,63492,79,4.78,1671,99,1654,4047,8,8
1668315679,2022-11-12 23:01:19 -0600,b305f806dff97c955348ec1eccce994c056ad3fa,TX,48377,2,2022-11-09T01:00:00.000Z,FIPSCode,48377,0,2022-11-13T04:23:17.000Z,8,98.98,8,100,62962,1025,61.97,62492,550,33.25,63492,79,4.78,1671,99,1654,4047,8,8
1668315718,2022-11-12 23:01:58 -0600,e81fa7f6f1d384529855c435e0861aba6d57859d,TX,48377,2,2022-11-09T01:00:00.000Z,FIPSCode,48377,0,2022-11-13T04:23:17.000Z,8,98.98,8,100,62962,1025,61.97,62492,550,33.25,63492,79,4.78,1671,99,1654,4047,8,8
1668315761,2022-11-12 23:02:41 -0600,bc80ea8174a7a95d85c6b00ac373022e08383295,TX,48377,2,2022-11-09T01:00:00.000Z,FIPSCode,48377,0,2022-11-13T04:23:17.000Z,8,98.98,8,100,62962,1025,61.97,62492,550,33.25,63492,79,4.78,1671,99,1654,4047,8,8
1668315801,2022-11-12 23:03:21 -0600,81c989ef372ac3f15db4b2677139988ef2246dfb,TX,48377,2,2022-11-09T01:00:00.000Z,FIPSCode,48377,0,2022-11-13T04:23:17.000Z,8,98.98,8,100,62962,1025,61.97,62492,550,33.25,63492,79,4.78,1671,99,1654,4047,8,8
1668315843,2022-11-12 23:04:03 -0600,bd7baf20e6de89dfdc09bd40ad40f09e3c79c787,TX,48377,2,2022-11-09T01:00:00.000Z,FIPSCode,48377,0,2022-11-13T04:23:17.000Z,8,98.98,8,100,62962,1025,61.97,62492,550,33.25,63492,79,4.78,1671,99,1654,4047,8,8
1668315883,2022-11-12 23:04:43 -0600,72d96f626fc96ea8d9dda25e0127b187cb3a76ad,TX,48377,2,2022-11-09T01:00:00.000Z,FIPSCode,48377,0,2022-11-13T04:23:17.000Z,8,98.98,8,100,62962,1025,61.97,62492,550,33.25,63492,79,4.78,1671,99,1654,4047,8,8
1668315924,2022-11-12 23:05:24 -0600,86971b8e50cbc50e86ec1318deeea01a0695a903,TX,48377,2,2022-11-09T01:00:00.000Z,FIPSCode,48377,0,2022-11-13T04:23:17.000Z,8,98.98,8,100,62962,1025,61.97,62492,550,33.25,63492,79,4.78,1671,99,1654,4047,8,8
1668315964,2022-11-12 23:06:04 -0600,6b533486cc4512711b9fd41a582138f0e4c952b0,TX,48377,2,2022-11-09T01:00:00.000Z,FIPSCode,48377,0,2022-11-13T04:23:17.000Z,8,98.98,8,100,62962,1025,61.97,62492,550,33.25,63492,79,4.78,1671,99,1654,4047,8,8
1668316006,2022-11-12 23:06:46 -0600,edec91cc945ff2c8e57a36b48b4c3cff3cbf09ad,TX,48377,2,2022-11-09T01:00:00.000Z,FIPSCode,48377,0,2022-11-13T04:23:17.000Z,8,98.98,8,100,62962,1025,61.97,62492,550,33.25,63492,79,4.78,1671,99,1654,4047,8,8
1668316046,2022-11-12 23:07:26 -0600,93ccd8d6ca0e1e8cbf1755033680bae2d2c7e978,TX,48377,2,2022-11-09T01:00:00.000Z,FIPSCode,48377,0,2022-11-13T04:23:17.000Z,8,98.98,8,100,62962,1025,61.97,62492,550,33.25,63492,79,4.78,1671,99,1654,4047,8,8
1668316088,2022-11-12 23:08:08 -0600,bf75872ba1fb96998426059cd2df9995a8e541f0,TX,48377,2,2022-11-09T01:00:00.000Z,FIPSCode,48377,0,2022-11-13T04:23:17.000Z,8,98.98,8,100,62962,1025,61.97,62492,550,33.25,63492,79,4.78,1671,99,1654,4047,8,8
1668316127,2022-11-12 23:08:47 -0600,2d9efadde7bce6e56888abd6fe9e2e7ef779fbe6,TX,48377,2,2022-11-09T01:00:00.000Z,FIPSCode,48377,0,2022-11-13T04:23:17.000Z,8,98.98,8,100,62962,1025,61.97,62492,550,33.25,63492,79,4.78,1671,99,1654,4047,8,8
1668316169,2022-11-12 23:09:29 -0600,2da4e32347a680f4cd308f0ec09fe69fa5b9cad8,TX,48377,2,2022-11-09T01:00:00.000Z,FIPSCode,48377,0,2022-11-13T04:23:17.000Z,8,98.98,8,100,62962,1025,61.97,62492,550,33.25,63492,79,4.78,1671,99,1654,4047,8,8
1668316210,2022-11-12 23:10:10 -0600,3e92e9c0119ae5e4ca35c986b4453fbb784f1368,TX,48377,2,2022-11-09T01:00:00.000Z,FIPSCode,48377,0,2022-11-13T04:23:17.000Z,8,98.98,8,100,62962,1025,61.97,62492,550,33.25,63492,79,4.78,1671,99,1654,4047,8,8
1668316251,2022-11-12 23:10:51 -0600,93bf4394a9addb057ee4926a5d9f75f18788f7fc,TX,48377,2,2022-11-09T01:00:00.000Z,FIPSCode,48377,0,2022-11-13T04:23:17.000Z,8,98.98,8,100,62962,1025,61.97,62492,550,33.25,63492,79,4.78,1671,99,1654,4047,8,8
1668316293,2022-11-12 23:11:33 -0600,282e6f493cd0aed5d27a2e788ba127937f073e6f,TX,48377,2,2022-11-09T01:00:00.000Z,FIPSCode,48377,0,2022-11-13T04:23:17.000Z,8,98.98,8,100,62962,1025,61.97,62492,550,33.25,63492,79,4.78,1671,99,1654,4047,8,8
1668316334,2022-11-12 23:12:14 -0600,5eb4111aa1afd0e912986b87d06d87b413f58561,TX,48377,2,2022-11-09T01:00:00.000Z,FIPSCode,48377,0,2022-11-13T04:23:17.000Z,8,98.98,8,100,62962,1025,61.97,62492,550,33.25,63492,79,4.78,1671,99,1654,4047,8,8
1668316375,2022-11-12 23:12:55 -0600,f57dee57b73da4d56021d40cb69ecc50c4a5d850,TX,48377,2,2022-11-09T01:00:00.000Z,FIPSCode,48377,0,2022-11-13T04:23:17.000Z,8,98.98,8,100,62962,1025,61.97,62492,550,33.25,63492,79,4.78,1671,99,1654,4047,8,8
1668316418,2022-11-12 23:13:38 -0600,55b8c1d0c38ee00aa726742849ff22329ba2dabf,TX,48377,2,2022-11-09T01:00:00.000Z,FIPSCode,48377,0,2022-11-13T04:23:17.000Z,8,98.98,8,100,62962,1025,61.97,62492,550,33.25,63492,79,4.78,1671,99,1654,4047,8,8
1668316459,2022-11-12 23:14:19 -0600,773473dec7eb04020a582f91ba5eb2d179c58f41,TX,48377,2,2022-11-09T01:00:00.000Z,FIPSCode,48377,0,2022-11-13T04:23:17.000Z,8,98.98,8,100,62962,1025,61.97,62492,550,33.25,63492,79,4.78,1671,99,1654,4047,8,8
1668316500,2022-11-12 23:15:00 -0600,4a249a2c47e4e5949ab90f0f4c67ca4d22d12396,TX,48377,2,2022-11-09T01:00:00.000Z,FIPSCode,48377,0,2022-11-13T05:14:39.448Z,8,98.98,8,100,62962,1025,61.97,62492,550,33.25,63492,79,4.78,1671,99,1654,4047,8,8
1668316542,2022-11-12 23:15:42 -0600,c5acc258750c93262769e6669b4f5c97376a91c9,TX,48377,2,2022-11-09T01:00:00.000Z,FIPSCode,48377,0,2022-11-13T05:15:19.411Z,8,98.98,8,100,62962,1025,61.97,62492,550,33.25,63492,79,4.78,1671,99,1654,4047,8,8
1668316583,2022-11-12 23:16:23 -0600,b7c5794bfd9ac1f89d637c58bcc472269997d28f,TX,48377,2,2022-11-09T01:00:00.000Z,FIPSCode,48377,0,2022-11-13T05:15:19.411Z,8,98.98,8,100,62962,1025,61.97,62492,550,33.25,63492,79,4.78,1671,99,1654,4047,8,8
1668316624,2022-11-12 23:17:04 -0600,fa24d068e15639014ea9d02ed5b0de2f5da16149,TX,48377,2,2022-11-09T01:00:00.000Z,FIPSCode,48377,0,2022-11-13T05:16:16.641Z,8,98.98,8,100,62962,1025,61.97,62492,550,33.25,63492,79,4.78,1671,99,1654,4047,8,8
1668316665,2022-11-12 23:17:45 -0600,4750a9cad14264d958cd5651ae975886bccd2c0a,TX,48377,2,2022-11-09T01:00:00.000Z,FIPSCode,48377,0,2022-11-13T05:17:17.218Z,8,98.98,8,100,62962,1025,61.97,62492,550,33.25,63492,79,4.78,1671,99,1654,4047,8,8
1668316705,2022-11-12 23:18:25 -0600,c59fe10a26b3af0b6003812b0955f9d4bcb24762,TX,48377,2,2022-11-09T01:00:00.000Z,FIPSCode,48377,0,2022-11-13T05:17:17.218Z,8,98.98,8,100,62962,1025,61.97,62492,550,33.25,63492,79,4.78,1671,99,1654,4047,8,8
1668316747,2022-11-12 23:19:07 -0600,44d1497f7d318c4f5c4b7a582cbb1e353455c037,TX,48377,2,2022-11-09T01:00:00.000Z,FIPSCode,48377,0,2022-11-13T05:17:17.218Z,8,98.98,8,100,62962,1025,61.97,62492,550,33.25,63492,79,4.78,1671,99,1654,4047,8,8
1668316789,2022-11-12 23:19:49 -0600,3d501ae0d8bb6eb0e8a3ac05794420893a048ae8,TX,48377,2,2022-11-09T01:00:00.000Z,FIPSCode,48377,0,2022-11-13T05:17:17.218Z,8,98.98,8,100,62962,1025,61.97,62492,550,33.25,63492,79,4.78,1671,99,1654,4047,8,8
1668316830,2022-11-12 23:20:30 -0600,1754861d4b26b599d3f45b8489eb1c087764dd0d,TX,48377,2,2022-11-09T01:00:00.000Z,FIPSCode,48377,0,2022-11-13T05:17:17.218Z,8,98.98,8,100,62962,1025,61.97,62492,550,33.25,63492,79,4.78,1671,99,1654,4047,8,8
1668316871,2022-11-12 23:21:11 -0600,0c49f17705601079ff262d63013c88d3ac1df39c,TX,48377,2,2022-11-09T01:00:00.000Z,FIPSCode,48377,0,2022-11-13T05:17:17.218Z,8,98.98,8,100,62962,1025,61.97,62492,550,33.25,63492,79,4.78,1671,99,1654,4047,8,8
1668316954,2022-11-12 23:22:34 -0600,78786b9521bfba7d7e92d50a4501b482188da002,TX,48377,2,2022-11-09T01:00:00.000Z,FIPSCode,48377,0,2022-11-13T05:17:17.218Z,8,98.98,8,100,62962,1025,61.97,62492,550,33.25,63492,79,4.78,1671,99,1654,4047,8,8
1668316994,2022-11-12 23:23:14 -0600,c12e96804197a71163603c5210637c8206a70114,TX,48377,2,2022-11-09T01:00:00.000Z,FIPSCode,48377,0,2022-11-13T05:17:17.218Z,8,98.98,8,100,62962,1025,61.97,62492,550,33.25,63492,79,4.78,1671,99,1654,4047,8,8
1668317037,2022-11-12 23:23:57 -0600,61959ac75a5bd0c3561d211b75e6d89183556a7c,TX,48377,2,2022-11-09T01:00:00.000Z,FIPSCode,48377,0,2022-11-13T05:17:17.218Z,8,98.98,8,100,62962,1025,61.97,62492,550,33.25,63492,79,4.78,1671,99,1654,4047,8,8
1668317077,2022-11-12 23:24:37 -0600,a63777786d3363495989b0379921a108078b94ec,TX,48377,2,2022-11-09T01:00:00.000Z,FIPSCode,48377,0,2022-11-13T05:17:17.218Z,8,98.98,8,100,62962,1025,61.97,62492,550,33.25,63492,79,4.78,1671,99,1654,4047,8,8
1668317118,2022-11-12 23:25:18 -0600,5e941aa78d3595ca67dd46f0150dc12bee026f3a,TX,48377,2,2022-11-09T01:00:00.000Z,FIPSCode,48377,0,2022-11-13T05:17:17.218Z,8,98.98,8,100,62962,1025,61.97,62492,550,33.25,63492,79,4.78,1671,99,1654,4047,8,8
1668317158,2022-11-12 23:25:58 -0600,fdf18a1f3ca942c386b6adaf3fb19d320796998a,TX,48377,2,2022-11-09T01:00:00.000Z,FIPSCode,48377,0,2022-11-13T05:17:17.218Z,8,98.98,8,100,62962,1025,61.97,62492,550,33.25,63492,79,4.78,1671,99,1654,4047,8,8
1668317199,2022-11-12 23:26:39 -0600,716117e6525ab9f2629a933ba8ef3cd62c30e330,TX,48377,2,2022-11-09T01:00:00.000Z,FIPSCode,48377,0,2022-11-13T05:17:17.218Z,8,98.98,8,100,62962,1025,61.97,62492,550,33.25,63492,79,4.78,1671,99,1654,4047,8,8
1668317240,2022-11-12 23:27:20 -0600,45a9b9d95e57fa230e3e070e5cb379cc6557c21f,TX,48377,2,2022-11-09T01:00:00.000Z,FIPSCode,48377,0,2022-11-13T05:17:17.218Z,8,98.98,8,100,62962,1025,61.97,62492,550,33.25,63492,79,4.78,1671,99,1654,4047,8,8
1668317281,2022-11-12 23:28:01 -0600,14846a60a6485d56a57c8ca0cfb189dbcbdf36af,TX,48377,2,2022-11-09T01:00:00.000Z,FIPSCode,48377,0,2022-11-13T05:17:17.218Z,8,98.98,8,100,62962,1025,61.97,62492,550,33.25,63492,79,4.78,1671,99,1654,4047,8,8
1668317322,2022-11-12 23:28:42 -0600,be3becd2662b34ecea515aea863722d0ee937ae6,TX,48377,2,2022-11-09T01:00:00.000Z,FIPSCode,48377,0,2022-11-13T05:17:17.218Z,8,98.98,8,100,62962,1025,61.97,62492,550,33.25,63492,79,4.78,1671,99,1654,4047,8,8
1668317362,2022-11-12 23:29:22 -0600,193fbf3368382c1911e5a285cf46de62716ed078,TX,48377,2,2022-11-09T01:00:00.000Z,FIPSCode,48377,0,2022-11-13T05:17:17.218Z,8,98.98,8,100,62962,1025,61.97,62492,550,33.25,63492,79,4.78,1671,99,1654,4047,8,8
1668317403,2022-11-12 23:30:03 -0600,b5699f3ad3b807710dc82e9562254f8818717c47,TX,48377,2,2022-11-09T01:00:00.000Z,FIPSCode,48377,0,2022-11-13T05:17:17.218Z,8,98.98,8,100,62962,1025,61.97,62492,550,33.25,63492,79,4.78,1671,99,1654,4047,8,8
1668317444,2022-11-12 23:30:44 -0600,eb8bd9a56325fb8eba46688cb9f10e79aa184d3d,TX,48377,2,2022-11-09T01:00:00.000Z,FIPSCode,48377,0,2022-11-13T05:17:17.218Z,8,98.98,8,100,62962,1025,61.97,62492,550,33.25,63492,79,4.78,1671,99,1654,4047,8,8
1668317525,2022-11-12 23:32:05 -0600,7916267438d662c1121123391e69869c6a94e019,TX,48377,2,2022-11-09T01:00:00.000Z,FIPSCode,48377,0,2022-11-13T05:17:17.218Z,8,98.98,8,100,62962,1025,61.97,62492,550,33.25,63492,79,4.78,1671,99,1654,4047,8,8
1668317565,2022-11-12 23:32:45 -0600,10b0e321aab7636ce274f5bd694078a856c0a932,TX,48377,2,2022-11-09T01:00:00.000Z,FIPSCode,48377,0,2022-11-13T05:17:17.218Z,8,98.98,8,100,62962,1025,61.97,62492,550,33.25,63492,79,4.78,1671,99,1654,4047,8,8
1668317606,2022-11-12 23:33:26 -0600,acec77eaf32181c875422e4f83803d7a6d0ac062,TX,48377,2,2022-11-09T01:00:00.000Z,FIPSCode,48377,0,2022-11-13T05:17:17.218Z,8,98.98,8,100,62962,1025,61.97,62492,550,33.25,63492,79,4.78,1671,99,1654,4047,8,8
1668317646,2022-11-12 23:34:06 -0600,8f57505230d01eafd5e8200c2033d6ea1f63081d,TX,48377,2,2022-11-09T01:00:00.000Z,FIPSCode,48377,0,2022-11-13T05:17:17.218Z,8,98.98,8,100,62962,1025,61.97,62492,550,33.25,63492,79,4.78,1671,99,1654,4047,8,8
1668317687,2022-11-12 23:34:47 -0600,149075e89cae8d6b53e88ef0c43c07633dfb36c5,TX,48377,2,2022-11-09T01:00:00.000Z,FIPSCode,48377,0,2022-11-13T05:17:17.218Z,8,98.98,8,100,62962,1025,61.97,62492,550,33.25,63492,79,4.78,1671,99,1654,4047,8,8
1668317728,2022-11-12 23:35:28 -0600,8417a319b4bbd1b7f53a00958fa7f31163b8a139,TX,48377,2,2022-11-09T01:00:00.000Z,FIPSCode,48377,0,2022-11-13T05:17:17.218Z,8,98.98,8,100,62962,1025,61.97,62492,550,33.25,63492,79,4.78,1671,99,1654,4047,8,8
1668317768,2022-11-12 23:36:08 -0600,5a3fded8ffedaaf0523755578e079f3b21036cc3,TX,48377,2,2022-11-09T01:00:00.000Z,FIPSCode,48377,0,2022-11-13T05:17:17.218Z,8,98.98,8,100,62962,1025,61.97,62492,550,33.25,63492,79,4.78,1671,99,1654,4047,8,8
1668317809,2022-11-12 23:36:49 -0600,c99fbf7acbd51503d89f6aff592dfe8fb0e00f0d,TX,48377,2,2022-11-09T01:00:00.000Z,FIPSCode,48377,0,2022-11-13T05:17:17.218Z,8,98.98,8,100,62962,1025,61.97,62492,550,33.25,63492,79,4.78,1671,99,1654,4047,8,8
1668317889,2022-11-12 23:38:09 -0600,aff4b264ca41038d6b496b749aa1c7af05680617,TX,48377,2,2022-11-09T01:00:00.000Z,FIPSCode,48377,0,2022-11-13T05:17:17.218Z,8,98.98,8,100,62962,1025,61.97,62492,550,33.25,63492,79,4.78,1671,99,1654,4047,8,8
1668317931,2022-11-12 23:38:51 -0600,570147e4c12ab65b0d53bcfe6dd15edf151aa040,TX,48377,2,2022-11-09T01:00:00.000Z,FIPSCode,48377,0,2022-11-13T05:17:17.218Z,8,98.98,8,100,62962,1025,61.97,62492,550,33.25,63492,79,4.78,1671,99,1654,4047,8,8
1668317972,2022-11-12 23:39:32 -0600,d8d9fbda9a72a28a214b61fa258f8a69ebf9c617,TX,48377,2,2022-11-09T01:00:00.000Z,FIPSCode,48377,0,2022-11-13T05:17:17.218Z,8,98.98,8,100,62962,1025,61.97,62492,550,33.25,63492,79,4.78,1671,99,1654,4047,8,8
1668318013,2022-11-12 23:40:13 -0600,43d413afa16009b8ed8e45805028ef37d1d6bd64,TX,48377,2,2022-11-09T01:00:00.000Z,FIPSCode,48377,0,2022-11-13T05:17:17.218Z,8,98.98,8,100,62962,1025,61.97,62492,550,33.25,63492,79,4.78,1671,99,1654,4047,8,8
1668318054,2022-11-12 23:40:54 -0600,f8e52c5e75d49b861265b37e4facaa15c81fc230,TX,48377,2,2022-11-09T01:00:00.000Z,FIPSCode,48377,0,2022-11-13T05:17:17.218Z,8,98.98,8,100,62962,1025,61.97,62492,550,33.25,63492,79,4.78,1671,99,1654,4047,8,8
1668318094,2022-11-12 23:41:34 -0600,38ebefaee414e5dfd8da3ef710c681157c833fed,TX,48377,2,2022-11-09T01:00:00.000Z,FIPSCode,48377,0,2022-11-13T05:17:17.218Z,8,98.98,8,100,62962,1025,61.97,62492,550,33.25,63492,79,4.78,1671,99,1654,4047,8,8
1668318135,2022-11-12 23:42:15 -0600,66ab421a289e7e52e4bcf5e3b00516b7a6abc339,TX,48377,2,2022-11-09T01:00:00.000Z,FIPSCode,48377,0,2022-11-13T05:17:17.218Z,8,98.98,8,100,62962,1025,61.97,62492,550,33.25,63492,79,4.78,1671,99,1654,4047,8,8
1668318177,2022-11-12 23:42:57 -0600,892fb813dcd2c0ebbcbb66e11084c20050480691,TX,48377,2,2022-11-09T01:00:00.000Z,FIPSCode,48377,0,2022-11-13T05:17:17.218Z,8,98.98,8,100,62962,1025,61.97,62492,550,33.25,63492,79,4.78,1671,99,1654,4047,8,8
1668318259,2022-11-12 23:44:19 -0600,afe96eb5e10ee872fcf515d11657e7e2be4a7757,TX,48377,2,2022-11-09T01:00:00.000Z,FIPSCode,48377,0,2022-11-13T05:17:17.218Z,8,98.98,8,100,62962,1025,61.97,62492,550,33.25,63492,79,4.78,1671,99,1654,4047,8,8
1668318298,2022-11-12 23:44:58 -0600,0410ddb30999a64893e35439be49d9e241f54540,TX,48377,2,2022-11-09T01:00:00.000Z,FIPSCode,48377,0,2022-11-13T05:17:17.218Z,8,98.98,8,100,62962,1025,61.97,62492,550,33.25,63492,79,4.78,1671,99,1654,4047,8,8
1668318339,2022-11-12 23:45:39 -0600,549501c29adff655f2bd1435f2d5910d7c83be32,TX,48377,2,2022-11-09T01:00:00.000Z,FIPSCode,48377,0,2022-11-13T05:17:17.218Z,8,98.98,8,100,62962,1025,61.97,62492,550,33.25,63492,79,4.78,1671,99,1654,4047,8,8
1668318380,2022-11-12 23:46:20 -0600,0a42b3d75c20230b530a36fdcb5b95b39c699aa9,TX,48377,2,2022-11-09T01:00:00.000Z,FIPSCode,48377,0,2022-11-13T05:17:17.218Z,8,98.98,8,100,62962,1025,61.97,62492,550,33.25,63492,79,4.78,1671,99,1654,4047,8,8
1668318420,2022-11-12 23:47:00 -0600,45e74e91db3df65446a54386750558ea5359c1a8,TX,48377,2,2022-11-09T01:00:00.000Z,FIPSCode,48377,0,2022-11-13T05:17:17.218Z,8,98.98,8,100,62962,1025,61.97,62492,550,33.25,63492,79,4.78,1671,99,1654,4047,8,8
1668318461,2022-11-12 23:47:41 -0600,23f11b0dd46d965e65fa961df8e39d1419a9a288,TX,48377,2,2022-11-09T01:00:00.000Z,FIPSCode,48377,0,2022-11-13T05:17:17.218Z,8,98.98,8,100,62962,1025,61.97,62492,550,33.25,63492,79,4.78,1671,99,1654,4047,8,8
1668318543,2022-11-12 23:49:03 -0600,c1ac834e72ad2d296d1f9f0fc9a9ed7e35fdfb03,TX,48377,2,2022-11-09T01:00:00.000Z,FIPSCode,48377,0,2022-11-13T05:17:17.218Z,8,98.98,8,100,62962,1025,61.97,62492,550,33.25,63492,79,4.78,1671,99,1654,4047,8,8
1668318584,2022-11-12 23:49:44 -0600,c22b435f8f9ecab8c4003b7af8b67faa99646873,TX,48377,2,2022-11-09T01:00:00.000Z,FIPSCode,48377,0,2022-11-13T05:17:17.218Z,8,98.98,8,100,62962,1025,61.97,62492,550,33.25,63492,79,4.78,1671,99,1654,4047,8,8
1668318624,2022-11-12 23:50:24 -0600,92f20c6a70861a10408c5000d197d13ca84f4642,TX,48377,2,2022-11-09T01:00:00.000Z,FIPSCode,48377,0,2022-11-13T05:17:17.218Z,8,98.98,8,100,62962,1025,61.97,62492,550,33.25,63492,79,4.78,1671,99,1654,4047,8,8
1668318665,2022-11-12 23:51:05 -0600,5b67c275410be1bc26eef8c2ecb8ecbd6288079d,TX,48377,2,2022-11-09T01:00:00.000Z,FIPSCode,48377,0,2022-11-13T05:17:17.218Z,8,98.98,8,100,62962,1025,61.97,62492,550,33.25,63492,79,4.78,1671,99,1654,4047,8,8
1668318829,2022-11-12 23:53:49 -0600,4d7278472461f3fead5d19835f0a095df0b45272,TX,48377,2,2022-11-09T01:00:00.000Z,FIPSCode,48377,0,2022-11-13T05:17:17.218Z,8,98.98,8,100,62962,1025,61.97,62492,550,33.25,63492,79,4.78,1671,99,1654,4047,8,8
1668318870,2022-11-12 23:54:30 -0600,e6ce1dcc4da8a818cb01d86f8e85ca7d80a08285,TX,48377,2,2022-11-09T01:00:00.000Z,FIPSCode,48377,0,2022-11-13T05:17:17.218Z,8,98.98,8,100,62962,1025,61.97,62492,550,33.25,63492,79,4.78,1671,99,1654,4047,8,8
1668318911,2022-11-12 23:55:11 -0600,10878b13cdd8e9553caa248833c97b73fe3149ca,TX,48377,2,2022-11-09T01:00:00.000Z,FIPSCode,48377,0,2022-11-13T05:17:17.218Z,8,98.98,8,100,62962,1025,61.97,62492,550,33.25,63492,79,4.78,1671,99,1654,4047,8,8
1668318952,2022-11-12 23:55:52 -0600,20a1c7a2dc95bde33341e958be9ed3a9a51d773b,TX,48377,2,2022-11-09T01:00:00.000Z,FIPSCode,48377,0,2022-11-13T05:17:17.218Z,8,98.98,8,100,62962,1025,61.97,62492,550,33.25,63492,79,4.78,1671,99,1654,4047,8,8
1668318993,2022-11-12 23:56:33 -0600,881aefbb10767829c9e3a933dc2698cb4c3c93ef,TX,48377,2,2022-11-09T01:00:00.000Z,FIPSCode,48377,0,2022-11-13T05:17:17.218Z,8,98.98,8,100,62962,1025,61.97,62492,550,33.25,63492,79,4.78,1671,99,1654,4047,8,8
1668319034,2022-11-12 23:57:14 -0600,6dcbc54e69319f368e53ffe26bcb70ec1030942b,TX,48377,2,2022-11-09T01:00:00.000Z,FIPSCode,48377,0,2022-11-13T05:17:17.218Z,8,98.98,8,100,62962,1025,61.97,62492,550,33.25,63492,79,4.78,1671,99,1654,4047,8,8
1668319074,2022-11-12 23:57:54 -0600,03f4be18eecbb4867f7d1af8b19de04e76ab1552,TX,48377,2,2022-11-09T01:00:00.000Z,FIPSCode,48377,0,2022-11-13T05:17:17.218Z,8,98.98,8,100,62962,1025,61.97,62492,550,33.25,63492,79,4.78,1671,99,1654,4047,8,8
1668319115,2022-11-12 23:58:35 -0600,25f2d5182d749b0e86f640892e4fde661d8579a0,TX,48377,2,2022-11-09T01:00:00.000Z,FIPSCode,48377,0,2022-11-13T05:17:17.218Z,8,98.98,8,100,62962,1025,61.97,62492,550,33.25,63492,79,4.78,1671,99,1654,4047,8,8
1668319155,2022-11-12 23:59:15 -0600,1b0715e7967433fe01b5d4d342a2c00faead7397,TX,48377,2,2022-11-09T01:00:00.000Z,FIPSCode,48377,0,2022-11-13T05:17:17.218Z,8,98.98,8,100,62962,1025,61.97,62492,550,33.25,63492,79,4.78,1671,99,1654,4047,8,8
1668319197,2022-11-12 23:59:57 -0600,c51592b39c2d614909b11fea2a67c219039dffdd,TX,48377,2,2022-11-09T01:00:00.000Z,FIPSCode,48377,0,2022-11-13T05:17:17.218Z,8,98.98,8,100,62962,1025,61.97,62492,550,33.25,63492,79,4.78,1671,99,1654,4047,8,8
1668319278,2022-11-13 00:01:18 -0600,99eb350528222e99b272ef3c006fac087974dc75,TX,48377,2,2022-11-09T01:00:00.000Z,FIPSCode,48377,0,2022-11-13T05:17:17.218Z,8,98.98,8,100,62962,1025,61.97,62492,550,33.25,63492,79,4.78,1671,99,1654,4047,8,8
1668319319,2022-11-13 00:01:59 -0600,dde47c99f0de2e41b2974274ecefbba63992d1c5,TX,48377,2,2022-11-09T01:00:00.000Z,FIPSCode,48377,0,2022-11-13T05:17:17.218Z,8,98.98,8,100,62962,1025,61.97,62492,550,33.25,63492,79,4.78,1671,99,1654,4047,8,8
1668319358,2022-11-13 00:02:38 -0600,82446f34a31ee5f6b74692aea48cf10fa15eeac9,TX,48377,2,2022-11-09T01:00:00.000Z,FIPSCode,48377,0,2022-11-13T05:17:17.218Z,8,98.98,8,100,62962,1025,61.97,62492,550,33.25,63492,79,4.78,1671,99,1654,4047,8,8
1668319400,2022-11-13 00:03:20 -0600,8267d59385d0c1af07f99ef2e76e1a0660871907,TX,48377,2,2022-11-09T01:00:00.000Z,FIPSCode,48377,0,2022-11-13T05:17:17.218Z,8,98.98,8,100,62962,1025,61.97,62492,550,33.25,63492,79,4.78,1671,99,1654,4047,8,8
1668319442,2022-11-13 00:04:02 -0600,9caa45cbf340368644b81756363e7575557759a8,TX,48377,2,2022-11-09T01:00:00.000Z,FIPSCode,48377,0,2022-11-13T05:17:17.218Z,8,98.98,8,100,62962,1025,61.97,62492,550,33.25,63492,79,4.78,1671,99,1654,4047,8,8
1668319483,2022-11-13 00:04:43 -0600,cba9fc76dfb93cf1740d0a6af5ea56fa4d35c358,TX,48377,2,2022-11-09T01:00:00.000Z,FIPSCode,48377,0,2022-11-13T05:17:17.218Z,8,98.98,8,100,62962,1025,61.97,62492,550,33.25,63492,79,4.78,1671,99,1654,4047,8,8
1668319522,2022-11-13 00:05:22 -0600,432694b1973748a53f33a7a234f81fa6cf6f9737,TX,48377,2,2022-11-09T01:00:00.000Z,FIPSCode,48377,0,2022-11-13T05:17:17.218Z,8,98.98,8,100,62962,1025,61.97,62492,550,33.25,63492,79,4.78,1671,99,1654,4047,8,8
1668319563,2022-11-13 00:06:03 -0600,abb389d0eb9a8d23879b05789fd5c359069e55a1,TX,48377,2,2022-11-09T01:00:00.000Z,FIPSCode,48377,0,2022-11-13T05:17:17.218Z,8,98.98,8,100,62962,1025,61.97,62492,550,33.25,63492,79,4.78,1671,99,1654,4047,8,8
1668319643,2022-11-13 00:07:23 -0600,add6547ade8ce265604daed9631cfaabb5d4bb8d,TX,48377,2,2022-11-09T01:00:00.000Z,FIPSCode,48377,0,2022-11-13T06:06:18.541Z,8,98.98,8,100,62962,1025,61.97,62492,550,33.25,63492,79,4.78,1671,99,1654,4047,8,8
1668319684,2022-11-13 00:08:04 -0600,e4d0bf33bdabd72ff291896ef40ba114f8ca7855,TX,48377,2,2022-11-09T01:00:00.000Z,FIPSCode,48377,0,2022-11-13T06:07:17.422Z,8,98.98,8,100,62962,1025,61.97,62492,550,33.25,63492,79,4.78,1671,99,1654,4047,8,8
1668319724,2022-11-13 00:08:44 -0600,5d14496eafba90846613ff6ab8a8282a2c997622,TX,48377,2,2022-11-09T01:00:00.000Z,FIPSCode,48377,0,2022-11-13T06:08:16.991Z,8,98.98,8,100,62962,1025,61.97,62492,550,33.25,63492,79,4.78,1671,99,1654,4047,8,8
1668319766,2022-11-13 00:09:26 -0600,48da15335d59ea53c1f7d332897299970cbec640,TX,48377,2,2022-11-09T01:00:00.000Z,FIPSCode,48377,0,2022-11-13T06:08:16.991Z,8,98.98,8,100,62962,1025,61.97,62492,550,33.25,63492,79,4.78,1671,99,1654,4047,8,8
1668319804,2022-11-13 00:10:04 -0600,052e0d25247e6980f16b3d39654f0a9ca86a276f,TX,48377,2,2022-11-09T01:00:00.000Z,FIPSCode,48377,0,2022-11-13T06:08:16.991Z,8,98.98,8,100,62962,1025,61.97,62492,550,33.25,63492,79,4.78,1671,99,1654,4047,8,8
1668319846,2022-11-13 00:10:46 -0600,adcbc8b7e3880dc544def1e75da4f12d9e8661ff,TX,48377,2,2022-11-09T01:00:00.000Z,FIPSCode,48377,0,2022-11-13T06:08:16.991Z,8,98.98,8,100,62962,1025,61.97,62492,550,33.25,63492,79,4.78,1671,99,1654,4047,8,8
1668319886,2022-11-13 00:11:26 -0600,0bdf845c531a7b80f278a7936839fcd1893bdbe8,TX,48377,2,2022-11-09T01:00:00.000Z,FIPSCode,48377,0,2022-11-13T06:08:16.991Z,8,98.98,8,100,62962,1025,61.97,62492,550,33.25,63492,79,4.78,1671,99,1654,4047,8,8
1668319925,2022-11-13 00:12:05 -0600,7657bea76d4663a90b3844c9ef47aaf10186d8d9,TX,48377,2,2022-11-09T01:00:00.000Z,FIPSCode,48377,0,2022-11-13T06:08:16.991Z,8,98.98,8,100,62962,1025,61.97,62492,550,33.25,63492,79,4.78,1671,99,1654,4047,8,8
1668319966,2022-11-13 00:12:46 -0600,299330f5e2debf4a386b7c78da9895890ef944e0,TX,48377,2,2022-11-09T01:00:00.000Z,FIPSCode,48377,0,2022-11-13T06:08:16.991Z,8,98.98,8,100,62962,1025,61.97,62492,550,33.25,63492,79,4.78,1671,99,1654,4047,8,8
1668320006,2022-11-13 00:13:26 -0600,597ec9ee9f5f3d114a057e5b7342ddf58de14ee9,TX,48377,2,2022-11-09T01:00:00.000Z,FIPSCode,48377,0,2022-11-13T06:08:16.991Z,8,98.98,8,100,62962,1025,61.97,62492,550,33.25,63492,79,4.78,1671,99,1654,4047,8,8
1668320046,2022-11-13 00:14:06 -0600,ab42591d8be5d5b7d990ae0e79805a390e30ad23,TX,48377,2,2022-11-09T01:00:00.000Z,FIPSCode,48377,0,2022-11-13T06:08:16.991Z,8,98.98,8,100,62962,1025,61.97,62492,550,33.25,63492,79,4.78,1671,99,1654,4047,8,8
1668320086,2022-11-13 00:14:46 -0600,0a842ec34e34f1d93915a10f0a9b33f6525460ea,TX,48377,2,2022-11-09T01:00:00.000Z,FIPSCode,48377,0,2022-11-13T06:08:16.991Z,8,98.98,8,100,62962,1025,61.97,62492,550,33.25,63492,79,4.78,1671,99,1654,4047,8,8
1668320126,2022-11-13 00:15:26 -0600,1369c7ecdc707235150bb77cb5cebb326ab83196,TX,48377,2,2022-11-09T01:00:00.000Z,FIPSCode,48377,0,2022-11-13T06:08:16.991Z,8,98.98,8,100,62962,1025,61.97,62492,550,33.25,63492,79,4.78,1671,99,1654,4047,8,8
1668320166,2022-11-13 00:16:06 -0600,111eb1654c6f55b0931675e38306a9ac24558c5f,TX,48377,2,2022-11-09T01:00:00.000Z,FIPSCode,48377,0,2022-11-13T06:08:16.991Z,8,98.98,8,100,62962,1025,61.97,62492,550,33.25,63492,79,4.78,1671,99,1654,4047,8,8
1668320206,2022-11-13 00:16:46 -0600,6b0b3994b7f8aca6344202fc7a2a80716f1b92a2,TX,48377,2,2022-11-09T01:00:00.000Z,FIPSCode,48377,0,2022-11-13T06:08:16.991Z,8,98.98,8,100,62962,1025,61.97,62492,550,33.25,63492,79,4.78,1671,99,1654,4047,8,8
1668320245,2022-11-13 00:17:25 -0600,e325d4099bae39154bc758c1bfa042c2d896b99d,TX,48377,2,2022-11-09T01:00:00.000Z,FIPSCode,48377,0,2022-11-13T06:08:16.991Z,8,98.98,8,100,62962,1025,61.97,62492,550,33.25,63492,79,4.78,1671,99,1654,4047,8,8
1668320287,2022-11-13 00:18:07 -0600,217dd7ad81c9b9c20a869ef0eeccf74482f8f870,TX,48377,2,2022-11-09T01:00:00.000Z,FIPSCode,48377,0,2022-11-13T06:08:16.991Z,8,98.98,8,100,62962,1025,61.97,62492,550,33.25,63492,79,4.78,1671,99,1654,4047,8,8
1668320327,2022-11-13 00:18:47 -0600,bb602ce9fe93018710e763d5ce6aa288e879294e,TX,48377,2,2022-11-09T01:00:00.000Z,FIPSCode,48377,0,2022-11-13T06:08:16.991Z,8,98.98,8,100,62962,1025,61.97,62492,550,33.25,63492,79,4.78,1671,99,1654,4047,8,8
1668320367,2022-11-13 00:19:27 -0600,ae66e4a8b928cd06d8112ed94de4491e8f196286,TX,48377,2,2022-11-09T01:00:00.000Z,FIPSCode,48377,0,2022-11-13T06:08:16.991Z,8,98.98,8,100,62962,1025,61.97,62492,550,33.25,63492,79,4.78,1671,99,1654,4047,8,8
1668320407,2022-11-13 00:20:07 -0600,b4281e87f21ab65ac18aabc1e8097545d498c3d8,TX,48377,2,2022-11-09T01:00:00.000Z,FIPSCode,48377,0,2022-11-13T06:08:16.991Z,8,98.98,8,100,62962,1025,61.97,62492,550,33.25,63492,79,4.78,1671,99,1654,4047,8,8
1668320447,2022-11-13 00:20:47 -0600,94213972913e8e31158515649dc696a491c21e82,TX,48377,2,2022-11-09T01:00:00.000Z,FIPSCode,48377,0,2022-11-13T06:08:16.991Z,8,98.98,8,100,62962,1025,61.97,62492,550,33.25,63492,79,4.78,1671,99,1654,4047,8,8
1668320567,2022-11-13 00:22:47 -0600,313dd861369e1d588e8ab86c4e318dde907079c1,TX,48377,2,2022-11-09T01:00:00.000Z,FIPSCode,48377,0,2022-11-13T06:08:16.991Z,8,98.98,8,100,62962,1025,61.97,62492,550,33.25,63492,79,4.78,1671,99,1654,4047,8,8
1668320607,2022-11-13 00:23:27 -0600,139472afecf93b13599f41581b1ae23d8c11c5e6,TX,48377,2,2022-11-09T01:00:00.000Z,FIPSCode,48377,0,2022-11-13T06:08:16.991Z,8,98.98,8,100,62962,1025,61.97,62492,550,33.25,63492,79,4.78,1671,99,1654,4047,8,8
1668320647,2022-11-13 00:24:07 -0600,d3229f186aff501b92dbdfb8bcf726167310affb,TX,48377,2,2022-11-09T01:00:00.000Z,FIPSCode,48377,0,2022-11-13T06:08:16.991Z,8,98.98,8,100,62962,1025,61.97,62492,550,33.25,63492,79,4.78,1671,99,1654,4047,8,8
1668320688,2022-11-13 00:24:48 -0600,43767eb8c3d2330e1c5c70c8dd8c8c10b1d8028d,TX,48377,2,2022-11-09T01:00:00.000Z,FIPSCode,48377,0,2022-11-13T06:08:16.991Z,8,98.98,8,100,62962,1025,61.97,62492,550,33.25,63492,79,4.78,1671,99,1654,4047,8,8
1668320768,2022-11-13 00:26:08 -0600,2b0fc98f425629b8d4b7bc1b3eba5e9cb466fc41,TX,48377,2,2022-11-09T01:00:00.000Z,FIPSCode,48377,0,2022-11-13T06:08:16.991Z,8,98.98,8,100,62962,1025,61.97,62492,550,33.25,63492,79,4.78,1671,99,1654,4047,8,8
1668320809,2022-11-13 00:26:49 -0600,b64cfb5c42d570d0cd71256d94e800f53bb7ef6d,TX,48377,2,2022-11-09T01:00:00.000Z,FIPSCode,48377,0,2022-11-13T06:08:16.991Z,8,98.98,8,100,62962,1025,61.97,62492,550,33.25,63492,79,4.78,1671,99,1654,4047,8,8
1668320889,2022-11-13 00:28:09 -0600,60f58434dbeca17cd0b3b61bd4857c65c0b94ecd,TX,48377,2,2022-11-09T01:00:00.000Z,FIPSCode,48377,0,2022-11-13T06:08:16.991Z,8,98.98,8,100,62962,1025,61.97,62492,550,33.25,63492,79,4.78,1671,99,1654,4047,8,8
1668320930,2022-11-13 00:28:50 -0600,b6096d1609d51ee6eec23955a2effb85f4e0d602,TX,48377,2,2022-11-09T01:00:00.000Z,FIPSCode,48377,0,2022-11-13T06:08:16.991Z,8,98.98,8,100,62962,1025,61.97,62492,550,33.25,63492,79,4.78,1671,99,1654,4047,8,8
1668320969,2022-11-13 00:29:29 -0600,3218fbd2d21a8296740170684de6b3b8de29e690,TX,48377,2,2022-11-09T01:00:00.000Z,FIPSCode,48377,0,2022-11-13T06:08:16.991Z,8,98.98,8,100,62962,1025,61.97,62492,550,33.25,63492,79,4.78,1671,99,1654,4047,8,8
1668321010,2022-11-13 00:30:10 -0600,0a7c2b03c97e5505c0fb96f25ff3d4a6f4bbd297,TX,48377,2,2022-11-09T01:00:00.000Z,FIPSCode,48377,0,2022-11-13T06:08:16.991Z,8,98.98,8,100,62962,1025,61.97,62492,550,33.25,63492,79,4.78,1671,99,1654,4047,8,8
1668321051,2022-11-13 00:30:51 -0600,46814d099298a39ffc962202c8590d62a66eb623,TX,48377,2,2022-11-09T01:00:00.000Z,FIPSCode,48377,0,2022-11-13T06:08:16.991Z,8,98.98,8,100,62962,1025,61.97,62492,550,33.25,63492,79,4.78,1671,99,1654,4047,8,8
1668321131,2022-11-13 00:32:11 -0600,b08c2ef422b70fbafde8cd4f5a825972d9faa643,TX,48377,2,2022-11-09T01:00:00.000Z,FIPSCode,48377,0,2022-11-13T06:08:16.991Z,8,98.98,8,100,62962,1025,61.97,62492,550,33.25,63492,79,4.78,1671,99,1654,4047,8,8
1668321172,2022-11-13 00:32:52 -0600,91229f0c67feb2f3ec93fb916ab5574e136430ec,TX,48377,2,2022-11-09T01:00:00.000Z,FIPSCode,48377,0,2022-11-13T06:08:16.991Z,8,98.98,8,100,62962,1025,61.97,62492,550,33.25,63492,79,4.78,1671,99,1654,4047,8,8
1668321212,2022-11-13 00:33:32 -0600,a038e7a464645f43441cb49a991570c4d81f7c20,TX,48377,2,2022-11-09T01:00:00.000Z,FIPSCode,48377,0,2022-11-13T06:08:16.991Z,8,98.98,8,100,62962,1025,61.97,62492,550,33.25,63492,79,4.78,1671,99,1654,4047,8,8
1668321253,2022-11-13 00:34:13 -0600,b5a3a7eba80ba06b180bf4ba42a1341a75bcce81,TX,48377,2,2022-11-09T01:00:00.000Z,FIPSCode,48377,0,2022-11-13T06:08:16.991Z,8,98.98,8,100,62962,1025,61.97,62492,550,33.25,63492,79,4.78,1671,99,1654,4047,8,8
1668321293,2022-11-13 00:34:53 -0600,7269ff7228b8775311b9e8939b6cd56dc3b594cb,TX,48377,2,2022-11-09T01:00:00.000Z,FIPSCode,48377,0,2022-11-13T06:08:16.991Z,8,98.98,8,100,62962,1025,61.97,62492,550,33.25,63492,79,4.78,1671,99,1654,4047,8,8
1668321333,2022-11-13 00:35:33 -0600,e42024b83e3d5277d14a273a1b3728fda1c7de3b,TX,48377,2,2022-11-09T01:00:00.000Z,FIPSCode,48377,0,2022-11-13T06:08:16.991Z,8,98.98,8,100,62962,1025,61.97,62492,550,33.25,63492,79,4.78,1671,99,1654,4047,8,8
1668321373,2022-11-13 00:36:13 -0600,b20c1cfddd7f9c8f3cfab84f78d76cb379526aa7,TX,48377,2,2022-11-09T01:00:00.000Z,FIPSCode,48377,0,2022-11-13T06:08:16.991Z,8,98.98,8,100,62962,1025,61.97,62492,550,33.25,63492,79,4.78,1671,99,1654,4047,8,8
1668321413,2022-11-13 00:36:53 -0600,12647838c3e48c2e739effcd08ddeef57b05ebad,TX,48377,2,2022-11-09T01:00:00.000Z,FIPSCode,48377,0,2022-11-13T06:08:16.991Z,8,98.98,8,100,62962,1025,61.97,62492,550,33.25,63492,79,4.78,1671,99,1654,4047,8,8
1668321493,2022-11-13 00:38:13 -0600,db8627869919a89975b7ead9983831c43636de58,TX,48377,2,2022-11-09T01:00:00.000Z,FIPSCode,48377,0,2022-11-13T06:08:16.991Z,8,98.98,8,100,62962,1025,61.97,62492,550,33.25,63492,79,4.78,1671,99,1654,4047,8,8
1668321534,2022-11-13 00:38:54 -0600,56a702e911cdccd9b104325acb18f916fc2bef70,TX,48377,2,2022-11-09T01:00:00.000Z,FIPSCode,48377,0,2022-11-13T06:08:16.991Z,8,98.98,8,100,62962,1025,61.97,62492,550,33.25,63492,79,4.78,1671,99,1654,4047,8,8
1668321574,2022-11-13 00:39:34 -0600,73acab7dce28f1aa1726b0170d156d45be99f9d7,TX,48377,2,2022-11-09T01:00:00.000Z,FIPSCode,48377,0,2022-11-13T06:08:16.991Z,8,98.98,8,100,62962,1025,61.97,62492,550,33.25,63492,79,4.78,1671,99,1654,4047,8,8
1668321615,2022-11-13 00:40:15 -0600,1705fd0398c8e029d6eac2d2218b3d0a4bcff347,TX,48377,2,2022-11-09T01:00:00.000Z,FIPSCode,48377,0,2022-11-13T06:08:16.991Z,8,98.98,8,100,62962,1025,61.97,62492,550,33.25,63492,79,4.78,1671,99,1654,4047,8,8
1668321656,2022-11-13 00:40:56 -0600,2291b358cc6d0891927337873ae21d7dfd1fa1d1,TX,48377,2,2022-11-09T01:00:00.000Z,FIPSCode,48377,0,2022-11-13T06:08:16.991Z,8,98.98,8,100,62962,1025,61.97,62492,550,33.25,63492,79,4.78,1671,99,1654,4047,8,8
1668321696,2022-11-13 00:41:36 -0600,7e99a99f11a45ac941e2aa496d639a96b21583e3,TX,48377,2,2022-11-09T01:00:00.000Z,FIPSCode,48377,0,2022-11-13T06:08:16.991Z,8,98.98,8,100,62962,1025,61.97,62492,550,33.25,63492,79,4.78,1671,99,1654,4047,8,8
1668321777,2022-11-13 00:42:57 -0600,e2695623823625018af796993e2618c81ee8a738,TX,48377,2,2022-11-09T01:00:00.000Z,FIPSCode,48377,0,2022-11-13T06:08:16.991Z,8,98.98,8,100,62962,1025,61.97,62492,550,33.25,63492,79,4.78,1671,99,1654,4047,8,8
1668321817,2022-11-13 00:43:37 -0600,8a3dd5e488e4d1dc13031ddb7954978a55b02379,TX,48377,2,2022-11-09T01:00:00.000Z,FIPSCode,48377,0,2022-11-13T06:08:16.991Z,8,98.98,8,100,62962,1025,61.97,62492,550,33.25,63492,79,4.78,1671,99,1654,4047,8,8
1668321857,2022-11-13 00:44:17 -0600,002ffb3b1e73ccb65834f2d730de178bbe853b24,TX,48377,2,2022-11-09T01:00:00.000Z,FIPSCode,48377,0,2022-11-13T06:08:16.991Z,8,98.98,8,100,62962,1025,61.97,62492,550,33.25,63492,79,4.78,1671,99,1654,4047,8,8
1668321898,2022-11-13 00:44:58 -0600,45a5310c38e3bf50df4e95215887dae1cf9e358d,TX,48377,2,2022-11-09T01:00:00.000Z,FIPSCode,48377,0,2022-11-13T06:08:16.991Z,8,98.98,8,100,62962,1025,61.97,62492,550,33.25,63492,79,4.78,1671,99,1654,4047,8,8
1668321939,2022-11-13 00:45:39 -0600,3b71cd981a4d76fcddacd47a7e3765781648f6f5,TX,48377,2,2022-11-09T01:00:00.000Z,FIPSCode,48377,0,2022-11-13T06:08:16.991Z,8,98.98,8,100,62962,1025,61.97,62492,550,33.25,63492,79,4.78,1671,99,1654,4047,8,8
1668321981,2022-11-13 00:46:21 -0600,59677e8c886e0d426cc44058a1763b0d6d5307bc,TX,48377,2,2022-11-09T01:00:00.000Z,FIPSCode,48377,0,2022-11-13T06:08:16.991Z,8,98.98,8,100,62962,1025,61.97,62492,550,33.25,63492,79,4.78,1671,99,1654,4047,8,8
1668322023,2022-11-13 00:47:03 -0600,b68804d3e42090c285daa1867114d716ca9bbff7,TX,48377,2,2022-11-09T01:00:00.000Z,FIPSCode,48377,0,2022-11-13T06:08:16.991Z,8,98.98,8,100,62962,1025,61.97,62492,550,33.25,63492,79,4.78,1671,99,1654,4047,8,8
1668322065,2022-11-13 00:47:45 -0600,2037dd3f1f445ecab900b53edfc7c0d536a19625,TX,48377,2,2022-11-09T01:00:00.000Z,FIPSCode,48377,0,2022-11-13T06:08:16.991Z,8,98.98,8,100,62962,1025,61.97,62492,550,33.25,63492,79,4.78,1671,99,1654,4047,8,8
1668322106,2022-11-13 00:48:26 -0600,521819086efbca4c808c8ee50f81b19854a690ea,TX,48377,2,2022-11-09T01:00:00.000Z,FIPSCode,48377,0,2022-11-13T06:08:16.991Z,8,98.98,8,100,62962,1025,61.97,62492,550,33.25,63492,79,4.78,1671,99,1654,4047,8,8
1668322146,2022-11-13 00:49:06 -0600,3519a528e5668b656318fe3f2c5ecc9db00cde2b,TX,48377,2,2022-11-09T01:00:00.000Z,FIPSCode,48377,0,2022-11-13T06:08:16.991Z,8,98.98,8,100,62962,1025,61.97,62492,550,33.25,63492,79,4.78,1671,99,1654,4047,8,8
1668322186,2022-11-13 00:49:46 -0600,7c037ab5e9d1733cce37611289b6d111bcfbebe9,TX,48377,2,2022-11-09T01:00:00.000Z,FIPSCode,48377,0,2022-11-13T06:08:16.991Z,8,98.98,8,100,62962,1025,61.97,62492,550,33.25,63492,79,4.78,1671,99,1654,4047,8,8
1668322267,2022-11-13 00:51:07 -0600,8129091856017f8401c62c1867981c74e955886e,TX,48377,2,2022-11-09T01:00:00.000Z,FIPSCode,48377,0,2022-11-13T06:08:16.991Z,8,98.98,8,100,62962,1025,61.97,62492,550,33.25,63492,79,4.78,1671,99,1654,4047,8,8
1668322308,2022-11-13 00:51:48 -0600,89729e40153ea1084d41df6c09e59034bb718904,TX,48377,2,2022-11-09T01:00:00.000Z,FIPSCode,48377,0,2022-11-13T06:08:16.991Z,8,98.98,8,100,62962,1025,61.97,62492,550,33.25,63492,79,4.78,1671,99,1654,4047,8,8
1668322348,2022-11-13 00:52:28 -0600,333c3767bfc4a91753e2e0a4cc5c5a11eeaf9339,TX,48377,2,2022-11-09T01:00:00.000Z,FIPSCode,48377,0,2022-11-13T06:08:16.991Z,8,98.98,8,100,62962,1025,61.97,62492,550,33.25,63492,79,4.78,1671,99,1654,4047,8,8
1668322389,2022-11-13 00:53:09 -0600,fdcb3d829b7bfbd9319137c5a0a6b979b8c0c69a,TX,48377,2,2022-11-09T01:00:00.000Z,FIPSCode,48377,0,2022-11-13T06:08:16.991Z,8,98.98,8,100,62962,1025,61.97,62492,550,33.25,63492,79,4.78,1671,99,1654,4047,8,8
1668322428,2022-11-13 00:53:48 -0600,38268fb32206bba3a439bb99fdf3520df52b4dd5,TX,48377,2,2022-11-09T01:00:00.000Z,FIPSCode,48377,0,2022-11-13T06:08:16.991Z,8,98.98,8,100,62962,1025,61.97,62492,550,33.25,63492,79,4.78,1671,99,1654,4047,8,8
1668322470,2022-11-13 00:54:30 -0600,1ac94acb2c3302f4d054865f35d6db5599988c37,TX,48377,2,2022-11-09T01:00:00.000Z,FIPSCode,48377,0,2022-11-13T06:08:16.991Z,8,98.98,8,100,62962,1025,61.97,62492,550,33.25,63492,79,4.78,1671,99,1654,4047,8,8
1668322511,2022-11-13 00:55:11 -0600,1d9a7f32c4ee2397dd5b3d162ad502d09055544b,TX,48377,2,2022-11-09T01:00:00.000Z,FIPSCode,48377,0,2022-11-13T06:08:16.991Z,8,98.98,8,100,62962,1025,61.97,62492,550,33.25,63492,79,4.78,1671,99,1654,4047,8,8
1668322552,2022-11-13 00:55:52 -0600,424b42ede35d4afdd39d4cf8fc69fb6b70622006,TX,48377,2,2022-11-09T01:00:00.000Z,FIPSCode,48377,0,2022-11-13T06:08:16.991Z,8,98.98,8,100,62962,1025,61.97,62492,550,33.25,63492,79,4.78,1671,99,1654,4047,8,8
1668322593,2022-11-13 00:56:33 -0600,bd9147084ad164d428bc01075ff49163568fc036,TX,48377,2,2022-11-09T01:00:00.000Z,FIPSCode,48377,0,2022-11-13T06:08:16.991Z,8,98.98,8,100,62962,1025,61.97,62492,550,33.25,63492,79,4.78,1671,99,1654,4047,8,8
1668322634,2022-11-13 00:57:14 -0600,ad98178ad339fba90a41f4b41de8ae774c636b17,TX,48377,2,2022-11-09T01:00:00.000Z,FIPSCode,48377,0,2022-11-13T06:08:16.991Z,8,98.98,8,100,62962,1025,61.97,62492,550,33.25,63492,79,4.78,1671,99,1654,4047,8,8
1668322675,2022-11-13 00:57:55 -0600,b292b9be1ae59b8c26c3caaae07426eae5f7eb40,TX,48377,2,2022-11-09T01:00:00.000Z,FIPSCode,48377,0,2022-11-13T06:08:16.991Z,8,98.98,8,100,62962,1025,61.97,62492,550,33.25,63492,79,4.78,1671,99,1654,4047,8,8
1668322715,2022-11-13 00:58:35 -0600,ec1d6296aa4b68626609766417827e2321866de7,TX,48377,2,2022-11-09T01:00:00.000Z,FIPSCode,48377,0,2022-11-13T06:08:16.991Z,8,98.98,8,100,62962,1025,61.97,62492,550,33.25,63492,79,4.78,1671,99,1654,4047,8,8
1668322757,2022-11-13 00:59:17 -0600,6362df1a4295d354bbe8c45c088994db30862ada,TX,48377,2,2022-11-09T01:00:00.000Z,FIPSCode,48377,0,2022-11-13T06:08:16.991Z,8,98.98,8,100,62962,1025,61.97,62492,550,33.25,63492,79,4.78,1671,99,1654,4047,8,8
1668322798,2022-11-13 00:59:58 -0600,cb6d150215516dd8cce2402286181fa0016c1acb,TX,48377,2,2022-11-09T01:00:00.000Z,FIPSCode,48377,0,2022-11-13T06:08:16.991Z,8,98.98,8,100,62962,1025,61.97,62492,550,33.25,63492,79,4.78,1671,99,1654,4047,8,8
1668322837,2022-11-13 01:00:37 -0600,de1ef82ce7229c754db99eb8be4f02da6ad4d306,TX,48377,2,2022-11-09T01:00:00.000Z,FIPSCode,48377,0,2022-11-13T06:08:16.991Z,8,98.98,8,100,62962,1025,61.97,62492,550,33.25,63492,79,4.78,1671,99,1654,4047,8,8
1668322879,2022-11-13 01:01:19 -0600,eaead8666d238173750ff4405c4bc8a0b85cafc6,TX,48377,2,2022-11-09T01:00:00.000Z,FIPSCode,48377,0,2022-11-13T06:08:16.991Z,8,98.98,8,100,62962,1025,61.97,62492,550,33.25,63492,79,4.78,1671,99,1654,4047,8,8
1668322919,2022-11-13 01:01:59 -0600,dad9c488f5a1eedd085f94698d5c1719dea50700,TX,48377,2,2022-11-09T01:00:00.000Z,FIPSCode,48377,0,2022-11-13T06:08:16.991Z,8,98.98,8,100,62962,1025,61.97,62492,550,33.25,63492,79,4.78,1671,99,1654,4047,8,8
1668322960,2022-11-13 01:02:40 -0600,73a6639de9224b6e3f14a8b6352a96a38dacd6d5,TX,48377,2,2022-11-09T01:00:00.000Z,FIPSCode,48377,0,2022-11-13T06:08:16.991Z,8,98.98,8,100,62962,1025,61.97,62492,550,33.25,63492,79,4.78,1671,99,1654,4047,8,8
1668323002,2022-11-13 01:03:22 -0600,30a85de5085427ac4fa82f61029e6207fa41456b,TX,48377,2,2022-11-09T01:00:00.000Z,FIPSCode,48377,0,2022-11-13T06:08:16.991Z,8,98.98,8,100,62962,1025,61.97,62492,550,33.25,63492,79,4.78,1671,99,1654,4047,8,8
1668323043,2022-11-13 01:04:03 -0600,23bd339ef37790bd02024bec8dc197497f061e18,TX,48377,2,2022-11-09T01:00:00.000Z,FIPSCode,48377,0,2022-11-13T06:08:16.991Z,8,98.98,8,100,62962,1025,61.97,62492,550,33.25,63492,79,4.78,1671,99,1654,4047,8,8
1668323084,2022-11-13 01:04:44 -0600,5cd5aec7e61f3cd835213e771ba4b097d89254b1,TX,48377,2,2022-11-09T01:00:00.000Z,FIPSCode,48377,0,2022-11-13T06:08:16.991Z,8,98.98,8,100,62962,1025,61.97,62492,550,33.25,63492,79,4.78,1671,99,1654,4047,8,8
1668323167,2022-11-13 01:06:07 -0600,a127d2023d015ee1d6610ff6de0751b84c62a269,TX,48377,2,2022-11-09T01:00:00.000Z,FIPSCode,48377,0,2022-11-13T06:08:16.991Z,8,98.98,8,100,62962,1025,61.97,62492,550,33.25,63492,79,4.78,1671,99,1654,4047,8,8
1668323208,2022-11-13 01:06:48 -0600,0a4347a2a0393bb3ddfa8700d6f1873247bfadbf,TX,48377,2,2022-11-09T01:00:00.000Z,FIPSCode,48377,0,2022-11-13T06:08:16.991Z,8,98.98,8,100,62962,1025,61.97,62492,550,33.25,63492,79,4.78,1671,99,1654,4047,8,8
1668323250,2022-11-13 01:07:30 -0600,fba8da95350eb92b5aca11535d41815b82a5c012,TX,48377,2,2022-11-09T01:00:00.000Z,FIPSCode,48377,0,2022-11-13T06:08:16.991Z,8,98.98,8,100,62962,1025,61.97,62492,550,33.25,63492,79,4.78,1671,99,1654,4047,8,8
1668323291,2022-11-13 01:08:11 -0600,8707abfd32ea23e84c6c612ea5130319437f01e4,TX,48377,2,2022-11-09T01:00:00.000Z,FIPSCode,48377,0,2022-11-13T06:08:16.991Z,8,98.98,8,100,62962,1025,61.97,62492,550,33.25,63492,79,4.78,1671,99,1654,4047,8,8
1668323333,2022-11-13 01:08:53 -0600,479b9f2b85f22e3ca4dfcba638b527b02398e2b3,TX,48377,2,2022-11-09T01:00:00.000Z,FIPSCode,48377,0,2022-11-13T06:08:16.991Z,8,98.98,8,100,62962,1025,61.97,62492,550,33.25,63492,79,4.78,1671,99,1654,4047,8,8
1668323457,2022-11-13 01:10:57 -0600,7c375710fac6f3b6d2f507725a76496c7c04db9f,TX,48377,2,2022-11-09T01:00:00.000Z,FIPSCode,48377,0,2022-11-13T06:08:16.991Z,8,98.98,8,100,62962,1025,61.97,62492,550,33.25,63492,79,4.78,1671,99,1654,4047,8,8
1668323497,2022-11-13 01:11:37 -0600,da07223d4e9936ebf468fcd9f0ccf2dc3de38224,TX,48377,2,2022-11-09T01:00:00.000Z,FIPSCode,48377,0,2022-11-13T06:08:16.991Z,8,98.98,8,100,62962,1025,61.97,62492,550,33.25,63492,79,4.78,1671,99,1654,4047,8,8
1668323580,2022-11-13 01:13:00 -0600,2c6597e1569a51332f08e02ecc68637c6f21a2c8,TX,48377,2,2022-11-09T01:00:00.000Z,FIPSCode,48377,0,2022-11-13T06:08:16.991Z,8,98.98,8,100,62962,1025,61.97,62492,550,33.25,63492,79,4.78,1671,99,1654,4047,8,8
1668323621,2022-11-13 01:13:41 -0600,e4967801c25733ef037a02ed7a18650e04c1d04b,TX,48377,2,2022-11-09T01:00:00.000Z,FIPSCode,48377,0,2022-11-13T06:08:16.991Z,8,98.98,8,100,62962,1025,61.97,62492,550,33.25,63492,79,4.78,1671,99,1654,4047,8,8
1668323662,2022-11-13 01:14:22 -0600,9f380f8bec01645a4c3582b04e77adc8bf49e947,TX,48377,2,2022-11-09T01:00:00.000Z,FIPSCode,48377,0,2022-11-13T06:08:16.991Z,8,98.98,8,100,62962,1025,61.97,62492,550,33.25,63492,79,4.78,1671,99,1654,4047,8,8
1668323703,2022-11-13 01:15:03 -0600,cb05be4b1ffddab7eb5bbbcbbcff7f306ef21696,TX,48377,2,2022-11-09T01:00:00.000Z,FIPSCode,48377,0,2022-11-13T06:08:16.991Z,8,98.98,8,100,62962,1025,61.97,62492,550,33.25,63492,79,4.78,1671,99,1654,4047,8,8
1668323744,2022-11-13 01:15:44 -0600,3f29906dbfbaba33f93295bf09eaf7a5b2d6c740,TX,48377,2,2022-11-09T01:00:00.000Z,FIPSCode,48377,0,2022-11-13T06:08:16.991Z,8,98.98,8,100,62962,1025,61.97,62492,550,33.25,63492,79,4.78,1671,99,1654,4047,8,8
1668323785,2022-11-13 01:16:25 -0600,a2600c791ffcc6719f2575d277c4fd38105a70db,TX,48377,2,2022-11-09T01:00:00.000Z,FIPSCode,48377,0,2022-11-13T06:08:16.991Z,8,98.98,8,100,62962,1025,61.97,62492,550,33.25,63492,79,4.78,1671,99,1654,4047,8,8
1668323825,2022-11-13 01:17:05 -0600,7e05467b451f5e786db60ea0f783248e8bab50e9,TX,48377,2,2022-11-09T01:00:00.000Z,FIPSCode,48377,0,2022-11-13T06:08:16.991Z,8,98.98,8,100,62962,1025,61.97,62492,550,33.25,63492,79,4.78,1671,99,1654,4047,8,8
1668323867,2022-11-13 01:17:47 -0600,e1db152cde888c8f9ef4a50b0db8346c76b59233,TX,48377,2,2022-11-09T01:00:00.000Z,FIPSCode,48377,0,2022-11-13T06:08:16.991Z,8,98.98,8,100,62962,1025,61.97,62492,550,33.25,63492,79,4.78,1671,99,1654,4047,8,8
1668323906,2022-11-13 01:18:26 -0600,0f623616061914b01e2ebc9854a6ecb450cf7b33,TX,48377,2,2022-11-09T01:00:00.000Z,FIPSCode,48377,0,2022-11-13T06:08:16.991Z,8,98.98,8,100,62962,1025,61.97,62492,550,33.25,63492,79,4.78,1671,99,1654,4047,8,8
1668323948,2022-11-13 01:19:08 -0600,72e79487db63c715e6b6ed1d5c5add4cadabccf7,TX,48377,2,2022-11-09T01:00:00.000Z,FIPSCode,48377,0,2022-11-13T06:08:16.991Z,8,98.98,8,100,62962,1025,61.97,62492,550,33.25,63492,79,4.78,1671,99,1654,4047,8,8
1668324030,2022-11-13 01:20:30 -0600,76f9f6581b591a56b158baab1eeb7c7e12332381,TX,48377,2,2022-11-09T01:00:00.000Z,FIPSCode,48377,0,2022-11-13T06:08:16.991Z,8,98.98,8,100,62962,1025,61.97,62492,550,33.25,63492,79,4.78,1671,99,1654,4047,8,8
1668324071,2022-11-13 01:21:11 -0600,5ab4593fada9dc7ed7a0528ae0d86832d1fdda4a,TX,48377,2,2022-11-09T01:00:00.000Z,FIPSCode,48377,0,2022-11-13T06:08:16.991Z,8,98.98,8,100,62962,1025,61.97,62492,550,33.25,63492,79,4.78,1671,99,1654,4047,8,8
1668324112,2022-11-13 01:21:52 -0600,e01fb48e699bd1538e71900cb3383a2610b63feb,TX,48377,2,2022-11-09T01:00:00.000Z,FIPSCode,48377,0,2022-11-13T06:08:16.991Z,8,98.98,8,100,62962,1025,61.97,62492,550,33.25,63492,79,4.78,1671,99,1654,4047,8,8
1668324152,2022-11-13 01:22:32 -0600,8af20367c7587f77b06fb184057ce056d9ae65d3,TX,48377,2,2022-11-09T01:00:00.000Z,FIPSCode,48377,0,2022-11-13T06:08:16.991Z,8,98.98,8,100,62962,1025,61.97,62492,550,33.25,63492,79,4.78,1671,99,1654,4047,8,8
1668324193,2022-11-13 01:23:13 -0600,9d35508d544f1b25fa535016760763d441168733,TX,48377,2,2022-11-09T01:00:00.000Z,FIPSCode,48377,0,2022-11-13T06:08:16.991Z,8,98.98,8,100,62962,1025,61.97,62492,550,33.25,63492,79,4.78,1671,99,1654,4047,8,8
1668324232,2022-11-13 01:23:52 -0600,5b92c863c11631e9ac450e7d7acbd8d98d797b94,TX,48377,2,2022-11-09T01:00:00.000Z,FIPSCode,48377,0,2022-11-13T06:08:16.991Z,8,98.98,8,100,62962,1025,61.97,62492,550,33.25,63492,79,4.78,1671,99,1654,4047,8,8
1668324272,2022-11-13 01:24:32 -0600,7a46dfa66edd0a13180f3cccc9ed9692f29d8d19,TX,48377,2,2022-11-09T01:00:00.000Z,FIPSCode,48377,0,2022-11-13T06:08:16.991Z,8,98.98,8,100,62962,1025,61.97,62492,550,33.25,63492,79,4.78,1671,99,1654,4047,8,8
1668324312,2022-11-13 01:25:12 -0600,46cb5d7832f996d69b86c839c138a892393a9a92,TX,48377,2,2022-11-09T01:00:00.000Z,FIPSCode,48377,0,2022-11-13T06:08:16.991Z,8,98.98,8,100,62962,1025,61.97,62492,550,33.25,63492,79,4.78,1671,99,1654,4047,8,8
1668324352,2022-11-13 01:25:52 -0600,c0bc4ea2610602c98f20a234eba5a94801467ac1,TX,48377,2,2022-11-09T01:00:00.000Z,FIPSCode,48377,0,2022-11-13T06:08:16.991Z,8,98.98,8,100,62962,1025,61.97,62492,550,33.25,63492,79,4.78,1671,99,1654,4047,8,8
1668324392,2022-11-13 01:26:32 -0600,19539a2ccd83c9129204e43724d098c634ed81dd,TX,48377,2,2022-11-09T01:00:00.000Z,FIPSCode,48377,0,2022-11-13T06:08:16.991Z,8,98.98,8,100,62962,1025,61.97,62492,550,33.25,63492,79,4.78,1671,99,1654,4047,8,8
1668324433,2022-11-13 01:27:13 -0600,be0552f559abf94b7f2c1822c8e67529fbcff9a6,TX,48377,2,2022-11-09T01:00:00.000Z,FIPSCode,48377,0,2022-11-13T06:08:16.991Z,8,98.98,8,100,62962,1025,61.97,62492,550,33.25,63492,79,4.78,1671,99,1654,4047,8,8
1668324474,2022-11-13 01:27:54 -0600,2b0bff148157dde36d4134fcd5917c47df648bef,TX,48377,2,2022-11-09T01:00:00.000Z,FIPSCode,48377,0,2022-11-13T06:08:16.991Z,8,98.98,8,100,62962,1025,61.97,62492,550,33.25,63492,79,4.78,1671,99,1654,4047,8,8
1668324513,2022-11-13 01:28:33 -0600,090f25a860d08aa971c4a419bb91f2530b9eb98d,TX,48377,2,2022-11-09T01:00:00.000Z,FIPSCode,48377,0,2022-11-13T06:08:16.991Z,8,98.98,8,100,62962,1025,61.97,62492,550,33.25,63492,79,4.78,1671,99,1654,4047,8,8
1668324554,2022-11-13 01:29:14 -0600,8e8435963aff3bcaff7a0c2af651f1b3919c4e62,TX,48377,2,2022-11-09T01:00:00.000Z,FIPSCode,48377,0,2022-11-13T06:08:16.991Z,8,98.98,8,100,62962,1025,61.97,62492,550,33.25,63492,79,4.78,1671,99,1654,4047,8,8
1668324594,2022-11-13 01:29:54 -0600,00507e531f71ec9902183c331430f4888eb53d0e,TX,48377,2,2022-11-09T01:00:00.000Z,FIPSCode,48377,0,2022-11-13T06:08:16.991Z,8,98.98,8,100,62962,1025,61.97,62492,550,33.25,63492,79,4.78,1671,99,1654,4047,8,8
1668324637,2022-11-13 01:30:37 -0600,610f6f2b44bbf31f2b7cee0f8ab2db7a942be1a3,TX,48377,2,2022-11-09T01:00:00.000Z,FIPSCode,48377,0,2022-11-13T06:08:16.991Z,8,98.98,8,100,62962,1025,61.97,62492,550,33.25,63492,79,4.78,1671,99,1654,4047,8,8
1668324718,2022-11-13 01:31:58 -0600,6b87d0ce8ccf0611e93bb53fe445c74f0e96a995,TX,48377,2,2022-11-09T01:00:00.000Z,FIPSCode,48377,0,2022-11-13T06:08:16.991Z,8,98.98,8,100,62962,1025,61.97,62492,550,33.25,63492,79,4.78,1671,99,1654,4047,8,8
1668324758,2022-11-13 01:32:38 -0600,d88588f70645575c0bc77d741bd4dea3bb28d886,TX,48377,2,2022-11-09T01:00:00.000Z,FIPSCode,48377,0,2022-11-13T06:08:16.991Z,8,98.98,8,100,62962,1025,61.97,62492,550,33.25,63492,79,4.78,1671,99,1654,4047,8,8
1668324798,2022-11-13 01:33:18 -0600,21584b2aafe917c67e32e3f6976c23942ca040e4,TX,48377,2,2022-11-09T01:00:00.000Z,FIPSCode,48377,0,2022-11-13T06:08:16.991Z,8,98.98,8,100,62962,1025,61.97,62492,550,33.25,63492,79,4.78,1671,99,1654,4047,8,8
1668324838,2022-11-13 01:33:58 -0600,41d94004c34798179a1f242014e5224dca06a8bd,TX,48377,2,2022-11-09T01:00:00.000Z,FIPSCode,48377,0,2022-11-13T06:08:16.991Z,8,98.98,8,100,62962,1025,61.97,62492,550,33.25,63492,79,4.78,1671,99,1654,4047,8,8
1668324878,2022-11-13 01:34:38 -0600,4e83430c90a626de736638c91792cbe143dc38db,TX,48377,2,2022-11-09T01:00:00.000Z,FIPSCode,48377,0,2022-11-13T06:08:16.991Z,8,98.98,8,100,62962,1025,61.97,62492,550,33.25,63492,79,4.78,1671,99,1654,4047,8,8
1668324918,2022-11-13 01:35:18 -0600,7a6f374568b3e97d9ee6e99b63e234e3f4072ece,TX,48377,2,2022-11-09T01:00:00.000Z,FIPSCode,48377,0,2022-11-13T06:08:16.991Z,8,98.98,8,100,62962,1025,61.97,62492,550,33.25,63492,79,4.78,1671,99,1654,4047,8,8
1668324958,2022-11-13 01:35:58 -0600,fe40fc50bc458bed5708c0aca64249a853a9101c,TX,48377,2,2022-11-09T01:00:00.000Z,FIPSCode,48377,0,2022-11-13T06:08:16.991Z,8,98.98,8,100,62962,1025,61.97,62492,550,33.25,63492,79,4.78,1671,99,1654,4047,8,8
1668324998,2022-11-13 01:36:38 -0600,dd34646020cf22b5603a01a63c56f5909d07e2b3,TX,48377,2,2022-11-09T01:00:00.000Z,FIPSCode,48377,0,2022-11-13T06:08:16.991Z,8,98.98,8,100,62962,1025,61.97,62492,550,33.25,63492,79,4.78,1671,99,1654,4047,8,8
1668325038,2022-11-13 01:37:18 -0600,d58d0f917628298f2dd6d422bb8dbc0f386618c3,TX,48377,2,2022-11-09T01:00:00.000Z,FIPSCode,48377,0,2022-11-13T06:08:16.991Z,8,98.98,8,100,62962,1025,61.97,62492,550,33.25,63492,79,4.78,1671,99,1654,4047,8,8
1668325081,2022-11-13 01:38:01 -0600,3de558e5a48eff33ab368c15916df457790fc66f,TX,48377,2,2022-11-09T01:00:00.000Z,FIPSCode,48377,0,2022-11-13T06:08:16.991Z,8,98.98,8,100,62962,1025,61.97,62492,550,33.25,63492,79,4.78,1671,99,1654,4047,8,8
1668325120,2022-11-13 01:38:40 -0600,1283d3869a8044fa2a85d6a9f6fc720b2b3cf0e4,TX,48377,2,2022-11-09T01:00:00.000Z,FIPSCode,48377,0,2022-11-13T06:08:16.991Z,8,98.98,8,100,62962,1025,61.97,62492,550,33.25,63492,79,4.78,1671,99,1654,4047,8,8
1668325159,2022-11-13 01:39:19 -0600,09b5faf0999183763f4731ef2332d85bf77af603,TX,48377,2,2022-11-09T01:00:00.000Z,FIPSCode,48377,0,2022-11-13T06:08:16.991Z,8,98.98,8,100,62962,1025,61.97,62492,550,33.25,63492,79,4.78,1671,99,1654,4047,8,8
1668325200,2022-11-13 01:40:00 -0600,46d41e194df303b3f73385daa93829ee7cfd4e07,TX,48377,2,2022-11-09T01:00:00.000Z,FIPSCode,48377,0,2022-11-13T07:39:36.893Z,8,98.98,8,100,62962,1025,61.97,62492,550,33.25,63492,79,4.78,1671,99,1654,4047,8,8
1668325242,2022-11-13 01:40:42 -0600,f156ce9ad72b5490e618a0be977b2b4e904b763c,TX,48377,2,2022-11-09T01:00:00.000Z,FIPSCode,48377,0,2022-11-13T07:40:16.670Z,8,98.98,8,100,62962,1025,61.97,62492,550,33.25,63492,79,4.78,1671,99,1654,4047,8,8
1668325282,2022-11-13 01:41:22 -0600,023f2f4ee4c21907ba481b6d1ced6a526cecd02e,TX,48377,2,2022-11-09T01:00:00.000Z,FIPSCode,48377,0,2022-11-13T07:40:16.670Z,8,98.98,8,100,62962,1025,61.97,62492,550,33.25,63492,79,4.78,1671,99,1654,4047,8,8
1668325322,2022-11-13 01:42:02 -0600,26170edaed94ea0079428e05e0d59198a53a634d,TX,48377,2,2022-11-09T01:00:00.000Z,FIPSCode,48377,0,2022-11-13T07:41:16.402Z,8,98.98,8,100,62962,1025,61.97,62492,550,33.25,63492,79,4.78,1671,99,1654,4047,8,8
1668325362,2022-11-13 01:42:42 -0600,70dc5601a30ccbb8dd85ea2c2c7aeb59806a7df5,TX,48377,2,2022-11-09T01:00:00.000Z,FIPSCode,48377,0,2022-11-13T07:42:16.125Z,8,98.98,8,100,62962,1025,61.97,62492,550,33.25,63492,79,4.78,1671,99,1654,4047,8,8
1668325403,2022-11-13 01:43:23 -0600,6edf8005a8229518671b3467ecd7dc32d3c3c427,TX,48377,2,2022-11-09T01:00:00.000Z,FIPSCode,48377,0,2022-11-13T07:42:16.125Z,8,98.98,8,100,62962,1025,61.97,62492,550,33.25,63492,79,4.78,1671,99,1654,4047,8,8
1668325443,2022-11-13 01:44:03 -0600,2664f045b8eb94f26c60c015dc93beb7102c9151,TX,48377,2,2022-11-09T01:00:00.000Z,FIPSCode,48377,0,2022-11-13T07:42:16.125Z,8,98.98,8,100,62962,1025,61.97,62492,550,33.25,63492,79,4.78,1671,99,1654,4047,8,8
1668325482,2022-11-13 01:44:42 -0600,215f0648820e9d64fffd61ef6e81577d78474373,TX,48377,2,2022-11-09T01:00:00.000Z,FIPSCode,48377,0,2022-11-13T07:42:16.125Z,8,98.98,8,100,62962,1025,61.97,62492,550,33.25,63492,79,4.78,1671,99,1654,4047,8,8
1668325522,2022-11-13 01:45:22 -0600,eea4edd295c4d9546d950a3fcce6205ef9c778ad,TX,48377,2,2022-11-09T01:00:00.000Z,FIPSCode,48377,0,2022-11-13T07:42:16.125Z,8,98.98,8,100,62962,1025,61.97,62492,550,33.25,63492,79,4.78,1671,99,1654,4047,8,8
1668325562,2022-11-13 01:46:02 -0600,791723df48ace6f5028ff90db17656ae80b3ccf4,TX,48377,2,2022-11-09T01:00:00.000Z,FIPSCode,48377,0,2022-11-13T07:42:16.125Z,8,98.98,8,100,62962,1025,61.97,62492,550,33.25,63492,79,4.78,1671,99,1654,4047,8,8
1668325601,2022-11-13 01:46:41 -0600,cd0080e07819216fdcc32b74cf60d03262e1c82f,TX,48377,2,2022-11-09T01:00:00.000Z,FIPSCode,48377,0,2022-11-13T07:42:16.125Z,8,98.98,8,100,62962,1025,61.97,62492,550,33.25,63492,79,4.78,1671,99,1654,4047,8,8
1668325640,2022-11-13 01:47:20 -0600,a2b98ca53ba4659c5c7aa3806eb9d99f1d73badf,TX,48377,2,2022-11-09T01:00:00.000Z,FIPSCode,48377,0,2022-11-13T07:42:16.125Z,8,98.98,8,100,62962,1025,61.97,62492,550,33.25,63492,79,4.78,1671,99,1654,4047,8,8
1668325680,2022-11-13 01:48:00 -0600,9edeaaa8f3665d8b19364cd752e800df01f342a0,TX,48377,2,2022-11-09T01:00:00.000Z,FIPSCode,48377,0,2022-11-13T07:42:16.125Z,8,98.98,8,100,62962,1025,61.97,62492,550,33.25,63492,79,4.78,1671,99,1654,4047,8,8
1668325720,2022-11-13 01:48:40 -0600,07c9e305889fff90ed3051ce1890edb8a3d92114,TX,48377,2,2022-11-09T01:00:00.000Z,FIPSCode,48377,0,2022-11-13T07:42:16.125Z,8,98.98,8,100,62962,1025,61.97,62492,550,33.25,63492,79,4.78,1671,99,1654,4047,8,8
1668325759,2022-11-13 01:49:19 -0600,6805354a2fa77ac0f6bad25718ba71e13297e87e,TX,48377,2,2022-11-09T01:00:00.000Z,FIPSCode,48377,0,2022-11-13T07:42:16.125Z,8,98.98,8,100,62962,1025,61.97,62492,550,33.25,63492,79,4.78,1671,99,1654,4047,8,8
1668325799,2022-11-13 01:49:59 -0600,fb5c1d951ce99d3fca20ef895fb5a0ee1a5dc88c,TX,48377,2,2022-11-09T01:00:00.000Z,FIPSCode,48377,0,2022-11-13T07:42:16.125Z,8,98.98,8,100,62962,1025,61.97,62492,550,33.25,63492,79,4.78,1671,99,1654,4047,8,8
1668325879,2022-11-13 01:51:19 -0600,2cb5c0afb23653c2a0a48f2b498f81a96296a52f,TX,48377,2,2022-11-09T01:00:00.000Z,FIPSCode,48377,0,2022-11-13T07:42:16.125Z,8,98.98,8,100,62962,1025,61.97,62492,550,33.25,63492,79,4.78,1671,99,1654,4047,8,8
1668325919,2022-11-13 01:51:59 -0600,21eed807a7dedb5855be9e9329787a8c871f6365,TX,48377,2,2022-11-09T01:00:00.000Z,FIPSCode,48377,0,2022-11-13T07:42:16.125Z,8,98.98,8,100,62962,1025,61.97,62492,550,33.25,63492,79,4.78,1671,99,1654,4047,8,8
1668325959,2022-11-13 01:52:39 -0600,c325c5fdf540d8ef57d17d9cf5c970df32cceeda,TX,48377,2,2022-11-09T01:00:00.000Z,FIPSCode,48377,0,2022-11-13T07:42:16.125Z,8,98.98,8,100,62962,1025,61.97,62492,550,33.25,63492,79,4.78,1671,99,1654,4047,8,8
1668326000,2022-11-13 01:53:20 -0600,7a4d38a6c93bccb615405c20c47b19c4d8d05faa,TX,48377,2,2022-11-09T01:00:00.000Z,FIPSCode,48377,0,2022-11-13T07:42:16.125Z,8,98.98,8,100,62962,1025,61.97,62492,550,33.25,63492,79,4.78,1671,99,1654,4047,8,8
1668326041,2022-11-13 01:54:01 -0600,8ed3c8f8c7974972ae13221602983b17290c737a,TX,48377,2,2022-11-09T01:00:00.000Z,FIPSCode,48377,0,2022-11-13T07:53:35.079Z,8,98.98,8,100,62962,1025,61.97,62492,550,33.25,63492,79,4.78,1671,99,1654,4047,8,8
1668326081,2022-11-13 01:54:41 -0600,9814ef408d168479726d1e4d0d7257ced5428e57,TX,48377,2,2022-11-09T01:00:00.000Z,FIPSCode,48377,0,2022-11-13T07:54:15.811Z,8,98.98,8,100,62962,1025,61.97,62492,550,33.25,63492,79,4.78,1671,99,1654,4047,8,8
1668326121,2022-11-13 01:55:21 -0600,bd3f08b3cc5550a4bd9ab30a46ca7cc9c6cc1374,TX,48377,2,2022-11-09T01:00:00.000Z,FIPSCode,48377,0,2022-11-13T07:54:15.811Z,8,98.98,8,100,62962,1025,61.97,62492,550,33.25,63492,79,4.78,1671,99,1654,4047,8,8
1668326161,2022-11-13 01:56:01 -0600,b1968858fac584ea8f491d22475d914d1f12eac7,TX,48377,2,2022-11-09T01:00:00.000Z,FIPSCode,48377,0,2022-11-13T07:55:15.976Z,8,98.98,8,100,62962,1025,61.97,62492,550,33.25,63492,79,4.78,1671,99,1654,4047,8,8
1668326201,2022-11-13 01:56:41 -0600,3673f38dc53104a12ddb645115ff40773d34ffab,TX,48377,2,2022-11-09T01:00:00.000Z,FIPSCode,48377,0,2022-11-13T07:56:15.586Z,8,98.98,8,100,62962,1025,61.97,62492,550,33.25,63492,79,4.78,1671,99,1654,4047,8,8
1668326280,2022-11-13 01:58:00 -0600,2f03dcfeb9d97546d0963010e310bbac6ce76fc4,TX,48377,2,2022-11-09T01:00:00.000Z,FIPSCode,48377,0,2022-11-13T07:56:15.586Z,8,98.98,8,100,62962,1025,61.97,62492,550,33.25,63492,79,4.78,1671,99,1654,4047,8,8
1668326322,2022-11-13 01:58:42 -0600,4e65cf49d8de95110d28b31f89d0593479314315,TX,48377,2,2022-11-09T01:00:00.000Z,FIPSCode,48377,0,2022-11-13T07:56:15.586Z,8,98.98,8,100,62962,1025,61.97,62492,550,33.25,63492,79,4.78,1671,99,1654,4047,8,8
1668326361,2022-11-13 01:59:21 -0600,518ab303ca79d27049ba1458fe8350baa0f34bc5,TX,48377,2,2022-11-09T01:00:00.000Z,FIPSCode,48377,0,2022-11-13T07:56:15.586Z,8,98.98,8,100,62962,1025,61.97,62492,550,33.25,63492,79,4.78,1671,99,1654,4047,8,8
1668326402,2022-11-13 02:00:02 -0600,9374b005a2e34f2aa4683dc1068cb2da57f13fde,TX,48377,2,2022-11-09T01:00:00.000Z,FIPSCode,48377,0,2022-11-13T07:56:15.586Z,8,98.98,8,100,62962,1025,61.97,62492,550,33.25,63492,79,4.78,1671,99,1654,4047,8,8
1668326443,2022-11-13 02:00:43 -0600,05564b0bf111a445985283e6e843bd02ee3e93c3,TX,48377,2,2022-11-09T01:00:00.000Z,FIPSCode,48377,0,2022-11-13T07:56:15.586Z,8,98.98,8,100,62962,1025,61.97,62492,550,33.25,63492,79,4.78,1671,99,1654,4047,8,8
1668326483,2022-11-13 02:01:23 -0600,d759909cb583ba5bbc6c032fed08aa700ec39594,TX,48377,2,2022-11-09T01:00:00.000Z,FIPSCode,48377,0,2022-11-13T07:56:15.586Z,8,98.98,8,100,62962,1025,61.97,62492,550,33.25,63492,79,4.78,1671,99,1654,4047,8,8
1668326522,2022-11-13 02:02:02 -0600,e2c4f4949f6db8413e177168d8089b4a8a88bec6,TX,48377,2,2022-11-09T01:00:00.000Z,FIPSCode,48377,0,2022-11-13T07:56:15.586Z,8,98.98,8,100,62962,1025,61.97,62492,550,33.25,63492,79,4.78,1671,99,1654,4047,8,8
1668326562,2022-11-13 02:02:42 -0600,059c6d7c101bb8d2fa40135d91014f6ec6996c27,TX,48377,2,2022-11-09T01:00:00.000Z,FIPSCode,48377,0,2022-11-13T07:56:15.586Z,8,98.98,8,100,62962,1025,61.97,62492,550,33.25,63492,79,4.78,1671,99,1654,4047,8,8
1668326721,2022-11-13 02:05:21 -0600,38fc316cadcc4d4424156651291ade095da106f2,TX,48377,2,2022-11-09T01:00:00.000Z,FIPSCode,48377,0,2022-11-13T07:56:15.586Z,8,98.98,8,100,62962,1025,61.97,62492,550,33.25,63492,79,4.78,1671,99,1654,4047,8,8
1668326761,2022-11-13 02:06:01 -0600,8cd5a29102786f6633ef3d07174c7f00f9437c81,TX,48377,2,2022-11-09T01:00:00.000Z,FIPSCode,48377,0,2022-11-13T07:56:15.586Z,8,98.98,8,100,62962,1025,61.97,62492,550,33.25,63492,79,4.78,1671,99,1654,4047,8,8
1668326801,2022-11-13 02:06:41 -0600,46207f31a32512e2c9d575f9c80e806abe7f8f2f,TX,48377,2,2022-11-09T01:00:00.000Z,FIPSCode,48377,0,2022-11-13T07:56:15.586Z,8,98.98,8,100,62962,1025,61.97,62492,550,33.25,63492,79,4.78,1671,99,1654,4047,8,8
1668326841,2022-11-13 02:07:21 -0600,86a6f5fb4911cb58d7a6e0ca7ee8632bddf46214,TX,48377,2,2022-11-09T01:00:00.000Z,FIPSCode,48377,0,2022-11-13T07:56:15.586Z,8,98.98,8,100,62962,1025,61.97,62492,550,33.25,63492,79,4.78,1671,99,1654,4047,8,8
1668326881,2022-11-13 02:08:01 -0600,4ec939c6b71ac906312b13289de0c95b12ab101a,TX,48377,2,2022-11-09T01:00:00.000Z,FIPSCode,48377,0,2022-11-13T07:56:15.586Z,8,98.98,8,100,62962,1025,61.97,62492,550,33.25,63492,79,4.78,1671,99,1654,4047,8,8
1668326922,2022-11-13 02:08:42 -0600,453e1c9de63910223a41d458701edc2409a1371a,TX,48377,2,2022-11-09T01:00:00.000Z,FIPSCode,48377,0,2022-11-13T07:56:15.586Z,8,98.98,8,100,62962,1025,61.97,62492,550,33.25,63492,79,4.78,1671,99,1654,4047,8,8
1668326961,2022-11-13 02:09:21 -0600,c70c5ebcbdde3581be4018163c169e22b6708b27,TX,48377,2,2022-11-09T01:00:00.000Z,FIPSCode,48377,0,2022-11-13T07:56:15.586Z,8,98.98,8,100,62962,1025,61.97,62492,550,33.25,63492,79,4.78,1671,99,1654,4047,8,8
1668327001,2022-11-13 02:10:01 -0600,90d86c143cf3805fd90e5c1c42609e51167736d5,TX,48377,2,2022-11-09T01:00:00.000Z,FIPSCode,48377,0,2022-11-13T07:56:15.586Z,8,98.98,8,100,62962,1025,61.97,62492,550,33.25,63492,79,4.78,1671,99,1654,4047,8,8
1668327041,2022-11-13 02:10:41 -0600,42bb9dc8f527a1590e68ad626f84d7224aa47770,TX,48377,2,2022-11-09T01:00:00.000Z,FIPSCode,48377,0,2022-11-13T07:56:15.586Z,8,98.98,8,100,62962,1025,61.97,62492,550,33.25,63492,79,4.78,1671,99,1654,4047,8,8
1668327082,2022-11-13 02:11:22 -0600,1308e952b0201c52e9008085dff93db88cfb5ac1,TX,48377,2,2022-11-09T01:00:00.000Z,FIPSCode,48377,0,2022-11-13T07:56:15.586Z,8,98.98,8,100,62962,1025,61.97,62492,550,33.25,63492,79,4.78,1671,99,1654,4047,8,8
1668327121,2022-11-13 02:12:01 -0600,a158fc85e7e1c9db42b6557f8edf2cfcca27b889,TX,48377,2,2022-11-09T01:00:00.000Z,FIPSCode,48377,0,2022-11-13T07:56:15.586Z,8,98.98,8,100,62962,1025,61.97,62492,550,33.25,63492,79,4.78,1671,99,1654,4047,8,8
1668327163,2022-11-13 02:12:43 -0600,6636cd1df7cd9ebe727b474cfaad3edc80a84f2b,TX,48377,2,2022-11-09T01:00:00.000Z,FIPSCode,48377,0,2022-11-13T07:56:15.586Z,8,98.98,8,100,62962,1025,61.97,62492,550,33.25,63492,79,4.78,1671,99,1654,4047,8,8
1668327203,2022-11-13 02:13:23 -0600,be19b74b40a547c13bddc9e8521ad285685d82fe,TX,48377,2,2022-11-09T01:00:00.000Z,FIPSCode,48377,0,2022-11-13T07:56:15.586Z,8,98.98,8,100,62962,1025,61.97,62492,550,33.25,63492,79,4.78,1671,99,1654,4047,8,8
1668327243,2022-11-13 02:14:03 -0600,19c3c9446b0e1b42a3ff0299a18690dbf5b06a84,TX,48377,2,2022-11-09T01:00:00.000Z,FIPSCode,48377,0,2022-11-13T07:56:15.586Z,8,98.98,8,100,62962,1025,61.97,62492,550,33.25,63492,79,4.78,1671,99,1654,4047,8,8
1668327286,2022-11-13 02:14:46 -0600,21b5ef86a181d19e16d8ebac7f918218ba5e612a,TX,48377,2,2022-11-09T01:00:00.000Z,FIPSCode,48377,0,2022-11-13T07:56:15.586Z,8,98.98,8,100,62962,1025,61.97,62492,550,33.25,63492,79,4.78,1671,99,1654,4047,8,8
1668327365,2022-11-13 02:16:05 -0600,217c9c63922d6869f6519d16b02e9db04f23632b,TX,48377,2,2022-11-09T01:00:00.000Z,FIPSCode,48377,0,2022-11-13T07:56:15.586Z,8,98.98,8,100,62962,1025,61.97,62492,550,33.25,63492,79,4.78,1671,99,1654,4047,8,8
1668327404,2022-11-13 02:16:44 -0600,834fc26b05f88ee7d2a7304b8745d2ea4aeb93fd,TX,48377,2,2022-11-09T01:00:00.000Z,FIPSCode,48377,0,2022-11-13T07:56:15.586Z,8,98.98,8,100,62962,1025,61.97,62492,550,33.25,63492,79,4.78,1671,99,1654,4047,8,8
1668327484,2022-11-13 02:18:04 -0600,2d83a8680ad1c381c57a62ac7eee565bd24a19f3,TX,48377,2,2022-11-09T01:00:00.000Z,FIPSCode,48377,0,2022-11-13T07:56:15.586Z,8,98.98,8,100,62962,1025,61.97,62492,550,33.25,63492,79,4.78,1671,99,1654,4047,8,8
1668327565,2022-11-13 02:19:25 -0600,b7881284a021d51e2c37b7098bfecbff31e8c114,TX,48377,2,2022-11-09T01:00:00.000Z,FIPSCode,48377,0,2022-11-13T07:56:15.586Z,8,98.98,8,100,62962,1025,61.97,62492,550,33.25,63492,79,4.78,1671,99,1654,4047,8,8
1668327606,2022-11-13 02:20:06 -0600,28b33e161abf3b250241dc5143e92fd69a06deee,TX,48377,2,2022-11-09T01:00:00.000Z,FIPSCode,48377,0,2022-11-13T07:56:15.586Z,8,98.98,8,100,62962,1025,61.97,62492,550,33.25,63492,79,4.78,1671,99,1654,4047,8,8
1668327646,2022-11-13 02:20:46 -0600,f0fd2d023bc080f8f5d86e12e199e7686ff0fde8,TX,48377,2,2022-11-09T01:00:00.000Z,FIPSCode,48377,0,2022-11-13T07:56:15.586Z,8,98.98,8,100,62962,1025,61.97,62492,550,33.25,63492,79,4.78,1671,99,1654,4047,8,8
1668327685,2022-11-13 02:21:25 -0600,ddf38063d136778f65814db02f03698bf84338aa,TX,48377,2,2022-11-09T01:00:00.000Z,FIPSCode,48377,0,2022-11-13T07:56:15.586Z,8,98.98,8,100,62962,1025,61.97,62492,550,33.25,63492,79,4.78,1671,99,1654,4047,8,8
1668327725,2022-11-13 02:22:05 -0600,aca960970737a028f8be3d131f4ed1bc4e58e5b5,TX,48377,2,2022-11-09T01:00:00.000Z,FIPSCode,48377,0,2022-11-13T07:56:15.586Z,8,98.98,8,100,62962,1025,61.97,62492,550,33.25,63492,79,4.78,1671,99,1654,4047,8,8
1668327764,2022-11-13 02:22:44 -0600,d506ca0afb2bc093cc6483c24b86fcca3eee6dd3,TX,48377,2,2022-11-09T01:00:00.000Z,FIPSCode,48377,0,2022-11-13T07:56:15.586Z,8,98.98,8,100,62962,1025,61.97,62492,550,33.25,63492,79,4.78,1671,99,1654,4047,8,8
1668327803,2022-11-13 02:23:23 -0600,a77becfd879440f6ea1f23d43902138f8dac1633,TX,48377,2,2022-11-09T01:00:00.000Z,FIPSCode,48377,0,2022-11-13T07:56:15.586Z,8,98.98,8,100,62962,1025,61.97,62492,550,33.25,63492,79,4.78,1671,99,1654,4047,8,8
1668327843,2022-11-13 02:24:03 -0600,4e4707323ef40c252d16448905fe75ed07081d03,TX,48377,2,2022-11-09T01:00:00.000Z,FIPSCode,48377,0,2022-11-13T07:56:15.586Z,8,98.98,8,100,62962,1025,61.97,62492,550,33.25,63492,79,4.78,1671,99,1654,4047,8,8
1668327923,2022-11-13 02:25:23 -0600,1d428da1ec78589a3cb5b1c23fb72df144bf165f,TX,48377,2,2022-11-09T01:00:00.000Z,FIPSCode,48377,0,2022-11-13T07:56:15.586Z,8,98.98,8,100,62962,1025,61.97,62492,550,33.25,63492,79,4.78,1671,99,1654,4047,8,8
1668327963,2022-11-13 02:26:03 -0600,16d1669456da478cee19ff99fe6b9a3d173120de,TX,48377,2,2022-11-09T01:00:00.000Z,FIPSCode,48377,0,2022-11-13T07:56:15.586Z,8,98.98,8,100,62962,1025,61.97,62492,550,33.25,63492,79,4.78,1671,99,1654,4047,8,8
1668328003,2022-11-13 02:26:43 -0600,0dcea050ff6e305470a2eeade508a6f4b1ad31fc,TX,48377,2,2022-11-09T01:00:00.000Z,FIPSCode,48377,0,2022-11-13T07:56:15.586Z,8,98.98,8,100,62962,1025,61.97,62492,550,33.25,63492,79,4.78,1671,99,1654,4047,8,8
1668328042,2022-11-13 02:27:22 -0600,f7f8fb0fe3322981453d233c2c199d34e82acccc,TX,48377,2,2022-11-09T01:00:00.000Z,FIPSCode,48377,0,2022-11-13T07:56:15.586Z,8,98.98,8,100,62962,1025,61.97,62492,550,33.25,63492,79,4.78,1671,99,1654,4047,8,8
1668328081,2022-11-13 02:28:01 -0600,b68633441513cfcfb869410ecd257123dd223226,TX,48377,2,2022-11-09T01:00:00.000Z,FIPSCode,48377,0,2022-11-13T08:27:16.538Z,8,98.98,8,100,62962,1025,61.97,62492,550,33.25,63492,79,4.78,1671,99,1654,4047,8,8
1668328121,2022-11-13 02:28:41 -0600,c0ba3c3f875dc435eb3d2b046d3f667931eea030,TX,48377,2,2022-11-09T01:00:00.000Z,FIPSCode,48377,0,2022-11-13T08:27:16.538Z,8,98.98,8,100,62962,1025,61.97,62492,550,33.25,63492,79,4.78,1671,99,1654,4047,8,8
1668328160,2022-11-13 02:29:20 -0600,e932e077ff9a030bfd9322c7fa0afc1651e1c658,TX,48377,2,2022-11-09T01:00:00.000Z,FIPSCode,48377,0,2022-11-13T08:27:16.538Z,8,98.98,8,100,62962,1025,61.97,62492,550,33.25,63492,79,4.78,1671,99,1654,4047,8,8
1668328202,2022-11-13 02:30:02 -0600,048569e56cba391ab072fd330ff92a03d6f3a62d,TX,48377,2,2022-11-09T01:00:00.000Z,FIPSCode,48377,0,2022-11-13T08:29:15.027Z,8,98.98,8,100,62962,1025,61.97,62492,550,33.25,63492,79,4.78,1671,99,1654,4047,8,8
1668328241,2022-11-13 02:30:41 -0600,573fa95fa75a333467d01bef5697954414384106,TX,48377,2,2022-11-09T01:00:00.000Z,FIPSCode,48377,0,2022-11-13T08:29:15.027Z,8,98.98,8,100,62962,1025,61.97,62492,550,33.25,63492,79,4.78,1671,99,1654,4047,8,8
1668328281,2022-11-13 02:31:21 -0600,f94d1a40d5c3aeecacd9e54fbb241e7002054b3c,TX,48377,2,2022-11-09T01:00:00.000Z,FIPSCode,48377,0,2022-11-13T08:30:37.716Z,8,98.98,8,100,62962,1025,61.97,62492,550,33.25,63492,79,4.78,1671,99,1654,4047,8,8
1668328322,2022-11-13 02:32:02 -0600,28ce131f737ed0f253a0a9d52e123bd922b3b530,TX,48377,2,2022-11-09T01:00:00.000Z,FIPSCode,48377,0,2022-11-13T08:31:16.800Z,8,98.98,8,100,62962,1025,61.97,62492,550,33.25,63492,79,4.78,1671,99,1654,4047,8,8
1668328362,2022-11-13 02:32:42 -0600,9fbb288f23b6bb512e8a1b5f89753f499d0ba4d0,TX,48377,2,2022-11-09T01:00:00.000Z,FIPSCode,48377,0,2022-11-13T08:31:16.800Z,8,98.98,8,100,62962,1025,61.97,62492,550,33.25,63492,79,4.78,1671,99,1654,4047,8,8
1668328401,2022-11-13 02:33:21 -0600,02014ea7e2425cad2490ac8ec22c416ba7dfed3e,TX,48377,2,2022-11-09T01:00:00.000Z,FIPSCode,48377,0,2022-11-13T08:31:16.800Z,8,98.98,8,100,62962,1025,61.97,62492,550,33.25,63492,79,4.78,1671,99,1654,4047,8,8
1668328439,2022-11-13 02:33:59 -0600,55edd76d7c144f91ae70b2c40b6f6bb3adfcfa2e,TX,48377,2,2022-11-09T01:00:00.000Z,FIPSCode,48377,0,2022-11-13T08:31:16.800Z,8,98.98,8,100,62962,1025,61.97,62492,550,33.25,63492,79,4.78,1671,99,1654,4047,8,8
1668328478,2022-11-13 02:34:38 -0600,a502634e7c4cf09c832f432042a76d166c753579,TX,48377,2,2022-11-09T01:00:00.000Z,FIPSCode,48377,0,2022-11-13T08:31:16.800Z,8,98.98,8,100,62962,1025,61.97,62492,550,33.25,63492,79,4.78,1671,99,1654,4047,8,8
1668328517,2022-11-13 02:35:17 -0600,4764dfb5f1b556157614ef790fb0ff61c3d08a00,TX,48377,2,2022-11-09T01:00:00.000Z,FIPSCode,48377,0,2022-11-13T08:31:16.800Z,8,98.98,8,100,62962,1025,61.97,62492,550,33.25,63492,79,4.78,1671,99,1654,4047,8,8
1668328557,2022-11-13 02:35:57 -0600,aa4a786c1eb4ffbf776bd21c5ebcd9aa519009cc,TX,48377,2,2022-11-09T01:00:00.000Z,FIPSCode,48377,0,2022-11-13T08:31:16.800Z,8,98.98,8,100,62962,1025,61.97,62492,550,33.25,63492,79,4.78,1671,99,1654,4047,8,8
1668328638,2022-11-13 02:37:18 -0600,16a809388d08edd936f3f627a575586f08b80e45,TX,48377,2,2022-11-09T01:00:00.000Z,FIPSCode,48377,0,2022-11-13T08:31:16.800Z,8,98.98,8,100,62962,1025,61.97,62492,550,33.25,63492,79,4.78,1671,99,1654,4047,8,8
1668328678,2022-11-13 02:37:58 -0600,13b4764e83200f32b97965c0c75c38e5c8880539,TX,48377,2,2022-11-09T01:00:00.000Z,FIPSCode,48377,0,2022-11-13T08:31:16.800Z,8,98.98,8,100,62962,1025,61.97,62492,550,33.25,63492,79,4.78,1671,99,1654,4047,8,8
1668328718,2022-11-13 02:38:38 -0600,e4f9f0d686c34b2e775bb8fcc11d9afa6ebead49,TX,48377,2,2022-11-09T01:00:00.000Z,FIPSCode,48377,0,2022-11-13T08:31:16.800Z,8,98.98,8,100,62962,1025,61.97,62492,550,33.25,63492,79,4.78,1671,99,1654,4047,8,8
1668328758,2022-11-13 02:39:18 -0600,4c967c5780256489e1de1c267247f9849ce43a3d,TX,48377,2,2022-11-09T01:00:00.000Z,FIPSCode,48377,0,2022-11-13T08:31:16.800Z,8,98.98,8,100,62962,1025,61.97,62492,550,33.25,63492,79,4.78,1671,99,1654,4047,8,8
1668328797,2022-11-13 02:39:57 -0600,84538d938397a4bf996631bdcef9d564e7b8d63f,TX,48377,2,2022-11-09T01:00:00.000Z,FIPSCode,48377,0,2022-11-13T08:31:16.800Z,8,98.98,8,100,62962,1025,61.97,62492,550,33.25,63492,79,4.78,1671,99,1654,4047,8,8
1668328837,2022-11-13 02:40:37 -0600,be4a2730c93e18878d854df74bcbb464bd2ead4c,TX,48377,2,2022-11-09T01:00:00.000Z,FIPSCode,48377,0,2022-11-13T08:31:16.800Z,8,98.98,8,100,62962,1025,61.97,62492,550,33.25,63492,79,4.78,1671,99,1654,4047,8,8
1668328876,2022-11-13 02:41:16 -0600,6e98e75b0c5bb67c764af6d467db1787a5f009b9,TX,48377,2,2022-11-09T01:00:00.000Z,FIPSCode,48377,0,2022-11-13T08:31:16.800Z,8,98.98,8,100,62962,1025,61.97,62492,550,33.25,63492,79,4.78,1671,99,1654,4047,8,8
1668328916,2022-11-13 02:41:56 -0600,94f1a86c57ab0d5c7f31a673a7cf47ba7d9c80c0,TX,48377,2,2022-11-09T01:00:00.000Z,FIPSCode,48377,0,2022-11-13T08:31:16.800Z,8,98.98,8,100,62962,1025,61.97,62492,550,33.25,63492,79,4.78,1671,99,1654,4047,8,8
1668328997,2022-11-13 02:43:17 -0600,35990b744ed975f1d4179e5e4c7a99f86e65941a,TX,48377,2,2022-11-09T01:00:00.000Z,FIPSCode,48377,0,2022-11-13T08:31:16.800Z,8,98.98,8,100,62962,1025,61.97,62492,550,33.25,63492,79,4.78,1671,99,1654,4047,8,8
1668329036,2022-11-13 02:43:56 -0600,60e51df06e0f9346715477fea84b9b1c3c57280f,TX,48377,2,2022-11-09T01:00:00.000Z,FIPSCode,48377,0,2022-11-13T08:31:16.800Z,8,98.98,8,100,62962,1025,61.97,62492,550,33.25,63492,79,4.78,1671,99,1654,4047,8,8
1668329075,2022-11-13 02:44:35 -0600,497cec01a3c43c19ca877dfe70a943dc7848e116,TX,48377,2,2022-11-09T01:00:00.000Z,FIPSCode,48377,0,2022-11-13T08:31:16.800Z,8,98.98,8,100,62962,1025,61.97,62492,550,33.25,63492,79,4.78,1671,99,1654,4047,8,8
1668329115,2022-11-13 02:45:15 -0600,fa09aacaaac4f94d3c3872b5329a2c94d07ec50c,TX,48377,2,2022-11-09T01:00:00.000Z,FIPSCode,48377,0,2022-11-13T08:31:16.800Z,8,98.98,8,100,62962,1025,61.97,62492,550,33.25,63492,79,4.78,1671,99,1654,4047,8,8
1668329155,2022-11-13 02:45:55 -0600,a9ce4df66af353f5b0c5cadc8dc403d015957625,TX,48377,2,2022-11-09T01:00:00.000Z,FIPSCode,48377,0,2022-11-13T08:31:16.800Z,8,98.98,8,100,62962,1025,61.97,62492,550,33.25,63492,79,4.78,1671,99,1654,4047,8,8
1668329194,2022-11-13 02:46:34 -0600,2accac168ef54c69bca24c1af062e008d31f7325,TX,48377,2,2022-11-09T01:00:00.000Z,FIPSCode,48377,0,2022-11-13T08:31:16.800Z,8,98.98,8,100,62962,1025,61.97,62492,550,33.25,63492,79,4.78,1671,99,1654,4047,8,8
1668329234,2022-11-13 02:47:14 -0600,43b7e651d002cab872e1b1a29c2edf92a65755e8,TX,48377,2,2022-11-09T01:00:00.000Z,FIPSCode,48377,0,2022-11-13T08:31:16.800Z,8,98.98,8,100,62962,1025,61.97,62492,550,33.25,63492,79,4.78,1671,99,1654,4047,8,8
1668329352,2022-11-13 02:49:12 -0600,5a752061ef8ad516715467543295e285c27bcfd5,TX,48377,2,2022-11-09T01:00:00.000Z,FIPSCode,48377,0,2022-11-13T08:48:38.715Z,8,98.98,8,100,62962,1025,61.97,62492,550,33.25,63492,79,4.78,1671,99,1654,4047,8,8
1668329391,2022-11-13 02:49:51 -0600,51197cb53581a825f11d177cffc73cf9adceb997,TX,48377,2,2022-11-09T01:00:00.000Z,FIPSCode,48377,0,2022-11-13T08:48:38.715Z,8,98.98,8,100,62962,1025,61.97,62492,550,33.25,63492,79,4.78,1671,99,1654,4047,8,8
1668329430,2022-11-13 02:50:30 -0600,4c4d40fd977c9e1b5ad1494cfc948518d2f28315,TX,48377,2,2022-11-09T01:00:00.000Z,FIPSCode,48377,0,2022-11-13T08:49:37.479Z,8,98.98,8,100,62962,1025,61.97,62492,550,33.25,63492,79,4.78,1671,99,1654,4047,8,8
1668329469,2022-11-13 02:51:09 -0600,a34f61e36cc5675b3ba911eaa575cf116b421f8b,TX,48377,2,2022-11-09T01:00:00.000Z,FIPSCode,48377,0,2022-11-13T08:50:38.054Z,8,98.98,8,100,62962,1025,61.97,62492,550,33.25,63492,79,4.78,1671,99,1654,4047,8,8
1668329510,2022-11-13 02:51:50 -0600,edf516a85401de7096a413a5937d93f023c2862f,TX,48377,2,2022-11-09T01:00:00.000Z,FIPSCode,48377,0,2022-11-13T08:51:16.090Z,8,98.98,8,100,62962,1025,61.97,62492,550,33.25,63492,79,4.78,1671,99,1654,4047,8,8
1668329634,2022-11-13 02:53:54 -0600,bb48cda801603bba5bb1d0527623f7b5a16c17e5,TX,48377,2,2022-11-09T01:00:00.000Z,FIPSCode,48377,0,2022-11-13T08:51:16.090Z,8,98.98,8,100,62962,1025,61.97,62492,550,33.25,63492,79,4.78,1671,99,1654,4047,8,8
1668329713,2022-11-13 02:55:13 -0600,f4e0e9045d5de027f470c9fc82245d2d86c97eee,TX,48377,2,2022-11-09T01:00:00.000Z,FIPSCode,48377,0,2022-11-13T08:51:16.090Z,8,98.98,8,100,62962,1025,61.97,62492,550,33.25,63492,79,4.78,1671,99,1654,4047,8,8
1668329791,2022-11-13 02:56:31 -0600,a035d1b24363d912bba37f490e724d4b14047264,TX,48377,2,2022-11-09T01:00:00.000Z,FIPSCode,48377,0,2022-11-13T08:51:16.090Z,8,98.98,8,100,62962,1025,61.97,62492,550,33.25,63492,79,4.78,1671,99,1654,4047,8,8
1668329831,2022-11-13 02:57:11 -0600,c62affa4a1e0ea8479d32e321135a9c841e1329c,TX,48377,2,2022-11-09T01:00:00.000Z,FIPSCode,48377,0,2022-11-13T08:51:16.090Z,8,98.98,8,100,62962,1025,61.97,62492,550,33.25,63492,79,4.78,1671,99,1654,4047,8,8
1668329871,2022-11-13 02:57:51 -0600,4c7e43bf732484c49c298b8b19468d5014f83423,TX,48377,2,2022-11-09T01:00:00.000Z,FIPSCode,48377,0,2022-11-13T08:51:16.090Z,8,98.98,8,100,62962,1025,61.97,62492,550,33.25,63492,79,4.78,1671,99,1654,4047,8,8
1668329950,2022-11-13 02:59:10 -0600,fd81e84a2350a6ee713e874e3566b9d6b936a690,TX,48377,2,2022-11-09T01:00:00.000Z,FIPSCode,48377,0,2022-11-13T08:51:16.090Z,8,98.98,8,100,62962,1025,61.97,62492,550,33.25,63492,79,4.78,1671,99,1654,4047,8,8
1668329989,2022-11-13 02:59:49 -0600,75fe6dbeb068ec1edfe614d30895e1eb1af90d5a,TX,48377,2,2022-11-09T01:00:00.000Z,FIPSCode,48377,0,2022-11-13T08:51:16.090Z,8,98.98,8,100,62962,1025,61.97,62492,550,33.25,63492,79,4.78,1671,99,1654,4047,8,8
1668330071,2022-11-13 03:01:11 -0600,3838d3f1259c880a614f35aec692b0b7f26e3817,TX,48377,2,2022-11-09T01:00:00.000Z,FIPSCode,48377,0,2022-11-13T08:51:16.090Z,8,98.98,8,100,62962,1025,61.97,62492,550,33.25,63492,79,4.78,1671,99,1654,4047,8,8
1668330110,2022-11-13 03:01:50 -0600,17af4949aaac46d4b5cacfda731bb1f85bff4057,TX,48377,2,2022-11-09T01:00:00.000Z,FIPSCode,48377,0,2022-11-13T09:01:34.588Z,8,98.98,8,100,62962,1025,61.97,62492,550,33.25,63492,79,4.78,1671,99,1654,4047,8,8
1668330188,2022-11-13 03:03:08 -0600,fea6bf2baa2a4f4a1bb3469139e4d0fd16f9290c,TX,48377,2,2022-11-09T01:00:00.000Z,FIPSCode,48377,0,2022-11-13T09:02:20.555Z,8,98.98,8,100,62962,1025,61.97,62492,550,33.25,63492,79,4.78,1671,99,1654,4047,8,8
1668330228,2022-11-13 03:03:48 -0600,ee13e22dc4ede8b44e603b05359da84d4b4362dc,TX,48377,2,2022-11-09T01:00:00.000Z,FIPSCode,48377,0,2022-11-13T09:03:15.961Z,8,98.98,8,100,62962,1025,61.97,62492,550,33.25,63492,79,4.78,1671,99,1654,4047,8,8
1668330267,2022-11-13 03:04:27 -0600,268d049ebfd4512a63a5cf5fee80f3e18d45dae5,TX,48377,2,2022-11-09T01:00:00.000Z,FIPSCode,48377,0,2022-11-13T09:03:15.961Z,8,98.98,8,100,62962,1025,61.97,62492,550,33.25,63492,79,4.78,1671,99,1654,4047,8,8
1668330307,2022-11-13 03:05:07 -0600,02477bc54ccaad773697fb77b6460c145bd5807b,TX,48377,2,2022-11-09T01:00:00.000Z,FIPSCode,48377,0,2022-11-13T09:04:34.107Z,8,98.98,8,100,62962,1025,61.97,62492,550,33.25,63492,79,4.78,1671,99,1654,4047,8,8
1668330347,2022-11-13 03:05:47 -0600,a59322e2966ebe852508581a7561f47cb8623cf4,TX,48377,2,2022-11-09T01:00:00.000Z,FIPSCode,48377,0,2022-11-13T09:04:34.107Z,8,98.98,8,100,62962,1025,61.97,62492,550,33.25,63492,79,4.78,1671,99,1654,4047,8,8
1668330387,2022-11-13 03:06:27 -0600,8f8e9841fba7b460eed96511240e72dfd1d52d9d,TX,48377,2,2022-11-09T01:00:00.000Z,FIPSCode,48377,0,2022-11-13T09:04:34.107Z,8,98.98,8,100,62962,1025,61.97,62492,550,33.25,63492,79,4.78,1671,99,1654,4047,8,8
1668330427,2022-11-13 03:07:07 -0600,141335e8543a1182e708863dc8b3a33578bf844f,TX,48377,2,2022-11-09T01:00:00.000Z,FIPSCode,48377,0,2022-11-13T09:04:34.107Z,8,98.98,8,100,62962,1025,61.97,62492,550,33.25,63492,79,4.78,1671,99,1654,4047,8,8
1668330467,2022-11-13 03:07:47 -0600,dd2300d9f8ee449ec50f5e71da9558c91a6db3c5,TX,48377,2,2022-11-09T01:00:00.000Z,FIPSCode,48377,0,2022-11-13T09:04:34.107Z,8,98.98,8,100,62962,1025,61.97,62492,550,33.25,63492,79,4.78,1671,99,1654,4047,8,8
1668330506,2022-11-13 03:08:26 -0600,0133d61d834a167a2fb1a2af504082325494e37c,TX,48377,2,2022-11-09T01:00:00.000Z,FIPSCode,48377,0,2022-11-13T09:04:34.107Z,8,98.98,8,100,62962,1025,61.97,62492,550,33.25,63492,79,4.78,1671,99,1654,4047,8,8
1668330545,2022-11-13 03:09:05 -0600,a2b39ecf7ee4b72ec6e0e2db4158f2a1f765346f,TX,48377,2,2022-11-09T01:00:00.000Z,FIPSCode,48377,0,2022-11-13T09:04:34.107Z,8,98.98,8,100,62962,1025,61.97,62492,550,33.25,63492,79,4.78,1671,99,1654,4047,8,8
1668330586,2022-11-13 03:09:46 -0600,d12985ce88f089ac568c82a1cb90e50f014c33be,TX,48377,2,2022-11-09T01:00:00.000Z,FIPSCode,48377,0,2022-11-13T09:04:34.107Z,8,98.98,8,100,62962,1025,61.97,62492,550,33.25,63492,79,4.78,1671,99,1654,4047,8,8
1668330626,2022-11-13 03:10:26 -0600,598c823b97b91a4d17e499455a4cd754a20e49c5,TX,48377,2,2022-11-09T01:00:00.000Z,FIPSCode,48377,0,2022-11-13T09:04:34.107Z,8,98.98,8,100,62962,1025,61.97,62492,550,33.25,63492,79,4.78,1671,99,1654,4047,8,8
1668330667,2022-11-13 03:11:07 -0600,c23d186695ff6d342623104d1bcb2bd564bfe376,TX,48377,2,2022-11-09T01:00:00.000Z,FIPSCode,48377,0,2022-11-13T09:04:34.107Z,8,98.98,8,100,62962,1025,61.97,62492,550,33.25,63492,79,4.78,1671,99,1654,4047,8,8
1668330706,2022-11-13 03:11:46 -0600,aa76a10f479fc6283e4ca5de3cf8e9d5e112e831,TX,48377,2,2022-11-09T01:00:00.000Z,FIPSCode,48377,0,2022-11-13T09:04:34.107Z,8,98.98,8,100,62962,1025,61.97,62492,550,33.25,63492,79,4.78,1671,99,1654,4047,8,8
1668330746,2022-11-13 03:12:26 -0600,3f1c72297ce67450ce369c7167a24a582e608b55,TX,48377,2,2022-11-09T01:00:00.000Z,FIPSCode,48377,0,2022-11-13T09:04:34.107Z,8,98.98,8,100,62962,1025,61.97,62492,550,33.25,63492,79,4.78,1671,99,1654,4047,8,8
1668330786,2022-11-13 03:13:06 -0600,b2b98ab97b8c6e9aff12dbb7b65c4e2a36a4c645,TX,48377,2,2022-11-09T01:00:00.000Z,FIPSCode,48377,0,2022-11-13T09:04:34.107Z,8,98.98,8,100,62962,1025,61.97,62492,550,33.25,63492,79,4.78,1671,99,1654,4047,8,8
1668330825,2022-11-13 03:13:45 -0600,0d7eb5f603bb04cb68e18cf95a6d3ff057d5fe65,TX,48377,2,2022-11-09T01:00:00.000Z,FIPSCode,48377,0,2022-11-13T09:04:34.107Z,8,98.98,8,100,62962,1025,61.97,62492,550,33.25,63492,79,4.78,1671,99,1654,4047,8,8
1668330864,2022-11-13 03:14:24 -0600,f8103b81dcb66a6bea16c3c34a62cbcd67190a61,TX,48377,2,2022-11-09T01:00:00.000Z,FIPSCode,48377,0,2022-11-13T09:04:34.107Z,8,98.98,8,100,62962,1025,61.97,62492,550,33.25,63492,79,4.78,1671,99,1654,4047,8,8
1668330904,2022-11-13 03:15:04 -0600,84f7f9ffeaabad7b30497b662e555fa2449284fe,TX,48377,2,2022-11-09T01:00:00.000Z,FIPSCode,48377,0,2022-11-13T09:04:34.107Z,8,98.98,8,100,62962,1025,61.97,62492,550,33.25,63492,79,4.78,1671,99,1654,4047,8,8
1668330943,2022-11-13 03:15:43 -0600,ec442dccdf6e1b14f5e7500805e5a74e9c7291b3,TX,48377,2,2022-11-09T01:00:00.000Z,FIPSCode,48377,0,2022-11-13T09:04:34.107Z,8,98.98,8,100,62962,1025,61.97,62492,550,33.25,63492,79,4.78,1671,99,1654,4047,8,8
1668331022,2022-11-13 03:17:02 -0600,647624a01ab768f9d06de3f877490efacf17d8e5,TX,48377,2,2022-11-09T01:00:00.000Z,FIPSCode,48377,0,2022-11-13T09:04:34.107Z,8,98.98,8,100,62962,1025,61.97,62492,550,33.25,63492,79,4.78,1671,99,1654,4047,8,8
1668331062,2022-11-13 03:17:42 -0600,e6812ad924a80ade3c1621b93edc5228b1a032d9,TX,48377,2,2022-11-09T01:00:00.000Z,FIPSCode,48377,0,2022-11-13T09:04:34.107Z,8,98.98,8,100,62962,1025,61.97,62492,550,33.25,63492,79,4.78,1671,99,1654,4047,8,8
1668331140,2022-11-13 03:19:00 -0600,32c4b6466f49265633e48c6c05d7d2df23626c8c,TX,48377,2,2022-11-09T01:00:00.000Z,FIPSCode,48377,0,2022-11-13T09:04:34.107Z,8,98.98,8,100,62962,1025,61.97,62492,550,33.25,63492,79,4.78,1671,99,1654,4047,8,8
1668331180,2022-11-13 03:19:40 -0600,ae571bf88b8cd9395accd764bf5aa76c45b74cc9,TX,48377,2,2022-11-09T01:00:00.000Z,FIPSCode,48377,0,2022-11-13T09:04:34.107Z,8,98.98,8,100,62962,1025,61.97,62492,550,33.25,63492,79,4.78,1671,99,1654,4047,8,8
1668331219,2022-11-13 03:20:19 -0600,1255d422f91162c3ced6e4d83c4dbb3ceca45aa6,TX,48377,2,2022-11-09T01:00:00.000Z,FIPSCode,48377,0,2022-11-13T09:04:34.107Z,8,98.98,8,100,62962,1025,61.97,62492,550,33.25,63492,79,4.78,1671,99,1654,4047,8,8
1668331260,2022-11-13 03:21:00 -0600,a963e88c00b05a7dffe82bab28ec84aa8aa9d92f,TX,48377,2,2022-11-09T01:00:00.000Z,FIPSCode,48377,0,2022-11-13T09:04:34.107Z,8,98.98,8,100,62962,1025,61.97,62492,550,33.25,63492,79,4.78,1671,99,1654,4047,8,8
1668331301,2022-11-13 03:21:41 -0600,0db034f1c257a0af872da9688090116a8d1337b8,TX,48377,2,2022-11-09T01:00:00.000Z,FIPSCode,48377,0,2022-11-13T09:04:34.107Z,8,98.98,8,100,62962,1025,61.97,62492,550,33.25,63492,79,4.78,1671,99,1654,4047,8,8
1668331379,2022-11-13 03:22:59 -0600,67ee4bad580fae9d7d148c1e779df8aaf6647e73,TX,48377,2,2022-11-09T01:00:00.000Z,FIPSCode,48377,0,2022-11-13T09:04:34.107Z,8,98.98,8,100,62962,1025,61.97,62492,550,33.25,63492,79,4.78,1671,99,1654,4047,8,8
1668331418,2022-11-13 03:23:38 -0600,081601e8af68df03b344d288d9b9227ac9d3797b,TX,48377,2,2022-11-09T01:00:00.000Z,FIPSCode,48377,0,2022-11-13T09:04:34.107Z,8,98.98,8,100,62962,1025,61.97,62492,550,33.25,63492,79,4.78,1671,99,1654,4047,8,8
1668331458,2022-11-13 03:24:18 -0600,bc451ce3fad4b479cbd4006c7ac376c2878006c5,TX,48377,2,2022-11-09T01:00:00.000Z,FIPSCode,48377,0,2022-11-13T09:04:34.107Z,8,98.98,8,100,62962,1025,61.97,62492,550,33.25,63492,79,4.78,1671,99,1654,4047,8,8
1668331497,2022-11-13 03:24:57 -0600,d99fcf57ce12c2a58ddfac4850cd7ef1c1e64ac2,TX,48377,2,2022-11-09T01:00:00.000Z,FIPSCode,48377,0,2022-11-13T09:04:34.107Z,8,98.98,8,100,62962,1025,61.97,62492,550,33.25,63492,79,4.78,1671,99,1654,4047,8,8
1668331536,2022-11-13 03:25:36 -0600,f48454d30a17ec03f271888c1b4931fce45a3acd,TX,48377,2,2022-11-09T01:00:00.000Z,FIPSCode,48377,0,2022-11-13T09:04:34.107Z,8,98.98,8,100,62962,1025,61.97,62492,550,33.25,63492,79,4.78,1671,99,1654,4047,8,8
1668331575,2022-11-13 03:26:15 -0600,2c0fbb1d5d4f7ecf77964281317214ec873abd21,TX,48377,2,2022-11-09T01:00:00.000Z,FIPSCode,48377,0,2022-11-13T09:04:34.107Z,8,98.98,8,100,62962,1025,61.97,62492,550,33.25,63492,79,4.78,1671,99,1654,4047,8,8
1668331613,2022-11-13 03:26:53 -0600,e41c73d901ce7e24dd4f153c4e0f07f5baa9bd4b,TX,48377,2,2022-11-09T01:00:00.000Z,FIPSCode,48377,0,2022-11-13T09:04:34.107Z,8,98.98,8,100,62962,1025,61.97,62492,550,33.25,63492,79,4.78,1671,99,1654,4047,8,8
1668331652,2022-11-13 03:27:32 -0600,14d7efc782234838a47c1ff1e381d4e847772f67,TX,48377,2,2022-11-09T01:00:00.000Z,FIPSCode,48377,0,2022-11-13T09:04:34.107Z,8,98.98,8,100,62962,1025,61.97,62492,550,33.25,63492,79,4.78,1671,99,1654,4047,8,8
1668331692,2022-11-13 03:28:12 -0600,57a9e48db362731e5b97efaa784c3dea6a8903c6,TX,48377,2,2022-11-09T01:00:00.000Z,FIPSCode,48377,0,2022-11-13T09:04:34.107Z,8,98.98,8,100,62962,1025,61.97,62492,550,33.25,63492,79,4.78,1671,99,1654,4047,8,8
1668331732,2022-11-13 03:28:52 -0600,141b75d518f5716645e9bc251d9091498fcf50d5,TX,48377,2,2022-11-09T01:00:00.000Z,FIPSCode,48377,0,2022-11-13T09:04:34.107Z,8,98.98,8,100,62962,1025,61.97,62492,550,33.25,63492,79,4.78,1671,99,1654,4047,8,8
1668331772,2022-11-13 03:29:32 -0600,866f24dc0d151920a1e962ec5b173cf9eb0232ca,TX,48377,2,2022-11-09T01:00:00.000Z,FIPSCode,48377,0,2022-11-13T09:04:34.107Z,8,98.98,8,100,62962,1025,61.97,62492,550,33.25,63492,79,4.78,1671,99,1654,4047,8,8
1668331851,2022-11-13 03:30:51 -0600,e60dc4f8149ee7a976a813d1e003ac7f581dd993,TX,48377,2,2022-11-09T01:00:00.000Z,FIPSCode,48377,0,2022-11-13T09:04:34.107Z,8,98.98,8,100,62962,1025,61.97,62492,550,33.25,63492,79,4.78,1671,99,1654,4047,8,8
1668331890,2022-11-13 03:31:30 -0600,6ce94eea88749f45f2657985445b120797e60d9a,TX,48377,2,2022-11-09T01:00:00.000Z,FIPSCode,48377,0,2022-11-13T09:04:34.107Z,8,98.98,8,100,62962,1025,61.97,62492,550,33.25,63492,79,4.78,1671,99,1654,4047,8,8
1668331929,2022-11-13 03:32:09 -0600,e54b531cce727c9aeae8a61b873e9f797b8b992e,TX,48377,2,2022-11-09T01:00:00.000Z,FIPSCode,48377,0,2022-11-13T09:04:34.107Z,8,98.98,8,100,62962,1025,61.97,62492,550,33.25,63492,79,4.78,1671,99,1654,4047,8,8
1668331969,2022-11-13 03:32:49 -0600,f49fea5ff144c8c63210ca1e410f55ba340b906e,TX,48377,2,2022-11-09T01:00:00.000Z,FIPSCode,48377,0,2022-11-13T09:04:34.107Z,8,98.98,8,100,62962,1025,61.97,62492,550,33.25,63492,79,4.78,1671,99,1654,4047,8,8
1668332009,2022-11-13 03:33:29 -0600,80f2be40c47f0261483dca1a6adc685f1fcbef9d,TX,48377,2,2022-11-09T01:00:00.000Z,FIPSCode,48377,0,2022-11-13T09:04:34.107Z,8,98.98,8,100,62962,1025,61.97,62492,550,33.25,63492,79,4.78,1671,99,1654,4047,8,8
1668332126,2022-11-13 03:35:26 -0600,8678f176bc9010272a15e6cffd2f8de5cb056eee,TX,48377,2,2022-11-09T01:00:00.000Z,FIPSCode,48377,0,2022-11-13T09:04:34.107Z,8,98.98,8,100,62962,1025,61.97,62492,550,33.25,63492,79,4.78,1671,99,1654,4047,8,8
1668332166,2022-11-13 03:36:06 -0600,9510ff0eb9392a0126570ed010616f0b48d02c1f,TX,48377,2,2022-11-09T01:00:00.000Z,FIPSCode,48377,0,2022-11-13T09:04:34.107Z,8,98.98,8,100,62962,1025,61.97,62492,550,33.25,63492,79,4.78,1671,99,1654,4047,8,8
1668332245,2022-11-13 03:37:25 -0600,15b85c0bcaa34c7f78dda4fbac48e5f331ad2f3c,TX,48377,2,2022-11-09T01:00:00.000Z,FIPSCode,48377,0,2022-11-13T09:04:34.107Z,8,98.98,8,100,62962,1025,61.97,62492,550,33.25,63492,79,4.78,1671,99,1654,4047,8,8
1668332284,2022-11-13 03:38:04 -0600,0f6ffb155ff1b26724f7e32ed61a8fedd4c76383,TX,48377,2,2022-11-09T01:00:00.000Z,FIPSCode,48377,0,2022-11-13T09:04:34.107Z,8,98.98,8,100,62962,1025,61.97,62492,550,33.25,63492,79,4.78,1671,99,1654,4047,8,8
1668332323,2022-11-13 03:38:43 -0600,d0d1080c41e6fcd2c29bd021889be719973db60d,TX,48377,2,2022-11-09T01:00:00.000Z,FIPSCode,48377,0,2022-11-13T09:04:34.107Z,8,98.98,8,100,62962,1025,61.97,62492,550,33.25,63492,79,4.78,1671,99,1654,4047,8,8
1668332363,2022-11-13 03:39:23 -0600,660d448ea10389317405a2a6eb0cd6e597f3d78b,TX,48377,2,2022-11-09T01:00:00.000Z,FIPSCode,48377,0,2022-11-13T09:04:34.107Z,8,98.98,8,100,62962,1025,61.97,62492,550,33.25,63492,79,4.78,1671,99,1654,4047,8,8
1668332402,2022-11-13 03:40:02 -0600,5f6aff4ce97d2cd3b182ce73698f82c163343e29,TX,48377,2,2022-11-09T01:00:00.000Z,FIPSCode,48377,0,2022-11-13T09:04:34.107Z,8,98.98,8,100,62962,1025,61.97,62492,550,33.25,63492,79,4.78,1671,99,1654,4047,8,8
1668332441,2022-11-13 03:40:41 -0600,6fa4462556a9ab2ce581f82c4c2be2af246fd784,TX,48377,2,2022-11-09T01:00:00.000Z,FIPSCode,48377,0,2022-11-13T09:04:34.107Z,8,98.98,8,100,62962,1025,61.97,62492,550,33.25,63492,79,4.78,1671,99,1654,4047,8,8
1668332480,2022-11-13 03:41:20 -0600,a09cb05c6a08d7d3715275011a71ad335dde9e0d,TX,48377,2,2022-11-09T01:00:00.000Z,FIPSCode,48377,0,2022-11-13T09:04:34.107Z,8,98.98,8,100,62962,1025,61.97,62492,550,33.25,63492,79,4.78,1671,99,1654,4047,8,8
1668332519,2022-11-13 03:41:59 -0600,953837ba4fa95ad827d412a70c5e270162f02c65,TX,48377,2,2022-11-09T01:00:00.000Z,FIPSCode,48377,0,2022-11-13T09:04:34.107Z,8,98.98,8,100,62962,1025,61.97,62492,550,33.25,63492,79,4.78,1671,99,1654,4047,8,8
1668332559,2022-11-13 03:42:39 -0600,af0fbf8f01d3df3d98dca3031846c4686559333c,TX,48377,2,2022-11-09T01:00:00.000Z,FIPSCode,48377,0,2022-11-13T09:04:34.107Z,8,98.98,8,100,62962,1025,61.97,62492,550,33.25,63492,79,4.78,1671,99,1654,4047,8,8
1668332796,2022-11-13 03:46:36 -0600,ee8b161f65ef7f27266e68c21bc2214266b95fae,TX,48377,2,2022-11-09T01:00:00.000Z,FIPSCode,48377,0,2022-11-13T09:04:34.107Z,8,98.98,8,100,62962,1025,61.97,62492,550,33.25,63492,79,4.78,1671,99,1654,4047,8,8
1668332835,2022-11-13 03:47:15 -0600,3ac200c1ed2c622b1fae78c5cf46ea407b9c03e9,TX,48377,2,2022-11-09T01:00:00.000Z,FIPSCode,48377,0,2022-11-13T09:04:34.107Z,8,98.98,8,100,62962,1025,61.97,62492,550,33.25,63492,79,4.78,1671,99,1654,4047,8,8
1668332874,2022-11-13 03:47:54 -0600,9b6f2886efcd8401a9b02e2a1e02924e911e670c,TX,48377,2,2022-11-09T01:00:00.000Z,FIPSCode,48377,0,2022-11-13T09:04:34.107Z,8,98.98,8,100,62962,1025,61.97,62492,550,33.25,63492,79,4.78,1671,99,1654,4047,8,8
1668332914,2022-11-13 03:48:34 -0600,101d3c1a2edaffa35716b4dff003961c1c28cd93,TX,48377,2,2022-11-09T01:00:00.000Z,FIPSCode,48377,0,2022-11-13T09:04:34.107Z,8,98.98,8,100,62962,1025,61.97,62492,550,33.25,63492,79,4.78,1671,99,1654,4047,8,8
1668332954,2022-11-13 03:49:14 -0600,cca1be8fe2ec42b54ae8b3cb706fd6de9b6f58d6,TX,48377,2,2022-11-09T01:00:00.000Z,FIPSCode,48377,0,2022-11-13T09:04:34.107Z,8,98.98,8,100,62962,1025,61.97,62492,550,33.25,63492,79,4.78,1671,99,1654,4047,8,8
1668332993,2022-11-13 03:49:53 -0600,15a805a76515996aa880adc95304a78dd29ca68c,TX,48377,2,2022-11-09T01:00:00.000Z,FIPSCode,48377,0,2022-11-13T09:04:34.107Z,8,98.98,8,100,62962,1025,61.97,62492,550,33.25,63492,79,4.78,1671,99,1654,4047,8,8
1668333073,2022-11-13 03:51:13 -0600,c487cf2a0b5bddf8dac4288bd4dec3194a6f7b80,TX,48377,2,2022-11-09T01:00:00.000Z,FIPSCode,48377,0,2022-11-13T09:04:34.107Z,8,98.98,8,100,62962,1025,61.97,62492,550,33.25,63492,79,4.78,1671,99,1654,4047,8,8
1668333113,2022-11-13 03:51:53 -0600,cdd133b30efb0d12b124b9c4c7e8e761f93ba9b5,TX,48377,2,2022-11-09T01:00:00.000Z,FIPSCode,48377,0,2022-11-13T09:04:34.107Z,8,98.98,8,100,62962,1025,61.97,62492,550,33.25,63492,79,4.78,1671,99,1654,4047,8,8
1668333193,2022-11-13 03:53:13 -0600,69775e4c69f258a1abbdb5d235790acf14defdad,TX,48377,2,2022-11-09T01:00:00.000Z,FIPSCode,48377,0,2022-11-13T09:04:34.107Z,8,98.98,8,100,62962,1025,61.97,62492,550,33.25,63492,79,4.78,1671,99,1654,4047,8,8
1668333233,2022-11-13 03:53:53 -0600,1020c5733442155c3fb811cb477c14525fe536fd,TX,48377,2,2022-11-09T01:00:00.000Z,FIPSCode,48377,0,2022-11-13T09:04:34.107Z,8,98.98,8,100,62962,1025,61.97,62492,550,33.25,63492,79,4.78,1671,99,1654,4047,8,8
1668333271,2022-11-13 03:54:31 -0600,257b6be0fe54b74176608cc6b44e6e6209c493f6,TX,48377,2,2022-11-09T01:00:00.000Z,FIPSCode,48377,0,2022-11-13T09:04:34.107Z,8,98.98,8,100,62962,1025,61.97,62492,550,33.25,63492,79,4.78,1671,99,1654,4047,8,8
1668333350,2022-11-13 03:55:50 -0600,e8acef637d5c7b03718f7ea310ac188f1598dffd,TX,48377,2,2022-11-09T01:00:00.000Z,FIPSCode,48377,0,2022-11-13T09:04:34.107Z,8,98.98,8,100,62962,1025,61.97,62492,550,33.25,63492,79,4.78,1671,99,1654,4047,8,8
1668333388,2022-11-13 03:56:28 -0600,1d208e9664c4a26105904f1e71aeffb7e36dedba,TX,48377,2,2022-11-09T01:00:00.000Z,FIPSCode,48377,0,2022-11-13T09:04:34.107Z,8,98.98,8,100,62962,1025,61.97,62492,550,33.25,63492,79,4.78,1671,99,1654,4047,8,8
1668333428,2022-11-13 03:57:08 -0600,dae964f844bae4bbd4ca91c87b05aff875f1b7fc,TX,48377,2,2022-11-09T01:00:00.000Z,FIPSCode,48377,0,2022-11-13T09:04:34.107Z,8,98.98,8,100,62962,1025,61.97,62492,550,33.25,63492,79,4.78,1671,99,1654,4047,8,8
1668333467,2022-11-13 03:57:47 -0600,e81ec00ef13ed295a41fd499ef4ac4a77a229ec2,TX,48377,2,2022-11-09T01:00:00.000Z,FIPSCode,48377,0,2022-11-13T09:04:34.107Z,8,98.98,8,100,62962,1025,61.97,62492,550,33.25,63492,79,4.78,1671,99,1654,4047,8,8
1668333508,2022-11-13 03:58:28 -0600,64ea38dd87b4e86237bf8422ac289c6856ac0146,TX,48377,2,2022-11-09T01:00:00.000Z,FIPSCode,48377,0,2022-11-13T09:04:34.107Z,8,98.98,8,100,62962,1025,61.97,62492,550,33.25,63492,79,4.78,1671,99,1654,4047,8,8
1668333547,2022-11-13 03:59:07 -0600,b2960964c2fb9a05019fda913ec273747297a472,TX,48377,2,2022-11-09T01:00:00.000Z,FIPSCode,48377,0,2022-11-13T09:04:34.107Z,8,98.98,8,100,62962,1025,61.97,62492,550,33.25,63492,79,4.78,1671,99,1654,4047,8,8
1668333587,2022-11-13 03:59:47 -0600,4b3174b60ee6fe8ba7f1930d6bad1df9846ba831,TX,48377,2,2022-11-09T01:00:00.000Z,FIPSCode,48377,0,2022-11-13T09:04:34.107Z,8,98.98,8,100,62962,1025,61.97,62492,550,33.25,63492,79,4.78,1671,99,1654,4047,8,8
1668333667,2022-11-13 04:01:07 -0600,82067bca02c36c39093dafac960e218687b1d4e8,TX,48377,2,2022-11-09T01:00:00.000Z,FIPSCode,48377,0,2022-11-13T09:04:34.107Z,8,98.98,8,100,62962,1025,61.97,62492,550,33.25,63492,79,4.78,1671,99,1654,4047,8,8
1668333706,2022-11-13 04:01:46 -0600,fa15d3bd84b2ce97b6088f0ab72295c4263f67e0,TX,48377,2,2022-11-09T01:00:00.000Z,FIPSCode,48377,0,2022-11-13T09:04:34.107Z,8,98.98,8,100,62962,1025,61.97,62492,550,33.25,63492,79,4.78,1671,99,1654,4047,8,8
1668333747,2022-11-13 04:02:27 -0600,44d8ea1fe8863fa7e261587d8015e6075b686602,TX,48377,2,2022-11-09T01:00:00.000Z,FIPSCode,48377,0,2022-11-13T09:04:34.107Z,8,98.98,8,100,62962,1025,61.97,62492,550,33.25,63492,79,4.78,1671,99,1654,4047,8,8
1668333786,2022-11-13 04:03:06 -0600,ba8383f48e74f29333c1ea74424f0f2e95aa1882,TX,48377,2,2022-11-09T01:00:00.000Z,FIPSCode,48377,0,2022-11-13T09:04:34.107Z,8,98.98,8,100,62962,1025,61.97,62492,550,33.25,63492,79,4.78,1671,99,1654,4047,8,8
1668333825,2022-11-13 04:03:45 -0600,670de0f3ce62d68d1580c6238e77df8c53e63cb8,TX,48377,2,2022-11-09T01:00:00.000Z,FIPSCode,48377,0,2022-11-13T09:04:34.107Z,8,98.98,8,100,62962,1025,61.97,62492,550,33.25,63492,79,4.78,1671,99,1654,4047,8,8
1668333864,2022-11-13 04:04:24 -0600,9c80193a6f15efd94fcdd933a59568a47918242b,TX,48377,2,2022-11-09T01:00:00.000Z,FIPSCode,48377,0,2022-11-13T09:04:34.107Z,8,98.98,8,100,62962,1025,61.97,62492,550,33.25,63492,79,4.78,1671,99,1654,4047,8,8
1668333904,2022-11-13 04:05:04 -0600,a2341382bf76ccd4f96750a89ed34d6bb6ac57ce,TX,48377,2,2022-11-09T01:00:00.000Z,FIPSCode,48377,0,2022-11-13T09:04:34.107Z,8,98.98,8,100,62962,1025,61.97,62492,550,33.25,63492,79,4.78,1671,99,1654,4047,8,8
1668333944,2022-11-13 04:05:44 -0600,d1d99d4521c386b75191b400e3b5acbed560aedb,TX,48377,2,2022-11-09T01:00:00.000Z,FIPSCode,48377,0,2022-11-13T09:04:34.107Z,8,98.98,8,100,62962,1025,61.97,62492,550,33.25,63492,79,4.78,1671,99,1654,4047,8,8
1668333984,2022-11-13 04:06:24 -0600,fb0664fe86edf24055966800f46f32bee331e7ff,TX,48377,2,2022-11-09T01:00:00.000Z,FIPSCode,48377,0,2022-11-13T09:04:34.107Z,8,98.98,8,100,62962,1025,61.97,62492,550,33.25,63492,79,4.78,1671,99,1654,4047,8,8
1668334023,2022-11-13 04:07:03 -0600,a9417b1d6fe4deadc839d060f45b81479193c87e,TX,48377,2,2022-11-09T01:00:00.000Z,FIPSCode,48377,0,2022-11-13T09:04:34.107Z,8,98.98,8,100,62962,1025,61.97,62492,550,33.25,63492,79,4.78,1671,99,1654,4047,8,8
1668334062,2022-11-13 04:07:42 -0600,6a4b1a33b019c1167610507e9dde302ceebbf46d,TX,48377,2,2022-11-09T01:00:00.000Z,FIPSCode,48377,0,2022-11-13T09:04:34.107Z,8,98.98,8,100,62962,1025,61.97,62492,550,33.25,63492,79,4.78,1671,99,1654,4047,8,8
1668334101,2022-11-13 04:08:21 -0600,ddfe38a1276d82ab13156b1115d6b89347f036ad,TX,48377,2,2022-11-09T01:00:00.000Z,FIPSCode,48377,0,2022-11-13T09:04:34.107Z,8,98.98,8,100,62962,1025,61.97,62492,550,33.25,63492,79,4.78,1671,99,1654,4047,8,8
1668334141,2022-11-13 04:09:01 -0600,6ab0c52be915b3d8b1582f7021600c9af40064e5,TX,48377,2,2022-11-09T01:00:00.000Z,FIPSCode,48377,0,2022-11-13T09:04:34.107Z,8,98.98,8,100,62962,1025,61.97,62492,550,33.25,63492,79,4.78,1671,99,1654,4047,8,8
1668334180,2022-11-13 04:09:40 -0600,404357bd24b393e63142e97b495b27f5bb800a4a,TX,48377,2,2022-11-09T01:00:00.000Z,FIPSCode,48377,0,2022-11-13T09:04:34.107Z,8,98.98,8,100,62962,1025,61.97,62492,550,33.25,63492,79,4.78,1671,99,1654,4047,8,8
1668334219,2022-11-13 04:10:19 -0600,cee4767808c2e3315679f5613ca36a71e92b2a26,TX,48377,2,2022-11-09T01:00:00.000Z,FIPSCode,48377,0,2022-11-13T09:04:34.107Z,8,98.98,8,100,62962,1025,61.97,62492,550,33.25,63492,79,4.78,1671,99,1654,4047,8,8
1668334258,2022-11-13 04:10:58 -0600,a1a14754886b927a1e7029c791fe848c659f80e0,TX,48377,2,2022-11-09T01:00:00.000Z,FIPSCode,48377,0,2022-11-13T09:04:34.107Z,8,98.98,8,100,62962,1025,61.97,62492,550,33.25,63492,79,4.78,1671,99,1654,4047,8,8
1668334297,2022-11-13 04:11:37 -0600,0d1fe5699e872d60229d1052aadc46139f62f183,TX,48377,2,2022-11-09T01:00:00.000Z,FIPSCode,48377,0,2022-11-13T09:04:34.107Z,8,98.98,8,100,62962,1025,61.97,62492,550,33.25,63492,79,4.78,1671,99,1654,4047,8,8
1668334336,2022-11-13 04:12:16 -0600,de5b0daa73fb0cee3d1ae597a0d9d048b94be7b0,TX,48377,2,2022-11-09T01:00:00.000Z,FIPSCode,48377,0,2022-11-13T09:04:34.107Z,8,98.98,8,100,62962,1025,61.97,62492,550,33.25,63492,79,4.78,1671,99,1654,4047,8,8
1668334381,2022-11-13 04:13:01 -0600,df2e322d129eb9e5f116b6201e536ff8f6fc56e0,TX,48377,2,2022-11-09T01:00:00.000Z,FIPSCode,48377,0,2022-11-13T09:04:34.107Z,8,98.98,8,100,62962,1025,61.97,62492,550,33.25,63492,79,4.78,1671,99,1654,4047,8,8
1668334456,2022-11-13 04:14:16 -0600,394f0e0e9b7951d8f75f34e7dade4b1f74e9608d,TX,48377,2,2022-11-09T01:00:00.000Z,FIPSCode,48377,0,2022-11-13T09:04:34.107Z,8,98.98,8,100,62962,1025,61.97,62492,550,33.25,63492,79,4.78,1671,99,1654,4047,8,8
1668334495,2022-11-13 04:14:55 -0600,9d02df0aae772072b9a51d8395b053c116e958f2,TX,48377,2,2022-11-09T01:00:00.000Z,FIPSCode,48377,0,2022-11-13T09:04:34.107Z,8,98.98,8,100,62962,1025,61.97,62492,550,33.25,63492,79,4.78,1671,99,1654,4047,8,8
1668334534,2022-11-13 04:15:34 -0600,1d82e9cdcf3db327343f6669ac9534e926ad8e70,TX,48377,2,2022-11-09T01:00:00.000Z,FIPSCode,48377,0,2022-11-13T09:04:34.107Z,8,98.98,8,100,62962,1025,61.97,62492,550,33.25,63492,79,4.78,1671,99,1654,4047,8,8
1668334572,2022-11-13 04:16:12 -0600,d625dab634004839c482ca06e7788c4e697e9923,TX,48377,2,2022-11-09T01:00:00.000Z,FIPSCode,48377,0,2022-11-13T09:04:34.107Z,8,98.98,8,100,62962,1025,61.97,62492,550,33.25,63492,79,4.78,1671,99,1654,4047,8,8
1668334768,2022-11-13 04:19:28 -0600,f626cb4c1af5668d6fc24477375ab9c1ba39dc23,TX,48377,2,2022-11-09T01:00:00.000Z,FIPSCode,48377,0,2022-11-13T10:18:52.108Z,8,98.98,8,100,62962,1025,61.97,62492,550,33.25,63492,79,4.78,1671,99,1654,4047,8,8
1668334807,2022-11-13 04:20:07 -0600,e9edc40d7c987f2cfc8e4adcebec1061b3d3ace9,TX,48377,2,2022-11-09T01:00:00.000Z,FIPSCode,48377,0,2022-11-13T10:18:52.108Z,8,98.98,8,100,62962,1025,61.97,62492,550,33.25,63492,79,4.78,1671,99,1654,4047,8,8
1668334847,2022-11-13 04:20:47 -0600,6296be5c57fbf8f39f0ff29304a5144d0142cf4f,TX,48377,2,2022-11-09T01:00:00.000Z,FIPSCode,48377,0,2022-11-13T10:18:52.108Z,8,98.98,8,100,62962,1025,61.97,62492,550,33.25,63492,79,4.78,1671,99,1654,4047,8,8
1668334887,2022-11-13 04:21:27 -0600,dcd81c716a922d848818f03c13ae8213e54c1cb7,TX,48377,2,2022-11-09T01:00:00.000Z,FIPSCode,48377,0,2022-11-13T10:20:37.164Z,8,98.98,8,100,62962,1025,61.97,62492,550,33.25,63492,79,4.78,1671,99,1654,4047,8,8
1668334926,2022-11-13 04:22:06 -0600,2457837e3e62bcc4fdb62a08c49752200374a038,TX,48377,2,2022-11-09T01:00:00.000Z,FIPSCode,48377,0,2022-11-13T10:21:37.636Z,8,98.98,8,100,62962,1025,61.97,62492,550,33.25,63492,79,4.78,1671,99,1654,4047,8,8
1668334966,2022-11-13 04:22:46 -0600,f1a60a340dc265e923340fb1172f3f7ab59f246e,TX,48377,2,2022-11-09T01:00:00.000Z,FIPSCode,48377,0,2022-11-13T10:22:18.611Z,8,98.98,8,100,62962,1025,61.97,62492,550,33.25,63492,79,4.78,1671,99,1654,4047,8,8
1668335046,2022-11-13 04:24:06 -0600,890185c199ae4b90f626668671d4701610202567,TX,48377,2,2022-11-09T01:00:00.000Z,FIPSCode,48377,0,2022-11-13T10:22:18.611Z,8,98.98,8,100,62962,1025,61.97,62492,550,33.25,63492,79,4.78,1671,99,1654,4047,8,8
1668335087,2022-11-13 04:24:47 -0600,5fd6d715aca7b7387b3c4848fb4535db20892954,TX,48377,2,2022-11-09T01:00:00.000Z,FIPSCode,48377,0,2022-11-13T10:22:18.611Z,8,98.98,8,100,62962,1025,61.97,62492,550,33.25,63492,79,4.78,1671,99,1654,4047,8,8
1668335126,2022-11-13 04:25:26 -0600,310e51afbe708a795cf01916292fa87031dbd1f8,TX,48377,2,2022-11-09T01:00:00.000Z,FIPSCode,48377,0,2022-11-13T10:22:18.611Z,8,98.98,8,100,62962,1025,61.97,62492,550,33.25,63492,79,4.78,1671,99,1654,4047,8,8
1668335169,2022-11-13 04:26:09 -0600,f75c94949c1d64515c7e72ac8820a1c5eb1079cc,TX,48377,2,2022-11-09T01:00:00.000Z,FIPSCode,48377,0,2022-11-13T10:22:18.611Z,8,98.98,8,100,62962,1025,61.97,62492,550,33.25,63492,79,4.78,1671,99,1654,4047,8,8
1668335208,2022-11-13 04:26:48 -0600,5f9d64b4c9a2ff3cd4bdc8b19e136d41528cec66,TX,48377,2,2022-11-09T01:00:00.000Z,FIPSCode,48377,0,2022-11-13T10:22:18.611Z,8,98.98,8,100,62962,1025,61.97,62492,550,33.25,63492,79,4.78,1671,99,1654,4047,8,8
1668335247,2022-11-13 04:27:27 -0600,861290d5852a3d95ff1bcbb99b554e7368e1a527,TX,48377,2,2022-11-09T01:00:00.000Z,FIPSCode,48377,0,2022-11-13T10:22:18.611Z,8,98.98,8,100,62962,1025,61.97,62492,550,33.25,63492,79,4.78,1671,99,1654,4047,8,8
1668335286,2022-11-13 04:28:06 -0600,91abee9a4506ae34619f8afa5347bb39e89764bf,TX,48377,2,2022-11-09T01:00:00.000Z,FIPSCode,48377,0,2022-11-13T10:22:18.611Z,8,98.98,8,100,62962,1025,61.97,62492,550,33.25,63492,79,4.78,1671,99,1654,4047,8,8
1668335326,2022-11-13 04:28:46 -0600,f17b17ee863ce260912c4f645c879f1bb2f7be3a,TX,48377,2,2022-11-09T01:00:00.000Z,FIPSCode,48377,0,2022-11-13T10:22:18.611Z,8,98.98,8,100,62962,1025,61.97,62492,550,33.25,63492,79,4.78,1671,99,1654,4047,8,8
1668335366,2022-11-13 04:29:26 -0600,9d257e371f331bde6a5af7f77d7492fb4e4ad167,TX,48377,2,2022-11-09T01:00:00.000Z,FIPSCode,48377,0,2022-11-13T10:22:18.611Z,8,98.98,8,100,62962,1025,61.97,62492,550,33.25,63492,79,4.78,1671,99,1654,4047,8,8
1668335406,2022-11-13 04:30:06 -0600,5f88ffe2d48ab0d011d274249f4b85b271b42fbc,TX,48377,2,2022-11-09T01:00:00.000Z,FIPSCode,48377,0,2022-11-13T10:22:18.611Z,8,98.98,8,100,62962,1025,61.97,62492,550,33.25,63492,79,4.78,1671,99,1654,4047,8,8
1668335446,2022-11-13 04:30:46 -0600,7e762478ff2cbb931a80e8a1832008de797cf9c1,TX,48377,2,2022-11-09T01:00:00.000Z,FIPSCode,48377,0,2022-11-13T10:22:18.611Z,8,98.98,8,100,62962,1025,61.97,62492,550,33.25,63492,79,4.78,1671,99,1654,4047,8,8
1668335485,2022-11-13 04:31:25 -0600,daf2ef9df80053f7d9b190303158972934279bcc,TX,48377,2,2022-11-09T01:00:00.000Z,FIPSCode,48377,0,2022-11-13T10:22:18.611Z,8,98.98,8,100,62962,1025,61.97,62492,550,33.25,63492,79,4.78,1671,99,1654,4047,8,8
1668335524,2022-11-13 04:32:04 -0600,a4b72054062773e4ecbf682a483747cafc45abfe,TX,48377,2,2022-11-09T01:00:00.000Z,FIPSCode,48377,0,2022-11-13T10:22:18.611Z,8,98.98,8,100,62962,1025,61.97,62492,550,33.25,63492,79,4.78,1671,99,1654,4047,8,8
1668335566,2022-11-13 04:32:46 -0600,0a9bfdc960f339507bf2168155091c96b6be562a,TX,48377,2,2022-11-09T01:00:00.000Z,FIPSCode,48377,0,2022-11-13T10:22:18.611Z,8,98.98,8,100,62962,1025,61.97,62492,550,33.25,63492,79,4.78,1671,99,1654,4047,8,8
1668335605,2022-11-13 04:33:25 -0600,c16ff8683877349944b538eed698e366912ff1e5,TX,48377,2,2022-11-09T01:00:00.000Z,FIPSCode,48377,0,2022-11-13T10:32:35.381Z,8,98.98,8,100,62962,1025,61.97,62492,550,33.25,63492,79,4.78,1671,99,1654,4047,8,8
1668335645,2022-11-13 04:34:05 -0600,22191f0105de8b220404dec600c72cbfe164be3a,TX,48377,2,2022-11-09T01:00:00.000Z,FIPSCode,48377,0,2022-11-13T10:33:37.357Z,8,98.98,8,100,62962,1025,61.97,62492,550,33.25,63492,79,4.78,1671,99,1654,4047,8,8
1668335684,2022-11-13 04:34:44 -0600,806aada7757e8e87342dfb8fa0da6f0e40d44ff4,TX,48377,2,2022-11-09T01:00:00.000Z,FIPSCode,48377,0,2022-11-13T10:33:37.357Z,8,98.98,8,100,62962,1025,61.97,62492,550,33.25,63492,79,4.78,1671,99,1654,4047,8,8
1668335725,2022-11-13 04:35:25 -0600,a27ccc4fe617521619f8e127229eb43143a0d891,TX,48377,2,2022-11-09T01:00:00.000Z,FIPSCode,48377,0,2022-11-13T10:33:37.357Z,8,98.98,8,100,62962,1025,61.97,62492,550,33.25,63492,79,4.78,1671,99,1654,4047,8,8
1668335764,2022-11-13 04:36:04 -0600,b56578c1113cf3fdf1d22f61c34763aeffaa6ba5,TX,48377,2,2022-11-09T01:00:00.000Z,FIPSCode,48377,0,2022-11-13T10:33:37.357Z,8,98.98,8,100,62962,1025,61.97,62492,550,33.25,63492,79,4.78,1671,99,1654,4047,8,8
1668335804,2022-11-13 04:36:44 -0600,e1d17c8cbe10636089122581975c84e0845ffec3,TX,48377,2,2022-11-09T01:00:00.000Z,FIPSCode,48377,0,2022-11-13T10:36:15.505Z,8,98.98,8,100,62962,1025,61.97,62492,550,33.25,63492,79,4.78,1671,99,1654,4047,8,8
1668335843,2022-11-13 04:37:23 -0600,8ed872fb28413278eadda45a30db031622d5c26e,TX,48377,2,2022-11-09T01:00:00.000Z,FIPSCode,48377,0,2022-11-13T10:36:15.505Z,8,98.98,8,100,62962,1025,61.97,62492,550,33.25,63492,79,4.78,1671,99,1654,4047,8,8
1668335883,2022-11-13 04:38:03 -0600,6d180c036ec08d32c1e8c5af3fb2bc7239d549f5,TX,48377,2,2022-11-09T01:00:00.000Z,FIPSCode,48377,0,2022-11-13T10:37:16.348Z,8,98.98,8,100,62962,1025,61.97,62492,550,33.25,63492,79,4.78,1671,99,1654,4047,8,8
1668336040,2022-11-13 04:40:40 -0600,65375ddd7ea938680fa91a3737fdf715f123e77b,TX,48377,2,2022-11-09T01:00:00.000Z,FIPSCode,48377,0,2022-11-13T10:38:15.643Z,8,98.98,8,100,62962,1025,61.97,62492,550,33.25,63492,79,4.78,1671,99,1654,4047,8,8
1668336121,2022-11-13 04:42:01 -0600,94c1635056c59a171e90379f142ae9ed42cd2386,TX,48377,2,2022-11-09T01:00:00.000Z,FIPSCode,48377,0,2022-11-13T10:38:15.643Z,8,98.98,8,100,62962,1025,61.97,62492,550,33.25,63492,79,4.78,1671,99,1654,4047,8,8
1668336200,2022-11-13 04:43:20 -0600,e9c24dbc916225a7a8573e62baeee85ddee8d458,TX,48377,2,2022-11-09T01:00:00.000Z,FIPSCode,48377,0,2022-11-13T10:38:15.643Z,8,98.98,8,100,62962,1025,61.97,62492,550,33.25,63492,79,4.78,1671,99,1654,4047,8,8
1668336239,2022-11-13 04:43:59 -0600,0bca49427b374af9e390a1db3ac4878ce7c37b68,TX,48377,2,2022-11-09T01:00:00.000Z,FIPSCode,48377,0,2022-11-13T10:38:15.643Z,8,98.98,8,100,62962,1025,61.97,62492,550,33.25,63492,79,4.78,1671,99,1654,4047,8,8
1668336280,2022-11-13 04:44:40 -0600,4ee6738b0742a942144585f7c178be8c01eafc86,TX,48377,2,2022-11-09T01:00:00.000Z,FIPSCode,48377,0,2022-11-13T10:38:15.643Z,8,98.98,8,100,62962,1025,61.97,62492,550,33.25,63492,79,4.78,1671,99,1654,4047,8,8
1668336319,2022-11-13 04:45:19 -0600,6b110d8645b75f2a13572505209bab54ff9a8c88,TX,48377,2,2022-11-09T01:00:00.000Z,FIPSCode,48377,0,2022-11-13T10:38:15.643Z,8,98.98,8,100,62962,1025,61.97,62492,550,33.25,63492,79,4.78,1671,99,1654,4047,8,8
1668336360,2022-11-13 04:46:00 -0600,99edb845e88695d42718096e80aadaf00e92adf9,TX,48377,2,2022-11-09T01:00:00.000Z,FIPSCode,48377,0,2022-11-13T10:38:15.643Z,8,98.98,8,100,62962,1025,61.97,62492,550,33.25,63492,79,4.78,1671,99,1654,4047,8,8
1668336400,2022-11-13 04:46:40 -0600,542fb45a944886a97662d57d7c8fba62a407f340,TX,48377,2,2022-11-09T01:00:00.000Z,FIPSCode,48377,0,2022-11-13T10:38:15.643Z,8,98.98,8,100,62962,1025,61.97,62492,550,33.25,63492,79,4.78,1671,99,1654,4047,8,8
1668336440,2022-11-13 04:47:20 -0600,4d4d0d82d08ee6821f4c3c88a21b0f398e4cbc05,TX,48377,2,2022-11-09T01:00:00.000Z,FIPSCode,48377,0,2022-11-13T10:38:15.643Z,8,98.98,8,100,62962,1025,61.97,62492,550,33.25,63492,79,4.78,1671,99,1654,4047,8,8
1668336481,2022-11-13 04:48:01 -0600,b3066d52c6ed2fa39fbd0f35a4d547856b2217b3,TX,48377,2,2022-11-09T01:00:00.000Z,FIPSCode,48377,0,2022-11-13T10:38:15.643Z,8,98.98,8,100,62962,1025,61.97,62492,550,33.25,63492,79,4.78,1671,99,1654,4047,8,8
1668336521,2022-11-13 04:48:41 -0600,42ac44f1a430e144522522a089bbf955cbb8b1f0,TX,48377,2,2022-11-09T01:00:00.000Z,FIPSCode,48377,0,2022-11-13T10:38:15.643Z,8,98.98,8,100,62962,1025,61.97,62492,550,33.25,63492,79,4.78,1671,99,1654,4047,8,8
1668336561,2022-11-13 04:49:21 -0600,5e8e9b4e337321735ced389208e5589db8d33d74,TX,48377,2,2022-11-09T01:00:00.000Z,FIPSCode,48377,0,2022-11-13T10:38:15.643Z,8,98.98,8,100,62962,1025,61.97,62492,550,33.25,63492,79,4.78,1671,99,1654,4047,8,8
1668336600,2022-11-13 04:50:00 -0600,3fcdcbb827483a87eb932a6b978fd512206b22ae,TX,48377,2,2022-11-09T01:00:00.000Z,FIPSCode,48377,0,2022-11-13T10:38:15.643Z,8,98.98,8,100,62962,1025,61.97,62492,550,33.25,63492,79,4.78,1671,99,1654,4047,8,8
1668336640,2022-11-13 04:50:40 -0600,68de92b841781d769f9561e57817b92443dcc3f4,TX,48377,2,2022-11-09T01:00:00.000Z,FIPSCode,48377,0,2022-11-13T10:38:15.643Z,8,98.98,8,100,62962,1025,61.97,62492,550,33.25,63492,79,4.78,1671,99,1654,4047,8,8
1668336680,2022-11-13 04:51:20 -0600,f577a2d5fcd1c204961c0b6c58135e3a3f61cf43,TX,48377,2,2022-11-09T01:00:00.000Z,FIPSCode,48377,0,2022-11-13T10:38:15.643Z,8,98.98,8,100,62962,1025,61.97,62492,550,33.25,63492,79,4.78,1671,99,1654,4047,8,8
1668336719,2022-11-13 04:51:59 -0600,3e45c3444937753edb40db95d69bc1ce25f8495e,TX,48377,2,2022-11-09T01:00:00.000Z,FIPSCode,48377,0,2022-11-13T10:38:15.643Z,8,98.98,8,100,62962,1025,61.97,62492,550,33.25,63492,79,4.78,1671,99,1654,4047,8,8
1668336758,2022-11-13 04:52:38 -0600,09f4297079c89fa5703b3264501a1acb77441c54,TX,48377,2,2022-11-09T01:00:00.000Z,FIPSCode,48377,0,2022-11-13T10:38:15.643Z,8,98.98,8,100,62962,1025,61.97,62492,550,33.25,63492,79,4.78,1671,99,1654,4047,8,8
1668336797,2022-11-13 04:53:17 -0600,3e35e46e9b6ac7de1fd383f88338ce9602a13266,TX,48377,2,2022-11-09T01:00:00.000Z,FIPSCode,48377,0,2022-11-13T10:38:15.643Z,8,98.98,8,100,62962,1025,61.97,62492,550,33.25,63492,79,4.78,1671,99,1654,4047,8,8
1668336837,2022-11-13 04:53:57 -0600,c10f60b2bad51a1ac307c9ff387f165f1fe0ffaa,TX,48377,2,2022-11-09T01:00:00.000Z,FIPSCode,48377,0,2022-11-13T10:38:15.643Z,8,98.98,8,100,62962,1025,61.97,62492,550,33.25,63492,79,4.78,1671,99,1654,4047,8,8
1668336876,2022-11-13 04:54:36 -0600,23ad6435ab23872dc23f66685b36183163f971f1,TX,48377,2,2022-11-09T01:00:00.000Z,FIPSCode,48377,0,2022-11-13T10:38:15.643Z,8,98.98,8,100,62962,1025,61.97,62492,550,33.25,63492,79,4.78,1671,99,1654,4047,8,8
1668336955,2022-11-13 04:55:55 -0600,9558fbd77f9e60d50f318c949171b8139d864e6f,TX,48377,2,2022-11-09T01:00:00.000Z,FIPSCode,48377,0,2022-11-13T10:38:15.643Z,8,98.98,8,100,62962,1025,61.97,62492,550,33.25,63492,79,4.78,1671,99,1654,4047,8,8
1668337035,2022-11-13 04:57:15 -0600,c4e5e2d0963598efdb2bb95297d2de4524430030,TX,48377,2,2022-11-09T01:00:00.000Z,FIPSCode,48377,0,2022-11-13T10:38:15.643Z,8,98.98,8,100,62962,1025,61.97,62492,550,33.25,63492,79,4.78,1671,99,1654,4047,8,8
1668337308,2022-11-13 05:01:48 -0600,b51888c88d6117158569bdb46bd913a7dba39d5f,TX,48377,2,2022-11-09T01:00:00.000Z,FIPSCode,48377,0,2022-11-13T10:38:15.643Z,8,98.98,8,100,62962,1025,61.97,62492,550,33.25,63492,79,4.78,1671,99,1654,4047,8,8
1668337349,2022-11-13 05:02:29 -0600,5cbdc42d0695a1957eed69441cfdb8ba8caf52bf,TX,48377,2,2022-11-09T01:00:00.000Z,FIPSCode,48377,0,2022-11-13T10:38:15.643Z,8,98.98,8,100,62962,1025,61.97,62492,550,33.25,63492,79,4.78,1671,99,1654,4047,8,8
1668337388,2022-11-13 05:03:08 -0600,72e365bf62c272bc005604ce7e043d6e91e3ca74,TX,48377,2,2022-11-09T01:00:00.000Z,FIPSCode,48377,0,2022-11-13T10:38:15.643Z,8,98.98,8,100,62962,1025,61.97,62492,550,33.25,63492,79,4.78,1671,99,1654,4047,8,8
1668337467,2022-11-13 05:04:27 -0600,a3a97b0267c6e9fb801470861e8fad14bbc483cb,TX,48377,2,2022-11-09T01:00:00.000Z,FIPSCode,48377,0,2022-11-13T10:38:15.643Z,8,98.98,8,100,62962,1025,61.97,62492,550,33.25,63492,79,4.78,1671,99,1654,4047,8,8
1668337506,2022-11-13 05:05:06 -0600,d86e7b0485d956d128316ae8714e5535d84ec5b1,TX,48377,2,2022-11-09T01:00:00.000Z,FIPSCode,48377,0,2022-11-13T10:38:15.643Z,8,98.98,8,100,62962,1025,61.97,62492,550,33.25,63492,79,4.78,1671,99,1654,4047,8,8
1668337546,2022-11-13 05:05:46 -0600,bfdee206871586534674dab54c212c24d419920a,TX,48377,2,2022-11-09T01:00:00.000Z,FIPSCode,48377,0,2022-11-13T10:38:15.643Z,8,98.98,8,100,62962,1025,61.97,62492,550,33.25,63492,79,4.78,1671,99,1654,4047,8,8
1668337585,2022-11-13 05:06:25 -0600,6507323fe84663c19753afb198064f9a0794144f,TX,48377,2,2022-11-09T01:00:00.000Z,FIPSCode,48377,0,2022-11-13T10:38:15.643Z,8,98.98,8,100,62962,1025,61.97,62492,550,33.25,63492,79,4.78,1671,99,1654,4047,8,8
1668337624,2022-11-13 05:07:04 -0600,04ceee1b4c99e04c8fa487245bf6dff3d010279f,TX,48377,2,2022-11-09T01:00:00.000Z,FIPSCode,48377,0,2022-11-13T10:38:15.643Z,8,98.98,8,100,62962,1025,61.97,62492,550,33.25,63492,79,4.78,1671,99,1654,4047,8,8
1668337664,2022-11-13 05:07:44 -0600,66e0b63c02c06adfa121804130d12e29fc6f085c,TX,48377,2,2022-11-09T01:00:00.000Z,FIPSCode,48377,0,2022-11-13T10:38:15.643Z,8,98.98,8,100,62962,1025,61.97,62492,550,33.25,63492,79,4.78,1671,99,1654,4047,8,8
1668337704,2022-11-13 05:08:24 -0600,d88fe0678037c2687608d6637c409c8ca0c817da,TX,48377,2,2022-11-09T01:00:00.000Z,FIPSCode,48377,0,2022-11-13T10:38:15.643Z,8,98.98,8,100,62962,1025,61.97,62492,550,33.25,63492,79,4.78,1671,99,1654,4047,8,8
1668337744,2022-11-13 05:09:04 -0600,2b61aa8c3caca823b902fba972954d9ef73976fd,TX,48377,2,2022-11-09T01:00:00.000Z,FIPSCode,48377,0,2022-11-13T10:38:15.643Z,8,98.98,8,100,62962,1025,61.97,62492,550,33.25,63492,79,4.78,1671,99,1654,4047,8,8
1668337784,2022-11-13 05:09:44 -0600,5b61a17de73eb1224cfffbb5151e0880f5a4a5c1,TX,48377,2,2022-11-09T01:00:00.000Z,FIPSCode,48377,0,2022-11-13T10:38:15.643Z,8,98.98,8,100,62962,1025,61.97,62492,550,33.25,63492,79,4.78,1671,99,1654,4047,8,8
1668337824,2022-11-13 05:10:24 -0600,f55c84b257ba6c595eb3f1c11cf0cb31957f4add,TX,48377,2,2022-11-09T01:00:00.000Z,FIPSCode,48377,0,2022-11-13T10:38:15.643Z,8,98.98,8,100,62962,1025,61.97,62492,550,33.25,63492,79,4.78,1671,99,1654,4047,8,8
1668337864,2022-11-13 05:11:04 -0600,4e478b1b034ef2d867fc986d167476978f802c70,TX,48377,2,2022-11-09T01:00:00.000Z,FIPSCode,48377,0,2022-11-13T10:38:15.643Z,8,98.98,8,100,62962,1025,61.97,62492,550,33.25,63492,79,4.78,1671,99,1654,4047,8,8
1668337905,2022-11-13 05:11:45 -0600,61800ad27cf1b4e6f31289ef2a2b85b7c4a9df89,TX,48377,2,2022-11-09T01:00:00.000Z,FIPSCode,48377,0,2022-11-13T10:38:15.643Z,8,98.98,8,100,62962,1025,61.97,62492,550,33.25,63492,79,4.78,1671,99,1654,4047,8,8
1668337946,2022-11-13 05:12:26 -0600,586af8b48d8f1dea2e394b4a68512129a1323b80,TX,48377,2,2022-11-09T01:00:00.000Z,FIPSCode,48377,0,2022-11-13T10:38:15.643Z,8,98.98,8,100,62962,1025,61.97,62492,550,33.25,63492,79,4.78,1671,99,1654,4047,8,8
1668337986,2022-11-13 05:13:06 -0600,731d774e11a1b1823f54285b3e2a4dcaa1ef1247,TX,48377,2,2022-11-09T01:00:00.000Z,FIPSCode,48377,0,2022-11-13T10:38:15.643Z,8,98.98,8,100,62962,1025,61.97,62492,550,33.25,63492,79,4.78,1671,99,1654,4047,8,8
1668338026,2022-11-13 05:13:46 -0600,b9a7117f81a7b4f1992da0735f9d3fa337dc6af9,TX,48377,2,2022-11-09T01:00:00.000Z,FIPSCode,48377,0,2022-11-13T10:38:15.643Z,8,98.98,8,100,62962,1025,61.97,62492,550,33.25,63492,79,4.78,1671,99,1654,4047,8,8
1668338066,2022-11-13 05:14:26 -0600,a1e22dd6086e43b127810c78b7559e13c5e22ab9,TX,48377,2,2022-11-09T01:00:00.000Z,FIPSCode,48377,0,2022-11-13T10:38:15.643Z,8,98.98,8,100,62962,1025,61.97,62492,550,33.25,63492,79,4.78,1671,99,1654,4047,8,8
1668338106,2022-11-13 05:15:06 -0600,fd06123c1a2e0af19b97d5134bf82803dccf02c3,TX,48377,2,2022-11-09T01:00:00.000Z,FIPSCode,48377,0,2022-11-13T10:38:15.643Z,8,98.98,8,100,62962,1025,61.97,62492,550,33.25,63492,79,4.78,1671,99,1654,4047,8,8
1668338149,2022-11-13 05:15:49 -0600,ccc09e95fb8be8ddc22feec5a98a4f0c2ab34b1b,TX,48377,2,2022-11-09T01:00:00.000Z,FIPSCode,48377,0,2022-11-13T10:38:15.643Z,8,98.98,8,100,62962,1025,61.97,62492,550,33.25,63492,79,4.78,1671,99,1654,4047,8,8
1668338231,2022-11-13 05:17:11 -0600,0c8fb80f2b7d3fb8dd9c4d53d0dd7886b1390772,TX,48377,2,2022-11-09T01:00:00.000Z,FIPSCode,48377,0,2022-11-13T10:38:15.643Z,8,98.98,8,100,62962,1025,61.97,62492,550,33.25,63492,79,4.78,1671,99,1654,4047,8,8
1668338272,2022-11-13 05:17:52 -0600,3aa36f479d6580b063098c0b5037e0f0b3944de3,TX,48377,2,2022-11-09T01:00:00.000Z,FIPSCode,48377,0,2022-11-13T10:38:15.643Z,8,98.98,8,100,62962,1025,61.97,62492,550,33.25,63492,79,4.78,1671,99,1654,4047,8,8
1668338319,2022-11-13 05:18:39 -0600,c02929014cf7f0b26c0cf1631d7475f9aae16c6c,TX,48377,2,2022-11-09T01:00:00.000Z,FIPSCode,48377,0,2022-11-13T10:38:15.643Z,8,98.98,8,100,62962,1025,61.97,62492,550,33.25,63492,79,4.78,1671,99,1654,4047,8,8
1668338359,2022-11-13 05:19:19 -0600,5b636471778c88430f7b0b86782d43b717275dea,TX,48377,2,2022-11-09T01:00:00.000Z,FIPSCode,48377,0,2022-11-13T10:38:15.643Z,8,98.98,8,100,62962,1025,61.97,62492,550,33.25,63492,79,4.78,1671,99,1654,4047,8,8
1668338397,2022-11-13 05:19:57 -0600,5fc5162dc27df2b474b1e87dfa2697131eccbc95,TX,48377,2,2022-11-09T01:00:00.000Z,FIPSCode,48377,0,2022-11-13T10:38:15.643Z,8,98.98,8,100,62962,1025,61.97,62492,550,33.25,63492,79,4.78,1671,99,1654,4047,8,8
1668338438,2022-11-13 05:20:38 -0600,7997032a4eef76dbf7bbf6f049ee1b7de2b52e1c,TX,48377,2,2022-11-09T01:00:00.000Z,FIPSCode,48377,0,2022-11-13T10:38:15.643Z,8,98.98,8,100,62962,1025,61.97,62492,550,33.25,63492,79,4.78,1671,99,1654,4047,8,8
1668338477,2022-11-13 05:21:17 -0600,4e70d8aecc413ebff07b88fb998c44bb3719688d,TX,48377,2,2022-11-09T01:00:00.000Z,FIPSCode,48377,0,2022-11-13T10:38:15.643Z,8,98.98,8,100,62962,1025,61.97,62492,550,33.25,63492,79,4.78,1671,99,1654,4047,8,8
1668338517,2022-11-13 05:21:57 -0600,187a329149ddcee2e656978acaa393df38201cf5,TX,48377,2,2022-11-09T01:00:00.000Z,FIPSCode,48377,0,2022-11-13T10:38:15.643Z,8,98.98,8,100,62962,1025,61.97,62492,550,33.25,63492,79,4.78,1671,99,1654,4047,8,8
1668338601,2022-11-13 05:23:21 -0600,637d860518508419b7e0bd04b89c4342b74f6cc2,TX,48377,2,2022-11-09T01:00:00.000Z,FIPSCode,48377,0,2022-11-13T10:38:15.643Z,8,98.98,8,100,62962,1025,61.97,62492,550,33.25,63492,79,4.78,1671,99,1654,4047,8,8
1668338640,2022-11-13 05:24:00 -0600,2e4106e361c073c2171a60a1e53a0b50bcc83d53,TX,48377,2,2022-11-09T01:00:00.000Z,FIPSCode,48377,0,2022-11-13T10:38:15.643Z,8,98.98,8,100,62962,1025,61.97,62492,550,33.25,63492,79,4.78,1671,99,1654,4047,8,8
1668338719,2022-11-13 05:25:19 -0600,5a2493eb7e922d813b22a1260bcf1627ef0af1b5,TX,48377,2,2022-11-09T01:00:00.000Z,FIPSCode,48377,0,2022-11-13T10:38:15.643Z,8,98.98,8,100,62962,1025,61.97,62492,550,33.25,63492,79,4.78,1671,99,1654,4047,8,8
1668338759,2022-11-13 05:25:59 -0600,ecb8a7ec0dad8114336c248511dbcd136d88bd61,TX,48377,2,2022-11-09T01:00:00.000Z,FIPSCode,48377,0,2022-11-13T10:38:15.643Z,8,98.98,8,100,62962,1025,61.97,62492,550,33.25,63492,79,4.78,1671,99,1654,4047,8,8
1668338799,2022-11-13 05:26:39 -0600,13b1bda85ee0b91ea2126c77d30b4992514a5a36,TX,48377,2,2022-11-09T01:00:00.000Z,FIPSCode,48377,0,2022-11-13T10:38:15.643Z,8,98.98,8,100,62962,1025,61.97,62492,550,33.25,63492,79,4.78,1671,99,1654,4047,8,8
1668338838,2022-11-13 05:27:18 -0600,fa854a3efc4f6c2521610ebf3b115326b682a6dd,TX,48377,2,2022-11-09T01:00:00.000Z,FIPSCode,48377,0,2022-11-13T10:38:15.643Z,8,98.98,8,100,62962,1025,61.97,62492,550,33.25,63492,79,4.78,1671,99,1654,4047,8,8
1668338876,2022-11-13 05:27:56 -0600,e38e12ee265f68ff20a7dc7880674fd4bfbbfb46,TX,48377,2,2022-11-09T01:00:00.000Z,FIPSCode,48377,0,2022-11-13T10:38:15.643Z,8,98.98,8,100,62962,1025,61.97,62492,550,33.25,63492,79,4.78,1671,99,1654,4047,8,8
1668338915,2022-11-13 05:28:35 -0600,18f015bfe77072b7ed728d0f7e8c5b7fda8e2d59,TX,48377,2,2022-11-09T01:00:00.000Z,FIPSCode,48377,0,2022-11-13T10:38:15.643Z,8,98.98,8,100,62962,1025,61.97,62492,550,33.25,63492,79,4.78,1671,99,1654,4047,8,8
1668338954,2022-11-13 05:29:14 -0600,fc927800565c2bd5d5f09f5061a82e801f57b483,TX,48377,2,2022-11-09T01:00:00.000Z,FIPSCode,48377,0,2022-11-13T10:38:15.643Z,8,98.98,8,100,62962,1025,61.97,62492,550,33.25,63492,79,4.78,1671,99,1654,4047,8,8
1668338993,2022-11-13 05:29:53 -0600,0804f484a2a3ffc2769ce339a23cf4a7dea31eca,TX,48377,2,2022-11-09T01:00:00.000Z,FIPSCode,48377,0,2022-11-13T10:38:15.643Z,8,98.98,8,100,62962,1025,61.97,62492,550,33.25,63492,79,4.78,1671,99,1654,4047,8,8
1668339032,2022-11-13 05:30:32 -0600,9e46e3719c3b9633aee66f870d12c39384025361,TX,48377,2,2022-11-09T01:00:00.000Z,FIPSCode,48377,0,2022-11-13T10:38:15.643Z,8,98.98,8,100,62962,1025,61.97,62492,550,33.25,63492,79,4.78,1671,99,1654,4047,8,8
1668339076,2022-11-13 05:31:16 -0600,9df73c77f1423129cf79852aa0d79502b99b6b24,TX,48377,2,2022-11-09T01:00:00.000Z,FIPSCode,48377,0,2022-11-13T10:38:15.643Z,8,98.98,8,100,62962,1025,61.97,62492,550,33.25,63492,79,4.78,1671,99,1654,4047,8,8
1668339115,2022-11-13 05:31:55 -0600,c1350a53a0c0deec5f2a6ffade35962f087b5a5f,TX,48377,2,2022-11-09T01:00:00.000Z,FIPSCode,48377,0,2022-11-13T10:38:15.643Z,8,98.98,8,100,62962,1025,61.97,62492,550,33.25,63492,79,4.78,1671,99,1654,4047,8,8
1668339194,2022-11-13 05:33:14 -0600,5799cb99c5ba93cc363ae3fee1e0962e57e48744,TX,48377,2,2022-11-09T01:00:00.000Z,FIPSCode,48377,0,2022-11-13T10:38:15.643Z,8,98.98,8,100,62962,1025,61.97,62492,550,33.25,63492,79,4.78,1671,99,1654,4047,8,8
1668339234,2022-11-13 05:33:54 -0600,bede5a835959c5ec30181efa7978c4c71366b8bf,TX,48377,2,2022-11-09T01:00:00.000Z,FIPSCode,48377,0,2022-11-13T10:38:15.643Z,8,98.98,8,100,62962,1025,61.97,62492,550,33.25,63492,79,4.78,1671,99,1654,4047,8,8
1668339275,2022-11-13 05:34:35 -0600,869fda6c62ae8fb238a496df828c836467428835,TX,48377,2,2022-11-09T01:00:00.000Z,FIPSCode,48377,0,2022-11-13T10:38:15.643Z,8,98.98,8,100,62962,1025,61.97,62492,550,33.25,63492,79,4.78,1671,99,1654,4047,8,8
1668339397,2022-11-13 05:36:37 -0600,bbe19b9d69fb58070ed9cee750db2d9c973b8e92,TX,48377,2,2022-11-09T01:00:00.000Z,FIPSCode,48377,0,2022-11-13T11:36:16.906Z,8,98.98,8,100,62962,1025,61.97,62492,550,33.25,63492,79,4.78,1671,99,1654,4047,8,8
1668339438,2022-11-13 05:37:18 -0600,f963e469065e0f8124c52edfc2c0fe5b9dc3c89f,TX,48377,2,2022-11-09T01:00:00.000Z,FIPSCode,48377,0,2022-11-13T11:36:16.906Z,8,98.98,8,100,62962,1025,61.97,62492,550,33.25,63492,79,4.78,1671,99,1654,4047,8,8
1668339478,2022-11-13 05:37:58 -0600,d965515ec397814b7883e0bc9ebc48934047c399,TX,48377,2,2022-11-09T01:00:00.000Z,FIPSCode,48377,0,2022-11-13T11:37:17.139Z,8,98.98,8,100,62962,1025,61.97,62492,550,33.25,63492,79,4.78,1671,99,1654,4047,8,8
1668339517,2022-11-13 05:38:37 -0600,b5628c711987b697ce1b25ca58467834a851c9da,TX,48377,2,2022-11-09T01:00:00.000Z,FIPSCode,48377,0,2022-11-13T11:37:17.139Z,8,98.98,8,100,62962,1025,61.97,62492,550,33.25,63492,79,4.78,1671,99,1654,4047,8,8
1668339556,2022-11-13 05:39:16 -0600,ff858b06fd4596480ed85c0485137f5ac9f6bd6c,TX,48377,2,2022-11-09T01:00:00.000Z,FIPSCode,48377,0,2022-11-13T11:37:17.139Z,8,98.98,8,100,62962,1025,61.97,62492,550,33.25,63492,79,4.78,1671,99,1654,4047,8,8
1668339596,2022-11-13 05:39:56 -0600,ff953897641921033d8efc2e5e68cebd65ae4fff,TX,48377,2,2022-11-09T01:00:00.000Z,FIPSCode,48377,0,2022-11-13T11:39:35.747Z,8,98.98,8,100,62962,1025,61.97,62492,550,33.25,63492,79,4.78,1671,99,1654,4047,8,8
1668339676,2022-11-13 05:41:16 -0600,46cf03c4d6247b257defddf71de49fdebe86137e,TX,48377,2,2022-11-09T01:00:00.000Z,FIPSCode,48377,0,2022-11-13T11:40:15.768Z,8,98.98,8,100,62962,1025,61.97,62492,550,33.25,63492,79,4.78,1671,99,1654,4047,8,8
1668339715,2022-11-13 05:41:55 -0600,da018f8cfb39a4fe59205789ae2dbd97b8075252,TX,48377,2,2022-11-09T01:00:00.000Z,FIPSCode,48377,0,2022-11-13T11:41:17.004Z,8,98.98,8,100,62962,1025,61.97,62492,550,33.25,63492,79,4.78,1671,99,1654,4047,8,8
1668339754,2022-11-13 05:42:34 -0600,45dd80a4db17fabfc18215f6a8e97cdb0d986d39,TX,48377,2,2022-11-09T01:00:00.000Z,FIPSCode,48377,0,2022-11-13T11:42:17.715Z,8,98.98,8,100,62962,1025,61.97,62492,550,33.25,63492,79,4.78,1671,99,1654,4047,8,8
1668339794,2022-11-13 05:43:14 -0600,93b3d717196686094ff15ba23faec65c0a0a00f1,TX,48377,2,2022-11-09T01:00:00.000Z,FIPSCode,48377,0,2022-11-13T11:42:17.715Z,8,98.98,8,100,62962,1025,61.97,62492,550,33.25,63492,79,4.78,1671,99,1654,4047,8,8
1668339832,2022-11-13 05:43:52 -0600,f0c55018c4071e01597d73591da65bf5066ae99f,TX,48377,2,2022-11-09T01:00:00.000Z,FIPSCode,48377,0,2022-11-13T11:42:17.715Z,8,98.98,8,100,62962,1025,61.97,62492,550,33.25,63492,79,4.78,1671,99,1654,4047,8,8
1668339872,2022-11-13 05:44:32 -0600,ccdf3b75e9d39d6636a00d312e2a706244ac38df,TX,48377,2,2022-11-09T01:00:00.000Z,FIPSCode,48377,0,2022-11-13T11:42:17.715Z,8,98.98,8,100,62962,1025,61.97,62492,550,33.25,63492,79,4.78,1671,99,1654,4047,8,8
1668339911,2022-11-13 05:45:11 -0600,7926d1344d7fb7eb1cdda743511427ae76f4cd4b,TX,48377,2,2022-11-09T01:00:00.000Z,FIPSCode,48377,0,2022-11-13T11:42:17.715Z,8,98.98,8,100,62962,1025,61.97,62492,550,33.25,63492,79,4.78,1671,99,1654,4047,8,8
1668339951,2022-11-13 05:45:51 -0600,f8a2630dc8b4c23bf7dc0f5966220e8885ef5cd5,TX,48377,2,2022-11-09T01:00:00.000Z,FIPSCode,48377,0,2022-11-13T11:42:17.715Z,8,98.98,8,100,62962,1025,61.97,62492,550,33.25,63492,79,4.78,1671,99,1654,4047,8,8
1668339991,2022-11-13 05:46:31 -0600,ef2fb53ae797ad97ed4d452acbe1a978aea64064,TX,48377,2,2022-11-09T01:00:00.000Z,FIPSCode,48377,0,2022-11-13T11:42:17.715Z,8,98.98,8,100,62962,1025,61.97,62492,550,33.25,63492,79,4.78,1671,99,1654,4047,8,8
1668340030,2022-11-13 05:47:10 -0600,cfeb6b25a86acf25e86b9f9c97709ef354881575,TX,48377,2,2022-11-09T01:00:00.000Z,FIPSCode,48377,0,2022-11-13T11:42:17.715Z,8,98.98,8,100,62962,1025,61.97,62492,550,33.25,63492,79,4.78,1671,99,1654,4047,8,8
1668340069,2022-11-13 05:47:49 -0600,28b8a1ccb8b62d6709bbff982c459c5da0095b1f,TX,48377,2,2022-11-09T01:00:00.000Z,FIPSCode,48377,0,2022-11-13T11:42:17.715Z,8,98.98,8,100,62962,1025,61.97,62492,550,33.25,63492,79,4.78,1671,99,1654,4047,8,8
1668340109,2022-11-13 05:48:29 -0600,c4b33db7413aea17b5531ba461b34f76bebe4594,TX,48377,2,2022-11-09T01:00:00.000Z,FIPSCode,48377,0,2022-11-13T11:42:17.715Z,8,98.98,8,100,62962,1025,61.97,62492,550,33.25,63492,79,4.78,1671,99,1654,4047,8,8
1668340148,2022-11-13 05:49:08 -0600,eac8ba292971cb0d2cf50a12c44b284caf338ffc,TX,48377,2,2022-11-09T01:00:00.000Z,FIPSCode,48377,0,2022-11-13T11:42:17.715Z,8,98.98,8,100,62962,1025,61.97,62492,550,33.25,63492,79,4.78,1671,99,1654,4047,8,8
1668340187,2022-11-13 05:49:47 -0600,3805dbffe35043b148a7bc6735b01e43f6da1537,TX,48377,2,2022-11-09T01:00:00.000Z,FIPSCode,48377,0,2022-11-13T11:42:17.715Z,8,98.98,8,100,62962,1025,61.97,62492,550,33.25,63492,79,4.78,1671,99,1654,4047,8,8
1668340228,2022-11-13 05:50:28 -0600,92e026baeaa0ff6c96872f06f16312441c9b8856,TX,48377,2,2022-11-09T01:00:00.000Z,FIPSCode,48377,0,2022-11-13T11:42:17.715Z,8,98.98,8,100,62962,1025,61.97,62492,550,33.25,63492,79,4.78,1671,99,1654,4047,8,8
1668340268,2022-11-13 05:51:08 -0600,9266ea634f89b50dff0975ffdc617ba990e9eff3,TX,48377,2,2022-11-09T01:00:00.000Z,FIPSCode,48377,0,2022-11-13T11:42:17.715Z,8,98.98,8,100,62962,1025,61.97,62492,550,33.25,63492,79,4.78,1671,99,1654,4047,8,8
1668340310,2022-11-13 05:51:50 -0600,0b03689a50f0296b9df5ba0e575940ff9af2a2a8,TX,48377,2,2022-11-09T01:00:00.000Z,FIPSCode,48377,0,2022-11-13T11:42:17.715Z,8,98.98,8,100,62962,1025,61.97,62492,550,33.25,63492,79,4.78,1671,99,1654,4047,8,8
1668340391,2022-11-13 05:53:11 -0600,e25a540df037c7689cdabf239b765bd46a096e2f,TX,48377,2,2022-11-09T01:00:00.000Z,FIPSCode,48377,0,2022-11-13T11:42:17.715Z,8,98.98,8,100,62962,1025,61.97,62492,550,33.25,63492,79,4.78,1671,99,1654,4047,8,8
1668340431,2022-11-13 05:53:51 -0600,018aa8f3137f30c46f4a03ec05a4d90b598de570,TX,48377,2,2022-11-09T01:00:00.000Z,FIPSCode,48377,0,2022-11-13T11:42:17.715Z,8,98.98,8,100,62962,1025,61.97,62492,550,33.25,63492,79,4.78,1671,99,1654,4047,8,8
1668340471,2022-11-13 05:54:31 -0600,d828ca4256676d86cb27740ea4fcc02fbb56eaaa,TX,48377,2,2022-11-09T01:00:00.000Z,FIPSCode,48377,0,2022-11-13T11:42:17.715Z,8,98.98,8,100,62962,1025,61.97,62492,550,33.25,63492,79,4.78,1671,99,1654,4047,8,8
1668340512,2022-11-13 05:55:12 -0600,2081a3b290d9659e019e3298cda905f29b81a05c,TX,48377,2,2022-11-09T01:00:00.000Z,FIPSCode,48377,0,2022-11-13T11:42:17.715Z,8,98.98,8,100,62962,1025,61.97,62492,550,33.25,63492,79,4.78,1671,99,1654,4047,8,8
1668340553,2022-11-13 05:55:53 -0600,4758a340d66f5ed80d2fb6a5e98d1a6436750219,TX,48377,2,2022-11-09T01:00:00.000Z,FIPSCode,48377,0,2022-11-13T11:42:17.715Z,8,98.98,8,100,62962,1025,61.97,62492,550,33.25,63492,79,4.78,1671,99,1654,4047,8,8
1668340632,2022-11-13 05:57:12 -0600,372ec7ceeb2f10550d50383fd8bc52aced68fe90,TX,48377,2,2022-11-09T01:00:00.000Z,FIPSCode,48377,0,2022-11-13T11:42:17.715Z,8,98.98,8,100,62962,1025,61.97,62492,550,33.25,63492,79,4.78,1671,99,1654,4047,8,8
1668340672,2022-11-13 05:57:52 -0600,6becef7d1681e45c0b739527c53be53ccd61c2aa,TX,48377,2,2022-11-09T01:00:00.000Z,FIPSCode,48377,0,2022-11-13T11:42:17.715Z,8,98.98,8,100,62962,1025,61.97,62492,550,33.25,63492,79,4.78,1671,99,1654,4047,8,8
1668340713,2022-11-13 05:58:33 -0600,02aa703b76654a202f0bda14dc427083877d18fc,TX,48377,2,2022-11-09T01:00:00.000Z,FIPSCode,48377,0,2022-11-13T11:42:17.715Z,8,98.98,8,100,62962,1025,61.97,62492,550,33.25,63492,79,4.78,1671,99,1654,4047,8,8
1668340752,2022-11-13 05:59:12 -0600,483ba3450ec02fc292090878bdfbc2ca2c6f6431,TX,48377,2,2022-11-09T01:00:00.000Z,FIPSCode,48377,0,2022-11-13T11:42:17.715Z,8,98.98,8,100,62962,1025,61.97,62492,550,33.25,63492,79,4.78,1671,99,1654,4047,8,8
1668340793,2022-11-13 05:59:53 -0600,87980a2cb5b2302e9208331e323ef20a8df98d14,TX,48377,2,2022-11-09T01:00:00.000Z,FIPSCode,48377,0,2022-11-13T11:42:17.715Z,8,98.98,8,100,62962,1025,61.97,62492,550,33.25,63492,79,4.78,1671,99,1654,4047,8,8
1668340832,2022-11-13 06:00:32 -0600,50bb1e8d0183726c52d300973f8c1481d439f862,TX,48377,2,2022-11-09T01:00:00.000Z,FIPSCode,48377,0,2022-11-13T11:42:17.715Z,8,98.98,8,100,62962,1025,61.97,62492,550,33.25,63492,79,4.78,1671,99,1654,4047,8,8
1668340872,2022-11-13 06:01:12 -0600,baa8a1f358ad8f3118869329bab1363d66604f49,TX,48377,2,2022-11-09T01:00:00.000Z,FIPSCode,48377,0,2022-11-13T11:42:17.715Z,8,98.98,8,100,62962,1025,61.97,62492,550,33.25,63492,79,4.78,1671,99,1654,4047,8,8
1668340911,2022-11-13 06:01:51 -0600,1e4a3237807ec0f725c79865e1bd92c7eacfc1b8,TX,48377,2,2022-11-09T01:00:00.000Z,FIPSCode,48377,0,2022-11-13T11:42:17.715Z,8,98.98,8,100,62962,1025,61.97,62492,550,33.25,63492,79,4.78,1671,99,1654,4047,8,8
1668340952,2022-11-13 06:02:32 -0600,894a6c3dbaa6a03dbf0ce4a92cacbdef2c12f0c2,TX,48377,2,2022-11-09T01:00:00.000Z,FIPSCode,48377,0,2022-11-13T11:42:17.715Z,8,98.98,8,100,62962,1025,61.97,62492,550,33.25,63492,79,4.78,1671,99,1654,4047,8,8
1668340991,2022-11-13 06:03:11 -0600,bb9bbed1e9fcfd848c65e3b3e5970b36a0bff809,TX,48377,2,2022-11-09T01:00:00.000Z,FIPSCode,48377,0,2022-11-13T12:02:34.580Z,8,98.98,8,100,62962,1025,61.97,62492,550,33.25,63492,79,4.78,1671,99,1654,4047,8,8
1668341032,2022-11-13 06:03:52 -0600,da252f414b4f916ca9214c9ad213dbf8e31c5f55,TX,48377,2,2022-11-09T01:00:00.000Z,FIPSCode,48377,0,2022-11-13T12:03:37.044Z,8,98.98,8,100,62962,1025,61.97,62492,550,33.25,63492,79,4.78,1671,99,1654,4047,8,8
1668341072,2022-11-13 06:04:32 -0600,3ea7af865430ec54f0e7960b93d4b07f984a666c,TX,48377,2,2022-11-09T01:00:00.000Z,FIPSCode,48377,0,2022-11-13T12:03:37.044Z,8,98.98,8,100,62962,1025,61.97,62492,550,33.25,63492,79,4.78,1671,99,1654,4047,8,8
1668341113,2022-11-13 06:05:13 -0600,05fceaaaa32080ddfd910b27fdf8cfb96a0a79ee,TX,48377,2,2022-11-09T01:00:00.000Z,FIPSCode,48377,0,2022-11-13T12:04:36.328Z,8,98.98,8,100,62962,1025,61.97,62492,550,33.25,63492,79,4.78,1671,99,1654,4047,8,8
1668341153,2022-11-13 06:05:53 -0600,b47a5079a40b842cb624185ddf1dc4671910a5e4,TX,48377,2,2022-11-09T01:00:00.000Z,FIPSCode,48377,0,2022-11-13T12:05:18.021Z,8,98.98,8,100,62962,1025,61.97,62492,550,33.25,63492,79,4.78,1671,99,1654,4047,8,8
1668341231,2022-11-13 06:07:11 -0600,e5dbd26836c278818a0041c13c8ef523bb754140,TX,48377,2,2022-11-09T01:00:00.000Z,FIPSCode,48377,0,2022-11-13T12:05:18.021Z,8,98.98,8,100,62962,1025,61.97,62492,550,33.25,63492,79,4.78,1671,99,1654,4047,8,8
1668341271,2022-11-13 06:07:51 -0600,661bf327c7a116c94537ca17e2537a24188a4013,TX,48377,2,2022-11-09T01:00:00.000Z,FIPSCode,48377,0,2022-11-13T12:05:18.021Z,8,98.98,8,100,62962,1025,61.97,62492,550,33.25,63492,79,4.78,1671,99,1654,4047,8,8
1668341309,2022-11-13 06:08:29 -0600,66b1d731bee9f4ab946fc0b1997760ccc7531cb0,TX,48377,2,2022-11-09T01:00:00.000Z,FIPSCode,48377,0,2022-11-13T12:05:18.021Z,8,98.98,8,100,62962,1025,61.97,62492,550,33.25,63492,79,4.78,1671,99,1654,4047,8,8
1668341348,2022-11-13 06:09:08 -0600,df029392679212034f4cd418b3128f6db0766e9d,TX,48377,2,2022-11-09T01:00:00.000Z,FIPSCode,48377,0,2022-11-13T12:05:18.021Z,8,98.98,8,100,62962,1025,61.97,62492,550,33.25,63492,79,4.78,1671,99,1654,4047,8,8
1668341387,2022-11-13 06:09:47 -0600,e39f18137c454de9e22bc100d3cf5b56ef31dda6,TX,48377,2,2022-11-09T01:00:00.000Z,FIPSCode,48377,0,2022-11-13T12:05:18.021Z,8,98.98,8,100,62962,1025,61.97,62492,550,33.25,63492,79,4.78,1671,99,1654,4047,8,8
1668341426,2022-11-13 06:10:26 -0600,67fbf4ebb831818c18544832dc6bfbffc448eb2e,TX,48377,2,2022-11-09T01:00:00.000Z,FIPSCode,48377,0,2022-11-13T12:05:18.021Z,8,98.98,8,100,62962,1025,61.97,62492,550,33.25,63492,79,4.78,1671,99,1654,4047,8,8
1668341467,2022-11-13 06:11:07 -0600,60f1df5940bc4882fd257ece9c864fcd64e020b4,TX,48377,2,2022-11-09T01:00:00.000Z,FIPSCode,48377,0,2022-11-13T12:05:18.021Z,8,98.98,8,100,62962,1025,61.97,62492,550,33.25,63492,79,4.78,1671,99,1654,4047,8,8
1668341506,2022-11-13 06:11:46 -0600,2e6596aad5c46b09487a80b9a8ccff80466b7e62,TX,48377,2,2022-11-09T01:00:00.000Z,FIPSCode,48377,0,2022-11-13T12:05:18.021Z,8,98.98,8,100,62962,1025,61.97,62492,550,33.25,63492,79,4.78,1671,99,1654,4047,8,8
1668341547,2022-11-13 06:12:27 -0600,8ea3515219349a75539b2f99dea2d30811f90b77,TX,48377,2,2022-11-09T01:00:00.000Z,FIPSCode,48377,0,2022-11-13T12:05:18.021Z,8,98.98,8,100,62962,1025,61.97,62492,550,33.25,63492,79,4.78,1671,99,1654,4047,8,8
1668341586,2022-11-13 06:13:06 -0600,b8ae52acb810f5d3f215c6bb30933e86aa3e27cd,TX,48377,2,2022-11-09T01:00:00.000Z,FIPSCode,48377,0,2022-11-13T12:05:18.021Z,8,98.98,8,100,62962,1025,61.97,62492,550,33.25,63492,79,4.78,1671,99,1654,4047,8,8
1668341626,2022-11-13 06:13:46 -0600,330e65be8494f87bd8e364bebaf07038d70ed67d,TX,48377,2,2022-11-09T01:00:00.000Z,FIPSCode,48377,0,2022-11-13T12:13:16.943Z,8,98.98,8,100,62962,1025,61.97,62492,550,33.25,63492,79,4.78,1671,99,1654,4047,8,8
1668341665,2022-11-13 06:14:25 -0600,beeadbeaf2de529b33b0bac594751f680f9d2241,TX,48377,2,2022-11-09T01:00:00.000Z,FIPSCode,48377,0,2022-11-13T12:13:16.943Z,8,98.98,8,100,62962,1025,61.97,62492,550,33.25,63492,79,4.78,1671,99,1654,4047,8,8
1668341705,2022-11-13 06:15:05 -0600,8ceb7885791101fc044d8f17640f463a5b6018db,TX,48377,2,2022-11-09T01:00:00.000Z,FIPSCode,48377,0,2022-11-13T12:14:39.506Z,8,98.98,8,100,62962,1025,61.97,62492,550,33.25,63492,79,4.78,1671,99,1654,4047,8,8
1668341744,2022-11-13 06:15:44 -0600,48d758004f6a427353f10892842b1d14c893f27a,TX,48377,2,2022-11-09T01:00:00.000Z,FIPSCode,48377,0,2022-11-13T12:15:16.654Z,8,98.98,8,100,62962,1025,61.97,62492,550,33.25,63492,79,4.78,1671,99,1654,4047,8,8
1668341783,2022-11-13 06:16:23 -0600,8a7795a3138af65b5cb2c105c18625d6be477570,TX,48377,2,2022-11-09T01:00:00.000Z,FIPSCode,48377,0,2022-11-13T12:15:16.654Z,8,98.98,8,100,62962,1025,61.97,62492,550,33.25,63492,79,4.78,1671,99,1654,4047,8,8
1668341822,2022-11-13 06:17:02 -0600,f5c18c21f422611f6f26112b7381b5eb2df5e49e,TX,48377,2,2022-11-09T01:00:00.000Z,FIPSCode,48377,0,2022-11-13T12:16:16.335Z,8,98.98,8,100,62962,1025,61.97,62492,550,33.25,63492,79,4.78,1671,99,1654,4047,8,8
1668341864,2022-11-13 06:17:44 -0600,faa229d2cc45a84ba6e9c9c93f6124c705172c7c,TX,48377,2,2022-11-09T01:00:00.000Z,FIPSCode,48377,0,2022-11-13T12:16:16.335Z,8,98.98,8,100,62962,1025,61.97,62492,550,33.25,63492,79,4.78,1671,99,1654,4047,8,8
1668341945,2022-11-13 06:19:05 -0600,6abfa6e431d00d1e8bec4134495e2bba0b44046b,TX,48377,2,2022-11-09T01:00:00.000Z,FIPSCode,48377,0,2022-11-13T12:16:16.335Z,8,98.98,8,100,62962,1025,61.97,62492,550,33.25,63492,79,4.78,1671,99,1654,4047,8,8
1668342023,2022-11-13 06:20:23 -0600,35000ff5a718a21e9551a69a5b6d9f5bf13205c0,TX,48377,2,2022-11-09T01:00:00.000Z,FIPSCode,48377,0,2022-11-13T12:16:16.335Z,8,98.98,8,100,62962,1025,61.97,62492,550,33.25,63492,79,4.78,1671,99,1654,4047,8,8
1668342065,2022-11-13 06:21:05 -0600,7db5144a4cc6964734512bdc453ebdaa6004aace,TX,48377,2,2022-11-09T01:00:00.000Z,FIPSCode,48377,0,2022-11-13T12:16:16.335Z,8,98.98,8,100,62962,1025,61.97,62492,550,33.25,63492,79,4.78,1671,99,1654,4047,8,8
1668342106,2022-11-13 06:21:46 -0600,d2d6998b116344a269ef1d1f7874d86993f62b8d,TX,48377,2,2022-11-09T01:00:00.000Z,FIPSCode,48377,0,2022-11-13T12:16:16.335Z,8,98.98,8,100,62962,1025,61.97,62492,550,33.25,63492,79,4.78,1671,99,1654,4047,8,8
1668342148,2022-11-13 06:22:28 -0600,217b128a05e7bf9b3758350d2a346b57e273e9ef,TX,48377,2,2022-11-09T01:00:00.000Z,FIPSCode,48377,0,2022-11-13T12:16:16.335Z,8,98.98,8,100,62962,1025,61.97,62492,550,33.25,63492,79,4.78,1671,99,1654,4047,8,8
1668342186,2022-11-13 06:23:06 -0600,d65a3084b8fee1702e12ddb5d43ebc2818f7d321,TX,48377,2,2022-11-09T01:00:00.000Z,FIPSCode,48377,0,2022-11-13T12:22:15.658Z,8,98.98,8,100,62962,1025,61.97,62492,550,33.25,63492,79,4.78,1671,99,1654,4047,8,8
1668342227,2022-11-13 06:23:47 -0600,f05fd4f880fd0a6fc40d4a01c99c990df76ca467,TX,48377,2,2022-11-09T01:00:00.000Z,FIPSCode,48377,0,2022-11-13T12:23:16.244Z,8,98.98,8,100,62962,1025,61.97,62492,550,33.25,63492,79,4.78,1671,99,1654,4047,8,8
1668342267,2022-11-13 06:24:27 -0600,b79f5750f29ac62baddc7415c9b69d68d311b585,TX,48377,2,2022-11-09T01:00:00.000Z,FIPSCode,48377,0,2022-11-13T12:23:16.244Z,8,98.98,8,100,62962,1025,61.97,62492,550,33.25,63492,79,4.78,1671,99,1654,4047,8,8
1668342309,2022-11-13 06:25:09 -0600,e1fe4b0775f4b91b05844366623367256aa134b5,TX,48377,2,2022-11-09T01:00:00.000Z,FIPSCode,48377,0,2022-11-13T12:24:34.307Z,8,98.98,8,100,62962,1025,61.97,62492,550,33.25,63492,79,4.78,1671,99,1654,4047,8,8
1668342390,2022-11-13 06:26:30 -0600,05b4bf0b10e485392211706bbdf61b70aebeef19,TX,48377,2,2022-11-09T01:00:00.000Z,FIPSCode,48377,0,2022-11-13T12:24:34.307Z,8,98.98,8,100,62962,1025,61.97,62492,550,33.25,63492,79,4.78,1671,99,1654,4047,8,8
1668342431,2022-11-13 06:27:11 -0600,709dc644b26bc9b122fafe19f18c378f6be3c250,TX,48377,2,2022-11-09T01:00:00.000Z,FIPSCode,48377,0,2022-11-13T12:24:34.307Z,8,98.98,8,100,62962,1025,61.97,62492,550,33.25,63492,79,4.78,1671,99,1654,4047,8,8
1668342470,2022-11-13 06:27:50 -0600,c25096eb4f0467eabbf3c7452fbbb7dbba4f8825,TX,48377,2,2022-11-09T01:00:00.000Z,FIPSCode,48377,0,2022-11-13T12:24:34.307Z,8,98.98,8,100,62962,1025,61.97,62492,550,33.25,63492,79,4.78,1671,99,1654,4047,8,8
1668342511,2022-11-13 06:28:31 -0600,8a79ab4727dad3b7947d4504b11d43e6861983c7,TX,48377,2,2022-11-09T01:00:00.000Z,FIPSCode,48377,0,2022-11-13T12:24:34.307Z,8,98.98,8,100,62962,1025,61.97,62492,550,33.25,63492,79,4.78,1671,99,1654,4047,8,8
1668342551,2022-11-13 06:29:11 -0600,e5ba1891bee77d7f0607d74337bf32be70cf8d95,TX,48377,2,2022-11-09T01:00:00.000Z,FIPSCode,48377,0,2022-11-13T12:24:34.307Z,8,98.98,8,100,62962,1025,61.97,62492,550,33.25,63492,79,4.78,1671,99,1654,4047,8,8
1668342592,2022-11-13 06:29:52 -0600,6ffc57dbe7eb1843777a8c803af4066f42945793,TX,48377,2,2022-11-09T01:00:00.000Z,FIPSCode,48377,0,2022-11-13T12:24:34.307Z,8,98.98,8,100,62962,1025,61.97,62492,550,33.25,63492,79,4.78,1671,99,1654,4047,8,8
1668342674,2022-11-13 06:31:14 -0600,cd0e9385e109f2c9b9fb382715ad3075af7e2e39,TX,48377,2,2022-11-09T01:00:00.000Z,FIPSCode,48377,0,2022-11-13T12:24:34.307Z,8,98.98,8,100,62962,1025,61.97,62492,550,33.25,63492,79,4.78,1671,99,1654,4047,8,8
1668342716,2022-11-13 06:31:56 -0600,47599716ae31dd243afe7a67821486fc9625e5b3,TX,48377,2,2022-11-09T01:00:00.000Z,FIPSCode,48377,0,2022-11-13T12:24:34.307Z,8,98.98,8,100,62962,1025,61.97,62492,550,33.25,63492,79,4.78,1671,99,1654,4047,8,8
1668342756,2022-11-13 06:32:36 -0600,059344168dd154f48480f301f7b21c49bcddc7a0,TX,48377,2,2022-11-09T01:00:00.000Z,FIPSCode,48377,0,2022-11-13T12:24:34.307Z,8,98.98,8,100,62962,1025,61.97,62492,550,33.25,63492,79,4.78,1671,99,1654,4047,8,8
1668342796,2022-11-13 06:33:16 -0600,7bda27b87a28e76392787e80dfb06f078e02f6a1,TX,48377,2,2022-11-09T01:00:00.000Z,FIPSCode,48377,0,2022-11-13T12:24:34.307Z,8,98.98,8,100,62962,1025,61.97,62492,550,33.25,63492,79,4.78,1671,99,1654,4047,8,8
1668342836,2022-11-13 06:33:56 -0600,2925077fa6ff669d479ed8e98bb495352b2bb2a2,TX,48377,2,2022-11-09T01:00:00.000Z,FIPSCode,48377,0,2022-11-13T12:24:34.307Z,8,98.98,8,100,62962,1025,61.97,62492,550,33.25,63492,79,4.78,1671,99,1654,4047,8,8
1668342875,2022-11-13 06:34:35 -0600,7cf32009db70efca8694861e7490458f789b2a5b,TX,48377,2,2022-11-09T01:00:00.000Z,FIPSCode,48377,0,2022-11-13T12:24:34.307Z,8,98.98,8,100,62962,1025,61.97,62492,550,33.25,63492,79,4.78,1671,99,1654,4047,8,8
1668342916,2022-11-13 06:35:16 -0600,37d589b04655facb63fed7f8dd0008448708dc93,TX,48377,2,2022-11-09T01:00:00.000Z,FIPSCode,48377,0,2022-11-13T12:24:34.307Z,8,98.98,8,100,62962,1025,61.97,62492,550,33.25,63492,79,4.78,1671,99,1654,4047,8,8
1668342955,2022-11-13 06:35:55 -0600,02cac78738c74c0078aa951e1326dfb0d853e3ee,TX,48377,2,2022-11-09T01:00:00.000Z,FIPSCode,48377,0,2022-11-13T12:24:34.307Z,8,98.98,8,100,62962,1025,61.97,62492,550,33.25,63492,79,4.78,1671,99,1654,4047,8,8
1668342995,2022-11-13 06:36:35 -0600,0bfdb50517778b0bbba8d10ff959cd67e94243e9,TX,48377,2,2022-11-09T01:00:00.000Z,FIPSCode,48377,0,2022-11-13T12:24:34.307Z,8,98.98,8,100,62962,1025,61.97,62492,550,33.25,63492,79,4.78,1671,99,1654,4047,8,8
1668343035,2022-11-13 06:37:15 -0600,e4e3a0bf8d5fd8fe80e12680e6d0ea2d3b59d97f,TX,48377,2,2022-11-09T01:00:00.000Z,FIPSCode,48377,0,2022-11-13T12:24:34.307Z,8,98.98,8,100,62962,1025,61.97,62492,550,33.25,63492,79,4.78,1671,99,1654,4047,8,8
1668343075,2022-11-13 06:37:55 -0600,52569fb8b2415ffd830d84a7e5a7c3495099e7e1,TX,48377,2,2022-11-09T01:00:00.000Z,FIPSCode,48377,0,2022-11-13T12:24:34.307Z,8,98.98,8,100,62962,1025,61.97,62492,550,33.25,63492,79,4.78,1671,99,1654,4047,8,8
1668343155,2022-11-13 06:39:15 -0600,830a639b28c8ca1a0b994a5dcad32e9d98629510,TX,48377,2,2022-11-09T01:00:00.000Z,FIPSCode,48377,0,2022-11-13T12:24:34.307Z,8,98.98,8,100,62962,1025,61.97,62492,550,33.25,63492,79,4.78,1671,99,1654,4047,8,8
1668343194,2022-11-13 06:39:54 -0600,cd7cab4a7fa0fb5d96e625fdc8b8d748b09557aa,TX,48377,2,2022-11-09T01:00:00.000Z,FIPSCode,48377,0,2022-11-13T12:24:34.307Z,8,98.98,8,100,62962,1025,61.97,62492,550,33.25,63492,79,4.78,1671,99,1654,4047,8,8
1668343272,2022-11-13 06:41:12 -0600,a9c945aa3cb341153a826eb1869a9289b026d1f8,TX,48377,2,2022-11-09T01:00:00.000Z,FIPSCode,48377,0,2022-11-13T12:24:34.307Z,8,98.98,8,100,62962,1025,61.97,62492,550,33.25,63492,79,4.78,1671,99,1654,4047,8,8
1668343311,2022-11-13 06:41:51 -0600,a4de621a84429591d0357ec29e13e11d4c96772b,TX,48377,2,2022-11-09T01:00:00.000Z,FIPSCode,48377,0,2022-11-13T12:24:34.307Z,8,98.98,8,100,62962,1025,61.97,62492,550,33.25,63492,79,4.78,1671,99,1654,4047,8,8
1668343390,2022-11-13 06:43:10 -0600,d603623b1313cc3d58f691f88bddc45e65cd38bb,TX,48377,2,2022-11-09T01:00:00.000Z,FIPSCode,48377,0,2022-11-13T12:24:34.307Z,8,98.98,8,100,62962,1025,61.97,62492,550,33.25,63492,79,4.78,1671,99,1654,4047,8,8
1668343430,2022-11-13 06:43:50 -0600,8e873465d4c012bc0f347fab2f556c1c6228aa00,TX,48377,2,2022-11-09T01:00:00.000Z,FIPSCode,48377,0,2022-11-13T12:24:34.307Z,8,98.98,8,100,62962,1025,61.97,62492,550,33.25,63492,79,4.78,1671,99,1654,4047,8,8
1668343471,2022-11-13 06:44:31 -0600,295d11e63195c7cff4d773d4e80a733a2cb531ce,TX,48377,2,2022-11-09T01:00:00.000Z,FIPSCode,48377,0,2022-11-13T12:24:34.307Z,8,98.98,8,100,62962,1025,61.97,62492,550,33.25,63492,79,4.78,1671,99,1654,4047,8,8
1668343511,2022-11-13 06:45:11 -0600,26af3a4f3103f763624237956182d99f7640234e,TX,48377,2,2022-11-09T01:00:00.000Z,FIPSCode,48377,0,2022-11-13T12:24:34.307Z,8,98.98,8,100,62962,1025,61.97,62492,550,33.25,63492,79,4.78,1671,99,1654,4047,8,8
1668343552,2022-11-13 06:45:52 -0600,a2cf009b5bad3ca884f1a84796d37f674cf4f3f3,TX,48377,2,2022-11-09T01:00:00.000Z,FIPSCode,48377,0,2022-11-13T12:24:34.307Z,8,98.98,8,100,62962,1025,61.97,62492,550,33.25,63492,79,4.78,1671,99,1654,4047,8,8
1668343592,2022-11-13 06:46:32 -0600,c368ffc608407d26038ce4eb7c5e74565da08991,TX,48377,2,2022-11-09T01:00:00.000Z,FIPSCode,48377,0,2022-11-13T12:24:34.307Z,8,98.98,8,100,62962,1025,61.97,62492,550,33.25,63492,79,4.78,1671,99,1654,4047,8,8
1668343633,2022-11-13 06:47:13 -0600,cdc1e5e7ad995532925a391170d795533d7a22e9,TX,48377,2,2022-11-09T01:00:00.000Z,FIPSCode,48377,0,2022-11-13T12:24:34.307Z,8,98.98,8,100,62962,1025,61.97,62492,550,33.25,63492,79,4.78,1671,99,1654,4047,8,8
1668343673,2022-11-13 06:47:53 -0600,05f69af37f6d36a6ab749a42d0714e93fa64934c,TX,48377,2,2022-11-09T01:00:00.000Z,FIPSCode,48377,0,2022-11-13T12:24:34.307Z,8,98.98,8,100,62962,1025,61.97,62492,550,33.25,63492,79,4.78,1671,99,1654,4047,8,8
1668343712,2022-11-13 06:48:32 -0600,74c0acf06285fa72554fad68a4a8f9425004b2d6,TX,48377,2,2022-11-09T01:00:00.000Z,FIPSCode,48377,0,2022-11-13T12:24:34.307Z,8,98.98,8,100,62962,1025,61.97,62492,550,33.25,63492,79,4.78,1671,99,1654,4047,8,8
1668343752,2022-11-13 06:49:12 -0600,596e2434ab5754cf3b30f5d16b92503b111c5efa,TX,48377,2,2022-11-09T01:00:00.000Z,FIPSCode,48377,0,2022-11-13T12:24:34.307Z,8,98.98,8,100,62962,1025,61.97,62492,550,33.25,63492,79,4.78,1671,99,1654,4047,8,8
1668343792,2022-11-13 06:49:52 -0600,dc804ba65a3686dac2ca93c3bd495c895fddad62,TX,48377,2,2022-11-09T01:00:00.000Z,FIPSCode,48377,0,2022-11-13T12:24:34.307Z,8,98.98,8,100,62962,1025,61.97,62492,550,33.25,63492,79,4.78,1671,99,1654,4047,8,8
1668343831,2022-11-13 06:50:31 -0600,b3d4473ca613889ff1978d316474ac2878f1a992,TX,48377,2,2022-11-09T01:00:00.000Z,FIPSCode,48377,0,2022-11-13T12:24:34.307Z,8,98.98,8,100,62962,1025,61.97,62492,550,33.25,63492,79,4.78,1671,99,1654,4047,8,8
1668343873,2022-11-13 06:51:13 -0600,678116637117cb408f673bf662e53d67ca4b935b,TX,48377,2,2022-11-09T01:00:00.000Z,FIPSCode,48377,0,2022-11-13T12:24:34.307Z,8,98.98,8,100,62962,1025,61.97,62492,550,33.25,63492,79,4.78,1671,99,1654,4047,8,8
1668344035,2022-11-13 06:53:55 -0600,829964e9da739ac951a684d152a57aa08ec329ba,TX,48377,2,2022-11-09T01:00:00.000Z,FIPSCode,48377,0,2022-11-13T12:24:34.307Z,8,98.98,8,100,62962,1025,61.97,62492,550,33.25,63492,79,4.78,1671,99,1654,4047,8,8
1668344115,2022-11-13 06:55:15 -0600,676b5cde747b18e8944e988533819922bab2ebe4,TX,48377,2,2022-11-09T01:00:00.000Z,FIPSCode,48377,0,2022-11-13T12:24:34.307Z,8,98.98,8,100,62962,1025,61.97,62492,550,33.25,63492,79,4.78,1671,99,1654,4047,8,8
1668344155,2022-11-13 06:55:55 -0600,c4719c7b1858cde08bffe7fa56c883b878fee688,TX,48377,2,2022-11-09T01:00:00.000Z,FIPSCode,48377,0,2022-11-13T12:24:34.307Z,8,98.98,8,100,62962,1025,61.97,62492,550,33.25,63492,79,4.78,1671,99,1654,4047,8,8
1668344195,2022-11-13 06:56:35 -0600,62dde48bd2a1daf076eb942d644f804661bf98bb,TX,48377,2,2022-11-09T01:00:00.000Z,FIPSCode,48377,0,2022-11-13T12:24:34.307Z,8,98.98,8,100,62962,1025,61.97,62492,550,33.25,63492,79,4.78,1671,99,1654,4047,8,8
1668344276,2022-11-13 06:57:56 -0600,9a2ee245eeb853fd014459f7706a88a5ad9262ac,TX,48377,2,2022-11-09T01:00:00.000Z,FIPSCode,48377,0,2022-11-13T12:24:34.307Z,8,98.98,8,100,62962,1025,61.97,62492,550,33.25,63492,79,4.78,1671,99,1654,4047,8,8
1668344315,2022-11-13 06:58:35 -0600,ad77128bbf415bc75ceb167130bd9fd1dc051d12,TX,48377,2,2022-11-09T01:00:00.000Z,FIPSCode,48377,0,2022-11-13T12:24:34.307Z,8,98.98,8,100,62962,1025,61.97,62492,550,33.25,63492,79,4.78,1671,99,1654,4047,8,8
1668344436,2022-11-13 07:00:36 -0600,39f010f871ae24a14eb2a313edb3d705f1a4c145,TX,48377,2,2022-11-09T01:00:00.000Z,FIPSCode,48377,0,2022-11-13T12:24:34.307Z,8,98.98,8,100,62962,1025,61.97,62492,550,33.25,63492,79,4.78,1671,99,1654,4047,8,8
1668344640,2022-11-13 07:04:00 -0600,c9c5e8ee41d157c34c9e4fa2566d90525149769f,TX,48377,2,2022-11-09T01:00:00.000Z,FIPSCode,48377,0,2022-11-13T13:03:20.243Z,8,98.98,8,100,62962,1025,61.97,62492,550,33.25,63492,79,4.78,1671,99,1654,4047,8,8
1668344680,2022-11-13 07:04:40 -0600,355f80339d76dcc0139cec57faff968d355bf197,TX,48377,2,2022-11-09T01:00:00.000Z,FIPSCode,48377,0,2022-11-13T13:04:16.838Z,8,98.98,8,100,62962,1025,61.97,62492,550,33.25,63492,79,4.78,1671,99,1654,4047,8,8
1668344719,2022-11-13 07:05:19 -0600,0c1c8bce9bb244eab616807b59d26fd8daa43249,TX,48377,2,2022-11-09T01:00:00.000Z,FIPSCode,48377,0,2022-11-13T13:04:16.838Z,8,98.98,8,100,62962,1025,61.97,62492,550,33.25,63492,79,4.78,1671,99,1654,4047,8,8
1668344758,2022-11-13 07:05:58 -0600,cdb407635f1cd2a0918051bdd336b5c8e3568a36,TX,48377,2,2022-11-09T01:00:00.000Z,FIPSCode,48377,0,2022-11-13T13:04:16.838Z,8,98.98,8,100,62962,1025,61.97,62492,550,33.25,63492,79,4.78,1671,99,1654,4047,8,8
1668344876,2022-11-13 07:07:56 -0600,78cce3c62a11cacaefc8df6b0172159c439c161f,TX,48377,2,2022-11-09T01:00:00.000Z,FIPSCode,48377,0,2022-11-13T13:04:16.838Z,8,98.98,8,100,62962,1025,61.97,62492,550,33.25,63492,79,4.78,1671,99,1654,4047,8,8
1668344916,2022-11-13 07:08:36 -0600,90f217aaddfca13a3e14d76b7d32960b7f88b07e,TX,48377,2,2022-11-09T01:00:00.000Z,FIPSCode,48377,0,2022-11-13T13:04:16.838Z,8,98.98,8,100,62962,1025,61.97,62492,550,33.25,63492,79,4.78,1671,99,1654,4047,8,8
1668344956,2022-11-13 07:09:16 -0600,a4de917d853071dadae5b09d52aab66bc2d3bd6c,TX,48377,2,2022-11-09T01:00:00.000Z,FIPSCode,48377,0,2022-11-13T13:04:16.838Z,8,98.98,8,100,62962,1025,61.97,62492,550,33.25,63492,79,4.78,1671,99,1654,4047,8,8
1668344996,2022-11-13 07:09:56 -0600,4b74744b01a0881cba7c0ea2d7ed2c840c03c489,TX,48377,2,2022-11-09T01:00:00.000Z,FIPSCode,48377,0,2022-11-13T13:04:16.838Z,8,98.98,8,100,62962,1025,61.97,62492,550,33.25,63492,79,4.78,1671,99,1654,4047,8,8
1668345036,2022-11-13 07:10:36 -0600,283765572bd80f083583ef16a6f903f342024553,TX,48377,2,2022-11-09T01:00:00.000Z,FIPSCode,48377,0,2022-11-13T13:04:16.838Z,8,98.98,8,100,62962,1025,61.97,62492,550,33.25,63492,79,4.78,1671,99,1654,4047,8,8
1668345077,2022-11-13 07:11:17 -0600,baf3f6e648688f416da7dd232acd804eb1f61000,TX,48377,2,2022-11-09T01:00:00.000Z,FIPSCode,48377,0,2022-11-13T13:04:16.838Z,8,98.98,8,100,62962,1025,61.97,62492,550,33.25,63492,79,4.78,1671,99,1654,4047,8,8
1668345116,2022-11-13 07:11:56 -0600,4c845fef115ac73328cc7a8be7a2ba1c6f206652,TX,48377,2,2022-11-09T01:00:00.000Z,FIPSCode,48377,0,2022-11-13T13:11:16.875Z,8,98.98,8,100,62962,1025,61.97,62492,550,33.25,63492,79,4.78,1671,99,1654,4047,8,8
1668345157,2022-11-13 07:12:37 -0600,35f121d1396f283d6ebfbd3225c1e607090a8e27,TX,48377,2,2022-11-09T01:00:00.000Z,FIPSCode,48377,0,2022-11-13T13:12:16.682Z,8,98.98,8,100,62962,1025,61.97,62492,550,33.25,63492,79,4.78,1671,99,1654,4047,8,8
1668345196,2022-11-13 07:13:16 -0600,06f5498fcd598dfa2579e8a9e7127f999ca0d54c,TX,48377,2,2022-11-09T01:00:00.000Z,FIPSCode,48377,0,2022-11-13T13:12:16.682Z,8,98.98,8,100,62962,1025,61.97,62492,550,33.25,63492,79,4.78,1671,99,1654,4047,8,8
1668345274,2022-11-13 07:14:34 -0600,c497c7ae59c262ccc9492b5589d69a612e10c22b,TX,48377,2,2022-11-09T01:00:00.000Z,FIPSCode,48377,0,2022-11-13T13:13:40.490Z,8,98.98,8,100,62962,1025,61.97,62492,550,33.25,63492,79,4.78,1671,99,1654,4047,8,8
1668345353,2022-11-13 07:15:53 -0600,3cbe0ac0f36208a371251b7837d12f773c66cbde,TX,48377,2,2022-11-09T01:00:00.000Z,FIPSCode,48377,0,2022-11-13T13:13:40.490Z,8,98.98,8,100,62962,1025,61.97,62492,550,33.25,63492,79,4.78,1671,99,1654,4047,8,8
1668345395,2022-11-13 07:16:35 -0600,9846af01e2e13b5ca135ad6e3cc9e3e49873e950,TX,48377,2,2022-11-09T01:00:00.000Z,FIPSCode,48377,0,2022-11-13T13:13:40.490Z,8,98.98,8,100,62962,1025,61.97,62492,550,33.25,63492,79,4.78,1671,99,1654,4047,8,8
1668345436,2022-11-13 07:17:16 -0600,8f61c381409ea33c1c2c8f50a12a6dca309d20ec,TX,48377,2,2022-11-09T01:00:00.000Z,FIPSCode,48377,0,2022-11-13T13:13:40.490Z,8,98.98,8,100,62962,1025,61.97,62492,550,33.25,63492,79,4.78,1671,99,1654,4047,8,8
1668345477,2022-11-13 07:17:57 -0600,b6dc49d01bcec3d904026aadd425750efe4a8072,TX,48377,2,2022-11-09T01:00:00.000Z,FIPSCode,48377,0,2022-11-13T13:13:40.490Z,8,98.98,8,100,62962,1025,61.97,62492,550,33.25,63492,79,4.78,1671,99,1654,4047,8,8
1668345515,2022-11-13 07:18:35 -0600,85c16cd53766588ad8f19eded631bef2cea2f4fa,TX,48377,2,2022-11-09T01:00:00.000Z,FIPSCode,48377,0,2022-11-13T13:13:40.490Z,8,98.98,8,100,62962,1025,61.97,62492,550,33.25,63492,79,4.78,1671,99,1654,4047,8,8
1668345555,2022-11-13 07:19:15 -0600,3d70e276c7013c1c66e0d11092b6b750edd467ed,TX,48377,2,2022-11-09T01:00:00.000Z,FIPSCode,48377,0,2022-11-13T13:13:40.490Z,8,98.98,8,100,62962,1025,61.97,62492,550,33.25,63492,79,4.78,1671,99,1654,4047,8,8
1668345596,2022-11-13 07:19:56 -0600,bb83a29caa083dc8479063a718651c1003ddda10,TX,48377,2,2022-11-09T01:00:00.000Z,FIPSCode,48377,0,2022-11-13T13:13:40.490Z,8,98.98,8,100,62962,1025,61.97,62492,550,33.25,63492,79,4.78,1671,99,1654,4047,8,8
1668345676,2022-11-13 07:21:16 -0600,7380ac8213128c47d41fc4c8da7bc8c835670b56,TX,48377,2,2022-11-09T01:00:00.000Z,FIPSCode,48377,0,2022-11-13T13:13:40.490Z,8,98.98,8,100,62962,1025,61.97,62492,550,33.25,63492,79,4.78,1671,99,1654,4047,8,8
1668345715,2022-11-13 07:21:55 -0600,2ff910d32077e14ac2aa09200fd3f85106f805b2,TX,48377,2,2022-11-09T01:00:00.000Z,FIPSCode,48377,0,2022-11-13T13:13:40.490Z,8,98.98,8,100,62962,1025,61.97,62492,550,33.25,63492,79,4.78,1671,99,1654,4047,8,8
1668345796,2022-11-13 07:23:16 -0600,081d1e6d33f13e760944e0c7437eadcd062878fb,TX,48377,2,2022-11-09T01:00:00.000Z,FIPSCode,48377,0,2022-11-13T13:13:40.490Z,8,98.98,8,100,62962,1025,61.97,62492,550,33.25,63492,79,4.78,1671,99,1654,4047,8,8
1668345836,2022-11-13 07:23:56 -0600,daffe464df4aefa723a7e8c0b01d3197d82e85d9,TX,48377,2,2022-11-09T01:00:00.000Z,FIPSCode,48377,0,2022-11-13T13:13:40.490Z,8,98.98,8,100,62962,1025,61.97,62492,550,33.25,63492,79,4.78,1671,99,1654,4047,8,8
1668345877,2022-11-13 07:24:37 -0600,4da43e30d83eeb6719e628fdd12df6a158893df8,TX,48377,2,2022-11-09T01:00:00.000Z,FIPSCode,48377,0,2022-11-13T13:13:40.490Z,8,98.98,8,100,62962,1025,61.97,62492,550,33.25,63492,79,4.78,1671,99,1654,4047,8,8
1668345916,2022-11-13 07:25:16 -0600,a28447274055f816538dde938d5555be248f793f,TX,48377,2,2022-11-09T01:00:00.000Z,FIPSCode,48377,0,2022-11-13T13:13:40.490Z,8,98.98,8,100,62962,1025,61.97,62492,550,33.25,63492,79,4.78,1671,99,1654,4047,8,8
1668345954,2022-11-13 07:25:54 -0600,e944c9d07d614e802ec162919eb79bdc89a7e128,TX,48377,2,2022-11-09T01:00:00.000Z,FIPSCode,48377,0,2022-11-13T13:13:40.490Z,8,98.98,8,100,62962,1025,61.97,62492,550,33.25,63492,79,4.78,1671,99,1654,4047,8,8
1668346034,2022-11-13 07:27:14 -0600,c2c0f44f94adc929ab89b9a762bad84428f9b66a,TX,48377,2,2022-11-09T01:00:00.000Z,FIPSCode,48377,0,2022-11-13T13:13:40.490Z,8,98.98,8,100,62962,1025,61.97,62492,550,33.25,63492,79,4.78,1671,99,1654,4047,8,8
1668346073,2022-11-13 07:27:53 -0600,029e4cf838ad0a7e039f3d4ec4f1b3c2929a1d3b,TX,48377,2,2022-11-09T01:00:00.000Z,FIPSCode,48377,0,2022-11-13T13:13:40.490Z,8,98.98,8,100,62962,1025,61.97,62492,550,33.25,63492,79,4.78,1671,99,1654,4047,8,8
1668346112,2022-11-13 07:28:32 -0600,fe6fb0f3860fc8eaf2af1818f30f79acafd2d123,TX,48377,2,2022-11-09T01:00:00.000Z,FIPSCode,48377,0,2022-11-13T13:13:40.490Z,8,98.98,8,100,62962,1025,61.97,62492,550,33.25,63492,79,4.78,1671,99,1654,4047,8,8
1668346152,2022-11-13 07:29:12 -0600,673f910991a0bdd49fdbfea06d6c360fd04bd102,TX,48377,2,2022-11-09T01:00:00.000Z,FIPSCode,48377,0,2022-11-13T13:13:40.490Z,8,98.98,8,100,62962,1025,61.97,62492,550,33.25,63492,79,4.78,1671,99,1654,4047,8,8
1668346192,2022-11-13 07:29:52 -0600,635d57db3f697ac63b44a675825bdfecc1c4ea1a,TX,48377,2,2022-11-09T01:00:00.000Z,FIPSCode,48377,0,2022-11-13T13:13:40.490Z,8,98.98,8,100,62962,1025,61.97,62492,550,33.25,63492,79,4.78,1671,99,1654,4047,8,8
1668346231,2022-11-13 07:30:31 -0600,c0bd8edc5608ef06455efced5fbe062b61dab96b,TX,48377,2,2022-11-09T01:00:00.000Z,FIPSCode,48377,0,2022-11-13T13:13:40.490Z,8,98.98,8,100,62962,1025,61.97,62492,550,33.25,63492,79,4.78,1671,99,1654,4047,8,8
1668346271,2022-11-13 07:31:11 -0600,8828d85c4c6a760c528476b0e7d848a4abfe8e4c,TX,48377,2,2022-11-09T01:00:00.000Z,FIPSCode,48377,0,2022-11-13T13:13:40.490Z,8,98.98,8,100,62962,1025,61.97,62492,550,33.25,63492,79,4.78,1671,99,1654,4047,8,8
1668346310,2022-11-13 07:31:50 -0600,021eeda9e51f7226a56c89ff291a30e7d52adccd,TX,48377,2,2022-11-09T01:00:00.000Z,FIPSCode,48377,0,2022-11-13T13:13:40.490Z,8,98.98,8,100,62962,1025,61.97,62492,550,33.25,63492,79,4.78,1671,99,1654,4047,8,8
1668346392,2022-11-13 07:33:12 -0600,deeb9164890d84578a30652c95dce7993cde6c2c,TX,48377,2,2022-11-09T01:00:00.000Z,FIPSCode,48377,0,2022-11-13T13:13:40.490Z,8,98.98,8,100,62962,1025,61.97,62492,550,33.25,63492,79,4.78,1671,99,1654,4047,8,8
1668346432,2022-11-13 07:33:52 -0600,0231f49f881981966893d231cf9c4442dd3297b1,TX,48377,2,2022-11-09T01:00:00.000Z,FIPSCode,48377,0,2022-11-13T13:13:40.490Z,8,98.98,8,100,62962,1025,61.97,62492,550,33.25,63492,79,4.78,1671,99,1654,4047,8,8
1668346471,2022-11-13 07:34:31 -0600,44b391e61f221ae08583981405e85e70122f6c02,TX,48377,2,2022-11-09T01:00:00.000Z,FIPSCode,48377,0,2022-11-13T13:13:40.490Z,8,98.98,8,100,62962,1025,61.97,62492,550,33.25,63492,79,4.78,1671,99,1654,4047,8,8
1668346512,2022-11-13 07:35:12 -0600,20aa73eea76f8bec1cd5a3abf419b9a84c62ec43,TX,48377,2,2022-11-09T01:00:00.000Z,FIPSCode,48377,0,2022-11-13T13:13:40.490Z,8,98.98,8,100,62962,1025,61.97,62492,550,33.25,63492,79,4.78,1671,99,1654,4047,8,8
1668346550,2022-11-13 07:35:50 -0600,2d94a25a5767d0fcc0d5540ec3132039aa0aea0c,TX,48377,2,2022-11-09T01:00:00.000Z,FIPSCode,48377,0,2022-11-13T13:13:40.490Z,8,98.98,8,100,62962,1025,61.97,62492,550,33.25,63492,79,4.78,1671,99,1654,4047,8,8
1668346591,2022-11-13 07:36:31 -0600,137aa7a6dc6e768ea321b68e7c4687dd5b48e940,TX,48377,2,2022-11-09T01:00:00.000Z,FIPSCode,48377,0,2022-11-13T13:13:40.490Z,8,98.98,8,100,62962,1025,61.97,62492,550,33.25,63492,79,4.78,1671,99,1654,4047,8,8
1668346632,2022-11-13 07:37:12 -0600,60c0f0871e01fbeccd6621a5a5ad932dbf9f4572,TX,48377,2,2022-11-09T01:00:00.000Z,FIPSCode,48377,0,2022-11-13T13:13:40.490Z,8,98.98,8,100,62962,1025,61.97,62492,550,33.25,63492,79,4.78,1671,99,1654,4047,8,8
1668346672,2022-11-13 07:37:52 -0600,b27550fb92c9a7412b243b22e49f66eaaeaaf610,TX,48377,2,2022-11-09T01:00:00.000Z,FIPSCode,48377,0,2022-11-13T13:13:40.490Z,8,98.98,8,100,62962,1025,61.97,62492,550,33.25,63492,79,4.78,1671,99,1654,4047,8,8
1668346752,2022-11-13 07:39:12 -0600,90f3b0d73e309750ccb5dd79a59e941d98f69ae8,TX,48377,2,2022-11-09T01:00:00.000Z,FIPSCode,48377,0,2022-11-13T13:13:40.490Z,8,98.98,8,100,62962,1025,61.97,62492,550,33.25,63492,79,4.78,1671,99,1654,4047,8,8
1668346793,2022-11-13 07:39:53 -0600,eb97b00e1a7b6ee0c94e332d0c4506654a0fba6a,TX,48377,2,2022-11-09T01:00:00.000Z,FIPSCode,48377,0,2022-11-13T13:13:40.490Z,8,98.98,8,100,62962,1025,61.97,62492,550,33.25,63492,79,4.78,1671,99,1654,4047,8,8
1668346833,2022-11-13 07:40:33 -0600,f5f1d1c68d15552fcb0783ab4b6aa3b6af510c19,TX,48377,2,2022-11-09T01:00:00.000Z,FIPSCode,48377,0,2022-11-13T13:13:40.490Z,8,98.98,8,100,62962,1025,61.97,62492,550,33.25,63492,79,4.78,1671,99,1654,4047,8,8
1668346873,2022-11-13 07:41:13 -0600,64da2d2e596bf0c809e23228d05542b84994f4ec,TX,48377,2,2022-11-09T01:00:00.000Z,FIPSCode,48377,0,2022-11-13T13:13:40.490Z,8,98.98,8,100,62962,1025,61.97,62492,550,33.25,63492,79,4.78,1671,99,1654,4047,8,8
1668346913,2022-11-13 07:41:53 -0600,6c996a60886cdb2efb6835e36b18eacb0cfb2b78,TX,48377,2,2022-11-09T01:00:00.000Z,FIPSCode,48377,0,2022-11-13T13:13:40.490Z,8,98.98,8,100,62962,1025,61.97,62492,550,33.25,63492,79,4.78,1671,99,1654,4047,8,8
1668346953,2022-11-13 07:42:33 -0600,519c308f62ba3809a899ecc5cb39232edd451a3a,TX,48377,2,2022-11-09T01:00:00.000Z,FIPSCode,48377,0,2022-11-13T13:13:40.490Z,8,98.98,8,100,62962,1025,61.97,62492,550,33.25,63492,79,4.78,1671,99,1654,4047,8,8
1668346993,2022-11-13 07:43:13 -0600,331a585ef283153c88be7a01ae0a197796fa9d83,TX,48377,2,2022-11-09T01:00:00.000Z,FIPSCode,48377,0,2022-11-13T13:13:40.490Z,8,98.98,8,100,62962,1025,61.97,62492,550,33.25,63492,79,4.78,1671,99,1654,4047,8,8
1668347034,2022-11-13 07:43:54 -0600,0a4f8c2707b6fa5f5a0318dcc505040e84865cde,TX,48377,2,2022-11-09T01:00:00.000Z,FIPSCode,48377,0,2022-11-13T13:13:40.490Z,8,98.98,8,100,62962,1025,61.97,62492,550,33.25,63492,79,4.78,1671,99,1654,4047,8,8
1668347074,2022-11-13 07:44:34 -0600,e1bab83338fc1531f0b48ea64e01cad66dec6655,TX,48377,2,2022-11-09T01:00:00.000Z,FIPSCode,48377,0,2022-11-13T13:13:40.490Z,8,98.98,8,100,62962,1025,61.97,62492,550,33.25,63492,79,4.78,1671,99,1654,4047,8,8
1668347113,2022-11-13 07:45:13 -0600,8bf6409961017357bdc924ee1985c70f94557223,TX,48377,2,2022-11-09T01:00:00.000Z,FIPSCode,48377,0,2022-11-13T13:13:40.490Z,8,98.98,8,100,62962,1025,61.97,62492,550,33.25,63492,79,4.78,1671,99,1654,4047,8,8
1668347154,2022-11-13 07:45:54 -0600,709534845e719cfb986e21219789fb49ba3d218a,TX,48377,2,2022-11-09T01:00:00.000Z,FIPSCode,48377,0,2022-11-13T13:13:40.490Z,8,98.98,8,100,62962,1025,61.97,62492,550,33.25,63492,79,4.78,1671,99,1654,4047,8,8
1668347233,2022-11-13 07:47:13 -0600,757b2d087a161bbfc9a78214feb6d78e8acb5359,TX,48377,2,2022-11-09T01:00:00.000Z,FIPSCode,48377,0,2022-11-13T13:13:40.490Z,8,98.98,8,100,62962,1025,61.97,62492,550,33.25,63492,79,4.78,1671,99,1654,4047,8,8
1668347273,2022-11-13 07:47:53 -0600,f07fb2516137283095e5335702e8c6df4ce18981,TX,48377,2,2022-11-09T01:00:00.000Z,FIPSCode,48377,0,2022-11-13T13:13:40.490Z,8,98.98,8,100,62962,1025,61.97,62492,550,33.25,63492,79,4.78,1671,99,1654,4047,8,8
1668347313,2022-11-13 07:48:33 -0600,00a6417414c7f5bc26df76c48f91d9f04cd4652b,TX,48377,2,2022-11-09T01:00:00.000Z,FIPSCode,48377,0,2022-11-13T13:48:16.564Z,8,98.98,8,100,62962,1025,61.97,62492,550,33.25,63492,79,4.78,1671,99,1654,4047,8,8
1668347353,2022-11-13 07:49:13 -0600,358d1635baa7b65d0e232139a35f12d527e69d23,TX,48377,2,2022-11-09T01:00:00.000Z,FIPSCode,48377,0,2022-11-13T13:48:16.564Z,8,98.98,8,100,62962,1025,61.97,62492,550,33.25,63492,79,4.78,1671,99,1654,4047,8,8
1668347393,2022-11-13 07:49:53 -0600,e6c4f2bcbed8f2769339ab87c7fa206ee95d600e,TX,48377,2,2022-11-09T01:00:00.000Z,FIPSCode,48377,0,2022-11-13T13:49:17.093Z,8,98.98,8,100,62962,1025,61.97,62492,550,33.25,63492,79,4.78,1671,99,1654,4047,8,8
1668347433,2022-11-13 07:50:33 -0600,6dbfb551cb0d6f825216b03cc6382abde88a3706,TX,48377,2,2022-11-09T01:00:00.000Z,FIPSCode,48377,0,2022-11-13T13:49:17.093Z,8,98.98,8,100,62962,1025,61.97,62492,550,33.25,63492,79,4.78,1671,99,1654,4047,8,8
1668347473,2022-11-13 07:51:13 -0600,8b4ca153006ec3d310389a3d00b1325b43fb590a,TX,48377,2,2022-11-09T01:00:00.000Z,FIPSCode,48377,0,2022-11-13T13:50:17.176Z,8,98.98,8,100,62962,1025,61.97,62492,550,33.25,63492,79,4.78,1671,99,1654,4047,8,8
1668347513,2022-11-13 07:51:53 -0600,aff8cdf706ee6a8bd30eab7a0aa409e993d83042,TX,48377,2,2022-11-09T01:00:00.000Z,FIPSCode,48377,0,2022-11-13T13:50:17.176Z,8,98.98,8,100,62962,1025,61.97,62492,550,33.25,63492,79,4.78,1671,99,1654,4047,8,8
1668347554,2022-11-13 07:52:34 -0600,2173e755305d2f4c2bded3d3e585df7f96aa2b24,TX,48377,2,2022-11-09T01:00:00.000Z,FIPSCode,48377,0,2022-11-13T13:50:17.176Z,8,98.98,8,100,62962,1025,61.97,62492,550,33.25,63492,79,4.78,1671,99,1654,4047,8,8
1668347634,2022-11-13 07:53:54 -0600,412f7fc356959291e0bbb124e3161b43dfb58e97,TX,48377,2,2022-11-09T01:00:00.000Z,FIPSCode,48377,0,2022-11-13T13:50:17.176Z,8,98.98,8,100,62962,1025,61.97,62492,550,33.25,63492,79,4.78,1671,99,1654,4047,8,8
1668347675,2022-11-13 07:54:35 -0600,f6a75f976c060ff60c4cd6dd7d11329b0f085bed,TX,48377,2,2022-11-09T01:00:00.000Z,FIPSCode,48377,0,2022-11-13T13:50:17.176Z,8,98.98,8,100,62962,1025,61.97,62492,550,33.25,63492,79,4.78,1671,99,1654,4047,8,8
1668347715,2022-11-13 07:55:15 -0600,410ab5ff73ce0f663d5fc023013df591c1f513f2,TX,48377,2,2022-11-09T01:00:00.000Z,FIPSCode,48377,0,2022-11-13T13:50:17.176Z,8,98.98,8,100,62962,1025,61.97,62492,550,33.25,63492,79,4.78,1671,99,1654,4047,8,8
1668347755,2022-11-13 07:55:55 -0600,39335fe2ca2731767cffdf2d4aa2983dee65684d,TX,48377,2,2022-11-09T01:00:00.000Z,FIPSCode,48377,0,2022-11-13T13:50:17.176Z,8,98.98,8,100,62962,1025,61.97,62492,550,33.25,63492,79,4.78,1671,99,1654,4047,8,8
1668347795,2022-11-13 07:56:35 -0600,2572735499ca58c8da21d5a9f5597adc248df9da,TX,48377,2,2022-11-09T01:00:00.000Z,FIPSCode,48377,0,2022-11-13T13:50:17.176Z,8,98.98,8,100,62962,1025,61.97,62492,550,33.25,63492,79,4.78,1671,99,1654,4047,8,8
1668347834,2022-11-13 07:57:14 -0600,e9488e74d685d0300a1ccc381621cab9f7da753a,TX,48377,2,2022-11-09T01:00:00.000Z,FIPSCode,48377,0,2022-11-13T13:50:17.176Z,8,98.98,8,100,62962,1025,61.97,62492,550,33.25,63492,79,4.78,1671,99,1654,4047,8,8
1668347873,2022-11-13 07:57:53 -0600,0c4a5068e50547c1b0031b4856e0ef200015c4d2,TX,48377,2,2022-11-09T01:00:00.000Z,FIPSCode,48377,0,2022-11-13T13:50:17.176Z,8,98.98,8,100,62962,1025,61.97,62492,550,33.25,63492,79,4.78,1671,99,1654,4047,8,8
1668347913,2022-11-13 07:58:33 -0600,44a3a036886f132b92b87f63bd91aac23ca2f536,TX,48377,2,2022-11-09T01:00:00.000Z,FIPSCode,48377,0,2022-11-13T13:50:17.176Z,8,98.98,8,100,62962,1025,61.97,62492,550,33.25,63492,79,4.78,1671,99,1654,4047,8,8
1668347953,2022-11-13 07:59:13 -0600,4fb04a65b12949464043cff9abf4d882feefeec3,TX,48377,2,2022-11-09T01:00:00.000Z,FIPSCode,48377,0,2022-11-13T13:50:17.176Z,8,98.98,8,100,62962,1025,61.97,62492,550,33.25,63492,79,4.78,1671,99,1654,4047,8,8
1668347992,2022-11-13 07:59:52 -0600,2b860ebf5f1da0df93372d6c37a0e4d519f4ce3f,TX,48377,2,2022-11-09T01:00:00.000Z,FIPSCode,48377,0,2022-11-13T13:50:17.176Z,8,98.98,8,100,62962,1025,61.97,62492,550,33.25,63492,79,4.78,1671,99,1654,4047,8,8
1668348033,2022-11-13 08:00:33 -0600,0e4d15a43316472333ce445c3c1d20358b9d2cf8,TX,48377,2,2022-11-09T01:00:00.000Z,FIPSCode,48377,0,2022-11-13T13:50:17.176Z,8,98.98,8,100,62962,1025,61.97,62492,550,33.25,63492,79,4.78,1671,99,1654,4047,8,8
1668348073,2022-11-13 08:01:13 -0600,a2987e82df7881d1fe3a6b1e83ceebe5e24eb304,TX,48377,2,2022-11-09T01:00:00.000Z,FIPSCode,48377,0,2022-11-13T13:50:17.176Z,8,98.98,8,100,62962,1025,61.97,62492,550,33.25,63492,79,4.78,1671,99,1654,4047,8,8
1668348114,2022-11-13 08:01:54 -0600,cf34bc1947f323e5b8214fed222669ca3c708d52,TX,48377,2,2022-11-09T01:00:00.000Z,FIPSCode,48377,0,2022-11-13T13:50:17.176Z,8,98.98,8,100,62962,1025,61.97,62492,550,33.25,63492,79,4.78,1671,99,1654,4047,8,8
1668348154,2022-11-13 08:02:34 -0600,5064bf8c0130060963ddce72f71fe82a1bb9ebd3,TX,48377,2,2022-11-09T01:00:00.000Z,FIPSCode,48377,0,2022-11-13T13:50:17.176Z,8,98.98,8,100,62962,1025,61.97,62492,550,33.25,63492,79,4.78,1671,99,1654,4047,8,8
1668348193,2022-11-13 08:03:13 -0600,fad006c6558fe852fa68d7aca59de9257eef04d6,TX,48377,2,2022-11-09T01:00:00.000Z,FIPSCode,48377,0,2022-11-13T13:50:17.176Z,8,98.98,8,100,62962,1025,61.97,62492,550,33.25,63492,79,4.78,1671,99,1654,4047,8,8
1668348234,2022-11-13 08:03:54 -0600,db2bfaa4ba33e05fc3d17c476134baed6cdd11c1,TX,48377,2,2022-11-09T01:00:00.000Z,FIPSCode,48377,0,2022-11-13T13:50:17.176Z,8,98.98,8,100,62962,1025,61.97,62492,550,33.25,63492,79,4.78,1671,99,1654,4047,8,8
1668348274,2022-11-13 08:04:34 -0600,4ecf7d8225dd4163f163473fa9eb4f305122b611,TX,48377,2,2022-11-09T01:00:00.000Z,FIPSCode,48377,0,2022-11-13T13:50:17.176Z,8,98.98,8,100,62962,1025,61.97,62492,550,33.25,63492,79,4.78,1671,99,1654,4047,8,8
1668348314,2022-11-13 08:05:14 -0600,040b325bb666fd5fccec86418707e851d3d10fc7,TX,48377,2,2022-11-09T01:00:00.000Z,FIPSCode,48377,0,2022-11-13T13:50:17.176Z,8,98.98,8,100,62962,1025,61.97,62492,550,33.25,63492,79,4.78,1671,99,1654,4047,8,8
1668348354,2022-11-13 08:05:54 -0600,ee4dcf9d340548443e8e8b56b9e522d7bee67fc9,TX,48377,2,2022-11-09T01:00:00.000Z,FIPSCode,48377,0,2022-11-13T13:50:17.176Z,8,98.98,8,100,62962,1025,61.97,62492,550,33.25,63492,79,4.78,1671,99,1654,4047,8,8
1668348434,2022-11-13 08:07:14 -0600,9d7eaa451bdaec24c2fa4e0295cbdf2f2a726137,TX,48377,2,2022-11-09T01:00:00.000Z,FIPSCode,48377,0,2022-11-13T13:50:17.176Z,8,98.98,8,100,62962,1025,61.97,62492,550,33.25,63492,79,4.78,1671,99,1654,4047,8,8
1668348476,2022-11-13 08:07:56 -0600,c150444b51e9fc077f588abe35de1cdc9193c9c1,TX,48377,2,2022-11-09T01:00:00.000Z,FIPSCode,48377,0,2022-11-13T13:50:17.176Z,8,98.98,8,100,62962,1025,61.97,62492,550,33.25,63492,79,4.78,1671,99,1654,4047,8,8
1668348515,2022-11-13 08:08:35 -0600,b26b10007c7aabcd6b3c72c9007bb6270a4b0c80,TX,48377,2,2022-11-09T01:00:00.000Z,FIPSCode,48377,0,2022-11-13T13:50:17.176Z,8,98.98,8,100,62962,1025,61.97,62492,550,33.25,63492,79,4.78,1671,99,1654,4047,8,8
1668348555,2022-11-13 08:09:15 -0600,477ee10bceb15ac3bf493d77278114135b83bab7,TX,48377,2,2022-11-09T01:00:00.000Z,FIPSCode,48377,0,2022-11-13T13:50:17.176Z,8,98.98,8,100,62962,1025,61.97,62492,550,33.25,63492,79,4.78,1671,99,1654,4047,8,8
1668348595,2022-11-13 08:09:55 -0600,331829ffebe4e80b71cba55174b5b639855168fb,TX,48377,2,2022-11-09T01:00:00.000Z,FIPSCode,48377,0,2022-11-13T13:50:17.176Z,8,98.98,8,100,62962,1025,61.97,62492,550,33.25,63492,79,4.78,1671,99,1654,4047,8,8
1668348716,2022-11-13 08:11:56 -0600,94b3bded5ab623d7154f2a9d586e903f452a7e3e,TX,48377,2,2022-11-09T01:00:00.000Z,FIPSCode,48377,0,2022-11-13T13:50:17.176Z,8,98.98,8,100,62962,1025,61.97,62492,550,33.25,63492,79,4.78,1671,99,1654,4047,8,8
1668348756,2022-11-13 08:12:36 -0600,f71c7c40ab55fee3213a178592e9af0900624efe,TX,48377,2,2022-11-09T01:00:00.000Z,FIPSCode,48377,0,2022-11-13T13:50:17.176Z,8,98.98,8,100,62962,1025,61.97,62492,550,33.25,63492,79,4.78,1671,99,1654,4047,8,8
1668348837,2022-11-13 08:13:57 -0600,f44396af6925803df2c26fa48189ce146d7152d9,TX,48377,2,2022-11-09T01:00:00.000Z,FIPSCode,48377,0,2022-11-13T13:50:17.176Z,8,98.98,8,100,62962,1025,61.97,62492,550,33.25,63492,79,4.78,1671,99,1654,4047,8,8
1668348877,2022-11-13 08:14:37 -0600,83e9edc652dde897ae5dc90d263fc3caf08e01a9,TX,48377,2,2022-11-09T01:00:00.000Z,FIPSCode,48377,0,2022-11-13T13:50:17.176Z,8,98.98,8,100,62962,1025,61.97,62492,550,33.25,63492,79,4.78,1671,99,1654,4047,8,8
1668348918,2022-11-13 08:15:18 -0600,d341f6f2e65376b6c037655c0ca425adc0342197,TX,48377,2,2022-11-09T01:00:00.000Z,FIPSCode,48377,0,2022-11-13T13:50:17.176Z,8,98.98,8,100,62962,1025,61.97,62492,550,33.25,63492,79,4.78,1671,99,1654,4047,8,8
1668348957,2022-11-13 08:15:57 -0600,698ebcc71a8d7fea2c8a5e6514bdaf73fb5de5e0,TX,48377,2,2022-11-09T01:00:00.000Z,FIPSCode,48377,0,2022-11-13T13:50:17.176Z,8,98.98,8,100,62962,1025,61.97,62492,550,33.25,63492,79,4.78,1671,99,1654,4047,8,8
1668348998,2022-11-13 08:16:38 -0600,441a5478b1ca8ea738043a73befcb62b74d10921,TX,48377,2,2022-11-09T01:00:00.000Z,FIPSCode,48377,0,2022-11-13T13:50:17.176Z,8,98.98,8,100,62962,1025,61.97,62492,550,33.25,63492,79,4.78,1671,99,1654,4047,8,8
1668349038,2022-11-13 08:17:18 -0600,e4d3433ee33b941083b55e3512b6d730903821a8,TX,48377,2,2022-11-09T01:00:00.000Z,FIPSCode,48377,0,2022-11-13T13:50:17.176Z,8,98.98,8,100,62962,1025,61.97,62492,550,33.25,63492,79,4.78,1671,99,1654,4047,8,8
1668349080,2022-11-13 08:18:00 -0600,8032dad2b87824a965cd5bab9c9ea06f507f0f4c,TX,48377,2,2022-11-09T01:00:00.000Z,FIPSCode,48377,0,2022-11-13T14:17:16.778Z,8,98.98,8,100,62962,1025,61.97,62492,550,33.25,63492,79,4.78,1671,99,1654,4047,8,8
1668349120,2022-11-13 08:18:40 -0600,c051ecab1f63e9b979b0a7447e588e1fe3ad73ba,TX,48377,2,2022-11-09T01:00:00.000Z,FIPSCode,48377,0,2022-11-13T14:17:16.778Z,8,98.98,8,100,62962,1025,61.97,62492,550,33.25,63492,79,4.78,1671,99,1654,4047,8,8
1668349160,2022-11-13 08:19:20 -0600,12795175be72ae7ed8df2dee37b61ac94d187730,TX,48377,2,2022-11-09T01:00:00.000Z,FIPSCode,48377,0,2022-11-13T14:18:19.186Z,8,98.98,8,100,62962,1025,61.97,62492,550,33.25,63492,79,4.78,1671,99,1654,4047,8,8
1668349200,2022-11-13 08:20:00 -0600,3a057f73cf6657cffd2a64ee2a6a3425dd54ad45,TX,48377,2,2022-11-09T01:00:00.000Z,FIPSCode,48377,0,2022-11-13T14:19:18.956Z,8,98.98,8,100,62962,1025,61.97,62492,550,33.25,63492,79,4.78,1671,99,1654,4047,8,8
1668349241,2022-11-13 08:20:41 -0600,0669f84b1bcde983949bcf1e725703d10f719039,TX,48377,2,2022-11-09T01:00:00.000Z,FIPSCode,48377,0,2022-11-13T14:19:18.956Z,8,98.98,8,100,62962,1025,61.97,62492,550,33.25,63492,79,4.78,1671,99,1654,4047,8,8
1668349281,2022-11-13 08:21:21 -0600,23bf6b792706a9867daeb3edc46f9e783defd9fb,TX,48377,2,2022-11-09T01:00:00.000Z,FIPSCode,48377,0,2022-11-13T14:19:18.956Z,8,98.98,8,100,62962,1025,61.97,62492,550,33.25,63492,79,4.78,1671,99,1654,4047,8,8
1668349320,2022-11-13 08:22:00 -0600,aa2805c14fa41d2a9585c8ad2d59f9820397778f,TX,48377,2,2022-11-09T01:00:00.000Z,FIPSCode,48377,0,2022-11-13T14:19:18.956Z,8,98.98,8,100,62962,1025,61.97,62492,550,33.25,63492,79,4.78,1671,99,1654,4047,8,8
1668349360,2022-11-13 08:22:40 -0600,45568d6867e97f20290ac665cb5a5d8d50484baa,TX,48377,2,2022-11-09T01:00:00.000Z,FIPSCode,48377,0,2022-11-13T14:19:18.956Z,8,98.98,8,100,62962,1025,61.97,62492,550,33.25,63492,79,4.78,1671,99,1654,4047,8,8
1668349400,2022-11-13 08:23:20 -0600,f11a4ca6634639d3ad293e247ce8d38934825db0,TX,48377,2,2022-11-09T01:00:00.000Z,FIPSCode,48377,0,2022-11-13T14:19:18.956Z,8,98.98,8,100,62962,1025,61.97,62492,550,33.25,63492,79,4.78,1671,99,1654,4047,8,8
1668349440,2022-11-13 08:24:00 -0600,ae76f366dd91b363355f32dfc650aa8b9b26d19c,TX,48377,2,2022-11-09T01:00:00.000Z,FIPSCode,48377,0,2022-11-13T14:19:18.956Z,8,98.98,8,100,62962,1025,61.97,62492,550,33.25,63492,79,4.78,1671,99,1654,4047,8,8
1668349481,2022-11-13 08:24:41 -0600,02e1770ada691fbe11fbf5b4e0b08faf0a3f3436,TX,48377,2,2022-11-09T01:00:00.000Z,FIPSCode,48377,0,2022-11-13T14:19:18.956Z,8,98.98,8,100,62962,1025,61.97,62492,550,33.25,63492,79,4.78,1671,99,1654,4047,8,8
1668349521,2022-11-13 08:25:21 -0600,649349a9e13dd5296caf88e94f09669bf7fc903c,TX,48377,2,2022-11-09T01:00:00.000Z,FIPSCode,48377,0,2022-11-13T14:19:18.956Z,8,98.98,8,100,62962,1025,61.97,62492,550,33.25,63492,79,4.78,1671,99,1654,4047,8,8
1668349561,2022-11-13 08:26:01 -0600,8fb0f6166e63ecd38393079b1e2a1b5f2be0d876,TX,48377,2,2022-11-09T01:00:00.000Z,FIPSCode,48377,0,2022-11-13T14:19:18.956Z,8,98.98,8,100,62962,1025,61.97,62492,550,33.25,63492,79,4.78,1671,99,1654,4047,8,8
1668349602,2022-11-13 08:26:42 -0600,d3b946aaad4b7589c52f269c2ea0fd92f9d05dac,TX,48377,2,2022-11-09T01:00:00.000Z,FIPSCode,48377,0,2022-11-13T14:19:18.956Z,8,98.98,8,100,62962,1025,61.97,62492,550,33.25,63492,79,4.78,1671,99,1654,4047,8,8
1668349684,2022-11-13 08:28:04 -0600,4a66fce77acf8b89cdd2ca0484d8495a9495e0ab,TX,48377,2,2022-11-09T01:00:00.000Z,FIPSCode,48377,0,2022-11-13T14:19:18.956Z,8,98.98,8,100,62962,1025,61.97,62492,550,33.25,63492,79,4.78,1671,99,1654,4047,8,8
1668349724,2022-11-13 08:28:44 -0600,87e436589505869ce03f27eb533eed18b90b7f47,TX,48377,2,2022-11-09T01:00:00.000Z,FIPSCode,48377,0,2022-11-13T14:19:18.956Z,8,98.98,8,100,62962,1025,61.97,62492,550,33.25,63492,79,4.78,1671,99,1654,4047,8,8
1668349764,2022-11-13 08:29:24 -0600,281a052a87af0270b9e7aebd2538094e27251069,TX,48377,2,2022-11-09T01:00:00.000Z,FIPSCode,48377,0,2022-11-13T14:19:18.956Z,8,98.98,8,100,62962,1025,61.97,62492,550,33.25,63492,79,4.78,1671,99,1654,4047,8,8
1668349804,2022-11-13 08:30:04 -0600,80fe5057bb85837499204873d0f446a4950cf600,TX,48377,2,2022-11-09T01:00:00.000Z,FIPSCode,48377,0,2022-11-13T14:19:18.956Z,8,98.98,8,100,62962,1025,61.97,62492,550,33.25,63492,79,4.78,1671,99,1654,4047,8,8
1668349844,2022-11-13 08:30:44 -0600,b0b9f6a819fb5f0460fb721bc49b386593625696,TX,48377,2,2022-11-09T01:00:00.000Z,FIPSCode,48377,0,2022-11-13T14:19:18.956Z,8,98.98,8,100,62962,1025,61.97,62492,550,33.25,63492,79,4.78,1671,99,1654,4047,8,8
1668349884,2022-11-13 08:31:24 -0600,e1e731af81a6461a1f05961829053ebda79909d0,TX,48377,2,2022-11-09T01:00:00.000Z,FIPSCode,48377,0,2022-11-13T14:19:18.956Z,8,98.98,8,100,62962,1025,61.97,62492,550,33.25,63492,79,4.78,1671,99,1654,4047,8,8
1668349924,2022-11-13 08:32:04 -0600,d6968c42a999a11b2e1fcf5257285abda8b186aa,TX,48377,2,2022-11-09T01:00:00.000Z,FIPSCode,48377,0,2022-11-13T14:19:18.956Z,8,98.98,8,100,62962,1025,61.97,62492,550,33.25,63492,79,4.78,1671,99,1654,4047,8,8
1668349963,2022-11-13 08:32:43 -0600,d345f47cd28cb0624fbb573e19b8f8907812c54a,TX,48377,2,2022-11-09T01:00:00.000Z,FIPSCode,48377,0,2022-11-13T14:19:18.956Z,8,98.98,8,100,62962,1025,61.97,62492,550,33.25,63492,79,4.78,1671,99,1654,4047,8,8
1668350003,2022-11-13 08:33:23 -0600,6c36543e0a80d3ed153d73102e7fc7c0a5e5ae2b,TX,48377,2,2022-11-09T01:00:00.000Z,FIPSCode,48377,0,2022-11-13T14:19:18.956Z,8,98.98,8,100,62962,1025,61.97,62492,550,33.25,63492,79,4.78,1671,99,1654,4047,8,8
1668350043,2022-11-13 08:34:03 -0600,2619908bb7551860bedc96374b291db80bd4eeab,TX,48377,2,2022-11-09T01:00:00.000Z,FIPSCode,48377,0,2022-11-13T14:19:18.956Z,8,98.98,8,100,62962,1025,61.97,62492,550,33.25,63492,79,4.78,1671,99,1654,4047,8,8
1668350083,2022-11-13 08:34:43 -0600,3874936f10602266d034c89852b874daa8785f64,TX,48377,2,2022-11-09T01:00:00.000Z,FIPSCode,48377,0,2022-11-13T14:19:18.956Z,8,98.98,8,100,62962,1025,61.97,62492,550,33.25,63492,79,4.78,1671,99,1654,4047,8,8
1668350123,2022-11-13 08:35:23 -0600,d503c6b6ef901b0667d4a4eeeeaec73d63dc467f,TX,48377,2,2022-11-09T01:00:00.000Z,FIPSCode,48377,0,2022-11-13T14:19:18.956Z,8,98.98,8,100,62962,1025,61.97,62492,550,33.25,63492,79,4.78,1671,99,1654,4047,8,8
1668350165,2022-11-13 08:36:05 -0600,09458ca0c49b710268a248fcc0e85d047da561d1,TX,48377,2,2022-11-09T01:00:00.000Z,FIPSCode,48377,0,2022-11-13T14:19:18.956Z,8,98.98,8,100,62962,1025,61.97,62492,550,33.25,63492,79,4.78,1671,99,1654,4047,8,8
1668350204,2022-11-13 08:36:44 -0600,b0157290d7d02fa736a7170bee882ec267027e73,TX,48377,2,2022-11-09T01:00:00.000Z,FIPSCode,48377,0,2022-11-13T14:19:18.956Z,8,98.98,8,100,62962,1025,61.97,62492,550,33.25,63492,79,4.78,1671,99,1654,4047,8,8
1668350363,2022-11-13 08:39:23 -0600,f90906b6c6a3c1a4f51edfd4279acf6b02bfb800,TX,48377,2,2022-11-09T01:00:00.000Z,FIPSCode,48377,0,2022-11-13T14:19:18.956Z,8,98.98,8,100,62962,1025,61.97,62492,550,33.25,63492,79,4.78,1671,99,1654,4047,8,8
1668350404,2022-11-13 08:40:04 -0600,23e7317c78c9e06ad0c99fd5da417b9a0a25664f,TX,48377,2,2022-11-09T01:00:00.000Z,FIPSCode,48377,0,2022-11-13T14:19:18.956Z,8,98.98,8,100,62962,1025,61.97,62492,550,33.25,63492,79,4.78,1671,99,1654,4047,8,8
1668350679,2022-11-13 08:44:39 -0600,324331f60e6d749e4994f5c4b69a54cca0e6ef1a,TX,48377,2,2022-11-09T01:00:00.000Z,FIPSCode,48377,0,2022-11-13T14:19:18.956Z,8,98.98,8,100,62962,1025,61.97,62492,550,33.25,63492,79,4.78,1671,99,1654,4047,8,8
1668350717,2022-11-13 08:45:17 -0600,47f0a98a2f29c09ebe1a37a81d150dc1eb83d17f,TX,48377,2,2022-11-09T01:00:00.000Z,FIPSCode,48377,0,2022-11-13T14:19:18.956Z,8,98.98,8,100,62962,1025,61.97,62492,550,33.25,63492,79,4.78,1671,99,1654,4047,8,8
1668350760,2022-11-13 08:46:00 -0600,e63d7c22df03fa11963f808a7b3dd102f064284b,TX,48377,2,2022-11-09T01:00:00.000Z,FIPSCode,48377,0,2022-11-13T14:19:18.956Z,8,98.98,8,100,62962,1025,61.97,62492,550,33.25,63492,79,4.78,1671,99,1654,4047,8,8
1668350799,2022-11-13 08:46:39 -0600,1505c895b1a1225fa7c0218e996b65968b944ef0,TX,48377,2,2022-11-09T01:00:00.000Z,FIPSCode,48377,0,2022-11-13T14:19:18.956Z,8,98.98,8,100,62962,1025,61.97,62492,550,33.25,63492,79,4.78,1671,99,1654,4047,8,8
1668350838,2022-11-13 08:47:18 -0600,5e153aa9c2b0a2252cb4a18b92cea469e41f522f,TX,48377,2,2022-11-09T01:00:00.000Z,FIPSCode,48377,0,2022-11-13T14:19:18.956Z,8,98.98,8,100,62962,1025,61.97,62492,550,33.25,63492,79,4.78,1671,99,1654,4047,8,8
1668350879,2022-11-13 08:47:59 -0600,4214792464e27d3d6a70bf487ec9fc480d7601f9,TX,48377,2,2022-11-09T01:00:00.000Z,FIPSCode,48377,0,2022-11-13T14:19:18.956Z,8,98.98,8,100,62962,1025,61.97,62492,550,33.25,63492,79,4.78,1671,99,1654,4047,8,8
1668350918,2022-11-13 08:48:38 -0600,896591eba50f0b2c0a2eec3cba5d74a5973b7ade,TX,48377,2,2022-11-09T01:00:00.000Z,FIPSCode,48377,0,2022-11-13T14:19:18.956Z,8,98.98,8,100,62962,1025,61.97,62492,550,33.25,63492,79,4.78,1671,99,1654,4047,8,8
1668350958,2022-11-13 08:49:18 -0600,260c886dfa377bad26a60bb011c4e438a737b851,TX,48377,2,2022-11-09T01:00:00.000Z,FIPSCode,48377,0,2022-11-13T14:19:18.956Z,8,98.98,8,100,62962,1025,61.97,62492,550,33.25,63492,79,4.78,1671,99,1654,4047,8,8
1668350998,2022-11-13 08:49:58 -0600,1832ac569e4c6f9230ec03ebabe521f25d3bc7f6,TX,48377,2,2022-11-09T01:00:00.000Z,FIPSCode,48377,0,2022-11-13T14:19:18.956Z,8,98.98,8,100,62962,1025,61.97,62492,550,33.25,63492,79,4.78,1671,99,1654,4047,8,8
1668351039,2022-11-13 08:50:39 -0600,8d51cfd5ad8689cfc944bc0de1c8aedf2f1a28a2,TX,48377,2,2022-11-09T01:00:00.000Z,FIPSCode,48377,0,2022-11-13T14:19:18.956Z,8,98.98,8,100,62962,1025,61.97,62492,550,33.25,63492,79,4.78,1671,99,1654,4047,8,8
1668351077,2022-11-13 08:51:17 -0600,99ae86f8f5b8de26d947473cd0500e78bc5a5603,TX,48377,2,2022-11-09T01:00:00.000Z,FIPSCode,48377,0,2022-11-13T14:19:18.956Z,8,98.98,8,100,62962,1025,61.97,62492,550,33.25,63492,79,4.78,1671,99,1654,4047,8,8
1668351117,2022-11-13 08:51:57 -0600,3306496e08472dae1336de1883897ca8b1485cc0,TX,48377,2,2022-11-09T01:00:00.000Z,FIPSCode,48377,0,2022-11-13T14:19:18.956Z,8,98.98,8,100,62962,1025,61.97,62492,550,33.25,63492,79,4.78,1671,99,1654,4047,8,8
1668351156,2022-11-13 08:52:36 -0600,eb2ddd3952500c4b30670d843063c9afaed631f8,TX,48377,2,2022-11-09T01:00:00.000Z,FIPSCode,48377,0,2022-11-13T14:19:18.956Z,8,98.98,8,100,62962,1025,61.97,62492,550,33.25,63492,79,4.78,1671,99,1654,4047,8,8
1668351197,2022-11-13 08:53:17 -0600,0d275464c75952fb0f7f03d2ba9cb800acac2626,TX,48377,2,2022-11-09T01:00:00.000Z,FIPSCode,48377,0,2022-11-13T14:19:18.956Z,8,98.98,8,100,62962,1025,61.97,62492,550,33.25,63492,79,4.78,1671,99,1654,4047,8,8
1668351235,2022-11-13 08:53:55 -0600,05e4369f765c4f1f134f31489eb083ef6cc661b8,TX,48377,2,2022-11-09T01:00:00.000Z,FIPSCode,48377,0,2022-11-13T14:19:18.956Z,8,98.98,8,100,62962,1025,61.97,62492,550,33.25,63492,79,4.78,1671,99,1654,4047,8,8
1668351280,2022-11-13 08:54:40 -0600,339b63b7a6d9778e5e1a91a4e28048b3ca35f449,TX,48377,2,2022-11-09T01:00:00.000Z,FIPSCode,48377,0,2022-11-13T14:19:18.956Z,8,98.98,8,100,62962,1025,61.97,62492,550,33.25,63492,79,4.78,1671,99,1654,4047,8,8
1668351319,2022-11-13 08:55:19 -0600,0668edd8a070404ba44e3f376e48ba68d2b1b851,TX,48377,2,2022-11-09T01:00:00.000Z,FIPSCode,48377,0,2022-11-13T14:19:18.956Z,8,98.98,8,100,62962,1025,61.97,62492,550,33.25,63492,79,4.78,1671,99,1654,4047,8,8
1668351359,2022-11-13 08:55:59 -0600,d161011d701e94b7309797774528474d532678d3,TX,48377,2,2022-11-09T01:00:00.000Z,FIPSCode,48377,0,2022-11-13T14:55:16.762Z,8,98.98,8,100,62962,1025,61.97,62492,550,33.25,63492,79,4.78,1671,99,1654,4047,8,8
1668351398,2022-11-13 08:56:38 -0600,6ae1241f9fecc0515a0303b19bb7b0b35d5bf5ae,TX,48377,2,2022-11-09T01:00:00.000Z,FIPSCode,48377,0,2022-11-13T14:55:16.762Z,8,98.98,8,100,62962,1025,61.97,62492,550,33.25,63492,79,4.78,1671,99,1654,4047,8,8
1668351438,2022-11-13 08:57:18 -0600,23f7746a8bd0766c3297ce8dc960ae4c9aa4a1cd,TX,48377,2,2022-11-09T01:00:00.000Z,FIPSCode,48377,0,2022-11-13T14:56:36.121Z,8,98.98,8,100,62962,1025,61.97,62492,550,33.25,63492,79,4.78,1671,99,1654,4047,8,8
1668351479,2022-11-13 08:57:59 -0600,b14f9b694e38b7c0f68b859090c571d21df4af9a,TX,48377,2,2022-11-09T01:00:00.000Z,FIPSCode,48377,0,2022-11-13T14:57:16.537Z,8,98.98,8,100,62962,1025,61.97,62492,550,33.25,63492,79,4.78,1671,99,1654,4047,8,8
1668351519,2022-11-13 08:58:39 -0600,8a47b68f6bf6ce67a499d5f76f4162968ce548bb,TX,48377,2,2022-11-09T01:00:00.000Z,FIPSCode,48377,0,2022-11-13T14:57:16.537Z,8,98.98,8,100,62962,1025,61.97,62492,550,33.25,63492,79,4.78,1671,99,1654,4047,8,8
1668351598,2022-11-13 08:59:58 -0600,d768ad43800fcb837a6964ee4b604c52e5e49e3c,TX,48377,2,2022-11-09T01:00:00.000Z,FIPSCode,48377,0,2022-11-13T14:59:16.762Z,8,98.98,8,100,62962,1025,61.97,62492,550,33.25,63492,79,4.78,1671,99,1654,4047,8,8
1668351637,2022-11-13 09:00:37 -0600,a92ab6ee249d06091414731b8d9afca664f71558,TX,48377,2,2022-11-09T01:00:00.000Z,FIPSCode,48377,0,2022-11-13T15:00:20.955Z,8,98.98,8,100,62962,1025,61.97,62492,550,33.25,63492,79,4.78,1671,99,1654,4047,8,8
1668351676,2022-11-13 09:01:16 -0600,d501a744b118cd7ec446b003bb17c44d406e6a46,TX,48377,2,2022-11-09T01:00:00.000Z,FIPSCode,48377,0,2022-11-13T15:00:20.955Z,8,98.98,8,100,62962,1025,61.97,62492,550,33.25,63492,79,4.78,1671,99,1654,4047,8,8
1668351716,2022-11-13 09:01:56 -0600,707a1b45c08ebb7c7b9d2ae469ee1225e43bec06,TX,48377,2,2022-11-09T01:00:00.000Z,FIPSCode,48377,0,2022-11-13T15:00:20.955Z,8,98.98,8,100,62962,1025,61.97,62492,550,33.25,63492,79,4.78,1671,99,1654,4047,8,8
1668351757,2022-11-13 09:02:37 -0600,e2b34923e7285040dbcc0ab18d70f9334801a14b,TX,48377,2,2022-11-09T01:00:00.000Z,FIPSCode,48377,0,2022-11-13T15:01:39.580Z,8,98.98,8,100,62962,1025,61.97,62492,550,33.25,63492,79,4.78,1671,99,1654,4047,8,8
1668351797,2022-11-13 09:03:17 -0600,b6d0c8e72d912db8b2beb177b0f6018d50274bc9,TX,48377,2,2022-11-09T01:00:00.000Z,FIPSCode,48377,0,2022-11-13T15:01:39.580Z,8,98.98,8,100,62962,1025,61.97,62492,550,33.25,63492,79,4.78,1671,99,1654,4047,8,8
1668351837,2022-11-13 09:03:57 -0600,bc78ddcbe9afb7742a1972e7f952930e3a5fedbc,TX,48377,2,2022-11-09T01:00:00.000Z,FIPSCode,48377,0,2022-11-13T15:01:39.580Z,8,98.98,8,100,62962,1025,61.97,62492,550,33.25,63492,79,4.78,1671,99,1654,4047,8,8
1668351877,2022-11-13 09:04:37 -0600,12fad6ef9ef7a597bff521bd6fe9461a283e203c,TX,48377,2,2022-11-09T01:00:00.000Z,FIPSCode,48377,0,2022-11-13T15:01:39.580Z,8,98.98,8,100,62962,1025,61.97,62492,550,33.25,63492,79,4.78,1671,99,1654,4047,8,8
1668351917,2022-11-13 09:05:17 -0600,6d1099392d03af8d65b63b29ab97228e417c9a84,TX,48377,2,2022-11-09T01:00:00.000Z,FIPSCode,48377,0,2022-11-13T15:01:39.580Z,8,98.98,8,100,62962,1025,61.97,62492,550,33.25,63492,79,4.78,1671,99,1654,4047,8,8
1668351958,2022-11-13 09:05:58 -0600,d4a2d4bb1a7fb671e078b64d46527d0732ba5fec,TX,48377,2,2022-11-09T01:00:00.000Z,FIPSCode,48377,0,2022-11-13T15:01:39.580Z,8,98.98,8,100,62962,1025,61.97,62492,550,33.25,63492,79,4.78,1671,99,1654,4047,8,8
1668351998,2022-11-13 09:06:38 -0600,27152978288d531b156e4496713895641d0b643f,TX,48377,2,2022-11-09T01:00:00.000Z,FIPSCode,48377,0,2022-11-13T15:01:39.580Z,8,98.98,8,100,62962,1025,61.97,62492,550,33.25,63492,79,4.78,1671,99,1654,4047,8,8
1668352038,2022-11-13 09:07:18 -0600,7b550788c5e5f9129f502f9de5a02466aaa5ca39,TX,48377,2,2022-11-09T01:00:00.000Z,FIPSCode,48377,0,2022-11-13T15:01:39.580Z,8,98.98,8,100,62962,1025,61.97,62492,550,33.25,63492,79,4.78,1671,99,1654,4047,8,8
1668352079,2022-11-13 09:07:59 -0600,45a368d26f1d49840ea3e594fb98e1282a75edc2,TX,48377,2,2022-11-09T01:00:00.000Z,FIPSCode,48377,0,2022-11-13T15:01:39.580Z,8,98.98,8,100,62962,1025,61.97,62492,550,33.25,63492,79,4.78,1671,99,1654,4047,8,8
1668352119,2022-11-13 09:08:39 -0600,17f3e9d5a215bbb89460f1fd7f16d1761f138818,TX,48377,2,2022-11-09T01:00:00.000Z,FIPSCode,48377,0,2022-11-13T15:01:39.580Z,8,98.98,8,100,62962,1025,61.97,62492,550,33.25,63492,79,4.78,1671,99,1654,4047,8,8
1668352160,2022-11-13 09:09:20 -0600,10c73afb401e64413e4fe84d8d395043e8ea453b,TX,48377,2,2022-11-09T01:00:00.000Z,FIPSCode,48377,0,2022-11-13T15:01:39.580Z,8,98.98,8,100,62962,1025,61.97,62492,550,33.25,63492,79,4.78,1671,99,1654,4047,8,8
1668352200,2022-11-13 09:10:00 -0600,f6721c9b26eff489b9d24e9d94a0fed4057e4733,TX,48377,2,2022-11-09T01:00:00.000Z,FIPSCode,48377,0,2022-11-13T15:01:39.580Z,8,98.98,8,100,62962,1025,61.97,62492,550,33.25,63492,79,4.78,1671,99,1654,4047,8,8
1668352241,2022-11-13 09:10:41 -0600,3789e1c6fd15584a1787c795110a0837850d1576,TX,48377,2,2022-11-09T01:00:00.000Z,FIPSCode,48377,0,2022-11-13T15:01:39.580Z,8,98.98,8,100,62962,1025,61.97,62492,550,33.25,63492,79,4.78,1671,99,1654,4047,8,8
1668352281,2022-11-13 09:11:21 -0600,da944f9c48ecb6aaa92233ed29a74c8aae4b31a9,TX,48377,2,2022-11-09T01:00:00.000Z,FIPSCode,48377,0,2022-11-13T15:01:39.580Z,8,98.98,8,100,62962,1025,61.97,62492,550,33.25,63492,79,4.78,1671,99,1654,4047,8,8
1668352321,2022-11-13 09:12:01 -0600,24f27cf232a22faa0ca0dce5d81f79d79f16f3de,TX,48377,2,2022-11-09T01:00:00.000Z,FIPSCode,48377,0,2022-11-13T15:01:39.580Z,8,98.98,8,100,62962,1025,61.97,62492,550,33.25,63492,79,4.78,1671,99,1654,4047,8,8
1668352361,2022-11-13 09:12:41 -0600,97b1361003b7d30c67e6ea75a5652be2be7afc62,TX,48377,2,2022-11-09T01:00:00.000Z,FIPSCode,48377,0,2022-11-13T15:01:39.580Z,8,98.98,8,100,62962,1025,61.97,62492,550,33.25,63492,79,4.78,1671,99,1654,4047,8,8
1668352402,2022-11-13 09:13:22 -0600,342d535db12abb19cfc6105ad4442a320c07da31,TX,48377,2,2022-11-09T01:00:00.000Z,FIPSCode,48377,0,2022-11-13T15:01:39.580Z,8,98.98,8,100,62962,1025,61.97,62492,550,33.25,63492,79,4.78,1671,99,1654,4047,8,8
1668352442,2022-11-13 09:14:02 -0600,51eda80be3804d1cfb5b2ed76c34f8b1d6ed82c8,TX,48377,2,2022-11-09T01:00:00.000Z,FIPSCode,48377,0,2022-11-13T15:01:39.580Z,8,98.98,8,100,62962,1025,61.97,62492,550,33.25,63492,79,4.78,1671,99,1654,4047,8,8
1668352482,2022-11-13 09:14:42 -0600,b46f5de85888a32ff1b265defa01b15dbaa1e839,TX,48377,2,2022-11-09T01:00:00.000Z,FIPSCode,48377,0,2022-11-13T15:01:39.580Z,8,98.98,8,100,62962,1025,61.97,62492,550,33.25,63492,79,4.78,1671,99,1654,4047,8,8
1668352522,2022-11-13 09:15:22 -0600,9a6c4a51205bb3627061ce250a29a7af84a4ba4e,TX,48377,2,2022-11-09T01:00:00.000Z,FIPSCode,48377,0,2022-11-13T15:01:39.580Z,8,98.98,8,100,62962,1025,61.97,62492,550,33.25,63492,79,4.78,1671,99,1654,4047,8,8
1668352563,2022-11-13 09:16:03 -0600,d15def39b4aa86352324cbc5a45941bafe1f12d3,TX,48377,2,2022-11-09T01:00:00.000Z,FIPSCode,48377,0,2022-11-13T15:01:39.580Z,8,98.98,8,100,62962,1025,61.97,62492,550,33.25,63492,79,4.78,1671,99,1654,4047,8,8
1668352604,2022-11-13 09:16:44 -0600,a70ee65728db97c226d13c1bee09a60200add199,TX,48377,2,2022-11-09T01:00:00.000Z,FIPSCode,48377,0,2022-11-13T15:01:39.580Z,8,98.98,8,100,62962,1025,61.97,62492,550,33.25,63492,79,4.78,1671,99,1654,4047,8,8
1668352684,2022-11-13 09:18:04 -0600,e13f0c1c27084fb22d58f6b4761c0dd342c9093a,TX,48377,2,2022-11-09T01:00:00.000Z,FIPSCode,48377,0,2022-11-13T15:01:39.580Z,8,98.98,8,100,62962,1025,61.97,62492,550,33.25,63492,79,4.78,1671,99,1654,4047,8,8
1668352724,2022-11-13 09:18:44 -0600,285b78165209c6d49e24b0cf905ba4c5fca5f8db,TX,48377,2,2022-11-09T01:00:00.000Z,FIPSCode,48377,0,2022-11-13T15:01:39.580Z,8,98.98,8,100,62962,1025,61.97,62492,550,33.25,63492,79,4.78,1671,99,1654,4047,8,8
1668352886,2022-11-13 09:21:26 -0600,70d2f0d8eaceb5ff9adc0ebcb0a2fe175ce6b7f7,TX,48377,2,2022-11-09T01:00:00.000Z,FIPSCode,48377,0,2022-11-13T15:01:39.580Z,8,98.98,8,100,62962,1025,61.97,62492,550,33.25,63492,79,4.78,1671,99,1654,4047,8,8
1668352927,2022-11-13 09:22:07 -0600,840744f7f0348f226370a1507d3cbbf724ee01e0,TX,48377,2,2022-11-09T01:00:00.000Z,FIPSCode,48377,0,2022-11-13T15:01:39.580Z,8,98.98,8,100,62962,1025,61.97,62492,550,33.25,63492,79,4.78,1671,99,1654,4047,8,8
1668352968,2022-11-13 09:22:48 -0600,b7e77233ee709bdf6cae34804ee1d8457d105f39,TX,48377,2,2022-11-09T01:00:00.000Z,FIPSCode,48377,0,2022-11-13T15:01:39.580Z,8,98.98,8,100,62962,1025,61.97,62492,550,33.25,63492,79,4.78,1671,99,1654,4047,8,8
1668353048,2022-11-13 09:24:08 -0600,ad709ce31d37754b95f3c25777cbf703e21fa09a,TX,48377,2,2022-11-09T01:00:00.000Z,FIPSCode,48377,0,2022-11-13T15:01:39.580Z,8,98.98,8,100,62962,1025,61.97,62492,550,33.25,63492,79,4.78,1671,99,1654,4047,8,8
1668353089,2022-11-13 09:24:49 -0600,a2ab49682770005004e175866676b92fb7570bef,TX,48377,2,2022-11-09T01:00:00.000Z,FIPSCode,48377,0,2022-11-13T15:01:39.580Z,8,98.98,8,100,62962,1025,61.97,62492,550,33.25,63492,79,4.78,1671,99,1654,4047,8,8
1668353171,2022-11-13 09:26:11 -0600,f72a5d056e58695a6079ec70a5086df16f1ca8cf,TX,48377,2,2022-11-09T01:00:00.000Z,FIPSCode,48377,0,2022-11-13T15:25:17.699Z,8,98.98,8,100,62962,1025,61.97,62492,550,33.25,63492,79,4.78,1671,99,1654,4047,8,8
1668353212,2022-11-13 09:26:52 -0600,63be36943f309d7654c9349db0f2da8cb46b43b3,TX,48377,2,2022-11-09T01:00:00.000Z,FIPSCode,48377,0,2022-11-13T15:25:17.699Z,8,98.98,8,100,62962,1025,61.97,62492,550,33.25,63492,79,4.78,1671,99,1654,4047,8,8
1668353252,2022-11-13 09:27:32 -0600,71ba83456df484010fae0395d98cda0e9a6a7ad2,TX,48377,2,2022-11-09T01:00:00.000Z,FIPSCode,48377,0,2022-11-13T15:26:36.795Z,8,98.98,8,100,62962,1025,61.97,62492,550,33.25,63492,79,4.78,1671,99,1654,4047,8,8
1668353292,2022-11-13 09:28:12 -0600,5c19efca9130e187a7060bf2d234327f8d63faff,TX,48377,2,2022-11-09T01:00:00.000Z,FIPSCode,48377,0,2022-11-13T15:27:17.415Z,8,98.98,8,100,62962,1025,61.97,62492,550,33.25,63492,79,4.78,1671,99,1654,4047,8,8
1668353333,2022-11-13 09:28:53 -0600,f62accb8c314f38a0c4f5842ec0b26d548e15b1f,TX,48377,2,2022-11-09T01:00:00.000Z,FIPSCode,48377,0,2022-11-13T15:27:17.415Z,8,98.98,8,100,62962,1025,61.97,62492,550,33.25,63492,79,4.78,1671,99,1654,4047,8,8
1668353412,2022-11-13 09:30:12 -0600,3af7397a1ad380e89232b1735e530a8fb639233f,TX,48377,2,2022-11-09T01:00:00.000Z,FIPSCode,48377,0,2022-11-13T15:27:17.415Z,8,98.98,8,100,62962,1025,61.97,62492,550,33.25,63492,79,4.78,1671,99,1654,4047,8,8
1668353453,2022-11-13 09:30:53 -0600,26afd0d805e461739155d9060034b00c8da6a7c8,TX,48377,2,2022-11-09T01:00:00.000Z,FIPSCode,48377,0,2022-11-13T15:27:17.415Z,8,98.98,8,100,62962,1025,61.97,62492,550,33.25,63492,79,4.78,1671,99,1654,4047,8,8
1668353494,2022-11-13 09:31:34 -0600,c9f8c6ba3e584e8907be66a6eb021c22b6db8e25,TX,48377,2,2022-11-09T01:00:00.000Z,FIPSCode,48377,0,2022-11-13T15:27:17.415Z,8,98.98,8,100,62962,1025,61.97,62492,550,33.25,63492,79,4.78,1671,99,1654,4047,8,8
1668353534,2022-11-13 09:32:14 -0600,613e9a53766d13979d6a64d8810aafb957de93d0,TX,48377,2,2022-11-09T01:00:00.000Z,FIPSCode,48377,0,2022-11-13T15:27:17.415Z,8,98.98,8,100,62962,1025,61.97,62492,550,33.25,63492,79,4.78,1671,99,1654,4047,8,8
1668353575,2022-11-13 09:32:55 -0600,4774c0f6c209aa2d1fd9e9535e0e6fd5176bcb34,TX,48377,2,2022-11-09T01:00:00.000Z,FIPSCode,48377,0,2022-11-13T15:27:17.415Z,8,98.98,8,100,62962,1025,61.97,62492,550,33.25,63492,79,4.78,1671,99,1654,4047,8,8
1668353615,2022-11-13 09:33:35 -0600,986162a4f786f3446f7b4aad09c2d24b5f5586a9,TX,48377,2,2022-11-09T01:00:00.000Z,FIPSCode,48377,0,2022-11-13T15:27:17.415Z,8,98.98,8,100,62962,1025,61.97,62492,550,33.25,63492,79,4.78,1671,99,1654,4047,8,8
1668353656,2022-11-13 09:34:16 -0600,14d8643868acb2ca2b00dd52cae222ae12633c53,TX,48377,2,2022-11-09T01:00:00.000Z,FIPSCode,48377,0,2022-11-13T15:27:17.415Z,8,98.98,8,100,62962,1025,61.97,62492,550,33.25,63492,79,4.78,1671,99,1654,4047,8,8
1668353696,2022-11-13 09:34:56 -0600,94954961d876fcb86f09c6decea5d948b8f3efe7,TX,48377,2,2022-11-09T01:00:00.000Z,FIPSCode,48377,0,2022-11-13T15:27:17.415Z,8,98.98,8,100,62962,1025,61.97,62492,550,33.25,63492,79,4.78,1671,99,1654,4047,8,8
1668353736,2022-11-13 09:35:36 -0600,c6d7aedc674004fd59d1252b264794c6b6c0e150,TX,48377,2,2022-11-09T01:00:00.000Z,FIPSCode,48377,0,2022-11-13T15:27:17.415Z,8,98.98,8,100,62962,1025,61.97,62492,550,33.25,63492,79,4.78,1671,99,1654,4047,8,8
1668353777,2022-11-13 09:36:17 -0600,f7d17520ee60ff13370e0a1a841a0a550b7e77a4,TX,48377,2,2022-11-09T01:00:00.000Z,FIPSCode,48377,0,2022-11-13T15:27:17.415Z,8,98.98,8,100,62962,1025,61.97,62492,550,33.25,63492,79,4.78,1671,99,1654,4047,8,8
1668353817,2022-11-13 09:36:57 -0600,f6a2499ac41ab3236bf3e1798b478a9f08ca7428,TX,48377,2,2022-11-09T01:00:00.000Z,FIPSCode,48377,0,2022-11-13T15:27:17.415Z,8,98.98,8,100,62962,1025,61.97,62492,550,33.25,63492,79,4.78,1671,99,1654,4047,8,8
1668353897,2022-11-13 09:38:17 -0600,1b36e0c0d01aa18556f925706aabd913c65d54ba,TX,48377,2,2022-11-09T01:00:00.000Z,FIPSCode,48377,0,2022-11-13T15:27:17.415Z,8,98.98,8,100,62962,1025,61.97,62492,550,33.25,63492,79,4.78,1671,99,1654,4047,8,8
1668353938,2022-11-13 09:38:58 -0600,fc01041b42f2f0fef07c93c3e2a9d3ca9b325b50,TX,48377,2,2022-11-09T01:00:00.000Z,FIPSCode,48377,0,2022-11-13T15:27:17.415Z,8,98.98,8,100,62962,1025,61.97,62492,550,33.25,63492,79,4.78,1671,99,1654,4047,8,8
1668353978,2022-11-13 09:39:38 -0600,69c3b1c29d205fd1aafd3450746e37e1a152463b,TX,48377,2,2022-11-09T01:00:00.000Z,FIPSCode,48377,0,2022-11-13T15:27:17.415Z,8,98.98,8,100,62962,1025,61.97,62492,550,33.25,63492,79,4.78,1671,99,1654,4047,8,8
1668354017,2022-11-13 09:40:17 -0600,9261c205af95d2d851ba35b768a99eb3d6435564,TX,48377,2,2022-11-09T01:00:00.000Z,FIPSCode,48377,0,2022-11-13T15:27:17.415Z,8,98.98,8,100,62962,1025,61.97,62492,550,33.25,63492,79,4.78,1671,99,1654,4047,8,8
1668354057,2022-11-13 09:40:57 -0600,7a2489662901b66061b7f1e2f189d5aea82d75aa,TX,48377,2,2022-11-09T01:00:00.000Z,FIPSCode,48377,0,2022-11-13T15:27:17.415Z,8,98.98,8,100,62962,1025,61.97,62492,550,33.25,63492,79,4.78,1671,99,1654,4047,8,8
1668354097,2022-11-13 09:41:37 -0600,fac6105467b6b6534c0b392386a05b23b516d64d,TX,48377,2,2022-11-09T01:00:00.000Z,FIPSCode,48377,0,2022-11-13T15:27:17.415Z,8,98.98,8,100,62962,1025,61.97,62492,550,33.25,63492,79,4.78,1671,99,1654,4047,8,8
1668354138,2022-11-13 09:42:18 -0600,e8d045d48ba2f6d50431bc90b1986b21af81ac38,TX,48377,2,2022-11-09T01:00:00.000Z,FIPSCode,48377,0,2022-11-13T15:27:17.415Z,8,98.98,8,100,62962,1025,61.97,62492,550,33.25,63492,79,4.78,1671,99,1654,4047,8,8
1668354179,2022-11-13 09:42:59 -0600,e1084d0c2111dd325a67ad01c6b17388ed1a20f4,TX,48377,2,2022-11-09T01:00:00.000Z,FIPSCode,48377,0,2022-11-13T15:27:17.415Z,8,98.98,8,100,62962,1025,61.97,62492,550,33.25,63492,79,4.78,1671,99,1654,4047,8,8
1668354220,2022-11-13 09:43:40 -0600,6def46867f7f340be8c359f7f469dc6abcd6586d,TX,48377,2,2022-11-09T01:00:00.000Z,FIPSCode,48377,0,2022-11-13T15:27:17.415Z,8,98.98,8,100,62962,1025,61.97,62492,550,33.25,63492,79,4.78,1671,99,1654,4047,8,8
1668354261,2022-11-13 09:44:21 -0600,6f3c3317588386033eeda8b02c9a109c66c2cdf2,TX,48377,2,2022-11-09T01:00:00.000Z,FIPSCode,48377,0,2022-11-13T15:27:17.415Z,8,98.98,8,100,62962,1025,61.97,62492,550,33.25,63492,79,4.78,1671,99,1654,4047,8,8
1668354301,2022-11-13 09:45:01 -0600,cff1be31d1fa32185ea7039e84f82675fa069e93,TX,48377,2,2022-11-09T01:00:00.000Z,FIPSCode,48377,0,2022-11-13T15:27:17.415Z,8,98.98,8,100,62962,1025,61.97,62492,550,33.25,63492,79,4.78,1671,99,1654,4047,8,8
1668354380,2022-11-13 09:46:20 -0600,c61261899b76328489a7eae49920c0471499a66b,TX,48377,2,2022-11-09T01:00:00.000Z,FIPSCode,48377,0,2022-11-13T15:27:17.415Z,8,98.98,8,100,62962,1025,61.97,62492,550,33.25,63492,79,4.78,1671,99,1654,4047,8,8
1668354421,2022-11-13 09:47:01 -0600,60158b91856695e95fd69d5716a464fcccc4673c,TX,48377,2,2022-11-09T01:00:00.000Z,FIPSCode,48377,0,2022-11-13T15:27:17.415Z,8,98.98,8,100,62962,1025,61.97,62492,550,33.25,63492,79,4.78,1671,99,1654,4047,8,8
1668354462,2022-11-13 09:47:42 -0600,5828e6b747fd741921cc627551675e491bfa2b9a,TX,48377,2,2022-11-09T01:00:00.000Z,FIPSCode,48377,0,2022-11-13T15:27:17.415Z,8,98.98,8,100,62962,1025,61.97,62492,550,33.25,63492,79,4.78,1671,99,1654,4047,8,8
1668354502,2022-11-13 09:48:22 -0600,78ee013f53c992fc93f19b4dee798715d67649bd,TX,48377,2,2022-11-09T01:00:00.000Z,FIPSCode,48377,0,2022-11-13T15:27:17.415Z,8,98.98,8,100,62962,1025,61.97,62492,550,33.25,63492,79,4.78,1671,99,1654,4047,8,8
1668354542,2022-11-13 09:49:02 -0600,395bcb6903225c96845850528edc83cd7958d222,TX,48377,2,2022-11-09T01:00:00.000Z,FIPSCode,48377,0,2022-11-13T15:27:17.415Z,8,98.98,8,100,62962,1025,61.97,62492,550,33.25,63492,79,4.78,1671,99,1654,4047,8,8
1668354583,2022-11-13 09:49:43 -0600,66c556f3d83e6bc9f18be44eedb563a44afe8111,TX,48377,2,2022-11-09T01:00:00.000Z,FIPSCode,48377,0,2022-11-13T15:27:17.415Z,8,98.98,8,100,62962,1025,61.97,62492,550,33.25,63492,79,4.78,1671,99,1654,4047,8,8
1668354623,2022-11-13 09:50:23 -0600,d38db4ec2d4a404ea1f1fb795a8dfc698fa6a964,TX,48377,2,2022-11-09T01:00:00.000Z,FIPSCode,48377,0,2022-11-13T15:27:17.415Z,8,98.98,8,100,62962,1025,61.97,62492,550,33.25,63492,79,4.78,1671,99,1654,4047,8,8
1668354664,2022-11-13 09:51:04 -0600,98fe164cf90ab3faa26f952200483047ce8fe2cd,TX,48377,2,2022-11-09T01:00:00.000Z,FIPSCode,48377,0,2022-11-13T15:27:17.415Z,8,98.98,8,100,62962,1025,61.97,62492,550,33.25,63492,79,4.78,1671,99,1654,4047,8,8
1668354704,2022-11-13 09:51:44 -0600,2d44ae314de7be064ea4b9b7541face83bf1bd0c,TX,48377,2,2022-11-09T01:00:00.000Z,FIPSCode,48377,0,2022-11-13T15:27:17.415Z,8,98.98,8,100,62962,1025,61.97,62492,550,33.25,63492,79,4.78,1671,99,1654,4047,8,8
1668354745,2022-11-13 09:52:25 -0600,e11eafbcd699863f45e6f16a02d635fea6dfa647,TX,48377,2,2022-11-09T01:00:00.000Z,FIPSCode,48377,0,2022-11-13T15:27:17.415Z,8,98.98,8,100,62962,1025,61.97,62492,550,33.25,63492,79,4.78,1671,99,1654,4047,8,8
1668354785,2022-11-13 09:53:05 -0600,0724bca9318dafadbb62b4f737a51d68eb3d1800,TX,48377,2,2022-11-09T01:00:00.000Z,FIPSCode,48377,0,2022-11-13T15:27:17.415Z,8,98.98,8,100,62962,1025,61.97,62492,550,33.25,63492,79,4.78,1671,99,1654,4047,8,8
1668354866,2022-11-13 09:54:26 -0600,ee37d75d107851926c2411bfb9bdba01fb1e6691,TX,48377,2,2022-11-09T01:00:00.000Z,FIPSCode,48377,0,2022-11-13T15:27:17.415Z,8,98.98,8,100,62962,1025,61.97,62492,550,33.25,63492,79,4.78,1671,99,1654,4047,8,8
1668354906,2022-11-13 09:55:06 -0600,30d90352aee600d5decf8d79c63c09ce0874aed2,TX,48377,2,2022-11-09T01:00:00.000Z,FIPSCode,48377,0,2022-11-13T15:27:17.415Z,8,98.98,8,100,62962,1025,61.97,62492,550,33.25,63492,79,4.78,1671,99,1654,4047,8,8
1668354987,2022-11-13 09:56:27 -0600,4301111804d9c446426a9995658ddef8ae9916c7,TX,48377,2,2022-11-09T01:00:00.000Z,FIPSCode,48377,0,2022-11-13T15:27:17.415Z,8,98.98,8,100,62962,1025,61.97,62492,550,33.25,63492,79,4.78,1671,99,1654,4047,8,8
1668355027,2022-11-13 09:57:07 -0600,4bf7b2084b961b57166aad9659f123fb4cb813a8,TX,48377,2,2022-11-09T01:00:00.000Z,FIPSCode,48377,0,2022-11-13T15:27:17.415Z,8,98.98,8,100,62962,1025,61.97,62492,550,33.25,63492,79,4.78,1671,99,1654,4047,8,8
1668355108,2022-11-13 09:58:28 -0600,aff6c35c15d6b6c0d30f236b3048db54878bb5ab,TX,48377,2,2022-11-09T01:00:00.000Z,FIPSCode,48377,0,2022-11-13T15:27:17.415Z,8,98.98,8,100,62962,1025,61.97,62492,550,33.25,63492,79,4.78,1671,99,1654,4047,8,8
1668355147,2022-11-13 09:59:07 -0600,74055e8ed82e8e53263f1f584a2e60b43b88dbdd,TX,48377,2,2022-11-09T01:00:00.000Z,FIPSCode,48377,0,2022-11-13T15:27:17.415Z,8,98.98,8,100,62962,1025,61.97,62492,550,33.25,63492,79,4.78,1671,99,1654,4047,8,8
1668355188,2022-11-13 09:59:48 -0600,7990343cc6d9e23be1e736ef1572adde7bc36d4d,TX,48377,2,2022-11-09T01:00:00.000Z,FIPSCode,48377,0,2022-11-13T15:27:17.415Z,8,98.98,8,100,62962,1025,61.97,62492,550,33.25,63492,79,4.78,1671,99,1654,4047,8,8
1668355228,2022-11-13 10:00:28 -0600,cc89462e1d850f0738859b125b07b0b84e053513,TX,48377,2,2022-11-09T01:00:00.000Z,FIPSCode,48377,0,2022-11-13T15:27:17.415Z,8,98.98,8,100,62962,1025,61.97,62492,550,33.25,63492,79,4.78,1671,99,1654,4047,8,8
1668355269,2022-11-13 10:01:09 -0600,d15e4111784825ca079f245c3cdad4f105b4ebfa,TX,48377,2,2022-11-09T01:00:00.000Z,FIPSCode,48377,0,2022-11-13T15:27:17.415Z,8,98.98,8,100,62962,1025,61.97,62492,550,33.25,63492,79,4.78,1671,99,1654,4047,8,8
1668355310,2022-11-13 10:01:50 -0600,9034b0847fff98ecad0105d13192547a8ba82adb,TX,48377,2,2022-11-09T01:00:00.000Z,FIPSCode,48377,0,2022-11-13T15:27:17.415Z,8,98.98,8,100,62962,1025,61.97,62492,550,33.25,63492,79,4.78,1671,99,1654,4047,8,8
1668355351,2022-11-13 10:02:31 -0600,99ed54e77587d3880664c1c0f988eb7da94b6964,TX,48377,2,2022-11-09T01:00:00.000Z,FIPSCode,48377,0,2022-11-13T15:27:17.415Z,8,98.98,8,100,62962,1025,61.97,62492,550,33.25,63492,79,4.78,1671,99,1654,4047,8,8
1668355393,2022-11-13 10:03:13 -0600,f281036789e73498cb4588a2da305d9b4a83e24d,TX,48377,2,2022-11-09T01:00:00.000Z,FIPSCode,48377,0,2022-11-13T15:27:17.415Z,8,98.98,8,100,62962,1025,61.97,62492,550,33.25,63492,79,4.78,1671,99,1654,4047,8,8
1668355435,2022-11-13 10:03:55 -0600,d912dcb332f338d2d49260312eeaaa87583c6b16,TX,48377,2,2022-11-09T01:00:00.000Z,FIPSCode,48377,0,2022-11-13T15:27:17.415Z,8,98.98,8,100,62962,1025,61.97,62492,550,33.25,63492,79,4.78,1671,99,1654,4047,8,8
1668355476,2022-11-13 10:04:36 -0600,4769fdc2abf35a5cc97e3798f10dec8362520b9c,TX,48377,2,2022-11-09T01:00:00.000Z,FIPSCode,48377,0,2022-11-13T15:27:17.415Z,8,98.98,8,100,62962,1025,61.97,62492,550,33.25,63492,79,4.78,1671,99,1654,4047,8,8
1668355518,2022-11-13 10:05:18 -0600,85ee1c4151dc14a964b79dff9fcbeb19231b90f5,TX,48377,2,2022-11-09T01:00:00.000Z,FIPSCode,48377,0,2022-11-13T15:27:17.415Z,8,98.98,8,100,62962,1025,61.97,62492,550,33.25,63492,79,4.78,1671,99,1654,4047,8,8
1668355560,2022-11-13 10:06:00 -0600,037c24f2ea43cbeb1d7c23b1be826aca5f9a1d2d,TX,48377,2,2022-11-09T01:00:00.000Z,FIPSCode,48377,0,2022-11-13T15:27:17.415Z,8,98.98,8,100,62962,1025,61.97,62492,550,33.25,63492,79,4.78,1671,99,1654,4047,8,8
1668355601,2022-11-13 10:06:41 -0600,1e2bcd8571700cdbe7a28857d93dbe281ee71ea6,TX,48377,2,2022-11-09T01:00:00.000Z,FIPSCode,48377,0,2022-11-13T16:06:17.791Z,8,98.98,8,100,62962,1025,61.97,62492,550,33.25,63492,79,4.78,1671,99,1654,4047,8,8
1668355643,2022-11-13 10:07:23 -0600,b00fd18cb5702563b62cd38db3466968167508fb,TX,48377,2,2022-11-09T01:00:00.000Z,FIPSCode,48377,0,2022-11-13T16:06:17.791Z,8,98.98,8,100,62962,1025,61.97,62492,550,33.25,63492,79,4.78,1671,99,1654,4047,8,8
1668355684,2022-11-13 10:08:04 -0600,3006ab18b45456de5015c3cfd5bd79140d9fd432,TX,48377,2,2022-11-09T01:00:00.000Z,FIPSCode,48377,0,2022-11-13T16:07:17.747Z,8,98.98,8,100,62962,1025,61.97,62492,550,33.25,63492,79,4.78,1671,99,1654,4047,8,8
1668355809,2022-11-13 10:10:09 -0600,fb85f03248946b3911d2e7aff9855613cdf1e1a8,TX,48377,2,2022-11-09T01:00:00.000Z,FIPSCode,48377,0,2022-11-13T16:08:17.110Z,8,98.98,8,100,62962,1025,61.97,62492,550,33.25,63492,79,4.78,1671,99,1654,4047,8,8
1668355852,2022-11-13 10:10:52 -0600,9cce6d92cb74adef41f7ddcf5688729617d7ddff,TX,48377,2,2022-11-09T01:00:00.000Z,FIPSCode,48377,0,2022-11-13T16:08:17.110Z,8,98.98,8,100,62962,1025,61.97,62492,550,33.25,63492,79,4.78,1671,99,1654,4047,8,8
1668355935,2022-11-13 10:12:15 -0600,df22b64d6db887a9cd61742b266a301e39753e06,TX,48377,2,2022-11-09T01:00:00.000Z,FIPSCode,48377,0,2022-11-13T16:08:17.110Z,8,98.98,8,100,62962,1025,61.97,62492,550,33.25,63492,79,4.78,1671,99,1654,4047,8,8
1668355976,2022-11-13 10:12:56 -0600,82e1268293af296e52241790acda61190ec51905,TX,48377,2,2022-11-09T01:00:00.000Z,FIPSCode,48377,0,2022-11-13T16:12:20.164Z,8,98.98,8,100,62962,1025,61.97,62492,550,33.25,63492,79,4.78,1671,99,1654,4047,8,8
1668356017,2022-11-13 10:13:37 -0600,fdf5eee9479cc357d8570cf805b06680bd62ed25,TX,48377,2,2022-11-09T01:00:00.000Z,FIPSCode,48377,0,2022-11-13T16:13:17.402Z,8,98.98,8,100,62962,1025,61.97,62492,550,33.25,63492,79,4.78,1671,99,1654,4047,8,8
1668356059,2022-11-13 10:14:19 -0600,c33cb417a40cabd2b3f42b857f0273bbaf615e03,TX,48377,2,2022-11-09T01:00:00.000Z,FIPSCode,48377,0,2022-11-13T16:13:17.402Z,8,98.98,8,100,62962,1025,61.97,62492,550,33.25,63492,79,4.78,1671,99,1654,4047,8,8
1668356100,2022-11-13 10:15:00 -0600,a1e659ccf2dd674e8d6ce4fcaf868c93da3eb47f,TX,48377,2,2022-11-09T01:00:00.000Z,FIPSCode,48377,0,2022-11-13T16:14:16.562Z,8,98.98,8,100,62962,1025,61.97,62492,550,33.25,63492,79,4.78,1671,99,1654,4047,8,8
1668356142,2022-11-13 10:15:42 -0600,33053fbf75904180f5c1a2fd9bd8a3e2c6e3f63c,TX,48377,2,2022-11-09T01:00:00.000Z,FIPSCode,48377,0,2022-11-13T16:14:16.562Z,8,98.98,8,100,62962,1025,61.97,62492,550,33.25,63492,79,4.78,1671,99,1654,4047,8,8
1668356184,2022-11-13 10:16:24 -0600,f9aa371bb11e941f72954cc87dd297c0d8ab561f,TX,48377,2,2022-11-09T01:00:00.000Z,FIPSCode,48377,0,2022-11-13T16:14:16.562Z,8,98.98,8,100,62962,1025,61.97,62492,550,33.25,63492,79,4.78,1671,99,1654,4047,8,8
1668356225,2022-11-13 10:17:05 -0600,ed4861b565b45566bde784d4728b0c9fa59a5500,TX,48377,2,2022-11-09T01:00:00.000Z,FIPSCode,48377,0,2022-11-13T16:14:16.562Z,8,98.98,8,100,62962,1025,61.97,62492,550,33.25,63492,79,4.78,1671,99,1654,4047,8,8
1668356307,2022-11-13 10:18:27 -0600,d1c257e1897d3fcbd3612a8c3ac24622c2436714,TX,48377,2,2022-11-09T01:00:00.000Z,FIPSCode,48377,0,2022-11-13T16:14:16.562Z,8,98.98,8,100,62962,1025,61.97,62492,550,33.25,63492,79,4.78,1671,99,1654,4047,8,8
1668356349,2022-11-13 10:19:09 -0600,ab8a44715530ebc1a4b202e2e363651e92e98c2c,TX,48377,2,2022-11-09T01:00:00.000Z,FIPSCode,48377,0,2022-11-13T16:14:16.562Z,8,98.98,8,100,62962,1025,61.97,62492,550,33.25,63492,79,4.78,1671,99,1654,4047,8,8
1668356391,2022-11-13 10:19:51 -0600,64fd519e00e9141385ee55ccdd4df21e8dd18d3b,TX,48377,2,2022-11-09T01:00:00.000Z,FIPSCode,48377,0,2022-11-13T16:14:16.562Z,8,98.98,8,100,62962,1025,61.97,62492,550,33.25,63492,79,4.78,1671,99,1654,4047,8,8
1668356432,2022-11-13 10:20:32 -0600,755b029ac0f8068df07c49259a77db8122fa073d,TX,48377,2,2022-11-09T01:00:00.000Z,FIPSCode,48377,0,2022-11-13T16:14:16.562Z,8,98.98,8,100,62962,1025,61.97,62492,550,33.25,63492,79,4.78,1671,99,1654,4047,8,8
1668356472,2022-11-13 10:21:12 -0600,b376ec129cf3384b16a174b39e313191adc3faef,TX,48377,2,2022-11-09T01:00:00.000Z,FIPSCode,48377,0,2022-11-13T16:14:16.562Z,8,98.98,8,100,62962,1025,61.97,62492,550,33.25,63492,79,4.78,1671,99,1654,4047,8,8
1668356512,2022-11-13 10:21:52 -0600,bc77561eb58ebb325ae2479013accad1c0d08bb6,TX,48377,2,2022-11-09T01:00:00.000Z,FIPSCode,48377,0,2022-11-13T16:14:16.562Z,8,98.98,8,100,62962,1025,61.97,62492,550,33.25,63492,79,4.78,1671,99,1654,4047,8,8
1668356552,2022-11-13 10:22:32 -0600,3248dfc1724d594768cbd67da53b837eb8e207bb,TX,48377,2,2022-11-09T01:00:00.000Z,FIPSCode,48377,0,2022-11-13T16:14:16.562Z,8,98.98,8,100,62962,1025,61.97,62492,550,33.25,63492,79,4.78,1671,99,1654,4047,8,8
1668356593,2022-11-13 10:23:13 -0600,8b7e62ac9f5256039c2c5f9b6eee497d9201c423,TX,48377,2,2022-11-09T01:00:00.000Z,FIPSCode,48377,0,2022-11-13T16:14:16.562Z,8,98.98,8,100,62962,1025,61.97,62492,550,33.25,63492,79,4.78,1671,99,1654,4047,8,8
1668356634,2022-11-13 10:23:54 -0600,0e9b26bacc6c063fcee466502abc7bff6bc33d73,TX,48377,2,2022-11-09T01:00:00.000Z,FIPSCode,48377,0,2022-11-13T16:14:16.562Z,8,98.98,8,100,62962,1025,61.97,62492,550,33.25,63492,79,4.78,1671,99,1654,4047,8,8
1668356674,2022-11-13 10:24:34 -0600,be9f4d26bada719846f224583e99faadb52bd14b,TX,48377,2,2022-11-09T01:00:00.000Z,FIPSCode,48377,0,2022-11-13T16:14:16.562Z,8,98.98,8,100,62962,1025,61.97,62492,550,33.25,63492,79,4.78,1671,99,1654,4047,8,8
1668356716,2022-11-13 10:25:16 -0600,355d7cb64e68d1ba4c2b0cd9d1f03f7dcc8c3daf,TX,48377,2,2022-11-09T01:00:00.000Z,FIPSCode,48377,0,2022-11-13T16:14:16.562Z,8,98.98,8,100,62962,1025,61.97,62492,550,33.25,63492,79,4.78,1671,99,1654,4047,8,8
1668356756,2022-11-13 10:25:56 -0600,8bc867a1cd8a2b23737e5a7d3c245cda96786d02,TX,48377,2,2022-11-09T01:00:00.000Z,FIPSCode,48377,0,2022-11-13T16:14:16.562Z,8,98.98,8,100,62962,1025,61.97,62492,550,33.25,63492,79,4.78,1671,99,1654,4047,8,8
1668356798,2022-11-13 10:26:38 -0600,1703545183ab25e0b4e69052a7cbfc46a2bc2523,TX,48377,2,2022-11-09T01:00:00.000Z,FIPSCode,48377,0,2022-11-13T16:14:16.562Z,8,98.98,8,100,62962,1025,61.97,62492,550,33.25,63492,79,4.78,1671,99,1654,4047,8,8
1668356838,2022-11-13 10:27:18 -0600,309b1df36311000c79e60e1a1caea17ac619219f,TX,48377,2,2022-11-09T01:00:00.000Z,FIPSCode,48377,0,2022-11-13T16:14:16.562Z,8,98.98,8,100,62962,1025,61.97,62492,550,33.25,63492,79,4.78,1671,99,1654,4047,8,8
1668356879,2022-11-13 10:27:59 -0600,a3f160d223847f00c58d01f5db7dfd303ffc7401,TX,48377,2,2022-11-09T01:00:00.000Z,FIPSCode,48377,0,2022-11-13T16:14:16.562Z,8,98.98,8,100,62962,1025,61.97,62492,550,33.25,63492,79,4.78,1671,99,1654,4047,8,8
1668356919,2022-11-13 10:28:39 -0600,a66c79e415aa065831d4a7b4e8f781acd3d4242c,TX,48377,2,2022-11-09T01:00:00.000Z,FIPSCode,48377,0,2022-11-13T16:14:16.562Z,8,98.98,8,100,62962,1025,61.97,62492,550,33.25,63492,79,4.78,1671,99,1654,4047,8,8
1668356960,2022-11-13 10:29:20 -0600,91a4189ccc449710473dd712a677f57a05ee96d0,TX,48377,2,2022-11-09T01:00:00.000Z,FIPSCode,48377,0,2022-11-13T16:14:16.562Z,8,98.98,8,100,62962,1025,61.97,62492,550,33.25,63492,79,4.78,1671,99,1654,4047,8,8
1668357001,2022-11-13 10:30:01 -0600,6d40826679846673d3c34881c25db0da3e89b1ca,TX,48377,2,2022-11-09T01:00:00.000Z,FIPSCode,48377,0,2022-11-13T16:14:16.562Z,8,98.98,8,100,62962,1025,61.97,62492,550,33.25,63492,79,4.78,1671,99,1654,4047,8,8
1668357042,2022-11-13 10:30:42 -0600,3d8f772705c5f7d8a76dbc5e09de4e8939237e87,TX,48377,2,2022-11-09T01:00:00.000Z,FIPSCode,48377,0,2022-11-13T16:14:16.562Z,8,98.98,8,100,62962,1025,61.97,62492,550,33.25,63492,79,4.78,1671,99,1654,4047,8,8
1668357083,2022-11-13 10:31:23 -0600,d9d4ebe130b1c40fa33ccab2f54f127a7de66e48,TX,48377,2,2022-11-09T01:00:00.000Z,FIPSCode,48377,0,2022-11-13T16:14:16.562Z,8,98.98,8,100,62962,1025,61.97,62492,550,33.25,63492,79,4.78,1671,99,1654,4047,8,8
1668357124,2022-11-13 10:32:04 -0600,ab9a9824f910f03199ca9ea89d8f90f23b5fdbc0,TX,48377,2,2022-11-09T01:00:00.000Z,FIPSCode,48377,0,2022-11-13T16:14:16.562Z,8,98.98,8,100,62962,1025,61.97,62492,550,33.25,63492,79,4.78,1671,99,1654,4047,8,8
1668357164,2022-11-13 10:32:44 -0600,8cbf69657aca53805dbd119b48300b34076c1e8d,TX,48377,2,2022-11-09T01:00:00.000Z,FIPSCode,48377,0,2022-11-13T16:14:16.562Z,8,98.98,8,100,62962,1025,61.97,62492,550,33.25,63492,79,4.78,1671,99,1654,4047,8,8
1668357205,2022-11-13 10:33:25 -0600,44a79b82f4dda92f1c7f9557914eb87caa0f0db9,TX,48377,2,2022-11-09T01:00:00.000Z,FIPSCode,48377,0,2022-11-13T16:14:16.562Z,8,98.98,8,100,62962,1025,61.97,62492,550,33.25,63492,79,4.78,1671,99,1654,4047,8,8
1668357245,2022-11-13 10:34:05 -0600,10fea45d253c1fdb9083c22a42c3f4e2f5b4055b,TX,48377,2,2022-11-09T01:00:00.000Z,FIPSCode,48377,0,2022-11-13T16:14:16.562Z,8,98.98,8,100,62962,1025,61.97,62492,550,33.25,63492,79,4.78,1671,99,1654,4047,8,8
1668357286,2022-11-13 10:34:46 -0600,b4116b01cd59cc0bc2f0339b430eccbd32ba9a06,TX,48377,2,2022-11-09T01:00:00.000Z,FIPSCode,48377,0,2022-11-13T16:14:16.562Z,8,98.98,8,100,62962,1025,61.97,62492,550,33.25,63492,79,4.78,1671,99,1654,4047,8,8
1668357327,2022-11-13 10:35:27 -0600,52c0b368730249cb9ecda8111e737f4d0489f470,TX,48377,2,2022-11-09T01:00:00.000Z,FIPSCode,48377,0,2022-11-13T16:14:16.562Z,8,98.98,8,100,62962,1025,61.97,62492,550,33.25,63492,79,4.78,1671,99,1654,4047,8,8
1668357367,2022-11-13 10:36:07 -0600,80ccc8b183e9adf31dbd387f180bd5b0dd408400,TX,48377,2,2022-11-09T01:00:00.000Z,FIPSCode,48377,0,2022-11-13T16:35:17.789Z,8,98.98,8,100,62962,1025,61.97,62492,550,33.25,63492,79,4.78,1671,99,1654,4047,8,8
1668357408,2022-11-13 10:36:48 -0600,9f0b7f66dbc7a62b96b79ac84e7d66e68aa9f5ea,TX,48377,2,2022-11-09T01:00:00.000Z,FIPSCode,48377,0,2022-11-13T16:35:17.789Z,8,98.98,8,100,62962,1025,61.97,62492,550,33.25,63492,79,4.78,1671,99,1654,4047,8,8
1668357449,2022-11-13 10:37:29 -0600,928e110bb5748d99b3c150f4cf55a06f47b6d258,TX,48377,2,2022-11-09T01:00:00.000Z,FIPSCode,48377,0,2022-11-13T16:36:42.242Z,8,98.98,8,100,62962,1025,61.97,62492,550,33.25,63492,79,4.78,1671,99,1654,4047,8,8
1668357489,2022-11-13 10:38:09 -0600,88da9873e93e19d9f59dc13f0c7c600e63aae49a,TX,48377,2,2022-11-09T01:00:00.000Z,FIPSCode,48377,0,2022-11-13T16:37:20.609Z,8,98.98,8,100,62962,1025,61.97,62492,550,33.25,63492,79,4.78,1671,99,1654,4047,8,8
1668357530,2022-11-13 10:38:50 -0600,776ddcababe05aa2cdf6d22f12c67cb0c0265f2b,TX,48377,2,2022-11-09T01:00:00.000Z,FIPSCode,48377,0,2022-11-13T16:37:20.609Z,8,98.98,8,100,62962,1025,61.97,62492,550,33.25,63492,79,4.78,1671,99,1654,4047,8,8
1668357571,2022-11-13 10:39:31 -0600,d7264564be14f71d4dbe2be033179824b7a00787,TX,48377,2,2022-11-09T01:00:00.000Z,FIPSCode,48377,0,2022-11-13T16:37:20.609Z,8,98.98,8,100,62962,1025,61.97,62492,550,33.25,63492,79,4.78,1671,99,1654,4047,8,8
1668357612,2022-11-13 10:40:12 -0600,de366e9b786e7cbadee3c931c9433a0580425334,TX,48377,2,2022-11-09T01:00:00.000Z,FIPSCode,48377,0,2022-11-13T16:37:20.609Z,8,98.98,8,100,62962,1025,61.97,62492,550,33.25,63492,79,4.78,1671,99,1654,4047,8,8
1668357693,2022-11-13 10:41:33 -0600,29f0a1d1e144e28f7b536279c5e0326ebc715078,TX,48377,2,2022-11-09T01:00:00.000Z,FIPSCode,48377,0,2022-11-13T16:37:20.609Z,8,98.98,8,100,62962,1025,61.97,62492,550,33.25,63492,79,4.78,1671,99,1654,4047,8,8
1668357735,2022-11-13 10:42:15 -0600,76d22ea0e6afe441b19c15587650bca99de58b2b,TX,48377,2,2022-11-09T01:00:00.000Z,FIPSCode,48377,0,2022-11-13T16:37:20.609Z,8,98.98,8,100,62962,1025,61.97,62492,550,33.25,63492,79,4.78,1671,99,1654,4047,8,8
1668357776,2022-11-13 10:42:56 -0600,34f1065363adc668c4c1c3d584c4f77cfb0042b2,TX,48377,2,2022-11-09T01:00:00.000Z,FIPSCode,48377,0,2022-11-13T16:37:20.609Z,8,98.98,8,100,62962,1025,61.97,62492,550,33.25,63492,79,4.78,1671,99,1654,4047,8,8
1668357815,2022-11-13 10:43:35 -0600,c95043d163853b212bc6ec762d9d7f5d2bd4587c,TX,48377,2,2022-11-09T01:00:00.000Z,FIPSCode,48377,0,2022-11-13T16:37:20.609Z,8,98.98,8,100,62962,1025,61.97,62492,550,33.25,63492,79,4.78,1671,99,1654,4047,8,8
1668357896,2022-11-13 10:44:56 -0600,fe5097b60f8942fcdad698658c3a625551211858,TX,48377,2,2022-11-09T01:00:00.000Z,FIPSCode,48377,0,2022-11-13T16:37:20.609Z,8,98.98,8,100,62962,1025,61.97,62492,550,33.25,63492,79,4.78,1671,99,1654,4047,8,8
1668357938,2022-11-13 10:45:38 -0600,e86f6acf9955796072b9625130b48bdc1fcd9bcc,TX,48377,2,2022-11-09T01:00:00.000Z,FIPSCode,48377,0,2022-11-13T16:37:20.609Z,8,98.98,8,100,62962,1025,61.97,62492,550,33.25,63492,79,4.78,1671,99,1654,4047,8,8
1668357978,2022-11-13 10:46:18 -0600,89bb2c0fd8203e35f497c3a697693f23952a1adc,TX,48377,2,2022-11-09T01:00:00.000Z,FIPSCode,48377,0,2022-11-13T16:37:20.609Z,8,98.98,8,100,62962,1025,61.97,62492,550,33.25,63492,79,4.78,1671,99,1654,4047,8,8
1668358019,2022-11-13 10:46:59 -0600,d7ee6d39d25e1cc868797209aff239e955747757,TX,48377,2,2022-11-09T01:00:00.000Z,FIPSCode,48377,0,2022-11-13T16:37:20.609Z,8,98.98,8,100,62962,1025,61.97,62492,550,33.25,63492,79,4.78,1671,99,1654,4047,8,8
1668358061,2022-11-13 10:47:41 -0600,a00d19ad06ddd8cd44ff5aa6dfb9f0c623961541,TX,48377,2,2022-11-09T01:00:00.000Z,FIPSCode,48377,0,2022-11-13T16:37:20.609Z,8,98.98,8,100,62962,1025,61.97,62492,550,33.25,63492,79,4.78,1671,99,1654,4047,8,8
1668358144,2022-11-13 10:49:04 -0600,7ded264c3cea70ab854f2fc261cd7a7f7906f5c5,TX,48377,2,2022-11-09T01:00:00.000Z,FIPSCode,48377,0,2022-11-13T16:37:20.609Z,8,98.98,8,100,62962,1025,61.97,62492,550,33.25,63492,79,4.78,1671,99,1654,4047,8,8
1668358185,2022-11-13 10:49:45 -0600,584d637f55a36f27a44355924eb476811e2a7eb7,TX,48377,2,2022-11-09T01:00:00.000Z,FIPSCode,48377,0,2022-11-13T16:37:20.609Z,8,98.98,8,100,62962,1025,61.97,62492,550,33.25,63492,79,4.78,1671,99,1654,4047,8,8
1668358227,2022-11-13 10:50:27 -0600,57d2a78f3524536c4640fc7ed81090ca6a3d1c6e,TX,48377,2,2022-11-09T01:00:00.000Z,FIPSCode,48377,0,2022-11-13T16:37:20.609Z,8,98.98,8,100,62962,1025,61.97,62492,550,33.25,63492,79,4.78,1671,99,1654,4047,8,8
1668358268,2022-11-13 10:51:08 -0600,ddaeea45d2439d947be07314e00859d1f11a1e71,TX,48377,2,2022-11-09T01:00:00.000Z,FIPSCode,48377,0,2022-11-13T16:37:20.609Z,8,98.98,8,100,62962,1025,61.97,62492,550,33.25,63492,79,4.78,1671,99,1654,4047,8,8
1668358309,2022-11-13 10:51:49 -0600,02fd294901b988c924b2e66f59d080648b441a55,TX,48377,2,2022-11-09T01:00:00.000Z,FIPSCode,48377,0,2022-11-13T16:37:20.609Z,8,98.98,8,100,62962,1025,61.97,62492,550,33.25,63492,79,4.78,1671,99,1654,4047,8,8
1668358349,2022-11-13 10:52:29 -0600,695e82b2aea010b2e8797b6a6ad45e5add32825b,TX,48377,2,2022-11-09T01:00:00.000Z,FIPSCode,48377,0,2022-11-13T16:37:20.609Z,8,98.98,8,100,62962,1025,61.97,62492,550,33.25,63492,79,4.78,1671,99,1654,4047,8,8
1668358390,2022-11-13 10:53:10 -0600,6c474b751fd43f463450d0db1608c62f72407a53,TX,48377,2,2022-11-09T01:00:00.000Z,FIPSCode,48377,0,2022-11-13T16:37:20.609Z,8,98.98,8,100,62962,1025,61.97,62492,550,33.25,63492,79,4.78,1671,99,1654,4047,8,8
1668358430,2022-11-13 10:53:50 -0600,4f33dbb5a490c14fc472791530cd30efe64ab11b,TX,48377,2,2022-11-09T01:00:00.000Z,FIPSCode,48377,0,2022-11-13T16:37:20.609Z,8,98.98,8,100,62962,1025,61.97,62492,550,33.25,63492,79,4.78,1671,99,1654,4047,8,8
1668358471,2022-11-13 10:54:31 -0600,1e90e2edb24558c58004c33524fa93ec3d264a29,TX,48377,2,2022-11-09T01:00:00.000Z,FIPSCode,48377,0,2022-11-13T16:37:20.609Z,8,98.98,8,100,62962,1025,61.97,62492,550,33.25,63492,79,4.78,1671,99,1654,4047,8,8
1668358512,2022-11-13 10:55:12 -0600,1ada30e0b4e2fd763af7996d83bc5efe20008972,TX,48377,2,2022-11-09T01:00:00.000Z,FIPSCode,48377,0,2022-11-13T16:37:20.609Z,8,98.98,8,100,62962,1025,61.97,62492,550,33.25,63492,79,4.78,1671,99,1654,4047,8,8
1668358593,2022-11-13 10:56:33 -0600,8abc545a928eaee642f81d532fb0155434a56e1b,TX,48377,2,2022-11-09T01:00:00.000Z,FIPSCode,48377,0,2022-11-13T16:37:20.609Z,8,98.98,8,100,62962,1025,61.97,62492,550,33.25,63492,79,4.78,1671,99,1654,4047,8,8
1668358633,2022-11-13 10:57:13 -0600,79934c3e87ca7e1b5ff3b7dde112e2bd0a8d2ca4,TX,48377,2,2022-11-09T01:00:00.000Z,FIPSCode,48377,0,2022-11-13T16:37:20.609Z,8,98.98,8,100,62962,1025,61.97,62492,550,33.25,63492,79,4.78,1671,99,1654,4047,8,8
1668358673,2022-11-13 10:57:53 -0600,18fdf4ff503910e6c1bda3251a29a28b38104068,TX,48377,2,2022-11-09T01:00:00.000Z,FIPSCode,48377,0,2022-11-13T16:57:17.955Z,8,98.98,8,100,62962,1025,61.97,62492,550,33.25,63492,79,4.78,1671,99,1654,4047,8,8
1668358714,2022-11-13 10:58:34 -0600,aa7155d471dfbdb60e819784782d20e4af6f71ee,TX,48377,2,2022-11-09T01:00:00.000Z,FIPSCode,48377,0,2022-11-13T16:58:17.284Z,8,98.98,8,100,62962,1025,61.97,62492,550,33.25,63492,79,4.78,1671,99,1654,4047,8,8
1668358755,2022-11-13 10:59:15 -0600,2b39a84a3295bed7efca94c97e560c0a7e8a4f08,TX,48377,2,2022-11-09T01:00:00.000Z,FIPSCode,48377,0,2022-11-13T16:58:17.284Z,8,98.98,8,100,62962,1025,61.97,62492,550,33.25,63492,79,4.78,1671,99,1654,4047,8,8
1668358796,2022-11-13 10:59:56 -0600,25723050d9c48b0a122361595f551b137315c416,TX,48377,2,2022-11-09T01:00:00.000Z,FIPSCode,48377,0,2022-11-13T16:59:15.914Z,8,98.98,8,100,62962,1025,61.97,62492,550,33.25,63492,79,4.78,1671,99,1654,4047,8,8
1668358877,2022-11-13 11:01:17 -0600,4354791007c8045984b36edbd972bb0595fdfcdf,TX,48377,2,2022-11-09T01:00:00.000Z,FIPSCode,48377,0,2022-11-13T16:59:15.914Z,8,98.98,8,100,62962,1025,61.97,62492,550,33.25,63492,79,4.78,1671,99,1654,4047,8,8
1668358917,2022-11-13 11:01:57 -0600,e7439697a90c2ff2c3bf6e4c7f7b2fda7cd65daf,TX,48377,2,2022-11-09T01:00:00.000Z,FIPSCode,48377,0,2022-11-13T16:59:15.914Z,8,98.98,8,100,62962,1025,61.97,62492,550,33.25,63492,79,4.78,1671,99,1654,4047,8,8
1668358957,2022-11-13 11:02:37 -0600,45e9b2874f0153d5cb8688b3d21abc1e35b1a106,TX,48377,2,2022-11-09T01:00:00.000Z,FIPSCode,48377,0,2022-11-13T16:59:15.914Z,8,98.98,8,100,62962,1025,61.97,62492,550,33.25,63492,79,4.78,1671,99,1654,4047,8,8
1668358998,2022-11-13 11:03:18 -0600,f7fbda6ead47baf9fba5447d0766ffab99f58eca,TX,48377,2,2022-11-09T01:00:00.000Z,FIPSCode,48377,0,2022-11-13T16:59:15.914Z,8,98.98,8,100,62962,1025,61.97,62492,550,33.25,63492,79,4.78,1671,99,1654,4047,8,8
1668359040,2022-11-13 11:04:00 -0600,1f78ab25d1fa7d17ed035f4b87152c1615e548db,TX,48377,2,2022-11-09T01:00:00.000Z,FIPSCode,48377,0,2022-11-13T16:59:15.914Z,8,98.98,8,100,62962,1025,61.97,62492,550,33.25,63492,79,4.78,1671,99,1654,4047,8,8
1668359082,2022-11-13 11:04:42 -0600,eb453e51ae3c2f6cd963761ea76acdb87a5ee70d,TX,48377,2,2022-11-09T01:00:00.000Z,FIPSCode,48377,0,2022-11-13T16:59:15.914Z,8,98.98,8,100,62962,1025,61.97,62492,550,33.25,63492,79,4.78,1671,99,1654,4047,8,8
1668359123,2022-11-13 11:05:23 -0600,65ef52dfc335f936fd82e1297972c51d01aeee7e,TX,48377,2,2022-11-09T01:00:00.000Z,FIPSCode,48377,0,2022-11-13T16:59:15.914Z,8,98.98,8,100,62962,1025,61.97,62492,550,33.25,63492,79,4.78,1671,99,1654,4047,8,8
1668359163,2022-11-13 11:06:03 -0600,00573058194ca069e52712d40ab0605be7715c4d,TX,48377,2,2022-11-09T01:00:00.000Z,FIPSCode,48377,0,2022-11-13T16:59:15.914Z,8,98.98,8,100,62962,1025,61.97,62492,550,33.25,63492,79,4.78,1671,99,1654,4047,8,8
1668359203,2022-11-13 11:06:43 -0600,8fa36dea20ecb200a3b087e87bcda818e2c42baa,TX,48377,2,2022-11-09T01:00:00.000Z,FIPSCode,48377,0,2022-11-13T16:59:15.914Z,8,98.98,8,100,62962,1025,61.97,62492,550,33.25,63492,79,4.78,1671,99,1654,4047,8,8
1668359283,2022-11-13 11:08:03 -0600,5e7618d75956caa7546cf73921b4e44a0762b622,TX,48377,2,2022-11-09T01:00:00.000Z,FIPSCode,48377,0,2022-11-13T16:59:15.914Z,8,98.98,8,100,62962,1025,61.97,62492,550,33.25,63492,79,4.78,1671,99,1654,4047,8,8
1668359323,2022-11-13 11:08:43 -0600,86bbbef16c4aea962558bf3fe80719550fefc63d,TX,48377,2,2022-11-09T01:00:00.000Z,FIPSCode,48377,0,2022-11-13T16:59:15.914Z,8,98.98,8,100,62962,1025,61.97,62492,550,33.25,63492,79,4.78,1671,99,1654,4047,8,8
1668359363,2022-11-13 11:09:23 -0600,42835ac00b965cbd9db6f1c40663d44d06ac796b,TX,48377,2,2022-11-09T01:00:00.000Z,FIPSCode,48377,0,2022-11-13T16:59:15.914Z,8,98.98,8,100,62962,1025,61.97,62492,550,33.25,63492,79,4.78,1671,99,1654,4047,8,8
1668359403,2022-11-13 11:10:03 -0600,20587cf5216c4b8d5c1330106a41c5628cb643b1,TX,48377,2,2022-11-09T01:00:00.000Z,FIPSCode,48377,0,2022-11-13T16:59:15.914Z,8,98.98,8,100,62962,1025,61.97,62492,550,33.25,63492,79,4.78,1671,99,1654,4047,8,8
1668359523,2022-11-13 11:12:03 -0600,0fbb5cc833bb260c2faa31409189fa4bbe552368,TX,48377,2,2022-11-09T01:00:00.000Z,FIPSCode,48377,0,2022-11-13T16:59:15.914Z,8,98.98,8,100,62962,1025,61.97,62492,550,33.25,63492,79,4.78,1671,99,1654,4047,8,8
1668359563,2022-11-13 11:12:43 -0600,9c894238059d9cee2afd79a5ce683fee29f5ff23,TX,48377,2,2022-11-09T01:00:00.000Z,FIPSCode,48377,0,2022-11-13T16:59:15.914Z,8,98.98,8,100,62962,1025,61.97,62492,550,33.25,63492,79,4.78,1671,99,1654,4047,8,8
1668359604,2022-11-13 11:13:24 -0600,8757126ff188153b18d357f38d45a22fff9af5d2,TX,48377,2,2022-11-09T01:00:00.000Z,FIPSCode,48377,0,2022-11-13T16:59:15.914Z,8,98.98,8,100,62962,1025,61.97,62492,550,33.25,63492,79,4.78,1671,99,1654,4047,8,8
1668359644,2022-11-13 11:14:04 -0600,9811589432d46ee8f7c5d21a47b2c84ef82d897d,TX,48377,2,2022-11-09T01:00:00.000Z,FIPSCode,48377,0,2022-11-13T16:59:15.914Z,8,98.98,8,100,62962,1025,61.97,62492,550,33.25,63492,79,4.78,1671,99,1654,4047,8,8
1668359765,2022-11-13 11:16:05 -0600,b189179a9faf06e012176c714915be9dab0dab6e,TX,48377,2,2022-11-09T01:00:00.000Z,FIPSCode,48377,0,2022-11-13T17:15:36.573Z,8,98.98,8,100,62962,1025,61.97,62492,550,33.25,63492,79,4.78,1671,99,1654,4047,8,8
1668359805,2022-11-13 11:16:45 -0600,16a2672622f664af737b2996ba4d8f2531cea3b2,TX,48377,2,2022-11-09T01:00:00.000Z,FIPSCode,48377,0,2022-11-13T17:16:17.738Z,8,98.98,8,100,62962,1025,61.97,62492,550,33.25,63492,79,4.78,1671,99,1654,4047,8,8
1668359887,2022-11-13 11:18:07 -0600,039ff63134d7bced87065cdec28d518e8766b101,TX,48377,2,2022-11-09T01:00:00.000Z,FIPSCode,48377,0,2022-11-13T17:17:40.303Z,8,98.98,8,100,62962,1025,61.97,62492,550,33.25,63492,79,4.78,1671,99,1654,4047,8,8
1668359929,2022-11-13 11:18:49 -0600,7ef9950d6f3f1d690afda950718862c9db48edeb,TX,48377,2,2022-11-09T01:00:00.000Z,FIPSCode,48377,0,2022-11-13T17:18:16.490Z,8,98.98,8,100,62962,1025,61.97,62492,550,33.25,63492,79,4.78,1671,99,1654,4047,8,8
1668359969,2022-11-13 11:19:29 -0600,99005030a0118fa8cbe82a3febc3f55c98bc62c2,TX,48377,2,2022-11-09T01:00:00.000Z,FIPSCode,48377,0,2022-11-13T17:18:16.490Z,8,98.98,8,100,62962,1025,61.97,62492,550,33.25,63492,79,4.78,1671,99,1654,4047,8,8
1668360011,2022-11-13 11:20:11 -0600,d1e96eb48c00e7439f5c37f601918cc402bc72a6,TX,48377,2,2022-11-09T01:00:00.000Z,FIPSCode,48377,0,2022-11-13T17:18:16.490Z,8,98.98,8,100,62962,1025,61.97,62492,550,33.25,63492,79,4.78,1671,99,1654,4047,8,8
1668360051,2022-11-13 11:20:51 -0600,52226937040cf091c3936ce276d8a9dbf44dcbd1,TX,48377,2,2022-11-09T01:00:00.000Z,FIPSCode,48377,0,2022-11-13T17:18:16.490Z,8,98.98,8,100,62962,1025,61.97,62492,550,33.25,63492,79,4.78,1671,99,1654,4047,8,8
1668360092,2022-11-13 11:21:32 -0600,46cd4b631afcbcf1c269a31506c46dcecc05de72,TX,48377,2,2022-11-09T01:00:00.000Z,FIPSCode,48377,0,2022-11-13T17:18:16.490Z,8,98.98,8,100,62962,1025,61.97,62492,550,33.25,63492,79,4.78,1671,99,1654,4047,8,8
1668360132,2022-11-13 11:22:12 -0600,eea2fd5d6b04a3a8b9329804463cecd590f1b66f,TX,48377,2,2022-11-09T01:00:00.000Z,FIPSCode,48377,0,2022-11-13T17:21:16.904Z,8,98.98,8,100,62962,1025,61.97,62492,550,33.25,63492,79,4.78,1671,99,1654,4047,8,8
1668360174,2022-11-13 11:22:54 -0600,9b8106eee28695d44632028a2a805515dc8de884,TX,48377,2,2022-11-09T01:00:00.000Z,FIPSCode,48377,0,2022-11-13T17:21:16.904Z,8,98.98,8,100,62962,1025,61.97,62492,550,33.25,63492,79,4.78,1671,99,1654,4047,8,8
1668360213,2022-11-13 11:23:33 -0600,4970c19bcc59a1a23994ec3afd0e9d669a85ad50,TX,48377,2,2022-11-09T01:00:00.000Z,FIPSCode,48377,0,2022-11-13T17:21:16.904Z,8,98.98,8,100,62962,1025,61.97,62492,550,33.25,63492,79,4.78,1671,99,1654,4047,8,8
1668360254,2022-11-13 11:24:14 -0600,dd63155904a22605208fa6a4718199e101b14304,TX,48377,2,2022-11-09T01:00:00.000Z,FIPSCode,48377,0,2022-11-13T17:21:16.904Z,8,98.98,8,100,62962,1025,61.97,62492,550,33.25,63492,79,4.78,1671,99,1654,4047,8,8
1668360294,2022-11-13 11:24:54 -0600,b14d729a324850dac2a05aa3925e538d68cefc39,TX,48377,2,2022-11-09T01:00:00.000Z,FIPSCode,48377,0,2022-11-13T17:24:19.554Z,8,98.98,8,100,62962,1025,61.97,62492,550,33.25,63492,79,4.78,1671,99,1654,4047,8,8
1668360335,2022-11-13 11:25:35 -0600,3920b24e9d5d003a68d80ef58104baf56d64e316,TX,48377,2,2022-11-09T01:00:00.000Z,FIPSCode,48377,0,2022-11-13T17:24:19.554Z,8,98.98,8,100,62962,1025,61.97,62492,550,33.25,63492,79,4.78,1671,99,1654,4047,8,8
1668360375,2022-11-13 11:26:15 -0600,e5da217ecb75f0d795947c72b9176381fd5b5001,TX,48377,2,2022-11-09T01:00:00.000Z,FIPSCode,48377,0,2022-11-13T17:25:38.316Z,8,98.98,8,100,62962,1025,61.97,62492,550,33.25,63492,79,4.78,1671,99,1654,4047,8,8
1668360417,2022-11-13 11:26:57 -0600,215af4a98827a6817a474e38e8071054f510cfac,TX,48377,2,2022-11-09T01:00:00.000Z,FIPSCode,48377,0,2022-11-13T17:26:16.868Z,8,98.98,8,100,62962,1025,61.97,62492,550,33.25,63492,79,4.78,1671,99,1654,4047,8,8
1668360457,2022-11-13 11:27:37 -0600,316e1a22ade12edacfbbd2fbd4bd91baa9081492,TX,48377,2,2022-11-09T01:00:00.000Z,FIPSCode,48377,0,2022-11-13T17:26:16.868Z,8,98.98,8,100,62962,1025,61.97,62492,550,33.25,63492,79,4.78,1671,99,1654,4047,8,8
1668360497,2022-11-13 11:28:17 -0600,a9842e311d8778d189e7e3890fe3b7e746ead28e,TX,48377,2,2022-11-09T01:00:00.000Z,FIPSCode,48377,0,2022-11-13T17:26:16.868Z,8,98.98,8,100,62962,1025,61.97,62492,550,33.25,63492,79,4.78,1671,99,1654,4047,8,8
1668360586,2022-11-13 11:29:46 -0600,d157caeaf400b9091662e350d003fb5c6c6b3186,TX,48377,2,2022-11-09T01:00:00.000Z,FIPSCode,48377,0,2022-11-13T17:26:16.868Z,8,98.98,8,100,62962,1025,61.97,62492,550,33.25,63492,79,4.78,1671,99,1654,4047,8,8
1668360628,2022-11-13 11:30:28 -0600,7995c0ea88f63363c7825293e12ca2b82d15a9ed,TX,48377,2,2022-11-09T01:00:00.000Z,FIPSCode,48377,0,2022-11-13T17:26:16.868Z,8,98.98,8,100,62962,1025,61.97,62492,550,33.25,63492,79,4.78,1671,99,1654,4047,8,8
1668360660,2022-11-13 11:31:00 -0600,6f151c3b56baf3338056f81c04cf6146eacc6682,TX,48377,2,2022-11-09T01:00:00.000Z,FIPSCode,48377,0,2022-11-13T17:26:16.868Z,8,98.98,8,100,62962,1025,61.97,62492,550,33.25,63492,79,4.78,1671,99,1654,4047,8,8
1668360670,2022-11-13 11:31:10 -0600,9c65dd13558104c7fa084fafdf76feca4535cb53,TX,48377,2,2022-11-09T01:00:00.000Z,FIPSCode,48377,0,2022-11-13T17:26:16.868Z,8,98.98,8,100,62962,1025,61.97,62492,550,33.25,63492,79,4.78,1671,99,1654,4047,8,8
1668360693,2022-11-13 11:31:33 -0600,ceb439686a8659072be0cf28da78b327674d2ed2,TX,48377,2,2022-11-09T01:00:00.000Z,FIPSCode,48377,0,2022-11-13T17:26:16.868Z,8,98.98,8,100,62962,1025,61.97,62492,550,33.25,63492,79,4.78,1671,99,1654,4047,8,8
1668360718,2022-11-13 11:31:58 -0600,332de3aec1d5400cfe5014dcdeaf78e6d06a0cf7,TX,48377,2,2022-11-09T01:00:00.000Z,FIPSCode,48377,0,2022-11-13T17:26:16.868Z,8,98.98,8,100,62962,1025,61.97,62492,550,33.25,63492,79,4.78,1671,99,1654,4047,8,8
1668360753,2022-11-13 11:32:33 -0600,f3141b6780acc6418a3c11ddc59e7c3e18d0e2ce,TX,48377,2,2022-11-09T01:00:00.000Z,FIPSCode,48377,0,2022-11-13T17:26:16.868Z,8,98.98,8,100,62962,1025,61.97,62492,550,33.25,63492,79,4.78,1671,99,1654,4047,8,8
1668360770,2022-11-13 11:32:50 -0600,cce4f3b8d01dfe4f011e089a394206234c3bc0d0,TX,48377,2,2022-11-09T01:00:00.000Z,FIPSCode,48377,0,2022-11-13T17:26:16.868Z,8,98.98,8,100,62962,1025,61.97,62492,550,33.25,63492,79,4.78,1671,99,1654,4047,8,8
1668360786,2022-11-13 11:33:06 -0600,802603ef3d57c817ceb3e6006773d65afb9fbba4,TX,48377,2,2022-11-09T01:00:00.000Z,FIPSCode,48377,0,2022-11-13T17:26:16.868Z,8,98.98,8,100,62962,1025,61.97,62492,550,33.25,63492,79,4.78,1671,99,1654,4047,8,8
1668360814,2022-11-13 11:33:34 -0600,b86388a5b6e7da4476e747d9f5eb4c1e9d5fdd22,TX,48377,2,2022-11-09T01:00:00.000Z,FIPSCode,48377,0,2022-11-13T17:26:16.868Z,8,98.98,8,100,62962,1025,61.97,62492,550,33.25,63492,79,4.78,1671,99,1654,4047,8,8
1668360845,2022-11-13 11:34:05 -0600,c926ebb30f8ef681b3ccbe4835d8cfe9df0bf048,TX,48377,2,2022-11-09T01:00:00.000Z,FIPSCode,48377,0,2022-11-13T17:26:16.868Z,8,98.98,8,100,62962,1025,61.97,62492,550,33.25,63492,79,4.78,1671,99,1654,4047,8,8
1668360870,2022-11-13 11:34:30 -0600,85a42c49042620ba2968e6556e44f61e602fc846,TX,48377,2,2022-11-09T01:00:00.000Z,FIPSCode,48377,0,2022-11-13T17:26:16.868Z,8,98.98,8,100,62962,1025,61.97,62492,550,33.25,63492,79,4.78,1671,99,1654,4047,8,8
1668360893,2022-11-13 11:34:53 -0600,ef2debc9537206111a9d882727efce6bb705ac6b,TX,48377,2,2022-11-09T01:00:00.000Z,FIPSCode,48377,0,2022-11-13T17:26:16.868Z,8,98.98,8,100,62962,1025,61.97,62492,550,33.25,63492,79,4.78,1671,99,1654,4047,8,8
1668360911,2022-11-13 11:35:11 -0600,501d4d75f83418945e6a8536f042dc25d7093f53,TX,48377,2,2022-11-09T01:00:00.000Z,FIPSCode,48377,0,2022-11-13T17:26:16.868Z,8,98.98,8,100,62962,1025,61.97,62492,550,33.25,63492,79,4.78,1671,99,1654,4047,8,8
1668360939,2022-11-13 11:35:39 -0600,81727a489104096badcffb08f2a434570017f71f,TX,48377,2,2022-11-09T01:00:00.000Z,FIPSCode,48377,0,2022-11-13T17:26:16.868Z,8,98.98,8,100,62962,1025,61.97,62492,550,33.25,63492,79,4.78,1671,99,1654,4047,8,8
1668360972,2022-11-13 11:36:12 -0600,a64611e9bbe31e5d40d5080e175dd4c477b7eb86,TX,48377,2,2022-11-09T01:00:00.000Z,FIPSCode,48377,0,2022-11-13T17:26:16.868Z,8,98.98,8,100,62962,1025,61.97,62492,550,33.25,63492,79,4.78,1671,99,1654,4047,8,8
1668360990,2022-11-13 11:36:30 -0600,8d0b86350596d99abae8c62b43a15a846f4d27a7,TX,48377,2,2022-11-09T01:00:00.000Z,FIPSCode,48377,0,2022-11-13T17:26:16.868Z,8,98.98,8,100,62962,1025,61.97,62492,550,33.25,63492,79,4.78,1671,99,1654,4047,8,8
1668360999,2022-11-13 11:36:39 -0600,7e498cb66aba8ad1244c67d0f70d075f1c87c1b0,TX,48377,2,2022-11-09T01:00:00.000Z,FIPSCode,48377,0,2022-11-13T17:26:16.868Z,8,98.98,8,100,62962,1025,61.97,62492,550,33.25,63492,79,4.78,1671,99,1654,4047,8,8
1668361026,2022-11-13 11:37:06 -0600,c475e9a1b112c874cebc324cd824de4a90b0cbe7,TX,48377,2,2022-11-09T01:00:00.000Z,FIPSCode,48377,0,2022-11-13T17:26:16.868Z,8,98.98,8,100,62962,1025,61.97,62492,550,33.25,63492,79,4.78,1671,99,1654,4047,8,8
1668361056,2022-11-13 11:37:36 -0600,c098304ef31c4fdcd4c91eb5ca26dbe10d13621c,TX,48377,2,2022-11-09T01:00:00.000Z,FIPSCode,48377,0,2022-11-13T17:26:16.868Z,8,98.98,8,100,62962,1025,61.97,62492,550,33.25,63492,79,4.78,1671,99,1654,4047,8,8
1668361069,2022-11-13 11:37:49 -0600,aff60ea907436896534a134400a0461f1a368f87,TX,48377,2,2022-11-09T01:00:00.000Z,FIPSCode,48377,0,2022-11-13T17:26:16.868Z,8,98.98,8,100,62962,1025,61.97,62492,550,33.25,63492,79,4.78,1671,99,1654,4047,8,8
1668361106,2022-11-13 11:38:26 -0600,a1bb3f700f9818ff3ee36a439c23d031e019dc76,TX,48377,2,2022-11-09T01:00:00.000Z,FIPSCode,48377,0,2022-11-13T17:26:16.868Z,8,98.98,8,100,62962,1025,61.97,62492,550,33.25,63492,79,4.78,1671,99,1654,4047,8,8
1668361114,2022-11-13 11:38:34 -0600,0d08184a85ae8fe5a7b52858ea44ac428c582d46,TX,48377,2,2022-11-09T01:00:00.000Z,FIPSCode,48377,0,2022-11-13T17:26:16.868Z,8,98.98,8,100,62962,1025,61.97,62492,550,33.25,63492,79,4.78,1671,99,1654,4047,8,8
1668361142,2022-11-13 11:39:02 -0600,6ee6e762d11109b2e744cf049bd1a9870acdf792,TX,48377,2,2022-11-09T01:00:00.000Z,FIPSCode,48377,0,2022-11-13T17:26:16.868Z,8,98.98,8,100,62962,1025,61.97,62492,550,33.25,63492,79,4.78,1671,99,1654,4047,8,8
1668361173,2022-11-13 11:39:33 -0600,a3951007dca2a7a5b3299c3bfe22dc0ee74edf1b,TX,48377,2,2022-11-09T01:00:00.000Z,FIPSCode,48377,0,2022-11-13T17:26:16.868Z,8,98.98,8,100,62962,1025,61.97,62492,550,33.25,63492,79,4.78,1671,99,1654,4047,8,8
1668361203,2022-11-13 11:40:03 -0600,a015e5215e1730e60cec189a8610d50d42f62b7c,TX,48377,2,2022-11-09T01:00:00.000Z,FIPSCode,48377,0,2022-11-13T17:26:16.868Z,8,98.98,8,100,62962,1025,61.97,62492,550,33.25,63492,79,4.78,1671,99,1654,4047,8,8
1668361227,2022-11-13 11:40:27 -0600,f0405d8ab952dbc085a4ec089ff19d9fe18bd1e3,TX,48377,2,2022-11-09T01:00:00.000Z,FIPSCode,48377,0,2022-11-13T17:26:16.868Z,8,98.98,8,100,62962,1025,61.97,62492,550,33.25,63492,79,4.78,1671,99,1654,4047,8,8
1668361233,2022-11-13 11:40:33 -0600,b731a1b5a29b76151732e3177087457d35330029,TX,48377,2,2022-11-09T01:00:00.000Z,FIPSCode,48377,0,2022-11-13T17:26:16.868Z,8,98.98,8,100,62962,1025,61.97,62492,550,33.25,63492,79,4.78,1671,99,1654,4047,8,8
1668361250,2022-11-13 11:40:50 -0600,87a44fa3aaff45df47f3f4f678909dd24c5175b2,TX,48377,2,2022-11-09T01:00:00.000Z,FIPSCode,48377,0,2022-11-13T17:26:16.868Z,8,98.98,8,100,62962,1025,61.97,62492,550,33.25,63492,79,4.78,1671,99,1654,4047,8,8
1668361261,2022-11-13 11:41:01 -0600,133484a6d797ce1b79b785132767dc8f294ef9d7,TX,48377,2,2022-11-09T01:00:00.000Z,FIPSCode,48377,0,2022-11-13T17:26:16.868Z,8,98.98,8,100,62962,1025,61.97,62492,550,33.25,63492,79,4.78,1671,99,1654,4047,8,8
1668361293,2022-11-13 11:41:33 -0600,9fa020e0d4533f323ba50f9b012809c1255c64d5,TX,48377,2,2022-11-09T01:00:00.000Z,FIPSCode,48377,0,2022-11-13T17:26:16.868Z,8,98.98,8,100,62962,1025,61.97,62492,550,33.25,63492,79,4.78,1671,99,1654,4047,8,8
1668361303,2022-11-13 11:41:43 -0600,bcc7782a9202763516929a13961a202431eca806,TX,48377,2,2022-11-09T01:00:00.000Z,FIPSCode,48377,0,2022-11-13T17:26:16.868Z,8,98.98,8,100,62962,1025,61.97,62492,550,33.25,63492,79,4.78,1671,99,1654,4047,8,8
1668361320,2022-11-13 11:42:00 -0600,5f350d1b1f94b4ae1da6f39af931278d75385e70,TX,48377,2,2022-11-09T01:00:00.000Z,FIPSCode,48377,0,2022-11-13T17:26:16.868Z,8,98.98,8,100,62962,1025,61.97,62492,550,33.25,63492,79,4.78,1671,99,1654,4047,8,8
1668361349,2022-11-13 11:42:29 -0600,2dc40b5b5c2c9b4d8b1a6f2effdf371e47c6ea89,TX,48377,2,2022-11-09T01:00:00.000Z,FIPSCode,48377,0,2022-11-13T17:26:16.868Z,8,98.98,8,100,62962,1025,61.97,62492,550,33.25,63492,79,4.78,1671,99,1654,4047,8,8
1668361368,2022-11-13 11:42:48 -0600,9fe2839819306fd49b527afc1ac388f176d8e215,TX,48377,2,2022-11-09T01:00:00.000Z,FIPSCode,48377,0,2022-11-13T17:26:16.868Z,8,98.98,8,100,62962,1025,61.97,62492,550,33.25,63492,79,4.78,1671,99,1654,4047,8,8
1668361386,2022-11-13 11:43:06 -0600,1ed6801707e4ae79e3e50dc4eb09426e9564d862,TX,48377,2,2022-11-09T01:00:00.000Z,FIPSCode,48377,0,2022-11-13T17:26:16.868Z,8,98.98,8,100,62962,1025,61.97,62492,550,33.25,63492,79,4.78,1671,99,1654,4047,8,8
1668361420,2022-11-13 11:43:40 -0600,66e41cb51208ba5180124fd9a3279a97b85460c6,TX,48377,2,2022-11-09T01:00:00.000Z,FIPSCode,48377,0,2022-11-13T17:26:16.868Z,8,98.98,8,100,62962,1025,61.97,62492,550,33.25,63492,79,4.78,1671,99,1654,4047,8,8
1668361451,2022-11-13 11:44:11 -0600,7c51cb899bed7fceaa8ab96a2cb2a78d553b9c80,TX,48377,2,2022-11-09T01:00:00.000Z,FIPSCode,48377,0,2022-11-13T17:26:16.868Z,8,98.98,8,100,62962,1025,61.97,62492,550,33.25,63492,79,4.78,1671,99,1654,4047,8,8
1668361475,2022-11-13 11:44:35 -0600,54c19382bf29b8e9974026cb150f5d774a9fdf8e,TX,48377,2,2022-11-09T01:00:00.000Z,FIPSCode,48377,0,2022-11-13T17:26:16.868Z,8,98.98,8,100,62962,1025,61.97,62492,550,33.25,63492,79,4.78,1671,99,1654,4047,8,8
1668361503,2022-11-13 11:45:03 -0600,13a879651baa048e7d1b8759faef435434f21a3f,TX,48377,2,2022-11-09T01:00:00.000Z,FIPSCode,48377,0,2022-11-13T17:26:16.868Z,8,98.98,8,100,62962,1025,61.97,62492,550,33.25,63492,79,4.78,1671,99,1654,4047,8,8
1668361534,2022-11-13 11:45:34 -0600,2d514cd443e95e974bb77e83c71d35cce1b37450,TX,48377,2,2022-11-09T01:00:00.000Z,FIPSCode,48377,0,2022-11-13T17:26:16.868Z,8,98.98,8,100,62962,1025,61.97,62492,550,33.25,63492,79,4.78,1671,99,1654,4047,8,8
1668361555,2022-11-13 11:45:55 -0600,147067e29841984400fe99de314a2be9ffbdda90,TX,48377,2,2022-11-09T01:00:00.000Z,FIPSCode,48377,0,2022-11-13T17:26:16.868Z,8,98.98,8,100,62962,1025,61.97,62492,550,33.25,63492,79,4.78,1671,99,1654,4047,8,8
1668361594,2022-11-13 11:46:34 -0600,e2aa361626627467465e13c436e8c011b9189300,TX,48377,2,2022-11-09T01:00:00.000Z,FIPSCode,48377,0,2022-11-13T17:26:16.868Z,8,98.98,8,100,62962,1025,61.97,62492,550,33.25,63492,79,4.78,1671,99,1654,4047,8,8
1668361616,2022-11-13 11:46:56 -0600,9238f557d98641687b75e81938ebf78f89bc01a5,TX,48377,2,2022-11-09T01:00:00.000Z,FIPSCode,48377,0,2022-11-13T17:26:16.868Z,8,98.98,8,100,62962,1025,61.97,62492,550,33.25,63492,79,4.78,1671,99,1654,4047,8,8
1668361682,2022-11-13 11:48:02 -0600,2b933bf628b5a4c8dbed439120fe9b37c39424db,TX,48377,2,2022-11-09T01:00:00.000Z,FIPSCode,48377,0,2022-11-13T17:26:16.868Z,8,98.98,8,100,62962,1025,61.97,62492,550,33.25,63492,79,4.78,1671,99,1654,4047,8,8
1668361714,2022-11-13 11:48:34 -0600,5647fb68c68ceb5700b9bec4350177800c8064ba,TX,48377,2,2022-11-09T01:00:00.000Z,FIPSCode,48377,0,2022-11-13T17:26:16.868Z,8,98.98,8,100,62962,1025,61.97,62492,550,33.25,63492,79,4.78,1671,99,1654,4047,8,8
1668361742,2022-11-13 11:49:02 -0600,edd0c9e33f12f44af4338aa1e9a6e02d5b3d1c82,TX,48377,2,2022-11-09T01:00:00.000Z,FIPSCode,48377,0,2022-11-13T17:26:16.868Z,8,98.98,8,100,62962,1025,61.97,62492,550,33.25,63492,79,4.78,1671,99,1654,4047,8,8
1668361767,2022-11-13 11:49:27 -0600,804d3dded77003db00e74a1b1a057d27ea21cab7,TX,48377,2,2022-11-09T01:00:00.000Z,FIPSCode,48377,0,2022-11-13T17:26:16.868Z,8,98.98,8,100,62962,1025,61.97,62492,550,33.25,63492,79,4.78,1671,99,1654,4047,8,8
1668361775,2022-11-13 11:49:35 -0600,7399ead1716e23c903ac6745eaf61410823bcf84,TX,48377,2,2022-11-09T01:00:00.000Z,FIPSCode,48377,0,2022-11-13T17:26:16.868Z,8,98.98,8,100,62962,1025,61.97,62492,550,33.25,63492,79,4.78,1671,99,1654,4047,8,8
1668361831,2022-11-13 11:50:31 -0600,3c93849eb727c8c36a484b9b6c207b9e1213ad94,TX,48377,2,2022-11-09T01:00:00.000Z,FIPSCode,48377,0,2022-11-13T17:50:17.343Z,8,98.98,8,100,62962,1025,61.97,62492,550,33.25,63492,79,4.78,1671,99,1654,4047,8,8
1668361873,2022-11-13 11:51:13 -0600,82c299266cc3b9cd732e6211314db895cefcd8e8,TX,48377,2,2022-11-09T01:00:00.000Z,FIPSCode,48377,0,2022-11-13T17:50:17.343Z,8,98.98,8,100,62962,1025,61.97,62492,550,33.25,63492,79,4.78,1671,99,1654,4047,8,8
1668361886,2022-11-13 11:51:26 -0600,2964046e94b557aa1db82e85a21ec8a0a6e17a10,TX,48377,2,2022-11-09T01:00:00.000Z,FIPSCode,48377,0,2022-11-13T17:50:17.343Z,8,98.98,8,100,62962,1025,61.97,62492,550,33.25,63492,79,4.78,1671,99,1654,4047,8,8
1668361901,2022-11-13 11:51:41 -0600,ef42ba3e83fbcd8058875669941d5ac400d9a619,TX,48377,2,2022-11-09T01:00:00.000Z,FIPSCode,48377,0,2022-11-13T17:51:18.209Z,8,98.98,8,100,62962,1025,61.97,62492,550,33.25,63492,79,4.78,1671,99,1654,4047,8,8
1668361919,2022-11-13 11:51:59 -0600,c6c246e5fb9dd90c87dc2eefe5c6a68f9ef0be33,TX,48377,2,2022-11-09T01:00:00.000Z,FIPSCode,48377,0,2022-11-13T17:51:18.209Z,8,98.98,8,100,62962,1025,61.97,62492,550,33.25,63492,79,4.78,1671,99,1654,4047,8,8
1668361948,2022-11-13 11:52:28 -0600,eadd1937ff7c196ad08ef63bb25982e1aa8ea583,TX,48377,2,2022-11-09T01:00:00.000Z,FIPSCode,48377,0,2022-11-13T17:51:18.209Z,8,98.98,8,100,62962,1025,61.97,62492,550,33.25,63492,79,4.78,1671,99,1654,4047,8,8
1668361958,2022-11-13 11:52:38 -0600,e1affbd99c2f61154d663fd8e856085e01b86ac7,TX,48377,2,2022-11-09T01:00:00.000Z,FIPSCode,48377,0,2022-11-13T17:52:17.121Z,8,98.98,8,100,62962,1025,61.97,62492,550,33.25,63492,79,4.78,1671,99,1654,4047,8,8
1668361976,2022-11-13 11:52:56 -0600,5c4fcc6322f961f699a65673eb7d3edcc1128c04,TX,48377,2,2022-11-09T01:00:00.000Z,FIPSCode,48377,0,2022-11-13T17:52:17.121Z,8,98.98,8,100,62962,1025,61.97,62492,550,33.25,63492,79,4.78,1671,99,1654,4047,8,8
1668361989,2022-11-13 11:53:09 -0600,be370545e71ba49d28023cca94712c347ec1cd76,TX,48377,2,2022-11-09T01:00:00.000Z,FIPSCode,48377,0,2022-11-13T17:52:17.121Z,8,98.98,8,100,62962,1025,61.97,62492,550,33.25,63492,79,4.78,1671,99,1654,4047,8,8
1668362011,2022-11-13 11:53:31 -0600,e956ccd3110345d97c0805e4138763c1e24f1d73,TX,48377,2,2022-11-09T01:00:00.000Z,FIPSCode,48377,0,2022-11-13T17:53:16.955Z,8,98.98,8,100,62962,1025,61.97,62492,550,33.25,63492,79,4.78,1671,99,1654,4047,8,8
1668362042,2022-11-13 11:54:02 -0600,5c6b8187ea99ddfbcdc9bc0dabbad85ad4ae922e,TX,48377,2,2022-11-09T01:00:00.000Z,FIPSCode,48377,0,2022-11-13T17:53:16.955Z,8,98.98,8,100,62962,1025,61.97,62492,550,33.25,63492,79,4.78,1671,99,1654,4047,8,8
1668362081,2022-11-13 11:54:41 -0600,c2402d7bb11e8a9fbbf09a9735c4391e122fe384,TX,48377,2,2022-11-09T01:00:00.000Z,FIPSCode,48377,0,2022-11-13T17:53:16.955Z,8,98.98,8,100,62962,1025,61.97,62492,550,33.25,63492,79,4.78,1671,99,1654,4047,8,8
1668362097,2022-11-13 11:54:57 -0600,2c805a8edaa9d92bcae766981d0551fbf74deeb1,TX,48377,2,2022-11-09T01:00:00.000Z,FIPSCode,48377,0,2022-11-13T17:53:16.955Z,8,98.98,8,100,62962,1025,61.97,62492,550,33.25,63492,79,4.78,1671,99,1654,4047,8,8
1668362133,2022-11-13 11:55:33 -0600,59b85d2be5b21f14ad92391450be253d480b86bc,TX,48377,2,2022-11-09T01:00:00.000Z,FIPSCode,48377,0,2022-11-13T17:53:16.955Z,8,98.98,8,100,62962,1025,61.97,62492,550,33.25,63492,79,4.78,1671,99,1654,4047,8,8
1668362164,2022-11-13 11:56:04 -0600,efe98282538622f1f4913d80ed13338c47b3a19f,TX,48377,2,2022-11-09T01:00:00.000Z,FIPSCode,48377,0,2022-11-13T17:53:16.955Z,8,98.98,8,100,62962,1025,61.97,62492,550,33.25,63492,79,4.78,1671,99,1654,4047,8,8
1668362207,2022-11-13 11:56:47 -0600,6bfd3a4c5e948e27c3df991befbd2996c77a578d,TX,48377,2,2022-11-09T01:00:00.000Z,FIPSCode,48377,0,2022-11-13T17:56:18.191Z,8,98.98,8,100,62962,1025,61.97,62492,550,33.25,63492,79,4.78,1671,99,1654,4047,8,8
1668362251,2022-11-13 11:57:31 -0600,1fe362b58db0f5f44f632ed57f4570d5b10a347a,TX,48377,2,2022-11-09T01:00:00.000Z,FIPSCode,48377,0,2022-11-13T17:57:17.128Z,8,98.98,8,100,62962,1025,61.97,62492,550,33.25,63492,79,4.78,1671,99,1654,4047,8,8
1668362260,2022-11-13 11:57:40 -0600,be38a9335c1a10869458feedadcf00f4bd6f8962,TX,48377,2,2022-11-09T01:00:00.000Z,FIPSCode,48377,0,2022-11-13T17:57:17.128Z,8,98.98,8,100,62962,1025,61.97,62492,550,33.25,63492,79,4.78,1671,99,1654,4047,8,8
1668362312,2022-11-13 11:58:32 -0600,51052e9b977a96b3e4761a4f58303a14a10d5e6d,TX,48377,2,2022-11-09T01:00:00.000Z,FIPSCode,48377,0,2022-11-13T17:58:17.805Z,8,98.98,8,100,62962,1025,61.97,62492,550,33.25,63492,79,4.78,1671,99,1654,4047,8,8
1668362412,2022-11-13 12:00:12 -0600,e451e39a202cb0d6094ea4d0b4a2e16b8ed40f72,TX,48377,2,2022-11-09T01:00:00.000Z,FIPSCode,48377,0,2022-11-13T17:58:17.805Z,8,98.98,8,100,62962,1025,61.97,62492,550,33.25,63492,79,4.78,1671,99,1654,4047,8,8
1668362434,2022-11-13 12:00:34 -0600,0ca5ca5bf976922baddc266966411aaee965080d,TX,48377,2,2022-11-09T01:00:00.000Z,FIPSCode,48377,0,2022-11-13T17:58:17.805Z,8,98.98,8,100,62962,1025,61.97,62492,550,33.25,63492,79,4.78,1671,99,1654,4047,8,8
1668362460,2022-11-13 12:01:00 -0600,77b90c8aa4f1183d376b1e04450c374b2fc559d0,TX,48377,2,2022-11-09T01:00:00.000Z,FIPSCode,48377,0,2022-11-13T17:58:17.805Z,8,98.98,8,100,62962,1025,61.97,62492,550,33.25,63492,79,4.78,1671,99,1654,4047,8,8
1668362488,2022-11-13 12:01:28 -0600,e809b3097f8c7e7d19f22909b8ce499be96c50a8,TX,48377,2,2022-11-09T01:00:00.000Z,FIPSCode,48377,0,2022-11-13T17:58:17.805Z,8,98.98,8,100,62962,1025,61.97,62492,550,33.25,63492,79,4.78,1671,99,1654,4047,8,8
1668362498,2022-11-13 12:01:38 -0600,108c47cf8a6a6fdbba1bb7488665189ebe71753a,TX,48377,2,2022-11-09T01:00:00.000Z,FIPSCode,48377,0,2022-11-13T17:58:17.805Z,8,98.98,8,100,62962,1025,61.97,62492,550,33.25,63492,79,4.78,1671,99,1654,4047,8,8
1668362553,2022-11-13 12:02:33 -0600,1209c7476d5609cbf7538065e3c6c9eec195d631,TX,48377,2,2022-11-09T01:00:00.000Z,FIPSCode,48377,0,2022-11-13T17:58:17.805Z,8,98.98,8,100,62962,1025,61.97,62492,550,33.25,63492,79,4.78,1671,99,1654,4047,8,8
1668362578,2022-11-13 12:02:58 -0600,dba9d69bc1bcd488fb54f4b282bd1dca8c28503e,TX,48377,2,2022-11-09T01:00:00.000Z,FIPSCode,48377,0,2022-11-13T17:58:17.805Z,8,98.98,8,100,62962,1025,61.97,62492,550,33.25,63492,79,4.78,1671,99,1654,4047,8,8
1668362616,2022-11-13 12:03:36 -0600,7ecdea90943aa3f1150ad41608d62ad9c02e084f,TX,48377,2,2022-11-09T01:00:00.000Z,FIPSCode,48377,0,2022-11-13T17:58:17.805Z,8,98.98,8,100,62962,1025,61.97,62492,550,33.25,63492,79,4.78,1671,99,1654,4047,8,8
1668362668,2022-11-13 12:04:28 -0600,9c83be891d1bf3e93be5e3f1743987cd19790e3f,TX,48377,2,2022-11-09T01:00:00.000Z,FIPSCode,48377,0,2022-11-13T17:58:17.805Z,8,98.98,8,100,62962,1025,61.97,62492,550,33.25,63492,79,4.78,1671,99,1654,4047,8,8
1668362677,2022-11-13 12:04:37 -0600,887da59308d3deede12df2ade78c76b13c1b56c5,TX,48377,2,2022-11-09T01:00:00.000Z,FIPSCode,48377,0,2022-11-13T17:58:17.805Z,8,98.98,8,100,62962,1025,61.97,62492,550,33.25,63492,79,4.78,1671,99,1654,4047,8,8
1668362741,2022-11-13 12:05:41 -0600,53a1fb3a168784ac0f25a93e616fd61433923145,TX,48377,2,2022-11-09T01:00:00.000Z,FIPSCode,48377,0,2022-11-13T17:58:17.805Z,8,98.98,8,100,62962,1025,61.97,62492,550,33.25,63492,79,4.78,1671,99,1654,4047,8,8
1668362755,2022-11-13 12:05:55 -0600,55878d1e334fd5392478c21257ad9f0eb777ddc8,TX,48377,2,2022-11-09T01:00:00.000Z,FIPSCode,48377,0,2022-11-13T17:58:17.805Z,8,98.98,8,100,62962,1025,61.97,62492,550,33.25,63492,79,4.78,1671,99,1654,4047,8,8
1668362792,2022-11-13 12:06:32 -0600,cb9e031b466bef47751cdf8c9d968ac9409567a5,TX,48377,2,2022-11-09T01:00:00.000Z,FIPSCode,48377,0,2022-11-13T17:58:17.805Z,8,98.98,8,100,62962,1025,61.97,62492,550,33.25,63492,79,4.78,1671,99,1654,4047,8,8
1668362825,2022-11-13 12:07:05 -0600,d53ec1b80c8152095d0688bfcb76ed45beabccff,TX,48377,2,2022-11-09T01:00:00.000Z,FIPSCode,48377,0,2022-11-13T17:58:17.805Z,8,98.98,8,100,62962,1025,61.97,62492,550,33.25,63492,79,4.78,1671,99,1654,4047,8,8
1668362845,2022-11-13 12:07:25 -0600,cc8ab56cd2eb114537fd1bcda02a73f4fa90ecfb,TX,48377,2,2022-11-09T01:00:00.000Z,FIPSCode,48377,0,2022-11-13T17:58:17.805Z,8,98.98,8,100,62962,1025,61.97,62492,550,33.25,63492,79,4.78,1671,99,1654,4047,8,8
1668362853,2022-11-13 12:07:33 -0600,c673bf52603b1ed094df5ba9640c55ac67d7de19,TX,48377,2,2022-11-09T01:00:00.000Z,FIPSCode,48377,0,2022-11-13T17:58:17.805Z,8,98.98,8,100,62962,1025,61.97,62492,550,33.25,63492,79,4.78,1671,99,1654,4047,8,8
1668362860,2022-11-13 12:07:40 -0600,3f7ecd51604d1b2ec33f565adf9cdc497f5b6ac6,TX,48377,2,2022-11-09T01:00:00.000Z,FIPSCode,48377,0,2022-11-13T17:58:17.805Z,8,98.98,8,100,62962,1025,61.97,62492,550,33.25,63492,79,4.78,1671,99,1654,4047,8,8
1668362888,2022-11-13 12:08:08 -0600,574421c7fecde5cde8326389711d3fba61422d99,TX,48377,2,2022-11-09T01:00:00.000Z,FIPSCode,48377,0,2022-11-13T17:58:17.805Z,8,98.98,8,100,62962,1025,61.97,62492,550,33.25,63492,79,4.78,1671,99,1654,4047,8,8
1668362914,2022-11-13 12:08:34 -0600,3782913377292d74754dafdfb228a3b20170f990,TX,48377,2,2022-11-09T01:00:00.000Z,FIPSCode,48377,0,2022-11-13T17:58:17.805Z,8,98.98,8,100,62962,1025,61.97,62492,550,33.25,63492,79,4.78,1671,99,1654,4047,8,8
1668362928,2022-11-13 12:08:48 -0600,9f4b485ba0b223d20180a641a12155671f1260dc,TX,48377,2,2022-11-09T01:00:00.000Z,FIPSCode,48377,0,2022-11-13T17:58:17.805Z,8,98.98,8,100,62962,1025,61.97,62492,550,33.25,63492,79,4.78,1671,99,1654,4047,8,8
1668362941,2022-11-13 12:09:01 -0600,d427d0b415a6f0cae23881d237fab37485796312,TX,48377,2,2022-11-09T01:00:00.000Z,FIPSCode,48377,0,2022-11-13T17:58:17.805Z,8,98.98,8,100,62962,1025,61.97,62492,550,33.25,63492,79,4.78,1671,99,1654,4047,8,8
1668362965,2022-11-13 12:09:25 -0600,4091fd062831efbbd3687d16e78594f18aa88c0f,TX,48377,2,2022-11-09T01:00:00.000Z,FIPSCode,48377,0,2022-11-13T17:58:17.805Z,8,98.98,8,100,62962,1025,61.97,62492,550,33.25,63492,79,4.78,1671,99,1654,4047,8,8
1668362972,2022-11-13 12:09:32 -0600,2c21ba8f1639f34a5cbc88a1addf13c067a63fba,TX,48377,2,2022-11-09T01:00:00.000Z,FIPSCode,48377,0,2022-11-13T17:58:17.805Z,8,98.98,8,100,62962,1025,61.97,62492,550,33.25,63492,79,4.78,1671,99,1654,4047,8,8
1668363003,2022-11-13 12:10:03 -0600,4a26be31a6ea913c4e3c3543731d4894742bc985,TX,48377,2,2022-11-09T01:00:00.000Z,FIPSCode,48377,0,2022-11-13T17:58:17.805Z,8,98.98,8,100,62962,1025,61.97,62492,550,33.25,63492,79,4.78,1671,99,1654,4047,8,8
1668363029,2022-11-13 12:10:29 -0600,dae83dcab9ec3b21aa8b0be8c955d0c5d238d7d4,TX,48377,2,2022-11-09T01:00:00.000Z,FIPSCode,48377,0,2022-11-13T17:58:17.805Z,8,98.98,8,100,62962,1025,61.97,62492,550,33.25,63492,79,4.78,1671,99,1654,4047,8,8
1668363039,2022-11-13 12:10:39 -0600,6946f4cf1612edc93a7b5a9c83530d915d513335,TX,48377,2,2022-11-09T01:00:00.000Z,FIPSCode,48377,0,2022-11-13T17:58:17.805Z,8,98.98,8,100,62962,1025,61.97,62492,550,33.25,63492,79,4.78,1671,99,1654,4047,8,8
1668363073,2022-11-13 12:11:13 -0600,9fc850d90090c910c1d63f22cc5404f2aac34c46,TX,48377,2,2022-11-09T01:00:00.000Z,FIPSCode,48377,0,2022-11-13T17:58:17.805Z,8,98.98,8,100,62962,1025,61.97,62492,550,33.25,63492,79,4.78,1671,99,1654,4047,8,8
1668363090,2022-11-13 12:11:30 -0600,07f760c9621f447010793c198106f8078e5f2689,TX,48377,2,2022-11-09T01:00:00.000Z,FIPSCode,48377,0,2022-11-13T17:58:17.805Z,8,98.98,8,100,62962,1025,61.97,62492,550,33.25,63492,79,4.78,1671,99,1654,4047,8,8
1668363119,2022-11-13 12:11:59 -0600,49a329b0456b72d582a6402558e435cf6eae59c7,TX,48377,2,2022-11-09T01:00:00.000Z,FIPSCode,48377,0,2022-11-13T17:58:17.805Z,8,98.98,8,100,62962,1025,61.97,62492,550,33.25,63492,79,4.78,1671,99,1654,4047,8,8
1668363131,2022-11-13 12:12:11 -0600,250cc38e057320a6bd54970d6a0772f8299eb9ed,TX,48377,2,2022-11-09T01:00:00.000Z,FIPSCode,48377,0,2022-11-13T17:58:17.805Z,8,98.98,8,100,62962,1025,61.97,62492,550,33.25,63492,79,4.78,1671,99,1654,4047,8,8
1668363151,2022-11-13 12:12:31 -0600,10eb7ab89a3cdc786ee51b8c62d16a34ea1379f8,TX,48377,2,2022-11-09T01:00:00.000Z,FIPSCode,48377,0,2022-11-13T17:58:17.805Z,8,98.98,8,100,62962,1025,61.97,62492,550,33.25,63492,79,4.78,1671,99,1654,4047,8,8
1668363164,2022-11-13 12:12:44 -0600,9cd073b3846436851ab0b9f842dd3650dd33f5ee,TX,48377,2,2022-11-09T01:00:00.000Z,FIPSCode,48377,0,2022-11-13T17:58:17.805Z,8,98.98,8,100,62962,1025,61.97,62492,550,33.25,63492,79,4.78,1671,99,1654,4047,8,8
1668363178,2022-11-13 12:12:58 -0600,2350fca7353af1f45ed614cccf631e13a4a3e7a5,TX,48377,2,2022-11-09T01:00:00.000Z,FIPSCode,48377,0,2022-11-13T17:58:17.805Z,8,98.98,8,100,62962,1025,61.97,62492,550,33.25,63492,79,4.78,1671,99,1654,4047,8,8
1668363193,2022-11-13 12:13:13 -0600,82c1aa23db86dcb120720015e18588695797a330,TX,48377,2,2022-11-09T01:00:00.000Z,FIPSCode,48377,0,2022-11-13T17:58:17.805Z,8,98.98,8,100,62962,1025,61.97,62492,550,33.25,63492,79,4.78,1671,99,1654,4047,8,8
1668363207,2022-11-13 12:13:27 -0600,ad16ea4ceb3c24e1424fdf0eb4c04faa50bd6f0b,TX,48377,2,2022-11-09T01:00:00.000Z,FIPSCode,48377,0,2022-11-13T17:58:17.805Z,8,98.98,8,100,62962,1025,61.97,62492,550,33.25,63492,79,4.78,1671,99,1654,4047,8,8
1668363216,2022-11-13 12:13:36 -0600,e6305859aad872af102403c86089d772e01093d0,TX,48377,2,2022-11-09T01:00:00.000Z,FIPSCode,48377,0,2022-11-13T17:58:17.805Z,8,98.98,8,100,62962,1025,61.97,62492,550,33.25,63492,79,4.78,1671,99,1654,4047,8,8
1668363284,2022-11-13 12:14:44 -0600,25279b66f1748b003d3a6eab3a667a0a48e8110b,TX,48377,2,2022-11-09T01:00:00.000Z,FIPSCode,48377,0,2022-11-13T17:58:17.805Z,8,98.98,8,100,62962,1025,61.97,62492,550,33.25,63492,79,4.78,1671,99,1654,4047,8,8
1668363330,2022-11-13 12:15:30 -0600,788f89428627e84e029af6c31eff085e9c61b42e,TX,48377,2,2022-11-09T01:00:00.000Z,FIPSCode,48377,0,2022-11-13T17:58:17.805Z,8,98.98,8,100,62962,1025,61.97,62492,550,33.25,63492,79,4.78,1671,99,1654,4047,8,8
1668363342,2022-11-13 12:15:42 -0600,b965ea971ca94114d27ee731fdfadace535592ac,TX,48377,2,2022-11-09T01:00:00.000Z,FIPSCode,48377,0,2022-11-13T17:58:17.805Z,8,98.98,8,100,62962,1025,61.97,62492,550,33.25,63492,79,4.78,1671,99,1654,4047,8,8
1668363372,2022-11-13 12:16:12 -0600,1e918573d92510351f98e772883fde4136f7be46,TX,48377,2,2022-11-09T01:00:00.000Z,FIPSCode,48377,0,2022-11-13T17:58:17.805Z,8,98.98,8,100,62962,1025,61.97,62492,550,33.25,63492,79,4.78,1671,99,1654,4047,8,8
1668363387,2022-11-13 12:16:27 -0600,5e2d34582510c779c7350116d3f76370a29a95cc,TX,48377,2,2022-11-09T01:00:00.000Z,FIPSCode,48377,0,2022-11-13T17:58:17.805Z,8,98.98,8,100,62962,1025,61.97,62492,550,33.25,63492,79,4.78,1671,99,1654,4047,8,8
1668363393,2022-11-13 12:16:33 -0600,8ce14c95811ae251e3eaa9384c0f756b25c87b0a,TX,48377,2,2022-11-09T01:00:00.000Z,FIPSCode,48377,0,2022-11-13T17:58:17.805Z,8,98.98,8,100,62962,1025,61.97,62492,550,33.25,63492,79,4.78,1671,99,1654,4047,8,8
1668363413,2022-11-13 12:16:53 -0600,d2887723b111d16014e8d12117e5484ce2f4d072,TX,48377,2,2022-11-09T01:00:00.000Z,FIPSCode,48377,0,2022-11-13T17:58:17.805Z,8,98.98,8,100,62962,1025,61.97,62492,550,33.25,63492,79,4.78,1671,99,1654,4047,8,8
1668363448,2022-11-13 12:17:28 -0600,a8ec8e19ae49518d9b118f5a3df3dcb7dcf5d669,TX,48377,2,2022-11-09T01:00:00.000Z,FIPSCode,48377,0,2022-11-13T17:58:17.805Z,8,98.98,8,100,62962,1025,61.97,62492,550,33.25,63492,79,4.78,1671,99,1654,4047,8,8
1668363454,2022-11-13 12:17:34 -0600,ac3406f857030100533166c8608e1982fe030194,TX,48377,2,2022-11-09T01:00:00.000Z,FIPSCode,48377,0,2022-11-13T17:58:17.805Z,8,98.98,8,100,62962,1025,61.97,62492,550,33.25,63492,79,4.78,1671,99,1654,4047,8,8
1668363481,2022-11-13 12:18:01 -0600,291e2e22cf1acacb64aceb0f1b752953f3be489a,TX,48377,2,2022-11-09T01:00:00.000Z,FIPSCode,48377,0,2022-11-13T17:58:17.805Z,8,98.98,8,100,62962,1025,61.97,62492,550,33.25,63492,79,4.78,1671,99,1654,4047,8,8
1668363510,2022-11-13 12:18:30 -0600,45e9eea65da2ea21a742744e2be3aac2edbc5bd7,TX,48377,2,2022-11-09T01:00:00.000Z,FIPSCode,48377,0,2022-11-13T17:58:17.805Z,8,98.98,8,100,62962,1025,61.97,62492,550,33.25,63492,79,4.78,1671,99,1654,4047,8,8
1668363543,2022-11-13 12:19:03 -0600,90dc7869a7aef1356bf158d3ec179090ea489ffe,TX,48377,2,2022-11-09T01:00:00.000Z,FIPSCode,48377,0,2022-11-13T17:58:17.805Z,8,98.98,8,100,62962,1025,61.97,62492,550,33.25,63492,79,4.78,1671,99,1654,4047,8,8
1668363573,2022-11-13 12:19:33 -0600,c30d3832c0790b0e75597056b7450f59c3d9fe8f,TX,48377,2,2022-11-09T01:00:00.000Z,FIPSCode,48377,0,2022-11-13T17:58:17.805Z,8,98.98,8,100,62962,1025,61.97,62492,550,33.25,63492,79,4.78,1671,99,1654,4047,8,8
1668363609,2022-11-13 12:20:09 -0600,ba876ca4a952762b59a45a2626ac4501dc0c4dc5,TX,48377,2,2022-11-09T01:00:00.000Z,FIPSCode,48377,0,2022-11-13T17:58:17.805Z,8,98.98,8,100,62962,1025,61.97,62492,550,33.25,63492,79,4.78,1671,99,1654,4047,8,8
1668363669,2022-11-13 12:21:09 -0600,82ef9ea5910a7509acd1222d9c401785c82e1b5f,TX,48377,2,2022-11-09T01:00:00.000Z,FIPSCode,48377,0,2022-11-13T17:58:17.805Z,8,98.98,8,100,62962,1025,61.97,62492,550,33.25,63492,79,4.78,1671,99,1654,4047,8,8
1668363690,2022-11-13 12:21:30 -0600,0be9d5f1ba134512f3882b616e8bbe3570482005,TX,48377,2,2022-11-09T01:00:00.000Z,FIPSCode,48377,0,2022-11-13T18:21:17.854Z,8,98.98,8,100,62962,1025,61.97,62492,550,33.25,63492,79,4.78,1671,99,1654,4047,8,8
1668363753,2022-11-13 12:22:33 -0600,4272a94493dfb56e72a547b56fce3e31106aae30,TX,48377,2,2022-11-09T01:00:00.000Z,FIPSCode,48377,0,2022-11-13T18:21:17.854Z,8,98.98,8,100,62962,1025,61.97,62492,550,33.25,63492,79,4.78,1671,99,1654,4047,8,8
1668363788,2022-11-13 12:23:08 -0600,3ee39d394688fe04f0212138beb0ae122e211105,TX,48377,2,2022-11-09T01:00:00.000Z,FIPSCode,48377,0,2022-11-13T18:22:37.149Z,8,98.98,8,100,62962,1025,61.97,62492,550,33.25,63492,79,4.78,1671,99,1654,4047,8,8
1668363809,2022-11-13 12:23:29 -0600,7ad9911abcde541a88ff8dca1a0ace478bf412c1,TX,48377,2,2022-11-09T01:00:00.000Z,FIPSCode,48377,0,2022-11-13T18:22:37.149Z,8,98.98,8,100,62962,1025,61.97,62492,550,33.25,63492,79,4.78,1671,99,1654,4047,8,8
1668363816,2022-11-13 12:23:36 -0600,7064e3dea1314ea71f76e3d6d355e3674a84ce41,TX,48377,2,2022-11-09T01:00:00.000Z,FIPSCode,48377,0,2022-11-13T18:22:37.149Z,8,98.98,8,100,62962,1025,61.97,62492,550,33.25,63492,79,4.78,1671,99,1654,4047,8,8
1668363838,2022-11-13 12:23:58 -0600,febf91865475f5173d889410c068b3cad64e3320,TX,48377,2,2022-11-09T01:00:00.000Z,FIPSCode,48377,0,2022-11-13T18:23:38.926Z,8,98.98,8,100,62962,1025,61.97,62492,550,33.25,63492,79,4.78,1671,99,1654,4047,8,8
1668363871,2022-11-13 12:24:31 -0600,6ff5e56a8e1555611eb525766467026fad53038a,TX,48377,2,2022-11-09T01:00:00.000Z,FIPSCode,48377,0,2022-11-13T18:23:38.926Z,8,98.98,8,100,62962,1025,61.97,62492,550,33.25,63492,79,4.78,1671,99,1654,4047,8,8
1668363881,2022-11-13 12:24:41 -0600,755cf3a490384f04c36a66d2c4b6e737fbf9ce81,TX,48377,2,2022-11-09T01:00:00.000Z,FIPSCode,48377,0,2022-11-13T18:23:38.926Z,8,98.98,8,100,62962,1025,61.97,62492,550,33.25,63492,79,4.78,1671,99,1654,4047,8,8
1668363912,2022-11-13 12:25:12 -0600,7f9c14e93e8e98f7c52eeb0fd48fea19ca91bbbb,TX,48377,2,2022-11-09T01:00:00.000Z,FIPSCode,48377,0,2022-11-13T18:23:38.926Z,8,98.98,8,100,62962,1025,61.97,62492,550,33.25,63492,79,4.78,1671,99,1654,4047,8,8
1668363932,2022-11-13 12:25:32 -0600,8a0ca1b71a12434ca1f9909420b65ee6f43ecfd0,TX,48377,2,2022-11-09T01:00:00.000Z,FIPSCode,48377,0,2022-11-13T18:23:38.926Z,8,98.98,8,100,62962,1025,61.97,62492,550,33.25,63492,79,4.78,1671,99,1654,4047,8,8
1668363971,2022-11-13 12:26:11 -0600,29f762c65ef4b7c7a1b54ff21be49408ad70cd75,TX,48377,2,2022-11-09T01:00:00.000Z,FIPSCode,48377,0,2022-11-13T18:23:38.926Z,8,98.98,8,100,62962,1025,61.97,62492,550,33.25,63492,79,4.78,1671,99,1654,4047,8,8
1668363989,2022-11-13 12:26:29 -0600,754e90d9f27bb8ea17ae7a715ab5eeb5b019a4fb,TX,48377,2,2022-11-09T01:00:00.000Z,FIPSCode,48377,0,2022-11-13T18:23:38.926Z,8,98.98,8,100,62962,1025,61.97,62492,550,33.25,63492,79,4.78,1671,99,1654,4047,8,8
1668363996,2022-11-13 12:26:36 -0600,2422041d9d2ea613ccc9bb6d60e83d990289babf,TX,48377,2,2022-11-09T01:00:00.000Z,FIPSCode,48377,0,2022-11-13T18:23:38.926Z,8,98.98,8,100,62962,1025,61.97,62492,550,33.25,63492,79,4.78,1671,99,1654,4047,8,8
1668364028,2022-11-13 12:27:08 -0600,0b489ced83592f06d77e7d997cba3a5ea1ac5c90,TX,48377,2,2022-11-09T01:00:00.000Z,FIPSCode,48377,0,2022-11-13T18:23:38.926Z,8,98.98,8,100,62962,1025,61.97,62492,550,33.25,63492,79,4.78,1671,99,1654,4047,8,8
1668364064,2022-11-13 12:27:44 -0600,163d9b9c78dc838807368f6c7a97a43f48c53588,TX,48377,2,2022-11-09T01:00:00.000Z,FIPSCode,48377,0,2022-11-13T18:23:38.926Z,8,98.98,8,100,62962,1025,61.97,62492,550,33.25,63492,79,4.78,1671,99,1654,4047,8,8
1668364079,2022-11-13 12:27:59 -0600,9c71f20f5d257524d00aa00f21c58b60d93a37fa,TX,48377,2,2022-11-09T01:00:00.000Z,FIPSCode,48377,0,2022-11-13T18:23:38.926Z,8,98.98,8,100,62962,1025,61.97,62492,550,33.25,63492,79,4.78,1671,99,1654,4047,8,8
1668364108,2022-11-13 12:28:28 -0600,4b7bb54be418c900a475d03090f8376808d1943a,TX,48377,2,2022-11-09T01:00:00.000Z,FIPSCode,48377,0,2022-11-13T18:23:38.926Z,8,98.98,8,100,62962,1025,61.97,62492,550,33.25,63492,79,4.78,1671,99,1654,4047,8,8
1668364115,2022-11-13 12:28:35 -0600,1689e7ce32bee9342ac0e08d80128c8ac29e54d6,TX,48377,2,2022-11-09T01:00:00.000Z,FIPSCode,48377,0,2022-11-13T18:23:38.926Z,8,98.98,8,100,62962,1025,61.97,62492,550,33.25,63492,79,4.78,1671,99,1654,4047,8,8
1668364145,2022-11-13 12:29:05 -0600,e0c89ea50d66c108addebb69f9ded8e90e599bc9,TX,48377,2,2022-11-09T01:00:00.000Z,FIPSCode,48377,0,2022-11-13T18:23:38.926Z,8,98.98,8,100,62962,1025,61.97,62492,550,33.25,63492,79,4.78,1671,99,1654,4047,8,8
1668364171,2022-11-13 12:29:31 -0600,32535a8966c1f42705b9f1703c839e79883b5422,TX,48377,2,2022-11-09T01:00:00.000Z,FIPSCode,48377,0,2022-11-13T18:23:38.926Z,8,98.98,8,100,62962,1025,61.97,62492,550,33.25,63492,79,4.78,1671,99,1654,4047,8,8
1668364204,2022-11-13 12:30:04 -0600,563e96c4ecdce51cce4f8e528797dae705989234,TX,48377,2,2022-11-09T01:00:00.000Z,FIPSCode,48377,0,2022-11-13T18:29:37.959Z,8,98.98,8,100,62962,1025,61.97,62492,550,33.25,63492,79,4.78,1671,99,1654,4047,8,8
1668364233,2022-11-13 12:30:33 -0600,8a7a735bc081387f75f532f79ddea18e04bc4324,TX,48377,2,2022-11-09T01:00:00.000Z,FIPSCode,48377,0,2022-11-13T18:30:18.872Z,8,98.98,8,100,62962,1025,61.97,62492,550,33.25,63492,79,4.78,1671,99,1654,4047,8,8
1668364269,2022-11-13 12:31:09 -0600,0778c36341e1324bc9f994aa8426b934af139fe5,TX,48377,2,2022-11-09T01:00:00.000Z,FIPSCode,48377,0,2022-11-13T18:30:18.872Z,8,98.98,8,100,62962,1025,61.97,62492,550,33.25,63492,79,4.78,1671,99,1654,4047,8,8
1668364285,2022-11-13 12:31:25 -0600,770e5a1279b5e82fafe7fff6affbc35b6206b622,TX,48377,2,2022-11-09T01:00:00.000Z,FIPSCode,48377,0,2022-11-13T18:30:18.872Z,8,98.98,8,100,62962,1025,61.97,62492,550,33.25,63492,79,4.78,1671,99,1654,4047,8,8
1668364298,2022-11-13 12:31:38 -0600,fae8046075698faa2af19f3a6e064200a64102a2,TX,48377,2,2022-11-09T01:00:00.000Z,FIPSCode,48377,0,2022-11-13T18:31:18.402Z,8,98.98,8,100,62962,1025,61.97,62492,550,33.25,63492,79,4.78,1671,99,1654,4047,8,8
1668364332,2022-11-13 12:32:12 -0600,7993eede03bdf32d1cf77471023e278817d5e955,TX,48377,2,2022-11-09T01:00:00.000Z,FIPSCode,48377,0,2022-11-13T18:31:18.402Z,8,98.98,8,100,62962,1025,61.97,62492,550,33.25,63492,79,4.78,1671,99,1654,4047,8,8
1668364360,2022-11-13 12:32:40 -0600,a77803682a02ffea948eadccb617abee56c86e25,TX,48377,2,2022-11-09T01:00:00.000Z,FIPSCode,48377,0,2022-11-13T18:31:18.402Z,8,98.98,8,100,62962,1025,61.97,62492,550,33.25,63492,79,4.78,1671,99,1654,4047,8,8
1668364423,2022-11-13 12:33:43 -0600,ac9ac02744f4c8f657b74ac4352ae62679bbcad9,TX,48377,2,2022-11-09T01:00:00.000Z,FIPSCode,48377,0,2022-11-13T18:31:18.402Z,8,98.98,8,100,62962,1025,61.97,62492,550,33.25,63492,79,4.78,1671,99,1654,4047,8,8
1668364487,2022-11-13 12:34:47 -0600,e1f3e9de5f488b3870fceca73f49c9372ce707c9,TX,48377,2,2022-11-09T01:00:00.000Z,FIPSCode,48377,0,2022-11-13T18:31:18.402Z,8,98.98,8,100,62962,1025,61.97,62492,550,33.25,63492,79,4.78,1671,99,1654,4047,8,8
1668364514,2022-11-13 12:35:14 -0600,96b3510e0b6f8eb80866989043f6bd778f4f8ec0,TX,48377,2,2022-11-09T01:00:00.000Z,FIPSCode,48377,0,2022-11-13T18:31:18.402Z,8,98.98,8,100,62962,1025,61.97,62492,550,33.25,63492,79,4.78,1671,99,1654,4047,8,8
1668364543,2022-11-13 12:35:43 -0600,5611a41972feca2b4acf3cf4f8966084774125ba,TX,48377,2,2022-11-09T01:00:00.000Z,FIPSCode,48377,0,2022-11-13T18:31:18.402Z,8,98.98,8,100,62962,1025,61.97,62492,550,33.25,63492,79,4.78,1671,99,1654,4047,8,8
1668364581,2022-11-13 12:36:21 -0600,ab16c5e0c03d8081e0266a73368d5858dae3724b,TX,48377,2,2022-11-09T01:00:00.000Z,FIPSCode,48377,0,2022-11-13T18:31:18.402Z,8,98.98,8,100,62962,1025,61.97,62492,550,33.25,63492,79,4.78,1671,99,1654,4047,8,8
1668364595,2022-11-13 12:36:35 -0600,84e6056d49ad927fc200abeace3d5dc804fa97c4,TX,48377,2,2022-11-09T01:00:00.000Z,FIPSCode,48377,0,2022-11-13T18:31:18.402Z,8,98.98,8,100,62962,1025,61.97,62492,550,33.25,63492,79,4.78,1671,99,1654,4047,8,8
1668364629,2022-11-13 12:37:09 -0600,76279c02973402853dca1dc3311375280600ea78,TX,48377,2,2022-11-09T01:00:00.000Z,FIPSCode,48377,0,2022-11-13T18:31:18.402Z,8,98.98,8,100,62962,1025,61.97,62492,550,33.25,63492,79,4.78,1671,99,1654,4047,8,8
1668364654,2022-11-13 12:37:34 -0600,6485dce1f380699001bf67e0a6ef363d447bcc6b,TX,48377,2,2022-11-09T01:00:00.000Z,FIPSCode,48377,0,2022-11-13T18:31:18.402Z,8,98.98,8,100,62962,1025,61.97,62492,550,33.25,63492,79,4.78,1671,99,1654,4047,8,8
1668364693,2022-11-13 12:38:13 -0600,81e1adb80235f823f40474c3cc328e0781ffaba3,TX,48377,2,2022-11-09T01:00:00.000Z,FIPSCode,48377,0,2022-11-13T18:31:18.402Z,8,98.98,8,100,62962,1025,61.97,62492,550,33.25,63492,79,4.78,1671,99,1654,4047,8,8
1668364714,2022-11-13 12:38:34 -0600,0bad0a0b5428013d9523d2faa696c40f775ddea0,TX,48377,2,2022-11-09T01:00:00.000Z,FIPSCode,48377,0,2022-11-13T18:31:18.402Z,8,98.98,8,100,62962,1025,61.97,62492,550,33.25,63492,79,4.78,1671,99,1654,4047,8,8
1668364745,2022-11-13 12:39:05 -0600,e41cb06ce3004e49c605fffd4cff9eaef871a6e4,TX,48377,2,2022-11-09T01:00:00.000Z,FIPSCode,48377,0,2022-11-13T18:31:18.402Z,8,98.98,8,100,62962,1025,61.97,62492,550,33.25,63492,79,4.78,1671,99,1654,4047,8,8
1668364776,2022-11-13 12:39:36 -0600,671f56ad079ab6dc3fbe394e558da4494af1689a,TX,48377,2,2022-11-09T01:00:00.000Z,FIPSCode,48377,0,2022-11-13T18:31:18.402Z,8,98.98,8,100,62962,1025,61.97,62492,550,33.25,63492,79,4.78,1671,99,1654,4047,8,8
1668364791,2022-11-13 12:39:51 -0600,2adfb3ecfcf32b05c4489fbd78c0ae67bb78df66,TX,48377,2,2022-11-09T01:00:00.000Z,FIPSCode,48377,0,2022-11-13T18:31:18.402Z,8,98.98,8,100,62962,1025,61.97,62492,550,33.25,63492,79,4.78,1671,99,1654,4047,8,8
1668364813,2022-11-13 12:40:13 -0600,5729c6ac3318321777074b3ce4b62cd9e79e1954,TX,48377,2,2022-11-09T01:00:00.000Z,FIPSCode,48377,0,2022-11-13T18:31:18.402Z,8,98.98,8,100,62962,1025,61.97,62492,550,33.25,63492,79,4.78,1671,99,1654,4047,8,8
1668364844,2022-11-13 12:40:44 -0600,8b1cc6be41a32c9441cd7737b5a898c552f7bb99,TX,48377,2,2022-11-09T01:00:00.000Z,FIPSCode,48377,0,2022-11-13T18:31:18.402Z,8,98.98,8,100,62962,1025,61.97,62492,550,33.25,63492,79,4.78,1671,99,1654,4047,8,8
1668364859,2022-11-13 12:40:59 -0600,38b7ee17551002307312046f3df45e0009bd3956,TX,48377,2,2022-11-09T01:00:00.000Z,FIPSCode,48377,0,2022-11-13T18:31:18.402Z,8,98.98,8,100,62962,1025,61.97,62492,550,33.25,63492,79,4.78,1671,99,1654,4047,8,8
1668364894,2022-11-13 12:41:34 -0600,06e224710b948d17140750f9d711f78179761e68,TX,48377,2,2022-11-09T01:00:00.000Z,FIPSCode,48377,0,2022-11-13T18:31:18.402Z,8,98.98,8,100,62962,1025,61.97,62492,550,33.25,63492,79,4.78,1671,99,1654,4047,8,8
1668364915,2022-11-13 12:41:55 -0600,55854bced6eb82ff93b421a64291feec7d766c6a,TX,48377,2,2022-11-09T01:00:00.000Z,FIPSCode,48377,0,2022-11-13T18:31:18.402Z,8,98.98,8,100,62962,1025,61.97,62492,550,33.25,63492,79,4.78,1671,99,1654,4047,8,8
1668364964,2022-11-13 12:42:44 -0600,23dd5e7b055adc62c035bbb47eb650a21d9eb449,TX,48377,2,2022-11-09T01:00:00.000Z,FIPSCode,48377,0,2022-11-13T18:42:16.968Z,8,98.98,8,100,62962,1025,61.97,62492,550,33.25,63492,79,4.78,1671,99,1654,4047,8,8
1668364985,2022-11-13 12:43:05 -0600,cbd61c7e4ddfc779685fa2f694381a734de33320,TX,48377,2,2022-11-09T01:00:00.000Z,FIPSCode,48377,0,2022-11-13T18:42:16.968Z,8,98.98,8,100,62962,1025,61.97,62492,550,33.25,63492,79,4.78,1671,99,1654,4047,8,8
1668365011,2022-11-13 12:43:31 -0600,73aba1bfd623535e5c85e54453a478bd02fce0fd,TX,48377,2,2022-11-09T01:00:00.000Z,FIPSCode,48377,0,2022-11-13T18:43:16.773Z,8,98.98,8,100,62962,1025,61.97,62492,550,33.25,63492,79,4.78,1671,99,1654,4047,8,8
1668365038,2022-11-13 12:43:58 -0600,9057188ff350142cf3d3c9075eb79b8b609592be,TX,48377,2,2022-11-09T01:00:00.000Z,FIPSCode,48377,0,2022-11-13T18:43:16.773Z,8,98.98,8,100,62962,1025,61.97,62492,550,33.25,63492,79,4.78,1671,99,1654,4047,8,8
1668365073,2022-11-13 12:44:33 -0600,0a8e8a68c9cc675443237e53f420ec590e9a2a5d,TX,48377,2,2022-11-09T01:00:00.000Z,FIPSCode,48377,0,2022-11-13T18:43:16.773Z,8,98.98,8,100,62962,1025,61.97,62492,550,33.25,63492,79,4.78,1671,99,1654,4047,8,8
1668365081,2022-11-13 12:44:41 -0600,9d4110c1b26713f5be8f9fe40c1ffb4a49d22de2,TX,48377,2,2022-11-09T01:00:00.000Z,FIPSCode,48377,0,2022-11-13T18:43:16.773Z,8,98.98,8,100,62962,1025,61.97,62492,550,33.25,63492,79,4.78,1671,99,1654,4047,8,8
1668365110,2022-11-13 12:45:10 -0600,74216909b9d1d5ce90419875b0f9a2d0e479f498,TX,48377,2,2022-11-09T01:00:00.000Z,FIPSCode,48377,0,2022-11-13T18:44:38.216Z,8,98.98,8,100,62962,1025,61.97,62492,550,33.25,63492,79,4.78,1671,99,1654,4047,8,8
1668365132,2022-11-13 12:45:32 -0600,1387ba742e370b5c7ad81d0a31c10af09e7560f8,TX,48377,2,2022-11-09T01:00:00.000Z,FIPSCode,48377,0,2022-11-13T18:44:38.216Z,8,98.98,8,100,62962,1025,61.97,62492,550,33.25,63492,79,4.78,1671,99,1654,4047,8,8
1668365165,2022-11-13 12:46:05 -0600,7d8fd003e03c1317b7fdb462adc4d382e9d79c23,TX,48377,2,2022-11-09T01:00:00.000Z,FIPSCode,48377,0,2022-11-13T18:44:38.216Z,8,98.98,8,100,62962,1025,61.97,62492,550,33.25,63492,79,4.78,1671,99,1654,4047,8,8
1668365204,2022-11-13 12:46:44 -0600,273422991cee600a22a86f70bdb445b1ae976d6e,TX,48377,2,2022-11-09T01:00:00.000Z,FIPSCode,48377,0,2022-11-13T18:44:38.216Z,8,98.98,8,100,62962,1025,61.97,62492,550,33.25,63492,79,4.78,1671,99,1654,4047,8,8
1668365218,2022-11-13 12:46:58 -0600,6912b2aa4bf2f6c902f02300591628efa11dfdac,TX,48377,2,2022-11-09T01:00:00.000Z,FIPSCode,48377,0,2022-11-13T18:44:38.216Z,8,98.98,8,100,62962,1025,61.97,62492,550,33.25,63492,79,4.78,1671,99,1654,4047,8,8
1668365271,2022-11-13 12:47:51 -0600,b1a1e5330bb9f81a86dd96208b54b6948f411903,TX,48377,2,2022-11-09T01:00:00.000Z,FIPSCode,48377,0,2022-11-13T18:44:38.216Z,8,98.98,8,100,62962,1025,61.97,62492,550,33.25,63492,79,4.78,1671,99,1654,4047,8,8
1668365287,2022-11-13 12:48:07 -0600,0eb06af71bcb00ad6517314bd635625ec148fef8,TX,48377,2,2022-11-09T01:00:00.000Z,FIPSCode,48377,0,2022-11-13T18:44:38.216Z,8,98.98,8,100,62962,1025,61.97,62492,550,33.25,63492,79,4.78,1671,99,1654,4047,8,8
1668365307,2022-11-13 12:48:27 -0600,89b5b2100e1885e85d92064cc545c97a87ad2c59,TX,48377,2,2022-11-09T01:00:00.000Z,FIPSCode,48377,0,2022-11-13T18:44:38.216Z,8,98.98,8,100,62962,1025,61.97,62492,550,33.25,63492,79,4.78,1671,99,1654,4047,8,8
1668365322,2022-11-13 12:48:42 -0600,fdba1e7ab586be416834ebe95fdaf0b11fa74241,TX,48377,2,2022-11-09T01:00:00.000Z,FIPSCode,48377,0,2022-11-13T18:44:38.216Z,8,98.98,8,100,62962,1025,61.97,62492,550,33.25,63492,79,4.78,1671,99,1654,4047,8,8
1668365344,2022-11-13 12:49:04 -0600,f3c839e34e95e1d05ba2336219ff372d6dd4aa76,TX,48377,2,2022-11-09T01:00:00.000Z,FIPSCode,48377,0,2022-11-13T18:44:38.216Z,8,98.98,8,100,62962,1025,61.97,62492,550,33.25,63492,79,4.78,1671,99,1654,4047,8,8
1668365373,2022-11-13 12:49:33 -0600,6f0f8c99733451117e7637bb931c5eabe147e508,TX,48377,2,2022-11-09T01:00:00.000Z,FIPSCode,48377,0,2022-11-13T18:44:38.216Z,8,98.98,8,100,62962,1025,61.97,62492,550,33.25,63492,79,4.78,1671,99,1654,4047,8,8
1668365416,2022-11-13 12:50:16 -0600,23b5375abcf62bb2bc6f5592af036d2c7e20fd12,TX,48377,2,2022-11-09T01:00:00.000Z,FIPSCode,48377,0,2022-11-13T18:44:38.216Z,8,98.98,8,100,62962,1025,61.97,62492,550,33.25,63492,79,4.78,1671,99,1654,4047,8,8
1668365432,2022-11-13 12:50:32 -0600,0a220d3c72e9157a45e0ded81f2cedda6661328a,TX,48377,2,2022-11-09T01:00:00.000Z,FIPSCode,48377,0,2022-11-13T18:44:38.216Z,8,98.98,8,100,62962,1025,61.97,62492,550,33.25,63492,79,4.78,1671,99,1654,4047,8,8
1668365466,2022-11-13 12:51:06 -0600,6cf017a047ce1987ec3fd8a2a6eb7ee64c9557e8,TX,48377,2,2022-11-09T01:00:00.000Z,FIPSCode,48377,0,2022-11-13T18:44:38.216Z,8,98.98,8,100,62962,1025,61.97,62492,550,33.25,63492,79,4.78,1671,99,1654,4047,8,8
1668365489,2022-11-13 12:51:29 -0600,dda92de27361360c60c208858c39b0e0603c6a06,TX,48377,2,2022-11-09T01:00:00.000Z,FIPSCode,48377,0,2022-11-13T18:44:38.216Z,8,98.98,8,100,62962,1025,61.97,62492,550,33.25,63492,79,4.78,1671,99,1654,4047,8,8
1668365558,2022-11-13 12:52:38 -0600,03cd10aa0ea0abd8aaad976198030fcfc6cd8c7c,TX,48377,2,2022-11-09T01:00:00.000Z,FIPSCode,48377,0,2022-11-13T18:44:38.216Z,8,98.98,8,100,62962,1025,61.97,62492,550,33.25,63492,79,4.78,1671,99,1654,4047,8,8
1668365579,2022-11-13 12:52:59 -0600,74c5ae3366c3560f6d24d878de7eb2005b572031,TX,48377,2,2022-11-09T01:00:00.000Z,FIPSCode,48377,0,2022-11-13T18:44:38.216Z,8,98.98,8,100,62962,1025,61.97,62492,550,33.25,63492,79,4.78,1671,99,1654,4047,8,8
1668365618,2022-11-13 12:53:38 -0600,80ad11b5f5304dc8b130125368c5f63ac5caf8f2,TX,48377,2,2022-11-09T01:00:00.000Z,FIPSCode,48377,0,2022-11-13T18:44:38.216Z,8,98.98,8,100,62962,1025,61.97,62492,550,33.25,63492,79,4.78,1671,99,1654,4047,8,8
1668365645,2022-11-13 12:54:05 -0600,5c9af75eaca9596b4b6968d97cb02576f502b6cb,TX,48377,2,2022-11-09T01:00:00.000Z,FIPSCode,48377,0,2022-11-13T18:44:38.216Z,8,98.98,8,100,62962,1025,61.97,62492,550,33.25,63492,79,4.78,1671,99,1654,4047,8,8
1668365674,2022-11-13 12:54:34 -0600,36e7a6828e5b2298695b53af7188b84d59bb9be2,TX,48377,2,2022-11-09T01:00:00.000Z,FIPSCode,48377,0,2022-11-13T18:44:38.216Z,8,98.98,8,100,62962,1025,61.97,62492,550,33.25,63492,79,4.78,1671,99,1654,4047,8,8
1668365695,2022-11-13 12:54:55 -0600,4d17c242e413c45b4288facd89375989d4a3c266,TX,48377,2,2022-11-09T01:00:00.000Z,FIPSCode,48377,0,2022-11-13T18:44:38.216Z,8,98.98,8,100,62962,1025,61.97,62492,550,33.25,63492,79,4.78,1671,99,1654,4047,8,8
1668365739,2022-11-13 12:55:39 -0600,9a54dfd23bbae5fbe9fa0a1360cc7a28b9bced66,TX,48377,2,2022-11-09T01:00:00.000Z,FIPSCode,48377,0,2022-11-13T18:44:38.216Z,8,98.98,8,100,62962,1025,61.97,62492,550,33.25,63492,79,4.78,1671,99,1654,4047,8,8
1668365766,2022-11-13 12:56:06 -0600,351223868e44acdb94d48dbf9cbc4391e01b88b2,TX,48377,2,2022-11-09T01:00:00.000Z,FIPSCode,48377,0,2022-11-13T18:44:38.216Z,8,98.98,8,100,62962,1025,61.97,62492,550,33.25,63492,79,4.78,1671,99,1654,4047,8,8
1668365837,2022-11-13 12:57:17 -0600,4c828268b1922fe66636cfe2b046522ac9d2534a,TX,48377,2,2022-11-09T01:00:00.000Z,FIPSCode,48377,0,2022-11-13T18:44:38.216Z,8,98.98,8,100,62962,1025,61.97,62492,550,33.25,63492,79,4.78,1671,99,1654,4047,8,8
1668365861,2022-11-13 12:57:41 -0600,d1ac97f82d23642612354e480c990ea8bfb0aed2,TX,48377,2,2022-11-09T01:00:00.000Z,FIPSCode,48377,0,2022-11-13T18:44:38.216Z,8,98.98,8,100,62962,1025,61.97,62492,550,33.25,63492,79,4.78,1671,99,1654,4047,8,8
1668365874,2022-11-13 12:57:54 -0600,82968dba52907a4b7871a35585e14fd922056cb4,TX,48377,2,2022-11-09T01:00:00.000Z,FIPSCode,48377,0,2022-11-13T18:44:38.216Z,8,98.98,8,100,62962,1025,61.97,62492,550,33.25,63492,79,4.78,1671,99,1654,4047,8,8
1668365917,2022-11-13 12:58:37 -0600,ea38b33b4337397a150958340243a6e86ecf1fe3,TX,48377,2,2022-11-09T01:00:00.000Z,FIPSCode,48377,0,2022-11-13T18:44:38.216Z,8,98.98,8,100,62962,1025,61.97,62492,550,33.25,63492,79,4.78,1671,99,1654,4047,8,8
1668365950,2022-11-13 12:59:10 -0600,9ae5bb4d9a28c2da1b9c69f9f313438b99aa1d16,TX,48377,2,2022-11-09T01:00:00.000Z,FIPSCode,48377,0,2022-11-13T18:44:38.216Z,8,98.98,8,100,62962,1025,61.97,62492,550,33.25,63492,79,4.78,1671,99,1654,4047,8,8
1668366003,2022-11-13 13:00:03 -0600,bbf6bcd8ec87a0af62e450d29620b6189e103a7c,TX,48377,2,2022-11-09T01:00:00.000Z,FIPSCode,48377,0,2022-11-13T18:44:38.216Z,8,98.98,8,100,62962,1025,61.97,62492,550,33.25,63492,79,4.78,1671,99,1654,4047,8,8
1668366041,2022-11-13 13:00:41 -0600,985a47d36aad4175f84a2626a3c5cce284764d38,TX,48377,2,2022-11-09T01:00:00.000Z,FIPSCode,48377,0,2022-11-13T18:44:38.216Z,8,98.98,8,100,62962,1025,61.97,62492,550,33.25,63492,79,4.78,1671,99,1654,4047,8,8
1668366076,2022-11-13 13:01:16 -0600,6d2a456c4141aa97a007f1bae5966c358eb490bf,TX,48377,2,2022-11-09T01:00:00.000Z,FIPSCode,48377,0,2022-11-13T18:44:38.216Z,8,98.98,8,100,62962,1025,61.97,62492,550,33.25,63492,79,4.78,1671,99,1654,4047,8,8
1668366108,2022-11-13 13:01:48 -0600,dfca5546a7c1e1660906094ba1e32cfe247dd7bc,TX,48377,2,2022-11-09T01:00:00.000Z,FIPSCode,48377,0,2022-11-13T18:44:38.216Z,8,98.98,8,100,62962,1025,61.97,62492,550,33.25,63492,79,4.78,1671,99,1654,4047,8,8
1668366124,2022-11-13 13:02:04 -0600,2bbb6c82084a04b0882a47527ec6099e5f427dbd,TX,48377,2,2022-11-09T01:00:00.000Z,FIPSCode,48377,0,2022-11-13T18:44:38.216Z,8,98.98,8,100,62962,1025,61.97,62492,550,33.25,63492,79,4.78,1671,99,1654,4047,8,8
1668366138,2022-11-13 13:02:18 -0600,5e2456b88e345000b8e2afe59c059ea87a84237d,TX,48377,2,2022-11-09T01:00:00.000Z,FIPSCode,48377,0,2022-11-13T18:44:38.216Z,8,98.98,8,100,62962,1025,61.97,62492,550,33.25,63492,79,4.78,1671,99,1654,4047,8,8
1668366156,2022-11-13 13:02:36 -0600,09945a9c81dee46ad8312cc9b61be547294ecefe,TX,48377,2,2022-11-09T01:00:00.000Z,FIPSCode,48377,0,2022-11-13T18:44:38.216Z,8,98.98,8,100,62962,1025,61.97,62492,550,33.25,63492,79,4.78,1671,99,1654,4047,8,8
1668366189,2022-11-13 13:03:09 -0600,a62443e999576ae4266ceecf6ba115a0373e2c63,TX,48377,2,2022-11-09T01:00:00.000Z,FIPSCode,48377,0,2022-11-13T18:44:38.216Z,8,98.98,8,100,62962,1025,61.97,62492,550,33.25,63492,79,4.78,1671,99,1654,4047,8,8
1668366247,2022-11-13 13:04:07 -0600,ab93fcc4fb380711722dd0bd192212447e89b21c,TX,48377,2,2022-11-09T01:00:00.000Z,FIPSCode,48377,0,2022-11-13T18:44:38.216Z,8,98.98,8,100,62962,1025,61.97,62492,550,33.25,63492,79,4.78,1671,99,1654,4047,8,8
1668366265,2022-11-13 13:04:25 -0600,036412019e164089377d6e6db6b6b86b1a90e9c5,TX,48377,2,2022-11-09T01:00:00.000Z,FIPSCode,48377,0,2022-11-13T18:44:38.216Z,8,98.98,8,100,62962,1025,61.97,62492,550,33.25,63492,79,4.78,1671,99,1654,4047,8,8
1668366274,2022-11-13 13:04:34 -0600,696c379992ec5661556a2234a37b342c6e6c7dfc,TX,48377,2,2022-11-09T01:00:00.000Z,FIPSCode,48377,0,2022-11-13T18:44:38.216Z,8,98.98,8,100,62962,1025,61.97,62492,550,33.25,63492,79,4.78,1671,99,1654,4047,8,8
1668366308,2022-11-13 13:05:08 -0600,72522dcaf4d0ceb338f2f49fb3f8280e48cb3933,TX,48377,2,2022-11-09T01:00:00.000Z,FIPSCode,48377,0,2022-11-13T18:44:38.216Z,8,98.98,8,100,62962,1025,61.97,62492,550,33.25,63492,79,4.78,1671,99,1654,4047,8,8
1668366335,2022-11-13 13:05:35 -0600,e864dd79b5b62d32f39df5e65105080041a8813d,TX,48377,2,2022-11-09T01:00:00.000Z,FIPSCode,48377,0,2022-11-13T18:44:38.216Z,8,98.98,8,100,62962,1025,61.97,62492,550,33.25,63492,79,4.78,1671,99,1654,4047,8,8
1668366364,2022-11-13 13:06:04 -0600,058f37117ce169a9603b99d93a2a7751a19e9c06,TX,48377,2,2022-11-09T01:00:00.000Z,FIPSCode,48377,0,2022-11-13T18:44:38.216Z,8,98.98,8,100,62962,1025,61.97,62492,550,33.25,63492,79,4.78,1671,99,1654,4047,8,8
1668366400,2022-11-13 13:06:40 -0600,8ed05d7704d64fda353059fae73aeccb5379208a,TX,48377,2,2022-11-09T01:00:00.000Z,FIPSCode,48377,0,2022-11-13T18:44:38.216Z,8,98.98,8,100,62962,1025,61.97,62492,550,33.25,63492,79,4.78,1671,99,1654,4047,8,8
1668366416,2022-11-13 13:06:56 -0600,855cab8d607ba2556880a9b1e1b07eaa8c409147,TX,48377,2,2022-11-09T01:00:00.000Z,FIPSCode,48377,0,2022-11-13T18:44:38.216Z,8,98.98,8,100,62962,1025,61.97,62492,550,33.25,63492,79,4.78,1671,99,1654,4047,8,8
1668366460,2022-11-13 13:07:40 -0600,a4ab7c0ed8e7091dc3f7979c9e7cccd1c0cccadd,TX,48377,2,2022-11-09T01:00:00.000Z,FIPSCode,48377,0,2022-11-13T18:44:38.216Z,8,98.98,8,100,62962,1025,61.97,62492,550,33.25,63492,79,4.78,1671,99,1654,4047,8,8
1668366488,2022-11-13 13:08:08 -0600,839444c7635fe275c1dde13084f3b8ebf0124fe4,TX,48377,2,2022-11-09T01:00:00.000Z,FIPSCode,48377,0,2022-11-13T18:44:38.216Z,8,98.98,8,100,62962,1025,61.97,62492,550,33.25,63492,79,4.78,1671,99,1654,4047,8,8
1668366519,2022-11-13 13:08:39 -0600,a54602062b79d2eb174a7c88a9c92f47a2abcfac,TX,48377,2,2022-11-09T01:00:00.000Z,FIPSCode,48377,0,2022-11-13T18:44:38.216Z,8,98.98,8,100,62962,1025,61.97,62492,550,33.25,63492,79,4.78,1671,99,1654,4047,8,8
1668366542,2022-11-13 13:09:02 -0600,94142faad89b7f2d5c14f06773dafbebc39eda97,TX,48377,2,2022-11-09T01:00:00.000Z,FIPSCode,48377,0,2022-11-13T18:44:38.216Z,8,98.98,8,100,62962,1025,61.97,62492,550,33.25,63492,79,4.78,1671,99,1654,4047,8,8
1668366572,2022-11-13 13:09:32 -0600,3a74dbbd4f6b5a18b24ca6e24888e8c3e3ab858f,TX,48377,2,2022-11-09T01:00:00.000Z,FIPSCode,48377,0,2022-11-13T18:44:38.216Z,8,98.98,8,100,62962,1025,61.97,62492,550,33.25,63492,79,4.78,1671,99,1654,4047,8,8
1668366611,2022-11-13 13:10:11 -0600,fb8230884c02074b4b44d29623106f7f62e013d2,TX,48377,2,2022-11-09T01:00:00.000Z,FIPSCode,48377,0,2022-11-13T18:44:38.216Z,8,98.98,8,100,62962,1025,61.97,62492,550,33.25,63492,79,4.78,1671,99,1654,4047,8,8
1668366641,2022-11-13 13:10:41 -0600,2e2dab912d3e205802c4fdd5e672475b20560f3b,TX,48377,2,2022-11-09T01:00:00.000Z,FIPSCode,48377,0,2022-11-13T18:44:38.216Z,8,98.98,8,100,62962,1025,61.97,62492,550,33.25,63492,79,4.78,1671,99,1654,4047,8,8
1668366670,2022-11-13 13:11:10 -0600,d1280c935176a9372206ac95e4c69c839c07e95d,TX,48377,2,2022-11-09T01:00:00.000Z,FIPSCode,48377,0,2022-11-13T18:44:38.216Z,8,98.98,8,100,62962,1025,61.97,62492,550,33.25,63492,79,4.78,1671,99,1654,4047,8,8
1668366696,2022-11-13 13:11:36 -0600,611f2d081ed5e8567a24b2a57a57bceb86d38b41,TX,48377,2,2022-11-09T01:00:00.000Z,FIPSCode,48377,0,2022-11-13T18:44:38.216Z,8,98.98,8,100,62962,1025,61.97,62492,550,33.25,63492,79,4.78,1671,99,1654,4047,8,8
1668366731,2022-11-13 13:12:11 -0600,3769be0b3f1afa8af4aba973dbc5c68f05493da7,TX,48377,2,2022-11-09T01:00:00.000Z,FIPSCode,48377,0,2022-11-13T18:44:38.216Z,8,98.98,8,100,62962,1025,61.97,62492,550,33.25,63492,79,4.78,1671,99,1654,4047,8,8
1668366747,2022-11-13 13:12:27 -0600,9e0638f9ab49a5835cadd554d17d6684e75f8a1a,TX,48377,2,2022-11-09T01:00:00.000Z,FIPSCode,48377,0,2022-11-13T18:44:38.216Z,8,98.98,8,100,62962,1025,61.97,62492,550,33.25,63492,79,4.78,1671,99,1654,4047,8,8
1668366759,2022-11-13 13:12:39 -0600,e96342091fd7874e90f4a8dbb9963538bc4831f9,TX,48377,2,2022-11-09T01:00:00.000Z,FIPSCode,48377,0,2022-11-13T18:44:38.216Z,8,98.98,8,100,62962,1025,61.97,62492,550,33.25,63492,79,4.78,1671,99,1654,4047,8,8
1668366782,2022-11-13 13:13:02 -0600,8bc03382d0d86629357c0a24bc0d6d518cffa0f3,TX,48377,2,2022-11-09T01:00:00.000Z,FIPSCode,48377,0,2022-11-13T18:44:38.216Z,8,98.98,8,100,62962,1025,61.97,62492,550,33.25,63492,79,4.78,1671,99,1654,4047,8,8
1668366810,2022-11-13 13:13:30 -0600,26d8e205a6f124d45449508167636d515e2938de,TX,48377,2,2022-11-09T01:00:00.000Z,FIPSCode,48377,0,2022-11-13T18:44:38.216Z,8,98.98,8,100,62962,1025,61.97,62492,550,33.25,63492,79,4.78,1671,99,1654,4047,8,8
1668366840,2022-11-13 13:14:00 -0600,3b5184b5c532572a261df373b0164151ed61fb48,TX,48377,2,2022-11-09T01:00:00.000Z,FIPSCode,48377,0,2022-11-13T18:44:38.216Z,8,98.98,8,100,62962,1025,61.97,62492,550,33.25,63492,79,4.78,1671,99,1654,4047,8,8
1668366881,2022-11-13 13:14:41 -0600,bc581ab1638917757d81732ae490ab3002bca5de,TX,48377,2,2022-11-09T01:00:00.000Z,FIPSCode,48377,0,2022-11-13T18:44:38.216Z,8,98.98,8,100,62962,1025,61.97,62492,550,33.25,63492,79,4.78,1671,99,1654,4047,8,8
1668366890,2022-11-13 13:14:50 -0600,b559882d73b630014f5bbed3841a64029a7275db,TX,48377,2,2022-11-09T01:00:00.000Z,FIPSCode,48377,0,2022-11-13T18:44:38.216Z,8,98.98,8,100,62962,1025,61.97,62492,550,33.25,63492,79,4.78,1671,99,1654,4047,8,8
1668366898,2022-11-13 13:14:58 -0600,54467be9b7b6eb45f1ddd380342d15db481a88c5,TX,48377,2,2022-11-09T01:00:00.000Z,FIPSCode,48377,0,2022-11-13T18:44:38.216Z,8,98.98,8,100,62962,1025,61.97,62492,550,33.25,63492,79,4.78,1671,99,1654,4047,8,8
1668366935,2022-11-13 13:15:35 -0600,8e2e5164a6416a04d6c873bc5d25b26e8cfc8b14,TX,48377,2,2022-11-09T01:00:00.000Z,FIPSCode,48377,0,2022-11-13T18:44:38.216Z,8,98.98,8,100,62962,1025,61.97,62492,550,33.25,63492,79,4.78,1671,99,1654,4047,8,8
1668366983,2022-11-13 13:16:23 -0600,bbc8b029fdd2d8226337dd29c673e66877f9eb99,TX,48377,2,2022-11-09T01:00:00.000Z,FIPSCode,48377,0,2022-11-13T18:44:38.216Z,8,98.98,8,100,62962,1025,61.97,62492,550,33.25,63492,79,4.78,1671,99,1654,4047,8,8
1668366999,2022-11-13 13:16:39 -0600,00905eb582acc1a388a2a74e4f3ee026299b70a3,TX,48377,2,2022-11-09T01:00:00.000Z,FIPSCode,48377,0,2022-11-13T18:44:38.216Z,8,98.98,8,100,62962,1025,61.97,62492,550,33.25,63492,79,4.78,1671,99,1654,4047,8,8
1668367067,2022-11-13 13:17:47 -0600,8a2a966cbd6509865ab6755c69072f923ef64a7b,TX,48377,2,2022-11-09T01:00:00.000Z,FIPSCode,48377,0,2022-11-13T18:44:38.216Z,8,98.98,8,100,62962,1025,61.97,62492,550,33.25,63492,79,4.78,1671,99,1654,4047,8,8
1668367122,2022-11-13 13:18:42 -0600,eb2cf2768d94c188fcfad20b203459f82d201d59,TX,48377,2,2022-11-09T01:00:00.000Z,FIPSCode,48377,0,2022-11-13T18:44:38.216Z,8,98.98,8,100,62962,1025,61.97,62492,550,33.25,63492,79,4.78,1671,99,1654,4047,8,8
1668367184,2022-11-13 13:19:44 -0600,18eb62df060db0f4c34a9b3a35bfc04032b141e4,TX,48377,2,2022-11-09T01:00:00.000Z,FIPSCode,48377,0,2022-11-13T18:44:38.216Z,8,98.98,8,100,62962,1025,61.97,62492,550,33.25,63492,79,4.78,1671,99,1654,4047,8,8
1668367236,2022-11-13 13:20:36 -0600,425bea28b75f77378ea8b77e1b9aaa7f0c855617,TX,48377,2,2022-11-09T01:00:00.000Z,FIPSCode,48377,0,2022-11-13T18:44:38.216Z,8,98.98,8,100,62962,1025,61.97,62492,550,33.25,63492,79,4.78,1671,99,1654,4047,8,8
1668367298,2022-11-13 13:21:38 -0600,6ba2bf55ca9fdfa3261e1ea22b87dcb098527693,TX,48377,2,2022-11-09T01:00:00.000Z,FIPSCode,48377,0,2022-11-13T18:44:38.216Z,8,98.98,8,100,62962,1025,61.97,62492,550,33.25,63492,79,4.78,1671,99,1654,4047,8,8
1668367350,2022-11-13 13:22:30 -0600,bb5dda240403b4ca9185d8fae5d392f45ca0c942,TX,48377,2,2022-11-09T01:00:00.000Z,FIPSCode,48377,0,2022-11-13T18:44:38.216Z,8,98.98,8,100,62962,1025,61.97,62492,550,33.25,63492,79,4.78,1671,99,1654,4047,8,8
1668367410,2022-11-13 13:23:30 -0600,93217551719ff3410ac5a9bc181d5d6aece0793e,TX,48377,2,2022-11-09T01:00:00.000Z,FIPSCode,48377,0,2022-11-13T18:44:38.216Z,8,98.98,8,100,62962,1025,61.97,62492,550,33.25,63492,79,4.78,1671,99,1654,4047,8,8
1668367447,2022-11-13 13:24:07 -0600,acf3561465fd3378afdab57097d1037acb64a54b,TX,48377,2,2022-11-09T01:00:00.000Z,FIPSCode,48377,0,2022-11-13T18:44:38.216Z,8,98.98,8,100,62962,1025,61.97,62492,550,33.25,63492,79,4.78,1671,99,1654,4047,8,8
1668367470,2022-11-13 13:24:30 -0600,d257a5f03c9d8d6af2718eab541b5f57d4c07920,TX,48377,2,2022-11-09T01:00:00.000Z,FIPSCode,48377,0,2022-11-13T18:44:38.216Z,8,98.98,8,100,62962,1025,61.97,62492,550,33.25,63492,79,4.78,1671,99,1654,4047,8,8
1668367534,2022-11-13 13:25:34 -0600,833a0afd823ad6ba7f4681dcd0b4e5154c436ad4,TX,48377,2,2022-11-09T01:00:00.000Z,FIPSCode,48377,0,2022-11-13T18:44:38.216Z,8,98.98,8,100,62962,1025,61.97,62492,550,33.25,63492,79,4.78,1671,99,1654,4047,8,8
1668367564,2022-11-13 13:26:04 -0600,4dba6f7508233eb4b7b378c62bda860bc47fe8b0,TX,48377,2,2022-11-09T01:00:00.000Z,FIPSCode,48377,0,2022-11-13T18:44:38.216Z,8,98.98,8,100,62962,1025,61.97,62492,550,33.25,63492,79,4.78,1671,99,1654,4047,8,8
1668367594,2022-11-13 13:26:34 -0600,870d7ae707b60d4803162155cee53f7ca7197894,TX,48377,2,2022-11-09T01:00:00.000Z,FIPSCode,48377,0,2022-11-13T18:44:38.216Z,8,98.98,8,100,62962,1025,61.97,62492,550,33.25,63492,79,4.78,1671,99,1654,4047,8,8
1668367650,2022-11-13 13:27:30 -0600,d099af65e459bd40189dedcb2fa1826df44ee570,TX,48377,2,2022-11-09T01:00:00.000Z,FIPSCode,48377,0,2022-11-13T18:44:38.216Z,8,98.98,8,100,62962,1025,61.97,62492,550,33.25,63492,79,4.78,1671,99,1654,4047,8,8
1668367667,2022-11-13 13:27:47 -0600,e65a03e6a4cf11fef3a868a76c0a78b06b8d8be6,TX,48377,2,2022-11-09T01:00:00.000Z,FIPSCode,48377,0,2022-11-13T18:44:38.216Z,8,98.98,8,100,62962,1025,61.97,62492,550,33.25,63492,79,4.78,1671,99,1654,4047,8,8
1668367681,2022-11-13 13:28:01 -0600,0a6845ca48e67332d5cccb95ec3a0003fef96b70,TX,48377,2,2022-11-09T01:00:00.000Z,FIPSCode,48377,0,2022-11-13T18:44:38.216Z,8,98.98,8,100,62962,1025,61.97,62492,550,33.25,63492,79,4.78,1671,99,1654,4047,8,8
1668367695,2022-11-13 13:28:15 -0600,6ab2907188d0a041d84e6531ed338389b4ced044,TX,48377,2,2022-11-09T01:00:00.000Z,FIPSCode,48377,0,2022-11-13T18:44:38.216Z,8,98.98,8,100,62962,1025,61.97,62492,550,33.25,63492,79,4.78,1671,99,1654,4047,8,8
1668367716,2022-11-13 13:28:36 -0600,aef9115a0426a1776b6715eaccadbf67ec40f150,TX,48377,2,2022-11-09T01:00:00.000Z,FIPSCode,48377,0,2022-11-13T18:44:38.216Z,8,98.98,8,100,62962,1025,61.97,62492,550,33.25,63492,79,4.78,1671,99,1654,4047,8,8
1668367749,2022-11-13 13:29:09 -0600,e5bf82ff5623c13c8051ffc775f97a4fb3c49000,TX,48377,2,2022-11-09T01:00:00.000Z,FIPSCode,48377,0,2022-11-13T18:44:38.216Z,8,98.98,8,100,62962,1025,61.97,62492,550,33.25,63492,79,4.78,1671,99,1654,4047,8,8
1668367776,2022-11-13 13:29:36 -0600,4ce0593e851805cfc49999a5dbe76d533f34ac7c,TX,48377,2,2022-11-09T01:00:00.000Z,FIPSCode,48377,0,2022-11-13T18:44:38.216Z,8,98.98,8,100,62962,1025,61.97,62492,550,33.25,63492,79,4.78,1671,99,1654,4047,8,8
1668367810,2022-11-13 13:30:10 -0600,c279d7e4fc02f3bcd9d235233b45fe119868d7de,TX,48377,2,2022-11-09T01:00:00.000Z,FIPSCode,48377,0,2022-11-13T18:44:38.216Z,8,98.98,8,100,62962,1025,61.97,62492,550,33.25,63492,79,4.78,1671,99,1654,4047,8,8
1668367824,2022-11-13 13:30:24 -0600,ee1efefb59a5e4f63bd18f69b46f9355a0de76cd,TX,48377,2,2022-11-09T01:00:00.000Z,FIPSCode,48377,0,2022-11-13T18:44:38.216Z,8,98.98,8,100,62962,1025,61.97,62492,550,33.25,63492,79,4.78,1671,99,1654,4047,8,8
1668367875,2022-11-13 13:31:15 -0600,271c2625b18abab9773744bd808754c8e3e26f35,TX,48377,2,2022-11-09T01:00:00.000Z,FIPSCode,48377,0,2022-11-13T18:44:38.216Z,8,98.98,8,100,62962,1025,61.97,62492,550,33.25,63492,79,4.78,1671,99,1654,4047,8,8
1668367906,2022-11-13 13:31:46 -0600,e578ab015b1e990c7b891fd788429ceae67c92c3,TX,48377,2,2022-11-09T01:00:00.000Z,FIPSCode,48377,0,2022-11-13T18:44:38.216Z,8,98.98,8,100,62962,1025,61.97,62492,550,33.25,63492,79,4.78,1671,99,1654,4047,8,8
1668367940,2022-11-13 13:32:20 -0600,5684bea7e2a8d05e218da75fa02c8dcad490edf6,TX,48377,2,2022-11-09T01:00:00.000Z,FIPSCode,48377,0,2022-11-13T18:44:38.216Z,8,98.98,8,100,62962,1025,61.97,62492,550,33.25,63492,79,4.78,1671,99,1654,4047,8,8
1668367957,2022-11-13 13:32:37 -0600,29856f0d0458bfcfdb2fdecb79882f1a88d47acd,TX,48377,2,2022-11-09T01:00:00.000Z,FIPSCode,48377,0,2022-11-13T18:44:38.216Z,8,98.98,8,100,62962,1025,61.97,62492,550,33.25,63492,79,4.78,1671,99,1654,4047,8,8
1668368010,2022-11-13 13:33:30 -0600,33ff8f5fb9130d7bc3050804f9142e0d2b273195,TX,48377,2,2022-11-09T01:00:00.000Z,FIPSCode,48377,0,2022-11-13T18:44:38.216Z,8,98.98,8,100,62962,1025,61.97,62492,550,33.25,63492,79,4.78,1671,99,1654,4047,8,8
1668368083,2022-11-13 13:34:43 -0600,df551628a5f59cbd1a332d3e702bddbe4b8b0355,TX,48377,2,2022-11-09T01:00:00.000Z,FIPSCode,48377,0,2022-11-13T18:44:38.216Z,8,98.98,8,100,62962,1025,61.97,62492,550,33.25,63492,79,4.78,1671,99,1654,4047,8,8
1668368141,2022-11-13 13:35:41 -0600,ad7e2f42571a3a77e15561f26d9e3bddee793049,TX,48377,2,2022-11-09T01:00:00.000Z,FIPSCode,48377,0,2022-11-13T18:44:38.216Z,8,98.98,8,100,62962,1025,61.97,62492,550,33.25,63492,79,4.78,1671,99,1654,4047,8,8
1668368163,2022-11-13 13:36:03 -0600,bc4b727157b63c0a8a08a7c9d97076b9203c8b41,TX,48377,2,2022-11-09T01:00:00.000Z,FIPSCode,48377,0,2022-11-13T18:44:38.216Z,8,98.98,8,100,62962,1025,61.97,62492,550,33.25,63492,79,4.78,1671,99,1654,4047,8,8
1668368198,2022-11-13 13:36:38 -0600,f19d68d491a4e111b4bc66413ced6edb89ef61a1,TX,48377,2,2022-11-09T01:00:00.000Z,FIPSCode,48377,0,2022-11-13T18:44:38.216Z,8,98.98,8,100,62962,1025,61.97,62492,550,33.25,63492,79,4.78,1671,99,1654,4047,8,8
1668368261,2022-11-13 13:37:41 -0600,dc985063e04be2f54781cadfd4c3631d1c810d85,TX,48377,2,2022-11-09T01:00:00.000Z,FIPSCode,48377,0,2022-11-13T18:44:38.216Z,8,98.98,8,100,62962,1025,61.97,62492,550,33.25,63492,79,4.78,1671,99,1654,4047,8,8
1668368293,2022-11-13 13:38:13 -0600,889840b5b7b85d86c3153679a44f62b064b828bc,TX,48377,2,2022-11-09T01:00:00.000Z,FIPSCode,48377,0,2022-11-13T18:44:38.216Z,8,98.98,8,100,62962,1025,61.97,62492,550,33.25,63492,79,4.78,1671,99,1654,4047,8,8
1668368319,2022-11-13 13:38:39 -0600,58f7574eb431d3b0a6ea6f25e01e9a3f0d6926e7,TX,48377,2,2022-11-09T01:00:00.000Z,FIPSCode,48377,0,2022-11-13T18:44:38.216Z,8,98.98,8,100,62962,1025,61.97,62492,550,33.25,63492,79,4.78,1671,99,1654,4047,8,8
1668368348,2022-11-13 13:39:08 -0600,b15160ef5ec847fc92f756d4f06aa6fe59ff3e14,TX,48377,2,2022-11-09T01:00:00.000Z,FIPSCode,48377,0,2022-11-13T18:44:38.216Z,8,98.98,8,100,62962,1025,61.97,62492,550,33.25,63492,79,4.78,1671,99,1654,4047,8,8
1668368384,2022-11-13 13:39:44 -0600,44804e6ff145330cb57fbca1e3871430d40757cb,TX,48377,2,2022-11-09T01:00:00.000Z,FIPSCode,48377,0,2022-11-13T18:44:38.216Z,8,98.98,8,100,62962,1025,61.97,62492,550,33.25,63492,79,4.78,1671,99,1654,4047,8,8
1668368406,2022-11-13 13:40:06 -0600,c07a253d2e4c65e6432d8451e3939273511acb15,TX,48377,2,2022-11-09T01:00:00.000Z,FIPSCode,48377,0,2022-11-13T18:44:38.216Z,8,98.98,8,100,62962,1025,61.97,62492,550,33.25,63492,79,4.78,1671,99,1654,4047,8,8
1668368557,2022-11-13 13:42:37 -0600,b47578c5b4f46c6e53c10a73adaf8a5e706284df,TX,48377,2,2022-11-09T01:00:00.000Z,FIPSCode,48377,0,2022-11-13T18:44:38.216Z,8,98.98,8,100,62962,1025,61.97,62492,550,33.25,63492,79,4.78,1671,99,1654,4047,8,8
1668368576,2022-11-13 13:42:56 -0600,7dcafa26c60ebfee6878a8f426c1964f4a250b95,TX,48377,2,2022-11-09T01:00:00.000Z,FIPSCode,48377,0,2022-11-13T18:44:38.216Z,8,98.98,8,100,62962,1025,61.97,62492,550,33.25,63492,79,4.78,1671,99,1654,4047,8,8
1668368585,2022-11-13 13:43:05 -0600,e6dc7a08ace44b333da4e5162b808305c5c3fdf8,TX,48377,2,2022-11-09T01:00:00.000Z,FIPSCode,48377,0,2022-11-13T19:42:40.559Z,8,98.98,8,100,62962,1025,61.97,62492,550,33.25,63492,79,4.78,1671,99,1654,4047,8,8
1668368622,2022-11-13 13:43:42 -0600,57eaf05ca1bcaaebcefa185808d5658c2120f701,TX,48377,2,2022-11-09T01:00:00.000Z,FIPSCode,48377,0,2022-11-13T19:42:40.559Z,8,98.98,8,100,62962,1025,61.97,62492,550,33.25,63492,79,4.78,1671,99,1654,4047,8,8
1668368663,2022-11-13 13:44:23 -0600,bf39dd652edeb2c9509efd954600ad9278847f9c,TX,48377,2,2022-11-09T01:00:00.000Z,FIPSCode,48377,0,2022-11-13T19:43:39.269Z,8,98.98,8,100,62962,1025,61.97,62492,550,33.25,63492,79,4.78,1671,99,1654,4047,8,8
1668368670,2022-11-13 13:44:30 -0600,77880797e7e9eb8124d3b9fb5ba43ae2e4b8a172,TX,48377,2,2022-11-09T01:00:00.000Z,FIPSCode,48377,0,2022-11-13T19:44:17.085Z,8,98.98,8,100,62962,1025,61.97,62492,550,33.25,63492,79,4.78,1671,99,1654,4047,8,8
1668368682,2022-11-13 13:44:42 -0600,3d4d2c9648016014c74dfe4ddee36b7ff29d5dcd,TX,48377,2,2022-11-09T01:00:00.000Z,FIPSCode,48377,0,2022-11-13T19:44:17.085Z,8,98.98,8,100,62962,1025,61.97,62492,550,33.25,63492,79,4.78,1671,99,1654,4047,8,8
1668368734,2022-11-13 13:45:34 -0600,02ee638ba679c394e0630295db676b16c0f04a14,TX,48377,2,2022-11-09T01:00:00.000Z,FIPSCode,48377,0,2022-11-13T19:44:17.085Z,8,98.98,8,100,62962,1025,61.97,62492,550,33.25,63492,79,4.78,1671,99,1654,4047,8,8
1668368793,2022-11-13 13:46:33 -0600,e2c4bb71438e8196488c803421a335f12aa950db,TX,48377,2,2022-11-09T01:00:00.000Z,FIPSCode,48377,0,2022-11-13T19:46:16.863Z,8,98.98,8,100,62962,1025,61.97,62492,550,33.25,63492,79,4.78,1671,99,1654,4047,8,8
1668368851,2022-11-13 13:47:31 -0600,1e86ba85bcac2380f42455906d303af136927de4,TX,48377,2,2022-11-09T01:00:00.000Z,FIPSCode,48377,0,2022-11-13T19:47:16.693Z,8,98.98,8,100,62962,1025,61.97,62492,550,33.25,63492,79,4.78,1671,99,1654,4047,8,8
1668368916,2022-11-13 13:48:36 -0600,c25c2dc567187f276595e829b39030d8da28189d,TX,48377,2,2022-11-09T01:00:00.000Z,FIPSCode,48377,0,2022-11-13T19:48:17.114Z,8,98.98,8,100,62962,1025,61.97,62492,550,33.25,63492,79,4.78,1671,99,1654,4047,8,8
1668368970,2022-11-13 13:49:30 -0600,b48098ce1598d05dd4c0e3b89d62263a5d1f7225,TX,48377,2,2022-11-09T01:00:00.000Z,FIPSCode,48377,0,2022-11-13T19:48:17.114Z,8,98.98,8,100,62962,1025,61.97,62492,550,33.25,63492,79,4.78,1671,99,1654,4047,8,8
1668369036,2022-11-13 13:50:36 -0600,50fb253fc50bad895a6c50219444ca87fc874dde,TX,48377,2,2022-11-09T01:00:00.000Z,FIPSCode,48377,0,2022-11-13T19:48:17.114Z,8,98.98,8,100,62962,1025,61.97,62492,550,33.25,63492,79,4.78,1671,99,1654,4047,8,8
1668369066,2022-11-13 13:51:06 -0600,eaafd13f849dba56cea73f778a1da204f9d3b589,TX,48377,2,2022-11-09T01:00:00.000Z,FIPSCode,48377,0,2022-11-13T19:48:17.114Z,8,98.98,8,100,62962,1025,61.97,62492,550,33.25,63492,79,4.78,1671,99,1654,4047,8,8
1668369092,2022-11-13 13:51:32 -0600,e1f8e6b99d0bd2c9e4643807d54b6ce49102ed91,TX,48377,2,2022-11-09T01:00:00.000Z,FIPSCode,48377,0,2022-11-13T19:51:16.913Z,8,98.98,8,100,62962,1025,61.97,62492,550,33.25,63492,79,4.78,1671,99,1654,4047,8,8
1668369105,2022-11-13 13:51:45 -0600,690aef80c8d0d1fc57a396ed6ccba440db288439,TX,48377,2,2022-11-09T01:00:00.000Z,FIPSCode,48377,0,2022-11-13T19:51:16.913Z,8,98.98,8,100,62962,1025,61.97,62492,550,33.25,63492,79,4.78,1671,99,1654,4047,8,8
1668369122,2022-11-13 13:52:02 -0600,5c131a94ba3632eb30fdb876d06e7ca4a29d4b12,TX,48377,2,2022-11-09T01:00:00.000Z,FIPSCode,48377,0,2022-11-13T19:51:16.913Z,8,98.98,8,100,62962,1025,61.97,62492,550,33.25,63492,79,4.78,1671,99,1654,4047,8,8
1668369141,2022-11-13 13:52:21 -0600,4d0d1f99dcf6d4bc2b8a62c995768c7727947fb1,TX,48377,2,2022-11-09T01:00:00.000Z,FIPSCode,48377,0,2022-11-13T19:51:16.913Z,8,98.98,8,100,62962,1025,61.97,62492,550,33.25,63492,79,4.78,1671,99,1654,4047,8,8
1668369155,2022-11-13 13:52:35 -0600,97ae77b631be5a6cbea5d8a0ae2abaf8cb78b9ee,TX,48377,2,2022-11-09T01:00:00.000Z,FIPSCode,48377,0,2022-11-13T19:52:18.506Z,8,98.98,8,100,62962,1025,61.97,62492,550,33.25,63492,79,4.78,1671,99,1654,4047,8,8
1668369184,2022-11-13 13:53:04 -0600,46ea09436145b7781ee882116b0dbd3f5a56f2fe,TX,48377,2,2022-11-09T01:00:00.000Z,FIPSCode,48377,0,2022-11-13T19:52:18.506Z,8,98.98,8,100,62962,1025,61.97,62492,550,33.25,63492,79,4.78,1671,99,1654,4047,8,8
1668369224,2022-11-13 13:53:44 -0600,16feca911c373ae5539031043ac07a3f56a4c026,TX,48377,2,2022-11-09T01:00:00.000Z,FIPSCode,48377,0,2022-11-13T19:52:18.506Z,8,98.98,8,100,62962,1025,61.97,62492,550,33.25,63492,79,4.78,1671,99,1654,4047,8,8
1668369255,2022-11-13 13:54:15 -0600,12beff0b6decf74bb306fc971b20f6c0ff80dbcb,TX,48377,2,2022-11-09T01:00:00.000Z,FIPSCode,48377,0,2022-11-13T19:53:38.528Z,8,98.98,8,100,62962,1025,61.97,62492,550,33.25,63492,79,4.78,1671,99,1654,4047,8,8
1668369269,2022-11-13 13:54:29 -0600,65fb8c74247793012863b22aba6d0f4c14b26ac9,TX,48377,2,2022-11-09T01:00:00.000Z,FIPSCode,48377,0,2022-11-13T19:53:38.528Z,8,98.98,8,100,62962,1025,61.97,62492,550,33.25,63492,79,4.78,1671,99,1654,4047,8,8
1668369333,2022-11-13 13:55:33 -0600,a7319f9b15b1451b156418595eff4632c658b5fa,TX,48377,2,2022-11-09T01:00:00.000Z,FIPSCode,48377,0,2022-11-13T19:53:38.528Z,8,98.98,8,100,62962,1025,61.97,62492,550,33.25,63492,79,4.78,1671,99,1654,4047,8,8
1668369391,2022-11-13 13:56:31 -0600,92577b408d485fd958905f1f4db25dacde2b3af6,TX,48377,2,2022-11-09T01:00:00.000Z,FIPSCode,48377,0,2022-11-13T19:53:38.528Z,8,98.98,8,100,62962,1025,61.97,62492,550,33.25,63492,79,4.78,1671,99,1654,4047,8,8
1668369428,2022-11-13 13:57:08 -0600,03a807bd6096c0b8f59f97c6fcf3a4c822b79de8,TX,48377,2,2022-11-09T01:00:00.000Z,FIPSCode,48377,0,2022-11-13T19:53:38.528Z,8,98.98,8,100,62962,1025,61.97,62492,550,33.25,63492,79,4.78,1671,99,1654,4047,8,8
1668369453,2022-11-13 13:57:33 -0600,619f57e9edda5b2ca36a48f6a1d979aa411e4ba9,TX,48377,2,2022-11-09T01:00:00.000Z,FIPSCode,48377,0,2022-11-13T19:53:38.528Z,8,98.98,8,100,62962,1025,61.97,62492,550,33.25,63492,79,4.78,1671,99,1654,4047,8,8
1668369468,2022-11-13 13:57:48 -0600,8d1580e64632fdd7dc709644e19b77ac674ba1a6,TX,48377,2,2022-11-09T01:00:00.000Z,FIPSCode,48377,0,2022-11-13T19:53:38.528Z,8,98.98,8,100,62962,1025,61.97,62492,550,33.25,63492,79,4.78,1671,99,1654,4047,8,8
1668369480,2022-11-13 13:58:00 -0600,a5210e18e82fd2d632ccf46b1b7aba30dab94c4b,TX,48377,2,2022-11-09T01:00:00.000Z,FIPSCode,48377,0,2022-11-13T19:53:38.528Z,8,98.98,8,100,62962,1025,61.97,62492,550,33.25,63492,79,4.78,1671,99,1654,4047,8,8
1668369511,2022-11-13 13:58:31 -0600,1114e209424b58358a0a2d86f71dda0e28a207ab,TX,48377,2,2022-11-09T01:00:00.000Z,FIPSCode,48377,0,2022-11-13T19:53:38.528Z,8,98.98,8,100,62962,1025,61.97,62492,550,33.25,63492,79,4.78,1671,99,1654,4047,8,8
1668369549,2022-11-13 13:59:09 -0600,6b9e505b44f0244500640e62a1a6ec860e2f0008,TX,48377,2,2022-11-09T01:00:00.000Z,FIPSCode,48377,0,2022-11-13T19:58:35.819Z,8,98.98,8,100,62962,1025,61.97,62492,550,33.25,63492,79,4.78,1671,99,1654,4047,8,8
1668369569,2022-11-13 13:59:29 -0600,a27578931f2b9ac44587e8057c03073f054d178a,TX,48377,2,2022-11-09T01:00:00.000Z,FIPSCode,48377,0,2022-11-13T19:59:17.306Z,8,98.98,8,100,62962,1025,61.97,62492,550,33.25,63492,79,4.78,1671,99,1654,4047,8,8
1668369576,2022-11-13 13:59:36 -0600,1df06d12fb1b569061fe8f5c93cd4666f02e114f,TX,48377,2,2022-11-09T01:00:00.000Z,FIPSCode,48377,0,2022-11-13T19:59:17.306Z,8,98.98,8,100,62962,1025,61.97,62492,550,33.25,63492,79,4.78,1671,99,1654,4047,8,8
1668369615,2022-11-13 14:00:15 -0600,3321e5d009772009abc04df880db5e53e5eb2677,TX,48377,2,2022-11-09T01:00:00.000Z,FIPSCode,48377,0,2022-11-13T19:59:17.306Z,8,98.98,8,100,62962,1025,61.97,62492,550,33.25,63492,79,4.78,1671,99,1654,4047,8,8
1668369634,2022-11-13 14:00:34 -0600,232e902931718ddfa9f579007572ac4d4fe4b134,TX,48377,2,2022-11-09T01:00:00.000Z,FIPSCode,48377,0,2022-11-13T20:00:19.129Z,8,98.98,8,100,62962,1025,61.97,62492,550,33.25,63492,79,4.78,1671,99,1654,4047,8,8
1668369650,2022-11-13 14:00:50 -0600,655c9072f77dadc1ea5452d908ac1dd23f98b629,TX,48377,2,2022-11-09T01:00:00.000Z,FIPSCode,48377,0,2022-11-13T20:00:19.129Z,8,98.98,8,100,62962,1025,61.97,62492,550,33.25,63492,79,4.78,1671,99,1654,4047,8,8
1668369672,2022-11-13 14:01:12 -0600,c943ec6ed5cb1e94b0e7baf3278478320b066897,TX,48377,2,2022-11-09T01:00:00.000Z,FIPSCode,48377,0,2022-11-13T20:00:19.129Z,8,98.98,8,100,62962,1025,61.97,62492,550,33.25,63492,79,4.78,1671,99,1654,4047,8,8
1668369690,2022-11-13 14:01:30 -0600,b2ccab79ea1d26403adb78c3befdfdc5d40cf7de,TX,48377,2,2022-11-09T01:00:00.000Z,FIPSCode,48377,0,2022-11-13T20:01:18.983Z,8,98.98,8,100,62962,1025,61.97,62492,550,33.25,63492,79,4.78,1671,99,1654,4047,8,8
1668369736,2022-11-13 14:02:16 -0600,d947361e3e691866eebb8d9d9995dc5180be240e,TX,48377,2,2022-11-09T01:00:00.000Z,FIPSCode,48377,0,2022-11-13T20:01:18.983Z,8,98.98,8,100,62962,1025,61.97,62492,550,33.25,63492,79,4.78,1671,99,1654,4047,8,8
1668369750,2022-11-13 14:02:30 -0600,582b4ebd187175ca5a8424ad40f23b0442ba53bd,TX,48377,2,2022-11-09T01:00:00.000Z,FIPSCode,48377,0,2022-11-13T20:01:18.983Z,8,98.98,8,100,62962,1025,61.97,62492,550,33.25,63492,79,4.78,1671,99,1654,4047,8,8
1668369764,2022-11-13 14:02:44 -0600,e846d6da1a5ff73c11a2f6c28540cdf56fb010c4,TX,48377,2,2022-11-09T01:00:00.000Z,FIPSCode,48377,0,2022-11-13T20:01:18.983Z,8,98.98,8,100,62962,1025,61.97,62492,550,33.25,63492,79,4.78,1671,99,1654,4047,8,8
1668369794,2022-11-13 14:03:14 -0600,631c7ba1f84ec0d762bdf7a907eb0d983b94fd4e,TX,48377,2,2022-11-09T01:00:00.000Z,FIPSCode,48377,0,2022-11-13T20:01:18.983Z,8,98.98,8,100,62962,1025,61.97,62492,550,33.25,63492,79,4.78,1671,99,1654,4047,8,8
1668369808,2022-11-13 14:03:28 -0600,069fa90f2340c2f9a6968a593f46deb6da15a8cd,TX,48377,2,2022-11-09T01:00:00.000Z,FIPSCode,48377,0,2022-11-13T20:01:18.983Z,8,98.98,8,100,62962,1025,61.97,62492,550,33.25,63492,79,4.78,1671,99,1654,4047,8,8
1668369822,2022-11-13 14:03:42 -0600,06ec06648ab4b062992601d0d156015e2d7c8703,TX,48377,2,2022-11-09T01:00:00.000Z,FIPSCode,48377,0,2022-11-13T20:01:18.983Z,8,98.98,8,100,62962,1025,61.97,62492,550,33.25,63492,79,4.78,1671,99,1654,4047,8,8
1668369844,2022-11-13 14:04:04 -0600,e2a1250a9caf0475b5ba140304a49cba3cc1f49e,TX,48377,2,2022-11-09T01:00:00.000Z,FIPSCode,48377,0,2022-11-13T20:01:18.983Z,8,98.98,8,100,62962,1025,61.97,62492,550,33.25,63492,79,4.78,1671,99,1654,4047,8,8
1668369873,2022-11-13 14:04:33 -0600,041f98f2f8dce2a34f8fdf4cad313239888b9576,TX,48377,2,2022-11-09T01:00:00.000Z,FIPSCode,48377,0,2022-11-13T20:01:18.983Z,8,98.98,8,100,62962,1025,61.97,62492,550,33.25,63492,79,4.78,1671,99,1654,4047,8,8
1668369882,2022-11-13 14:04:42 -0600,791e9f5c1fed795b270af8f6e054269c49eeee4a,TX,48377,2,2022-11-09T01:00:00.000Z,FIPSCode,48377,0,2022-11-13T20:01:18.983Z,8,98.98,8,100,62962,1025,61.97,62492,550,33.25,63492,79,4.78,1671,99,1654,4047,8,8
1668369913,2022-11-13 14:05:13 -0600,4a52800afd18f158a1b7eb94e737181fbd1ea9fe,TX,48377,2,2022-11-09T01:00:00.000Z,FIPSCode,48377,0,2022-11-13T20:01:18.983Z,8,98.98,8,100,62962,1025,61.97,62492,550,33.25,63492,79,4.78,1671,99,1654,4047,8,8
1668369925,2022-11-13 14:05:25 -0600,2331e2baa32d0e21d9fbb7cf92c3cd9b240b85fd,TX,48377,2,2022-11-09T01:00:00.000Z,FIPSCode,48377,0,2022-11-13T20:01:18.983Z,8,98.98,8,100,62962,1025,61.97,62492,550,33.25,63492,79,4.78,1671,99,1654,4047,8,8
1668369932,2022-11-13 14:05:32 -0600,9233e98f455d573dede60c977dd45944603953db,TX,48377,2,2022-11-09T01:00:00.000Z,FIPSCode,48377,0,2022-11-13T20:05:17.981Z,8,98.98,8,100,62962,1025,61.97,62492,550,33.25,63492,79,4.78,1671,99,1654,4047,8,8
1668369986,2022-11-13 14:06:26 -0600,92b1c1c29202fb1ef58054df68a21fa970e99b59,TX,48377,2,2022-11-09T01:00:00.000Z,FIPSCode,48377,0,2022-11-13T20:05:17.981Z,8,98.98,8,100,62962,1025,61.97,62492,550,33.25,63492,79,4.78,1671,99,1654,4047,8,8
1668369993,2022-11-13 14:06:33 -0600,933215efc85f4028c0d6f909bfc7456815245e30,TX,48377,2,2022-11-09T01:00:00.000Z,FIPSCode,48377,0,2022-11-13T20:06:18.577Z,8,98.98,8,100,62962,1025,61.97,62492,550,33.25,63492,79,4.78,1671,99,1654,4047,8,8
1668370029,2022-11-13 14:07:09 -0600,7af4dd496f27962d8316395dd7667ed4e63e90a0,TX,48377,2,2022-11-09T01:00:00.000Z,FIPSCode,48377,0,2022-11-13T20:06:18.577Z,8,98.98,8,100,62962,1025,61.97,62492,550,33.25,63492,79,4.78,1671,99,1654,4047,8,8
1668370053,2022-11-13 14:07:33 -0600,c7f0fc96eb40f33f1590e4583678d3ff8e747d50,TX,48377,2,2022-11-09T01:00:00.000Z,FIPSCode,48377,0,2022-11-13T20:07:19.232Z,8,98.98,8,100,62962,1025,61.97,62492,550,33.25,63492,79,4.78,1671,99,1654,4047,8,8
1668370065,2022-11-13 14:07:45 -0600,b073cde4283154b56ef8356e34cad8830bf11ffb,TX,48377,2,2022-11-09T01:00:00.000Z,FIPSCode,48377,0,2022-11-13T20:07:19.232Z,8,98.98,8,100,62962,1025,61.97,62492,550,33.25,63492,79,4.78,1671,99,1654,4047,8,8
1668370076,2022-11-13 14:07:56 -0600,14e4bd6268cd2d0b9b0f0a6bfd576494ea92180a,TX,48377,2,2022-11-09T01:00:00.000Z,FIPSCode,48377,0,2022-11-13T20:07:19.232Z,8,98.98,8,100,62962,1025,61.97,62492,550,33.25,63492,79,4.78,1671,99,1654,4047,8,8
1668370094,2022-11-13 14:08:14 -0600,bb6aff9addb156f0116eebe60c6d35cf342c9578,TX,48377,2,2022-11-09T01:00:00.000Z,FIPSCode,48377,0,2022-11-13T20:07:19.232Z,8,98.98,8,100,62962,1025,61.97,62492,550,33.25,63492,79,4.78,1671,99,1654,4047,8,8
1668370111,2022-11-13 14:08:31 -0600,1e4841a6952aafa9c4db9e155975e5e1ebaea3e8,TX,48377,2,2022-11-09T01:00:00.000Z,FIPSCode,48377,0,2022-11-13T20:08:16.310Z,8,98.98,8,100,62962,1025,61.97,62492,550,33.25,63492,79,4.78,1671,99,1654,4047,8,8
1668370144,2022-11-13 14:09:04 -0600,863efdbcd546012606a36c3ccbca33c30d9ade31,TX,48377,2,2022-11-09T01:00:00.000Z,FIPSCode,48377,0,2022-11-13T20:08:16.310Z,8,98.98,8,100,62962,1025,61.97,62492,550,33.25,63492,79,4.78,1671,99,1654,4047,8,8
1668370173,2022-11-13 14:09:33 -0600,7dda10839a66430529cde6d7a71906eabefd70f8,TX,48377,2,2022-11-09T01:00:00.000Z,FIPSCode,48377,0,2022-11-13T20:08:16.310Z,8,98.98,8,100,62962,1025,61.97,62492,550,33.25,63492,79,4.78,1671,99,1654,4047,8,8
1668370231,2022-11-13 14:10:31 -0600,0e71f0a7937454984a34cfba0b193b055760fa9c,TX,48377,2,2022-11-09T01:00:00.000Z,FIPSCode,48377,0,2022-11-13T20:08:16.310Z,8,98.98,8,100,62962,1025,61.97,62492,550,33.25,63492,79,4.78,1671,99,1654,4047,8,8
1668370277,2022-11-13 14:11:17 -0600,de8937ff8533ac0d756c3bf316d862f17cf570ca,TX,48377,2,2022-11-09T01:00:00.000Z,FIPSCode,48377,0,2022-11-13T20:08:16.310Z,8,98.98,8,100,62962,1025,61.97,62492,550,33.25,63492,79,4.78,1671,99,1654,4047,8,8
1668370295,2022-11-13 14:11:35 -0600,a45663abc291c3aed4e8b79076104cfb1e9fd4ba,TX,48377,2,2022-11-09T01:00:00.000Z,FIPSCode,48377,0,2022-11-13T20:08:16.310Z,8,98.98,8,100,62962,1025,61.97,62492,550,33.25,63492,79,4.78,1671,99,1654,4047,8,8
1668370352,2022-11-13 14:12:32 -0600,df052a4bf37c8f166b54cfce8ff7162dcda8841e,TX,48377,2,2022-11-09T01:00:00.000Z,FIPSCode,48377,0,2022-11-13T20:08:16.310Z,8,98.98,8,100,62962,1025,61.97,62492,550,33.25,63492,79,4.78,1671,99,1654,4047,8,8
1668370359,2022-11-13 14:12:39 -0600,a4d299005808b0c43b58165b170f84fd4f61fa1f,TX,48377,2,2022-11-09T01:00:00.000Z,FIPSCode,48377,0,2022-11-13T20:08:16.310Z,8,98.98,8,100,62962,1025,61.97,62492,550,33.25,63492,79,4.78,1671,99,1654,4047,8,8
1668370393,2022-11-13 14:13:13 -0600,ac97ae762797525467e9377629832d77403cacb9,TX,48377,2,2022-11-09T01:00:00.000Z,FIPSCode,48377,0,2022-11-13T20:08:16.310Z,8,98.98,8,100,62962,1025,61.97,62492,550,33.25,63492,79,4.78,1671,99,1654,4047,8,8
1668370423,2022-11-13 14:13:43 -0600,94c76d65417f43dc3365de649f68e2bc34f38a31,TX,48377,2,2022-11-09T01:00:00.000Z,FIPSCode,48377,0,2022-11-13T20:08:16.310Z,8,98.98,8,100,62962,1025,61.97,62492,550,33.25,63492,79,4.78,1671,99,1654,4047,8,8
1668370436,2022-11-13 14:13:56 -0600,f4ee4bf9976b2a335211bf24faab29d3c6f645c3,TX,48377,2,2022-11-09T01:00:00.000Z,FIPSCode,48377,0,2022-11-13T20:08:16.310Z,8,98.98,8,100,62962,1025,61.97,62492,550,33.25,63492,79,4.78,1671,99,1654,4047,8,8
1668370487,2022-11-13 14:14:47 -0600,5c6403621de170731baf92a5c07a12e0454de096,TX,48377,2,2022-11-09T01:00:00.000Z,FIPSCode,48377,0,2022-11-13T20:08:16.310Z,8,98.98,8,100,62962,1025,61.97,62492,550,33.25,63492,79,4.78,1671,99,1654,4047,8,8
1668370504,2022-11-13 14:15:04 -0600,27022708a1642d703a01f963cb6bc8b568bcdc0a,TX,48377,2,2022-11-09T01:00:00.000Z,FIPSCode,48377,0,2022-11-13T20:08:16.310Z,8,98.98,8,100,62962,1025,61.97,62492,550,33.25,63492,79,4.78,1671,99,1654,4047,8,8
1668370528,2022-11-13 14:15:28 -0600,e7d13abb6c58d944ff9c1e9eb60606cdc185f400,TX,48377,2,2022-11-09T01:00:00.000Z,FIPSCode,48377,0,2022-11-13T20:08:16.310Z,8,98.98,8,100,62962,1025,61.97,62492,550,33.25,63492,79,4.78,1671,99,1654,4047,8,8
1668370557,2022-11-13 14:15:57 -0600,c85e5547b9e66b41ee52f6759f7c166e8310a5f9,TX,48377,2,2022-11-09T01:00:00.000Z,FIPSCode,48377,0,2022-11-13T20:08:16.310Z,8,98.98,8,100,62962,1025,61.97,62492,550,33.25,63492,79,4.78,1671,99,1654,4047,8,8
1668370574,2022-11-13 14:16:14 -0600,aa81c8984d90d98b806b2b8b3e5e40b80a7ca0d8,TX,48377,2,2022-11-09T01:00:00.000Z,FIPSCode,48377,0,2022-11-13T20:08:16.310Z,8,98.98,8,100,62962,1025,61.97,62492,550,33.25,63492,79,4.78,1671,99,1654,4047,8,8
1668370592,2022-11-13 14:16:32 -0600,2c2fb85ef077bc86f67383935c1a680b598d032e,TX,48377,2,2022-11-09T01:00:00.000Z,FIPSCode,48377,0,2022-11-13T20:08:16.310Z,8,98.98,8,100,62962,1025,61.97,62492,550,33.25,63492,79,4.78,1671,99,1654,4047,8,8
1668370627,2022-11-13 14:17:07 -0600,722da01ca0c6d78a30071caab7fe9bce11c38c13,TX,48377,2,2022-11-09T01:00:00.000Z,FIPSCode,48377,0,2022-11-13T20:08:16.310Z,8,98.98,8,100,62962,1025,61.97,62492,550,33.25,63492,79,4.78,1671,99,1654,4047,8,8
1668370657,2022-11-13 14:17:37 -0600,0977238994559382b194f7a5df1811a6480ac765,TX,48377,2,2022-11-09T01:00:00.000Z,FIPSCode,48377,0,2022-11-13T20:08:16.310Z,8,98.98,8,100,62962,1025,61.97,62492,550,33.25,63492,79,4.78,1671,99,1654,4047,8,8
1668370680,2022-11-13 14:18:00 -0600,7a477dcc28a2ae331c4c5efc6e98cb17d2a86cd9,TX,48377,2,2022-11-09T01:00:00.000Z,FIPSCode,48377,0,2022-11-13T20:08:16.310Z,8,98.98,8,100,62962,1025,61.97,62492,550,33.25,63492,79,4.78,1671,99,1654,4047,8,8
1668370716,2022-11-13 14:18:36 -0600,4c5037cd98f84b16edb10aefd235f2dd9a30a9e4,TX,48377,2,2022-11-09T01:00:00.000Z,FIPSCode,48377,0,2022-11-13T20:08:16.310Z,8,98.98,8,100,62962,1025,61.97,62492,550,33.25,63492,79,4.78,1671,99,1654,4047,8,8
1668370727,2022-11-13 14:18:47 -0600,4dbf7e25f5e12f880a33a8e754af6b08640812bc,TX,48377,2,2022-11-09T01:00:00.000Z,FIPSCode,48377,0,2022-11-13T20:08:16.310Z,8,98.98,8,100,62962,1025,61.97,62492,550,33.25,63492,79,4.78,1671,99,1654,4047,8,8
1668370744,2022-11-13 14:19:04 -0600,a916c59d40077cf87ecc7a542d648e154ef74f02,TX,48377,2,2022-11-09T01:00:00.000Z,FIPSCode,48377,0,2022-11-13T20:08:16.310Z,8,98.98,8,100,62962,1025,61.97,62492,550,33.25,63492,79,4.78,1671,99,1654,4047,8,8
1668370774,2022-11-13 14:19:34 -0600,39ceef83673491a1f4eb811c26270b1ec9ef8b09,TX,48377,2,2022-11-09T01:00:00.000Z,FIPSCode,48377,0,2022-11-13T20:08:16.310Z,8,98.98,8,100,62962,1025,61.97,62492,550,33.25,63492,79,4.78,1671,99,1654,4047,8,8
1668370802,2022-11-13 14:20:02 -0600,2f9b26293c48b32602ccc6265ffb1937e09805bb,TX,48377,2,2022-11-09T01:00:00.000Z,FIPSCode,48377,0,2022-11-13T20:08:16.310Z,8,98.98,8,100,62962,1025,61.97,62492,550,33.25,63492,79,4.78,1671,99,1654,4047,8,8
1668370831,2022-11-13 14:20:31 -0600,1da494fd27236e6f2d9bb89b3f69cffdff11fcb5,TX,48377,2,2022-11-09T01:00:00.000Z,FIPSCode,48377,0,2022-11-13T20:08:16.310Z,8,98.98,8,100,62962,1025,61.97,62492,550,33.25,63492,79,4.78,1671,99,1654,4047,8,8
1668370859,2022-11-13 14:20:59 -0600,d42157e77fb91e7033c6462bd4d9139a045d9a88,TX,48377,2,2022-11-09T01:00:00.000Z,FIPSCode,48377,0,2022-11-13T20:08:16.310Z,8,98.98,8,100,62962,1025,61.97,62492,550,33.25,63492,79,4.78,1671,99,1654,4047,8,8
1668370893,2022-11-13 14:21:33 -0600,60866095a457baeff0e4842278c115e9ff24c44d,TX,48377,2,2022-11-09T01:00:00.000Z,FIPSCode,48377,0,2022-11-13T20:08:16.310Z,8,98.98,8,100,62962,1025,61.97,62492,550,33.25,63492,79,4.78,1671,99,1654,4047,8,8
1668370923,2022-11-13 14:22:03 -0600,931ca0d59cbe3e0bdef424ec9d1ede5e043d43f1,TX,48377,2,2022-11-09T01:00:00.000Z,FIPSCode,48377,0,2022-11-13T20:08:16.310Z,8,98.98,8,100,62962,1025,61.97,62492,550,33.25,63492,79,4.78,1671,99,1654,4047,8,8
1668370957,2022-11-13 14:22:37 -0600,cb1737b04c2a5b61486b3e3715dfef49656eacd2,TX,48377,2,2022-11-09T01:00:00.000Z,FIPSCode,48377,0,2022-11-13T20:08:16.310Z,8,98.98,8,100,62962,1025,61.97,62492,550,33.25,63492,79,4.78,1671,99,1654,4047,8,8
1668370975,2022-11-13 14:22:55 -0600,746e3f97739a039c186d4d0e5f2bd584feacd939,TX,48377,2,2022-11-09T01:00:00.000Z,FIPSCode,48377,0,2022-11-13T20:08:16.310Z,8,98.98,8,100,62962,1025,61.97,62492,550,33.25,63492,79,4.78,1671,99,1654,4047,8,8
1668371033,2022-11-13 14:23:53 -0600,762321fde542de696933ce9a478dcf439ac7b1b3,TX,48377,2,2022-11-09T01:00:00.000Z,FIPSCode,48377,0,2022-11-13T20:08:16.310Z,8,98.98,8,100,62962,1025,61.97,62492,550,33.25,63492,79,4.78,1671,99,1654,4047,8,8
1668371051,2022-11-13 14:24:11 -0600,455c3048e913fe511fba90acab14e5a9ec5c4bcd,TX,48377,2,2022-11-09T01:00:00.000Z,FIPSCode,48377,0,2022-11-13T20:08:16.310Z,8,98.98,8,100,62962,1025,61.97,62492,550,33.25,63492,79,4.78,1671,99,1654,4047,8,8
1668371076,2022-11-13 14:24:36 -0600,a3e821d3786c1ef756c9096527e89c0c154da163,TX,48377,2,2022-11-09T01:00:00.000Z,FIPSCode,48377,0,2022-11-13T20:08:16.310Z,8,98.98,8,100,62962,1025,61.97,62492,550,33.25,63492,79,4.78,1671,99,1654,4047,8,8
1668371104,2022-11-13 14:25:04 -0600,bc6bb1f266db96d8968fef1696b58bbf7a002430,TX,48377,2,2022-11-09T01:00:00.000Z,FIPSCode,48377,0,2022-11-13T20:08:16.310Z,8,98.98,8,100,62962,1025,61.97,62492,550,33.25,63492,79,4.78,1671,99,1654,4047,8,8
1668371139,2022-11-13 14:25:39 -0600,622949b7ecb0bcfd4a8c51a6febd2e0701fa8051,TX,48377,2,2022-11-09T01:00:00.000Z,FIPSCode,48377,0,2022-11-13T20:25:19.405Z,8,98.98,8,100,62962,1025,61.97,62492,550,33.25,63492,79,4.78,1671,99,1654,4047,8,8
1668371175,2022-11-13 14:26:15 -0600,97b1255d9e9650352e311a3ae9fd7406df06ddda,TX,48377,2,2022-11-09T01:00:00.000Z,FIPSCode,48377,0,2022-11-13T20:25:19.405Z,8,98.98,8,100,62962,1025,61.97,62492,550,33.25,63492,79,4.78,1671,99,1654,4047,8,8
1668371198,2022-11-13 14:26:38 -0600,2dcdbc84305e52330afab12a49b03872550bca07,TX,48377,2,2022-11-09T01:00:00.000Z,FIPSCode,48377,0,2022-11-13T20:26:16.918Z,8,98.98,8,100,62962,1025,61.97,62492,550,33.25,63492,79,4.78,1671,99,1654,4047,8,8
1668371226,2022-11-13 14:27:06 -0600,f284fb2ad036adbff45599dcd61e4702bd9be5b4,TX,48377,2,2022-11-09T01:00:00.000Z,FIPSCode,48377,0,2022-11-13T20:26:16.918Z,8,98.98,8,100,62962,1025,61.97,62492,550,33.25,63492,79,4.78,1671,99,1654,4047,8,8
1668371257,2022-11-13 14:27:37 -0600,487c096ecc288ba4885e3d074b83fb608f17ce3e,TX,48377,2,2022-11-09T01:00:00.000Z,FIPSCode,48377,0,2022-11-13T20:26:16.918Z,8,98.98,8,100,62962,1025,61.97,62492,550,33.25,63492,79,4.78,1671,99,1654,4047,8,8
1668371280,2022-11-13 14:28:00 -0600,76b843f373d656eb8ffaa7da62d38ab6fb463a8f,TX,48377,2,2022-11-09T01:00:00.000Z,FIPSCode,48377,0,2022-11-13T20:27:35.659Z,8,98.98,8,100,62962,1025,61.97,62492,550,33.25,63492,79,4.78,1671,99,1654,4047,8,8
1668371316,2022-11-13 14:28:36 -0600,cb9db65e914f8a49f77012ea00d92ca8a744caf1,TX,48377,2,2022-11-09T01:00:00.000Z,FIPSCode,48377,0,2022-11-13T20:28:18.119Z,8,98.98,8,100,62962,1025,61.97,62492,550,33.25,63492,79,4.78,1671,99,1654,4047,8,8
1668371339,2022-11-13 14:28:59 -0600,6f53aea5ed7d7048bac1d5d6d45bc5381b716d39,TX,48377,2,2022-11-09T01:00:00.000Z,FIPSCode,48377,0,2022-11-13T20:28:18.119Z,8,98.98,8,100,62962,1025,61.97,62492,550,33.25,63492,79,4.78,1671,99,1654,4047,8,8
1668371357,2022-11-13 14:29:17 -0600,14c8c5d6139e63d2051f7407e7f418adc7bc3f29,TX,48377,2,2022-11-09T01:00:00.000Z,FIPSCode,48377,0,2022-11-13T20:28:18.119Z,8,98.98,8,100,62962,1025,61.97,62492,550,33.25,63492,79,4.78,1671,99,1654,4047,8,8
1668371374,2022-11-13 14:29:34 -0600,1084ed60896f887592c87d3664660d70df254c54,TX,48377,2,2022-11-09T01:00:00.000Z,FIPSCode,48377,0,2022-11-13T20:28:18.119Z,8,98.98,8,100,62962,1025,61.97,62492,550,33.25,63492,79,4.78,1671,99,1654,4047,8,8
1668371408,2022-11-13 14:30:08 -0600,a5bd9d6b8b0e8959beecab98b062350292c630cd,TX,48377,2,2022-11-09T01:00:00.000Z,FIPSCode,48377,0,2022-11-13T20:28:18.119Z,8,98.98,8,100,62962,1025,61.97,62492,550,33.25,63492,79,4.78,1671,99,1654,4047,8,8
1668371431,2022-11-13 14:30:31 -0600,8f9c3f0218c19c6a4d28d442f628ef2fcf83a0a5,TX,48377,2,2022-11-09T01:00:00.000Z,FIPSCode,48377,0,2022-11-13T20:28:18.119Z,8,98.98,8,100,62962,1025,61.97,62492,550,33.25,63492,79,4.78,1671,99,1654,4047,8,8
1668371453,2022-11-13 14:30:53 -0600,7a823db811a2879cf33dd3d5ead6b4d427dc1f3d,TX,48377,2,2022-11-09T01:00:00.000Z,FIPSCode,48377,0,2022-11-13T20:28:18.119Z,8,98.98,8,100,62962,1025,61.97,62492,550,33.25,63492,79,4.78,1671,99,1654,4047,8,8
1668371471,2022-11-13 14:31:11 -0600,ab00a5c92285f6ef77a3805dab207e8cd6b1d85d,TX,48377,2,2022-11-09T01:00:00.000Z,FIPSCode,48377,0,2022-11-13T20:28:18.119Z,8,98.98,8,100,62962,1025,61.97,62492,550,33.25,63492,79,4.78,1671,99,1654,4047,8,8
1668371494,2022-11-13 14:31:34 -0600,3de452b783d0c7c8c7efa77ddd08c85b34475f0c,TX,48377,2,2022-11-09T01:00:00.000Z,FIPSCode,48377,0,2022-11-13T20:28:18.119Z,8,98.98,8,100,62962,1025,61.97,62492,550,33.25,63492,79,4.78,1671,99,1654,4047,8,8
1668371522,2022-11-13 14:32:02 -0600,267bb591cb082d3c63a0052209ee236cf71ddca8,TX,48377,2,2022-11-09T01:00:00.000Z,FIPSCode,48377,0,2022-11-13T20:28:18.119Z,8,98.98,8,100,62962,1025,61.97,62492,550,33.25,63492,79,4.78,1671,99,1654,4047,8,8
1668371545,2022-11-13 14:32:25 -0600,d5e609d4a7d0fb6f3cb93c7a71429d1dd5d82468,TX,48377,2,2022-11-09T01:00:00.000Z,FIPSCode,48377,0,2022-11-13T20:28:18.119Z,8,98.98,8,100,62962,1025,61.97,62492,550,33.25,63492,79,4.78,1671,99,1654,4047,8,8
1668371558,2022-11-13 14:32:38 -0600,5ff9c9bc7325716f5e8155e08c63a2eba7c5b183,TX,48377,2,2022-11-09T01:00:00.000Z,FIPSCode,48377,0,2022-11-13T20:28:18.119Z,8,98.98,8,100,62962,1025,61.97,62492,550,33.25,63492,79,4.78,1671,99,1654,4047,8,8
1668371581,2022-11-13 14:33:01 -0600,5155f3d606b7db7b5793f8530c2ee06e0d072172,TX,48377,2,2022-11-09T01:00:00.000Z,FIPSCode,48377,0,2022-11-13T20:28:18.119Z,8,98.98,8,100,62962,1025,61.97,62492,550,33.25,63492,79,4.78,1671,99,1654,4047,8,8
1668371647,2022-11-13 14:34:07 -0600,e21a87128baf2bfa929faec4df7943b3dc26d475,TX,48377,2,2022-11-09T01:00:00.000Z,FIPSCode,48377,0,2022-11-13T20:28:18.119Z,8,98.98,8,100,62962,1025,61.97,62492,550,33.25,63492,79,4.78,1671,99,1654,4047,8,8
1668371701,2022-11-13 14:35:01 -0600,107651885daa72e2b5e7c7dc4abfb1a44051516d,TX,48377,2,2022-11-09T01:00:00.000Z,FIPSCode,48377,0,2022-11-13T20:28:18.119Z,8,98.98,8,100,62962,1025,61.97,62492,550,33.25,63492,79,4.78,1671,99,1654,4047,8,8
1668371730,2022-11-13 14:35:30 -0600,1b3e7b196b1bb09bd31315d7c82c893ab52cf010,TX,48377,2,2022-11-09T01:00:00.000Z,FIPSCode,48377,0,2022-11-13T20:28:18.119Z,8,98.98,8,100,62962,1025,61.97,62492,550,33.25,63492,79,4.78,1671,99,1654,4047,8,8
1668371767,2022-11-13 14:36:07 -0600,8f80eecfa613d95372e1173cd560fefbd460ad08,TX,48377,2,2022-11-09T01:00:00.000Z,FIPSCode,48377,0,2022-11-13T20:28:18.119Z,8,98.98,8,100,62962,1025,61.97,62492,550,33.25,63492,79,4.78,1671,99,1654,4047,8,8
1668371790,2022-11-13 14:36:30 -0600,be6b510d0372d53baa760154fe10b1cae06785ba,TX,48377,2,2022-11-09T01:00:00.000Z,FIPSCode,48377,0,2022-11-13T20:28:18.119Z,8,98.98,8,100,62962,1025,61.97,62492,550,33.25,63492,79,4.78,1671,99,1654,4047,8,8
1668371853,2022-11-13 14:37:33 -0600,6d58082462082943d6320dea17c451115ac1349a,TX,48377,2,2022-11-09T01:00:00.000Z,FIPSCode,48377,0,2022-11-13T20:28:18.119Z,8,98.98,8,100,62962,1025,61.97,62492,550,33.25,63492,79,4.78,1671,99,1654,4047,8,8
1668371865,2022-11-13 14:37:45 -0600,aebeff3f75f58a995692e4d3c41f9127e5534ddd,TX,48377,2,2022-11-09T01:00:00.000Z,FIPSCode,48377,0,2022-11-13T20:28:18.119Z,8,98.98,8,100,62962,1025,61.97,62492,550,33.25,63492,79,4.78,1671,99,1654,4047,8,8
1668371912,2022-11-13 14:38:32 -0600,9d939d94fbe5185b6d2847708c1e97ff58f21162,TX,48377,2,2022-11-09T01:00:00.000Z,FIPSCode,48377,0,2022-11-13T20:38:17.538Z,8,98.98,8,100,62962,1025,61.97,62492,550,33.25,63492,79,4.78,1671,99,1654,4047,8,8
1668371923,2022-11-13 14:38:43 -0600,4cce1284c8a4e73b6469d1f74778b4c1d0c2e41e,TX,48377,2,2022-11-09T01:00:00.000Z,FIPSCode,48377,0,2022-11-13T20:38:17.538Z,8,98.98,8,100,62962,1025,61.97,62492,550,33.25,63492,79,4.78,1671,99,1654,4047,8,8
1668371941,2022-11-13 14:39:01 -0600,1efed5d5634658581d3ecedfb76981671610a52a,TX,48377,2,2022-11-09T01:00:00.000Z,FIPSCode,48377,0,2022-11-13T20:38:17.538Z,8,98.98,8,100,62962,1025,61.97,62492,550,33.25,63492,79,4.78,1671,99,1654,4047,8,8
1668371976,2022-11-13 14:39:36 -0600,d419b4c9ce3eefbbe1c3aa3133d67287cfe8f991,TX,48377,2,2022-11-09T01:00:00.000Z,FIPSCode,48377,0,2022-11-13T20:38:17.538Z,8,98.98,8,100,62962,1025,61.97,62492,550,33.25,63492,79,4.78,1671,99,1654,4047,8,8
1668372005,2022-11-13 14:40:05 -0600,ab173d8f32cc7892ab010cb206921ffb98bab9b9,TX,48377,2,2022-11-09T01:00:00.000Z,FIPSCode,48377,0,2022-11-13T20:39:37.770Z,8,98.98,8,100,62962,1025,61.97,62492,550,33.25,63492,79,4.78,1671,99,1654,4047,8,8
1668372039,2022-11-13 14:40:39 -0600,be9ea1f509ae290e5158f9b5554241da5a1e5d1c,TX,48377,2,2022-11-09T01:00:00.000Z,FIPSCode,48377,0,2022-11-13T20:39:37.770Z,8,98.98,8,100,62962,1025,61.97,62492,550,33.25,63492,79,4.78,1671,99,1654,4047,8,8
1668372062,2022-11-13 14:41:02 -0600,048d49c4400435eea1f2442841cc12ff8ee8afcd,TX,48377,2,2022-11-09T01:00:00.000Z,FIPSCode,48377,0,2022-11-13T20:40:39.332Z,8,98.98,8,100,62962,1025,61.97,62492,550,33.25,63492,79,4.78,1671,99,1654,4047,8,8
1668372097,2022-11-13 14:41:37 -0600,090b7b297f2d750ae63762e1db68b4cac66dea42,TX,48377,2,2022-11-09T01:00:00.000Z,FIPSCode,48377,0,2022-11-13T20:40:39.332Z,8,98.98,8,100,62962,1025,61.97,62492,550,33.25,63492,79,4.78,1671,99,1654,4047,8,8
1668372125,2022-11-13 14:42:05 -0600,40adbe9bc295b27de954e06ca5f793b333bf784e,TX,48377,2,2022-11-09T01:00:00.000Z,FIPSCode,48377,0,2022-11-13T20:40:39.332Z,8,98.98,8,100,62962,1025,61.97,62492,550,33.25,63492,79,4.78,1671,99,1654,4047,8,8
1668372383,2022-11-13 14:46:23 -0600,4f77c2e0ad05810bda9e391669b0c3536b26546b,TX,48377,2,2022-11-09T01:00:00.000Z,FIPSCode,48377,0,2022-11-13T20:45:19.382Z,8,98.98,8,100,62962,1025,61.97,62492,550,33.25,63492,79,4.78,1671,99,1654,4047,8,8
1668372395,2022-11-13 14:46:35 -0600,9fff487b44ad729ba7d45fce27d45b9d9f2995f2,TX,48377,2,2022-11-09T01:00:00.000Z,FIPSCode,48377,0,2022-11-13T20:45:19.382Z,8,98.98,8,100,62962,1025,61.97,62492,550,33.25,63492,79,4.78,1671,99,1654,4047,8,8
1668372553,2022-11-13 14:49:13 -0600,a051e8756a7cf554774884d8864bb8bb55245cd1,TX,48377,2,2022-11-09T01:00:00.000Z,FIPSCode,48377,0,2022-11-13T20:45:19.382Z,8,98.98,8,100,62962,1025,61.97,62492,550,33.25,63492,79,4.78,1671,99,1654,4047,8,8
1668372579,2022-11-13 14:49:39 -0600,4644fbae6103f714b94be7b2c006ec0bddae5e06,TX,48377,2,2022-11-09T01:00:00.000Z,FIPSCode,48377,0,2022-11-13T20:45:19.382Z,8,98.98,8,100,62962,1025,61.97,62492,550,33.25,63492,79,4.78,1671,99,1654,4047,8,8
1668372591,2022-11-13 14:49:51 -0600,60c8b870c83662592952a9e31ece84ffdcaf8a14,TX,48377,2,2022-11-09T01:00:00.000Z,FIPSCode,48377,0,2022-11-13T20:45:19.382Z,8,98.98,8,100,62962,1025,61.97,62492,550,33.25,63492,79,4.78,1671,99,1654,4047,8,8
1668372635,2022-11-13 14:50:35 -0600,8cf916100e11df20d12b41c8c13e87ac410dcb76,TX,48377,2,2022-11-09T01:00:00.000Z,FIPSCode,48377,0,2022-11-13T20:45:19.382Z,8,98.98,8,100,62962,1025,61.97,62492,550,33.25,63492,79,4.78,1671,99,1654,4047,8,8
1668372657,2022-11-13 14:50:57 -0600,d148e88fce2ff40736e22530a8f3c66cc4d559b1,TX,48377,2,2022-11-09T01:00:00.000Z,FIPSCode,48377,0,2022-11-13T20:45:19.382Z,8,98.98,8,100,62962,1025,61.97,62492,550,33.25,63492,79,4.78,1671,99,1654,4047,8,8
1668372700,2022-11-13 14:51:40 -0600,f3a4045a3160192657219ca236b094b645354515,TX,48377,2,2022-11-09T01:00:00.000Z,FIPSCode,48377,0,2022-11-13T20:45:19.382Z,8,98.98,8,100,62962,1025,61.97,62492,550,33.25,63492,79,4.78,1671,99,1654,4047,8,8
1668372718,2022-11-13 14:51:58 -0600,2ded53b4ca63228763ddb2e92dbbbb7938f60bd8,TX,48377,2,2022-11-09T01:00:00.000Z,FIPSCode,48377,0,2022-11-13T20:45:19.382Z,8,98.98,8,100,62962,1025,61.97,62492,550,33.25,63492,79,4.78,1671,99,1654,4047,8,8
1668372735,2022-11-13 14:52:15 -0600,8a459d4de2dedea6bfbc1f3be432d795ec3284c1,TX,48377,2,2022-11-09T01:00:00.000Z,FIPSCode,48377,0,2022-11-13T20:45:19.382Z,8,98.98,8,100,62962,1025,61.97,62492,550,33.25,63492,79,4.78,1671,99,1654,4047,8,8
1668372758,2022-11-13 14:52:38 -0600,7427203f18eb1e67a8cf5bb573802750a4dffdf8,TX,48377,2,2022-11-09T01:00:00.000Z,FIPSCode,48377,0,2022-11-13T20:45:19.382Z,8,98.98,8,100,62962,1025,61.97,62492,550,33.25,63492,79,4.78,1671,99,1654,4047,8,8
1668372786,2022-11-13 14:53:06 -0600,e5677d5071810e238a57fad36ce3a09d81eb643f,TX,48377,2,2022-11-09T01:00:00.000Z,FIPSCode,48377,0,2022-11-13T20:45:19.382Z,8,98.98,8,100,62962,1025,61.97,62492,550,33.25,63492,79,4.78,1671,99,1654,4047,8,8
1668372816,2022-11-13 14:53:36 -0600,85902292844726e149261d348dd8db675181b57d,TX,48377,2,2022-11-09T01:00:00.000Z,FIPSCode,48377,0,2022-11-13T20:45:19.382Z,8,98.98,8,100,62962,1025,61.97,62492,550,33.25,63492,79,4.78,1671,99,1654,4047,8,8
1668372844,2022-11-13 14:54:04 -0600,8d73176f0c1442f8e8b72ec0af603c80d69554af,TX,48377,2,2022-11-09T01:00:00.000Z,FIPSCode,48377,0,2022-11-13T20:45:19.382Z,8,98.98,8,100,62962,1025,61.97,62492,550,33.25,63492,79,4.78,1671,99,1654,4047,8,8
1668372873,2022-11-13 14:54:33 -0600,ade205c668bda3966201cbc4b89383b96d665d26,TX,48377,2,2022-11-09T01:00:00.000Z,FIPSCode,48377,0,2022-11-13T20:45:19.382Z,8,98.98,8,100,62962,1025,61.97,62492,550,33.25,63492,79,4.78,1671,99,1654,4047,8,8
1668372884,2022-11-13 14:54:44 -0600,9f6dd6a5eb821ef285dbfd9b5d4cc66f3d51260a,TX,48377,2,2022-11-09T01:00:00.000Z,FIPSCode,48377,0,2022-11-13T20:45:19.382Z,8,98.98,8,100,62962,1025,61.97,62492,550,33.25,63492,79,4.78,1671,99,1654,4047,8,8
1668372897,2022-11-13 14:54:57 -0600,644333e3b6db38362f56e2374f5790e43ed3ce28,TX,48377,2,2022-11-09T01:00:00.000Z,FIPSCode,48377,0,2022-11-13T20:45:19.382Z,8,98.98,8,100,62962,1025,61.97,62492,550,33.25,63492,79,4.78,1671,99,1654,4047,8,8
1668372927,2022-11-13 14:55:27 -0600,8d5e41cc01770d28ad73eb604848340dfc9a1889,TX,48377,2,2022-11-09T01:00:00.000Z,FIPSCode,48377,0,2022-11-13T20:45:19.382Z,8,98.98,8,100,62962,1025,61.97,62492,550,33.25,63492,79,4.78,1671,99,1654,4047,8,8
1668372939,2022-11-13 14:55:39 -0600,ffe8c5d8db324eedf65737af4e09c11317e17422,TX,48377,2,2022-11-09T01:00:00.000Z,FIPSCode,48377,0,2022-11-13T20:45:19.382Z,8,98.98,8,100,62962,1025,61.97,62492,550,33.25,63492,79,4.78,1671,99,1654,4047,8,8
1668372963,2022-11-13 14:56:03 -0600,492c8409a183a6c5439bde0a9dd94e2ee2226dad,TX,48377,2,2022-11-09T01:00:00.000Z,FIPSCode,48377,0,2022-11-13T20:45:19.382Z,8,98.98,8,100,62962,1025,61.97,62492,550,33.25,63492,79,4.78,1671,99,1654,4047,8,8
1668372991,2022-11-13 14:56:31 -0600,dda92136c762514464796c5a2fd6e3f108fe8cd3,TX,48377,2,2022-11-09T01:00:00.000Z,FIPSCode,48377,0,2022-11-13T20:45:19.382Z,8,98.98,8,100,62962,1025,61.97,62492,550,33.25,63492,79,4.78,1671,99,1654,4047,8,8
1668373027,2022-11-13 14:57:07 -0600,fd72ce653edbc93a51ff94597cdd6b8e8b706723,TX,48377,2,2022-11-09T01:00:00.000Z,FIPSCode,48377,0,2022-11-13T20:45:19.382Z,8,98.98,8,100,62962,1025,61.97,62492,550,33.25,63492,79,4.78,1671,99,1654,4047,8,8
1668373046,2022-11-13 14:57:26 -0600,d0aa300b9af5589cc1e6bf11192f7133715edbee,TX,48377,2,2022-11-09T01:00:00.000Z,FIPSCode,48377,0,2022-11-13T20:45:19.382Z,8,98.98,8,100,62962,1025,61.97,62492,550,33.25,63492,79,4.78,1671,99,1654,4047,8,8
1668373057,2022-11-13 14:57:37 -0600,aa168233456f73831250cfaafca0a3f9523b2128,TX,48377,2,2022-11-09T01:00:00.000Z,FIPSCode,48377,0,2022-11-13T20:45:19.382Z,8,98.98,8,100,62962,1025,61.97,62492,550,33.25,63492,79,4.78,1671,99,1654,4047,8,8
1668373081,2022-11-13 14:58:01 -0600,61a344b5c18b4c423a373885471b007292d571c0,TX,48377,2,2022-11-09T01:00:00.000Z,FIPSCode,48377,0,2022-11-13T20:45:19.382Z,8,98.98,8,100,62962,1025,61.97,62492,550,33.25,63492,79,4.78,1671,99,1654,4047,8,8
1668373116,2022-11-13 14:58:36 -0600,fa23710da7c6bb272695ea918dd7d2af71a4a231,TX,48377,2,2022-11-09T01:00:00.000Z,FIPSCode,48377,0,2022-11-13T20:45:19.382Z,8,98.98,8,100,62962,1025,61.97,62492,550,33.25,63492,79,4.78,1671,99,1654,4047,8,8
1668373150,2022-11-13 14:59:10 -0600,ced562a14cb58e6f115fd32a70b64356799462af,TX,48377,2,2022-11-09T01:00:00.000Z,FIPSCode,48377,0,2022-11-13T20:45:19.382Z,8,98.98,8,100,62962,1025,61.97,62492,550,33.25,63492,79,4.78,1671,99,1654,4047,8,8
1668373174,2022-11-13 14:59:34 -0600,2588231aff29be26300e09c4c4c3189ac5fe9b40,TX,48377,2,2022-11-09T01:00:00.000Z,FIPSCode,48377,0,2022-11-13T20:45:19.382Z,8,98.98,8,100,62962,1025,61.97,62492,550,33.25,63492,79,4.78,1671,99,1654,4047,8,8
1668373203,2022-11-13 15:00:03 -0600,5ac2d25bdcae0abf64f9331b22ee44c15291a6b4,TX,48377,2,2022-11-09T01:00:00.000Z,FIPSCode,48377,0,2022-11-13T20:45:19.382Z,8,98.98,8,100,62962,1025,61.97,62492,550,33.25,63492,79,4.78,1671,99,1654,4047,8,8
1668373231,2022-11-13 15:00:31 -0600,e01d1f2366ce5b8295e8d6870f14a11969555a7d,TX,48377,2,2022-11-09T01:00:00.000Z,FIPSCode,48377,0,2022-11-13T20:45:19.382Z,8,98.98,8,100,62962,1025,61.97,62492,550,33.25,63492,79,4.78,1671,99,1654,4047,8,8
1668373237,2022-11-13 15:00:37 -0600,46095fdcad1eb6a838b133089e319b7ba921f349,TX,48377,2,2022-11-09T01:00:00.000Z,FIPSCode,48377,0,2022-11-13T20:45:19.382Z,8,98.98,8,100,62962,1025,61.97,62492,550,33.25,63492,79,4.78,1671,99,1654,4047,8,8
1668373268,2022-11-13 15:01:08 -0600,be64f497941001907c2f1e40981477927caf0f22,TX,48377,2,2022-11-09T01:00:00.000Z,FIPSCode,48377,0,2022-11-13T20:45:19.382Z,8,98.98,8,100,62962,1025,61.97,62492,550,33.25,63492,79,4.78,1671,99,1654,4047,8,8
1668373299,2022-11-13 15:01:39 -0600,dddddbd0f0df3094a3ee00937b806c03c48cd303,TX,48377,2,2022-11-09T01:00:00.000Z,FIPSCode,48377,0,2022-11-13T20:45:19.382Z,8,98.98,8,100,62962,1025,61.97,62492,550,33.25,63492,79,4.78,1671,99,1654,4047,8,8
1668373310,2022-11-13 15:01:50 -0600,2f62c8069c51267329daff9a3d8d2c067ab5dac3,TX,48377,2,2022-11-09T01:00:00.000Z,FIPSCode,48377,0,2022-11-13T20:45:19.382Z,8,98.98,8,100,62962,1025,61.97,62492,550,33.25,63492,79,4.78,1671,99,1654,4047,8,8
1668373328,2022-11-13 15:02:08 -0600,51511c64cf1f9463084fefbbda8d7463818957d3,TX,48377,2,2022-11-09T01:00:00.000Z,FIPSCode,48377,0,2022-11-13T20:45:19.382Z,8,98.98,8,100,62962,1025,61.97,62492,550,33.25,63492,79,4.78,1671,99,1654,4047,8,8
1668373362,2022-11-13 15:02:42 -0600,51bd32514a5e1fd7a5162ec5c515d68201cad9d0,TX,48377,2,2022-11-09T01:00:00.000Z,FIPSCode,48377,0,2022-11-13T20:45:19.382Z,8,98.98,8,100,62962,1025,61.97,62492,550,33.25,63492,79,4.78,1671,99,1654,4047,8,8
1668373368,2022-11-13 15:02:48 -0600,2cf691945a77a9787a8450c88b4a94a7cfbddee0,TX,48377,2,2022-11-09T01:00:00.000Z,FIPSCode,48377,0,2022-11-13T20:45:19.382Z,8,98.98,8,100,62962,1025,61.97,62492,550,33.25,63492,79,4.78,1671,99,1654,4047,8,8
1668373386,2022-11-13 15:03:06 -0600,701b00541cb7fe42e16d402fe30a6641fa9503ff,TX,48377,2,2022-11-09T01:00:00.000Z,FIPSCode,48377,0,2022-11-13T20:45:19.382Z,8,98.98,8,100,62962,1025,61.97,62492,550,33.25,63492,79,4.78,1671,99,1654,4047,8,8
1668373416,2022-11-13 15:03:36 -0600,9f7cbf57efa13a8b4a3d909839b6103368e0d74a,TX,48377,2,2022-11-09T01:00:00.000Z,FIPSCode,48377,0,2022-11-13T20:45:19.382Z,8,98.98,8,100,62962,1025,61.97,62492,550,33.25,63492,79,4.78,1671,99,1654,4047,8,8
1668373472,2022-11-13 15:04:32 -0600,e91a1ef046f75157955d6fb3b6f9cfdc2c76a7b9,TX,48377,2,2022-11-09T01:00:00.000Z,FIPSCode,48377,0,2022-11-13T20:45:19.382Z,8,98.98,8,100,62962,1025,61.97,62492,550,33.25,63492,79,4.78,1671,99,1654,4047,8,8
1668373500,2022-11-13 15:05:00 -0600,5b2d3ee6ae4356520b653d4274864b3b11f0eb56,TX,48377,2,2022-11-09T01:00:00.000Z,FIPSCode,48377,0,2022-11-13T20:45:19.382Z,8,98.98,8,100,62962,1025,61.97,62492,550,33.25,63492,79,4.78,1671,99,1654,4047,8,8
1668373535,2022-11-13 15:05:35 -0600,20f1902d53f382fe8408bfda4ca2dd985e1e1b39,TX,48377,2,2022-11-09T01:00:00.000Z,FIPSCode,48377,0,2022-11-13T20:45:19.382Z,8,98.98,8,100,62962,1025,61.97,62492,550,33.25,63492,79,4.78,1671,99,1654,4047,8,8
1668373563,2022-11-13 15:06:03 -0600,d460fa472f766beb7a51de702818927d30dc20c4,TX,48377,2,2022-11-09T01:00:00.000Z,FIPSCode,48377,0,2022-11-13T20:45:19.382Z,8,98.98,8,100,62962,1025,61.97,62492,550,33.25,63492,79,4.78,1671,99,1654,4047,8,8
1668373592,2022-11-13 15:06:32 -0600,b21411e850cf666a2b3595e709251c955a00221b,TX,48377,2,2022-11-09T01:00:00.000Z,FIPSCode,48377,0,2022-11-13T20:45:19.382Z,8,98.98,8,100,62962,1025,61.97,62492,550,33.25,63492,79,4.78,1671,99,1654,4047,8,8
1668373617,2022-11-13 15:06:57 -0600,db374be50441d093312d89a903421e3e2c7816c7,TX,48377,2,2022-11-09T01:00:00.000Z,FIPSCode,48377,0,2022-11-13T20:45:19.382Z,8,98.98,8,100,62962,1025,61.97,62492,550,33.25,63492,79,4.78,1671,99,1654,4047,8,8
1668373636,2022-11-13 15:07:16 -0600,a7485332b935b9b88df132e58ac53aa68ab5913d,TX,48377,2,2022-11-09T01:00:00.000Z,FIPSCode,48377,0,2022-11-13T20:45:19.382Z,8,98.98,8,100,62962,1025,61.97,62492,550,33.25,63492,79,4.78,1671,99,1654,4047,8,8
1668373665,2022-11-13 15:07:45 -0600,6e486f4d3d2d1c02d399111146ee1bbf34b78469,TX,48377,2,2022-11-09T01:00:00.000Z,FIPSCode,48377,0,2022-11-13T21:07:19.042Z,8,98.98,8,100,62962,1025,61.97,62492,550,33.25,63492,79,4.78,1671,99,1654,4047,8,8
1668373683,2022-11-13 15:08:03 -0600,94007971b7179e3d296333a2c5e66c181b1ae0d3,TX,48377,2,2022-11-09T01:00:00.000Z,FIPSCode,48377,0,2022-11-13T21:07:19.042Z,8,98.98,8,100,62962,1025,61.97,62492,550,33.25,63492,79,4.78,1671,99,1654,4047,8,8
1668373718,2022-11-13 15:08:38 -0600,ed4da378960d1d89ccbd959fc3be07e5cf19df76,TX,48377,2,2022-11-09T01:00:00.000Z,FIPSCode,48377,0,2022-11-13T21:08:18.532Z,8,98.98,8,100,62962,1025,61.97,62492,550,33.25,63492,79,4.78,1671,99,1654,4047,8,8
1668373729,2022-11-13 15:08:49 -0600,33b614c69e6a95ae70a2da06fe31b91546309cf0,TX,48377,2,2022-11-09T01:00:00.000Z,FIPSCode,48377,0,2022-11-13T21:08:18.532Z,8,98.98,8,100,62962,1025,61.97,62492,550,33.25,63492,79,4.78,1671,99,1654,4047,8,8
1668373752,2022-11-13 15:09:12 -0600,370371df901d89ca75a3a0a4abd4da7b3eae1015,TX,48377,2,2022-11-09T01:00:00.000Z,FIPSCode,48377,0,2022-11-13T21:08:18.532Z,8,98.98,8,100,62962,1025,61.97,62492,550,33.25,63492,79,4.78,1671,99,1654,4047,8,8
1668373781,2022-11-13 15:09:41 -0600,b227745be74f7583456af7fca42b960989d7f366,TX,48377,2,2022-11-09T01:00:00.000Z,FIPSCode,48377,0,2022-11-13T21:09:18.639Z,8,98.98,8,100,62962,1025,61.97,62492,550,33.25,63492,79,4.78,1671,99,1654,4047,8,8
1668373810,2022-11-13 15:10:10 -0600,b9b6d9f6f149ad0193069a4c75413f24366f6a55,TX,48377,2,2022-11-09T01:00:00.000Z,FIPSCode,48377,0,2022-11-13T21:09:18.639Z,8,98.98,8,100,62962,1025,61.97,62492,550,33.25,63492,79,4.78,1671,99,1654,4047,8,8
1668373834,2022-11-13 15:10:34 -0600,2c5dd9994dcc0e0fac42d67daa79d120ccfb358e,TX,48377,2,2022-11-09T01:00:00.000Z,FIPSCode,48377,0,2022-11-13T21:09:18.639Z,8,98.98,8,100,62962,1025,61.97,62492,550,33.25,63492,79,4.78,1671,99,1654,4047,8,8
1668373864,2022-11-13 15:11:04 -0600,e6af6c8879caadf3812ca39bfb345217445b1325,TX,48377,2,2022-11-09T01:00:00.000Z,FIPSCode,48377,0,2022-11-13T21:09:18.639Z,8,98.98,8,100,62962,1025,61.97,62492,550,33.25,63492,79,4.78,1671,99,1654,4047,8,8
1668373892,2022-11-13 15:11:32 -0600,4dcf0aceddf749474028e1170a9433bc356f2699,TX,48377,2,2022-11-09T01:00:00.000Z,FIPSCode,48377,0,2022-11-13T21:09:18.639Z,8,98.98,8,100,62962,1025,61.97,62492,550,33.25,63492,79,4.78,1671,99,1654,4047,8,8
1668373910,2022-11-13 15:11:50 -0600,1b8ce788984fa2b6d2495f3e80be5eb540b7b50e,TX,48377,2,2022-11-09T01:00:00.000Z,FIPSCode,48377,0,2022-11-13T21:09:18.639Z,8,98.98,8,100,62962,1025,61.97,62492,550,33.25,63492,79,4.78,1671,99,1654,4047,8,8
1668373922,2022-11-13 15:12:02 -0600,a8cc4ab9447fb1c751239e3c6cbc8786c3407f70,TX,48377,2,2022-11-09T01:00:00.000Z,FIPSCode,48377,0,2022-11-13T21:09:18.639Z,8,98.98,8,100,62962,1025,61.97,62492,550,33.25,63492,79,4.78,1671,99,1654,4047,8,8
1668373950,2022-11-13 15:12:30 -0600,c2882da90f77fb7c616932402a43b11d7cd55cb0,TX,48377,2,2022-11-09T01:00:00.000Z,FIPSCode,48377,0,2022-11-13T21:09:18.639Z,8,98.98,8,100,62962,1025,61.97,62492,550,33.25,63492,79,4.78,1671,99,1654,4047,8,8
1668373973,2022-11-13 15:12:53 -0600,b00ff27cbd39f5c4d0f64812474e2b8e8d5a1aac,TX,48377,2,2022-11-09T01:00:00.000Z,FIPSCode,48377,0,2022-11-13T21:09:18.639Z,8,98.98,8,100,62962,1025,61.97,62492,550,33.25,63492,79,4.78,1671,99,1654,4047,8,8
1668373992,2022-11-13 15:13:12 -0600,8bdcf37b0e07fa3a4cfba5f43dc27c90e24677f2,TX,48377,2,2022-11-09T01:00:00.000Z,FIPSCode,48377,0,2022-11-13T21:09:18.639Z,8,98.98,8,100,62962,1025,61.97,62492,550,33.25,63492,79,4.78,1671,99,1654,4047,8,8
1668374009,2022-11-13 15:13:29 -0600,e60019cce3b74fb053f18fd9c272c6b32b86524d,TX,48377,2,2022-11-09T01:00:00.000Z,FIPSCode,48377,0,2022-11-13T21:09:18.639Z,8,98.98,8,100,62962,1025,61.97,62492,550,33.25,63492,79,4.78,1671,99,1654,4047,8,8
1668374055,2022-11-13 15:14:15 -0600,4885f17a7d84d2e784c8d24d093e981815e6b011,TX,48377,2,2022-11-09T01:00:00.000Z,FIPSCode,48377,0,2022-11-13T21:09:18.639Z,8,98.98,8,100,62962,1025,61.97,62492,550,33.25,63492,79,4.78,1671,99,1654,4047,8,8
1668374102,2022-11-13 15:15:02 -0600,4001d94180dd93663d873bd4ec9380f117d56110,TX,48377,2,2022-11-09T01:00:00.000Z,FIPSCode,48377,0,2022-11-13T21:09:18.639Z,8,98.98,8,100,62962,1025,61.97,62492,550,33.25,63492,79,4.78,1671,99,1654,4047,8,8
1668374161,2022-11-13 15:16:01 -0600,d759034a153a00b2ca5a02fa794fb9ca41d4d00b,TX,48377,2,2022-11-09T01:00:00.000Z,FIPSCode,48377,0,2022-11-13T21:09:18.639Z,8,98.98,8,100,62962,1025,61.97,62492,550,33.25,63492,79,4.78,1671,99,1654,4047,8,8
1668374172,2022-11-13 15:16:12 -0600,5c2842623991d8ac699e46dc8acd2a7a64ba3f05,TX,48377,2,2022-11-09T01:00:00.000Z,FIPSCode,48377,0,2022-11-13T21:09:18.639Z,8,98.98,8,100,62962,1025,61.97,62492,550,33.25,63492,79,4.78,1671,99,1654,4047,8,8
1668374195,2022-11-13 15:16:35 -0600,30e2f3b8f9e816ac496612579fd8372680b203f8,TX,48377,2,2022-11-09T01:00:00.000Z,FIPSCode,48377,0,2022-11-13T21:09:18.639Z,8,98.98,8,100,62962,1025,61.97,62492,550,33.25,63492,79,4.78,1671,99,1654,4047,8,8
1668374224,2022-11-13 15:17:04 -0600,cbc58b5a27dfd6f57744fd221f67daae3bf3b207,TX,48377,2,2022-11-09T01:00:00.000Z,FIPSCode,48377,0,2022-11-13T21:09:18.639Z,8,98.98,8,100,62962,1025,61.97,62492,550,33.25,63492,79,4.78,1671,99,1654,4047,8,8
1668374253,2022-11-13 15:17:33 -0600,e96e17d5bd1f1051d69ed1bfae2e90d75876927d,TX,48377,2,2022-11-09T01:00:00.000Z,FIPSCode,48377,0,2022-11-13T21:09:18.639Z,8,98.98,8,100,62962,1025,61.97,62492,550,33.25,63492,79,4.78,1671,99,1654,4047,8,8
1668374265,2022-11-13 15:17:45 -0600,18128be7248db8c8857160a49f986a34ab59f728,TX,48377,2,2022-11-09T01:00:00.000Z,FIPSCode,48377,0,2022-11-13T21:09:18.639Z,8,98.98,8,100,62962,1025,61.97,62492,550,33.25,63492,79,4.78,1671,99,1654,4047,8,8
1668374283,2022-11-13 15:18:03 -0600,7086efb4f9e5868db304b2db81d00ecbc9eb1898,TX,48377,2,2022-11-09T01:00:00.000Z,FIPSCode,48377,0,2022-11-13T21:09:18.639Z,8,98.98,8,100,62962,1025,61.97,62492,550,33.25,63492,79,4.78,1671,99,1654,4047,8,8
1668374295,2022-11-13 15:18:15 -0600,73fb8d8330b06f93babea46f832f2540e0907b5c,TX,48377,2,2022-11-09T01:00:00.000Z,FIPSCode,48377,0,2022-11-13T21:09:18.639Z,8,98.98,8,100,62962,1025,61.97,62492,550,33.25,63492,79,4.78,1671,99,1654,4047,8,8
1668374307,2022-11-13 15:18:27 -0600,50a8fe40d5cbe0931cfef816ad55d8e2cf210e60,TX,48377,2,2022-11-09T01:00:00.000Z,FIPSCode,48377,0,2022-11-13T21:09:18.639Z,8,98.98,8,100,62962,1025,61.97,62492,550,33.25,63492,79,4.78,1671,99,1654,4047,8,8
1668374313,2022-11-13 15:18:33 -0600,227da225c6d92a47b29ed400a138fd72ac49b087,TX,48377,2,2022-11-09T01:00:00.000Z,FIPSCode,48377,0,2022-11-13T21:09:18.639Z,8,98.98,8,100,62962,1025,61.97,62492,550,33.25,63492,79,4.78,1671,99,1654,4047,8,8
1668374337,2022-11-13 15:18:57 -0600,de1f70c8a0cb14e1c89e4855aafd8f29cef1b7ca,TX,48377,2,2022-11-09T01:00:00.000Z,FIPSCode,48377,0,2022-11-13T21:09:18.639Z,8,98.98,8,100,62962,1025,61.97,62492,550,33.25,63492,79,4.78,1671,99,1654,4047,8,8
1668374372,2022-11-13 15:19:32 -0600,1ab8c101e1da502261bce3d7f7494dc26193cae0,TX,48377,2,2022-11-09T01:00:00.000Z,FIPSCode,48377,0,2022-11-13T21:09:18.639Z,8,98.98,8,100,62962,1025,61.97,62492,550,33.25,63492,79,4.78,1671,99,1654,4047,8,8
1668374400,2022-11-13 15:20:00 -0600,03f54754d29fc2e9844d5ddcc893f425b516ab64,TX,48377,2,2022-11-09T01:00:00.000Z,FIPSCode,48377,0,2022-11-13T21:09:18.639Z,8,98.98,8,100,62962,1025,61.97,62492,550,33.25,63492,79,4.78,1671,99,1654,4047,8,8
1668374434,2022-11-13 15:20:34 -0600,e8ae8b43bf4e1cf413dbf13593e161e303445f43,TX,48377,2,2022-11-09T01:00:00.000Z,FIPSCode,48377,0,2022-11-13T21:09:18.639Z,8,98.98,8,100,62962,1025,61.97,62492,550,33.25,63492,79,4.78,1671,99,1654,4047,8,8
1668374457,2022-11-13 15:20:57 -0600,6ecb6547e78ed9f4ae822304bbb25a9db414862c,TX,48377,2,2022-11-09T01:00:00.000Z,FIPSCode,48377,0,2022-11-13T21:20:38.243Z,8,98.98,8,100,62962,1025,61.97,62492,550,33.25,63492,79,4.78,1671,99,1654,4047,8,8
1668374493,2022-11-13 15:21:33 -0600,d02166e25783214eb721e0348960c38e2d1d9fd8,TX,48377,2,2022-11-09T01:00:00.000Z,FIPSCode,48377,0,2022-11-13T21:21:17.405Z,8,98.98,8,100,62962,1025,61.97,62492,550,33.25,63492,79,4.78,1671,99,1654,4047,8,8
1668374533,2022-11-13 15:22:13 -0600,9b2f6001203a44655c7dcedab27499d0c5df43a2,TX,48377,2,2022-11-09T01:00:00.000Z,FIPSCode,48377,0,2022-11-13T21:21:17.405Z,8,98.98,8,100,62962,1025,61.97,62492,550,33.25,63492,79,4.78,1671,99,1654,4047,8,8
1668374550,2022-11-13 15:22:30 -0600,afd92f5b7601366b47ab0e69961cd1ba18b99d39,TX,48377,2,2022-11-09T01:00:00.000Z,FIPSCode,48377,0,2022-11-13T21:21:17.405Z,8,98.98,8,100,62962,1025,61.97,62492,550,33.25,63492,79,4.78,1671,99,1654,4047,8,8
1668374576,2022-11-13 15:22:56 -0600,e3bed543bc468ecfc0baf44e2935af83540a0017,TX,48377,2,2022-11-09T01:00:00.000Z,FIPSCode,48377,0,2022-11-13T21:22:37.751Z,8,98.98,8,100,62962,1025,61.97,62492,550,33.25,63492,79,4.78,1671,99,1654,4047,8,8
1668374621,2022-11-13 15:23:41 -0600,01c04d2261a2aac92710588dc8d0aa16f9415c7a,TX,48377,2,2022-11-09T01:00:00.000Z,FIPSCode,48377,0,2022-11-13T21:23:19.178Z,8,98.98,8,100,62962,1025,61.97,62492,550,33.25,63492,79,4.78,1671,99,1654,4047,8,8
1668374649,2022-11-13 15:24:09 -0600,73a27f48c43fc4bffe75b4193bdf304b762cd57d,TX,48377,2,2022-11-09T01:00:00.000Z,FIPSCode,48377,0,2022-11-13T21:23:19.178Z,8,98.98,8,100,62962,1025,61.97,62492,550,33.25,63492,79,4.78,1671,99,1654,4047,8,8
1668374662,2022-11-13 15:24:22 -0600,d84f79e8a030f68d1c85763944514be741ccab3c,TX,48377,2,2022-11-09T01:00:00.000Z,FIPSCode,48377,0,2022-11-13T21:23:19.178Z,8,98.98,8,100,62962,1025,61.97,62492,550,33.25,63492,79,4.78,1671,99,1654,4047,8,8
1668374674,2022-11-13 15:24:34 -0600,b7e34f402683f5379b57514b972dcd77176857cd,TX,48377,2,2022-11-09T01:00:00.000Z,FIPSCode,48377,0,2022-11-13T21:23:19.178Z,8,98.98,8,100,62962,1025,61.97,62492,550,33.25,63492,79,4.78,1671,99,1654,4047,8,8
1668374686,2022-11-13 15:24:46 -0600,a8850fcc6cc0ac1188693128cc2310488f217ab5,TX,48377,2,2022-11-09T01:00:00.000Z,FIPSCode,48377,0,2022-11-13T21:23:19.178Z,8,98.98,8,100,62962,1025,61.97,62492,550,33.25,63492,79,4.78,1671,99,1654,4047,8,8
1668374697,2022-11-13 15:24:57 -0600,be86fb54685ee73eacd563d404dd1ab522c09a9b,TX,48377,2,2022-11-09T01:00:00.000Z,FIPSCode,48377,0,2022-11-13T21:23:19.178Z,8,98.98,8,100,62962,1025,61.97,62492,550,33.25,63492,79,4.78,1671,99,1654,4047,8,8
1668374731,2022-11-13 15:25:31 -0600,90b1375989f1b217e60dbe2485a8c5201fea309c,TX,48377,2,2022-11-09T01:00:00.000Z,FIPSCode,48377,0,2022-11-13T21:23:19.178Z,8,98.98,8,100,62962,1025,61.97,62492,550,33.25,63492,79,4.78,1671,99,1654,4047,8,8
1668374791,2022-11-13 15:26:31 -0600,429db13486af8b42ff0bab57a0aab9bc8908f22d,TX,48377,2,2022-11-09T01:00:00.000Z,FIPSCode,48377,0,2022-11-13T21:23:19.178Z,8,98.98,8,100,62962,1025,61.97,62492,550,33.25,63492,79,4.78,1671,99,1654,4047,8,8
1668374814,2022-11-13 15:26:54 -0600,65c0414fa2bad3fdcefbce58da67c77beb3f6218,TX,48377,2,2022-11-09T01:00:00.000Z,FIPSCode,48377,0,2022-11-13T21:23:19.178Z,8,98.98,8,100,62962,1025,61.97,62492,550,33.25,63492,79,4.78,1671,99,1654,4047,8,8
1668374855,2022-11-13 15:27:35 -0600,de1784ca01a37ed645e1781b7fa54b3195ba112e,TX,48377,2,2022-11-09T01:00:00.000Z,FIPSCode,48377,0,2022-11-13T21:23:19.178Z,8,98.98,8,100,62962,1025,61.97,62492,550,33.25,63492,79,4.78,1671,99,1654,4047,8,8
1668374872,2022-11-13 15:27:52 -0600,595a9733d46b89317e4eef0633fb64b185274f2b,TX,48377,2,2022-11-09T01:00:00.000Z,FIPSCode,48377,0,2022-11-13T21:23:19.178Z,8,98.98,8,100,62962,1025,61.97,62492,550,33.25,63492,79,4.78,1671,99,1654,4047,8,8
1668374912,2022-11-13 15:28:32 -0600,01f07ffd780a4720b11bf16677b896d4baeee9c9,TX,48377,2,2022-11-09T01:00:00.000Z,FIPSCode,48377,0,2022-11-13T21:23:19.178Z,8,98.98,8,100,62962,1025,61.97,62492,550,33.25,63492,79,4.78,1671,99,1654,4047,8,8
1668374936,2022-11-13 15:28:56 -0600,43aa3cd3ba672913347496d5d4577c1eb2d29f77,TX,48377,2,2022-11-09T01:00:00.000Z,FIPSCode,48377,0,2022-11-13T21:23:19.178Z,8,98.98,8,100,62962,1025,61.97,62492,550,33.25,63492,79,4.78,1671,99,1654,4047,8,8
1668374977,2022-11-13 15:29:37 -0600,34b2b2d6ea9aafc7606a47600ad94a456e5fd29b,TX,48377,2,2022-11-09T01:00:00.000Z,FIPSCode,48377,0,2022-11-13T21:23:19.178Z,8,98.98,8,100,62962,1025,61.97,62492,550,33.25,63492,79,4.78,1671,99,1654,4047,8,8
1668375001,2022-11-13 15:30:01 -0600,194cab92b209b0075d27297b911608b8b99c992b,TX,48377,2,2022-11-09T01:00:00.000Z,FIPSCode,48377,0,2022-11-13T21:23:19.178Z,8,98.98,8,100,62962,1025,61.97,62492,550,33.25,63492,79,4.78,1671,99,1654,4047,8,8
1668375034,2022-11-13 15:30:34 -0600,e798e8a9a8b2ea913a7f27196cad19b09017d16b,TX,48377,2,2022-11-09T01:00:00.000Z,FIPSCode,48377,0,2022-11-13T21:23:19.178Z,8,98.98,8,100,62962,1025,61.97,62492,550,33.25,63492,79,4.78,1671,99,1654,4047,8,8
1668375069,2022-11-13 15:31:09 -0600,d8999ee13f710855abb05fedf9d97880457691ad,TX,48377,2,2022-11-09T01:00:00.000Z,FIPSCode,48377,0,2022-11-13T21:23:19.178Z,8,98.98,8,100,62962,1025,61.97,62492,550,33.25,63492,79,4.78,1671,99,1654,4047,8,8
1668375093,2022-11-13 15:31:33 -0600,24c2a43c291a588104c5a9ed03a0dfebc604809e,TX,48377,2,2022-11-09T01:00:00.000Z,FIPSCode,48377,0,2022-11-13T21:23:19.178Z,8,98.98,8,100,62962,1025,61.97,62492,550,33.25,63492,79,4.78,1671,99,1654,4047,8,8
1668375104,2022-11-13 15:31:44 -0600,41c3104c37daa3cb7b3c3b8d8e028fea98899e74,TX,48377,2,2022-11-09T01:00:00.000Z,FIPSCode,48377,0,2022-11-13T21:23:19.178Z,8,98.98,8,100,62962,1025,61.97,62492,550,33.25,63492,79,4.78,1671,99,1654,4047,8,8
1668375121,2022-11-13 15:32:01 -0600,2d1194f048aa790b42ff64536305101fd6d097b3,TX,48377,2,2022-11-09T01:00:00.000Z,FIPSCode,48377,0,2022-11-13T21:23:19.178Z,8,98.98,8,100,62962,1025,61.97,62492,550,33.25,63492,79,4.78,1671,99,1654,4047,8,8
1668375138,2022-11-13 15:32:18 -0600,e91094dc2da6cd9106513e86f9e49a9b951964b9,TX,48377,2,2022-11-09T01:00:00.000Z,FIPSCode,48377,0,2022-11-13T21:23:19.178Z,8,98.98,8,100,62962,1025,61.97,62492,550,33.25,63492,79,4.78,1671,99,1654,4047,8,8
1668375187,2022-11-13 15:33:07 -0600,4c16012d5ad1bb09fff2343c00fbe9ba24d5a740,TX,48377,2,2022-11-09T01:00:00.000Z,FIPSCode,48377,0,2022-11-13T21:23:19.178Z,8,98.98,8,100,62962,1025,61.97,62492,550,33.25,63492,79,4.78,1671,99,1654,4047,8,8
1668375217,2022-11-13 15:33:37 -0600,52587cf8ccbef1ed0d6b3c55d9078af2c21f19c9,TX,48377,2,2022-11-09T01:00:00.000Z,FIPSCode,48377,0,2022-11-13T21:23:19.178Z,8,98.98,8,100,62962,1025,61.97,62492,550,33.25,63492,79,4.78,1671,99,1654,4047,8,8
1668375276,2022-11-13 15:34:36 -0600,9bd6fd0288a694dffadb4d4deafc3f57bc218e82,TX,48377,2,2022-11-09T01:00:00.000Z,FIPSCode,48377,0,2022-11-13T21:23:19.178Z,8,98.98,8,100,62962,1025,61.97,62492,550,33.25,63492,79,4.78,1671,99,1654,4047,8,8
1668375346,2022-11-13 15:35:46 -0600,57bb54ac4ce24a0ec616a67576101d023ea2952a,TX,48377,2,2022-11-09T01:00:00.000Z,FIPSCode,48377,0,2022-11-13T21:23:19.178Z,8,98.98,8,100,62962,1025,61.97,62492,550,33.25,63492,79,4.78,1671,99,1654,4047,8,8
1668375403,2022-11-13 15:36:43 -0600,4d904e460e748cf86e248e2795f4df43fd59ea8b,TX,48377,2,2022-11-09T01:00:00.000Z,FIPSCode,48377,0,2022-11-13T21:23:19.178Z,8,98.98,8,100,62962,1025,61.97,62492,550,33.25,63492,79,4.78,1671,99,1654,4047,8,8
1668375437,2022-11-13 15:37:17 -0600,b65a5a2e2cac4a7e670ad8179b0a983de0145bf0,TX,48377,2,2022-11-09T01:00:00.000Z,FIPSCode,48377,0,2022-11-13T21:23:19.178Z,8,98.98,8,100,62962,1025,61.97,62492,550,33.25,63492,79,4.78,1671,99,1654,4047,8,8
1668375462,2022-11-13 15:37:42 -0600,ca95bdb17597cf9b1cc789e423c77aa648b889d6,TX,48377,2,2022-11-09T01:00:00.000Z,FIPSCode,48377,0,2022-11-13T21:23:19.178Z,8,98.98,8,100,62962,1025,61.97,62492,550,33.25,63492,79,4.78,1671,99,1654,4047,8,8
1668375497,2022-11-13 15:38:17 -0600,573ca3e22aa533f77dd3fd4e1b36370eb25032ea,TX,48377,2,2022-11-09T01:00:00.000Z,FIPSCode,48377,0,2022-11-13T21:23:19.178Z,8,98.98,8,100,62962,1025,61.97,62492,550,33.25,63492,79,4.78,1671,99,1654,4047,8,8
1668375515,2022-11-13 15:38:35 -0600,f9f32b4a56265402953804011f752de037c85668,TX,48377,2,2022-11-09T01:00:00.000Z,FIPSCode,48377,0,2022-11-13T21:23:19.178Z,8,98.98,8,100,62962,1025,61.97,62492,550,33.25,63492,79,4.78,1671,99,1654,4047,8,8
1668375573,2022-11-13 15:39:33 -0600,154383650069225a43278ec47228fb6a104d79fe,TX,48377,2,2022-11-09T01:00:00.000Z,FIPSCode,48377,0,2022-11-13T21:23:19.178Z,8,98.98,8,100,62962,1025,61.97,62492,550,33.25,63492,79,4.78,1671,99,1654,4047,8,8
1668375601,2022-11-13 15:40:01 -0600,94177ca2b3d8dd8596492a0cdfb8d74edf6d777e,TX,48377,2,2022-11-09T01:00:00.000Z,FIPSCode,48377,0,2022-11-13T21:23:19.178Z,8,98.98,8,100,62962,1025,61.97,62492,550,33.25,63492,79,4.78,1671,99,1654,4047,8,8
1668375636,2022-11-13 15:40:36 -0600,2c26511b612edad9382ef8dafe0ec2224a2e73ee,TX,48377,2,2022-11-09T01:00:00.000Z,FIPSCode,48377,0,2022-11-13T21:23:19.178Z,8,98.98,8,100,62962,1025,61.97,62492,550,33.25,63492,79,4.78,1671,99,1654,4047,8,8
1668375660,2022-11-13 15:41:00 -0600,02cd51a7c7b5df0983e9f2ca020b4266d9bc5235,TX,48377,2,2022-11-09T01:00:00.000Z,FIPSCode,48377,0,2022-11-13T21:23:19.178Z,8,98.98,8,100,62962,1025,61.97,62492,550,33.25,63492,79,4.78,1671,99,1654,4047,8,8
1668375672,2022-11-13 15:41:12 -0600,ca2f061b4b5f426b18c90fe55acb039f8da2ae20,TX,48377,2,2022-11-09T01:00:00.000Z,FIPSCode,48377,0,2022-11-13T21:23:19.178Z,8,98.98,8,100,62962,1025,61.97,62492,550,33.25,63492,79,4.78,1671,99,1654,4047,8,8
1668375696,2022-11-13 15:41:36 -0600,c42ae2c02dd530eeba01a130171830dc19b921d1,TX,48377,2,2022-11-09T01:00:00.000Z,FIPSCode,48377,0,2022-11-13T21:23:19.178Z,8,98.98,8,100,62962,1025,61.97,62492,550,33.25,63492,79,4.78,1671,99,1654,4047,8,8
1668375724,2022-11-13 15:42:04 -0600,d79824260ac528d1d0e53a840906b387aded49fa,TX,48377,2,2022-11-09T01:00:00.000Z,FIPSCode,48377,0,2022-11-13T21:23:19.178Z,8,98.98,8,100,62962,1025,61.97,62492,550,33.25,63492,79,4.78,1671,99,1654,4047,8,8
1668375847,2022-11-13 15:44:07 -0600,0d7564b8ddf58921738362d997e35253ce38c6a9,TX,48377,2,2022-11-09T01:00:00.000Z,FIPSCode,48377,0,2022-11-13T21:23:19.178Z,8,98.98,8,100,62962,1025,61.97,62492,550,33.25,63492,79,4.78,1671,99,1654,4047,8,8
1668375871,2022-11-13 15:44:31 -0600,1845ce347f93eb999b0c5cc41ed34fb428c75116,TX,48377,2,2022-11-09T01:00:00.000Z,FIPSCode,48377,0,2022-11-13T21:23:19.178Z,8,98.98,8,100,62962,1025,61.97,62492,550,33.25,63492,79,4.78,1671,99,1654,4047,8,8
1668375901,2022-11-13 15:45:01 -0600,2f919d80e27e7328cd802f9e0df897428af4a69e,TX,48377,2,2022-11-09T01:00:00.000Z,FIPSCode,48377,0,2022-11-13T21:23:19.178Z,8,98.98,8,100,62962,1025,61.97,62492,550,33.25,63492,79,4.78,1671,99,1654,4047,8,8
1668375929,2022-11-13 15:45:29 -0600,5d3bb4ca5efd0f0c0e053b9b9ad6ec6fae36c97c,TX,48377,2,2022-11-09T01:00:00.000Z,FIPSCode,48377,0,2022-11-13T21:23:19.178Z,8,98.98,8,100,62962,1025,61.97,62492,550,33.25,63492,79,4.78,1671,99,1654,4047,8,8
1668375964,2022-11-13 15:46:04 -0600,0982e34cbf152c98fbbe9a723e2342472916ad72,TX,48377,2,2022-11-09T01:00:00.000Z,FIPSCode,48377,0,2022-11-13T21:23:19.178Z,8,98.98,8,100,62962,1025,61.97,62492,550,33.25,63492,79,4.78,1671,99,1654,4047,8,8
1668375992,2022-11-13 15:46:32 -0600,a45b9da7eb74e0b8ebe828829aeb3c17f2cc9c89,TX,48377,2,2022-11-09T01:00:00.000Z,FIPSCode,48377,0,2022-11-13T21:23:19.178Z,8,98.98,8,100,62962,1025,61.97,62492,550,33.25,63492,79,4.78,1671,99,1654,4047,8,8
1668376009,2022-11-13 15:46:49 -0600,1174504c20e93e620ac26eefe05937076b1f3773,TX,48377,2,2022-11-09T01:00:00.000Z,FIPSCode,48377,0,2022-11-13T21:23:19.178Z,8,98.98,8,100,62962,1025,61.97,62492,550,33.25,63492,79,4.78,1671,99,1654,4047,8,8
1668376020,2022-11-13 15:47:00 -0600,0db7323ca2a6da1a9a3a72bede3cc69e5864a510,TX,48377,2,2022-11-09T01:00:00.000Z,FIPSCode,48377,0,2022-11-13T21:23:19.178Z,8,98.98,8,100,62962,1025,61.97,62492,550,33.25,63492,79,4.78,1671,99,1654,4047,8,8
1668376055,2022-11-13 15:47:35 -0600,f2276bee8deeed86e99253200e2a6e552f2a9614,TX,48377,2,2022-11-09T01:00:00.000Z,FIPSCode,48377,0,2022-11-13T21:23:19.178Z,8,98.98,8,100,62962,1025,61.97,62492,550,33.25,63492,79,4.78,1671,99,1654,4047,8,8
1668376073,2022-11-13 15:47:53 -0600,676e26d625344b2ea36a810ebb7c1d0d0bacf1d0,TX,48377,2,2022-11-09T01:00:00.000Z,FIPSCode,48377,0,2022-11-13T21:23:19.178Z,8,98.98,8,100,62962,1025,61.97,62492,550,33.25,63492,79,4.78,1671,99,1654,4047,8,8
1668376095,2022-11-13 15:48:15 -0600,ccfbb2e64ecdb5098c34b712ff39c62ce6dc68f9,TX,48377,2,2022-11-09T01:00:00.000Z,FIPSCode,48377,0,2022-11-13T21:23:19.178Z,8,98.98,8,100,62962,1025,61.97,62492,550,33.25,63492,79,4.78,1671,99,1654,4047,8,8
1668376108,2022-11-13 15:48:28 -0600,020f59541bbdb8bdc2dd803263de3eb07f580f31,TX,48377,2,2022-11-09T01:00:00.000Z,FIPSCode,48377,0,2022-11-13T21:23:19.178Z,8,98.98,8,100,62962,1025,61.97,62492,550,33.25,63492,79,4.78,1671,99,1654,4047,8,8
1668376226,2022-11-13 15:50:26 -0600,34109450746f02f7a63c999dc468544aee079cf1,TX,48377,2,2022-11-09T01:00:00.000Z,FIPSCode,48377,0,2022-11-13T21:23:19.178Z,8,98.98,8,100,62962,1025,61.97,62492,550,33.25,63492,79,4.78,1671,99,1654,4047,8,8
1668376233,2022-11-13 15:50:33 -0600,5c3914399b317a50640ca8dbc989d4ad4736e425,TX,48377,2,2022-11-09T01:00:00.000Z,FIPSCode,48377,0,2022-11-13T21:23:19.178Z,8,98.98,8,100,62962,1025,61.97,62492,550,33.25,63492,79,4.78,1671,99,1654,4047,8,8
1668376251,2022-11-13 15:50:51 -0600,4f608bdf149a70e0def7a4a7f91b24c901551a06,TX,48377,2,2022-11-09T01:00:00.000Z,FIPSCode,48377,0,2022-11-13T21:23:19.178Z,8,98.98,8,100,62962,1025,61.97,62492,550,33.25,63492,79,4.78,1671,99,1654,4047,8,8
1668376296,2022-11-13 15:51:36 -0600,b44ffea6a7949135ee9e5d816f72c8c1b1c9c807,TX,48377,2,2022-11-09T01:00:00.000Z,FIPSCode,48377,0,2022-11-13T21:23:19.178Z,8,98.98,8,100,62962,1025,61.97,62492,550,33.25,63492,79,4.78,1671,99,1654,4047,8,8
1668376324,2022-11-13 15:52:04 -0600,f203f03579ce66c9492a44c6d2ecb5df95a64e67,TX,48377,2,2022-11-09T01:00:00.000Z,FIPSCode,48377,0,2022-11-13T21:23:19.178Z,8,98.98,8,100,62962,1025,61.97,62492,550,33.25,63492,79,4.78,1671,99,1654,4047,8,8
1668376346,2022-11-13 15:52:26 -0600,2ad12fbbb5503bbe626c28ebef90f1aadf934c4a,TX,48377,2,2022-11-09T01:00:00.000Z,FIPSCode,48377,0,2022-11-13T21:23:19.178Z,8,98.98,8,100,62962,1025,61.97,62492,550,33.25,63492,79,4.78,1671,99,1654,4047,8,8
1668376358,2022-11-13 15:52:38 -0600,6032e8b08d9549739b63871f8e0aedc4509b6f3f,TX,48377,2,2022-11-09T01:00:00.000Z,FIPSCode,48377,0,2022-11-13T21:23:19.178Z,8,98.98,8,100,62962,1025,61.97,62492,550,33.25,63492,79,4.78,1671,99,1654,4047,8,8
1668376386,2022-11-13 15:53:06 -0600,8e3cd4dcd7f1edcaeb57495e72d6170d8a773a30,TX,48377,2,2022-11-09T01:00:00.000Z,FIPSCode,48377,0,2022-11-13T21:23:19.178Z,8,98.98,8,100,62962,1025,61.97,62492,550,33.25,63492,79,4.78,1671,99,1654,4047,8,8
1668376405,2022-11-13 15:53:25 -0600,74e2eb4f1ef359d1f9bdeb0188289f94fa7a6105,TX,48377,2,2022-11-09T01:00:00.000Z,FIPSCode,48377,0,2022-11-13T21:23:19.178Z,8,98.98,8,100,62962,1025,61.97,62492,550,33.25,63492,79,4.78,1671,99,1654,4047,8,8
1668376449,2022-11-13 15:54:09 -0600,22b34b83559e5823231c32258e7601d1b6614ea5,TX,48377,2,2022-11-09T01:00:00.000Z,FIPSCode,48377,0,2022-11-13T21:23:19.178Z,8,98.98,8,100,62962,1025,61.97,62492,550,33.25,63492,79,4.78,1671,99,1654,4047,8,8
1668376474,2022-11-13 15:54:34 -0600,f1937d1f2f5877101d300e1fec11551b07dc498a,TX,48377,2,2022-11-09T01:00:00.000Z,FIPSCode,48377,0,2022-11-13T21:23:19.178Z,8,98.98,8,100,62962,1025,61.97,62492,550,33.25,63492,79,4.78,1671,99,1654,4047,8,8
1668376502,2022-11-13 15:55:02 -0600,eec4fd7f558772d20489d78a12e96dbe51c044e7,TX,48377,2,2022-11-09T01:00:00.000Z,FIPSCode,48377,0,2022-11-13T21:23:19.178Z,8,98.98,8,100,62962,1025,61.97,62492,550,33.25,63492,79,4.78,1671,99,1654,4047,8,8
1668376531,2022-11-13 15:55:31 -0600,0a3c3e1c24b61f3703db6e165adcab4aa641dd10,TX,48377,2,2022-11-09T01:00:00.000Z,FIPSCode,48377,0,2022-11-13T21:23:19.178Z,8,98.98,8,100,62962,1025,61.97,62492,550,33.25,63492,79,4.78,1671,99,1654,4047,8,8
1668376537,2022-11-13 15:55:37 -0600,185ee842a16088a09fa7c4a6c66e0563663d670e,TX,48377,2,2022-11-09T01:00:00.000Z,FIPSCode,48377,0,2022-11-13T21:23:19.178Z,8,98.98,8,100,62962,1025,61.97,62492,550,33.25,63492,79,4.78,1671,99,1654,4047,8,8
1668376594,2022-11-13 15:56:34 -0600,a62ab318c41661c6b48e8964419be1076684ccb3,TX,48377,2,2022-11-09T01:00:00.000Z,FIPSCode,48377,0,2022-11-13T21:23:19.178Z,8,98.98,8,100,62962,1025,61.97,62492,550,33.25,63492,79,4.78,1671,99,1654,4047,8,8
1668376623,2022-11-13 15:57:03 -0600,88e3b7d316e4850e24c088de328d80ab27af73e3,TX,48377,2,2022-11-09T01:00:00.000Z,FIPSCode,48377,0,2022-11-13T21:23:19.178Z,8,98.98,8,100,62962,1025,61.97,62492,550,33.25,63492,79,4.78,1671,99,1654,4047,8,8
1668376664,2022-11-13 15:57:44 -0600,6cc6eda33bdcef7c2760c4e81b73395d309d9b2b,TX,48377,2,2022-11-09T01:00:00.000Z,FIPSCode,48377,0,2022-11-13T21:23:19.178Z,8,98.98,8,100,62962,1025,61.97,62492,550,33.25,63492,79,4.78,1671,99,1654,4047,8,8
1668376676,2022-11-13 15:57:56 -0600,c1f399ee147f18774197553212a2e61dbfc43afc,TX,48377,2,2022-11-09T01:00:00.000Z,FIPSCode,48377,0,2022-11-13T21:23:19.178Z,8,98.98,8,100,62962,1025,61.97,62492,550,33.25,63492,79,4.78,1671,99,1654,4047,8,8
1668376713,2022-11-13 15:58:33 -0600,819fe2109db81dc02237621365f4e8e4f986002f,TX,48377,2,2022-11-09T01:00:00.000Z,FIPSCode,48377,0,2022-11-13T21:23:19.178Z,8,98.98,8,100,62962,1025,61.97,62492,550,33.25,63492,79,4.78,1671,99,1654,4047,8,8
1668376747,2022-11-13 15:59:07 -0600,8e1232f66d2416916a01df780864edeed0f8ce09,TX,48377,2,2022-11-09T01:00:00.000Z,FIPSCode,48377,0,2022-11-13T21:23:19.178Z,8,98.98,8,100,62962,1025,61.97,62492,550,33.25,63492,79,4.78,1671,99,1654,4047,8,8
1668376771,2022-11-13 15:59:31 -0600,cf358734cc3951cb0e19856d89ac850f26275758,TX,48377,2,2022-11-09T01:00:00.000Z,FIPSCode,48377,0,2022-11-13T21:23:19.178Z,8,98.98,8,100,62962,1025,61.97,62492,550,33.25,63492,79,4.78,1671,99,1654,4047,8,8
1668376811,2022-11-13 16:00:11 -0600,347acf02535c0a28ce6bea9070fe7aa7ab54536a,TX,48377,2,2022-11-09T01:00:00.000Z,FIPSCode,48377,0,2022-11-13T21:23:19.178Z,8,98.98,8,100,62962,1025,61.97,62492,550,33.25,63492,79,4.78,1671,99,1654,4047,8,8
1668376835,2022-11-13 16:00:35 -0600,d8cb196e92a28ec592983ef50ab04867a7a27fd5,TX,48377,2,2022-11-09T01:00:00.000Z,FIPSCode,48377,0,2022-11-13T21:23:19.178Z,8,98.98,8,100,62962,1025,61.97,62492,550,33.25,63492,79,4.78,1671,99,1654,4047,8,8
1668376894,2022-11-13 16:01:34 -0600,455ef3732139f526f707a90ad95dd2cfeddab264,TX,48377,2,2022-11-09T01:00:00.000Z,FIPSCode,48377,0,2022-11-13T21:23:19.178Z,8,98.98,8,100,62962,1025,61.97,62492,550,33.25,63492,79,4.78,1671,99,1654,4047,8,8
1668376991,2022-11-13 16:03:11 -0600,f1549cb574faa25e80bdb92532cabf87232ce7d2,TX,48377,2,2022-11-09T01:00:00.000Z,FIPSCode,48377,0,2022-11-13T21:23:19.178Z,8,98.98,8,100,62962,1025,61.97,62492,550,33.25,63492,79,4.78,1671,99,1654,4047,8,8
1668377008,2022-11-13 16:03:28 -0600,a805c912ce0cdb3181828162e817f55b8b5a1da5,TX,48377,2,2022-11-09T01:00:00.000Z,FIPSCode,48377,0,2022-11-13T21:23:19.178Z,8,98.98,8,100,62962,1025,61.97,62492,550,33.25,63492,79,4.78,1671,99,1654,4047,8,8
1668377015,2022-11-13 16:03:35 -0600,9f25a97f6d5e45330d73ba2b1b59d90cdd9b40e9,TX,48377,2,2022-11-09T01:00:00.000Z,FIPSCode,48377,0,2022-11-13T21:23:19.178Z,8,98.98,8,100,62962,1025,61.97,62492,550,33.25,63492,79,4.78,1671,99,1654,4047,8,8
1668377073,2022-11-13 16:04:33 -0600,29727b135c94f2d2f4da81580d0e93b290cb7660,TX,48377,2,2022-11-09T01:00:00.000Z,FIPSCode,48377,0,2022-11-13T21:23:19.178Z,8,98.98,8,100,62962,1025,61.97,62492,550,33.25,63492,79,4.78,1671,99,1654,4047,8,8
1668377129,2022-11-13 16:05:29 -0600,8be90893fa5d57251e45baec6de7694722a2b644,TX,48377,2,2022-11-09T01:00:00.000Z,FIPSCode,48377,0,2022-11-13T21:23:19.178Z,8,98.98,8,100,62962,1025,61.97,62492,550,33.25,63492,79,4.78,1671,99,1654,4047,8,8
1668377163,2022-11-13 16:06:03 -0600,5e18a6210204c785e53967ae129e884f716ce666,TX,48377,2,2022-11-09T01:00:00.000Z,FIPSCode,48377,0,2022-11-13T21:23:19.178Z,8,98.98,8,100,62962,1025,61.97,62492,550,33.25,63492,79,4.78,1671,99,1654,4047,8,8
1668377192,2022-11-13 16:06:32 -0600,55d56db6b7f9b2c72b65ad95b6d8499282a94ea5,TX,48377,2,2022-11-09T01:00:00.000Z,FIPSCode,48377,0,2022-11-13T21:23:19.178Z,8,98.98,8,100,62962,1025,61.97,62492,550,33.25,63492,79,4.78,1671,99,1654,4047,8,8
1668377204,2022-11-13 16:06:44 -0600,e62861fcb378540eecae39cbd37a72a7cc7ededb,TX,48377,2,2022-11-09T01:00:00.000Z,FIPSCode,48377,0,2022-11-13T21:23:19.178Z,8,98.98,8,100,62962,1025,61.97,62492,550,33.25,63492,79,4.78,1671,99,1654,4047,8,8
1668377233,2022-11-13 16:07:13 -0600,a6edf86a242faad41abf8bef513c37ef32210ecf,TX,48377,2,2022-11-09T01:00:00.000Z,FIPSCode,48377,0,2022-11-13T21:23:19.178Z,8,98.98,8,100,62962,1025,61.97,62492,550,33.25,63492,79,4.78,1671,99,1654,4047,8,8
1668377254,2022-11-13 16:07:34 -0600,a228e46801917324f28f9570f57bb77384226abd,TX,48377,2,2022-11-09T01:00:00.000Z,FIPSCode,48377,0,2022-11-13T21:23:19.178Z,8,98.98,8,100,62962,1025,61.97,62492,550,33.25,63492,79,4.78,1671,99,1654,4047,8,8
1668377266,2022-11-13 16:07:46 -0600,82deacd248939b3e7e970180c1301f7c30250f19,TX,48377,2,2022-11-09T01:00:00.000Z,FIPSCode,48377,0,2022-11-13T21:23:19.178Z,8,98.98,8,100,62962,1025,61.97,62492,550,33.25,63492,79,4.78,1671,99,1654,4047,8,8
1668377311,2022-11-13 16:08:31 -0600,a9b9b26e81c0572e9dd30deec8d7978084f3f17c,TX,48377,2,2022-11-09T01:00:00.000Z,FIPSCode,48377,0,2022-11-13T21:23:19.178Z,8,98.98,8,100,62962,1025,61.97,62492,550,33.25,63492,79,4.78,1671,99,1654,4047,8,8
1668377371,2022-11-13 16:09:31 -0600,bbcb95ba8322392ceaa6c5f9ab6bd8e304e908e9,TX,48377,2,2022-11-09T01:00:00.000Z,FIPSCode,48377,0,2022-11-13T21:23:19.178Z,8,98.98,8,100,62962,1025,61.97,62492,550,33.25,63492,79,4.78,1671,99,1654,4047,8,8
1668377408,2022-11-13 16:10:08 -0600,7270ba66d1da7cf06c8c3134d058742f74812f5e,TX,48377,2,2022-11-09T01:00:00.000Z,FIPSCode,48377,0,2022-11-13T21:23:19.178Z,8,98.98,8,100,62962,1025,61.97,62492,550,33.25,63492,79,4.78,1671,99,1654,4047,8,8
1668377430,2022-11-13 16:10:30 -0600,10075ffefd15268224dde115253e711d89bc210f,TX,48377,2,2022-11-09T01:00:00.000Z,FIPSCode,48377,0,2022-11-13T21:23:19.178Z,8,98.98,8,100,62962,1025,61.97,62492,550,33.25,63492,79,4.78,1671,99,1654,4047,8,8
1668377459,2022-11-13 16:10:59 -0600,0973248e1616d53dabd5281fc37c5070989d3c7d,TX,48377,2,2022-11-09T01:00:00.000Z,FIPSCode,48377,0,2022-11-13T21:23:19.178Z,8,98.98,8,100,62962,1025,61.97,62492,550,33.25,63492,79,4.78,1671,99,1654,4047,8,8
1668377494,2022-11-13 16:11:34 -0600,2ae5ff12a59852391feaacc2a4f91288ace720a8,TX,48377,2,2022-11-09T01:00:00.000Z,FIPSCode,48377,0,2022-11-13T21:23:19.178Z,8,98.98,8,100,62962,1025,61.97,62492,550,33.25,63492,79,4.78,1671,99,1654,4047,8,8
1668377534,2022-11-13 16:12:14 -0600,0245099cefdcc744a368f0723c0d2ebac2322914,TX,48377,2,2022-11-09T01:00:00.000Z,FIPSCode,48377,0,2022-11-13T21:23:19.178Z,8,98.98,8,100,62962,1025,61.97,62492,550,33.25,63492,79,4.78,1671,99,1654,4047,8,8
1668377562,2022-11-13 16:12:42 -0600,ce054c6d63f539a89923c4405b6affea7c050242,TX,48377,2,2022-11-09T01:00:00.000Z,FIPSCode,48377,0,2022-11-13T21:23:19.178Z,8,98.98,8,100,62962,1025,61.97,62492,550,33.25,63492,79,4.78,1671,99,1654,4047,8,8
1668377581,2022-11-13 16:13:01 -0600,227bda8a3651943cc32df6681b0999a59ae96af7,TX,48377,2,2022-11-09T01:00:00.000Z,FIPSCode,48377,0,2022-11-13T21:23:19.178Z,8,98.98,8,100,62962,1025,61.97,62492,550,33.25,63492,79,4.78,1671,99,1654,4047,8,8
1668377593,2022-11-13 16:13:13 -0600,3b7f4486b9753fed8faa5985d12684a873261e69,TX,48377,2,2022-11-09T01:00:00.000Z,FIPSCode,48377,0,2022-11-13T21:23:19.178Z,8,98.98,8,100,62962,1025,61.97,62492,550,33.25,63492,79,4.78,1671,99,1654,4047,8,8
1668377616,2022-11-13 16:13:36 -0600,25412436691552865700a78d915315b18a2d614c,TX,48377,2,2022-11-09T01:00:00.000Z,FIPSCode,48377,0,2022-11-13T21:23:19.178Z,8,98.98,8,100,62962,1025,61.97,62492,550,33.25,63492,79,4.78,1671,99,1654,4047,8,8
1668377644,2022-11-13 16:14:04 -0600,78e26762cc43c6b67d01c632115a14a35c279697,TX,48377,2,2022-11-09T01:00:00.000Z,FIPSCode,48377,0,2022-11-13T21:23:19.178Z,8,98.98,8,100,62962,1025,61.97,62492,550,33.25,63492,79,4.78,1671,99,1654,4047,8,8
1668377656,2022-11-13 16:14:16 -0600,75a705c547e675e5b0ff0dfd9f1617eb3834ae06,TX,48377,2,2022-11-09T01:00:00.000Z,FIPSCode,48377,0,2022-11-13T21:23:19.178Z,8,98.98,8,100,62962,1025,61.97,62492,550,33.25,63492,79,4.78,1671,99,1654,4047,8,8
1668377675,2022-11-13 16:14:35 -0600,7d1ab67ce5924f5ebab6ae29eadbb2e0ad5aa79e,TX,48377,2,2022-11-09T01:00:00.000Z,FIPSCode,48377,0,2022-11-13T21:23:19.178Z,8,98.98,8,100,62962,1025,61.97,62492,550,33.25,63492,79,4.78,1671,99,1654,4047,8,8
1668377699,2022-11-13 16:14:59 -0600,9ac4c27872b65670a4747e27f19f2eb2d340b72a,TX,48377,2,2022-11-09T01:00:00.000Z,FIPSCode,48377,0,2022-11-13T21:23:19.178Z,8,98.98,8,100,62962,1025,61.97,62492,550,33.25,63492,79,4.78,1671,99,1654,4047,8,8
1668377735,2022-11-13 16:15:35 -0600,5d532938e6fe2ce14cb9444e5ba18ebcee4775ed,TX,48377,2,2022-11-09T01:00:00.000Z,FIPSCode,48377,0,2022-11-13T21:23:19.178Z,8,98.98,8,100,62962,1025,61.97,62492,550,33.25,63492,79,4.78,1671,99,1654,4047,8,8
1668377798,2022-11-13 16:16:38 -0600,3b6742546ef26c0aaf29598ff00b1d69094d7b81,TX,48377,2,2022-11-09T01:00:00.000Z,FIPSCode,48377,0,2022-11-13T21:23:19.178Z,8,98.98,8,100,62962,1025,61.97,62492,550,33.25,63492,79,4.78,1671,99,1654,4047,8,8
1668377820,2022-11-13 16:17:00 -0600,777d124d916c3cb224f1790ba4c20cbc8b0bf309,TX,48377,2,2022-11-09T01:00:00.000Z,FIPSCode,48377,0,2022-11-13T21:23:19.178Z,8,98.98,8,100,62962,1025,61.97,62492,550,33.25,63492,79,4.78,1671,99,1654,4047,8,8
1668377833,2022-11-13 16:17:13 -0600,785eb4d0d09550d796794d3c9d6c1c23a5d9548f,TX,48377,2,2022-11-09T01:00:00.000Z,FIPSCode,48377,0,2022-11-13T21:23:19.178Z,8,98.98,8,100,62962,1025,61.97,62492,550,33.25,63492,79,4.78,1671,99,1654,4047,8,8
1668377868,2022-11-13 16:17:48 -0600,0504ced3b3b3c335fd918cef241f4f286cd2332f,TX,48377,2,2022-11-09T01:00:00.000Z,FIPSCode,48377,0,2022-11-13T21:23:19.178Z,8,98.98,8,100,62962,1025,61.97,62492,550,33.25,63492,79,4.78,1671,99,1654,4047,8,8
1668377915,2022-11-13 16:18:35 -0600,3657029d29a35dc081ae12b6d38ff7533399ebf3,TX,48377,2,2022-11-09T01:00:00.000Z,FIPSCode,48377,0,2022-11-13T21:23:19.178Z,8,98.98,8,100,62962,1025,61.97,62492,550,33.25,63492,79,4.78,1671,99,1654,4047,8,8
1668377934,2022-11-13 16:18:54 -0600,e4c8ec35550797e03f483aadee0223e323086ca4,TX,48377,2,2022-11-09T01:00:00.000Z,FIPSCode,48377,0,2022-11-13T21:23:19.178Z,8,98.98,8,100,62962,1025,61.97,62492,550,33.25,63492,79,4.78,1671,99,1654,4047,8,8
1668377975,2022-11-13 16:19:35 -0600,adc6192e5f4dc89da2447b52cde3d9e6af9ef81d,TX,48377,2,2022-11-09T01:00:00.000Z,FIPSCode,48377,0,2022-11-13T21:23:19.178Z,8,98.98,8,100,62962,1025,61.97,62492,550,33.25,63492,79,4.78,1671,99,1654,4047,8,8
1668378005,2022-11-13 16:20:05 -0600,e3a6aea979f29352999e30399c6756976bf44dfc,TX,48377,2,2022-11-09T01:00:00.000Z,FIPSCode,48377,0,2022-11-13T21:23:19.178Z,8,98.98,8,100,62962,1025,61.97,62492,550,33.25,63492,79,4.78,1671,99,1654,4047,8,8
1668378029,2022-11-13 16:20:29 -0600,6066b6b546b920165401f56137598a426fc28931,TX,48377,2,2022-11-09T01:00:00.000Z,FIPSCode,48377,0,2022-11-13T21:23:19.178Z,8,98.98,8,100,62962,1025,61.97,62492,550,33.25,63492,79,4.78,1671,99,1654,4047,8,8
1668378040,2022-11-13 16:20:40 -0600,6ee4a476785ca20f3488e3f0ad8c7cc9d9a5222a,TX,48377,2,2022-11-09T01:00:00.000Z,FIPSCode,48377,0,2022-11-13T21:23:19.178Z,8,98.98,8,100,62962,1025,61.97,62492,550,33.25,63492,79,4.78,1671,99,1654,4047,8,8
1668378070,2022-11-13 16:21:10 -0600,d9bd78d6b4530145978174522b13fec39ca14fba,TX,48377,2,2022-11-09T01:00:00.000Z,FIPSCode,48377,0,2022-11-13T21:23:19.178Z,8,98.98,8,100,62962,1025,61.97,62492,550,33.25,63492,79,4.78,1671,99,1654,4047,8,8
1668378088,2022-11-13 16:21:28 -0600,88a3599ac1d1c3c63e2e96112ee3776e99619047,TX,48377,2,2022-11-09T01:00:00.000Z,FIPSCode,48377,0,2022-11-13T21:23:19.178Z,8,98.98,8,100,62962,1025,61.97,62492,550,33.25,63492,79,4.78,1671,99,1654,4047,8,8
1668378099,2022-11-13 16:21:39 -0600,5b0b7d6b53ca4f73189121c76ab8c71ecea174fc,TX,48377,2,2022-11-09T01:00:00.000Z,FIPSCode,48377,0,2022-11-13T21:23:19.178Z,8,98.98,8,100,62962,1025,61.97,62492,550,33.25,63492,79,4.78,1671,99,1654,4047,8,8
1668378117,2022-11-13 16:21:57 -0600,6d0d5cc2ce679c46e11fb2df403c8f444d656c51,TX,48377,2,2022-11-09T01:00:00.000Z,FIPSCode,48377,0,2022-11-13T21:23:19.178Z,8,98.98,8,100,62962,1025,61.97,62492,550,33.25,63492,79,4.78,1671,99,1654,4047,8,8
1668378152,2022-11-13 16:22:32 -0600,75c0e6ed35b826ee63b72f9b710a91ff846d173d,TX,48377,2,2022-11-09T01:00:00.000Z,FIPSCode,48377,0,2022-11-13T21:23:19.178Z,8,98.98,8,100,62962,1025,61.97,62492,550,33.25,63492,79,4.78,1671,99,1654,4047,8,8
1668378184,2022-11-13 16:23:04 -0600,f1b76140bc2c625e1834be40c1628e2832ee5f4b,TX,48377,2,2022-11-09T01:00:00.000Z,FIPSCode,48377,0,2022-11-13T21:23:19.178Z,8,98.98,8,100,62962,1025,61.97,62492,550,33.25,63492,79,4.78,1671,99,1654,4047,8,8
1668378213,2022-11-13 16:23:33 -0600,8bcf4b309245c0abc1bfdeb5b9b887843c1696ce,TX,48377,2,2022-11-09T01:00:00.000Z,FIPSCode,48377,0,2022-11-13T22:23:17.344Z,8,98.98,8,100,62962,1025,61.97,62492,550,33.25,63492,79,4.78,1671,99,1654,4047,8,8
1668378225,2022-11-13 16:23:45 -0600,f33a7a3696024d3a44923454e68cd3934da544ad,TX,48377,2,2022-11-09T01:00:00.000Z,FIPSCode,48377,0,2022-11-13T22:23:17.344Z,8,98.98,8,100,62962,1025,61.97,62492,550,33.25,63492,79,4.78,1671,99,1654,4047,8,8
1668378272,2022-11-13 16:24:32 -0600,eb98a665eaba271e669e42e41acb147e34646eaa,TX,48377,2,2022-11-09T01:00:00.000Z,FIPSCode,48377,0,2022-11-13T22:23:17.344Z,8,98.98,8,100,62962,1025,61.97,62492,550,33.25,63492,79,4.78,1671,99,1654,4047,8,8
1668378284,2022-11-13 16:24:44 -0600,cd79459c66234bdef48175df925d0d9e803ed62d,TX,48377,2,2022-11-09T01:00:00.000Z,FIPSCode,48377,0,2022-11-13T22:24:16.975Z,8,98.98,8,100,62962,1025,61.97,62492,550,33.25,63492,79,4.78,1671,99,1654,4047,8,8
1668378301,2022-11-13 16:25:01 -0600,68e86e48a97348e17cd9b23dea83a346eab6de49,TX,48377,2,2022-11-09T01:00:00.000Z,FIPSCode,48377,0,2022-11-13T22:24:16.975Z,8,98.98,8,100,62962,1025,61.97,62492,550,33.25,63492,79,4.78,1671,99,1654,4047,8,8
1668378329,2022-11-13 16:25:29 -0600,25aaa9ef6c7effffd98144138d042f60584b0de4,TX,48377,2,2022-11-09T01:00:00.000Z,FIPSCode,48377,0,2022-11-13T22:25:17.446Z,8,98.98,8,100,62962,1025,61.97,62492,550,33.25,63492,79,4.78,1671,99,1654,4047,8,8
1668378336,2022-11-13 16:25:36 -0600,a18cb30584eff8f3b72df23aa1741b3298757761,TX,48377,2,2022-11-09T01:00:00.000Z,FIPSCode,48377,0,2022-11-13T22:25:17.446Z,8,98.98,8,100,62962,1025,61.97,62492,550,33.25,63492,79,4.78,1671,99,1654,4047,8,8
1668378399,2022-11-13 16:26:39 -0600,c528bbc17a30fb0e50c052e6398c8afdef412efb,TX,48377,2,2022-11-09T01:00:00.000Z,FIPSCode,48377,0,2022-11-13T22:25:17.446Z,8,98.98,8,100,62962,1025,61.97,62492,550,33.25,63492,79,4.78,1671,99,1654,4047,8,8
1668378411,2022-11-13 16:26:51 -0600,7e344433b60f5b4f9ddc2d755a65086cb7529621,TX,48377,2,2022-11-09T01:00:00.000Z,FIPSCode,48377,0,2022-11-13T22:25:17.446Z,8,98.98,8,100,62962,1025,61.97,62492,550,33.25,63492,79,4.78,1671,99,1654,4047,8,8
1668378450,2022-11-13 16:27:30 -0600,b3055a3e22346844332cf69cd58ee6e75f2d48ae,TX,48377,2,2022-11-09T01:00:00.000Z,FIPSCode,48377,0,2022-11-13T22:25:17.446Z,8,98.98,8,100,62962,1025,61.97,62492,550,33.25,63492,79,4.78,1671,99,1654,4047,8,8
1668378479,2022-11-13 16:27:59 -0600,2dea7031dcaa0f2b3c12f3391bac6105cd99e53d,TX,48377,2,2022-11-09T01:00:00.000Z,FIPSCode,48377,0,2022-11-13T22:25:17.446Z,8,98.98,8,100,62962,1025,61.97,62492,550,33.25,63492,79,4.78,1671,99,1654,4047,8,8
1668378513,2022-11-13 16:28:33 -0600,09e1f447e1f370a58f66ca0d948112cc793893b0,TX,48377,2,2022-11-09T01:00:00.000Z,FIPSCode,48377,0,2022-11-13T22:25:17.446Z,8,98.98,8,100,62962,1025,61.97,62492,550,33.25,63492,79,4.78,1671,99,1654,4047,8,8
1668378519,2022-11-13 16:28:39 -0600,dc6a232601d99746a4892654f28716f0e3fe71b9,TX,48377,2,2022-11-09T01:00:00.000Z,FIPSCode,48377,0,2022-11-13T22:25:17.446Z,8,98.98,8,100,62962,1025,61.97,62492,550,33.25,63492,79,4.78,1671,99,1654,4047,8,8
1668378549,2022-11-13 16:29:09 -0600,badb72f22b79156580ec6ff35336535b2a381101,TX,48377,2,2022-11-09T01:00:00.000Z,FIPSCode,48377,0,2022-11-13T22:25:17.446Z,8,98.98,8,100,62962,1025,61.97,62492,550,33.25,63492,79,4.78,1671,99,1654,4047,8,8
1668378567,2022-11-13 16:29:27 -0600,709fe4181aa1362cc66a5285495d09f2ad2d43b7,TX,48377,2,2022-11-09T01:00:00.000Z,FIPSCode,48377,0,2022-11-13T22:25:17.446Z,8,98.98,8,100,62962,1025,61.97,62492,550,33.25,63492,79,4.78,1671,99,1654,4047,8,8
1668378573,2022-11-13 16:29:33 -0600,f7c69c257b80fbcad1cbff667b224d58628b996c,TX,48377,2,2022-11-09T01:00:00.000Z,FIPSCode,48377,0,2022-11-13T22:25:17.446Z,8,98.98,8,100,62962,1025,61.97,62492,550,33.25,63492,79,4.78,1671,99,1654,4047,8,8
1668378601,2022-11-13 16:30:01 -0600,b9cd4eb4f81e0cf9e8a769fb69b7b2416edaa724,TX,48377,2,2022-11-09T01:00:00.000Z,FIPSCode,48377,0,2022-11-13T22:25:17.446Z,8,98.98,8,100,62962,1025,61.97,62492,550,33.25,63492,79,4.78,1671,99,1654,4047,8,8
1668378636,2022-11-13 16:30:36 -0600,5a4de013179441ff95b9e3523b2b6a0c6de5655c,TX,48377,2,2022-11-09T01:00:00.000Z,FIPSCode,48377,0,2022-11-13T22:25:17.446Z,8,98.98,8,100,62962,1025,61.97,62492,550,33.25,63492,79,4.78,1671,99,1654,4047,8,8
1668378648,2022-11-13 16:30:48 -0600,55c8711c13a75b654b9aaebc6c050891b6e5230a,TX,48377,2,2022-11-09T01:00:00.000Z,FIPSCode,48377,0,2022-11-13T22:25:17.446Z,8,98.98,8,100,62962,1025,61.97,62492,550,33.25,63492,79,4.78,1671,99,1654,4047,8,8
1668378665,2022-11-13 16:31:05 -0600,9c4d33a9d2d56bffc3ab34300a42116eb295ed9c,TX,48377,2,2022-11-09T01:00:00.000Z,FIPSCode,48377,0,2022-11-13T22:25:17.446Z,8,98.98,8,100,62962,1025,61.97,62492,550,33.25,63492,79,4.78,1671,99,1654,4047,8,8
1668378688,2022-11-13 16:31:28 -0600,4ef7482008bee80518d434d19f70bd8a6b3b171c,TX,48377,2,2022-11-09T01:00:00.000Z,FIPSCode,48377,0,2022-11-13T22:25:17.446Z,8,98.98,8,100,62962,1025,61.97,62492,550,33.25,63492,79,4.78,1671,99,1654,4047,8,8
1668378723,2022-11-13 16:32:03 -0600,21b7bbe2cb7fdb246043ee928d0202e7299acfbe,TX,48377,2,2022-11-09T01:00:00.000Z,FIPSCode,48377,0,2022-11-13T22:25:17.446Z,8,98.98,8,100,62962,1025,61.97,62492,550,33.25,63492,79,4.78,1671,99,1654,4047,8,8
1668378736,2022-11-13 16:32:16 -0600,75461820a0372e08739a5a91e67b4de3fbc64da3,TX,48377,2,2022-11-09T01:00:00.000Z,FIPSCode,48377,0,2022-11-13T22:25:17.446Z,8,98.98,8,100,62962,1025,61.97,62492,550,33.25,63492,79,4.78,1671,99,1654,4047,8,8
1668378748,2022-11-13 16:32:28 -0600,764d9a6d8237e2875cd06830d14410516e39e05d,TX,48377,2,2022-11-09T01:00:00.000Z,FIPSCode,48377,0,2022-11-13T22:25:17.446Z,8,98.98,8,100,62962,1025,61.97,62492,550,33.25,63492,79,4.78,1671,99,1654,4047,8,8
1668378760,2022-11-13 16:32:40 -0600,d5b270405d4ba7e9ce52a6f3795a20d6faa52ba3,TX,48377,2,2022-11-09T01:00:00.000Z,FIPSCode,48377,0,2022-11-13T22:25:17.446Z,8,98.98,8,100,62962,1025,61.97,62492,550,33.25,63492,79,4.78,1671,99,1654,4047,8,8
1668378777,2022-11-13 16:32:57 -0600,7c9d544b87504f891292485d265e0c6131e3dc3a,TX,48377,2,2022-11-09T01:00:00.000Z,FIPSCode,48377,0,2022-11-13T22:25:17.446Z,8,98.98,8,100,62962,1025,61.97,62492,550,33.25,63492,79,4.78,1671,99,1654,4047,8,8
1668378812,2022-11-13 16:33:32 -0600,3f45bcc99516db06623e07c5b556252700db2908,TX,48377,2,2022-11-09T01:00:00.000Z,FIPSCode,48377,0,2022-11-13T22:25:17.446Z,8,98.98,8,100,62962,1025,61.97,62492,550,33.25,63492,79,4.78,1671,99,1654,4047,8,8
1668378843,2022-11-13 16:34:03 -0600,284c65ce21b3922fdae045c081ddf33778f835d3,TX,48377,2,2022-11-09T01:00:00.000Z,FIPSCode,48377,0,2022-11-13T22:25:17.446Z,8,98.98,8,100,62962,1025,61.97,62492,550,33.25,63492,79,4.78,1671,99,1654,4047,8,8
1668378872,2022-11-13 16:34:32 -0600,4bf9e774a07078c332244bf8e3e0e1046335ff80,TX,48377,2,2022-11-09T01:00:00.000Z,FIPSCode,48377,0,2022-11-13T22:25:17.446Z,8,98.98,8,100,62962,1025,61.97,62492,550,33.25,63492,79,4.78,1671,99,1654,4047,8,8
1668378931,2022-11-13 16:35:31 -0600,478922c667542c82db3ec05edf8dbee192936d48,TX,48377,2,2022-11-09T01:00:00.000Z,FIPSCode,48377,0,2022-11-13T22:25:17.446Z,8,98.98,8,100,62962,1025,61.97,62492,550,33.25,63492,79,4.78,1671,99,1654,4047,8,8
1668379050,2022-11-13 16:37:30 -0600,3a221195700c475a9db54b3ba8544ec29b4840c2,TX,48377,2,2022-11-09T01:00:00.000Z,FIPSCode,48377,0,2022-11-13T22:25:17.446Z,8,98.98,8,100,62962,1025,61.97,62492,550,33.25,63492,79,4.78,1671,99,1654,4047,8,8
1668379061,2022-11-13 16:37:41 -0600,105d0e072b7d280caf33dbeccb55d36a8be006cb,TX,48377,2,2022-11-09T01:00:00.000Z,FIPSCode,48377,0,2022-11-13T22:25:17.446Z,8,98.98,8,100,62962,1025,61.97,62492,550,33.25,63492,79,4.78,1671,99,1654,4047,8,8
1668379079,2022-11-13 16:37:59 -0600,12bfe34b4ee4db4524d5d84ae39b871a4dfdad6d,TX,48377,2,2022-11-09T01:00:00.000Z,FIPSCode,48377,0,2022-11-13T22:37:35.186Z,8,98.98,8,100,62962,1025,61.97,62492,550,33.25,63492,79,4.78,1671,99,1654,4047,8,8
1668379118,2022-11-13 16:38:38 -0600,da3c5d9f1183f373dd2701e3c96174b7e89a7ea1,TX,48377,2,2022-11-09T01:00:00.000Z,FIPSCode,48377,0,2022-11-13T22:37:35.186Z,8,98.98,8,100,62962,1025,61.97,62492,550,33.25,63492,79,4.78,1671,99,1654,4047,8,8
1668379136,2022-11-13 16:38:56 -0600,5d4e531a20f5254e7cbe90b04e4d1d6c605ca02f,TX,48377,2,2022-11-09T01:00:00.000Z,FIPSCode,48377,0,2022-11-13T22:37:35.186Z,8,98.98,8,100,62962,1025,61.97,62492,550,33.25,63492,79,4.78,1671,99,1654,4047,8,8
1668379147,2022-11-13 16:39:07 -0600,ef6771b22a2efa2c2fe660cf24a7d424a08c4133,TX,48377,2,2022-11-09T01:00:00.000Z,FIPSCode,48377,0,2022-11-13T22:38:37.918Z,8,98.98,8,100,62962,1025,61.97,62492,550,33.25,63492,79,4.78,1671,99,1654,4047,8,8
1668379183,2022-11-13 16:39:43 -0600,e3eeb7cc29aa592c27a0611cbe8f23b4e455686a,TX,48377,2,2022-11-09T01:00:00.000Z,FIPSCode,48377,0,2022-11-13T22:39:17.195Z,8,98.98,8,100,62962,1025,61.97,62492,550,33.25,63492,79,4.78,1671,99,1654,4047,8,8
1668379216,2022-11-13 16:40:16 -0600,3aedff5847b937ac740de6b58c2424069725f7fd,TX,48377,2,2022-11-09T01:00:00.000Z,FIPSCode,48377,0,2022-11-13T22:39:17.195Z,8,98.98,8,100,62962,1025,61.97,62492,550,33.25,63492,79,4.78,1671,99,1654,4047,8,8
1668379235,2022-11-13 16:40:35 -0600,3cd509050275b8c91b4ec6acb61f2f03d5118828,TX,48377,2,2022-11-09T01:00:00.000Z,FIPSCode,48377,0,2022-11-13T22:40:17.396Z,8,98.98,8,100,62962,1025,61.97,62492,550,33.25,63492,79,4.78,1671,99,1654,4047,8,8
1668379263,2022-11-13 16:41:03 -0600,5c4e6264f7456d91f961662b0b865482a5fcf07e,TX,48377,2,2022-11-09T01:00:00.000Z,FIPSCode,48377,0,2022-11-13T22:40:17.396Z,8,98.98,8,100,62962,1025,61.97,62492,550,33.25,63492,79,4.78,1671,99,1654,4047,8,8
1668379294,2022-11-13 16:41:34 -0600,847f47fea65885c0179c84f914087e0ae37f0773,TX,48377,2,2022-11-09T01:00:00.000Z,FIPSCode,48377,0,2022-11-13T22:40:17.396Z,8,98.98,8,100,62962,1025,61.97,62492,550,33.25,63492,79,4.78,1671,99,1654,4047,8,8
1668379300,2022-11-13 16:41:40 -0600,d0bd38fe31c59888191245dd15a0a5f02d731c6b,TX,48377,2,2022-11-09T01:00:00.000Z,FIPSCode,48377,0,2022-11-13T22:40:17.396Z,8,98.98,8,100,62962,1025,61.97,62492,550,33.25,63492,79,4.78,1671,99,1654,4047,8,8
1668379335,2022-11-13 16:42:15 -0600,3c105413a6de137541b90531d95d0b91c0a31f11,TX,48377,2,2022-11-09T01:00:00.000Z,FIPSCode,48377,0,2022-11-13T22:40:17.396Z,8,98.98,8,100,62962,1025,61.97,62492,550,33.25,63492,79,4.78,1671,99,1654,4047,8,8
1668379359,2022-11-13 16:42:39 -0600,a19e26e33e27e76ffa4a9dfecf6fbc5a9b057bb4,TX,48377,2,2022-11-09T01:00:00.000Z,FIPSCode,48377,0,2022-11-13T22:40:17.396Z,8,98.98,8,100,62962,1025,61.97,62492,550,33.25,63492,79,4.78,1671,99,1654,4047,8,8
1668379387,2022-11-13 16:43:07 -0600,0e2d82042f6bceb094c7348e2f84f372ef00cad0,TX,48377,2,2022-11-09T01:00:00.000Z,FIPSCode,48377,0,2022-11-13T22:42:36.428Z,8,98.98,8,100,62962,1025,61.97,62492,550,33.25,63492,79,4.78,1671,99,1654,4047,8,8
1668379404,2022-11-13 16:43:24 -0600,c4bcc4c94c91eda313ce45cfc3b5f6dd7f8e0e1c,TX,48377,2,2022-11-09T01:00:00.000Z,FIPSCode,48377,0,2022-11-13T22:42:36.428Z,8,98.98,8,100,62962,1025,61.97,62492,550,33.25,63492,79,4.78,1671,99,1654,4047,8,8
1668379410,2022-11-13 16:43:30 -0600,bb8cdfae8ca8292a98cc1491e389ea8558a99e91,TX,48377,2,2022-11-09T01:00:00.000Z,FIPSCode,48377,0,2022-11-13T22:43:16.894Z,8,98.98,8,100,62962,1025,61.97,62492,550,33.25,63492,79,4.78,1671,99,1654,4047,8,8
1668379441,2022-11-13 16:44:01 -0600,177e4b81d2a4e07ca6e0853f96728d4d3b16f7b8,TX,48377,2,2022-11-09T01:00:00.000Z,FIPSCode,48377,0,2022-11-13T22:43:16.894Z,8,98.98,8,100,62962,1025,61.97,62492,550,33.25,63492,79,4.78,1671,99,1654,4047,8,8
1668379470,2022-11-13 16:44:30 -0600,9c4d8ed517d7072de5f8e42fbfc1d3832e97d100,TX,48377,2,2022-11-09T01:00:00.000Z,FIPSCode,48377,0,2022-11-13T22:43:16.894Z,8,98.98,8,100,62962,1025,61.97,62492,550,33.25,63492,79,4.78,1671,99,1654,4047,8,8
1668379482,2022-11-13 16:44:42 -0600,47900df08ed03592ad10d82ec95d674c7270d41a,TX,48377,2,2022-11-09T01:00:00.000Z,FIPSCode,48377,0,2022-11-13T22:44:18.751Z,8,98.98,8,100,62962,1025,61.97,62492,550,33.25,63492,79,4.78,1671,99,1654,4047,8,8
1668379515,2022-11-13 16:45:15 -0600,a5bee7c96e3975c394522e81ec8416028e2ce401,TX,48377,2,2022-11-09T01:00:00.000Z,FIPSCode,48377,0,2022-11-13T22:44:18.751Z,8,98.98,8,100,62962,1025,61.97,62492,550,33.25,63492,79,4.78,1671,99,1654,4047,8,8
1668379533,2022-11-13 16:45:33 -0600,f18c8864dde6a80bdcaec839e4c0ae1f26a65ad1,TX,48377,2,2022-11-09T01:00:00.000Z,FIPSCode,48377,0,2022-11-13T22:45:19.105Z,8,98.98,8,100,62962,1025,61.97,62492,550,33.25,63492,79,4.78,1671,99,1654,4047,8,8
1668379561,2022-11-13 16:46:01 -0600,213733ee27f24bf7fe9cb47117cbae0a001ab75c,TX,48377,2,2022-11-09T01:00:00.000Z,FIPSCode,48377,0,2022-11-13T22:45:19.105Z,8,98.98,8,100,62962,1025,61.97,62492,550,33.25,63492,79,4.78,1671,99,1654,4047,8,8
1668379578,2022-11-13 16:46:18 -0600,8f7fd8aeb31ac1e2a7eae2793052653637ea5528,TX,48377,2,2022-11-09T01:00:00.000Z,FIPSCode,48377,0,2022-11-13T22:45:19.105Z,8,98.98,8,100,62962,1025,61.97,62492,550,33.25,63492,79,4.78,1671,99,1654,4047,8,8
1668379591,2022-11-13 16:46:31 -0600,ff8851ac68d6a33d2a287db16867b2304d26310a,TX,48377,2,2022-11-09T01:00:00.000Z,FIPSCode,48377,0,2022-11-13T22:45:19.105Z,8,98.98,8,100,62962,1025,61.97,62492,550,33.25,63492,79,4.78,1671,99,1654,4047,8,8
1668379619,2022-11-13 16:46:59 -0600,f1aba5b774647a5b8e7d45fa00695ef3802dc305,TX,48377,2,2022-11-09T01:00:00.000Z,FIPSCode,48377,0,2022-11-13T22:45:19.105Z,8,98.98,8,100,62962,1025,61.97,62492,550,33.25,63492,79,4.78,1671,99,1654,4047,8,8
1668379636,2022-11-13 16:47:16 -0600,c7fa8fdf313b4642ec18863aeed69973e98e6607,TX,48377,2,2022-11-09T01:00:00.000Z,FIPSCode,48377,0,2022-11-13T22:45:19.105Z,8,98.98,8,100,62962,1025,61.97,62492,550,33.25,63492,79,4.78,1671,99,1654,4047,8,8
1668379654,2022-11-13 16:47:34 -0600,ad4333e4fcd49dd43e11d671a611aacb3401de94,TX,48377,2,2022-11-09T01:00:00.000Z,FIPSCode,48377,0,2022-11-13T22:45:19.105Z,8,98.98,8,100,62962,1025,61.97,62492,550,33.25,63492,79,4.78,1671,99,1654,4047,8,8
1668379667,2022-11-13 16:47:47 -0600,2ac0b947c2351a983a3f4a7582145da31c3abe4d,TX,48377,2,2022-11-09T01:00:00.000Z,FIPSCode,48377,0,2022-11-13T22:45:19.105Z,8,98.98,8,100,62962,1025,61.97,62492,550,33.25,63492,79,4.78,1671,99,1654,4047,8,8
1668379672,2022-11-13 16:47:52 -0600,ca065a416a757907af2d591a9f824234b85c1a73,TX,48377,2,2022-11-09T01:00:00.000Z,FIPSCode,48377,0,2022-11-13T22:45:19.105Z,8,98.98,8,100,62962,1025,61.97,62492,550,33.25,63492,79,4.78,1671,99,1654,4047,8,8
1668379733,2022-11-13 16:48:53 -0600,6485c175d822265d1e606269bf51b6338cc32804,TX,48377,2,2022-11-09T01:00:00.000Z,FIPSCode,48377,0,2022-11-13T22:45:19.105Z,8,98.98,8,100,62962,1025,61.97,62492,550,33.25,63492,79,4.78,1671,99,1654,4047,8,8
1668379745,2022-11-13 16:49:05 -0600,7149353dc849dc658378fdba59ea2601ee2254f0,TX,48377,2,2022-11-09T01:00:00.000Z,FIPSCode,48377,0,2022-11-13T22:45:19.105Z,8,98.98,8,100,62962,1025,61.97,62492,550,33.25,63492,79,4.78,1671,99,1654,4047,8,8
1668379786,2022-11-13 16:49:46 -0600,e86556aeaee4c987b5a681913e3bc9ea6f43387a,TX,48377,2,2022-11-09T01:00:00.000Z,FIPSCode,48377,0,2022-11-13T22:45:19.105Z,8,98.98,8,100,62962,1025,61.97,62492,550,33.25,63492,79,4.78,1671,99,1654,4047,8,8
1668379808,2022-11-13 16:50:08 -0600,708634db1ae31ece1d9c33cfc214a668d15cd0c1,TX,48377,2,2022-11-09T01:00:00.000Z,FIPSCode,48377,0,2022-11-13T22:45:19.105Z,8,98.98,8,100,62962,1025,61.97,62492,550,33.25,63492,79,4.78,1671,99,1654,4047,8,8
1668379833,2022-11-13 16:50:33 -0600,ea8c98a6a06387fb0c4ad1a2a6df98de87cb0dac,TX,48377,2,2022-11-09T01:00:00.000Z,FIPSCode,48377,0,2022-11-13T22:45:19.105Z,8,98.98,8,100,62962,1025,61.97,62492,550,33.25,63492,79,4.78,1671,99,1654,4047,8,8
1668379844,2022-11-13 16:50:44 -0600,a27fe06f02a103e19485435919cfcc6752cf110e,TX,48377,2,2022-11-09T01:00:00.000Z,FIPSCode,48377,0,2022-11-13T22:45:19.105Z,8,98.98,8,100,62962,1025,61.97,62492,550,33.25,63492,79,4.78,1671,99,1654,4047,8,8
1668379897,2022-11-13 16:51:37 -0600,abdc2a876dd4dc4fad7dad85b59ac400b8a0f9cf,TX,48377,2,2022-11-09T01:00:00.000Z,FIPSCode,48377,0,2022-11-13T22:45:19.105Z,8,98.98,8,100,62962,1025,61.97,62492,550,33.25,63492,79,4.78,1671,99,1654,4047,8,8
1668379914,2022-11-13 16:51:54 -0600,fae91f7c8335548ca4c803f57136b22567a07b05,TX,48377,2,2022-11-09T01:00:00.000Z,FIPSCode,48377,0,2022-11-13T22:45:19.105Z,8,98.98,8,100,62962,1025,61.97,62492,550,33.25,63492,79,4.78,1671,99,1654,4047,8,8
1668379949,2022-11-13 16:52:29 -0600,0d35d23c35dd0a57957d3531f7fdc7908733425e,TX,48377,2,2022-11-09T01:00:00.000Z,FIPSCode,48377,0,2022-11-13T22:45:19.105Z,8,98.98,8,100,62962,1025,61.97,62492,550,33.25,63492,79,4.78,1671,99,1654,4047,8,8
1668379966,2022-11-13 16:52:46 -0600,25f9df4c3394c1696b972873bb840ba068543803,TX,48377,2,2022-11-09T01:00:00.000Z,FIPSCode,48377,0,2022-11-13T22:45:19.105Z,8,98.98,8,100,62962,1025,61.97,62492,550,33.25,63492,79,4.78,1671,99,1654,4047,8,8
1668379978,2022-11-13 16:52:58 -0600,9e89da5157acfbe83bbf83e6da6cb621eb0a6a35,TX,48377,2,2022-11-09T01:00:00.000Z,FIPSCode,48377,0,2022-11-13T22:45:19.105Z,8,98.98,8,100,62962,1025,61.97,62492,550,33.25,63492,79,4.78,1671,99,1654,4047,8,8
1668379994,2022-11-13 16:53:14 -0600,72b943ad60e182918c1200c20df6ab6ff39ca10f,TX,48377,2,2022-11-09T01:00:00.000Z,FIPSCode,48377,0,2022-11-13T22:45:19.105Z,8,98.98,8,100,62962,1025,61.97,62492,550,33.25,63492,79,4.78,1671,99,1654,4047,8,8
1668380014,2022-11-13 16:53:34 -0600,7fd6118446e1988081c101cbf59cb44fd98f1829,TX,48377,2,2022-11-09T01:00:00.000Z,FIPSCode,48377,0,2022-11-13T22:45:19.105Z,8,98.98,8,100,62962,1025,61.97,62492,550,33.25,63492,79,4.78,1671,99,1654,4047,8,8
1668380043,2022-11-13 16:54:03 -0600,78561b8add5377a369a748913e8129b99d1cf788,TX,48377,2,2022-11-09T01:00:00.000Z,FIPSCode,48377,0,2022-11-13T22:45:19.105Z,8,98.98,8,100,62962,1025,61.97,62492,550,33.25,63492,79,4.78,1671,99,1654,4047,8,8
1668380073,2022-11-13 16:54:33 -0600,b02644990ba972a3c0569337f115888149d8df5f,TX,48377,2,2022-11-09T01:00:00.000Z,FIPSCode,48377,0,2022-11-13T22:45:19.105Z,8,98.98,8,100,62962,1025,61.97,62492,550,33.25,63492,79,4.78,1671,99,1654,4047,8,8
1668380107,2022-11-13 16:55:07 -0600,2636ff507aacd5741f9e563d17c8b28ee2827377,TX,48377,2,2022-11-09T01:00:00.000Z,FIPSCode,48377,0,2022-11-13T22:45:19.105Z,8,98.98,8,100,62962,1025,61.97,62492,550,33.25,63492,79,4.78,1671,99,1654,4047,8,8
1668380135,2022-11-13 16:55:35 -0600,6d535eb26aaa3b2027cd8094fc260aa4779d9b60,TX,48377,2,2022-11-09T01:00:00.000Z,FIPSCode,48377,0,2022-11-13T22:45:19.105Z,8,98.98,8,100,62962,1025,61.97,62492,550,33.25,63492,79,4.78,1671,99,1654,4047,8,8
1668380171,2022-11-13 16:56:11 -0600,272529901977de7c36ddd3ceb66458748f540a3c,TX,48377,2,2022-11-09T01:00:00.000Z,FIPSCode,48377,0,2022-11-13T22:45:19.105Z,8,98.98,8,100,62962,1025,61.97,62492,550,33.25,63492,79,4.78,1671,99,1654,4047,8,8
1668380188,2022-11-13 16:56:28 -0600,ad5b55ebb8d1caff8e6a2aa8e50c9c5901cd8f94,TX,48377,2,2022-11-09T01:00:00.000Z,FIPSCode,48377,0,2022-11-13T22:45:19.105Z,8,98.98,8,100,62962,1025,61.97,62492,550,33.25,63492,79,4.78,1671,99,1654,4047,8,8
1668380223,2022-11-13 16:57:03 -0600,81abc761c6455f2d2aeb244f089ba5aa9c5161d0,TX,48377,2,2022-11-09T01:00:00.000Z,FIPSCode,48377,0,2022-11-13T22:56:35.972Z,8,98.98,8,100,62962,1025,61.97,62492,550,33.25,63492,79,4.78,1671,99,1654,4047,8,8
1668380251,2022-11-13 16:57:31 -0600,c21b0d8320f46a27d2665aebdaf57f868fcb9a97,TX,48377,2,2022-11-09T01:00:00.000Z,FIPSCode,48377,0,2022-11-13T22:56:35.972Z,8,98.98,8,100,62962,1025,61.97,62492,550,33.25,63492,79,4.78,1671,99,1654,4047,8,8
1668380274,2022-11-13 16:57:54 -0600,a490779642b5edf76f8573fbe7ef3fefe0928c8c,TX,48377,2,2022-11-09T01:00:00.000Z,FIPSCode,48377,0,2022-11-13T22:57:35.549Z,8,98.98,8,100,62962,1025,61.97,62492,550,33.25,63492,79,4.78,1671,99,1654,4047,8,8
1668380310,2022-11-13 16:58:30 -0600,3fd1d696383ed49a0fc578698421e0f3d9f83409,TX,48377,2,2022-11-09T01:00:00.000Z,FIPSCode,48377,0,2022-11-13T22:57:35.549Z,8,98.98,8,100,62962,1025,61.97,62492,550,33.25,63492,79,4.78,1671,99,1654,4047,8,8
1668380339,2022-11-13 16:58:59 -0600,997a356bb0314be2d7931f832a9cfc2f7fe1cc66,TX,48377,2,2022-11-09T01:00:00.000Z,FIPSCode,48377,0,2022-11-13T22:58:36.989Z,8,98.98,8,100,62962,1025,61.97,62492,550,33.25,63492,79,4.78,1671,99,1654,4047,8,8
1668380373,2022-11-13 16:59:33 -0600,0be2a5175fa57437b2c7b327fde455211072d69f,TX,48377,2,2022-11-09T01:00:00.000Z,FIPSCode,48377,0,2022-11-13T22:58:36.989Z,8,98.98,8,100,62962,1025,61.97,62492,550,33.25,63492,79,4.78,1671,99,1654,4047,8,8
1668380402,2022-11-13 17:00:02 -0600,b6cbdf5d9f2dca68da40f70520ec7c00f33e059a,TX,48377,2,2022-11-09T01:00:00.000Z,FIPSCode,48377,0,2022-11-13T22:58:36.989Z,8,98.98,8,100,62962,1025,61.97,62492,550,33.25,63492,79,4.78,1671,99,1654,4047,8,8
1668380425,2022-11-13 17:00:25 -0600,8144b04dfdf8470aeeedaaa30c3fe143212e3095,TX,48377,2,2022-11-09T01:00:00.000Z,FIPSCode,48377,0,2022-11-13T22:58:36.989Z,8,98.98,8,100,62962,1025,61.97,62492,550,33.25,63492,79,4.78,1671,99,1654,4047,8,8
1668380448,2022-11-13 17:00:48 -0600,5eeab2d45acdf13cad69f8c768473de82f8c1a6d,TX,48377,2,2022-11-09T01:00:00.000Z,FIPSCode,48377,0,2022-11-13T22:58:36.989Z,8,98.98,8,100,62962,1025,61.97,62492,550,33.25,63492,79,4.78,1671,99,1654,4047,8,8
1668380527,2022-11-13 17:02:07 -0600,911bfe04dd172d83b0538177f1d5f5664c1472d3,TX,48377,2,2022-11-09T01:00:00.000Z,FIPSCode,48377,0,2022-11-13T22:58:36.989Z,8,98.98,8,100,62962,1025,61.97,62492,550,33.25,63492,79,4.78,1671,99,1654,4047,8,8
1668380548,2022-11-13 17:02:28 -0600,efcbe5c60dea86754ffb356fd35d3cb76858d64e,TX,48377,2,2022-11-09T01:00:00.000Z,FIPSCode,48377,0,2022-11-13T22:58:36.989Z,8,98.98,8,100,62962,1025,61.97,62492,550,33.25,63492,79,4.78,1671,99,1654,4047,8,8
1668380582,2022-11-13 17:03:02 -0600,6426b1debf2e2c61e81a8c9d450223d899a1dbbb,TX,48377,2,2022-11-09T01:00:00.000Z,FIPSCode,48377,0,2022-11-13T22:58:36.989Z,8,98.98,8,100,62962,1025,61.97,62492,550,33.25,63492,79,4.78,1671,99,1654,4047,8,8
1668380611,2022-11-13 17:03:31 -0600,27d5bdb5ab5383775d034ec9ccbc6f7608696561,TX,48377,2,2022-11-09T01:00:00.000Z,FIPSCode,48377,0,2022-11-13T22:58:36.989Z,8,98.98,8,100,62962,1025,61.97,62492,550,33.25,63492,79,4.78,1671,99,1654,4047,8,8
1668380639,2022-11-13 17:03:59 -0600,1b0c68a00e42c93f423717eb9df8a4d282261631,TX,48377,2,2022-11-09T01:00:00.000Z,FIPSCode,48377,0,2022-11-13T22:58:36.989Z,8,98.98,8,100,62962,1025,61.97,62492,550,33.25,63492,79,4.78,1671,99,1654,4047,8,8
1668380675,2022-11-13 17:04:35 -0600,9741359efc0dfbe95e0deb2d45eed349869fa258,TX,48377,2,2022-11-09T01:00:00.000Z,FIPSCode,48377,0,2022-11-13T22:58:36.989Z,8,98.98,8,100,62962,1025,61.97,62492,550,33.25,63492,79,4.78,1671,99,1654,4047,8,8
1668380704,2022-11-13 17:05:04 -0600,234ec1c42dcac7bad08166f45878d5cbb3bbcba9,TX,48377,2,2022-11-09T01:00:00.000Z,FIPSCode,48377,0,2022-11-13T22:58:36.989Z,8,98.98,8,100,62962,1025,61.97,62492,550,33.25,63492,79,4.78,1671,99,1654,4047,8,8
1668380732,2022-11-13 17:05:32 -0600,1cb05dc5d11400031fb09d49e91bd775ca5bc8fd,TX,48377,2,2022-11-09T01:00:00.000Z,FIPSCode,48377,0,2022-11-13T22:58:36.989Z,8,98.98,8,100,62962,1025,61.97,62492,550,33.25,63492,79,4.78,1671,99,1654,4047,8,8
1668380762,2022-11-13 17:06:02 -0600,8d832cf34a9ad9dc2c048430c2dd8e67e601c657,TX,48377,2,2022-11-09T01:00:00.000Z,FIPSCode,48377,0,2022-11-13T22:58:36.989Z,8,98.98,8,100,62962,1025,61.97,62492,550,33.25,63492,79,4.78,1671,99,1654,4047,8,8
1668380790,2022-11-13 17:06:30 -0600,34c0138276fe40de15ff4f17fe3d417a3f160849,TX,48377,2,2022-11-09T01:00:00.000Z,FIPSCode,48377,0,2022-11-13T22:58:36.989Z,8,98.98,8,100,62962,1025,61.97,62492,550,33.25,63492,79,4.78,1671,99,1654,4047,8,8
1668380807,2022-11-13 17:06:47 -0600,3a3a10572877a9138528c1f588dda6695c81aef4,TX,48377,2,2022-11-09T01:00:00.000Z,FIPSCode,48377,0,2022-11-13T22:58:36.989Z,8,98.98,8,100,62962,1025,61.97,62492,550,33.25,63492,79,4.78,1671,99,1654,4047,8,8
1668380824,2022-11-13 17:07:04 -0600,7644fd730e31b04492cc661d654f4c8e6e3c8b71,TX,48377,2,2022-11-09T01:00:00.000Z,FIPSCode,48377,0,2022-11-13T22:58:36.989Z,8,98.98,8,100,62962,1025,61.97,62492,550,33.25,63492,79,4.78,1671,99,1654,4047,8,8
1668380854,2022-11-13 17:07:34 -0600,e02755053794c3678c26b536cb81eeecba3fc8f1,TX,48377,2,2022-11-09T01:00:00.000Z,FIPSCode,48377,0,2022-11-13T22:58:36.989Z,8,98.98,8,100,62962,1025,61.97,62492,550,33.25,63492,79,4.78,1671,99,1654,4047,8,8
1668380871,2022-11-13 17:07:51 -0600,b85ed3c45fe7b1947eccc371854f4f0a70202ef7,TX,48377,2,2022-11-09T01:00:00.000Z,FIPSCode,48377,0,2022-11-13T22:58:36.989Z,8,98.98,8,100,62962,1025,61.97,62492,550,33.25,63492,79,4.78,1671,99,1654,4047,8,8
1668380883,2022-11-13 17:08:03 -0600,cde7b40d6b277d4996d8501aee392a9672086634,TX,48377,2,2022-11-09T01:00:00.000Z,FIPSCode,48377,0,2022-11-13T22:58:36.989Z,8,98.98,8,100,62962,1025,61.97,62492,550,33.25,63492,79,4.78,1671,99,1654,4047,8,8
1668380913,2022-11-13 17:08:33 -0600,56e70b9138e8739e1e5514423a4d0d7eb6dffe16,TX,48377,2,2022-11-09T01:00:00.000Z,FIPSCode,48377,0,2022-11-13T22:58:36.989Z,8,98.98,8,100,62962,1025,61.97,62492,550,33.25,63492,79,4.78,1671,99,1654,4047,8,8
1668380936,2022-11-13 17:08:56 -0600,88df06c0b4f10693084a547fbef291e04d05f572,TX,48377,2,2022-11-09T01:00:00.000Z,FIPSCode,48377,0,2022-11-13T22:58:36.989Z,8,98.98,8,100,62962,1025,61.97,62492,550,33.25,63492,79,4.78,1671,99,1654,4047,8,8
1668380953,2022-11-13 17:09:13 -0600,731c1e2d8d60b8625d4703d3e728257af8eb9a82,TX,48377,2,2022-11-09T01:00:00.000Z,FIPSCode,48377,0,2022-11-13T22:58:36.989Z,8,98.98,8,100,62962,1025,61.97,62492,550,33.25,63492,79,4.78,1671,99,1654,4047,8,8
1668380970,2022-11-13 17:09:30 -0600,2f73c23ec742bb870abd7f4d28a6abfa1f73eff5,TX,48377,2,2022-11-09T01:00:00.000Z,FIPSCode,48377,0,2022-11-13T22:58:36.989Z,8,98.98,8,100,62962,1025,61.97,62492,550,33.25,63492,79,4.78,1671,99,1654,4047,8,8
1668381005,2022-11-13 17:10:05 -0600,da172e8bba49dbf776edaa39d201d316bffb9d2e,TX,48377,2,2022-11-09T01:00:00.000Z,FIPSCode,48377,0,2022-11-13T22:58:36.989Z,8,98.98,8,100,62962,1025,61.97,62492,550,33.25,63492,79,4.78,1671,99,1654,4047,8,8
1668381030,2022-11-13 17:10:30 -0600,47fd753bd40721be2a4c05ce0b74a5c6d3b640d1,TX,48377,2,2022-11-09T01:00:00.000Z,FIPSCode,48377,0,2022-11-13T22:58:36.989Z,8,98.98,8,100,62962,1025,61.97,62492,550,33.25,63492,79,4.78,1671,99,1654,4047,8,8
1668381043,2022-11-13 17:10:43 -0600,c75baa11e6f52e3e11d629248d4c5d8f0e2321b5,TX,48377,2,2022-11-09T01:00:00.000Z,FIPSCode,48377,0,2022-11-13T22:58:36.989Z,8,98.98,8,100,62962,1025,61.97,62492,550,33.25,63492,79,4.78,1671,99,1654,4047,8,8
1668381076,2022-11-13 17:11:16 -0600,34bba17a3adeff5dee8d3eef066addc29e029970,TX,48377,2,2022-11-09T01:00:00.000Z,FIPSCode,48377,0,2022-11-13T22:58:36.989Z,8,98.98,8,100,62962,1025,61.97,62492,550,33.25,63492,79,4.78,1671,99,1654,4047,8,8
1668381088,2022-11-13 17:11:28 -0600,d3e74be7c82c4215a0391ff39fd5775b385bc33e,TX,48377,2,2022-11-09T01:00:00.000Z,FIPSCode,48377,0,2022-11-13T22:58:36.989Z,8,98.98,8,100,62962,1025,61.97,62492,550,33.25,63492,79,4.78,1671,99,1654,4047,8,8
1668381105,2022-11-13 17:11:45 -0600,30a232f57414dff4610f64d48cea396c2ca2200c,TX,48377,2,2022-11-09T01:00:00.000Z,FIPSCode,48377,0,2022-11-13T22:58:36.989Z,8,98.98,8,100,62962,1025,61.97,62492,550,33.25,63492,79,4.78,1671,99,1654,4047,8,8
1668381151,2022-11-13 17:12:31 -0600,b37f73bafab09a525abf82bc757ab5fffa814d76,TX,48377,2,2022-11-09T01:00:00.000Z,FIPSCode,48377,0,2022-11-13T22:58:36.989Z,8,98.98,8,100,62962,1025,61.97,62492,550,33.25,63492,79,4.78,1671,99,1654,4047,8,8
1668381157,2022-11-13 17:12:37 -0600,7a253552287e4428338631cc64528fa0abd2c554,TX,48377,2,2022-11-09T01:00:00.000Z,FIPSCode,48377,0,2022-11-13T22:58:36.989Z,8,98.98,8,100,62962,1025,61.97,62492,550,33.25,63492,79,4.78,1671,99,1654,4047,8,8
1668381219,2022-11-13 17:13:39 -0600,8eb5a10eb5d5677b0c4efa5f98dd7cfeb131e864,TX,48377,2,2022-11-09T01:00:00.000Z,FIPSCode,48377,0,2022-11-13T22:58:36.989Z,8,98.98,8,100,62962,1025,61.97,62492,550,33.25,63492,79,4.78,1671,99,1654,4047,8,8
1668381248,2022-11-13 17:14:08 -0600,5ff4e143c33d52c005e6cbd8b47847913a048e41,TX,48377,2,2022-11-09T01:00:00.000Z,FIPSCode,48377,0,2022-11-13T22:58:36.989Z,8,98.98,8,100,62962,1025,61.97,62492,550,33.25,63492,79,4.78,1671,99,1654,4047,8,8
1668381277,2022-11-13 17:14:37 -0600,2f2af9eeae589b1934b8738e0c94993211ce2457,TX,48377,2,2022-11-09T01:00:00.000Z,FIPSCode,48377,0,2022-11-13T22:58:36.989Z,8,98.98,8,100,62962,1025,61.97,62492,550,33.25,63492,79,4.78,1671,99,1654,4047,8,8
1668381296,2022-11-13 17:14:56 -0600,09083d3bc83517021e3b3bcde08c29109cf154d7,TX,48377,2,2022-11-09T01:00:00.000Z,FIPSCode,48377,0,2022-11-13T22:58:36.989Z,8,98.98,8,100,62962,1025,61.97,62492,550,33.25,63492,79,4.78,1671,99,1654,4047,8,8
1668381309,2022-11-13 17:15:09 -0600,798168cf2efae92ed23124669146547061211edb,TX,48377,2,2022-11-09T01:00:00.000Z,FIPSCode,48377,0,2022-11-13T22:58:36.989Z,8,98.98,8,100,62962,1025,61.97,62492,550,33.25,63492,79,4.78,1671,99,1654,4047,8,8
1668381338,2022-11-13 17:15:38 -0600,589e44507e5d034b10175625c7237fb683492a8b,TX,48377,2,2022-11-09T01:00:00.000Z,FIPSCode,48377,0,2022-11-13T22:58:36.989Z,8,98.98,8,100,62962,1025,61.97,62492,550,33.25,63492,79,4.78,1671,99,1654,4047,8,8
1668381361,2022-11-13 17:16:01 -0600,62d0ccec8ee848635d800fc7a09935ee3e8d599c,TX,48377,2,2022-11-09T01:00:00.000Z,FIPSCode,48377,0,2022-11-13T22:58:36.989Z,8,98.98,8,100,62962,1025,61.97,62492,550,33.25,63492,79,4.78,1671,99,1654,4047,8,8
1668381389,2022-11-13 17:16:29 -0600,1007914fdce99ca6cc11b582e918e429dcf595a8,TX,48377,2,2022-11-09T01:00:00.000Z,FIPSCode,48377,0,2022-11-13T22:58:36.989Z,8,98.98,8,100,62962,1025,61.97,62492,550,33.25,63492,79,4.78,1671,99,1654,4047,8,8
1668381415,2022-11-13 17:16:55 -0600,6dab5851b449bc94f807758de11feb0ed5eadd80,TX,48377,2,2022-11-09T01:00:00.000Z,FIPSCode,48377,0,2022-11-13T22:58:36.989Z,8,98.98,8,100,62962,1025,61.97,62492,550,33.25,63492,79,4.78,1671,99,1654,4047,8,8
1668381460,2022-11-13 17:17:40 -0600,d89d3c26bcac5bbd3b62b8e26ed3a674df2288b7,TX,48377,2,2022-11-09T01:00:00.000Z,FIPSCode,48377,0,2022-11-13T22:58:36.989Z,8,98.98,8,100,62962,1025,61.97,62492,550,33.25,63492,79,4.78,1671,99,1654,4047,8,8
1668381482,2022-11-13 17:18:02 -0600,66fcf9daf26d220024da0a43852f7126dc93a6d4,TX,48377,2,2022-11-09T01:00:00.000Z,FIPSCode,48377,0,2022-11-13T22:58:36.989Z,8,98.98,8,100,62962,1025,61.97,62492,550,33.25,63492,79,4.78,1671,99,1654,4047,8,8
1668381546,2022-11-13 17:19:06 -0600,c79d4dea4cf1c8e9861bb6444becba8f196786a0,TX,48377,2,2022-11-09T01:00:00.000Z,FIPSCode,48377,0,2022-11-13T22:58:36.989Z,8,98.98,8,100,62962,1025,61.97,62492,550,33.25,63492,79,4.78,1671,99,1654,4047,8,8
1668381568,2022-11-13 17:19:28 -0600,908fe5f2550abc89445007d6f65146fe9fb7d776,TX,48377,2,2022-11-09T01:00:00.000Z,FIPSCode,48377,0,2022-11-13T22:58:36.989Z,8,98.98,8,100,62962,1025,61.97,62492,550,33.25,63492,79,4.78,1671,99,1654,4047,8,8
1668381636,2022-11-13 17:20:36 -0600,732d78835b01064e2d1f12e4d59f33929da9648b,TX,48377,2,2022-11-09T01:00:00.000Z,FIPSCode,48377,0,2022-11-13T22:58:36.989Z,8,98.98,8,100,62962,1025,61.97,62492,550,33.25,63492,79,4.78,1671,99,1654,4047,8,8
1668381659,2022-11-13 17:20:59 -0600,676a6b9c8b18f08515eb6f86c1f7e8a5fdc39095,TX,48377,2,2022-11-09T01:00:00.000Z,FIPSCode,48377,0,2022-11-13T22:58:36.989Z,8,98.98,8,100,62962,1025,61.97,62492,550,33.25,63492,79,4.78,1671,99,1654,4047,8,8
1668381693,2022-11-13 17:21:33 -0600,d24d9ab3a6167d1f0d50faf9fb0d9354bbcd0590,TX,48377,2,2022-11-09T01:00:00.000Z,FIPSCode,48377,0,2022-11-13T22:58:36.989Z,8,98.98,8,100,62962,1025,61.97,62492,550,33.25,63492,79,4.78,1671,99,1654,4047,8,8
1668381751,2022-11-13 17:22:31 -0600,b99d4fb354fa1a75e3d554d5c6eb38633cb8c78e,TX,48377,2,2022-11-09T01:00:00.000Z,FIPSCode,48377,0,2022-11-13T22:58:36.989Z,8,98.98,8,100,62962,1025,61.97,62492,550,33.25,63492,79,4.78,1671,99,1654,4047,8,8
1668381780,2022-11-13 17:23:00 -0600,fc008c1e63b7e70b3af45f56a33a3e817e28b6ef,TX,48377,2,2022-11-09T01:00:00.000Z,FIPSCode,48377,0,2022-11-13T22:58:36.989Z,8,98.98,8,100,62962,1025,61.97,62492,550,33.25,63492,79,4.78,1671,99,1654,4047,8,8
1668381815,2022-11-13 17:23:35 -0600,520406cbf02cfc5fe76ff57714df2daac351c060,TX,48377,2,2022-11-09T01:00:00.000Z,FIPSCode,48377,0,2022-11-13T22:58:36.989Z,8,98.98,8,100,62962,1025,61.97,62492,550,33.25,63492,79,4.78,1671,99,1654,4047,8,8
1668381843,2022-11-13 17:24:03 -0600,de0e1dfe8383f64343bf5a56809fa1db11b669cd,TX,48377,2,2022-11-09T01:00:00.000Z,FIPSCode,48377,0,2022-11-13T22:58:36.989Z,8,98.98,8,100,62962,1025,61.97,62492,550,33.25,63492,79,4.78,1671,99,1654,4047,8,8
1668381866,2022-11-13 17:24:26 -0600,f3f9441f99c5e5ee7fc1e89c2d6ff2fca67ed1d0,TX,48377,2,2022-11-09T01:00:00.000Z,FIPSCode,48377,0,2022-11-13T22:58:36.989Z,8,98.98,8,100,62962,1025,61.97,62492,550,33.25,63492,79,4.78,1671,99,1654,4047,8,8
1668381909,2022-11-13 17:25:09 -0600,113467d82ce013b8ed6f44191ac6348d3e420b73,TX,48377,2,2022-11-09T01:00:00.000Z,FIPSCode,48377,0,2022-11-13T22:58:36.989Z,8,98.98,8,100,62962,1025,61.97,62492,550,33.25,63492,79,4.78,1671,99,1654,4047,8,8
1668381926,2022-11-13 17:25:26 -0600,318de20dc0a3a2640717e2c915d4442a82354030,TX,48377,2,2022-11-09T01:00:00.000Z,FIPSCode,48377,0,2022-11-13T22:58:36.989Z,8,98.98,8,100,62962,1025,61.97,62492,550,33.25,63492,79,4.78,1671,99,1654,4047,8,8
1668381943,2022-11-13 17:25:43 -0600,b28cae058a241d9a704484afe758878755d5b0c4,TX,48377,2,2022-11-09T01:00:00.000Z,FIPSCode,48377,0,2022-11-13T22:58:36.989Z,8,98.98,8,100,62962,1025,61.97,62492,550,33.25,63492,79,4.78,1671,99,1654,4047,8,8
1668381973,2022-11-13 17:26:13 -0600,7193e064c325bcb0e3297df48998a53659cb92f0,TX,48377,2,2022-11-09T01:00:00.000Z,FIPSCode,48377,0,2022-11-13T22:58:36.989Z,8,98.98,8,100,62962,1025,61.97,62492,550,33.25,63492,79,4.78,1671,99,1654,4047,8,8
1668381996,2022-11-13 17:26:36 -0600,bacc37219ed39f56f1d431c6aab2d4aab50dbbea,TX,48377,2,2022-11-09T01:00:00.000Z,FIPSCode,48377,0,2022-11-13T22:58:36.989Z,8,98.98,8,100,62962,1025,61.97,62492,550,33.25,63492,79,4.78,1671,99,1654,4047,8,8
1668382024,2022-11-13 17:27:04 -0600,895cac78061cd4b553d549d9e23ce6c0bd4904ea,TX,48377,2,2022-11-09T01:00:00.000Z,FIPSCode,48377,0,2022-11-13T22:58:36.989Z,8,98.98,8,100,62962,1025,61.97,62492,550,33.25,63492,79,4.78,1671,99,1654,4047,8,8
1668382053,2022-11-13 17:27:33 -0600,a8be33c7880e59527e73864063057a6dd0c6d4ed,TX,48377,2,2022-11-09T01:00:00.000Z,FIPSCode,48377,0,2022-11-13T22:58:36.989Z,8,98.98,8,100,62962,1025,61.97,62492,550,33.25,63492,79,4.78,1671,99,1654,4047,8,8
1668382065,2022-11-13 17:27:45 -0600,06adaf073718ce8d59436ff386f6b7dedc0e4f71,TX,48377,2,2022-11-09T01:00:00.000Z,FIPSCode,48377,0,2022-11-13T22:58:36.989Z,8,98.98,8,100,62962,1025,61.97,62492,550,33.25,63492,79,4.78,1671,99,1654,4047,8,8
1668382082,2022-11-13 17:28:02 -0600,5b6de5ca0740d8869d56810137a9c606cc553045,TX,48377,2,2022-11-09T01:00:00.000Z,FIPSCode,48377,0,2022-11-13T22:58:36.989Z,8,98.98,8,100,62962,1025,61.97,62492,550,33.25,63492,79,4.78,1671,99,1654,4047,8,8
1668382116,2022-11-13 17:28:36 -0600,da1625aff2441766ee121a971066265cc42f6801,TX,48377,2,2022-11-09T01:00:00.000Z,FIPSCode,48377,0,2022-11-13T22:58:36.989Z,8,98.98,8,100,62962,1025,61.97,62492,550,33.25,63492,79,4.78,1671,99,1654,4047,8,8
1668382172,2022-11-13 17:29:32 -0600,a14468dc8c6dd9e914eeae99614fed66bf8969f2,TX,48377,2,2022-11-09T01:00:00.000Z,FIPSCode,48377,0,2022-11-13T22:58:36.989Z,8,98.98,8,100,62962,1025,61.97,62492,550,33.25,63492,79,4.78,1671,99,1654,4047,8,8
1668382228,2022-11-13 17:30:28 -0600,c3333575573f105b7fab4191f4ba361a2325fd6e,TX,48377,2,2022-11-09T01:00:00.000Z,FIPSCode,48377,0,2022-11-13T22:58:36.989Z,8,98.98,8,100,62962,1025,61.97,62492,550,33.25,63492,79,4.78,1671,99,1654,4047,8,8
1668382240,2022-11-13 17:30:40 -0600,20a71dd143cb365ec12b67f983010b7024994ba3,TX,48377,2,2022-11-09T01:00:00.000Z,FIPSCode,48377,0,2022-11-13T22:58:36.989Z,8,98.98,8,100,62962,1025,61.97,62492,550,33.25,63492,79,4.78,1671,99,1654,4047,8,8
1668382263,2022-11-13 17:31:03 -0600,67d70ad134869dcc2b1215843cb9c4fd783874c4,TX,48377,2,2022-11-09T01:00:00.000Z,FIPSCode,48377,0,2022-11-13T22:58:36.989Z,8,98.98,8,100,62962,1025,61.97,62492,550,33.25,63492,79,4.78,1671,99,1654,4047,8,8
1668382292,2022-11-13 17:31:32 -0600,2efd09d1748b51caaf9acaa1b50c2d2a77049eca,TX,48377,2,2022-11-09T01:00:00.000Z,FIPSCode,48377,0,2022-11-13T22:58:36.989Z,8,98.98,8,100,62962,1025,61.97,62492,550,33.25,63492,79,4.78,1671,99,1654,4047,8,8
1668382385,2022-11-13 17:33:05 -0600,18be48549453be365791a5c2d2528852b6727785,TX,48377,2,2022-11-09T01:00:00.000Z,FIPSCode,48377,0,2022-11-13T22:58:36.989Z,8,98.98,8,100,62962,1025,61.97,62492,550,33.25,63492,79,4.78,1671,99,1654,4047,8,8
1668382610,2022-11-13 17:36:50 -0600,71a5dda199b4f4f6e16f2a0f0bcee47261372549,TX,48377,2,2022-11-09T01:00:00.000Z,FIPSCode,48377,0,2022-11-13T22:58:36.989Z,8,98.98,8,100,62962,1025,61.97,62492,550,33.25,63492,79,4.78,1671,99,1654,4047,8,8
1668382616,2022-11-13 17:36:56 -0600,9ada5b87f5249d5a0adae502cf1c4ceb027d5e03,TX,48377,2,2022-11-09T01:00:00.000Z,FIPSCode,48377,0,2022-11-13T22:58:36.989Z,8,98.98,8,100,62962,1025,61.97,62492,550,33.25,63492,79,4.78,1671,99,1654,4047,8,8
1668382651,2022-11-13 17:37:31 -0600,98a08a163e7eb38707e5461bcac0e7a97927d66a,TX,48377,2,2022-11-09T01:00:00.000Z,FIPSCode,48377,0,2022-11-13T22:58:36.989Z,8,98.98,8,100,62962,1025,61.97,62492,550,33.25,63492,79,4.78,1671,99,1654,4047,8,8
1668382691,2022-11-13 17:38:11 -0600,9bd267c76b13f2bf54d5b0bc69abb8c3b3f0d6d9,TX,48377,2,2022-11-09T01:00:00.000Z,FIPSCode,48377,0,2022-11-13T22:58:36.989Z,8,98.98,8,100,62962,1025,61.97,62492,550,33.25,63492,79,4.78,1671,99,1654,4047,8,8
1668382709,2022-11-13 17:38:29 -0600,e47c3ba732b0db96ab1f86fca83f9b72594473a1,TX,48377,2,2022-11-09T01:00:00.000Z,FIPSCode,48377,0,2022-11-13T22:58:36.989Z,8,98.98,8,100,62962,1025,61.97,62492,550,33.25,63492,79,4.78,1671,99,1654,4047,8,8
1668382743,2022-11-13 17:39:03 -0600,60832a55bdb9fa22ff6ff90d9e390920084eef3a,TX,48377,2,2022-11-09T01:00:00.000Z,FIPSCode,48377,0,2022-11-13T22:58:36.989Z,8,98.98,8,100,62962,1025,61.97,62492,550,33.25,63492,79,4.78,1671,99,1654,4047,8,8
1668382772,2022-11-13 17:39:32 -0600,c0f01050abea2da4bb4eda22451d1c8490453d0a,TX,48377,2,2022-11-09T01:00:00.000Z,FIPSCode,48377,0,2022-11-13T22:58:36.989Z,8,98.98,8,100,62962,1025,61.97,62492,550,33.25,63492,79,4.78,1671,99,1654,4047,8,8
1668382794,2022-11-13 17:39:54 -0600,bf7bc75bb9a0a25cc455169b790b8e2b39a13989,TX,48377,2,2022-11-09T01:00:00.000Z,FIPSCode,48377,0,2022-11-13T22:58:36.989Z,8,98.98,8,100,62962,1025,61.97,62492,550,33.25,63492,79,4.78,1671,99,1654,4047,8,8
1668382836,2022-11-13 17:40:36 -0600,ad1dd67f50de7ba80a9b9ec0a4bc9eed52036ad4,TX,48377,2,2022-11-09T01:00:00.000Z,FIPSCode,48377,0,2022-11-13T22:58:36.989Z,8,98.98,8,100,62962,1025,61.97,62492,550,33.25,63492,79,4.78,1671,99,1654,4047,8,8
1668382853,2022-11-13 17:40:53 -0600,cce9ced508dc3baa8ad56548cd28b5255219b717,TX,48377,2,2022-11-09T01:00:00.000Z,FIPSCode,48377,0,2022-11-13T22:58:36.989Z,8,98.98,8,100,62962,1025,61.97,62492,550,33.25,63492,79,4.78,1671,99,1654,4047,8,8
1668382910,2022-11-13 17:41:50 -0600,9f0724026d6edd08480db3e64f2f8deaf649b9a8,TX,48377,2,2022-11-09T01:00:00.000Z,FIPSCode,48377,0,2022-11-13T22:58:36.989Z,8,98.98,8,100,62962,1025,61.97,62492,550,33.25,63492,79,4.78,1671,99,1654,4047,8,8
1668382921,2022-11-13 17:42:01 -0600,ae59e75eaac13129eecd0b1c46c947a830e8750e,TX,48377,2,2022-11-09T01:00:00.000Z,FIPSCode,48377,0,2022-11-13T22:58:36.989Z,8,98.98,8,100,62962,1025,61.97,62492,550,33.25,63492,79,4.78,1671,99,1654,4047,8,8
1668382943,2022-11-13 17:42:23 -0600,4e2aa756dff82fae9185fc581707f6d284b3a7ed,TX,48377,2,2022-11-09T01:00:00.000Z,FIPSCode,48377,0,2022-11-13T22:58:36.989Z,8,98.98,8,100,62962,1025,61.97,62492,550,33.25,63492,79,4.78,1671,99,1654,4047,8,8
1668382956,2022-11-13 17:42:36 -0600,c43184becee16f189ef6a858bd8d47ff3b82c72e,TX,48377,2,2022-11-09T01:00:00.000Z,FIPSCode,48377,0,2022-11-13T22:58:36.989Z,8,98.98,8,100,62962,1025,61.97,62492,550,33.25,63492,79,4.78,1671,99,1654,4047,8,8
1668382968,2022-11-13 17:42:48 -0600,42edb49064019baafc9dfec4c36f4be77e891e3b,TX,48377,2,2022-11-09T01:00:00.000Z,FIPSCode,48377,0,2022-11-13T22:58:36.989Z,8,98.98,8,100,62962,1025,61.97,62492,550,33.25,63492,79,4.78,1671,99,1654,4047,8,8
1668382985,2022-11-13 17:43:05 -0600,c76a9d56b4ab29d94b7c313d259220be2d40426d,TX,48377,2,2022-11-09T01:00:00.000Z,FIPSCode,48377,0,2022-11-13T22:58:36.989Z,8,98.98,8,100,62962,1025,61.97,62492,550,33.25,63492,79,4.78,1671,99,1654,4047,8,8
1668383013,2022-11-13 17:43:33 -0600,26bbc1900dba17853522557090cc34a9be47710f,TX,48377,2,2022-11-09T01:00:00.000Z,FIPSCode,48377,0,2022-11-13T22:58:36.989Z,8,98.98,8,100,62962,1025,61.97,62492,550,33.25,63492,79,4.78,1671,99,1654,4047,8,8
1668383042,2022-11-13 17:44:02 -0600,e22d65a55a605cfdd70c057e6ebe38fe1935c213,TX,48377,2,2022-11-09T01:00:00.000Z,FIPSCode,48377,0,2022-11-13T22:58:36.989Z,8,98.98,8,100,62962,1025,61.97,62492,550,33.25,63492,79,4.78,1671,99,1654,4047,8,8
1668383070,2022-11-13 17:44:30 -0600,6d28ec949e255f4a658720a0d311f30427891334,TX,48377,2,2022-11-09T01:00:00.000Z,FIPSCode,48377,0,2022-11-13T22:58:36.989Z,8,98.98,8,100,62962,1025,61.97,62492,550,33.25,63492,79,4.78,1671,99,1654,4047,8,8
1668383076,2022-11-13 17:44:36 -0600,0354f39e1f5ac50dac0f4822db4501d59c3bca4e,TX,48377,2,2022-11-09T01:00:00.000Z,FIPSCode,48377,0,2022-11-13T22:58:36.989Z,8,98.98,8,100,62962,1025,61.97,62492,550,33.25,63492,79,4.78,1671,99,1654,4047,8,8
1668383104,2022-11-13 17:45:04 -0600,2a3cf01ff327e98ce853550cbe0c7cde17c2beb1,TX,48377,2,2022-11-09T01:00:00.000Z,FIPSCode,48377,0,2022-11-13T22:58:36.989Z,8,98.98,8,100,62962,1025,61.97,62492,550,33.25,63492,79,4.78,1671,99,1654,4047,8,8
1668383128,2022-11-13 17:45:28 -0600,6eda356a7109aa61edcdb74428c5b69b8553cf7c,TX,48377,2,2022-11-09T01:00:00.000Z,FIPSCode,48377,0,2022-11-13T22:58:36.989Z,8,98.98,8,100,62962,1025,61.97,62492,550,33.25,63492,79,4.78,1671,99,1654,4047,8,8
1668383140,2022-11-13 17:45:40 -0600,4531aa1f2d553b0eab7c268aa8b6d95f849000e6,TX,48377,2,2022-11-09T01:00:00.000Z,FIPSCode,48377,0,2022-11-13T22:58:36.989Z,8,98.98,8,100,62962,1025,61.97,62492,550,33.25,63492,79,4.78,1671,99,1654,4047,8,8
1668383163,2022-11-13 17:46:03 -0600,8be0b61dbe8a5a9638ecb665eaf0c459b2485686,TX,48377,2,2022-11-09T01:00:00.000Z,FIPSCode,48377,0,2022-11-13T22:58:36.989Z,8,98.98,8,100,62962,1025,61.97,62492,550,33.25,63492,79,4.78,1671,99,1654,4047,8,8
1668383191,2022-11-13 17:46:31 -0600,3c4043bdf6ffb3ffaee777740338b44cb22d8a8c,TX,48377,2,2022-11-09T01:00:00.000Z,FIPSCode,48377,0,2022-11-13T22:58:36.989Z,8,98.98,8,100,62962,1025,61.97,62492,550,33.25,63492,79,4.78,1671,99,1654,4047,8,8
1668383222,2022-11-13 17:47:02 -0600,a13f3100acc73ec32f24e71c318ac5a3099190d6,TX,48377,2,2022-11-09T01:00:00.000Z,FIPSCode,48377,0,2022-11-13T22:58:36.989Z,8,98.98,8,100,62962,1025,61.97,62492,550,33.25,63492,79,4.78,1671,99,1654,4047,8,8
1668383257,2022-11-13 17:47:37 -0600,bc693d5ef6870b6924f2953b54f11ddc6e29b767,TX,48377,2,2022-11-09T01:00:00.000Z,FIPSCode,48377,0,2022-11-13T22:58:36.989Z,8,98.98,8,100,62962,1025,61.97,62492,550,33.25,63492,79,4.78,1671,99,1654,4047,8,8
1668383280,2022-11-13 17:48:00 -0600,d6f294f2d52db020dc0d715cb68529fdbe4f6e8c,TX,48377,2,2022-11-09T01:00:00.000Z,FIPSCode,48377,0,2022-11-13T22:58:36.989Z,8,98.98,8,100,62962,1025,61.97,62492,550,33.25,63492,79,4.78,1671,99,1654,4047,8,8
1668383314,2022-11-13 17:48:34 -0600,b25e19cd96ba46d6a52cd582af4e8df5d5e73410,TX,48377,2,2022-11-09T01:00:00.000Z,FIPSCode,48377,0,2022-11-13T22:58:36.989Z,8,98.98,8,100,62962,1025,61.97,62492,550,33.25,63492,79,4.78,1671,99,1654,4047,8,8
1668383349,2022-11-13 17:49:09 -0600,94a1d3a2db03431d76271ec02b0b2208464a135a,TX,48377,2,2022-11-09T01:00:00.000Z,FIPSCode,48377,0,2022-11-13T22:58:36.989Z,8,98.98,8,100,62962,1025,61.97,62492,550,33.25,63492,79,4.78,1671,99,1654,4047,8,8
1668383499,2022-11-13 17:51:39 -0600,8bc383a7085cf9dad6151308fa880373db9e295b,TX,48377,2,2022-11-09T01:00:00.000Z,FIPSCode,48377,0,2022-11-13T22:58:36.989Z,8,98.98,8,100,62962,1025,61.97,62492,550,33.25,63492,79,4.78,1671,99,1654,4047,8,8
1668383504,2022-11-13 17:51:44 -0600,4e3cb10aa4080392b15546055440481c5137b41a,TX,48377,2,2022-11-09T01:00:00.000Z,FIPSCode,48377,0,2022-11-13T22:58:36.989Z,8,98.98,8,100,62962,1025,61.97,62492,550,33.25,63492,79,4.78,1671,99,1654,4047,8,8
1668383516,2022-11-13 17:51:56 -0600,392580095ccc07102af423cc719de26b6dba50de,TX,48377,2,2022-11-09T01:00:00.000Z,FIPSCode,48377,0,2022-11-13T23:51:35.786Z,8,98.98,8,100,62962,1025,61.97,62492,550,33.25,63492,79,4.78,1671,99,1654,4047,8,8
1668383560,2022-11-13 17:52:40 -0600,c1d9e1e8b0ea8fda070b4f48fe4fe3c6c8c62c5f,TX,48377,2,2022-11-09T01:00:00.000Z,FIPSCode,48377,0,2022-11-13T23:51:35.786Z,8,98.98,8,100,62962,1025,61.97,62492,550,33.25,63492,79,4.78,1671,99,1654,4047,8,8
1668383571,2022-11-13 17:52:51 -0600,8bdd79373554ca6e0ac3166c4f2cf991d001fe7d,TX,48377,2,2022-11-09T01:00:00.000Z,FIPSCode,48377,0,2022-11-13T23:51:35.786Z,8,98.98,8,100,62962,1025,61.97,62492,550,33.25,63492,79,4.78,1671,99,1654,4047,8,8
1668383588,2022-11-13 17:53:08 -0600,0e5e945f5c7c3b2021d4b6b0d3da50dc659a9996,TX,48377,2,2022-11-09T01:00:00.000Z,FIPSCode,48377,0,2022-11-13T23:52:37.257Z,8,98.98,8,100,62962,1025,61.97,62492,550,33.25,63492,79,4.78,1671,99,1654,4047,8,8
1668383619,2022-11-13 17:53:39 -0600,60b3854f1f80d2ff71ec295288565259e16eb423,TX,48377,2,2022-11-09T01:00:00.000Z,FIPSCode,48377,0,2022-11-13T23:52:37.257Z,8,98.98,8,100,62962,1025,61.97,62492,550,33.25,63492,79,4.78,1671,99,1654,4047,8,8
1668383643,2022-11-13 17:54:03 -0600,001eadfe475346b19d41b4822c3643d5bf978078,TX,48377,2,2022-11-09T01:00:00.000Z,FIPSCode,48377,0,2022-11-13T23:52:37.257Z,8,98.98,8,100,62962,1025,61.97,62492,550,33.25,63492,79,4.78,1671,99,1654,4047,8,8
1668383654,2022-11-13 17:54:14 -0600,d7daaf943aaa28e76fc10b1c491a5b60945be685,TX,48377,2,2022-11-09T01:00:00.000Z,FIPSCode,48377,0,2022-11-13T23:53:39.398Z,8,98.98,8,100,62962,1025,61.97,62492,550,33.25,63492,79,4.78,1671,99,1654,4047,8,8
1668383672,2022-11-13 17:54:32 -0600,d6dc295d3ee4d7fa86c17c964805c710d1dd1975,TX,48377,2,2022-11-09T01:00:00.000Z,FIPSCode,48377,0,2022-11-13T23:53:39.398Z,8,98.98,8,100,62962,1025,61.97,62492,550,33.25,63492,79,4.78,1671,99,1654,4047,8,8
1668383707,2022-11-13 17:55:07 -0600,183698d6c8ae5f4c958342954bf73b78031dd386,TX,48377,2,2022-11-09T01:00:00.000Z,FIPSCode,48377,0,2022-11-13T23:53:39.398Z,8,98.98,8,100,62962,1025,61.97,62492,550,33.25,63492,79,4.78,1671,99,1654,4047,8,8
1668383736,2022-11-13 17:55:36 -0600,1dc1185bb6331a8a15dcedae5b18a2694bb031ba,TX,48377,2,2022-11-09T01:00:00.000Z,FIPSCode,48377,0,2022-11-13T23:53:39.398Z,8,98.98,8,100,62962,1025,61.97,62492,550,33.25,63492,79,4.78,1671,99,1654,4047,8,8
1668383753,2022-11-13 17:55:53 -0600,5eca7e3ac363e874ad28cd2bdab0078d13089fd8,TX,48377,2,2022-11-09T01:00:00.000Z,FIPSCode,48377,0,2022-11-13T23:53:39.398Z,8,98.98,8,100,62962,1025,61.97,62492,550,33.25,63492,79,4.78,1671,99,1654,4047,8,8
1668383787,2022-11-13 17:56:27 -0600,7ca48e1521434cbab52fc38a1dc5d7f585c99769,TX,48377,2,2022-11-09T01:00:00.000Z,FIPSCode,48377,0,2022-11-13T23:53:39.398Z,8,98.98,8,100,62962,1025,61.97,62492,550,33.25,63492,79,4.78,1671,99,1654,4047,8,8
1668383821,2022-11-13 17:57:01 -0600,3f7ea20ab8994d03a64be352234f1e5a96c6cd43,TX,48377,2,2022-11-09T01:00:00.000Z,FIPSCode,48377,0,2022-11-13T23:53:39.398Z,8,98.98,8,100,62962,1025,61.97,62492,550,33.25,63492,79,4.78,1671,99,1654,4047,8,8
1668383855,2022-11-13 17:57:35 -0600,ae346fb17c6968f9a592bfaa12c4dbff5153a085,TX,48377,2,2022-11-09T01:00:00.000Z,FIPSCode,48377,0,2022-11-13T23:53:39.398Z,8,98.98,8,100,62962,1025,61.97,62492,550,33.25,63492,79,4.78,1671,99,1654,4047,8,8
1668383883,2022-11-13 17:58:03 -0600,df667cc5dd2dfa4e980869fe54b0174b64a4929a,TX,48377,2,2022-11-09T01:00:00.000Z,FIPSCode,48377,0,2022-11-13T23:53:39.398Z,8,98.98,8,100,62962,1025,61.97,62492,550,33.25,63492,79,4.78,1671,99,1654,4047,8,8
1668383913,2022-11-13 17:58:33 -0600,8b2a90c351a327082bd0fd4a04fbbe7aacf2f145,TX,48377,2,2022-11-09T01:00:00.000Z,FIPSCode,48377,0,2022-11-13T23:53:39.398Z,8,98.98,8,100,62962,1025,61.97,62492,550,33.25,63492,79,4.78,1671,99,1654,4047,8,8
1668383942,2022-11-13 17:59:02 -0600,e627e644de1f4b48c2590f5f19bbf66639c91933,TX,48377,2,2022-11-09T01:00:00.000Z,FIPSCode,48377,0,2022-11-13T23:53:39.398Z,8,98.98,8,100,62962,1025,61.97,62492,550,33.25,63492,79,4.78,1671,99,1654,4047,8,8
1668383961,2022-11-13 17:59:21 -0600,e61549df2c0f384314b1226a7cbf76455a6e74f6,TX,48377,2,2022-11-09T01:00:00.000Z,FIPSCode,48377,0,2022-11-13T23:53:39.398Z,8,98.98,8,100,62962,1025,61.97,62492,550,33.25,63492,79,4.78,1671,99,1654,4047,8,8
1668383978,2022-11-13 17:59:38 -0600,c6dd59ac366101edf9f0b43189fcd5beb01f29df,TX,48377,2,2022-11-09T01:00:00.000Z,FIPSCode,48377,0,2022-11-13T23:59:18.401Z,8,98.98,8,100,62962,1025,61.97,62492,550,33.25,63492,79,4.78,1671,99,1654,4047,8,8
1668383990,2022-11-13 17:59:50 -0600,e7639a55a15c61ab8ab587828b17ff974c8f74c1,TX,48377,2,2022-11-09T01:00:00.000Z,FIPSCode,48377,0,2022-11-13T23:59:18.401Z,8,98.98,8,100,62962,1025,61.97,62492,550,33.25,63492,79,4.78,1671,99,1654,4047,8,8
1668384008,2022-11-13 18:00:08 -0600,f8c931ad9bfeee8092a193022300f43f0f557851,TX,48377,2,2022-11-09T01:00:00.000Z,FIPSCode,48377,0,2022-11-13T23:59:18.401Z,8,98.98,8,100,62962,1025,61.97,62492,550,33.25,63492,79,4.78,1671,99,1654,4047,8,8
1668384032,2022-11-13 18:00:32 -0600,54d176734246f3edce10f490db8bd12439421840,TX,48377,2,2022-11-09T01:00:00.000Z,FIPSCode,48377,0,2022-11-13T23:59:18.401Z,8,98.98,8,100,62962,1025,61.97,62492,550,33.25,63492,79,4.78,1671,99,1654,4047,8,8
1668384067,2022-11-13 18:01:07 -0600,407d180624e75790dabf8edfafc1fbfd50267256,TX,48377,2,2022-11-09T01:00:00.000Z,FIPSCode,48377,0,2022-11-14T00:00:36.038Z,8,98.98,8,100,62962,1025,61.97,62492,550,33.25,63492,79,4.78,1671,99,1654,4047,8,8
1668384097,2022-11-13 18:01:37 -0600,51cddf3f7316bb53b7feb9d2af5d8dce2f9df1a0,TX,48377,2,2022-11-09T01:00:00.000Z,FIPSCode,48377,0,2022-11-14T00:01:17.207Z,8,98.98,8,100,62962,1025,61.97,62492,550,33.25,63492,79,4.78,1671,99,1654,4047,8,8
1668384126,2022-11-13 18:02:06 -0600,2050cce13cd6a3908ab1392769f53c1f021711cf,TX,48377,2,2022-11-09T01:00:00.000Z,FIPSCode,48377,0,2022-11-14T00:01:17.207Z,8,98.98,8,100,62962,1025,61.97,62492,550,33.25,63492,79,4.78,1671,99,1654,4047,8,8
1668384155,2022-11-13 18:02:35 -0600,71afc82fb037eebe4d09bdf6b84548aa48fcc1ce,TX,48377,2,2022-11-09T01:00:00.000Z,FIPSCode,48377,0,2022-11-14T00:01:17.207Z,8,98.98,8,100,62962,1025,61.97,62492,550,33.25,63492,79,4.78,1671,99,1654,4047,8,8
1668384172,2022-11-13 18:02:52 -0600,cc231acc5ba20ad0ea4e79a4cd501013831ed86f,TX,48377,2,2022-11-09T01:00:00.000Z,FIPSCode,48377,0,2022-11-14T00:02:17.986Z,8,98.98,8,100,62962,1025,61.97,62492,550,33.25,63492,79,4.78,1671,99,1654,4047,8,8
1668384183,2022-11-13 18:03:03 -0600,12b26297ddfbc40a7d4443c16ca3b4488b050367,TX,48377,2,2022-11-09T01:00:00.000Z,FIPSCode,48377,0,2022-11-14T00:02:17.986Z,8,98.98,8,100,62962,1025,61.97,62492,550,33.25,63492,79,4.78,1671,99,1654,4047,8,8
1668384245,2022-11-13 18:04:05 -0600,a1327b02dc82ab6e345acbfa5cb48c47a6986ef2,TX,48377,2,2022-11-09T01:00:00.000Z,FIPSCode,48377,0,2022-11-14T00:02:17.986Z,8,98.98,8,100,62962,1025,61.97,62492,550,33.25,63492,79,4.78,1671,99,1654,4047,8,8
1668384281,2022-11-13 18:04:41 -0600,9400209d5ad7ab0dfc644acdf2b7a60a8a0cea17,TX,48377,2,2022-11-09T01:00:00.000Z,FIPSCode,48377,0,2022-11-14T00:02:17.986Z,8,98.98,8,100,62962,1025,61.97,62492,550,33.25,63492,79,4.78,1671,99,1654,4047,8,8
1668384303,2022-11-13 18:05:03 -0600,dcf91111e0c8a999d1a1ad52669cf401c981c439,TX,48377,2,2022-11-09T01:00:00.000Z,FIPSCode,48377,0,2022-11-14T00:02:17.986Z,8,98.98,8,100,62962,1025,61.97,62492,550,33.25,63492,79,4.78,1671,99,1654,4047,8,8
1668384339,2022-11-13 18:05:39 -0600,0229b798ae6824cb61cffa67cbc95304ab337182,TX,48377,2,2022-11-09T01:00:00.000Z,FIPSCode,48377,0,2022-11-14T00:02:17.986Z,8,98.98,8,100,62962,1025,61.97,62492,550,33.25,63492,79,4.78,1671,99,1654,4047,8,8
1668384368,2022-11-13 18:06:08 -0600,636d9fa81b63a71950d5dfc25b2849a73a238775,TX,48377,2,2022-11-09T01:00:00.000Z,FIPSCode,48377,0,2022-11-14T00:02:17.986Z,8,98.98,8,100,62962,1025,61.97,62492,550,33.25,63492,79,4.78,1671,99,1654,4047,8,8
1668384403,2022-11-13 18:06:43 -0600,d0f204c59a0829a0779f814559c4019f48e5fdc9,TX,48377,2,2022-11-09T01:00:00.000Z,FIPSCode,48377,0,2022-11-14T00:02:17.986Z,8,98.98,8,100,62962,1025,61.97,62492,550,33.25,63492,79,4.78,1671,99,1654,4047,8,8
1668384432,2022-11-13 18:07:12 -0600,fa511ffc71b5d2e01ff933d7e37fa17fcb49f7cd,TX,48377,2,2022-11-09T01:00:00.000Z,FIPSCode,48377,0,2022-11-14T00:02:17.986Z,8,98.98,8,100,62962,1025,61.97,62492,550,33.25,63492,79,4.78,1671,99,1654,4047,8,8
1668384455,2022-11-13 18:07:35 -0600,0eda78c7b2a71e7db2454debca8ea8dcb07c01e4,TX,48377,2,2022-11-09T01:00:00.000Z,FIPSCode,48377,0,2022-11-14T00:02:17.986Z,8,98.98,8,100,62962,1025,61.97,62492,550,33.25,63492,79,4.78,1671,99,1654,4047,8,8
1668384483,2022-11-13 18:08:03 -0600,924734eef6386fdf33f00d3ce5d0ed8afad64309,TX,48377,2,2022-11-09T01:00:00.000Z,FIPSCode,48377,0,2022-11-14T00:02:17.986Z,8,98.98,8,100,62962,1025,61.97,62492,550,33.25,63492,79,4.78,1671,99,1654,4047,8,8
1668384495,2022-11-13 18:08:15 -0600,b1fa386c2c524d2b6a80f2fe8e9b3d904bf4187b,TX,48377,2,2022-11-09T01:00:00.000Z,FIPSCode,48377,0,2022-11-14T00:02:17.986Z,8,98.98,8,100,62962,1025,61.97,62492,550,33.25,63492,79,4.78,1671,99,1654,4047,8,8
1668384518,2022-11-13 18:08:38 -0600,8965a5166fcd106185c78e8743183c82926df710,TX,48377,2,2022-11-09T01:00:00.000Z,FIPSCode,48377,0,2022-11-14T00:02:17.986Z,8,98.98,8,100,62962,1025,61.97,62492,550,33.25,63492,79,4.78,1671,99,1654,4047,8,8
1668384536,2022-11-13 18:08:56 -0600,8055b92ac6b688caf81145cae38a04b0b6baf094,TX,48377,2,2022-11-09T01:00:00.000Z,FIPSCode,48377,0,2022-11-14T00:02:17.986Z,8,98.98,8,100,62962,1025,61.97,62492,550,33.25,63492,79,4.78,1671,99,1654,4047,8,8
1668384554,2022-11-13 18:09:14 -0600,1e2e60c901c3c9bf085729102e9a614f9e4e9d55,TX,48377,2,2022-11-09T01:00:00.000Z,FIPSCode,48377,0,2022-11-14T00:02:17.986Z,8,98.98,8,100,62962,1025,61.97,62492,550,33.25,63492,79,4.78,1671,99,1654,4047,8,8
1668384578,2022-11-13 18:09:38 -0600,44fd6e5d72747e2a6740664e9d7f34bc7b1f6e66,TX,48377,2,2022-11-09T01:00:00.000Z,FIPSCode,48377,0,2022-11-14T00:02:17.986Z,8,98.98,8,100,62962,1025,61.97,62492,550,33.25,63492,79,4.78,1671,99,1654,4047,8,8
1668384607,2022-11-13 18:10:07 -0600,9d086e9b17193944574a4df8ced8a3f1963af2c8,TX,48377,2,2022-11-09T01:00:00.000Z,FIPSCode,48377,0,2022-11-14T00:02:17.986Z,8,98.98,8,100,62962,1025,61.97,62492,550,33.25,63492,79,4.78,1671,99,1654,4047,8,8
1668384642,2022-11-13 18:10:42 -0600,3258981942b6ecd20f090ea6f59a7e72640aa679,TX,48377,2,2022-11-09T01:00:00.000Z,FIPSCode,48377,0,2022-11-14T00:02:17.986Z,8,98.98,8,100,62962,1025,61.97,62492,550,33.25,63492,79,4.78,1671,99,1654,4047,8,8
1668384659,2022-11-13 18:10:59 -0600,74379e3e2cf2925a3d663d2a0edf27446b49c692,TX,48377,2,2022-11-09T01:00:00.000Z,FIPSCode,48377,0,2022-11-14T00:02:17.986Z,8,98.98,8,100,62962,1025,61.97,62492,550,33.25,63492,79,4.78,1671,99,1654,4047,8,8
1668384694,2022-11-13 18:11:34 -0600,58a9badb2d260cd0e0e52667af3eca6412c5d3d9,TX,48377,2,2022-11-09T01:00:00.000Z,FIPSCode,48377,0,2022-11-14T00:02:17.986Z,8,98.98,8,100,62962,1025,61.97,62492,550,33.25,63492,79,4.78,1671,99,1654,4047,8,8
1668384722,2022-11-13 18:12:02 -0600,2a748ac8f1af655c1602e72ad2cd14125d861c56,TX,48377,2,2022-11-09T01:00:00.000Z,FIPSCode,48377,0,2022-11-14T00:02:17.986Z,8,98.98,8,100,62962,1025,61.97,62492,550,33.25,63492,79,4.78,1671,99,1654,4047,8,8
1668384752,2022-11-13 18:12:32 -0600,39ca4f4273f6c3e81c8d2ef434e7e250c2b07228,TX,48377,2,2022-11-09T01:00:00.000Z,FIPSCode,48377,0,2022-11-14T00:02:17.986Z,8,98.98,8,100,62962,1025,61.97,62492,550,33.25,63492,79,4.78,1671,99,1654,4047,8,8
1668384764,2022-11-13 18:12:44 -0600,6da0f8acdf7fc1dd83b800baddf3c2af83f63485,TX,48377,2,2022-11-09T01:00:00.000Z,FIPSCode,48377,0,2022-11-14T00:02:17.986Z,8,98.98,8,100,62962,1025,61.97,62492,550,33.25,63492,79,4.78,1671,99,1654,4047,8,8
1668384776,2022-11-13 18:12:56 -0600,f5a3e63003c74a43a7b1d1919babdcb290895437,TX,48377,2,2022-11-09T01:00:00.000Z,FIPSCode,48377,0,2022-11-14T00:02:17.986Z,8,98.98,8,100,62962,1025,61.97,62492,550,33.25,63492,79,4.78,1671,99,1654,4047,8,8
1668384793,2022-11-13 18:13:13 -0600,df7e534160d621156dbf87cb06d04457b685705e,TX,48377,2,2022-11-09T01:00:00.000Z,FIPSCode,48377,0,2022-11-14T00:02:17.986Z,8,98.98,8,100,62962,1025,61.97,62492,550,33.25,63492,79,4.78,1671,99,1654,4047,8,8
1668384816,2022-11-13 18:13:36 -0600,a0449d18697b9040aeb075599289b4e1e1d92b41,TX,48377,2,2022-11-09T01:00:00.000Z,FIPSCode,48377,0,2022-11-14T00:02:17.986Z,8,98.98,8,100,62962,1025,61.97,62492,550,33.25,63492,79,4.78,1671,99,1654,4047,8,8
1668384840,2022-11-13 18:14:00 -0600,93b7546b25d3a3268ec7e4b6c1d40f463d7e5337,TX,48377,2,2022-11-09T01:00:00.000Z,FIPSCode,48377,0,2022-11-14T00:02:17.986Z,8,98.98,8,100,62962,1025,61.97,62492,550,33.25,63492,79,4.78,1671,99,1654,4047,8,8
1668384874,2022-11-13 18:14:34 -0600,5c97733382c6ef03aae1da85a3f6aa6f0f71933c,TX,48377,2,2022-11-09T01:00:00.000Z,FIPSCode,48377,0,2022-11-14T00:02:17.986Z,8,98.98,8,100,62962,1025,61.97,62492,550,33.25,63492,79,4.78,1671,99,1654,4047,8,8
1668384903,2022-11-13 18:15:03 -0600,4179b9d4c79a6ee9d8235d66bfd779ddf9413373,TX,48377,2,2022-11-09T01:00:00.000Z,FIPSCode,48377,0,2022-11-14T00:02:17.986Z,8,98.98,8,100,62962,1025,61.97,62492,550,33.25,63492,79,4.78,1671,99,1654,4047,8,8
1668384915,2022-11-13 18:15:15 -0600,f21a285ff77cbbfac33eba58364cc2c1c0622066,TX,48377,2,2022-11-09T01:00:00.000Z,FIPSCode,48377,0,2022-11-14T00:02:17.986Z,8,98.98,8,100,62962,1025,61.97,62492,550,33.25,63492,79,4.78,1671,99,1654,4047,8,8
1668384938,2022-11-13 18:15:38 -0600,14051d88d6202b3334940be3afdda224f7398c2d,TX,48377,2,2022-11-09T01:00:00.000Z,FIPSCode,48377,0,2022-11-14T00:02:17.986Z,8,98.98,8,100,62962,1025,61.97,62492,550,33.25,63492,79,4.78,1671,99,1654,4047,8,8
1668384996,2022-11-13 18:16:36 -0600,c919c13637e61129a004a83960ff7da41d70f5db,TX,48377,2,2022-11-09T01:00:00.000Z,FIPSCode,48377,0,2022-11-14T00:02:17.986Z,8,98.98,8,100,62962,1025,61.97,62492,550,33.25,63492,79,4.78,1671,99,1654,4047,8,8
1668385013,2022-11-13 18:16:53 -0600,974abf37dd641318ef8bc8e95009b9e21559374c,TX,48377,2,2022-11-09T01:00:00.000Z,FIPSCode,48377,0,2022-11-14T00:02:17.986Z,8,98.98,8,100,62962,1025,61.97,62492,550,33.25,63492,79,4.78,1671,99,1654,4047,8,8
1668385024,2022-11-13 18:17:04 -0600,87203938c07b25e4a9e7ffc1dbfb0d34f99062c6,TX,48377,2,2022-11-09T01:00:00.000Z,FIPSCode,48377,0,2022-11-14T00:02:17.986Z,8,98.98,8,100,62962,1025,61.97,62492,550,33.25,63492,79,4.78,1671,99,1654,4047,8,8
1668385059,2022-11-13 18:17:39 -0600,fb943aecbff6f3e94a18622ae087ff3c30646b35,TX,48377,2,2022-11-09T01:00:00.000Z,FIPSCode,48377,0,2022-11-14T00:02:17.986Z,8,98.98,8,100,62962,1025,61.97,62492,550,33.25,63492,79,4.78,1671,99,1654,4047,8,8
1668385087,2022-11-13 18:18:07 -0600,565621846ccc43a5a7158d4d5308ed18ea2cc065,TX,48377,2,2022-11-09T01:00:00.000Z,FIPSCode,48377,0,2022-11-14T00:02:17.986Z,8,98.98,8,100,62962,1025,61.97,62492,550,33.25,63492,79,4.78,1671,99,1654,4047,8,8
1668385140,2022-11-13 18:19:00 -0600,dc1f0037f6a48b2f91d2d5ab68c32caba4ec659f,TX,48377,2,2022-11-09T01:00:00.000Z,FIPSCode,48377,0,2022-11-14T00:02:17.986Z,8,98.98,8,100,62962,1025,61.97,62492,550,33.25,63492,79,4.78,1671,99,1654,4047,8,8
1668385176,2022-11-13 18:19:36 -0600,f510c7dda90e46e122ab36d7b9c0e28a6acff38c,TX,48377,2,2022-11-09T01:00:00.000Z,FIPSCode,48377,0,2022-11-14T00:02:17.986Z,8,98.98,8,100,62962,1025,61.97,62492,550,33.25,63492,79,4.78,1671,99,1654,4047,8,8
1668385295,2022-11-13 18:21:35 -0600,13744636b53691c1fa7f0480e5e2e0a89e74c4d8,TX,48377,2,2022-11-09T01:00:00.000Z,FIPSCode,48377,0,2022-11-14T00:02:17.986Z,8,98.98,8,100,62962,1025,61.97,62492,550,33.25,63492,79,4.78,1671,99,1654,4047,8,8
1668385325,2022-11-13 18:22:05 -0600,423decf2501a80f1b19b5cb2451da80225f2b490,TX,48377,2,2022-11-09T01:00:00.000Z,FIPSCode,48377,0,2022-11-14T00:02:17.986Z,8,98.98,8,100,62962,1025,61.97,62492,550,33.25,63492,79,4.78,1671,99,1654,4047,8,8
1668385354,2022-11-13 18:22:34 -0600,74fd3200f994f761cb08477873781eeff686be23,TX,48377,2,2022-11-09T01:00:00.000Z,FIPSCode,48377,0,2022-11-14T00:02:17.986Z,8,98.98,8,100,62962,1025,61.97,62492,550,33.25,63492,79,4.78,1671,99,1654,4047,8,8
1668385387,2022-11-13 18:23:07 -0600,0a5e07be2bc12378d2238dae22658a62a9689fc1,TX,48377,2,2022-11-09T01:00:00.000Z,FIPSCode,48377,0,2022-11-14T00:02:17.986Z,8,98.98,8,100,62962,1025,61.97,62492,550,33.25,63492,79,4.78,1671,99,1654,4047,8,8
1668385412,2022-11-13 18:23:32 -0600,6cde67911e373d30d66318b70644389eb7a2b7f5,TX,48377,2,2022-11-09T01:00:00.000Z,FIPSCode,48377,0,2022-11-14T00:02:17.986Z,8,98.98,8,100,62962,1025,61.97,62492,550,33.25,63492,79,4.78,1671,99,1654,4047,8,8
1668385436,2022-11-13 18:23:56 -0600,87629c59e37997c3a9c76c7f16919a457b32c3dc,TX,48377,2,2022-11-09T01:00:00.000Z,FIPSCode,48377,0,2022-11-14T00:02:17.986Z,8,98.98,8,100,62962,1025,61.97,62492,550,33.25,63492,79,4.78,1671,99,1654,4047,8,8
1668385453,2022-11-13 18:24:13 -0600,c8501fcab6d182bb7df1f1b2f2d65aa25a50f0e1,TX,48377,2,2022-11-09T01:00:00.000Z,FIPSCode,48377,0,2022-11-14T00:02:17.986Z,8,98.98,8,100,62962,1025,61.97,62492,550,33.25,63492,79,4.78,1671,99,1654,4047,8,8
1668385504,2022-11-13 18:25:04 -0600,723d65ef11439c912edb4a6b0593a80e92f49610,TX,48377,2,2022-11-09T01:00:00.000Z,FIPSCode,48377,0,2022-11-14T00:02:17.986Z,8,98.98,8,100,62962,1025,61.97,62492,550,33.25,63492,79,4.78,1671,99,1654,4047,8,8
1668385638,2022-11-13 18:27:18 -0600,63af4657d4c59ebf838c42875ff57db868977504,TX,48377,2,2022-11-09T01:00:00.000Z,FIPSCode,48377,0,2022-11-14T00:02:17.986Z,8,98.98,8,100,62962,1025,61.97,62492,550,33.25,63492,79,4.78,1671,99,1654,4047,8,8
1668385651,2022-11-13 18:27:31 -0600,a24d30008753446d0562e277ddd78ba8ab996d72,TX,48377,2,2022-11-09T01:00:00.000Z,FIPSCode,48377,0,2022-11-14T00:02:17.986Z,8,98.98,8,100,62962,1025,61.97,62492,550,33.25,63492,79,4.78,1671,99,1654,4047,8,8
1668385680,2022-11-13 18:28:00 -0600,6859ce8c74b09ccbb616c9d5f5c793a50c78cee4,TX,48377,2,2022-11-09T01:00:00.000Z,FIPSCode,48377,0,2022-11-14T00:02:17.986Z,8,98.98,8,100,62962,1025,61.97,62492,550,33.25,63492,79,4.78,1671,99,1654,4047,8,8
1668385714,2022-11-13 18:28:34 -0600,7e8bb05a9b48ba2da615394675b92cb83ad630cc,TX,48377,2,2022-11-09T01:00:00.000Z,FIPSCode,48377,0,2022-11-14T00:02:17.986Z,8,98.98,8,100,62962,1025,61.97,62492,550,33.25,63492,79,4.78,1671,99,1654,4047,8,8
1668385727,2022-11-13 18:28:47 -0600,1b9bcd9269356a0a932d3be1176e564b74a0fcf2,TX,48377,2,2022-11-09T01:00:00.000Z,FIPSCode,48377,0,2022-11-14T00:02:17.986Z,8,98.98,8,100,62962,1025,61.97,62492,550,33.25,63492,79,4.78,1671,99,1654,4047,8,8
1668385778,2022-11-13 18:29:38 -0600,79de0d227b52d01d22b67d6de5f158184b08470c,TX,48377,2,2022-11-09T01:00:00.000Z,FIPSCode,48377,0,2022-11-14T00:02:17.986Z,8,98.98,8,100,62962,1025,61.97,62492,550,33.25,63492,79,4.78,1671,99,1654,4047,8,8
1668385797,2022-11-13 18:29:57 -0600,1810bc14f752cedb328c2176f27aacc82358baea,TX,48377,2,2022-11-09T01:00:00.000Z,FIPSCode,48377,0,2022-11-14T00:02:17.986Z,8,98.98,8,100,62962,1025,61.97,62492,550,33.25,63492,79,4.78,1671,99,1654,4047,8,8
1668385838,2022-11-13 18:30:38 -0600,566b13e7bafca235296f5a31319f260649e091bc,TX,48377,2,2022-11-09T01:00:00.000Z,FIPSCode,48377,0,2022-11-14T00:02:17.986Z,8,98.98,8,100,62962,1025,61.97,62492,550,33.25,63492,79,4.78,1671,99,1654,4047,8,8
1668385849,2022-11-13 18:30:49 -0600,09c06ae610ea5fb097ae2a95e3e935b2232a3b5f,TX,48377,2,2022-11-09T01:00:00.000Z,FIPSCode,48377,0,2022-11-14T00:02:17.986Z,8,98.98,8,100,62962,1025,61.97,62492,550,33.25,63492,79,4.78,1671,99,1654,4047,8,8
1668385855,2022-11-13 18:30:55 -0600,b5470572b36d3e0b78a9235bab20ab3ac20dd9ce,TX,48377,2,2022-11-09T01:00:00.000Z,FIPSCode,48377,0,2022-11-14T00:02:17.986Z,8,98.98,8,100,62962,1025,61.97,62492,550,33.25,63492,79,4.78,1671,99,1654,4047,8,8
1668385889,2022-11-13 18:31:29 -0600,9236dc2f9fead0b3f0aa6a023ea0f2d34cf285f6,TX,48377,2,2022-11-09T01:00:00.000Z,FIPSCode,48377,0,2022-11-14T00:02:17.986Z,8,98.98,8,100,62962,1025,61.97,62492,550,33.25,63492,79,4.78,1671,99,1654,4047,8,8
1668385935,2022-11-13 18:32:15 -0600,6ee492d38a40ea605ff7c8223bea0966c5b098a5,TX,48377,2,2022-11-09T01:00:00.000Z,FIPSCode,48377,0,2022-11-14T00:02:17.986Z,8,98.98,8,100,62962,1025,61.97,62492,550,33.25,63492,79,4.78,1671,99,1654,4047,8,8
1668385946,2022-11-13 18:32:26 -0600,c07946c9a130d83caa397671cbe84cad007e0d88,TX,48377,2,2022-11-09T01:00:00.000Z,FIPSCode,48377,0,2022-11-14T00:02:17.986Z,8,98.98,8,100,62962,1025,61.97,62492,550,33.25,63492,79,4.78,1671,99,1654,4047,8,8
1668385953,2022-11-13 18:32:33 -0600,5d59904296c5e49857be572c2c47d0399e58e304,TX,48377,2,2022-11-09T01:00:00.000Z,FIPSCode,48377,0,2022-11-14T00:02:17.986Z,8,98.98,8,100,62962,1025,61.97,62492,550,33.25,63492,79,4.78,1671,99,1654,4047,8,8
1668385988,2022-11-13 18:33:08 -0600,5e879d522530e725f0ff995ee83235b4c6207359,TX,48377,2,2022-11-09T01:00:00.000Z,FIPSCode,48377,0,2022-11-14T00:02:17.986Z,8,98.98,8,100,62962,1025,61.97,62492,550,33.25,63492,79,4.78,1671,99,1654,4047,8,8
1668386011,2022-11-13 18:33:31 -0600,3152fa08a66fc6c475e075a67c18f313093d2f99,TX,48377,2,2022-11-09T01:00:00.000Z,FIPSCode,48377,0,2022-11-14T00:02:17.986Z,8,98.98,8,100,62962,1025,61.97,62492,550,33.25,63492,79,4.78,1671,99,1654,4047,8,8
1668386041,2022-11-13 18:34:01 -0600,8e2fd23db34c9fdffc7c43c04dd553f7958b30ad,TX,48377,2,2022-11-09T01:00:00.000Z,FIPSCode,48377,0,2022-11-14T00:02:17.986Z,8,98.98,8,100,62962,1025,61.97,62492,550,33.25,63492,79,4.78,1671,99,1654,4047,8,8
1668386075,2022-11-13 18:34:35 -0600,7bce2f7b5347573f338dcb8f44c091f568612793,TX,48377,2,2022-11-09T01:00:00.000Z,FIPSCode,48377,0,2022-11-14T00:02:17.986Z,8,98.98,8,100,62962,1025,61.97,62492,550,33.25,63492,79,4.78,1671,99,1654,4047,8,8
1668386125,2022-11-13 18:35:25 -0600,3ddf3aa05a753a3476f7271271e01651c748d865,TX,48377,2,2022-11-09T01:00:00.000Z,FIPSCode,48377,0,2022-11-14T00:02:17.986Z,8,98.98,8,100,62962,1025,61.97,62492,550,33.25,63492,79,4.78,1671,99,1654,4047,8,8
1668386138,2022-11-13 18:35:38 -0600,192ae9585ebae2a007ab027a870992418c159deb,TX,48377,2,2022-11-09T01:00:00.000Z,FIPSCode,48377,0,2022-11-14T00:02:17.986Z,8,98.98,8,100,62962,1025,61.97,62492,550,33.25,63492,79,4.78,1671,99,1654,4047,8,8
1668386157,2022-11-13 18:35:57 -0600,31e3aa184677d2de3ff6e805b7f39fd1f3c34264,TX,48377,2,2022-11-09T01:00:00.000Z,FIPSCode,48377,0,2022-11-14T00:02:17.986Z,8,98.98,8,100,62962,1025,61.97,62492,550,33.25,63492,79,4.78,1671,99,1654,4047,8,8
1668386186,2022-11-13 18:36:26 -0600,cc84fbba8d19b3405fff900c7e1a7a1416d5c6b2,TX,48377,2,2022-11-09T01:00:00.000Z,FIPSCode,48377,0,2022-11-14T00:02:17.986Z,8,98.98,8,100,62962,1025,61.97,62492,550,33.25,63492,79,4.78,1671,99,1654,4047,8,8
1668386203,2022-11-13 18:36:43 -0600,d8d0ea983a94d8eceb117ee3be7ac1ab534f5681,TX,48377,2,2022-11-09T01:00:00.000Z,FIPSCode,48377,0,2022-11-14T00:02:17.986Z,8,98.98,8,100,62962,1025,61.97,62492,550,33.25,63492,79,4.78,1671,99,1654,4047,8,8
1668386238,2022-11-13 18:37:18 -0600,5beca66d28a6bfc6344ff4f66924f5465939efb2,TX,48377,2,2022-11-09T01:00:00.000Z,FIPSCode,48377,0,2022-11-14T00:02:17.986Z,8,98.98,8,100,62962,1025,61.97,62492,550,33.25,63492,79,4.78,1671,99,1654,4047,8,8
1668386250,2022-11-13 18:37:30 -0600,dd848c1bc21eea2efa886fff8344393f51f36b46,TX,48377,2,2022-11-09T01:00:00.000Z,FIPSCode,48377,0,2022-11-14T00:02:17.986Z,8,98.98,8,100,62962,1025,61.97,62492,550,33.25,63492,79,4.78,1671,99,1654,4047,8,8
1668386284,2022-11-13 18:38:04 -0600,69462ed6153d9c6d08040cf1c36c0f260da34a89,TX,48377,2,2022-11-09T01:00:00.000Z,FIPSCode,48377,0,2022-11-14T00:02:17.986Z,8,98.98,8,100,62962,1025,61.97,62492,550,33.25,63492,79,4.78,1671,99,1654,4047,8,8
1668386302,2022-11-13 18:38:22 -0600,e9052641e5480fd8f2441aa1c3923c6010cf2415,TX,48377,2,2022-11-09T01:00:00.000Z,FIPSCode,48377,0,2022-11-14T00:02:17.986Z,8,98.98,8,100,62962,1025,61.97,62492,550,33.25,63492,79,4.78,1671,99,1654,4047,8,8
1668386320,2022-11-13 18:38:40 -0600,8dd1fecc141d0bc9a1a3b7a0433da88cca2f261f,TX,48377,2,2022-11-09T01:00:00.000Z,FIPSCode,48377,0,2022-11-14T00:02:17.986Z,8,98.98,8,100,62962,1025,61.97,62492,550,33.25,63492,79,4.78,1671,99,1654,4047,8,8
1668386354,2022-11-13 18:39:14 -0600,7eb2b3291c790162a11d357b419fa2ae1b60c190,TX,48377,2,2022-11-09T01:00:00.000Z,FIPSCode,48377,0,2022-11-14T00:02:17.986Z,8,98.98,8,100,62962,1025,61.97,62492,550,33.25,63492,79,4.78,1671,99,1654,4047,8,8
1668386395,2022-11-13 18:39:55 -0600,715d11c43b79fd2da0b70934f01d58e241e2ec92,TX,48377,2,2022-11-09T01:00:00.000Z,FIPSCode,48377,0,2022-11-14T00:02:17.986Z,8,98.98,8,100,62962,1025,61.97,62492,550,33.25,63492,79,4.78,1671,99,1654,4047,8,8
1668386412,2022-11-13 18:40:12 -0600,b5783b9189a47b2099c1f706c5ce763819df9c19,TX,48377,2,2022-11-09T01:00:00.000Z,FIPSCode,48377,0,2022-11-14T00:02:17.986Z,8,98.98,8,100,62962,1025,61.97,62492,550,33.25,63492,79,4.78,1671,99,1654,4047,8,8
1668386435,2022-11-13 18:40:35 -0600,a13ea537bbe59f9316c4fa261ec8272a59b32b97,TX,48377,2,2022-11-09T01:00:00.000Z,FIPSCode,48377,0,2022-11-14T00:02:17.986Z,8,98.98,8,100,62962,1025,61.97,62492,550,33.25,63492,79,4.78,1671,99,1654,4047,8,8
1668386469,2022-11-13 18:41:09 -0600,47f744318ee7bff329b2937beaa9410ab4328836,TX,48377,2,2022-11-09T01:00:00.000Z,FIPSCode,48377,0,2022-11-14T00:02:17.986Z,8,98.98,8,100,62962,1025,61.97,62492,550,33.25,63492,79,4.78,1671,99,1654,4047,8,8
1668386495,2022-11-13 18:41:35 -0600,0e81911e90080bc278e8a7023cd3118401b42692,TX,48377,2,2022-11-09T01:00:00.000Z,FIPSCode,48377,0,2022-11-14T00:02:17.986Z,8,98.98,8,100,62962,1025,61.97,62492,550,33.25,63492,79,4.78,1671,99,1654,4047,8,8
1668386524,2022-11-13 18:42:04 -0600,709ce0128951147d32e263ae8e7349d9a6c96721,TX,48377,2,2022-11-09T01:00:00.000Z,FIPSCode,48377,0,2022-11-14T00:02:17.986Z,8,98.98,8,100,62962,1025,61.97,62492,550,33.25,63492,79,4.78,1671,99,1654,4047,8,8
1668386536,2022-11-13 18:42:16 -0600,d4751126bd814af4fba5fd59be91d12e257f894f,TX,48377,2,2022-11-09T01:00:00.000Z,FIPSCode,48377,0,2022-11-14T00:02:17.986Z,8,98.98,8,100,62962,1025,61.97,62492,550,33.25,63492,79,4.78,1671,99,1654,4047,8,8
1668386566,2022-11-13 18:42:46 -0600,55774db3aebeedfd5f1ee3eaa5c1417d6874eb7e,TX,48377,2,2022-11-09T01:00:00.000Z,FIPSCode,48377,0,2022-11-14T00:02:17.986Z,8,98.98,8,100,62962,1025,61.97,62492,550,33.25,63492,79,4.78,1671,99,1654,4047,8,8
1668386582,2022-11-13 18:43:02 -0600,6a4265665e24acb6a5ade3c685151775999e73da,TX,48377,2,2022-11-09T01:00:00.000Z,FIPSCode,48377,0,2022-11-14T00:02:17.986Z,8,98.98,8,100,62962,1025,61.97,62492,550,33.25,63492,79,4.78,1671,99,1654,4047,8,8
1668386611,2022-11-13 18:43:31 -0600,5775a441e7151708b7651dde55d35cb55829a53d,TX,48377,2,2022-11-09T01:00:00.000Z,FIPSCode,48377,0,2022-11-14T00:02:17.986Z,8,98.98,8,100,62962,1025,61.97,62492,550,33.25,63492,79,4.78,1671,99,1654,4047,8,8
1668386652,2022-11-13 18:44:12 -0600,ce861f4e4b3d4d5a9e877ce7ac61944350aae4bc,TX,48377,2,2022-11-09T01:00:00.000Z,FIPSCode,48377,0,2022-11-14T00:02:17.986Z,8,98.98,8,100,62962,1025,61.97,62492,550,33.25,63492,79,4.78,1671,99,1654,4047,8,8
1668386669,2022-11-13 18:44:29 -0600,2b5e78244c2fae5c2304cf444044bf871839f0c3,TX,48377,2,2022-11-09T01:00:00.000Z,FIPSCode,48377,0,2022-11-14T00:02:17.986Z,8,98.98,8,100,62962,1025,61.97,62492,550,33.25,63492,79,4.78,1671,99,1654,4047,8,8
1668386732,2022-11-13 18:45:32 -0600,9488a02d142fc7389cd49a3e7f8b886eaa6ca6b6,TX,48377,2,2022-11-09T01:00:00.000Z,FIPSCode,48377,0,2022-11-14T00:02:17.986Z,8,98.98,8,100,62962,1025,61.97,62492,550,33.25,63492,79,4.78,1671,99,1654,4047,8,8
1668386785,2022-11-13 18:46:25 -0600,d370f39245c5ead8b6becf26af27da460161b18b,TX,48377,2,2022-11-09T01:00:00.000Z,FIPSCode,48377,0,2022-11-14T00:02:17.986Z,8,98.98,8,100,62962,1025,61.97,62492,550,33.25,63492,79,4.78,1671,99,1654,4047,8,8
1668386836,2022-11-13 18:47:16 -0600,8e77472675f1b31fb07d7a8c2f28eff431a7da7d,TX,48377,2,2022-11-09T01:00:00.000Z,FIPSCode,48377,0,2022-11-14T00:02:17.986Z,8,98.98,8,100,62962,1025,61.97,62492,550,33.25,63492,79,4.78,1671,99,1654,4047,8,8
1668386853,2022-11-13 18:47:33 -0600,0c53c61e2c7a9f0810b4ce8b4eb933f0b6ab3d40,TX,48377,2,2022-11-09T01:00:00.000Z,FIPSCode,48377,0,2022-11-14T00:02:17.986Z,8,98.98,8,100,62962,1025,61.97,62492,550,33.25,63492,79,4.78,1671,99,1654,4047,8,8
1668386912,2022-11-13 18:48:32 -0600,8d415031d1ae628e19cd05a2a6e712d8d25e8848,TX,48377,2,2022-11-09T01:00:00.000Z,FIPSCode,48377,0,2022-11-14T00:02:17.986Z,8,98.98,8,100,62962,1025,61.97,62492,550,33.25,63492,79,4.78,1671,99,1654,4047,8,8
1668386942,2022-11-13 18:49:02 -0600,e620fb011504c1f69360181702a4fa1e2a77211e,TX,48377,2,2022-11-09T01:00:00.000Z,FIPSCode,48377,0,2022-11-14T00:02:17.986Z,8,98.98,8,100,62962,1025,61.97,62492,550,33.25,63492,79,4.78,1671,99,1654,4047,8,8
1668386972,2022-11-13 18:49:32 -0600,7642e01011e5dcc8e7ce5b5ec02f3e402aa01229,TX,48377,2,2022-11-09T01:00:00.000Z,FIPSCode,48377,0,2022-11-14T00:02:17.986Z,8,98.98,8,100,62962,1025,61.97,62492,550,33.25,63492,79,4.78,1671,99,1654,4047,8,8
1668386984,2022-11-13 18:49:44 -0600,753320c8e48263bfade795941ab225911e0dffcc,TX,48377,2,2022-11-09T01:00:00.000Z,FIPSCode,48377,0,2022-11-14T00:02:17.986Z,8,98.98,8,100,62962,1025,61.97,62492,550,33.25,63492,79,4.78,1671,99,1654,4047,8,8
1668386996,2022-11-13 18:49:56 -0600,cee1ed43f92954154793c4bf2394c4b26b256253,TX,48377,2,2022-11-09T01:00:00.000Z,FIPSCode,48377,0,2022-11-14T00:02:17.986Z,8,98.98,8,100,62962,1025,61.97,62492,550,33.25,63492,79,4.78,1671,99,1654,4047,8,8
1668387014,2022-11-13 18:50:14 -0600,f0e6420e99a41d67a789776ace568068d7bd76bc,TX,48377,2,2022-11-09T01:00:00.000Z,FIPSCode,48377,0,2022-11-14T00:02:17.986Z,8,98.98,8,100,62962,1025,61.97,62492,550,33.25,63492,79,4.78,1671,99,1654,4047,8,8
1668387032,2022-11-13 18:50:32 -0600,c2708df28b4d060583e9eafcd77911a433bba532,TX,48377,2,2022-11-09T01:00:00.000Z,FIPSCode,48377,0,2022-11-14T00:02:17.986Z,8,98.98,8,100,62962,1025,61.97,62492,550,33.25,63492,79,4.78,1671,99,1654,4047,8,8
1668387066,2022-11-13 18:51:06 -0600,927d33f518645933093bafc730849274ae029f93,TX,48377,2,2022-11-09T01:00:00.000Z,FIPSCode,48377,0,2022-11-14T00:02:17.986Z,8,98.98,8,100,62962,1025,61.97,62492,550,33.25,63492,79,4.78,1671,99,1654,4047,8,8
1668387094,2022-11-13 18:51:34 -0600,d8fed70d39e247f450c7711db8435c50a4c2dcf7,TX,48377,2,2022-11-09T01:00:00.000Z,FIPSCode,48377,0,2022-11-14T00:02:17.986Z,8,98.98,8,100,62962,1025,61.97,62492,550,33.25,63492,79,4.78,1671,99,1654,4047,8,8
1668387131,2022-11-13 18:52:11 -0600,f7920fe3d51852cc63428fca50c2e05347f8b1c4,TX,48377,2,2022-11-09T01:00:00.000Z,FIPSCode,48377,0,2022-11-14T00:02:17.986Z,8,98.98,8,100,62962,1025,61.97,62492,550,33.25,63492,79,4.78,1671,99,1654,4047,8,8
1668387156,2022-11-13 18:52:36 -0600,8cb9ffcd157d33347cb018a42e2213d275977509,TX,48377,2,2022-11-09T01:00:00.000Z,FIPSCode,48377,0,2022-11-14T00:02:17.986Z,8,98.98,8,100,62962,1025,61.97,62492,550,33.25,63492,79,4.78,1671,99,1654,4047,8,8
1668387179,2022-11-13 18:52:59 -0600,8e8cb21b07946488a588c27f223f1508065c400f,TX,48377,2,2022-11-09T01:00:00.000Z,FIPSCode,48377,0,2022-11-14T00:02:17.986Z,8,98.98,8,100,62962,1025,61.97,62492,550,33.25,63492,79,4.78,1671,99,1654,4047,8,8
1668387213,2022-11-13 18:53:33 -0600,dca1bc346f48e97f62922dcac8268944a53cf82a,TX,48377,2,2022-11-09T01:00:00.000Z,FIPSCode,48377,0,2022-11-14T00:02:17.986Z,8,98.98,8,100,62962,1025,61.97,62492,550,33.25,63492,79,4.78,1671,99,1654,4047,8,8
1668387242,2022-11-13 18:54:02 -0600,228762dcdc7285717d88f7292fce7dec1903b2a8,TX,48377,2,2022-11-09T01:00:00.000Z,FIPSCode,48377,0,2022-11-14T00:02:17.986Z,8,98.98,8,100,62962,1025,61.97,62492,550,33.25,63492,79,4.78,1671,99,1654,4047,8,8
1668387254,2022-11-13 18:54:14 -0600,ff5e5e4cc811dfd384df683ef2abd71b0db49318,TX,48377,2,2022-11-09T01:00:00.000Z,FIPSCode,48377,0,2022-11-14T00:02:17.986Z,8,98.98,8,100,62962,1025,61.97,62492,550,33.25,63492,79,4.78,1671,99,1654,4047,8,8
1668387271,2022-11-13 18:54:31 -0600,6f33d689e1a43e43a9bbe6b792e601ecd76cc599,TX,48377,2,2022-11-09T01:00:00.000Z,FIPSCode,48377,0,2022-11-14T00:02:17.986Z,8,98.98,8,100,62962,1025,61.97,62492,550,33.25,63492,79,4.78,1671,99,1654,4047,8,8
1668387289,2022-11-13 18:54:49 -0600,f628cbb0b4066ebbd0c0758b010ce19a1ab06ecb,TX,48377,2,2022-11-09T01:00:00.000Z,FIPSCode,48377,0,2022-11-14T00:02:17.986Z,8,98.98,8,100,62962,1025,61.97,62492,550,33.25,63492,79,4.78,1671,99,1654,4047,8,8
1668387300,2022-11-13 18:55:00 -0600,433dcec2a710b3c40af006ae81360410fbf84091,TX,48377,2,2022-11-09T01:00:00.000Z,FIPSCode,48377,0,2022-11-14T00:02:17.986Z,8,98.98,8,100,62962,1025,61.97,62492,550,33.25,63492,79,4.78,1671,99,1654,4047,8,8
1668387329,2022-11-13 18:55:29 -0600,8ef3d88071a30e1c74d262a8a71c89f92731bd4f,TX,48377,2,2022-11-09T01:00:00.000Z,FIPSCode,48377,0,2022-11-14T00:55:16.681Z,8,98.98,8,100,62962,1025,61.97,62492,550,33.25,63492,79,4.78,1671,99,1654,4047,8,8
1668387359,2022-11-13 18:55:59 -0600,0f1b24136fa579e1cf91e6f3220f056890006092,TX,48377,2,2022-11-09T01:00:00.000Z,FIPSCode,48377,0,2022-11-14T00:55:16.681Z,8,98.98,8,100,62962,1025,61.97,62492,550,33.25,63492,79,4.78,1671,99,1654,4047,8,8
1668387377,2022-11-13 18:56:17 -0600,cb8b67303273250ce0c3cfacdfa1f355d6bd39fe,TX,48377,2,2022-11-09T01:00:00.000Z,FIPSCode,48377,0,2022-11-14T00:55:16.681Z,8,98.98,8,100,62962,1025,61.97,62492,550,33.25,63492,79,4.78,1671,99,1654,4047,8,8
1668387397,2022-11-13 18:56:37 -0600,618be7d0cbb3ad22315accd7a3c8c4a815e26b0f,TX,48377,2,2022-11-09T01:00:00.000Z,FIPSCode,48377,0,2022-11-14T00:55:16.681Z,8,98.98,8,100,62962,1025,61.97,62492,550,33.25,63492,79,4.78,1671,99,1654,4047,8,8
1668387425,2022-11-13 18:57:05 -0600,89fed2fd65641615c531cb6f5a1cf19304db9afb,TX,48377,2,2022-11-09T01:00:00.000Z,FIPSCode,48377,0,2022-11-14T00:56:37.557Z,8,98.98,8,100,62962,1025,61.97,62492,550,33.25,63492,79,4.78,1671,99,1654,4047,8,8
1668387455,2022-11-13 18:57:35 -0600,ad2c39f79aaee871c8397a8b2935bf13ba61382d,TX,48377,2,2022-11-09T01:00:00.000Z,FIPSCode,48377,0,2022-11-14T00:56:37.557Z,8,98.98,8,100,62962,1025,61.97,62492,550,33.25,63492,79,4.78,1671,99,1654,4047,8,8
1668387478,2022-11-13 18:57:58 -0600,164b581cde52352a0c7edbe0e34ac8278c53ed0a,TX,48377,2,2022-11-09T01:00:00.000Z,FIPSCode,48377,0,2022-11-14T00:56:37.557Z,8,98.98,8,100,62962,1025,61.97,62492,550,33.25,63492,79,4.78,1671,99,1654,4047,8,8
1668387496,2022-11-13 18:58:16 -0600,2a5c200d061c3dfc2b029baa209e6af67df4c367,TX,48377,2,2022-11-09T01:00:00.000Z,FIPSCode,48377,0,2022-11-14T00:57:39.290Z,8,98.98,8,100,62962,1025,61.97,62492,550,33.25,63492,79,4.78,1671,99,1654,4047,8,8
1668387515,2022-11-13 18:58:35 -0600,64506d23a7a6bd491085d2822635457a0872c230,TX,48377,2,2022-11-09T01:00:00.000Z,FIPSCode,48377,0,2022-11-14T00:57:39.290Z,8,98.98,8,100,62962,1025,61.97,62492,550,33.25,63492,79,4.78,1671,99,1654,4047,8,8
1668387538,2022-11-13 18:58:58 -0600,983ec7e683ed09164155ecb2c275f20d1660130f,TX,48377,2,2022-11-09T01:00:00.000Z,FIPSCode,48377,0,2022-11-14T00:57:39.290Z,8,98.98,8,100,62962,1025,61.97,62492,550,33.25,63492,79,4.78,1671,99,1654,4047,8,8
1668387573,2022-11-13 18:59:33 -0600,9acf7d227df22683660cbfe37d02750aa8874414,TX,48377,2,2022-11-09T01:00:00.000Z,FIPSCode,48377,0,2022-11-14T00:57:39.290Z,8,98.98,8,100,62962,1025,61.97,62492,550,33.25,63492,79,4.78,1671,99,1654,4047,8,8
1668387602,2022-11-13 19:00:02 -0600,5c1017e7776020efb763e4f3d4bac76f75c203cf,TX,48377,2,2022-11-09T01:00:00.000Z,FIPSCode,48377,0,2022-11-14T00:57:39.290Z,8,98.98,8,100,62962,1025,61.97,62492,550,33.25,63492,79,4.78,1671,99,1654,4047,8,8
1668387651,2022-11-13 19:00:51 -0600,aa071fe033bb244440e6548a1acdcaaf63f832d8,TX,48377,2,2022-11-09T01:00:00.000Z,FIPSCode,48377,0,2022-11-14T00:57:39.290Z,8,98.98,8,100,62962,1025,61.97,62492,550,33.25,63492,79,4.78,1671,99,1654,4047,8,8
1668387670,2022-11-13 19:01:10 -0600,94a1eb64f503a2e1964a69990e1b7809ab2d4186,TX,48377,2,2022-11-09T01:00:00.000Z,FIPSCode,48377,0,2022-11-14T00:57:39.290Z,8,98.98,8,100,62962,1025,61.97,62492,550,33.25,63492,79,4.78,1671,99,1654,4047,8,8
1668387699,2022-11-13 19:01:39 -0600,5927e4813451fe774973fc7539eaa738ea76eba5,TX,48377,2,2022-11-09T01:00:00.000Z,FIPSCode,48377,0,2022-11-14T00:57:39.290Z,8,98.98,8,100,62962,1025,61.97,62492,550,33.25,63492,79,4.78,1671,99,1654,4047,8,8
1668387719,2022-11-13 19:01:59 -0600,4c3cda63f3531bc55999d52f99f9ba4a072a9251,TX,48377,2,2022-11-09T01:00:00.000Z,FIPSCode,48377,0,2022-11-14T00:57:39.290Z,8,98.98,8,100,62962,1025,61.97,62492,550,33.25,63492,79,4.78,1671,99,1654,4047,8,8
1668387730,2022-11-13 19:02:10 -0600,770ff9c2311911f5baab7c0e26c26e321be5a793,TX,48377,2,2022-11-09T01:00:00.000Z,FIPSCode,48377,0,2022-11-14T00:57:39.290Z,8,98.98,8,100,62962,1025,61.97,62492,550,33.25,63492,79,4.78,1671,99,1654,4047,8,8
1668387754,2022-11-13 19:02:34 -0600,0ee0941ad0a01421c7e8bac96c588111227a5731,TX,48377,2,2022-11-09T01:00:00.000Z,FIPSCode,48377,0,2022-11-14T00:57:39.290Z,8,98.98,8,100,62962,1025,61.97,62492,550,33.25,63492,79,4.78,1671,99,1654,4047,8,8
1668387765,2022-11-13 19:02:45 -0600,792493803272e6aac3538736534d04d3d13bf3c8,TX,48377,2,2022-11-09T01:00:00.000Z,FIPSCode,48377,0,2022-11-14T00:57:39.290Z,8,98.98,8,100,62962,1025,61.97,62492,550,33.25,63492,79,4.78,1671,99,1654,4047,8,8
1668387776,2022-11-13 19:02:56 -0600,da7a36efcd6bab28cf21de740dbd1295d43c1ddd,TX,48377,2,2022-11-09T01:00:00.000Z,FIPSCode,48377,0,2022-11-14T00:57:39.290Z,8,98.98,8,100,62962,1025,61.97,62492,550,33.25,63492,79,4.78,1671,99,1654,4047,8,8
1668387822,2022-11-13 19:03:42 -0600,3e0fd9d77ad5d351af31841eefdb4721ba6f82a7,TX,48377,2,2022-11-09T01:00:00.000Z,FIPSCode,48377,0,2022-11-14T00:57:39.290Z,8,98.98,8,100,62962,1025,61.97,62492,550,33.25,63492,79,4.78,1671,99,1654,4047,8,8
1668387839,2022-11-13 19:03:59 -0600,34b05bab7c5fd6d65446e14f42eae2c601591220,TX,48377,2,2022-11-09T01:00:00.000Z,FIPSCode,48377,0,2022-11-14T00:57:39.290Z,8,98.98,8,100,62962,1025,61.97,62492,550,33.25,63492,79,4.78,1671,99,1654,4047,8,8
1668387874,2022-11-13 19:04:34 -0600,b65e28f5c3939f174053d56c90680b57e307926d,TX,48377,2,2022-11-09T01:00:00.000Z,FIPSCode,48377,0,2022-11-14T00:57:39.290Z,8,98.98,8,100,62962,1025,61.97,62492,550,33.25,63492,79,4.78,1671,99,1654,4047,8,8
1668387905,2022-11-13 19:05:05 -0600,d892de06e40e22a5dec9f1cb9b980d6d7d9390fc,TX,48377,2,2022-11-09T01:00:00.000Z,FIPSCode,48377,0,2022-11-14T00:57:39.290Z,8,98.98,8,100,62962,1025,61.97,62492,550,33.25,63492,79,4.78,1671,99,1654,4047,8,8
1668387928,2022-11-13 19:05:28 -0600,10b81ed91036b8bcc0037dd63df0de791968337e,TX,48377,2,2022-11-09T01:00:00.000Z,FIPSCode,48377,0,2022-11-14T00:57:39.290Z,8,98.98,8,100,62962,1025,61.97,62492,550,33.25,63492,79,4.78,1671,99,1654,4047,8,8
1668387994,2022-11-13 19:06:34 -0600,7f2396b75a8c2326237289b8b7e95bfa36c294ec,TX,48377,2,2022-11-09T01:00:00.000Z,FIPSCode,48377,0,2022-11-14T00:57:39.290Z,8,98.98,8,100,62962,1025,61.97,62492,550,33.25,63492,79,4.78,1671,99,1654,4047,8,8
1668388040,2022-11-13 19:07:20 -0600,8ef46c16a6f163a148143dff2c4166697ebac60c,TX,48377,2,2022-11-09T01:00:00.000Z,FIPSCode,48377,0,2022-11-14T00:57:39.290Z,8,98.98,8,100,62962,1025,61.97,62492,550,33.25,63492,79,4.78,1671,99,1654,4047,8,8
1668388058,2022-11-13 19:07:38 -0600,f64ea5c71375a5045f032a4b6c301bb89a8533cd,TX,48377,2,2022-11-09T01:00:00.000Z,FIPSCode,48377,0,2022-11-14T00:57:39.290Z,8,98.98,8,100,62962,1025,61.97,62492,550,33.25,63492,79,4.78,1671,99,1654,4047,8,8
1668388081,2022-11-13 19:08:01 -0600,ebf01f915b9fe95be5a2f18075fa8494f8848185,TX,48377,2,2022-11-09T01:00:00.000Z,FIPSCode,48377,0,2022-11-14T00:57:39.290Z,8,98.98,8,100,62962,1025,61.97,62492,550,33.25,63492,79,4.78,1671,99,1654,4047,8,8
1668388111,2022-11-13 19:08:31 -0600,90881aa3053c3b224ae9a0223af666d9e3726d2e,TX,48377,2,2022-11-09T01:00:00.000Z,FIPSCode,48377,0,2022-11-14T00:57:39.290Z,8,98.98,8,100,62962,1025,61.97,62492,550,33.25,63492,79,4.78,1671,99,1654,4047,8,8
1668388123,2022-11-13 19:08:43 -0600,1ac4321b50f2a8bfc6f39102266805947a98566b,TX,48377,2,2022-11-09T01:00:00.000Z,FIPSCode,48377,0,2022-11-14T00:57:39.290Z,8,98.98,8,100,62962,1025,61.97,62492,550,33.25,63492,79,4.78,1671,99,1654,4047,8,8
1668388176,2022-11-13 19:09:36 -0600,f164c32d258ea65dc46a0b4acb68010ab5f6942d,TX,48377,2,2022-11-09T01:00:00.000Z,FIPSCode,48377,0,2022-11-14T00:57:39.290Z,8,98.98,8,100,62962,1025,61.97,62492,550,33.25,63492,79,4.78,1671,99,1654,4047,8,8
1668388206,2022-11-13 19:10:06 -0600,1a2ab9848a985cc7876fe6bbbe3b482ff66c7ad3,TX,48377,2,2022-11-09T01:00:00.000Z,FIPSCode,48377,0,2022-11-14T00:57:39.290Z,8,98.98,8,100,62962,1025,61.97,62492,550,33.25,63492,79,4.78,1671,99,1654,4047,8,8
1668388234,2022-11-13 19:10:34 -0600,c813bf5efb160b6ef9f00cc149f1e9f8299a69a0,TX,48377,2,2022-11-09T01:00:00.000Z,FIPSCode,48377,0,2022-11-14T00:57:39.290Z,8,98.98,8,100,62962,1025,61.97,62492,550,33.25,63492,79,4.78,1671,99,1654,4047,8,8
1668388274,2022-11-13 19:11:14 -0600,c6095e2e8cdfa7be82ae37fe5b4ba7d3753f3c52,TX,48377,2,2022-11-09T01:00:00.000Z,FIPSCode,48377,0,2022-11-14T00:57:39.290Z,8,98.98,8,100,62962,1025,61.97,62492,550,33.25,63492,79,4.78,1671,99,1654,4047,8,8
1668388291,2022-11-13 19:11:31 -0600,31de900373ddfc5135ae51c5b332c33740016f1a,TX,48377,2,2022-11-09T01:00:00.000Z,FIPSCode,48377,0,2022-11-14T00:57:39.290Z,8,98.98,8,100,62962,1025,61.97,62492,550,33.25,63492,79,4.78,1671,99,1654,4047,8,8
1668388328,2022-11-13 19:12:08 -0600,331044d74d3bd48fc9faef8c53916af2cbaaa604,TX,48377,2,2022-11-09T01:00:00.000Z,FIPSCode,48377,0,2022-11-14T00:57:39.290Z,8,98.98,8,100,62962,1025,61.97,62492,550,33.25,63492,79,4.78,1671,99,1654,4047,8,8
1668388356,2022-11-13 19:12:36 -0600,4865c5dc85a3c23c2c224bafae3932701f2fee36,TX,48377,2,2022-11-09T01:00:00.000Z,FIPSCode,48377,0,2022-11-14T00:57:39.290Z,8,98.98,8,100,62962,1025,61.97,62492,550,33.25,63492,79,4.78,1671,99,1654,4047,8,8
1668388385,2022-11-13 19:13:05 -0600,e758e4771319f5ee70adb069b679a5ac549afebd,TX,48377,2,2022-11-09T01:00:00.000Z,FIPSCode,48377,0,2022-11-14T00:57:39.290Z,8,98.98,8,100,62962,1025,61.97,62492,550,33.25,63492,79,4.78,1671,99,1654,4047,8,8
1668388623,2022-11-13 19:17:03 -0600,94ce07f3b0fe0299fbb35c5c813b985a84214f2e,TX,48377,2,2022-11-09T01:00:00.000Z,FIPSCode,48377,0,2022-11-14T00:57:39.290Z,8,98.98,8,100,62962,1025,61.97,62492,550,33.25,63492,79,4.78,1671,99,1654,4047,8,8
1668388648,2022-11-13 19:17:28 -0600,c0d3b39d6eba2579c7ca5d641893bcef7d7b1e45,TX,48377,2,2022-11-09T01:00:00.000Z,FIPSCode,48377,0,2022-11-14T00:57:39.290Z,8,98.98,8,100,62962,1025,61.97,62492,550,33.25,63492,79,4.78,1671,99,1654,4047,8,8
1668388672,2022-11-13 19:17:52 -0600,4e86943e5cce86b3db1c67aa0a62ebe28d8a7e5c,TX,48377,2,2022-11-09T01:00:00.000Z,FIPSCode,48377,0,2022-11-14T00:57:39.290Z,8,98.98,8,100,62962,1025,61.97,62492,550,33.25,63492,79,4.78,1671,99,1654,4047,8,8
1668388718,2022-11-13 19:18:38 -0600,8ff14630d1ba12ccf37aa87a60c5a74a9f909d01,TX,48377,2,2022-11-09T01:00:00.000Z,FIPSCode,48377,0,2022-11-14T00:57:39.290Z,8,98.98,8,100,62962,1025,61.97,62492,550,33.25,63492,79,4.78,1671,99,1654,4047,8,8
1668388724,2022-11-13 19:18:44 -0600,0cfeac11281c929f55637b44d6626c56f4f12e19,TX,48377,2,2022-11-09T01:00:00.000Z,FIPSCode,48377,0,2022-11-14T00:57:39.290Z,8,98.98,8,100,62962,1025,61.97,62492,550,33.25,63492,79,4.78,1671,99,1654,4047,8,8
1668388730,2022-11-13 19:18:50 -0600,b6591786a6d22436d64094fcff661b3f8527b503,TX,48377,2,2022-11-09T01:00:00.000Z,FIPSCode,48377,0,2022-11-14T00:57:39.290Z,8,98.98,8,100,62962,1025,61.97,62492,550,33.25,63492,79,4.78,1671,99,1654,4047,8,8
1668388735,2022-11-13 19:18:55 -0600,f7f5bb0b8320d91a83872a700a26ead8fc24d417,TX,48377,2,2022-11-09T01:00:00.000Z,FIPSCode,48377,0,2022-11-14T00:57:39.290Z,8,98.98,8,100,62962,1025,61.97,62492,550,33.25,63492,79,4.78,1671,99,1654,4047,8,8
1668388771,2022-11-13 19:19:31 -0600,71e91e9d7f5e78bab767e25a1217316b6c5505b8,TX,48377,2,2022-11-09T01:00:00.000Z,FIPSCode,48377,0,2022-11-14T00:57:39.290Z,8,98.98,8,100,62962,1025,61.97,62492,550,33.25,63492,79,4.78,1671,99,1654,4047,8,8
1668388841,2022-11-13 19:20:41 -0600,e05290e7b1d08652edb7bc6d6d18097b218f46e4,TX,48377,2,2022-11-09T01:00:00.000Z,FIPSCode,48377,0,2022-11-14T00:57:39.290Z,8,98.98,8,100,62962,1025,61.97,62492,550,33.25,63492,79,4.78,1671,99,1654,4047,8,8
1668388890,2022-11-13 19:21:30 -0600,5fe953b18d74cca435c459cc6ea31c5f95411324,TX,48377,2,2022-11-09T01:00:00.000Z,FIPSCode,48377,0,2022-11-14T00:57:39.290Z,8,98.98,8,100,62962,1025,61.97,62492,550,33.25,63492,79,4.78,1671,99,1654,4047,8,8
1668388914,2022-11-13 19:21:54 -0600,9934dd733294b863775160cf79ca8e705aaf326d,TX,48377,2,2022-11-09T01:00:00.000Z,FIPSCode,48377,0,2022-11-14T00:57:39.290Z,8,98.98,8,100,62962,1025,61.97,62492,550,33.25,63492,79,4.78,1671,99,1654,4047,8,8
1668388963,2022-11-13 19:22:43 -0600,2b3f16f4f37bb18b915e9375c255316be1f054e8,TX,48377,2,2022-11-09T01:00:00.000Z,FIPSCode,48377,0,2022-11-14T00:57:39.290Z,8,98.98,8,100,62962,1025,61.97,62492,550,33.25,63492,79,4.78,1671,99,1654,4047,8,8
1668388976,2022-11-13 19:22:56 -0600,047e688d800eb97e24203186e05668300693f308,TX,48377,2,2022-11-09T01:00:00.000Z,FIPSCode,48377,0,2022-11-14T00:57:39.290Z,8,98.98,8,100,62962,1025,61.97,62492,550,33.25,63492,79,4.78,1671,99,1654,4047,8,8
1668389015,2022-11-13 19:23:35 -0600,7ecc6e916b75d568e41a4cc79327bec18a61c85b,TX,48377,2,2022-11-09T01:00:00.000Z,FIPSCode,48377,0,2022-11-14T00:57:39.290Z,8,98.98,8,100,62962,1025,61.97,62492,550,33.25,63492,79,4.78,1671,99,1654,4047,8,8
1668389033,2022-11-13 19:23:53 -0600,f44133ad2fb1156163a78e7719dcf9fb93a09078,TX,48377,2,2022-11-09T01:00:00.000Z,FIPSCode,48377,0,2022-11-14T00:57:39.290Z,8,98.98,8,100,62962,1025,61.97,62492,550,33.25,63492,79,4.78,1671,99,1654,4047,8,8
1668389073,2022-11-13 19:24:33 -0600,e085d1071df1084569a0b8d1736b41b7081606bf,TX,48377,2,2022-11-09T01:00:00.000Z,FIPSCode,48377,0,2022-11-14T00:57:39.290Z,8,98.98,8,100,62962,1025,61.97,62492,550,33.25,63492,79,4.78,1671,99,1654,4047,8,8
1668389138,2022-11-13 19:25:38 -0600,e9e1ed13d9f2c46d93926a4d1fc5cead92d667ef,TX,48377,2,2022-11-09T01:00:00.000Z,FIPSCode,48377,0,2022-11-14T00:57:39.290Z,8,98.98,8,100,62962,1025,61.97,62492,550,33.25,63492,79,4.78,1671,99,1654,4047,8,8
1668389166,2022-11-13 19:26:06 -0600,694f00a3275ee2c01906d1ca1f3108f0161b0d77,TX,48377,2,2022-11-09T01:00:00.000Z,FIPSCode,48377,0,2022-11-14T00:57:39.290Z,8,98.98,8,100,62962,1025,61.97,62492,550,33.25,63492,79,4.78,1671,99,1654,4047,8,8
1668389211,2022-11-13 19:26:51 -0600,a565014ef91705ae8a439d79c416864c0b48163a,TX,48377,2,2022-11-09T01:00:00.000Z,FIPSCode,48377,0,2022-11-14T00:57:39.290Z,8,98.98,8,100,62962,1025,61.97,62492,550,33.25,63492,79,4.78,1671,99,1654,4047,8,8
1668389228,2022-11-13 19:27:08 -0600,5783a55b977b8f275a4189d9c316bdde878523fd,TX,48377,2,2022-11-09T01:00:00.000Z,FIPSCode,48377,0,2022-11-14T00:57:39.290Z,8,98.98,8,100,62962,1025,61.97,62492,550,33.25,63492,79,4.78,1671,99,1654,4047,8,8
1668389252,2022-11-13 19:27:32 -0600,3ffc0735400c96d6a81e73619cc145bc3cd70169,TX,48377,2,2022-11-09T01:00:00.000Z,FIPSCode,48377,0,2022-11-14T00:57:39.290Z,8,98.98,8,100,62962,1025,61.97,62492,550,33.25,63492,79,4.78,1671,99,1654,4047,8,8
1668389281,2022-11-13 19:28:01 -0600,8dcded812e91ded63b5efb66f0ee43dbfec11e6d,TX,48377,2,2022-11-09T01:00:00.000Z,FIPSCode,48377,0,2022-11-14T00:57:39.290Z,8,98.98,8,100,62962,1025,61.97,62492,550,33.25,63492,79,4.78,1671,99,1654,4047,8,8
1668389316,2022-11-13 19:28:36 -0600,d059e93b12b90380442bee05e66f88b638e77878,TX,48377,2,2022-11-09T01:00:00.000Z,FIPSCode,48377,0,2022-11-14T00:57:39.290Z,8,98.98,8,100,62962,1025,61.97,62492,550,33.25,63492,79,4.78,1671,99,1654,4047,8,8
1668389328,2022-11-13 19:28:48 -0600,f8f0eb83cb122912f95d7f6bf5eafea53faebad0,TX,48377,2,2022-11-09T01:00:00.000Z,FIPSCode,48377,0,2022-11-14T00:57:39.290Z,8,98.98,8,100,62962,1025,61.97,62492,550,33.25,63492,79,4.78,1671,99,1654,4047,8,8
1668389340,2022-11-13 19:29:00 -0600,85b06a3aa6b063edded651bb15e7488603bd5651,TX,48377,2,2022-11-09T01:00:00.000Z,FIPSCode,48377,0,2022-11-14T00:57:39.290Z,8,98.98,8,100,62962,1025,61.97,62492,550,33.25,63492,79,4.78,1671,99,1654,4047,8,8
1668389375,2022-11-13 19:29:35 -0600,99b9ea598a9447b3f6910d54b9a621a4a910c851,TX,48377,2,2022-11-09T01:00:00.000Z,FIPSCode,48377,0,2022-11-14T00:57:39.290Z,8,98.98,8,100,62962,1025,61.97,62492,550,33.25,63492,79,4.78,1671,99,1654,4047,8,8
1668389426,2022-11-13 19:30:26 -0600,f3a27b4dcc4847b20ec64d35be518d25e0bcc616,TX,48377,2,2022-11-09T01:00:00.000Z,FIPSCode,48377,0,2022-11-14T00:57:39.290Z,8,98.98,8,100,62962,1025,61.97,62492,550,33.25,63492,79,4.78,1671,99,1654,4047,8,8
1668389473,2022-11-13 19:31:13 -0600,0a2dcc8d4f3bf823e7537b0da20abc6081d8ee79,TX,48377,2,2022-11-09T01:00:00.000Z,FIPSCode,48377,0,2022-11-14T00:57:39.290Z,8,98.98,8,100,62962,1025,61.97,62492,550,33.25,63492,79,4.78,1671,99,1654,4047,8,8
1668389490,2022-11-13 19:31:30 -0600,f7d53798ddc638ac5c81c2dcd882432d9c331df7,TX,48377,2,2022-11-09T01:00:00.000Z,FIPSCode,48377,0,2022-11-14T00:57:39.290Z,8,98.98,8,100,62962,1025,61.97,62492,550,33.25,63492,79,4.78,1671,99,1654,4047,8,8
1668389530,2022-11-13 19:32:10 -0600,2c1d8b6bf37d91dc02268beeeb25e3309b4477fa,TX,48377,2,2022-11-09T01:00:00.000Z,FIPSCode,48377,0,2022-11-14T00:57:39.290Z,8,98.98,8,100,62962,1025,61.97,62492,550,33.25,63492,79,4.78,1671,99,1654,4047,8,8
1668389553,2022-11-13 19:32:33 -0600,1de835ccff8cad9f08cf2b4b493308f1fac95b2e,TX,48377,2,2022-11-09T01:00:00.000Z,FIPSCode,48377,0,2022-11-14T00:57:39.290Z,8,98.98,8,100,62962,1025,61.97,62492,550,33.25,63492,79,4.78,1671,99,1654,4047,8,8
1668389585,2022-11-13 19:33:05 -0600,b12f6dec043d28a13cd2889fe14b36e0c9c84204,TX,48377,2,2022-11-09T01:00:00.000Z,FIPSCode,48377,0,2022-11-14T00:57:39.290Z,8,98.98,8,100,62962,1025,61.97,62492,550,33.25,63492,79,4.78,1671,99,1654,4047,8,8
1668389613,2022-11-13 19:33:33 -0600,ea53c899e5d571b805b58a60b211fd0b3581ac06,TX,48377,2,2022-11-09T01:00:00.000Z,FIPSCode,48377,0,2022-11-14T00:57:39.290Z,8,98.98,8,100,62962,1025,61.97,62492,550,33.25,63492,79,4.78,1671,99,1654,4047,8,8
1668389632,2022-11-13 19:33:52 -0600,0abca21d9c05e093d92ab6cfa90215659f54dd02,TX,48377,2,2022-11-09T01:00:00.000Z,FIPSCode,48377,0,2022-11-14T00:57:39.290Z,8,98.98,8,100,62962,1025,61.97,62492,550,33.25,63492,79,4.78,1671,99,1654,4047,8,8
1668389644,2022-11-13 19:34:04 -0600,6e116f2e1bbaac734eadeb5ee2f96ac1013ded21,TX,48377,2,2022-11-09T01:00:00.000Z,FIPSCode,48377,0,2022-11-14T01:33:37.110Z,8,98.98,8,100,62962,1025,61.97,62492,550,33.25,63492,79,4.78,1671,99,1654,4047,8,8
1668389667,2022-11-13 19:34:27 -0600,bc9f79f754becbf3b92326541574f0c7456b37fe,TX,48377,2,2022-11-09T01:00:00.000Z,FIPSCode,48377,0,2022-11-14T01:33:37.110Z,8,98.98,8,100,62962,1025,61.97,62492,550,33.25,63492,79,4.78,1671,99,1654,4047,8,8
1668389678,2022-11-13 19:34:38 -0600,430d209c23b725ed517c1383548a8e9483ed9237,TX,48377,2,2022-11-09T01:00:00.000Z,FIPSCode,48377,0,2022-11-14T01:34:21.294Z,8,98.98,8,100,62962,1025,61.97,62492,550,33.25,63492,79,4.78,1671,99,1654,4047,8,8
1668389701,2022-11-13 19:35:01 -0600,2798a9dc40757c6362177f98e8d96c223fc0a0a8,TX,48377,2,2022-11-09T01:00:00.000Z,FIPSCode,48377,0,2022-11-14T01:34:21.294Z,8,98.98,8,100,62962,1025,61.97,62492,550,33.25,63492,79,4.78,1671,99,1654,4047,8,8
1668389731,2022-11-13 19:35:31 -0600,8519802bf3f5455ba6652c129b86975579c79ab3,TX,48377,2,2022-11-09T01:00:00.000Z,FIPSCode,48377,0,2022-11-14T01:35:17.032Z,8,98.98,8,100,62962,1025,61.97,62492,550,33.25,63492,79,4.78,1671,99,1654,4047,8,8
1668389773,2022-11-13 19:36:13 -0600,8ad69f828e3e1098af5fe1190a2fc999fb51dd80,TX,48377,2,2022-11-09T01:00:00.000Z,FIPSCode,48377,0,2022-11-14T01:35:17.032Z,8,98.98,8,100,62962,1025,61.97,62492,550,33.25,63492,79,4.78,1671,99,1654,4047,8,8
1668389790,2022-11-13 19:36:30 -0600,ff190632439a012ab767cfcc64ff3dcabc5791bb,TX,48377,2,2022-11-09T01:00:00.000Z,FIPSCode,48377,0,2022-11-14T01:36:18.735Z,8,98.98,8,100,62962,1025,61.97,62492,550,33.25,63492,79,4.78,1671,99,1654,4047,8,8
1668389819,2022-11-13 19:36:59 -0600,caf231bfa6f6869a8d166e63a325f9ddadef1e68,TX,48377,2,2022-11-09T01:00:00.000Z,FIPSCode,48377,0,2022-11-14T01:36:18.735Z,8,98.98,8,100,62962,1025,61.97,62492,550,33.25,63492,79,4.78,1671,99,1654,4047,8,8
1668389855,2022-11-13 19:37:35 -0600,d65e261f75bd443fb8829766b2942304f29f8c5d,TX,48377,2,2022-11-09T01:00:00.000Z,FIPSCode,48377,0,2022-11-14T01:36:18.735Z,8,98.98,8,100,62962,1025,61.97,62492,550,33.25,63492,79,4.78,1671,99,1654,4047,8,8
1668389884,2022-11-13 19:38:04 -0600,baba8944ae7edb1ecdd0c87c28ecb08036006a4b,TX,48377,2,2022-11-09T01:00:00.000Z,FIPSCode,48377,0,2022-11-14T01:36:18.735Z,8,98.98,8,100,62962,1025,61.97,62492,550,33.25,63492,79,4.78,1671,99,1654,4047,8,8
1668389913,2022-11-13 19:38:33 -0600,8e63cb093554af3e8845942d43bbdeda9dc2544b,TX,48377,2,2022-11-09T01:00:00.000Z,FIPSCode,48377,0,2022-11-14T01:36:18.735Z,8,98.98,8,100,62962,1025,61.97,62492,550,33.25,63492,79,4.78,1671,99,1654,4047,8,8
1668389946,2022-11-13 19:39:06 -0600,9d994a24544215f7883ff38d68e49c1cf0850804,TX,48377,2,2022-11-09T01:00:00.000Z,FIPSCode,48377,0,2022-11-14T01:36:18.735Z,8,98.98,8,100,62962,1025,61.97,62492,550,33.25,63492,79,4.78,1671,99,1654,4047,8,8
1668390010,2022-11-13 19:40:10 -0600,c4fbb1844e11bc8033ebd2e5f5729629b77b6dab,TX,48377,2,2022-11-09T01:00:00.000Z,FIPSCode,48377,0,2022-11-14T01:36:18.735Z,8,98.98,8,100,62962,1025,61.97,62492,550,33.25,63492,79,4.78,1671,99,1654,4047,8,8
1668390033,2022-11-13 19:40:33 -0600,bb1a14ca1b42518f4d031500cf11d3e60f9d6fde,TX,48377,2,2022-11-09T01:00:00.000Z,FIPSCode,48377,0,2022-11-14T01:36:18.735Z,8,98.98,8,100,62962,1025,61.97,62492,550,33.25,63492,79,4.78,1671,99,1654,4047,8,8
1668390062,2022-11-13 19:41:02 -0600,5389d9abaecc71a9a39068cf7a5f0f79f04cf593,TX,48377,2,2022-11-09T01:00:00.000Z,FIPSCode,48377,0,2022-11-14T01:36:18.735Z,8,98.98,8,100,62962,1025,61.97,62492,550,33.25,63492,79,4.78,1671,99,1654,4047,8,8
1668390132,2022-11-13 19:42:12 -0600,f973fb5c4ef87ef586c8d2e676feebdd65e576e4,TX,48377,2,2022-11-09T01:00:00.000Z,FIPSCode,48377,0,2022-11-14T01:36:18.735Z,8,98.98,8,100,62962,1025,61.97,62492,550,33.25,63492,79,4.78,1671,99,1654,4047,8,8
1668390149,2022-11-13 19:42:29 -0600,3d65831f4604a92afb9ae62cc2de3c7109823d05,TX,48377,2,2022-11-09T01:00:00.000Z,FIPSCode,48377,0,2022-11-14T01:36:18.735Z,8,98.98,8,100,62962,1025,61.97,62492,550,33.25,63492,79,4.78,1671,99,1654,4047,8,8
1668390179,2022-11-13 19:42:59 -0600,4e938f769a9dbe8155bcc0dc09de70d68f3659b9,TX,48377,2,2022-11-09T01:00:00.000Z,FIPSCode,48377,0,2022-11-14T01:36:18.735Z,8,98.98,8,100,62962,1025,61.97,62492,550,33.25,63492,79,4.78,1671,99,1654,4047,8,8
1668390197,2022-11-13 19:43:17 -0600,7fea29d6acbba240e1661aa405247cfe97e65737,TX,48377,2,2022-11-09T01:00:00.000Z,FIPSCode,48377,0,2022-11-14T01:36:18.735Z,8,98.98,8,100,62962,1025,61.97,62492,550,33.25,63492,79,4.78,1671,99,1654,4047,8,8
1668390208,2022-11-13 19:43:28 -0600,c00d28ceddefa1902732816e33a1a3951bd8f287,TX,48377,2,2022-11-09T01:00:00.000Z,FIPSCode,48377,0,2022-11-14T01:36:18.735Z,8,98.98,8,100,62962,1025,61.97,62492,550,33.25,63492,79,4.78,1671,99,1654,4047,8,8
1668390225,2022-11-13 19:43:45 -0600,cd6e479998d6fecd3871f81754260bb67b328ce8,TX,48377,2,2022-11-09T01:00:00.000Z,FIPSCode,48377,0,2022-11-14T01:36:18.735Z,8,98.98,8,100,62962,1025,61.97,62492,550,33.25,63492,79,4.78,1671,99,1654,4047,8,8
1668390255,2022-11-13 19:44:15 -0600,e61f3e613d84f94eb07e37a3af7c512218cd1b7f,TX,48377,2,2022-11-09T01:00:00.000Z,FIPSCode,48377,0,2022-11-14T01:36:18.735Z,8,98.98,8,100,62962,1025,61.97,62492,550,33.25,63492,79,4.78,1671,99,1654,4047,8,8
1668390272,2022-11-13 19:44:32 -0600,08ac1fbde6dfadf3d675babe6016bdd271cb0f07,TX,48377,2,2022-11-09T01:00:00.000Z,FIPSCode,48377,0,2022-11-14T01:36:18.735Z,8,98.98,8,100,62962,1025,61.97,62492,550,33.25,63492,79,4.78,1671,99,1654,4047,8,8
1668390296,2022-11-13 19:44:56 -0600,67cc59f0e293878951cd2b8d0a5f2a2f38bfc12d,TX,48377,2,2022-11-09T01:00:00.000Z,FIPSCode,48377,0,2022-11-14T01:36:18.735Z,8,98.98,8,100,62962,1025,61.97,62492,550,33.25,63492,79,4.78,1671,99,1654,4047,8,8
1668390325,2022-11-13 19:45:25 -0600,331c1221a3c167b3d764c0145905d1a4cf162cd2,TX,48377,2,2022-11-09T01:00:00.000Z,FIPSCode,48377,0,2022-11-14T01:36:18.735Z,8,98.98,8,100,62962,1025,61.97,62492,550,33.25,63492,79,4.78,1671,99,1654,4047,8,8
1668390337,2022-11-13 19:45:37 -0600,3ed9d00f6ab1a8f6dd62a050523fd30bde76dc04,TX,48377,2,2022-11-09T01:00:00.000Z,FIPSCode,48377,0,2022-11-14T01:36:18.735Z,8,98.98,8,100,62962,1025,61.97,62492,550,33.25,63492,79,4.78,1671,99,1654,4047,8,8
1668390361,2022-11-13 19:46:01 -0600,8e44ad1cca070b74cc6fbbbf968dff5e94ed6a9a,TX,48377,2,2022-11-09T01:00:00.000Z,FIPSCode,48377,0,2022-11-14T01:36:18.735Z,8,98.98,8,100,62962,1025,61.97,62492,550,33.25,63492,79,4.78,1671,99,1654,4047,8,8
1668390398,2022-11-13 19:46:38 -0600,73a6152c5cb4c40f5eee3239886c05a09e9428ed,TX,48377,2,2022-11-09T01:00:00.000Z,FIPSCode,48377,0,2022-11-14T01:36:18.735Z,8,98.98,8,100,62962,1025,61.97,62492,550,33.25,63492,79,4.78,1671,99,1654,4047,8,8
1668390404,2022-11-13 19:46:44 -0600,e1d420fbc5628e164ef3c447127e893aa0f6d23e,TX,48377,2,2022-11-09T01:00:00.000Z,FIPSCode,48377,0,2022-11-14T01:36:18.735Z,8,98.98,8,100,62962,1025,61.97,62492,550,33.25,63492,79,4.78,1671,99,1654,4047,8,8
1668390421,2022-11-13 19:47:01 -0600,6abf27b65e3ab0083fc9e6d0d294f3a6940726f1,TX,48377,2,2022-11-09T01:00:00.000Z,FIPSCode,48377,0,2022-11-14T01:46:36.087Z,8,98.98,8,100,62962,1025,61.97,62492,550,33.25,63492,79,4.78,1671,99,1654,4047,8,8
1668390456,2022-11-13 19:47:36 -0600,1354a8f08c9e9037cc22f7dbfddba75901a8e4db,TX,48377,2,2022-11-09T01:00:00.000Z,FIPSCode,48377,0,2022-11-14T01:46:36.087Z,8,98.98,8,100,62962,1025,61.97,62492,550,33.25,63492,79,4.78,1671,99,1654,4047,8,8
1668390484,2022-11-13 19:48:04 -0600,342d07a4d5a2f8c5f1e0550f142945f0db5fad77,TX,48377,2,2022-11-09T01:00:00.000Z,FIPSCode,48377,0,2022-11-14T01:47:36.429Z,8,98.98,8,100,62962,1025,61.97,62492,550,33.25,63492,79,4.78,1671,99,1654,4047,8,8
1668390519,2022-11-13 19:48:39 -0600,4efa998191e6213e4f1d4c43bf0e52129eb5aa73,TX,48377,2,2022-11-09T01:00:00.000Z,FIPSCode,48377,0,2022-11-14T01:48:15.982Z,8,98.98,8,100,62962,1025,61.97,62492,550,33.25,63492,79,4.78,1671,99,1654,4047,8,8
1668390542,2022-11-13 19:49:02 -0600,cb2ba248809b9abd400181c88e648b3096f7304d,TX,48377,2,2022-11-09T01:00:00.000Z,FIPSCode,48377,0,2022-11-14T01:48:15.982Z,8,98.98,8,100,62962,1025,61.97,62492,550,33.25,63492,79,4.78,1671,99,1654,4047,8,8
1668390577,2022-11-13 19:49:37 -0600,6986082e5baef2265f0b4c0765d74b3650aa21f0,TX,48377,2,2022-11-09T01:00:00.000Z,FIPSCode,48377,0,2022-11-14T01:49:18.011Z,8,98.98,8,100,62962,1025,61.97,62492,550,33.25,63492,79,4.78,1671,99,1654,4047,8,8
1668390617,2022-11-13 19:50:17 -0600,f772e09f248190a122e99c1da23adc758ef9ea8e,TX,48377,2,2022-11-09T01:00:00.000Z,FIPSCode,48377,0,2022-11-14T01:49:18.011Z,8,98.98,8,100,62962,1025,61.97,62492,550,33.25,63492,79,4.78,1671,99,1654,4047,8,8
1668390635,2022-11-13 19:50:35 -0600,e4d51c88116e44c7158dc6a6b7c2fd5531104d60,TX,48377,2,2022-11-09T01:00:00.000Z,FIPSCode,48377,0,2022-11-14T01:49:18.011Z,8,98.98,8,100,62962,1025,61.97,62492,550,33.25,63492,79,4.78,1671,99,1654,4047,8,8
1668390663,2022-11-13 19:51:03 -0600,e8efe195fdd695c7d088ebf761343300b873eb13,TX,48377,2,2022-11-09T01:00:00.000Z,FIPSCode,48377,0,2022-11-14T01:49:18.011Z,8,98.98,8,100,62962,1025,61.97,62492,550,33.25,63492,79,4.78,1671,99,1654,4047,8,8
1668390692,2022-11-13 19:51:32 -0600,7661a5740ef125b9b2d823d3f0b9c45bd04feaf4,TX,48377,2,2022-11-09T01:00:00.000Z,FIPSCode,48377,0,2022-11-14T01:49:18.011Z,8,98.98,8,100,62962,1025,61.97,62492,550,33.25,63492,79,4.78,1671,99,1654,4047,8,8
1668390751,2022-11-13 19:52:31 -0600,5ccf5e2dd5fdfb97de4d9e80d2c03979272e0e77,TX,48377,2,2022-11-09T01:00:00.000Z,FIPSCode,48377,0,2022-11-14T01:49:18.011Z,8,98.98,8,100,62962,1025,61.97,62492,550,33.25,63492,79,4.78,1671,99,1654,4047,8,8
1668390785,2022-11-13 19:53:05 -0600,d82b30dd856717b15750b80e9b25c838cc93cbe3,TX,48377,2,2022-11-09T01:00:00.000Z,FIPSCode,48377,0,2022-11-14T01:49:18.011Z,8,98.98,8,100,62962,1025,61.97,62492,550,33.25,63492,79,4.78,1671,99,1654,4047,8,8
1668390808,2022-11-13 19:53:28 -0600,244bc2a9ab605529a95eea9e6ad42cb758995775,TX,48377,2,2022-11-09T01:00:00.000Z,FIPSCode,48377,0,2022-11-14T01:49:18.011Z,8,98.98,8,100,62962,1025,61.97,62492,550,33.25,63492,79,4.78,1671,99,1654,4047,8,8
1668390850,2022-11-13 19:54:10 -0600,a993c1d15b7c2f1f6d31d9f48f7ae2a4abd0351e,TX,48377,2,2022-11-09T01:00:00.000Z,FIPSCode,48377,0,2022-11-14T01:49:18.011Z,8,98.98,8,100,62962,1025,61.97,62492,550,33.25,63492,79,4.78,1671,99,1654,4047,8,8
1668390875,2022-11-13 19:54:35 -0600,9863f6808fbaceb1e2307b41d0b83f5a48197856,TX,48377,2,2022-11-09T01:00:00.000Z,FIPSCode,48377,0,2022-11-14T01:49:18.011Z,8,98.98,8,100,62962,1025,61.97,62492,550,33.25,63492,79,4.78,1671,99,1654,4047,8,8
1668390909,2022-11-13 19:55:09 -0600,c58a038487aacf7d3bbc5a066805291943720af3,TX,48377,2,2022-11-09T01:00:00.000Z,FIPSCode,48377,0,2022-11-14T01:49:18.011Z,8,98.98,8,100,62962,1025,61.97,62492,550,33.25,63492,79,4.78,1671,99,1654,4047,8,8
1668390940,2022-11-13 19:55:40 -0600,4e0dd59ec4e352d73e9dd481ffebfde4a36bf484,TX,48377,2,2022-11-09T01:00:00.000Z,FIPSCode,48377,0,2022-11-14T01:49:18.011Z,8,98.98,8,100,62962,1025,61.97,62492,550,33.25,63492,79,4.78,1671,99,1654,4047,8,8
1668390963,2022-11-13 19:56:03 -0600,b0609370921b200571f27eeb1fcdf187e086fd9d,TX,48377,2,2022-11-09T01:00:00.000Z,FIPSCode,48377,0,2022-11-14T01:49:18.011Z,8,98.98,8,100,62962,1025,61.97,62492,550,33.25,63492,79,4.78,1671,99,1654,4047,8,8
1668390987,2022-11-13 19:56:27 -0600,7de8a78acec6dcdd20d25f8adac69cb9b1f080a6,TX,48377,2,2022-11-09T01:00:00.000Z,FIPSCode,48377,0,2022-11-14T01:49:18.011Z,8,98.98,8,100,62962,1025,61.97,62492,550,33.25,63492,79,4.78,1671,99,1654,4047,8,8
1668390999,2022-11-13 19:56:39 -0600,c3a484da6698c196038fa9e39ee155b47b924bab,TX,48377,2,2022-11-09T01:00:00.000Z,FIPSCode,48377,0,2022-11-14T01:49:18.011Z,8,98.98,8,100,62962,1025,61.97,62492,550,33.25,63492,79,4.78,1671,99,1654,4047,8,8
1668391059,2022-11-13 19:57:39 -0600,7e012ab7c97c5ba870f2f6a25efa2f7a54c5fa91,TX,48377,2,2022-11-09T01:00:00.000Z,FIPSCode,48377,0,2022-11-14T01:49:18.011Z,8,98.98,8,100,62962,1025,61.97,62492,550,33.25,63492,79,4.78,1671,99,1654,4047,8,8
1668391076,2022-11-13 19:57:56 -0600,371707d951c9f71dab04bed9f316adfb13724cc5,TX,48377,2,2022-11-09T01:00:00.000Z,FIPSCode,48377,0,2022-11-14T01:49:18.011Z,8,98.98,8,100,62962,1025,61.97,62492,550,33.25,63492,79,4.78,1671,99,1654,4047,8,8
1668391116,2022-11-13 19:58:36 -0600,87b3bf20416822847cc79cae60387e5110a257c8,TX,48377,2,2022-11-09T01:00:00.000Z,FIPSCode,48377,0,2022-11-14T01:49:18.011Z,8,98.98,8,100,62962,1025,61.97,62492,550,33.25,63492,79,4.78,1671,99,1654,4047,8,8
1668391134,2022-11-13 19:58:54 -0600,2c54c081622bcb9cef6cf0352963567266220284,TX,48377,2,2022-11-09T01:00:00.000Z,FIPSCode,48377,0,2022-11-14T01:49:18.011Z,8,98.98,8,100,62962,1025,61.97,62492,550,33.25,63492,79,4.78,1671,99,1654,4047,8,8
1668391175,2022-11-13 19:59:35 -0600,4b50d955df70db24077c376fc81a078773fad69a,TX,48377,2,2022-11-09T01:00:00.000Z,FIPSCode,48377,0,2022-11-14T01:49:18.011Z,8,98.98,8,100,62962,1025,61.97,62492,550,33.25,63492,79,4.78,1671,99,1654,4047,8,8
1668391239,2022-11-13 20:00:39 -0600,95a9cde2a9ab479c2bbe4da698e569c24e973c2d,TX,48377,2,2022-11-09T01:00:00.000Z,FIPSCode,48377,0,2022-11-14T01:49:18.011Z,8,98.98,8,100,62962,1025,61.97,62492,550,33.25,63492,79,4.78,1671,99,1654,4047,8,8
1668391267,2022-11-13 20:01:07 -0600,ad94d7476b5c6c1057ddc83c76593d49e75fb009,TX,48377,2,2022-11-09T01:00:00.000Z,FIPSCode,48377,0,2022-11-14T01:49:18.011Z,8,98.98,8,100,62962,1025,61.97,62492,550,33.25,63492,79,4.78,1671,99,1654,4047,8,8
1668391295,2022-11-13 20:01:35 -0600,be4a8cba0d2fe374a88ce61e8f39d9099f9ad8c4,TX,48377,2,2022-11-09T01:00:00.000Z,FIPSCode,48377,0,2022-11-14T01:49:18.011Z,8,98.98,8,100,62962,1025,61.97,62492,550,33.25,63492,79,4.78,1671,99,1654,4047,8,8
1668391319,2022-11-13 20:01:59 -0600,66cc2fd4c7d4fc0e367d173fd6d1ea9dc4bd42e8,TX,48377,2,2022-11-09T01:00:00.000Z,FIPSCode,48377,0,2022-11-14T01:49:18.011Z,8,98.98,8,100,62962,1025,61.97,62492,550,33.25,63492,79,4.78,1671,99,1654,4047,8,8
1668391353,2022-11-13 20:02:33 -0600,44979bf1704ddbf3929c118e13ef852402af3d24,TX,48377,2,2022-11-09T01:00:00.000Z,FIPSCode,48377,0,2022-11-14T01:49:18.011Z,8,98.98,8,100,62962,1025,61.97,62492,550,33.25,63492,79,4.78,1671,99,1654,4047,8,8
1668391387,2022-11-13 20:03:07 -0600,813c3accdcc1860a88a34e67b062ac34f136b40b,TX,48377,2,2022-11-09T01:00:00.000Z,FIPSCode,48377,0,2022-11-14T01:49:18.011Z,8,98.98,8,100,62962,1025,61.97,62492,550,33.25,63492,79,4.78,1671,99,1654,4047,8,8
1668391418,2022-11-13 20:03:38 -0600,014f067351f3a62de0628eba606e9b44a0bd2094,TX,48377,2,2022-11-09T01:00:00.000Z,FIPSCode,48377,0,2022-11-14T01:49:18.011Z,8,98.98,8,100,62962,1025,61.97,62492,550,33.25,63492,79,4.78,1671,99,1654,4047,8,8
1668391453,2022-11-13 20:04:13 -0600,ee5dbc34d6c93080637fd399d019328348877162,TX,48377,2,2022-11-09T01:00:00.000Z,FIPSCode,48377,0,2022-11-14T01:49:18.011Z,8,98.98,8,100,62962,1025,61.97,62492,550,33.25,63492,79,4.78,1671,99,1654,4047,8,8
1668391477,2022-11-13 20:04:37 -0600,5e97b0014415d24fa0be1e00f0f04be59bcc3ab7,TX,48377,2,2022-11-09T01:00:00.000Z,FIPSCode,48377,0,2022-11-14T01:49:18.011Z,8,98.98,8,100,62962,1025,61.97,62492,550,33.25,63492,79,4.78,1671,99,1654,4047,8,8
1668391513,2022-11-13 20:05:13 -0600,6dbe3792f9571a642fb24f3cf289112b56a75b03,TX,48377,2,2022-11-09T01:00:00.000Z,FIPSCode,48377,0,2022-11-14T01:49:18.011Z,8,98.98,8,100,62962,1025,61.97,62492,550,33.25,63492,79,4.78,1671,99,1654,4047,8,8
1668391536,2022-11-13 20:05:36 -0600,d5de457844d8f574fd108655eb821426370d5d20,TX,48377,2,2022-11-09T01:00:00.000Z,FIPSCode,48377,0,2022-11-14T01:49:18.011Z,8,98.98,8,100,62962,1025,61.97,62492,550,33.25,63492,79,4.78,1671,99,1654,4047,8,8
1668391567,2022-11-13 20:06:07 -0600,771f7b9af733ecd74df30bb43bd5b006dd27c4f6,TX,48377,2,2022-11-09T01:00:00.000Z,FIPSCode,48377,0,2022-11-14T01:49:18.011Z,8,98.98,8,100,62962,1025,61.97,62492,550,33.25,63492,79,4.78,1671,99,1654,4047,8,8
1668391596,2022-11-13 20:06:36 -0600,ab85c795b3586ef7d72b242db856ca255e642b8b,TX,48377,2,2022-11-09T01:00:00.000Z,FIPSCode,48377,0,2022-11-14T01:49:18.011Z,8,98.98,8,100,62962,1025,61.97,62492,550,33.25,63492,79,4.78,1671,99,1654,4047,8,8
1668391631,2022-11-13 20:07:11 -0600,f4f18781b0f5a5d0a135acfba9ba8abb9173a1fb,TX,48377,2,2022-11-09T01:00:00.000Z,FIPSCode,48377,0,2022-11-14T01:49:18.011Z,8,98.98,8,100,62962,1025,61.97,62492,550,33.25,63492,79,4.78,1671,99,1654,4047,8,8
1668391655,2022-11-13 20:07:35 -0600,b6ecbef814be517ef0eb9e7dba2da7b4a3b05994,TX,48377,2,2022-11-09T01:00:00.000Z,FIPSCode,48377,0,2022-11-14T01:49:18.011Z,8,98.98,8,100,62962,1025,61.97,62492,550,33.25,63492,79,4.78,1671,99,1654,4047,8,8
1668391680,2022-11-13 20:08:00 -0600,e984860e22da70d8ce71349480853fd2b0225519,TX,48377,2,2022-11-09T01:00:00.000Z,FIPSCode,48377,0,2022-11-14T01:49:18.011Z,8,98.98,8,100,62962,1025,61.97,62492,550,33.25,63492,79,4.78,1671,99,1654,4047,8,8
1668391691,2022-11-13 20:08:11 -0600,e07e4809f334b9412c2ed7d34027620a6070bc9a,TX,48377,2,2022-11-09T01:00:00.000Z,FIPSCode,48377,0,2022-11-14T01:49:18.011Z,8,98.98,8,100,62962,1025,61.97,62492,550,33.25,63492,79,4.78,1671,99,1654,4047,8,8
1668391733,2022-11-13 20:08:53 -0600,bb78f62c91c29dc31688f48f80d069bee65731e1,TX,48377,2,2022-11-09T01:00:00.000Z,FIPSCode,48377,0,2022-11-14T01:49:18.011Z,8,98.98,8,100,62962,1025,61.97,62492,550,33.25,63492,79,4.78,1671,99,1654,4047,8,8
1668391770,2022-11-13 20:09:30 -0600,267a87e475195cd9d1b6a87cf68854296d048a58,TX,48377,2,2022-11-09T01:00:00.000Z,FIPSCode,48377,0,2022-11-14T01:49:18.011Z,8,98.98,8,100,62962,1025,61.97,62492,550,33.25,63492,79,4.78,1671,99,1654,4047,8,8
1668391807,2022-11-13 20:10:07 -0600,ee3a7fdff456734c5794135a3d3d73ba1bdd685e,TX,48377,2,2022-11-09T01:00:00.000Z,FIPSCode,48377,0,2022-11-14T01:49:18.011Z,8,98.98,8,100,62962,1025,61.97,62492,550,33.25,63492,79,4.78,1671,99,1654,4047,8,8
1668391833,2022-11-13 20:10:33 -0600,aa20887c4800452a3b9d22ad76fc0149576af1a1,TX,48377,2,2022-11-09T01:00:00.000Z,FIPSCode,48377,0,2022-11-14T01:49:18.011Z,8,98.98,8,100,62962,1025,61.97,62492,550,33.25,63492,79,4.78,1671,99,1654,4047,8,8
1668391870,2022-11-13 20:11:10 -0600,05f2a50f64b433aacec423b341526238e2a6f33d,TX,48377,2,2022-11-09T01:00:00.000Z,FIPSCode,48377,0,2022-11-14T01:49:18.011Z,8,98.98,8,100,62962,1025,61.97,62492,550,33.25,63492,79,4.78,1671,99,1654,4047,8,8
1668391889,2022-11-13 20:11:29 -0600,4ed26f441c9c62b49614dfb8f333e9f6f0672a33,TX,48377,2,2022-11-09T01:00:00.000Z,FIPSCode,48377,0,2022-11-14T01:49:18.011Z,8,98.98,8,100,62962,1025,61.97,62492,550,33.25,63492,79,4.78,1671,99,1654,4047,8,8
1668391924,2022-11-13 20:12:04 -0600,fd84d26efd2a5a7e079b1ec3f3381ba588e5cbc4,TX,48377,2,2022-11-09T01:00:00.000Z,FIPSCode,48377,0,2022-11-14T01:49:18.011Z,8,98.98,8,100,62962,1025,61.97,62492,550,33.25,63492,79,4.78,1671,99,1654,4047,8,8
1668391947,2022-11-13 20:12:27 -0600,470af846a98ba240f77fb501258d998f5be0f28e,TX,48377,2,2022-11-09T01:00:00.000Z,FIPSCode,48377,0,2022-11-14T01:49:18.011Z,8,98.98,8,100,62962,1025,61.97,62492,550,33.25,63492,79,4.78,1671,99,1654,4047,8,8
1668391970,2022-11-13 20:12:50 -0600,b6e6fe59ea9be124cf9d4ef34969448105fd36ca,TX,48377,2,2022-11-09T01:00:00.000Z,FIPSCode,48377,0,2022-11-14T01:49:18.011Z,8,98.98,8,100,62962,1025,61.97,62492,550,33.25,63492,79,4.78,1671,99,1654,4047,8,8
1668392055,2022-11-13 20:14:15 -0600,014f198f88cc4941c1a7736ae37d1d57094267ba,TX,48377,2,2022-11-09T01:00:00.000Z,FIPSCode,48377,0,2022-11-14T01:49:18.011Z,8,98.98,8,100,62962,1025,61.97,62492,550,33.25,63492,79,4.78,1671,99,1654,4047,8,8
1668392073,2022-11-13 20:14:33 -0600,87a61dec66b04d01bb801e4d2f898c2d4d89c3d1,TX,48377,2,2022-11-09T01:00:00.000Z,FIPSCode,48377,0,2022-11-14T01:49:18.011Z,8,98.98,8,100,62962,1025,61.97,62492,550,33.25,63492,79,4.78,1671,99,1654,4047,8,8
1668392145,2022-11-13 20:15:45 -0600,e81c3d273c9adeaf7102e9105d50d446ec787e1c,TX,48377,2,2022-11-09T01:00:00.000Z,FIPSCode,48377,0,2022-11-14T01:49:18.011Z,8,98.98,8,100,62962,1025,61.97,62492,550,33.25,63492,79,4.78,1671,99,1654,4047,8,8
1668392193,2022-11-13 20:16:33 -0600,65f096e16e2647480c53e07970accb8933ffeeed,TX,48377,2,2022-11-09T01:00:00.000Z,FIPSCode,48377,0,2022-11-14T01:49:18.011Z,8,98.98,8,100,62962,1025,61.97,62492,550,33.25,63492,79,4.78,1671,99,1654,4047,8,8
1668392211,2022-11-13 20:16:51 -0600,348a1a5256f3f26d3a394bb70db3578b4bff37f9,TX,48377,2,2022-11-09T01:00:00.000Z,FIPSCode,48377,0,2022-11-14T01:49:18.011Z,8,98.98,8,100,62962,1025,61.97,62492,550,33.25,63492,79,4.78,1671,99,1654,4047,8,8
1668392224,2022-11-13 20:17:04 -0600,f72172121612cd544a9982fda77d6706188f1615,TX,48377,2,2022-11-09T01:00:00.000Z,FIPSCode,48377,0,2022-11-14T01:49:18.011Z,8,98.98,8,100,62962,1025,61.97,62492,550,33.25,63492,79,4.78,1671,99,1654,4047,8,8
1668392269,2022-11-13 20:17:49 -0600,47cf41ba5d999042b5a59241ece3b109e0354970,TX,48377,2,2022-11-09T01:00:00.000Z,FIPSCode,48377,0,2022-11-14T01:49:18.011Z,8,98.98,8,100,62962,1025,61.97,62492,550,33.25,63492,79,4.78,1671,99,1654,4047,8,8
1668392281,2022-11-13 20:18:01 -0600,0cc6b55ed2b98861b476010adc84db8bd889a115,TX,48377,2,2022-11-09T01:00:00.000Z,FIPSCode,48377,0,2022-11-14T01:49:18.011Z,8,98.98,8,100,62962,1025,61.97,62492,550,33.25,63492,79,4.78,1671,99,1654,4047,8,8
1668392315,2022-11-13 20:18:35 -0600,e55e960b678b181eb554d7dcb0aa9cdff12903c1,TX,48377,2,2022-11-09T01:00:00.000Z,FIPSCode,48377,0,2022-11-14T01:49:18.011Z,8,98.98,8,100,62962,1025,61.97,62492,550,33.25,63492,79,4.78,1671,99,1654,4047,8,8
1668392337,2022-11-13 20:18:57 -0600,6a66443fe92c80304f13013b88f688d283e8a8fc,TX,48377,2,2022-11-09T01:00:00.000Z,FIPSCode,48377,0,2022-11-14T01:49:18.011Z,8,98.98,8,100,62962,1025,61.97,62492,550,33.25,63492,79,4.78,1671,99,1654,4047,8,8
1668392373,2022-11-13 20:19:33 -0600,f4106dc92be691e88c235df63645c219a560be01,TX,48377,2,2022-11-09T01:00:00.000Z,FIPSCode,48377,0,2022-11-14T01:49:18.011Z,8,98.98,8,100,62962,1025,61.97,62492,550,33.25,63492,79,4.78,1671,99,1654,4047,8,8
1668392399,2022-11-13 20:19:59 -0600,dffcfa8a26c76ce57050095bb3643d3389441ace,TX,48377,2,2022-11-09T01:00:00.000Z,FIPSCode,48377,0,2022-11-14T01:49:18.011Z,8,98.98,8,100,62962,1025,61.97,62492,550,33.25,63492,79,4.78,1671,99,1654,4047,8,8
1668392429,2022-11-13 20:20:29 -0600,cd77227cbbd9abd50612ef15645e6dfbccaf7f0c,TX,48377,2,2022-11-09T01:00:00.000Z,FIPSCode,48377,0,2022-11-14T01:49:18.011Z,8,98.98,8,100,62962,1025,61.97,62492,550,33.25,63492,79,4.78,1671,99,1654,4047,8,8
1668392441,2022-11-13 20:20:41 -0600,eaeebdcf85921fcc6b4fbf79371927315eb5adb9,TX,48377,2,2022-11-09T01:00:00.000Z,FIPSCode,48377,0,2022-11-14T01:49:18.011Z,8,98.98,8,100,62962,1025,61.97,62492,550,33.25,63492,79,4.78,1671,99,1654,4047,8,8
1668392459,2022-11-13 20:20:59 -0600,0d400de17eb0fccd853d2562f558ee8f57bd2238,TX,48377,2,2022-11-09T01:00:00.000Z,FIPSCode,48377,0,2022-11-14T01:49:18.011Z,8,98.98,8,100,62962,1025,61.97,62492,550,33.25,63492,79,4.78,1671,99,1654,4047,8,8
1668392494,2022-11-13 20:21:34 -0600,c9a24498342a224a8f587539faacc70a6a26a5c2,TX,48377,2,2022-11-09T01:00:00.000Z,FIPSCode,48377,0,2022-11-14T01:49:18.011Z,8,98.98,8,100,62962,1025,61.97,62492,550,33.25,63492,79,4.78,1671,99,1654,4047,8,8
1668392553,2022-11-13 20:22:33 -0600,44ba83243d4ef6c4e34b6eb1656caca9f7786dc3,TX,48377,2,2022-11-09T01:00:00.000Z,FIPSCode,48377,0,2022-11-14T01:49:18.011Z,8,98.98,8,100,62962,1025,61.97,62492,550,33.25,63492,79,4.78,1671,99,1654,4047,8,8
1668392612,2022-11-13 20:23:32 -0600,6676823e83d2714ff0231468a698b268f8221a8c,TX,48377,2,2022-11-09T01:00:00.000Z,FIPSCode,48377,0,2022-11-14T01:49:18.011Z,8,98.98,8,100,62962,1025,61.97,62492,550,33.25,63492,79,4.78,1671,99,1654,4047,8,8
1668392624,2022-11-13 20:23:44 -0600,405ce27e1b4a81d013c14650a4cf76cd7376d241,TX,48377,2,2022-11-09T01:00:00.000Z,FIPSCode,48377,0,2022-11-14T01:49:18.011Z,8,98.98,8,100,62962,1025,61.97,62492,550,33.25,63492,79,4.78,1671,99,1654,4047,8,8
1668392635,2022-11-13 20:23:55 -0600,f876710f7a8956a2e5c2858434be33f0c03bffc4,TX,48377,2,2022-11-09T01:00:00.000Z,FIPSCode,48377,0,2022-11-14T01:49:18.011Z,8,98.98,8,100,62962,1025,61.97,62492,550,33.25,63492,79,4.78,1671,99,1654,4047,8,8
1668392647,2022-11-13 20:24:07 -0600,cadd55917e25c68a5d44fad65f4b53d5942835a2,TX,48377,2,2022-11-09T01:00:00.000Z,FIPSCode,48377,0,2022-11-14T01:49:18.011Z,8,98.98,8,100,62962,1025,61.97,62492,550,33.25,63492,79,4.78,1671,99,1654,4047,8,8
1668392670,2022-11-13 20:24:30 -0600,de3c5f61a86e0d92e8b092d6b108f5bcee9f55de,TX,48377,2,2022-11-09T01:00:00.000Z,FIPSCode,48377,0,2022-11-14T01:49:18.011Z,8,98.98,8,100,62962,1025,61.97,62492,550,33.25,63492,79,4.78,1671,99,1654,4047,8,8
1668392698,2022-11-13 20:24:58 -0600,7ff5b2e27ea76e52d86f50119f72a0d9c3a966e0,TX,48377,2,2022-11-09T01:00:00.000Z,FIPSCode,48377,0,2022-11-14T01:49:18.011Z,8,98.98,8,100,62962,1025,61.97,62492,550,33.25,63492,79,4.78,1671,99,1654,4047,8,8
1668392739,2022-11-13 20:25:39 -0600,9d5dd2b792449a34577d75caa9b038e567d3d261,TX,48377,2,2022-11-09T01:00:00.000Z,FIPSCode,48377,0,2022-11-14T01:49:18.011Z,8,98.98,8,100,62962,1025,61.97,62492,550,33.25,63492,79,4.78,1671,99,1654,4047,8,8
1668392761,2022-11-13 20:26:01 -0600,d99dde424771b9913e406ceee8f13abdd00bba7b,TX,48377,2,2022-11-09T01:00:00.000Z,FIPSCode,48377,0,2022-11-14T01:49:18.011Z,8,98.98,8,100,62962,1025,61.97,62492,550,33.25,63492,79,4.78,1671,99,1654,4047,8,8
1668392798,2022-11-13 20:26:38 -0600,54c4b55e06e8fabdcbd02235a68868b0f497c7d5,TX,48377,2,2022-11-09T01:00:00.000Z,FIPSCode,48377,0,2022-11-14T01:49:18.011Z,8,98.98,8,100,62962,1025,61.97,62492,550,33.25,63492,79,4.78,1671,99,1654,4047,8,8
1668392810,2022-11-13 20:26:50 -0600,5602b1907beb350f84b1962af564e19eeba85d9b,TX,48377,2,2022-11-09T01:00:00.000Z,FIPSCode,48377,0,2022-11-14T01:49:18.011Z,8,98.98,8,100,62962,1025,61.97,62492,550,33.25,63492,79,4.78,1671,99,1654,4047,8,8
1668392827,2022-11-13 20:27:07 -0600,962f2628a696aabc6e2bd08b2d6b5c8c1c741191,TX,48377,2,2022-11-09T01:00:00.000Z,FIPSCode,48377,0,2022-11-14T01:49:18.011Z,8,98.98,8,100,62962,1025,61.97,62492,550,33.25,63492,79,4.78,1671,99,1654,4047,8,8
1668392855,2022-11-13 20:27:35 -0600,65846adb2d068ec1b4a3ae8a9218def1c46c687a,TX,48377,2,2022-11-09T01:00:00.000Z,FIPSCode,48377,0,2022-11-14T01:49:18.011Z,8,98.98,8,100,62962,1025,61.97,62492,550,33.25,63492,79,4.78,1671,99,1654,4047,8,8
1668392889,2022-11-13 20:28:09 -0600,77b350147c63107b05ce73d6450305d931e85da1,TX,48377,2,2022-11-09T01:00:00.000Z,FIPSCode,48377,0,2022-11-14T01:49:18.011Z,8,98.98,8,100,62962,1025,61.97,62492,550,33.25,63492,79,4.78,1671,99,1654,4047,8,8
1668392919,2022-11-13 20:28:39 -0600,aba7b94c9be31ce276252fb88f7fe428788ac767,TX,48377,2,2022-11-09T01:00:00.000Z,FIPSCode,48377,0,2022-11-14T01:49:18.011Z,8,98.98,8,100,62962,1025,61.97,62492,550,33.25,63492,79,4.78,1671,99,1654,4047,8,8
1668392955,2022-11-13 20:29:15 -0600,97f7662562468cd4edd6cfef72c031d3c6b761af,TX,48377,2,2022-11-09T01:00:00.000Z,FIPSCode,48377,0,2022-11-14T01:49:18.011Z,8,98.98,8,100,62962,1025,61.97,62492,550,33.25,63492,79,4.78,1671,99,1654,4047,8,8
1668392978,2022-11-13 20:29:38 -0600,6b79a96b515bef36576484a3afcf99f8bdbf0e0a,TX,48377,2,2022-11-09T01:00:00.000Z,FIPSCode,48377,0,2022-11-14T01:49:18.011Z,8,98.98,8,100,62962,1025,61.97,62492,550,33.25,63492,79,4.78,1671,99,1654,4047,8,8
1668393012,2022-11-13 20:30:12 -0600,e6da70c7ed64a133ef3efcc74394ddba7e115f4e,TX,48377,2,2022-11-09T01:00:00.000Z,FIPSCode,48377,0,2022-11-14T01:49:18.011Z,8,98.98,8,100,62962,1025,61.97,62492,550,33.25,63492,79,4.78,1671,99,1654,4047,8,8
1668393036,2022-11-13 20:30:36 -0600,870fa635dfabe42e577ed3b13fc0f5bad6acee33,TX,48377,2,2022-11-09T01:00:00.000Z,FIPSCode,48377,0,2022-11-14T01:49:18.011Z,8,98.98,8,100,62962,1025,61.97,62492,550,33.25,63492,79,4.78,1671,99,1654,4047,8,8
1668393067,2022-11-13 20:31:07 -0600,15df8be56e3616e6bdba9264821b32fd15b872e3,TX,48377,2,2022-11-09T01:00:00.000Z,FIPSCode,48377,0,2022-11-14T01:49:18.011Z,8,98.98,8,100,62962,1025,61.97,62492,550,33.25,63492,79,4.78,1671,99,1654,4047,8,8
1668393096,2022-11-13 20:31:36 -0600,f5ebc1e7e357efa88225e76d6b69a1536da8dfc2,TX,48377,2,2022-11-09T01:00:00.000Z,FIPSCode,48377,0,2022-11-14T01:49:18.011Z,8,98.98,8,100,62962,1025,61.97,62492,550,33.25,63492,79,4.78,1671,99,1654,4047,8,8
1668393114,2022-11-13 20:31:54 -0600,0fcf1e9c14c5cf8761c059c3dab5756a06f95116,TX,48377,2,2022-11-09T01:00:00.000Z,FIPSCode,48377,0,2022-11-14T01:49:18.011Z,8,98.98,8,100,62962,1025,61.97,62492,550,33.25,63492,79,4.78,1671,99,1654,4047,8,8
1668393154,2022-11-13 20:32:34 -0600,bc026707c014dd371a284d79b44513d20c02af07,TX,48377,2,2022-11-09T01:00:00.000Z,FIPSCode,48377,0,2022-11-14T01:49:18.011Z,8,98.98,8,100,62962,1025,61.97,62492,550,33.25,63492,79,4.78,1671,99,1654,4047,8,8
1668393183,2022-11-13 20:33:03 -0600,6f65f4cb72165e4249ec2596f03d44731bb46735,TX,48377,2,2022-11-09T01:00:00.000Z,FIPSCode,48377,0,2022-11-14T01:49:18.011Z,8,98.98,8,100,62962,1025,61.97,62492,550,33.25,63492,79,4.78,1671,99,1654,4047,8,8
1668393223,2022-11-13 20:33:43 -0600,00c55d2ac78010ce6f51af42d3416a65ecc46499,TX,48377,2,2022-11-09T01:00:00.000Z,FIPSCode,48377,0,2022-11-14T01:49:18.011Z,8,98.98,8,100,62962,1025,61.97,62492,550,33.25,63492,79,4.78,1671,99,1654,4047,8,8
1668393239,2022-11-13 20:33:59 -0600,e446a865acb85747b31d7706eac87fa17ff7d032,TX,48377,2,2022-11-09T01:00:00.000Z,FIPSCode,48377,0,2022-11-14T01:49:18.011Z,8,98.98,8,100,62962,1025,61.97,62492,550,33.25,63492,79,4.78,1671,99,1654,4047,8,8
1668393270,2022-11-13 20:34:30 -0600,bb59e8283d0fa59d04fc6b5da5c303a2b50fb56d,TX,48377,2,2022-11-09T01:00:00.000Z,FIPSCode,48377,0,2022-11-14T01:49:18.011Z,8,98.98,8,100,62962,1025,61.97,62492,550,33.25,63492,79,4.78,1671,99,1654,4047,8,8
1668393304,2022-11-13 20:35:04 -0600,12bf0e470240ba4c74a1681789c80f873fbbd691,TX,48377,2,2022-11-09T01:00:00.000Z,FIPSCode,48377,0,2022-11-14T01:49:18.011Z,8,98.98,8,100,62962,1025,61.97,62492,550,33.25,63492,79,4.78,1671,99,1654,4047,8,8
1668393332,2022-11-13 20:35:32 -0600,acfb13d0426ecc18069d7ba1c4c83649d8c6cedd,TX,48377,2,2022-11-09T01:00:00.000Z,FIPSCode,48377,0,2022-11-14T01:49:18.011Z,8,98.98,8,100,62962,1025,61.97,62492,550,33.25,63492,79,4.78,1671,99,1654,4047,8,8
1668393371,2022-11-13 20:36:11 -0600,2e175914cfcca12ff0e6864e2b4f4cdd68b64e7e,TX,48377,2,2022-11-09T01:00:00.000Z,FIPSCode,48377,0,2022-11-14T01:49:18.011Z,8,98.98,8,100,62962,1025,61.97,62492,550,33.25,63492,79,4.78,1671,99,1654,4047,8,8
1668393406,2022-11-13 20:36:46 -0600,d1854412e8c3a3dae1c379b2443adcab95d38462,TX,48377,2,2022-11-09T01:00:00.000Z,FIPSCode,48377,0,2022-11-14T01:49:18.011Z,8,98.98,8,100,62962,1025,61.97,62492,550,33.25,63492,79,4.78,1671,99,1654,4047,8,8
1668393417,2022-11-13 20:36:57 -0600,601393ad6e48f3f9f1cd6388dbcfcc7b2b3354d0,TX,48377,2,2022-11-09T01:00:00.000Z,FIPSCode,48377,0,2022-11-14T01:49:18.011Z,8,98.98,8,100,62962,1025,61.97,62492,550,33.25,63492,79,4.78,1671,99,1654,4047,8,8
1668393430,2022-11-13 20:37:10 -0600,9132db01da418e4e018318c1fe849b0b8e8df4ee,TX,48377,2,2022-11-09T01:00:00.000Z,FIPSCode,48377,0,2022-11-14T01:49:18.011Z,8,98.98,8,100,62962,1025,61.97,62492,550,33.25,63492,79,4.78,1671,99,1654,4047,8,8
1668393454,2022-11-13 20:37:34 -0600,6edbe9ff5ef005a520f9dbe48ed01b7872eff1b8,TX,48377,2,2022-11-09T01:00:00.000Z,FIPSCode,48377,0,2022-11-14T01:49:18.011Z,8,98.98,8,100,62962,1025,61.97,62492,550,33.25,63492,79,4.78,1671,99,1654,4047,8,8
1668393488,2022-11-13 20:38:08 -0600,8def072c6e7a7a7a898b3c011c53c6fb5ee0c5af,TX,48377,2,2022-11-09T01:00:00.000Z,FIPSCode,48377,0,2022-11-14T01:49:18.011Z,8,98.98,8,100,62962,1025,61.97,62492,550,33.25,63492,79,4.78,1671,99,1654,4047,8,8
1668393511,2022-11-13 20:38:31 -0600,aace47deb5d318b28c01b374b3a0ecfd3eb434c1,TX,48377,2,2022-11-09T01:00:00.000Z,FIPSCode,48377,0,2022-11-14T01:49:18.011Z,8,98.98,8,100,62962,1025,61.97,62492,550,33.25,63492,79,4.78,1671,99,1654,4047,8,8
1668393535,2022-11-13 20:38:55 -0600,5ec0fbee9129667904807b0baf5c4278e7c1b679,TX,48377,2,2022-11-09T01:00:00.000Z,FIPSCode,48377,0,2022-11-14T01:49:18.011Z,8,98.98,8,100,62962,1025,61.97,62492,550,33.25,63492,79,4.78,1671,99,1654,4047,8,8
1668393571,2022-11-13 20:39:31 -0600,135d2f822603c41cf7edb98f76c56e72d2e4f7d1,TX,48377,2,2022-11-09T01:00:00.000Z,FIPSCode,48377,0,2022-11-14T01:49:18.011Z,8,98.98,8,100,62962,1025,61.97,62492,550,33.25,63492,79,4.78,1671,99,1654,4047,8,8
1668393596,2022-11-13 20:39:56 -0600,eda4ed3070642c0572438b43e368185357ba214b,TX,48377,2,2022-11-09T01:00:00.000Z,FIPSCode,48377,0,2022-11-14T01:49:18.011Z,8,98.98,8,100,62962,1025,61.97,62492,550,33.25,63492,79,4.78,1671,99,1654,4047,8,8
1668393638,2022-11-13 20:40:38 -0600,0bd5510385403ee52d6685b3dff3758d38db9da1,TX,48377,2,2022-11-09T01:00:00.000Z,FIPSCode,48377,0,2022-11-14T01:49:18.011Z,8,98.98,8,100,62962,1025,61.97,62492,550,33.25,63492,79,4.78,1671,99,1654,4047,8,8
1668393650,2022-11-13 20:40:50 -0600,005108abab138a6eb06603ba18c22df2c2ec3715,TX,48377,2,2022-11-09T01:00:00.000Z,FIPSCode,48377,0,2022-11-14T01:49:18.011Z,8,98.98,8,100,62962,1025,61.97,62492,550,33.25,63492,79,4.78,1671,99,1654,4047,8,8
1668393691,2022-11-13 20:41:31 -0600,eb5bbc4f4d0e18f7fd1887349690acb0b6442949,TX,48377,2,2022-11-09T01:00:00.000Z,FIPSCode,48377,0,2022-11-14T01:49:18.011Z,8,98.98,8,100,62962,1025,61.97,62492,550,33.25,63492,79,4.78,1671,99,1654,4047,8,8
1668393757,2022-11-13 20:42:37 -0600,75fa08e4986c473f50fac28155775150fc1b59d3,TX,48377,2,2022-11-09T01:00:00.000Z,FIPSCode,48377,0,2022-11-14T01:49:18.011Z,8,98.98,8,100,62962,1025,61.97,62492,550,33.25,63492,79,4.78,1671,99,1654,4047,8,8
1668393785,2022-11-13 20:43:05 -0600,e5446f8c547e0b0b396ea2fe09eb71217ecf4372,TX,48377,2,2022-11-09T01:00:00.000Z,FIPSCode,48377,0,2022-11-14T01:49:18.011Z,8,98.98,8,100,62962,1025,61.97,62492,550,33.25,63492,79,4.78,1671,99,1654,4047,8,8
1668393814,2022-11-13 20:43:34 -0600,ef0f58faeb1fd2694c1b6251574d66d484f0e44b,TX,48377,2,2022-11-09T01:00:00.000Z,FIPSCode,48377,0,2022-11-14T01:49:18.011Z,8,98.98,8,100,62962,1025,61.97,62492,550,33.25,63492,79,4.78,1671,99,1654,4047,8,8
1668393854,2022-11-13 20:44:14 -0600,416e15e29d87d5ddb3e6238be4e17c2f659f1271,TX,48377,2,2022-11-09T01:00:00.000Z,FIPSCode,48377,0,2022-11-14T01:49:18.011Z,8,98.98,8,100,62962,1025,61.97,62492,550,33.25,63492,79,4.78,1671,99,1654,4047,8,8
1668393873,2022-11-13 20:44:33 -0600,0a3e3c98668265377a9f24e8053890f2c75de0df,TX,48377,2,2022-11-09T01:00:00.000Z,FIPSCode,48377,0,2022-11-14T01:49:18.011Z,8,98.98,8,100,62962,1025,61.97,62492,550,33.25,63492,79,4.78,1671,99,1654,4047,8,8
1668393907,2022-11-13 20:45:07 -0600,d45fc4b46e6daeea51f7864d788164b9f3c2f752,TX,48377,2,2022-11-09T01:00:00.000Z,FIPSCode,48377,0,2022-11-14T01:49:18.011Z,8,98.98,8,100,62962,1025,61.97,62492,550,33.25,63492,79,4.78,1671,99,1654,4047,8,8
1668393936,2022-11-13 20:45:36 -0600,88cfb526e11b2a5a6685a2d364afcbef621848f2,TX,48377,2,2022-11-09T01:00:00.000Z,FIPSCode,48377,0,2022-11-14T01:49:18.011Z,8,98.98,8,100,62962,1025,61.97,62492,550,33.25,63492,79,4.78,1671,99,1654,4047,8,8
1668393965,2022-11-13 20:46:05 -0600,b6d7d4e54af798f7896f0c3ff479e08cf6b83d4d,TX,48377,2,2022-11-09T01:00:00.000Z,FIPSCode,48377,0,2022-11-14T01:49:18.011Z,8,98.98,8,100,62962,1025,61.97,62492,550,33.25,63492,79,4.78,1671,99,1654,4047,8,8
1668393988,2022-11-13 20:46:28 -0600,d4678932f5df71316468b8423d67eba174118d30,TX,48377,2,2022-11-09T01:00:00.000Z,FIPSCode,48377,0,2022-11-14T01:49:18.011Z,8,98.98,8,100,62962,1025,61.97,62492,550,33.25,63492,79,4.78,1671,99,1654,4047,8,8
1668394001,2022-11-13 20:46:41 -0600,76df96e3c9bb838f4c5aa6cb9c9859774d139863,TX,48377,2,2022-11-09T01:00:00.000Z,FIPSCode,48377,0,2022-11-14T01:49:18.011Z,8,98.98,8,100,62962,1025,61.97,62492,550,33.25,63492,79,4.78,1671,99,1654,4047,8,8
1668394030,2022-11-13 20:47:10 -0600,bd8ebcd6fa8e0b76e6f48019b5712a991793da63,TX,48377,2,2022-11-09T01:00:00.000Z,FIPSCode,48377,0,2022-11-14T01:49:18.011Z,8,98.98,8,100,62962,1025,61.97,62492,550,33.25,63492,79,4.78,1671,99,1654,4047,8,8
1668394054,2022-11-13 20:47:34 -0600,edf086a8f5106887e85d10e80d443b8c175a161e,TX,48377,2,2022-11-09T01:00:00.000Z,FIPSCode,48377,0,2022-11-14T01:49:18.011Z,8,98.98,8,100,62962,1025,61.97,62492,550,33.25,63492,79,4.78,1671,99,1654,4047,8,8
1668394089,2022-11-13 20:48:09 -0600,cf7784097de9005449e2de2ac8ab5195a0620ffd,TX,48377,2,2022-11-09T01:00:00.000Z,FIPSCode,48377,0,2022-11-14T01:49:18.011Z,8,98.98,8,100,62962,1025,61.97,62492,550,33.25,63492,79,4.78,1671,99,1654,4047,8,8
1668394113,2022-11-13 20:48:33 -0600,6129e6bbe171ed7107ade8f0c372a4094e8f6f74,TX,48377,2,2022-11-09T01:00:00.000Z,FIPSCode,48377,0,2022-11-14T01:49:18.011Z,8,98.98,8,100,62962,1025,61.97,62492,550,33.25,63492,79,4.78,1671,99,1654,4047,8,8
1668394136,2022-11-13 20:48:56 -0600,de8a7fedb33cfb2dabfd05c3d80635f673da272d,TX,48377,2,2022-11-09T01:00:00.000Z,FIPSCode,48377,0,2022-11-14T01:49:18.011Z,8,98.98,8,100,62962,1025,61.97,62492,550,33.25,63492,79,4.78,1671,99,1654,4047,8,8
1668394142,2022-11-13 20:49:02 -0600,fc26430ca3306f80234771699496bd068aefeddb,TX,48377,2,2022-11-09T01:00:00.000Z,FIPSCode,48377,0,2022-11-14T01:49:18.011Z,8,98.98,8,100,62962,1025,61.97,62492,550,33.25,63492,79,4.78,1671,99,1654,4047,8,8
1668394176,2022-11-13 20:49:36 -0600,5744061fcfda11a040b3fb11cdad9a557b47766d,TX,48377,2,2022-11-09T01:00:00.000Z,FIPSCode,48377,0,2022-11-14T01:49:18.011Z,8,98.98,8,100,62962,1025,61.97,62492,550,33.25,63492,79,4.78,1671,99,1654,4047,8,8
1668394206,2022-11-13 20:50:06 -0600,20eb140bc3e0b7bdc567182f31667c52ddbf3e40,TX,48377,2,2022-11-09T01:00:00.000Z,FIPSCode,48377,0,2022-11-14T01:49:18.011Z,8,98.98,8,100,62962,1025,61.97,62492,550,33.25,63492,79,4.78,1671,99,1654,4047,8,8
1668394234,2022-11-13 20:50:34 -0600,f7a74cd5461553f1df73573ce5bf6ce6363c4a58,TX,48377,2,2022-11-09T01:00:00.000Z,FIPSCode,48377,0,2022-11-14T01:49:18.011Z,8,98.98,8,100,62962,1025,61.97,62492,550,33.25,63492,79,4.78,1671,99,1654,4047,8,8
1668394265,2022-11-13 20:51:05 -0600,c9aae31217cbc1f8b3a8ebaac4e4395cf80150fb,TX,48377,2,2022-11-09T01:00:00.000Z,FIPSCode,48377,0,2022-11-14T01:49:18.011Z,8,98.98,8,100,62962,1025,61.97,62492,550,33.25,63492,79,4.78,1671,99,1654,4047,8,8
1668394302,2022-11-13 20:51:42 -0600,8f3506f3cef5be5d6dc1db116a13d23d743327be,TX,48377,2,2022-11-09T01:00:00.000Z,FIPSCode,48377,0,2022-11-14T01:49:18.011Z,8,98.98,8,100,62962,1025,61.97,62492,550,33.25,63492,79,4.78,1671,99,1654,4047,8,8
1668394325,2022-11-13 20:52:05 -0600,ebf0b394ff7c4aa93c5fbe07204a8876f714e515,TX,48377,2,2022-11-09T01:00:00.000Z,FIPSCode,48377,0,2022-11-14T01:49:18.011Z,8,98.98,8,100,62962,1025,61.97,62492,550,33.25,63492,79,4.78,1671,99,1654,4047,8,8
1668394350,2022-11-13 20:52:30 -0600,32dfc6dd59c5782671b3730aed07d65e22e934e2,TX,48377,2,2022-11-09T01:00:00.000Z,FIPSCode,48377,0,2022-11-14T01:49:18.011Z,8,98.98,8,100,62962,1025,61.97,62492,550,33.25,63492,79,4.78,1671,99,1654,4047,8,8
1668394361,2022-11-13 20:52:41 -0600,3d78a33ac0a47a3b35a01e82cf56da74d2e0cec1,TX,48377,2,2022-11-09T01:00:00.000Z,FIPSCode,48377,0,2022-11-14T01:49:18.011Z,8,98.98,8,100,62962,1025,61.97,62492,550,33.25,63492,79,4.78,1671,99,1654,4047,8,8
1668394389,2022-11-13 20:53:09 -0600,2fececbd7d7979036050962ce955e1f441fc2e85,TX,48377,2,2022-11-09T01:00:00.000Z,FIPSCode,48377,0,2022-11-14T01:49:18.011Z,8,98.98,8,100,62962,1025,61.97,62492,550,33.25,63492,79,4.78,1671,99,1654,4047,8,8
1668394400,2022-11-13 20:53:20 -0600,8b67bb039dcc45d509bdcc15f0dc6ea603ff03dd,TX,48377,2,2022-11-09T01:00:00.000Z,FIPSCode,48377,0,2022-11-14T01:49:18.011Z,8,98.98,8,100,62962,1025,61.97,62492,550,33.25,63492,79,4.78,1671,99,1654,4047,8,8
1668394418,2022-11-13 20:53:38 -0600,e7e82fc5bee8bab93bb713ed7a49adb8ca2c5c39,TX,48377,2,2022-11-09T01:00:00.000Z,FIPSCode,48377,0,2022-11-14T01:49:18.011Z,8,98.98,8,100,62962,1025,61.97,62492,550,33.25,63492,79,4.78,1671,99,1654,4047,8,8
1668394430,2022-11-13 20:53:50 -0600,56a62a1170d331465b66930b2eda55ed10eadd16,TX,48377,2,2022-11-09T01:00:00.000Z,FIPSCode,48377,0,2022-11-14T01:49:18.011Z,8,98.98,8,100,62962,1025,61.97,62492,550,33.25,63492,79,4.78,1671,99,1654,4047,8,8
1668394472,2022-11-13 20:54:32 -0600,37f41a4dc868398342b1ced210c1fe615bbd522e,TX,48377,2,2022-11-09T01:00:00.000Z,FIPSCode,48377,0,2022-11-14T01:49:18.011Z,8,98.98,8,100,62962,1025,61.97,62492,550,33.25,63492,79,4.78,1671,99,1654,4047,8,8
1668394492,2022-11-13 20:54:52 -0600,c174c62eecbba4116bd686d7bc007defaf8ada68,TX,48377,2,2022-11-09T01:00:00.000Z,FIPSCode,48377,0,2022-11-14T01:49:18.011Z,8,98.98,8,100,62962,1025,61.97,62492,550,33.25,63492,79,4.78,1671,99,1654,4047,8,8
1668394533,2022-11-13 20:55:33 -0600,dac203ffe4bc1992fd210256535f29ed11e7104e,TX,48377,2,2022-11-09T01:00:00.000Z,FIPSCode,48377,0,2022-11-14T01:49:18.011Z,8,98.98,8,100,62962,1025,61.97,62492,550,33.25,63492,79,4.78,1671,99,1654,4047,8,8
1668394561,2022-11-13 20:56:01 -0600,72263246f4b725453b4cd5ba697195e770acb0bc,TX,48377,2,2022-11-09T01:00:00.000Z,FIPSCode,48377,0,2022-11-14T01:49:18.011Z,8,98.98,8,100,62962,1025,61.97,62492,550,33.25,63492,79,4.78,1671,99,1654,4047,8,8
1668394722,2022-11-13 20:58:42 -0600,11cfa3bd12dba660021ce3a46898956c57e838a1,TX,48377,2,2022-11-09T01:00:00.000Z,FIPSCode,48377,0,2022-11-14T01:49:18.011Z,8,98.98,8,100,62962,1025,61.97,62492,550,33.25,63492,79,4.78,1671,99,1654,4047,8,8
1668394735,2022-11-13 20:58:55 -0600,594c798b1ccafc62c1111b5d9485696d9580ce76,TX,48377,2,2022-11-09T01:00:00.000Z,FIPSCode,48377,0,2022-11-14T01:49:18.011Z,8,98.98,8,100,62962,1025,61.97,62492,550,33.25,63492,79,4.78,1671,99,1654,4047,8,8
1668394775,2022-11-13 20:59:35 -0600,81cb81e97049bc3ec8c311d9b719b0f8cfc64f90,TX,48377,2,2022-11-09T01:00:00.000Z,FIPSCode,48377,0,2022-11-14T01:49:18.011Z,8,98.98,8,100,62962,1025,61.97,62492,550,33.25,63492,79,4.78,1671,99,1654,4047,8,8
1668394801,2022-11-13 21:00:01 -0600,015efe66c91ebcab82904d18fd23266e8c49a744,TX,48377,2,2022-11-09T01:00:00.000Z,FIPSCode,48377,0,2022-11-14T01:49:18.011Z,8,98.98,8,100,62962,1025,61.97,62492,550,33.25,63492,79,4.78,1671,99,1654,4047,8,8
1668394837,2022-11-13 21:00:37 -0600,e58e5882d686550eda7bdcc5639b5fbbede26170,TX,48377,2,2022-11-09T01:00:00.000Z,FIPSCode,48377,0,2022-11-14T01:49:18.011Z,8,98.98,8,100,62962,1025,61.97,62492,550,33.25,63492,79,4.78,1671,99,1654,4047,8,8
1668394854,2022-11-13 21:00:54 -0600,40762edba7bf85aa38784b915a327b24ed9e910a,TX,48377,2,2022-11-09T01:00:00.000Z,FIPSCode,48377,0,2022-11-14T01:49:18.011Z,8,98.98,8,100,62962,1025,61.97,62492,550,33.25,63492,79,4.78,1671,99,1654,4047,8,8
1668394888,2022-11-13 21:01:28 -0600,ff8b14a268e7b54e39a07a1d0e6e1f7d73a4383d,TX,48377,2,2022-11-09T01:00:00.000Z,FIPSCode,48377,0,2022-11-14T01:49:18.011Z,8,98.98,8,100,62962,1025,61.97,62492,550,33.25,63492,79,4.78,1671,99,1654,4047,8,8
1668394955,2022-11-13 21:02:35 -0600,e3eace22a3a244b87f0e3eb45ca3d83765533591,TX,48377,2,2022-11-09T01:00:00.000Z,FIPSCode,48377,0,2022-11-14T01:49:18.011Z,8,98.98,8,100,62962,1025,61.97,62492,550,33.25,63492,79,4.78,1671,99,1654,4047,8,8
1668394985,2022-11-13 21:03:05 -0600,cec3b992ba290574b3bce9a706c68f1fc25e9c03,TX,48377,2,2022-11-09T01:00:00.000Z,FIPSCode,48377,0,2022-11-14T01:49:18.011Z,8,98.98,8,100,62962,1025,61.97,62492,550,33.25,63492,79,4.78,1671,99,1654,4047,8,8
1668395014,2022-11-13 21:03:34 -0600,f017ebc1037e3029f497025ba7f6f58531522fce,TX,48377,2,2022-11-09T01:00:00.000Z,FIPSCode,48377,0,2022-11-14T01:49:18.011Z,8,98.98,8,100,62962,1025,61.97,62492,550,33.25,63492,79,4.78,1671,99,1654,4047,8,8
1668395074,2022-11-13 21:04:34 -0600,d7b4e5a7f8bcc208bd0396186d1029e299e282eb,TX,48377,2,2022-11-09T01:00:00.000Z,FIPSCode,48377,0,2022-11-14T01:49:18.011Z,8,98.98,8,100,62962,1025,61.97,62492,550,33.25,63492,79,4.78,1671,99,1654,4047,8,8
1668395098,2022-11-13 21:04:58 -0600,78c1eb8d18d093873d4314d37a5f6c087eec5014,TX,48377,2,2022-11-09T01:00:00.000Z,FIPSCode,48377,0,2022-11-14T01:49:18.011Z,8,98.98,8,100,62962,1025,61.97,62492,550,33.25,63492,79,4.78,1671,99,1654,4047,8,8
1668395139,2022-11-13 21:05:39 -0600,5856c67f96cdda8128e336b28a31fe476dbad71b,TX,48377,2,2022-11-09T01:00:00.000Z,FIPSCode,48377,0,2022-11-14T01:49:18.011Z,8,98.98,8,100,62962,1025,61.97,62492,550,33.25,63492,79,4.78,1671,99,1654,4047,8,8
1668395162,2022-11-13 21:06:02 -0600,f933185a49b486f6ebe08a281b0d34700ece1682,TX,48377,2,2022-11-09T01:00:00.000Z,FIPSCode,48377,0,2022-11-14T01:49:18.011Z,8,98.98,8,100,62962,1025,61.97,62492,550,33.25,63492,79,4.78,1671,99,1654,4047,8,8
1668395173,2022-11-13 21:06:13 -0600,440decb51e9ce6fdb3cf87028051db4d422a9f5c,TX,48377,2,2022-11-09T01:00:00.000Z,FIPSCode,48377,0,2022-11-14T01:49:18.011Z,8,98.98,8,100,62962,1025,61.97,62492,550,33.25,63492,79,4.78,1671,99,1654,4047,8,8
1668395193,2022-11-13 21:06:33 -0600,67e94f071fe3ef3a881b75ef6642cdf15c93cabb,TX,48377,2,2022-11-09T01:00:00.000Z,FIPSCode,48377,0,2022-11-14T01:49:18.011Z,8,98.98,8,100,62962,1025,61.97,62492,550,33.25,63492,79,4.78,1671,99,1654,4047,8,8
1668395225,2022-11-13 21:07:05 -0600,26f5ca51eef92048f8892455c0ac03f5a7e8c74a,TX,48377,2,2022-11-09T01:00:00.000Z,FIPSCode,48377,0,2022-11-14T01:49:18.011Z,8,98.98,8,100,62962,1025,61.97,62492,550,33.25,63492,79,4.78,1671,99,1654,4047,8,8
1668395248,2022-11-13 21:07:28 -0600,04277ac199755deefa3345653c7272f0c8884278,TX,48377,2,2022-11-09T01:00:00.000Z,FIPSCode,48377,0,2022-11-14T01:49:18.011Z,8,98.98,8,100,62962,1025,61.97,62492,550,33.25,63492,79,4.78,1671,99,1654,4047,8,8
1668395260,2022-11-13 21:07:40 -0600,0facf47cee5239dcab2f70ae5b7a0c00d0cd94aa,TX,48377,2,2022-11-09T01:00:00.000Z,FIPSCode,48377,0,2022-11-14T01:49:18.011Z,8,98.98,8,100,62962,1025,61.97,62492,550,33.25,63492,79,4.78,1671,99,1654,4047,8,8
1668395306,2022-11-13 21:08:26 -0600,21286981568d972aa63767100ea65cf5478fa668,TX,48377,2,2022-11-09T01:00:00.000Z,FIPSCode,48377,0,2022-11-14T01:49:18.011Z,8,98.98,8,100,62962,1025,61.97,62492,550,33.25,63492,79,4.78,1671,99,1654,4047,8,8
1668395348,2022-11-13 21:09:08 -0600,11d9bfcdd262fe68d851ef5bea2b42156dbd6325,TX,48377,2,2022-11-09T01:00:00.000Z,FIPSCode,48377,0,2022-11-14T01:49:18.011Z,8,98.98,8,100,62962,1025,61.97,62492,550,33.25,63492,79,4.78,1671,99,1654,4047,8,8
1668395371,2022-11-13 21:09:31 -0600,1b27687a43e97bbd36a3b98ae250d11fe127cfaf,TX,48377,2,2022-11-09T01:00:00.000Z,FIPSCode,48377,0,2022-11-14T01:49:18.011Z,8,98.98,8,100,62962,1025,61.97,62492,550,33.25,63492,79,4.78,1671,99,1654,4047,8,8
1668395383,2022-11-13 21:09:43 -0600,4bd4a12c58abf524a39e59922a382400ec82db2b,TX,48377,2,2022-11-09T01:00:00.000Z,FIPSCode,48377,0,2022-11-14T01:49:18.011Z,8,98.98,8,100,62962,1025,61.97,62492,550,33.25,63492,79,4.78,1671,99,1654,4047,8,8
1668395400,2022-11-13 21:10:00 -0600,9ac2b39e3648806027176a77b69b6387c8b64675,TX,48377,2,2022-11-09T01:00:00.000Z,FIPSCode,48377,0,2022-11-14T01:49:18.011Z,8,98.98,8,100,62962,1025,61.97,62492,550,33.25,63492,79,4.78,1671,99,1654,4047,8,8
1668395412,2022-11-13 21:10:12 -0600,5e840f40e1965d0eedf0e05c828a10f1d3ab36eb,TX,48377,2,2022-11-09T01:00:00.000Z,FIPSCode,48377,0,2022-11-14T01:49:18.011Z,8,98.98,8,100,62962,1025,61.97,62492,550,33.25,63492,79,4.78,1671,99,1654,4047,8,8
1668395441,2022-11-13 21:10:41 -0600,944db680e4d391b68a613c05aa5f522cd433c164,TX,48377,2,2022-11-09T01:00:00.000Z,FIPSCode,48377,0,2022-11-14T01:49:18.011Z,8,98.98,8,100,62962,1025,61.97,62492,550,33.25,63492,79,4.78,1671,99,1654,4047,8,8
1668395460,2022-11-13 21:11:00 -0600,6dc81c6e9352bd8fcfa1197a06a5e5ddb5d61089,TX,48377,2,2022-11-09T01:00:00.000Z,FIPSCode,48377,0,2022-11-14T01:49:18.011Z,8,98.98,8,100,62962,1025,61.97,62492,550,33.25,63492,79,4.78,1671,99,1654,4047,8,8
1668395477,2022-11-13 21:11:17 -0600,91001517b563ebbdf068858bd7d83622c9043012,TX,48377,2,2022-11-09T01:00:00.000Z,FIPSCode,48377,0,2022-11-14T01:49:18.011Z,8,98.98,8,100,62962,1025,61.97,62492,550,33.25,63492,79,4.78,1671,99,1654,4047,8,8
1668395495,2022-11-13 21:11:35 -0600,af7f4d5322c146bf5bcfb0dca6a1037de54c2f18,TX,48377,2,2022-11-09T01:00:00.000Z,FIPSCode,48377,0,2022-11-14T01:49:18.011Z,8,98.98,8,100,62962,1025,61.97,62492,550,33.25,63492,79,4.78,1671,99,1654,4047,8,8
1668395519,2022-11-13 21:11:59 -0600,010637b2c0c3a0911e6b1200417b395565a8f0c7,TX,48377,2,2022-11-09T01:00:00.000Z,FIPSCode,48377,0,2022-11-14T01:49:18.011Z,8,98.98,8,100,62962,1025,61.97,62492,550,33.25,63492,79,4.78,1671,99,1654,4047,8,8
1668395555,2022-11-13 21:12:35 -0600,2219eb64dc9ee3fe2c3d566718b1746647037d03,TX,48377,2,2022-11-09T01:00:00.000Z,FIPSCode,48377,0,2022-11-14T01:49:18.011Z,8,98.98,8,100,62962,1025,61.97,62492,550,33.25,63492,79,4.78,1671,99,1654,4047,8,8
1668395578,2022-11-13 21:12:58 -0600,350d166bbe63d4da0135634d1f26d8561cad0f37,TX,48377,2,2022-11-09T01:00:00.000Z,FIPSCode,48377,0,2022-11-14T01:49:18.011Z,8,98.98,8,100,62962,1025,61.97,62492,550,33.25,63492,79,4.78,1671,99,1654,4047,8,8
1668395584,2022-11-13 21:13:04 -0600,03f399f2c7456a8c2bb1821e1a5f27e6dc1d5ba3,TX,48377,2,2022-11-09T01:00:00.000Z,FIPSCode,48377,0,2022-11-14T01:49:18.011Z,8,98.98,8,100,62962,1025,61.97,62492,550,33.25,63492,79,4.78,1671,99,1654,4047,8,8
1668395608,2022-11-13 21:13:28 -0600,ab171d0cb5f2f7cb6adeb7d0271b7f736326eb79,TX,48377,2,2022-11-09T01:00:00.000Z,FIPSCode,48377,0,2022-11-14T01:49:18.011Z,8,98.98,8,100,62962,1025,61.97,62492,550,33.25,63492,79,4.78,1671,99,1654,4047,8,8
1668395619,2022-11-13 21:13:39 -0600,7ef88ed64090820c827cf56df0e5dd0a9c7c48fa,TX,48377,2,2022-11-09T01:00:00.000Z,FIPSCode,48377,0,2022-11-14T01:49:18.011Z,8,98.98,8,100,62962,1025,61.97,62492,550,33.25,63492,79,4.78,1671,99,1654,4047,8,8
1668395643,2022-11-13 21:14:03 -0600,d57d65073eb5d695995493f6a7ce836a852ed49b,TX,48377,2,2022-11-09T01:00:00.000Z,FIPSCode,48377,0,2022-11-14T01:49:18.011Z,8,98.98,8,100,62962,1025,61.97,62492,550,33.25,63492,79,4.78,1671,99,1654,4047,8,8
1668395660,2022-11-13 21:14:20 -0600,0eeb768a3f584f737bff5a3cc8cf53fcad0325d8,TX,48377,2,2022-11-09T01:00:00.000Z,FIPSCode,48377,0,2022-11-14T01:49:18.011Z,8,98.98,8,100,62962,1025,61.97,62492,550,33.25,63492,79,4.78,1671,99,1654,4047,8,8
1668395672,2022-11-13 21:14:32 -0600,832e63f41bbb0152294ae83ff8dc13ba8b4bc193,TX,48377,2,2022-11-09T01:00:00.000Z,FIPSCode,48377,0,2022-11-14T01:49:18.011Z,8,98.98,8,100,62962,1025,61.97,62492,550,33.25,63492,79,4.78,1671,99,1654,4047,8,8
1668395684,2022-11-13 21:14:44 -0600,029da36a698613ba92b8f821d2549c4c48077127,TX,48377,2,2022-11-09T01:00:00.000Z,FIPSCode,48377,0,2022-11-14T01:49:18.011Z,8,98.98,8,100,62962,1025,61.97,62492,550,33.25,63492,79,4.78,1671,99,1654,4047,8,8
1668395697,2022-11-13 21:14:57 -0600,efa54e8b1a392a3746448326eb51894d143a1bf5,TX,48377,2,2022-11-09T01:00:00.000Z,FIPSCode,48377,0,2022-11-14T01:49:18.011Z,8,98.98,8,100,62962,1025,61.97,62492,550,33.25,63492,79,4.78,1671,99,1654,4047,8,8
1668395737,2022-11-13 21:15:37 -0600,8b6831fbbb6c5a722c7c1eef85956f5a9be704b8,TX,48377,2,2022-11-09T01:00:00.000Z,FIPSCode,48377,0,2022-11-14T01:49:18.011Z,8,98.98,8,100,62962,1025,61.97,62492,550,33.25,63492,79,4.78,1671,99,1654,4047,8,8
1668395786,2022-11-13 21:16:26 -0600,17e257b592bc1e2d7452c9404df5566ce5836e43,TX,48377,2,2022-11-09T01:00:00.000Z,FIPSCode,48377,0,2022-11-14T01:49:18.011Z,8,98.98,8,100,62962,1025,61.97,62492,550,33.25,63492,79,4.78,1671,99,1654,4047,8,8
1668395972,2022-11-13 21:19:32 -0600,97973635617682567aa86d6b25da78c1a09ff1eb,TX,48377,2,2022-11-09T01:00:00.000Z,FIPSCode,48377,0,2022-11-14T01:49:18.011Z,8,98.98,8,100,62962,1025,61.97,62492,550,33.25,63492,79,4.78,1671,99,1654,4047,8,8
1668395996,2022-11-13 21:19:56 -0600,02bd9e9cf08697192a280827fb707632b496900d,TX,48377,2,2022-11-09T01:00:00.000Z,FIPSCode,48377,0,2022-11-14T01:49:18.011Z,8,98.98,8,100,62962,1025,61.97,62492,550,33.25,63492,79,4.78,1671,99,1654,4047,8,8
1668396009,2022-11-13 21:20:09 -0600,7c7b6609a73825002a529753af4987135d5b76f1,TX,48377,2,2022-11-09T01:00:00.000Z,FIPSCode,48377,0,2022-11-14T01:49:18.011Z,8,98.98,8,100,62962,1025,61.97,62492,550,33.25,63492,79,4.78,1671,99,1654,4047,8,8
1668396035,2022-11-13 21:20:35 -0600,a1af77574e13c3b752232a5217d27a6d6ce8cf31,TX,48377,2,2022-11-09T01:00:00.000Z,FIPSCode,48377,0,2022-11-14T01:49:18.011Z,8,98.98,8,100,62962,1025,61.97,62492,550,33.25,63492,79,4.78,1671,99,1654,4047,8,8
1668396065,2022-11-13 21:21:05 -0600,7ab50c7ea2c684cbe5042ffb3b9d5239964d48d2,TX,48377,2,2022-11-09T01:00:00.000Z,FIPSCode,48377,0,2022-11-14T01:49:18.011Z,8,98.98,8,100,62962,1025,61.97,62492,550,33.25,63492,79,4.78,1671,99,1654,4047,8,8
1668396083,2022-11-13 21:21:23 -0600,30aecf617fa823a6cd8c7a14a5ac835526e00910,TX,48377,2,2022-11-09T01:00:00.000Z,FIPSCode,48377,0,2022-11-14T01:49:18.011Z,8,98.98,8,100,62962,1025,61.97,62492,550,33.25,63492,79,4.78,1671,99,1654,4047,8,8
1668396096,2022-11-13 21:21:36 -0600,1670a4a1f1f1135dd4982d892bfcc76e2b8ce4cb,TX,48377,2,2022-11-09T01:00:00.000Z,FIPSCode,48377,0,2022-11-14T01:49:18.011Z,8,98.98,8,100,62962,1025,61.97,62492,550,33.25,63492,79,4.78,1671,99,1654,4047,8,8
1668396121,2022-11-13 21:22:01 -0600,b50e75efc2fb84b86eb681cae19d5f3110728283,TX,48377,2,2022-11-09T01:00:00.000Z,FIPSCode,48377,0,2022-11-14T01:49:18.011Z,8,98.98,8,100,62962,1025,61.97,62492,550,33.25,63492,79,4.78,1671,99,1654,4047,8,8
1668396151,2022-11-13 21:22:31 -0600,2543e1875d5be891e43500da1a599a60beb47323,TX,48377,2,2022-11-09T01:00:00.000Z,FIPSCode,48377,0,2022-11-14T01:49:18.011Z,8,98.98,8,100,62962,1025,61.97,62492,550,33.25,63492,79,4.78,1671,99,1654,4047,8,8
1668396185,2022-11-13 21:23:05 -0600,55cac4a5b13be330d4cde36458d114dbf56bee6f,TX,48377,2,2022-11-09T01:00:00.000Z,FIPSCode,48377,0,2022-11-14T01:49:18.011Z,8,98.98,8,100,62962,1025,61.97,62492,550,33.25,63492,79,4.78,1671,99,1654,4047,8,8
1668396221,2022-11-13 21:23:41 -0600,afa5c8d465ed7f6353eb09cf672d20c401e9d5fa,TX,48377,2,2022-11-09T01:00:00.000Z,FIPSCode,48377,0,2022-11-14T01:49:18.011Z,8,98.98,8,100,62962,1025,61.97,62492,550,33.25,63492,79,4.78,1671,99,1654,4047,8,8
1668396274,2022-11-13 21:24:34 -0600,9701aed5d84751d7a7510cdba5188276cb948b86,TX,48377,2,2022-11-09T01:00:00.000Z,FIPSCode,48377,0,2022-11-14T01:49:18.011Z,8,98.98,8,100,62962,1025,61.97,62492,550,33.25,63492,79,4.78,1671,99,1654,4047,8,8
1668396332,2022-11-13 21:25:32 -0600,658c5d3b8d4e015ecc2a2e92e8f8fd54f13dc6b9,TX,48377,2,2022-11-09T01:00:00.000Z,FIPSCode,48377,0,2022-11-14T01:49:18.011Z,8,98.98,8,100,62962,1025,61.97,62492,550,33.25,63492,79,4.78,1671,99,1654,4047,8,8
1668396351,2022-11-13 21:25:51 -0600,a7206fa698adbcd0d773254bb0b338cf3dccbd44,TX,48377,2,2022-11-09T01:00:00.000Z,FIPSCode,48377,0,2022-11-14T01:49:18.011Z,8,98.98,8,100,62962,1025,61.97,62492,550,33.25,63492,79,4.78,1671,99,1654,4047,8,8
1668396362,2022-11-13 21:26:02 -0600,ed4b5a134bfe1c1e9edeaf04a9665f8189951e4f,TX,48377,2,2022-11-09T01:00:00.000Z,FIPSCode,48377,0,2022-11-14T01:49:18.011Z,8,98.98,8,100,62962,1025,61.97,62492,550,33.25,63492,79,4.78,1671,99,1654,4047,8,8
1668396391,2022-11-13 21:26:31 -0600,54d8412378cd2860064b5f3d639767194986ee1a,TX,48377,2,2022-11-09T01:00:00.000Z,FIPSCode,48377,0,2022-11-14T01:49:18.011Z,8,98.98,8,100,62962,1025,61.97,62492,550,33.25,63492,79,4.78,1671,99,1654,4047,8,8
1668396425,2022-11-13 21:27:05 -0600,7bd2817918338482830897eecc8c42e6475c9312,TX,48377,2,2022-11-09T01:00:00.000Z,FIPSCode,48377,0,2022-11-14T01:49:18.011Z,8,98.98,8,100,62962,1025,61.97,62492,550,33.25,63492,79,4.78,1671,99,1654,4047,8,8
1668396453,2022-11-13 21:27:33 -0600,ef69d95d3cdd310412d6ff1245fe0385709a3e82,TX,48377,2,2022-11-09T01:00:00.000Z,FIPSCode,48377,0,2022-11-14T01:49:18.011Z,8,98.98,8,100,62962,1025,61.97,62492,550,33.25,63492,79,4.78,1671,99,1654,4047,8,8
1668396489,2022-11-13 21:28:09 -0600,3bffcf4a0952c96e4631be9dce03d0e8af81dc5f,TX,48377,2,2022-11-09T01:00:00.000Z,FIPSCode,48377,0,2022-11-14T01:49:18.011Z,8,98.98,8,100,62962,1025,61.97,62492,550,33.25,63492,79,4.78,1671,99,1654,4047,8,8
1668396507,2022-11-13 21:28:27 -0600,2b53ce880055a9a32b6b6e11fe878ae2c30ef63d,TX,48377,2,2022-11-09T01:00:00.000Z,FIPSCode,48377,0,2022-11-14T01:49:18.011Z,8,98.98,8,100,62962,1025,61.97,62492,550,33.25,63492,79,4.78,1671,99,1654,4047,8,8
1668396518,2022-11-13 21:28:38 -0600,35aa257a6f0f2dee95ea62f78d96cae4b328c67d,TX,48377,2,2022-11-09T01:00:00.000Z,FIPSCode,48377,0,2022-11-14T01:49:18.011Z,8,98.98,8,100,62962,1025,61.97,62492,550,33.25,63492,79,4.78,1671,99,1654,4047,8,8
1668396531,2022-11-13 21:28:51 -0600,4a356d1a5119d3aad78592a7a7b59153a07279cf,TX,48377,2,2022-11-09T01:00:00.000Z,FIPSCode,48377,0,2022-11-14T01:49:18.011Z,8,98.98,8,100,62962,1025,61.97,62492,550,33.25,63492,79,4.78,1671,99,1654,4047,8,8
1668396548,2022-11-13 21:29:08 -0600,1d9d9f0ee9a12497a326553ae9e9b0423005e757,TX,48377,2,2022-11-09T01:00:00.000Z,FIPSCode,48377,0,2022-11-14T01:49:18.011Z,8,98.98,8,100,62962,1025,61.97,62492,550,33.25,63492,79,4.78,1671,99,1654,4047,8,8
1668396573,2022-11-13 21:29:33 -0600,6f376af097b2d603015b731813e253ff4dbd6853,TX,48377,2,2022-11-09T01:00:00.000Z,FIPSCode,48377,0,2022-11-14T01:49:18.011Z,8,98.98,8,100,62962,1025,61.97,62492,550,33.25,63492,79,4.78,1671,99,1654,4047,8,8
1668396601,2022-11-13 21:30:01 -0600,d00a3fe7a5587f0eff7c2d8db0a6b6b235eadd11,TX,48377,2,2022-11-09T01:00:00.000Z,FIPSCode,48377,0,2022-11-14T01:49:18.011Z,8,98.98,8,100,62962,1025,61.97,62492,550,33.25,63492,79,4.78,1671,99,1654,4047,8,8
1668396633,2022-11-13 21:30:33 -0600,b3e35584b0aa193de99d192e3197fa49da0496a3,TX,48377,2,2022-11-09T01:00:00.000Z,FIPSCode,48377,0,2022-11-14T01:49:18.011Z,8,98.98,8,100,62962,1025,61.97,62492,550,33.25,63492,79,4.78,1671,99,1654,4047,8,8
1668396657,2022-11-13 21:30:57 -0600,c161af331fae5a6d82fcb8e14b99be734990db9c,TX,48377,2,2022-11-09T01:00:00.000Z,FIPSCode,48377,0,2022-11-14T01:49:18.011Z,8,98.98,8,100,62962,1025,61.97,62492,550,33.25,63492,79,4.78,1671,99,1654,4047,8,8
1668396691,2022-11-13 21:31:31 -0600,a52c23f9ad981cef0eee1411f3ad3a25d9d1cf82,TX,48377,2,2022-11-09T01:00:00.000Z,FIPSCode,48377,0,2022-11-14T01:49:18.011Z,8,98.98,8,100,62962,1025,61.97,62492,550,33.25,63492,79,4.78,1671,99,1654,4047,8,8
1668396703,2022-11-13 21:31:43 -0600,5dcbb22327cef088bc914af2ef0f6ca4be12714c,TX,48377,2,2022-11-09T01:00:00.000Z,FIPSCode,48377,0,2022-11-14T01:49:18.011Z,8,98.98,8,100,62962,1025,61.97,62492,550,33.25,63492,79,4.78,1671,99,1654,4047,8,8
1668396755,2022-11-13 21:32:35 -0600,3bfcce9ca03f5622116097307dffa5c4b760c3a1,TX,48377,2,2022-11-09T01:00:00.000Z,FIPSCode,48377,0,2022-11-14T01:49:18.011Z,8,98.98,8,100,62962,1025,61.97,62492,550,33.25,63492,79,4.78,1671,99,1654,4047,8,8
1668396772,2022-11-13 21:32:52 -0600,4312b4c305fe959dfe6bc9b3043aa8ec9e0943cb,TX,48377,2,2022-11-09T01:00:00.000Z,FIPSCode,48377,0,2022-11-14T01:49:18.011Z,8,98.98,8,100,62962,1025,61.97,62492,550,33.25,63492,79,4.78,1671,99,1654,4047,8,8
1668396817,2022-11-13 21:33:37 -0600,612de84df81a8a672230b331ba5ae031e2c427c2,TX,48377,2,2022-11-09T01:00:00.000Z,FIPSCode,48377,0,2022-11-14T01:49:18.011Z,8,98.98,8,100,62962,1025,61.97,62492,550,33.25,63492,79,4.78,1671,99,1654,4047,8,8
1668396830,2022-11-13 21:33:50 -0600,f881297d0e842c2eb499d34df1aa6cc12ebf882b,TX,48377,2,2022-11-09T01:00:00.000Z,FIPSCode,48377,0,2022-11-14T01:49:18.011Z,8,98.98,8,100,62962,1025,61.97,62492,550,33.25,63492,79,4.78,1671,99,1654,4047,8,8
1668396870,2022-11-13 21:34:30 -0600,1834e6ef30fa99758e11b08281329dca0eb99f5b,TX,48377,2,2022-11-09T01:00:00.000Z,FIPSCode,48377,0,2022-11-14T01:49:18.011Z,8,98.98,8,100,62962,1025,61.97,62492,550,33.25,63492,79,4.78,1671,99,1654,4047,8,8
1668396899,2022-11-13 21:34:59 -0600,e2ecc8936ad1ffd3b4ea3ec6565c026df0e5ef75,TX,48377,2,2022-11-09T01:00:00.000Z,FIPSCode,48377,0,2022-11-14T01:49:18.011Z,8,98.98,8,100,62962,1025,61.97,62492,550,33.25,63492,79,4.78,1671,99,1654,4047,8,8
1668396917,2022-11-13 21:35:17 -0600,b2ec9d841d12f6db326ee83d0b52d7243bc14c44,TX,48377,2,2022-11-09T01:00:00.000Z,FIPSCode,48377,0,2022-11-14T01:49:18.011Z,8,98.98,8,100,62962,1025,61.97,62492,550,33.25,63492,79,4.78,1671,99,1654,4047,8,8
1668396935,2022-11-13 21:35:35 -0600,c4561a2941210d13b89036fd032c5a7aec1db745,TX,48377,2,2022-11-09T01:00:00.000Z,FIPSCode,48377,0,2022-11-14T01:49:18.011Z,8,98.98,8,100,62962,1025,61.97,62492,550,33.25,63492,79,4.78,1671,99,1654,4047,8,8
1668396958,2022-11-13 21:35:58 -0600,bd484816077932b8e28ab23ae7650d0e8444c7cb,TX,48377,2,2022-11-09T01:00:00.000Z,FIPSCode,48377,0,2022-11-14T01:49:18.011Z,8,98.98,8,100,62962,1025,61.97,62492,550,33.25,63492,79,4.78,1671,99,1654,4047,8,8
1668396998,2022-11-13 21:36:38 -0600,670fdce7da325e22c1b53a2d75e908dd352b974d,TX,48377,2,2022-11-09T01:00:00.000Z,FIPSCode,48377,0,2022-11-14T01:49:18.011Z,8,98.98,8,100,62962,1025,61.97,62492,550,33.25,63492,79,4.78,1671,99,1654,4047,8,8
1668397032,2022-11-13 21:37:12 -0600,a1897250953faa05175333d344115868b7231063,TX,48377,2,2022-11-09T01:00:00.000Z,FIPSCode,48377,0,2022-11-14T01:49:18.011Z,8,98.98,8,100,62962,1025,61.97,62492,550,33.25,63492,79,4.78,1671,99,1654,4047,8,8
1668397050,2022-11-13 21:37:30 -0600,73f5adb2700d4cb6f6913e6d2851abae7e3b46e5,TX,48377,2,2022-11-09T01:00:00.000Z,FIPSCode,48377,0,2022-11-14T01:49:18.011Z,8,98.98,8,100,62962,1025,61.97,62492,550,33.25,63492,79,4.78,1671,99,1654,4047,8,8
1668397084,2022-11-13 21:38:04 -0600,5d53263596e29256022842d8d54d903177e245ce,TX,48377,2,2022-11-09T01:00:00.000Z,FIPSCode,48377,0,2022-11-14T01:49:18.011Z,8,98.98,8,100,62962,1025,61.97,62492,550,33.25,63492,79,4.78,1671,99,1654,4047,8,8
1668397114,2022-11-13 21:38:34 -0600,1abeb74e0604e4c430b0b9e0f8aca603f8db60b4,TX,48377,2,2022-11-09T01:00:00.000Z,FIPSCode,48377,0,2022-11-14T01:49:18.011Z,8,98.98,8,100,62962,1025,61.97,62492,550,33.25,63492,79,4.78,1671,99,1654,4047,8,8
1668397148,2022-11-13 21:39:08 -0600,9b4805104168bfad8ad65132dd919e48b64ce871,TX,48377,2,2022-11-09T01:00:00.000Z,FIPSCode,48377,0,2022-11-14T01:49:18.011Z,8,98.98,8,100,62962,1025,61.97,62492,550,33.25,63492,79,4.78,1671,99,1654,4047,8,8
1668397173,2022-11-13 21:39:33 -0600,dcb40b5133a093673f9dfae45c068a05f6aa4c8a,TX,48377,2,2022-11-09T01:00:00.000Z,FIPSCode,48377,0,2022-11-14T01:49:18.011Z,8,98.98,8,100,62962,1025,61.97,62492,550,33.25,63492,79,4.78,1671,99,1654,4047,8,8
1668397208,2022-11-13 21:40:08 -0600,2bef0a0f26dbe2ca15f9180caefef794e428cb37,TX,48377,2,2022-11-09T01:00:00.000Z,FIPSCode,48377,0,2022-11-14T01:49:18.011Z,8,98.98,8,100,62962,1025,61.97,62492,550,33.25,63492,79,4.78,1671,99,1654,4047,8,8
1668397236,2022-11-13 21:40:36 -0600,43ff3cde0969e158383b1e44dfc85a322915be81,TX,48377,2,2022-11-09T01:00:00.000Z,FIPSCode,48377,0,2022-11-14T01:49:18.011Z,8,98.98,8,100,62962,1025,61.97,62492,550,33.25,63492,79,4.78,1671,99,1654,4047,8,8
1668397266,2022-11-13 21:41:06 -0600,5a68b67c3ea3e3382565f16e72b6eb0b888ff84d,TX,48377,2,2022-11-09T01:00:00.000Z,FIPSCode,48377,0,2022-11-14T01:49:18.011Z,8,98.98,8,100,62962,1025,61.97,62492,550,33.25,63492,79,4.78,1671,99,1654,4047,8,8
1668397290,2022-11-13 21:41:30 -0600,beea39874736eed04f742160df8c55df81da122e,TX,48377,2,2022-11-09T01:00:00.000Z,FIPSCode,48377,0,2022-11-14T01:49:18.011Z,8,98.98,8,100,62962,1025,61.97,62492,550,33.25,63492,79,4.78,1671,99,1654,4047,8,8
1668397303,2022-11-13 21:41:43 -0600,900e94c52af6d09e8392d707bbf43ab98bb1a37a,TX,48377,2,2022-11-09T01:00:00.000Z,FIPSCode,48377,0,2022-11-14T01:49:18.011Z,8,98.98,8,100,62962,1025,61.97,62492,550,33.25,63492,79,4.78,1671,99,1654,4047,8,8
1668397315,2022-11-13 21:41:55 -0600,496049b04cd79f003bd2956243594c54138f7e54,TX,48377,2,2022-11-09T01:00:00.000Z,FIPSCode,48377,0,2022-11-14T01:49:18.011Z,8,98.98,8,100,62962,1025,61.97,62492,550,33.25,63492,79,4.78,1671,99,1654,4047,8,8
1668397327,2022-11-13 21:42:07 -0600,530e702247b4b741b5f002d380208e1c49a98048,TX,48377,2,2022-11-09T01:00:00.000Z,FIPSCode,48377,0,2022-11-14T01:49:18.011Z,8,98.98,8,100,62962,1025,61.97,62492,550,33.25,63492,79,4.78,1671,99,1654,4047,8,8
1668397355,2022-11-13 21:42:35 -0600,66d6cafc9a5cf79116d17ce208db3b8d93509fe2,TX,48377,2,2022-11-09T01:00:00.000Z,FIPSCode,48377,0,2022-11-14T01:49:18.011Z,8,98.98,8,100,62962,1025,61.97,62492,550,33.25,63492,79,4.78,1671,99,1654,4047,8,8
1668397389,2022-11-13 21:43:09 -0600,35f44294738a78119a8d3ae293c09e6e4020319c,TX,48377,2,2022-11-09T01:00:00.000Z,FIPSCode,48377,0,2022-11-14T01:49:18.011Z,8,98.98,8,100,62962,1025,61.97,62492,550,33.25,63492,79,4.78,1671,99,1654,4047,8,8
1668397406,2022-11-13 21:43:26 -0600,697da6f89ffb2d042731c4325a9cf2b458f1ee28,TX,48377,2,2022-11-09T01:00:00.000Z,FIPSCode,48377,0,2022-11-14T01:49:18.011Z,8,98.98,8,100,62962,1025,61.97,62492,550,33.25,63492,79,4.78,1671,99,1654,4047,8,8
1668397418,2022-11-13 21:43:38 -0600,699bf049272cfc20f958012037e6fe3389e15b71,TX,48377,2,2022-11-09T01:00:00.000Z,FIPSCode,48377,0,2022-11-14T01:49:18.011Z,8,98.98,8,100,62962,1025,61.97,62492,550,33.25,63492,79,4.78,1671,99,1654,4047,8,8
1668397456,2022-11-13 21:44:16 -0600,a2fff7180eb77c8f2478eae67698c037e07d0391,TX,48377,2,2022-11-09T01:00:00.000Z,FIPSCode,48377,0,2022-11-14T01:49:18.011Z,8,98.98,8,100,62962,1025,61.97,62492,550,33.25,63492,79,4.78,1671,99,1654,4047,8,8
1668397468,2022-11-13 21:44:28 -0600,9f8f2e50c69507159630678f91eb2ca1b3f479ee,TX,48377,2,2022-11-09T01:00:00.000Z,FIPSCode,48377,0,2022-11-14T01:49:18.011Z,8,98.98,8,100,62962,1025,61.97,62492,550,33.25,63492,79,4.78,1671,99,1654,4047,8,8
1668397530,2022-11-13 21:45:30 -0600,7c3bdeb5b83c94f16b77d4dab6ba23a30b05e613,TX,48377,2,2022-11-09T01:00:00.000Z,FIPSCode,48377,0,2022-11-14T01:49:18.011Z,8,98.98,8,100,62962,1025,61.97,62492,550,33.25,63492,79,4.78,1671,99,1654,4047,8,8
1668397572,2022-11-13 21:46:12 -0600,dfa6a6ce159fa8c29eac39fac3effefd48c630e6,TX,48377,2,2022-11-09T01:00:00.000Z,FIPSCode,48377,0,2022-11-14T01:49:18.011Z,8,98.98,8,100,62962,1025,61.97,62492,550,33.25,63492,79,4.78,1671,99,1654,4047,8,8
1668397598,2022-11-13 21:46:38 -0600,3018c1a8c51d47d42d540546c074637cd21b1d0d,TX,48377,2,2022-11-09T01:00:00.000Z,FIPSCode,48377,0,2022-11-14T01:49:18.011Z,8,98.98,8,100,62962,1025,61.97,62492,550,33.25,63492,79,4.78,1671,99,1654,4047,8,8
1668397627,2022-11-13 21:47:07 -0600,fac1ef815ba3963d2571db96c1195f5e3236a789,TX,48377,2,2022-11-09T01:00:00.000Z,FIPSCode,48377,0,2022-11-14T01:49:18.011Z,8,98.98,8,100,62962,1025,61.97,62492,550,33.25,63492,79,4.78,1671,99,1654,4047,8,8
1668397681,2022-11-13 21:48:01 -0600,1b5895b37774130c5b509e99e0553bc671de9359,TX,48377,2,2022-11-09T01:00:00.000Z,FIPSCode,48377,0,2022-11-14T01:49:18.011Z,8,98.98,8,100,62962,1025,61.97,62492,550,33.25,63492,79,4.78,1671,99,1654,4047,8,8
1668397698,2022-11-13 21:48:18 -0600,2f367fc1091983756349f8e6d45bb977077a3b2f,TX,48377,2,2022-11-09T01:00:00.000Z,FIPSCode,48377,0,2022-11-14T01:49:18.011Z,8,98.98,8,100,62962,1025,61.97,62492,550,33.25,63492,79,4.78,1671,99,1654,4047,8,8
1668397718,2022-11-13 21:48:38 -0600,af44cff2f0b9cff5291c750383f4e9b7b51835ba,TX,48377,2,2022-11-09T01:00:00.000Z,FIPSCode,48377,0,2022-11-14T01:49:18.011Z,8,98.98,8,100,62962,1025,61.97,62492,550,33.25,63492,79,4.78,1671,99,1654,4047,8,8
1668397742,2022-11-13 21:49:02 -0600,9cd07495222cf5ab3ea0cd503169be1a6d9f260a,TX,48377,2,2022-11-09T01:00:00.000Z,FIPSCode,48377,0,2022-11-14T01:49:18.011Z,8,98.98,8,100,62962,1025,61.97,62492,550,33.25,63492,79,4.78,1671,99,1654,4047,8,8
1668397772,2022-11-13 21:49:32 -0600,d1270298e54ba78afbb561ee57fbb0e5f3e3f7de,TX,48377,2,2022-11-09T01:00:00.000Z,FIPSCode,48377,0,2022-11-14T03:49:17.161Z,8,98.98,8,100,62962,1025,61.97,62492,550,33.25,63492,79,4.78,1671,99,1654,4047,8,8
1668397807,2022-11-13 21:50:07 -0600,53f3423defcf94f41b308e213c4c272ad327097e,TX,48377,2,2022-11-09T01:00:00.000Z,FIPSCode,48377,0,2022-11-14T03:49:17.161Z,8,98.98,8,100,62962,1025,61.97,62492,550,33.25,63492,79,4.78,1671,99,1654,4047,8,8
1668397826,2022-11-13 21:50:26 -0600,042dc4d206f5a24e7195a351374617b137a6273a,TX,48377,2,2022-11-09T01:00:00.000Z,FIPSCode,48377,0,2022-11-14T03:50:16.724Z,8,98.98,8,100,62962,1025,61.97,62492,550,33.25,63492,79,4.78,1671,99,1654,4047,8,8
1668397862,2022-11-13 21:51:02 -0600,126639683695b514a2613396387c83017f1c144d,TX,48377,2,2022-11-09T01:00:00.000Z,FIPSCode,48377,0,2022-11-14T03:50:16.724Z,8,98.98,8,100,62962,1025,61.97,62492,550,33.25,63492,79,4.78,1671,99,1654,4047,8,8
1668397874,2022-11-13 21:51:14 -0600,d12de02b67b30635f1e340122096d69dbc9d0e0b,TX,48377,2,2022-11-09T01:00:00.000Z,FIPSCode,48377,0,2022-11-14T03:50:16.724Z,8,98.98,8,100,62962,1025,61.97,62492,550,33.25,63492,79,4.78,1671,99,1654,4047,8,8
1668397891,2022-11-13 21:51:31 -0600,e0268a41cb16e2a3974a80ffc967a5b3c979b42f,TX,48377,2,2022-11-09T01:00:00.000Z,FIPSCode,48377,0,2022-11-14T03:51:20.436Z,8,98.98,8,100,62962,1025,61.97,62492,550,33.25,63492,79,4.78,1671,99,1654,4047,8,8
1668397926,2022-11-13 21:52:06 -0600,718bd9b3116fa9278c81162a6267515ca98f67cf,TX,48377,2,2022-11-09T01:00:00.000Z,FIPSCode,48377,0,2022-11-14T03:51:20.436Z,8,98.98,8,100,62962,1025,61.97,62492,550,33.25,63492,79,4.78,1671,99,1654,4047,8,8
1668397950,2022-11-13 21:52:30 -0600,f376d6abb09c071a405e917ef0f37814426a813e,TX,48377,2,2022-11-09T01:00:00.000Z,FIPSCode,48377,0,2022-11-14T03:51:20.436Z,8,98.98,8,100,62962,1025,61.97,62492,550,33.25,63492,79,4.78,1671,99,1654,4047,8,8
1668397956,2022-11-13 21:52:36 -0600,f68891655804ef868ca9a0900080d57948db2f37,TX,48377,2,2022-11-09T01:00:00.000Z,FIPSCode,48377,0,2022-11-14T03:51:20.436Z,8,98.98,8,100,62962,1025,61.97,62492,550,33.25,63492,79,4.78,1671,99,1654,4047,8,8
1668397985,2022-11-13 21:53:05 -0600,bccff5b358f2129806e5696b2f54b9fa40beadfc,TX,48377,2,2022-11-09T01:00:00.000Z,FIPSCode,48377,0,2022-11-14T03:51:20.436Z,8,98.98,8,100,62962,1025,61.97,62492,550,33.25,63492,79,4.78,1671,99,1654,4047,8,8
1668398144,2022-11-13 21:55:44 -0600,05e090d1a53476de51e8e2afd726000cbad3088b,TX,48377,2,2022-11-09T01:00:00.000Z,FIPSCode,48377,0,2022-11-14T03:55:16.106Z,8,98.98,8,100,62962,1025,61.97,62492,550,33.25,63492,79,4.78,1671,99,1654,4047,8,8
1668398157,2022-11-13 21:55:57 -0600,72653fe5f68652d865761fffacce996cf6eb4c34,TX,48377,2,2022-11-09T01:00:00.000Z,FIPSCode,48377,0,2022-11-14T03:55:16.106Z,8,98.98,8,100,62962,1025,61.97,62492,550,33.25,63492,79,4.78,1671,99,1654,4047,8,8
1668398186,2022-11-13 21:56:26 -0600,b6b1680a73016c9a7bb532ac60be4ceac9fef027,TX,48377,2,2022-11-09T01:00:00.000Z,FIPSCode,48377,0,2022-11-14T03:55:16.106Z,8,98.98,8,100,62962,1025,61.97,62492,550,33.25,63492,79,4.78,1671,99,1654,4047,8,8
1668398192,2022-11-13 21:56:32 -0600,7fa2b93113e4f356f361c64c54dd08850e178b6f,TX,48377,2,2022-11-09T01:00:00.000Z,FIPSCode,48377,0,2022-11-14T03:56:17.737Z,8,98.98,8,100,62962,1025,61.97,62492,550,33.25,63492,79,4.78,1671,99,1654,4047,8,8
1668398209,2022-11-13 21:56:49 -0600,2c0953c701079a0c41db133ea15a386f343dcbaa,TX,48377,2,2022-11-09T01:00:00.000Z,FIPSCode,48377,0,2022-11-14T03:56:17.737Z,8,98.98,8,100,62962,1025,61.97,62492,550,33.25,63492,79,4.78,1671,99,1654,4047,8,8
1668398243,2022-11-13 21:57:23 -0600,2a81f0ac71488b80b68e776db55daed36815786c,TX,48377,2,2022-11-09T01:00:00.000Z,FIPSCode,48377,0,2022-11-14T03:56:17.737Z,8,98.98,8,100,62962,1025,61.97,62492,550,33.25,63492,79,4.78,1671,99,1654,4047,8,8
1668398256,2022-11-13 21:57:36 -0600,61e7fed495d4ce57bad3604bf608292db8f23741,TX,48377,2,2022-11-09T01:00:00.000Z,FIPSCode,48377,0,2022-11-14T03:57:16.336Z,8,98.98,8,100,62962,1025,61.97,62492,550,33.25,63492,79,4.78,1671,99,1654,4047,8,8
1668398285,2022-11-13 21:58:05 -0600,0bbb9ccb46c289e07c8df4237660afac3928b302,TX,48377,2,2022-11-09T01:00:00.000Z,FIPSCode,48377,0,2022-11-14T03:57:16.336Z,8,98.98,8,100,62962,1025,61.97,62492,550,33.25,63492,79,4.78,1671,99,1654,4047,8,8
1668398324,2022-11-13 21:58:44 -0600,6e63856b5e6d354e20fa8ba2e7e87599ff08a040,TX,48377,2,2022-11-09T01:00:00.000Z,FIPSCode,48377,0,2022-11-14T03:57:16.336Z,8,98.98,8,100,62962,1025,61.97,62492,550,33.25,63492,79,4.78,1671,99,1654,4047,8,8
1668398336,2022-11-13 21:58:56 -0600,9d49065587efaeca59057dbd6e3539195a785e38,TX,48377,2,2022-11-09T01:00:00.000Z,FIPSCode,48377,0,2022-11-14T03:57:16.336Z,8,98.98,8,100,62962,1025,61.97,62492,550,33.25,63492,79,4.78,1671,99,1654,4047,8,8
1668398372,2022-11-13 21:59:32 -0600,46ae5959ac1b47558b6b1e32fd2a203797f21398,TX,48377,2,2022-11-09T01:00:00.000Z,FIPSCode,48377,0,2022-11-14T03:57:16.336Z,8,98.98,8,100,62962,1025,61.97,62492,550,33.25,63492,79,4.78,1671,99,1654,4047,8,8
1668398452,2022-11-13 22:00:52 -0600,4fe59f0ce85dcf618b0949965d6e5b9931ff1c94,TX,48377,2,2022-11-09T01:00:00.000Z,FIPSCode,48377,0,2022-11-14T03:57:16.336Z,8,98.98,8,100,62962,1025,61.97,62492,550,33.25,63492,79,4.78,1671,99,1654,4047,8,8
1668398498,2022-11-13 22:01:38 -0600,0a41a4e04eb97a3e3ba07629899b671a289b1a8e,TX,48377,2,2022-11-09T01:00:00.000Z,FIPSCode,48377,0,2022-11-14T03:57:16.336Z,8,98.98,8,100,62962,1025,61.97,62492,550,33.25,63492,79,4.78,1671,99,1654,4047,8,8
1668398561,2022-11-13 22:02:41 -0600,950d3c31e5e85a0704391ec398a427dc79ab4a9c,TX,48377,2,2022-11-09T01:00:00.000Z,FIPSCode,48377,0,2022-11-14T03:57:16.336Z,8,98.98,8,100,62962,1025,61.97,62492,550,33.25,63492,79,4.78,1671,99,1654,4047,8,8
1668398615,2022-11-13 22:03:35 -0600,f43bede0a08cacc60958cd58dc43f6d85125aa2f,TX,48377,2,2022-11-09T01:00:00.000Z,FIPSCode,48377,0,2022-11-14T03:57:16.336Z,8,98.98,8,100,62962,1025,61.97,62492,550,33.25,63492,79,4.78,1671,99,1654,4047,8,8
1668398645,2022-11-13 22:04:05 -0600,35b4d50b365dec5044c60e7fa121538b660aca86,TX,48377,2,2022-11-09T01:00:00.000Z,FIPSCode,48377,0,2022-11-14T03:57:16.336Z,8,98.98,8,100,62962,1025,61.97,62492,550,33.25,63492,79,4.78,1671,99,1654,4047,8,8
1668398669,2022-11-13 22:04:29 -0600,855787f6a417ab65fba1020c4be21144b8658ab4,TX,48377,2,2022-11-09T01:00:00.000Z,FIPSCode,48377,0,2022-11-14T03:57:16.336Z,8,98.98,8,100,62962,1025,61.97,62492,550,33.25,63492,79,4.78,1671,99,1654,4047,8,8
1668398698,2022-11-13 22:04:58 -0600,3bdebcea70af9c79ae4a6751c3eca052db523c4b,TX,48377,2,2022-11-09T01:00:00.000Z,FIPSCode,48377,0,2022-11-14T03:57:16.336Z,8,98.98,8,100,62962,1025,61.97,62492,550,33.25,63492,79,4.78,1671,99,1654,4047,8,8
1668398710,2022-11-13 22:05:10 -0600,043079baf959b0f284aa1607cd7e81027649be17,TX,48377,2,2022-11-09T01:00:00.000Z,FIPSCode,48377,0,2022-11-14T03:57:16.336Z,8,98.98,8,100,62962,1025,61.97,62492,550,33.25,63492,79,4.78,1671,99,1654,4047,8,8
1668398739,2022-11-13 22:05:39 -0600,f3cbe8a994e6609ea318024c3f550ddcf679f86d,TX,48377,2,2022-11-09T01:00:00.000Z,FIPSCode,48377,0,2022-11-14T03:57:16.336Z,8,98.98,8,100,62962,1025,61.97,62492,550,33.25,63492,79,4.78,1671,99,1654,4047,8,8
1668398756,2022-11-13 22:05:56 -0600,9a291292b9ebb9ebe8a445ebd9564279f935eb20,TX,48377,2,2022-11-09T01:00:00.000Z,FIPSCode,48377,0,2022-11-14T03:57:16.336Z,8,98.98,8,100,62962,1025,61.97,62492,550,33.25,63492,79,4.78,1671,99,1654,4047,8,8
1668398778,2022-11-13 22:06:18 -0600,a034b842ec07858a833c223596f0a163e62c4134,TX,48377,2,2022-11-09T01:00:00.000Z,FIPSCode,48377,0,2022-11-14T03:57:16.336Z,8,98.98,8,100,62962,1025,61.97,62492,550,33.25,63492,79,4.78,1671,99,1654,4047,8,8
1668398795,2022-11-13 22:06:35 -0600,afcee5309955e98cfeb09bb17411a134152a6f60,TX,48377,2,2022-11-09T01:00:00.000Z,FIPSCode,48377,0,2022-11-14T03:57:16.336Z,8,98.98,8,100,62962,1025,61.97,62492,550,33.25,63492,79,4.78,1671,99,1654,4047,8,8
1668398824,2022-11-13 22:07:04 -0600,5573e74a2658d01154b7ae3352ce8816cf1ba50e,TX,48377,2,2022-11-09T01:00:00.000Z,FIPSCode,48377,0,2022-11-14T03:57:16.336Z,8,98.98,8,100,62962,1025,61.97,62492,550,33.25,63492,79,4.78,1671,99,1654,4047,8,8
1668398883,2022-11-13 22:08:03 -0600,f41d1e6a2f4afccb2b3ec506be7ef86645dfa27d,TX,48377,2,2022-11-09T01:00:00.000Z,FIPSCode,48377,0,2022-11-14T03:57:16.336Z,8,98.98,8,100,62962,1025,61.97,62492,550,33.25,63492,79,4.78,1671,99,1654,4047,8,8
1668398911,2022-11-13 22:08:31 -0600,951c991db87aa4553bbce949e172c9501b52d70a,TX,48377,2,2022-11-09T01:00:00.000Z,FIPSCode,48377,0,2022-11-14T03:57:16.336Z,8,98.98,8,100,62962,1025,61.97,62492,550,33.25,63492,79,4.78,1671,99,1654,4047,8,8
1668398923,2022-11-13 22:08:43 -0600,b7eeea031bf909c410212f8182a6f672e71dea66,TX,48377,2,2022-11-09T01:00:00.000Z,FIPSCode,48377,0,2022-11-14T03:57:16.336Z,8,98.98,8,100,62962,1025,61.97,62492,550,33.25,63492,79,4.78,1671,99,1654,4047,8,8
1668398940,2022-11-13 22:09:00 -0600,5c322383edddd860d0f829998cb0e0d1e4b8ce85,TX,48377,2,2022-11-09T01:00:00.000Z,FIPSCode,48377,0,2022-11-14T03:57:16.336Z,8,98.98,8,100,62962,1025,61.97,62492,550,33.25,63492,79,4.78,1671,99,1654,4047,8,8
1668398992,2022-11-13 22:09:52 -0600,480cbfdd1188f05663fd2cdd95a2ecfec8cfbdb4,TX,48377,2,2022-11-09T01:00:00.000Z,FIPSCode,48377,0,2022-11-14T03:57:16.336Z,8,98.98,8,100,62962,1025,61.97,62492,550,33.25,63492,79,4.78,1671,99,1654,4047,8,8
1668399006,2022-11-13 22:10:06 -0600,d264c6ba7e9faced0186ca467564fba7f1582652,TX,48377,2,2022-11-09T01:00:00.000Z,FIPSCode,48377,0,2022-11-14T03:57:16.336Z,8,98.98,8,100,62962,1025,61.97,62492,550,33.25,63492,79,4.78,1671,99,1654,4047,8,8
1668399031,2022-11-13 22:10:31 -0600,4b030addd3c2842ed6637d03bb821c4ee53cfe87,TX,48377,2,2022-11-09T01:00:00.000Z,FIPSCode,48377,0,2022-11-14T03:57:16.336Z,8,98.98,8,100,62962,1025,61.97,62492,550,33.25,63492,79,4.78,1671,99,1654,4047,8,8
1668399109,2022-11-13 22:11:49 -0600,4e4e5644290985f18da1719b30117e29bf7a8501,TX,48377,2,2022-11-09T01:00:00.000Z,FIPSCode,48377,0,2022-11-14T03:57:16.336Z,8,98.98,8,100,62962,1025,61.97,62492,550,33.25,63492,79,4.78,1671,99,1654,4047,8,8
1668399126,2022-11-13 22:12:06 -0600,ab194b3ec2545347ddb8839261408134720cd2e2,TX,48377,2,2022-11-09T01:00:00.000Z,FIPSCode,48377,0,2022-11-14T03:57:16.336Z,8,98.98,8,100,62962,1025,61.97,62492,550,33.25,63492,79,4.78,1671,99,1654,4047,8,8
1668399156,2022-11-13 22:12:36 -0600,99746d5e5c240eb28a9a82e8695e478e354ad8a4,TX,48377,2,2022-11-09T01:00:00.000Z,FIPSCode,48377,0,2022-11-14T03:57:16.336Z,8,98.98,8,100,62962,1025,61.97,62492,550,33.25,63492,79,4.78,1671,99,1654,4047,8,8
1668399219,2022-11-13 22:13:39 -0600,a1efc814f0c664a6ed7267dd1cb08c4612195ba4,TX,48377,2,2022-11-09T01:00:00.000Z,FIPSCode,48377,0,2022-11-14T03:57:16.336Z,8,98.98,8,100,62962,1025,61.97,62492,550,33.25,63492,79,4.78,1671,99,1654,4047,8,8
1668399272,2022-11-13 22:14:32 -0600,856bede836df6c661199a8ffa408d64ec6a3942d,TX,48377,2,2022-11-09T01:00:00.000Z,FIPSCode,48377,0,2022-11-14T03:57:16.336Z,8,98.98,8,100,62962,1025,61.97,62492,550,33.25,63492,79,4.78,1671,99,1654,4047,8,8
1668399278,2022-11-13 22:14:38 -0600,a3941e19784e5b365f76975ed3511c9a1265ec29,TX,48377,2,2022-11-09T01:00:00.000Z,FIPSCode,48377,0,2022-11-14T03:57:16.336Z,8,98.98,8,100,62962,1025,61.97,62492,550,33.25,63492,79,4.78,1671,99,1654,4047,8,8
1668399317,2022-11-13 22:15:17 -0600,a5ab46ce8904dcd224e935dd9537c6080e7db211,TX,48377,2,2022-11-09T01:00:00.000Z,FIPSCode,48377,0,2022-11-14T03:57:16.336Z,8,98.98,8,100,62962,1025,61.97,62492,550,33.25,63492,79,4.78,1671,99,1654,4047,8,8
1668399335,2022-11-13 22:15:35 -0600,fedef327f836dce0e924eb77847b11a3b8fb6b75,TX,48377,2,2022-11-09T01:00:00.000Z,FIPSCode,48377,0,2022-11-14T03:57:16.336Z,8,98.98,8,100,62962,1025,61.97,62492,550,33.25,63492,79,4.78,1671,99,1654,4047,8,8
1668399369,2022-11-13 22:16:09 -0600,cabc32c0c90d8547295de0fc9b2926e868e53ec5,TX,48377,2,2022-11-09T01:00:00.000Z,FIPSCode,48377,0,2022-11-14T03:57:16.336Z,8,98.98,8,100,62962,1025,61.97,62492,550,33.25,63492,79,4.78,1671,99,1654,4047,8,8
1668399416,2022-11-13 22:16:56 -0600,b2e7eebcefb10743562a5f90bf902d2f5aece129,TX,48377,2,2022-11-09T01:00:00.000Z,FIPSCode,48377,0,2022-11-14T03:57:16.336Z,8,98.98,8,100,62962,1025,61.97,62492,550,33.25,63492,79,4.78,1671,99,1654,4047,8,8
1668399433,2022-11-13 22:17:13 -0600,5f5c298f93955ab102898bdde9a256825cb24f52,TX,48377,2,2022-11-09T01:00:00.000Z,FIPSCode,48377,0,2022-11-14T03:57:16.336Z,8,98.98,8,100,62962,1025,61.97,62492,550,33.25,63492,79,4.78,1671,99,1654,4047,8,8
1668399450,2022-11-13 22:17:30 -0600,885c668a85af7d78fdccd19bad6bc918c3ba3395,TX,48377,2,2022-11-09T01:00:00.000Z,FIPSCode,48377,0,2022-11-14T03:57:16.336Z,8,98.98,8,100,62962,1025,61.97,62492,550,33.25,63492,79,4.78,1671,99,1654,4047,8,8
1668399461,2022-11-13 22:17:41 -0600,9cac3d1cafe565c26fccad750f310824e5443403,TX,48377,2,2022-11-09T01:00:00.000Z,FIPSCode,48377,0,2022-11-14T03:57:16.336Z,8,98.98,8,100,62962,1025,61.97,62492,550,33.25,63492,79,4.78,1671,99,1654,4047,8,8
1668399491,2022-11-13 22:18:11 -0600,1d1949bb1610c3c79a7dbdfa6a99deecbe8e61b9,TX,48377,2,2022-11-09T01:00:00.000Z,FIPSCode,48377,0,2022-11-14T03:57:16.336Z,8,98.98,8,100,62962,1025,61.97,62492,550,33.25,63492,79,4.78,1671,99,1654,4047,8,8
1668399515,2022-11-13 22:18:35 -0600,40b56278480aef37965e0c8e7d6baca7b3b6ee6e,TX,48377,2,2022-11-09T01:00:00.000Z,FIPSCode,48377,0,2022-11-14T03:57:16.336Z,8,98.98,8,100,62962,1025,61.97,62492,550,33.25,63492,79,4.78,1671,99,1654,4047,8,8
1668399544,2022-11-13 22:19:04 -0600,cf6ac869bd20df159c8321557fab7ed69b5e5d46,TX,48377,2,2022-11-09T01:00:00.000Z,FIPSCode,48377,0,2022-11-14T03:57:16.336Z,8,98.98,8,100,62962,1025,61.97,62492,550,33.25,63492,79,4.78,1671,99,1654,4047,8,8
1668399574,2022-11-13 22:19:34 -0600,04fa6ec74d3cbd54a96ecdb9a23830c2aaec39c8,TX,48377,2,2022-11-09T01:00:00.000Z,FIPSCode,48377,0,2022-11-14T03:57:16.336Z,8,98.98,8,100,62962,1025,61.97,62492,550,33.25,63492,79,4.78,1671,99,1654,4047,8,8
1668399592,2022-11-13 22:19:52 -0600,cb9ed5e94784dba5ebad1bdfd2227491714b9c61,TX,48377,2,2022-11-09T01:00:00.000Z,FIPSCode,48377,0,2022-11-14T03:57:16.336Z,8,98.98,8,100,62962,1025,61.97,62492,550,33.25,63492,79,4.78,1671,99,1654,4047,8,8
1668399609,2022-11-13 22:20:09 -0600,141c4396f61323adb40ad2b82e056171fa225f0c,TX,48377,2,2022-11-09T01:00:00.000Z,FIPSCode,48377,0,2022-11-14T03:57:16.336Z,8,98.98,8,100,62962,1025,61.97,62492,550,33.25,63492,79,4.78,1671,99,1654,4047,8,8
1668399637,2022-11-13 22:20:37 -0600,b2f8282a0caf0d055bc406f6da49c411b9ea167e,TX,48377,2,2022-11-09T01:00:00.000Z,FIPSCode,48377,0,2022-11-14T04:20:20.022Z,8,98.98,8,100,62962,1025,61.97,62492,550,33.25,63492,79,4.78,1671,99,1654,4047,8,8
1668399649,2022-11-13 22:20:49 -0600,23b9dcdf13a9202d46f5569556a93d3961632922,TX,48377,2,2022-11-09T01:00:00.000Z,FIPSCode,48377,0,2022-11-14T04:20:20.022Z,8,98.98,8,100,62962,1025,61.97,62492,550,33.25,63492,79,4.78,1671,99,1654,4047,8,8
1668399688,2022-11-13 22:21:28 -0600,e2fc60f3e79dd44ba908c0e399cd350f00662647,TX,48377,2,2022-11-09T01:00:00.000Z,FIPSCode,48377,0,2022-11-14T04:21:17.909Z,8,98.98,8,100,62962,1025,61.97,62492,550,33.25,63492,79,4.78,1671,99,1654,4047,8,8
1668399729,2022-11-13 22:22:09 -0600,7fe8e1a609ade5c34c19e8d27aae0f7e90363736,TX,48377,2,2022-11-09T01:00:00.000Z,FIPSCode,48377,0,2022-11-14T04:21:17.909Z,8,98.98,8,100,62962,1025,61.97,62492,550,33.25,63492,79,4.78,1671,99,1654,4047,8,8
1668399751,2022-11-13 22:22:31 -0600,e945fd8b30ce246dc93ca5c1ffd126b265993a88,TX,48377,2,2022-11-09T01:00:00.000Z,FIPSCode,48377,0,2022-11-14T04:22:17.286Z,8,98.98,8,100,62962,1025,61.97,62492,550,33.25,63492,79,4.78,1671,99,1654,4047,8,8
1668399788,2022-11-13 22:23:08 -0600,1cd066567b8d69d7108c9a068d13ef6b368310d8,TX,48377,2,2022-11-09T01:00:00.000Z,FIPSCode,48377,0,2022-11-14T04:22:17.286Z,8,98.98,8,100,62962,1025,61.97,62492,550,33.25,63492,79,4.78,1671,99,1654,4047,8,8
1668399817,2022-11-13 22:23:37 -0600,2d5216be1dc119ca5750c412d3d597dd6510c427,TX,48377,2,2022-11-09T01:00:00.000Z,FIPSCode,48377,0,2022-11-14T04:23:19.246Z,8,98.98,8,100,62962,1025,61.97,62492,550,33.25,63492,79,4.78,1671,99,1654,4047,8,8
1668399859,2022-11-13 22:24:19 -0600,3206d281e1e46d7e520aa754e0832d5eac33ba86,TX,48377,2,2022-11-09T01:00:00.000Z,FIPSCode,48377,0,2022-11-14T04:23:19.246Z,8,98.98,8,100,62962,1025,61.97,62492,550,33.25,63492,79,4.78,1671,99,1654,4047,8,8
1668399872,2022-11-13 22:24:32 -0600,ee34059df56caf770d315c06fae3e2d6d2c02d7e,TX,48377,2,2022-11-09T01:00:00.000Z,FIPSCode,48377,0,2022-11-14T04:23:19.246Z,8,98.98,8,100,62962,1025,61.97,62492,550,33.25,63492,79,4.78,1671,99,1654,4047,8,8
1668399908,2022-11-13 22:25:08 -0600,858208aa968222253b6c6d12edef1caf599cd35b,TX,48377,2,2022-11-09T01:00:00.000Z,FIPSCode,48377,0,2022-11-14T04:23:19.246Z,8,98.98,8,100,62962,1025,61.97,62492,550,33.25,63492,79,4.78,1671,99,1654,4047,8,8
1668399947,2022-11-13 22:25:47 -0600,860417798938ebe230ed9281e8c9ac852e7ca63f,TX,48377,2,2022-11-09T01:00:00.000Z,FIPSCode,48377,0,2022-11-14T04:23:19.246Z,8,98.98,8,100,62962,1025,61.97,62492,550,33.25,63492,79,4.78,1671,99,1654,4047,8,8
1668399959,2022-11-13 22:25:59 -0600,9ad356b2cfc5541f4ea76518bb03097f86c30b96,TX,48377,2,2022-11-09T01:00:00.000Z,FIPSCode,48377,0,2022-11-14T04:23:19.246Z,8,98.98,8,100,62962,1025,61.97,62492,550,33.25,63492,79,4.78,1671,99,1654,4047,8,8
1668399972,2022-11-13 22:26:12 -0600,46e4cd036dc0ba2f587bf7d992233619129c190f,TX,48377,2,2022-11-09T01:00:00.000Z,FIPSCode,48377,0,2022-11-14T04:23:19.246Z,8,98.98,8,100,62962,1025,61.97,62492,550,33.25,63492,79,4.78,1671,99,1654,4047,8,8
1668399990,2022-11-13 22:26:30 -0600,365effaf822298e61eb9fc4e6486ca8ed5170ad1,TX,48377,2,2022-11-09T01:00:00.000Z,FIPSCode,48377,0,2022-11-14T04:23:19.246Z,8,98.98,8,100,62962,1025,61.97,62492,550,33.25,63492,79,4.78,1671,99,1654,4047,8,8
1668400029,2022-11-13 22:27:09 -0600,23ad26dcb77420324cf7101649f19f10355d6949,TX,48377,2,2022-11-09T01:00:00.000Z,FIPSCode,48377,0,2022-11-14T04:23:19.246Z,8,98.98,8,100,62962,1025,61.97,62492,550,33.25,63492,79,4.78,1671,99,1654,4047,8,8
1668400053,2022-11-13 22:27:33 -0600,8aead47658368339ec0ce13061ad55dd46f7af28,TX,48377,2,2022-11-09T01:00:00.000Z,FIPSCode,48377,0,2022-11-14T04:23:19.246Z,8,98.98,8,100,62962,1025,61.97,62492,550,33.25,63492,79,4.78,1671,99,1654,4047,8,8
1668400088,2022-11-13 22:28:08 -0600,03954bd8df2a42dcc17652ef46823e76d406a0b0,TX,48377,2,2022-11-09T01:00:00.000Z,FIPSCode,48377,0,2022-11-14T04:23:19.246Z,8,98.98,8,100,62962,1025,61.97,62492,550,33.25,63492,79,4.78,1671,99,1654,4047,8,8
1668400116,2022-11-13 22:28:36 -0600,6f0532d31c9cec49f49b6ca328f1a2df3815b0e9,TX,48377,2,2022-11-09T01:00:00.000Z,FIPSCode,48377,0,2022-11-14T04:23:19.246Z,8,98.98,8,100,62962,1025,61.97,62492,550,33.25,63492,79,4.78,1671,99,1654,4047,8,8
1668400146,2022-11-13 22:29:06 -0600,2f4eba06eb70d0a059d6999a09265d723f67f29c,TX,48377,2,2022-11-09T01:00:00.000Z,FIPSCode,48377,0,2022-11-14T04:23:19.246Z,8,98.98,8,100,62962,1025,61.97,62492,550,33.25,63492,79,4.78,1671,99,1654,4047,8,8
1668400168,2022-11-13 22:29:28 -0600,ca2c89a49183b561a7205a39bf25dc777b8caf84,TX,48377,2,2022-11-09T01:00:00.000Z,FIPSCode,48377,0,2022-11-14T04:23:19.246Z,8,98.98,8,100,62962,1025,61.97,62492,550,33.25,63492,79,4.78,1671,99,1654,4047,8,8
1668400175,2022-11-13 22:29:35 -0600,6440b10a119b588fd71167240e206e103f872f94,TX,48377,2,2022-11-09T01:00:00.000Z,FIPSCode,48377,0,2022-11-14T04:23:19.246Z,8,98.98,8,100,62962,1025,61.97,62492,550,33.25,63492,79,4.78,1671,99,1654,4047,8,8
1668400228,2022-11-13 22:30:28 -0600,69cf2a119e3c0c2971cab38aa091043b7aeb69dc,TX,48377,2,2022-11-09T01:00:00.000Z,FIPSCode,48377,0,2022-11-14T04:23:19.246Z,8,98.98,8,100,62962,1025,61.97,62492,550,33.25,63492,79,4.78,1671,99,1654,4047,8,8
1668400234,2022-11-13 22:30:34 -0600,a1a6cc5f0213529602a968c15478d581e31224f1,TX,48377,2,2022-11-09T01:00:00.000Z,FIPSCode,48377,0,2022-11-14T04:23:19.246Z,8,98.98,8,100,62962,1025,61.97,62492,550,33.25,63492,79,4.78,1671,99,1654,4047,8,8
1668400274,2022-11-13 22:31:14 -0600,2f8852f30b54b3fcceac984ef143ada436c8c66b,TX,48377,2,2022-11-09T01:00:00.000Z,FIPSCode,48377,0,2022-11-14T04:23:19.246Z,8,98.98,8,100,62962,1025,61.97,62492,550,33.25,63492,79,4.78,1671,99,1654,4047,8,8
1668400308,2022-11-13 22:31:48 -0600,3c13bac94df0fa8ca4754a602dbdb73c80f4c7fe,TX,48377,2,2022-11-09T01:00:00.000Z,FIPSCode,48377,0,2022-11-14T04:23:19.246Z,8,98.98,8,100,62962,1025,61.97,62492,550,33.25,63492,79,4.78,1671,99,1654,4047,8,8
1668400325,2022-11-13 22:32:05 -0600,ecbc102d63ecda98f145dea9cd04d9cc657b4d25,TX,48377,2,2022-11-09T01:00:00.000Z,FIPSCode,48377,0,2022-11-14T04:23:19.246Z,8,98.98,8,100,62962,1025,61.97,62492,550,33.25,63492,79,4.78,1671,99,1654,4047,8,8
1668400355,2022-11-13 22:32:35 -0600,21ed6ff695ba1c2668dad971af54904d89427caf,TX,48377,2,2022-11-09T01:00:00.000Z,FIPSCode,48377,0,2022-11-14T04:23:19.246Z,8,98.98,8,100,62962,1025,61.97,62492,550,33.25,63492,79,4.78,1671,99,1654,4047,8,8
1668400383,2022-11-13 22:33:03 -0600,6cce8aada1be28cc5c16fc1e67574df5723596a7,TX,48377,2,2022-11-09T01:00:00.000Z,FIPSCode,48377,0,2022-11-14T04:23:19.246Z,8,98.98,8,100,62962,1025,61.97,62492,550,33.25,63492,79,4.78,1671,99,1654,4047,8,8
1668400406,2022-11-13 22:33:26 -0600,b17968df91888ebfb6fe8ab3227dd90a7053a307,TX,48377,2,2022-11-09T01:00:00.000Z,FIPSCode,48377,0,2022-11-14T04:23:19.246Z,8,98.98,8,100,62962,1025,61.97,62492,550,33.25,63492,79,4.78,1671,99,1654,4047,8,8
1668400412,2022-11-13 22:33:32 -0600,a50439d7a5a1a33ad4ae7219c0645318baf1f4a9,TX,48377,2,2022-11-09T01:00:00.000Z,FIPSCode,48377,0,2022-11-14T04:23:19.246Z,8,98.98,8,100,62962,1025,61.97,62492,550,33.25,63492,79,4.78,1671,99,1654,4047,8,8
1668400442,2022-11-13 22:34:02 -0600,3978d673ce7f037c7ad6db3f9d1ce53c96df34b8,TX,48377,2,2022-11-09T01:00:00.000Z,FIPSCode,48377,0,2022-11-14T04:23:19.246Z,8,98.98,8,100,62962,1025,61.97,62492,550,33.25,63492,79,4.78,1671,99,1654,4047,8,8
1668400471,2022-11-13 22:34:31 -0600,e5fe0043d732f5bc683987e43794302d5b183c08,TX,48377,2,2022-11-09T01:00:00.000Z,FIPSCode,48377,0,2022-11-14T04:23:19.246Z,8,98.98,8,100,62962,1025,61.97,62492,550,33.25,63492,79,4.78,1671,99,1654,4047,8,8
1668400511,2022-11-13 22:35:11 -0600,de50712c986243be2d57cf932f9bb5865f9c8130,TX,48377,2,2022-11-09T01:00:00.000Z,FIPSCode,48377,0,2022-11-14T04:23:19.246Z,8,98.98,8,100,62962,1025,61.97,62492,550,33.25,63492,79,4.78,1671,99,1654,4047,8,8
1668400534,2022-11-13 22:35:34 -0600,7ec1f377a3f1b7f4527593ee65639f55034ca753,TX,48377,2,2022-11-09T01:00:00.000Z,FIPSCode,48377,0,2022-11-14T04:23:19.246Z,8,98.98,8,100,62962,1025,61.97,62492,550,33.25,63492,79,4.78,1671,99,1654,4047,8,8
1668400614,2022-11-13 22:36:54 -0600,4ab09f9ac15d06154f8530db078e416600ab7a5f,TX,48377,2,2022-11-09T01:00:00.000Z,FIPSCode,48377,0,2022-11-14T04:23:19.246Z,8,98.98,8,100,62962,1025,61.97,62492,550,33.25,63492,79,4.78,1671,99,1654,4047,8,8
1668400663,2022-11-13 22:37:43 -0600,33d6fe77904db9ba4336074002502c3b92b37646,TX,48377,2,2022-11-09T01:00:00.000Z,FIPSCode,48377,0,2022-11-14T04:23:19.246Z,8,98.98,8,100,62962,1025,61.97,62492,550,33.25,63492,79,4.78,1671,99,1654,4047,8,8
1668400718,2022-11-13 22:38:38 -0600,3057fa71522ee9aeef95d0cd58d88d0140154668,TX,48377,2,2022-11-09T01:00:00.000Z,FIPSCode,48377,0,2022-11-14T04:23:19.246Z,8,98.98,8,100,62962,1025,61.97,62492,550,33.25,63492,79,4.78,1671,99,1654,4047,8,8
1668400776,2022-11-13 22:39:36 -0600,44701da0703f7c8c23f0b724c7bcd4ebc02f447a,TX,48377,2,2022-11-09T01:00:00.000Z,FIPSCode,48377,0,2022-11-14T04:23:19.246Z,8,98.98,8,100,62962,1025,61.97,62492,550,33.25,63492,79,4.78,1671,99,1654,4047,8,8
1668400799,2022-11-13 22:39:59 -0600,d713991dcda012a6556d5289cd9d1dd5d4447977,TX,48377,2,2022-11-09T01:00:00.000Z,FIPSCode,48377,0,2022-11-14T04:23:19.246Z,8,98.98,8,100,62962,1025,61.97,62492,550,33.25,63492,79,4.78,1671,99,1654,4047,8,8
1668400828,2022-11-13 22:40:28 -0600,f4d6a7df0fd5a5c6188e53fc2f83b12d85baf299,TX,48377,2,2022-11-09T01:00:00.000Z,FIPSCode,48377,0,2022-11-14T04:23:19.246Z,8,98.98,8,100,62962,1025,61.97,62492,550,33.25,63492,79,4.78,1671,99,1654,4047,8,8
1668400846,2022-11-13 22:40:46 -0600,5584b07b7b5d0a71da0148ee90f9a0b37a1f3e11,TX,48377,2,2022-11-09T01:00:00.000Z,FIPSCode,48377,0,2022-11-14T04:23:19.246Z,8,98.98,8,100,62962,1025,61.97,62492,550,33.25,63492,79,4.78,1671,99,1654,4047,8,8
1668400863,2022-11-13 22:41:03 -0600,0ee07dbdb65b27b9138612b1488823211681c19d,TX,48377,2,2022-11-09T01:00:00.000Z,FIPSCode,48377,0,2022-11-14T04:23:19.246Z,8,98.98,8,100,62962,1025,61.97,62492,550,33.25,63492,79,4.78,1671,99,1654,4047,8,8
1668400892,2022-11-13 22:41:32 -0600,67a6c1aef64e61af5741f92646a8374a31e2498f,TX,48377,2,2022-11-09T01:00:00.000Z,FIPSCode,48377,0,2022-11-14T04:23:19.246Z,8,98.98,8,100,62962,1025,61.97,62492,550,33.25,63492,79,4.78,1671,99,1654,4047,8,8
1668400926,2022-11-13 22:42:06 -0600,c8d03ca4b432616d0c5def3ba534f9f1ac80f318,TX,48377,2,2022-11-09T01:00:00.000Z,FIPSCode,48377,0,2022-11-14T04:23:19.246Z,8,98.98,8,100,62962,1025,61.97,62492,550,33.25,63492,79,4.78,1671,99,1654,4047,8,8
1668400949,2022-11-13 22:42:29 -0600,4b77449ae6f162d756a8640c39592e4956a010bd,TX,48377,2,2022-11-09T01:00:00.000Z,FIPSCode,48377,0,2022-11-14T04:23:19.246Z,8,98.98,8,100,62962,1025,61.97,62492,550,33.25,63492,79,4.78,1671,99,1654,4047,8,8
1668400978,2022-11-13 22:42:58 -0600,497febbb1c7295804b6ca0d7d43f60ecee0d35fa,TX,48377,2,2022-11-09T01:00:00.000Z,FIPSCode,48377,0,2022-11-14T04:23:19.246Z,8,98.98,8,100,62962,1025,61.97,62492,550,33.25,63492,79,4.78,1671,99,1654,4047,8,8
1668400995,2022-11-13 22:43:15 -0600,18b63f9cad3bf69dd29e15d4ff1d9e36c422364d,TX,48377,2,2022-11-09T01:00:00.000Z,FIPSCode,48377,0,2022-11-14T04:23:19.246Z,8,98.98,8,100,62962,1025,61.97,62492,550,33.25,63492,79,4.78,1671,99,1654,4047,8,8
1668401012,2022-11-13 22:43:32 -0600,f664597399c0479ba4e6209b7f57f0f36f2bcfd1,TX,48377,2,2022-11-09T01:00:00.000Z,FIPSCode,48377,0,2022-11-14T04:23:19.246Z,8,98.98,8,100,62962,1025,61.97,62492,550,33.25,63492,79,4.78,1671,99,1654,4047,8,8
1668401029,2022-11-13 22:43:49 -0600,f5330320d1c8623a988d75f81f8914448d38268c,TX,48377,2,2022-11-09T01:00:00.000Z,FIPSCode,48377,0,2022-11-14T04:23:19.246Z,8,98.98,8,100,62962,1025,61.97,62492,550,33.25,63492,79,4.78,1671,99,1654,4047,8,8
1668401069,2022-11-13 22:44:29 -0600,a4934195a1503d2e7b1b707acef94a652fa97fed,TX,48377,2,2022-11-09T01:00:00.000Z,FIPSCode,48377,0,2022-11-14T04:23:19.246Z,8,98.98,8,100,62962,1025,61.97,62492,550,33.25,63492,79,4.78,1671,99,1654,4047,8,8
1668401092,2022-11-13 22:44:52 -0600,3dbf53313b871acadf57049652a1ae2106da2a8a,TX,48377,2,2022-11-09T01:00:00.000Z,FIPSCode,48377,0,2022-11-14T04:23:19.246Z,8,98.98,8,100,62962,1025,61.97,62492,550,33.25,63492,79,4.78,1671,99,1654,4047,8,8
1668401158,2022-11-13 22:45:58 -0600,6cd4fa7153cc4e2c183b02f911c17685898edaf2,TX,48377,2,2022-11-09T01:00:00.000Z,FIPSCode,48377,0,2022-11-14T04:23:19.246Z,8,98.98,8,100,62962,1025,61.97,62492,550,33.25,63492,79,4.78,1671,99,1654,4047,8,8
1668401211,2022-11-13 22:46:51 -0600,4149834876f94fb2077246faebb5b04753ae5a5b,TX,48377,2,2022-11-09T01:00:00.000Z,FIPSCode,48377,0,2022-11-14T04:23:19.246Z,8,98.98,8,100,62962,1025,61.97,62492,550,33.25,63492,79,4.78,1671,99,1654,4047,8,8
1668401295,2022-11-13 22:48:15 -0600,8bff51eaed054528d00528667cd350aa3fbca2fc,TX,48377,2,2022-11-09T01:00:00.000Z,FIPSCode,48377,0,2022-11-14T04:23:19.246Z,8,98.98,8,100,62962,1025,61.97,62492,550,33.25,63492,79,4.78,1671,99,1654,4047,8,8
1668401312,2022-11-13 22:48:32 -0600,e7e825fd094144e4e47385f5dcdf8afe020f912a,TX,48377,2,2022-11-09T01:00:00.000Z,FIPSCode,48377,0,2022-11-14T04:23:19.246Z,8,98.98,8,100,62962,1025,61.97,62492,550,33.25,63492,79,4.78,1671,99,1654,4047,8,8
1668401369,2022-11-13 22:49:29 -0600,7b8b33a33a56d53a8ca1517ac1a227a28573675a,TX,48377,2,2022-11-09T01:00:00.000Z,FIPSCode,48377,0,2022-11-14T04:49:16.897Z,8,98.98,8,100,62962,1025,61.97,62492,550,33.25,63492,79,4.78,1671,99,1654,4047,8,8
1668401393,2022-11-13 22:49:53 -0600,0763993e2dd553d0bf31ac991918f439cbdd33b0,TX,48377,2,2022-11-09T01:00:00.000Z,FIPSCode,48377,0,2022-11-14T04:49:16.897Z,8,98.98,8,100,62962,1025,61.97,62492,550,33.25,63492,79,4.78,1671,99,1654,4047,8,8
1668401427,2022-11-13 22:50:27 -0600,fd5483851ad563e3c7c0a35713fd725d700250d9,TX,48377,2,2022-11-09T01:00:00.000Z,FIPSCode,48377,0,2022-11-14T04:50:17.556Z,8,98.98,8,100,62962,1025,61.97,62492,550,33.25,63492,79,4.78,1671,99,1654,4047,8,8
1668401461,2022-11-13 22:51:01 -0600,6c4a830d4c96ccad5f2d58d165f28f5477bd7a13,TX,48377,2,2022-11-09T01:00:00.000Z,FIPSCode,48377,0,2022-11-14T04:50:17.556Z,8,98.98,8,100,62962,1025,61.97,62492,550,33.25,63492,79,4.78,1671,99,1654,4047,8,8
1668401478,2022-11-13 22:51:18 -0600,1af4680fecae7630dba2319fe0c2f563c369e629,TX,48377,2,2022-11-09T01:00:00.000Z,FIPSCode,48377,0,2022-11-14T04:50:17.556Z,8,98.98,8,100,62962,1025,61.97,62492,550,33.25,63492,79,4.78,1671,99,1654,4047,8,8
1668401489,2022-11-13 22:51:29 -0600,41f3157bb7607d41335abbd74eae87bcf08c3224,TX,48377,2,2022-11-09T01:00:00.000Z,FIPSCode,48377,0,2022-11-14T04:50:17.556Z,8,98.98,8,100,62962,1025,61.97,62492,550,33.25,63492,79,4.78,1671,99,1654,4047,8,8
1668401495,2022-11-13 22:51:35 -0600,f0ecfbe78611612d86cd33897ae91e7aefd7d577,TX,48377,2,2022-11-09T01:00:00.000Z,FIPSCode,48377,0,2022-11-14T04:51:17.826Z,8,98.98,8,100,62962,1025,61.97,62492,550,33.25,63492,79,4.78,1671,99,1654,4047,8,8
1668401519,2022-11-13 22:51:59 -0600,acd52af04401cd36247122950a48c8c690668b16,TX,48377,2,2022-11-09T01:00:00.000Z,FIPSCode,48377,0,2022-11-14T04:51:17.826Z,8,98.98,8,100,62962,1025,61.97,62492,550,33.25,63492,79,4.78,1671,99,1654,4047,8,8
1668401549,2022-11-13 22:52:29 -0600,e58cb000d410c66e721a55b26596af83f1c71865,TX,48377,2,2022-11-09T01:00:00.000Z,FIPSCode,48377,0,2022-11-14T04:52:16.386Z,8,98.98,8,100,62962,1025,61.97,62492,550,33.25,63492,79,4.78,1671,99,1654,4047,8,8
1668401584,2022-11-13 22:53:04 -0600,7b5cf68113ef1d26e062829deaed9e1ca98accea,TX,48377,2,2022-11-09T01:00:00.000Z,FIPSCode,48377,0,2022-11-14T04:52:16.386Z,8,98.98,8,100,62962,1025,61.97,62492,550,33.25,63492,79,4.78,1671,99,1654,4047,8,8
1668401620,2022-11-13 22:53:40 -0600,20fd16c800d356dd905cea147a42e24ffcee4315,TX,48377,2,2022-11-09T01:00:00.000Z,FIPSCode,48377,0,2022-11-14T04:52:16.386Z,8,98.98,8,100,62962,1025,61.97,62492,550,33.25,63492,79,4.78,1671,99,1654,4047,8,8
1668401642,2022-11-13 22:54:02 -0600,1575ea0c8f22212e0d923b09d0c7d669f797a9da,TX,48377,2,2022-11-09T01:00:00.000Z,FIPSCode,48377,0,2022-11-14T04:52:16.386Z,8,98.98,8,100,62962,1025,61.97,62492,550,33.25,63492,79,4.78,1671,99,1654,4047,8,8
1668401704,2022-11-13 22:55:04 -0600,4458dfeef3eb31af4fc498be35a4a3c7b7d11b97,TX,48377,2,2022-11-09T01:00:00.000Z,FIPSCode,48377,0,2022-11-14T04:52:16.386Z,8,98.98,8,100,62962,1025,61.97,62492,550,33.25,63492,79,4.78,1671,99,1654,4047,8,8
1668401763,2022-11-13 22:56:03 -0600,4d5d2fa754e54ccb463fda3a7eaea0bc69cb9075,TX,48377,2,2022-11-09T01:00:00.000Z,FIPSCode,48377,0,2022-11-14T04:55:39.043Z,8,98.98,8,100,62962,1025,61.97,62492,550,33.25,63492,79,4.78,1671,99,1654,4047,8,8
1668401825,2022-11-13 22:57:05 -0600,7541ef1ea7752fb14914a463849349962ae4be5d,TX,48377,2,2022-11-09T01:00:00.000Z,FIPSCode,48377,0,2022-11-14T04:56:34.013Z,8,98.98,8,100,62962,1025,61.97,62492,550,33.25,63492,79,4.78,1671,99,1654,4047,8,8
1668401848,2022-11-13 22:57:28 -0600,923f6e552ee77cf11451d00f0565a098b0236778,TX,48377,2,2022-11-09T01:00:00.000Z,FIPSCode,48377,0,2022-11-14T04:57:17.321Z,8,98.98,8,100,62962,1025,61.97,62492,550,33.25,63492,79,4.78,1671,99,1654,4047,8,8
1668401884,2022-11-13 22:58:04 -0600,551791ba1d286b0d821dc329ca6c11868dc95ea9,TX,48377,2,2022-11-09T01:00:00.000Z,FIPSCode,48377,0,2022-11-14T04:57:17.321Z,8,98.98,8,100,62962,1025,61.97,62492,550,33.25,63492,79,4.78,1671,99,1654,4047,8,8
1668401913,2022-11-13 22:58:33 -0600,2b5c8d44c64ed29298f37a74f01ce3d6eb5cd661,TX,48377,2,2022-11-09T01:00:00.000Z,FIPSCode,48377,0,2022-11-14T04:58:16.235Z,8,98.98,8,100,62962,1025,61.97,62492,550,33.25,63492,79,4.78,1671,99,1654,4047,8,8
1668401944,2022-11-13 22:59:04 -0600,8290880925b2e4013dce5c81baedb3e72e7d4de8,TX,48377,2,2022-11-09T01:00:00.000Z,FIPSCode,48377,0,2022-11-14T04:58:16.235Z,8,98.98,8,100,62962,1025,61.97,62492,550,33.25,63492,79,4.78,1671,99,1654,4047,8,8
1668401966,2022-11-13 22:59:26 -0600,791a80f52bee7d07220e7aa98a6d64d2ced9e31b,TX,48377,2,2022-11-09T01:00:00.000Z,FIPSCode,48377,0,2022-11-14T04:58:16.235Z,8,98.98,8,100,62962,1025,61.97,62492,550,33.25,63492,79,4.78,1671,99,1654,4047,8,8
1668401999,2022-11-13 22:59:59 -0600,f5ed753bd9c0b4818469bd162cc10363826b059e,TX,48377,2,2022-11-09T01:00:00.000Z,FIPSCode,48377,0,2022-11-14T04:58:16.235Z,8,98.98,8,100,62962,1025,61.97,62492,550,33.25,63492,79,4.78,1671,99,1654,4047,8,8
1668402045,2022-11-13 23:00:45 -0600,f625e666ed4b4f2d188ce32a090567395c66be04,TX,48377,2,2022-11-09T01:00:00.000Z,FIPSCode,48377,0,2022-11-14T04:58:16.235Z,8,98.98,8,100,62962,1025,61.97,62492,550,33.25,63492,79,4.78,1671,99,1654,4047,8,8
1668402086,2022-11-13 23:01:26 -0600,e8bbdf70c80a1e7f39fa89b00c6374b924100d65,TX,48377,2,2022-11-09T01:00:00.000Z,FIPSCode,48377,0,2022-11-14T04:58:16.235Z,8,98.98,8,100,62962,1025,61.97,62492,550,33.25,63492,79,4.78,1671,99,1654,4047,8,8
1668402103,2022-11-13 23:01:43 -0600,e7dc48929b5ccf77f27df94ab72e1687cb389389,TX,48377,2,2022-11-09T01:00:00.000Z,FIPSCode,48377,0,2022-11-14T04:58:16.235Z,8,98.98,8,100,62962,1025,61.97,62492,550,33.25,63492,79,4.78,1671,99,1654,4047,8,8
1668402184,2022-11-13 23:03:04 -0600,22ade348f41eadeb1c54dd416545d37f07b7938b,TX,48377,2,2022-11-09T01:00:00.000Z,FIPSCode,48377,0,2022-11-14T04:58:16.235Z,8,98.98,8,100,62962,1025,61.97,62492,550,33.25,63492,79,4.78,1671,99,1654,4047,8,8
1668402213,2022-11-13 23:03:33 -0600,88c10dfb315092573939ef293d976c3ca270e946,TX,48377,2,2022-11-09T01:00:00.000Z,FIPSCode,48377,0,2022-11-14T04:58:16.235Z,8,98.98,8,100,62962,1025,61.97,62492,550,33.25,63492,79,4.78,1671,99,1654,4047,8,8
1668402241,2022-11-13 23:04:01 -0600,91164e14ecb6b977c9b9b3d14535826b09be3fc5,TX,48377,2,2022-11-09T01:00:00.000Z,FIPSCode,48377,0,2022-11-14T04:58:16.235Z,8,98.98,8,100,62962,1025,61.97,62492,550,33.25,63492,79,4.78,1671,99,1654,4047,8,8
1668402269,2022-11-13 23:04:29 -0600,ab83d1d1f71344a19dcd6058f63ea5cfaabc0dc6,TX,48377,2,2022-11-09T01:00:00.000Z,FIPSCode,48377,0,2022-11-14T04:58:16.235Z,8,98.98,8,100,62962,1025,61.97,62492,550,33.25,63492,79,4.78,1671,99,1654,4047,8,8
1668402292,2022-11-13 23:04:52 -0600,85e623491ce88f467d1e49b307ee0e3d29305a6c,TX,48377,2,2022-11-09T01:00:00.000Z,FIPSCode,48377,0,2022-11-14T04:58:16.235Z,8,98.98,8,100,62962,1025,61.97,62492,550,33.25,63492,79,4.78,1671,99,1654,4047,8,8
1668402332,2022-11-13 23:05:32 -0600,ceb30b358c77f1e221eb26fc85f54f2cdc024270,TX,48377,2,2022-11-09T01:00:00.000Z,FIPSCode,48377,0,2022-11-14T04:58:16.235Z,8,98.98,8,100,62962,1025,61.97,62492,550,33.25,63492,79,4.78,1671,99,1654,4047,8,8
1668402352,2022-11-13 23:05:52 -0600,be2126779d0d80149620f46a12550ec27a105e81,TX,48377,2,2022-11-09T01:00:00.000Z,FIPSCode,48377,0,2022-11-14T04:58:16.235Z,8,98.98,8,100,62962,1025,61.97,62492,550,33.25,63492,79,4.78,1671,99,1654,4047,8,8
1668402392,2022-11-13 23:06:32 -0600,0c8a2721878ceb6e025e5c4474d6ab3bf21740ec,TX,48377,2,2022-11-09T01:00:00.000Z,FIPSCode,48377,0,2022-11-14T04:58:16.235Z,8,98.98,8,100,62962,1025,61.97,62492,550,33.25,63492,79,4.78,1671,99,1654,4047,8,8
1668402403,2022-11-13 23:06:43 -0600,61f92838339430c48eb6b1c610c8b3ad072d36c1,TX,48377,2,2022-11-09T01:00:00.000Z,FIPSCode,48377,0,2022-11-14T04:58:16.235Z,8,98.98,8,100,62962,1025,61.97,62492,550,33.25,63492,79,4.78,1671,99,1654,4047,8,8
1668402437,2022-11-13 23:07:17 -0600,fb80db497927b0096493552b61b0fd47783682d6,TX,48377,2,2022-11-09T01:00:00.000Z,FIPSCode,48377,0,2022-11-14T04:58:16.235Z,8,98.98,8,100,62962,1025,61.97,62492,550,33.25,63492,79,4.78,1671,99,1654,4047,8,8
1668402449,2022-11-13 23:07:29 -0600,5bf70e2e49e6ca7f8010481d32f7335122423e27,TX,48377,2,2022-11-09T01:00:00.000Z,FIPSCode,48377,0,2022-11-14T05:07:16.951Z,8,98.98,8,100,62962,1025,61.97,62492,550,33.25,63492,79,4.78,1671,99,1654,4047,8,8
1668402525,2022-11-13 23:08:45 -0600,07a55e0f989fa51a17d6a32c86f8ee542b2e1d58,TX,48377,2,2022-11-09T01:00:00.000Z,FIPSCode,48377,0,2022-11-14T05:07:16.951Z,8,98.98,8,100,62962,1025,61.97,62492,550,33.25,63492,79,4.78,1671,99,1654,4047,8,8
1668402556,2022-11-13 23:09:16 -0600,7606473b0d940a6517c81803156246c189e06dc5,TX,48377,2,2022-11-09T01:00:00.000Z,FIPSCode,48377,0,2022-11-14T05:08:40.682Z,8,98.98,8,100,62962,1025,61.97,62492,550,33.25,63492,79,4.78,1671,99,1654,4047,8,8
1668402574,2022-11-13 23:09:34 -0600,176d9982b9dbd81f4f10f354fa584fc25ea12016,TX,48377,2,2022-11-09T01:00:00.000Z,FIPSCode,48377,0,2022-11-14T05:09:16.621Z,8,98.98,8,100,62962,1025,61.97,62492,550,33.25,63492,79,4.78,1671,99,1654,4047,8,8
1668402661,2022-11-13 23:11:01 -0600,397f3dffe7292983c4285cb9b1bd79e13a83637f,TX,48377,2,2022-11-09T01:00:00.000Z,FIPSCode,48377,0,2022-11-14T05:09:16.621Z,8,98.98,8,100,62962,1025,61.97,62492,550,33.25,63492,79,4.78,1671,99,1654,4047,8,8
1668402726,2022-11-13 23:12:06 -0600,060012c5548dd59fc8fdb0d58cc6f2a64cadecc4,TX,48377,2,2022-11-09T01:00:00.000Z,FIPSCode,48377,0,2022-11-14T05:09:16.621Z,8,98.98,8,100,62962,1025,61.97,62492,550,33.25,63492,79,4.78,1671,99,1654,4047,8,8
1668402750,2022-11-13 23:12:30 -0600,8ae947d07769b020a5169e9a84be2bc88ec9754c,TX,48377,2,2022-11-09T01:00:00.000Z,FIPSCode,48377,0,2022-11-14T05:09:16.621Z,8,98.98,8,100,62962,1025,61.97,62492,550,33.25,63492,79,4.78,1671,99,1654,4047,8,8
1668402755,2022-11-13 23:12:35 -0600,bdcd417fbf78ebc39994b8c443b0f7dd4b29fef6,TX,48377,2,2022-11-09T01:00:00.000Z,FIPSCode,48377,0,2022-11-14T05:09:16.621Z,8,98.98,8,100,62962,1025,61.97,62492,550,33.25,63492,79,4.78,1671,99,1654,4047,8,8
1668402780,2022-11-13 23:13:00 -0600,77aa123eddafe7c5bfee0ac7cd9969010bd9f5da,TX,48377,2,2022-11-09T01:00:00.000Z,FIPSCode,48377,0,2022-11-14T05:09:16.621Z,8,98.98,8,100,62962,1025,61.97,62492,550,33.25,63492,79,4.78,1671,99,1654,4047,8,8
1668402809,2022-11-13 23:13:29 -0600,3cb8056680036d41f932ff44d602d4b9f6adcbc5,TX,48377,2,2022-11-09T01:00:00.000Z,FIPSCode,48377,0,2022-11-14T05:09:16.621Z,8,98.98,8,100,62962,1025,61.97,62492,550,33.25,63492,79,4.78,1671,99,1654,4047,8,8
1668402821,2022-11-13 23:13:41 -0600,b2d66dfa04b2a5136fe2b14bef250af28403fcbb,TX,48377,2,2022-11-09T01:00:00.000Z,FIPSCode,48377,0,2022-11-14T05:09:16.621Z,8,98.98,8,100,62962,1025,61.97,62492,550,33.25,63492,79,4.78,1671,99,1654,4047,8,8
1668402855,2022-11-13 23:14:15 -0600,9056369f7e4eafbd93800b0c97db7bbb4c27b0f6,TX,48377,2,2022-11-09T01:00:00.000Z,FIPSCode,48377,0,2022-11-14T05:09:16.621Z,8,98.98,8,100,62962,1025,61.97,62492,550,33.25,63492,79,4.78,1671,99,1654,4047,8,8
1668402872,2022-11-13 23:14:32 -0600,969da8a0bee07d82a352e527661a1e6c5806a18c,TX,48377,2,2022-11-09T01:00:00.000Z,FIPSCode,48377,0,2022-11-14T05:09:16.621Z,8,98.98,8,100,62962,1025,61.97,62492,550,33.25,63492,79,4.78,1671,99,1654,4047,8,8
1668402901,2022-11-13 23:15:01 -0600,a15297db75ef9a277a2ffd6b5397da4038e6e72a,TX,48377,2,2022-11-09T01:00:00.000Z,FIPSCode,48377,0,2022-11-14T05:09:16.621Z,8,98.98,8,100,62962,1025,61.97,62492,550,33.25,63492,79,4.78,1671,99,1654,4047,8,8
1668402943,2022-11-13 23:15:43 -0600,c4552b7bcbf64ced5ec809b58a87a330dc591566,TX,48377,2,2022-11-09T01:00:00.000Z,FIPSCode,48377,0,2022-11-14T05:09:16.621Z,8,98.98,8,100,62962,1025,61.97,62492,550,33.25,63492,79,4.78,1671,99,1654,4047,8,8
1668402965,2022-11-13 23:16:05 -0600,e436360462a3987d0e908a0f1232dcc2ea9f74f7,TX,48377,2,2022-11-09T01:00:00.000Z,FIPSCode,48377,0,2022-11-14T05:09:16.621Z,8,98.98,8,100,62962,1025,61.97,62492,550,33.25,63492,79,4.78,1671,99,1654,4047,8,8
1668402993,2022-11-13 23:16:33 -0600,d529072147884a0707df4977b260faf4375c940d,TX,48377,2,2022-11-09T01:00:00.000Z,FIPSCode,48377,0,2022-11-14T05:09:16.621Z,8,98.98,8,100,62962,1025,61.97,62492,550,33.25,63492,79,4.78,1671,99,1654,4047,8,8
1668403006,2022-11-13 23:16:46 -0600,67b07b94ca96c23e527acf8dfcdcce0911fe9701,TX,48377,2,2022-11-09T01:00:00.000Z,FIPSCode,48377,0,2022-11-14T05:09:16.621Z,8,98.98,8,100,62962,1025,61.97,62492,550,33.25,63492,79,4.78,1671,99,1654,4047,8,8
1668403039,2022-11-13 23:17:19 -0600,7ada61c714c3fdf6d95f05840dc3fc65f24e1d3e,TX,48377,2,2022-11-09T01:00:00.000Z,FIPSCode,48377,0,2022-11-14T05:09:16.621Z,8,98.98,8,100,62962,1025,61.97,62492,550,33.25,63492,79,4.78,1671,99,1654,4047,8,8
1668403057,2022-11-13 23:17:37 -0600,b1c2940ea61592cd923d276c7e2616116e5c23a1,TX,48377,2,2022-11-09T01:00:00.000Z,FIPSCode,48377,0,2022-11-14T05:09:16.621Z,8,98.98,8,100,62962,1025,61.97,62492,550,33.25,63492,79,4.78,1671,99,1654,4047,8,8
1668403080,2022-11-13 23:18:00 -0600,e0aa2eb75f95e6ea3b14d159433b6955f7998b4c,TX,48377,2,2022-11-09T01:00:00.000Z,FIPSCode,48377,0,2022-11-14T05:09:16.621Z,8,98.98,8,100,62962,1025,61.97,62492,550,33.25,63492,79,4.78,1671,99,1654,4047,8,8
1668403112,2022-11-13 23:18:32 -0600,6bff7e7eb17daf1f4185e2fa998f5bdf1622c922,TX,48377,2,2022-11-09T01:00:00.000Z,FIPSCode,48377,0,2022-11-14T05:09:16.621Z,8,98.98,8,100,62962,1025,61.97,62492,550,33.25,63492,79,4.78,1671,99,1654,4047,8,8
1668403135,2022-11-13 23:18:55 -0600,bd6ce4e8d57c63ae4f3afc989d41243ff10f8d92,TX,48377,2,2022-11-09T01:00:00.000Z,FIPSCode,48377,0,2022-11-14T05:09:16.621Z,8,98.98,8,100,62962,1025,61.97,62492,550,33.25,63492,79,4.78,1671,99,1654,4047,8,8
1668403148,2022-11-13 23:19:08 -0600,ccdc8e6b622bb1722e05ff94ac2a778bb5b23039,TX,48377,2,2022-11-09T01:00:00.000Z,FIPSCode,48377,0,2022-11-14T05:09:16.621Z,8,98.98,8,100,62962,1025,61.97,62492,550,33.25,63492,79,4.78,1671,99,1654,4047,8,8
1668403176,2022-11-13 23:19:36 -0600,1bc9be15edefed567bf1721248ae4a39c12cc056,TX,48377,2,2022-11-09T01:00:00.000Z,FIPSCode,48377,0,2022-11-14T05:09:16.621Z,8,98.98,8,100,62962,1025,61.97,62492,550,33.25,63492,79,4.78,1671,99,1654,4047,8,8
1668403188,2022-11-13 23:19:48 -0600,7a790da10ee82c2a17a570b0491e7ee4c54d173e,TX,48377,2,2022-11-09T01:00:00.000Z,FIPSCode,48377,0,2022-11-14T05:09:16.621Z,8,98.98,8,100,62962,1025,61.97,62492,550,33.25,63492,79,4.78,1671,99,1654,4047,8,8
1668403205,2022-11-13 23:20:05 -0600,f98f1fa3558c0214220839a032745bb72d37c42e,TX,48377,2,2022-11-09T01:00:00.000Z,FIPSCode,48377,0,2022-11-14T05:09:16.621Z,8,98.98,8,100,62962,1025,61.97,62492,550,33.25,63492,79,4.78,1671,99,1654,4047,8,8
1668403236,2022-11-13 23:20:36 -0600,42254d53ed973ae7a6f8017d85ecf45dc8f9b51c,TX,48377,2,2022-11-09T01:00:00.000Z,FIPSCode,48377,0,2022-11-14T05:09:16.621Z,8,98.98,8,100,62962,1025,61.97,62492,550,33.25,63492,79,4.78,1671,99,1654,4047,8,8
1668403260,2022-11-13 23:21:00 -0600,06cbb16126340eb48e50a4bcd22edc5d7160d6df,TX,48377,2,2022-11-09T01:00:00.000Z,FIPSCode,48377,0,2022-11-14T05:09:16.621Z,8,98.98,8,100,62962,1025,61.97,62492,550,33.25,63492,79,4.78,1671,99,1654,4047,8,8
1668403291,2022-11-13 23:21:31 -0600,d1befd1a8211ee753f215e1c8332fe17b6c826c5,TX,48377,2,2022-11-09T01:00:00.000Z,FIPSCode,48377,0,2022-11-14T05:09:16.621Z,8,98.98,8,100,62962,1025,61.97,62492,550,33.25,63492,79,4.78,1671,99,1654,4047,8,8
1668403308,2022-11-13 23:21:48 -0600,f8dc3cf373e3437e291f3e35cba1fc3ffc847986,TX,48377,2,2022-11-09T01:00:00.000Z,FIPSCode,48377,0,2022-11-14T05:09:16.621Z,8,98.98,8,100,62962,1025,61.97,62492,550,33.25,63492,79,4.78,1671,99,1654,4047,8,8
1668403381,2022-11-13 23:23:01 -0600,50043d68f585d8cb4b06932b9810a777408dd4cf,TX,48377,2,2022-11-09T01:00:00.000Z,FIPSCode,48377,0,2022-11-14T05:09:16.621Z,8,98.98,8,100,62962,1025,61.97,62492,550,33.25,63492,79,4.78,1671,99,1654,4047,8,8
1668403404,2022-11-13 23:23:24 -0600,90a1ea31c0c72953ae86104dbfa9c12f9fc96173,TX,48377,2,2022-11-09T01:00:00.000Z,FIPSCode,48377,0,2022-11-14T05:09:16.621Z,8,98.98,8,100,62962,1025,61.97,62492,550,33.25,63492,79,4.78,1671,99,1654,4047,8,8
1668403416,2022-11-13 23:23:36 -0600,beff2e16b41372d1f27427e9e6082770b51ae088,TX,48377,2,2022-11-09T01:00:00.000Z,FIPSCode,48377,0,2022-11-14T05:09:16.621Z,8,98.98,8,100,62962,1025,61.97,62492,550,33.25,63492,79,4.78,1671,99,1654,4047,8,8
1668403434,2022-11-13 23:23:54 -0600,80602856d13a389a6894d2232a5a9c5042c6fee4,TX,48377,2,2022-11-09T01:00:00.000Z,FIPSCode,48377,0,2022-11-14T05:09:16.621Z,8,98.98,8,100,62962,1025,61.97,62492,550,33.25,63492,79,4.78,1671,99,1654,4047,8,8
1668403473,2022-11-13 23:24:33 -0600,c671396eb56df99586d9919da3c54fd4b8db9607,TX,48377,2,2022-11-09T01:00:00.000Z,FIPSCode,48377,0,2022-11-14T05:09:16.621Z,8,98.98,8,100,62962,1025,61.97,62492,550,33.25,63492,79,4.78,1671,99,1654,4047,8,8
1668403507,2022-11-13 23:25:07 -0600,cabc01dd71d3fdc8762899b03abbdc6be037865f,TX,48377,2,2022-11-09T01:00:00.000Z,FIPSCode,48377,0,2022-11-14T05:09:16.621Z,8,98.98,8,100,62962,1025,61.97,62492,550,33.25,63492,79,4.78,1671,99,1654,4047,8,8
1668403531,2022-11-13 23:25:31 -0600,1bebcfa4ff78407dd2afa8a779d7b53cde013dd8,TX,48377,2,2022-11-09T01:00:00.000Z,FIPSCode,48377,0,2022-11-14T05:09:16.621Z,8,98.98,8,100,62962,1025,61.97,62492,550,33.25,63492,79,4.78,1671,99,1654,4047,8,8
1668403566,2022-11-13 23:26:06 -0600,e16cf3c84897081fd9c3be8d9b8cc61043cb3b01,TX,48377,2,2022-11-09T01:00:00.000Z,FIPSCode,48377,0,2022-11-14T05:09:16.621Z,8,98.98,8,100,62962,1025,61.97,62492,550,33.25,63492,79,4.78,1671,99,1654,4047,8,8
1668403589,2022-11-13 23:26:29 -0600,0092b73c05a43ac52804fc521d3b5240363d8c0b,TX,48377,2,2022-11-09T01:00:00.000Z,FIPSCode,48377,0,2022-11-14T05:09:16.621Z,8,98.98,8,100,62962,1025,61.97,62492,550,33.25,63492,79,4.78,1671,99,1654,4047,8,8
1668403613,2022-11-13 23:26:53 -0600,5d22277fdf5be7cd0725fff17e23f3f1cd394439,TX,48377,2,2022-11-09T01:00:00.000Z,FIPSCode,48377,0,2022-11-14T05:09:16.621Z,8,98.98,8,100,62962,1025,61.97,62492,550,33.25,63492,79,4.78,1671,99,1654,4047,8,8
1668403635,2022-11-13 23:27:15 -0600,a0b347cf339dd7b09892269a4acc0b3ad00ef64c,TX,48377,2,2022-11-09T01:00:00.000Z,FIPSCode,48377,0,2022-11-14T05:09:16.621Z,8,98.98,8,100,62962,1025,61.97,62492,550,33.25,63492,79,4.78,1671,99,1654,4047,8,8
1668403653,2022-11-13 23:27:33 -0600,42f1fe9cdbbb6354864aa14a142267208f68dcca,TX,48377,2,2022-11-09T01:00:00.000Z,FIPSCode,48377,0,2022-11-14T05:09:16.621Z,8,98.98,8,100,62962,1025,61.97,62492,550,33.25,63492,79,4.78,1671,99,1654,4047,8,8
1668403664,2022-11-13 23:27:44 -0600,e797d5174199f6c927e05b0d087e2daa4fd82136,TX,48377,2,2022-11-09T01:00:00.000Z,FIPSCode,48377,0,2022-11-14T05:09:16.621Z,8,98.98,8,100,62962,1025,61.97,62492,550,33.25,63492,79,4.78,1671,99,1654,4047,8,8
1668403717,2022-11-13 23:28:37 -0600,575ea5e0562d54326372399c3e01b85c8712727b,TX,48377,2,2022-11-09T01:00:00.000Z,FIPSCode,48377,0,2022-11-14T05:09:16.621Z,8,98.98,8,100,62962,1025,61.97,62492,550,33.25,63492,79,4.78,1671,99,1654,4047,8,8
1668403740,2022-11-13 23:29:00 -0600,ba6fae639aeb0a5c3244bbdd65c8febde630eb6b,TX,48377,2,2022-11-09T01:00:00.000Z,FIPSCode,48377,0,2022-11-14T05:09:16.621Z,8,98.98,8,100,62962,1025,61.97,62492,550,33.25,63492,79,4.78,1671,99,1654,4047,8,8
1668403774,2022-11-13 23:29:34 -0600,9d5ac0d7ea53604d6db36a90c52817fa4d0cd2e8,TX,48377,2,2022-11-09T01:00:00.000Z,FIPSCode,48377,0,2022-11-14T05:09:16.621Z,8,98.98,8,100,62962,1025,61.97,62492,550,33.25,63492,79,4.78,1671,99,1654,4047,8,8
1668403838,2022-11-13 23:30:38 -0600,aed82fa26774ddd098d5665ad147dd3ef2fbed77,TX,48377,2,2022-11-09T01:00:00.000Z,FIPSCode,48377,0,2022-11-14T05:09:16.621Z,8,98.98,8,100,62962,1025,61.97,62492,550,33.25,63492,79,4.78,1671,99,1654,4047,8,8
1668403868,2022-11-13 23:31:08 -0600,86a8bd6496664de1634f0f2bb9e1668723f00475,TX,48377,2,2022-11-09T01:00:00.000Z,FIPSCode,48377,0,2022-11-14T05:09:16.621Z,8,98.98,8,100,62962,1025,61.97,62492,550,33.25,63492,79,4.78,1671,99,1654,4047,8,8
1668403909,2022-11-13 23:31:49 -0600,4464cb01b5764ffec4966a9bbb302e774e00e17e,TX,48377,2,2022-11-09T01:00:00.000Z,FIPSCode,48377,0,2022-11-14T05:09:16.621Z,8,98.98,8,100,62962,1025,61.97,62492,550,33.25,63492,79,4.78,1671,99,1654,4047,8,8
1668403920,2022-11-13 23:32:00 -0600,4a4aa37dede0409c5b72ccb433b24ab9164ff8a9,TX,48377,2,2022-11-09T01:00:00.000Z,FIPSCode,48377,0,2022-11-14T05:09:16.621Z,8,98.98,8,100,62962,1025,61.97,62492,550,33.25,63492,79,4.78,1671,99,1654,4047,8,8
1668403932,2022-11-13 23:32:12 -0600,1ab88e9f8c322da720ae0c57cce1f78e5becbfde,TX,48377,2,2022-11-09T01:00:00.000Z,FIPSCode,48377,0,2022-11-14T05:09:16.621Z,8,98.98,8,100,62962,1025,61.97,62492,550,33.25,63492,79,4.78,1671,99,1654,4047,8,8
1668403955,2022-11-13 23:32:35 -0600,a72f1229efd7d38425b29553710d324e23856d4f,TX,48377,2,2022-11-09T01:00:00.000Z,FIPSCode,48377,0,2022-11-14T05:09:16.621Z,8,98.98,8,100,62962,1025,61.97,62492,550,33.25,63492,79,4.78,1671,99,1654,4047,8,8
1668403984,2022-11-13 23:33:04 -0600,79187d6554978800dfddd7ccd29ae37aa4e6c313,TX,48377,2,2022-11-09T01:00:00.000Z,FIPSCode,48377,0,2022-11-14T05:09:16.621Z,8,98.98,8,100,62962,1025,61.97,62492,550,33.25,63492,79,4.78,1671,99,1654,4047,8,8
1668404007,2022-11-13 23:33:27 -0600,fc35d6dbac54ead1cc7a2fd2f80aa411e8ee3029,TX,48377,2,2022-11-09T01:00:00.000Z,FIPSCode,48377,0,2022-11-14T05:09:16.621Z,8,98.98,8,100,62962,1025,61.97,62492,550,33.25,63492,79,4.78,1671,99,1654,4047,8,8
1668404024,2022-11-13 23:33:44 -0600,3ac76b854ca08745a0c305a886b066d2335b0a84,TX,48377,2,2022-11-09T01:00:00.000Z,FIPSCode,48377,0,2022-11-14T05:09:16.621Z,8,98.98,8,100,62962,1025,61.97,62492,550,33.25,63492,79,4.78,1671,99,1654,4047,8,8
1668404052,2022-11-13 23:34:12 -0600,81d466bea3bd300c73b5bf41497a18412130cac9,TX,48377,2,2022-11-09T01:00:00.000Z,FIPSCode,48377,0,2022-11-14T05:09:16.621Z,8,98.98,8,100,62962,1025,61.97,62492,550,33.25,63492,79,4.78,1671,99,1654,4047,8,8
1668404076,2022-11-13 23:34:36 -0600,3c499a16f1de898a6f50deb95321f82d60ee8ee1,TX,48377,2,2022-11-09T01:00:00.000Z,FIPSCode,48377,0,2022-11-14T05:09:16.621Z,8,98.98,8,100,62962,1025,61.97,62492,550,33.25,63492,79,4.78,1671,99,1654,4047,8,8
1668404116,2022-11-13 23:35:16 -0600,39774945b1db1ec30cde0d1fb94d42961fc8c038,TX,48377,2,2022-11-09T01:00:00.000Z,FIPSCode,48377,0,2022-11-14T05:09:16.621Z,8,98.98,8,100,62962,1025,61.97,62492,550,33.25,63492,79,4.78,1671,99,1654,4047,8,8
1668404140,2022-11-13 23:35:40 -0600,cffd3548bbcf4f484bc21f0653965f115a352b59,TX,48377,2,2022-11-09T01:00:00.000Z,FIPSCode,48377,0,2022-11-14T05:09:16.621Z,8,98.98,8,100,62962,1025,61.97,62492,550,33.25,63492,79,4.78,1671,99,1654,4047,8,8
1668404157,2022-11-13 23:35:57 -0600,8ecd217d1d110e896d3d5355c1829b39ffae6830,TX,48377,2,2022-11-09T01:00:00.000Z,FIPSCode,48377,0,2022-11-14T05:09:16.621Z,8,98.98,8,100,62962,1025,61.97,62492,550,33.25,63492,79,4.78,1671,99,1654,4047,8,8
1668404176,2022-11-13 23:36:16 -0600,b718f82ecd3f72d89b98846043be960f277e176b,TX,48377,2,2022-11-09T01:00:00.000Z,FIPSCode,48377,0,2022-11-14T05:09:16.621Z,8,98.98,8,100,62962,1025,61.97,62492,550,33.25,63492,79,4.78,1671,99,1654,4047,8,8
1668404188,2022-11-13 23:36:28 -0600,c280c63eb508a40946a32ee74fcac9942187896f,TX,48377,2,2022-11-09T01:00:00.000Z,FIPSCode,48377,0,2022-11-14T05:09:16.621Z,8,98.98,8,100,62962,1025,61.97,62492,550,33.25,63492,79,4.78,1671,99,1654,4047,8,8
1668404218,2022-11-13 23:36:58 -0600,bf2ec3a7236bc6a06b67945bdca599e488f19a5c,TX,48377,2,2022-11-09T01:00:00.000Z,FIPSCode,48377,0,2022-11-14T05:09:16.621Z,8,98.98,8,100,62962,1025,61.97,62492,550,33.25,63492,79,4.78,1671,99,1654,4047,8,8
1668404248,2022-11-13 23:37:28 -0600,a8f9eae4a39fe4a4f99f105ed61a4594aabe0ca4,TX,48377,2,2022-11-09T01:00:00.000Z,FIPSCode,48377,0,2022-11-14T05:09:16.621Z,8,98.98,8,100,62962,1025,61.97,62492,550,33.25,63492,79,4.78,1671,99,1654,4047,8,8
1668404284,2022-11-13 23:38:04 -0600,db1a5c5a4725f825245bfdb136a2ca4f05b21477,TX,48377,2,2022-11-09T01:00:00.000Z,FIPSCode,48377,0,2022-11-14T05:09:16.621Z,8,98.98,8,100,62962,1025,61.97,62492,550,33.25,63492,79,4.78,1671,99,1654,4047,8,8
1668404348,2022-11-13 23:39:08 -0600,f6e3bc9264bcae9acaad3e0155eae466e52d0696,TX,48377,2,2022-11-09T01:00:00.000Z,FIPSCode,48377,0,2022-11-14T05:09:16.621Z,8,98.98,8,100,62962,1025,61.97,62492,550,33.25,63492,79,4.78,1671,99,1654,4047,8,8
1668404399,2022-11-13 23:39:59 -0600,efb0756a4abf629bf9317364f0ddb1a8b2f717fa,TX,48377,2,2022-11-09T01:00:00.000Z,FIPSCode,48377,0,2022-11-14T05:09:16.621Z,8,98.98,8,100,62962,1025,61.97,62492,550,33.25,63492,79,4.78,1671,99,1654,4047,8,8
1668404427,2022-11-13 23:40:27 -0600,df16d75597cf1d34d6e7dcde65b496982c3980a0,TX,48377,2,2022-11-09T01:00:00.000Z,FIPSCode,48377,0,2022-11-14T05:40:17.416Z,8,98.98,8,100,62962,1025,61.97,62492,550,33.25,63492,79,4.78,1671,99,1654,4047,8,8
1668404450,2022-11-13 23:40:50 -0600,ce4ee5a1c2647ea69b0e1d2f5bbbf09e56a87940,TX,48377,2,2022-11-09T01:00:00.000Z,FIPSCode,48377,0,2022-11-14T05:40:17.416Z,8,98.98,8,100,62962,1025,61.97,62492,550,33.25,63492,79,4.78,1671,99,1654,4047,8,8
1668404491,2022-11-13 23:41:31 -0600,3ef541c9ab6b9eaee2b969d28a744299f3687d78,TX,48377,2,2022-11-09T01:00:00.000Z,FIPSCode,48377,0,2022-11-14T05:40:17.416Z,8,98.98,8,100,62962,1025,61.97,62492,550,33.25,63492,79,4.78,1671,99,1654,4047,8,8
1668404508,2022-11-13 23:41:48 -0600,f1d8fd7c721a29f959e1ade08f7a7d67a17b502a,TX,48377,2,2022-11-09T01:00:00.000Z,FIPSCode,48377,0,2022-11-14T05:41:35.134Z,8,98.98,8,100,62962,1025,61.97,62492,550,33.25,63492,79,4.78,1671,99,1654,4047,8,8
1668404556,2022-11-13 23:42:36 -0600,55ffad6964db2bc28438c5191367e8c4186b62a0,TX,48377,2,2022-11-09T01:00:00.000Z,FIPSCode,48377,0,2022-11-14T05:42:16.842Z,8,98.98,8,100,62962,1025,61.97,62492,550,33.25,63492,79,4.78,1671,99,1654,4047,8,8
1668404567,2022-11-13 23:42:47 -0600,c76e520aab4a4f0c7e4bef587b71caa8a15e604c,TX,48377,2,2022-11-09T01:00:00.000Z,FIPSCode,48377,0,2022-11-14T05:42:16.842Z,8,98.98,8,100,62962,1025,61.97,62492,550,33.25,63492,79,4.78,1671,99,1654,4047,8,8
1668404584,2022-11-13 23:43:04 -0600,74ce5e9fc62020f7057c2293680ad07e59b922b4,TX,48377,2,2022-11-09T01:00:00.000Z,FIPSCode,48377,0,2022-11-14T05:42:16.842Z,8,98.98,8,100,62962,1025,61.97,62492,550,33.25,63492,79,4.78,1671,99,1654,4047,8,8
1668404607,2022-11-13 23:43:27 -0600,3d19d83605f9b5dc11bcf1baf63ab3acb234f7e2,TX,48377,2,2022-11-09T01:00:00.000Z,FIPSCode,48377,0,2022-11-14T05:42:16.842Z,8,98.98,8,100,62962,1025,61.97,62492,550,33.25,63492,79,4.78,1671,99,1654,4047,8,8
1668404614,2022-11-13 23:43:34 -0600,7019797a7489fb671ed8aa6c16edd965c6a45cc3,TX,48377,2,2022-11-09T01:00:00.000Z,FIPSCode,48377,0,2022-11-14T05:42:16.842Z,8,98.98,8,100,62962,1025,61.97,62492,550,33.25,63492,79,4.78,1671,99,1654,4047,8,8
1668404644,2022-11-13 23:44:04 -0600,1f9e70b7262deb9720a9fedbac82dee3cf39ac53,TX,48377,2,2022-11-09T01:00:00.000Z,FIPSCode,48377,0,2022-11-14T05:42:16.842Z,8,98.98,8,100,62962,1025,61.97,62492,550,33.25,63492,79,4.78,1671,99,1654,4047,8,8
1668404679,2022-11-13 23:44:39 -0600,f053976a4982e0fc9e0306a83c20a77bacdb57d7,TX,48377,2,2022-11-09T01:00:00.000Z,FIPSCode,48377,0,2022-11-14T05:42:16.842Z,8,98.98,8,100,62962,1025,61.97,62492,550,33.25,63492,79,4.78,1671,99,1654,4047,8,8
1668404708,2022-11-13 23:45:08 -0600,cdde1ab5753b48ce79c4efc81ac08dd87c7398cb,TX,48377,2,2022-11-09T01:00:00.000Z,FIPSCode,48377,0,2022-11-14T05:42:16.842Z,8,98.98,8,100,62962,1025,61.97,62492,550,33.25,63492,79,4.78,1671,99,1654,4047,8,8
1668404737,2022-11-13 23:45:37 -0600,d3a864d24b6cc6d3ae46c4fe9d94bfe59068199a,TX,48377,2,2022-11-09T01:00:00.000Z,FIPSCode,48377,0,2022-11-14T05:42:16.842Z,8,98.98,8,100,62962,1025,61.97,62492,550,33.25,63492,79,4.78,1671,99,1654,4047,8,8
1668404766,2022-11-13 23:46:06 -0600,a4b813eb4ec0f0f7eae2d36c0bb1e887b8362b29,TX,48377,2,2022-11-09T01:00:00.000Z,FIPSCode,48377,0,2022-11-14T05:45:38.133Z,8,98.98,8,100,62962,1025,61.97,62492,550,33.25,63492,79,4.78,1671,99,1654,4047,8,8
1668404796,2022-11-13 23:46:36 -0600,4988005511c0f6e301f567fd930f3e0192505192,TX,48377,2,2022-11-09T01:00:00.000Z,FIPSCode,48377,0,2022-11-14T05:45:38.133Z,8,98.98,8,100,62962,1025,61.97,62492,550,33.25,63492,79,4.78,1671,99,1654,4047,8,8
1668404825,2022-11-13 23:47:05 -0600,e3887f8ae4b87feaea23ab83e325942b6dd6cf80,TX,48377,2,2022-11-09T01:00:00.000Z,FIPSCode,48377,0,2022-11-14T05:45:38.133Z,8,98.98,8,100,62962,1025,61.97,62492,550,33.25,63492,79,4.78,1671,99,1654,4047,8,8
1668404853,2022-11-13 23:47:33 -0600,e6fece9f32b0244c593e48eb2b33099b3374a2ab,TX,48377,2,2022-11-09T01:00:00.000Z,FIPSCode,48377,0,2022-11-14T05:47:15.529Z,8,98.98,8,100,62962,1025,61.97,62492,550,33.25,63492,79,4.78,1671,99,1654,4047,8,8
1668404882,2022-11-13 23:48:02 -0600,8d3b21dd8ee598744509397f19800bd3a9bb451e,TX,48377,2,2022-11-09T01:00:00.000Z,FIPSCode,48377,0,2022-11-14T05:47:15.529Z,8,98.98,8,100,62962,1025,61.97,62492,550,33.25,63492,79,4.78,1671,99,1654,4047,8,8
1668404899,2022-11-13 23:48:19 -0600,f0178f9b098aab53f899a66d604e7ce9aa1109c8,TX,48377,2,2022-11-09T01:00:00.000Z,FIPSCode,48377,0,2022-11-14T05:47:15.529Z,8,98.98,8,100,62962,1025,61.97,62492,550,33.25,63492,79,4.78,1671,99,1654,4047,8,8
1668404916,2022-11-13 23:48:36 -0600,511be0db0cc65e0a51ace8cfd17e5a69e094d49b,TX,48377,2,2022-11-09T01:00:00.000Z,FIPSCode,48377,0,2022-11-14T05:47:15.529Z,8,98.98,8,100,62962,1025,61.97,62492,550,33.25,63492,79,4.78,1671,99,1654,4047,8,8
1668404940,2022-11-13 23:49:00 -0600,165444c8454ab239c4ebf179b236bba054b2c95c,TX,48377,2,2022-11-09T01:00:00.000Z,FIPSCode,48377,0,2022-11-14T05:47:15.529Z,8,98.98,8,100,62962,1025,61.97,62492,550,33.25,63492,79,4.78,1671,99,1654,4047,8,8
1668404958,2022-11-13 23:49:18 -0600,d65df642fdfc6a1b6a40165e4e44e0fa1cf52c4e,TX,48377,2,2022-11-09T01:00:00.000Z,FIPSCode,48377,0,2022-11-14T05:47:15.529Z,8,98.98,8,100,62962,1025,61.97,62492,550,33.25,63492,79,4.78,1671,99,1654,4047,8,8
1668404976,2022-11-13 23:49:36 -0600,fb3068cb6162dcbb28d67961837366d3f3a91894,TX,48377,2,2022-11-09T01:00:00.000Z,FIPSCode,48377,0,2022-11-14T05:49:17.022Z,8,98.98,8,100,62962,1025,61.97,62492,550,33.25,63492,79,4.78,1671,99,1654,4047,8,8
1668404995,2022-11-13 23:49:55 -0600,a478387902c822e0d328700e7b63a834a0c7da52,TX,48377,2,2022-11-09T01:00:00.000Z,FIPSCode,48377,0,2022-11-14T05:49:17.022Z,8,98.98,8,100,62962,1025,61.97,62492,550,33.25,63492,79,4.78,1671,99,1654,4047,8,8
1668405012,2022-11-13 23:50:12 -0600,2c5c14b7e0ac07e5544666828dec6f2d5a4f8d57,TX,48377,2,2022-11-09T01:00:00.000Z,FIPSCode,48377,0,2022-11-14T05:49:17.022Z,8,98.98,8,100,62962,1025,61.97,62492,550,33.25,63492,79,4.78,1671,99,1654,4047,8,8
1668405036,2022-11-13 23:50:36 -0600,19e779cc257dc91cd79c1fbbb700680ceb869275,TX,48377,2,2022-11-09T01:00:00.000Z,FIPSCode,48377,0,2022-11-14T05:50:16.332Z,8,98.98,8,100,62962,1025,61.97,62492,550,33.25,63492,79,4.78,1671,99,1654,4047,8,8
1668405066,2022-11-13 23:51:06 -0600,274637dafceeb9fdd0f356b9c51da96c12ce4683,TX,48377,2,2022-11-09T01:00:00.000Z,FIPSCode,48377,0,2022-11-14T05:50:16.332Z,8,98.98,8,100,62962,1025,61.97,62492,550,33.25,63492,79,4.78,1671,99,1654,4047,8,8
1668405095,2022-11-13 23:51:35 -0600,ab1549d9ad350e97fdfff9744944125b277f1260,TX,48377,2,2022-11-09T01:00:00.000Z,FIPSCode,48377,0,2022-11-14T05:51:15.983Z,8,98.98,8,100,62962,1025,61.97,62492,550,33.25,63492,79,4.78,1671,99,1654,4047,8,8
1668405121,2022-11-13 23:52:01 -0600,b63892f6e8124a91cd69dcbd14a80ac5ba35834b,TX,48377,2,2022-11-09T01:00:00.000Z,FIPSCode,48377,0,2022-11-14T05:51:15.983Z,8,98.98,8,100,62962,1025,61.97,62492,550,33.25,63492,79,4.78,1671,99,1654,4047,8,8
1668405151,2022-11-13 23:52:31 -0600,07df1f058310908138604347908a50e7cbc91718,TX,48377,2,2022-11-09T01:00:00.000Z,FIPSCode,48377,0,2022-11-14T05:52:16.074Z,8,98.98,8,100,62962,1025,61.97,62492,550,33.25,63492,79,4.78,1671,99,1654,4047,8,8
1668405223,2022-11-13 23:53:43 -0600,b7f8d2dd943f1a690b66dd3de02a28b268339beb,TX,48377,2,2022-11-09T01:00:00.000Z,FIPSCode,48377,0,2022-11-14T05:52:16.074Z,8,98.98,8,100,62962,1025,61.97,62492,550,33.25,63492,79,4.78,1671,99,1654,4047,8,8
1668405273,2022-11-13 23:54:33 -0600,77e52aa4a4707d429788f17ddee7daaf552248a7,TX,48377,2,2022-11-09T01:00:00.000Z,FIPSCode,48377,0,2022-11-14T05:52:16.074Z,8,98.98,8,100,62962,1025,61.97,62492,550,33.25,63492,79,4.78,1671,99,1654,4047,8,8
1668405371,2022-11-13 23:56:11 -0600,22e22b8f9d9c0496324e701985c9d11fa901ed78,TX,48377,2,2022-11-09T01:00:00.000Z,FIPSCode,48377,0,2022-11-14T05:52:16.074Z,8,98.98,8,100,62962,1025,61.97,62492,550,33.25,63492,79,4.78,1671,99,1654,4047,8,8
1668405394,2022-11-13 23:56:34 -0600,d5f3ec309ea0d76dc8b60aac62f6a5d502558d50,TX,48377,2,2022-11-09T01:00:00.000Z,FIPSCode,48377,0,2022-11-14T05:52:16.074Z,8,98.98,8,100,62962,1025,61.97,62492,550,33.25,63492,79,4.78,1671,99,1654,4047,8,8
1668405432,2022-11-13 23:57:12 -0600,216ca98f2506d2045e81c7392cd5861a24151969,TX,48377,2,2022-11-09T01:00:00.000Z,FIPSCode,48377,0,2022-11-14T05:52:16.074Z,8,98.98,8,100,62962,1025,61.97,62492,550,33.25,63492,79,4.78,1671,99,1654,4047,8,8
1668405456,2022-11-13 23:57:36 -0600,7984a27c02472854179f5c46d4e928ae47b7535a,TX,48377,2,2022-11-09T01:00:00.000Z,FIPSCode,48377,0,2022-11-14T05:52:16.074Z,8,98.98,8,100,62962,1025,61.97,62492,550,33.25,63492,79,4.78,1671,99,1654,4047,8,8
1668405473,2022-11-13 23:57:53 -0600,4211e2f8bf7c4347b7c112192c5d98e722f60eb1,TX,48377,2,2022-11-09T01:00:00.000Z,FIPSCode,48377,0,2022-11-14T05:52:16.074Z,8,98.98,8,100,62962,1025,61.97,62492,550,33.25,63492,79,4.78,1671,99,1654,4047,8,8
1668405513,2022-11-13 23:58:33 -0600,05ec7cafd12208bd1fcf9150af1682a59417bd9b,TX,48377,2,2022-11-09T01:00:00.000Z,FIPSCode,48377,0,2022-11-14T05:52:16.074Z,8,98.98,8,100,62962,1025,61.97,62492,550,33.25,63492,79,4.78,1671,99,1654,4047,8,8
1668405535,2022-11-13 23:58:55 -0600,99630acdad1f469a3e73e4ec1b011a153e8cb8e6,TX,48377,2,2022-11-09T01:00:00.000Z,FIPSCode,48377,0,2022-11-14T05:52:16.074Z,8,98.98,8,100,62962,1025,61.97,62492,550,33.25,63492,79,4.78,1671,99,1654,4047,8,8
1668405571,2022-11-13 23:59:31 -0600,901cbc764a85884ec52feca75e709e900898d105,TX,48377,2,2022-11-09T01:00:00.000Z,FIPSCode,48377,0,2022-11-14T05:52:16.074Z,8,98.98,8,100,62962,1025,61.97,62492,550,33.25,63492,79,4.78,1671,99,1654,4047,8,8
1668405606,2022-11-14 00:00:06 -0600,212312d11858034ca78492910e9699b917184b8a,TX,48377,2,2022-11-09T01:00:00.000Z,FIPSCode,48377,0,2022-11-14T05:52:16.074Z,8,98.98,8,100,62962,1025,61.97,62492,550,33.25,63492,79,4.78,1671,99,1654,4047,8,8
1668405640,2022-11-14 00:00:40 -0600,1d9f4dec63ec77302ff58bf9542f6a4af5ee261c,TX,48377,2,2022-11-09T01:00:00.000Z,FIPSCode,48377,0,2022-11-14T05:52:16.074Z,8,98.98,8,100,62962,1025,61.97,62492,550,33.25,63492,79,4.78,1671,99,1654,4047,8,8
1668405663,2022-11-14 00:01:03 -0600,87a79ceb637824333f0efe8bb6cc32db253ce240,TX,48377,2,2022-11-09T01:00:00.000Z,FIPSCode,48377,0,2022-11-14T05:52:16.074Z,8,98.98,8,100,62962,1025,61.97,62492,550,33.25,63492,79,4.78,1671,99,1654,4047,8,8
1668405692,2022-11-14 00:01:32 -0600,34c98fee6383fe3fdf068b92b7cb1bb28755f14d,TX,48377,2,2022-11-09T01:00:00.000Z,FIPSCode,48377,0,2022-11-14T05:52:16.074Z,8,98.98,8,100,62962,1025,61.97,62492,550,33.25,63492,79,4.78,1671,99,1654,4047,8,8
1668405722,2022-11-14 00:02:02 -0600,097ac5567e4ec6e87b3240a2501e5ee4d16fabe6,TX,48377,2,2022-11-09T01:00:00.000Z,FIPSCode,48377,0,2022-11-14T05:52:16.074Z,8,98.98,8,100,62962,1025,61.97,62492,550,33.25,63492,79,4.78,1671,99,1654,4047,8,8
1668405757,2022-11-14 00:02:37 -0600,8e8e306e5c378b9c0d8dfa342e6a749a94fd0739,TX,48377,2,2022-11-09T01:00:00.000Z,FIPSCode,48377,0,2022-11-14T05:52:16.074Z,8,98.98,8,100,62962,1025,61.97,62492,550,33.25,63492,79,4.78,1671,99,1654,4047,8,8
1668405780,2022-11-14 00:03:00 -0600,9fb50e4a8fdd24d683f4654786e69d44c9f83e6e,TX,48377,2,2022-11-09T01:00:00.000Z,FIPSCode,48377,0,2022-11-14T05:52:16.074Z,8,98.98,8,100,62962,1025,61.97,62492,550,33.25,63492,79,4.78,1671,99,1654,4047,8,8
1668405809,2022-11-14 00:03:29 -0600,b6e78ce8cf66d320bf819380cd85828ccf53798e,TX,48377,2,2022-11-09T01:00:00.000Z,FIPSCode,48377,0,2022-11-14T05:52:16.074Z,8,98.98,8,100,62962,1025,61.97,62492,550,33.25,63492,79,4.78,1671,99,1654,4047,8,8
1668405839,2022-11-14 00:03:59 -0600,572b04bccaaffbe1ec17d4b62b4b04d526fe3bb1,TX,48377,2,2022-11-09T01:00:00.000Z,FIPSCode,48377,0,2022-11-14T05:52:16.074Z,8,98.98,8,100,62962,1025,61.97,62492,550,33.25,63492,79,4.78,1671,99,1654,4047,8,8
1668405857,2022-11-14 00:04:17 -0600,70e295d90d985b6eeb8892a0a6866686453176b0,TX,48377,2,2022-11-09T01:00:00.000Z,FIPSCode,48377,0,2022-11-14T05:52:16.074Z,8,98.98,8,100,62962,1025,61.97,62492,550,33.25,63492,79,4.78,1671,99,1654,4047,8,8
1668405869,2022-11-14 00:04:29 -0600,641b0f7b9921149a449a51471a5a9cf0321361e7,TX,48377,2,2022-11-09T01:00:00.000Z,FIPSCode,48377,0,2022-11-14T05:52:16.074Z,8,98.98,8,100,62962,1025,61.97,62492,550,33.25,63492,79,4.78,1671,99,1654,4047,8,8
1668405932,2022-11-14 00:05:32 -0600,46f34ea015dd2cf2496e7d63240a454e60f37be4,TX,48377,2,2022-11-09T01:00:00.000Z,FIPSCode,48377,0,2022-11-14T05:52:16.074Z,8,98.98,8,100,62962,1025,61.97,62492,550,33.25,63492,79,4.78,1671,99,1654,4047,8,8
1668406026,2022-11-14 00:07:06 -0600,50491035772a060c8044e32a6615ef6147dcd24e,TX,48377,2,2022-11-09T01:00:00.000Z,FIPSCode,48377,0,2022-11-14T05:52:16.074Z,8,98.98,8,100,62962,1025,61.97,62492,550,33.25,63492,79,4.78,1671,99,1654,4047,8,8
1668406038,2022-11-14 00:07:18 -0600,25cdbca94fdb008e882e4bba0bcd60002917e5be,TX,48377,2,2022-11-09T01:00:00.000Z,FIPSCode,48377,0,2022-11-14T05:52:16.074Z,8,98.98,8,100,62962,1025,61.97,62492,550,33.25,63492,79,4.78,1671,99,1654,4047,8,8
1668406057,2022-11-14 00:07:37 -0600,30d9683cde2fb9c1dcd9b252ae9bad5224c80f1f,TX,48377,2,2022-11-09T01:00:00.000Z,FIPSCode,48377,0,2022-11-14T05:52:16.074Z,8,98.98,8,100,62962,1025,61.97,62492,550,33.25,63492,79,4.78,1671,99,1654,4047,8,8
1668406086,2022-11-14 00:08:06 -0600,f9cb30d33182ceaa9fb71f226fddc9458c0cf718,TX,48377,2,2022-11-09T01:00:00.000Z,FIPSCode,48377,0,2022-11-14T05:52:16.074Z,8,98.98,8,100,62962,1025,61.97,62492,550,33.25,63492,79,4.78,1671,99,1654,4047,8,8
1668406114,2022-11-14 00:08:34 -0600,6925053db90d7b5e02cef83d26ab798947ab5ed5,TX,48377,2,2022-11-09T01:00:00.000Z,FIPSCode,48377,0,2022-11-14T05:52:16.074Z,8,98.98,8,100,62962,1025,61.97,62492,550,33.25,63492,79,4.78,1671,99,1654,4047,8,8
1668406137,2022-11-14 00:08:57 -0600,827ce40a70afee8162479dd7d548f3f3d8244bc3,TX,48377,2,2022-11-09T01:00:00.000Z,FIPSCode,48377,0,2022-11-14T05:52:16.074Z,8,98.98,8,100,62962,1025,61.97,62492,550,33.25,63492,79,4.78,1671,99,1654,4047,8,8
1668406149,2022-11-14 00:09:09 -0600,52c895be2bb48e3810b7a1f8cf2c1b427989bac4,TX,48377,2,2022-11-09T01:00:00.000Z,FIPSCode,48377,0,2022-11-14T05:52:16.074Z,8,98.98,8,100,62962,1025,61.97,62492,550,33.25,63492,79,4.78,1671,99,1654,4047,8,8
1668406179,2022-11-14 00:09:39 -0600,09cc9a89d17eef1a530e0017ec484e3832489707,TX,48377,2,2022-11-09T01:00:00.000Z,FIPSCode,48377,0,2022-11-14T05:52:16.074Z,8,98.98,8,100,62962,1025,61.97,62492,550,33.25,63492,79,4.78,1671,99,1654,4047,8,8
1668406214,2022-11-14 00:10:14 -0600,fb443a16fd4415ba85c519ccc2b7855bb8889987,TX,48377,2,2022-11-09T01:00:00.000Z,FIPSCode,48377,0,2022-11-14T05:52:16.074Z,8,98.98,8,100,62962,1025,61.97,62492,550,33.25,63492,79,4.78,1671,99,1654,4047,8,8
1668406232,2022-11-14 00:10:32 -0600,9ce815b5c29dd6eda797dfc80dccddedb4b0722b,TX,48377,2,2022-11-09T01:00:00.000Z,FIPSCode,48377,0,2022-11-14T05:52:16.074Z,8,98.98,8,100,62962,1025,61.97,62492,550,33.25,63492,79,4.78,1671,99,1654,4047,8,8
1668406255,2022-11-14 00:10:55 -0600,7735c74ad0f055df9a91b6a720975a843f5f8486,TX,48377,2,2022-11-09T01:00:00.000Z,FIPSCode,48377,0,2022-11-14T05:52:16.074Z,8,98.98,8,100,62962,1025,61.97,62492,550,33.25,63492,79,4.78,1671,99,1654,4047,8,8
1668406290,2022-11-14 00:11:30 -0600,7e8ca844d688ec93772bda5c81922d86deb97101,TX,48377,2,2022-11-09T01:00:00.000Z,FIPSCode,48377,0,2022-11-14T05:52:16.074Z,8,98.98,8,100,62962,1025,61.97,62492,550,33.25,63492,79,4.78,1671,99,1654,4047,8,8
1668406330,2022-11-14 00:12:10 -0600,1ef99504bb489edc22bc1e3953f692e9f1acf799,TX,48377,2,2022-11-09T01:00:00.000Z,FIPSCode,48377,0,2022-11-14T05:52:16.074Z,8,98.98,8,100,62962,1025,61.97,62492,550,33.25,63492,79,4.78,1671,99,1654,4047,8,8
1668406360,2022-11-14 00:12:40 -0600,5ad01a58765bb31b11835448725780fa83874824,TX,48377,2,2022-11-09T01:00:00.000Z,FIPSCode,48377,0,2022-11-14T05:52:16.074Z,8,98.98,8,100,62962,1025,61.97,62492,550,33.25,63492,79,4.78,1671,99,1654,4047,8,8
1668406394,2022-11-14 00:13:14 -0600,7a6b2c09e9edba2a458ee09fdfd0552eb96b8298,TX,48377,2,2022-11-09T01:00:00.000Z,FIPSCode,48377,0,2022-11-14T05:52:16.074Z,8,98.98,8,100,62962,1025,61.97,62492,550,33.25,63492,79,4.78,1671,99,1654,4047,8,8
1668406417,2022-11-14 00:13:37 -0600,f948b29cd7f609df3fc946afc3996e222c5462d6,TX,48377,2,2022-11-09T01:00:00.000Z,FIPSCode,48377,0,2022-11-14T05:52:16.074Z,8,98.98,8,100,62962,1025,61.97,62492,550,33.25,63492,79,4.78,1671,99,1654,4047,8,8
1668406445,2022-11-14 00:14:05 -0600,ac1d281dc8522c646ca949b746f8efa71252920b,TX,48377,2,2022-11-09T01:00:00.000Z,FIPSCode,48377,0,2022-11-14T05:52:16.074Z,8,98.98,8,100,62962,1025,61.97,62492,550,33.25,63492,79,4.78,1671,99,1654,4047,8,8
1668406481,2022-11-14 00:14:41 -0600,a7ea03c3cfd86d59a9de545cc77b313a10ad3b0b,TX,48377,2,2022-11-09T01:00:00.000Z,FIPSCode,48377,0,2022-11-14T06:14:17.272Z,8,98.98,8,100,62962,1025,61.97,62492,550,33.25,63492,79,4.78,1671,99,1654,4047,8,8
1668406510,2022-11-14 00:15:10 -0600,0900f15cc4c6fa33284901b92ac3bcde617693b2,TX,48377,2,2022-11-09T01:00:00.000Z,FIPSCode,48377,0,2022-11-14T06:14:17.272Z,8,98.98,8,100,62962,1025,61.97,62492,550,33.25,63492,79,4.78,1671,99,1654,4047,8,8
1668406542,2022-11-14 00:15:42 -0600,28815d9fa2eb4335d420cb839b6ca0eafae7e549,TX,48377,2,2022-11-09T01:00:00.000Z,FIPSCode,48377,0,2022-11-14T06:14:17.272Z,8,98.98,8,100,62962,1025,61.97,62492,550,33.25,63492,79,4.78,1671,99,1654,4047,8,8
1668406576,2022-11-14 00:16:16 -0600,89911f0fed3ffc4c5cf8ea959763d5aa77d795c1,TX,48377,2,2022-11-09T01:00:00.000Z,FIPSCode,48377,0,2022-11-14T06:14:17.272Z,8,98.98,8,100,62962,1025,61.97,62492,550,33.25,63492,79,4.78,1671,99,1654,4047,8,8
1668406594,2022-11-14 00:16:34 -0600,83511661a84de1531178f1e5dc480d4275612326,TX,48377,2,2022-11-09T01:00:00.000Z,FIPSCode,48377,0,2022-11-14T06:14:17.272Z,8,98.98,8,100,62962,1025,61.97,62492,550,33.25,63492,79,4.78,1671,99,1654,4047,8,8
1668406605,2022-11-14 00:16:45 -0600,e59cf5362ac2e204feedae2da922871f30d45e19,TX,48377,2,2022-11-09T01:00:00.000Z,FIPSCode,48377,0,2022-11-14T06:14:17.272Z,8,98.98,8,100,62962,1025,61.97,62492,550,33.25,63492,79,4.78,1671,99,1654,4047,8,8
1668406622,2022-11-14 00:17:02 -0600,a8332bfd5eaa552e79b5617c674fb177766708ab,TX,48377,2,2022-11-09T01:00:00.000Z,FIPSCode,48377,0,2022-11-14T06:14:17.272Z,8,98.98,8,100,62962,1025,61.97,62492,550,33.25,63492,79,4.78,1671,99,1654,4047,8,8
1668406634,2022-11-14 00:17:14 -0600,222ef3805097b14caddadaebf5e267ca6e2c7056,TX,48377,2,2022-11-09T01:00:00.000Z,FIPSCode,48377,0,2022-11-14T06:16:38.619Z,8,98.98,8,100,62962,1025,61.97,62492,550,33.25,63492,79,4.78,1671,99,1654,4047,8,8
1668406668,2022-11-14 00:17:48 -0600,a51dc160fb8f8e184c664118749df72ea771f556,TX,48377,2,2022-11-09T01:00:00.000Z,FIPSCode,48377,0,2022-11-14T06:17:19.862Z,8,98.98,8,100,62962,1025,61.97,62492,550,33.25,63492,79,4.78,1671,99,1654,4047,8,8
1668406687,2022-11-14 00:18:07 -0600,1a555dd736b7f6fd0dae2948e23ddd11e9fc5e76,TX,48377,2,2022-11-09T01:00:00.000Z,FIPSCode,48377,0,2022-11-14T06:17:19.862Z,8,98.98,8,100,62962,1025,61.97,62492,550,33.25,63492,79,4.78,1671,99,1654,4047,8,8
1668406716,2022-11-14 00:18:36 -0600,56d3a7f19ab2f7d9c2444aa5d595ad4e2dba3fa8,TX,48377,2,2022-11-09T01:00:00.000Z,FIPSCode,48377,0,2022-11-14T06:18:16.335Z,8,98.98,8,100,62962,1025,61.97,62492,550,33.25,63492,79,4.78,1671,99,1654,4047,8,8
1668406741,2022-11-14 00:19:01 -0600,bcb9648b2bbb2469b78ce5c974acff3058b681ea,TX,48377,2,2022-11-09T01:00:00.000Z,FIPSCode,48377,0,2022-11-14T06:18:16.335Z,8,98.98,8,100,62962,1025,61.97,62492,550,33.25,63492,79,4.78,1671,99,1654,4047,8,8
1668406776,2022-11-14 00:19:36 -0600,4a28c46daea5f38ad6246171712bbee935407966,TX,48377,2,2022-11-09T01:00:00.000Z,FIPSCode,48377,0,2022-11-14T06:18:16.335Z,8,98.98,8,100,62962,1025,61.97,62492,550,33.25,63492,79,4.78,1671,99,1654,4047,8,8
1668406805,2022-11-14 00:20:05 -0600,0c6c76b46d3c5bb2a7b79a30b1a715ab93d2e592,TX,48377,2,2022-11-09T01:00:00.000Z,FIPSCode,48377,0,2022-11-14T06:19:34.524Z,8,98.98,8,100,62962,1025,61.97,62492,550,33.25,63492,79,4.78,1671,99,1654,4047,8,8
1668406863,2022-11-14 00:21:03 -0600,987555f30068eb48acd798c8e007849fc40e79e2,TX,48377,2,2022-11-09T01:00:00.000Z,FIPSCode,48377,0,2022-11-14T06:19:34.524Z,8,98.98,8,100,62962,1025,61.97,62492,550,33.25,63492,79,4.78,1671,99,1654,4047,8,8
1668406869,2022-11-14 00:21:09 -0600,2de04041ec597569e4697741779aae6d759b07b0,TX,48377,2,2022-11-09T01:00:00.000Z,FIPSCode,48377,0,2022-11-14T06:19:34.524Z,8,98.98,8,100,62962,1025,61.97,62492,550,33.25,63492,79,4.78,1671,99,1654,4047,8,8
1668406922,2022-11-14 00:22:02 -0600,9fd441202cd2d7ac9853d779eddeb62116536624,TX,48377,2,2022-11-09T01:00:00.000Z,FIPSCode,48377,0,2022-11-14T06:19:34.524Z,8,98.98,8,100,62962,1025,61.97,62492,550,33.25,63492,79,4.78,1671,99,1654,4047,8,8
1668406980,2022-11-14 00:23:00 -0600,1332746ea45a55cee8d8777b650622f87e7e7987,TX,48377,2,2022-11-09T01:00:00.000Z,FIPSCode,48377,0,2022-11-14T06:19:34.524Z,8,98.98,8,100,62962,1025,61.97,62492,550,33.25,63492,79,4.78,1671,99,1654,4047,8,8
1668407056,2022-11-14 00:24:16 -0600,2a37c6524251f21881471a64ff24acc822247d4f,TX,48377,2,2022-11-09T01:00:00.000Z,FIPSCode,48377,0,2022-11-14T06:23:35.002Z,8,98.98,8,100,62962,1025,61.97,62492,550,33.25,63492,79,4.78,1671,99,1654,4047,8,8
1668407068,2022-11-14 00:24:28 -0600,56fc59f873d931c675e9ffea010701840d7453b7,TX,48377,2,2022-11-09T01:00:00.000Z,FIPSCode,48377,0,2022-11-14T06:24:16.116Z,8,98.98,8,100,62962,1025,61.97,62492,550,33.25,63492,79,4.78,1671,99,1654,4047,8,8
1668407132,2022-11-14 00:25:32 -0600,aebad8259fe2e903a59a15ca577caa361d0352e6,TX,48377,2,2022-11-09T01:00:00.000Z,FIPSCode,48377,0,2022-11-14T06:25:17.262Z,8,98.98,8,100,62962,1025,61.97,62492,550,33.25,63492,79,4.78,1671,99,1654,4047,8,8
1668407166,2022-11-14 00:26:06 -0600,448621bda895a43018a7343f1e8bec0397ae1d3a,TX,48377,2,2022-11-09T01:00:00.000Z,FIPSCode,48377,0,2022-11-14T06:25:17.262Z,8,98.98,8,100,62962,1025,61.97,62492,550,33.25,63492,79,4.78,1671,99,1654,4047,8,8
1668407196,2022-11-14 00:26:36 -0600,2b8a608ed6c68ee0d3f616c913c1b0170490538b,TX,48377,2,2022-11-09T01:00:00.000Z,FIPSCode,48377,0,2022-11-14T06:26:17.141Z,8,98.98,8,100,62962,1025,61.97,62492,550,33.25,63492,79,4.78,1671,99,1654,4047,8,8
1668407258,2022-11-14 00:27:38 -0600,22935ba40392728b359662cc54e763abc021a26a,TX,48377,2,2022-11-09T01:00:00.000Z,FIPSCode,48377,0,2022-11-14T06:26:17.141Z,8,98.98,8,100,62962,1025,61.97,62492,550,33.25,63492,79,4.78,1671,99,1654,4047,8,8
1668407286,2022-11-14 00:28:06 -0600,872ac28c2534ed80158dda01caf36a6b3fe9194b,TX,48377,2,2022-11-09T01:00:00.000Z,FIPSCode,48377,0,2022-11-14T06:26:17.141Z,8,98.98,8,100,62962,1025,61.97,62492,550,33.25,63492,79,4.78,1671,99,1654,4047,8,8
1668407314,2022-11-14 00:28:34 -0600,7f609fde173f4bfb21d2566d55e37810a3340cfe,TX,48377,2,2022-11-09T01:00:00.000Z,FIPSCode,48377,0,2022-11-14T06:26:17.141Z,8,98.98,8,100,62962,1025,61.97,62492,550,33.25,63492,79,4.78,1671,99,1654,4047,8,8
1668407336,2022-11-14 00:28:56 -0600,5c6338c5d0ca9fa35d94b37d386fd80e8adf60bd,TX,48377,2,2022-11-09T01:00:00.000Z,FIPSCode,48377,0,2022-11-14T06:26:17.141Z,8,98.98,8,100,62962,1025,61.97,62492,550,33.25,63492,79,4.78,1671,99,1654,4047,8,8
1668407353,2022-11-14 00:29:13 -0600,92852f8a71cab03d3bcbc01463db94e312564643,TX,48377,2,2022-11-09T01:00:00.000Z,FIPSCode,48377,0,2022-11-14T06:26:17.141Z,8,98.98,8,100,62962,1025,61.97,62492,550,33.25,63492,79,4.78,1671,99,1654,4047,8,8
1668407370,2022-11-14 00:29:30 -0600,d17dcb6d78795c1f4f86df3ecb8afdaab7d79ff0,TX,48377,2,2022-11-09T01:00:00.000Z,FIPSCode,48377,0,2022-11-14T06:29:15.864Z,8,98.98,8,100,62962,1025,61.97,62492,550,33.25,63492,79,4.78,1671,99,1654,4047,8,8
1668407376,2022-11-14 00:29:36 -0600,2333c240468509cd648ad51431e050e58a7e952b,TX,48377,2,2022-11-09T01:00:00.000Z,FIPSCode,48377,0,2022-11-14T06:29:15.864Z,8,98.98,8,100,62962,1025,61.97,62492,550,33.25,63492,79,4.78,1671,99,1654,4047,8,8
1668407405,2022-11-14 00:30:05 -0600,5061d252b58397468428d82913c7c2932a9814eb,TX,48377,2,2022-11-09T01:00:00.000Z,FIPSCode,48377,0,2022-11-14T06:29:15.864Z,8,98.98,8,100,62962,1025,61.97,62492,550,33.25,63492,79,4.78,1671,99,1654,4047,8,8
1668407432,2022-11-14 00:30:32 -0600,6d51c62e8c5d2a5e25155dcad685242f33043ed1,TX,48377,2,2022-11-09T01:00:00.000Z,FIPSCode,48377,0,2022-11-14T06:30:18.530Z,8,98.98,8,100,62962,1025,61.97,62492,550,33.25,63492,79,4.78,1671,99,1654,4047,8,8
1668407467,2022-11-14 00:31:07 -0600,0b024b338190b66294217bee3ca260ed5fe5e51f,TX,48377,2,2022-11-09T01:00:00.000Z,FIPSCode,48377,0,2022-11-14T06:30:18.530Z,8,98.98,8,100,62962,1025,61.97,62492,550,33.25,63492,79,4.78,1671,99,1654,4047,8,8
1668407486,2022-11-14 00:31:26 -0600,e385971d023830f1e6f9c87b507825ecdc9c446c,TX,48377,2,2022-11-09T01:00:00.000Z,FIPSCode,48377,0,2022-11-14T06:30:18.530Z,8,98.98,8,100,62962,1025,61.97,62492,550,33.25,63492,79,4.78,1671,99,1654,4047,8,8
1668407492,2022-11-14 00:31:32 -0600,0d01c9c23caf03bf91fc59c03ad09889424f2ecf,TX,48377,2,2022-11-09T01:00:00.000Z,FIPSCode,48377,0,2022-11-14T06:30:18.530Z,8,98.98,8,100,62962,1025,61.97,62492,550,33.25,63492,79,4.78,1671,99,1654,4047,8,8
1668407516,2022-11-14 00:31:56 -0600,08d5f1c4975772eb941abf3904937e28c91e2c1d,TX,48377,2,2022-11-09T01:00:00.000Z,FIPSCode,48377,0,2022-11-14T06:31:34.551Z,8,98.98,8,100,62962,1025,61.97,62492,550,33.25,63492,79,4.78,1671,99,1654,4047,8,8
1668407551,2022-11-14 00:32:31 -0600,38b2d778e1ac425150032e9e5b0dd3dc5aa6c909,TX,48377,2,2022-11-09T01:00:00.000Z,FIPSCode,48377,0,2022-11-14T06:31:34.551Z,8,98.98,8,100,62962,1025,61.97,62492,550,33.25,63492,79,4.78,1671,99,1654,4047,8,8
1668407573,2022-11-14 00:32:53 -0600,1d5654c0449aedebb2bd474a4c875ae9dabf0453,TX,48377,2,2022-11-09T01:00:00.000Z,FIPSCode,48377,0,2022-11-14T06:31:34.551Z,8,98.98,8,100,62962,1025,61.97,62492,550,33.25,63492,79,4.78,1671,99,1654,4047,8,8
1668407613,2022-11-14 00:33:33 -0600,a8d3737068a393203ccc7d396250da83d90267e6,TX,48377,2,2022-11-09T01:00:00.000Z,FIPSCode,48377,0,2022-11-14T06:31:34.551Z,8,98.98,8,100,62962,1025,61.97,62492,550,33.25,63492,79,4.78,1671,99,1654,4047,8,8
1668407637,2022-11-14 00:33:57 -0600,c2b86ba6c9048304f8074662e0ae136e23114071,TX,48377,2,2022-11-09T01:00:00.000Z,FIPSCode,48377,0,2022-11-14T06:31:34.551Z,8,98.98,8,100,62962,1025,61.97,62492,550,33.25,63492,79,4.78,1671,99,1654,4047,8,8
1668407671,2022-11-14 00:34:31 -0600,f486545e82a62cb46f3a8a363e6f3f9c464bf137,TX,48377,2,2022-11-09T01:00:00.000Z,FIPSCode,48377,0,2022-11-14T06:31:34.551Z,8,98.98,8,100,62962,1025,61.97,62492,550,33.25,63492,79,4.78,1671,99,1654,4047,8,8
1668407688,2022-11-14 00:34:48 -0600,26ae486a3f0fc5792b6df4b6fea829ea9ddc74e8,TX,48377,2,2022-11-09T01:00:00.000Z,FIPSCode,48377,0,2022-11-14T06:31:34.551Z,8,98.98,8,100,62962,1025,61.97,62492,550,33.25,63492,79,4.78,1671,99,1654,4047,8,8
1668407730,2022-11-14 00:35:30 -0600,4b148ace9bb28b0af34cf1be384dca2546235d3e,TX,48377,2,2022-11-09T01:00:00.000Z,FIPSCode,48377,0,2022-11-14T06:31:34.551Z,8,98.98,8,100,62962,1025,61.97,62492,550,33.25,63492,79,4.78,1671,99,1654,4047,8,8
1668407765,2022-11-14 00:36:05 -0600,b0c9d81b0b939e3bd1087957041599c676589cb7,TX,48377,2,2022-11-09T01:00:00.000Z,FIPSCode,48377,0,2022-11-14T06:31:34.551Z,8,98.98,8,100,62962,1025,61.97,62492,550,33.25,63492,79,4.78,1671,99,1654,4047,8,8
1668407795,2022-11-14 00:36:35 -0600,33ca09ce303e9612f7ee626404733f224bbef95b,TX,48377,2,2022-11-09T01:00:00.000Z,FIPSCode,48377,0,2022-11-14T06:31:34.551Z,8,98.98,8,100,62962,1025,61.97,62492,550,33.25,63492,79,4.78,1671,99,1654,4047,8,8
1668407830,2022-11-14 00:37:10 -0600,f31eb2827a61c95854364e5a9f958f803eb7a622,TX,48377,2,2022-11-09T01:00:00.000Z,FIPSCode,48377,0,2022-11-14T06:31:34.551Z,8,98.98,8,100,62962,1025,61.97,62492,550,33.25,63492,79,4.78,1671,99,1654,4047,8,8
1668407853,2022-11-14 00:37:33 -0600,97a2895dc5e822ec3d99009d98722fe2f4f5f023,TX,48377,2,2022-11-09T01:00:00.000Z,FIPSCode,48377,0,2022-11-14T06:31:34.551Z,8,98.98,8,100,62962,1025,61.97,62492,550,33.25,63492,79,4.78,1671,99,1654,4047,8,8
1668407883,2022-11-14 00:38:03 -0600,257264fc89ae99216ac20da2ef4d7bc3cece2904,TX,48377,2,2022-11-09T01:00:00.000Z,FIPSCode,48377,0,2022-11-14T06:31:34.551Z,8,98.98,8,100,62962,1025,61.97,62492,550,33.25,63492,79,4.78,1671,99,1654,4047,8,8
1668407912,2022-11-14 00:38:32 -0600,7d83b223755377c4b2665d749824dbb21348b859,TX,48377,2,2022-11-09T01:00:00.000Z,FIPSCode,48377,0,2022-11-14T06:31:34.551Z,8,98.98,8,100,62962,1025,61.97,62492,550,33.25,63492,79,4.78,1671,99,1654,4047,8,8
1668407951,2022-11-14 00:39:11 -0600,78d6c680be7dc5b30704a9e1bdd9a76cfb9f3e39,TX,48377,2,2022-11-09T01:00:00.000Z,FIPSCode,48377,0,2022-11-14T06:31:34.551Z,8,98.98,8,100,62962,1025,61.97,62492,550,33.25,63492,79,4.78,1671,99,1654,4047,8,8
1668407974,2022-11-14 00:39:34 -0600,4fa8395abf979f243cc7b6c78327071eb54d0f67,TX,48377,2,2022-11-09T01:00:00.000Z,FIPSCode,48377,0,2022-11-14T06:31:34.551Z,8,98.98,8,100,62962,1025,61.97,62492,550,33.25,63492,79,4.78,1671,99,1654,4047,8,8
1668408003,2022-11-14 00:40:03 -0600,7cd627869a2f6bc6139fd83d5533ecafb27d473d,TX,48377,2,2022-11-09T01:00:00.000Z,FIPSCode,48377,0,2022-11-14T06:31:34.551Z,8,98.98,8,100,62962,1025,61.97,62492,550,33.25,63492,79,4.78,1671,99,1654,4047,8,8
1668408044,2022-11-14 00:40:44 -0600,b8bf8b26bd01e8deef94ee474ebf015bf1be2ca6,TX,48377,2,2022-11-09T01:00:00.000Z,FIPSCode,48377,0,2022-11-14T06:40:18.535Z,8,98.98,8,100,62962,1025,61.97,62492,550,33.25,63492,79,4.78,1671,99,1654,4047,8,8
1668408058,2022-11-14 00:40:58 -0600,34fbf077dbd4cbca841ac1bca65def392622461f,TX,48377,2,2022-11-09T01:00:00.000Z,FIPSCode,48377,0,2022-11-14T06:40:18.535Z,8,98.98,8,100,62962,1025,61.97,62492,550,33.25,63492,79,4.78,1671,99,1654,4047,8,8
1668408088,2022-11-14 00:41:28 -0600,4acb21fecb17b17232c47feff1a2605fa0a4e95b,TX,48377,2,2022-11-09T01:00:00.000Z,FIPSCode,48377,0,2022-11-14T06:40:18.535Z,8,98.98,8,100,62962,1025,61.97,62492,550,33.25,63492,79,4.78,1671,99,1654,4047,8,8
1668408094,2022-11-14 00:41:34 -0600,68937d234e24d3af4ddb94bc50b65c1731e2a140,TX,48377,2,2022-11-09T01:00:00.000Z,FIPSCode,48377,0,2022-11-14T06:41:17.035Z,8,98.98,8,100,62962,1025,61.97,62492,550,33.25,63492,79,4.78,1671,99,1654,4047,8,8
1668408118,2022-11-14 00:41:58 -0600,d712deb8ade8b8ab1631b27fb20c2ddd2a88a650,TX,48377,2,2022-11-09T01:00:00.000Z,FIPSCode,48377,0,2022-11-14T06:41:17.035Z,8,98.98,8,100,62962,1025,61.97,62492,550,33.25,63492,79,4.78,1671,99,1654,4047,8,8
1668408147,2022-11-14 00:42:27 -0600,84c8b8022f22ebc7c9dda894b7262c8813a36164,TX,48377,2,2022-11-09T01:00:00.000Z,FIPSCode,48377,0,2022-11-14T06:41:17.035Z,8,98.98,8,100,62962,1025,61.97,62492,550,33.25,63492,79,4.78,1671,99,1654,4047,8,8
1668408160,2022-11-14 00:42:40 -0600,987dfe731064a1f5e389920b695a5a78e2283e0e,TX,48377,2,2022-11-09T01:00:00.000Z,FIPSCode,48377,0,2022-11-14T06:41:17.035Z,8,98.98,8,100,62962,1025,61.97,62492,550,33.25,63492,79,4.78,1671,99,1654,4047,8,8
1668408195,2022-11-14 00:43:15 -0600,1c05da400e0b6fe62f68d895dfa5b6c03032fa58,TX,48377,2,2022-11-09T01:00:00.000Z,FIPSCode,48377,0,2022-11-14T06:42:37.270Z,8,98.98,8,100,62962,1025,61.97,62492,550,33.25,63492,79,4.78,1671,99,1654,4047,8,8
1668408207,2022-11-14 00:43:27 -0600,d798f4c06006d243f1d279e641ad4cc8c670a330,TX,48377,2,2022-11-09T01:00:00.000Z,FIPSCode,48377,0,2022-11-14T06:42:37.270Z,8,98.98,8,100,62962,1025,61.97,62492,550,33.25,63492,79,4.78,1671,99,1654,4047,8,8
1668408224,2022-11-14 00:43:44 -0600,f948e33b0d78413c5bd347da750479f7e8a8def6,TX,48377,2,2022-11-09T01:00:00.000Z,FIPSCode,48377,0,2022-11-14T06:42:37.270Z,8,98.98,8,100,62962,1025,61.97,62492,550,33.25,63492,79,4.78,1671,99,1654,4047,8,8
1668408241,2022-11-14 00:44:01 -0600,8ee463f7af852d3eff4cf6127bd73945588d026e,TX,48377,2,2022-11-09T01:00:00.000Z,FIPSCode,48377,0,2022-11-14T06:42:37.270Z,8,98.98,8,100,62962,1025,61.97,62492,550,33.25,63492,79,4.78,1671,99,1654,4047,8,8
1668408298,2022-11-14 00:44:58 -0600,6d28545f2c696fde53e95a33ab21e3c7c054c2e8,TX,48377,2,2022-11-09T01:00:00.000Z,FIPSCode,48377,0,2022-11-14T06:42:37.270Z,8,98.98,8,100,62962,1025,61.97,62492,550,33.25,63492,79,4.78,1671,99,1654,4047,8,8
1668408315,2022-11-14 00:45:15 -0600,caa279754b9b03bfe5d11287e4a775919df44cc4,TX,48377,2,2022-11-09T01:00:00.000Z,FIPSCode,48377,0,2022-11-14T06:42:37.270Z,8,98.98,8,100,62962,1025,61.97,62492,550,33.25,63492,79,4.78,1671,99,1654,4047,8,8
1668408338,2022-11-14 00:45:38 -0600,78d2c1efe57250bf7be2f64dfd8efea5763668d3,TX,48377,2,2022-11-09T01:00:00.000Z,FIPSCode,48377,0,2022-11-14T06:42:37.270Z,8,98.98,8,100,62962,1025,61.97,62492,550,33.25,63492,79,4.78,1671,99,1654,4047,8,8
1668408354,2022-11-14 00:45:54 -0600,49d66c64b0faab6816fc54544fa59af5008293f3,TX,48377,2,2022-11-09T01:00:00.000Z,FIPSCode,48377,0,2022-11-14T06:42:37.270Z,8,98.98,8,100,62962,1025,61.97,62492,550,33.25,63492,79,4.78,1671,99,1654,4047,8,8
1668408371,2022-11-14 00:46:11 -0600,b7279d62042f704cc474912f075375265fb77584,TX,48377,2,2022-11-09T01:00:00.000Z,FIPSCode,48377,0,2022-11-14T06:42:37.270Z,8,98.98,8,100,62962,1025,61.97,62492,550,33.25,63492,79,4.78,1671,99,1654,4047,8,8
1668408389,2022-11-14 00:46:29 -0600,49e8742b1bdf25310006a0afaafff676f7507d43,TX,48377,2,2022-11-09T01:00:00.000Z,FIPSCode,48377,0,2022-11-14T06:42:37.270Z,8,98.98,8,100,62962,1025,61.97,62492,550,33.25,63492,79,4.78,1671,99,1654,4047,8,8
1668408395,2022-11-14 00:46:35 -0600,293885ea4fbcbd07cad7d49623abd9324a8f2c8d,TX,48377,2,2022-11-09T01:00:00.000Z,FIPSCode,48377,0,2022-11-14T06:42:37.270Z,8,98.98,8,100,62962,1025,61.97,62492,550,33.25,63492,79,4.78,1671,99,1654,4047,8,8
1668408434,2022-11-14 00:47:14 -0600,48ef6263e17bf87818e9edba910490de300a9274,TX,48377,2,2022-11-09T01:00:00.000Z,FIPSCode,48377,0,2022-11-14T06:42:37.270Z,8,98.98,8,100,62962,1025,61.97,62492,550,33.25,63492,79,4.78,1671,99,1654,4047,8,8
1668408452,2022-11-14 00:47:32 -0600,fba37942e12df982f5382f9af346a5b574c84df8,TX,48377,2,2022-11-09T01:00:00.000Z,FIPSCode,48377,0,2022-11-14T06:42:37.270Z,8,98.98,8,100,62962,1025,61.97,62492,550,33.25,63492,79,4.78,1671,99,1654,4047,8,8
1668408471,2022-11-14 00:47:51 -0600,a98bc43bf1113acc15b958c1c6309fc9ffd86846,TX,48377,2,2022-11-09T01:00:00.000Z,FIPSCode,48377,0,2022-11-14T06:42:37.270Z,8,98.98,8,100,62962,1025,61.97,62492,550,33.25,63492,79,4.78,1671,99,1654,4047,8,8
1668408489,2022-11-14 00:48:09 -0600,ffe947ce24fdec7daf025e96a712a70274428a78,TX,48377,2,2022-11-09T01:00:00.000Z,FIPSCode,48377,0,2022-11-14T06:42:37.270Z,8,98.98,8,100,62962,1025,61.97,62492,550,33.25,63492,79,4.78,1671,99,1654,4047,8,8
1668408507,2022-11-14 00:48:27 -0600,88bb7a0205b73f6d534d09d09c40bf081c5fa456,TX,48377,2,2022-11-09T01:00:00.000Z,FIPSCode,48377,0,2022-11-14T06:42:37.270Z,8,98.98,8,100,62962,1025,61.97,62492,550,33.25,63492,79,4.78,1671,99,1654,4047,8,8
1668408543,2022-11-14 00:49:03 -0600,f1cead0113091acacfb3a57a62d422f101628874,TX,48377,2,2022-11-09T01:00:00.000Z,FIPSCode,48377,0,2022-11-14T06:42:37.270Z,8,98.98,8,100,62962,1025,61.97,62492,550,33.25,63492,79,4.78,1671,99,1654,4047,8,8
1668408572,2022-11-14 00:49:32 -0600,f93807d99aa20c6330735d36a43d790440983cca,TX,48377,2,2022-11-09T01:00:00.000Z,FIPSCode,48377,0,2022-11-14T06:42:37.270Z,8,98.98,8,100,62962,1025,61.97,62492,550,33.25,63492,79,4.78,1671,99,1654,4047,8,8
1668408602,2022-11-14 00:50:02 -0600,9df3815159cf224b54441d3eba4670ff334ca0b8,TX,48377,2,2022-11-09T01:00:00.000Z,FIPSCode,48377,0,2022-11-14T06:42:37.270Z,8,98.98,8,100,62962,1025,61.97,62492,550,33.25,63492,79,4.78,1671,99,1654,4047,8,8
1668408625,2022-11-14 00:50:25 -0600,a8408250c133aab40a320c65421e5fbf7e9ea82f,TX,48377,2,2022-11-09T01:00:00.000Z,FIPSCode,48377,0,2022-11-14T06:42:37.270Z,8,98.98,8,100,62962,1025,61.97,62492,550,33.25,63492,79,4.78,1671,99,1654,4047,8,8
1668408654,2022-11-14 00:50:54 -0600,9eb5d0d997e1a308bea17256a24acd54295302bd,TX,48377,2,2022-11-09T01:00:00.000Z,FIPSCode,48377,0,2022-11-14T06:42:37.270Z,8,98.98,8,100,62962,1025,61.97,62492,550,33.25,63492,79,4.78,1671,99,1654,4047,8,8
1668408706,2022-11-14 00:51:46 -0600,95ad35c8af6170816b449ab2a7bf8b474956c68b,TX,48377,2,2022-11-09T01:00:00.000Z,FIPSCode,48377,0,2022-11-14T06:42:37.270Z,8,98.98,8,100,62962,1025,61.97,62492,550,33.25,63492,79,4.78,1671,99,1654,4047,8,8
1668408754,2022-11-14 00:52:34 -0600,076cca66f7132d58903035de08028bdb843a060a,TX,48377,2,2022-11-09T01:00:00.000Z,FIPSCode,48377,0,2022-11-14T06:42:37.270Z,8,98.98,8,100,62962,1025,61.97,62492,550,33.25,63492,79,4.78,1671,99,1654,4047,8,8
1668408771,2022-11-14 00:52:51 -0600,2e56c18bbec0c045a167facbd7e15302130e5295,TX,48377,2,2022-11-09T01:00:00.000Z,FIPSCode,48377,0,2022-11-14T06:42:37.270Z,8,98.98,8,100,62962,1025,61.97,62492,550,33.25,63492,79,4.78,1671,99,1654,4047,8,8
1668408816,2022-11-14 00:53:36 -0600,8c48a54944613548efcf58e743c8e5d50014e661,TX,48377,2,2022-11-09T01:00:00.000Z,FIPSCode,48377,0,2022-11-14T06:42:37.270Z,8,98.98,8,100,62962,1025,61.97,62492,550,33.25,63492,79,4.78,1671,99,1654,4047,8,8
1668408881,2022-11-14 00:54:41 -0600,544827f3d766404e3bbf506ebfbb658db75de27d,TX,48377,2,2022-11-09T01:00:00.000Z,FIPSCode,48377,0,2022-11-14T06:42:37.270Z,8,98.98,8,100,62962,1025,61.97,62492,550,33.25,63492,79,4.78,1671,99,1654,4047,8,8
1668408911,2022-11-14 00:55:11 -0600,e5a4325360c4d8d0e9849e472a56c0dfa9b57b9f,TX,48377,2,2022-11-09T01:00:00.000Z,FIPSCode,48377,0,2022-11-14T06:42:37.270Z,8,98.98,8,100,62962,1025,61.97,62492,550,33.25,63492,79,4.78,1671,99,1654,4047,8,8
1668408970,2022-11-14 00:56:10 -0600,a4722dc8c23802d0de87cb425f36e6054892cb3f,TX,48377,2,2022-11-09T01:00:00.000Z,FIPSCode,48377,0,2022-11-14T06:42:37.270Z,8,98.98,8,100,62962,1025,61.97,62492,550,33.25,63492,79,4.78,1671,99,1654,4047,8,8
1668408988,2022-11-14 00:56:28 -0600,cead263facbd61638a5b24ed9c98a3c886cd846e,TX,48377,2,2022-11-09T01:00:00.000Z,FIPSCode,48377,0,2022-11-14T06:42:37.270Z,8,98.98,8,100,62962,1025,61.97,62492,550,33.25,63492,79,4.78,1671,99,1654,4047,8,8
1668409021,2022-11-14 00:57:01 -0600,303ec46a15368c0943fa9d965295728ec1ee0bc7,TX,48377,2,2022-11-09T01:00:00.000Z,FIPSCode,48377,0,2022-11-14T06:42:37.270Z,8,98.98,8,100,62962,1025,61.97,62492,550,33.25,63492,79,4.78,1671,99,1654,4047,8,8
1668409050,2022-11-14 00:57:30 -0600,507ab621dbb09531d46032b27dc3c43af0f78537,TX,48377,2,2022-11-09T01:00:00.000Z,FIPSCode,48377,0,2022-11-14T06:42:37.270Z,8,98.98,8,100,62962,1025,61.97,62492,550,33.25,63492,79,4.78,1671,99,1654,4047,8,8
1668409061,2022-11-14 00:57:41 -0600,0a7ea5659a34b941eb8cb02d815eca78a7b1e0c7,TX,48377,2,2022-11-09T01:00:00.000Z,FIPSCode,48377,0,2022-11-14T06:42:37.270Z,8,98.98,8,100,62962,1025,61.97,62492,550,33.25,63492,79,4.78,1671,99,1654,4047,8,8
1668409078,2022-11-14 00:57:58 -0600,eb6c6b1c961ba5877f233748f8d048c38bdc61f8,TX,48377,2,2022-11-09T01:00:00.000Z,FIPSCode,48377,0,2022-11-14T06:42:37.270Z,8,98.98,8,100,62962,1025,61.97,62492,550,33.25,63492,79,4.78,1671,99,1654,4047,8,8
1668409107,2022-11-14 00:58:27 -0600,c4bdcbce884ea1715f0c06f1b03bc0e4c9de2019,TX,48377,2,2022-11-09T01:00:00.000Z,FIPSCode,48377,0,2022-11-14T06:42:37.270Z,8,98.98,8,100,62962,1025,61.97,62492,550,33.25,63492,79,4.78,1671,99,1654,4047,8,8
1668409113,2022-11-14 00:58:33 -0600,06f82740860e49063f66a06c28c2a64b8a7612dd,TX,48377,2,2022-11-09T01:00:00.000Z,FIPSCode,48377,0,2022-11-14T06:42:37.270Z,8,98.98,8,100,62962,1025,61.97,62492,550,33.25,63492,79,4.78,1671,99,1654,4047,8,8
1668409178,2022-11-14 00:59:38 -0600,73aa51b00d4b9514eb0470d0870a40fa00778611,TX,48377,2,2022-11-09T01:00:00.000Z,FIPSCode,48377,0,2022-11-14T06:42:37.270Z,8,98.98,8,100,62962,1025,61.97,62492,550,33.25,63492,79,4.78,1671,99,1654,4047,8,8
1668409213,2022-11-14 01:00:13 -0600,40a2bb4619078d048b030c339b92dde13d0b8853,TX,48377,2,2022-11-09T01:00:00.000Z,FIPSCode,48377,0,2022-11-14T06:42:37.270Z,8,98.98,8,100,62962,1025,61.97,62492,550,33.25,63492,79,4.78,1671,99,1654,4047,8,8
1668409226,2022-11-14 01:00:26 -0600,da2ae3b94a27d3c2290acc65021aae98e8b34700,TX,48377,2,2022-11-09T01:00:00.000Z,FIPSCode,48377,0,2022-11-14T06:42:37.270Z,8,98.98,8,100,62962,1025,61.97,62492,550,33.25,63492,79,4.78,1671,99,1654,4047,8,8
1668409268,2022-11-14 01:01:08 -0600,807dff6a20238e63dec7958c56a2c8bef4fc4228,TX,48377,2,2022-11-09T01:00:00.000Z,FIPSCode,48377,0,2022-11-14T06:42:37.270Z,8,98.98,8,100,62962,1025,61.97,62492,550,33.25,63492,79,4.78,1671,99,1654,4047,8,8
1668409303,2022-11-14 01:01:43 -0600,214010ddbe65fa97237fc4167be36422eaca4b1d,TX,48377,2,2022-11-09T01:00:00.000Z,FIPSCode,48377,0,2022-11-14T06:42:37.270Z,8,98.98,8,100,62962,1025,61.97,62492,550,33.25,63492,79,4.78,1671,99,1654,4047,8,8
1668409354,2022-11-14 01:02:34 -0600,4b06018d3cd5aed8c143f2cacd5cb144396d0db6,TX,48377,2,2022-11-09T01:00:00.000Z,FIPSCode,48377,0,2022-11-14T06:42:37.270Z,8,98.98,8,100,62962,1025,61.97,62492,550,33.25,63492,79,4.78,1671,99,1654,4047,8,8
1668409383,2022-11-14 01:03:03 -0600,0cec2fca182a616b66a0dc4f4f5cf2313985b5b3,TX,48377,2,2022-11-09T01:00:00.000Z,FIPSCode,48377,0,2022-11-14T06:42:37.270Z,8,98.98,8,100,62962,1025,61.97,62492,550,33.25,63492,79,4.78,1671,99,1654,4047,8,8
1668409413,2022-11-14 01:03:33 -0600,185570ef2a1fd1c466d99377f2e61bed246dd335,TX,48377,2,2022-11-09T01:00:00.000Z,FIPSCode,48377,0,2022-11-14T06:42:37.270Z,8,98.98,8,100,62962,1025,61.97,62492,550,33.25,63492,79,4.78,1671,99,1654,4047,8,8
1668409425,2022-11-14 01:03:45 -0600,8055fd788340053c0967ad372e23a6cc47370f5d,TX,48377,2,2022-11-09T01:00:00.000Z,FIPSCode,48377,0,2022-11-14T06:42:37.270Z,8,98.98,8,100,62962,1025,61.97,62492,550,33.25,63492,79,4.78,1671,99,1654,4047,8,8
1668409447,2022-11-14 01:04:07 -0600,8864858e76dfcb5a2da766c59bd5908d9af6f330,TX,48377,2,2022-11-09T01:00:00.000Z,FIPSCode,48377,0,2022-11-14T06:42:37.270Z,8,98.98,8,100,62962,1025,61.97,62492,550,33.25,63492,79,4.78,1671,99,1654,4047,8,8
1668409476,2022-11-14 01:04:36 -0600,48e5a68c43ef3ff48cfc3b4985e4f50827b8b79a,TX,48377,2,2022-11-09T01:00:00.000Z,FIPSCode,48377,0,2022-11-14T06:42:37.270Z,8,98.98,8,100,62962,1025,61.97,62492,550,33.25,63492,79,4.78,1671,99,1654,4047,8,8
1668409499,2022-11-14 01:04:59 -0600,66ea4b21e1b08ea5844dd7a5861e3c3cd388f291,TX,48377,2,2022-11-09T01:00:00.000Z,FIPSCode,48377,0,2022-11-14T06:42:37.270Z,8,98.98,8,100,62962,1025,61.97,62492,550,33.25,63492,79,4.78,1671,99,1654,4047,8,8
1668409670,2022-11-14 01:07:50 -0600,df7ce15bbc5c8f6e35f12c5abc188483fd884d67,TX,48377,2,2022-11-09T01:00:00.000Z,FIPSCode,48377,0,2022-11-14T06:42:37.270Z,8,98.98,8,100,62962,1025,61.97,62492,550,33.25,63492,79,4.78,1671,99,1654,4047,8,8
1668409676,2022-11-14 01:07:56 -0600,0e784677aca8791bd89ed444e8d45092a8aca7f5,TX,48377,2,2022-11-09T01:00:00.000Z,FIPSCode,48377,0,2022-11-14T06:42:37.270Z,8,98.98,8,100,62962,1025,61.97,62492,550,33.25,63492,79,4.78,1671,99,1654,4047,8,8
1668409710,2022-11-14 01:08:30 -0600,976c91fb9b58ce551448f374055bc522a1536ed6,TX,48377,2,2022-11-09T01:00:00.000Z,FIPSCode,48377,0,2022-11-14T06:42:37.270Z,8,98.98,8,100,62962,1025,61.97,62492,550,33.25,63492,79,4.78,1671,99,1654,4047,8,8
1668409723,2022-11-14 01:08:43 -0600,e2a7037d9182530e3e0458da349feacaa3a84188,TX,48377,2,2022-11-09T01:00:00.000Z,FIPSCode,48377,0,2022-11-14T06:42:37.270Z,8,98.98,8,100,62962,1025,61.97,62492,550,33.25,63492,79,4.78,1671,99,1654,4047,8,8
1668409774,2022-11-14 01:09:34 -0600,4ad923aa0c6c39e562c1d64b1a8ff9d062823c40,TX,48377,2,2022-11-09T01:00:00.000Z,FIPSCode,48377,0,2022-11-14T06:42:37.270Z,8,98.98,8,100,62962,1025,61.97,62492,550,33.25,63492,79,4.78,1671,99,1654,4047,8,8
1668409838,2022-11-14 01:10:38 -0600,a5f18c37cff401017e792472dedbe97c5715d046,TX,48377,2,2022-11-09T01:00:00.000Z,FIPSCode,48377,0,2022-11-14T07:10:16.735Z,8,98.98,8,100,62962,1025,61.97,62492,550,33.25,63492,79,4.78,1671,99,1654,4047,8,8
1668409895,2022-11-14 01:11:35 -0600,49e705f58b7c5dfce48787b1b611bc6cca8c9959,TX,48377,2,2022-11-09T01:00:00.000Z,FIPSCode,48377,0,2022-11-14T07:11:16.756Z,8,98.98,8,100,62962,1025,61.97,62492,550,33.25,63492,79,4.78,1671,99,1654,4047,8,8
1668409924,2022-11-14 01:12:04 -0600,8d8da87c15df036a5a5f15f758a2d9bedf169939,TX,48377,2,2022-11-09T01:00:00.000Z,FIPSCode,48377,0,2022-11-14T07:11:16.756Z,8,98.98,8,100,62962,1025,61.97,62492,550,33.25,63492,79,4.78,1671,99,1654,4047,8,8
1668409954,2022-11-14 01:12:34 -0600,2ff66a5abe898e01a933d2bfda3ce68ad6f4b165,TX,48377,2,2022-11-09T01:00:00.000Z,FIPSCode,48377,0,2022-11-14T07:12:16.377Z,8,98.98,8,100,62962,1025,61.97,62492,550,33.25,63492,79,4.78,1671,99,1654,4047,8,8
1668409993,2022-11-14 01:13:13 -0600,20748837a81f33d064b02ddea27e4a2a107cb563,TX,48377,2,2022-11-09T01:00:00.000Z,FIPSCode,48377,0,2022-11-14T07:12:16.377Z,8,98.98,8,100,62962,1025,61.97,62492,550,33.25,63492,79,4.78,1671,99,1654,4047,8,8
1668410011,2022-11-14 01:13:31 -0600,89a594e8353c40743aa363524d0bed2b231ca889,TX,48377,2,2022-11-09T01:00:00.000Z,FIPSCode,48377,0,2022-11-14T07:13:16.604Z,8,98.98,8,100,62962,1025,61.97,62492,550,33.25,63492,79,4.78,1671,99,1654,4047,8,8
1668410057,2022-11-14 01:14:17 -0600,9cc4b40e6ecffc8fc6eacc85b63194af69d2a252,TX,48377,2,2022-11-09T01:00:00.000Z,FIPSCode,48377,0,2022-11-14T07:13:16.604Z,8,98.98,8,100,62962,1025,61.97,62492,550,33.25,63492,79,4.78,1671,99,1654,4047,8,8
1668410070,2022-11-14 01:14:30 -0600,1f78a3913e9050335369b8208f0e2e067bcb44b5,TX,48377,2,2022-11-09T01:00:00.000Z,FIPSCode,48377,0,2022-11-14T07:13:16.604Z,8,98.98,8,100,62962,1025,61.97,62492,550,33.25,63492,79,4.78,1671,99,1654,4047,8,8
1668410099,2022-11-14 01:14:59 -0600,7a4f8183374f2ee0a0ffbe259b50dc22fcf3d4f8,TX,48377,2,2022-11-09T01:00:00.000Z,FIPSCode,48377,0,2022-11-14T07:13:16.604Z,8,98.98,8,100,62962,1025,61.97,62492,550,33.25,63492,79,4.78,1671,99,1654,4047,8,8
1668410132,2022-11-14 01:15:32 -0600,40f722ecbb8355e02725826e8092d8c2bb7bc6a2,TX,48377,2,2022-11-09T01:00:00.000Z,FIPSCode,48377,0,2022-11-14T07:13:16.604Z,8,98.98,8,100,62962,1025,61.97,62492,550,33.25,63492,79,4.78,1671,99,1654,4047,8,8
1668410166,2022-11-14 01:16:06 -0600,e55b9562e50cf7b99b7d7670a08519987198b755,TX,48377,2,2022-11-09T01:00:00.000Z,FIPSCode,48377,0,2022-11-14T07:13:16.604Z,8,98.98,8,100,62962,1025,61.97,62492,550,33.25,63492,79,4.78,1671,99,1654,4047,8,8
1668410184,2022-11-14 01:16:24 -0600,840734a10f8d59b98c2bb85b9109aef7a8fc57e4,TX,48377,2,2022-11-09T01:00:00.000Z,FIPSCode,48377,0,2022-11-14T07:13:16.604Z,8,98.98,8,100,62962,1025,61.97,62492,550,33.25,63492,79,4.78,1671,99,1654,4047,8,8
1668410215,2022-11-14 01:16:55 -0600,daeecd2b33675f71e7c11cf8a0ca4ba13f7ea526,TX,48377,2,2022-11-09T01:00:00.000Z,FIPSCode,48377,0,2022-11-14T07:13:16.604Z,8,98.98,8,100,62962,1025,61.97,62492,550,33.25,63492,79,4.78,1671,99,1654,4047,8,8
1668410255,2022-11-14 01:17:35 -0600,5f25052782e8c906a51c0249e1e890531be35a87,TX,48377,2,2022-11-09T01:00:00.000Z,FIPSCode,48377,0,2022-11-14T07:13:16.604Z,8,98.98,8,100,62962,1025,61.97,62492,550,33.25,63492,79,4.78,1671,99,1654,4047,8,8
1668410267,2022-11-14 01:17:47 -0600,552112d781580173996a8ef3b0994906941d6f33,TX,48377,2,2022-11-09T01:00:00.000Z,FIPSCode,48377,0,2022-11-14T07:13:16.604Z,8,98.98,8,100,62962,1025,61.97,62492,550,33.25,63492,79,4.78,1671,99,1654,4047,8,8
1668410329,2022-11-14 01:18:49 -0600,a1b18e66e3b2a3d4aece6772d299eaa2e2419b53,TX,48377,2,2022-11-09T01:00:00.000Z,FIPSCode,48377,0,2022-11-14T07:13:16.604Z,8,98.98,8,100,62962,1025,61.97,62492,550,33.25,63492,79,4.78,1671,99,1654,4047,8,8
1668410376,2022-11-14 01:19:36 -0600,ff7a454058a9b7a5b45cfe6ff3e615d1fe28f8fc,TX,48377,2,2022-11-09T01:00:00.000Z,FIPSCode,48377,0,2022-11-14T07:13:16.604Z,8,98.98,8,100,62962,1025,61.97,62492,550,33.25,63492,79,4.78,1671,99,1654,4047,8,8
1668410394,2022-11-14 01:19:54 -0600,05e188c6142c5ab980bd19bc928feb90f4fe314b,TX,48377,2,2022-11-09T01:00:00.000Z,FIPSCode,48377,0,2022-11-14T07:13:16.604Z,8,98.98,8,100,62962,1025,61.97,62492,550,33.25,63492,79,4.78,1671,99,1654,4047,8,8
1668410434,2022-11-14 01:20:34 -0600,3f824e9f36d94547e9b2c2b7ffee13900a860efe,TX,48377,2,2022-11-09T01:00:00.000Z,FIPSCode,48377,0,2022-11-14T07:13:16.604Z,8,98.98,8,100,62962,1025,61.97,62492,550,33.25,63492,79,4.78,1671,99,1654,4047,8,8
1668410458,2022-11-14 01:20:58 -0600,3c8ba3e2b00298d42b3a1cfad82fd65af0b11b06,TX,48377,2,2022-11-09T01:00:00.000Z,FIPSCode,48377,0,2022-11-14T07:13:16.604Z,8,98.98,8,100,62962,1025,61.97,62492,550,33.25,63492,79,4.78,1671,99,1654,4047,8,8
1668410476,2022-11-14 01:21:16 -0600,6ce765d604f69407d5a7b8b5cc5879fa7b39f74e,TX,48377,2,2022-11-09T01:00:00.000Z,FIPSCode,48377,0,2022-11-14T07:13:16.604Z,8,98.98,8,100,62962,1025,61.97,62492,550,33.25,63492,79,4.78,1671,99,1654,4047,8,8
1668410493,2022-11-14 01:21:33 -0600,f7ea7d43eb3f3a658fd541075c9648117ac66811,TX,48377,2,2022-11-09T01:00:00.000Z,FIPSCode,48377,0,2022-11-14T07:13:16.604Z,8,98.98,8,100,62962,1025,61.97,62492,550,33.25,63492,79,4.78,1671,99,1654,4047,8,8
1668410515,2022-11-14 01:21:55 -0600,b8e6fe73048ecd2038bb2a7fb253b95c7eeeb26b,TX,48377,2,2022-11-09T01:00:00.000Z,FIPSCode,48377,0,2022-11-14T07:13:16.604Z,8,98.98,8,100,62962,1025,61.97,62492,550,33.25,63492,79,4.78,1671,99,1654,4047,8,8
1668410551,2022-11-14 01:22:31 -0600,3cd709755f89cfa597095bbed0143a0887c0e440,TX,48377,2,2022-11-09T01:00:00.000Z,FIPSCode,48377,0,2022-11-14T07:13:16.604Z,8,98.98,8,100,62962,1025,61.97,62492,550,33.25,63492,79,4.78,1671,99,1654,4047,8,8
1668410573,2022-11-14 01:22:53 -0600,0fc01e2ac896509ccd0a0020614c5d624b25c090,TX,48377,2,2022-11-09T01:00:00.000Z,FIPSCode,48377,0,2022-11-14T07:13:16.604Z,8,98.98,8,100,62962,1025,61.97,62492,550,33.25,63492,79,4.78,1671,99,1654,4047,8,8
1668410612,2022-11-14 01:23:32 -0600,2f1d5c5ced610fced5e9b45602707b588180da71,TX,48377,2,2022-11-09T01:00:00.000Z,FIPSCode,48377,0,2022-11-14T07:13:16.604Z,8,98.98,8,100,62962,1025,61.97,62492,550,33.25,63492,79,4.78,1671,99,1654,4047,8,8
1668410636,2022-11-14 01:23:56 -0600,0e6c29e0b42a0862f9106499af060960639b3632,TX,48377,2,2022-11-09T01:00:00.000Z,FIPSCode,48377,0,2022-11-14T07:13:16.604Z,8,98.98,8,100,62962,1025,61.97,62492,550,33.25,63492,79,4.78,1671,99,1654,4047,8,8
1668410670,2022-11-14 01:24:30 -0600,4b624f077c7c9f520abd3336187fa33b6709343b,TX,48377,2,2022-11-09T01:00:00.000Z,FIPSCode,48377,0,2022-11-14T07:13:16.604Z,8,98.98,8,100,62962,1025,61.97,62492,550,33.25,63492,79,4.78,1671,99,1654,4047,8,8
1668410715,2022-11-14 01:25:15 -0600,2473868a6843a642f62ecf24dc3d5d27b1fe975a,TX,48377,2,2022-11-09T01:00:00.000Z,FIPSCode,48377,0,2022-11-14T07:13:16.604Z,8,98.98,8,100,62962,1025,61.97,62492,550,33.25,63492,79,4.78,1671,99,1654,4047,8,8
1668410732,2022-11-14 01:25:32 -0600,ccea66cc5deb68e9a1b04d448a6b9b04183e41fb,TX,48377,2,2022-11-09T01:00:00.000Z,FIPSCode,48377,0,2022-11-14T07:13:16.604Z,8,98.98,8,100,62962,1025,61.97,62492,550,33.25,63492,79,4.78,1671,99,1654,4047,8,8
1668410763,2022-11-14 01:26:03 -0600,de3ad51ac9ae89623f5888c082b1d000bd11c201,TX,48377,2,2022-11-09T01:00:00.000Z,FIPSCode,48377,0,2022-11-14T07:13:16.604Z,8,98.98,8,100,62962,1025,61.97,62492,550,33.25,63492,79,4.78,1671,99,1654,4047,8,8
1668410797,2022-11-14 01:26:37 -0600,189085f8d1c85370a521844ab708073b4f37a914,TX,48377,2,2022-11-09T01:00:00.000Z,FIPSCode,48377,0,2022-11-14T07:13:16.604Z,8,98.98,8,100,62962,1025,61.97,62492,550,33.25,63492,79,4.78,1671,99,1654,4047,8,8
1668410815,2022-11-14 01:26:55 -0600,5a87bab7c24ade48edbe4d36c46d3f70147bc3d1,TX,48377,2,2022-11-09T01:00:00.000Z,FIPSCode,48377,0,2022-11-14T07:13:16.604Z,8,98.98,8,100,62962,1025,61.97,62492,550,33.25,63492,79,4.78,1671,99,1654,4047,8,8
1668410856,2022-11-14 01:27:36 -0600,b213c56280886ea3d1daefe839a85040d32bc469,TX,48377,2,2022-11-09T01:00:00.000Z,FIPSCode,48377,0,2022-11-14T07:13:16.604Z,8,98.98,8,100,62962,1025,61.97,62492,550,33.25,63492,79,4.78,1671,99,1654,4047,8,8
1668410885,2022-11-14 01:28:05 -0600,bf47ce3119ff5edda078f26adfc244b3d7ce0600,TX,48377,2,2022-11-09T01:00:00.000Z,FIPSCode,48377,0,2022-11-14T07:13:16.604Z,8,98.98,8,100,62962,1025,61.97,62492,550,33.25,63492,79,4.78,1671,99,1654,4047,8,8
1668410916,2022-11-14 01:28:36 -0600,42881bf51177320911bdc6011047f42b184f2702,TX,48377,2,2022-11-09T01:00:00.000Z,FIPSCode,48377,0,2022-11-14T07:13:16.604Z,8,98.98,8,100,62962,1025,61.97,62492,550,33.25,63492,79,4.78,1671,99,1654,4047,8,8
1668410932,2022-11-14 01:28:52 -0600,359ef4b399894b5129072ccc00ebb3468a0de13b,TX,48377,2,2022-11-09T01:00:00.000Z,FIPSCode,48377,0,2022-11-14T07:13:16.604Z,8,98.98,8,100,62962,1025,61.97,62492,550,33.25,63492,79,4.78,1671,99,1654,4047,8,8
1668410972,2022-11-14 01:29:32 -0600,f841768a78b706d5a166b356ba231b6c63ce7714,TX,48377,2,2022-11-09T01:00:00.000Z,FIPSCode,48377,0,2022-11-14T07:13:16.604Z,8,98.98,8,100,62962,1025,61.97,62492,550,33.25,63492,79,4.78,1671,99,1654,4047,8,8
1668411002,2022-11-14 01:30:02 -0600,687079e2683289ea964dd391dfb548aa6f239d62,TX,48377,2,2022-11-09T01:00:00.000Z,FIPSCode,48377,0,2022-11-14T07:29:39.430Z,8,98.98,8,100,62962,1025,61.97,62492,550,33.25,63492,79,4.78,1671,99,1654,4047,8,8
1668411036,2022-11-14 01:30:36 -0600,c54112ac1e4c56caaa6f5aca99db6547b3302180,TX,48377,2,2022-11-09T01:00:00.000Z,FIPSCode,48377,0,2022-11-14T07:30:16.368Z,8,98.98,8,100,62962,1025,61.97,62492,550,33.25,63492,79,4.78,1671,99,1654,4047,8,8
1668411059,2022-11-14 01:30:59 -0600,91bce239e5083b87ded712a33138be4ead1a396a,TX,48377,2,2022-11-09T01:00:00.000Z,FIPSCode,48377,0,2022-11-14T07:30:16.368Z,8,98.98,8,100,62962,1025,61.97,62492,550,33.25,63492,79,4.78,1671,99,1654,4047,8,8
1668411093,2022-11-14 01:31:33 -0600,1cc296b0c8d64322debd3cdfadf239a95d82c6e5,TX,48377,2,2022-11-09T01:00:00.000Z,FIPSCode,48377,0,2022-11-14T07:30:16.368Z,8,98.98,8,100,62962,1025,61.97,62492,550,33.25,63492,79,4.78,1671,99,1654,4047,8,8
1668411133,2022-11-14 01:32:13 -0600,d747e1894ead3d14e8db8dec54ee0c05a606656e,TX,48377,2,2022-11-09T01:00:00.000Z,FIPSCode,48377,0,2022-11-14T07:31:39.083Z,8,98.98,8,100,62962,1025,61.97,62492,550,33.25,63492,79,4.78,1671,99,1654,4047,8,8
1668411157,2022-11-14 01:32:37 -0600,c52da210af1a36e8413da739229f767bc86205fe,TX,48377,2,2022-11-09T01:00:00.000Z,FIPSCode,48377,0,2022-11-14T07:32:16.356Z,8,98.98,8,100,62962,1025,61.97,62492,550,33.25,63492,79,4.78,1671,99,1654,4047,8,8
1668411185,2022-11-14 01:33:05 -0600,830dc32947148ebfceaabcc49f2b1ff8527dbba8,TX,48377,2,2022-11-09T01:00:00.000Z,FIPSCode,48377,0,2022-11-14T07:32:16.356Z,8,98.98,8,100,62962,1025,61.97,62492,550,33.25,63492,79,4.78,1671,99,1654,4047,8,8
1668411208,2022-11-14 01:33:28 -0600,c1d849e8ad4010d5ea8e77f74029a8939a2dad46,TX,48377,2,2022-11-09T01:00:00.000Z,FIPSCode,48377,0,2022-11-14T07:32:16.356Z,8,98.98,8,100,62962,1025,61.97,62492,550,33.25,63492,79,4.78,1671,99,1654,4047,8,8
1668411214,2022-11-14 01:33:34 -0600,d9b63240eb3009fc253d122ea01f13fbf15e758c,TX,48377,2,2022-11-09T01:00:00.000Z,FIPSCode,48377,0,2022-11-14T07:32:16.356Z,8,98.98,8,100,62962,1025,61.97,62492,550,33.25,63492,79,4.78,1671,99,1654,4047,8,8
1668411237,2022-11-14 01:33:57 -0600,cf79e241c415129e6bd4a745682d669679290197,TX,48377,2,2022-11-09T01:00:00.000Z,FIPSCode,48377,0,2022-11-14T07:32:16.356Z,8,98.98,8,100,62962,1025,61.97,62492,550,33.25,63492,79,4.78,1671,99,1654,4047,8,8
1668411254,2022-11-14 01:34:14 -0600,1dddb91c6d1b20daaa57f9f5abda1f7f59f985f8,TX,48377,2,2022-11-09T01:00:00.000Z,FIPSCode,48377,0,2022-11-14T07:32:16.356Z,8,98.98,8,100,62962,1025,61.97,62492,550,33.25,63492,79,4.78,1671,99,1654,4047,8,8
1668411277,2022-11-14 01:34:37 -0600,4823493bdb7d752f1326515473884ee252b31614,TX,48377,2,2022-11-09T01:00:00.000Z,FIPSCode,48377,0,2022-11-14T07:32:16.356Z,8,98.98,8,100,62962,1025,61.97,62492,550,33.25,63492,79,4.78,1671,99,1654,4047,8,8
1668411328,2022-11-14 01:35:28 -0600,267192f03d20e35920f5a8160ed2cb5d23d227e0,TX,48377,2,2022-11-09T01:00:00.000Z,FIPSCode,48377,0,2022-11-14T07:32:16.356Z,8,98.98,8,100,62962,1025,61.97,62492,550,33.25,63492,79,4.78,1671,99,1654,4047,8,8
1668411356,2022-11-14 01:35:56 -0600,cddc0a1e1e53a25d67fba6e52a262ff5eab4b0a0,TX,48377,2,2022-11-09T01:00:00.000Z,FIPSCode,48377,0,2022-11-14T07:32:16.356Z,8,98.98,8,100,62962,1025,61.97,62492,550,33.25,63492,79,4.78,1671,99,1654,4047,8,8
1668411373,2022-11-14 01:36:13 -0600,65792a1b0285f8350bebdab9dcc22416ca125654,TX,48377,2,2022-11-09T01:00:00.000Z,FIPSCode,48377,0,2022-11-14T07:32:16.356Z,8,98.98,8,100,62962,1025,61.97,62492,550,33.25,63492,79,4.78,1671,99,1654,4047,8,8
1668411390,2022-11-14 01:36:30 -0600,31d2a7a4a569af1801b8fe20a9cb0f1f87e4e520,TX,48377,2,2022-11-09T01:00:00.000Z,FIPSCode,48377,0,2022-11-14T07:32:16.356Z,8,98.98,8,100,62962,1025,61.97,62492,550,33.25,63492,79,4.78,1671,99,1654,4047,8,8
1668411418,2022-11-14 01:36:58 -0600,9c9cc4c0fe3b0c9aa72443fcf6b5fab04e90b7d3,TX,48377,2,2022-11-09T01:00:00.000Z,FIPSCode,48377,0,2022-11-14T07:32:16.356Z,8,98.98,8,100,62962,1025,61.97,62492,550,33.25,63492,79,4.78,1671,99,1654,4047,8,8
1668411457,2022-11-14 01:37:37 -0600,5f9e1ae558495006c5a21acbf871a0f32113e966,TX,48377,2,2022-11-09T01:00:00.000Z,FIPSCode,48377,0,2022-11-14T07:32:16.356Z,8,98.98,8,100,62962,1025,61.97,62492,550,33.25,63492,79,4.78,1671,99,1654,4047,8,8
1668411480,2022-11-14 01:38:00 -0600,d1dd45f986108a5feb417901b9ccb57a399bed1a,TX,48377,2,2022-11-09T01:00:00.000Z,FIPSCode,48377,0,2022-11-14T07:32:16.356Z,8,98.98,8,100,62962,1025,61.97,62492,550,33.25,63492,79,4.78,1671,99,1654,4047,8,8
1668411497,2022-11-14 01:38:17 -0600,48816de4d1c7d1126ed944de8c96bf11a79b857b,TX,48377,2,2022-11-09T01:00:00.000Z,FIPSCode,48377,0,2022-11-14T07:32:16.356Z,8,98.98,8,100,62962,1025,61.97,62492,550,33.25,63492,79,4.78,1671,99,1654,4047,8,8
1668411510,2022-11-14 01:38:30 -0600,22f941599b7bec56b1922706f161b95295740a55,TX,48377,2,2022-11-09T01:00:00.000Z,FIPSCode,48377,0,2022-11-14T07:32:16.356Z,8,98.98,8,100,62962,1025,61.97,62492,550,33.25,63492,79,4.78,1671,99,1654,4047,8,8
1668411516,2022-11-14 01:38:36 -0600,0bf2725fd49d8b7e6bba7363a3d9813f5848713d,TX,48377,2,2022-11-09T01:00:00.000Z,FIPSCode,48377,0,2022-11-14T07:32:16.356Z,8,98.98,8,100,62962,1025,61.97,62492,550,33.25,63492,79,4.78,1671,99,1654,4047,8,8
1668411539,2022-11-14 01:38:59 -0600,ac5bd743a39f16c8ca47aaea18fbd705b36a1580,TX,48377,2,2022-11-09T01:00:00.000Z,FIPSCode,48377,0,2022-11-14T07:32:16.356Z,8,98.98,8,100,62962,1025,61.97,62492,550,33.25,63492,79,4.78,1671,99,1654,4047,8,8
1668411555,2022-11-14 01:39:15 -0600,a16bc3a448c0f5bfe44c6f1dde51fed803c1f473,TX,48377,2,2022-11-09T01:00:00.000Z,FIPSCode,48377,0,2022-11-14T07:32:16.356Z,8,98.98,8,100,62962,1025,61.97,62492,550,33.25,63492,79,4.78,1671,99,1654,4047,8,8
1668411573,2022-11-14 01:39:33 -0600,354e1bb849f03cd7e9892d1981bb2934a3ec7033,TX,48377,2,2022-11-09T01:00:00.000Z,FIPSCode,48377,0,2022-11-14T07:32:16.356Z,8,98.98,8,100,62962,1025,61.97,62492,550,33.25,63492,79,4.78,1671,99,1654,4047,8,8
1668411606,2022-11-14 01:40:06 -0600,dc6cb8491876878cc7485bad51b3a1a2782de9f4,TX,48377,2,2022-11-09T01:00:00.000Z,FIPSCode,48377,0,2022-11-14T07:32:16.356Z,8,98.98,8,100,62962,1025,61.97,62492,550,33.25,63492,79,4.78,1671,99,1654,4047,8,8
1668411641,2022-11-14 01:40:41 -0600,aa2fdcf7c3ed4dec7c171d479efebfd73afb758e,TX,48377,2,2022-11-09T01:00:00.000Z,FIPSCode,48377,0,2022-11-14T07:32:16.356Z,8,98.98,8,100,62962,1025,61.97,62492,550,33.25,63492,79,4.78,1671,99,1654,4047,8,8
1668411675,2022-11-14 01:41:15 -0600,cee3b932924b80a4f076912be89b5e7fdf778e52,TX,48377,2,2022-11-09T01:00:00.000Z,FIPSCode,48377,0,2022-11-14T07:32:16.356Z,8,98.98,8,100,62962,1025,61.97,62492,550,33.25,63492,79,4.78,1671,99,1654,4047,8,8
1668411688,2022-11-14 01:41:28 -0600,2afce36af17535f76e3f0fc3d75bf96676596e40,TX,48377,2,2022-11-09T01:00:00.000Z,FIPSCode,48377,0,2022-11-14T07:32:16.356Z,8,98.98,8,100,62962,1025,61.97,62492,550,33.25,63492,79,4.78,1671,99,1654,4047,8,8
1668411765,2022-11-14 01:42:45 -0600,1078745c7af97398b9aa0dcfbdddecf2e9da8b84,TX,48377,2,2022-11-09T01:00:00.000Z,FIPSCode,48377,0,2022-11-14T07:32:16.356Z,8,98.98,8,100,62962,1025,61.97,62492,550,33.25,63492,79,4.78,1671,99,1654,4047,8,8
1668411906,2022-11-14 01:45:06 -0600,303da18f0ec2a2238155d452ee3c6ebd10cd026e,TX,48377,2,2022-11-09T01:00:00.000Z,FIPSCode,48377,0,2022-11-14T07:32:16.356Z,8,98.98,8,100,62962,1025,61.97,62492,550,33.25,63492,79,4.78,1671,99,1654,4047,8,8
1668411918,2022-11-14 01:45:18 -0600,df23c9e12bba843dcf72783e78813bb88de979df,TX,48377,2,2022-11-09T01:00:00.000Z,FIPSCode,48377,0,2022-11-14T07:32:16.356Z,8,98.98,8,100,62962,1025,61.97,62492,550,33.25,63492,79,4.78,1671,99,1654,4047,8,8
1668411935,2022-11-14 01:45:35 -0600,8652f2647a38ef64d9d8d8c15db346bd1d42cde6,TX,48377,2,2022-11-09T01:00:00.000Z,FIPSCode,48377,0,2022-11-14T07:45:18.632Z,8,98.98,8,100,62962,1025,61.97,62492,550,33.25,63492,79,4.78,1671,99,1654,4047,8,8
1668411947,2022-11-14 01:45:47 -0600,45b03b819c52f22d50108254a771d71a017d20f2,TX,48377,2,2022-11-09T01:00:00.000Z,FIPSCode,48377,0,2022-11-14T07:45:18.632Z,8,98.98,8,100,62962,1025,61.97,62492,550,33.25,63492,79,4.78,1671,99,1654,4047,8,8
1668411959,2022-11-14 01:45:59 -0600,a23439c97e056c85eae1dc3696061009a7c23c7a,TX,48377,2,2022-11-09T01:00:00.000Z,FIPSCode,48377,0,2022-11-14T07:45:18.632Z,8,98.98,8,100,62962,1025,61.97,62492,550,33.25,63492,79,4.78,1671,99,1654,4047,8,8
1668411994,2022-11-14 01:46:34 -0600,c13feaffe6ee57f7573b0c56476d7034e30a1d78,TX,48377,2,2022-11-09T01:00:00.000Z,FIPSCode,48377,0,2022-11-14T07:45:18.632Z,8,98.98,8,100,62962,1025,61.97,62492,550,33.25,63492,79,4.78,1671,99,1654,4047,8,8
1668412029,2022-11-14 01:47:09 -0600,a4f59a1383c74e721a587be9ae164412f3c95a07,TX,48377,2,2022-11-09T01:00:00.000Z,FIPSCode,48377,0,2022-11-14T07:46:35.467Z,8,98.98,8,100,62962,1025,61.97,62492,550,33.25,63492,79,4.78,1671,99,1654,4047,8,8
1668412057,2022-11-14 01:47:37 -0600,e1667360f20a65d641ca392a24206bf52ef5bad9,TX,48377,2,2022-11-09T01:00:00.000Z,FIPSCode,48377,0,2022-11-14T07:46:35.467Z,8,98.98,8,100,62962,1025,61.97,62492,550,33.25,63492,79,4.78,1671,99,1654,4047,8,8
1668412081,2022-11-14 01:48:01 -0600,d6c816143f3e21ea712889595d4a5212540e69dd,TX,48377,2,2022-11-09T01:00:00.000Z,FIPSCode,48377,0,2022-11-14T07:46:35.467Z,8,98.98,8,100,62962,1025,61.97,62492,550,33.25,63492,79,4.78,1671,99,1654,4047,8,8
1668412098,2022-11-14 01:48:18 -0600,c4cf4792cefb5190ed0b51cbac8b70a30705f2f9,TX,48377,2,2022-11-09T01:00:00.000Z,FIPSCode,48377,0,2022-11-14T07:47:39.380Z,8,98.98,8,100,62962,1025,61.97,62492,550,33.25,63492,79,4.78,1671,99,1654,4047,8,8
1668412111,2022-11-14 01:48:31 -0600,560b0ca7b1eecd094b696fb505f8c48aeec275b0,TX,48377,2,2022-11-09T01:00:00.000Z,FIPSCode,48377,0,2022-11-14T07:48:18.184Z,8,98.98,8,100,62962,1025,61.97,62492,550,33.25,63492,79,4.78,1671,99,1654,4047,8,8
1668412151,2022-11-14 01:49:11 -0600,9e5124d3345bf1f4b3f139e8e66c0d1016d07aff,TX,48377,2,2022-11-09T01:00:00.000Z,FIPSCode,48377,0,2022-11-14T07:48:18.184Z,8,98.98,8,100,62962,1025,61.97,62492,550,33.25,63492,79,4.78,1671,99,1654,4047,8,8
1668412196,2022-11-14 01:49:56 -0600,887ec0949479a31353128c0c9cc61e10f1836a56,TX,48377,2,2022-11-09T01:00:00.000Z,FIPSCode,48377,0,2022-11-14T07:48:18.184Z,8,98.98,8,100,62962,1025,61.97,62492,550,33.25,63492,79,4.78,1671,99,1654,4047,8,8
1668412212,2022-11-14 01:50:12 -0600,2eb12b01c8b5b9da2e976b0f17d0c29cf6625009,TX,48377,2,2022-11-09T01:00:00.000Z,FIPSCode,48377,0,2022-11-14T07:48:18.184Z,8,98.98,8,100,62962,1025,61.97,62492,550,33.25,63492,79,4.78,1671,99,1654,4047,8,8
1668412229,2022-11-14 01:50:29 -0600,5bb06e5bd52756ce465707ca8e7b6549e3c827d5,TX,48377,2,2022-11-09T01:00:00.000Z,FIPSCode,48377,0,2022-11-14T07:48:18.184Z,8,98.98,8,100,62962,1025,61.97,62492,550,33.25,63492,79,4.78,1671,99,1654,4047,8,8
1668412235,2022-11-14 01:50:35 -0600,bda868a05a02099783cf01846c1d64eaf8a224ba,TX,48377,2,2022-11-09T01:00:00.000Z,FIPSCode,48377,0,2022-11-14T07:48:18.184Z,8,98.98,8,100,62962,1025,61.97,62492,550,33.25,63492,79,4.78,1671,99,1654,4047,8,8
1668412263,2022-11-14 01:51:03 -0600,dcafe279c63857c3fd6e63d6f1ed94463a9bfcca,TX,48377,2,2022-11-09T01:00:00.000Z,FIPSCode,48377,0,2022-11-14T07:48:18.184Z,8,98.98,8,100,62962,1025,61.97,62492,550,33.25,63492,79,4.78,1671,99,1654,4047,8,8
1668412296,2022-11-14 01:51:36 -0600,a111024b8ee4d19dc1fe17fdf9d73e3313ce5a7f,TX,48377,2,2022-11-09T01:00:00.000Z,FIPSCode,48377,0,2022-11-14T07:48:18.184Z,8,98.98,8,100,62962,1025,61.97,62492,550,33.25,63492,79,4.78,1671,99,1654,4047,8,8
1668412319,2022-11-14 01:51:59 -0600,187bc5a01164cf63c193a4e0a2df6bf6490d6c6d,TX,48377,2,2022-11-09T01:00:00.000Z,FIPSCode,48377,0,2022-11-14T07:48:18.184Z,8,98.98,8,100,62962,1025,61.97,62492,550,33.25,63492,79,4.78,1671,99,1654,4047,8,8
1668412347,2022-11-14 01:52:27 -0600,aa70469452867aa2f190a90377c77a2e632c49ad,TX,48377,2,2022-11-09T01:00:00.000Z,FIPSCode,48377,0,2022-11-14T07:48:18.184Z,8,98.98,8,100,62962,1025,61.97,62492,550,33.25,63492,79,4.78,1671,99,1654,4047,8,8
1668412381,2022-11-14 01:53:01 -0600,1c61fe2612970677f298d33b217cf0e8a176a1a1,TX,48377,2,2022-11-09T01:00:00.000Z,FIPSCode,48377,0,2022-11-14T07:48:18.184Z,8,98.98,8,100,62962,1025,61.97,62492,550,33.25,63492,79,4.78,1671,99,1654,4047,8,8
1668412415,2022-11-14 01:53:35 -0600,6236e2f76ef72ef9d9ad1ecdfc7a4b6a58f4e07c,TX,48377,2,2022-11-09T01:00:00.000Z,FIPSCode,48377,0,2022-11-14T07:48:18.184Z,8,98.98,8,100,62962,1025,61.97,62492,550,33.25,63492,79,4.78,1671,99,1654,4047,8,8
1668412443,2022-11-14 01:54:03 -0600,714ea3795d8c648928c4663931b7549e34290653,TX,48377,2,2022-11-09T01:00:00.000Z,FIPSCode,48377,0,2022-11-14T07:48:18.184Z,8,98.98,8,100,62962,1025,61.97,62492,550,33.25,63492,79,4.78,1671,99,1654,4047,8,8
1668412477,2022-11-14 01:54:37 -0600,e7acc4fdabaa8021e1b3c20fcacf096a3d4fee4b,TX,48377,2,2022-11-09T01:00:00.000Z,FIPSCode,48377,0,2022-11-14T07:48:18.184Z,8,98.98,8,100,62962,1025,61.97,62492,550,33.25,63492,79,4.78,1671,99,1654,4047,8,8
1668412506,2022-11-14 01:55:06 -0600,329e6e26ce97ea80797b8e47c7ac572208675161,TX,48377,2,2022-11-09T01:00:00.000Z,FIPSCode,48377,0,2022-11-14T07:48:18.184Z,8,98.98,8,100,62962,1025,61.97,62492,550,33.25,63492,79,4.78,1671,99,1654,4047,8,8
1668412529,2022-11-14 01:55:29 -0600,7b54d94fcd5083efdabbe799c28a9ef0e11a6e3c,TX,48377,2,2022-11-09T01:00:00.000Z,FIPSCode,48377,0,2022-11-14T07:48:18.184Z,8,98.98,8,100,62962,1025,61.97,62492,550,33.25,63492,79,4.78,1671,99,1654,4047,8,8
1668412535,2022-11-14 01:55:35 -0600,8d3fa9a164157093a1735b4e66325d06f4561494,TX,48377,2,2022-11-09T01:00:00.000Z,FIPSCode,48377,0,2022-11-14T07:48:18.184Z,8,98.98,8,100,62962,1025,61.97,62492,550,33.25,63492,79,4.78,1671,99,1654,4047,8,8
1668412557,2022-11-14 01:55:57 -0600,ffe50e2257586903ee9bd1be3bacb2af84dc8892,TX,48377,2,2022-11-09T01:00:00.000Z,FIPSCode,48377,0,2022-11-14T07:48:18.184Z,8,98.98,8,100,62962,1025,61.97,62492,550,33.25,63492,79,4.78,1671,99,1654,4047,8,8
1668412590,2022-11-14 01:56:30 -0600,baa36a372679f6b221eac13ccee2179ff4bfee8d,TX,48377,2,2022-11-09T01:00:00.000Z,FIPSCode,48377,0,2022-11-14T07:48:18.184Z,8,98.98,8,100,62962,1025,61.97,62492,550,33.25,63492,79,4.78,1671,99,1654,4047,8,8
1668412609,2022-11-14 01:56:49 -0600,6e52b818ab10d145761c9026e5747734c8022f30,TX,48377,2,2022-11-09T01:00:00.000Z,FIPSCode,48377,0,2022-11-14T07:48:18.184Z,8,98.98,8,100,62962,1025,61.97,62492,550,33.25,63492,79,4.78,1671,99,1654,4047,8,8
1668412662,2022-11-14 01:57:42 -0600,507d4441609246581bd0d46d638492516a268438,TX,48377,2,2022-11-09T01:00:00.000Z,FIPSCode,48377,0,2022-11-14T07:48:18.184Z,8,98.98,8,100,62962,1025,61.97,62492,550,33.25,63492,79,4.78,1671,99,1654,4047,8,8
1668412673,2022-11-14 01:57:53 -0600,3a2ced0855b0dd4947d4f4bb43b7822270df83cc,TX,48377,2,2022-11-09T01:00:00.000Z,FIPSCode,48377,0,2022-11-14T07:48:18.184Z,8,98.98,8,100,62962,1025,61.97,62492,550,33.25,63492,79,4.78,1671,99,1654,4047,8,8
1668412720,2022-11-14 01:58:40 -0600,bc5899323c8676e511c3f2928117cfd8cdb6b7be,TX,48377,2,2022-11-09T01:00:00.000Z,FIPSCode,48377,0,2022-11-14T07:48:18.184Z,8,98.98,8,100,62962,1025,61.97,62492,550,33.25,63492,79,4.78,1671,99,1654,4047,8,8
1668412748,2022-11-14 01:59:08 -0600,dee0ab1171b0a374eb00c8c25e9063f67b041019,TX,48377,2,2022-11-09T01:00:00.000Z,FIPSCode,48377,0,2022-11-14T07:48:18.184Z,8,98.98,8,100,62962,1025,61.97,62492,550,33.25,63492,79,4.78,1671,99,1654,4047,8,8
1668412771,2022-11-14 01:59:31 -0600,344acde040e6e319a719df9df6907c1270faa181,TX,48377,2,2022-11-09T01:00:00.000Z,FIPSCode,48377,0,2022-11-14T07:48:18.184Z,8,98.98,8,100,62962,1025,61.97,62492,550,33.25,63492,79,4.78,1671,99,1654,4047,8,8
1668412816,2022-11-14 02:00:16 -0600,8c82c9bb93b6901355e406d386ce8f3d58c47a45,TX,48377,2,2022-11-09T01:00:00.000Z,FIPSCode,48377,0,2022-11-14T07:48:18.184Z,8,98.98,8,100,62962,1025,61.97,62492,550,33.25,63492,79,4.78,1671,99,1654,4047,8,8
1668412834,2022-11-14 02:00:34 -0600,6874fea1f89c38e7bd2e5385f4f7064905cad1ef,TX,48377,2,2022-11-09T01:00:00.000Z,FIPSCode,48377,0,2022-11-14T07:48:18.184Z,8,98.98,8,100,62962,1025,61.97,62492,550,33.25,63492,79,4.78,1671,99,1654,4047,8,8
1668412858,2022-11-14 02:00:58 -0600,2c8abf6f9d103b176426bbc721fcfa0de46538ac,TX,48377,2,2022-11-09T01:00:00.000Z,FIPSCode,48377,0,2022-11-14T07:48:18.184Z,8,98.98,8,100,62962,1025,61.97,62492,550,33.25,63492,79,4.78,1671,99,1654,4047,8,8
1668412875,2022-11-14 02:01:15 -0600,266ae1c0be2d337e8c3f860de667925eb4b189f2,TX,48377,2,2022-11-09T01:00:00.000Z,FIPSCode,48377,0,2022-11-14T07:48:18.184Z,8,98.98,8,100,62962,1025,61.97,62492,550,33.25,63492,79,4.78,1671,99,1654,4047,8,8
1668412887,2022-11-14 02:01:27 -0600,8fbea27182b868b740ec3fa66353127df35419ea,TX,48377,2,2022-11-09T01:00:00.000Z,FIPSCode,48377,0,2022-11-14T07:48:18.184Z,8,98.98,8,100,62962,1025,61.97,62492,550,33.25,63492,79,4.78,1671,99,1654,4047,8,8
1668412898,2022-11-14 02:01:38 -0600,40a23ada9d5d292a23f3460bea514f233e839dfa,TX,48377,2,2022-11-09T01:00:00.000Z,FIPSCode,48377,0,2022-11-14T07:48:18.184Z,8,98.98,8,100,62962,1025,61.97,62492,550,33.25,63492,79,4.78,1671,99,1654,4047,8,8
1668412928,2022-11-14 02:02:08 -0600,f9957c4809cc71d9fd7cc0834616e91c6feebc51,TX,48377,2,2022-11-09T01:00:00.000Z,FIPSCode,48377,0,2022-11-14T07:48:18.184Z,8,98.98,8,100,62962,1025,61.97,62492,550,33.25,63492,79,4.78,1671,99,1654,4047,8,8
1668412951,2022-11-14 02:02:31 -0600,5c87e10aaff22458a8beb4b9f530ca5a38041fe2,TX,48377,2,2022-11-09T01:00:00.000Z,FIPSCode,48377,0,2022-11-14T07:48:18.184Z,8,98.98,8,100,62962,1025,61.97,62492,550,33.25,63492,79,4.78,1671,99,1654,4047,8,8
1668412985,2022-11-14 02:03:05 -0600,1e6a27bbffb155ae459fb2d07a2403504d1c00ac,TX,48377,2,2022-11-09T01:00:00.000Z,FIPSCode,48377,0,2022-11-14T07:48:18.184Z,8,98.98,8,100,62962,1025,61.97,62492,550,33.25,63492,79,4.78,1671,99,1654,4047,8,8
1668412996,2022-11-14 02:03:16 -0600,e1cde0fc5a967ac35b6db9fc58a0b08c874a0162,TX,48377,2,2022-11-09T01:00:00.000Z,FIPSCode,48377,0,2022-11-14T07:48:18.184Z,8,98.98,8,100,62962,1025,61.97,62492,550,33.25,63492,79,4.78,1671,99,1654,4047,8,8
1668413014,2022-11-14 02:03:34 -0600,bb32224ba106a422e2d2d03dcba120777665c5c2,TX,48377,2,2022-11-09T01:00:00.000Z,FIPSCode,48377,0,2022-11-14T07:48:18.184Z,8,98.98,8,100,62962,1025,61.97,62492,550,33.25,63492,79,4.78,1671,99,1654,4047,8,8
1668413042,2022-11-14 02:04:02 -0600,9d2203b040eba14e46d59bc0cd939add2d324ae1,TX,48377,2,2022-11-09T01:00:00.000Z,FIPSCode,48377,0,2022-11-14T07:48:18.184Z,8,98.98,8,100,62962,1025,61.97,62492,550,33.25,63492,79,4.78,1671,99,1654,4047,8,8
1668413054,2022-11-14 02:04:14 -0600,d0d30a2c6d1f991ee5da0d8dc5823caf9601a5e3,TX,48377,2,2022-11-09T01:00:00.000Z,FIPSCode,48377,0,2022-11-14T07:48:18.184Z,8,98.98,8,100,62962,1025,61.97,62492,550,33.25,63492,79,4.78,1671,99,1654,4047,8,8
1668413072,2022-11-14 02:04:32 -0600,b465d11a1a9055b56dfac5ce216d36b18148b4ba,TX,48377,2,2022-11-09T01:00:00.000Z,FIPSCode,48377,0,2022-11-14T07:48:18.184Z,8,98.98,8,100,62962,1025,61.97,62492,550,33.25,63492,79,4.78,1671,99,1654,4047,8,8
1668413101,2022-11-14 02:05:01 -0600,f9b11ee7e0f031c0ed448e4ff9f8a97a71e7c1c9,TX,48377,2,2022-11-09T01:00:00.000Z,FIPSCode,48377,0,2022-11-14T07:48:18.184Z,8,98.98,8,100,62962,1025,61.97,62492,550,33.25,63492,79,4.78,1671,99,1654,4047,8,8
1668413119,2022-11-14 02:05:19 -0600,fbb69da2d94018f16c49aa354d8e76d38ee9129c,TX,48377,2,2022-11-09T01:00:00.000Z,FIPSCode,48377,0,2022-11-14T07:48:18.184Z,8,98.98,8,100,62962,1025,61.97,62492,550,33.25,63492,79,4.78,1671,99,1654,4047,8,8
1668413131,2022-11-14 02:05:31 -0600,13983672137d479dbb464b445b78a852f8dae0ca,TX,48377,2,2022-11-09T01:00:00.000Z,FIPSCode,48377,0,2022-11-14T07:48:18.184Z,8,98.98,8,100,62962,1025,61.97,62492,550,33.25,63492,79,4.78,1671,99,1654,4047,8,8
1668413143,2022-11-14 02:05:43 -0600,b3a1878cf07eec953db6af1c3e6b6799fb0c3228,TX,48377,2,2022-11-09T01:00:00.000Z,FIPSCode,48377,0,2022-11-14T07:48:18.184Z,8,98.98,8,100,62962,1025,61.97,62492,550,33.25,63492,79,4.78,1671,99,1654,4047,8,8
1668413189,2022-11-14 02:06:29 -0600,7546f2f1bcb5b81c7fe26f94ccdf2d9fce354524,TX,48377,2,2022-11-09T01:00:00.000Z,FIPSCode,48377,0,2022-11-14T07:48:18.184Z,8,98.98,8,100,62962,1025,61.97,62492,550,33.25,63492,79,4.78,1671,99,1654,4047,8,8
1668413214,2022-11-14 02:06:54 -0600,fb624737e55ac1a95005e6480d20c223e4d09495,TX,48377,2,2022-11-09T01:00:00.000Z,FIPSCode,48377,0,2022-11-14T07:48:18.184Z,8,98.98,8,100,62962,1025,61.97,62492,550,33.25,63492,79,4.78,1671,99,1654,4047,8,8
1668413249,2022-11-14 02:07:29 -0600,2362ea2fa7876cb320c361120e754010f890c97b,TX,48377,2,2022-11-09T01:00:00.000Z,FIPSCode,48377,0,2022-11-14T07:48:18.184Z,8,98.98,8,100,62962,1025,61.97,62492,550,33.25,63492,79,4.78,1671,99,1654,4047,8,8
1668413301,2022-11-14 02:08:21 -0600,4d0f80e16d44de62bf72ff317db7187845a45b8c,TX,48377,2,2022-11-09T01:00:00.000Z,FIPSCode,48377,0,2022-11-14T07:48:18.184Z,8,98.98,8,100,62962,1025,61.97,62492,550,33.25,63492,79,4.78,1671,99,1654,4047,8,8
1668413328,2022-11-14 02:08:48 -0600,9b5543340ecce5ab9bf2c06d9561484115e123b3,TX,48377,2,2022-11-09T01:00:00.000Z,FIPSCode,48377,0,2022-11-14T07:48:18.184Z,8,98.98,8,100,62962,1025,61.97,62492,550,33.25,63492,79,4.78,1671,99,1654,4047,8,8
1668413336,2022-11-14 02:08:56 -0600,74adcc26368a254f0d4b21468b5704e5ff4f2aa6,TX,48377,2,2022-11-09T01:00:00.000Z,FIPSCode,48377,0,2022-11-14T07:48:18.184Z,8,98.98,8,100,62962,1025,61.97,62492,550,33.25,63492,79,4.78,1671,99,1654,4047,8,8
1668413369,2022-11-14 02:09:29 -0600,313f62133caaf1d8ab36773bdee983e4fa957182,TX,48377,2,2022-11-09T01:00:00.000Z,FIPSCode,48377,0,2022-11-14T07:48:18.184Z,8,98.98,8,100,62962,1025,61.97,62492,550,33.25,63492,79,4.78,1671,99,1654,4047,8,8
1668413443,2022-11-14 02:10:43 -0600,1db92da100c9159575bd6936fdb79783debae321,TX,48377,2,2022-11-09T01:00:00.000Z,FIPSCode,48377,0,2022-11-14T07:48:18.184Z,8,98.98,8,100,62962,1025,61.97,62492,550,33.25,63492,79,4.78,1671,99,1654,4047,8,8
1668413460,2022-11-14 02:11:00 -0600,7d87077fddac746bb063723724c67845385aac7a,TX,48377,2,2022-11-09T01:00:00.000Z,FIPSCode,48377,0,2022-11-14T07:48:18.184Z,8,98.98,8,100,62962,1025,61.97,62492,550,33.25,63492,79,4.78,1671,99,1654,4047,8,8
1668413494,2022-11-14 02:11:34 -0600,cac3db47c6a7caef78104809767602623f6b0b6d,TX,48377,2,2022-11-09T01:00:00.000Z,FIPSCode,48377,0,2022-11-14T07:48:18.184Z,8,98.98,8,100,62962,1025,61.97,62492,550,33.25,63492,79,4.78,1671,99,1654,4047,8,8
1668413506,2022-11-14 02:11:46 -0600,7763841a24d598eed64e39847e31855bbafb8cb3,TX,48377,2,2022-11-09T01:00:00.000Z,FIPSCode,48377,0,2022-11-14T07:48:18.184Z,8,98.98,8,100,62962,1025,61.97,62492,550,33.25,63492,79,4.78,1671,99,1654,4047,8,8
1668413519,2022-11-14 02:11:59 -0600,e9faa0e4e828e5dd8a91df5231744573f5389d57,TX,48377,2,2022-11-09T01:00:00.000Z,FIPSCode,48377,0,2022-11-14T07:48:18.184Z,8,98.98,8,100,62962,1025,61.97,62492,550,33.25,63492,79,4.78,1671,99,1654,4047,8,8
1668413554,2022-11-14 02:12:34 -0600,deb531deff9864150a6b2a005d9191a1c6210370,TX,48377,2,2022-11-09T01:00:00.000Z,FIPSCode,48377,0,2022-11-14T07:48:18.184Z,8,98.98,8,100,62962,1025,61.97,62492,550,33.25,63492,79,4.78,1671,99,1654,4047,8,8
1668413571,2022-11-14 02:12:51 -0600,59bdef07c7b1ab1377838a250f0bf48c5da63e58,TX,48377,2,2022-11-09T01:00:00.000Z,FIPSCode,48377,0,2022-11-14T07:48:18.184Z,8,98.98,8,100,62962,1025,61.97,62492,550,33.25,63492,79,4.78,1671,99,1654,4047,8,8
1668413589,2022-11-14 02:13:09 -0600,a333330e4ecdea48596a3000513b73c4bd93f1b0,TX,48377,2,2022-11-09T01:00:00.000Z,FIPSCode,48377,0,2022-11-14T07:48:18.184Z,8,98.98,8,100,62962,1025,61.97,62492,550,33.25,63492,79,4.78,1671,99,1654,4047,8,8
1668413617,2022-11-14 02:13:37 -0600,eb734911ba7e090bb1b77512e0728f004418409f,TX,48377,2,2022-11-09T01:00:00.000Z,FIPSCode,48377,0,2022-11-14T07:48:18.184Z,8,98.98,8,100,62962,1025,61.97,62492,550,33.25,63492,79,4.78,1671,99,1654,4047,8,8
1668413647,2022-11-14 02:14:07 -0600,87ad9a59ebf34d4ddfdb6dccb271ee1e45465f3e,TX,48377,2,2022-11-09T01:00:00.000Z,FIPSCode,48377,0,2022-11-14T07:48:18.184Z,8,98.98,8,100,62962,1025,61.97,62492,550,33.25,63492,79,4.78,1671,99,1654,4047,8,8
1668413681,2022-11-14 02:14:41 -0600,2e69b71df359e0b812bc145dbc3f9b76b71a70ae,TX,48377,2,2022-11-09T01:00:00.000Z,FIPSCode,48377,0,2022-11-14T07:48:18.184Z,8,98.98,8,100,62962,1025,61.97,62492,550,33.25,63492,79,4.78,1671,99,1654,4047,8,8
1668413705,2022-11-14 02:15:05 -0600,ad171ed4c98363d996e2cfa40623858be11be14e,TX,48377,2,2022-11-09T01:00:00.000Z,FIPSCode,48377,0,2022-11-14T07:48:18.184Z,8,98.98,8,100,62962,1025,61.97,62492,550,33.25,63492,79,4.78,1671,99,1654,4047,8,8
1668413739,2022-11-14 02:15:39 -0600,1f33e40223fc19e92713b43cc0a2075aba1b6173,TX,48377,2,2022-11-09T01:00:00.000Z,FIPSCode,48377,0,2022-11-14T07:48:18.184Z,8,98.98,8,100,62962,1025,61.97,62492,550,33.25,63492,79,4.78,1671,99,1654,4047,8,8
1668413767,2022-11-14 02:16:07 -0600,4bfbec4f2efbbf820fab77dba2155621d07b093d,TX,48377,2,2022-11-09T01:00:00.000Z,FIPSCode,48377,0,2022-11-14T07:48:18.184Z,8,98.98,8,100,62962,1025,61.97,62492,550,33.25,63492,79,4.78,1671,99,1654,4047,8,8
1668413796,2022-11-14 02:16:36 -0600,79426252566396438463b389f54253fee9deabdb,TX,48377,2,2022-11-09T01:00:00.000Z,FIPSCode,48377,0,2022-11-14T07:48:18.184Z,8,98.98,8,100,62962,1025,61.97,62492,550,33.25,63492,79,4.78,1671,99,1654,4047,8,8
1668413819,2022-11-14 02:16:59 -0600,f9c545d5fa781832a2938906dfa3be0097da9225,TX,48377,2,2022-11-09T01:00:00.000Z,FIPSCode,48377,0,2022-11-14T07:48:18.184Z,8,98.98,8,100,62962,1025,61.97,62492,550,33.25,63492,79,4.78,1671,99,1654,4047,8,8
1668413849,2022-11-14 02:17:29 -0600,91d8cc281aff88e76fbb8a311ec3f617d9761d3f,TX,48377,2,2022-11-09T01:00:00.000Z,FIPSCode,48377,0,2022-11-14T07:48:18.184Z,8,98.98,8,100,62962,1025,61.97,62492,550,33.25,63492,79,4.78,1671,99,1654,4047,8,8
1668413883,2022-11-14 02:18:03 -0600,cf88e97e45bbae112ab709f2b958a5a5407bca16,TX,48377,2,2022-11-09T01:00:00.000Z,FIPSCode,48377,0,2022-11-14T07:48:18.184Z,8,98.98,8,100,62962,1025,61.97,62492,550,33.25,63492,79,4.78,1671,99,1654,4047,8,8
1668414021,2022-11-14 02:20:21 -0600,dda44e49cb8b9f59df6e60270f8cd780fd86abe6,TX,48377,2,2022-11-09T01:00:00.000Z,FIPSCode,48377,0,2022-11-14T07:48:18.184Z,8,98.98,8,100,62962,1025,61.97,62492,550,33.25,63492,79,4.78,1671,99,1654,4047,8,8
1668414039,2022-11-14 02:20:39 -0600,2ba6a7174e84116f7f033b7d1dd890904ac843e3,TX,48377,2,2022-11-09T01:00:00.000Z,FIPSCode,48377,0,2022-11-14T07:48:18.184Z,8,98.98,8,100,62962,1025,61.97,62492,550,33.25,63492,79,4.78,1671,99,1654,4047,8,8
1668414050,2022-11-14 02:20:50 -0600,44bab45b8beff200efa1e1f1a0f942d60ec84f30,TX,48377,2,2022-11-09T01:00:00.000Z,FIPSCode,48377,0,2022-11-14T07:48:18.184Z,8,98.98,8,100,62962,1025,61.97,62492,550,33.25,63492,79,4.78,1671,99,1654,4047,8,8
1668414097,2022-11-14 02:21:37 -0600,7bbe234db5c82519f63edc417c4bacf5d04814b8,TX,48377,2,2022-11-09T01:00:00.000Z,FIPSCode,48377,0,2022-11-14T07:48:18.184Z,8,98.98,8,100,62962,1025,61.97,62492,550,33.25,63492,79,4.78,1671,99,1654,4047,8,8
1668414109,2022-11-14 02:21:49 -0600,8620607d8c317f6e34a4bedfda662abba95e5474,TX,48377,2,2022-11-09T01:00:00.000Z,FIPSCode,48377,0,2022-11-14T08:21:36.739Z,8,98.98,8,100,62962,1025,61.97,62492,550,33.25,63492,79,4.78,1671,99,1654,4047,8,8
1668414154,2022-11-14 02:22:34 -0600,41d3bfcae733df01e5772cdac5dc7cb39d4f3fc4,TX,48377,2,2022-11-09T01:00:00.000Z,FIPSCode,48377,0,2022-11-14T08:21:36.739Z,8,98.98,8,100,62962,1025,61.97,62492,550,33.25,63492,79,4.78,1671,99,1654,4047,8,8
1668414171,2022-11-14 02:22:51 -0600,f55946394a8136b8de6a01aa324f6b42d0145dc5,TX,48377,2,2022-11-09T01:00:00.000Z,FIPSCode,48377,0,2022-11-14T08:22:37.309Z,8,98.98,8,100,62962,1025,61.97,62492,550,33.25,63492,79,4.78,1671,99,1654,4047,8,8
1668414218,2022-11-14 02:23:38 -0600,f850c60281e389328c77d6ed97b7b6be607742b7,TX,48377,2,2022-11-09T01:00:00.000Z,FIPSCode,48377,0,2022-11-14T08:22:37.309Z,8,98.98,8,100,62962,1025,61.97,62492,550,33.25,63492,79,4.78,1671,99,1654,4047,8,8
1668414235,2022-11-14 02:23:55 -0600,569a5a681d4e260841d31a1aa048f852536ce354,TX,48377,2,2022-11-09T01:00:00.000Z,FIPSCode,48377,0,2022-11-14T08:23:40.452Z,8,98.98,8,100,62962,1025,61.97,62492,550,33.25,63492,79,4.78,1671,99,1654,4047,8,8
1668414274,2022-11-14 02:24:34 -0600,2660865678e4148768dd77f77fa032ec7450d76e,TX,48377,2,2022-11-09T01:00:00.000Z,FIPSCode,48377,0,2022-11-14T08:23:40.452Z,8,98.98,8,100,62962,1025,61.97,62492,550,33.25,63492,79,4.78,1671,99,1654,4047,8,8
1668414291,2022-11-14 02:24:51 -0600,320fa30ff53e26dd5cb8260613fa9d0cb6bd43d0,TX,48377,2,2022-11-09T01:00:00.000Z,FIPSCode,48377,0,2022-11-14T08:23:40.452Z,8,98.98,8,100,62962,1025,61.97,62492,550,33.25,63492,79,4.78,1671,99,1654,4047,8,8
1668414348,2022-11-14 02:25:48 -0600,dcf89b0bc6ddef0c1c1a6e8a36c8bcd939e4278c,TX,48377,2,2022-11-09T01:00:00.000Z,FIPSCode,48377,0,2022-11-14T08:23:40.452Z,8,98.98,8,100,62962,1025,61.97,62492,550,33.25,63492,79,4.78,1671,99,1654,4047,8,8
1668414359,2022-11-14 02:25:59 -0600,255962388fd2c3b0931c2d8c49e2ac84e7a75b3a,TX,48377,2,2022-11-09T01:00:00.000Z,FIPSCode,48377,0,2022-11-14T08:23:40.452Z,8,98.98,8,100,62962,1025,61.97,62492,550,33.25,63492,79,4.78,1671,99,1654,4047,8,8
1668414393,2022-11-14 02:26:33 -0600,d63d4194f7b1ae76f75278c97c2fe030100fc4ca,TX,48377,2,2022-11-09T01:00:00.000Z,FIPSCode,48377,0,2022-11-14T08:23:40.452Z,8,98.98,8,100,62962,1025,61.97,62492,550,33.25,63492,79,4.78,1671,99,1654,4047,8,8
1668414453,2022-11-14 02:27:33 -0600,5956e17fcc5bb05001d5c83d8701c981c53c5630,TX,48377,2,2022-11-09T01:00:00.000Z,FIPSCode,48377,0,2022-11-14T08:23:40.452Z,8,98.98,8,100,62962,1025,61.97,62492,550,33.25,63492,79,4.78,1671,99,1654,4047,8,8
1668414493,2022-11-14 02:28:13 -0600,06afd9a296b4f50ff710a91fa2457d3127d8808f,TX,48377,2,2022-11-09T01:00:00.000Z,FIPSCode,48377,0,2022-11-14T08:23:40.452Z,8,98.98,8,100,62962,1025,61.97,62492,550,33.25,63492,79,4.78,1671,99,1654,4047,8,8
1668414516,2022-11-14 02:28:36 -0600,4748c2a98e63cd067c8d92008316338755aaab28,TX,48377,2,2022-11-09T01:00:00.000Z,FIPSCode,48377,0,2022-11-14T08:23:40.452Z,8,98.98,8,100,62962,1025,61.97,62492,550,33.25,63492,79,4.78,1671,99,1654,4047,8,8
1668414544,2022-11-14 02:29:04 -0600,36baeaf1cd9f36c80357a2b45b912ba815b9877e,TX,48377,2,2022-11-09T01:00:00.000Z,FIPSCode,48377,0,2022-11-14T08:23:40.452Z,8,98.98,8,100,62962,1025,61.97,62492,550,33.25,63492,79,4.78,1671,99,1654,4047,8,8
1668414573,2022-11-14 02:29:33 -0600,84b0f76d6fb65efd38d3ffa1cb7bd07e9ecbe4aa,TX,48377,2,2022-11-09T01:00:00.000Z,FIPSCode,48377,0,2022-11-14T08:23:40.452Z,8,98.98,8,100,62962,1025,61.97,62492,550,33.25,63492,79,4.78,1671,99,1654,4047,8,8
1668414600,2022-11-14 02:30:00 -0600,529fbcc05918a94e720381282f6e92cacdd6522b,TX,48377,2,2022-11-09T01:00:00.000Z,FIPSCode,48377,0,2022-11-14T08:23:40.452Z,8,98.98,8,100,62962,1025,61.97,62492,550,33.25,63492,79,4.78,1671,99,1654,4047,8,8
1668414612,2022-11-14 02:30:12 -0600,636340466bf0072060cf3aa11cd2bd3ff00e6696,TX,48377,2,2022-11-09T01:00:00.000Z,FIPSCode,48377,0,2022-11-14T08:23:40.452Z,8,98.98,8,100,62962,1025,61.97,62492,550,33.25,63492,79,4.78,1671,99,1654,4047,8,8
1668414641,2022-11-14 02:30:41 -0600,350499dbb7b162cec144a153890d91c7f2150c50,TX,48377,2,2022-11-09T01:00:00.000Z,FIPSCode,48377,0,2022-11-14T08:23:40.452Z,8,98.98,8,100,62962,1025,61.97,62492,550,33.25,63492,79,4.78,1671,99,1654,4047,8,8
1668414664,2022-11-14 02:31:04 -0600,c50999ce0b3975d90ee72790547143211e6f60c0,TX,48377,2,2022-11-09T01:00:00.000Z,FIPSCode,48377,0,2022-11-14T08:23:40.452Z,8,98.98,8,100,62962,1025,61.97,62492,550,33.25,63492,79,4.78,1671,99,1654,4047,8,8
1668414693,2022-11-14 02:31:33 -0600,b1ff1a92671058c096a7bb47d3ec2fc11a550b07,TX,48377,2,2022-11-09T01:00:00.000Z,FIPSCode,48377,0,2022-11-14T08:23:40.452Z,8,98.98,8,100,62962,1025,61.97,62492,550,33.25,63492,79,4.78,1671,99,1654,4047,8,8
1668414721,2022-11-14 02:32:01 -0600,f7c2de2758daac6abba7f9e5fdb5f1e331ede020,TX,48377,2,2022-11-09T01:00:00.000Z,FIPSCode,48377,0,2022-11-14T08:23:40.452Z,8,98.98,8,100,62962,1025,61.97,62492,550,33.25,63492,79,4.78,1671,99,1654,4047,8,8
1668414796,2022-11-14 02:33:16 -0600,b1998655b2e6a2ca1220eba548b081f70de23a21,TX,48377,2,2022-11-09T01:00:00.000Z,FIPSCode,48377,0,2022-11-14T08:23:40.452Z,8,98.98,8,100,62962,1025,61.97,62492,550,33.25,63492,79,4.78,1671,99,1654,4047,8,8
1668414831,2022-11-14 02:33:51 -0600,cdf76ea7acae74388f1d07a7b0cef7dd47cbe589,TX,48377,2,2022-11-09T01:00:00.000Z,FIPSCode,48377,0,2022-11-14T08:23:40.452Z,8,98.98,8,100,62962,1025,61.97,62492,550,33.25,63492,79,4.78,1671,99,1654,4047,8,8
1668414849,2022-11-14 02:34:09 -0600,459ebc198272a364058331f220deb6b1aa463c06,TX,48377,2,2022-11-09T01:00:00.000Z,FIPSCode,48377,0,2022-11-14T08:23:40.452Z,8,98.98,8,100,62962,1025,61.97,62492,550,33.25,63492,79,4.78,1671,99,1654,4047,8,8
1668414874,2022-11-14 02:34:34 -0600,57e892765a13576d0017a8be72dce6e11d9d6953,TX,48377,2,2022-11-09T01:00:00.000Z,FIPSCode,48377,0,2022-11-14T08:23:40.452Z,8,98.98,8,100,62962,1025,61.97,62492,550,33.25,63492,79,4.78,1671,99,1654,4047,8,8
1668414908,2022-11-14 02:35:08 -0600,35410ddfb21b9d9028ce21ecbbd9b9655b7757a3,TX,48377,2,2022-11-09T01:00:00.000Z,FIPSCode,48377,0,2022-11-14T08:23:40.452Z,8,98.98,8,100,62962,1025,61.97,62492,550,33.25,63492,79,4.78,1671,99,1654,4047,8,8
1668414931,2022-11-14 02:35:31 -0600,09664a227bdc89addde5e8ca4fcea0017742f303,TX,48377,2,2022-11-09T01:00:00.000Z,FIPSCode,48377,0,2022-11-14T08:23:40.452Z,8,98.98,8,100,62962,1025,61.97,62492,550,33.25,63492,79,4.78,1671,99,1654,4047,8,8
1668414965,2022-11-14 02:36:05 -0600,006cd3eae7aa22d9a1eb63ca33dcd7d200a1d6f9,TX,48377,2,2022-11-09T01:00:00.000Z,FIPSCode,48377,0,2022-11-14T08:23:40.452Z,8,98.98,8,100,62962,1025,61.97,62492,550,33.25,63492,79,4.78,1671,99,1654,4047,8,8
1668414993,2022-11-14 02:36:33 -0600,c3e3a76720a2a64e734f17b2d729db86c87361f3,TX,48377,2,2022-11-09T01:00:00.000Z,FIPSCode,48377,0,2022-11-14T08:23:40.452Z,8,98.98,8,100,62962,1025,61.97,62492,550,33.25,63492,79,4.78,1671,99,1654,4047,8,8
1668415012,2022-11-14 02:36:52 -0600,f8c1377f4e598a1ad0b008e8afe9bf7a9126659e,TX,48377,2,2022-11-09T01:00:00.000Z,FIPSCode,48377,0,2022-11-14T08:23:40.452Z,8,98.98,8,100,62962,1025,61.97,62492,550,33.25,63492,79,4.78,1671,99,1654,4047,8,8
1668415052,2022-11-14 02:37:32 -0600,1fcb6f3be6c3cf6aa98bcf4da84f0f0980f19120,TX,48377,2,2022-11-09T01:00:00.000Z,FIPSCode,48377,0,2022-11-14T08:23:40.452Z,8,98.98,8,100,62962,1025,61.97,62492,550,33.25,63492,79,4.78,1671,99,1654,4047,8,8
1668415075,2022-11-14 02:37:55 -0600,68e3ee47b7275b34a6422d8ad3e52a6a9436bc76,TX,48377,2,2022-11-09T01:00:00.000Z,FIPSCode,48377,0,2022-11-14T08:23:40.452Z,8,98.98,8,100,62962,1025,61.97,62492,550,33.25,63492,79,4.78,1671,99,1654,4047,8,8
1668415116,2022-11-14 02:38:36 -0600,362452f9a0d3cf2ad5f0d88ab54a4646a2a50a97,TX,48377,2,2022-11-09T01:00:00.000Z,FIPSCode,48377,0,2022-11-14T08:23:40.452Z,8,98.98,8,100,62962,1025,61.97,62492,550,33.25,63492,79,4.78,1671,99,1654,4047,8,8
1668415144,2022-11-14 02:39:04 -0600,e13095f55a460714f6c0f2bad415d038931c09b7,TX,48377,2,2022-11-09T01:00:00.000Z,FIPSCode,48377,0,2022-11-14T08:23:40.452Z,8,98.98,8,100,62962,1025,61.97,62492,550,33.25,63492,79,4.78,1671,99,1654,4047,8,8
1668415174,2022-11-14 02:39:34 -0600,762007a5bd53d37e1245fcd99e159585d41d64bf,TX,48377,2,2022-11-09T01:00:00.000Z,FIPSCode,48377,0,2022-11-14T08:23:40.452Z,8,98.98,8,100,62962,1025,61.97,62492,550,33.25,63492,79,4.78,1671,99,1654,4047,8,8
1668415192,2022-11-14 02:39:52 -0600,ab9b15d44b37c7a0c7b0618f9814e17da0b8bea8,TX,48377,2,2022-11-09T01:00:00.000Z,FIPSCode,48377,0,2022-11-14T08:23:40.452Z,8,98.98,8,100,62962,1025,61.97,62492,550,33.25,63492,79,4.78,1671,99,1654,4047,8,8
1668415227,2022-11-14 02:40:27 -0600,dbad139fb4d75b6df37f29ae38a2475083c251e3,TX,48377,2,2022-11-09T01:00:00.000Z,FIPSCode,48377,0,2022-11-14T08:23:40.452Z,8,98.98,8,100,62962,1025,61.97,62492,550,33.25,63492,79,4.78,1671,99,1654,4047,8,8
1668415255,2022-11-14 02:40:55 -0600,bd2396c6868b88199af75f8d7a09c17e9b9c8a18,TX,48377,2,2022-11-09T01:00:00.000Z,FIPSCode,48377,0,2022-11-14T08:23:40.452Z,8,98.98,8,100,62962,1025,61.97,62492,550,33.25,63492,79,4.78,1671,99,1654,4047,8,8
1668415288,2022-11-14 02:41:28 -0600,6cd28ae914df42ad4bf1735f264bd0c83ed8ef17,TX,48377,2,2022-11-09T01:00:00.000Z,FIPSCode,48377,0,2022-11-14T08:23:40.452Z,8,98.98,8,100,62962,1025,61.97,62492,550,33.25,63492,79,4.78,1671,99,1654,4047,8,8
1668415307,2022-11-14 02:41:47 -0600,ef7a7d6db6d3b6d554d53a2deb98a7113b2eac81,TX,48377,2,2022-11-09T01:00:00.000Z,FIPSCode,48377,0,2022-11-14T08:23:40.452Z,8,98.98,8,100,62962,1025,61.97,62492,550,33.25,63492,79,4.78,1671,99,1654,4047,8,8
1668415340,2022-11-14 02:42:20 -0600,138030fe00424c776e7f1acc2ded40ed1e1a4123,TX,48377,2,2022-11-09T01:00:00.000Z,FIPSCode,48377,0,2022-11-14T08:23:40.452Z,8,98.98,8,100,62962,1025,61.97,62492,550,33.25,63492,79,4.78,1671,99,1654,4047,8,8
1668415360,2022-11-14 02:42:40 -0600,e51583a2eef2ac5555775d844a0bc57bd9198779,TX,48377,2,2022-11-09T01:00:00.000Z,FIPSCode,48377,0,2022-11-14T08:23:40.452Z,8,98.98,8,100,62962,1025,61.97,62492,550,33.25,63492,79,4.78,1671,99,1654,4047,8,8
1668415371,2022-11-14 02:42:51 -0600,f2d98b9dbd7d8b429739df8395b7a72812618568,TX,48377,2,2022-11-09T01:00:00.000Z,FIPSCode,48377,0,2022-11-14T08:23:40.452Z,8,98.98,8,100,62962,1025,61.97,62492,550,33.25,63492,79,4.78,1671,99,1654,4047,8,8
1668415411,2022-11-14 02:43:31 -0600,10df86e9d4668a9d04690a760b06a7356f39123f,TX,48377,2,2022-11-09T01:00:00.000Z,FIPSCode,48377,0,2022-11-14T08:23:40.452Z,8,98.98,8,100,62962,1025,61.97,62492,550,33.25,63492,79,4.78,1671,99,1654,4047,8,8
1668415435,2022-11-14 02:43:55 -0600,d4f678b75e406576f6851df457f31642459fc2b5,TX,48377,2,2022-11-09T01:00:00.000Z,FIPSCode,48377,0,2022-11-14T08:23:40.452Z,8,98.98,8,100,62962,1025,61.97,62492,550,33.25,63492,79,4.78,1671,99,1654,4047,8,8
1668415468,2022-11-14 02:44:28 -0600,57a4ef694dd8a0ce3e8236c2c008214b082c52a8,TX,48377,2,2022-11-09T01:00:00.000Z,FIPSCode,48377,0,2022-11-14T08:23:40.452Z,8,98.98,8,100,62962,1025,61.97,62492,550,33.25,63492,79,4.78,1671,99,1654,4047,8,8
1668415492,2022-11-14 02:44:52 -0600,17228b950b21ec7938f593793480b32f1819362e,TX,48377,2,2022-11-09T01:00:00.000Z,FIPSCode,48377,0,2022-11-14T08:23:40.452Z,8,98.98,8,100,62962,1025,61.97,62492,550,33.25,63492,79,4.78,1671,99,1654,4047,8,8
1668415537,2022-11-14 02:45:37 -0600,2ab2796484c4f0128dd1e131d4a5ed3a893b56f3,TX,48377,2,2022-11-09T01:00:00.000Z,FIPSCode,48377,0,2022-11-14T08:23:40.452Z,8,98.98,8,100,62962,1025,61.97,62492,550,33.25,63492,79,4.78,1671,99,1654,4047,8,8
1668415676,2022-11-14 02:47:56 -0600,9164bd6f2b91625b38ac64f53e786e9db5b8cc0a,TX,48377,2,2022-11-09T01:00:00.000Z,FIPSCode,48377,0,2022-11-14T08:23:40.452Z,8,98.98,8,100,62962,1025,61.97,62492,550,33.25,63492,79,4.78,1671,99,1654,4047,8,8
1668415717,2022-11-14 02:48:37 -0600,c8f809f10c4703dec68363fac6a164fe702beae7,TX,48377,2,2022-11-09T01:00:00.000Z,FIPSCode,48377,0,2022-11-14T08:23:40.452Z,8,98.98,8,100,62962,1025,61.97,62492,550,33.25,63492,79,4.78,1671,99,1654,4047,8,8
1668415729,2022-11-14 02:48:49 -0600,eefb5a248a07a066d394da2a452b9b5be699ef1f,TX,48377,2,2022-11-09T01:00:00.000Z,FIPSCode,48377,0,2022-11-14T08:23:40.452Z,8,98.98,8,100,62962,1025,61.97,62492,550,33.25,63492,79,4.78,1671,99,1654,4047,8,8
1668415734,2022-11-14 02:48:54 -0600,ad2e7ad1b20516604563e89a25204c915c74276d,TX,48377,2,2022-11-09T01:00:00.000Z,FIPSCode,48377,0,2022-11-14T08:23:40.452Z,8,98.98,8,100,62962,1025,61.97,62492,550,33.25,63492,79,4.78,1671,99,1654,4047,8,8
1668415762,2022-11-14 02:49:22 -0600,a987205d8027582beb1e5c25547c062463b36b3c,TX,48377,2,2022-11-09T01:00:00.000Z,FIPSCode,48377,0,2022-11-14T08:23:40.452Z,8,98.98,8,100,62962,1025,61.97,62492,550,33.25,63492,79,4.78,1671,99,1654,4047,8,8
1668415774,2022-11-14 02:49:34 -0600,ebeda362571d9c62d585e105e64a375bd7327e8d,TX,48377,2,2022-11-09T01:00:00.000Z,FIPSCode,48377,0,2022-11-14T08:23:40.452Z,8,98.98,8,100,62962,1025,61.97,62492,550,33.25,63492,79,4.78,1671,99,1654,4047,8,8
1668415793,2022-11-14 02:49:53 -0600,d702f1d2a6dbb20f85518e5dfc83e369259255c4,TX,48377,2,2022-11-09T01:00:00.000Z,FIPSCode,48377,0,2022-11-14T08:23:40.452Z,8,98.98,8,100,62962,1025,61.97,62492,550,33.25,63492,79,4.78,1671,99,1654,4047,8,8
1668415933,2022-11-14 02:52:13 -0600,23a3d0d85009e30748cf3665d7ceb3ee956bcf38,TX,48377,2,2022-11-09T01:00:00.000Z,FIPSCode,48377,0,2022-11-14T08:23:40.452Z,8,98.98,8,100,62962,1025,61.97,62492,550,33.25,63492,79,4.78,1671,99,1654,4047,8,8
1668415945,2022-11-14 02:52:25 -0600,768e835214d93cb99516b24e3567560b298aeaae,TX,48377,2,2022-11-09T01:00:00.000Z,FIPSCode,48377,0,2022-11-14T08:23:40.452Z,8,98.98,8,100,62962,1025,61.97,62492,550,33.25,63492,79,4.78,1671,99,1654,4047,8,8
1668415957,2022-11-14 02:52:37 -0600,a3909b5da23f655d7cae7b7257865592dd66afa2,TX,48377,2,2022-11-09T01:00:00.000Z,FIPSCode,48377,0,2022-11-14T08:23:40.452Z,8,98.98,8,100,62962,1025,61.97,62492,550,33.25,63492,79,4.78,1671,99,1654,4047,8,8
1668415974,2022-11-14 02:52:54 -0600,fa0e8893338db0ccf3912560af704b57c4d7abfa,TX,48377,2,2022-11-09T01:00:00.000Z,FIPSCode,48377,0,2022-11-14T08:23:40.452Z,8,98.98,8,100,62962,1025,61.97,62492,550,33.25,63492,79,4.78,1671,99,1654,4047,8,8
1668416013,2022-11-14 02:53:33 -0600,f5bbd635ac9fc36ead8b09c478984f1038008a4e,TX,48377,2,2022-11-09T01:00:00.000Z,FIPSCode,48377,0,2022-11-14T08:23:40.452Z,8,98.98,8,100,62962,1025,61.97,62492,550,33.25,63492,79,4.78,1671,99,1654,4047,8,8
1668416030,2022-11-14 02:53:50 -0600,643e85adc5e7dcee7a336c94521672239abea4bc,TX,48377,2,2022-11-09T01:00:00.000Z,FIPSCode,48377,0,2022-11-14T08:23:40.452Z,8,98.98,8,100,62962,1025,61.97,62492,550,33.25,63492,79,4.78,1671,99,1654,4047,8,8
1668416070,2022-11-14 02:54:30 -0600,385ef7820e806096352080d111867c2c32888716,TX,48377,2,2022-11-09T01:00:00.000Z,FIPSCode,48377,0,2022-11-14T08:23:40.452Z,8,98.98,8,100,62962,1025,61.97,62492,550,33.25,63492,79,4.78,1671,99,1654,4047,8,8
1668416076,2022-11-14 02:54:36 -0600,227c7454e6955ca5d4b1969be95ed32390ceeef0,TX,48377,2,2022-11-09T01:00:00.000Z,FIPSCode,48377,0,2022-11-14T08:23:40.452Z,8,98.98,8,100,62962,1025,61.97,62492,550,33.25,63492,79,4.78,1671,99,1654,4047,8,8
1668416109,2022-11-14 02:55:09 -0600,eb7e258b5c0a21a9d482d6ec6e9b75cfd6af072d,TX,48377,2,2022-11-09T01:00:00.000Z,FIPSCode,48377,0,2022-11-14T08:23:40.452Z,8,98.98,8,100,62962,1025,61.97,62492,550,33.25,63492,79,4.78,1671,99,1654,4047,8,8
1668416123,2022-11-14 02:55:23 -0600,740b9f6fa3f2ee6d4db77d3a0c00f1609e866402,TX,48377,2,2022-11-09T01:00:00.000Z,FIPSCode,48377,0,2022-11-14T08:23:40.452Z,8,98.98,8,100,62962,1025,61.97,62492,550,33.25,63492,79,4.78,1671,99,1654,4047,8,8
1668416135,2022-11-14 02:55:35 -0600,ab51b4b95d73b96452601bd4ef91c303b422ac62,TX,48377,2,2022-11-09T01:00:00.000Z,FIPSCode,48377,0,2022-11-14T08:23:40.452Z,8,98.98,8,100,62962,1025,61.97,62492,550,33.25,63492,79,4.78,1671,99,1654,4047,8,8
1668416152,2022-11-14 02:55:52 -0600,39da8be0cf8c7ab4274d47665597361ac8e554d5,TX,48377,2,2022-11-09T01:00:00.000Z,FIPSCode,48377,0,2022-11-14T08:23:40.452Z,8,98.98,8,100,62962,1025,61.97,62492,550,33.25,63492,79,4.78,1671,99,1654,4047,8,8
1668416164,2022-11-14 02:56:04 -0600,2c044e143fe3885ed0a4665cd8adb2a7c79b4e3e,TX,48377,2,2022-11-09T01:00:00.000Z,FIPSCode,48377,0,2022-11-14T08:23:40.452Z,8,98.98,8,100,62962,1025,61.97,62492,550,33.25,63492,79,4.78,1671,99,1654,4047,8,8
1668416192,2022-11-14 02:56:32 -0600,d1f8e53accb614033c0fb1f72349bd5795b4ca17,TX,48377,2,2022-11-09T01:00:00.000Z,FIPSCode,48377,0,2022-11-14T08:23:40.452Z,8,98.98,8,100,62962,1025,61.97,62492,550,33.25,63492,79,4.78,1671,99,1654,4047,8,8
1668416225,2022-11-14 02:57:05 -0600,dcf7c81ee1fbb98133ddb98f51667a3f14e7cb7b,TX,48377,2,2022-11-09T01:00:00.000Z,FIPSCode,48377,0,2022-11-14T08:23:40.452Z,8,98.98,8,100,62962,1025,61.97,62492,550,33.25,63492,79,4.78,1671,99,1654,4047,8,8
1668416242,2022-11-14 02:57:22 -0600,6ed86bad6ecd70c25251f9cd5bfb2f26f8b6cfe9,TX,48377,2,2022-11-09T01:00:00.000Z,FIPSCode,48377,0,2022-11-14T08:23:40.452Z,8,98.98,8,100,62962,1025,61.97,62492,550,33.25,63492,79,4.78,1671,99,1654,4047,8,8
1668416254,2022-11-14 02:57:34 -0600,98e2d120d80609b7d5713959da799d0dc62c5ba1,TX,48377,2,2022-11-09T01:00:00.000Z,FIPSCode,48377,0,2022-11-14T08:23:40.452Z,8,98.98,8,100,62962,1025,61.97,62492,550,33.25,63492,79,4.78,1671,99,1654,4047,8,8
1668416283,2022-11-14 02:58:03 -0600,b4184adee8cd4ea7ece98561c4f720385e5efbba,TX,48377,2,2022-11-09T01:00:00.000Z,FIPSCode,48377,0,2022-11-14T08:23:40.452Z,8,98.98,8,100,62962,1025,61.97,62492,550,33.25,63492,79,4.78,1671,99,1654,4047,8,8
1668416314,2022-11-14 02:58:34 -0600,b0a868cfae06b57de4d99fb009f841d0f0484c8f,TX,48377,2,2022-11-09T01:00:00.000Z,FIPSCode,48377,0,2022-11-14T08:23:40.452Z,8,98.98,8,100,62962,1025,61.97,62492,550,33.25,63492,79,4.78,1671,99,1654,4047,8,8
1668416374,2022-11-14 02:59:34 -0600,ee74aee1018081ddbc05c1a5fb53f24e1b26e160,TX,48377,2,2022-11-09T01:00:00.000Z,FIPSCode,48377,0,2022-11-14T08:23:40.452Z,8,98.98,8,100,62962,1025,61.97,62492,550,33.25,63492,79,4.78,1671,99,1654,4047,8,8
1668416399,2022-11-14 02:59:59 -0600,7b463543a3696e62c416978f0a20769b153bfaea,TX,48377,2,2022-11-09T01:00:00.000Z,FIPSCode,48377,0,2022-11-14T08:23:40.452Z,8,98.98,8,100,62962,1025,61.97,62492,550,33.25,63492,79,4.78,1671,99,1654,4047,8,8
1668416432,2022-11-14 03:00:32 -0600,043bfb2fc98221b8bacbd8407db5aa6bed6c18f5,TX,48377,2,2022-11-09T01:00:00.000Z,FIPSCode,48377,0,2022-11-14T08:23:40.452Z,8,98.98,8,100,62962,1025,61.97,62492,550,33.25,63492,79,4.78,1671,99,1654,4047,8,8
1668416466,2022-11-14 03:01:06 -0600,1a96ca557d72da0873f2568ecd6e2ad2b7602d5e,TX,48377,2,2022-11-09T01:00:00.000Z,FIPSCode,48377,0,2022-11-14T08:23:40.452Z,8,98.98,8,100,62962,1025,61.97,62492,550,33.25,63492,79,4.78,1671,99,1654,4047,8,8
1668416496,2022-11-14 03:01:36 -0600,81c42d48208a0e17b5e52bd732977314ca73e575,TX,48377,2,2022-11-09T01:00:00.000Z,FIPSCode,48377,0,2022-11-14T08:23:40.452Z,8,98.98,8,100,62962,1025,61.97,62492,550,33.25,63492,79,4.78,1671,99,1654,4047,8,8
1668416507,2022-11-14 03:01:47 -0600,087423994de7eb4075cb2b9051285840a9fd0ded,TX,48377,2,2022-11-09T01:00:00.000Z,FIPSCode,48377,0,2022-11-14T08:23:40.452Z,8,98.98,8,100,62962,1025,61.97,62492,550,33.25,63492,79,4.78,1671,99,1654,4047,8,8
1668416524,2022-11-14 03:02:04 -0600,c67f27d77dbaa4d81cec0f096f42c6c713b40cec,TX,48377,2,2022-11-09T01:00:00.000Z,FIPSCode,48377,0,2022-11-14T08:23:40.452Z,8,98.98,8,100,62962,1025,61.97,62492,550,33.25,63492,79,4.78,1671,99,1654,4047,8,8
1668416554,2022-11-14 03:02:34 -0600,2865f6271393db8735a88998dc1377f353c99b57,TX,48377,2,2022-11-09T01:00:00.000Z,FIPSCode,48377,0,2022-11-14T08:23:40.452Z,8,98.98,8,100,62962,1025,61.97,62492,550,33.25,63492,79,4.78,1671,99,1654,4047,8,8
1668416572,2022-11-14 03:02:52 -0600,f109e7e99ecc5166393185be452b7d418a9af4c5,TX,48377,2,2022-11-09T01:00:00.000Z,FIPSCode,48377,0,2022-11-14T08:23:40.452Z,8,98.98,8,100,62962,1025,61.97,62492,550,33.25,63492,79,4.78,1671,99,1654,4047,8,8
1668416590,2022-11-14 03:03:10 -0600,0e62c4701fc8b6a285629850a93a96e2c4ccb02d,TX,48377,2,2022-11-09T01:00:00.000Z,FIPSCode,48377,0,2022-11-14T08:23:40.452Z,8,98.98,8,100,62962,1025,61.97,62492,550,33.25,63492,79,4.78,1671,99,1654,4047,8,8
1668416608,2022-11-14 03:03:28 -0600,cee90819e5bf2220bba21330d98ab75dd0c6515e,TX,48377,2,2022-11-09T01:00:00.000Z,FIPSCode,48377,0,2022-11-14T08:23:40.452Z,8,98.98,8,100,62962,1025,61.97,62492,550,33.25,63492,79,4.78,1671,99,1654,4047,8,8
1668416644,2022-11-14 03:04:04 -0600,ff4a432e8c4f9645fa38ac28c70838a35712dfba,TX,48377,2,2022-11-09T01:00:00.000Z,FIPSCode,48377,0,2022-11-14T08:23:40.452Z,8,98.98,8,100,62962,1025,61.97,62492,550,33.25,63492,79,4.78,1671,99,1654,4047,8,8
1668416672,2022-11-14 03:04:32 -0600,3a543e188375ab1ef64166d5c50079001371e366,TX,48377,2,2022-11-09T01:00:00.000Z,FIPSCode,48377,0,2022-11-14T08:23:40.452Z,8,98.98,8,100,62962,1025,61.97,62492,550,33.25,63492,79,4.78,1671,99,1654,4047,8,8
1668416697,2022-11-14 03:04:57 -0600,bfa35a02ed3037660a21620ca3391438661362e3,TX,48377,2,2022-11-09T01:00:00.000Z,FIPSCode,48377,0,2022-11-14T08:23:40.452Z,8,98.98,8,100,62962,1025,61.97,62492,550,33.25,63492,79,4.78,1671,99,1654,4047,8,8
1668416719,2022-11-14 03:05:19 -0600,a4550480070792ff8bc5e979c3837ab1322db15f,TX,48377,2,2022-11-09T01:00:00.000Z,FIPSCode,48377,0,2022-11-14T08:23:40.452Z,8,98.98,8,100,62962,1025,61.97,62492,550,33.25,63492,79,4.78,1671,99,1654,4047,8,8
1668416737,2022-11-14 03:05:37 -0600,b53177103bbb413947b35b28ec53438d067b8baf,TX,48377,2,2022-11-09T01:00:00.000Z,FIPSCode,48377,0,2022-11-14T08:23:40.452Z,8,98.98,8,100,62962,1025,61.97,62492,550,33.25,63492,79,4.78,1671,99,1654,4047,8,8
1668416794,2022-11-14 03:06:34 -0600,3c7bba996401d712e39a77e88dcf5c596e69fcb1,TX,48377,2,2022-11-09T01:00:00.000Z,FIPSCode,48377,0,2022-11-14T08:23:40.452Z,8,98.98,8,100,62962,1025,61.97,62492,550,33.25,63492,79,4.78,1671,99,1654,4047,8,8
1668416824,2022-11-14 03:07:04 -0600,c60cd3f97e55465a3879bb81bc9c3b4c010906a4,TX,48377,2,2022-11-09T01:00:00.000Z,FIPSCode,48377,0,2022-11-14T08:23:40.452Z,8,98.98,8,100,62962,1025,61.97,62492,550,33.25,63492,79,4.78,1671,99,1654,4047,8,8
1668416859,2022-11-14 03:07:39 -0600,205d9728bed39ccaf224591774bc6eb361f5d213,TX,48377,2,2022-11-09T01:00:00.000Z,FIPSCode,48377,0,2022-11-14T08:23:40.452Z,8,98.98,8,100,62962,1025,61.97,62492,550,33.25,63492,79,4.78,1671,99,1654,4047,8,8
1668416887,2022-11-14 03:08:07 -0600,8dbcfb762c5c3cf9f8e1b2977e74feb3c6b254fe,TX,48377,2,2022-11-09T01:00:00.000Z,FIPSCode,48377,0,2022-11-14T08:23:40.452Z,8,98.98,8,100,62962,1025,61.97,62492,550,33.25,63492,79,4.78,1671,99,1654,4047,8,8
1668416916,2022-11-14 03:08:36 -0600,d478d620bdc5f87342f695d61886710dc3541802,TX,48377,2,2022-11-09T01:00:00.000Z,FIPSCode,48377,0,2022-11-14T08:23:40.452Z,8,98.98,8,100,62962,1025,61.97,62492,550,33.25,63492,79,4.78,1671,99,1654,4047,8,8
1668416949,2022-11-14 03:09:09 -0600,d07ea676c6105af83e3cba025e0decab04d1c3fe,TX,48377,2,2022-11-09T01:00:00.000Z,FIPSCode,48377,0,2022-11-14T08:23:40.452Z,8,98.98,8,100,62962,1025,61.97,62492,550,33.25,63492,79,4.78,1671,99,1654,4047,8,8
1668416972,2022-11-14 03:09:32 -0600,19ed965ed8ba44b60c0289ce96e1d032d2ba2701,TX,48377,2,2022-11-09T01:00:00.000Z,FIPSCode,48377,0,2022-11-14T08:23:40.452Z,8,98.98,8,100,62962,1025,61.97,62492,550,33.25,63492,79,4.78,1671,99,1654,4047,8,8
1668417006,2022-11-14 03:10:06 -0600,8a071045b3488fb77fccb52405d18ad047741396,TX,48377,2,2022-11-09T01:00:00.000Z,FIPSCode,48377,0,2022-11-14T08:23:40.452Z,8,98.98,8,100,62962,1025,61.97,62492,550,33.25,63492,79,4.78,1671,99,1654,4047,8,8
1668417031,2022-11-14 03:10:31 -0600,b08e2f47feb18867de605e2f431df712b4ff50d7,TX,48377,2,2022-11-09T01:00:00.000Z,FIPSCode,48377,0,2022-11-14T08:23:40.452Z,8,98.98,8,100,62962,1025,61.97,62492,550,33.25,63492,79,4.78,1671,99,1654,4047,8,8
1668417048,2022-11-14 03:10:48 -0600,8279c0627d6d949c4efbe42ebceb2f3d82e54638,TX,48377,2,2022-11-09T01:00:00.000Z,FIPSCode,48377,0,2022-11-14T08:23:40.452Z,8,98.98,8,100,62962,1025,61.97,62492,550,33.25,63492,79,4.78,1671,99,1654,4047,8,8
1668417095,2022-11-14 03:11:35 -0600,a050828a82eaada2b9b3d8036aff43faca2853c4,TX,48377,2,2022-11-09T01:00:00.000Z,FIPSCode,48377,0,2022-11-14T08:23:40.452Z,8,98.98,8,100,62962,1025,61.97,62492,550,33.25,63492,79,4.78,1671,99,1654,4047,8,8
1668417106,2022-11-14 03:11:46 -0600,8056c2e034b3244fc06a0d14b1e02bd391ce77b7,TX,48377,2,2022-11-09T01:00:00.000Z,FIPSCode,48377,0,2022-11-14T08:23:40.452Z,8,98.98,8,100,62962,1025,61.97,62492,550,33.25,63492,79,4.78,1671,99,1654,4047,8,8
1668417186,2022-11-14 03:13:06 -0600,9851c16dc8dd691e20e3188dfdfc93b49f4dd88c,TX,48377,2,2022-11-09T01:00:00.000Z,FIPSCode,48377,0,2022-11-14T08:23:40.452Z,8,98.98,8,100,62962,1025,61.97,62492,550,33.25,63492,79,4.78,1671,99,1654,4047,8,8
1668417203,2022-11-14 03:13:23 -0600,60e16ebbeb35c433977555ddf54b67878b0aac04,TX,48377,2,2022-11-09T01:00:00.000Z,FIPSCode,48377,0,2022-11-14T08:23:40.452Z,8,98.98,8,100,62962,1025,61.97,62492,550,33.25,63492,79,4.78,1671,99,1654,4047,8,8
1668417215,2022-11-14 03:13:35 -0600,23e3e81e80a1092adc65f6bb1c6f6c45e33bcc50,TX,48377,2,2022-11-09T01:00:00.000Z,FIPSCode,48377,0,2022-11-14T08:23:40.452Z,8,98.98,8,100,62962,1025,61.97,62492,550,33.25,63492,79,4.78,1671,99,1654,4047,8,8
1668417278,2022-11-14 03:14:38 -0600,9a728eac0c33a4f92a36406f372039633b11b072,TX,48377,2,2022-11-09T01:00:00.000Z,FIPSCode,48377,0,2022-11-14T08:23:40.452Z,8,98.98,8,100,62962,1025,61.97,62492,550,33.25,63492,79,4.78,1671,99,1654,4047,8,8
1668417301,2022-11-14 03:15:01 -0600,6e3e19df5fa65fce8cd8d6616a8d9b4a5381f342,TX,48377,2,2022-11-09T01:00:00.000Z,FIPSCode,48377,0,2022-11-14T08:23:40.452Z,8,98.98,8,100,62962,1025,61.97,62492,550,33.25,63492,79,4.78,1671,99,1654,4047,8,8
1668417317,2022-11-14 03:15:17 -0600,60b5ed036d77fd2596477591434ce86da39bc581,TX,48377,2,2022-11-09T01:00:00.000Z,FIPSCode,48377,0,2022-11-14T08:23:40.452Z,8,98.98,8,100,62962,1025,61.97,62492,550,33.25,63492,79,4.78,1671,99,1654,4047,8,8
1668417346,2022-11-14 03:15:46 -0600,a6e4682cb2eb2106b69307c2a62cef1702faeeff,TX,48377,2,2022-11-09T01:00:00.000Z,FIPSCode,48377,0,2022-11-14T08:23:40.452Z,8,98.98,8,100,62962,1025,61.97,62492,550,33.25,63492,79,4.78,1671,99,1654,4047,8,8
1668417363,2022-11-14 03:16:03 -0600,eff7e38ac72b07bb650806f28edeea59a280f76d,TX,48377,2,2022-11-09T01:00:00.000Z,FIPSCode,48377,0,2022-11-14T08:23:40.452Z,8,98.98,8,100,62962,1025,61.97,62492,550,33.25,63492,79,4.78,1671,99,1654,4047,8,8
1668417391,2022-11-14 03:16:31 -0600,de26df94a29923e2c6fb33ec39a14ba0897784ab,TX,48377,2,2022-11-09T01:00:00.000Z,FIPSCode,48377,0,2022-11-14T08:23:40.452Z,8,98.98,8,100,62962,1025,61.97,62492,550,33.25,63492,79,4.78,1671,99,1654,4047,8,8
1668417424,2022-11-14 03:17:04 -0600,cd4929403f2dd328e097af703044da537ac06136,TX,48377,2,2022-11-09T01:00:00.000Z,FIPSCode,48377,0,2022-11-14T08:23:40.452Z,8,98.98,8,100,62962,1025,61.97,62492,550,33.25,63492,79,4.78,1671,99,1654,4047,8,8
1668417455,2022-11-14 03:17:35 -0600,663de0d8d90704d6d7b896c08d72f8d0229e1c68,TX,48377,2,2022-11-09T01:00:00.000Z,FIPSCode,48377,0,2022-11-14T08:23:40.452Z,8,98.98,8,100,62962,1025,61.97,62492,550,33.25,63492,79,4.78,1671,99,1654,4047,8,8
1668417467,2022-11-14 03:17:47 -0600,b77a24640a2f32e6e9828696c52f0451415a923b,TX,48377,2,2022-11-09T01:00:00.000Z,FIPSCode,48377,0,2022-11-14T08:23:40.452Z,8,98.98,8,100,62962,1025,61.97,62492,550,33.25,63492,79,4.78,1671,99,1654,4047,8,8
1668417473,2022-11-14 03:17:53 -0600,b5facbaef64a030940ea7febe04257786d5d2365,TX,48377,2,2022-11-09T01:00:00.000Z,FIPSCode,48377,0,2022-11-14T08:23:40.452Z,8,98.98,8,100,62962,1025,61.97,62492,550,33.25,63492,79,4.78,1671,99,1654,4047,8,8
1668417512,2022-11-14 03:18:32 -0600,49fd99a00d65e04977c2f2662855d31b12a1dcb8,TX,48377,2,2022-11-09T01:00:00.000Z,FIPSCode,48377,0,2022-11-14T08:23:40.452Z,8,98.98,8,100,62962,1025,61.97,62492,550,33.25,63492,79,4.78,1671,99,1654,4047,8,8
1668417529,2022-11-14 03:18:49 -0600,e75a19da9b42152a755fb29e8aedaae5d743dc0d,TX,48377,2,2022-11-09T01:00:00.000Z,FIPSCode,48377,0,2022-11-14T08:23:40.452Z,8,98.98,8,100,62962,1025,61.97,62492,550,33.25,63492,79,4.78,1671,99,1654,4047,8,8
1668417541,2022-11-14 03:19:01 -0600,1128afd15848078f8932ea8b023e47ef8818b50e,TX,48377,2,2022-11-09T01:00:00.000Z,FIPSCode,48377,0,2022-11-14T08:23:40.452Z,8,98.98,8,100,62962,1025,61.97,62492,550,33.25,63492,79,4.78,1671,99,1654,4047,8,8
1668417576,2022-11-14 03:19:36 -0600,6c24ed5e96f42e03723166a42756e768f1e10753,TX,48377,2,2022-11-09T01:00:00.000Z,FIPSCode,48377,0,2022-11-14T08:23:40.452Z,8,98.98,8,100,62962,1025,61.97,62492,550,33.25,63492,79,4.78,1671,99,1654,4047,8,8
1668417615,2022-11-14 03:20:15 -0600,3ecb42322ac271d825a9f786b5b65cd01ad340e9,TX,48377,2,2022-11-09T01:00:00.000Z,FIPSCode,48377,0,2022-11-14T08:23:40.452Z,8,98.98,8,100,62962,1025,61.97,62492,550,33.25,63492,79,4.78,1671,99,1654,4047,8,8
1668417643,2022-11-14 03:20:43 -0600,39c77a7278472b66de49db5bc27fe1c6582ce8ef,TX,48377,2,2022-11-09T01:00:00.000Z,FIPSCode,48377,0,2022-11-14T08:23:40.452Z,8,98.98,8,100,62962,1025,61.97,62492,550,33.25,63492,79,4.78,1671,99,1654,4047,8,8
1668417654,2022-11-14 03:20:54 -0600,05cca29740bdeb156686a8158a87cff92cd0224a,TX,48377,2,2022-11-09T01:00:00.000Z,FIPSCode,48377,0,2022-11-14T08:23:40.452Z,8,98.98,8,100,62962,1025,61.97,62492,550,33.25,63492,79,4.78,1671,99,1654,4047,8,8
1668417770,2022-11-14 03:22:50 -0600,e843492875f1c36acb7dfa6294bc3ea41dc10213,TX,48377,2,2022-11-09T01:00:00.000Z,FIPSCode,48377,0,2022-11-14T08:23:40.452Z,8,98.98,8,100,62962,1025,61.97,62492,550,33.25,63492,79,4.78,1671,99,1654,4047,8,8
1668417782,2022-11-14 03:23:02 -0600,6e8eec5eca87d976d7fffe07e1cc478d7fe62bf8,TX,48377,2,2022-11-09T01:00:00.000Z,FIPSCode,48377,0,2022-11-14T08:23:40.452Z,8,98.98,8,100,62962,1025,61.97,62492,550,33.25,63492,79,4.78,1671,99,1654,4047,8,8
1668417811,2022-11-14 03:23:31 -0600,1217d70772cb574b106f69d47c92efdceebfad85,TX,48377,2,2022-11-09T01:00:00.000Z,FIPSCode,48377,0,2022-11-14T08:23:40.452Z,8,98.98,8,100,62962,1025,61.97,62492,550,33.25,63492,79,4.78,1671,99,1654,4047,8,8
1668417823,2022-11-14 03:23:43 -0600,a3733b77ec6f5c5e8e269de4ffa50f07f4ac77e5,TX,48377,2,2022-11-09T01:00:00.000Z,FIPSCode,48377,0,2022-11-14T08:23:40.452Z,8,98.98,8,100,62962,1025,61.97,62492,550,33.25,63492,79,4.78,1671,99,1654,4047,8,8
1668417852,2022-11-14 03:24:12 -0600,0c9691b62f07bbdd4489c3139ba0fd3dc4eb1246,TX,48377,2,2022-11-09T01:00:00.000Z,FIPSCode,48377,0,2022-11-14T08:23:40.452Z,8,98.98,8,100,62962,1025,61.97,62492,550,33.25,63492,79,4.78,1671,99,1654,4047,8,8
1668417875,2022-11-14 03:24:35 -0600,afb345cfc64d5eabda0526b8a829c4d4b247fcf5,TX,48377,2,2022-11-09T01:00:00.000Z,FIPSCode,48377,0,2022-11-14T08:23:40.452Z,8,98.98,8,100,62962,1025,61.97,62492,550,33.25,63492,79,4.78,1671,99,1654,4047,8,8
1668417893,2022-11-14 03:24:53 -0600,d7abe5913fab92bd803da3427d2b057ec28edda3,TX,48377,2,2022-11-09T01:00:00.000Z,FIPSCode,48377,0,2022-11-14T08:23:40.452Z,8,98.98,8,100,62962,1025,61.97,62492,550,33.25,63492,79,4.78,1671,99,1654,4047,8,8
1668417905,2022-11-14 03:25:05 -0600,ac3946e6f12df2eec14500fa330d69125e813b58,TX,48377,2,2022-11-09T01:00:00.000Z,FIPSCode,48377,0,2022-11-14T08:23:40.452Z,8,98.98,8,100,62962,1025,61.97,62492,550,33.25,63492,79,4.78,1671,99,1654,4047,8,8
1668417938,2022-11-14 03:25:38 -0600,41c05264719ae6517e36f8a0e5cc82201c9b2a77,TX,48377,2,2022-11-09T01:00:00.000Z,FIPSCode,48377,0,2022-11-14T08:23:40.452Z,8,98.98,8,100,62962,1025,61.97,62492,550,33.25,63492,79,4.78,1671,99,1654,4047,8,8
1668417956,2022-11-14 03:25:56 -0600,9e425f8678dc8a7c1a59fec8a44bdd77990eab8c,TX,48377,2,2022-11-09T01:00:00.000Z,FIPSCode,48377,0,2022-11-14T08:23:40.452Z,8,98.98,8,100,62962,1025,61.97,62492,550,33.25,63492,79,4.78,1671,99,1654,4047,8,8
1668417995,2022-11-14 03:26:35 -0600,9f80814b824205d3c97ea03e83306b2c15a2dd71,TX,48377,2,2022-11-09T01:00:00.000Z,FIPSCode,48377,0,2022-11-14T08:23:40.452Z,8,98.98,8,100,62962,1025,61.97,62492,550,33.25,63492,79,4.78,1671,99,1654,4047,8,8
1668418008,2022-11-14 03:26:48 -0600,10419f878f77b5f7b8053b5e6887a8ab03bc601f,TX,48377,2,2022-11-09T01:00:00.000Z,FIPSCode,48377,0,2022-11-14T09:26:35.195Z,8,98.98,8,100,62962,1025,61.97,62492,550,33.25,63492,79,4.78,1671,99,1654,4047,8,8
1668418056,2022-11-14 03:27:36 -0600,337bbe72e9cb7a6ca7725578c509deb5a07ecc47,TX,48377,2,2022-11-09T01:00:00.000Z,FIPSCode,48377,0,2022-11-14T09:27:15.945Z,8,98.98,8,100,62962,1025,61.97,62492,550,33.25,63492,79,4.78,1671,99,1654,4047,8,8
1668418067,2022-11-14 03:27:47 -0600,82672e89bd92f0fdeafe8ab0dd17bee2b996f6b0,TX,48377,2,2022-11-09T01:00:00.000Z,FIPSCode,48377,0,2022-11-14T09:27:15.945Z,8,98.98,8,100,62962,1025,61.97,62492,550,33.25,63492,79,4.78,1671,99,1654,4047,8,8
1668418118,2022-11-14 03:28:38 -0600,1aaaa80d29b619baa6eada9a17ab82efad0f921b,TX,48377,2,2022-11-09T01:00:00.000Z,FIPSCode,48377,0,2022-11-14T09:28:16.084Z,8,98.98,8,100,62962,1025,61.97,62492,550,33.25,63492,79,4.78,1671,99,1654,4047,8,8
1668418129,2022-11-14 03:28:49 -0600,47a46a481e07779d33c8395e020773c3619b198d,TX,48377,2,2022-11-09T01:00:00.000Z,FIPSCode,48377,0,2022-11-14T09:28:16.084Z,8,98.98,8,100,62962,1025,61.97,62492,550,33.25,63492,79,4.78,1671,99,1654,4047,8,8
1668418181,2022-11-14 03:29:41 -0600,3400e9aab85d3286593f7868ecd97ca762213f2b,TX,48377,2,2022-11-09T01:00:00.000Z,FIPSCode,48377,0,2022-11-14T09:29:15.824Z,8,98.98,8,100,62962,1025,61.97,62492,550,33.25,63492,79,4.78,1671,99,1654,4047,8,8
1668418193,2022-11-14 03:29:53 -0600,1e4e39abd9d7fada655e2404f7f3f54787ffe94e,TX,48377,2,2022-11-09T01:00:00.000Z,FIPSCode,48377,0,2022-11-14T09:29:15.824Z,8,98.98,8,100,62962,1025,61.97,62492,550,33.25,63492,79,4.78,1671,99,1654,4047,8,8
1668418209,2022-11-14 03:30:09 -0600,6fea9046e2d67493ee9fe22975b4c7003e3fbcd1,TX,48377,2,2022-11-09T01:00:00.000Z,FIPSCode,48377,0,2022-11-14T09:29:15.824Z,8,98.98,8,100,62962,1025,61.97,62492,550,33.25,63492,79,4.78,1671,99,1654,4047,8,8
1668418233,2022-11-14 03:30:33 -0600,ebd0d653b481fbca2144e26b91f98612bac786be,TX,48377,2,2022-11-09T01:00:00.000Z,FIPSCode,48377,0,2022-11-14T09:29:15.824Z,8,98.98,8,100,62962,1025,61.97,62492,550,33.25,63492,79,4.78,1671,99,1654,4047,8,8
1668418262,2022-11-14 03:31:02 -0600,fb43382fed1204a40b05e3cfbb3e566a9614fa75,TX,48377,2,2022-11-09T01:00:00.000Z,FIPSCode,48377,0,2022-11-14T09:29:15.824Z,8,98.98,8,100,62962,1025,61.97,62492,550,33.25,63492,79,4.78,1671,99,1654,4047,8,8
1668418296,2022-11-14 03:31:36 -0600,5c21936ef71685023ca97694aa40581b666b374d,TX,48377,2,2022-11-09T01:00:00.000Z,FIPSCode,48377,0,2022-11-14T09:29:15.824Z,8,98.98,8,100,62962,1025,61.97,62492,550,33.25,63492,79,4.78,1671,99,1654,4047,8,8
1668418325,2022-11-14 03:32:05 -0600,c5ee9bc61d1ce26e1902cacb839ef18def140e81,TX,48377,2,2022-11-09T01:00:00.000Z,FIPSCode,48377,0,2022-11-14T09:29:15.824Z,8,98.98,8,100,62962,1025,61.97,62492,550,33.25,63492,79,4.78,1671,99,1654,4047,8,8
1668418360,2022-11-14 03:32:40 -0600,210f04468c69666a11840512a9967f8f6b6b8fd4,TX,48377,2,2022-11-09T01:00:00.000Z,FIPSCode,48377,0,2022-11-14T09:29:15.824Z,8,98.98,8,100,62962,1025,61.97,62492,550,33.25,63492,79,4.78,1671,99,1654,4047,8,8
1668418389,2022-11-14 03:33:09 -0600,9facc815050ebe9c367e3202bd9cf06de0c50d40,TX,48377,2,2022-11-09T01:00:00.000Z,FIPSCode,48377,0,2022-11-14T09:29:15.824Z,8,98.98,8,100,62962,1025,61.97,62492,550,33.25,63492,79,4.78,1671,99,1654,4047,8,8
1668418418,2022-11-14 03:33:38 -0600,3e3131cf990341cce77ba1e1d5a3b425cdbada30,TX,48377,2,2022-11-09T01:00:00.000Z,FIPSCode,48377,0,2022-11-14T09:29:15.824Z,8,98.98,8,100,62962,1025,61.97,62492,550,33.25,63492,79,4.78,1671,99,1654,4047,8,8
1668418434,2022-11-14 03:33:54 -0600,d860873adf35c5ec494ada56ab16a3db6a44ce40,TX,48377,2,2022-11-09T01:00:00.000Z,FIPSCode,48377,0,2022-11-14T09:29:15.824Z,8,98.98,8,100,62962,1025,61.97,62492,550,33.25,63492,79,4.78,1671,99,1654,4047,8,8
1668418468,2022-11-14 03:34:28 -0600,7a6e9452f771c504f1fd2d58840f700a6304669c,TX,48377,2,2022-11-09T01:00:00.000Z,FIPSCode,48377,0,2022-11-14T09:29:15.824Z,8,98.98,8,100,62962,1025,61.97,62492,550,33.25,63492,79,4.78,1671,99,1654,4047,8,8
1668418501,2022-11-14 03:35:01 -0600,aa39095138350887cfde2a00245cfdb8573b41d2,TX,48377,2,2022-11-09T01:00:00.000Z,FIPSCode,48377,0,2022-11-14T09:29:15.824Z,8,98.98,8,100,62962,1025,61.97,62492,550,33.25,63492,79,4.78,1671,99,1654,4047,8,8
1668418525,2022-11-14 03:35:25 -0600,d64b9ddaa153b6bdd9fdcf4316c11d9ff985d21c,TX,48377,2,2022-11-09T01:00:00.000Z,FIPSCode,48377,0,2022-11-14T09:29:15.824Z,8,98.98,8,100,62962,1025,61.97,62492,550,33.25,63492,79,4.78,1671,99,1654,4047,8,8
1668418553,2022-11-14 03:35:53 -0600,7b83a264c87909b71821a00b9de81618318e139d,TX,48377,2,2022-11-09T01:00:00.000Z,FIPSCode,48377,0,2022-11-14T09:29:15.824Z,8,98.98,8,100,62962,1025,61.97,62492,550,33.25,63492,79,4.78,1671,99,1654,4047,8,8
1668418592,2022-11-14 03:36:32 -0600,51836acd4cade34001572603eb72b77949932e46,TX,48377,2,2022-11-09T01:00:00.000Z,FIPSCode,48377,0,2022-11-14T09:29:15.824Z,8,98.98,8,100,62962,1025,61.97,62492,550,33.25,63492,79,4.78,1671,99,1654,4047,8,8
1668418616,2022-11-14 03:36:56 -0600,23e119372e273e858f06882731d7d673f3359f30,TX,48377,2,2022-11-09T01:00:00.000Z,FIPSCode,48377,0,2022-11-14T09:29:15.824Z,8,98.98,8,100,62962,1025,61.97,62492,550,33.25,63492,79,4.78,1671,99,1654,4047,8,8
1668418650,2022-11-14 03:37:30 -0600,4bd41a63961cec63f53f8a7cb8e0c1c65a2755de,TX,48377,2,2022-11-09T01:00:00.000Z,FIPSCode,48377,0,2022-11-14T09:29:15.824Z,8,98.98,8,100,62962,1025,61.97,62492,550,33.25,63492,79,4.78,1671,99,1654,4047,8,8
1668418667,2022-11-14 03:37:47 -0600,f70ee86e2c67d81bc349593b895c840a0714e2ad,TX,48377,2,2022-11-09T01:00:00.000Z,FIPSCode,48377,0,2022-11-14T09:29:15.824Z,8,98.98,8,100,62962,1025,61.97,62492,550,33.25,63492,79,4.78,1671,99,1654,4047,8,8
1668418723,2022-11-14 03:38:43 -0600,723eeae319bc2601b6f3af0677411ab9e07c343e,TX,48377,2,2022-11-09T01:00:00.000Z,FIPSCode,48377,0,2022-11-14T09:29:15.824Z,8,98.98,8,100,62962,1025,61.97,62492,550,33.25,63492,79,4.78,1671,99,1654,4047,8,8
1668418735,2022-11-14 03:38:55 -0600,4760d5edb51a4748027623c3d6f39305ce06020b,TX,48377,2,2022-11-09T01:00:00.000Z,FIPSCode,48377,0,2022-11-14T09:29:15.824Z,8,98.98,8,100,62962,1025,61.97,62492,550,33.25,63492,79,4.78,1671,99,1654,4047,8,8
1668418746,2022-11-14 03:39:06 -0600,db6354be7614a5ee7dd1c5f656877472595460ac,TX,48377,2,2022-11-09T01:00:00.000Z,FIPSCode,48377,0,2022-11-14T09:29:15.824Z,8,98.98,8,100,62962,1025,61.97,62492,550,33.25,63492,79,4.78,1671,99,1654,4047,8,8
1668418763,2022-11-14 03:39:23 -0600,82ca962aa28ee318ffed0039e5c5e457e7c5e8b2,TX,48377,2,2022-11-09T01:00:00.000Z,FIPSCode,48377,0,2022-11-14T09:29:15.824Z,8,98.98,8,100,62962,1025,61.97,62492,550,33.25,63492,79,4.78,1671,99,1654,4047,8,8
1668418776,2022-11-14 03:39:36 -0600,6f6f127aacea39db1e1c981e2d9e809307f29736,TX,48377,2,2022-11-09T01:00:00.000Z,FIPSCode,48377,0,2022-11-14T09:29:15.824Z,8,98.98,8,100,62962,1025,61.97,62492,550,33.25,63492,79,4.78,1671,99,1654,4047,8,8
1668418828,2022-11-14 03:40:28 -0600,a9916fb939b823e0cad4f68906d11b15b7330371,TX,48377,2,2022-11-09T01:00:00.000Z,FIPSCode,48377,0,2022-11-14T09:29:15.824Z,8,98.98,8,100,62962,1025,61.97,62492,550,33.25,63492,79,4.78,1671,99,1654,4047,8,8
1668418835,2022-11-14 03:40:35 -0600,370f7e4aea60e8ff03be5d6307208c09b6bf1780,TX,48377,2,2022-11-09T01:00:00.000Z,FIPSCode,48377,0,2022-11-14T09:29:15.824Z,8,98.98,8,100,62962,1025,61.97,62492,550,33.25,63492,79,4.78,1671,99,1654,4047,8,8
1668418892,2022-11-14 03:41:32 -0600,fa13d33a940bc8fff3f094c7d057f5fc501d6c93,TX,48377,2,2022-11-09T01:00:00.000Z,FIPSCode,48377,0,2022-11-14T09:29:15.824Z,8,98.98,8,100,62962,1025,61.97,62492,550,33.25,63492,79,4.78,1671,99,1654,4047,8,8
1668418909,2022-11-14 03:41:49 -0600,94ff438d4c8c640fd9405a4891b09bd9b196a879,TX,48377,2,2022-11-09T01:00:00.000Z,FIPSCode,48377,0,2022-11-14T09:29:15.824Z,8,98.98,8,100,62962,1025,61.97,62492,550,33.25,63492,79,4.78,1671,99,1654,4047,8,8
1668418926,2022-11-14 03:42:06 -0600,80c4db6456d693fc775d52a39a3a80e2baf12014,TX,48377,2,2022-11-09T01:00:00.000Z,FIPSCode,48377,0,2022-11-14T09:29:15.824Z,8,98.98,8,100,62962,1025,61.97,62492,550,33.25,63492,79,4.78,1671,99,1654,4047,8,8
1668418953,2022-11-14 03:42:33 -0600,0e12a1c4938049c3720f89e9247954099ebf69fd,TX,48377,2,2022-11-09T01:00:00.000Z,FIPSCode,48377,0,2022-11-14T09:29:15.824Z,8,98.98,8,100,62962,1025,61.97,62492,550,33.25,63492,79,4.78,1671,99,1654,4047,8,8
1668418994,2022-11-14 03:43:14 -0600,cf47629c752198570b96d1140ef013ee39933f2b,TX,48377,2,2022-11-09T01:00:00.000Z,FIPSCode,48377,0,2022-11-14T09:29:15.824Z,8,98.98,8,100,62962,1025,61.97,62492,550,33.25,63492,79,4.78,1671,99,1654,4047,8,8
1668419022,2022-11-14 03:43:42 -0600,b2737020d44b33a276fd29d3894f4af9c8c4a922,TX,48377,2,2022-11-09T01:00:00.000Z,FIPSCode,48377,0,2022-11-14T09:29:15.824Z,8,98.98,8,100,62962,1025,61.97,62492,550,33.25,63492,79,4.78,1671,99,1654,4047,8,8
1668419052,2022-11-14 03:44:12 -0600,915c16e329e8bc43b382936e9a22f063b6ba7dad,TX,48377,2,2022-11-09T01:00:00.000Z,FIPSCode,48377,0,2022-11-14T09:29:15.824Z,8,98.98,8,100,62962,1025,61.97,62492,550,33.25,63492,79,4.78,1671,99,1654,4047,8,8
1668419069,2022-11-14 03:44:29 -0600,f09eff000cf06d9c3dabce12cd351219dff14213,TX,48377,2,2022-11-09T01:00:00.000Z,FIPSCode,48377,0,2022-11-14T09:29:15.824Z,8,98.98,8,100,62962,1025,61.97,62492,550,33.25,63492,79,4.78,1671,99,1654,4047,8,8
1668419086,2022-11-14 03:44:46 -0600,de9bd69016ac39e64c213b7da66108971311d81f,TX,48377,2,2022-11-09T01:00:00.000Z,FIPSCode,48377,0,2022-11-14T09:29:15.824Z,8,98.98,8,100,62962,1025,61.97,62492,550,33.25,63492,79,4.78,1671,99,1654,4047,8,8
1668419116,2022-11-14 03:45:16 -0600,bed25fced7eb7c83a1ce7a7f0bd6223ce3d48b1b,TX,48377,2,2022-11-09T01:00:00.000Z,FIPSCode,48377,0,2022-11-14T09:29:15.824Z,8,98.98,8,100,62962,1025,61.97,62492,550,33.25,63492,79,4.78,1671,99,1654,4047,8,8
1668419134,2022-11-14 03:45:34 -0600,31af3a478b4798aa792c4a4f3375179ff98d15ab,TX,48377,2,2022-11-09T01:00:00.000Z,FIPSCode,48377,0,2022-11-14T09:29:15.824Z,8,98.98,8,100,62962,1025,61.97,62492,550,33.25,63492,79,4.78,1671,99,1654,4047,8,8
1668419195,2022-11-14 03:46:35 -0600,c2335c2c19442bf1312314cf7d11c1d2a98e7cd2,TX,48377,2,2022-11-09T01:00:00.000Z,FIPSCode,48377,0,2022-11-14T09:29:15.824Z,8,98.98,8,100,62962,1025,61.97,62492,550,33.25,63492,79,4.78,1671,99,1654,4047,8,8
1668419252,2022-11-14 03:47:32 -0600,308904bdc7682962f392edfb5c5b0ddb1706c67a,TX,48377,2,2022-11-09T01:00:00.000Z,FIPSCode,48377,0,2022-11-14T09:29:15.824Z,8,98.98,8,100,62962,1025,61.97,62492,550,33.25,63492,79,4.78,1671,99,1654,4047,8,8
1668419275,2022-11-14 03:47:55 -0600,865e51d82fbd72dc4dfb0924dacaa3f216c1d4fe,TX,48377,2,2022-11-09T01:00:00.000Z,FIPSCode,48377,0,2022-11-14T09:29:15.824Z,8,98.98,8,100,62962,1025,61.97,62492,550,33.25,63492,79,4.78,1671,99,1654,4047,8,8
1668419310,2022-11-14 03:48:30 -0600,c94650346d39ae0723b3e9f99c7ab68416d44873,TX,48377,2,2022-11-09T01:00:00.000Z,FIPSCode,48377,0,2022-11-14T09:29:15.824Z,8,98.98,8,100,62962,1025,61.97,62492,550,33.25,63492,79,4.78,1671,99,1654,4047,8,8
1668419316,2022-11-14 03:48:36 -0600,b676c33d2a1bf30291b84c1753bc5fb9b7483c4a,TX,48377,2,2022-11-09T01:00:00.000Z,FIPSCode,48377,0,2022-11-14T09:29:15.824Z,8,98.98,8,100,62962,1025,61.97,62492,550,33.25,63492,79,4.78,1671,99,1654,4047,8,8
1668419339,2022-11-14 03:48:59 -0600,bb719df681977330166fd6af2cd2b0925ac18adb,TX,48377,2,2022-11-09T01:00:00.000Z,FIPSCode,48377,0,2022-11-14T09:29:15.824Z,8,98.98,8,100,62962,1025,61.97,62492,550,33.25,63492,79,4.78,1671,99,1654,4047,8,8
1668419373,2022-11-14 03:49:33 -0600,8d042c9d441badc9f0e464603ef81dc5726fb6d2,TX,48377,2,2022-11-09T01:00:00.000Z,FIPSCode,48377,0,2022-11-14T09:29:15.824Z,8,98.98,8,100,62962,1025,61.97,62492,550,33.25,63492,79,4.78,1671,99,1654,4047,8,8
1668419409,2022-11-14 03:50:09 -0600,b4a1c22d47f4e76456b414b2544d76f77d54b898,TX,48377,2,2022-11-09T01:00:00.000Z,FIPSCode,48377,0,2022-11-14T09:29:15.824Z,8,98.98,8,100,62962,1025,61.97,62492,550,33.25,63492,79,4.78,1671,99,1654,4047,8,8
1668419432,2022-11-14 03:50:32 -0600,9707005ab6635fc08295930c88538a0052e33f86,TX,48377,2,2022-11-09T01:00:00.000Z,FIPSCode,48377,0,2022-11-14T09:29:15.824Z,8,98.98,8,100,62962,1025,61.97,62492,550,33.25,63492,79,4.78,1671,99,1654,4047,8,8
1668419460,2022-11-14 03:51:00 -0600,60d87159409a6215f1306fef71ea24f18a8bbe9e,TX,48377,2,2022-11-09T01:00:00.000Z,FIPSCode,48377,0,2022-11-14T09:29:15.824Z,8,98.98,8,100,62962,1025,61.97,62492,550,33.25,63492,79,4.78,1671,99,1654,4047,8,8
1668419496,2022-11-14 03:51:36 -0600,fca8ebed05b9e1b3c997096bd0a06a8f4c6362e7,TX,48377,2,2022-11-09T01:00:00.000Z,FIPSCode,48377,0,2022-11-14T09:29:15.824Z,8,98.98,8,100,62962,1025,61.97,62492,550,33.25,63492,79,4.78,1671,99,1654,4047,8,8
1668419519,2022-11-14 03:51:59 -0600,101aa0cf3fe49881895772b0436deb4905191b37,TX,48377,2,2022-11-09T01:00:00.000Z,FIPSCode,48377,0,2022-11-14T09:29:15.824Z,8,98.98,8,100,62962,1025,61.97,62492,550,33.25,63492,79,4.78,1671,99,1654,4047,8,8
1668419552,2022-11-14 03:52:32 -0600,7f187d487aa9be24f739d3af91d654800b3370f5,TX,48377,2,2022-11-09T01:00:00.000Z,FIPSCode,48377,0,2022-11-14T09:29:15.824Z,8,98.98,8,100,62962,1025,61.97,62492,550,33.25,63492,79,4.78,1671,99,1654,4047,8,8
1668419586,2022-11-14 03:53:06 -0600,dfd8d1c42bf3c90f0d1747079d38cb0eb1433a3a,TX,48377,2,2022-11-09T01:00:00.000Z,FIPSCode,48377,0,2022-11-14T09:29:15.824Z,8,98.98,8,100,62962,1025,61.97,62492,550,33.25,63492,79,4.78,1671,99,1654,4047,8,8
1668419615,2022-11-14 03:53:35 -0600,d73e1e4ed89209d11563c02f5bb8d742ceb26ff8,TX,48377,2,2022-11-09T01:00:00.000Z,FIPSCode,48377,0,2022-11-14T09:29:15.824Z,8,98.98,8,100,62962,1025,61.97,62492,550,33.25,63492,79,4.78,1671,99,1654,4047,8,8
1668419678,2022-11-14 03:54:38 -0600,591c7d8b6660b3d65ede24cd9957a198fdc11443,TX,48377,2,2022-11-09T01:00:00.000Z,FIPSCode,48377,0,2022-11-14T09:29:15.824Z,8,98.98,8,100,62962,1025,61.97,62492,550,33.25,63492,79,4.78,1671,99,1654,4047,8,8
1668419769,2022-11-14 03:56:09 -0600,b612701e4c964014960d084190a120f09ca4c86f,TX,48377,2,2022-11-09T01:00:00.000Z,FIPSCode,48377,0,2022-11-14T09:29:15.824Z,8,98.98,8,100,62962,1025,61.97,62492,550,33.25,63492,79,4.78,1671,99,1654,4047,8,8
1668419787,2022-11-14 03:56:27 -0600,ff87a08a1109efe52c31b7e64908e635d48ffb58,TX,48377,2,2022-11-09T01:00:00.000Z,FIPSCode,48377,0,2022-11-14T09:29:15.824Z,8,98.98,8,100,62962,1025,61.97,62492,550,33.25,63492,79,4.78,1671,99,1654,4047,8,8
1668419834,2022-11-14 03:57:14 -0600,093fb5269264ea94b8c522fe0dcd04517e922494,TX,48377,2,2022-11-09T01:00:00.000Z,FIPSCode,48377,0,2022-11-14T09:29:15.824Z,8,98.98,8,100,62962,1025,61.97,62492,550,33.25,63492,79,4.78,1671,99,1654,4047,8,8
1668419852,2022-11-14 03:57:32 -0600,df34f0506abe5fc6ecb8c858e672bf2292e7f96c,TX,48377,2,2022-11-09T01:00:00.000Z,FIPSCode,48377,0,2022-11-14T09:29:15.824Z,8,98.98,8,100,62962,1025,61.97,62492,550,33.25,63492,79,4.78,1671,99,1654,4047,8,8
1668419885,2022-11-14 03:58:05 -0600,9085ab450367d1e9ef19d69f0ee64aff6fe029ff,TX,48377,2,2022-11-09T01:00:00.000Z,FIPSCode,48377,0,2022-11-14T09:29:15.824Z,8,98.98,8,100,62962,1025,61.97,62492,550,33.25,63492,79,4.78,1671,99,1654,4047,8,8
1668419913,2022-11-14 03:58:33 -0600,de2b89ff25399563c9092437912778996de3c8b1,TX,48377,2,2022-11-09T01:00:00.000Z,FIPSCode,48377,0,2022-11-14T09:29:15.824Z,8,98.98,8,100,62962,1025,61.97,62492,550,33.25,63492,79,4.78,1671,99,1654,4047,8,8
1668419944,2022-11-14 03:59:04 -0600,4cec06d31e4a9899f5f7860cf494df7c3fd841bf,TX,48377,2,2022-11-09T01:00:00.000Z,FIPSCode,48377,0,2022-11-14T09:29:15.824Z,8,98.98,8,100,62962,1025,61.97,62492,550,33.25,63492,79,4.78,1671,99,1654,4047,8,8
1668419973,2022-11-14 03:59:33 -0600,7b84bb99ed53afe5f68e92988080f05dbdfce661,TX,48377,2,2022-11-09T01:00:00.000Z,FIPSCode,48377,0,2022-11-14T09:29:15.824Z,8,98.98,8,100,62962,1025,61.97,62492,550,33.25,63492,79,4.78,1671,99,1654,4047,8,8
1668419996,2022-11-14 03:59:56 -0600,ef709fc530fba3604e09d040884e82daee7d23b3,TX,48377,2,2022-11-09T01:00:00.000Z,FIPSCode,48377,0,2022-11-14T09:29:15.824Z,8,98.98,8,100,62962,1025,61.97,62492,550,33.25,63492,79,4.78,1671,99,1654,4047,8,8
1668420030,2022-11-14 04:00:30 -0600,2bfa6d10ab5d3990d9b6d4f4804010081d9d9f65,TX,48377,2,2022-11-09T01:00:00.000Z,FIPSCode,48377,0,2022-11-14T09:29:15.824Z,8,98.98,8,100,62962,1025,61.97,62492,550,33.25,63492,79,4.78,1671,99,1654,4047,8,8
1668420053,2022-11-14 04:00:53 -0600,40374c7731e2fffa47934d3048dbd93765c75b1c,TX,48377,2,2022-11-09T01:00:00.000Z,FIPSCode,48377,0,2022-11-14T09:29:15.824Z,8,98.98,8,100,62962,1025,61.97,62492,550,33.25,63492,79,4.78,1671,99,1654,4047,8,8
1668420091,2022-11-14 04:01:31 -0600,6649d5e67f61d5595de34ce8b431a23ed43d5dc5,TX,48377,2,2022-11-09T01:00:00.000Z,FIPSCode,48377,0,2022-11-14T09:29:15.824Z,8,98.98,8,100,62962,1025,61.97,62492,550,33.25,63492,79,4.78,1671,99,1654,4047,8,8
1668420120,2022-11-14 04:02:00 -0600,4711524006a4d28160702f42e5b1c315e8e3547f,TX,48377,2,2022-11-09T01:00:00.000Z,FIPSCode,48377,0,2022-11-14T09:29:15.824Z,8,98.98,8,100,62962,1025,61.97,62492,550,33.25,63492,79,4.78,1671,99,1654,4047,8,8
1668420148,2022-11-14 04:02:28 -0600,def1b9d634a6b49e9a94c803d872ec58b0feba7f,TX,48377,2,2022-11-09T01:00:00.000Z,FIPSCode,48377,0,2022-11-14T09:29:15.824Z,8,98.98,8,100,62962,1025,61.97,62492,550,33.25,63492,79,4.78,1671,99,1654,4047,8,8
1668420160,2022-11-14 04:02:40 -0600,bf051a9d7a0b8e2e8f97bed8090e872485d5416d,TX,48377,2,2022-11-09T01:00:00.000Z,FIPSCode,48377,0,2022-11-14T09:29:15.824Z,8,98.98,8,100,62962,1025,61.97,62492,550,33.25,63492,79,4.78,1671,99,1654,4047,8,8
1668420183,2022-11-14 04:03:03 -0600,3353963630fe5ba7259a43f2617cda8d9becaa25,TX,48377,2,2022-11-09T01:00:00.000Z,FIPSCode,48377,0,2022-11-14T09:29:15.824Z,8,98.98,8,100,62962,1025,61.97,62492,550,33.25,63492,79,4.78,1671,99,1654,4047,8,8
1668420212,2022-11-14 04:03:32 -0600,2ada58514aa06445d4f6e55b2c7a034cd9338197,TX,48377,2,2022-11-09T01:00:00.000Z,FIPSCode,48377,0,2022-11-14T09:29:15.824Z,8,98.98,8,100,62962,1025,61.97,62492,550,33.25,63492,79,4.78,1671,99,1654,4047,8,8
1668420240,2022-11-14 04:04:00 -0600,dec0aa9ba3f91a00ebd95891d59f94d21eff41f4,TX,48377,2,2022-11-09T01:00:00.000Z,FIPSCode,48377,0,2022-11-14T09:29:15.824Z,8,98.98,8,100,62962,1025,61.97,62492,550,33.25,63492,79,4.78,1671,99,1654,4047,8,8
1668420275,2022-11-14 04:04:35 -0600,93c8c7445137d2bb7fcd71c9fe52186ed3787f46,TX,48377,2,2022-11-09T01:00:00.000Z,FIPSCode,48377,0,2022-11-14T09:29:15.824Z,8,98.98,8,100,62962,1025,61.97,62492,550,33.25,63492,79,4.78,1671,99,1654,4047,8,8
1668420292,2022-11-14 04:04:52 -0600,f6258957e0dc86fef80a6bb5a950dcec0af209db,TX,48377,2,2022-11-09T01:00:00.000Z,FIPSCode,48377,0,2022-11-14T09:29:15.824Z,8,98.98,8,100,62962,1025,61.97,62492,550,33.25,63492,79,4.78,1671,99,1654,4047,8,8
1668420310,2022-11-14 04:05:10 -0600,81f8d7b86a86c2374d127a7839b427bfdd1adc66,TX,48377,2,2022-11-09T01:00:00.000Z,FIPSCode,48377,0,2022-11-14T09:29:15.824Z,8,98.98,8,100,62962,1025,61.97,62492,550,33.25,63492,79,4.78,1671,99,1654,4047,8,8
1668420329,2022-11-14 04:05:29 -0600,746a7b776189082aa1e1b8ace61d74ed5892cd41,TX,48377,2,2022-11-09T01:00:00.000Z,FIPSCode,48377,0,2022-11-14T09:29:15.824Z,8,98.98,8,100,62962,1025,61.97,62492,550,33.25,63492,79,4.78,1671,99,1654,4047,8,8
1668420364,2022-11-14 04:06:04 -0600,28848b461462df129e52ab885956c492c0cd16cb,TX,48377,2,2022-11-09T01:00:00.000Z,FIPSCode,48377,0,2022-11-14T09:29:15.824Z,8,98.98,8,100,62962,1025,61.97,62492,550,33.25,63492,79,4.78,1671,99,1654,4047,8,8
1668420398,2022-11-14 04:06:38 -0600,4d89969eb148bb8d38e9c07f4600598ef5ef1be1,TX,48377,2,2022-11-09T01:00:00.000Z,FIPSCode,48377,0,2022-11-14T09:29:15.824Z,8,98.98,8,100,62962,1025,61.97,62492,550,33.25,63492,79,4.78,1671,99,1654,4047,8,8
1668420423,2022-11-14 04:07:03 -0600,a1acdc7293ba35ccfcada8675c310fe76146632d,TX,48377,2,2022-11-09T01:00:00.000Z,FIPSCode,48377,0,2022-11-14T09:29:15.824Z,8,98.98,8,100,62962,1025,61.97,62492,550,33.25,63492,79,4.78,1671,99,1654,4047,8,8
1668420434,2022-11-14 04:07:14 -0600,769e2e7075973ffd4147b15d6401a5cf7f3b99f9,TX,48377,2,2022-11-09T01:00:00.000Z,FIPSCode,48377,0,2022-11-14T09:29:15.824Z,8,98.98,8,100,62962,1025,61.97,62492,550,33.25,63492,79,4.78,1671,99,1654,4047,8,8
1668420457,2022-11-14 04:07:37 -0600,fb9cab7b6872f227158414c5f739a199e855655c,TX,48377,2,2022-11-09T01:00:00.000Z,FIPSCode,48377,0,2022-11-14T09:29:15.824Z,8,98.98,8,100,62962,1025,61.97,62492,550,33.25,63492,79,4.78,1671,99,1654,4047,8,8
1668420491,2022-11-14 04:08:11 -0600,2b85ead0b133c88507a7d2650162f3a3607ff0c4,TX,48377,2,2022-11-09T01:00:00.000Z,FIPSCode,48377,0,2022-11-14T09:29:15.824Z,8,98.98,8,100,62962,1025,61.97,62492,550,33.25,63492,79,4.78,1671,99,1654,4047,8,8
1668420513,2022-11-14 04:08:33 -0600,3dd3542bf7242fa4ae64d5d06dbbb7cdc1b98cdf,TX,48377,2,2022-11-09T01:00:00.000Z,FIPSCode,48377,0,2022-11-14T09:29:15.824Z,8,98.98,8,100,62962,1025,61.97,62492,550,33.25,63492,79,4.78,1671,99,1654,4047,8,8
1668420543,2022-11-14 04:09:03 -0600,1b5b4f7c6ee0b55870a86c7893650976e94dc4cf,TX,48377,2,2022-11-09T01:00:00.000Z,FIPSCode,48377,0,2022-11-14T09:29:15.824Z,8,98.98,8,100,62962,1025,61.97,62492,550,33.25,63492,79,4.78,1671,99,1654,4047,8,8
1668420577,2022-11-14 04:09:37 -0600,0f0cfcad387b88592d908c770300b30d63027aeb,TX,48377,2,2022-11-09T01:00:00.000Z,FIPSCode,48377,0,2022-11-14T09:29:15.824Z,8,98.98,8,100,62962,1025,61.97,62492,550,33.25,63492,79,4.78,1671,99,1654,4047,8,8
1668420611,2022-11-14 04:10:11 -0600,0e5614007293a694c397b418c29327df4d315abf,TX,48377,2,2022-11-09T01:00:00.000Z,FIPSCode,48377,0,2022-11-14T09:29:15.824Z,8,98.98,8,100,62962,1025,61.97,62492,550,33.25,63492,79,4.78,1671,99,1654,4047,8,8
1668420634,2022-11-14 04:10:34 -0600,eb37cd004c2b2c780bf3d8d2b999bb429c1272f4,TX,48377,2,2022-11-09T01:00:00.000Z,FIPSCode,48377,0,2022-11-14T09:29:15.824Z,8,98.98,8,100,62962,1025,61.97,62492,550,33.25,63492,79,4.78,1671,99,1654,4047,8,8
1668420656,2022-11-14 04:10:56 -0600,15321e93115638575a2b08f7ab31a9c5197e75b8,TX,48377,2,2022-11-09T01:00:00.000Z,FIPSCode,48377,0,2022-11-14T09:29:15.824Z,8,98.98,8,100,62962,1025,61.97,62492,550,33.25,63492,79,4.78,1671,99,1654,4047,8,8
1668420673,2022-11-14 04:11:13 -0600,5fe33fad6d7cf8e040dcc17b7d424f60a370485d,TX,48377,2,2022-11-09T01:00:00.000Z,FIPSCode,48377,0,2022-11-14T09:29:15.824Z,8,98.98,8,100,62962,1025,61.97,62492,550,33.25,63492,79,4.78,1671,99,1654,4047,8,8
1668420690,2022-11-14 04:11:30 -0600,9f42caed3ad8425238dd3597da6fbf9d81c8d259,TX,48377,2,2022-11-09T01:00:00.000Z,FIPSCode,48377,0,2022-11-14T09:29:15.824Z,8,98.98,8,100,62962,1025,61.97,62492,550,33.25,63492,79,4.78,1671,99,1654,4047,8,8
1668420745,2022-11-14 04:12:25 -0600,4472c120597a7f7cc65dcf7437819679eacd7737,TX,48377,2,2022-11-09T01:00:00.000Z,FIPSCode,48377,0,2022-11-14T09:29:15.824Z,8,98.98,8,100,62962,1025,61.97,62492,550,33.25,63492,79,4.78,1671,99,1654,4047,8,8
1668420757,2022-11-14 04:12:37 -0600,22b36e292919d06534492b5ac63bc98e3bb7bbad,TX,48377,2,2022-11-09T01:00:00.000Z,FIPSCode,48377,0,2022-11-14T09:29:15.824Z,8,98.98,8,100,62962,1025,61.97,62492,550,33.25,63492,79,4.78,1671,99,1654,4047,8,8
1668420785,2022-11-14 04:13:05 -0600,f9dae4032337efcbfcb6a02e0531f7414cf31304,TX,48377,2,2022-11-09T01:00:00.000Z,FIPSCode,48377,0,2022-11-14T09:29:15.824Z,8,98.98,8,100,62962,1025,61.97,62492,550,33.25,63492,79,4.78,1671,99,1654,4047,8,8
1668420819,2022-11-14 04:13:39 -0600,aa6689928d9824bb0a6469da4b3acfdc6316673b,TX,48377,2,2022-11-09T01:00:00.000Z,FIPSCode,48377,0,2022-11-14T09:29:15.824Z,8,98.98,8,100,62962,1025,61.97,62492,550,33.25,63492,79,4.78,1671,99,1654,4047,8,8
1668420847,2022-11-14 04:14:07 -0600,dcf09cd78f7e45209ab5b45715cb694636ffd25a,TX,48377,2,2022-11-09T01:00:00.000Z,FIPSCode,48377,0,2022-11-14T09:29:15.824Z,8,98.98,8,100,62962,1025,61.97,62492,550,33.25,63492,79,4.78,1671,99,1654,4047,8,8
1668420875,2022-11-14 04:14:35 -0600,31ea7b866ed76696c6e2870afe0b4712fe113f52,TX,48377,2,2022-11-09T01:00:00.000Z,FIPSCode,48377,0,2022-11-14T09:29:15.824Z,8,98.98,8,100,62962,1025,61.97,62492,550,33.25,63492,79,4.78,1671,99,1654,4047,8,8
1668420897,2022-11-14 04:14:57 -0600,d9548e51c44c0ee56eb186e02951a491e05895c6,TX,48377,2,2022-11-09T01:00:00.000Z,FIPSCode,48377,0,2022-11-14T09:29:15.824Z,8,98.98,8,100,62962,1025,61.97,62492,550,33.25,63492,79,4.78,1671,99,1654,4047,8,8
1668420914,2022-11-14 04:15:14 -0600,9d1fa63309a3048659cb546cc07d2df351b54ebb,TX,48377,2,2022-11-09T01:00:00.000Z,FIPSCode,48377,0,2022-11-14T09:29:15.824Z,8,98.98,8,100,62962,1025,61.97,62492,550,33.25,63492,79,4.78,1671,99,1654,4047,8,8
1668420932,2022-11-14 04:15:32 -0600,aa8178232212ccb62409350d06fc71716dd83640,TX,48377,2,2022-11-09T01:00:00.000Z,FIPSCode,48377,0,2022-11-14T09:29:15.824Z,8,98.98,8,100,62962,1025,61.97,62492,550,33.25,63492,79,4.78,1671,99,1654,4047,8,8
1668420967,2022-11-14 04:16:07 -0600,4476e2439c8991a37259f60c1743faa6d1113c3d,TX,48377,2,2022-11-09T01:00:00.000Z,FIPSCode,48377,0,2022-11-14T09:29:15.824Z,8,98.98,8,100,62962,1025,61.97,62492,550,33.25,63492,79,4.78,1671,99,1654,4047,8,8
1668420996,2022-11-14 04:16:36 -0600,669efc1e0c8383e292e9e1848fdc93b633bbff7e,TX,48377,2,2022-11-09T01:00:00.000Z,FIPSCode,48377,0,2022-11-14T09:29:15.824Z,8,98.98,8,100,62962,1025,61.97,62492,550,33.25,63492,79,4.78,1671,99,1654,4047,8,8
1668421013,2022-11-14 04:16:53 -0600,85f1acfdf4f1579edfc7e5c886acfef926391a69,TX,48377,2,2022-11-09T01:00:00.000Z,FIPSCode,48377,0,2022-11-14T09:29:15.824Z,8,98.98,8,100,62962,1025,61.97,62492,550,33.25,63492,79,4.78,1671,99,1654,4047,8,8
1668421059,2022-11-14 04:17:39 -0600,6891ec0353182c0919c7beb38d3436624dcafd9b,TX,48377,2,2022-11-09T01:00:00.000Z,FIPSCode,48377,0,2022-11-14T09:29:15.824Z,8,98.98,8,100,62962,1025,61.97,62492,550,33.25,63492,79,4.78,1671,99,1654,4047,8,8
1668421092,2022-11-14 04:18:12 -0600,c5d67a60bb88cfce3b255941d1379976a707ab51,TX,48377,2,2022-11-09T01:00:00.000Z,FIPSCode,48377,0,2022-11-14T09:29:15.824Z,8,98.98,8,100,62962,1025,61.97,62492,550,33.25,63492,79,4.78,1671,99,1654,4047,8,8
1668421117,2022-11-14 04:18:37 -0600,d722a97b4a428c673fa8bb2b21ee756221dbce90,TX,48377,2,2022-11-09T01:00:00.000Z,FIPSCode,48377,0,2022-11-14T09:29:15.824Z,8,98.98,8,100,62962,1025,61.97,62492,550,33.25,63492,79,4.78,1671,99,1654,4047,8,8
1668421140,2022-11-14 04:19:00 -0600,63129d7f40e7df49942711148e11f9f843b19761,TX,48377,2,2022-11-09T01:00:00.000Z,FIPSCode,48377,0,2022-11-14T09:29:15.824Z,8,98.98,8,100,62962,1025,61.97,62492,550,33.25,63492,79,4.78,1671,99,1654,4047,8,8
1668421151,2022-11-14 04:19:11 -0600,f3a56e8ccc437fc2473baed90a9d6060fd0f7aa1,TX,48377,2,2022-11-09T01:00:00.000Z,FIPSCode,48377,0,2022-11-14T09:29:15.824Z,8,98.98,8,100,62962,1025,61.97,62492,550,33.25,63492,79,4.78,1671,99,1654,4047,8,8
1668421169,2022-11-14 04:19:29 -0600,7994915b0f7cac112a7c6009cda6e4c8d444c7ae,TX,48377,2,2022-11-09T01:00:00.000Z,FIPSCode,48377,0,2022-11-14T09:29:15.824Z,8,98.98,8,100,62962,1025,61.97,62492,550,33.25,63492,79,4.78,1671,99,1654,4047,8,8
1668421203,2022-11-14 04:20:03 -0600,d7c4d387c7d86dac0f634e8a570c3cca07a6da13,TX,48377,2,2022-11-09T01:00:00.000Z,FIPSCode,48377,0,2022-11-14T09:29:15.824Z,8,98.98,8,100,62962,1025,61.97,62492,550,33.25,63492,79,4.78,1671,99,1654,4047,8,8
1668421232,2022-11-14 04:20:32 -0600,7451889e3974b78cb1540ac8a5c7736e9c825ce5,TX,48377,2,2022-11-09T01:00:00.000Z,FIPSCode,48377,0,2022-11-14T09:29:15.824Z,8,98.98,8,100,62962,1025,61.97,62492,550,33.25,63492,79,4.78,1671,99,1654,4047,8,8
1668421255,2022-11-14 04:20:55 -0600,6f4b9df1bfee9943d87cdf813c7adb391edb0172,TX,48377,2,2022-11-09T01:00:00.000Z,FIPSCode,48377,0,2022-11-14T09:29:15.824Z,8,98.98,8,100,62962,1025,61.97,62492,550,33.25,63492,79,4.78,1671,99,1654,4047,8,8
1668421272,2022-11-14 04:21:12 -0600,c108b746be7e24378be5470f72828be4a9b96fbc,TX,48377,2,2022-11-09T01:00:00.000Z,FIPSCode,48377,0,2022-11-14T09:29:15.824Z,8,98.98,8,100,62962,1025,61.97,62492,550,33.25,63492,79,4.78,1671,99,1654,4047,8,8
1668421295,2022-11-14 04:21:35 -0600,a1d68e6aed6955f68326e1130584a2432cc23346,TX,48377,2,2022-11-09T01:00:00.000Z,FIPSCode,48377,0,2022-11-14T09:29:15.824Z,8,98.98,8,100,62962,1025,61.97,62492,550,33.25,63492,79,4.78,1671,99,1654,4047,8,8
1668421306,2022-11-14 04:21:46 -0600,137ef9d5f86da99e3528d1cc52ef034614ba5bf1,TX,48377,2,2022-11-09T01:00:00.000Z,FIPSCode,48377,0,2022-11-14T09:29:15.824Z,8,98.98,8,100,62962,1025,61.97,62492,550,33.25,63492,79,4.78,1671,99,1654,4047,8,8
1668421318,2022-11-14 04:21:58 -0600,6f2e2bdbecb41a446747b5a6b6ede617eae4a4c1,TX,48377,2,2022-11-09T01:00:00.000Z,FIPSCode,48377,0,2022-11-14T09:29:15.824Z,8,98.98,8,100,62962,1025,61.97,62492,550,33.25,63492,79,4.78,1671,99,1654,4047,8,8
1668421347,2022-11-14 04:22:27 -0600,d72e204943e3936d46fca75293451d36db415950,TX,48377,2,2022-11-09T01:00:00.000Z,FIPSCode,48377,0,2022-11-14T09:29:15.824Z,8,98.98,8,100,62962,1025,61.97,62492,550,33.25,63492,79,4.78,1671,99,1654,4047,8,8
1668421388,2022-11-14 04:23:08 -0600,dc410acd8672febcaf432ea716eeba7dac6f0d77,TX,48377,2,2022-11-09T01:00:00.000Z,FIPSCode,48377,0,2022-11-14T09:29:15.824Z,8,98.98,8,100,62962,1025,61.97,62492,550,33.25,63492,79,4.78,1671,99,1654,4047,8,8
1668421478,2022-11-14 04:24:38 -0600,8116ef1620552c11f0b0f20f1b0fa03d434152bb,TX,48377,2,2022-11-09T01:00:00.000Z,FIPSCode,48377,0,2022-11-14T09:29:15.824Z,8,98.98,8,100,62962,1025,61.97,62492,550,33.25,63492,79,4.78,1671,99,1654,4047,8,8
1668421506,2022-11-14 04:25:06 -0600,2eedb8ea91d8ba7e7caa13eb0696ec218e7ccd86,TX,48377,2,2022-11-09T01:00:00.000Z,FIPSCode,48377,0,2022-11-14T09:29:15.824Z,8,98.98,8,100,62962,1025,61.97,62492,550,33.25,63492,79,4.78,1671,99,1654,4047,8,8
1668421535,2022-11-14 04:25:35 -0600,67c1f13f58638396b2c7a6d5aefd8a44c6264a28,TX,48377,2,2022-11-09T01:00:00.000Z,FIPSCode,48377,0,2022-11-14T09:29:15.824Z,8,98.98,8,100,62962,1025,61.97,62492,550,33.25,63492,79,4.78,1671,99,1654,4047,8,8
1668421563,2022-11-14 04:26:03 -0600,87488d4c313e505bb86e6c847a9fcb709622af36,TX,48377,2,2022-11-09T01:00:00.000Z,FIPSCode,48377,0,2022-11-14T09:29:15.824Z,8,98.98,8,100,62962,1025,61.97,62492,550,33.25,63492,79,4.78,1671,99,1654,4047,8,8
1668421603,2022-11-14 04:26:43 -0600,97ef4e40f811192e7c3564c129b517e4400892e8,TX,48377,2,2022-11-09T01:00:00.000Z,FIPSCode,48377,0,2022-11-14T09:29:15.824Z,8,98.98,8,100,62962,1025,61.97,62492,550,33.25,63492,79,4.78,1671,99,1654,4047,8,8
1668421609,2022-11-14 04:26:49 -0600,a33530230add410dca4532c48722ed7eeccb3a9e,TX,48377,2,2022-11-09T01:00:00.000Z,FIPSCode,48377,0,2022-11-14T09:29:15.824Z,8,98.98,8,100,62962,1025,61.97,62492,550,33.25,63492,79,4.78,1671,99,1654,4047,8,8
1668421627,2022-11-14 04:27:07 -0600,5b39c52396e138563e053364ab6c3730e679cf58,TX,48377,2,2022-11-09T01:00:00.000Z,FIPSCode,48377,0,2022-11-14T09:29:15.824Z,8,98.98,8,100,62962,1025,61.97,62492,550,33.25,63492,79,4.78,1671,99,1654,4047,8,8
1668421653,2022-11-14 04:27:33 -0600,6e8b0e5ec1084ddc4d48f38f9f4f590289de8bce,TX,48377,2,2022-11-09T01:00:00.000Z,FIPSCode,48377,0,2022-11-14T09:29:15.824Z,8,98.98,8,100,62962,1025,61.97,62492,550,33.25,63492,79,4.78,1671,99,1654,4047,8,8
1668421687,2022-11-14 04:28:07 -0600,5dab5452566d44633be2176a8b4e0012d9a66f16,TX,48377,2,2022-11-09T01:00:00.000Z,FIPSCode,48377,0,2022-11-14T09:29:15.824Z,8,98.98,8,100,62962,1025,61.97,62492,550,33.25,63492,79,4.78,1671,99,1654,4047,8,8
1668421716,2022-11-14 04:28:36 -0600,61dbca345c2aecebfbf9d6383dec4a0617eaf448,TX,48377,2,2022-11-09T01:00:00.000Z,FIPSCode,48377,0,2022-11-14T09:29:15.824Z,8,98.98,8,100,62962,1025,61.97,62492,550,33.25,63492,79,4.78,1671,99,1654,4047,8,8
1668421744,2022-11-14 04:29:04 -0600,2a383ab461f45538465cc7ff8eae77e4fcb1fbd8,TX,48377,2,2022-11-09T01:00:00.000Z,FIPSCode,48377,0,2022-11-14T09:29:15.824Z,8,98.98,8,100,62962,1025,61.97,62492,550,33.25,63492,79,4.78,1671,99,1654,4047,8,8
1668421779,2022-11-14 04:29:39 -0600,27c13ad80928be074b1ef869326b9cca9a4a75e9,TX,48377,2,2022-11-09T01:00:00.000Z,FIPSCode,48377,0,2022-11-14T09:29:15.824Z,8,98.98,8,100,62962,1025,61.97,62492,550,33.25,63492,79,4.78,1671,99,1654,4047,8,8
1668421801,2022-11-14 04:30:01 -0600,381b083d0fb05c0e36a2fcf2cb14df0b7eb11440,TX,48377,2,2022-11-09T01:00:00.000Z,FIPSCode,48377,0,2022-11-14T09:29:15.824Z,8,98.98,8,100,62962,1025,61.97,62492,550,33.25,63492,79,4.78,1671,99,1654,4047,8,8
1668421853,2022-11-14 04:30:53 -0600,0fab4d7a8a12dadb0d58f48ba21b003adc89b029,TX,48377,2,2022-11-09T01:00:00.000Z,FIPSCode,48377,0,2022-11-14T09:29:15.824Z,8,98.98,8,100,62962,1025,61.97,62492,550,33.25,63492,79,4.78,1671,99,1654,4047,8,8
1668421920,2022-11-14 04:32:00 -0600,100a46aa9adcfb9b7ad43a7e0606c00768dc3b57,TX,48377,2,2022-11-09T01:00:00.000Z,FIPSCode,48377,0,2022-11-14T09:29:15.824Z,8,98.98,8,100,62962,1025,61.97,62492,550,33.25,63492,79,4.78,1671,99,1654,4047,8,8
1668421984,2022-11-14 04:33:04 -0600,0ec6d4efc7ef26a58093e2f126e1866735f81069,TX,48377,2,2022-11-09T01:00:00.000Z,FIPSCode,48377,0,2022-11-14T09:29:15.824Z,8,98.98,8,100,62962,1025,61.97,62492,550,33.25,63492,79,4.78,1671,99,1654,4047,8,8
1668422014,2022-11-14 04:33:34 -0600,07d86e9a298c422a5d7ab2652587d0966e1bbf58,TX,48377,2,2022-11-09T01:00:00.000Z,FIPSCode,48377,0,2022-11-14T10:33:16.331Z,8,98.98,8,100,62962,1025,61.97,62492,550,33.25,63492,79,4.78,1671,99,1654,4047,8,8
1668422054,2022-11-14 04:34:14 -0600,ea1049265d56759c63348987db4221190da2bf48,TX,48377,2,2022-11-09T01:00:00.000Z,FIPSCode,48377,0,2022-11-14T10:33:16.331Z,8,98.98,8,100,62962,1025,61.97,62492,550,33.25,63492,79,4.78,1671,99,1654,4047,8,8
1668422071,2022-11-14 04:34:31 -0600,0f1361c5f90516891876446d2bd24fd1d076054b,TX,48377,2,2022-11-09T01:00:00.000Z,FIPSCode,48377,0,2022-11-14T10:34:16.668Z,8,98.98,8,100,62962,1025,61.97,62492,550,33.25,63492,79,4.78,1671,99,1654,4047,8,8
1668422101,2022-11-14 04:35:01 -0600,0707f0dd9e21760de5f980d9815cabf078cb8ca2,TX,48377,2,2022-11-09T01:00:00.000Z,FIPSCode,48377,0,2022-11-14T10:34:16.668Z,8,98.98,8,100,62962,1025,61.97,62492,550,33.25,63492,79,4.78,1671,99,1654,4047,8,8
1668422132,2022-11-14 04:35:32 -0600,026f81bbe76a368d793ef29f9558634809cef1e4,TX,48377,2,2022-11-09T01:00:00.000Z,FIPSCode,48377,0,2022-11-14T10:34:16.668Z,8,98.98,8,100,62962,1025,61.97,62492,550,33.25,63492,79,4.78,1671,99,1654,4047,8,8
1668422143,2022-11-14 04:35:43 -0600,fe7cf5cf761f5a9dbeb6325b4e39b2ea605bd3eb,TX,48377,2,2022-11-09T01:00:00.000Z,FIPSCode,48377,0,2022-11-14T10:35:17.822Z,8,98.98,8,100,62962,1025,61.97,62492,550,33.25,63492,79,4.78,1671,99,1654,4047,8,8
1668422171,2022-11-14 04:36:11 -0600,9f64610509162eed9fa69af420407a10450ae0ad,TX,48377,2,2022-11-09T01:00:00.000Z,FIPSCode,48377,0,2022-11-14T10:35:17.822Z,8,98.98,8,100,62962,1025,61.97,62492,550,33.25,63492,79,4.78,1671,99,1654,4047,8,8
1668422188,2022-11-14 04:36:28 -0600,ccee80f06bd6b7dae052b33382039c9c3ba14b9a,TX,48377,2,2022-11-09T01:00:00.000Z,FIPSCode,48377,0,2022-11-14T10:35:17.822Z,8,98.98,8,100,62962,1025,61.97,62492,550,33.25,63492,79,4.78,1671,99,1654,4047,8,8
1668422205,2022-11-14 04:36:45 -0600,0b6fba24f0dae7c0f84342f6ea73b5cd1bab7a7c,TX,48377,2,2022-11-09T01:00:00.000Z,FIPSCode,48377,0,2022-11-14T10:35:17.822Z,8,98.98,8,100,62962,1025,61.97,62492,550,33.25,63492,79,4.78,1671,99,1654,4047,8,8
1668422216,2022-11-14 04:36:56 -0600,17a9575930957d274ed29c96790818c98013317c,TX,48377,2,2022-11-09T01:00:00.000Z,FIPSCode,48377,0,2022-11-14T10:35:17.822Z,8,98.98,8,100,62962,1025,61.97,62492,550,33.25,63492,79,4.78,1671,99,1654,4047,8,8
1668422233,2022-11-14 04:37:13 -0600,a66dbc5b1b7679e92b0d2e17885a397249847722,TX,48377,2,2022-11-09T01:00:00.000Z,FIPSCode,48377,0,2022-11-14T10:35:17.822Z,8,98.98,8,100,62962,1025,61.97,62492,550,33.25,63492,79,4.78,1671,99,1654,4047,8,8
1668422355,2022-11-14 04:39:15 -0600,d4ca82bf788b28246a2417121863a0155f4d2837,TX,48377,2,2022-11-09T01:00:00.000Z,FIPSCode,48377,0,2022-11-14T10:35:17.822Z,8,98.98,8,100,62962,1025,61.97,62492,550,33.25,63492,79,4.78,1671,99,1654,4047,8,8
1668422372,2022-11-14 04:39:32 -0600,5babead0c99f47a055efff2424261d4c3898b2e1,TX,48377,2,2022-11-09T01:00:00.000Z,FIPSCode,48377,0,2022-11-14T10:35:17.822Z,8,98.98,8,100,62962,1025,61.97,62492,550,33.25,63492,79,4.78,1671,99,1654,4047,8,8
1668422397,2022-11-14 04:39:57 -0600,add58c6c3c76f5c67cd7eadf4a72a10f7bdc1114,TX,48377,2,2022-11-09T01:00:00.000Z,FIPSCode,48377,0,2022-11-14T10:35:17.822Z,8,98.98,8,100,62962,1025,61.97,62492,550,33.25,63492,79,4.78,1671,99,1654,4047,8,8
1668422424,2022-11-14 04:40:24 -0600,4a4a0d0be4d05b43cb66d3e8f46f460eff1f8232,TX,48377,2,2022-11-09T01:00:00.000Z,FIPSCode,48377,0,2022-11-14T10:35:17.822Z,8,98.98,8,100,62962,1025,61.97,62492,550,33.25,63492,79,4.78,1671,99,1654,4047,8,8
1668422431,2022-11-14 04:40:31 -0600,851811fcb0abf54e57cb0eaba58ca7eb4a9fa394,TX,48377,2,2022-11-09T01:00:00.000Z,FIPSCode,48377,0,2022-11-14T10:35:17.822Z,8,98.98,8,100,62962,1025,61.97,62492,550,33.25,63492,79,4.78,1671,99,1654,4047,8,8
1668422454,2022-11-14 04:40:54 -0600,6f097bb52e95485d556c90e4301fa32c6a4c69ec,TX,48377,2,2022-11-09T01:00:00.000Z,FIPSCode,48377,0,2022-11-14T10:35:17.822Z,8,98.98,8,100,62962,1025,61.97,62492,550,33.25,63492,79,4.78,1671,99,1654,4047,8,8
1668422495,2022-11-14 04:41:35 -0600,77dd0bd9666306138156258c5cba78ce4ed654a2,TX,48377,2,2022-11-09T01:00:00.000Z,FIPSCode,48377,0,2022-11-14T10:35:17.822Z,8,98.98,8,100,62962,1025,61.97,62492,550,33.25,63492,79,4.78,1671,99,1654,4047,8,8
1668422514,2022-11-14 04:41:54 -0600,044182e184c2286e80751742f38f372bb6dfa62d,TX,48377,2,2022-11-09T01:00:00.000Z,FIPSCode,48377,0,2022-11-14T10:35:17.822Z,8,98.98,8,100,62962,1025,61.97,62492,550,33.25,63492,79,4.78,1671,99,1654,4047,8,8
1668422555,2022-11-14 04:42:35 -0600,b7c3f6b11d25c1593c72e0e9a2e0991835067bb6,TX,48377,2,2022-11-09T01:00:00.000Z,FIPSCode,48377,0,2022-11-14T10:35:17.822Z,8,98.98,8,100,62962,1025,61.97,62492,550,33.25,63492,79,4.78,1671,99,1654,4047,8,8
1668422621,2022-11-14 04:43:41 -0600,2d499138cddf7e9385c17fbf9fb19d05206f9980,TX,48377,2,2022-11-09T01:00:00.000Z,FIPSCode,48377,0,2022-11-14T10:35:17.822Z,8,98.98,8,100,62962,1025,61.97,62492,550,33.25,63492,79,4.78,1671,99,1654,4047,8,8
1668422634,2022-11-14 04:43:54 -0600,407153264d404ead7d27fd148fcb6814b3400471,TX,48377,2,2022-11-09T01:00:00.000Z,FIPSCode,48377,0,2022-11-14T10:35:17.822Z,8,98.98,8,100,62962,1025,61.97,62492,550,33.25,63492,79,4.78,1671,99,1654,4047,8,8
1668422670,2022-11-14 04:44:30 -0600,83105c28a4b9612af7b416d9ebbf503b11a298cd,TX,48377,2,2022-11-09T01:00:00.000Z,FIPSCode,48377,0,2022-11-14T10:35:17.822Z,8,98.98,8,100,62962,1025,61.97,62492,550,33.25,63492,79,4.78,1671,99,1654,4047,8,8
1668422677,2022-11-14 04:44:37 -0600,f044d3a861854a1342b65e5875f7a67e1960c7d6,TX,48377,2,2022-11-09T01:00:00.000Z,FIPSCode,48377,0,2022-11-14T10:35:17.822Z,8,98.98,8,100,62962,1025,61.97,62492,550,33.25,63492,79,4.78,1671,99,1654,4047,8,8
1668422695,2022-11-14 04:44:55 -0600,b0ccd3f813eb448b5c4bab05c67e301a65a922f3,TX,48377,2,2022-11-09T01:00:00.000Z,FIPSCode,48377,0,2022-11-14T10:35:17.822Z,8,98.98,8,100,62962,1025,61.97,62492,550,33.25,63492,79,4.78,1671,99,1654,4047,8,8
1668422729,2022-11-14 04:45:29 -0600,c990284ecc65530003d942a362628beb00893eb2,TX,48377,2,2022-11-09T01:00:00.000Z,FIPSCode,48377,0,2022-11-14T10:35:17.822Z,8,98.98,8,100,62962,1025,61.97,62492,550,33.25,63492,79,4.78,1671,99,1654,4047,8,8
1668422759,2022-11-14 04:45:59 -0600,0d52df2fcd2aa4f90bfb125169e51c0cc4284e68,TX,48377,2,2022-11-09T01:00:00.000Z,FIPSCode,48377,0,2022-11-14T10:35:17.822Z,8,98.98,8,100,62962,1025,61.97,62492,550,33.25,63492,79,4.78,1671,99,1654,4047,8,8
1668422788,2022-11-14 04:46:28 -0600,d5f2a6ad2c6716ef8ca2d1d4bbe6353ec5eb07ae,TX,48377,2,2022-11-09T01:00:00.000Z,FIPSCode,48377,0,2022-11-14T10:35:17.822Z,8,98.98,8,100,62962,1025,61.97,62492,550,33.25,63492,79,4.78,1671,99,1654,4047,8,8
1668422816,2022-11-14 04:46:56 -0600,541da67f970fddf0e3d97f648ab66e32a9872504,TX,48377,2,2022-11-09T01:00:00.000Z,FIPSCode,48377,0,2022-11-14T10:35:17.822Z,8,98.98,8,100,62962,1025,61.97,62492,550,33.25,63492,79,4.78,1671,99,1654,4047,8,8
1668422856,2022-11-14 04:47:36 -0600,2542a1256750a79403e2064d206d10c80f7aea30,TX,48377,2,2022-11-09T01:00:00.000Z,FIPSCode,48377,0,2022-11-14T10:35:17.822Z,8,98.98,8,100,62962,1025,61.97,62492,550,33.25,63492,79,4.78,1671,99,1654,4047,8,8
1668422874,2022-11-14 04:47:54 -0600,d7ca1dd012f43761c8474d78fa8bb6bc326bc22b,TX,48377,2,2022-11-09T01:00:00.000Z,FIPSCode,48377,0,2022-11-14T10:35:17.822Z,8,98.98,8,100,62962,1025,61.97,62492,550,33.25,63492,79,4.78,1671,99,1654,4047,8,8
1668422914,2022-11-14 04:48:34 -0600,cc542430bb3b749cd90ffcb69c7be3ef68fb8466,TX,48377,2,2022-11-09T01:00:00.000Z,FIPSCode,48377,0,2022-11-14T10:35:17.822Z,8,98.98,8,100,62962,1025,61.97,62492,550,33.25,63492,79,4.78,1671,99,1654,4047,8,8
1668422966,2022-11-14 04:49:26 -0600,2283decd18dabedeeff7ea95c2b0972b43f6ccc8,TX,48377,2,2022-11-09T01:00:00.000Z,FIPSCode,48377,0,2022-11-14T10:35:17.822Z,8,98.98,8,100,62962,1025,61.97,62492,550,33.25,63492,79,4.78,1671,99,1654,4047,8,8
1668423040,2022-11-14 04:50:40 -0600,1019e2e09fbca69dd89249d706ebde88ccb01d10,TX,48377,2,2022-11-09T01:00:00.000Z,FIPSCode,48377,0,2022-11-14T10:50:16.275Z,8,98.98,8,100,62962,1025,61.97,62492,550,33.25,63492,79,4.78,1671,99,1654,4047,8,8
1668423051,2022-11-14 04:50:51 -0600,7ec85ef939c2ae7e53e541d2e9097f24cd20bc47,TX,48377,2,2022-11-09T01:00:00.000Z,FIPSCode,48377,0,2022-11-14T10:50:16.275Z,8,98.98,8,100,62962,1025,61.97,62492,550,33.25,63492,79,4.78,1671,99,1654,4047,8,8
1668423091,2022-11-14 04:51:31 -0600,2d4ece58d615fa4d6c398137aba26d57486fbe53,TX,48377,2,2022-11-09T01:00:00.000Z,FIPSCode,48377,0,2022-11-14T10:51:16.655Z,8,98.98,8,100,62962,1025,61.97,62492,550,33.25,63492,79,4.78,1671,99,1654,4047,8,8
1668423108,2022-11-14 04:51:48 -0600,a1a91446ee2401752cb9893a110a1b14a85dfbc5,TX,48377,2,2022-11-09T01:00:00.000Z,FIPSCode,48377,0,2022-11-14T10:51:16.655Z,8,98.98,8,100,62962,1025,61.97,62492,550,33.25,63492,79,4.78,1671,99,1654,4047,8,8
1668423152,2022-11-14 04:52:32 -0600,a689b41abf78edee1442c6d866d82edce857e0c3,TX,48377,2,2022-11-09T01:00:00.000Z,FIPSCode,48377,0,2022-11-14T10:52:16.436Z,8,98.98,8,100,62962,1025,61.97,62492,550,33.25,63492,79,4.78,1671,99,1654,4047,8,8
1668423163,2022-11-14 04:52:43 -0600,c3214b7540f2ec0bc28357c2086be83b2ac6b0c0,TX,48377,2,2022-11-09T01:00:00.000Z,FIPSCode,48377,0,2022-11-14T10:52:16.436Z,8,98.98,8,100,62962,1025,61.97,62492,550,33.25,63492,79,4.78,1671,99,1654,4047,8,8
1668423181,2022-11-14 04:53:01 -0600,bc06512afd8fbca790a4cac79d65ab6fa64813ae,TX,48377,2,2022-11-09T01:00:00.000Z,FIPSCode,48377,0,2022-11-14T10:52:16.436Z,8,98.98,8,100,62962,1025,61.97,62492,550,33.25,63492,79,4.78,1671,99,1654,4047,8,8
1668423215,2022-11-14 04:53:35 -0600,0e847413f6a9e744c48b00e3731bb6e57ece28da,TX,48377,2,2022-11-09T01:00:00.000Z,FIPSCode,48377,0,2022-11-14T10:52:16.436Z,8,98.98,8,100,62962,1025,61.97,62492,550,33.25,63492,79,4.78,1671,99,1654,4047,8,8
1668423244,2022-11-14 04:54:04 -0600,2c4fab0ed8a4972968f2a2884a4424df451ff14e,TX,48377,2,2022-11-09T01:00:00.000Z,FIPSCode,48377,0,2022-11-14T10:52:16.436Z,8,98.98,8,100,62962,1025,61.97,62492,550,33.25,63492,79,4.78,1671,99,1654,4047,8,8
1668423266,2022-11-14 04:54:26 -0600,bba9cdc0f3abf861acb377e6bc33c83b7855e6df,TX,48377,2,2022-11-09T01:00:00.000Z,FIPSCode,48377,0,2022-11-14T10:52:16.436Z,8,98.98,8,100,62962,1025,61.97,62492,550,33.25,63492,79,4.78,1671,99,1654,4047,8,8
1668423279,2022-11-14 04:54:39 -0600,d860dd8b98d603853da980556f69047cecd6255f,TX,48377,2,2022-11-09T01:00:00.000Z,FIPSCode,48377,0,2022-11-14T10:52:16.436Z,8,98.98,8,100,62962,1025,61.97,62492,550,33.25,63492,79,4.78,1671,99,1654,4047,8,8
1668423309,2022-11-14 04:55:09 -0600,694d7f7b2f7af7623bc5ba651d5be75940b98c0f,TX,48377,2,2022-11-09T01:00:00.000Z,FIPSCode,48377,0,2022-11-14T10:52:16.436Z,8,98.98,8,100,62962,1025,61.97,62492,550,33.25,63492,79,4.78,1671,99,1654,4047,8,8
1668423332,2022-11-14 04:55:32 -0600,1597a5873b46a0756c55a22267855e0112ac8b21,TX,48377,2,2022-11-09T01:00:00.000Z,FIPSCode,48377,0,2022-11-14T10:52:16.436Z,8,98.98,8,100,62962,1025,61.97,62492,550,33.25,63492,79,4.78,1671,99,1654,4047,8,8
1668423355,2022-11-14 04:55:55 -0600,c8a05ed96692ff018c19c9895d91e61511af119d,TX,48377,2,2022-11-09T01:00:00.000Z,FIPSCode,48377,0,2022-11-14T10:52:16.436Z,8,98.98,8,100,62962,1025,61.97,62492,550,33.25,63492,79,4.78,1671,99,1654,4047,8,8
1668423371,2022-11-14 04:56:11 -0600,dbb04cea74d98c2b52ce3cf01d738f4f08ed74ee,TX,48377,2,2022-11-09T01:00:00.000Z,FIPSCode,48377,0,2022-11-14T10:52:16.436Z,8,98.98,8,100,62962,1025,61.97,62492,550,33.25,63492,79,4.78,1671,99,1654,4047,8,8
1668423388,2022-11-14 04:56:28 -0600,03814db6257a3462423e8f1e790630d0dd0feaf4,TX,48377,2,2022-11-09T01:00:00.000Z,FIPSCode,48377,0,2022-11-14T10:52:16.436Z,8,98.98,8,100,62962,1025,61.97,62492,550,33.25,63492,79,4.78,1671,99,1654,4047,8,8
1668423434,2022-11-14 04:57:14 -0600,b7f46bee4025b2b45081d91ee75b7fd0e1b2c1fe,TX,48377,2,2022-11-09T01:00:00.000Z,FIPSCode,48377,0,2022-11-14T10:52:16.436Z,8,98.98,8,100,62962,1025,61.97,62492,550,33.25,63492,79,4.78,1671,99,1654,4047,8,8
1668423457,2022-11-14 04:57:37 -0600,2c1fec9aefe4fd512f8e6678e5d9f65fe27df804,TX,48377,2,2022-11-09T01:00:00.000Z,FIPSCode,48377,0,2022-11-14T10:52:16.436Z,8,98.98,8,100,62962,1025,61.97,62492,550,33.25,63492,79,4.78,1671,99,1654,4047,8,8
1668423496,2022-11-14 04:58:16 -0600,167e1dadb107bcd7205566610ab679190ab327b6,TX,48377,2,2022-11-09T01:00:00.000Z,FIPSCode,48377,0,2022-11-14T10:52:16.436Z,8,98.98,8,100,62962,1025,61.97,62492,550,33.25,63492,79,4.78,1671,99,1654,4047,8,8
1668423514,2022-11-14 04:58:34 -0600,b0df13da8c28b56ce7bd50f4703cd98ad1cc5fd3,TX,48377,2,2022-11-09T01:00:00.000Z,FIPSCode,48377,0,2022-11-14T10:52:16.436Z,8,98.98,8,100,62962,1025,61.97,62492,550,33.25,63492,79,4.78,1671,99,1654,4047,8,8
1668423542,2022-11-14 04:59:02 -0600,5dde8a325b219479e51da2f597d99e663a883224,TX,48377,2,2022-11-09T01:00:00.000Z,FIPSCode,48377,0,2022-11-14T10:52:16.436Z,8,98.98,8,100,62962,1025,61.97,62492,550,33.25,63492,79,4.78,1671,99,1654,4047,8,8
1668423571,2022-11-14 04:59:31 -0600,87788404a2c8886aedf97d8f73ea356e8a1514ec,TX,48377,2,2022-11-09T01:00:00.000Z,FIPSCode,48377,0,2022-11-14T10:52:16.436Z,8,98.98,8,100,62962,1025,61.97,62492,550,33.25,63492,79,4.78,1671,99,1654,4047,8,8
1668423601,2022-11-14 05:00:01 -0600,b0852a4fdea569d448fbe9ceeede7d837885d26c,TX,48377,2,2022-11-09T01:00:00.000Z,FIPSCode,48377,0,2022-11-14T10:52:16.436Z,8,98.98,8,100,62962,1025,61.97,62492,550,33.25,63492,79,4.78,1671,99,1654,4047,8,8
1668423633,2022-11-14 05:00:33 -0600,7e1e44966fe520f3fbfc8b5f0d755e1edf268e36,TX,48377,2,2022-11-09T01:00:00.000Z,FIPSCode,48377,0,2022-11-14T10:52:16.436Z,8,98.98,8,100,62962,1025,61.97,62492,550,33.25,63492,79,4.78,1671,99,1654,4047,8,8
1668423644,2022-11-14 05:00:44 -0600,a1e91d2ef35213b2914badb292afea6187e3db57,TX,48377,2,2022-11-09T01:00:00.000Z,FIPSCode,48377,0,2022-11-14T11:00:17.884Z,8,98.98,8,100,62962,1025,61.97,62492,550,33.25,63492,79,4.78,1671,99,1654,4047,8,8
1668423656,2022-11-14 05:00:56 -0600,d0fcbc35ca172893d60612716dc993630f419c5a,TX,48377,2,2022-11-09T01:00:00.000Z,FIPSCode,48377,0,2022-11-14T11:00:17.884Z,8,98.98,8,100,62962,1025,61.97,62492,550,33.25,63492,79,4.78,1671,99,1654,4047,8,8
1668423695,2022-11-14 05:01:35 -0600,bc9334c4088c2b7533a24d29aa132ad3ad1656b3,TX,48377,2,2022-11-09T01:00:00.000Z,FIPSCode,48377,0,2022-11-14T11:01:16.866Z,8,98.98,8,100,62962,1025,61.97,62492,550,33.25,63492,79,4.78,1671,99,1654,4047,8,8
1668423730,2022-11-14 05:02:10 -0600,711f7b711d69a90a9bb9122148ac324b7c3eeac6,TX,48377,2,2022-11-09T01:00:00.000Z,FIPSCode,48377,0,2022-11-14T11:01:16.866Z,8,98.98,8,100,62962,1025,61.97,62492,550,33.25,63492,79,4.78,1671,99,1654,4047,8,8
1668423753,2022-11-14 05:02:33 -0600,ab4305be5ac1b1b3c61de5dc7afbb81e2c9180d2,TX,48377,2,2022-11-09T01:00:00.000Z,FIPSCode,48377,0,2022-11-14T11:02:17.282Z,8,98.98,8,100,62962,1025,61.97,62492,550,33.25,63492,79,4.78,1671,99,1654,4047,8,8
1668423815,2022-11-14 05:03:35 -0600,1a5c8d59d6f1cb6bf4047cd0a7aac215849e3f02,TX,48377,2,2022-11-09T01:00:00.000Z,FIPSCode,48377,0,2022-11-14T11:03:17.641Z,8,98.98,8,100,62962,1025,61.97,62492,550,33.25,63492,79,4.78,1671,99,1654,4047,8,8
1668423930,2022-11-14 05:05:30 -0600,e41e96f534323fad3bcb946db2509ec9af11fde7,TX,48377,2,2022-11-09T01:00:00.000Z,FIPSCode,48377,0,2022-11-14T11:03:17.641Z,8,98.98,8,100,62962,1025,61.97,62492,550,33.25,63492,79,4.78,1671,99,1654,4047,8,8
1668423989,2022-11-14 05:06:29 -0600,b13a8a29f54f2fc7313dca7f0ed712c0610e4a54,TX,48377,2,2022-11-09T01:00:00.000Z,FIPSCode,48377,0,2022-11-14T11:03:17.641Z,8,98.98,8,100,62962,1025,61.97,62492,550,33.25,63492,79,4.78,1671,99,1654,4047,8,8
1668424012,2022-11-14 05:06:52 -0600,937032e27cda36fe16edcc94e9ae86e17301f136,TX,48377,2,2022-11-09T01:00:00.000Z,FIPSCode,48377,0,2022-11-14T11:03:17.641Z,8,98.98,8,100,62962,1025,61.97,62492,550,33.25,63492,79,4.78,1671,99,1654,4047,8,8
1668424052,2022-11-14 05:07:32 -0600,732b598d2cb65d60bfd58e2e0978979de1698c56,TX,48377,2,2022-11-09T01:00:00.000Z,FIPSCode,48377,0,2022-11-14T11:03:17.641Z,8,98.98,8,100,62962,1025,61.97,62492,550,33.25,63492,79,4.78,1671,99,1654,4047,8,8
1668424064,2022-11-14 05:07:44 -0600,88d919104af6d08d82f1bc4f47af97409703da0d,TX,48377,2,2022-11-09T01:00:00.000Z,FIPSCode,48377,0,2022-11-14T11:03:17.641Z,8,98.98,8,100,62962,1025,61.97,62492,550,33.25,63492,79,4.78,1671,99,1654,4047,8,8
1668424087,2022-11-14 05:08:07 -0600,73da8617abe896ccb29fa3b439780c79be13f366,TX,48377,2,2022-11-09T01:00:00.000Z,FIPSCode,48377,0,2022-11-14T11:03:17.641Z,8,98.98,8,100,62962,1025,61.97,62492,550,33.25,63492,79,4.78,1671,99,1654,4047,8,8
1668424116,2022-11-14 05:08:36 -0600,c5172be2c01f3c7cd4c783d74a52095e14be5048,TX,48377,2,2022-11-09T01:00:00.000Z,FIPSCode,48377,0,2022-11-14T11:03:17.641Z,8,98.98,8,100,62962,1025,61.97,62492,550,33.25,63492,79,4.78,1671,99,1654,4047,8,8
1668424128,2022-11-14 05:08:48 -0600,54edb261ff7560ea758a2c11d9ab0d1affbbbe6c,TX,48377,2,2022-11-09T01:00:00.000Z,FIPSCode,48377,0,2022-11-14T11:03:17.641Z,8,98.98,8,100,62962,1025,61.97,62492,550,33.25,63492,79,4.78,1671,99,1654,4047,8,8
1668424167,2022-11-14 05:09:27 -0600,3a0fcfcc2b580420295a3a455603f41e218dff32,TX,48377,2,2022-11-09T01:00:00.000Z,FIPSCode,48377,0,2022-11-14T11:03:17.641Z,8,98.98,8,100,62962,1025,61.97,62492,550,33.25,63492,79,4.78,1671,99,1654,4047,8,8
1668424179,2022-11-14 05:09:39 -0600,3e009fa44009d2ace5ab6eea7d6289e03d8fdfe3,TX,48377,2,2022-11-09T01:00:00.000Z,FIPSCode,48377,0,2022-11-14T11:03:17.641Z,8,98.98,8,100,62962,1025,61.97,62492,550,33.25,63492,79,4.78,1671,99,1654,4047,8,8
1668424237,2022-11-14 05:10:37 -0600,8d696b6c97da0c47a35861762911c62f4ff8fb1a,TX,48377,2,2022-11-09T01:00:00.000Z,FIPSCode,48377,0,2022-11-14T11:03:17.641Z,8,98.98,8,100,62962,1025,61.97,62492,550,33.25,63492,79,4.78,1671,99,1654,4047,8,8
1668424266,2022-11-14 05:11:06 -0600,50a81769d5c37feb928e10095ad43cca3f34d219,TX,48377,2,2022-11-09T01:00:00.000Z,FIPSCode,48377,0,2022-11-14T11:03:17.641Z,8,98.98,8,100,62962,1025,61.97,62492,550,33.25,63492,79,4.78,1671,99,1654,4047,8,8
1668424301,2022-11-14 05:11:41 -0600,6e928bf5838610950b4bb3326632d92e2ddae8fc,TX,48377,2,2022-11-09T01:00:00.000Z,FIPSCode,48377,0,2022-11-14T11:03:17.641Z,8,98.98,8,100,62962,1025,61.97,62492,550,33.25,63492,79,4.78,1671,99,1654,4047,8,8
1668424338,2022-11-14 05:12:18 -0600,7ec4d8aae5433b857eef0b356245ee2d0a3b93b1,TX,48377,2,2022-11-09T01:00:00.000Z,FIPSCode,48377,0,2022-11-14T11:03:17.641Z,8,98.98,8,100,62962,1025,61.97,62492,550,33.25,63492,79,4.78,1671,99,1654,4047,8,8
1668424361,2022-11-14 05:12:41 -0600,6b1b432ab1f2a40f047f9439af4fb21f6ec471f9,TX,48377,2,2022-11-09T01:00:00.000Z,FIPSCode,48377,0,2022-11-14T11:03:17.641Z,8,98.98,8,100,62962,1025,61.97,62492,550,33.25,63492,79,4.78,1671,99,1654,4047,8,8
1668424379,2022-11-14 05:12:59 -0600,f326bcf12ce959fbbe8bb2f7173e327d7730e0e9,TX,48377,2,2022-11-09T01:00:00.000Z,FIPSCode,48377,0,2022-11-14T11:03:17.641Z,8,98.98,8,100,62962,1025,61.97,62492,550,33.25,63492,79,4.78,1671,99,1654,4047,8,8
1668424409,2022-11-14 05:13:29 -0600,316164d06b22b401f2860aaa358a7ec4271fc598,TX,48377,2,2022-11-09T01:00:00.000Z,FIPSCode,48377,0,2022-11-14T11:03:17.641Z,8,98.98,8,100,62962,1025,61.97,62492,550,33.25,63492,79,4.78,1671,99,1654,4047,8,8
1668424448,2022-11-14 05:14:08 -0600,e8cea80b2a41b729700ef91ed23c62a18a74b1d0,TX,48377,2,2022-11-09T01:00:00.000Z,FIPSCode,48377,0,2022-11-14T11:03:17.641Z,8,98.98,8,100,62962,1025,61.97,62492,550,33.25,63492,79,4.78,1671,99,1654,4047,8,8
1668424466,2022-11-14 05:14:26 -0600,473a4c77ad0dbf710b6237ea48651b3565fc7627,TX,48377,2,2022-11-09T01:00:00.000Z,FIPSCode,48377,0,2022-11-14T11:03:17.641Z,8,98.98,8,100,62962,1025,61.97,62492,550,33.25,63492,79,4.78,1671,99,1654,4047,8,8
1668424472,2022-11-14 05:14:32 -0600,0cdedf029d02a377be5f81e66b795c9f26bc218a,TX,48377,2,2022-11-09T01:00:00.000Z,FIPSCode,48377,0,2022-11-14T11:03:17.641Z,8,98.98,8,100,62962,1025,61.97,62492,550,33.25,63492,79,4.78,1671,99,1654,4047,8,8
1668424536,2022-11-14 05:15:36 -0600,2e9c737818e0912b77277d6ca0d9058918e45e3b,TX,48377,2,2022-11-09T01:00:00.000Z,FIPSCode,48377,0,2022-11-14T11:03:17.641Z,8,98.98,8,100,62962,1025,61.97,62492,550,33.25,63492,79,4.78,1671,99,1654,4047,8,8
1668424575,2022-11-14 05:16:15 -0600,0466555204efec7ba080eba34de826fc90081fda,TX,48377,2,2022-11-09T01:00:00.000Z,FIPSCode,48377,0,2022-11-14T11:03:17.641Z,8,98.98,8,100,62962,1025,61.97,62492,550,33.25,63492,79,4.78,1671,99,1654,4047,8,8
1668424592,2022-11-14 05:16:32 -0600,b9743e5554f6a3733c91c353ef26ebdb26ceea71,TX,48377,2,2022-11-09T01:00:00.000Z,FIPSCode,48377,0,2022-11-14T11:03:17.641Z,8,98.98,8,100,62962,1025,61.97,62492,550,33.25,63492,79,4.78,1671,99,1654,4047,8,8
1668424621,2022-11-14 05:17:01 -0600,73fd9c0f258d8b07aa8a4ba528833a1df52b2941,TX,48377,2,2022-11-09T01:00:00.000Z,FIPSCode,48377,0,2022-11-14T11:03:17.641Z,8,98.98,8,100,62962,1025,61.97,62492,550,33.25,63492,79,4.78,1671,99,1654,4047,8,8
1668424661,2022-11-14 05:17:41 -0600,28c89d57448d3b17d78f9f2a0160fd44398e3db7,TX,48377,2,2022-11-09T01:00:00.000Z,FIPSCode,48377,0,2022-11-14T11:03:17.641Z,8,98.98,8,100,62962,1025,61.97,62492,550,33.25,63492,79,4.78,1671,99,1654,4047,8,8
1668424684,2022-11-14 05:18:04 -0600,b207249af86b3fbc4c0bc51fc642b28354b6f848,TX,48377,2,2022-11-09T01:00:00.000Z,FIPSCode,48377,0,2022-11-14T11:03:17.641Z,8,98.98,8,100,62962,1025,61.97,62492,550,33.25,63492,79,4.78,1671,99,1654,4047,8,8
1668424711,2022-11-14 05:18:31 -0600,df018295bcdd4f57229491843eef300f54d9bfc1,TX,48377,2,2022-11-09T01:00:00.000Z,FIPSCode,48377,0,2022-11-14T11:03:17.641Z,8,98.98,8,100,62962,1025,61.97,62492,550,33.25,63492,79,4.78,1671,99,1654,4047,8,8
1668424747,2022-11-14 05:19:07 -0600,4ed55f4e806424cc6dff35fe14acab126ac7f4b9,TX,48377,2,2022-11-09T01:00:00.000Z,FIPSCode,48377,0,2022-11-14T11:03:17.641Z,8,98.98,8,100,62962,1025,61.97,62492,550,33.25,63492,79,4.78,1671,99,1654,4047,8,8
1668424769,2022-11-14 05:19:29 -0600,c1992eae2ded829c9234a2efe3535b719d9e306f,TX,48377,2,2022-11-09T01:00:00.000Z,FIPSCode,48377,0,2022-11-14T11:03:17.641Z,8,98.98,8,100,62962,1025,61.97,62492,550,33.25,63492,79,4.78,1671,99,1654,4047,8,8
1668424808,2022-11-14 05:20:08 -0600,dc67e7e3d571631c41a60dc76cf1d34d147ed430,TX,48377,2,2022-11-09T01:00:00.000Z,FIPSCode,48377,0,2022-11-14T11:03:17.641Z,8,98.98,8,100,62962,1025,61.97,62492,550,33.25,63492,79,4.78,1671,99,1654,4047,8,8
1668424837,2022-11-14 05:20:37 -0600,950aba95ad6e1caa2c6913f3923ce189f7ec3764,TX,48377,2,2022-11-09T01:00:00.000Z,FIPSCode,48377,0,2022-11-14T11:03:17.641Z,8,98.98,8,100,62962,1025,61.97,62492,550,33.25,63492,79,4.78,1671,99,1654,4047,8,8
1668424867,2022-11-14 05:21:07 -0600,29affcec68fd2f8c9985b26d20fc1cd8646b4805,TX,48377,2,2022-11-09T01:00:00.000Z,FIPSCode,48377,0,2022-11-14T11:20:36.866Z,8,98.98,8,100,62962,1025,61.97,62492,550,33.25,63492,79,4.78,1671,99,1654,4047,8,8
1668424890,2022-11-14 05:21:30 -0600,d13574e3ab6b2507b73e86ef828f48431090be2d,TX,48377,2,2022-11-09T01:00:00.000Z,FIPSCode,48377,0,2022-11-14T11:20:36.866Z,8,98.98,8,100,62962,1025,61.97,62492,550,33.25,63492,79,4.78,1671,99,1654,4047,8,8
1668424924,2022-11-14 05:22:04 -0600,6fd20418329e4d0d7289f91a766c7ba755f89852,TX,48377,2,2022-11-09T01:00:00.000Z,FIPSCode,48377,0,2022-11-14T11:20:36.866Z,8,98.98,8,100,62962,1025,61.97,62492,550,33.25,63492,79,4.78,1671,99,1654,4047,8,8
1668424948,2022-11-14 05:22:28 -0600,7966ed6f8c928686522ab262996e83e2144e741b,TX,48377,2,2022-11-09T01:00:00.000Z,FIPSCode,48377,0,2022-11-14T11:22:16.918Z,8,98.98,8,100,62962,1025,61.97,62492,550,33.25,63492,79,4.78,1671,99,1654,4047,8,8
1668424984,2022-11-14 05:23:04 -0600,c7171ec92327cde0f606a61146c333b9103f147d,TX,48377,2,2022-11-09T01:00:00.000Z,FIPSCode,48377,0,2022-11-14T11:22:16.918Z,8,98.98,8,100,62962,1025,61.97,62492,550,33.25,63492,79,4.78,1671,99,1654,4047,8,8
1668425013,2022-11-14 05:23:33 -0600,5fb97c5df6c24dcf6c60b303b4b3b7c830c7da2d,TX,48377,2,2022-11-09T01:00:00.000Z,FIPSCode,48377,0,2022-11-14T11:22:16.918Z,8,98.98,8,100,62962,1025,61.97,62492,550,33.25,63492,79,4.78,1671,99,1654,4047,8,8
1668425030,2022-11-14 05:23:50 -0600,128f0e7c11d57fd9dba6ad858b593545f4204a94,TX,48377,2,2022-11-09T01:00:00.000Z,FIPSCode,48377,0,2022-11-14T11:22:16.918Z,8,98.98,8,100,62962,1025,61.97,62492,550,33.25,63492,79,4.78,1671,99,1654,4047,8,8
1668425042,2022-11-14 05:24:02 -0600,0cc7d51d9c818762d6b2a09c33faf02b801ebc31,TX,48377,2,2022-11-09T01:00:00.000Z,FIPSCode,48377,0,2022-11-14T11:22:16.918Z,8,98.98,8,100,62962,1025,61.97,62492,550,33.25,63492,79,4.78,1671,99,1654,4047,8,8
1668425076,2022-11-14 05:24:36 -0600,493bb1f9275f2f1c31ee8103157a2951da73b5cf,TX,48377,2,2022-11-09T01:00:00.000Z,FIPSCode,48377,0,2022-11-14T11:24:16.603Z,8,98.98,8,100,62962,1025,61.97,62492,550,33.25,63492,79,4.78,1671,99,1654,4047,8,8
1668425110,2022-11-14 05:25:10 -0600,cc07a4381800c7d5837b6077178eebdaf5b355d8,TX,48377,2,2022-11-09T01:00:00.000Z,FIPSCode,48377,0,2022-11-14T11:24:16.603Z,8,98.98,8,100,62962,1025,61.97,62492,550,33.25,63492,79,4.78,1671,99,1654,4047,8,8
1668425134,2022-11-14 05:25:34 -0600,b18ee23573e16348e5e1703f10a9b80f72a757d2,TX,48377,2,2022-11-09T01:00:00.000Z,FIPSCode,48377,0,2022-11-14T11:25:18.756Z,8,98.98,8,100,62962,1025,61.97,62492,550,33.25,63492,79,4.78,1671,99,1654,4047,8,8
1668425164,2022-11-14 05:26:04 -0600,0a4821feed919cdde86da647189ec3061127e802,TX,48377,2,2022-11-09T01:00:00.000Z,FIPSCode,48377,0,2022-11-14T11:25:18.756Z,8,98.98,8,100,62962,1025,61.97,62492,550,33.25,63492,79,4.78,1671,99,1654,4047,8,8
1668425193,2022-11-14 05:26:33 -0600,1be4c8d6a9df197b4c60b472b98cd68277d9c64c,TX,48377,2,2022-11-09T01:00:00.000Z,FIPSCode,48377,0,2022-11-14T11:25:18.756Z,8,98.98,8,100,62962,1025,61.97,62492,550,33.25,63492,79,4.78,1671,99,1654,4047,8,8
1668425215,2022-11-14 05:26:55 -0600,0a89d46ffde2327e11baa989d4576dbc0be67350,TX,48377,2,2022-11-09T01:00:00.000Z,FIPSCode,48377,0,2022-11-14T11:25:18.756Z,8,98.98,8,100,62962,1025,61.97,62492,550,33.25,63492,79,4.78,1671,99,1654,4047,8,8
1668425227,2022-11-14 05:27:07 -0600,0940b769c572a4dcb828cab234b4edf1f6fcdaa4,TX,48377,2,2022-11-09T01:00:00.000Z,FIPSCode,48377,0,2022-11-14T11:26:37.867Z,8,98.98,8,100,62962,1025,61.97,62492,550,33.25,63492,79,4.78,1671,99,1654,4047,8,8
1668425263,2022-11-14 05:27:43 -0600,b4e1dd7ef20687129a80e7b170fbb5c129aa6305,TX,48377,2,2022-11-09T01:00:00.000Z,FIPSCode,48377,0,2022-11-14T11:26:37.867Z,8,98.98,8,100,62962,1025,61.97,62492,550,33.25,63492,79,4.78,1671,99,1654,4047,8,8
1668425314,2022-11-14 05:28:34 -0600,a284cdc4818d3ab89b6a3d40ce979506f5285e53,TX,48377,2,2022-11-09T01:00:00.000Z,FIPSCode,48377,0,2022-11-14T11:26:37.867Z,8,98.98,8,100,62962,1025,61.97,62492,550,33.25,63492,79,4.78,1671,99,1654,4047,8,8
1668425376,2022-11-14 05:29:36 -0600,7e4d8225bed0bbcecd7ef343c3f0fef4853cb578,TX,48377,2,2022-11-09T01:00:00.000Z,FIPSCode,48377,0,2022-11-14T11:26:37.867Z,8,98.98,8,100,62962,1025,61.97,62492,550,33.25,63492,79,4.78,1671,99,1654,4047,8,8
1668425439,2022-11-14 05:30:39 -0600,fa7dda455f5162a49ecb51d346ba48f489765a0a,TX,48377,2,2022-11-09T01:00:00.000Z,FIPSCode,48377,0,2022-11-14T11:26:37.867Z,8,98.98,8,100,62962,1025,61.97,62492,550,33.25,63492,79,4.78,1671,99,1654,4047,8,8
1668425469,2022-11-14 05:31:09 -0600,c82e3e91325457fe2a59b0309acff5d8c990212f,TX,48377,2,2022-11-09T01:00:00.000Z,FIPSCode,48377,0,2022-11-14T11:26:37.867Z,8,98.98,8,100,62962,1025,61.97,62492,550,33.25,63492,79,4.78,1671,99,1654,4047,8,8
1668425497,2022-11-14 05:31:37 -0600,f8e2b0ff9ae6ea55f49c22efdae5c47908f34f04,TX,48377,2,2022-11-09T01:00:00.000Z,FIPSCode,48377,0,2022-11-14T11:26:37.867Z,8,98.98,8,100,62962,1025,61.97,62492,550,33.25,63492,79,4.78,1671,99,1654,4047,8,8
1668425532,2022-11-14 05:32:12 -0600,7ffd456af84a10203e7278a7a4f3daa9ce0d8f37,TX,48377,2,2022-11-09T01:00:00.000Z,FIPSCode,48377,0,2022-11-14T11:26:37.867Z,8,98.98,8,100,62962,1025,61.97,62492,550,33.25,63492,79,4.78,1671,99,1654,4047,8,8
1668425557,2022-11-14 05:32:37 -0600,332643bd031f29821bf4439b0e773a9920df0d70,TX,48377,2,2022-11-09T01:00:00.000Z,FIPSCode,48377,0,2022-11-14T11:26:37.867Z,8,98.98,8,100,62962,1025,61.97,62492,550,33.25,63492,79,4.78,1671,99,1654,4047,8,8
1668425581,2022-11-14 05:33:01 -0600,ff22451fab56cd4c71249fcfd620e588bf266a8f,TX,48377,2,2022-11-09T01:00:00.000Z,FIPSCode,48377,0,2022-11-14T11:26:37.867Z,8,98.98,8,100,62962,1025,61.97,62492,550,33.25,63492,79,4.78,1671,99,1654,4047,8,8
1668425599,2022-11-14 05:33:19 -0600,73c18948ab44e630349c86e92f6f2532e106b027,TX,48377,2,2022-11-09T01:00:00.000Z,FIPSCode,48377,0,2022-11-14T11:26:37.867Z,8,98.98,8,100,62962,1025,61.97,62492,550,33.25,63492,79,4.78,1671,99,1654,4047,8,8
1668425617,2022-11-14 05:33:37 -0600,f5633b68f24a87bc20428d67481656ddfd4bbe7c,TX,48377,2,2022-11-09T01:00:00.000Z,FIPSCode,48377,0,2022-11-14T11:26:37.867Z,8,98.98,8,100,62962,1025,61.97,62492,550,33.25,63492,79,4.78,1671,99,1654,4047,8,8
1668425657,2022-11-14 05:34:17 -0600,02871e4a47911ada118d548d6578661b12cb053f,TX,48377,2,2022-11-09T01:00:00.000Z,FIPSCode,48377,0,2022-11-14T11:26:37.867Z,8,98.98,8,100,62962,1025,61.97,62492,550,33.25,63492,79,4.78,1671,99,1654,4047,8,8
1668425675,2022-11-14 05:34:35 -0600,0ebf2689b6467a7f91ef6eb8b158d8adef1d6db1,TX,48377,2,2022-11-09T01:00:00.000Z,FIPSCode,48377,0,2022-11-14T11:26:37.867Z,8,98.98,8,100,62962,1025,61.97,62492,550,33.25,63492,79,4.78,1671,99,1654,4047,8,8
1668425709,2022-11-14 05:35:09 -0600,073065b15aef9780498212b7c01d3d23adeaf759,TX,48377,2,2022-11-09T01:00:00.000Z,FIPSCode,48377,0,2022-11-14T11:26:37.867Z,8,98.98,8,100,62962,1025,61.97,62492,550,33.25,63492,79,4.78,1671,99,1654,4047,8,8
1668425725,2022-11-14 05:35:25 -0600,68ee207771ffd1fff0a372d41aec8c3ed51e610c,TX,48377,2,2022-11-09T01:00:00.000Z,FIPSCode,48377,0,2022-11-14T11:26:37.867Z,8,98.98,8,100,62962,1025,61.97,62492,550,33.25,63492,79,4.78,1671,99,1654,4047,8,8
1668425738,2022-11-14 05:35:38 -0600,41606ef15951a2d3529ac31bc8a88fa953b9d327,TX,48377,2,2022-11-09T01:00:00.000Z,FIPSCode,48377,0,2022-11-14T11:26:37.867Z,8,98.98,8,100,62962,1025,61.97,62492,550,33.25,63492,79,4.78,1671,99,1654,4047,8,8
1668425755,2022-11-14 05:35:55 -0600,4dbd5bd91a258061f0cb4a2f654825def2e5896c,TX,48377,2,2022-11-09T01:00:00.000Z,FIPSCode,48377,0,2022-11-14T11:26:37.867Z,8,98.98,8,100,62962,1025,61.97,62492,550,33.25,63492,79,4.78,1671,99,1654,4047,8,8
1668425791,2022-11-14 05:36:31 -0600,1006e0191e3e003ef78bd9e969c5a244807e282e,TX,48377,2,2022-11-09T01:00:00.000Z,FIPSCode,48377,0,2022-11-14T11:26:37.867Z,8,98.98,8,100,62962,1025,61.97,62492,550,33.25,63492,79,4.78,1671,99,1654,4047,8,8
1668425815,2022-11-14 05:36:55 -0600,99ca31c62db08f6c7b593ba81b29627c5f12badf,TX,48377,2,2022-11-09T01:00:00.000Z,FIPSCode,48377,0,2022-11-14T11:26:37.867Z,8,98.98,8,100,62962,1025,61.97,62492,550,33.25,63492,79,4.78,1671,99,1654,4047,8,8
1668425832,2022-11-14 05:37:12 -0600,9021474a4ea05fffaa6b8c366d21bccd577cae1b,TX,48377,2,2022-11-09T01:00:00.000Z,FIPSCode,48377,0,2022-11-14T11:26:37.867Z,8,98.98,8,100,62962,1025,61.97,62492,550,33.25,63492,79,4.78,1671,99,1654,4047,8,8
1668425884,2022-11-14 05:38:04 -0600,769cf9cb9c50b1a58cdc2a25e26a8424acb95879,TX,48377,2,2022-11-09T01:00:00.000Z,FIPSCode,48377,0,2022-11-14T11:26:37.867Z,8,98.98,8,100,62962,1025,61.97,62492,550,33.25,63492,79,4.78,1671,99,1654,4047,8,8
1668425937,2022-11-14 05:38:57 -0600,113ac7a95f9be75828067d5e10f5930c35d39147,TX,48377,2,2022-11-09T01:00:00.000Z,FIPSCode,48377,0,2022-11-14T11:26:37.867Z,8,98.98,8,100,62962,1025,61.97,62492,550,33.25,63492,79,4.78,1671,99,1654,4047,8,8
1668425973,2022-11-14 05:39:33 -0600,96728177b50ecbaed5dbcc089b5763eb5c4b58d1,TX,48377,2,2022-11-09T01:00:00.000Z,FIPSCode,48377,0,2022-11-14T11:26:37.867Z,8,98.98,8,100,62962,1025,61.97,62492,550,33.25,63492,79,4.78,1671,99,1654,4047,8,8
1668426008,2022-11-14 05:40:08 -0600,2ba01d9d2d89f0fd5a1bc3a22504eaa662de32b8,TX,48377,2,2022-11-09T01:00:00.000Z,FIPSCode,48377,0,2022-11-14T11:26:37.867Z,8,98.98,8,100,62962,1025,61.97,62492,550,33.25,63492,79,4.78,1671,99,1654,4047,8,8
1668426037,2022-11-14 05:40:37 -0600,f61e506c24aabbd3342f05382f8f0d1522127081,TX,48377,2,2022-11-09T01:00:00.000Z,FIPSCode,48377,0,2022-11-14T11:26:37.867Z,8,98.98,8,100,62962,1025,61.97,62492,550,33.25,63492,79,4.78,1671,99,1654,4047,8,8
1668426065,2022-11-14 05:41:05 -0600,d49571dea3458c7f21cf426f1fb3cb8feba64e90,TX,48377,2,2022-11-09T01:00:00.000Z,FIPSCode,48377,0,2022-11-14T11:26:37.867Z,8,98.98,8,100,62962,1025,61.97,62492,550,33.25,63492,79,4.78,1671,99,1654,4047,8,8
1668426077,2022-11-14 05:41:17 -0600,6e41c8cad88cf3968f2c1eb8d88fd9dfaa1390b9,TX,48377,2,2022-11-09T01:00:00.000Z,FIPSCode,48377,0,2022-11-14T11:26:37.867Z,8,98.98,8,100,62962,1025,61.97,62492,550,33.25,63492,79,4.78,1671,99,1654,4047,8,8
1668426095,2022-11-14 05:41:35 -0600,82e8fb752252f3984b905d3ae587c9ce084a27ab,TX,48377,2,2022-11-09T01:00:00.000Z,FIPSCode,48377,0,2022-11-14T11:26:37.867Z,8,98.98,8,100,62962,1025,61.97,62492,550,33.25,63492,79,4.78,1671,99,1654,4047,8,8
1668426106,2022-11-14 05:41:46 -0600,5ca217e69c61f99c378e4fa8cf1551882e40bebb,TX,48377,2,2022-11-09T01:00:00.000Z,FIPSCode,48377,0,2022-11-14T11:26:37.867Z,8,98.98,8,100,62962,1025,61.97,62492,550,33.25,63492,79,4.78,1671,99,1654,4047,8,8
1668426124,2022-11-14 05:42:04 -0600,ea7e37138cdd4622661b6e120767f0ecf74f806a,TX,48377,2,2022-11-09T01:00:00.000Z,FIPSCode,48377,0,2022-11-14T11:26:37.867Z,8,98.98,8,100,62962,1025,61.97,62492,550,33.25,63492,79,4.78,1671,99,1654,4047,8,8
1668426180,2022-11-14 05:43:00 -0600,dc025a29381ca4956509041967f195052fd7f356,TX,48377,2,2022-11-09T01:00:00.000Z,FIPSCode,48377,0,2022-11-14T11:26:37.867Z,8,98.98,8,100,62962,1025,61.97,62492,550,33.25,63492,79,4.78,1671,99,1654,4047,8,8
1668426209,2022-11-14 05:43:29 -0600,54065984fa3024646fa7543d04e33ae503964647,TX,48377,2,2022-11-09T01:00:00.000Z,FIPSCode,48377,0,2022-11-14T11:26:37.867Z,8,98.98,8,100,62962,1025,61.97,62492,550,33.25,63492,79,4.78,1671,99,1654,4047,8,8
1668426243,2022-11-14 05:44:03 -0600,bd10b403d6f48ef0e8918c6e6ca41651f2c784bf,TX,48377,2,2022-11-09T01:00:00.000Z,FIPSCode,48377,0,2022-11-14T11:26:37.867Z,8,98.98,8,100,62962,1025,61.97,62492,550,33.25,63492,79,4.78,1671,99,1654,4047,8,8
1668426279,2022-11-14 05:44:39 -0600,b11f950cd79df42b7db3866511d055b4f09bc7ca,TX,48377,2,2022-11-09T01:00:00.000Z,FIPSCode,48377,0,2022-11-14T11:26:37.867Z,8,98.98,8,100,62962,1025,61.97,62492,550,33.25,63492,79,4.78,1671,99,1654,4047,8,8
1668426313,2022-11-14 05:45:13 -0600,ee45394285ecaeb7b4a1c8f9aa278d2e11495baa,TX,48377,2,2022-11-09T01:00:00.000Z,FIPSCode,48377,0,2022-11-14T11:26:37.867Z,8,98.98,8,100,62962,1025,61.97,62492,550,33.25,63492,79,4.78,1671,99,1654,4047,8,8
1668426331,2022-11-14 05:45:31 -0600,3dcd646d8474a25fee30362f7fbe47059aac9bfe,TX,48377,2,2022-11-09T01:00:00.000Z,FIPSCode,48377,0,2022-11-14T11:26:37.867Z,8,98.98,8,100,62962,1025,61.97,62492,550,33.25,63492,79,4.78,1671,99,1654,4047,8,8
1668426372,2022-11-14 05:46:12 -0600,b3f24897b862b0128083bf615546a1d085913755,TX,48377,2,2022-11-09T01:00:00.000Z,FIPSCode,48377,0,2022-11-14T11:26:37.867Z,8,98.98,8,100,62962,1025,61.97,62492,550,33.25,63492,79,4.78,1671,99,1654,4047,8,8
1668426392,2022-11-14 05:46:32 -0600,2b5daeac7240875c167f8de7c3363a597e13626a,TX,48377,2,2022-11-09T01:00:00.000Z,FIPSCode,48377,0,2022-11-14T11:26:37.867Z,8,98.98,8,100,62962,1025,61.97,62492,550,33.25,63492,79,4.78,1671,99,1654,4047,8,8
1668426397,2022-11-14 05:46:37 -0600,778b71b6fab1bf4b3ad1dd14d1014f99ea3fac98,TX,48377,2,2022-11-09T01:00:00.000Z,FIPSCode,48377,0,2022-11-14T11:26:37.867Z,8,98.98,8,100,62962,1025,61.97,62492,550,33.25,63492,79,4.78,1671,99,1654,4047,8,8
1668426420,2022-11-14 05:47:00 -0600,776b63bcd1b05a45a3db1e1b06cd204d4073f9aa,TX,48377,2,2022-11-09T01:00:00.000Z,FIPSCode,48377,0,2022-11-14T11:26:37.867Z,8,98.98,8,100,62962,1025,61.97,62492,550,33.25,63492,79,4.78,1671,99,1654,4047,8,8
1668426448,2022-11-14 05:47:28 -0600,561e6752cb6363eb161436095c175c12f1e2a068,TX,48377,2,2022-11-09T01:00:00.000Z,FIPSCode,48377,0,2022-11-14T11:26:37.867Z,8,98.98,8,100,62962,1025,61.97,62492,550,33.25,63492,79,4.78,1671,99,1654,4047,8,8
1668426459,2022-11-14 05:47:39 -0600,a5cb780dacba68e14a50b6232355f8c2249ad82a,TX,48377,2,2022-11-09T01:00:00.000Z,FIPSCode,48377,0,2022-11-14T11:26:37.867Z,8,98.98,8,100,62962,1025,61.97,62492,550,33.25,63492,79,4.78,1671,99,1654,4047,8,8
1668426489,2022-11-14 05:48:09 -0600,a6b5f0a000641111a0352f771a3ee57c80ae73ff,TX,48377,2,2022-11-09T01:00:00.000Z,FIPSCode,48377,0,2022-11-14T11:26:37.867Z,8,98.98,8,100,62962,1025,61.97,62492,550,33.25,63492,79,4.78,1671,99,1654,4047,8,8
1668426505,2022-11-14 05:48:25 -0600,ea01bda01399614d2af2946b18581aa37db3af44,TX,48377,2,2022-11-09T01:00:00.000Z,FIPSCode,48377,0,2022-11-14T11:26:37.867Z,8,98.98,8,100,62962,1025,61.97,62492,550,33.25,63492,79,4.78,1671,99,1654,4047,8,8
1668426517,2022-11-14 05:48:37 -0600,9c8b438d46c664521cdf06508c1074ae41fd32fa,TX,48377,2,2022-11-09T01:00:00.000Z,FIPSCode,48377,0,2022-11-14T11:26:37.867Z,8,98.98,8,100,62962,1025,61.97,62492,550,33.25,63492,79,4.78,1671,99,1654,4047,8,8
1668426679,2022-11-14 05:51:19 -0600,1e1f25bc459810e83fb3b9c645250a333a88d370,TX,48377,2,2022-11-09T01:00:00.000Z,FIPSCode,48377,0,2022-11-14T11:26:37.867Z,8,98.98,8,100,62962,1025,61.97,62492,550,33.25,63492,79,4.78,1671,99,1654,4047,8,8
1668426691,2022-11-14 05:51:31 -0600,5072d95b86959d87139682a41918a164e20145bb,TX,48377,2,2022-11-09T01:00:00.000Z,FIPSCode,48377,0,2022-11-14T11:26:37.867Z,8,98.98,8,100,62962,1025,61.97,62492,550,33.25,63492,79,4.78,1671,99,1654,4047,8,8
1668426703,2022-11-14 05:51:43 -0600,a619a5b563d69e942c65c6b941599eb6947339aa,TX,48377,2,2022-11-09T01:00:00.000Z,FIPSCode,48377,0,2022-11-14T11:26:37.867Z,8,98.98,8,100,62962,1025,61.97,62492,550,33.25,63492,79,4.78,1671,99,1654,4047,8,8
1668426715,2022-11-14 05:51:55 -0600,b686036f1f89c76ddd3a29d121f85d7b9b32df56,TX,48377,2,2022-11-09T01:00:00.000Z,FIPSCode,48377,0,2022-11-14T11:26:37.867Z,8,98.98,8,100,62962,1025,61.97,62492,550,33.25,63492,79,4.78,1671,99,1654,4047,8,8
1668426761,2022-11-14 05:52:41 -0600,49d69bd267f2dc401cb73a62d5e1f48dbd61f522,TX,48377,2,2022-11-09T01:00:00.000Z,FIPSCode,48377,0,2022-11-14T11:26:37.867Z,8,98.98,8,100,62962,1025,61.97,62492,550,33.25,63492,79,4.78,1671,99,1654,4047,8,8
1668426785,2022-11-14 05:53:05 -0600,695275bc38a46f3632077a5ab222783136d765ea,TX,48377,2,2022-11-09T01:00:00.000Z,FIPSCode,48377,0,2022-11-14T11:26:37.867Z,8,98.98,8,100,62962,1025,61.97,62492,550,33.25,63492,79,4.78,1671,99,1654,4047,8,8
1668426812,2022-11-14 05:53:32 -0600,2236055814fe475723ca5385691bfee6720e05ca,TX,48377,2,2022-11-09T01:00:00.000Z,FIPSCode,48377,0,2022-11-14T11:53:16.802Z,8,98.98,8,100,62962,1025,61.97,62492,550,33.25,63492,79,4.78,1671,99,1654,4047,8,8
1668426831,2022-11-14 05:53:51 -0600,906606f2bfeceb003a86c7806b2b77d675bc845c,TX,48377,2,2022-11-09T01:00:00.000Z,FIPSCode,48377,0,2022-11-14T11:53:16.802Z,8,98.98,8,100,62962,1025,61.97,62492,550,33.25,63492,79,4.78,1671,99,1654,4047,8,8
1668426976,2022-11-14 05:56:16 -0600,611147cf5771ebe4de3b659036d2df9198a7db5f,TX,48377,2,2022-11-09T01:00:00.000Z,FIPSCode,48377,0,2022-11-14T11:55:16.056Z,8,98.98,8,100,62962,1025,61.97,62492,550,33.25,63492,79,4.78,1671,99,1654,4047,8,8
1668426992,2022-11-14 05:56:32 -0600,6570f40fcf92fde2a8faaac0aeaf7eec1ba787e9,TX,48377,2,2022-11-09T01:00:00.000Z,FIPSCode,48377,0,2022-11-14T11:55:16.056Z,8,98.98,8,100,62962,1025,61.97,62492,550,33.25,63492,79,4.78,1671,99,1654,4047,8,8
1668427016,2022-11-14 05:56:56 -0600,7a5331f12eec8c13a9067502ae640b8fa1bf2f5b,TX,48377,2,2022-11-09T01:00:00.000Z,FIPSCode,48377,0,2022-11-14T11:55:16.056Z,8,98.98,8,100,62962,1025,61.97,62492,550,33.25,63492,79,4.78,1671,99,1654,4047,8,8
1668427050,2022-11-14 05:57:30 -0600,2f9b2eb11b8ccf31d5a25095e709e435a7d14040,TX,48377,2,2022-11-09T01:00:00.000Z,FIPSCode,48377,0,2022-11-14T11:55:16.056Z,8,98.98,8,100,62962,1025,61.97,62492,550,33.25,63492,79,4.78,1671,99,1654,4047,8,8
1668427078,2022-11-14 05:57:58 -0600,1fdb5af3a48d8b741c9766872343f93c22023d9d,TX,48377,2,2022-11-09T01:00:00.000Z,FIPSCode,48377,0,2022-11-14T11:55:16.056Z,8,98.98,8,100,62962,1025,61.97,62492,550,33.25,63492,79,4.78,1671,99,1654,4047,8,8
1668427113,2022-11-14 05:58:33 -0600,bbdee1352bb3e34c3c5831fd5ce7f50141163958,TX,48377,2,2022-11-09T01:00:00.000Z,FIPSCode,48377,0,2022-11-14T11:55:16.056Z,8,98.98,8,100,62962,1025,61.97,62492,550,33.25,63492,79,4.78,1671,99,1654,4047,8,8
1668427166,2022-11-14 05:59:26 -0600,070e807e75a6aa54f2674161b9fa41a3b22b16d4,TX,48377,2,2022-11-09T01:00:00.000Z,FIPSCode,48377,0,2022-11-14T11:55:16.056Z,8,98.98,8,100,62962,1025,61.97,62492,550,33.25,63492,79,4.78,1671,99,1654,4047,8,8
1668427178,2022-11-14 05:59:38 -0600,4c46257ba968babb82a06faf29af6024d0b171c2,TX,48377,2,2022-11-09T01:00:00.000Z,FIPSCode,48377,0,2022-11-14T11:55:16.056Z,8,98.98,8,100,62962,1025,61.97,62492,550,33.25,63492,79,4.78,1671,99,1654,4047,8,8
1668427196,2022-11-14 05:59:56 -0600,17a92774e2d4c323ae7cb36edc6a9d7f44498c9f,TX,48377,2,2022-11-09T01:00:00.000Z,FIPSCode,48377,0,2022-11-14T11:55:16.056Z,8,98.98,8,100,62962,1025,61.97,62492,550,33.25,63492,79,4.78,1671,99,1654,4047,8,8
1668427234,2022-11-14 06:00:34 -0600,72d5b6968cd4305522d140a39c6dfbc629a1a7c4,TX,48377,2,2022-11-09T01:00:00.000Z,FIPSCode,48377,0,2022-11-14T11:55:16.056Z,8,98.98,8,100,62962,1025,61.97,62492,550,33.25,63492,79,4.78,1671,99,1654,4047,8,8
1668427247,2022-11-14 06:00:47 -0600,ea35d31c6617b7ddeaa4735bd1ee8b36459e94e8,TX,48377,2,2022-11-09T01:00:00.000Z,FIPSCode,48377,0,2022-11-14T11:55:16.056Z,8,98.98,8,100,62962,1025,61.97,62492,550,33.25,63492,79,4.78,1671,99,1654,4047,8,8
1668427287,2022-11-14 06:01:27 -0600,df4e59f5a65c108d568674b1e6b8bc05ef7ca29d,TX,48377,2,2022-11-09T01:00:00.000Z,FIPSCode,48377,0,2022-11-14T11:55:16.056Z,8,98.98,8,100,62962,1025,61.97,62492,550,33.25,63492,79,4.78,1671,99,1654,4047,8,8
1668427313,2022-11-14 06:01:53 -0600,c4a0afbe26d75473562ee9a33bd29843804c7fe0,TX,48377,2,2022-11-09T01:00:00.000Z,FIPSCode,48377,0,2022-11-14T11:55:16.056Z,8,98.98,8,100,62962,1025,61.97,62492,550,33.25,63492,79,4.78,1671,99,1654,4047,8,8
1668427353,2022-11-14 06:02:33 -0600,14cde29df6729694cc4d002b7827d7a6bba5169f,TX,48377,2,2022-11-09T01:00:00.000Z,FIPSCode,48377,0,2022-11-14T11:55:16.056Z,8,98.98,8,100,62962,1025,61.97,62492,550,33.25,63492,79,4.78,1671,99,1654,4047,8,8
1668427365,2022-11-14 06:02:45 -0600,a3d6c1e2931039bc047c5959d5a07aff95cfe944,TX,48377,2,2022-11-09T01:00:00.000Z,FIPSCode,48377,0,2022-11-14T11:55:16.056Z,8,98.98,8,100,62962,1025,61.97,62492,550,33.25,63492,79,4.78,1671,99,1654,4047,8,8
1668427410,2022-11-14 06:03:30 -0600,73114793bbac1feb0199a06921e03a9aee0399af,TX,48377,2,2022-11-09T01:00:00.000Z,FIPSCode,48377,0,2022-11-14T12:03:17.189Z,8,98.98,8,100,62962,1025,61.97,62492,550,33.25,63492,79,4.78,1671,99,1654,4047,8,8
1668427434,2022-11-14 06:03:54 -0600,c5560980c8cf77ee6f4dd77a74b72facce789ec4,TX,48377,2,2022-11-09T01:00:00.000Z,FIPSCode,48377,0,2022-11-14T12:03:17.189Z,8,98.98,8,100,62962,1025,61.97,62492,550,33.25,63492,79,4.78,1671,99,1654,4047,8,8
1668427446,2022-11-14 06:04:06 -0600,05cb4d8034f9fed458204057d68d676c3cac6fa6,TX,48377,2,2022-11-09T01:00:00.000Z,FIPSCode,48377,0,2022-11-14T12:03:17.189Z,8,98.98,8,100,62962,1025,61.97,62492,550,33.25,63492,79,4.78,1671,99,1654,4047,8,8
1668427469,2022-11-14 06:04:29 -0600,b9595b2ba04575c3a27dae46817427b4cb1bce92,TX,48377,2,2022-11-09T01:00:00.000Z,FIPSCode,48377,0,2022-11-14T12:04:18.884Z,8,98.98,8,100,62962,1025,61.97,62492,550,33.25,63492,79,4.78,1671,99,1654,4047,8,8
1668427528,2022-11-14 06:05:28 -0600,9dace3bfe0795452149f37f906fd8302860e2c4d,TX,48377,2,2022-11-09T01:00:00.000Z,FIPSCode,48377,0,2022-11-14T12:05:17.017Z,8,98.98,8,100,62962,1025,61.97,62492,550,33.25,63492,79,4.78,1671,99,1654,4047,8,8
1668427562,2022-11-14 06:06:02 -0600,8887fc0439bba2e142f03c6806bb448a18c2d0dd,TX,48377,2,2022-11-09T01:00:00.000Z,FIPSCode,48377,0,2022-11-14T12:05:17.017Z,8,98.98,8,100,62962,1025,61.97,62492,550,33.25,63492,79,4.78,1671,99,1654,4047,8,8
1668427594,2022-11-14 06:06:34 -0600,ca441fd1a42f62b3e88c63d4890702db14d20479,TX,48377,2,2022-11-09T01:00:00.000Z,FIPSCode,48377,0,2022-11-14T12:06:16.106Z,8,98.98,8,100,62962,1025,61.97,62492,550,33.25,63492,79,4.78,1671,99,1654,4047,8,8
1668427635,2022-11-14 06:07:15 -0600,ab9443dd61b284650c33e9a3cee584e8f2935b17,TX,48377,2,2022-11-09T01:00:00.000Z,FIPSCode,48377,0,2022-11-14T12:06:16.106Z,8,98.98,8,100,62962,1025,61.97,62492,550,33.25,63492,79,4.78,1671,99,1654,4047,8,8
1668427648,2022-11-14 06:07:28 -0600,929018aa001ac0cef79ce04325f2d6de19eb6a8b,TX,48377,2,2022-11-09T01:00:00.000Z,FIPSCode,48377,0,2022-11-14T12:06:16.106Z,8,98.98,8,100,62962,1025,61.97,62492,550,33.25,63492,79,4.78,1671,99,1654,4047,8,8
1668427654,2022-11-14 06:07:34 -0600,ca340a5728de5423113145ed6583b6b8418a2f4c,TX,48377,2,2022-11-09T01:00:00.000Z,FIPSCode,48377,0,2022-11-14T12:06:16.106Z,8,98.98,8,100,62962,1025,61.97,62492,550,33.25,63492,79,4.78,1671,99,1654,4047,8,8
1668427677,2022-11-14 06:07:57 -0600,56fb9e4cfee48c16560424ad98471c881d949a3c,TX,48377,2,2022-11-09T01:00:00.000Z,FIPSCode,48377,0,2022-11-14T12:06:16.106Z,8,98.98,8,100,62962,1025,61.97,62492,550,33.25,63492,79,4.78,1671,99,1654,4047,8,8
1668427730,2022-11-14 06:08:50 -0600,2572a01c48765f5c899e1b02945e197db104b85a,TX,48377,2,2022-11-09T01:00:00.000Z,FIPSCode,48377,0,2022-11-14T12:06:16.106Z,8,98.98,8,100,62962,1025,61.97,62492,550,33.25,63492,79,4.78,1671,99,1654,4047,8,8
1668427771,2022-11-14 06:09:31 -0600,9bcd6095edfce257713cc810d5b2230a0962db5b,TX,48377,2,2022-11-09T01:00:00.000Z,FIPSCode,48377,0,2022-11-14T12:06:16.106Z,8,98.98,8,100,62962,1025,61.97,62492,550,33.25,63492,79,4.78,1671,99,1654,4047,8,8
1668427810,2022-11-14 06:10:10 -0600,a259bf625ff853685f7e202b7d7eeadb003ad5ce,TX,48377,2,2022-11-09T01:00:00.000Z,FIPSCode,48377,0,2022-11-14T12:06:16.106Z,8,98.98,8,100,62962,1025,61.97,62492,550,33.25,63492,79,4.78,1671,99,1654,4047,8,8
1668427833,2022-11-14 06:10:33 -0600,c7a4e52393f35a5346d36d9c3b12e82c92bef239,TX,48377,2,2022-11-09T01:00:00.000Z,FIPSCode,48377,0,2022-11-14T12:06:16.106Z,8,98.98,8,100,62962,1025,61.97,62492,550,33.25,63492,79,4.78,1671,99,1654,4047,8,8
1668427850,2022-11-14 06:10:50 -0600,87c4e55d1a0947331b4af57c3348cbb8dffe0bcd,TX,48377,2,2022-11-09T01:00:00.000Z,FIPSCode,48377,0,2022-11-14T12:06:16.106Z,8,98.98,8,100,62962,1025,61.97,62492,550,33.25,63492,79,4.78,1671,99,1654,4047,8,8
1668427868,2022-11-14 06:11:08 -0600,a490f9cca5b15b8442301148e99e587fb200dd17,TX,48377,2,2022-11-09T01:00:00.000Z,FIPSCode,48377,0,2022-11-14T12:06:16.106Z,8,98.98,8,100,62962,1025,61.97,62492,550,33.25,63492,79,4.78,1671,99,1654,4047,8,8
1668427890,2022-11-14 06:11:30 -0600,18f5e07d629864ec1a1094cbaeb7725c39e27da8,TX,48377,2,2022-11-09T01:00:00.000Z,FIPSCode,48377,0,2022-11-14T12:06:16.106Z,8,98.98,8,100,62962,1025,61.97,62492,550,33.25,63492,79,4.78,1671,99,1654,4047,8,8
1668427896,2022-11-14 06:11:36 -0600,9e1c638da0e975b14571f4cf28395a2cd60e56c8,TX,48377,2,2022-11-09T01:00:00.000Z,FIPSCode,48377,0,2022-11-14T12:06:16.106Z,8,98.98,8,100,62962,1025,61.97,62492,550,33.25,63492,79,4.78,1671,99,1654,4047,8,8
1668427924,2022-11-14 06:12:04 -0600,bca2ba75c52246ef0622377816c6cc0a9af5cc15,TX,48377,2,2022-11-09T01:00:00.000Z,FIPSCode,48377,0,2022-11-14T12:06:16.106Z,8,98.98,8,100,62962,1025,61.97,62492,550,33.25,63492,79,4.78,1671,99,1654,4047,8,8
1668427955,2022-11-14 06:12:35 -0600,7d1caa1111ac02c6cb32041d01cd4c25142e34c0,TX,48377,2,2022-11-09T01:00:00.000Z,FIPSCode,48377,0,2022-11-14T12:06:16.106Z,8,98.98,8,100,62962,1025,61.97,62492,550,33.25,63492,79,4.78,1671,99,1654,4047,8,8
1668427983,2022-11-14 06:13:03 -0600,727f9257d789653d946622f0fb7237715278fb1e,TX,48377,2,2022-11-09T01:00:00.000Z,FIPSCode,48377,0,2022-11-14T12:06:16.106Z,8,98.98,8,100,62962,1025,61.97,62492,550,33.25,63492,79,4.78,1671,99,1654,4047,8,8
1668428012,2022-11-14 06:13:32 -0600,3c9c97ae86f6d2c5f9fac3fce1f399dd78283969,TX,48377,2,2022-11-09T01:00:00.000Z,FIPSCode,48377,0,2022-11-14T12:06:16.106Z,8,98.98,8,100,62962,1025,61.97,62492,550,33.25,63492,79,4.78,1671,99,1654,4047,8,8
1668428047,2022-11-14 06:14:07 -0600,2e6d006b8f14430535e8fa33d37051727c6c8803,TX,48377,2,2022-11-09T01:00:00.000Z,FIPSCode,48377,0,2022-11-14T12:06:16.106Z,8,98.98,8,100,62962,1025,61.97,62492,550,33.25,63492,79,4.78,1671,99,1654,4047,8,8
1668428069,2022-11-14 06:14:29 -0600,e363da756f8ea7700d51e5013e515b5225fd276b,TX,48377,2,2022-11-09T01:00:00.000Z,FIPSCode,48377,0,2022-11-14T12:06:16.106Z,8,98.98,8,100,62962,1025,61.97,62492,550,33.25,63492,79,4.78,1671,99,1654,4047,8,8
1668428106,2022-11-14 06:15:06 -0600,25f25fb0dc7a3faa9c893afa39913626810f539a,TX,48377,2,2022-11-09T01:00:00.000Z,FIPSCode,48377,0,2022-11-14T12:06:16.106Z,8,98.98,8,100,62962,1025,61.97,62492,550,33.25,63492,79,4.78,1671,99,1654,4047,8,8
1668428129,2022-11-14 06:15:29 -0600,dc93054762fa76c23a45e7a40f199d587e3d8e0d,TX,48377,2,2022-11-09T01:00:00.000Z,FIPSCode,48377,0,2022-11-14T12:06:16.106Z,8,98.98,8,100,62962,1025,61.97,62492,550,33.25,63492,79,4.78,1671,99,1654,4047,8,8
1668428170,2022-11-14 06:16:10 -0600,9561f0750a9bfc1fe4894887a85ee09497c22a02,TX,48377,2,2022-11-09T01:00:00.000Z,FIPSCode,48377,0,2022-11-14T12:06:16.106Z,8,98.98,8,100,62962,1025,61.97,62492,550,33.25,63492,79,4.78,1671,99,1654,4047,8,8
1668428188,2022-11-14 06:16:28 -0600,5d34aa5b2bbcf52ff05d6f85f477dad422c9af3c,TX,48377,2,2022-11-09T01:00:00.000Z,FIPSCode,48377,0,2022-11-14T12:06:16.106Z,8,98.98,8,100,62962,1025,61.97,62492,550,33.25,63492,79,4.78,1671,99,1654,4047,8,8
1668428194,2022-11-14 06:16:34 -0600,5aa2baf015e38e08e03cdf4f1c4b155af6eba4a7,TX,48377,2,2022-11-09T01:00:00.000Z,FIPSCode,48377,0,2022-11-14T12:06:16.106Z,8,98.98,8,100,62962,1025,61.97,62492,550,33.25,63492,79,4.78,1671,99,1654,4047,8,8
1668428228,2022-11-14 06:17:08 -0600,73fe02a4e512a95f429e6b095142ed9ca497a963,TX,48377,2,2022-11-09T01:00:00.000Z,FIPSCode,48377,0,2022-11-14T12:06:16.106Z,8,98.98,8,100,62962,1025,61.97,62492,550,33.25,63492,79,4.78,1671,99,1654,4047,8,8
1668428245,2022-11-14 06:17:25 -0600,3aff22af59395d1ecce0e86ad1fe52bcf1aa1e31,TX,48377,2,2022-11-09T01:00:00.000Z,FIPSCode,48377,0,2022-11-14T12:06:16.106Z,8,98.98,8,100,62962,1025,61.97,62492,550,33.25,63492,79,4.78,1671,99,1654,4047,8,8
1668428262,2022-11-14 06:17:42 -0600,95381b835442fbba7bbd41b2584f5d824c9eb3fa,TX,48377,2,2022-11-09T01:00:00.000Z,FIPSCode,48377,0,2022-11-14T12:06:16.106Z,8,98.98,8,100,62962,1025,61.97,62492,550,33.25,63492,79,4.78,1671,99,1654,4047,8,8
1668428274,2022-11-14 06:17:54 -0600,5dc0ce72bd72caf80cd54bfe5275da5fab75bf69,TX,48377,2,2022-11-09T01:00:00.000Z,FIPSCode,48377,0,2022-11-14T12:06:16.106Z,8,98.98,8,100,62962,1025,61.97,62492,550,33.25,63492,79,4.78,1671,99,1654,4047,8,8
1668428291,2022-11-14 06:18:11 -0600,46b8d6da09ef4378e9fa0720a78832402763fe79,TX,48377,2,2022-11-09T01:00:00.000Z,FIPSCode,48377,0,2022-11-14T12:06:16.106Z,8,98.98,8,100,62962,1025,61.97,62492,550,33.25,63492,79,4.78,1671,99,1654,4047,8,8
1668428309,2022-11-14 06:18:29 -0600,040f3b3b43fd4a4a967bede256f65abb66bf162d,TX,48377,2,2022-11-09T01:00:00.000Z,FIPSCode,48377,0,2022-11-14T12:06:16.106Z,8,98.98,8,100,62962,1025,61.97,62492,550,33.25,63492,79,4.78,1671,99,1654,4047,8,8
1668428327,2022-11-14 06:18:47 -0600,80b913fd5321bd19cc32dad7156853b8d3af3cee,TX,48377,2,2022-11-09T01:00:00.000Z,FIPSCode,48377,0,2022-11-14T12:06:16.106Z,8,98.98,8,100,62962,1025,61.97,62492,550,33.25,63492,79,4.78,1671,99,1654,4047,8,8
1668428339,2022-11-14 06:18:59 -0600,4b2c9ebacc95fd2cf2dd8d314a31fa00a3c366e7,TX,48377,2,2022-11-09T01:00:00.000Z,FIPSCode,48377,0,2022-11-14T12:06:16.106Z,8,98.98,8,100,62962,1025,61.97,62492,550,33.25,63492,79,4.78,1671,99,1654,4047,8,8
1668428368,2022-11-14 06:19:28 -0600,4e87ae7994dfca13998283d5b9470e155f9e8bb3,TX,48377,2,2022-11-09T01:00:00.000Z,FIPSCode,48377,0,2022-11-14T12:06:16.106Z,8,98.98,8,100,62962,1025,61.97,62492,550,33.25,63492,79,4.78,1671,99,1654,4047,8,8
1668428374,2022-11-14 06:19:34 -0600,fe9acad2ebf4a89da155d8bcf07d17bee91e67a3,TX,48377,2,2022-11-09T01:00:00.000Z,FIPSCode,48377,0,2022-11-14T12:06:16.106Z,8,98.98,8,100,62962,1025,61.97,62492,550,33.25,63492,79,4.78,1671,99,1654,4047,8,8
1668428408,2022-11-14 06:20:08 -0600,a995fef83f3f29e920a403948ecb9ea1203ce11d,TX,48377,2,2022-11-09T01:00:00.000Z,FIPSCode,48377,0,2022-11-14T12:06:16.106Z,8,98.98,8,100,62962,1025,61.97,62492,550,33.25,63492,79,4.78,1671,99,1654,4047,8,8
1668428437,2022-11-14 06:20:37 -0600,51d288edd4ae1b8270327cbe6074c9cebea9731f,TX,48377,2,2022-11-09T01:00:00.000Z,FIPSCode,48377,0,2022-11-14T12:06:16.106Z,8,98.98,8,100,62962,1025,61.97,62492,550,33.25,63492,79,4.78,1671,99,1654,4047,8,8
1668428498,2022-11-14 06:21:38 -0600,49025dd7b46326220630f7675a7b41006c03d9d5,TX,48377,2,2022-11-09T01:00:00.000Z,FIPSCode,48377,0,2022-11-14T12:06:16.106Z,8,98.98,8,100,62962,1025,61.97,62492,550,33.25,63492,79,4.78,1671,99,1654,4047,8,8
1668428521,2022-11-14 06:22:01 -0600,475af9dd3fdd22ce3600c11de08c3423cea46e43,TX,48377,2,2022-11-09T01:00:00.000Z,FIPSCode,48377,0,2022-11-14T12:06:16.106Z,8,98.98,8,100,62962,1025,61.97,62492,550,33.25,63492,79,4.78,1671,99,1654,4047,8,8
1668428556,2022-11-14 06:22:36 -0600,85bd91dd595bd1073df5d63a3020d6cd97fff148,TX,48377,2,2022-11-09T01:00:00.000Z,FIPSCode,48377,0,2022-11-14T12:06:16.106Z,8,98.98,8,100,62962,1025,61.97,62492,550,33.25,63492,79,4.78,1671,99,1654,4047,8,8
1668428586,2022-11-14 06:23:06 -0600,db9cece44315cd2407120e17083aee108888c392,TX,48377,2,2022-11-09T01:00:00.000Z,FIPSCode,48377,0,2022-11-14T12:22:35.561Z,8,98.98,8,100,62962,1025,61.97,62492,550,33.25,63492,79,4.78,1671,99,1654,4047,8,8
1668428610,2022-11-14 06:23:30 -0600,75e9acc5a60ea71fb34a8078a62e974d73beeb7c,TX,48377,2,2022-11-09T01:00:00.000Z,FIPSCode,48377,0,2022-11-14T12:23:16.310Z,8,98.98,8,100,62962,1025,61.97,62492,550,33.25,63492,79,4.78,1671,99,1654,4047,8,8
1668428627,2022-11-14 06:23:47 -0600,aaefc1e1e53ef54e33d6eec84fdd2a6966f264b2,TX,48377,2,2022-11-09T01:00:00.000Z,FIPSCode,48377,0,2022-11-14T12:23:16.310Z,8,98.98,8,100,62962,1025,61.97,62492,550,33.25,63492,79,4.78,1671,99,1654,4047,8,8
1668428674,2022-11-14 06:24:34 -0600,40a60929c9ee37f24d83ecb4386a44d7f008f77a,TX,48377,2,2022-11-09T01:00:00.000Z,FIPSCode,48377,0,2022-11-14T12:24:17.479Z,8,98.98,8,100,62962,1025,61.97,62492,550,33.25,63492,79,4.78,1671,99,1654,4047,8,8
1668428698,2022-11-14 06:24:58 -0600,acfea5395e7500cceae256faff1acb51286f716b,TX,48377,2,2022-11-09T01:00:00.000Z,FIPSCode,48377,0,2022-11-14T12:24:17.479Z,8,98.98,8,100,62962,1025,61.97,62492,550,33.25,63492,79,4.78,1671,99,1654,4047,8,8
1668428716,2022-11-14 06:25:16 -0600,9f7b4b7bbe5a8c6c699537be5b966deb10803aa7,TX,48377,2,2022-11-09T01:00:00.000Z,FIPSCode,48377,0,2022-11-14T12:24:17.479Z,8,98.98,8,100,62962,1025,61.97,62492,550,33.25,63492,79,4.78,1671,99,1654,4047,8,8
1668428734,2022-11-14 06:25:34 -0600,1afd3eff621abc6792c19795430e82b525b4adba,TX,48377,2,2022-11-09T01:00:00.000Z,FIPSCode,48377,0,2022-11-14T12:25:17.019Z,8,98.98,8,100,62962,1025,61.97,62492,550,33.25,63492,79,4.78,1671,99,1654,4047,8,8
1668428751,2022-11-14 06:25:51 -0600,4e7a44af8b4744a6d0b4d5696c6f2a74549a21c6,TX,48377,2,2022-11-09T01:00:00.000Z,FIPSCode,48377,0,2022-11-14T12:25:17.019Z,8,98.98,8,100,62962,1025,61.97,62492,550,33.25,63492,79,4.78,1671,99,1654,4047,8,8
1668428796,2022-11-14 06:26:36 -0600,44854fbce39d90528886e828abd284e548155690,TX,48377,2,2022-11-09T01:00:00.000Z,FIPSCode,48377,0,2022-11-14T12:25:17.019Z,8,98.98,8,100,62962,1025,61.97,62492,550,33.25,63492,79,4.78,1671,99,1654,4047,8,8
1668428855,2022-11-14 06:27:35 -0600,9069981c54ce86edcb07edec9010d241190aba6c,TX,48377,2,2022-11-09T01:00:00.000Z,FIPSCode,48377,0,2022-11-14T12:25:17.019Z,8,98.98,8,100,62962,1025,61.97,62492,550,33.25,63492,79,4.78,1671,99,1654,4047,8,8
1668428920,2022-11-14 06:28:40 -0600,52bd1eff43fbf71e38bce1b68271615f981d3417,TX,48377,2,2022-11-09T01:00:00.000Z,FIPSCode,48377,0,2022-11-14T12:25:17.019Z,8,98.98,8,100,62962,1025,61.97,62492,550,33.25,63492,79,4.78,1671,99,1654,4047,8,8
1668428932,2022-11-14 06:28:52 -0600,6905f6eb5598391fb35ad80d214dca3a2829a07c,TX,48377,2,2022-11-09T01:00:00.000Z,FIPSCode,48377,0,2022-11-14T12:25:17.019Z,8,98.98,8,100,62962,1025,61.97,62492,550,33.25,63492,79,4.78,1671,99,1654,4047,8,8
1668428977,2022-11-14 06:29:37 -0600,d42d9aba13e244a93635cb37ab01079ebc140386,TX,48377,2,2022-11-09T01:00:00.000Z,FIPSCode,48377,0,2022-11-14T12:25:17.019Z,8,98.98,8,100,62962,1025,61.97,62492,550,33.25,63492,79,4.78,1671,99,1654,4047,8,8
1668428990,2022-11-14 06:29:50 -0600,72af5110d462a4fa018ddbd0f1febb0e17bf75e8,TX,48377,2,2022-11-09T01:00:00.000Z,FIPSCode,48377,0,2022-11-14T12:25:17.019Z,8,98.98,8,100,62962,1025,61.97,62492,550,33.25,63492,79,4.78,1671,99,1654,4047,8,8
1668429034,2022-11-14 06:30:34 -0600,8ac9fc72aa6c48a0bdf5d78a3096fc1da95161b7,TX,48377,2,2022-11-09T01:00:00.000Z,FIPSCode,48377,0,2022-11-14T12:25:17.019Z,8,98.98,8,100,62962,1025,61.97,62492,550,33.25,63492,79,4.78,1671,99,1654,4047,8,8
1668429047,2022-11-14 06:30:47 -0600,4d4bcfcce69d527e7c59ac3cc22949cfc8091aac,TX,48377,2,2022-11-09T01:00:00.000Z,FIPSCode,48377,0,2022-11-14T12:25:17.019Z,8,98.98,8,100,62962,1025,61.97,62492,550,33.25,63492,79,4.78,1671,99,1654,4047,8,8
1668429059,2022-11-14 06:30:59 -0600,086ebea99fe2b81992cb81fd617318b4981505eb,TX,48377,2,2022-11-09T01:00:00.000Z,FIPSCode,48377,0,2022-11-14T12:25:17.019Z,8,98.98,8,100,62962,1025,61.97,62492,550,33.25,63492,79,4.78,1671,99,1654,4047,8,8
1668429089,2022-11-14 06:31:29 -0600,42243b094e6f37f09f3118013f1d7674030aff66,TX,48377,2,2022-11-09T01:00:00.000Z,FIPSCode,48377,0,2022-11-14T12:25:17.019Z,8,98.98,8,100,62962,1025,61.97,62492,550,33.25,63492,79,4.78,1671,99,1654,4047,8,8
1668429094,2022-11-14 06:31:34 -0600,0107fd36bde54b0846739e9a7a028043722476d5,TX,48377,2,2022-11-09T01:00:00.000Z,FIPSCode,48377,0,2022-11-14T12:25:17.019Z,8,98.98,8,100,62962,1025,61.97,62492,550,33.25,63492,79,4.78,1671,99,1654,4047,8,8
1668429128,2022-11-14 06:32:08 -0600,2d551179110ca8d1e9429833144a65548e0adb61,TX,48377,2,2022-11-09T01:00:00.000Z,FIPSCode,48377,0,2022-11-14T12:25:17.019Z,8,98.98,8,100,62962,1025,61.97,62492,550,33.25,63492,79,4.78,1671,99,1654,4047,8,8
1668429158,2022-11-14 06:32:38 -0600,6e61406916d53c57da8659e648b547258f4e79f2,TX,48377,2,2022-11-09T01:00:00.000Z,FIPSCode,48377,0,2022-11-14T12:25:17.019Z,8,98.98,8,100,62962,1025,61.97,62492,550,33.25,63492,79,4.78,1671,99,1654,4047,8,8
1668429216,2022-11-14 06:33:36 -0600,8c0e7ae4b4d7c623546bce047a5637ff6f26a23f,TX,48377,2,2022-11-09T01:00:00.000Z,FIPSCode,48377,0,2022-11-14T12:25:17.019Z,8,98.98,8,100,62962,1025,61.97,62492,550,33.25,63492,79,4.78,1671,99,1654,4047,8,8
1668429222,2022-11-14 06:33:42 -0600,e5139616a4f672c843a042f92228cebccf28c642,TX,48377,2,2022-11-09T01:00:00.000Z,FIPSCode,48377,0,2022-11-14T12:25:17.019Z,8,98.98,8,100,62962,1025,61.97,62492,550,33.25,63492,79,4.78,1671,99,1654,4047,8,8
1668429251,2022-11-14 06:34:11 -0600,13a3bd8820632d59ff7092c16cf884b43f67686f,TX,48377,2,2022-11-09T01:00:00.000Z,FIPSCode,48377,0,2022-11-14T12:25:17.019Z,8,98.98,8,100,62962,1025,61.97,62492,550,33.25,63492,79,4.78,1671,99,1654,4047,8,8
1668429269,2022-11-14 06:34:29 -0600,c03f4804e0a383f51d7a72bd2ba842277e30d366,TX,48377,2,2022-11-09T01:00:00.000Z,FIPSCode,48377,0,2022-11-14T12:25:17.019Z,8,98.98,8,100,62962,1025,61.97,62492,550,33.25,63492,79,4.78,1671,99,1654,4047,8,8
1668429299,2022-11-14 06:34:59 -0600,5a25c5054e1904bc1ab17a222f36e257982e6193,TX,48377,2,2022-11-09T01:00:00.000Z,FIPSCode,48377,0,2022-11-14T12:25:17.019Z,8,98.98,8,100,62962,1025,61.97,62492,550,33.25,63492,79,4.78,1671,99,1654,4047,8,8
1668429333,2022-11-14 06:35:33 -0600,c5bab503753886c062bee4b9304cb67e029c4d5b,TX,48377,2,2022-11-09T01:00:00.000Z,FIPSCode,48377,0,2022-11-14T12:25:17.019Z,8,98.98,8,100,62962,1025,61.97,62492,550,33.25,63492,79,4.78,1671,99,1654,4047,8,8
1668429368,2022-11-14 06:36:08 -0600,8e2637deaaf5655e0f955ca72fde264b627471a7,TX,48377,2,2022-11-09T01:00:00.000Z,FIPSCode,48377,0,2022-11-14T12:25:17.019Z,8,98.98,8,100,62962,1025,61.97,62492,550,33.25,63492,79,4.78,1671,99,1654,4047,8,8
1668429421,2022-11-14 06:37:01 -0600,8ad52b8a3ae0227deffb4e6578f1025e104c57eb,TX,48377,2,2022-11-09T01:00:00.000Z,FIPSCode,48377,0,2022-11-14T12:25:17.019Z,8,98.98,8,100,62962,1025,61.97,62492,550,33.25,63492,79,4.78,1671,99,1654,4047,8,8
1668429484,2022-11-14 06:38:04 -0600,8be22af273c9d226aa8365c48e4463ee9150d438,TX,48377,2,2022-11-09T01:00:00.000Z,FIPSCode,48377,0,2022-11-14T12:25:17.019Z,8,98.98,8,100,62962,1025,61.97,62492,550,33.25,63492,79,4.78,1671,99,1654,4047,8,8
1668429512,2022-11-14 06:38:32 -0600,4e2a04e5537f649f14f611bea6ab21091158f6c1,TX,48377,2,2022-11-09T01:00:00.000Z,FIPSCode,48377,0,2022-11-14T12:25:17.019Z,8,98.98,8,100,62962,1025,61.97,62492,550,33.25,63492,79,4.78,1671,99,1654,4047,8,8
1668429571,2022-11-14 06:39:31 -0600,64676dda991f535fdd71ecf377cce2bbd6d9fbaf,TX,48377,2,2022-11-09T01:00:00.000Z,FIPSCode,48377,0,2022-11-14T12:25:17.019Z,8,98.98,8,100,62962,1025,61.97,62492,550,33.25,63492,79,4.78,1671,99,1654,4047,8,8
1668429728,2022-11-14 06:42:08 -0600,9422a84e578ddcc6b85271c6d16213971c863bbd,TX,48377,2,2022-11-09T01:00:00.000Z,FIPSCode,48377,0,2022-11-14T12:25:17.019Z,8,98.98,8,100,62962,1025,61.97,62492,550,33.25,63492,79,4.78,1671,99,1654,4047,8,8
1668429751,2022-11-14 06:42:31 -0600,cc1cbd49f3d4d887a92850450618519a213cac4b,TX,48377,2,2022-11-09T01:00:00.000Z,FIPSCode,48377,0,2022-11-14T12:25:17.019Z,8,98.98,8,100,62962,1025,61.97,62492,550,33.25,63492,79,4.78,1671,99,1654,4047,8,8
1668429791,2022-11-14 06:43:11 -0600,4e05eb9e60eb87f1f45c455c48f69d60174d71b1,TX,48377,2,2022-11-09T01:00:00.000Z,FIPSCode,48377,0,2022-11-14T12:25:17.019Z,8,98.98,8,100,62962,1025,61.97,62492,550,33.25,63492,79,4.78,1671,99,1654,4047,8,8
1668429810,2022-11-14 06:43:30 -0600,e6b70ec3dcdcfcb7a983d5b7bc2fdd066a154f59,TX,48377,2,2022-11-09T01:00:00.000Z,FIPSCode,48377,0,2022-11-14T12:25:17.019Z,8,98.98,8,100,62962,1025,61.97,62492,550,33.25,63492,79,4.78,1671,99,1654,4047,8,8
1668429827,2022-11-14 06:43:47 -0600,96933523465801b71da13667f02ce2306b15d1b7,TX,48377,2,2022-11-09T01:00:00.000Z,FIPSCode,48377,0,2022-11-14T12:25:17.019Z,8,98.98,8,100,62962,1025,61.97,62492,550,33.25,63492,79,4.78,1671,99,1654,4047,8,8
1668429839,2022-11-14 06:43:59 -0600,fe061c8693cb77ac955bc93ebe3f4a431f69ebae,TX,48377,2,2022-11-09T01:00:00.000Z,FIPSCode,48377,0,2022-11-14T12:25:17.019Z,8,98.98,8,100,62962,1025,61.97,62492,550,33.25,63492,79,4.78,1671,99,1654,4047,8,8
1668429874,2022-11-14 06:44:34 -0600,c080d5346494c03d4c2a32156c3391f91d49277f,TX,48377,2,2022-11-09T01:00:00.000Z,FIPSCode,48377,0,2022-11-14T12:25:17.019Z,8,98.98,8,100,62962,1025,61.97,62492,550,33.25,63492,79,4.78,1671,99,1654,4047,8,8
1668429909,2022-11-14 06:45:09 -0600,ec16ff713e65f96bd44d73aeb24ddece32d81530,TX,48377,2,2022-11-09T01:00:00.000Z,FIPSCode,48377,0,2022-11-14T12:25:17.019Z,8,98.98,8,100,62962,1025,61.97,62492,550,33.25,63492,79,4.78,1671,99,1654,4047,8,8
1668429926,2022-11-14 06:45:26 -0600,d73240a6a24582b8e1e5abd079fadd0da596bcac,TX,48377,2,2022-11-09T01:00:00.000Z,FIPSCode,48377,0,2022-11-14T12:25:17.019Z,8,98.98,8,100,62962,1025,61.97,62492,550,33.25,63492,79,4.78,1671,99,1654,4047,8,8
1668429962,2022-11-14 06:46:02 -0600,e56dabc9bf1f9ecdee2cad7942c4b1ddef6a6ba3,TX,48377,2,2022-11-09T01:00:00.000Z,FIPSCode,48377,0,2022-11-14T12:25:17.019Z,8,98.98,8,100,62962,1025,61.97,62492,550,33.25,63492,79,4.78,1671,99,1654,4047,8,8
1668429997,2022-11-14 06:46:37 -0600,9f603554816d5e835ab30e150b84ff8254221349,TX,48377,2,2022-11-09T01:00:00.000Z,FIPSCode,48377,0,2022-11-14T12:25:17.019Z,8,98.98,8,100,62962,1025,61.97,62492,550,33.25,63492,79,4.78,1671,99,1654,4047,8,8
1668430025,2022-11-14 06:47:05 -0600,e639e4f75afe3523c043b88ffdb1b453f5504f92,TX,48377,2,2022-11-09T01:00:00.000Z,FIPSCode,48377,0,2022-11-14T12:25:17.019Z,8,98.98,8,100,62962,1025,61.97,62492,550,33.25,63492,79,4.78,1671,99,1654,4047,8,8
1668430088,2022-11-14 06:48:08 -0600,f799e3570560befc2c852b8e13e5e81a893f2245,TX,48377,2,2022-11-09T01:00:00.000Z,FIPSCode,48377,0,2022-11-14T12:25:17.019Z,8,98.98,8,100,62962,1025,61.97,62492,550,33.25,63492,79,4.78,1671,99,1654,4047,8,8
1668430116,2022-11-14 06:48:36 -0600,48f4d0cafc34e99f6c19ff03c518648f8efe62f0,TX,48377,2,2022-11-09T01:00:00.000Z,FIPSCode,48377,0,2022-11-14T12:25:17.019Z,8,98.98,8,100,62962,1025,61.97,62492,550,33.25,63492,79,4.78,1671,99,1654,4047,8,8
1668430150,2022-11-14 06:49:10 -0600,1b18390f1547ad56cbf9c4a97adb2ab716eb734d,TX,48377,2,2022-11-09T01:00:00.000Z,FIPSCode,48377,0,2022-11-14T12:25:17.019Z,8,98.98,8,100,62962,1025,61.97,62492,550,33.25,63492,79,4.78,1671,99,1654,4047,8,8
1668430173,2022-11-14 06:49:33 -0600,212e3d77366d6baa09a3afa204700d50c5662435,TX,48377,2,2022-11-09T01:00:00.000Z,FIPSCode,48377,0,2022-11-14T12:25:17.019Z,8,98.98,8,100,62962,1025,61.97,62492,550,33.25,63492,79,4.78,1671,99,1654,4047,8,8
1668430201,2022-11-14 06:50:01 -0600,417d42b84c323738a4adf92b2ab117d03b88a559,TX,48377,2,2022-11-09T01:00:00.000Z,FIPSCode,48377,0,2022-11-14T12:25:17.019Z,8,98.98,8,100,62962,1025,61.97,62492,550,33.25,63492,79,4.78,1671,99,1654,4047,8,8
1668430231,2022-11-14 06:50:31 -0600,6850f6036e942c598750e26a2a7e65f257690449,TX,48377,2,2022-11-09T01:00:00.000Z,FIPSCode,48377,0,2022-11-14T12:25:17.019Z,8,98.98,8,100,62962,1025,61.97,62492,550,33.25,63492,79,4.78,1671,99,1654,4047,8,8
1668430272,2022-11-14 06:51:12 -0600,8dfabed17580bd79fd974f8df1765b00ff8b32d9,TX,48377,2,2022-11-09T01:00:00.000Z,FIPSCode,48377,0,2022-11-14T12:50:38.521Z,8,98.98,8,100,62962,1025,61.97,62492,550,33.25,63492,79,4.78,1671,99,1654,4047,8,8
1668430312,2022-11-14 06:51:52 -0600,77ce41c1133e9777977e0ea7e386547578a5baf9,TX,48377,2,2022-11-09T01:00:00.000Z,FIPSCode,48377,0,2022-11-14T12:51:20.947Z,8,98.98,8,100,62962,1025,61.97,62492,550,33.25,63492,79,4.78,1671,99,1654,4047,8,8
1668430324,2022-11-14 06:52:04 -0600,b1a721e49ec7013b502ab07d34b5b65d1764e2ac,TX,48377,2,2022-11-09T01:00:00.000Z,FIPSCode,48377,0,2022-11-14T12:51:20.947Z,8,98.98,8,100,62962,1025,61.97,62492,550,33.25,63492,79,4.78,1671,99,1654,4047,8,8
1668430353,2022-11-14 06:52:33 -0600,344634daacbeee98bf4f52ef53a27cbbf95126ad,TX,48377,2,2022-11-09T01:00:00.000Z,FIPSCode,48377,0,2022-11-14T12:52:16.984Z,8,98.98,8,100,62962,1025,61.97,62492,550,33.25,63492,79,4.78,1671,99,1654,4047,8,8
1668430409,2022-11-14 06:53:29 -0600,ba912a97cbc9f9511f102ef4342c24044a21ad10,TX,48377,2,2022-11-09T01:00:00.000Z,FIPSCode,48377,0,2022-11-14T12:53:17.626Z,8,98.98,8,100,62962,1025,61.97,62492,550,33.25,63492,79,4.78,1671,99,1654,4047,8,8
1668430452,2022-11-14 06:54:12 -0600,31962182651466de949c6a4e9ee88762bcd28cb5,TX,48377,2,2022-11-09T01:00:00.000Z,FIPSCode,48377,0,2022-11-14T12:53:17.626Z,8,98.98,8,100,62962,1025,61.97,62492,550,33.25,63492,79,4.78,1671,99,1654,4047,8,8
1668430470,2022-11-14 06:54:30 -0600,c2ab77bc13b644e450004bd7615612b3f4a88dc3,TX,48377,2,2022-11-09T01:00:00.000Z,FIPSCode,48377,0,2022-11-14T12:53:17.626Z,8,98.98,8,100,62962,1025,61.97,62492,550,33.25,63492,79,4.78,1671,99,1654,4047,8,8
1668430483,2022-11-14 06:54:43 -0600,8ef1c56c765632e7e6051fd597d131c04809a4e0,TX,48377,2,2022-11-09T01:00:00.000Z,FIPSCode,48377,0,2022-11-14T12:53:17.626Z,8,98.98,8,100,62962,1025,61.97,62492,550,33.25,63492,79,4.78,1671,99,1654,4047,8,8
1668430495,2022-11-14 06:54:55 -0600,f38e7538edad21ef2531778c10847d6a6f50ab05,TX,48377,2,2022-11-09T01:00:00.000Z,FIPSCode,48377,0,2022-11-14T12:53:17.626Z,8,98.98,8,100,62962,1025,61.97,62492,550,33.25,63492,79,4.78,1671,99,1654,4047,8,8
1668430542,2022-11-14 06:55:42 -0600,c1bb1547c35ada8e68ea78495a37b2248f68764a,TX,48377,2,2022-11-09T01:00:00.000Z,FIPSCode,48377,0,2022-11-14T12:53:17.626Z,8,98.98,8,100,62962,1025,61.97,62492,550,33.25,63492,79,4.78,1671,99,1654,4047,8,8
1668430564,2022-11-14 06:56:04 -0600,adc785fe5d4a2fec3a48c4ac0d8b9a70156cd17a,TX,48377,2,2022-11-09T01:00:00.000Z,FIPSCode,48377,0,2022-11-14T12:53:17.626Z,8,98.98,8,100,62962,1025,61.97,62492,550,33.25,63492,79,4.78,1671,99,1654,4047,8,8
1668430601,2022-11-14 06:56:41 -0600,e9db50169be280b0f079978bd5a404028c0032a4,TX,48377,2,2022-11-09T01:00:00.000Z,FIPSCode,48377,0,2022-11-14T12:53:17.626Z,8,98.98,8,100,62962,1025,61.97,62492,550,33.25,63492,79,4.78,1671,99,1654,4047,8,8
1668430630,2022-11-14 06:57:10 -0600,262347f7810531f37e11da2a3417c7bb729356d8,TX,48377,2,2022-11-09T01:00:00.000Z,FIPSCode,48377,0,2022-11-14T12:53:17.626Z,8,98.98,8,100,62962,1025,61.97,62492,550,33.25,63492,79,4.78,1671,99,1654,4047,8,8
1668430664,2022-11-14 06:57:44 -0600,fc00086ef09636c25840a8aa084d1245b5ccdbb4,TX,48377,2,2022-11-09T01:00:00.000Z,FIPSCode,48377,0,2022-11-14T12:53:17.626Z,8,98.98,8,100,62962,1025,61.97,62492,550,33.25,63492,79,4.78,1671,99,1654,4047,8,8
1668430681,2022-11-14 06:58:01 -0600,76d6db4258377fcd3e0b892799beb20cc609da89,TX,48377,2,2022-11-09T01:00:00.000Z,FIPSCode,48377,0,2022-11-14T12:53:17.626Z,8,98.98,8,100,62962,1025,61.97,62492,550,33.25,63492,79,4.78,1671,99,1654,4047,8,8
1668430712,2022-11-14 06:58:32 -0600,ef31296f32aec076f28a9f1cc7e3f84bfdbbc3b8,TX,48377,2,2022-11-09T01:00:00.000Z,FIPSCode,48377,0,2022-11-14T12:53:17.626Z,8,98.98,8,100,62962,1025,61.97,62492,550,33.25,63492,79,4.78,1671,99,1654,4047,8,8
1668430770,2022-11-14 06:59:30 -0600,5a113977839c98e3fe98818c890b39f885aa03d3,TX,48377,2,2022-11-09T01:00:00.000Z,FIPSCode,48377,0,2022-11-14T12:53:17.626Z,8,98.98,8,100,62962,1025,61.97,62492,550,33.25,63492,79,4.78,1671,99,1654,4047,8,8
1668430865,2022-11-14 07:01:05 -0600,e2dcd91346f9c26eef035f6528e9e1e29abba42c,TX,48377,2,2022-11-09T01:00:00.000Z,FIPSCode,48377,0,2022-11-14T12:53:17.626Z,8,98.98,8,100,62962,1025,61.97,62492,550,33.25,63492,79,4.78,1671,99,1654,4047,8,8
1668430894,2022-11-14 07:01:34 -0600,137eb9a9ead8ce350aefaab2ac15b75f1a10a454,TX,48377,2,2022-11-09T01:00:00.000Z,FIPSCode,48377,0,2022-11-14T12:53:17.626Z,8,98.98,8,100,62962,1025,61.97,62492,550,33.25,63492,79,4.78,1671,99,1654,4047,8,8
1668431155,2022-11-14 07:05:55 -0600,c0dcd7d23b861af021c5b2a1f9b935983e9f26ee,TX,48377,2,2022-11-09T01:00:00.000Z,FIPSCode,48377,0,2022-11-14T12:53:17.626Z,8,98.98,8,100,62962,1025,61.97,62492,550,33.25,63492,79,4.78,1671,99,1654,4047,8,8
1668431166,2022-11-14 07:06:06 -0600,638c1fbf3d4ec01a974bb7e918b12a19f81bc009,TX,48377,2,2022-11-09T01:00:00.000Z,FIPSCode,48377,0,2022-11-14T12:53:17.626Z,8,98.98,8,100,62962,1025,61.97,62492,550,33.25,63492,79,4.78,1671,99,1654,4047,8,8
1668431195,2022-11-14 07:06:35 -0600,9bccd2fcabbf183577429767f5139c86303effad,TX,48377,2,2022-11-09T01:00:00.000Z,FIPSCode,48377,0,2022-11-14T12:53:17.626Z,8,98.98,8,100,62962,1025,61.97,62492,550,33.25,63492,79,4.78,1671,99,1654,4047,8,8
1668431207,2022-11-14 07:06:47 -0600,f6dff05e2119da06f12bdcb8621717040164c42f,TX,48377,2,2022-11-09T01:00:00.000Z,FIPSCode,48377,0,2022-11-14T12:53:17.626Z,8,98.98,8,100,62962,1025,61.97,62492,550,33.25,63492,79,4.78,1671,99,1654,4047,8,8
1668431218,2022-11-14 07:06:58 -0600,e00b2a5c31b8757adc37af0336061a4d7d8665d4,TX,48377,2,2022-11-09T01:00:00.000Z,FIPSCode,48377,0,2022-11-14T12:53:17.626Z,8,98.98,8,100,62962,1025,61.97,62492,550,33.25,63492,79,4.78,1671,99,1654,4047,8,8
1668431253,2022-11-14 07:07:33 -0600,89357fba304ff3870fb51e5db524f0f75468c401,TX,48377,2,2022-11-09T01:00:00.000Z,FIPSCode,48377,0,2022-11-14T12:53:17.626Z,8,98.98,8,100,62962,1025,61.97,62492,550,33.25,63492,79,4.78,1671,99,1654,4047,8,8
1668431278,2022-11-14 07:07:58 -0600,63614b194903b73d1f4bc6a3f6fcc4dd2db0bff0,TX,48377,2,2022-11-09T01:00:00.000Z,FIPSCode,48377,0,2022-11-14T12:53:17.626Z,8,98.98,8,100,62962,1025,61.97,62492,550,33.25,63492,79,4.78,1671,99,1654,4047,8,8
1668431318,2022-11-14 07:08:38 -0600,ff31b444394553fb5b8d971b0c56c0bde5964051,TX,48377,2,2022-11-09T01:00:00.000Z,FIPSCode,48377,0,2022-11-14T12:53:17.626Z,8,98.98,8,100,62962,1025,61.97,62492,550,33.25,63492,79,4.78,1671,99,1654,4047,8,8
1668431371,2022-11-14 07:09:31 -0600,c877c5e75f9d254f4668b5efa14980eb890e4dbc,TX,48377,2,2022-11-09T01:00:00.000Z,FIPSCode,48377,0,2022-11-14T12:53:17.626Z,8,98.98,8,100,62962,1025,61.97,62492,550,33.25,63492,79,4.78,1671,99,1654,4047,8,8
1668431429,2022-11-14 07:10:29 -0600,d23d00bdd16ee5acb7bf5de16c145328b2f4c745,TX,48377,2,2022-11-09T01:00:00.000Z,FIPSCode,48377,0,2022-11-14T12:53:17.626Z,8,98.98,8,100,62962,1025,61.97,62492,550,33.25,63492,79,4.78,1671,99,1654,4047,8,8
1668431453,2022-11-14 07:10:53 -0600,0f26107f81b1252e15d6aecc745ea701f139f966,TX,48377,2,2022-11-09T01:00:00.000Z,FIPSCode,48377,0,2022-11-14T12:53:17.626Z,8,98.98,8,100,62962,1025,61.97,62492,550,33.25,63492,79,4.78,1671,99,1654,4047,8,8
1668431489,2022-11-14 07:11:29 -0600,3f27f66a928ccbf5b2ca0d08cf67a4015cbd2661,TX,48377,2,2022-11-09T01:00:00.000Z,FIPSCode,48377,0,2022-11-14T12:53:17.626Z,8,98.98,8,100,62962,1025,61.97,62492,550,33.25,63492,79,4.78,1671,99,1654,4047,8,8
1668431509,2022-11-14 07:11:49 -0600,e204cb284914fe36ab395af9a81a92a95e089c59,TX,48377,2,2022-11-09T01:00:00.000Z,FIPSCode,48377,0,2022-11-14T12:53:17.626Z,8,98.98,8,100,62962,1025,61.97,62492,550,33.25,63492,79,4.78,1671,99,1654,4047,8,8
1668431515,2022-11-14 07:11:55 -0600,edc9ad627a3378a383d5522fbd81fcc18bbec6a8,TX,48377,2,2022-11-09T01:00:00.000Z,FIPSCode,48377,0,2022-11-14T12:53:17.626Z,8,98.98,8,100,62962,1025,61.97,62492,550,33.25,63492,79,4.78,1671,99,1654,4047,8,8
1668431548,2022-11-14 07:12:28 -0600,9aec893592f9535ac0623b9dae320d4864de09d6,TX,48377,2,2022-11-09T01:00:00.000Z,FIPSCode,48377,0,2022-11-14T12:53:17.626Z,8,98.98,8,100,62962,1025,61.97,62492,550,33.25,63492,79,4.78,1671,99,1654,4047,8,8
1668431577,2022-11-14 07:12:57 -0600,e5286d6ebc93bd51709754955c300fe9014ccd75,TX,48377,2,2022-11-09T01:00:00.000Z,FIPSCode,48377,0,2022-11-14T12:53:17.626Z,8,98.98,8,100,62962,1025,61.97,62492,550,33.25,63492,79,4.78,1671,99,1654,4047,8,8
1668431617,2022-11-14 07:13:37 -0600,fec1fdf1371a1c6daa835a66db70b5d295f2a3b0,TX,48377,2,2022-11-09T01:00:00.000Z,FIPSCode,48377,0,2022-11-14T12:53:17.626Z,8,98.98,8,100,62962,1025,61.97,62492,550,33.25,63492,79,4.78,1671,99,1654,4047,8,8
1668431629,2022-11-14 07:13:49 -0600,ac6af40b720e4775514e85e2220209d6507808bb,TX,48377,2,2022-11-09T01:00:00.000Z,FIPSCode,48377,0,2022-11-14T12:53:17.626Z,8,98.98,8,100,62962,1025,61.97,62492,550,33.25,63492,79,4.78,1671,99,1654,4047,8,8
1668431645,2022-11-14 07:14:05 -0600,1e51c634e41b1f07201010ba1c8ae59ccc1042c0,TX,48377,2,2022-11-09T01:00:00.000Z,FIPSCode,48377,0,2022-11-14T12:53:17.626Z,8,98.98,8,100,62962,1025,61.97,62492,550,33.25,63492,79,4.78,1671,99,1654,4047,8,8
1668431675,2022-11-14 07:14:35 -0600,237b791194180140e3383dc2676e053f52d4b1e6,TX,48377,2,2022-11-09T01:00:00.000Z,FIPSCode,48377,0,2022-11-14T12:53:17.626Z,8,98.98,8,100,62962,1025,61.97,62492,550,33.25,63492,79,4.78,1671,99,1654,4047,8,8
1668431736,2022-11-14 07:15:36 -0600,ff0eeb2e79e5d4c1f0ee0935e35a7b0fb6e5183d,TX,48377,2,2022-11-09T01:00:00.000Z,FIPSCode,48377,0,2022-11-14T12:53:17.626Z,8,98.98,8,100,62962,1025,61.97,62492,550,33.25,63492,79,4.78,1671,99,1654,4047,8,8
1668431798,2022-11-14 07:16:38 -0600,9eadec14f509aee242c8b3f77510f5f114ac1eb1,TX,48377,2,2022-11-09T01:00:00.000Z,FIPSCode,48377,0,2022-11-14T12:53:17.626Z,8,98.98,8,100,62962,1025,61.97,62492,550,33.25,63492,79,4.78,1671,99,1654,4047,8,8
1668431827,2022-11-14 07:17:07 -0600,15f5f9783059b7301a1f5ea28d57463e9e9b585d,TX,48377,2,2022-11-09T01:00:00.000Z,FIPSCode,48377,0,2022-11-14T12:53:17.626Z,8,98.98,8,100,62962,1025,61.97,62492,550,33.25,63492,79,4.78,1671,99,1654,4047,8,8
1668431857,2022-11-14 07:17:37 -0600,51bedddb9bdd55f40db775ef1638583501436ec1,TX,48377,2,2022-11-09T01:00:00.000Z,FIPSCode,48377,0,2022-11-14T12:53:17.626Z,8,98.98,8,100,62962,1025,61.97,62492,550,33.25,63492,79,4.78,1671,99,1654,4047,8,8
1668431879,2022-11-14 07:17:59 -0600,00316b68f795b2cf3e2651bb941417350b2b2d2a,TX,48377,2,2022-11-09T01:00:00.000Z,FIPSCode,48377,0,2022-11-14T12:53:17.626Z,8,98.98,8,100,62962,1025,61.97,62492,550,33.25,63492,79,4.78,1671,99,1654,4047,8,8
1668431966,2022-11-14 07:19:26 -0600,dec2e2abcd14dd16ac241b27bef521bd6a26b588,TX,48377,2,2022-11-09T01:00:00.000Z,FIPSCode,48377,0,2022-11-14T12:53:17.626Z,8,98.98,8,100,62962,1025,61.97,62492,550,33.25,63492,79,4.78,1671,99,1654,4047,8,8
1668431980,2022-11-14 07:19:40 -0600,20b2bf794b83c434c15ac14005678e80611e98f7,TX,48377,2,2022-11-09T01:00:00.000Z,FIPSCode,48377,0,2022-11-14T13:19:17.085Z,8,98.98,8,100,62962,1025,61.97,62492,550,33.25,63492,79,4.78,1671,99,1654,4047,8,8
1668431997,2022-11-14 07:19:57 -0600,120e9b6829e7d4010a4ca772060fcc3ce0a65bce,TX,48377,2,2022-11-09T01:00:00.000Z,FIPSCode,48377,0,2022-11-14T13:19:17.085Z,8,98.98,8,100,62962,1025,61.97,62492,550,33.25,63492,79,4.78,1671,99,1654,4047,8,8
1668432016,2022-11-14 07:20:16 -0600,75a2a54b43fa7cb17d4e0e71017af0564368bb9f,TX,48377,2,2022-11-09T01:00:00.000Z,FIPSCode,48377,0,2022-11-14T13:19:17.085Z,8,98.98,8,100,62962,1025,61.97,62492,550,33.25,63492,79,4.78,1671,99,1654,4047,8,8
1668432028,2022-11-14 07:20:28 -0600,14816c3504f3bb19455fb4b1da7fcc428b05e96c,TX,48377,2,2022-11-09T01:00:00.000Z,FIPSCode,48377,0,2022-11-14T13:19:17.085Z,8,98.98,8,100,62962,1025,61.97,62492,550,33.25,63492,79,4.78,1671,99,1654,4047,8,8
1668432035,2022-11-14 07:20:35 -0600,bf6941942db0de5890ed180d03203b1e7c244dfc,TX,48377,2,2022-11-09T01:00:00.000Z,FIPSCode,48377,0,2022-11-14T13:19:17.085Z,8,98.98,8,100,62962,1025,61.97,62492,550,33.25,63492,79,4.78,1671,99,1654,4047,8,8
1668432063,2022-11-14 07:21:03 -0600,a30cd413897c0b315953efb64be8beb46159ab45,TX,48377,2,2022-11-09T01:00:00.000Z,FIPSCode,48377,0,2022-11-14T13:20:35.738Z,8,98.98,8,100,62962,1025,61.97,62492,550,33.25,63492,79,4.78,1671,99,1654,4047,8,8
1668432099,2022-11-14 07:21:39 -0600,c5e1514b5747b5fdac8b7b1c4232ff6f91af8725,TX,48377,2,2022-11-09T01:00:00.000Z,FIPSCode,48377,0,2022-11-14T13:21:17.345Z,8,98.98,8,100,62962,1025,61.97,62492,550,33.25,63492,79,4.78,1671,99,1654,4047,8,8
1668432123,2022-11-14 07:22:03 -0600,6755b0884a0c371ee03a128801808e7000eb90aa,TX,48377,2,2022-11-09T01:00:00.000Z,FIPSCode,48377,0,2022-11-14T13:21:17.345Z,8,98.98,8,100,62962,1025,61.97,62492,550,33.25,63492,79,4.78,1671,99,1654,4047,8,8
1668432362,2022-11-14 07:26:02 -0600,732681777b9a6919cc3d11517bd5e42733f6e337,TX,48377,2,2022-11-09T01:00:00.000Z,FIPSCode,48377,0,2022-11-14T13:21:17.345Z,8,98.98,8,100,62962,1025,61.97,62492,550,33.25,63492,79,4.78,1671,99,1654,4047,8,8
1668432390,2022-11-14 07:26:30 -0600,30bf7fc6639bd4173025cb1909124865dd01dae9,TX,48377,2,2022-11-09T01:00:00.000Z,FIPSCode,48377,0,2022-11-14T13:21:17.345Z,8,98.98,8,100,62962,1025,61.97,62492,550,33.25,63492,79,4.78,1671,99,1654,4047,8,8
1668432402,2022-11-14 07:26:42 -0600,3e5c4cb40ce9a948dc1f3c7ff05bf1a33a34ee05,TX,48377,2,2022-11-09T01:00:00.000Z,FIPSCode,48377,0,2022-11-14T13:21:17.345Z,8,98.98,8,100,62962,1025,61.97,62492,550,33.25,63492,79,4.78,1671,99,1654,4047,8,8
1668432420,2022-11-14 07:27:00 -0600,09bd48f9058ecf8ec7eb6773634fd698f5854497,TX,48377,2,2022-11-09T01:00:00.000Z,FIPSCode,48377,0,2022-11-14T13:21:17.345Z,8,98.98,8,100,62962,1025,61.97,62492,550,33.25,63492,79,4.78,1671,99,1654,4047,8,8
1668432453,2022-11-14 07:27:33 -0600,932e0db794d755ae48917079ca3ac1c67788a8c6,TX,48377,2,2022-11-09T01:00:00.000Z,FIPSCode,48377,0,2022-11-14T13:21:17.345Z,8,98.98,8,100,62962,1025,61.97,62492,550,33.25,63492,79,4.78,1671,99,1654,4047,8,8
1668432510,2022-11-14 07:28:30 -0600,85aebc9addb857ebb5e47b7ede908f881aa6b8c2,TX,48377,2,2022-11-09T01:00:00.000Z,FIPSCode,48377,0,2022-11-14T13:21:17.345Z,8,98.98,8,100,62962,1025,61.97,62492,550,33.25,63492,79,4.78,1671,99,1654,4047,8,8
1668432694,2022-11-14 07:31:34 -0600,076fd20caa7246da95d7c67ece094cfb9add1d31,TX,48377,2,2022-11-09T01:00:00.000Z,FIPSCode,48377,0,2022-11-14T13:21:17.345Z,8,98.98,8,100,62962,1025,61.97,62492,550,33.25,63492,79,4.78,1671,99,1654,4047,8,8
1668432709,2022-11-14 07:31:49 -0600,45b531d62c6982520e2175e7e928c6e610576786,TX,48377,2,2022-11-09T01:00:00.000Z,FIPSCode,48377,0,2022-11-14T13:21:17.345Z,8,98.98,8,100,62962,1025,61.97,62492,550,33.25,63492,79,4.78,1671,99,1654,4047,8,8
1668432721,2022-11-14 07:32:01 -0600,1b5a68f7b9387e70733de4e6f7140052600bab5a,TX,48377,2,2022-11-09T01:00:00.000Z,FIPSCode,48377,0,2022-11-14T13:21:17.345Z,8,98.98,8,100,62962,1025,61.97,62492,550,33.25,63492,79,4.78,1671,99,1654,4047,8,8
1668432751,2022-11-14 07:32:31 -0600,20fc29f455c00c2ba2df4dbd3889494d167416db,TX,48377,2,2022-11-09T01:00:00.000Z,FIPSCode,48377,0,2022-11-14T13:21:17.345Z,8,98.98,8,100,62962,1025,61.97,62492,550,33.25,63492,79,4.78,1671,99,1654,4047,8,8
1668432776,2022-11-14 07:32:56 -0600,b328bc0a14478b6a57dc951b162bbf45f6972899,TX,48377,2,2022-11-09T01:00:00.000Z,FIPSCode,48377,0,2022-11-14T13:21:17.345Z,8,98.98,8,100,62962,1025,61.97,62492,550,33.25,63492,79,4.78,1671,99,1654,4047,8,8
1668432812,2022-11-14 07:33:32 -0600,ecccac39e21202709a5e94a04df840bad8eae28b,TX,48377,2,2022-11-09T01:00:00.000Z,FIPSCode,48377,0,2022-11-14T13:21:17.345Z,8,98.98,8,100,62962,1025,61.97,62492,550,33.25,63492,79,4.78,1671,99,1654,4047,8,8
1668432824,2022-11-14 07:33:44 -0600,c5ed9585494276fb28159167591fcf8ba0f8add2,TX,48377,2,2022-11-09T01:00:00.000Z,FIPSCode,48377,0,2022-11-14T13:21:17.345Z,8,98.98,8,100,62962,1025,61.97,62492,550,33.25,63492,79,4.78,1671,99,1654,4047,8,8
1668432880,2022-11-14 07:34:40 -0600,cf9b6a8620d36af515c16a0d38f11b99038ca2e7,TX,48377,2,2022-11-09T01:00:00.000Z,FIPSCode,48377,0,2022-11-14T13:21:17.345Z,8,98.98,8,100,62962,1025,61.97,62492,550,33.25,63492,79,4.78,1671,99,1654,4047,8,8
1668432892,2022-11-14 07:34:52 -0600,ddc34917edd02a57c9a77379b34bb202159a07cd,TX,48377,2,2022-11-09T01:00:00.000Z,FIPSCode,48377,0,2022-11-14T13:21:17.345Z,8,98.98,8,100,62962,1025,61.97,62492,550,33.25,63492,79,4.78,1671,99,1654,4047,8,8
1668432931,2022-11-14 07:35:31 -0600,c5065196347275b8dbf324ef49cb37201e0d7113,TX,48377,2,2022-11-09T01:00:00.000Z,FIPSCode,48377,0,2022-11-14T13:35:18.082Z,8,98.98,8,100,62962,1025,61.97,62492,550,33.25,63492,79,4.78,1671,99,1654,4047,8,8
1668432948,2022-11-14 07:35:48 -0600,82065259e1a3fa260a0ea192f825b22b8de0b920,TX,48377,2,2022-11-09T01:00:00.000Z,FIPSCode,48377,0,2022-11-14T13:35:18.082Z,8,98.98,8,100,62962,1025,61.97,62492,550,33.25,63492,79,4.78,1671,99,1654,4047,8,8
1668432994,2022-11-14 07:36:34 -0600,579fd184d484f82bf5b57981c7f24644c25a8fee,TX,48377,2,2022-11-09T01:00:00.000Z,FIPSCode,48377,0,2022-11-14T13:35:18.082Z,8,98.98,8,100,62962,1025,61.97,62492,550,33.25,63492,79,4.78,1671,99,1654,4047,8,8
1668433017,2022-11-14 07:36:57 -0600,7cbccb09b4fa7419b5103e920657f5a451e6b2e7,TX,48377,2,2022-11-09T01:00:00.000Z,FIPSCode,48377,0,2022-11-14T13:36:37.241Z,8,98.98,8,100,62962,1025,61.97,62492,550,33.25,63492,79,4.78,1671,99,1654,4047,8,8
1668433054,2022-11-14 07:37:34 -0600,b36b1fa69be6436ab7b2a5a72fc515e17889aede,TX,48377,2,2022-11-09T01:00:00.000Z,FIPSCode,48377,0,2022-11-14T13:37:16.476Z,8,98.98,8,100,62962,1025,61.97,62492,550,33.25,63492,79,4.78,1671,99,1654,4047,8,8
1668433077,2022-11-14 07:37:57 -0600,e430c2425c4f97b251879a0ffed9c12d141196c5,TX,48377,2,2022-11-09T01:00:00.000Z,FIPSCode,48377,0,2022-11-14T13:37:16.476Z,8,98.98,8,100,62962,1025,61.97,62492,550,33.25,63492,79,4.78,1671,99,1654,4047,8,8
1668433111,2022-11-14 07:38:31 -0600,5ac1ee9395f46da19b33c68cec54ced33937d116,TX,48377,2,2022-11-09T01:00:00.000Z,FIPSCode,48377,0,2022-11-14T13:37:16.476Z,8,98.98,8,100,62962,1025,61.97,62492,550,33.25,63492,79,4.78,1671,99,1654,4047,8,8
1668433134,2022-11-14 07:38:54 -0600,2ad52626b663c744e96b95c2eaa312647aface0f,TX,48377,2,2022-11-09T01:00:00.000Z,FIPSCode,48377,0,2022-11-14T13:37:16.476Z,8,98.98,8,100,62962,1025,61.97,62492,550,33.25,63492,79,4.78,1671,99,1654,4047,8,8
1668433174,2022-11-14 07:39:34 -0600,70226bdfaa7803daeb651714bc06ffc342792231,TX,48377,2,2022-11-09T01:00:00.000Z,FIPSCode,48377,0,2022-11-14T13:37:16.476Z,8,98.98,8,100,62962,1025,61.97,62492,550,33.25,63492,79,4.78,1671,99,1654,4047,8,8
1668433226,2022-11-14 07:40:26 -0600,1eb0d4d7f619ba26404ce7002aeb0e519742aa46,TX,48377,2,2022-11-09T01:00:00.000Z,FIPSCode,48377,0,2022-11-14T13:37:16.476Z,8,98.98,8,100,62962,1025,61.97,62492,550,33.25,63492,79,4.78,1671,99,1654,4047,8,8
1668433295,2022-11-14 07:41:35 -0600,4d85ba50e42a18a4f6613cb6875e88a39ace4adb,TX,48377,2,2022-11-09T01:00:00.000Z,FIPSCode,48377,0,2022-11-14T13:37:16.476Z,8,98.98,8,100,62962,1025,61.97,62492,550,33.25,63492,79,4.78,1671,99,1654,4047,8,8
1668433358,2022-11-14 07:42:38 -0600,7dda27acf3e30be85946adb2c4ae4a8b849c7446,TX,48377,2,2022-11-09T01:00:00.000Z,FIPSCode,48377,0,2022-11-14T13:37:16.476Z,8,98.98,8,100,62962,1025,61.97,62492,550,33.25,63492,79,4.78,1671,99,1654,4047,8,8
1668433376,2022-11-14 07:42:56 -0600,aa9b943d057e4221f2154457cd364007b0f85444,TX,48377,2,2022-11-09T01:00:00.000Z,FIPSCode,48377,0,2022-11-14T13:37:16.476Z,8,98.98,8,100,62962,1025,61.97,62492,550,33.25,63492,79,4.78,1671,99,1654,4047,8,8
1668433415,2022-11-14 07:43:35 -0600,da1cf442edd0c75b864ad805cdc73aa9f0db4d7a,TX,48377,2,2022-11-09T01:00:00.000Z,FIPSCode,48377,0,2022-11-14T13:37:16.476Z,8,98.98,8,100,62962,1025,61.97,62492,550,33.25,63492,79,4.78,1671,99,1654,4047,8,8
1668433441,2022-11-14 07:44:01 -0600,4c9be845208477e1bc3ea87130c387a8205f8a23,TX,48377,2,2022-11-09T01:00:00.000Z,FIPSCode,48377,0,2022-11-14T13:37:16.476Z,8,98.98,8,100,62962,1025,61.97,62492,550,33.25,63492,79,4.78,1671,99,1654,4047,8,8
1668433477,2022-11-14 07:44:37 -0600,05374cbbd9e8abe2bd23897713051a0e384e7012,TX,48377,2,2022-11-09T01:00:00.000Z,FIPSCode,48377,0,2022-11-14T13:37:16.476Z,8,98.98,8,100,62962,1025,61.97,62492,550,33.25,63492,79,4.78,1671,99,1654,4047,8,8
1668433489,2022-11-14 07:44:49 -0600,ccde4cbacdc16e83d14b51cd33a1db7982f6fd3c,TX,48377,2,2022-11-09T01:00:00.000Z,FIPSCode,48377,0,2022-11-14T13:37:16.476Z,8,98.98,8,100,62962,1025,61.97,62492,550,33.25,63492,79,4.78,1671,99,1654,4047,8,8
1668433533,2022-11-14 07:45:33 -0600,c0d0c44e048399b0034db837af892ff3f28f4d3b,TX,48377,2,2022-11-09T01:00:00.000Z,FIPSCode,48377,0,2022-11-14T13:37:16.476Z,8,98.98,8,100,62962,1025,61.97,62492,550,33.25,63492,79,4.78,1671,99,1654,4047,8,8
1668433539,2022-11-14 07:45:39 -0600,7be5baf77f20770d2d6a8d12a3af7fe383f85823,TX,48377,2,2022-11-09T01:00:00.000Z,FIPSCode,48377,0,2022-11-14T13:37:16.476Z,8,98.98,8,100,62962,1025,61.97,62492,550,33.25,63492,79,4.78,1671,99,1654,4047,8,8
1668433565,2022-11-14 07:46:05 -0600,251bac5433e0d8241cb45d0600b9feb426c8c255,TX,48377,2,2022-11-09T01:00:00.000Z,FIPSCode,48377,0,2022-11-14T13:37:16.476Z,8,98.98,8,100,62962,1025,61.97,62492,550,33.25,63492,79,4.78,1671,99,1654,4047,8,8
1668433590,2022-11-14 07:46:30 -0600,b989b46d28a13cec0ab72a8c026bc63b03d67f38,TX,48377,2,2022-11-09T01:00:00.000Z,FIPSCode,48377,0,2022-11-14T13:37:16.476Z,8,98.98,8,100,62962,1025,61.97,62492,550,33.25,63492,79,4.78,1671,99,1654,4047,8,8
1668433630,2022-11-14 07:47:10 -0600,24a268f52ec52dcafec113676b0bd23c869804bf,TX,48377,2,2022-11-09T01:00:00.000Z,FIPSCode,48377,0,2022-11-14T13:37:16.476Z,8,98.98,8,100,62962,1025,61.97,62492,550,33.25,63492,79,4.78,1671,99,1654,4047,8,8
1668433648,2022-11-14 07:47:28 -0600,48e09d32fbec8477efe69b45c1ab5f5a7239fb9d,TX,48377,2,2022-11-09T01:00:00.000Z,FIPSCode,48377,0,2022-11-14T13:37:16.476Z,8,98.98,8,100,62962,1025,61.97,62492,550,33.25,63492,79,4.78,1671,99,1654,4047,8,8
1668433684,2022-11-14 07:48:04 -0600,c8406a18448df441e384bc49d7e77f2167202aa5,TX,48377,2,2022-11-09T01:00:00.000Z,FIPSCode,48377,0,2022-11-14T13:37:16.476Z,8,98.98,8,100,62962,1025,61.97,62492,550,33.25,63492,79,4.78,1671,99,1654,4047,8,8
1668433713,2022-11-14 07:48:33 -0600,1ba4c72e4b2ee4d2e10202a8404940c81598c0a8,TX,48377,2,2022-11-09T01:00:00.000Z,FIPSCode,48377,0,2022-11-14T13:37:16.476Z,8,98.98,8,100,62962,1025,61.97,62492,550,33.25,63492,79,4.78,1671,99,1654,4047,8,8
1668433865,2022-11-14 07:51:05 -0600,33b60af3eec4419bf0337896a99c157845f2f8d5,TX,48377,2,2022-11-09T01:00:00.000Z,FIPSCode,48377,0,2022-11-14T13:37:16.476Z,8,98.98,8,100,62962,1025,61.97,62492,550,33.25,63492,79,4.78,1671,99,1654,4047,8,8
1668433894,2022-11-14 07:51:34 -0600,c04e30b691f82cf643a8c38e0c94f6bfcc38080c,TX,48377,2,2022-11-09T01:00:00.000Z,FIPSCode,48377,0,2022-11-14T13:37:16.476Z,8,98.98,8,100,62962,1025,61.97,62492,550,33.25,63492,79,4.78,1671,99,1654,4047,8,8
1668433928,2022-11-14 07:52:08 -0600,ca477994b1592703398dd83477ee273148f7b9b0,TX,48377,2,2022-11-09T01:00:00.000Z,FIPSCode,48377,0,2022-11-14T13:37:16.476Z,8,98.98,8,100,62962,1025,61.97,62492,550,33.25,63492,79,4.78,1671,99,1654,4047,8,8
1668433946,2022-11-14 07:52:26 -0600,f82662bff9dff645eb169fb5b578459f821388ec,TX,48377,2,2022-11-09T01:00:00.000Z,FIPSCode,48377,0,2022-11-14T13:37:16.476Z,8,98.98,8,100,62962,1025,61.97,62492,550,33.25,63492,79,4.78,1671,99,1654,4047,8,8
1668433958,2022-11-14 07:52:38 -0600,dff0b1320758b37983c17962c56f1d80ec18132a,TX,48377,2,2022-11-09T01:00:00.000Z,FIPSCode,48377,0,2022-11-14T13:37:16.476Z,8,98.98,8,100,62962,1025,61.97,62492,550,33.25,63492,79,4.78,1671,99,1654,4047,8,8
1668434017,2022-11-14 07:53:37 -0600,fdbf52919b4792130cbed8a779565a48d768f4e6,TX,48377,2,2022-11-09T01:00:00.000Z,FIPSCode,48377,0,2022-11-14T13:37:16.476Z,8,98.98,8,100,62962,1025,61.97,62492,550,33.25,63492,79,4.78,1671,99,1654,4047,8,8
1668434040,2022-11-14 07:54:00 -0600,895f6eeef1af35296b55356b5da61d7320c992f3,TX,48377,2,2022-11-09T01:00:00.000Z,FIPSCode,48377,0,2022-11-14T13:37:16.476Z,8,98.98,8,100,62962,1025,61.97,62492,550,33.25,63492,79,4.78,1671,99,1654,4047,8,8
1668434080,2022-11-14 07:54:40 -0600,cd0be2fc8ebdca64541998f133dad39eac981223,TX,48377,2,2022-11-09T01:00:00.000Z,FIPSCode,48377,0,2022-11-14T13:37:16.476Z,8,98.98,8,100,62962,1025,61.97,62492,550,33.25,63492,79,4.78,1671,99,1654,4047,8,8
1668434095,2022-11-14 07:54:55 -0600,7b07586ab0b4ae4e3b86313bc3315ca10da92a60,TX,48377,2,2022-11-09T01:00:00.000Z,FIPSCode,48377,0,2022-11-14T13:37:16.476Z,8,98.98,8,100,62962,1025,61.97,62492,550,33.25,63492,79,4.78,1671,99,1654,4047,8,8
1668434113,2022-11-14 07:55:13 -0600,079d6c5275601f4f75142d0566aa93cdc876251b,TX,48377,2,2022-11-09T01:00:00.000Z,FIPSCode,48377,0,2022-11-14T13:37:16.476Z,8,98.98,8,100,62962,1025,61.97,62492,550,33.25,63492,79,4.78,1671,99,1654,4047,8,8
1668434132,2022-11-14 07:55:32 -0600,ea1fee13307462baef1ab9a278cc688ba08577e5,TX,48377,2,2022-11-09T01:00:00.000Z,FIPSCode,48377,0,2022-11-14T13:37:16.476Z,8,98.98,8,100,62962,1025,61.97,62492,550,33.25,63492,79,4.78,1671,99,1654,4047,8,8
1668434166,2022-11-14 07:56:06 -0600,e5d996f8b565cfcaeffa20fad2fd01cc8435ece2,TX,48377,2,2022-11-09T01:00:00.000Z,FIPSCode,48377,0,2022-11-14T13:37:16.476Z,8,98.98,8,100,62962,1025,61.97,62492,550,33.25,63492,79,4.78,1671,99,1654,4047,8,8
1668434209,2022-11-14 07:56:49 -0600,9b05ba6addaf593663486877e9ff9372e84efeab,TX,48377,2,2022-11-09T01:00:00.000Z,FIPSCode,48377,0,2022-11-14T13:37:16.476Z,8,98.98,8,100,62962,1025,61.97,62492,550,33.25,63492,79,4.78,1671,99,1654,4047,8,8
1668434222,2022-11-14 07:57:02 -0600,beab854fab83aede8dbc3e67e8f6088de2b8b4b8,TX,48377,2,2022-11-09T01:00:00.000Z,FIPSCode,48377,0,2022-11-14T13:37:16.476Z,8,98.98,8,100,62962,1025,61.97,62492,550,33.25,63492,79,4.78,1671,99,1654,4047,8,8
1668434251,2022-11-14 07:57:31 -0600,9c76aa45aee54330afd58e4f5af2c3378e4ec1be,TX,48377,2,2022-11-09T01:00:00.000Z,FIPSCode,48377,0,2022-11-14T13:37:16.476Z,8,98.98,8,100,62962,1025,61.97,62492,550,33.25,63492,79,4.78,1671,99,1654,4047,8,8
1668434285,2022-11-14 07:58:05 -0600,a39e35e145b35127ac519b5fea1aff6d8bee166d,TX,48377,2,2022-11-09T01:00:00.000Z,FIPSCode,48377,0,2022-11-14T13:37:16.476Z,8,98.98,8,100,62962,1025,61.97,62492,550,33.25,63492,79,4.78,1671,99,1654,4047,8,8
1668434314,2022-11-14 07:58:34 -0600,7c2ad2b835f8a152f4c2ec1761f9a8fb7cab105c,TX,48377,2,2022-11-09T01:00:00.000Z,FIPSCode,48377,0,2022-11-14T13:37:16.476Z,8,98.98,8,100,62962,1025,61.97,62492,550,33.25,63492,79,4.78,1671,99,1654,4047,8,8
1668434372,2022-11-14 07:59:32 -0600,dcba4f58265f472322772059173392e98bed0663,TX,48377,2,2022-11-09T01:00:00.000Z,FIPSCode,48377,0,2022-11-14T13:37:16.476Z,8,98.98,8,100,62962,1025,61.97,62492,550,33.25,63492,79,4.78,1671,99,1654,4047,8,8
1668434441,2022-11-14 08:00:41 -0600,6883961d84e5abd3e3479396544e8433238d25b1,TX,48377,2,2022-11-09T01:00:00.000Z,FIPSCode,48377,0,2022-11-14T13:37:16.476Z,8,98.98,8,100,62962,1025,61.97,62492,550,33.25,63492,79,4.78,1671,99,1654,4047,8,8
1668434458,2022-11-14 08:00:58 -0600,c4e5d6f8c5895a75e3ef2b4a86438363afdc06ff,TX,48377,2,2022-11-09T01:00:00.000Z,FIPSCode,48377,0,2022-11-14T13:37:16.476Z,8,98.98,8,100,62962,1025,61.97,62492,550,33.25,63492,79,4.78,1671,99,1654,4047,8,8
1668434493,2022-11-14 08:01:33 -0600,b2ebedb899f668aa73f71e69de1e65302dc257b4,TX,48377,2,2022-11-09T01:00:00.000Z,FIPSCode,48377,0,2022-11-14T13:37:16.476Z,8,98.98,8,100,62962,1025,61.97,62492,550,33.25,63492,79,4.78,1671,99,1654,4047,8,8
1668434521,2022-11-14 08:02:01 -0600,87ed6e6b0fba27d0f7ad3be7862eaf610d62f2c3,TX,48377,2,2022-11-09T01:00:00.000Z,FIPSCode,48377,0,2022-11-14T13:37:16.476Z,8,98.98,8,100,62962,1025,61.97,62492,550,33.25,63492,79,4.78,1671,99,1654,4047,8,8
1668434549,2022-11-14 08:02:29 -0600,dfa08334adb3767cb591341ff3f8ae46e77593cf,TX,48377,2,2022-11-09T01:00:00.000Z,FIPSCode,48377,0,2022-11-14T13:37:16.476Z,8,98.98,8,100,62962,1025,61.97,62492,550,33.25,63492,79,4.78,1671,99,1654,4047,8,8
1668434566,2022-11-14 08:02:46 -0600,9bd8d30425fea400b8ff664e0ad992ce57636bc0,TX,48377,2,2022-11-09T01:00:00.000Z,FIPSCode,48377,0,2022-11-14T13:37:16.476Z,8,98.98,8,100,62962,1025,61.97,62492,550,33.25,63492,79,4.78,1671,99,1654,4047,8,8
1668434585,2022-11-14 08:03:05 -0600,4a4a80d40c77156c42c481ec08abfab0aa68b3d7,TX,48377,2,2022-11-09T01:00:00.000Z,FIPSCode,48377,0,2022-11-14T13:37:16.476Z,8,98.98,8,100,62962,1025,61.97,62492,550,33.25,63492,79,4.78,1671,99,1654,4047,8,8
1668434608,2022-11-14 08:03:28 -0600,ffc5d306e430d2bf4cd94696b62c07873e8e05f9,TX,48377,2,2022-11-09T01:00:00.000Z,FIPSCode,48377,0,2022-11-14T14:03:17.695Z,8,98.98,8,100,62962,1025,61.97,62492,550,33.25,63492,79,4.78,1671,99,1654,4047,8,8
1668434643,2022-11-14 08:04:03 -0600,97cc2d5f9f3e4282c9fbece29b44ce5825f455ca,TX,48377,2,2022-11-09T01:00:00.000Z,FIPSCode,48377,0,2022-11-14T14:03:17.695Z,8,98.98,8,100,62962,1025,61.97,62492,550,33.25,63492,79,4.78,1671,99,1654,4047,8,8
1668434676,2022-11-14 08:04:36 -0600,3e2c2f41b2c0c3ba39dba8c57469d2e4fee88eb3,TX,48377,2,2022-11-09T01:00:00.000Z,FIPSCode,48377,0,2022-11-14T14:03:17.695Z,8,98.98,8,100,62962,1025,61.97,62492,550,33.25,63492,79,4.78,1671,99,1654,4047,8,8
1668434695,2022-11-14 08:04:55 -0600,ea92538928e88d897dc1e575a014e33c5bdfd3bb,TX,48377,2,2022-11-09T01:00:00.000Z,FIPSCode,48377,0,2022-11-14T14:03:17.695Z,8,98.98,8,100,62962,1025,61.97,62492,550,33.25,63492,79,4.78,1671,99,1654,4047,8,8
1668434712,2022-11-14 08:05:12 -0600,386f552ff4266d0f303dcc6d7bb6e0fb13bacad0,TX,48377,2,2022-11-09T01:00:00.000Z,FIPSCode,48377,0,2022-11-14T14:04:36.310Z,8,98.98,8,100,62962,1025,61.97,62492,550,33.25,63492,79,4.78,1671,99,1654,4047,8,8
1668434729,2022-11-14 08:05:29 -0600,6d590db33f88b739505d4550142aeec7bb19195c,TX,48377,2,2022-11-09T01:00:00.000Z,FIPSCode,48377,0,2022-11-14T14:04:36.310Z,8,98.98,8,100,62962,1025,61.97,62492,550,33.25,63492,79,4.78,1671,99,1654,4047,8,8
1668434743,2022-11-14 08:05:43 -0600,65165bdb5bf329c23696639d3d9339ba1979e258,TX,48377,2,2022-11-09T01:00:00.000Z,FIPSCode,48377,0,2022-11-14T14:05:18.132Z,8,98.98,8,100,62962,1025,61.97,62492,550,33.25,63492,79,4.78,1671,99,1654,4047,8,8
1668434767,2022-11-14 08:06:07 -0600,038a2c0201fc61b4aafa71c7df411bea28e74677,TX,48377,2,2022-11-09T01:00:00.000Z,FIPSCode,48377,0,2022-11-14T14:05:18.132Z,8,98.98,8,100,62962,1025,61.97,62492,550,33.25,63492,79,4.78,1671,99,1654,4047,8,8
1668434796,2022-11-14 08:06:36 -0600,7b02f7f1690f0ae46a00e430d015bdcbb6c72f4b,TX,48377,2,2022-11-09T01:00:00.000Z,FIPSCode,48377,0,2022-11-14T14:05:18.132Z,8,98.98,8,100,62962,1025,61.97,62492,550,33.25,63492,79,4.78,1671,99,1654,4047,8,8
1668434818,2022-11-14 08:06:58 -0600,4661a4c1c542b8d0189732316c98a4c5a9bc005a,TX,48377,2,2022-11-09T01:00:00.000Z,FIPSCode,48377,0,2022-11-14T14:05:18.132Z,8,98.98,8,100,62962,1025,61.97,62492,550,33.25,63492,79,4.78,1671,99,1654,4047,8,8
1668434853,2022-11-14 08:07:33 -0600,a047187614b5a4f79990e9af0318f225b1cb63fe,TX,48377,2,2022-11-09T01:00:00.000Z,FIPSCode,48377,0,2022-11-14T14:05:18.132Z,8,98.98,8,100,62962,1025,61.97,62492,550,33.25,63492,79,4.78,1671,99,1654,4047,8,8
1668434876,2022-11-14 08:07:56 -0600,f3a45f5a40e9bfad53261feb25eb7d5e953fc075,TX,48377,2,2022-11-09T01:00:00.000Z,FIPSCode,48377,0,2022-11-14T14:05:18.132Z,8,98.98,8,100,62962,1025,61.97,62492,550,33.25,63492,79,4.78,1671,99,1654,4047,8,8
1668434910,2022-11-14 08:08:30 -0600,95c58e8e4b8dea0435a83f5bdceaf228bc376ff2,TX,48377,2,2022-11-09T01:00:00.000Z,FIPSCode,48377,0,2022-11-14T14:05:18.132Z,8,98.98,8,100,62962,1025,61.97,62492,550,33.25,63492,79,4.78,1671,99,1654,4047,8,8
1668434933,2022-11-14 08:08:53 -0600,4567cee5f5fbc3661e14e0b8333042e6661d9015,TX,48377,2,2022-11-09T01:00:00.000Z,FIPSCode,48377,0,2022-11-14T14:05:18.132Z,8,98.98,8,100,62962,1025,61.97,62492,550,33.25,63492,79,4.78,1671,99,1654,4047,8,8
1668434950,2022-11-14 08:09:10 -0600,c2b0ff43f49f387a2d619492cad249d9675dd9bc,TX,48377,2,2022-11-09T01:00:00.000Z,FIPSCode,48377,0,2022-11-14T14:05:18.132Z,8,98.98,8,100,62962,1025,61.97,62492,550,33.25,63492,79,4.78,1671,99,1654,4047,8,8
1668434973,2022-11-14 08:09:33 -0600,598ce9d9f95ccd777a09a96bb77f5f87604d648a,TX,48377,2,2022-11-09T01:00:00.000Z,FIPSCode,48377,0,2022-11-14T14:05:18.132Z,8,98.98,8,100,62962,1025,61.97,62492,550,33.25,63492,79,4.78,1671,99,1654,4047,8,8
1668434998,2022-11-14 08:09:58 -0600,0f36727a67cb718e28ad8bd416d4e7dafaa70385,TX,48377,2,2022-11-09T01:00:00.000Z,FIPSCode,48377,0,2022-11-14T14:05:18.132Z,8,98.98,8,100,62962,1025,61.97,62492,550,33.25,63492,79,4.78,1671,99,1654,4047,8,8
1668435037,2022-11-14 08:10:37 -0600,3e9360208dcc9de8aa18267fd1ae83a002105974,TX,48377,2,2022-11-09T01:00:00.000Z,FIPSCode,48377,0,2022-11-14T14:05:18.132Z,8,98.98,8,100,62962,1025,61.97,62492,550,33.25,63492,79,4.78,1671,99,1654,4047,8,8
1668435048,2022-11-14 08:10:48 -0600,290665999e129d8f1f95c46bb83d7a630adc3a2c,TX,48377,2,2022-11-09T01:00:00.000Z,FIPSCode,48377,0,2022-11-14T14:05:18.132Z,8,98.98,8,100,62962,1025,61.97,62492,550,33.25,63492,79,4.78,1671,99,1654,4047,8,8
1668435093,2022-11-14 08:11:33 -0600,475c376e33bb71cbd4050f54ce6086579fe9f815,TX,48377,2,2022-11-09T01:00:00.000Z,FIPSCode,48377,0,2022-11-14T14:05:18.132Z,8,98.98,8,100,62962,1025,61.97,62492,550,33.25,63492,79,4.78,1671,99,1654,4047,8,8
1668435110,2022-11-14 08:11:50 -0600,d9b023793f0693e1afed8b2eb9d7dd9ff278355d,TX,48377,2,2022-11-09T01:00:00.000Z,FIPSCode,48377,0,2022-11-14T14:05:18.132Z,8,98.98,8,100,62962,1025,61.97,62492,550,33.25,63492,79,4.78,1671,99,1654,4047,8,8
1668435127,2022-11-14 08:12:07 -0600,0d66d5b42e969006575210ba916ab32eb35896cd,TX,48377,2,2022-11-09T01:00:00.000Z,FIPSCode,48377,0,2022-11-14T14:05:18.132Z,8,98.98,8,100,62962,1025,61.97,62492,550,33.25,63492,79,4.78,1671,99,1654,4047,8,8
1668435155,2022-11-14 08:12:35 -0600,73be9f8cd48d9a4331904fc99b69338df9c11ff2,TX,48377,2,2022-11-09T01:00:00.000Z,FIPSCode,48377,0,2022-11-14T14:05:18.132Z,8,98.98,8,100,62962,1025,61.97,62492,550,33.25,63492,79,4.78,1671,99,1654,4047,8,8
1668435186,2022-11-14 08:13:06 -0600,56f50f54419a8c8d7194b969aaeee16076a24f19,TX,48377,2,2022-11-09T01:00:00.000Z,FIPSCode,48377,0,2022-11-14T14:05:18.132Z,8,98.98,8,100,62962,1025,61.97,62492,550,33.25,63492,79,4.78,1671,99,1654,4047,8,8
1668435215,2022-11-14 08:13:35 -0600,9a9bbd9b3c7825f3afa9dd8745fd1b349ff20861,TX,48377,2,2022-11-09T01:00:00.000Z,FIPSCode,48377,0,2022-11-14T14:05:18.132Z,8,98.98,8,100,62962,1025,61.97,62492,550,33.25,63492,79,4.78,1671,99,1654,4047,8,8
1668435221,2022-11-14 08:13:41 -0600,ce4517bf77b788b3bd8441f66c481059f08dde55,TX,48377,2,2022-11-09T01:00:00.000Z,FIPSCode,48377,0,2022-11-14T14:05:18.132Z,8,98.98,8,100,62962,1025,61.97,62492,550,33.25,63492,79,4.78,1671,99,1654,4047,8,8
1668435243,2022-11-14 08:14:03 -0600,4556c440e183ec0b8cfcdd0c24244d1f427b5dcb,TX,48377,2,2022-11-09T01:00:00.000Z,FIPSCode,48377,0,2022-11-14T14:05:18.132Z,8,98.98,8,100,62962,1025,61.97,62492,550,33.25,63492,79,4.78,1671,99,1654,4047,8,8
1668435474,2022-11-14 08:17:54 -0600,36950eff58b0326899047798c6d637e588c8956f,TX,48377,2,2022-11-09T01:00:00.000Z,FIPSCode,48377,0,2022-11-14T14:05:18.132Z,8,98.98,8,100,62962,1025,61.97,62492,550,33.25,63492,79,4.78,1671,99,1654,4047,8,8
1668435515,2022-11-14 08:18:35 -0600,8eb95fac35e1f0029f70b4645f318a8738f17ed8,TX,48377,2,2022-11-09T01:00:00.000Z,FIPSCode,48377,0,2022-11-14T14:05:18.132Z,8,98.98,8,100,62962,1025,61.97,62492,550,33.25,63492,79,4.78,1671,99,1654,4047,8,8
1668435545,2022-11-14 08:19:05 -0600,8915d606bf73670b711ca4544d1620e2b3ecbffa,TX,48377,2,2022-11-09T01:00:00.000Z,FIPSCode,48377,0,2022-11-14T14:05:18.132Z,8,98.98,8,100,62962,1025,61.97,62492,550,33.25,63492,79,4.78,1671,99,1654,4047,8,8
1668435556,2022-11-14 08:19:16 -0600,9aad53893fd2cd09bcaed520416822bd9e6b9b2b,TX,48377,2,2022-11-09T01:00:00.000Z,FIPSCode,48377,0,2022-11-14T14:05:18.132Z,8,98.98,8,100,62962,1025,61.97,62492,550,33.25,63492,79,4.78,1671,99,1654,4047,8,8
1668435573,2022-11-14 08:19:33 -0600,02e74213ce622f61a54880748914e6877280025c,TX,48377,2,2022-11-09T01:00:00.000Z,FIPSCode,48377,0,2022-11-14T14:05:18.132Z,8,98.98,8,100,62962,1025,61.97,62492,550,33.25,63492,79,4.78,1671,99,1654,4047,8,8
1668435597,2022-11-14 08:19:57 -0600,366b8dbe1879029ae5cf2e652179eabb9902d252,TX,48377,2,2022-11-09T01:00:00.000Z,FIPSCode,48377,0,2022-11-14T14:05:18.132Z,8,98.98,8,100,62962,1025,61.97,62492,550,33.25,63492,79,4.78,1671,99,1654,4047,8,8
1668435636,2022-11-14 08:20:36 -0600,c1c6d47177e8366ef7618c68b965cf060297f248,TX,48377,2,2022-11-09T01:00:00.000Z,FIPSCode,48377,0,2022-11-14T14:05:18.132Z,8,98.98,8,100,62962,1025,61.97,62492,550,33.25,63492,79,4.78,1671,99,1654,4047,8,8
1668435655,2022-11-14 08:20:55 -0600,280a23574000a498d7783273fb1a6488a91e2441,TX,48377,2,2022-11-09T01:00:00.000Z,FIPSCode,48377,0,2022-11-14T14:05:18.132Z,8,98.98,8,100,62962,1025,61.97,62492,550,33.25,63492,79,4.78,1671,99,1654,4047,8,8
1668435673,2022-11-14 08:21:13 -0600,6ac4b78f1a1d281eeaf72095aed53135907b42ad,TX,48377,2,2022-11-09T01:00:00.000Z,FIPSCode,48377,0,2022-11-14T14:05:18.132Z,8,98.98,8,100,62962,1025,61.97,62492,550,33.25,63492,79,4.78,1671,99,1654,4047,8,8
1668435706,2022-11-14 08:21:46 -0600,9840d07a1878dee193882b267cc4c27103bfe807,TX,48377,2,2022-11-09T01:00:00.000Z,FIPSCode,48377,0,2022-11-14T14:05:18.132Z,8,98.98,8,100,62962,1025,61.97,62492,550,33.25,63492,79,4.78,1671,99,1654,4047,8,8
1668435712,2022-11-14 08:21:52 -0600,35030b49081363c6a0be39b8f7eafe819bf8c9e4,TX,48377,2,2022-11-09T01:00:00.000Z,FIPSCode,48377,0,2022-11-14T14:05:18.132Z,8,98.98,8,100,62962,1025,61.97,62492,550,33.25,63492,79,4.78,1671,99,1654,4047,8,8
1668435730,2022-11-14 08:22:10 -0600,e0f4619b972ddfca6ee833b633a192b79a14c36f,TX,48377,2,2022-11-09T01:00:00.000Z,FIPSCode,48377,0,2022-11-14T14:05:18.132Z,8,98.98,8,100,62962,1025,61.97,62492,550,33.25,63492,79,4.78,1671,99,1654,4047,8,8
1668435753,2022-11-14 08:22:33 -0600,44c6e67757d88e93c91f4c19af9e298cd7a453ae,TX,48377,2,2022-11-09T01:00:00.000Z,FIPSCode,48377,0,2022-11-14T14:05:18.132Z,8,98.98,8,100,62962,1025,61.97,62492,550,33.25,63492,79,4.78,1671,99,1654,4047,8,8
1668435765,2022-11-14 08:22:45 -0600,efc07dd236ec2132d7f96faff40ccfa02b12d08b,TX,48377,2,2022-11-09T01:00:00.000Z,FIPSCode,48377,0,2022-11-14T14:05:18.132Z,8,98.98,8,100,62962,1025,61.97,62492,550,33.25,63492,79,4.78,1671,99,1654,4047,8,8
1668435782,2022-11-14 08:23:02 -0600,8b639fa9f71a4254d6a8a0e8bd6c60b3d24cc4ff,TX,48377,2,2022-11-09T01:00:00.000Z,FIPSCode,48377,0,2022-11-14T14:05:18.132Z,8,98.98,8,100,62962,1025,61.97,62492,550,33.25,63492,79,4.78,1671,99,1654,4047,8,8
1668435811,2022-11-14 08:23:31 -0600,758cbd9304387788022239144ea511a9bb137a1e,TX,48377,2,2022-11-09T01:00:00.000Z,FIPSCode,48377,0,2022-11-14T14:05:18.132Z,8,98.98,8,100,62962,1025,61.97,62492,550,33.25,63492,79,4.78,1671,99,1654,4047,8,8
1668435824,2022-11-14 08:23:44 -0600,76ca25933186617c064c71fb74613c9b211d7da8,TX,48377,2,2022-11-09T01:00:00.000Z,FIPSCode,48377,0,2022-11-14T14:05:18.132Z,8,98.98,8,100,62962,1025,61.97,62492,550,33.25,63492,79,4.78,1671,99,1654,4047,8,8
1668435842,2022-11-14 08:24:02 -0600,ff4bc9d0ad49d087cec6cfca83d4d96ecfcda20a,TX,48377,2,2022-11-09T01:00:00.000Z,FIPSCode,48377,0,2022-11-14T14:05:18.132Z,8,98.98,8,100,62962,1025,61.97,62492,550,33.25,63492,79,4.78,1671,99,1654,4047,8,8
1668435859,2022-11-14 08:24:19 -0600,1e3f4160109dad45210ab7e2cf7c6550f9e84e0b,TX,48377,2,2022-11-09T01:00:00.000Z,FIPSCode,48377,0,2022-11-14T14:05:18.132Z,8,98.98,8,100,62962,1025,61.97,62492,550,33.25,63492,79,4.78,1671,99,1654,4047,8,8
1668435877,2022-11-14 08:24:37 -0600,1fbdbc6b5d9031c555122469c2b2317ea4711c44,TX,48377,2,2022-11-09T01:00:00.000Z,FIPSCode,48377,0,2022-11-14T14:05:18.132Z,8,98.98,8,100,62962,1025,61.97,62492,550,33.25,63492,79,4.78,1671,99,1654,4047,8,8
1668435901,2022-11-14 08:25:01 -0600,a37cc4371eb32baabb5ad45bfcb9fab4a37f950a,TX,48377,2,2022-11-09T01:00:00.000Z,FIPSCode,48377,0,2022-11-14T14:05:18.132Z,8,98.98,8,100,62962,1025,61.97,62492,550,33.25,63492,79,4.78,1671,99,1654,4047,8,8
1668435914,2022-11-14 08:25:14 -0600,309ed4d78ac5babded25759b24109c2ad828968b,TX,48377,2,2022-11-09T01:00:00.000Z,FIPSCode,48377,0,2022-11-14T14:05:18.132Z,8,98.98,8,100,62962,1025,61.97,62492,550,33.25,63492,79,4.78,1671,99,1654,4047,8,8
1668435932,2022-11-14 08:25:32 -0600,e1793d13090202dd35e8f178be44b53e26e7b515,TX,48377,2,2022-11-09T01:00:00.000Z,FIPSCode,48377,0,2022-11-14T14:05:18.132Z,8,98.98,8,100,62962,1025,61.97,62492,550,33.25,63492,79,4.78,1671,99,1654,4047,8,8
1668435955,2022-11-14 08:25:55 -0600,28610567a33ad1b3610d37fc7f7fb0a186b6133a,TX,48377,2,2022-11-09T01:00:00.000Z,FIPSCode,48377,0,2022-11-14T14:05:18.132Z,8,98.98,8,100,62962,1025,61.97,62492,550,33.25,63492,79,4.78,1671,99,1654,4047,8,8
1668435973,2022-11-14 08:26:13 -0600,b8de6ed9c8ca057ea24b4240a0f8bb94e8cf72f3,TX,48377,2,2022-11-09T01:00:00.000Z,FIPSCode,48377,0,2022-11-14T14:05:18.132Z,8,98.98,8,100,62962,1025,61.97,62492,550,33.25,63492,79,4.78,1671,99,1654,4047,8,8
1668436000,2022-11-14 08:26:40 -0600,fa9252fe60fc4d74876bd6ab6cee3fdeb29a5868,TX,48377,2,2022-11-09T01:00:00.000Z,FIPSCode,48377,0,2022-11-14T14:05:18.132Z,8,98.98,8,100,62962,1025,61.97,62492,550,33.25,63492,79,4.78,1671,99,1654,4047,8,8
1668436017,2022-11-14 08:26:57 -0600,d0b987843149f949a33536fc162e253a20bb12f1,TX,48377,2,2022-11-09T01:00:00.000Z,FIPSCode,48377,0,2022-11-14T14:05:18.132Z,8,98.98,8,100,62962,1025,61.97,62492,550,33.25,63492,79,4.78,1671,99,1654,4047,8,8
1668436030,2022-11-14 08:27:10 -0600,9b08a1d762095cbd035dcf4d124cfbe30c3f88bf,TX,48377,2,2022-11-09T01:00:00.000Z,FIPSCode,48377,0,2022-11-14T14:05:18.132Z,8,98.98,8,100,62962,1025,61.97,62492,550,33.25,63492,79,4.78,1671,99,1654,4047,8,8
1668436060,2022-11-14 08:27:40 -0600,ec955dbd4cb349b46198e03abf631db85324874e,TX,48377,2,2022-11-09T01:00:00.000Z,FIPSCode,48377,0,2022-11-14T14:05:18.132Z,8,98.98,8,100,62962,1025,61.97,62492,550,33.25,63492,79,4.78,1671,99,1654,4047,8,8
1668436078,2022-11-14 08:27:58 -0600,65c33e2c5cc4b6e2c81ad4fb33c9cb231da4932a,TX,48377,2,2022-11-09T01:00:00.000Z,FIPSCode,48377,0,2022-11-14T14:05:18.132Z,8,98.98,8,100,62962,1025,61.97,62492,550,33.25,63492,79,4.78,1671,99,1654,4047,8,8
1668436119,2022-11-14 08:28:39 -0600,d6109075fbea1599a20e71988b710154be0ef2a6,TX,48377,2,2022-11-09T01:00:00.000Z,FIPSCode,48377,0,2022-11-14T14:05:18.132Z,8,98.98,8,100,62962,1025,61.97,62492,550,33.25,63492,79,4.78,1671,99,1654,4047,8,8
1668436136,2022-11-14 08:28:56 -0600,f970995af4e0730373b4a6afbf1e22378f08cbdf,TX,48377,2,2022-11-09T01:00:00.000Z,FIPSCode,48377,0,2022-11-14T14:05:18.132Z,8,98.98,8,100,62962,1025,61.97,62492,550,33.25,63492,79,4.78,1671,99,1654,4047,8,8
1668436171,2022-11-14 08:29:31 -0600,35466193f191cc35252e28feca68742375d54f42,TX,48377,2,2022-11-09T01:00:00.000Z,FIPSCode,48377,0,2022-11-14T14:05:18.132Z,8,98.98,8,100,62962,1025,61.97,62492,550,33.25,63492,79,4.78,1671,99,1654,4047,8,8
1668436200,2022-11-14 08:30:00 -0600,b9bd8db117c89095db338b086f37c8520ce71b80,TX,48377,2,2022-11-09T01:00:00.000Z,FIPSCode,48377,0,2022-11-14T14:29:37.104Z,8,98.98,8,100,62962,1025,61.97,62492,550,33.25,63492,79,4.78,1671,99,1654,4047,8,8
1668436229,2022-11-14 08:30:29 -0600,e4548141b980d24ba310bf1fbfded6fbf00140dc,TX,48377,2,2022-11-09T01:00:00.000Z,FIPSCode,48377,0,2022-11-14T14:29:37.104Z,8,98.98,8,100,62962,1025,61.97,62492,550,33.25,63492,79,4.78,1671,99,1654,4047,8,8
1668436241,2022-11-14 08:30:41 -0600,91cf044dd83c5052567757f0473a9dbef4d03797,TX,48377,2,2022-11-09T01:00:00.000Z,FIPSCode,48377,0,2022-11-14T14:29:37.104Z,8,98.98,8,100,62962,1025,61.97,62492,550,33.25,63492,79,4.78,1671,99,1654,4047,8,8
1668436247,2022-11-14 08:30:47 -0600,af653d62dc390e389465cd6675c90e99a3b29033,TX,48377,2,2022-11-09T01:00:00.000Z,FIPSCode,48377,0,2022-11-14T14:30:23.842Z,8,98.98,8,100,62962,1025,61.97,62492,550,33.25,63492,79,4.78,1671,99,1654,4047,8,8
1668436265,2022-11-14 08:31:05 -0600,dd4a13b4844b3c36aebc0edcccc7789338a0856c,TX,48377,2,2022-11-09T01:00:00.000Z,FIPSCode,48377,0,2022-11-14T14:30:23.842Z,8,98.98,8,100,62962,1025,61.97,62492,550,33.25,63492,79,4.78,1671,99,1654,4047,8,8
1668436297,2022-11-14 08:31:37 -0600,d7a0efe1c4d8af3c7ecb640ef142ae961d9504d4,TX,48377,2,2022-11-09T01:00:00.000Z,FIPSCode,48377,0,2022-11-14T14:31:17.374Z,8,98.98,8,100,62962,1025,61.97,62492,550,33.25,63492,79,4.78,1671,99,1654,4047,8,8
1668436332,2022-11-14 08:32:12 -0600,0bd332814b8743c700e98946c836335841f222ab,TX,48377,2,2022-11-09T01:00:00.000Z,FIPSCode,48377,0,2022-11-14T14:31:17.374Z,8,98.98,8,100,62962,1025,61.97,62492,550,33.25,63492,79,4.78,1671,99,1654,4047,8,8
1668436350,2022-11-14 08:32:30 -0600,49484f8568661738aef0bd9881123edbaacb5929,TX,48377,2,2022-11-09T01:00:00.000Z,FIPSCode,48377,0,2022-11-14T14:32:18.142Z,8,98.98,8,100,62962,1025,61.97,62492,550,33.25,63492,79,4.78,1671,99,1654,4047,8,8
1668436396,2022-11-14 08:33:16 -0600,0b08860b9dca66a070692f2a4aa8b6c1a236a69d,TX,48377,2,2022-11-09T01:00:00.000Z,FIPSCode,48377,0,2022-11-14T14:32:18.142Z,8,98.98,8,100,62962,1025,61.97,62492,550,33.25,63492,79,4.78,1671,99,1654,4047,8,8
1668436418,2022-11-14 08:33:38 -0600,73a3cf9483857f4344b2fc546250c2703f9cbbf2,TX,48377,2,2022-11-09T01:00:00.000Z,FIPSCode,48377,0,2022-11-14T14:32:18.142Z,8,98.98,8,100,62962,1025,61.97,62492,550,33.25,63492,79,4.78,1671,99,1654,4047,8,8
1668436449,2022-11-14 08:34:09 -0600,df10c32a3d9446c036b142c64a5bdfc4954f60e0,TX,48377,2,2022-11-09T01:00:00.000Z,FIPSCode,48377,0,2022-11-14T14:32:18.142Z,8,98.98,8,100,62962,1025,61.97,62492,550,33.25,63492,79,4.78,1671,99,1654,4047,8,8
1668436479,2022-11-14 08:34:39 -0600,05f83d3b630045705d06f193963a6983c8118d20,TX,48377,2,2022-11-09T01:00:00.000Z,FIPSCode,48377,0,2022-11-14T14:32:18.142Z,8,98.98,8,100,62962,1025,61.97,62492,550,33.25,63492,79,4.78,1671,99,1654,4047,8,8
1668436514,2022-11-14 08:35:14 -0600,8346a67885fbaa51b1f73e32e9707616ae92dc70,TX,48377,2,2022-11-09T01:00:00.000Z,FIPSCode,48377,0,2022-11-14T14:32:18.142Z,8,98.98,8,100,62962,1025,61.97,62492,550,33.25,63492,79,4.78,1671,99,1654,4047,8,8
1668436537,2022-11-14 08:35:37 -0600,6a01fc477867961ac48ce5af9dad8ba7b16ce137,TX,48377,2,2022-11-09T01:00:00.000Z,FIPSCode,48377,0,2022-11-14T14:35:18.148Z,8,98.98,8,100,62962,1025,61.97,62492,550,33.25,63492,79,4.78,1671,99,1654,4047,8,8
1668436554,2022-11-14 08:35:54 -0600,8a0b9f790975cfe1e637ed334452f317cd65f59e,TX,48377,2,2022-11-09T01:00:00.000Z,FIPSCode,48377,0,2022-11-14T14:35:18.148Z,8,98.98,8,100,62962,1025,61.97,62492,550,33.25,63492,79,4.78,1671,99,1654,4047,8,8
1668436571,2022-11-14 08:36:11 -0600,9125d1af2853498b0bfca8eb847a43e324fd73c4,TX,48377,2,2022-11-09T01:00:00.000Z,FIPSCode,48377,0,2022-11-14T14:35:18.148Z,8,98.98,8,100,62962,1025,61.97,62492,550,33.25,63492,79,4.78,1671,99,1654,4047,8,8
1668436589,2022-11-14 08:36:29 -0600,c820a7005570638963406fc02e1b00059c5de476,TX,48377,2,2022-11-09T01:00:00.000Z,FIPSCode,48377,0,2022-11-14T14:35:18.148Z,8,98.98,8,100,62962,1025,61.97,62492,550,33.25,63492,79,4.78,1671,99,1654,4047,8,8
1668436595,2022-11-14 08:36:35 -0600,2b890484fb0da80c7412bb247761821644ba4c99,TX,48377,2,2022-11-09T01:00:00.000Z,FIPSCode,48377,0,2022-11-14T14:36:17.058Z,8,98.98,8,100,62962,1025,61.97,62492,550,33.25,63492,79,4.78,1671,99,1654,4047,8,8
1668436752,2022-11-14 08:39:12 -0600,4604f0d4cd9dfd8fd89c633f067b3b433cb3ef68,TX,48377,2,2022-11-09T01:00:00.000Z,FIPSCode,48377,0,2022-11-14T14:37:20.568Z,8,98.98,8,100,62962,1025,61.97,62492,550,33.25,63492,79,4.78,1671,99,1654,4047,8,8
1668436770,2022-11-14 08:39:30 -0600,0b474a60a90e6e935800eb894a0490ba34e94034,TX,48377,2,2022-11-09T01:00:00.000Z,FIPSCode,48377,0,2022-11-14T14:37:20.568Z,8,98.98,8,100,62962,1025,61.97,62492,550,33.25,63492,79,4.78,1671,99,1654,4047,8,8
1668436781,2022-11-14 08:39:41 -0600,b090c0aef6b40e58cb4f4c423b979524badcbd3d,TX,48377,2,2022-11-09T01:00:00.000Z,FIPSCode,48377,0,2022-11-14T14:37:20.568Z,8,98.98,8,100,62962,1025,61.97,62492,550,33.25,63492,79,4.78,1671,99,1654,4047,8,8
1668436795,2022-11-14 08:39:55 -0600,765b330eb783a9fdee693c7130a8601f7b5bf50a,TX,48377,2,2022-11-09T01:00:00.000Z,FIPSCode,48377,0,2022-11-14T14:37:20.568Z,8,98.98,8,100,62962,1025,61.97,62492,550,33.25,63492,79,4.78,1671,99,1654,4047,8,8
1668436826,2022-11-14 08:40:26 -0600,865aa495ab29e38351aa7d255654cd5448d86c60,TX,48377,2,2022-11-09T01:00:00.000Z,FIPSCode,48377,0,2022-11-14T14:37:20.568Z,8,98.98,8,100,62962,1025,61.97,62492,550,33.25,63492,79,4.78,1671,99,1654,4047,8,8
1668436844,2022-11-14 08:40:44 -0600,50f701f8533b3878d836a1039c71951698e9d50e,TX,48377,2,2022-11-09T01:00:00.000Z,FIPSCode,48377,0,2022-11-14T14:37:20.568Z,8,98.98,8,100,62962,1025,61.97,62492,550,33.25,63492,79,4.78,1671,99,1654,4047,8,8
1668436856,2022-11-14 08:40:56 -0600,17081649e9e081edcd63875bfd5a3d3fbe6f7082,TX,48377,2,2022-11-09T01:00:00.000Z,FIPSCode,48377,0,2022-11-14T14:37:20.568Z,8,98.98,8,100,62962,1025,61.97,62492,550,33.25,63492,79,4.78,1671,99,1654,4047,8,8
1668436890,2022-11-14 08:41:30 -0600,90e71bb8d44a36f0e530e3f3921320655e18c578,TX,48377,2,2022-11-09T01:00:00.000Z,FIPSCode,48377,0,2022-11-14T14:37:20.568Z,8,98.98,8,100,62962,1025,61.97,62492,550,33.25,63492,79,4.78,1671,99,1654,4047,8,8
1668436914,2022-11-14 08:41:54 -0600,83948d57b593221d98445f809e88414f72ad15b7,TX,48377,2,2022-11-09T01:00:00.000Z,FIPSCode,48377,0,2022-11-14T14:37:20.568Z,8,98.98,8,100,62962,1025,61.97,62492,550,33.25,63492,79,4.78,1671,99,1654,4047,8,8
1668437020,2022-11-14 08:43:40 -0600,754d7b7fea72db3197174ce86b944f153159807c,TX,48377,2,2022-11-09T01:00:00.000Z,FIPSCode,48377,0,2022-11-14T14:37:20.568Z,8,98.98,8,100,62962,1025,61.97,62492,550,33.25,63492,79,4.78,1671,99,1654,4047,8,8
1668437078,2022-11-14 08:44:38 -0600,62e01244df955346f2ef5974772151cc1c0294d7,TX,48377,2,2022-11-09T01:00:00.000Z,FIPSCode,48377,0,2022-11-14T14:37:20.568Z,8,98.98,8,100,62962,1025,61.97,62492,550,33.25,63492,79,4.78,1671,99,1654,4047,8,8
1668437096,2022-11-14 08:44:56 -0600,da0afdf9989051806ed8c2ecb3923677e05d60ed,TX,48377,2,2022-11-09T01:00:00.000Z,FIPSCode,48377,0,2022-11-14T14:37:20.568Z,8,98.98,8,100,62962,1025,61.97,62492,550,33.25,63492,79,4.78,1671,99,1654,4047,8,8
1668437136,2022-11-14 08:45:36 -0600,5ce0a43766157feec4e6a5deb8071ec0b638602f,TX,48377,2,2022-11-09T01:00:00.000Z,FIPSCode,48377,0,2022-11-14T14:37:20.568Z,8,98.98,8,100,62962,1025,61.97,62492,550,33.25,63492,79,4.78,1671,99,1654,4047,8,8
1668437193,2022-11-14 08:46:33 -0600,b93b8dffff7e313c9129fb53eb9f3ab6e3825dd3,TX,48377,2,2022-11-09T01:00:00.000Z,FIPSCode,48377,0,2022-11-14T14:37:20.568Z,8,98.98,8,100,62962,1025,61.97,62492,550,33.25,63492,79,4.78,1671,99,1654,4047,8,8
1668437213,2022-11-14 08:46:53 -0600,3f1a008c12320732a7aabcd733535727876e2a48,TX,48377,2,2022-11-09T01:00:00.000Z,FIPSCode,48377,0,2022-11-14T14:37:20.568Z,8,98.98,8,100,62962,1025,61.97,62492,550,33.25,63492,79,4.78,1671,99,1654,4047,8,8
1668437247,2022-11-14 08:47:27 -0600,bc23f73776b1765fa16cce1ec548bc89cca7027e,TX,48377,2,2022-11-09T01:00:00.000Z,FIPSCode,48377,0,2022-11-14T14:37:20.568Z,8,98.98,8,100,62962,1025,61.97,62492,550,33.25,63492,79,4.78,1671,99,1654,4047,8,8
1668437273,2022-11-14 08:47:53 -0600,aaebcc11d399aabdb93c8be6476a4ca83c52b755,TX,48377,2,2022-11-09T01:00:00.000Z,FIPSCode,48377,0,2022-11-14T14:37:20.568Z,8,98.98,8,100,62962,1025,61.97,62492,550,33.25,63492,79,4.78,1671,99,1654,4047,8,8
1668437308,2022-11-14 08:48:28 -0600,c5aa96cbcbc7bf81d6af0988fdadc5489991d319,TX,48377,2,2022-11-09T01:00:00.000Z,FIPSCode,48377,0,2022-11-14T14:37:20.568Z,8,98.98,8,100,62962,1025,61.97,62492,550,33.25,63492,79,4.78,1671,99,1654,4047,8,8
1668437319,2022-11-14 08:48:39 -0600,a5a7db88238dd8c522242d8919401eccd5ebc5db,TX,48377,2,2022-11-09T01:00:00.000Z,FIPSCode,48377,0,2022-11-14T14:37:20.568Z,8,98.98,8,100,62962,1025,61.97,62492,550,33.25,63492,79,4.78,1671,99,1654,4047,8,8
1668437332,2022-11-14 08:48:52 -0600,1fd31fd967834b764c669a4f514501a39ba71bcd,TX,48377,2,2022-11-09T01:00:00.000Z,FIPSCode,48377,0,2022-11-14T14:37:20.568Z,8,98.98,8,100,62962,1025,61.97,62492,550,33.25,63492,79,4.78,1671,99,1654,4047,8,8
1668437382,2022-11-14 08:49:42 -0600,865e154afb23e45c444eb07b5e1678a736a2afe7,TX,48377,2,2022-11-09T01:00:00.000Z,FIPSCode,48377,0,2022-11-14T14:37:20.568Z,8,98.98,8,100,62962,1025,61.97,62492,550,33.25,63492,79,4.78,1671,99,1654,4047,8,8
1668437406,2022-11-14 08:50:06 -0600,8f82a5b4c6357c6994b85511c0119abad59f0e28,TX,48377,2,2022-11-09T01:00:00.000Z,FIPSCode,48377,0,2022-11-14T14:37:20.568Z,8,98.98,8,100,62962,1025,61.97,62492,550,33.25,63492,79,4.78,1671,99,1654,4047,8,8
1668437441,2022-11-14 08:50:41 -0600,bc358353fdccea184bc497afab016545af3aa15e,TX,48377,2,2022-11-09T01:00:00.000Z,FIPSCode,48377,0,2022-11-14T14:37:20.568Z,8,98.98,8,100,62962,1025,61.97,62492,550,33.25,63492,79,4.78,1671,99,1654,4047,8,8
1668437464,2022-11-14 08:51:04 -0600,0870648f75405d2b7ac9c6309a9635050a2050c2,TX,48377,2,2022-11-09T01:00:00.000Z,FIPSCode,48377,0,2022-11-14T14:37:20.568Z,8,98.98,8,100,62962,1025,61.97,62492,550,33.25,63492,79,4.78,1671,99,1654,4047,8,8
1668437492,2022-11-14 08:51:32 -0600,8c1bc92fb45b4863741c940f1bdf67b59d932f9b,TX,48377,2,2022-11-09T01:00:00.000Z,FIPSCode,48377,0,2022-11-14T14:37:20.568Z,8,98.98,8,100,62962,1025,61.97,62492,550,33.25,63492,79,4.78,1671,99,1654,4047,8,8
1668437498,2022-11-14 08:51:38 -0600,ebd245074e4a45fe308b36a55d6dcca06994f6a8,TX,48377,2,2022-11-09T01:00:00.000Z,FIPSCode,48377,0,2022-11-14T14:37:20.568Z,8,98.98,8,100,62962,1025,61.97,62492,550,33.25,63492,79,4.78,1671,99,1654,4047,8,8
1668437523,2022-11-14 08:52:03 -0600,9223fc04d061154313bd4c059f7b52204a37da54,TX,48377,2,2022-11-09T01:00:00.000Z,FIPSCode,48377,0,2022-11-14T14:51:39.144Z,8,98.98,8,100,62962,1025,61.97,62492,550,33.25,63492,79,4.78,1671,99,1654,4047,8,8
1668437667,2022-11-14 08:54:27 -0600,42f093328a0d8f147ddf8db930ba090058d1257b,TX,48377,2,2022-11-09T01:00:00.000Z,FIPSCode,48377,0,2022-11-14T14:53:17.298Z,8,98.98,8,100,62962,1025,61.97,62492,550,33.25,63492,79,4.78,1671,99,1654,4047,8,8
1668437680,2022-11-14 08:54:40 -0600,84f95a4eae6eb4195e0d32c637a2e6818221d209,TX,48377,2,2022-11-09T01:00:00.000Z,FIPSCode,48377,0,2022-11-14T14:53:17.298Z,8,98.98,8,100,62962,1025,61.97,62492,550,33.25,63492,79,4.78,1671,99,1654,4047,8,8
1668437698,2022-11-14 08:54:58 -0600,e41676ea04dc06681987824bc5296f92756281e1,TX,48377,2,2022-11-09T01:00:00.000Z,FIPSCode,48377,0,2022-11-14T14:53:17.298Z,8,98.98,8,100,62962,1025,61.97,62492,550,33.25,63492,79,4.78,1671,99,1654,4047,8,8
1668437727,2022-11-14 08:55:27 -0600,c52255af52d69da7330e919748b43485888abe80,TX,48377,2,2022-11-09T01:00:00.000Z,FIPSCode,48377,0,2022-11-14T14:53:17.298Z,8,98.98,8,100,62962,1025,61.97,62492,550,33.25,63492,79,4.78,1671,99,1654,4047,8,8
1668437739,2022-11-14 08:55:39 -0600,3f8769018f7ecfc0fd7b741ecbd65d9f2d85a120,TX,48377,2,2022-11-09T01:00:00.000Z,FIPSCode,48377,0,2022-11-14T14:53:17.298Z,8,98.98,8,100,62962,1025,61.97,62492,550,33.25,63492,79,4.78,1671,99,1654,4047,8,8
1668437758,2022-11-14 08:55:58 -0600,4284bd15942c33f96be16cbe27494c0c17e6aa41,TX,48377,2,2022-11-09T01:00:00.000Z,FIPSCode,48377,0,2022-11-14T14:53:17.298Z,8,98.98,8,100,62962,1025,61.97,62492,550,33.25,63492,79,4.78,1671,99,1654,4047,8,8
1668437792,2022-11-14 08:56:32 -0600,01b158fccde5cf32f74d3c6896f249d61de228cd,TX,48377,2,2022-11-09T01:00:00.000Z,FIPSCode,48377,0,2022-11-14T14:53:17.298Z,8,98.98,8,100,62962,1025,61.97,62492,550,33.25,63492,79,4.78,1671,99,1654,4047,8,8
1668437852,2022-11-14 08:57:32 -0600,36873e43b2100cc23bc4af4d9743f18d9d399e33,TX,48377,2,2022-11-09T01:00:00.000Z,FIPSCode,48377,0,2022-11-14T14:53:17.298Z,8,98.98,8,100,62962,1025,61.97,62492,550,33.25,63492,79,4.78,1671,99,1654,4047,8,8
1668437865,2022-11-14 08:57:45 -0600,e506bddfc88acaa7992e0fee6b470eb248fc56f3,TX,48377,2,2022-11-09T01:00:00.000Z,FIPSCode,48377,0,2022-11-14T14:53:17.298Z,8,98.98,8,100,62962,1025,61.97,62492,550,33.25,63492,79,4.78,1671,99,1654,4047,8,8
1668437882,2022-11-14 08:58:02 -0600,fa9bb3bcb195f0b3bb82814f73fd3e9f5f228040,TX,48377,2,2022-11-09T01:00:00.000Z,FIPSCode,48377,0,2022-11-14T14:53:17.298Z,8,98.98,8,100,62962,1025,61.97,62492,550,33.25,63492,79,4.78,1671,99,1654,4047,8,8
1668437922,2022-11-14 08:58:42 -0600,187d19f7eb7354c79743a03938023303f27f6603,TX,48377,2,2022-11-09T01:00:00.000Z,FIPSCode,48377,0,2022-11-14T14:53:17.298Z,8,98.98,8,100,62962,1025,61.97,62492,550,33.25,63492,79,4.78,1671,99,1654,4047,8,8
1668437951,2022-11-14 08:59:11 -0600,a9da68195399452dd70d93e1e0ede99fbeca9e87,TX,48377,2,2022-11-09T01:00:00.000Z,FIPSCode,48377,0,2022-11-14T14:53:17.298Z,8,98.98,8,100,62962,1025,61.97,62492,550,33.25,63492,79,4.78,1671,99,1654,4047,8,8
1668437970,2022-11-14 08:59:30 -0600,6699c6f38be091b2c26711c913f7eda8242d868c,TX,48377,2,2022-11-09T01:00:00.000Z,FIPSCode,48377,0,2022-11-14T14:53:17.298Z,8,98.98,8,100,62962,1025,61.97,62492,550,33.25,63492,79,4.78,1671,99,1654,4047,8,8
1668438015,2022-11-14 09:00:15 -0600,14183b522f4444a1408edf0a2fc6f6335ea90172,TX,48377,2,2022-11-09T01:00:00.000Z,FIPSCode,48377,0,2022-11-14T14:53:17.298Z,8,98.98,8,100,62962,1025,61.97,62492,550,33.25,63492,79,4.78,1671,99,1654,4047,8,8
1668438032,2022-11-14 09:00:32 -0600,a6e6a8fdf13091ee8b88219e09aa277fb125fecf,TX,48377,2,2022-11-09T01:00:00.000Z,FIPSCode,48377,0,2022-11-14T14:53:17.298Z,8,98.98,8,100,62962,1025,61.97,62492,550,33.25,63492,79,4.78,1671,99,1654,4047,8,8
1668438038,2022-11-14 09:00:38 -0600,cd13babf7828c7f81e73841f8391c795ee0740a1,TX,48377,2,2022-11-09T01:00:00.000Z,FIPSCode,48377,0,2022-11-14T14:53:17.298Z,8,98.98,8,100,62962,1025,61.97,62492,550,33.25,63492,79,4.78,1671,99,1654,4047,8,8
1668438074,2022-11-14 09:01:14 -0600,db329b528bbb646fe5c562590b37999063afe811,TX,48377,2,2022-11-09T01:00:00.000Z,FIPSCode,48377,0,2022-11-14T14:53:17.298Z,8,98.98,8,100,62962,1025,61.97,62492,550,33.25,63492,79,4.78,1671,99,1654,4047,8,8
1668438100,2022-11-14 09:01:40 -0600,5b4d4bfe7b70c1d87448c5fd7978557e8068983d,TX,48377,2,2022-11-09T01:00:00.000Z,FIPSCode,48377,0,2022-11-14T14:53:17.298Z,8,98.98,8,100,62962,1025,61.97,62492,550,33.25,63492,79,4.78,1671,99,1654,4047,8,8
1668438119,2022-11-14 09:01:59 -0600,5db141eda868c41a00721fc1b626eaee2118dafb,TX,48377,2,2022-11-09T01:00:00.000Z,FIPSCode,48377,0,2022-11-14T14:53:17.298Z,8,98.98,8,100,62962,1025,61.97,62492,550,33.25,63492,79,4.78,1671,99,1654,4047,8,8
1668438137,2022-11-14 09:02:17 -0600,10f5f021c4a5f567a64e1f8f59a1305b58aa9a84,TX,48377,2,2022-11-09T01:00:00.000Z,FIPSCode,48377,0,2022-11-14T14:53:17.298Z,8,98.98,8,100,62962,1025,61.97,62492,550,33.25,63492,79,4.78,1671,99,1654,4047,8,8
1668438155,2022-11-14 09:02:35 -0600,408e1d71cc9b4e8484b2967edf5fb6ab5bb433e0,TX,48377,2,2022-11-09T01:00:00.000Z,FIPSCode,48377,0,2022-11-14T14:53:17.298Z,8,98.98,8,100,62962,1025,61.97,62492,550,33.25,63492,79,4.78,1671,99,1654,4047,8,8
1668438173,2022-11-14 09:02:53 -0600,935c4127dc936ea7c617c3ba2a54ce977e315370,TX,48377,2,2022-11-09T01:00:00.000Z,FIPSCode,48377,0,2022-11-14T14:53:17.298Z,8,98.98,8,100,62962,1025,61.97,62492,550,33.25,63492,79,4.78,1671,99,1654,4047,8,8
1668438191,2022-11-14 09:03:11 -0600,bc27e76d3a1e5fbe11e02159f1b8a2a3e1d426c4,TX,48377,2,2022-11-09T01:00:00.000Z,FIPSCode,48377,0,2022-11-14T14:53:17.298Z,8,98.98,8,100,62962,1025,61.97,62492,550,33.25,63492,79,4.78,1671,99,1654,4047,8,8
1668438214,2022-11-14 09:03:34 -0600,9d45b9f96d69f7f6976901f822be19e87fb39322,TX,48377,2,2022-11-09T01:00:00.000Z,FIPSCode,48377,0,2022-11-14T14:53:17.298Z,8,98.98,8,100,62962,1025,61.97,62492,550,33.25,63492,79,4.78,1671,99,1654,4047,8,8
1668438267,2022-11-14 09:04:27 -0600,ed41c38faf8399f15e0b8f0ea5bfbca99e26a23f,TX,48377,2,2022-11-09T01:00:00.000Z,FIPSCode,48377,0,2022-11-14T14:53:17.298Z,8,98.98,8,100,62962,1025,61.97,62492,550,33.25,63492,79,4.78,1671,99,1654,4047,8,8
1668438273,2022-11-14 09:04:33 -0600,e774e35ec3bc79a1cce93f27dfc5aba14378933b,TX,48377,2,2022-11-09T01:00:00.000Z,FIPSCode,48377,0,2022-11-14T14:53:17.298Z,8,98.98,8,100,62962,1025,61.97,62492,550,33.25,63492,79,4.78,1671,99,1654,4047,8,8
1668438303,2022-11-14 09:05:03 -0600,91871e22f96a0b9537ce67e1d02cc7a4b3ae45c8,TX,48377,2,2022-11-09T01:00:00.000Z,FIPSCode,48377,0,2022-11-14T14:53:17.298Z,8,98.98,8,100,62962,1025,61.97,62492,550,33.25,63492,79,4.78,1671,99,1654,4047,8,8
1668438331,2022-11-14 09:05:31 -0600,589f3fc8f43561ca5b2f7d00e01aac70a7a70ecc,TX,48377,2,2022-11-09T01:00:00.000Z,FIPSCode,48377,0,2022-11-14T14:53:17.298Z,8,98.98,8,100,62962,1025,61.97,62492,550,33.25,63492,79,4.78,1671,99,1654,4047,8,8
1668438360,2022-11-14 09:06:00 -0600,9db18100f9add825b62931a342033e7a304f15d8,TX,48377,2,2022-11-09T01:00:00.000Z,FIPSCode,48377,0,2022-11-14T14:53:17.298Z,8,98.98,8,100,62962,1025,61.97,62492,550,33.25,63492,79,4.78,1671,99,1654,4047,8,8
1668438395,2022-11-14 09:06:35 -0600,2c0f0e29292b26e57ccfddbcb58b94e30d333414,TX,48377,2,2022-11-09T01:00:00.000Z,FIPSCode,48377,0,2022-11-14T14:53:17.298Z,8,98.98,8,100,62962,1025,61.97,62492,550,33.25,63492,79,4.78,1671,99,1654,4047,8,8
1668438430,2022-11-14 09:07:10 -0600,4211cbccac2d0d0f5806873f7d88cd1a5f3fbcec,TX,48377,2,2022-11-09T01:00:00.000Z,FIPSCode,48377,0,2022-11-14T14:53:17.298Z,8,98.98,8,100,62962,1025,61.97,62492,550,33.25,63492,79,4.78,1671,99,1654,4047,8,8
1668438453,2022-11-14 09:07:33 -0600,2db442185da11481003e6aacf77d407c766a42e9,TX,48377,2,2022-11-09T01:00:00.000Z,FIPSCode,48377,0,2022-11-14T14:53:17.298Z,8,98.98,8,100,62962,1025,61.97,62492,550,33.25,63492,79,4.78,1671,99,1654,4047,8,8
1668438482,2022-11-14 09:08:02 -0600,0964c27cb6423977271cb7b607454ebc7f4c51d6,TX,48377,2,2022-11-09T01:00:00.000Z,FIPSCode,48377,0,2022-11-14T14:53:17.298Z,8,98.98,8,100,62962,1025,61.97,62492,550,33.25,63492,79,4.78,1671,99,1654,4047,8,8
1668438512,2022-11-14 09:08:32 -0600,388a7e959688c29b65f98d9706cad27a45034d6e,TX,48377,2,2022-11-09T01:00:00.000Z,FIPSCode,48377,0,2022-11-14T14:53:17.298Z,8,98.98,8,100,62962,1025,61.97,62492,550,33.25,63492,79,4.78,1671,99,1654,4047,8,8
1668438555,2022-11-14 09:09:15 -0600,6321910656cf5bb5698706d13af9a68fbea43912,TX,48377,2,2022-11-09T01:00:00.000Z,FIPSCode,48377,0,2022-11-14T14:53:17.298Z,8,98.98,8,100,62962,1025,61.97,62492,550,33.25,63492,79,4.78,1671,99,1654,4047,8,8
1668438573,2022-11-14 09:09:33 -0600,fa82b84e6cb39c0bf5814408f1cde5f7e5af4b40,TX,48377,2,2022-11-09T01:00:00.000Z,FIPSCode,48377,0,2022-11-14T15:09:21.639Z,8,98.98,8,100,62962,1025,61.97,62492,550,33.25,63492,79,4.78,1671,99,1654,4047,8,8
1668438623,2022-11-14 09:10:23 -0600,09e4232a1c7729d136971bbe3f7b2e0068252630,TX,48377,2,2022-11-09T01:00:00.000Z,FIPSCode,48377,0,2022-11-14T15:09:21.639Z,8,98.98,8,100,62962,1025,61.97,62492,550,33.25,63492,79,4.78,1671,99,1654,4047,8,8
1668438635,2022-11-14 09:10:35 -0600,73cff937cd959bdcd57e0d40c011e4db089f0616,TX,48377,2,2022-11-09T01:00:00.000Z,FIPSCode,48377,0,2022-11-14T15:09:21.639Z,8,98.98,8,100,62962,1025,61.97,62492,550,33.25,63492,79,4.78,1671,99,1654,4047,8,8
1668438642,2022-11-14 09:10:42 -0600,9da4131cb810de90b2e49cc0bc68c5535ac0c41a,TX,48377,2,2022-11-09T01:00:00.000Z,FIPSCode,48377,0,2022-11-14T15:10:18.828Z,8,98.98,8,100,62962,1025,61.97,62492,550,33.25,63492,79,4.78,1671,99,1654,4047,8,8
1668438659,2022-11-14 09:10:59 -0600,f25890c5c3924858f7445bfb4136dfd5b0f37cf9,TX,48377,2,2022-11-09T01:00:00.000Z,FIPSCode,48377,0,2022-11-14T15:10:18.828Z,8,98.98,8,100,62962,1025,61.97,62492,550,33.25,63492,79,4.78,1671,99,1654,4047,8,8
1668438676,2022-11-14 09:11:16 -0600,ad8b26aef9dccabeddc0e69097de2c06552acb63,TX,48377,2,2022-11-09T01:00:00.000Z,FIPSCode,48377,0,2022-11-14T15:10:18.828Z,8,98.98,8,100,62962,1025,61.97,62492,550,33.25,63492,79,4.78,1671,99,1654,4047,8,8
1668438696,2022-11-14 09:11:36 -0600,fba2e029df72b3e644717bebcbd5f8cb7d6d6f9e,TX,48377,2,2022-11-09T01:00:00.000Z,FIPSCode,48377,0,2022-11-14T15:10:18.828Z,8,98.98,8,100,62962,1025,61.97,62492,550,33.25,63492,79,4.78,1671,99,1654,4047,8,8
1668438707,2022-11-14 09:11:47 -0600,656f68afaaebac023edc263bbae278ddc93132d3,TX,48377,2,2022-11-09T01:00:00.000Z,FIPSCode,48377,0,2022-11-14T15:10:18.828Z,8,98.98,8,100,62962,1025,61.97,62492,550,33.25,63492,79,4.78,1671,99,1654,4047,8,8
1668438720,2022-11-14 09:12:00 -0600,8def3c104a6bba75c9e307d47c6043fab3d6dba5,TX,48377,2,2022-11-09T01:00:00.000Z,FIPSCode,48377,0,2022-11-14T15:10:18.828Z,8,98.98,8,100,62962,1025,61.97,62492,550,33.25,63492,79,4.78,1671,99,1654,4047,8,8
1668438740,2022-11-14 09:12:20 -0600,420a429082ae4087a68a1e11acaa06e69b4c4521,TX,48377,2,2022-11-09T01:00:00.000Z,FIPSCode,48377,0,2022-11-14T15:11:40.333Z,8,98.98,8,100,62962,1025,61.97,62492,550,33.25,63492,79,4.78,1671,99,1654,4047,8,8
1668438754,2022-11-14 09:12:34 -0600,6c9529467e4a154b6044688a381ec582fb0304f2,TX,48377,2,2022-11-09T01:00:00.000Z,FIPSCode,48377,0,2022-11-14T15:11:40.333Z,8,98.98,8,100,62962,1025,61.97,62492,550,33.25,63492,79,4.78,1671,99,1654,4047,8,8
1668438777,2022-11-14 09:12:57 -0600,0b9c2dc30ec57bc02b92247bd0ad974284ddaf6d,TX,48377,2,2022-11-09T01:00:00.000Z,FIPSCode,48377,0,2022-11-14T15:11:40.333Z,8,98.98,8,100,62962,1025,61.97,62492,550,33.25,63492,79,4.78,1671,99,1654,4047,8,8
1668438812,2022-11-14 09:13:32 -0600,486021e7815d90665ce0570c686f3f68bfafef53,TX,48377,2,2022-11-09T01:00:00.000Z,FIPSCode,48377,0,2022-11-14T15:11:40.333Z,8,98.98,8,100,62962,1025,61.97,62492,550,33.25,63492,79,4.78,1671,99,1654,4047,8,8
1668438847,2022-11-14 09:14:07 -0600,44b41a112ae063828cba8a5233fbe082c59de808,TX,48377,2,2022-11-09T01:00:00.000Z,FIPSCode,48377,0,2022-11-14T15:11:40.333Z,8,98.98,8,100,62962,1025,61.97,62492,550,33.25,63492,79,4.78,1671,99,1654,4047,8,8
1668438878,2022-11-14 09:14:38 -0600,9feda950d9b2458b8a8ae9b006966b4344965ff3,TX,48377,2,2022-11-09T01:00:00.000Z,FIPSCode,48377,0,2022-11-14T15:11:40.333Z,8,98.98,8,100,62962,1025,61.97,62492,550,33.25,63492,79,4.78,1671,99,1654,4047,8,8
1668438901,2022-11-14 09:15:01 -0600,4cea0b7a3f92b7fe3f9bcb2a42dae854a15b48ce,TX,48377,2,2022-11-09T01:00:00.000Z,FIPSCode,48377,0,2022-11-14T15:11:40.333Z,8,98.98,8,100,62962,1025,61.97,62492,550,33.25,63492,79,4.78,1671,99,1654,4047,8,8
1668438914,2022-11-14 09:15:14 -0600,e5fea6529ccdb62c7fd99ec35bd43bde50359297,TX,48377,2,2022-11-09T01:00:00.000Z,FIPSCode,48377,0,2022-11-14T15:11:40.333Z,8,98.98,8,100,62962,1025,61.97,62492,550,33.25,63492,79,4.78,1671,99,1654,4047,8,8
1668438938,2022-11-14 09:15:38 -0600,684d0c2c75e3dda12ad6289b5c52bc4b2036b9cd,TX,48377,2,2022-11-09T01:00:00.000Z,FIPSCode,48377,0,2022-11-14T15:11:40.333Z,8,98.98,8,100,62962,1025,61.97,62492,550,33.25,63492,79,4.78,1671,99,1654,4047,8,8
1668438960,2022-11-14 09:16:00 -0600,130845455946face7f55ee913d3d72dc4e0d5857,TX,48377,2,2022-11-09T01:00:00.000Z,FIPSCode,48377,0,2022-11-14T15:11:40.333Z,8,98.98,8,100,62962,1025,61.97,62492,550,33.25,63492,79,4.78,1671,99,1654,4047,8,8
1668438977,2022-11-14 09:16:17 -0600,d39e65dd129064eea23117537293b0c73087ea9a,TX,48377,2,2022-11-09T01:00:00.000Z,FIPSCode,48377,0,2022-11-14T15:11:40.333Z,8,98.98,8,100,62962,1025,61.97,62492,550,33.25,63492,79,4.78,1671,99,1654,4047,8,8
1668438996,2022-11-14 09:16:36 -0600,f729e6515c3ee3d6083730eb2bfeab503585eeb7,TX,48377,2,2022-11-09T01:00:00.000Z,FIPSCode,48377,0,2022-11-14T15:11:40.333Z,8,98.98,8,100,62962,1025,61.97,62492,550,33.25,63492,79,4.78,1671,99,1654,4047,8,8
1668439007,2022-11-14 09:16:47 -0600,4c3d0446c8cb93e02681415c1ec68cf07f984200,TX,48377,2,2022-11-09T01:00:00.000Z,FIPSCode,48377,0,2022-11-14T15:11:40.333Z,8,98.98,8,100,62962,1025,61.97,62492,550,33.25,63492,79,4.78,1671,99,1654,4047,8,8
1668439020,2022-11-14 09:17:00 -0600,9eb82d92225e35f8d6c4fb5ac41cc828ce86c7fa,TX,48377,2,2022-11-09T01:00:00.000Z,FIPSCode,48377,0,2022-11-14T15:11:40.333Z,8,98.98,8,100,62962,1025,61.97,62492,550,33.25,63492,79,4.78,1671,99,1654,4047,8,8
1668439055,2022-11-14 09:17:35 -0600,8e4fd31bc946b8d192306a6ce8fd1735d729f8b1,TX,48377,2,2022-11-09T01:00:00.000Z,FIPSCode,48377,0,2022-11-14T15:11:40.333Z,8,98.98,8,100,62962,1025,61.97,62492,550,33.25,63492,79,4.78,1671,99,1654,4047,8,8
1668439085,2022-11-14 09:18:05 -0600,4792b354390f8e02a77af1d4b8534bb12f794862,TX,48377,2,2022-11-09T01:00:00.000Z,FIPSCode,48377,0,2022-11-14T15:11:40.333Z,8,98.98,8,100,62962,1025,61.97,62492,550,33.25,63492,79,4.78,1671,99,1654,4047,8,8
1668439120,2022-11-14 09:18:40 -0600,56760f0f7af2652312610d850c92df92528bd8ae,TX,48377,2,2022-11-09T01:00:00.000Z,FIPSCode,48377,0,2022-11-14T15:11:40.333Z,8,98.98,8,100,62962,1025,61.97,62492,550,33.25,63492,79,4.78,1671,99,1654,4047,8,8
1668439143,2022-11-14 09:19:03 -0600,c7161e4ce0858a1712bab03b6bf6fe7c7653c2f5,TX,48377,2,2022-11-09T01:00:00.000Z,FIPSCode,48377,0,2022-11-14T15:11:40.333Z,8,98.98,8,100,62962,1025,61.97,62492,550,33.25,63492,79,4.78,1671,99,1654,4047,8,8
1668439173,2022-11-14 09:19:33 -0600,64a14de431e299af5309bac3789a3bfb1c1db1cf,TX,48377,2,2022-11-09T01:00:00.000Z,FIPSCode,48377,0,2022-11-14T15:11:40.333Z,8,98.98,8,100,62962,1025,61.97,62492,550,33.25,63492,79,4.78,1671,99,1654,4047,8,8
1668439192,2022-11-14 09:19:52 -0600,303fb3fa6b177fdf4c93f06bac8cf40e02851bc3,TX,48377,2,2022-11-09T01:00:00.000Z,FIPSCode,48377,0,2022-11-14T15:11:40.333Z,8,98.98,8,100,62962,1025,61.97,62492,550,33.25,63492,79,4.78,1671,99,1654,4047,8,8
1668439238,2022-11-14 09:20:38 -0600,523ff4a72b318e6eb1af9892bb45a7acea055597,TX,48377,2,2022-11-09T01:00:00.000Z,FIPSCode,48377,0,2022-11-14T15:11:40.333Z,8,98.98,8,100,62962,1025,61.97,62492,550,33.25,63492,79,4.78,1671,99,1654,4047,8,8
1668439274,2022-11-14 09:21:14 -0600,01de1424cfb1d28beb0b4301e2dcfac47a74de52,TX,48377,2,2022-11-09T01:00:00.000Z,FIPSCode,48377,0,2022-11-14T15:11:40.333Z,8,98.98,8,100,62962,1025,61.97,62492,550,33.25,63492,79,4.78,1671,99,1654,4047,8,8
1668439292,2022-11-14 09:21:32 -0600,bb14e55fac114a8a82a4f992a4b99d3aebcab623,TX,48377,2,2022-11-09T01:00:00.000Z,FIPSCode,48377,0,2022-11-14T15:21:21.449Z,8,98.98,8,100,62962,1025,61.97,62492,550,33.25,63492,79,4.78,1671,99,1654,4047,8,8
1668439304,2022-11-14 09:21:44 -0600,011cc573439f88e3ff37b128c84a87a7eefec159,TX,48377,2,2022-11-09T01:00:00.000Z,FIPSCode,48377,0,2022-11-14T15:21:21.449Z,8,98.98,8,100,62962,1025,61.97,62492,550,33.25,63492,79,4.78,1671,99,1654,4047,8,8
1668439310,2022-11-14 09:21:50 -0600,706976880512023d05f66f198ab3146fc78b0ad9,TX,48377,2,2022-11-09T01:00:00.000Z,FIPSCode,48377,0,2022-11-14T15:21:21.449Z,8,98.98,8,100,62962,1025,61.97,62492,550,33.25,63492,79,4.78,1671,99,1654,4047,8,8
1668439318,2022-11-14 09:21:58 -0600,248442fc9eb9197cb241c48343a2a456b0ad9884,TX,48377,2,2022-11-09T01:00:00.000Z,FIPSCode,48377,0,2022-11-14T15:21:21.449Z,8,98.98,8,100,62962,1025,61.97,62492,550,33.25,63492,79,4.78,1671,99,1654,4047,8,8
1668439354,2022-11-14 09:22:34 -0600,0334a5ac1a41efd0fdb0b3209235f7f2af568921,TX,48377,2,2022-11-09T01:00:00.000Z,FIPSCode,48377,0,2022-11-14T15:21:21.449Z,8,98.98,8,100,62962,1025,61.97,62492,550,33.25,63492,79,4.78,1671,99,1654,4047,8,8
1668439383,2022-11-14 09:23:03 -0600,6f2157156dacc2433da9b55d7aacc78710ed8deb,TX,48377,2,2022-11-09T01:00:00.000Z,FIPSCode,48377,0,2022-11-14T15:22:38.181Z,8,98.98,8,100,62962,1025,61.97,62492,550,33.25,63492,79,4.78,1671,99,1654,4047,8,8
1668439414,2022-11-14 09:23:34 -0600,562e9f9ea161e581de5b753cf569da73fbe5ee0d,TX,48377,2,2022-11-09T01:00:00.000Z,FIPSCode,48377,0,2022-11-14T15:23:18.207Z,8,98.98,8,100,62962,1025,61.97,62492,550,33.25,63492,79,4.78,1671,99,1654,4047,8,8
1668439431,2022-11-14 09:23:51 -0600,abf09cee71b9a87e2acecb37800cb8843838882b,TX,48377,2,2022-11-09T01:00:00.000Z,FIPSCode,48377,0,2022-11-14T15:23:18.207Z,8,98.98,8,100,62962,1025,61.97,62492,550,33.25,63492,79,4.78,1671,99,1654,4047,8,8
1668439449,2022-11-14 09:24:09 -0600,bdd3b984e6e7d766744864458529cfb5e1236c2d,TX,48377,2,2022-11-09T01:00:00.000Z,FIPSCode,48377,0,2022-11-14T15:23:18.207Z,8,98.98,8,100,62962,1025,61.97,62492,550,33.25,63492,79,4.78,1671,99,1654,4047,8,8
1668439473,2022-11-14 09:24:33 -0600,3800e0a3712b89b4c019fafe159caf612da990db,TX,48377,2,2022-11-09T01:00:00.000Z,FIPSCode,48377,0,2022-11-14T15:24:20.170Z,8,98.98,8,100,62962,1025,61.97,62492,550,33.25,63492,79,4.78,1671,99,1654,4047,8,8
1668439531,2022-11-14 09:25:31 -0600,25bf797fe6275f8b9867990888b2b3bbfc720ead,TX,48377,2,2022-11-09T01:00:00.000Z,FIPSCode,48377,0,2022-11-14T15:24:20.170Z,8,98.98,8,100,62962,1025,61.97,62492,550,33.25,63492,79,4.78,1671,99,1654,4047,8,8
1668439537,2022-11-14 09:25:37 -0600,577e97ac229d3c6427c9874d67b7d3611032dba8,TX,48377,2,2022-11-09T01:00:00.000Z,FIPSCode,48377,0,2022-11-14T15:24:20.170Z,8,98.98,8,100,62962,1025,61.97,62492,550,33.25,63492,79,4.78,1671,99,1654,4047,8,8
1668439570,2022-11-14 09:26:10 -0600,6b2eecff29a4e9eddfbe8d6997feac43fab6a02f,TX,48377,2,2022-11-09T01:00:00.000Z,FIPSCode,48377,0,2022-11-14T15:24:20.170Z,8,98.98,8,100,62962,1025,61.97,62492,550,33.25,63492,79,4.78,1671,99,1654,4047,8,8
1668439592,2022-11-14 09:26:32 -0600,3accdc19e09259f94420b5072ad03dbd4d80e244,TX,48377,2,2022-11-09T01:00:00.000Z,FIPSCode,48377,0,2022-11-14T15:24:20.170Z,8,98.98,8,100,62962,1025,61.97,62492,550,33.25,63492,79,4.78,1671,99,1654,4047,8,8
1668439598,2022-11-14 09:26:38 -0600,e913df195e47cfeab284de2d8797c100a0f5d7b1,TX,48377,2,2022-11-09T01:00:00.000Z,FIPSCode,48377,0,2022-11-14T15:24:20.170Z,8,98.98,8,100,62962,1025,61.97,62492,550,33.25,63492,79,4.78,1671,99,1654,4047,8,8
1668439605,2022-11-14 09:26:45 -0600,b68311fc8b20b7bc327765ca4ffcb75d54222aee,TX,48377,2,2022-11-09T01:00:00.000Z,FIPSCode,48377,0,2022-11-14T15:24:20.170Z,8,98.98,8,100,62962,1025,61.97,62492,550,33.25,63492,79,4.78,1671,99,1654,4047,8,8
1668439624,2022-11-14 09:27:04 -0600,032eaab88de8adeaf9059d0c00969194be34332b,TX,48377,2,2022-11-09T01:00:00.000Z,FIPSCode,48377,0,2022-11-14T15:24:20.170Z,8,98.98,8,100,62962,1025,61.97,62492,550,33.25,63492,79,4.78,1671,99,1654,4047,8,8
1668439654,2022-11-14 09:27:34 -0600,834dea9cda5df6c37849f4f57c858ad0983b3012,TX,48377,2,2022-11-09T01:00:00.000Z,FIPSCode,48377,0,2022-11-14T15:24:20.170Z,8,98.98,8,100,62962,1025,61.97,62492,550,33.25,63492,79,4.78,1671,99,1654,4047,8,8
1668439684,2022-11-14 09:28:04 -0600,215225123653f8899a8f02747cd471c31ce9d6ef,TX,48377,2,2022-11-09T01:00:00.000Z,FIPSCode,48377,0,2022-11-14T15:24:20.170Z,8,98.98,8,100,62962,1025,61.97,62492,550,33.25,63492,79,4.78,1671,99,1654,4047,8,8
1668439714,2022-11-14 09:28:34 -0600,f1b0afd76929a67ae9cf84f222610daade029f0b,TX,48377,2,2022-11-09T01:00:00.000Z,FIPSCode,48377,0,2022-11-14T15:24:20.170Z,8,98.98,8,100,62962,1025,61.97,62492,550,33.25,63492,79,4.78,1671,99,1654,4047,8,8
1668439737,2022-11-14 09:28:57 -0600,03eb3800aa3c36518fced0fe21bb9e30b0579b62,TX,48377,2,2022-11-09T01:00:00.000Z,FIPSCode,48377,0,2022-11-14T15:24:20.170Z,8,98.98,8,100,62962,1025,61.97,62492,550,33.25,63492,79,4.78,1671,99,1654,4047,8,8
1668439773,2022-11-14 09:29:33 -0600,ff10d92cf1f8d048a8ac8a11eabd6f4fa066d13e,TX,48377,2,2022-11-09T01:00:00.000Z,FIPSCode,48377,0,2022-11-14T15:24:20.170Z,8,98.98,8,100,62962,1025,61.97,62492,550,33.25,63492,79,4.78,1671,99,1654,4047,8,8
1668439779,2022-11-14 09:29:39 -0600,b98e776d8f8557d7d6e0acb8b7b9ff89ed5ef165,TX,48377,2,2022-11-09T01:00:00.000Z,FIPSCode,48377,0,2022-11-14T15:24:20.170Z,8,98.98,8,100,62962,1025,61.97,62492,550,33.25,63492,79,4.78,1671,99,1654,4047,8,8
1668439818,2022-11-14 09:30:18 -0600,d4fc303f6dfaada9928398941af6833675b43846,TX,48377,2,2022-11-09T01:00:00.000Z,FIPSCode,48377,0,2022-11-14T15:24:20.170Z,8,98.98,8,100,62962,1025,61.97,62492,550,33.25,63492,79,4.78,1671,99,1654,4047,8,8
1668439832,2022-11-14 09:30:32 -0600,0d8f4556e9c02bc1687304422af33ffb546e0549,TX,48377,2,2022-11-09T01:00:00.000Z,FIPSCode,48377,0,2022-11-14T15:24:20.170Z,8,98.98,8,100,62962,1025,61.97,62492,550,33.25,63492,79,4.78,1671,99,1654,4047,8,8
1668439866,2022-11-14 09:31:06 -0600,a11cad4d3947b0d737c553fc674d9b0503676a47,TX,48377,2,2022-11-09T01:00:00.000Z,FIPSCode,48377,0,2022-11-14T15:24:20.170Z,8,98.98,8,100,62962,1025,61.97,62492,550,33.25,63492,79,4.78,1671,99,1654,4047,8,8
1668439883,2022-11-14 09:31:23 -0600,a93dda7dffff2210439bacb8fa045685bac9c6cb,TX,48377,2,2022-11-09T01:00:00.000Z,FIPSCode,48377,0,2022-11-14T15:24:20.170Z,8,98.98,8,100,62962,1025,61.97,62492,550,33.25,63492,79,4.78,1671,99,1654,4047,8,8
1668439895,2022-11-14 09:31:35 -0600,d03ac1c056c65c561f0bdb330925b6a2deecc8ce,TX,48377,2,2022-11-09T01:00:00.000Z,FIPSCode,48377,0,2022-11-14T15:24:20.170Z,8,98.98,8,100,62962,1025,61.97,62492,550,33.25,63492,79,4.78,1671,99,1654,4047,8,8
1668439925,2022-11-14 09:32:05 -0600,84ca0abb04c963b5400eb4feaccf8af613c58b6b,TX,48377,2,2022-11-09T01:00:00.000Z,FIPSCode,48377,0,2022-11-14T15:24:20.170Z,8,98.98,8,100,62962,1025,61.97,62492,550,33.25,63492,79,4.78,1671,99,1654,4047,8,8
1668440047,2022-11-14 09:34:07 -0600,49d2848b3ca8fac84de85be46c1f933942a9390e,TX,48377,2,2022-11-09T01:00:00.000Z,FIPSCode,48377,0,2022-11-14T15:24:20.170Z,8,98.98,8,100,62962,1025,61.97,62492,550,33.25,63492,79,4.78,1671,99,1654,4047,8,8
1668440076,2022-11-14 09:34:36 -0600,30ff3a2943c073c37d338be82fb67044a245f7be,TX,48377,2,2022-11-09T01:00:00.000Z,FIPSCode,48377,0,2022-11-14T15:34:19.355Z,8,98.98,8,100,62962,1025,61.97,62492,550,33.25,63492,79,4.78,1671,99,1654,4047,8,8
1668440088,2022-11-14 09:34:48 -0600,ab1e587e959a31279a756dbfa40cf78b0446fe19,TX,48377,2,2022-11-09T01:00:00.000Z,FIPSCode,48377,0,2022-11-14T15:34:19.355Z,8,98.98,8,100,62962,1025,61.97,62492,550,33.25,63492,79,4.78,1671,99,1654,4047,8,8
1668440136,2022-11-14 09:35:36 -0600,036b3ca4e655498b35411fad0b105179ec28f502,TX,48377,2,2022-11-09T01:00:00.000Z,FIPSCode,48377,0,2022-11-14T15:34:19.355Z,8,98.98,8,100,62962,1025,61.97,62492,550,33.25,63492,79,4.78,1671,99,1654,4047,8,8
1668440155,2022-11-14 09:35:55 -0600,ac77348d26b03293931a8a71afee6585e0e0a234,TX,48377,2,2022-11-09T01:00:00.000Z,FIPSCode,48377,0,2022-11-14T15:35:38.566Z,8,98.98,8,100,62962,1025,61.97,62492,550,33.25,63492,79,4.78,1671,99,1654,4047,8,8
1668440190,2022-11-14 09:36:30 -0600,e838d23889cf52fcc2509b7f4c97d921d34c48f5,TX,48377,2,2022-11-09T01:00:00.000Z,FIPSCode,48377,0,2022-11-14T15:36:18.184Z,8,98.98,8,100,62962,1025,61.97,62492,550,33.25,63492,79,4.78,1671,99,1654,4047,8,8
1668440214,2022-11-14 09:36:54 -0600,9190b07782ec4a2364da47001e7f430cacd4b31d,TX,48377,2,2022-11-09T01:00:00.000Z,FIPSCode,48377,0,2022-11-14T15:36:18.184Z,8,98.98,8,100,62962,1025,61.97,62492,550,33.25,63492,79,4.78,1671,99,1654,4047,8,8
1668440255,2022-11-14 09:37:35 -0600,fff80775765a05afabadaf5b4c41f40306a2fb79,TX,48377,2,2022-11-09T01:00:00.000Z,FIPSCode,48377,0,2022-11-14T15:36:18.184Z,8,98.98,8,100,62962,1025,61.97,62492,550,33.25,63492,79,4.78,1671,99,1654,4047,8,8
1668440285,2022-11-14 09:38:05 -0600,4553d47ecc18cecd6b8f5a9001a6a37b46ab10b0,TX,48377,2,2022-11-09T01:00:00.000Z,FIPSCode,48377,0,2022-11-14T15:36:18.184Z,8,98.98,8,100,62962,1025,61.97,62492,550,33.25,63492,79,4.78,1671,99,1654,4047,8,8
1668440314,2022-11-14 09:38:34 -0600,30c9fabc31a5093473c3b3a2621cae8e2af0a9a0,TX,48377,2,2022-11-09T01:00:00.000Z,FIPSCode,48377,0,2022-11-14T15:36:18.184Z,8,98.98,8,100,62962,1025,61.97,62492,550,33.25,63492,79,4.78,1671,99,1654,4047,8,8
1668440337,2022-11-14 09:38:57 -0600,ce5cb47964a4553ddf586f6140473a980b51bcc9,TX,48377,2,2022-11-09T01:00:00.000Z,FIPSCode,48377,0,2022-11-14T15:36:18.184Z,8,98.98,8,100,62962,1025,61.97,62492,550,33.25,63492,79,4.78,1671,99,1654,4047,8,8
1668440371,2022-11-14 09:39:31 -0600,a69558e351faf6c78352b96e8b80a00a8fc4eb44,TX,48377,2,2022-11-09T01:00:00.000Z,FIPSCode,48377,0,2022-11-14T15:36:18.184Z,8,98.98,8,100,62962,1025,61.97,62492,550,33.25,63492,79,4.78,1671,99,1654,4047,8,8
1668440403,2022-11-14 09:40:03 -0600,7754dd4ee8c0aeaa2eaadb1ab19137e4bcc8ba70,TX,48377,2,2022-11-09T01:00:00.000Z,FIPSCode,48377,0,2022-11-14T15:36:18.184Z,8,98.98,8,100,62962,1025,61.97,62492,550,33.25,63492,79,4.78,1671,99,1654,4047,8,8
1668440432,2022-11-14 09:40:32 -0600,b47970c0a3f783f8e1505450fa005254beb5342e,TX,48377,2,2022-11-09T01:00:00.000Z,FIPSCode,48377,0,2022-11-14T15:36:18.184Z,8,98.98,8,100,62962,1025,61.97,62492,550,33.25,63492,79,4.78,1671,99,1654,4047,8,8
1668440456,2022-11-14 09:40:56 -0600,2125a7698d8779b2221bb38f98a5c4541767efbf,TX,48377,2,2022-11-09T01:00:00.000Z,FIPSCode,48377,0,2022-11-14T15:36:18.184Z,8,98.98,8,100,62962,1025,61.97,62492,550,33.25,63492,79,4.78,1671,99,1654,4047,8,8
1668440473,2022-11-14 09:41:13 -0600,f689d4649434d5c462d8a5f379c0359ce9dde252,TX,48377,2,2022-11-09T01:00:00.000Z,FIPSCode,48377,0,2022-11-14T15:36:18.184Z,8,98.98,8,100,62962,1025,61.97,62492,550,33.25,63492,79,4.78,1671,99,1654,4047,8,8
1668440491,2022-11-14 09:41:31 -0600,c35a7dae95aea78b65d7fc31578becbd5c1e4a46,TX,48377,2,2022-11-09T01:00:00.000Z,FIPSCode,48377,0,2022-11-14T15:36:18.184Z,8,98.98,8,100,62962,1025,61.97,62492,550,33.25,63492,79,4.78,1671,99,1654,4047,8,8
1668440531,2022-11-14 09:42:11 -0600,4b00411d7fe51006faea15045865e46785b0015c,TX,48377,2,2022-11-09T01:00:00.000Z,FIPSCode,48377,0,2022-11-14T15:36:18.184Z,8,98.98,8,100,62962,1025,61.97,62492,550,33.25,63492,79,4.78,1671,99,1654,4047,8,8
1668440549,2022-11-14 09:42:29 -0600,f2dd8fa48ce802b38c72d075c7e84cfcb95669b9,TX,48377,2,2022-11-09T01:00:00.000Z,FIPSCode,48377,0,2022-11-14T15:36:18.184Z,8,98.98,8,100,62962,1025,61.97,62492,550,33.25,63492,79,4.78,1671,99,1654,4047,8,8
1668440567,2022-11-14 09:42:47 -0600,2b3104ef8f0b57e0c744525143c8b24ed9903cab,TX,48377,2,2022-11-09T01:00:00.000Z,FIPSCode,48377,0,2022-11-14T15:36:18.184Z,8,98.98,8,100,62962,1025,61.97,62492,550,33.25,63492,79,4.78,1671,99,1654,4047,8,8
1668440624,2022-11-14 09:43:44 -0600,027feaf8d6e27373083b95c3a957eaab07a9259c,TX,48377,2,2022-11-09T01:00:00.000Z,FIPSCode,48377,0,2022-11-14T15:36:18.184Z,8,98.98,8,100,62962,1025,61.97,62492,550,33.25,63492,79,4.78,1671,99,1654,4047,8,8
1668440643,2022-11-14 09:44:03 -0600,3c92bcfb1534408697450fa8529a0b438c25a342,TX,48377,2,2022-11-09T01:00:00.000Z,FIPSCode,48377,0,2022-11-14T15:36:18.184Z,8,98.98,8,100,62962,1025,61.97,62492,550,33.25,63492,79,4.78,1671,99,1654,4047,8,8
1668440674,2022-11-14 09:44:34 -0600,98311d990e52023266099f0bd08c89e10b899dd3,TX,48377,2,2022-11-09T01:00:00.000Z,FIPSCode,48377,0,2022-11-14T15:36:18.184Z,8,98.98,8,100,62962,1025,61.97,62492,550,33.25,63492,79,4.78,1671,99,1654,4047,8,8
1668440708,2022-11-14 09:45:08 -0600,47d0a5520479e6a2d9de09cc3a270b6d0929b4bc,TX,48377,2,2022-11-09T01:00:00.000Z,FIPSCode,48377,0,2022-11-14T15:36:18.184Z,8,98.98,8,100,62962,1025,61.97,62492,550,33.25,63492,79,4.78,1671,99,1654,4047,8,8
1668440732,2022-11-14 09:45:32 -0600,3d4e719fcbf8c2b815fecde705c410b758832e12,TX,48377,2,2022-11-09T01:00:00.000Z,FIPSCode,48377,0,2022-11-14T15:36:18.184Z,8,98.98,8,100,62962,1025,61.97,62492,550,33.25,63492,79,4.78,1671,99,1654,4047,8,8
1668440773,2022-11-14 09:46:13 -0600,3162ac4901054626a2a47937e61680f1cdc4ee80,TX,48377,2,2022-11-09T01:00:00.000Z,FIPSCode,48377,0,2022-11-14T15:36:18.184Z,8,98.98,8,100,62962,1025,61.97,62492,550,33.25,63492,79,4.78,1671,99,1654,4047,8,8
1668440796,2022-11-14 09:46:36 -0600,22747b4224d061996baf3cd3b382f0a06bbfdec7,TX,48377,2,2022-11-09T01:00:00.000Z,FIPSCode,48377,0,2022-11-14T15:36:18.184Z,8,98.98,8,100,62962,1025,61.97,62492,550,33.25,63492,79,4.78,1671,99,1654,4047,8,8
1668440855,2022-11-14 09:47:35 -0600,46967c8381e79be423c385fd0f8019f168538932,TX,48377,2,2022-11-09T01:00:00.000Z,FIPSCode,48377,0,2022-11-14T15:36:18.184Z,8,98.98,8,100,62962,1025,61.97,62492,550,33.25,63492,79,4.78,1671,99,1654,4047,8,8
1668440914,2022-11-14 09:48:34 -0600,2cbf4cd1d7baa515f7e59a1faf642b1cd7b75e23,TX,48377,2,2022-11-09T01:00:00.000Z,FIPSCode,48377,0,2022-11-14T15:36:18.184Z,8,98.98,8,100,62962,1025,61.97,62492,550,33.25,63492,79,4.78,1671,99,1654,4047,8,8
1668440950,2022-11-14 09:49:10 -0600,bbd48caeac81a7410facb33fb6cbf6739eff09b2,TX,48377,2,2022-11-09T01:00:00.000Z,FIPSCode,48377,0,2022-11-14T15:36:18.184Z,8,98.98,8,100,62962,1025,61.97,62492,550,33.25,63492,79,4.78,1671,99,1654,4047,8,8
1668440974,2022-11-14 09:49:34 -0600,6d3dcedb1eb94f7793a85ebd07abedd635de6d2d,TX,48377,2,2022-11-09T01:00:00.000Z,FIPSCode,48377,0,2022-11-14T15:49:17.307Z,8,98.98,8,100,62962,1025,61.97,62492,550,33.25,63492,79,4.78,1671,99,1654,4047,8,8
1668441045,2022-11-14 09:50:45 -0600,35d016464f04490f2af00e39a57b60e048359b49,TX,48377,2,2022-11-09T01:00:00.000Z,FIPSCode,48377,0,2022-11-14T15:50:19.184Z,8,98.98,8,100,62962,1025,61.97,62492,550,33.25,63492,79,4.78,1671,99,1654,4047,8,8
1668441093,2022-11-14 09:51:33 -0600,446cd6c9f84bf43597b806594f0a8600d4188aeb,TX,48377,2,2022-11-09T01:00:00.000Z,FIPSCode,48377,0,2022-11-14T15:50:19.184Z,8,98.98,8,100,62962,1025,61.97,62492,550,33.25,63492,79,4.78,1671,99,1654,4047,8,8
1668441134,2022-11-14 09:52:14 -0600,15c4a158ce510df27f2afb2b219c106217571377,TX,48377,2,2022-11-09T01:00:00.000Z,FIPSCode,48377,0,2022-11-14T15:51:38.296Z,8,98.98,8,100,62962,1025,61.97,62492,550,33.25,63492,79,4.78,1671,99,1654,4047,8,8
1668441151,2022-11-14 09:52:31 -0600,05b5bc8e91844397ebc72b31bc15c5e22c791e94,TX,48377,2,2022-11-09T01:00:00.000Z,FIPSCode,48377,0,2022-11-14T15:51:38.296Z,8,98.98,8,100,62962,1025,61.97,62492,550,33.25,63492,79,4.78,1671,99,1654,4047,8,8
1668441187,2022-11-14 09:53:07 -0600,3427127897ae09899349c8711aa1c8b37aeddc2e,TX,48377,2,2022-11-09T01:00:00.000Z,FIPSCode,48377,0,2022-11-14T15:51:38.296Z,8,98.98,8,100,62962,1025,61.97,62492,550,33.25,63492,79,4.78,1671,99,1654,4047,8,8
1668441212,2022-11-14 09:53:32 -0600,e505482b8c6537e87317dd026308e18e709e816f,TX,48377,2,2022-11-09T01:00:00.000Z,FIPSCode,48377,0,2022-11-14T15:51:38.296Z,8,98.98,8,100,62962,1025,61.97,62492,550,33.25,63492,79,4.78,1671,99,1654,4047,8,8
1668441247,2022-11-14 09:54:07 -0600,6e2468e6a1052f37079571eb9bd9a0bf1344896d,TX,48377,2,2022-11-09T01:00:00.000Z,FIPSCode,48377,0,2022-11-14T15:51:38.296Z,8,98.98,8,100,62962,1025,61.97,62492,550,33.25,63492,79,4.78,1671,99,1654,4047,8,8
1668441271,2022-11-14 09:54:31 -0600,ae465c9515cbcc619ccfcdf841f3991efbf68243,TX,48377,2,2022-11-09T01:00:00.000Z,FIPSCode,48377,0,2022-11-14T15:54:18.209Z,8,98.98,8,100,62962,1025,61.97,62492,550,33.25,63492,79,4.78,1671,99,1654,4047,8,8
1668441290,2022-11-14 09:54:50 -0600,230a151128183e9ad06fee10a92bb0ad3716291a,TX,48377,2,2022-11-09T01:00:00.000Z,FIPSCode,48377,0,2022-11-14T15:54:18.209Z,8,98.98,8,100,62962,1025,61.97,62492,550,33.25,63492,79,4.78,1671,99,1654,4047,8,8
1668441303,2022-11-14 09:55:03 -0600,bd7838ba9cb5a7ca5f8007983086a0c4af829a70,TX,48377,2,2022-11-09T01:00:00.000Z,FIPSCode,48377,0,2022-11-14T15:54:18.209Z,8,98.98,8,100,62962,1025,61.97,62492,550,33.25,63492,79,4.78,1671,99,1654,4047,8,8
1668441332,2022-11-14 09:55:32 -0600,3bcf04063958d2caf13ecc9b850caeaf02119b90,TX,48377,2,2022-11-09T01:00:00.000Z,FIPSCode,48377,0,2022-11-14T15:55:19.978Z,8,98.98,8,100,62962,1025,61.97,62492,550,33.25,63492,79,4.78,1671,99,1654,4047,8,8
1668441354,2022-11-14 09:55:54 -0600,7294985128dcbe75c08095f4588e4b111f45cde5,TX,48377,2,2022-11-09T01:00:00.000Z,FIPSCode,48377,0,2022-11-14T15:55:19.978Z,8,98.98,8,100,62962,1025,61.97,62492,550,33.25,63492,79,4.78,1671,99,1654,4047,8,8
1668441360,2022-11-14 09:56:00 -0600,8df52e736f24c4b83ded0d824a318c3fb5fbf723,TX,48377,2,2022-11-09T01:00:00.000Z,FIPSCode,48377,0,2022-11-14T15:55:19.978Z,8,98.98,8,100,62962,1025,61.97,62492,550,33.25,63492,79,4.78,1671,99,1654,4047,8,8
1668441404,2022-11-14 09:56:44 -0600,42bebaeeca6dfeecb28a1da609bdcec84c884d8e,TX,48377,2,2022-11-09T01:00:00.000Z,FIPSCode,48377,0,2022-11-14T15:56:17.931Z,8,98.98,8,100,62962,1025,61.97,62492,550,33.25,63492,79,4.78,1671,99,1654,4047,8,8
1668441423,2022-11-14 09:57:03 -0600,2bb81cfe24257f2752b3b4d3b77e2743e556a062,TX,48377,2,2022-11-09T01:00:00.000Z,FIPSCode,48377,0,2022-11-14T15:56:17.931Z,8,98.98,8,100,62962,1025,61.97,62492,550,33.25,63492,79,4.78,1671,99,1654,4047,8,8
1668441435,2022-11-14 09:57:15 -0600,57e5e2fe91950e023d82d85b7da60d7f8c84a88c,TX,48377,2,2022-11-09T01:00:00.000Z,FIPSCode,48377,0,2022-11-14T15:56:17.931Z,8,98.98,8,100,62962,1025,61.97,62492,550,33.25,63492,79,4.78,1671,99,1654,4047,8,8
1668441449,2022-11-14 09:57:29 -0600,05d96c33a55a629f319efaf5b00dfd321241c78c,TX,48377,2,2022-11-09T01:00:00.000Z,FIPSCode,48377,0,2022-11-14T15:56:17.931Z,8,98.98,8,100,62962,1025,61.97,62492,550,33.25,63492,79,4.78,1671,99,1654,4047,8,8
1668441466,2022-11-14 09:57:46 -0600,5679f8ec9aaaf6f69f86d8e94b9c08f6f2c8a889,TX,48377,2,2022-11-09T01:00:00.000Z,FIPSCode,48377,0,2022-11-14T15:56:17.931Z,8,98.98,8,100,62962,1025,61.97,62492,550,33.25,63492,79,4.78,1671,99,1654,4047,8,8
1668441478,2022-11-14 09:57:58 -0600,d06035c28e0bfd2be5a17e8b648bcb84c8cd3ed2,TX,48377,2,2022-11-09T01:00:00.000Z,FIPSCode,48377,0,2022-11-14T15:56:17.931Z,8,98.98,8,100,62962,1025,61.97,62492,550,33.25,63492,79,4.78,1671,99,1654,4047,8,8
1668441496,2022-11-14 09:58:16 -0600,e65669dd5a87e2d554d81557e94d8743176d32c9,TX,48377,2,2022-11-09T01:00:00.000Z,FIPSCode,48377,0,2022-11-14T15:56:17.931Z,8,98.98,8,100,62962,1025,61.97,62492,550,33.25,63492,79,4.78,1671,99,1654,4047,8,8
1668441508,2022-11-14 09:58:28 -0600,9e973d71813461d60af1a97dba22a1997a394e9d,TX,48377,2,2022-11-09T01:00:00.000Z,FIPSCode,48377,0,2022-11-14T15:56:17.931Z,8,98.98,8,100,62962,1025,61.97,62492,550,33.25,63492,79,4.78,1671,99,1654,4047,8,8
1668441514,2022-11-14 09:58:34 -0600,a56d03c25d33704ceedd1c9a6b0a8f77c4adb3ee,TX,48377,2,2022-11-09T01:00:00.000Z,FIPSCode,48377,0,2022-11-14T15:56:17.931Z,8,98.98,8,100,62962,1025,61.97,62492,550,33.25,63492,79,4.78,1671,99,1654,4047,8,8
1668441545,2022-11-14 09:59:05 -0600,93eca67860bb25fab49245938add6e33061243b6,TX,48377,2,2022-11-09T01:00:00.000Z,FIPSCode,48377,0,2022-11-14T15:56:17.931Z,8,98.98,8,100,62962,1025,61.97,62492,550,33.25,63492,79,4.78,1671,99,1654,4047,8,8
1668441570,2022-11-14 09:59:30 -0600,1743323ccdf67efa9eae92ad30ecef332be75967,TX,48377,2,2022-11-09T01:00:00.000Z,FIPSCode,48377,0,2022-11-14T15:56:17.931Z,8,98.98,8,100,62962,1025,61.97,62492,550,33.25,63492,79,4.78,1671,99,1654,4047,8,8
1668441606,2022-11-14 10:00:06 -0600,a762bfb277a36054e1fa12f6bef0bcad968da536,TX,48377,2,2022-11-09T01:00:00.000Z,FIPSCode,48377,0,2022-11-14T15:56:17.931Z,8,98.98,8,100,62962,1025,61.97,62492,550,33.25,63492,79,4.78,1671,99,1654,4047,8,8
1668441641,2022-11-14 10:00:41 -0600,15d6d577ac555387d91061e57a6a68eea5a208e1,TX,48377,2,2022-11-09T01:00:00.000Z,FIPSCode,48377,0,2022-11-14T15:56:17.931Z,8,98.98,8,100,62962,1025,61.97,62492,550,33.25,63492,79,4.78,1671,99,1654,4047,8,8
1668441653,2022-11-14 10:00:53 -0600,80208bc4cfaf29385a74c526df1227aa2f324952,TX,48377,2,2022-11-09T01:00:00.000Z,FIPSCode,48377,0,2022-11-14T15:56:17.931Z,8,98.98,8,100,62962,1025,61.97,62492,550,33.25,63492,79,4.78,1671,99,1654,4047,8,8
1668441702,2022-11-14 10:01:42 -0600,b5e5029eed513f5caa8546ef0820cea06762b7a4,TX,48377,2,2022-11-09T01:00:00.000Z,FIPSCode,48377,0,2022-11-14T15:56:17.931Z,8,98.98,8,100,62962,1025,61.97,62492,550,33.25,63492,79,4.78,1671,99,1654,4047,8,8
1668441731,2022-11-14 10:02:11 -0600,7149290cdc005184d2f08cf962a900c53dbb5985,TX,48377,2,2022-11-09T01:00:00.000Z,FIPSCode,48377,0,2022-11-14T15:56:17.931Z,8,98.98,8,100,62962,1025,61.97,62492,550,33.25,63492,79,4.78,1671,99,1654,4047,8,8
1668441748,2022-11-14 10:02:28 -0600,8638a3e189aac4cd23b70569989998eb9cc26228,TX,48377,2,2022-11-09T01:00:00.000Z,FIPSCode,48377,0,2022-11-14T15:56:17.931Z,8,98.98,8,100,62962,1025,61.97,62492,550,33.25,63492,79,4.78,1671,99,1654,4047,8,8
1668441762,2022-11-14 10:02:42 -0600,650d3f00d4e7dc6dc47d8d1aa5b2257f8eaba626,TX,48377,2,2022-11-09T01:00:00.000Z,FIPSCode,48377,0,2022-11-14T15:56:17.931Z,8,98.98,8,100,62962,1025,61.97,62492,550,33.25,63492,79,4.78,1671,99,1654,4047,8,8
1668441823,2022-11-14 10:03:43 -0600,d0d284f17897c5a43981bff69bb5777cf7a00c10,TX,48377,2,2022-11-09T01:00:00.000Z,FIPSCode,48377,0,2022-11-14T15:56:17.931Z,8,98.98,8,100,62962,1025,61.97,62492,550,33.25,63492,79,4.78,1671,99,1654,4047,8,8
1668441853,2022-11-14 10:04:13 -0600,1ca1d5768288f3ac319cf3da0d152e5c2c268229,TX,48377,2,2022-11-09T01:00:00.000Z,FIPSCode,48377,0,2022-11-14T15:56:17.931Z,8,98.98,8,100,62962,1025,61.97,62492,550,33.25,63492,79,4.78,1671,99,1654,4047,8,8
1668441872,2022-11-14 10:04:32 -0600,fafeaa0b6d3268b26ccfd8d4d357e0efef40a041,TX,48377,2,2022-11-09T01:00:00.000Z,FIPSCode,48377,0,2022-11-14T15:56:17.931Z,8,98.98,8,100,62962,1025,61.97,62492,550,33.25,63492,79,4.78,1671,99,1654,4047,8,8
1668441895,2022-11-14 10:04:55 -0600,fbe57aa6108b1e7f84e8074867492df44ef53904,TX,48377,2,2022-11-09T01:00:00.000Z,FIPSCode,48377,0,2022-11-14T15:56:17.931Z,8,98.98,8,100,62962,1025,61.97,62492,550,33.25,63492,79,4.78,1671,99,1654,4047,8,8
1668441938,2022-11-14 10:05:38 -0600,917a7199741a968d12b49fa65cf96dda937a3129,TX,48377,2,2022-11-09T01:00:00.000Z,FIPSCode,48377,0,2022-11-14T15:56:17.931Z,8,98.98,8,100,62962,1025,61.97,62492,550,33.25,63492,79,4.78,1671,99,1654,4047,8,8
1668441956,2022-11-14 10:05:56 -0600,0ee65bc1ef9b0217862ba2b0f873b6fbe3d8e0d0,TX,48377,2,2022-11-09T01:00:00.000Z,FIPSCode,48377,0,2022-11-14T15:56:17.931Z,8,98.98,8,100,62962,1025,61.97,62492,550,33.25,63492,79,4.78,1671,99,1654,4047,8,8
1668441974,2022-11-14 10:06:14 -0600,c879036091d258a9abd259c2b4bc8f21cfd2e2dc,TX,48377,2,2022-11-09T01:00:00.000Z,FIPSCode,48377,0,2022-11-14T15:56:17.931Z,8,98.98,8,100,62962,1025,61.97,62492,550,33.25,63492,79,4.78,1671,99,1654,4047,8,8
1668441986,2022-11-14 10:06:26 -0600,46823e3266f57c2b6b206bd389e2129a796be7dc,TX,48377,2,2022-11-09T01:00:00.000Z,FIPSCode,48377,0,2022-11-14T15:56:17.931Z,8,98.98,8,100,62962,1025,61.97,62492,550,33.25,63492,79,4.78,1671,99,1654,4047,8,8
1668441998,2022-11-14 10:06:38 -0600,b0c091c04c1a3f27612419583a5dfb2ea42cf340,TX,48377,2,2022-11-09T01:00:00.000Z,FIPSCode,48377,0,2022-11-14T15:56:17.931Z,8,98.98,8,100,62962,1025,61.97,62492,550,33.25,63492,79,4.78,1671,99,1654,4047,8,8
1668442032,2022-11-14 10:07:12 -0600,42049ea8ddc4c7736e50aa8f3008f38c05567aef,TX,48377,2,2022-11-09T01:00:00.000Z,FIPSCode,48377,0,2022-11-14T15:56:17.931Z,8,98.98,8,100,62962,1025,61.97,62492,550,33.25,63492,79,4.78,1671,99,1654,4047,8,8
1668442055,2022-11-14 10:07:35 -0600,9dfe0b1c0a783ead488c794f8884c1cd0e9ae92a,TX,48377,2,2022-11-09T01:00:00.000Z,FIPSCode,48377,0,2022-11-14T15:56:17.931Z,8,98.98,8,100,62962,1025,61.97,62492,550,33.25,63492,79,4.78,1671,99,1654,4047,8,8
1668442091,2022-11-14 10:08:11 -0600,f57b33b3760f7f61c78dc142f476aea728046ab6,TX,48377,2,2022-11-09T01:00:00.000Z,FIPSCode,48377,0,2022-11-14T15:56:17.931Z,8,98.98,8,100,62962,1025,61.97,62492,550,33.25,63492,79,4.78,1671,99,1654,4047,8,8
1668442109,2022-11-14 10:08:29 -0600,034c14f2103988d015403595129c5dbcc8431d0f,TX,48377,2,2022-11-09T01:00:00.000Z,FIPSCode,48377,0,2022-11-14T15:56:17.931Z,8,98.98,8,100,62962,1025,61.97,62492,550,33.25,63492,79,4.78,1671,99,1654,4047,8,8
1668442116,2022-11-14 10:08:36 -0600,78b01ce3263f7b92ee4dfd3ade6f5d206588bf6f,TX,48377,2,2022-11-09T01:00:00.000Z,FIPSCode,48377,0,2022-11-14T15:56:17.931Z,8,98.98,8,100,62962,1025,61.97,62492,550,33.25,63492,79,4.78,1671,99,1654,4047,8,8
1668442133,2022-11-14 10:08:53 -0600,dacc2a3e188d864ca668e9d46f34ae807a73c78d,TX,48377,2,2022-11-09T01:00:00.000Z,FIPSCode,48377,0,2022-11-14T15:56:17.931Z,8,98.98,8,100,62962,1025,61.97,62492,550,33.25,63492,79,4.78,1671,99,1654,4047,8,8
1668442146,2022-11-14 10:09:06 -0600,88d799271ecbc689927083ba8ece2eef5c783414,TX,48377,2,2022-11-09T01:00:00.000Z,FIPSCode,48377,0,2022-11-14T15:56:17.931Z,8,98.98,8,100,62962,1025,61.97,62492,550,33.25,63492,79,4.78,1671,99,1654,4047,8,8
1668442176,2022-11-14 10:09:36 -0600,318f445264ad33fdefe6c9a6e0f473fcb06c0868,TX,48377,2,2022-11-09T01:00:00.000Z,FIPSCode,48377,0,2022-11-14T15:56:17.931Z,8,98.98,8,100,62962,1025,61.97,62492,550,33.25,63492,79,4.78,1671,99,1654,4047,8,8
1668442212,2022-11-14 10:10:12 -0600,ce077805e2edc0346de160a10727b84a03d6f0f5,TX,48377,2,2022-11-09T01:00:00.000Z,FIPSCode,48377,0,2022-11-14T15:56:17.931Z,8,98.98,8,100,62962,1025,61.97,62492,550,33.25,63492,79,4.78,1671,99,1654,4047,8,8
1668442235,2022-11-14 10:10:35 -0600,6ae85f9826696b4723a694d3c7f7717e0a6db77c,TX,48377,2,2022-11-09T01:00:00.000Z,FIPSCode,48377,0,2022-11-14T15:56:17.931Z,8,98.98,8,100,62962,1025,61.97,62492,550,33.25,63492,79,4.78,1671,99,1654,4047,8,8
1668442270,2022-11-14 10:11:10 -0600,c00a18dd55cda5360f5a5c27de11fd8a07771237,TX,48377,2,2022-11-09T01:00:00.000Z,FIPSCode,48377,0,2022-11-14T15:56:17.931Z,8,98.98,8,100,62962,1025,61.97,62492,550,33.25,63492,79,4.78,1671,99,1654,4047,8,8
1668442293,2022-11-14 10:11:33 -0600,d2df596b619be84c1bcbaff45dccbb052c92a666,TX,48377,2,2022-11-09T01:00:00.000Z,FIPSCode,48377,0,2022-11-14T15:56:17.931Z,8,98.98,8,100,62962,1025,61.97,62492,550,33.25,63492,79,4.78,1671,99,1654,4047,8,8
1668442305,2022-11-14 10:11:45 -0600,67fbcfecfd9f52ae3f761d183bbebdfb75197564,TX,48377,2,2022-11-09T01:00:00.000Z,FIPSCode,48377,0,2022-11-14T15:56:17.931Z,8,98.98,8,100,62962,1025,61.97,62492,550,33.25,63492,79,4.78,1671,99,1654,4047,8,8
1668442317,2022-11-14 10:11:57 -0600,8ca12e2ccad57fa5246a6cd8a970f9a3571a4acf,TX,48377,2,2022-11-09T01:00:00.000Z,FIPSCode,48377,0,2022-11-14T15:56:17.931Z,8,98.98,8,100,62962,1025,61.97,62492,550,33.25,63492,79,4.78,1671,99,1654,4047,8,8
1668442354,2022-11-14 10:12:34 -0600,3aef84961729b93e057b87f47bd3effae5002404,TX,48377,2,2022-11-09T01:00:00.000Z,FIPSCode,48377,0,2022-11-14T15:56:17.931Z,8,98.98,8,100,62962,1025,61.97,62492,550,33.25,63492,79,4.78,1671,99,1654,4047,8,8
1668442366,2022-11-14 10:12:46 -0600,f3c0654c4281d990d4c14ecc2854caa83446e5f1,TX,48377,2,2022-11-09T01:00:00.000Z,FIPSCode,48377,0,2022-11-14T15:56:17.931Z,8,98.98,8,100,62962,1025,61.97,62492,550,33.25,63492,79,4.78,1671,99,1654,4047,8,8
1668442384,2022-11-14 10:13:04 -0600,5f65bd26d4aa78d041233a6543c6eb2b310533df,TX,48377,2,2022-11-09T01:00:00.000Z,FIPSCode,48377,0,2022-11-14T15:56:17.931Z,8,98.98,8,100,62962,1025,61.97,62492,550,33.25,63492,79,4.78,1671,99,1654,4047,8,8
1668442396,2022-11-14 10:13:16 -0600,dfd1c0166ce43031d78ad96050454c5d07dd71ce,TX,48377,2,2022-11-09T01:00:00.000Z,FIPSCode,48377,0,2022-11-14T15:56:17.931Z,8,98.98,8,100,62962,1025,61.97,62492,550,33.25,63492,79,4.78,1671,99,1654,4047,8,8
1668442423,2022-11-14 10:13:43 -0600,518f714f9f7124a3d617d77a23546a680d9d886f,TX,48377,2,2022-11-09T01:00:00.000Z,FIPSCode,48377,0,2022-11-14T15:56:17.931Z,8,98.98,8,100,62962,1025,61.97,62492,550,33.25,63492,79,4.78,1671,99,1654,4047,8,8
1668442436,2022-11-14 10:13:56 -0600,4fe7e1f83ac35daacfc23c7106c1de11131ab919,TX,48377,2,2022-11-09T01:00:00.000Z,FIPSCode,48377,0,2022-11-14T15:56:17.931Z,8,98.98,8,100,62962,1025,61.97,62492,550,33.25,63492,79,4.78,1671,99,1654,4047,8,8
1668442450,2022-11-14 10:14:10 -0600,c53c83f7471693e7dbb19d6a6154859104397651,TX,48377,2,2022-11-09T01:00:00.000Z,FIPSCode,48377,0,2022-11-14T15:56:17.931Z,8,98.98,8,100,62962,1025,61.97,62492,550,33.25,63492,79,4.78,1671,99,1654,4047,8,8
1668442479,2022-11-14 10:14:39 -0600,ce6abd9dd21b56982a523c5455ff20f9e81e1113,TX,48377,2,2022-11-09T01:00:00.000Z,FIPSCode,48377,0,2022-11-14T15:56:17.931Z,8,98.98,8,100,62962,1025,61.97,62492,550,33.25,63492,79,4.78,1671,99,1654,4047,8,8
1668442528,2022-11-14 10:15:28 -0600,eda39bb7c0d2a19ba4fbfbab63153a79efd6de70,TX,48377,2,2022-11-09T01:00:00.000Z,FIPSCode,48377,0,2022-11-14T15:56:17.931Z,8,98.98,8,100,62962,1025,61.97,62492,550,33.25,63492,79,4.78,1671,99,1654,4047,8,8
1668442535,2022-11-14 10:15:35 -0600,5ce85f5641732d1cd70f0f75347a5622f38db1c7,TX,48377,2,2022-11-09T01:00:00.000Z,FIPSCode,48377,0,2022-11-14T16:15:18.983Z,8,98.98,8,100,62962,1025,61.97,62492,550,33.25,63492,79,4.78,1671,99,1654,4047,8,8
1668442570,2022-11-14 10:16:10 -0600,8178883ce3cc505adc2d6c37a272e7e488dcfd4d,TX,48377,2,2022-11-09T01:00:00.000Z,FIPSCode,48377,0,2022-11-14T16:15:18.983Z,8,98.98,8,100,62962,1025,61.97,62492,550,33.25,63492,79,4.78,1671,99,1654,4047,8,8
1668442599,2022-11-14 10:16:39 -0600,c6163e9294ed667bfb4ed4f8a2ab277aeac92c9c,TX,48377,2,2022-11-09T01:00:00.000Z,FIPSCode,48377,0,2022-11-14T16:16:20.296Z,8,98.98,8,100,62962,1025,61.97,62492,550,33.25,63492,79,4.78,1671,99,1654,4047,8,8
1668442622,2022-11-14 10:17:02 -0600,bfa45b536e2e4a1e8b06d60bdd90698919eae044,TX,48377,2,2022-11-09T01:00:00.000Z,FIPSCode,48377,0,2022-11-14T16:16:20.296Z,8,98.98,8,100,62962,1025,61.97,62492,550,33.25,63492,79,4.78,1671,99,1654,4047,8,8
1668442651,2022-11-14 10:17:31 -0600,87d3e3eb081d1fa56420ad44357e2e19d11f82b5,TX,48377,2,2022-11-09T01:00:00.000Z,FIPSCode,48377,0,2022-11-14T16:17:18.136Z,8,98.98,8,100,62962,1025,61.97,62492,550,33.25,63492,79,4.78,1671,99,1654,4047,8,8
1668442663,2022-11-14 10:17:43 -0600,b640fc8ae60994534ad0eb40808169929cb402cb,TX,48377,2,2022-11-09T01:00:00.000Z,FIPSCode,48377,0,2022-11-14T16:17:18.136Z,8,98.98,8,100,62962,1025,61.97,62492,550,33.25,63492,79,4.78,1671,99,1654,4047,8,8
1668442680,2022-11-14 10:18:00 -0600,e4ca677d95805d27a6bcafb78ebacdfa3b662fb5,TX,48377,2,2022-11-09T01:00:00.000Z,FIPSCode,48377,0,2022-11-14T16:17:18.136Z,8,98.98,8,100,62962,1025,61.97,62492,550,33.25,63492,79,4.78,1671,99,1654,4047,8,8
1668442716,2022-11-14 10:18:36 -0600,dda8757da7c49160089083e82155e793cdeca1a5,TX,48377,2,2022-11-09T01:00:00.000Z,FIPSCode,48377,0,2022-11-14T16:18:17.473Z,8,98.98,8,100,62962,1025,61.97,62492,550,33.25,63492,79,4.78,1671,99,1654,4047,8,8
1668442739,2022-11-14 10:18:59 -0600,8e2350d566226d71b0583f9a7ac37ba2983265ca,TX,48377,2,2022-11-09T01:00:00.000Z,FIPSCode,48377,0,2022-11-14T16:18:17.473Z,8,98.98,8,100,62962,1025,61.97,62492,550,33.25,63492,79,4.78,1671,99,1654,4047,8,8
1668442751,2022-11-14 10:19:11 -0600,ccaa8aaa79f3c23c98ef2f68aaefbfabbd03cfda,TX,48377,2,2022-11-09T01:00:00.000Z,FIPSCode,48377,0,2022-11-14T16:18:17.473Z,8,98.98,8,100,62962,1025,61.97,62492,550,33.25,63492,79,4.78,1671,99,1654,4047,8,8
1668442780,2022-11-14 10:19:40 -0600,1739d1a9531f08dc9045ea49017e4daeb4e1b77c,TX,48377,2,2022-11-09T01:00:00.000Z,FIPSCode,48377,0,2022-11-14T16:18:17.473Z,8,98.98,8,100,62962,1025,61.97,62492,550,33.25,63492,79,4.78,1671,99,1654,4047,8,8
1668442804,2022-11-14 10:20:04 -0600,2dcdcc1ff1fbb3a701e7cdd568034a174845bdd6,TX,48377,2,2022-11-09T01:00:00.000Z,FIPSCode,48377,0,2022-11-14T16:18:17.473Z,8,98.98,8,100,62962,1025,61.97,62492,550,33.25,63492,79,4.78,1671,99,1654,4047,8,8
1668442816,2022-11-14 10:20:16 -0600,0595e6fe51b3c60b3988957fa6e449df5c9d8543,TX,48377,2,2022-11-09T01:00:00.000Z,FIPSCode,48377,0,2022-11-14T16:18:17.473Z,8,98.98,8,100,62962,1025,61.97,62492,550,33.25,63492,79,4.78,1671,99,1654,4047,8,8
1668442841,2022-11-14 10:20:41 -0600,b9b11759d67bc3877cc1ddefe2994d4c17388bc7,TX,48377,2,2022-11-09T01:00:00.000Z,FIPSCode,48377,0,2022-11-14T16:18:17.473Z,8,98.98,8,100,62962,1025,61.97,62492,550,33.25,63492,79,4.78,1671,99,1654,4047,8,8
1668442878,2022-11-14 10:21:18 -0600,adaf189cd56b16560d2e9dc7ef5024178ab8bca1,TX,48377,2,2022-11-09T01:00:00.000Z,FIPSCode,48377,0,2022-11-14T16:18:17.473Z,8,98.98,8,100,62962,1025,61.97,62492,550,33.25,63492,79,4.78,1671,99,1654,4047,8,8
1668442891,2022-11-14 10:21:31 -0600,2c966b56e7a81292898c7138ffc06efa884c9d9e,TX,48377,2,2022-11-09T01:00:00.000Z,FIPSCode,48377,0,2022-11-14T16:18:17.473Z,8,98.98,8,100,62962,1025,61.97,62492,550,33.25,63492,79,4.78,1671,99,1654,4047,8,8
1668442897,2022-11-14 10:21:37 -0600,336f77a27bcf1c286d8107e1d525cc76f41a5e47,TX,48377,2,2022-11-09T01:00:00.000Z,FIPSCode,48377,0,2022-11-14T16:18:17.473Z,8,98.98,8,100,62962,1025,61.97,62492,550,33.25,63492,79,4.78,1671,99,1654,4047,8,8
1668442914,2022-11-14 10:21:54 -0600,4bffa18b39332a93d1571e18cfad3bfc79b3b608,TX,48377,2,2022-11-09T01:00:00.000Z,FIPSCode,48377,0,2022-11-14T16:18:17.473Z,8,98.98,8,100,62962,1025,61.97,62492,550,33.25,63492,79,4.78,1671,99,1654,4047,8,8
1668442928,2022-11-14 10:22:08 -0600,d6da09bb3df2ec35b67903becb0c2328b4496026,TX,48377,2,2022-11-09T01:00:00.000Z,FIPSCode,48377,0,2022-11-14T16:18:17.473Z,8,98.98,8,100,62962,1025,61.97,62492,550,33.25,63492,79,4.78,1671,99,1654,4047,8,8
1668442962,2022-11-14 10:22:42 -0600,b33a0a45665a7d07dc99a4682ad289f6332edabe,TX,48377,2,2022-11-09T01:00:00.000Z,FIPSCode,48377,0,2022-11-14T16:18:17.473Z,8,98.98,8,100,62962,1025,61.97,62492,550,33.25,63492,79,4.78,1671,99,1654,4047,8,8
1668442997,2022-11-14 10:23:17 -0600,edb40f05279fc0c94db8680498381b4113fd74e3,TX,48377,2,2022-11-09T01:00:00.000Z,FIPSCode,48377,0,2022-11-14T16:18:17.473Z,8,98.98,8,100,62962,1025,61.97,62492,550,33.25,63492,79,4.78,1671,99,1654,4047,8,8
1668443015,2022-11-14 10:23:35 -0600,189e0a4a9265e896d9296045d24e2264c9dc72d1,TX,48377,2,2022-11-09T01:00:00.000Z,FIPSCode,48377,0,2022-11-14T16:18:17.473Z,8,98.98,8,100,62962,1025,61.97,62492,550,33.25,63492,79,4.78,1671,99,1654,4047,8,8
1668443057,2022-11-14 10:24:17 -0600,58ffab04216b8d931609daf8489bc7e8c2a10100,TX,48377,2,2022-11-09T01:00:00.000Z,FIPSCode,48377,0,2022-11-14T16:18:17.473Z,8,98.98,8,100,62962,1025,61.97,62492,550,33.25,63492,79,4.78,1671,99,1654,4047,8,8
1668443070,2022-11-14 10:24:30 -0600,032f619455a7a2dfe8311b1126944d2391d18c04,TX,48377,2,2022-11-09T01:00:00.000Z,FIPSCode,48377,0,2022-11-14T16:18:17.473Z,8,98.98,8,100,62962,1025,61.97,62492,550,33.25,63492,79,4.78,1671,99,1654,4047,8,8
1668443077,2022-11-14 10:24:37 -0600,6081ecd48abae1dcbf81e207113fcdee74f649f9,TX,48377,2,2022-11-09T01:00:00.000Z,FIPSCode,48377,0,2022-11-14T16:18:17.473Z,8,98.98,8,100,62962,1025,61.97,62492,550,33.25,63492,79,4.78,1671,99,1654,4047,8,8
1668443112,2022-11-14 10:25:12 -0600,5418d934b47ccfd127dcfb4534842e53374a51b1,TX,48377,2,2022-11-09T01:00:00.000Z,FIPSCode,48377,0,2022-11-14T16:18:17.473Z,8,98.98,8,100,62962,1025,61.97,62492,550,33.25,63492,79,4.78,1671,99,1654,4047,8,8
1668443124,2022-11-14 10:25:24 -0600,90ef71830bdb8bf0b8dabe56468b92a2aab83761,TX,48377,2,2022-11-09T01:00:00.000Z,FIPSCode,48377,0,2022-11-14T16:18:17.473Z,8,98.98,8,100,62962,1025,61.97,62492,550,33.25,63492,79,4.78,1671,99,1654,4047,8,8
1668443136,2022-11-14 10:25:36 -0600,00fd1c4ca37aca6f53f6262b6c5d71ce49774499,TX,48377,2,2022-11-09T01:00:00.000Z,FIPSCode,48377,0,2022-11-14T16:18:17.473Z,8,98.98,8,100,62962,1025,61.97,62492,550,33.25,63492,79,4.78,1671,99,1654,4047,8,8
1668443149,2022-11-14 10:25:49 -0600,7a78d4d1e935414d1cdb27a9026d34cfd134bc99,TX,48377,2,2022-11-09T01:00:00.000Z,FIPSCode,48377,0,2022-11-14T16:18:17.473Z,8,98.98,8,100,62962,1025,61.97,62492,550,33.25,63492,79,4.78,1671,99,1654,4047,8,8
1668443167,2022-11-14 10:26:07 -0600,4a3fc295af92c7753fc315ac115097535a85c23f,TX,48377,2,2022-11-09T01:00:00.000Z,FIPSCode,48377,0,2022-11-14T16:18:17.473Z,8,98.98,8,100,62962,1025,61.97,62492,550,33.25,63492,79,4.78,1671,99,1654,4047,8,8
1668443199,2022-11-14 10:26:39 -0600,293d1ac4487fced6fd7c939590c1c9528166c8b9,TX,48377,2,2022-11-09T01:00:00.000Z,FIPSCode,48377,0,2022-11-14T16:18:17.473Z,8,98.98,8,100,62962,1025,61.97,62492,550,33.25,63492,79,4.78,1671,99,1654,4047,8,8
1668443222,2022-11-14 10:27:02 -0600,7d7a7a34d3199e9d3e95ec8a2ffe11796a5a90c7,TX,48377,2,2022-11-09T01:00:00.000Z,FIPSCode,48377,0,2022-11-14T16:18:17.473Z,8,98.98,8,100,62962,1025,61.97,62492,550,33.25,63492,79,4.78,1671,99,1654,4047,8,8
1668443264,2022-11-14 10:27:44 -0600,ed5ae5a3c236cda09cd7eb596932216c7aa9572b,TX,48377,2,2022-11-09T01:00:00.000Z,FIPSCode,48377,0,2022-11-14T16:18:17.473Z,8,98.98,8,100,62962,1025,61.97,62492,550,33.25,63492,79,4.78,1671,99,1654,4047,8,8
1668443294,2022-11-14 10:28:14 -0600,50856a397af2aba99769b2fa104611e7377fa8cb,TX,48377,2,2022-11-09T01:00:00.000Z,FIPSCode,48377,0,2022-11-14T16:18:17.473Z,8,98.98,8,100,62962,1025,61.97,62492,550,33.25,63492,79,4.78,1671,99,1654,4047,8,8
1668443311,2022-11-14 10:28:31 -0600,3f4cb92d10c88292b4ea7e003bbcabc336f23e97,TX,48377,2,2022-11-09T01:00:00.000Z,FIPSCode,48377,0,2022-11-14T16:18:17.473Z,8,98.98,8,100,62962,1025,61.97,62492,550,33.25,63492,79,4.78,1671,99,1654,4047,8,8
1668443346,2022-11-14 10:29:06 -0600,d78dd7b5045ef5bb32fd18ced251a24f353ca804,TX,48377,2,2022-11-09T01:00:00.000Z,FIPSCode,48377,0,2022-11-14T16:18:17.473Z,8,98.98,8,100,62962,1025,61.97,62492,550,33.25,63492,79,4.78,1671,99,1654,4047,8,8
1668443370,2022-11-14 10:29:30 -0600,6e1e5e312fc40aa0a16519546b2584309b33f458,TX,48377,2,2022-11-09T01:00:00.000Z,FIPSCode,48377,0,2022-11-14T16:18:17.473Z,8,98.98,8,100,62962,1025,61.97,62492,550,33.25,63492,79,4.78,1671,99,1654,4047,8,8
1668443384,2022-11-14 10:29:44 -0600,a1af226e12d4b97b7e0f182c6e2bff4811c3f993,TX,48377,2,2022-11-09T01:00:00.000Z,FIPSCode,48377,0,2022-11-14T16:18:17.473Z,8,98.98,8,100,62962,1025,61.97,62492,550,33.25,63492,79,4.78,1671,99,1654,4047,8,8
1668443407,2022-11-14 10:30:07 -0600,0f996467e0b2c0d33534eac022045d3b5e34adba,TX,48377,2,2022-11-09T01:00:00.000Z,FIPSCode,48377,0,2022-11-14T16:18:17.473Z,8,98.98,8,100,62962,1025,61.97,62492,550,33.25,63492,79,4.78,1671,99,1654,4047,8,8
1668443429,2022-11-14 10:30:29 -0600,72f2272808d1fb1014a61ed09b050c7d9f9c4a8e,TX,48377,2,2022-11-09T01:00:00.000Z,FIPSCode,48377,0,2022-11-14T16:18:17.473Z,8,98.98,8,100,62962,1025,61.97,62492,550,33.25,63492,79,4.78,1671,99,1654,4047,8,8
1668443437,2022-11-14 10:30:37 -0600,2b0e151ae9f166a08269cde6c0f5d057d0c152fb,TX,48377,2,2022-11-09T01:00:00.000Z,FIPSCode,48377,0,2022-11-14T16:18:17.473Z,8,98.98,8,100,62962,1025,61.97,62492,550,33.25,63492,79,4.78,1671,99,1654,4047,8,8
1668443496,2022-11-14 10:31:36 -0600,73c5789f80acc06b4d199d772dc517bba93c9374,TX,48377,2,2022-11-09T01:00:00.000Z,FIPSCode,48377,0,2022-11-14T16:18:17.473Z,8,98.98,8,100,62962,1025,61.97,62492,550,33.25,63492,79,4.78,1671,99,1654,4047,8,8
1668443509,2022-11-14 10:31:49 -0600,3b8fe2ed1aa8ae5d7edb15f86bdb45fa2e8010af,TX,48377,2,2022-11-09T01:00:00.000Z,FIPSCode,48377,0,2022-11-14T16:18:17.473Z,8,98.98,8,100,62962,1025,61.97,62492,550,33.25,63492,79,4.78,1671,99,1654,4047,8,8
1668443520,2022-11-14 10:32:00 -0600,f4bd62136155900e686eb472166cc607d5eec2ae,TX,48377,2,2022-11-09T01:00:00.000Z,FIPSCode,48377,0,2022-11-14T16:18:17.473Z,8,98.98,8,100,62962,1025,61.97,62492,550,33.25,63492,79,4.78,1671,99,1654,4047,8,8
1668443532,2022-11-14 10:32:12 -0600,e74f911b3cad13e2194f9877543a726ab7d63182,TX,48377,2,2022-11-09T01:00:00.000Z,FIPSCode,48377,0,2022-11-14T16:18:17.473Z,8,98.98,8,100,62962,1025,61.97,62492,550,33.25,63492,79,4.78,1671,99,1654,4047,8,8
1668443672,2022-11-14 10:34:32 -0600,8840fe007c2289cb5d0b39065214027ed33ca9ed,TX,48377,2,2022-11-09T01:00:00.000Z,FIPSCode,48377,0,2022-11-14T16:18:17.473Z,8,98.98,8,100,62962,1025,61.97,62492,550,33.25,63492,79,4.78,1671,99,1654,4047,8,8
1668443684,2022-11-14 10:34:44 -0600,1caccf9d3ea25c1a3f77152c4fe49a0709eec1ae,TX,48377,2,2022-11-09T01:00:00.000Z,FIPSCode,48377,0,2022-11-14T16:18:17.473Z,8,98.98,8,100,62962,1025,61.97,62492,550,33.25,63492,79,4.78,1671,99,1654,4047,8,8
1668443704,2022-11-14 10:35:04 -0600,127886d36c112fffb5c3c8017a92a133af5290de,TX,48377,2,2022-11-09T01:00:00.000Z,FIPSCode,48377,0,2022-11-14T16:18:17.473Z,8,98.98,8,100,62962,1025,61.97,62492,550,33.25,63492,79,4.78,1671,99,1654,4047,8,8
1668443731,2022-11-14 10:35:31 -0600,44b3cbd08b021b192e80245fb43e8b127defe5b6,TX,48377,2,2022-11-09T01:00:00.000Z,FIPSCode,48377,0,2022-11-14T16:18:17.473Z,8,98.98,8,100,62962,1025,61.97,62492,550,33.25,63492,79,4.78,1671,99,1654,4047,8,8
1668443737,2022-11-14 10:35:37 -0600,dd3781407b6a0da459ff6f48b4d3f645ba1778f8,TX,48377,2,2022-11-09T01:00:00.000Z,FIPSCode,48377,0,2022-11-14T16:18:17.473Z,8,98.98,8,100,62962,1025,61.97,62492,550,33.25,63492,79,4.78,1671,99,1654,4047,8,8
1668443771,2022-11-14 10:36:11 -0600,1aeb61980b0f27971bef6590fabe5fe653587dcd,TX,48377,2,2022-11-09T01:00:00.000Z,FIPSCode,48377,0,2022-11-14T16:18:17.473Z,8,98.98,8,100,62962,1025,61.97,62492,550,33.25,63492,79,4.78,1671,99,1654,4047,8,8
1668443789,2022-11-14 10:36:29 -0600,8a7837a04a509fb0edfa5091729ffda6cdb01105,TX,48377,2,2022-11-09T01:00:00.000Z,FIPSCode,48377,0,2022-11-14T16:18:17.473Z,8,98.98,8,100,62962,1025,61.97,62492,550,33.25,63492,79,4.78,1671,99,1654,4047,8,8
1668443803,2022-11-14 10:36:43 -0600,7cb8df8ad0f311208a8bb1790365e8d6cab10c5d,TX,48377,2,2022-11-09T01:00:00.000Z,FIPSCode,48377,0,2022-11-14T16:18:17.473Z,8,98.98,8,100,62962,1025,61.97,62492,550,33.25,63492,79,4.78,1671,99,1654,4047,8,8
1668443854,2022-11-14 10:37:34 -0600,6951b150d37e6cdeaa43988fe121bfdf2622f800,TX,48377,2,2022-11-09T01:00:00.000Z,FIPSCode,48377,0,2022-11-14T16:18:17.473Z,8,98.98,8,100,62962,1025,61.97,62492,550,33.25,63492,79,4.78,1671,99,1654,4047,8,8
1668443939,2022-11-14 10:38:59 -0600,5a61815d419c87b7ea33ad7d3b8838c76f41df52,TX,48377,2,2022-11-09T01:00:00.000Z,FIPSCode,48377,0,2022-11-14T16:18:17.473Z,8,98.98,8,100,62962,1025,61.97,62492,550,33.25,63492,79,4.78,1671,99,1654,4047,8,8
1668443975,2022-11-14 10:39:35 -0600,46ef253413cac1cef7908a4466bf65b91ef30255,TX,48377,2,2022-11-09T01:00:00.000Z,FIPSCode,48377,0,2022-11-14T16:18:17.473Z,8,98.98,8,100,62962,1025,61.97,62492,550,33.25,63492,79,4.78,1671,99,1654,4047,8,8
1668444041,2022-11-14 10:40:41 -0600,446dd7113234bd1f8717ee4f5a4562331eb2f080,TX,48377,2,2022-11-09T01:00:00.000Z,FIPSCode,48377,0,2022-11-14T16:18:17.473Z,8,98.98,8,100,62962,1025,61.97,62492,550,33.25,63492,79,4.78,1671,99,1654,4047,8,8
1668444100,2022-11-14 10:41:40 -0600,2e37b1e5b1c36afccba95970766684200e88ba4e,TX,48377,2,2022-11-09T01:00:00.000Z,FIPSCode,48377,0,2022-11-14T16:18:17.473Z,8,98.98,8,100,62962,1025,61.97,62492,550,33.25,63492,79,4.78,1671,99,1654,4047,8,8
1668444160,2022-11-14 10:42:40 -0600,b363d41a4271a6c0eec5352b8979504671a62c52,TX,48377,2,2022-11-09T01:00:00.000Z,FIPSCode,48377,0,2022-11-14T16:18:17.473Z,8,98.98,8,100,62962,1025,61.97,62492,550,33.25,63492,79,4.78,1671,99,1654,4047,8,8
1668444184,2022-11-14 10:43:04 -0600,9bd98048108f8f814e89ca127f73cba5b8886530,TX,48377,2,2022-11-09T01:00:00.000Z,FIPSCode,48377,0,2022-11-14T16:18:17.473Z,8,98.98,8,100,62962,1025,61.97,62492,550,33.25,63492,79,4.78,1671,99,1654,4047,8,8
1668444214,2022-11-14 10:43:34 -0600,31da1af780685d04f2da61e12c2b8b826f69512e,TX,48377,2,2022-11-09T01:00:00.000Z,FIPSCode,48377,0,2022-11-14T16:18:17.473Z,8,98.98,8,100,62962,1025,61.97,62492,550,33.25,63492,79,4.78,1671,99,1654,4047,8,8
1668444237,2022-11-14 10:43:57 -0600,35612091b1c292fd3f2cb7377a164be2d235934b,TX,48377,2,2022-11-09T01:00:00.000Z,FIPSCode,48377,0,2022-11-14T16:18:17.473Z,8,98.98,8,100,62962,1025,61.97,62492,550,33.25,63492,79,4.78,1671,99,1654,4047,8,8
1668444278,2022-11-14 10:44:38 -0600,97ffc04d1b93f1fb41954faaaa44d16092fa03f0,TX,48377,2,2022-11-09T01:00:00.000Z,FIPSCode,48377,0,2022-11-14T16:18:17.473Z,8,98.98,8,100,62962,1025,61.97,62492,550,33.25,63492,79,4.78,1671,99,1654,4047,8,8
1668444319,2022-11-14 10:45:19 -0600,ffee9cb8210f183eb580a2218386843a88c1b666,TX,48377,2,2022-11-09T01:00:00.000Z,FIPSCode,48377,0,2022-11-14T16:18:17.473Z,8,98.98,8,100,62962,1025,61.97,62492,550,33.25,63492,79,4.78,1671,99,1654,4047,8,8
1668444337,2022-11-14 10:45:37 -0600,1d0bf2357a4d329f6d996388c653124b4de16ca6,TX,48377,2,2022-11-09T01:00:00.000Z,FIPSCode,48377,0,2022-11-14T16:18:17.473Z,8,98.98,8,100,62962,1025,61.97,62492,550,33.25,63492,79,4.78,1671,99,1654,4047,8,8
1668444396,2022-11-14 10:46:36 -0600,132cea889b74dd0039aabe6c707df852d7dd91eb,TX,48377,2,2022-11-09T01:00:00.000Z,FIPSCode,48377,0,2022-11-14T16:18:17.473Z,8,98.98,8,100,62962,1025,61.97,62492,550,33.25,63492,79,4.78,1671,99,1654,4047,8,8
1668444461,2022-11-14 10:47:41 -0600,c275fa77de04d76a43af8b983782a91e5c713ac3,TX,48377,2,2022-11-09T01:00:00.000Z,FIPSCode,48377,0,2022-11-14T16:18:17.473Z,8,98.98,8,100,62962,1025,61.97,62492,550,33.25,63492,79,4.78,1671,99,1654,4047,8,8
1668444491,2022-11-14 10:48:11 -0600,13dc957363e841802b1bf171322c985650583928,TX,48377,2,2022-11-09T01:00:00.000Z,FIPSCode,48377,0,2022-11-14T16:18:17.473Z,8,98.98,8,100,62962,1025,61.97,62492,550,33.25,63492,79,4.78,1671,99,1654,4047,8,8
1668444518,2022-11-14 10:48:38 -0600,08467d94ad7ce7fdc5a68020043f5e9d09861648,TX,48377,2,2022-11-09T01:00:00.000Z,FIPSCode,48377,0,2022-11-14T16:18:17.473Z,8,98.98,8,100,62962,1025,61.97,62492,550,33.25,63492,79,4.78,1671,99,1654,4047,8,8
1668444558,2022-11-14 10:49:18 -0600,f581fda10ee194d9bcdb73a2c70fc506dfa5e9e4,TX,48377,2,2022-11-09T01:00:00.000Z,FIPSCode,48377,0,2022-11-14T16:18:17.473Z,8,98.98,8,100,62962,1025,61.97,62492,550,33.25,63492,79,4.78,1671,99,1654,4047,8,8
1668444587,2022-11-14 10:49:47 -0600,d8f00d043b4f347f92106406f75b03a01191923a,TX,48377,2,2022-11-09T01:00:00.000Z,FIPSCode,48377,0,2022-11-14T16:18:17.473Z,8,98.98,8,100,62962,1025,61.97,62492,550,33.25,63492,79,4.78,1671,99,1654,4047,8,8
1668444599,2022-11-14 10:49:59 -0600,8a5e217b646197aa19babf441916350c7ad18560,TX,48377,2,2022-11-09T01:00:00.000Z,FIPSCode,48377,0,2022-11-14T16:18:17.473Z,8,98.98,8,100,62962,1025,61.97,62492,550,33.25,63492,79,4.78,1671,99,1654,4047,8,8
1668444646,2022-11-14 10:50:46 -0600,8bcffb35b6aed38c2058e19dcfcd33bd5e89a54e,TX,48377,2,2022-11-09T01:00:00.000Z,FIPSCode,48377,0,2022-11-14T16:18:17.473Z,8,98.98,8,100,62962,1025,61.97,62492,550,33.25,63492,79,4.78,1671,99,1654,4047,8,8
1668444694,2022-11-14 10:51:34 -0600,24a5cd6ad33661b19d80a3f524fa3cb29a23cf86,TX,48377,2,2022-11-09T01:00:00.000Z,FIPSCode,48377,0,2022-11-14T16:18:17.473Z,8,98.98,8,100,62962,1025,61.97,62492,550,33.25,63492,79,4.78,1671,99,1654,4047,8,8
1668444706,2022-11-14 10:51:46 -0600,cbe3e6a3a01b4d67a1d4070fe874807ffa04de00,TX,48377,2,2022-11-09T01:00:00.000Z,FIPSCode,48377,0,2022-11-14T16:51:18.895Z,8,98.98,8,100,62962,1025,61.97,62492,550,33.25,63492,79,4.78,1671,99,1654,4047,8,8
1668444748,2022-11-14 10:52:28 -0600,be0b3b55217f615dc4832c49e10c92615c373467,TX,48377,2,2022-11-09T01:00:00.000Z,FIPSCode,48377,0,2022-11-14T16:51:18.895Z,8,98.98,8,100,62962,1025,61.97,62492,550,33.25,63492,79,4.78,1671,99,1654,4047,8,8
1668444774,2022-11-14 10:52:54 -0600,a590327f1ce4a98f71d7eef0e175283de2bfd200,TX,48377,2,2022-11-09T01:00:00.000Z,FIPSCode,48377,0,2022-11-14T16:52:21.751Z,8,98.98,8,100,62962,1025,61.97,62492,550,33.25,63492,79,4.78,1671,99,1654,4047,8,8
1668444792,2022-11-14 10:53:12 -0600,d4ca446df154d9963e07bec76eb59acbc06bbbd6,TX,48377,2,2022-11-09T01:00:00.000Z,FIPSCode,48377,0,2022-11-14T16:52:21.751Z,8,98.98,8,100,62962,1025,61.97,62492,550,33.25,63492,79,4.78,1671,99,1654,4047,8,8
1668444811,2022-11-14 10:53:31 -0600,51be07affd7737f117185bae69d970c5a8ec1e9c,TX,48377,2,2022-11-09T01:00:00.000Z,FIPSCode,48377,0,2022-11-14T16:52:21.751Z,8,98.98,8,100,62962,1025,61.97,62492,550,33.25,63492,79,4.78,1671,99,1654,4047,8,8
1668444822,2022-11-14 10:53:42 -0600,41326f7e064051fa43ccd7e674113066f113538d,TX,48377,2,2022-11-09T01:00:00.000Z,FIPSCode,48377,0,2022-11-14T16:53:20.122Z,8,98.98,8,100,62962,1025,61.97,62492,550,33.25,63492,79,4.78,1671,99,1654,4047,8,8
1668444857,2022-11-14 10:54:17 -0600,acd57b1191be2341b13b7474b24df13a0ec73535,TX,48377,2,2022-11-09T01:00:00.000Z,FIPSCode,48377,0,2022-11-14T16:53:20.122Z,8,98.98,8,100,62962,1025,61.97,62492,550,33.25,63492,79,4.78,1671,99,1654,4047,8,8
1668444875,2022-11-14 10:54:35 -0600,b17252a9b6c47bbe54be1f6f044fdaafcd31aa05,TX,48377,2,2022-11-09T01:00:00.000Z,FIPSCode,48377,0,2022-11-14T16:54:17.640Z,8,98.98,8,100,62962,1025,61.97,62492,550,33.25,63492,79,4.78,1671,99,1654,4047,8,8
1668444909,2022-11-14 10:55:09 -0600,0113d7d28b699458275aa0e2038ed5f88fe0cd60,TX,48377,2,2022-11-09T01:00:00.000Z,FIPSCode,48377,0,2022-11-14T16:54:17.640Z,8,98.98,8,100,62962,1025,61.97,62492,550,33.25,63492,79,4.78,1671,99,1654,4047,8,8
1668444937,2022-11-14 10:55:37 -0600,b4a6863ae2bb54a7b9a452e1d1a55e4b1457d92b,TX,48377,2,2022-11-09T01:00:00.000Z,FIPSCode,48377,0,2022-11-14T16:54:17.640Z,8,98.98,8,100,62962,1025,61.97,62492,550,33.25,63492,79,4.78,1671,99,1654,4047,8,8
1668444971,2022-11-14 10:56:11 -0600,2fe204482a2c463fca47c6b9663b837412876103,TX,48377,2,2022-11-09T01:00:00.000Z,FIPSCode,48377,0,2022-11-14T16:54:17.640Z,8,98.98,8,100,62962,1025,61.97,62492,550,33.25,63492,79,4.78,1671,99,1654,4047,8,8
1668444992,2022-11-14 10:56:32 -0600,cf2bd3e1c69f34c1dd0fb6186a9bd34ff9c8a5df,TX,48377,2,2022-11-09T01:00:00.000Z,FIPSCode,48377,0,2022-11-14T16:54:17.640Z,8,98.98,8,100,62962,1025,61.97,62492,550,33.25,63492,79,4.78,1671,99,1654,4047,8,8
1668445027,2022-11-14 10:57:07 -0600,a39902ef13ed35108d648c59ee88164a5b76db6a,TX,48377,2,2022-11-09T01:00:00.000Z,FIPSCode,48377,0,2022-11-14T16:54:17.640Z,8,98.98,8,100,62962,1025,61.97,62492,550,33.25,63492,79,4.78,1671,99,1654,4047,8,8
1668445056,2022-11-14 10:57:36 -0600,600047cc1df419ede0ce71f37f1cdd239dc0d162,TX,48377,2,2022-11-09T01:00:00.000Z,FIPSCode,48377,0,2022-11-14T16:54:17.640Z,8,98.98,8,100,62962,1025,61.97,62492,550,33.25,63492,79,4.78,1671,99,1654,4047,8,8
1668445080,2022-11-14 10:58:00 -0600,81872aac9114b1066f2e0b468d1aa74673bddecd,TX,48377,2,2022-11-09T01:00:00.000Z,FIPSCode,48377,0,2022-11-14T16:54:17.640Z,8,98.98,8,100,62962,1025,61.97,62492,550,33.25,63492,79,4.78,1671,99,1654,4047,8,8
1668445116,2022-11-14 10:58:36 -0600,ee66b0d55be6fe243484ec70eb9f047c3aa71086,TX,48377,2,2022-11-09T01:00:00.000Z,FIPSCode,48377,0,2022-11-14T16:54:17.640Z,8,98.98,8,100,62962,1025,61.97,62492,550,33.25,63492,79,4.78,1671,99,1654,4047,8,8
1668445146,2022-11-14 10:59:06 -0600,ceb79f63becbf0910cd9b158d1728c888b5cf261,TX,48377,2,2022-11-09T01:00:00.000Z,FIPSCode,48377,0,2022-11-14T16:54:17.640Z,8,98.98,8,100,62962,1025,61.97,62492,550,33.25,63492,79,4.78,1671,99,1654,4047,8,8
1668445175,2022-11-14 10:59:35 -0600,0724f367a89f4cfe8280df93de4ae88255a520d1,TX,48377,2,2022-11-09T01:00:00.000Z,FIPSCode,48377,0,2022-11-14T16:54:17.640Z,8,98.98,8,100,62962,1025,61.97,62492,550,33.25,63492,79,4.78,1671,99,1654,4047,8,8
1668445205,2022-11-14 11:00:05 -0600,358774ea18d459eed07c299fd30f1d5f0881b0b5,TX,48377,2,2022-11-09T01:00:00.000Z,FIPSCode,48377,0,2022-11-14T16:54:17.640Z,8,98.98,8,100,62962,1025,61.97,62492,550,33.25,63492,79,4.78,1671,99,1654,4047,8,8
1668445237,2022-11-14 11:00:37 -0600,b24eaef16787fdff72af9813394d9e6c1ad847a9,TX,48377,2,2022-11-09T01:00:00.000Z,FIPSCode,48377,0,2022-11-14T16:54:17.640Z,8,98.98,8,100,62962,1025,61.97,62492,550,33.25,63492,79,4.78,1671,99,1654,4047,8,8
1668445255,2022-11-14 11:00:55 -0600,716011c9d2f189fcc3192806bdba8163810d9de3,TX,48377,2,2022-11-09T01:00:00.000Z,FIPSCode,48377,0,2022-11-14T16:54:17.640Z,8,98.98,8,100,62962,1025,61.97,62492,550,33.25,63492,79,4.78,1671,99,1654,4047,8,8
1668445295,2022-11-14 11:01:35 -0600,8fb09c60601a8b037845224f7b0d3329c2544ae1,TX,48377,2,2022-11-09T01:00:00.000Z,FIPSCode,48377,0,2022-11-14T16:54:17.640Z,8,98.98,8,100,62962,1025,61.97,62492,550,33.25,63492,79,4.78,1671,99,1654,4047,8,8
1668445303,2022-11-14 11:01:43 -0600,86f9aa17fddfd96a2a60fa79a0708ea96544900d,TX,48377,2,2022-11-09T01:00:00.000Z,FIPSCode,48377,0,2022-11-14T16:54:17.640Z,8,98.98,8,100,62962,1025,61.97,62492,550,33.25,63492,79,4.78,1671,99,1654,4047,8,8
1668445360,2022-11-14 11:02:40 -0600,2967f1fcba676e949fc2d16bc290cdfdc5af27b7,TX,48377,2,2022-11-09T01:00:00.000Z,FIPSCode,48377,0,2022-11-14T16:54:17.640Z,8,98.98,8,100,62962,1025,61.97,62492,550,33.25,63492,79,4.78,1671,99,1654,4047,8,8
1668445395,2022-11-14 11:03:15 -0600,de41c8403489f0816b77a38981d06282097cdbe9,TX,48377,2,2022-11-09T01:00:00.000Z,FIPSCode,48377,0,2022-11-14T16:54:17.640Z,8,98.98,8,100,62962,1025,61.97,62492,550,33.25,63492,79,4.78,1671,99,1654,4047,8,8
1668445408,2022-11-14 11:03:28 -0600,eaac4fa59cd04c828b738edf4cfe9068d6f6e325,TX,48377,2,2022-11-09T01:00:00.000Z,FIPSCode,48377,0,2022-11-14T16:54:17.640Z,8,98.98,8,100,62962,1025,61.97,62492,550,33.25,63492,79,4.78,1671,99,1654,4047,8,8
1668445434,2022-11-14 11:03:54 -0600,e873f567929aa8574ed327a1e1146b15520c66de,TX,48377,2,2022-11-09T01:00:00.000Z,FIPSCode,48377,0,2022-11-14T16:54:17.640Z,8,98.98,8,100,62962,1025,61.97,62492,550,33.25,63492,79,4.78,1671,99,1654,4047,8,8
1668445470,2022-11-14 11:04:30 -0600,e2cc6d465e58e222ed4d7263bfd4c0e4728d9742,TX,48377,2,2022-11-09T01:00:00.000Z,FIPSCode,48377,0,2022-11-14T16:54:17.640Z,8,98.98,8,100,62962,1025,61.97,62492,550,33.25,63492,79,4.78,1671,99,1654,4047,8,8
1668445487,2022-11-14 11:04:47 -0600,3a21af253a8969758e4a5869cf82b60add2fe5a5,TX,48377,2,2022-11-09T01:00:00.000Z,FIPSCode,48377,0,2022-11-14T16:54:17.640Z,8,98.98,8,100,62962,1025,61.97,62492,550,33.25,63492,79,4.78,1671,99,1654,4047,8,8
1668445499,2022-11-14 11:04:59 -0600,73c62669e1400f3ac8305276de361149916d93bf,TX,48377,2,2022-11-09T01:00:00.000Z,FIPSCode,48377,0,2022-11-14T16:54:17.640Z,8,98.98,8,100,62962,1025,61.97,62492,550,33.25,63492,79,4.78,1671,99,1654,4047,8,8
1668445553,2022-11-14 11:05:53 -0600,4e0acf67a36ad151c0b210cd96dab2bc6afd3e1a,TX,48377,2,2022-11-09T01:00:00.000Z,FIPSCode,48377,0,2022-11-14T16:54:17.640Z,8,98.98,8,100,62962,1025,61.97,62492,550,33.25,63492,79,4.78,1671,99,1654,4047,8,8
1668445571,2022-11-14 11:06:11 -0600,df84797611250b31ebf767dab47f9dea964b11e2,TX,48377,2,2022-11-09T01:00:00.000Z,FIPSCode,48377,0,2022-11-14T16:54:17.640Z,8,98.98,8,100,62962,1025,61.97,62492,550,33.25,63492,79,4.78,1671,99,1654,4047,8,8
1668445590,2022-11-14 11:06:30 -0600,c28c9650ba0f0678f93f770189bbe35703b9c2c4,TX,48377,2,2022-11-09T01:00:00.000Z,FIPSCode,48377,0,2022-11-14T16:54:17.640Z,8,98.98,8,100,62962,1025,61.97,62492,550,33.25,63492,79,4.78,1671,99,1654,4047,8,8
1668445635,2022-11-14 11:07:15 -0600,a0ae84bbc883e79f68985cb69363f2c51b2e98c5,TX,48377,2,2022-11-09T01:00:00.000Z,FIPSCode,48377,0,2022-11-14T16:54:17.640Z,8,98.98,8,100,62962,1025,61.97,62492,550,33.25,63492,79,4.78,1671,99,1654,4047,8,8
1668445665,2022-11-14 11:07:45 -0600,dbf6126dd99cc148aae5dbe949ba44306b5b4ea8,TX,48377,2,2022-11-09T01:00:00.000Z,FIPSCode,48377,0,2022-11-14T16:54:17.640Z,8,98.98,8,100,62962,1025,61.97,62492,550,33.25,63492,79,4.78,1671,99,1654,4047,8,8
1668445682,2022-11-14 11:08:02 -0600,1f2c6e99b798a33de2ba2f9d57a18a89415f3494,TX,48377,2,2022-11-09T01:00:00.000Z,FIPSCode,48377,0,2022-11-14T16:54:17.640Z,8,98.98,8,100,62962,1025,61.97,62492,550,33.25,63492,79,4.78,1671,99,1654,4047,8,8
1668445702,2022-11-14 11:08:22 -0600,bee4d315c4d519b2dcc48b8440e5ff934b2f29cb,TX,48377,2,2022-11-09T01:00:00.000Z,FIPSCode,48377,0,2022-11-14T16:54:17.640Z,8,98.98,8,100,62962,1025,61.97,62492,550,33.25,63492,79,4.78,1671,99,1654,4047,8,8
1668445721,2022-11-14 11:08:41 -0600,83d59fac06e460ad9e8b521802788db7c67be058,TX,48377,2,2022-11-09T01:00:00.000Z,FIPSCode,48377,0,2022-11-14T16:54:17.640Z,8,98.98,8,100,62962,1025,61.97,62492,550,33.25,63492,79,4.78,1671,99,1654,4047,8,8
1668445778,2022-11-14 11:09:38 -0600,1ced56f8d613e865811a691f7ae973b5d4ee5576,TX,48377,2,2022-11-09T01:00:00.000Z,FIPSCode,48377,0,2022-11-14T16:54:17.640Z,8,98.98,8,100,62962,1025,61.97,62492,550,33.25,63492,79,4.78,1671,99,1654,4047,8,8
1668445804,2022-11-14 11:10:04 -0600,20ae0d873e82af3243af5ba3bc3d68142870ae92,TX,48377,2,2022-11-09T01:00:00.000Z,FIPSCode,48377,0,2022-11-14T16:54:17.640Z,8,98.98,8,100,62962,1025,61.97,62492,550,33.25,63492,79,4.78,1671,99,1654,4047,8,8
1668445839,2022-11-14 11:10:39 -0600,ed0f8c32e6ba97ce1d0fb004f5e20725362413c3,TX,48377,2,2022-11-09T01:00:00.000Z,FIPSCode,48377,0,2022-11-14T16:54:17.640Z,8,98.98,8,100,62962,1025,61.97,62492,550,33.25,63492,79,4.78,1671,99,1654,4047,8,8
1668445851,2022-11-14 11:10:51 -0600,e020347c53b9c793741c7c769458328744369319,TX,48377,2,2022-11-09T01:00:00.000Z,FIPSCode,48377,0,2022-11-14T16:54:17.640Z,8,98.98,8,100,62962,1025,61.97,62492,550,33.25,63492,79,4.78,1671,99,1654,4047,8,8
1668445870,2022-11-14 11:11:10 -0600,82f598620cd71c7bdb04cd86b97388da876c8ccf,TX,48377,2,2022-11-09T01:00:00.000Z,FIPSCode,48377,0,2022-11-14T16:54:17.640Z,8,98.98,8,100,62962,1025,61.97,62492,550,33.25,63492,79,4.78,1671,99,1654,4047,8,8
1668445887,2022-11-14 11:11:27 -0600,95774f64acebad9248f00eadb26c3867bbe63867,TX,48377,2,2022-11-09T01:00:00.000Z,FIPSCode,48377,0,2022-11-14T16:54:17.640Z,8,98.98,8,100,62962,1025,61.97,62492,550,33.25,63492,79,4.78,1671,99,1654,4047,8,8
1668445894,2022-11-14 11:11:34 -0600,c12bab711a2f67b235b76402715654f976f54f70,TX,48377,2,2022-11-09T01:00:00.000Z,FIPSCode,48377,0,2022-11-14T16:54:17.640Z,8,98.98,8,100,62962,1025,61.97,62492,550,33.25,63492,79,4.78,1671,99,1654,4047,8,8
1668445964,2022-11-14 11:12:44 -0600,9640259521921af8f9c374a5d1ec69afa3a8e7ff,TX,48377,2,2022-11-09T01:00:00.000Z,FIPSCode,48377,0,2022-11-14T16:54:17.640Z,8,98.98,8,100,62962,1025,61.97,62492,550,33.25,63492,79,4.78,1671,99,1654,4047,8,8
1668445983,2022-11-14 11:13:03 -0600,f0c62edd0de8bda92b8a2d05f77f2bbd30d3bcc0,TX,48377,2,2022-11-09T01:00:00.000Z,FIPSCode,48377,0,2022-11-14T16:54:17.640Z,8,98.98,8,100,62962,1025,61.97,62492,550,33.25,63492,79,4.78,1671,99,1654,4047,8,8
1668446012,2022-11-14 11:13:32 -0600,06b456963aa5d19ab3299df3572106c94314dc57,TX,48377,2,2022-11-09T01:00:00.000Z,FIPSCode,48377,0,2022-11-14T16:54:17.640Z,8,98.98,8,100,62962,1025,61.97,62492,550,33.25,63492,79,4.78,1671,99,1654,4047,8,8
1668446024,2022-11-14 11:13:44 -0600,01ebcfb09e78bd5977b8898ae3e5fc808204bf98,TX,48377,2,2022-11-09T01:00:00.000Z,FIPSCode,48377,0,2022-11-14T16:54:17.640Z,8,98.98,8,100,62962,1025,61.97,62492,550,33.25,63492,79,4.78,1671,99,1654,4047,8,8
1668446076,2022-11-14 11:14:36 -0600,78011ba783e8a9d25f7da016f1c6c31ff7bb1ea6,TX,48377,2,2022-11-09T01:00:00.000Z,FIPSCode,48377,0,2022-11-14T16:54:17.640Z,8,98.98,8,100,62962,1025,61.97,62492,550,33.25,63492,79,4.78,1671,99,1654,4047,8,8
1668446141,2022-11-14 11:15:41 -0600,bb0529886517925f888ec440c37a2f6eb539c59c,TX,48377,2,2022-11-09T01:00:00.000Z,FIPSCode,48377,0,2022-11-14T16:54:17.640Z,8,98.98,8,100,62962,1025,61.97,62492,550,33.25,63492,79,4.78,1671,99,1654,4047,8,8
1668446266,2022-11-14 11:17:46 -0600,26af0d9c77ed07f1333bc8914caf1a62c51ccd86,TX,48377,2,2022-11-09T01:00:00.000Z,FIPSCode,48377,0,2022-11-14T16:54:17.640Z,8,98.98,8,100,62962,1025,61.97,62492,550,33.25,63492,79,4.78,1671,99,1654,4047,8,8
1668446325,2022-11-14 11:18:45 -0600,d803e700d8e9fc2df6391bfc6b15d71cb4855fc7,TX,48377,2,2022-11-09T01:00:00.000Z,FIPSCode,48377,0,2022-11-14T16:54:17.640Z,8,98.98,8,100,62962,1025,61.97,62492,550,33.25,63492,79,4.78,1671,99,1654,4047,8,8
1668446376,2022-11-14 11:19:36 -0600,8d6049cea1332b23fd00ed34937f1ad3c5caa3e9,TX,48377,2,2022-11-09T01:00:00.000Z,FIPSCode,48377,0,2022-11-14T16:54:17.640Z,8,98.98,8,100,62962,1025,61.97,62492,550,33.25,63492,79,4.78,1671,99,1654,4047,8,8
1668446440,2022-11-14 11:20:40 -0600,6613db6bf39fdcb049ad5553c7825a904f80bdb1,TX,48377,2,2022-11-09T01:00:00.000Z,FIPSCode,48377,0,2022-11-14T16:54:17.640Z,8,98.98,8,100,62962,1025,61.97,62492,550,33.25,63492,79,4.78,1671,99,1654,4047,8,8
1668446457,2022-11-14 11:20:57 -0600,684c73eeb0c746db6b4628fe4f6b5854462b3ea1,TX,48377,2,2022-11-09T01:00:00.000Z,FIPSCode,48377,0,2022-11-14T16:54:17.640Z,8,98.98,8,100,62962,1025,61.97,62492,550,33.25,63492,79,4.78,1671,99,1654,4047,8,8
1668446515,2022-11-14 11:21:55 -0600,d8ac6c51928c2020df8bcb3f74e4b1e77601e987,TX,48377,2,2022-11-09T01:00:00.000Z,FIPSCode,48377,0,2022-11-14T16:54:17.640Z,8,98.98,8,100,62962,1025,61.97,62492,550,33.25,63492,79,4.78,1671,99,1654,4047,8,8
1668446580,2022-11-14 11:23:00 -0600,a386cf2434d622338b896f5ac2fb76e8e7c23f86,TX,48377,2,2022-11-09T01:00:00.000Z,FIPSCode,48377,0,2022-11-14T16:54:17.640Z,8,98.98,8,100,62962,1025,61.97,62492,550,33.25,63492,79,4.78,1671,99,1654,4047,8,8
1668446597,2022-11-14 11:23:17 -0600,188555cee354bf6a7f70ea3370f14494b50799cc,TX,48377,2,2022-11-09T01:00:00.000Z,FIPSCode,48377,0,2022-11-14T16:54:17.640Z,8,98.98,8,100,62962,1025,61.97,62492,550,33.25,63492,79,4.78,1671,99,1654,4047,8,8
1668446620,2022-11-14 11:23:40 -0600,fa689d59dd040f7d189032a36bc38bc4d85786db,TX,48377,2,2022-11-09T01:00:00.000Z,FIPSCode,48377,0,2022-11-14T16:54:17.640Z,8,98.98,8,100,62962,1025,61.97,62492,550,33.25,63492,79,4.78,1671,99,1654,4047,8,8
1668446648,2022-11-14 11:24:08 -0600,ff16071c2251b2a999bb269de8bcbb1f9a3d9f7d,TX,48377,2,2022-11-09T01:00:00.000Z,FIPSCode,48377,0,2022-11-14T16:54:17.640Z,8,98.98,8,100,62962,1025,61.97,62492,550,33.25,63492,79,4.78,1671,99,1654,4047,8,8
1668446682,2022-11-14 11:24:42 -0600,121b720bebf9484c036f1a1af25c352e72a52da6,TX,48377,2,2022-11-09T01:00:00.000Z,FIPSCode,48377,0,2022-11-14T16:54:17.640Z,8,98.98,8,100,62962,1025,61.97,62492,550,33.25,63492,79,4.78,1671,99,1654,4047,8,8
1668446705,2022-11-14 11:25:05 -0600,249e4125a1377fef5462b11d13958f37bcd284a9,TX,48377,2,2022-11-09T01:00:00.000Z,FIPSCode,48377,0,2022-11-14T16:54:17.640Z,8,98.98,8,100,62962,1025,61.97,62492,550,33.25,63492,79,4.78,1671,99,1654,4047,8,8
1668446740,2022-11-14 11:25:40 -0600,84c0465a621e4c9c0ec5de9834441a07b3a4ac06,TX,48377,2,2022-11-09T01:00:00.000Z,FIPSCode,48377,0,2022-11-14T16:54:17.640Z,8,98.98,8,100,62962,1025,61.97,62492,550,33.25,63492,79,4.78,1671,99,1654,4047,8,8
1668446759,2022-11-14 11:25:59 -0600,77ebe7397827b1eff2e70c27f2ce70043a0485a3,TX,48377,2,2022-11-09T01:00:00.000Z,FIPSCode,48377,0,2022-11-14T16:54:17.640Z,8,98.98,8,100,62962,1025,61.97,62492,550,33.25,63492,79,4.78,1671,99,1654,4047,8,8
1668446778,2022-11-14 11:26:18 -0600,b2d433c69f41c5fb5b22bf6390b0c6647f8d018c,TX,48377,2,2022-11-09T01:00:00.000Z,FIPSCode,48377,0,2022-11-14T16:54:17.640Z,8,98.98,8,100,62962,1025,61.97,62492,550,33.25,63492,79,4.78,1671,99,1654,4047,8,8
1668446790,2022-11-14 11:26:30 -0600,15823f88a58f05114bdf0f23cdcd8b17fed8a98a,TX,48377,2,2022-11-09T01:00:00.000Z,FIPSCode,48377,0,2022-11-14T16:54:17.640Z,8,98.98,8,100,62962,1025,61.97,62492,550,33.25,63492,79,4.78,1671,99,1654,4047,8,8
1668446807,2022-11-14 11:26:47 -0600,2b677e3b542b0a9ec75ac7e7795c9fcaa6b15e1d,TX,48377,2,2022-11-09T01:00:00.000Z,FIPSCode,48377,0,2022-11-14T16:54:17.640Z,8,98.98,8,100,62962,1025,61.97,62492,550,33.25,63492,79,4.78,1671,99,1654,4047,8,8
1668446851,2022-11-14 11:27:31 -0600,9a85d18598a3bcc387679f031c3442f7e79a63fd,TX,48377,2,2022-11-09T01:00:00.000Z,FIPSCode,48377,0,2022-11-14T16:54:17.640Z,8,98.98,8,100,62962,1025,61.97,62492,550,33.25,63492,79,4.78,1671,99,1654,4047,8,8
1668446880,2022-11-14 11:28:00 -0600,e1860e4837b9a27e173967634183abfa8a2cb9ee,TX,48377,2,2022-11-09T01:00:00.000Z,FIPSCode,48377,0,2022-11-14T16:54:17.640Z,8,98.98,8,100,62962,1025,61.97,62492,550,33.25,63492,79,4.78,1671,99,1654,4047,8,8
1668446916,2022-11-14 11:28:36 -0600,f80af259f6650e3c74b5a6ea7b7fd07d34e51971,TX,48377,2,2022-11-09T01:00:00.000Z,FIPSCode,48377,0,2022-11-14T16:54:17.640Z,8,98.98,8,100,62962,1025,61.97,62492,550,33.25,63492,79,4.78,1671,99,1654,4047,8,8
1668446941,2022-11-14 11:29:01 -0600,9b479d8409bc4e20bc358c9f24fed68e4530c686,TX,48377,2,2022-11-09T01:00:00.000Z,FIPSCode,48377,0,2022-11-14T16:54:17.640Z,8,98.98,8,100,62962,1025,61.97,62492,550,33.25,63492,79,4.78,1671,99,1654,4047,8,8
1668446975,2022-11-14 11:29:35 -0600,c115745f3d0d78b09092d800d3723b4baf716b83,TX,48377,2,2022-11-09T01:00:00.000Z,FIPSCode,48377,0,2022-11-14T16:54:17.640Z,8,98.98,8,100,62962,1025,61.97,62492,550,33.25,63492,79,4.78,1671,99,1654,4047,8,8
1668447039,2022-11-14 11:30:39 -0600,a3d5d15e5ed95be158b56bd77c5138b3fc60358c,TX,48377,2,2022-11-09T01:00:00.000Z,FIPSCode,48377,0,2022-11-14T16:54:17.640Z,8,98.98,8,100,62962,1025,61.97,62492,550,33.25,63492,79,4.78,1671,99,1654,4047,8,8
1668447129,2022-11-14 11:32:09 -0600,96bfaaa4fde03de2c546125a4cd83da0aca67336,TX,48377,2,2022-11-09T01:00:00.000Z,FIPSCode,48377,0,2022-11-14T16:54:17.640Z,8,98.98,8,100,62962,1025,61.97,62492,550,33.25,63492,79,4.78,1671,99,1654,4047,8,8
1668447166,2022-11-14 11:32:46 -0600,7e4106f2fa6d57ddf04dd426a67203f5669c5652,TX,48377,2,2022-11-09T01:00:00.000Z,FIPSCode,48377,0,2022-11-14T16:54:17.640Z,8,98.98,8,100,62962,1025,61.97,62492,550,33.25,63492,79,4.78,1671,99,1654,4047,8,8
1668447196,2022-11-14 11:33:16 -0600,921717ea61b2dd1c125a6e52de3c9f34033f65c9,TX,48377,2,2022-11-09T01:00:00.000Z,FIPSCode,48377,0,2022-11-14T16:54:17.640Z,8,98.98,8,100,62962,1025,61.97,62492,550,33.25,63492,79,4.78,1671,99,1654,4047,8,8
1668447216,2022-11-14 11:33:36 -0600,95552390f10c08f97970395dc46a7d6db2845f4d,TX,48377,2,2022-11-09T01:00:00.000Z,FIPSCode,48377,0,2022-11-14T16:54:17.640Z,8,98.98,8,100,62962,1025,61.97,62492,550,33.25,63492,79,4.78,1671,99,1654,4047,8,8
1668447279,2022-11-14 11:34:39 -0600,571d1a9e2cf983a5bce0906e11cef01f36bb5560,TX,48377,2,2022-11-09T01:00:00.000Z,FIPSCode,48377,0,2022-11-14T16:54:17.640Z,8,98.98,8,100,62962,1025,61.97,62492,550,33.25,63492,79,4.78,1671,99,1654,4047,8,8
1668447331,2022-11-14 11:35:31 -0600,25d51d3ecb7a42ced02d24d045793f2ce8c6a38c,TX,48377,2,2022-11-09T01:00:00.000Z,FIPSCode,48377,0,2022-11-14T16:54:17.640Z,8,98.98,8,100,62962,1025,61.97,62492,550,33.25,63492,79,4.78,1671,99,1654,4047,8,8
1668447361,2022-11-14 11:36:01 -0600,bdfd62f01a39a36f2f58714d3e102099de2fea91,TX,48377,2,2022-11-09T01:00:00.000Z,FIPSCode,48377,0,2022-11-14T16:54:17.640Z,8,98.98,8,100,62962,1025,61.97,62492,550,33.25,63492,79,4.78,1671,99,1654,4047,8,8
1668447379,2022-11-14 11:36:19 -0600,d7a1fcb53c3ea440596024fecd741cfee533bbaf,TX,48377,2,2022-11-09T01:00:00.000Z,FIPSCode,48377,0,2022-11-14T16:54:17.640Z,8,98.98,8,100,62962,1025,61.97,62492,550,33.25,63492,79,4.78,1671,99,1654,4047,8,8
1668447397,2022-11-14 11:36:37 -0600,98216c331e8021ef3e651f5fe4c3229d0ba1fdcf,TX,48377,2,2022-11-09T01:00:00.000Z,FIPSCode,48377,0,2022-11-14T16:54:17.640Z,8,98.98,8,100,62962,1025,61.97,62492,550,33.25,63492,79,4.78,1671,99,1654,4047,8,8
1668447425,2022-11-14 11:37:05 -0600,badb55393feda387ea20fe341f821f8941f987d2,TX,48377,2,2022-11-09T01:00:00.000Z,FIPSCode,48377,0,2022-11-14T16:54:17.640Z,8,98.98,8,100,62962,1025,61.97,62492,550,33.25,63492,79,4.78,1671,99,1654,4047,8,8
1668447437,2022-11-14 11:37:17 -0600,f559737f0f8720a2734676c6140cc817f80d22fd,TX,48377,2,2022-11-09T01:00:00.000Z,FIPSCode,48377,0,2022-11-14T16:54:17.640Z,8,98.98,8,100,62962,1025,61.97,62492,550,33.25,63492,79,4.78,1671,99,1654,4047,8,8
1668447465,2022-11-14 11:37:45 -0600,921c2ef88b613b7cec6372bd9e8c6ec30386fda8,TX,48377,2,2022-11-09T01:00:00.000Z,FIPSCode,48377,0,2022-11-14T16:54:17.640Z,8,98.98,8,100,62962,1025,61.97,62492,550,33.25,63492,79,4.78,1671,99,1654,4047,8,8
1668447480,2022-11-14 11:38:00 -0600,d12136a5d1f8a57b1c54bba53818204651e8b72b,TX,48377,2,2022-11-09T01:00:00.000Z,FIPSCode,48377,0,2022-11-14T16:54:17.640Z,8,98.98,8,100,62962,1025,61.97,62492,550,33.25,63492,79,4.78,1671,99,1654,4047,8,8
1668447497,2022-11-14 11:38:17 -0600,8e470731a72089fb368e5c105d7110729a55e36f,TX,48377,2,2022-11-09T01:00:00.000Z,FIPSCode,48377,0,2022-11-14T16:54:17.640Z,8,98.98,8,100,62962,1025,61.97,62492,550,33.25,63492,79,4.78,1671,99,1654,4047,8,8
1668447515,2022-11-14 11:38:35 -0600,304f2155e11c260e9333b24470485f4e3ba30c63,TX,48377,2,2022-11-09T01:00:00.000Z,FIPSCode,48377,0,2022-11-14T16:54:17.640Z,8,98.98,8,100,62962,1025,61.97,62492,550,33.25,63492,79,4.78,1671,99,1654,4047,8,8
1668447543,2022-11-14 11:39:03 -0600,cff29795aa456b9e92b45b85758d190fd72bf32e,TX,48377,2,2022-11-09T01:00:00.000Z,FIPSCode,48377,0,2022-11-14T16:54:17.640Z,8,98.98,8,100,62962,1025,61.97,62492,550,33.25,63492,79,4.78,1671,99,1654,4047,8,8
1668447602,2022-11-14 11:40:02 -0600,a5577bea67cfd831a4289eb29ead5c5235cf362f,TX,48377,2,2022-11-09T01:00:00.000Z,FIPSCode,48377,0,2022-11-14T16:54:17.640Z,8,98.98,8,100,62962,1025,61.97,62492,550,33.25,63492,79,4.78,1671,99,1654,4047,8,8
1668447680,2022-11-14 11:41:20 -0600,83a00e7bf85109e48d2caf0719c6348e99cf5c40,TX,48377,2,2022-11-09T01:00:00.000Z,FIPSCode,48377,0,2022-11-14T16:54:17.640Z,8,98.98,8,100,62962,1025,61.97,62492,550,33.25,63492,79,4.78,1671,99,1654,4047,8,8
1668447704,2022-11-14 11:41:44 -0600,96753a9b19fbe75789ce836b9bc39dd7f7e95280,TX,48377,2,2022-11-09T01:00:00.000Z,FIPSCode,48377,0,2022-11-14T16:54:17.640Z,8,98.98,8,100,62962,1025,61.97,62492,550,33.25,63492,79,4.78,1671,99,1654,4047,8,8
1668447716,2022-11-14 11:41:56 -0600,e362602cb0d4c0438b0ea3ec5f5e17145c0d6a92,TX,48377,2,2022-11-09T01:00:00.000Z,FIPSCode,48377,0,2022-11-14T16:54:17.640Z,8,98.98,8,100,62962,1025,61.97,62492,550,33.25,63492,79,4.78,1671,99,1654,4047,8,8
1668447756,2022-11-14 11:42:36 -0600,534ee97995a721317833f90d160c771060bda677,TX,48377,2,2022-11-09T01:00:00.000Z,FIPSCode,48377,0,2022-11-14T16:54:17.640Z,8,98.98,8,100,62962,1025,61.97,62492,550,33.25,63492,79,4.78,1671,99,1654,4047,8,8
1668447793,2022-11-14 11:43:13 -0600,ed724f78e5cb59f26bfdd657631a1604b5a7fe2a,TX,48377,2,2022-11-09T01:00:00.000Z,FIPSCode,48377,0,2022-11-14T16:54:17.640Z,8,98.98,8,100,62962,1025,61.97,62492,550,33.25,63492,79,4.78,1671,99,1654,4047,8,8
1668447812,2022-11-14 11:43:32 -0600,ec9d48af02b3c9a382ad8690a149b052f2ce8620,TX,48377,2,2022-11-09T01:00:00.000Z,FIPSCode,48377,0,2022-11-14T16:54:17.640Z,8,98.98,8,100,62962,1025,61.97,62492,550,33.25,63492,79,4.78,1671,99,1654,4047,8,8
1668447836,2022-11-14 11:43:56 -0600,6c3f63c78b6fcf1ddab0af08642d003b3aaade5e,TX,48377,2,2022-11-09T01:00:00.000Z,FIPSCode,48377,0,2022-11-14T16:54:17.640Z,8,98.98,8,100,62962,1025,61.97,62492,550,33.25,63492,79,4.78,1671,99,1654,4047,8,8
1668447854,2022-11-14 11:44:14 -0600,3ec78e4fad7866c6fbdc61f775c6a2c03e9111c1,TX,48377,2,2022-11-09T01:00:00.000Z,FIPSCode,48377,0,2022-11-14T16:54:17.640Z,8,98.98,8,100,62962,1025,61.97,62492,550,33.25,63492,79,4.78,1671,99,1654,4047,8,8
1668447885,2022-11-14 11:44:45 -0600,dc1b8b7fb1d98047d0f03cb6bd6f19c88c4cc491,TX,48377,2,2022-11-09T01:00:00.000Z,FIPSCode,48377,0,2022-11-14T16:54:17.640Z,8,98.98,8,100,62962,1025,61.97,62492,550,33.25,63492,79,4.78,1671,99,1654,4047,8,8
1668447897,2022-11-14 11:44:57 -0600,4389378d8d8b39d8380f9966b1f7114e6ac51428,TX,48377,2,2022-11-09T01:00:00.000Z,FIPSCode,48377,0,2022-11-14T16:54:17.640Z,8,98.98,8,100,62962,1025,61.97,62492,550,33.25,63492,79,4.78,1671,99,1654,4047,8,8
1668447915,2022-11-14 11:45:15 -0600,7981d3186a1a1736409040da73a3d93415edfdfd,TX,48377,2,2022-11-09T01:00:00.000Z,FIPSCode,48377,0,2022-11-14T16:54:17.640Z,8,98.98,8,100,62962,1025,61.97,62492,550,33.25,63492,79,4.78,1671,99,1654,4047,8,8
1668447936,2022-11-14 11:45:36 -0600,ec7a516807a2e64b0317db48e16783841b644708,TX,48377,2,2022-11-09T01:00:00.000Z,FIPSCode,48377,0,2022-11-14T16:54:17.640Z,8,98.98,8,100,62962,1025,61.97,62492,550,33.25,63492,79,4.78,1671,99,1654,4047,8,8
1668447950,2022-11-14 11:45:50 -0600,24f92d1b6d39f67188a82c8a33bcd3c0ca407e6e,TX,48377,2,2022-11-09T01:00:00.000Z,FIPSCode,48377,0,2022-11-14T16:54:17.640Z,8,98.98,8,100,62962,1025,61.97,62492,550,33.25,63492,79,4.78,1671,99,1654,4047,8,8
1668447963,2022-11-14 11:46:03 -0600,3bd66397231480ed848330fce79421b751e68aed,TX,48377,2,2022-11-09T01:00:00.000Z,FIPSCode,48377,0,2022-11-14T16:54:17.640Z,8,98.98,8,100,62962,1025,61.97,62492,550,33.25,63492,79,4.78,1671,99,1654,4047,8,8
1668447998,2022-11-14 11:46:38 -0600,b3b4f267e03fc15bf5712861a2d5ab1132217149,TX,48377,2,2022-11-09T01:00:00.000Z,FIPSCode,48377,0,2022-11-14T16:54:17.640Z,8,98.98,8,100,62962,1025,61.97,62492,550,33.25,63492,79,4.78,1671,99,1654,4047,8,8
1668448070,2022-11-14 11:47:50 -0600,fe028349e6a119d5fbe24b8226ddb141e76a388f,TX,48377,2,2022-11-09T01:00:00.000Z,FIPSCode,48377,0,2022-11-14T16:54:17.640Z,8,98.98,8,100,62962,1025,61.97,62492,550,33.25,63492,79,4.78,1671,99,1654,4047,8,8
1668448082,2022-11-14 11:48:02 -0600,cca608a5dd06ec27c711c2b253038642cfa91a3b,TX,48377,2,2022-11-09T01:00:00.000Z,FIPSCode,48377,0,2022-11-14T16:54:17.640Z,8,98.98,8,100,62962,1025,61.97,62492,550,33.25,63492,79,4.78,1671,99,1654,4047,8,8
1668448112,2022-11-14 11:48:32 -0600,48fdf80f49cbbe1f366decaedcb58e37f5c93bf4,TX,48377,2,2022-11-09T01:00:00.000Z,FIPSCode,48377,0,2022-11-14T16:54:17.640Z,8,98.98,8,100,62962,1025,61.97,62492,550,33.25,63492,79,4.78,1671,99,1654,4047,8,8
1668448192,2022-11-14 11:49:52 -0600,f5fa598f23882e107300c6d4ac8deafd72a81edf,TX,48377,2,2022-11-09T01:00:00.000Z,FIPSCode,48377,0,2022-11-14T16:54:17.640Z,8,98.98,8,100,62962,1025,61.97,62492,550,33.25,63492,79,4.78,1671,99,1654,4047,8,8
1668448298,2022-11-14 11:51:38 -0600,b932f2126bcf423e9f989569577720cb075d216b,TX,48377,2,2022-11-09T01:00:00.000Z,FIPSCode,48377,0,2022-11-14T16:54:17.640Z,8,98.98,8,100,62962,1025,61.97,62492,550,33.25,63492,79,4.78,1671,99,1654,4047,8,8
1668448383,2022-11-14 11:53:03 -0600,6d7f7e39e9d5595f9766479e54e3445c841bcbd8,TX,48377,2,2022-11-09T01:00:00.000Z,FIPSCode,48377,0,2022-11-14T16:54:17.640Z,8,98.98,8,100,62962,1025,61.97,62492,550,33.25,63492,79,4.78,1671,99,1654,4047,8,8
1668448412,2022-11-14 11:53:32 -0600,4db27a93ed087538b3a95048560121bfab87c5a9,TX,48377,2,2022-11-09T01:00:00.000Z,FIPSCode,48377,0,2022-11-14T16:54:17.640Z,8,98.98,8,100,62962,1025,61.97,62492,550,33.25,63492,79,4.78,1671,99,1654,4047,8,8
1668448435,2022-11-14 11:53:55 -0600,2c7da010e06b057e5d3e7e5b7e7eb2eda81bfda9,TX,48377,2,2022-11-09T01:00:00.000Z,FIPSCode,48377,0,2022-11-14T16:54:17.640Z,8,98.98,8,100,62962,1025,61.97,62492,550,33.25,63492,79,4.78,1671,99,1654,4047,8,8
1668448471,2022-11-14 11:54:31 -0600,d80fd25e58d1082be8da626d270ec414a36d7276,TX,48377,2,2022-11-09T01:00:00.000Z,FIPSCode,48377,0,2022-11-14T16:54:17.640Z,8,98.98,8,100,62962,1025,61.97,62492,550,33.25,63492,79,4.78,1671,99,1654,4047,8,8
1668448482,2022-11-14 11:54:42 -0600,ede77fd6e7c905983bfd690986439cd536d34c9f,TX,48377,2,2022-11-09T01:00:00.000Z,FIPSCode,48377,0,2022-11-14T16:54:17.640Z,8,98.98,8,100,62962,1025,61.97,62492,550,33.25,63492,79,4.78,1671,99,1654,4047,8,8
1668448500,2022-11-14 11:55:00 -0600,8b0d07210f6a2de2e3dfb415464569e122b1a572,TX,48377,2,2022-11-09T01:00:00.000Z,FIPSCode,48377,0,2022-11-14T16:54:17.640Z,8,98.98,8,100,62962,1025,61.97,62492,550,33.25,63492,79,4.78,1671,99,1654,4047,8,8
1668448536,2022-11-14 11:55:36 -0600,dc448ab98ced0e5e7522e81c67824f88e8df3d21,TX,48377,2,2022-11-09T01:00:00.000Z,FIPSCode,48377,0,2022-11-14T17:55:18.624Z,8,98.98,8,100,62962,1025,61.97,62492,550,33.25,63492,79,4.78,1671,99,1654,4047,8,8
1668448566,2022-11-14 11:56:06 -0600,9f7b0074ce9cbeca8715fdfae72d326726d83e6d,TX,48377,2,2022-11-09T01:00:00.000Z,FIPSCode,48377,0,2022-11-14T17:55:18.624Z,8,98.98,8,100,62962,1025,61.97,62492,550,33.25,63492,79,4.78,1671,99,1654,4047,8,8
1668448589,2022-11-14 11:56:29 -0600,01452ebfee51b13a97a8f904d44e28aa9dbd4f01,TX,48377,2,2022-11-09T01:00:00.000Z,FIPSCode,48377,0,2022-11-14T17:55:18.624Z,8,98.98,8,100,62962,1025,61.97,62492,550,33.25,63492,79,4.78,1671,99,1654,4047,8,8
1668448612,2022-11-14 11:56:52 -0600,6d11b2180a02e8e7d15cc841f5ab2ccc69b67d88,TX,48377,2,2022-11-09T01:00:00.000Z,FIPSCode,48377,0,2022-11-14T17:56:18.305Z,8,98.98,8,100,62962,1025,61.97,62492,550,33.25,63492,79,4.78,1671,99,1654,4047,8,8
1668448648,2022-11-14 11:57:28 -0600,04e7b9f055c4d219b45ae6945c6176ce49402f76,TX,48377,2,2022-11-09T01:00:00.000Z,FIPSCode,48377,0,2022-11-14T17:56:18.305Z,8,98.98,8,100,62962,1025,61.97,62492,550,33.25,63492,79,4.78,1671,99,1654,4047,8,8
1668448659,2022-11-14 11:57:39 -0600,3c1be61fde6814dd69db6ee28162a8eda2f5cb19,TX,48377,2,2022-11-09T01:00:00.000Z,FIPSCode,48377,0,2022-11-14T17:57:19.923Z,8,98.98,8,100,62962,1025,61.97,62492,550,33.25,63492,79,4.78,1671,99,1654,4047,8,8
1668448689,2022-11-14 11:58:09 -0600,12de97a6e56fd54ae6922d80724c36372b9942f3,TX,48377,2,2022-11-09T01:00:00.000Z,FIPSCode,48377,0,2022-11-14T17:57:19.923Z,8,98.98,8,100,62962,1025,61.97,62492,550,33.25,63492,79,4.78,1671,99,1654,4047,8,8
1668448723,2022-11-14 11:58:43 -0600,26e74d8a3f179f1ebdf701fddff9e6a2873bce28,TX,48377,2,2022-11-09T01:00:00.000Z,FIPSCode,48377,0,2022-11-14T17:57:19.923Z,8,98.98,8,100,62962,1025,61.97,62492,550,33.25,63492,79,4.78,1671,99,1654,4047,8,8
1668448778,2022-11-14 11:59:38 -0600,b23b03f7ace167113ecb70857b10ac001146fd0e,TX,48377,2,2022-11-09T01:00:00.000Z,FIPSCode,48377,0,2022-11-14T17:57:19.923Z,8,98.98,8,100,62962,1025,61.97,62492,550,33.25,63492,79,4.78,1671,99,1654,4047,8,8
1668448833,2022-11-14 12:00:33 -0600,b1b988f5f4178d42d18306be5220e079d5177551,TX,48377,2,2022-11-09T01:00:00.000Z,FIPSCode,48377,0,2022-11-14T17:57:19.923Z,8,98.98,8,100,62962,1025,61.97,62492,550,33.25,63492,79,4.78,1671,99,1654,4047,8,8
1668448890,2022-11-14 12:01:30 -0600,14b8acc05824038cbf72b0f530c12a9d52eb2e86,TX,48377,2,2022-11-09T01:00:00.000Z,FIPSCode,48377,0,2022-11-14T17:57:19.923Z,8,98.98,8,100,62962,1025,61.97,62492,550,33.25,63492,79,4.78,1671,99,1654,4047,8,8
1668448951,2022-11-14 12:02:31 -0600,80b79f43fd7b839923518e73542f9681973d9265,TX,48377,2,2022-11-09T01:00:00.000Z,FIPSCode,48377,0,2022-11-14T17:57:19.923Z,8,98.98,8,100,62962,1025,61.97,62492,550,33.25,63492,79,4.78,1671,99,1654,4047,8,8
1668449018,2022-11-14 12:03:38 -0600,9e07a343b8a7f24cff72fcf2658e14d7db3b19ef,TX,48377,2,2022-11-09T01:00:00.000Z,FIPSCode,48377,0,2022-11-14T17:57:19.923Z,8,98.98,8,100,62962,1025,61.97,62492,550,33.25,63492,79,4.78,1671,99,1654,4047,8,8
1668449070,2022-11-14 12:04:30 -0600,4b523d37fa6f4cb47495267c047fa3de9eb24c1d,TX,48377,2,2022-11-09T01:00:00.000Z,FIPSCode,48377,0,2022-11-14T17:57:19.923Z,8,98.98,8,100,62962,1025,61.97,62492,550,33.25,63492,79,4.78,1671,99,1654,4047,8,8
1668449138,2022-11-14 12:05:38 -0600,df6659da3e05809d938fdb5c3d91c580f2a02c6e,TX,48377,2,2022-11-09T01:00:00.000Z,FIPSCode,48377,0,2022-11-14T17:57:19.923Z,8,98.98,8,100,62962,1025,61.97,62492,550,33.25,63492,79,4.78,1671,99,1654,4047,8,8
1668449200,2022-11-14 12:06:40 -0600,db8b4f8d77cc90ed3963d047e9b57e90b700538c,TX,48377,2,2022-11-09T01:00:00.000Z,FIPSCode,48377,0,2022-11-14T17:57:19.923Z,8,98.98,8,100,62962,1025,61.97,62492,550,33.25,63492,79,4.78,1671,99,1654,4047,8,8
1668449251,2022-11-14 12:07:31 -0600,8bc1d804778d2058370689ee72416542378e4ac1,TX,48377,2,2022-11-09T01:00:00.000Z,FIPSCode,48377,0,2022-11-14T17:57:19.923Z,8,98.98,8,100,62962,1025,61.97,62492,550,33.25,63492,79,4.78,1671,99,1654,4047,8,8
1668449265,2022-11-14 12:07:45 -0600,15bab3cd8d038e8378993e9fdf9498de2f886103,TX,48377,2,2022-11-09T01:00:00.000Z,FIPSCode,48377,0,2022-11-14T17:57:19.923Z,8,98.98,8,100,62962,1025,61.97,62492,550,33.25,63492,79,4.78,1671,99,1654,4047,8,8
1668449296,2022-11-14 12:08:16 -0600,d90355db02efffed8eeaadddc6228b3d4642db02,TX,48377,2,2022-11-09T01:00:00.000Z,FIPSCode,48377,0,2022-11-14T17:57:19.923Z,8,98.98,8,100,62962,1025,61.97,62492,550,33.25,63492,79,4.78,1671,99,1654,4047,8,8
1668449325,2022-11-14 12:08:45 -0600,59fe457c636fb6c07c84b6f1c587a98dee788a5f,TX,48377,2,2022-11-09T01:00:00.000Z,FIPSCode,48377,0,2022-11-14T17:57:19.923Z,8,98.98,8,100,62962,1025,61.97,62492,550,33.25,63492,79,4.78,1671,99,1654,4047,8,8
1668449343,2022-11-14 12:09:03 -0600,54c52f50fd80cbc6cf9ca72107971d2f200cb062,TX,48377,2,2022-11-09T01:00:00.000Z,FIPSCode,48377,0,2022-11-14T17:57:19.923Z,8,98.98,8,100,62962,1025,61.97,62492,550,33.25,63492,79,4.78,1671,99,1654,4047,8,8
1668449373,2022-11-14 12:09:33 -0600,863c490851b0d54190f7881eea218806f6b765c2,TX,48377,2,2022-11-09T01:00:00.000Z,FIPSCode,48377,0,2022-11-14T17:57:19.923Z,8,98.98,8,100,62962,1025,61.97,62492,550,33.25,63492,79,4.78,1671,99,1654,4047,8,8
1668449414,2022-11-14 12:10:14 -0600,3623879307460d6c7b4dc6fa7c2f0871f0f22047,TX,48377,2,2022-11-09T01:00:00.000Z,FIPSCode,48377,0,2022-11-14T17:57:19.923Z,8,98.98,8,100,62962,1025,61.97,62492,550,33.25,63492,79,4.78,1671,99,1654,4047,8,8
1668449437,2022-11-14 12:10:37 -0600,0ce3fe90254d1e3f23748fdeafb14b80a45d6ad0,TX,48377,2,2022-11-09T01:00:00.000Z,FIPSCode,48377,0,2022-11-14T17:57:19.923Z,8,98.98,8,100,62962,1025,61.97,62492,550,33.25,63492,79,4.78,1671,99,1654,4047,8,8
1668449471,2022-11-14 12:11:11 -0600,a584e6cd7f62e0cfe9e0f95db21f95f16e32cc67,TX,48377,2,2022-11-09T01:00:00.000Z,FIPSCode,48377,0,2022-11-14T17:57:19.923Z,8,98.98,8,100,62962,1025,61.97,62492,550,33.25,63492,79,4.78,1671,99,1654,4047,8,8
1668449494,2022-11-14 12:11:34 -0600,171298ac4f8a592e3a40899532f495d6dda5aed5,TX,48377,2,2022-11-09T01:00:00.000Z,FIPSCode,48377,0,2022-11-14T17:57:19.923Z,8,98.98,8,100,62962,1025,61.97,62492,550,33.25,63492,79,4.78,1671,99,1654,4047,8,8
1668449530,2022-11-14 12:12:10 -0600,23eaa654c818abe5fe6a3d8a2bdbaa05d2eb0613,TX,48377,2,2022-11-09T01:00:00.000Z,FIPSCode,48377,0,2022-11-14T17:57:19.923Z,8,98.98,8,100,62962,1025,61.97,62492,550,33.25,63492,79,4.78,1671,99,1654,4047,8,8
1668449560,2022-11-14 12:12:40 -0600,044280d809c1e24c890215588b97edd90a48ccaa,TX,48377,2,2022-11-09T01:00:00.000Z,FIPSCode,48377,0,2022-11-14T17:57:19.923Z,8,98.98,8,100,62962,1025,61.97,62492,550,33.25,63492,79,4.78,1671,99,1654,4047,8,8
1668449590,2022-11-14 12:13:10 -0600,4c1689df9c3c7978d3baf01ba07f18cf94da562e,TX,48377,2,2022-11-09T01:00:00.000Z,FIPSCode,48377,0,2022-11-14T17:57:19.923Z,8,98.98,8,100,62962,1025,61.97,62492,550,33.25,63492,79,4.78,1671,99,1654,4047,8,8
1668449616,2022-11-14 12:13:36 -0600,28d42467933d3f3e4995bf2259a84c25173ad967,TX,48377,2,2022-11-09T01:00:00.000Z,FIPSCode,48377,0,2022-11-14T17:57:19.923Z,8,98.98,8,100,62962,1025,61.97,62492,550,33.25,63492,79,4.78,1671,99,1654,4047,8,8
1668449652,2022-11-14 12:14:12 -0600,79ab50204333c19fe93a0a13d936816959311f3a,TX,48377,2,2022-11-09T01:00:00.000Z,FIPSCode,48377,0,2022-11-14T17:57:19.923Z,8,98.98,8,100,62962,1025,61.97,62492,550,33.25,63492,79,4.78,1671,99,1654,4047,8,8
1668449783,2022-11-14 12:16:23 -0600,6005073012378bc0ad0eca920dfb3e067e364853,TX,48377,2,2022-11-09T01:00:00.000Z,FIPSCode,48377,0,2022-11-14T17:57:19.923Z,8,98.98,8,100,62962,1025,61.97,62492,550,33.25,63492,79,4.78,1671,99,1654,4047,8,8
1668449797,2022-11-14 12:16:37 -0600,da8da80e2e48d966735cba69a7362d313ea5a05d,TX,48377,2,2022-11-09T01:00:00.000Z,FIPSCode,48377,0,2022-11-14T17:57:19.923Z,8,98.98,8,100,62962,1025,61.97,62492,550,33.25,63492,79,4.78,1671,99,1654,4047,8,8
1668449865,2022-11-14 12:17:45 -0600,e0f4de04671eba61e0931d42bd066d90756a8285,TX,48377,2,2022-11-09T01:00:00.000Z,FIPSCode,48377,0,2022-11-14T17:57:19.923Z,8,98.98,8,100,62962,1025,61.97,62492,550,33.25,63492,79,4.78,1671,99,1654,4047,8,8
1668449893,2022-11-14 12:18:13 -0600,39f1d212de5c980287647a0412f2a952d4bd0459,TX,48377,2,2022-11-09T01:00:00.000Z,FIPSCode,48377,0,2022-11-14T17:57:19.923Z,8,98.98,8,100,62962,1025,61.97,62492,550,33.25,63492,79,4.78,1671,99,1654,4047,8,8
1668449911,2022-11-14 12:18:31 -0600,bb7e28e8e32344d2ebf1274882c67857c0944f10,TX,48377,2,2022-11-09T01:00:00.000Z,FIPSCode,48377,0,2022-11-14T17:57:19.923Z,8,98.98,8,100,62962,1025,61.97,62492,550,33.25,63492,79,4.78,1671,99,1654,4047,8,8
1668449918,2022-11-14 12:18:38 -0600,294c0ad10c1575eb65ec58a5dfa3fca372aa61f8,TX,48377,2,2022-11-09T01:00:00.000Z,FIPSCode,48377,0,2022-11-14T17:57:19.923Z,8,98.98,8,100,62962,1025,61.97,62492,550,33.25,63492,79,4.78,1671,99,1654,4047,8,8
1668449948,2022-11-14 12:19:08 -0600,9dcccb547fc67876a3df33874cc20b57c4262110,TX,48377,2,2022-11-09T01:00:00.000Z,FIPSCode,48377,0,2022-11-14T17:57:19.923Z,8,98.98,8,100,62962,1025,61.97,62492,550,33.25,63492,79,4.78,1671,99,1654,4047,8,8
1668449971,2022-11-14 12:19:31 -0600,f0875676e3c427266f181e7ce07a77cf59edcc57,TX,48377,2,2022-11-09T01:00:00.000Z,FIPSCode,48377,0,2022-11-14T17:57:19.923Z,8,98.98,8,100,62962,1025,61.97,62492,550,33.25,63492,79,4.78,1671,99,1654,4047,8,8
1668450014,2022-11-14 12:20:14 -0600,621bf2c196dfdb7407e5581296340749aec834f5,TX,48377,2,2022-11-09T01:00:00.000Z,FIPSCode,48377,0,2022-11-14T17:57:19.923Z,8,98.98,8,100,62962,1025,61.97,62492,550,33.25,63492,79,4.78,1671,99,1654,4047,8,8
1668450032,2022-11-14 12:20:32 -0600,ab42e4a3ae0d36f14d5605cd047a730304554fcf,TX,48377,2,2022-11-09T01:00:00.000Z,FIPSCode,48377,0,2022-11-14T17:57:19.923Z,8,98.98,8,100,62962,1025,61.97,62492,550,33.25,63492,79,4.78,1671,99,1654,4047,8,8
1668450069,2022-11-14 12:21:09 -0600,6ec141aa2c1d784aae92ec4454234528280ec596,TX,48377,2,2022-11-09T01:00:00.000Z,FIPSCode,48377,0,2022-11-14T17:57:19.923Z,8,98.98,8,100,62962,1025,61.97,62492,550,33.25,63492,79,4.78,1671,99,1654,4047,8,8
1668450092,2022-11-14 12:21:32 -0600,ed9921d880771b15996e29d36d34062619c1f88a,TX,48377,2,2022-11-09T01:00:00.000Z,FIPSCode,48377,0,2022-11-14T17:57:19.923Z,8,98.98,8,100,62962,1025,61.97,62492,550,33.25,63492,79,4.78,1671,99,1654,4047,8,8
1668450105,2022-11-14 12:21:45 -0600,244e41915f913b98e48f8fff65b805ad2c032d29,TX,48377,2,2022-11-09T01:00:00.000Z,FIPSCode,48377,0,2022-11-14T17:57:19.923Z,8,98.98,8,100,62962,1025,61.97,62492,550,33.25,63492,79,4.78,1671,99,1654,4047,8,8
1668450153,2022-11-14 12:22:33 -0600,aa1eb3d78e80e9645c418f363be0ab74e67c0b88,TX,48377,2,2022-11-09T01:00:00.000Z,FIPSCode,48377,0,2022-11-14T17:57:19.923Z,8,98.98,8,100,62962,1025,61.97,62492,550,33.25,63492,79,4.78,1671,99,1654,4047,8,8
1668450194,2022-11-14 12:23:14 -0600,822d21f2a4584f121f7e065431c19bd10d723ca3,TX,48377,2,2022-11-09T01:00:00.000Z,FIPSCode,48377,0,2022-11-14T17:57:19.923Z,8,98.98,8,100,62962,1025,61.97,62492,550,33.25,63492,79,4.78,1671,99,1654,4047,8,8
1668450225,2022-11-14 12:23:45 -0600,f91d423dbb70ec9c1ce9bba70900d8196d847654,TX,48377,2,2022-11-09T01:00:00.000Z,FIPSCode,48377,0,2022-11-14T17:57:19.923Z,8,98.98,8,100,62962,1025,61.97,62492,550,33.25,63492,79,4.78,1671,99,1654,4047,8,8
1668450242,2022-11-14 12:24:02 -0600,3ff0b157b2af6e1fc94e9006a2932505b520dfc5,TX,48377,2,2022-11-09T01:00:00.000Z,FIPSCode,48377,0,2022-11-14T17:57:19.923Z,8,98.98,8,100,62962,1025,61.97,62492,550,33.25,63492,79,4.78,1671,99,1654,4047,8,8
1668450271,2022-11-14 12:24:31 -0600,b89c782deca47a3337301d99383f20f744adfeef,TX,48377,2,2022-11-09T01:00:00.000Z,FIPSCode,48377,0,2022-11-14T17:57:19.923Z,8,98.98,8,100,62962,1025,61.97,62492,550,33.25,63492,79,4.78,1671,99,1654,4047,8,8
1668450283,2022-11-14 12:24:43 -0600,75224c6c6869d0dddb65f657782bd5dee4d8f4a8,TX,48377,2,2022-11-09T01:00:00.000Z,FIPSCode,48377,0,2022-11-14T17:57:19.923Z,8,98.98,8,100,62962,1025,61.97,62492,550,33.25,63492,79,4.78,1671,99,1654,4047,8,8
1668450329,2022-11-14 12:25:29 -0600,2b803bd66a854143b3e0586994feb20b6c8be0b3,TX,48377,2,2022-11-09T01:00:00.000Z,FIPSCode,48377,0,2022-11-14T17:57:19.923Z,8,98.98,8,100,62962,1025,61.97,62492,550,33.25,63492,79,4.78,1671,99,1654,4047,8,8
1668450346,2022-11-14 12:25:46 -0600,a8d42864ad985d48d361655a774229ecee063282,TX,48377,2,2022-11-09T01:00:00.000Z,FIPSCode,48377,0,2022-11-14T17:57:19.923Z,8,98.98,8,100,62962,1025,61.97,62492,550,33.25,63492,79,4.78,1671,99,1654,4047,8,8
1668450363,2022-11-14 12:26:03 -0600,08645be388d0b144c576a0ab22f4282cbb7dcb31,TX,48377,2,2022-11-09T01:00:00.000Z,FIPSCode,48377,0,2022-11-14T17:57:19.923Z,8,98.98,8,100,62962,1025,61.97,62492,550,33.25,63492,79,4.78,1671,99,1654,4047,8,8
1668450404,2022-11-14 12:26:44 -0600,ce31ef0f8c24f53da34bd93d5ff97ced60c5633c,TX,48377,2,2022-11-09T01:00:00.000Z,FIPSCode,48377,0,2022-11-14T17:57:19.923Z,8,98.98,8,100,62962,1025,61.97,62492,550,33.25,63492,79,4.78,1671,99,1654,4047,8,8
1668450419,2022-11-14 12:26:59 -0600,59b41c3fde86bc24b9155a2fc7a26eaa240461ef,TX,48377,2,2022-11-09T01:00:00.000Z,FIPSCode,48377,0,2022-11-14T17:57:19.923Z,8,98.98,8,100,62962,1025,61.97,62492,550,33.25,63492,79,4.78,1671,99,1654,4047,8,8
1668450431,2022-11-14 12:27:11 -0600,b0ebaa3032888d4c64199356f4a11eb68d562aa2,TX,48377,2,2022-11-09T01:00:00.000Z,FIPSCode,48377,0,2022-11-14T17:57:19.923Z,8,98.98,8,100,62962,1025,61.97,62492,550,33.25,63492,79,4.78,1671,99,1654,4047,8,8
1668450453,2022-11-14 12:27:33 -0600,b22e200c0f6066385a7681b2161fd1f7c58d3353,TX,48377,2,2022-11-09T01:00:00.000Z,FIPSCode,48377,0,2022-11-14T17:57:19.923Z,8,98.98,8,100,62962,1025,61.97,62492,550,33.25,63492,79,4.78,1671,99,1654,4047,8,8
1668450465,2022-11-14 12:27:45 -0600,5b2cde3ac25bbe73e8c3058af079d326c45e8b5c,TX,48377,2,2022-11-09T01:00:00.000Z,FIPSCode,48377,0,2022-11-14T17:57:19.923Z,8,98.98,8,100,62962,1025,61.97,62492,550,33.25,63492,79,4.78,1671,99,1654,4047,8,8
1668450518,2022-11-14 12:28:38 -0600,08db40fc936675ab0a9472f216a552c8efdb4a9e,TX,48377,2,2022-11-09T01:00:00.000Z,FIPSCode,48377,0,2022-11-14T17:57:19.923Z,8,98.98,8,100,62962,1025,61.97,62492,550,33.25,63492,79,4.78,1671,99,1654,4047,8,8
1668450552,2022-11-14 12:29:12 -0600,e846edd729b0c4ce168807ead22a2bacab3f2afb,TX,48377,2,2022-11-09T01:00:00.000Z,FIPSCode,48377,0,2022-11-14T17:57:19.923Z,8,98.98,8,100,62962,1025,61.97,62492,550,33.25,63492,79,4.78,1671,99,1654,4047,8,8
1668450576,2022-11-14 12:29:36 -0600,c8e2e4988124fdcf6abf5ff8ff9daee3049d8c6f,TX,48377,2,2022-11-09T01:00:00.000Z,FIPSCode,48377,0,2022-11-14T17:57:19.923Z,8,98.98,8,100,62962,1025,61.97,62492,550,33.25,63492,79,4.78,1671,99,1654,4047,8,8
1668450605,2022-11-14 12:30:05 -0600,1ad6d861600bb8ca90c7f9c3f1e1a5fe335f363a,TX,48377,2,2022-11-09T01:00:00.000Z,FIPSCode,48377,0,2022-11-14T17:57:19.923Z,8,98.98,8,100,62962,1025,61.97,62492,550,33.25,63492,79,4.78,1671,99,1654,4047,8,8
1668450634,2022-11-14 12:30:34 -0600,f36ced8986875b1cbecac47ee3740ba1f520111c,TX,48377,2,2022-11-09T01:00:00.000Z,FIPSCode,48377,0,2022-11-14T17:57:19.923Z,8,98.98,8,100,62962,1025,61.97,62492,550,33.25,63492,79,4.78,1671,99,1654,4047,8,8
1668450662,2022-11-14 12:31:02 -0600,72beb21f34d76e4aa985299f6b31e193bc8b2ba0,TX,48377,2,2022-11-09T01:00:00.000Z,FIPSCode,48377,0,2022-11-14T17:57:19.923Z,8,98.98,8,100,62962,1025,61.97,62492,550,33.25,63492,79,4.78,1671,99,1654,4047,8,8
1668450680,2022-11-14 12:31:20 -0600,3f9edd4cc8aefe5718ec2eb3fab8991864885de4,TX,48377,2,2022-11-09T01:00:00.000Z,FIPSCode,48377,0,2022-11-14T17:57:19.923Z,8,98.98,8,100,62962,1025,61.97,62492,550,33.25,63492,79,4.78,1671,99,1654,4047,8,8
1668450692,2022-11-14 12:31:32 -0600,318bef8ec8398a5fc68a0aa90bfc01a9dfb7d90e,TX,48377,2,2022-11-09T01:00:00.000Z,FIPSCode,48377,0,2022-11-14T17:57:19.923Z,8,98.98,8,100,62962,1025,61.97,62492,550,33.25,63492,79,4.78,1671,99,1654,4047,8,8
1668450735,2022-11-14 12:32:15 -0600,76c1e65e178aa8698ae2566476d1bcaa2259854d,TX,48377,2,2022-11-09T01:00:00.000Z,FIPSCode,48377,0,2022-11-14T17:57:19.923Z,8,98.98,8,100,62962,1025,61.97,62492,550,33.25,63492,79,4.78,1671,99,1654,4047,8,8
1668450747,2022-11-14 12:32:27 -0600,1da1595a4742a393eaf403786dd8a00422a875fb,TX,48377,2,2022-11-09T01:00:00.000Z,FIPSCode,48377,0,2022-11-14T17:57:19.923Z,8,98.98,8,100,62962,1025,61.97,62492,550,33.25,63492,79,4.78,1671,99,1654,4047,8,8
1668450783,2022-11-14 12:33:03 -0600,25c7c41794c3f694e5c34fa8e03f480d6569ee52,TX,48377,2,2022-11-09T01:00:00.000Z,FIPSCode,48377,0,2022-11-14T17:57:19.923Z,8,98.98,8,100,62962,1025,61.97,62492,550,33.25,63492,79,4.78,1671,99,1654,4047,8,8
1668450815,2022-11-14 12:33:35 -0600,f285b1267e91b86228be5577954a3ebbca0fa068,TX,48377,2,2022-11-09T01:00:00.000Z,FIPSCode,48377,0,2022-11-14T17:57:19.923Z,8,98.98,8,100,62962,1025,61.97,62492,550,33.25,63492,79,4.78,1671,99,1654,4047,8,8
1668450874,2022-11-14 12:34:34 -0600,506d12294e823807c1fcd0379d48ce5be67fd67e,TX,48377,2,2022-11-09T01:00:00.000Z,FIPSCode,48377,0,2022-11-14T18:34:22.296Z,8,98.98,8,100,62962,1025,61.97,62492,550,33.25,63492,79,4.78,1671,99,1654,4047,8,8
1668450911,2022-11-14 12:35:11 -0600,351ba244b18b5b1ae6591a2335b0ca7906a9378c,TX,48377,2,2022-11-09T01:00:00.000Z,FIPSCode,48377,0,2022-11-14T18:34:22.296Z,8,98.98,8,100,62962,1025,61.97,62492,550,33.25,63492,79,4.78,1671,99,1654,4047,8,8
1668450929,2022-11-14 12:35:29 -0600,6499784e1bda1260a178f7db3ddfa0d1489e456f,TX,48377,2,2022-11-09T01:00:00.000Z,FIPSCode,48377,0,2022-11-14T18:34:22.296Z,8,98.98,8,100,62962,1025,61.97,62492,550,33.25,63492,79,4.78,1671,99,1654,4047,8,8
1668450941,2022-11-14 12:35:41 -0600,e2243e92e3cd80b01058036371773d0b394085a9,TX,48377,2,2022-11-09T01:00:00.000Z,FIPSCode,48377,0,2022-11-14T18:35:18.861Z,8,98.98,8,100,62962,1025,61.97,62492,550,33.25,63492,79,4.78,1671,99,1654,4047,8,8
1668450970,2022-11-14 12:36:10 -0600,f013af744fa0264b0cdfa806b6aaf2599ab4cbf6,TX,48377,2,2022-11-09T01:00:00.000Z,FIPSCode,48377,0,2022-11-14T18:35:18.861Z,8,98.98,8,100,62962,1025,61.97,62492,550,33.25,63492,79,4.78,1671,99,1654,4047,8,8
1668451001,2022-11-14 12:36:41 -0600,5fa902587cc41c283e798030aef0476212ebae10,TX,48377,2,2022-11-09T01:00:00.000Z,FIPSCode,48377,0,2022-11-14T18:36:18.989Z,8,98.98,8,100,62962,1025,61.97,62492,550,33.25,63492,79,4.78,1671,99,1654,4047,8,8
1668451018,2022-11-14 12:36:58 -0600,bf596384965ef5bcf00922d6ac66b516dab5d247,TX,48377,2,2022-11-09T01:00:00.000Z,FIPSCode,48377,0,2022-11-14T18:36:18.989Z,8,98.98,8,100,62962,1025,61.97,62492,550,33.25,63492,79,4.78,1671,99,1654,4047,8,8
1668451036,2022-11-14 12:37:16 -0600,a29eff666558d477f8ee68d1329fc280cbf0dc24,TX,48377,2,2022-11-09T01:00:00.000Z,FIPSCode,48377,0,2022-11-14T18:36:18.989Z,8,98.98,8,100,62962,1025,61.97,62492,550,33.25,63492,79,4.78,1671,99,1654,4047,8,8
1668451053,2022-11-14 12:37:33 -0600,eb23969866baac812738fe692fde3e911a86e4f3,TX,48377,2,2022-11-09T01:00:00.000Z,FIPSCode,48377,0,2022-11-14T18:36:18.989Z,8,98.98,8,100,62962,1025,61.97,62492,550,33.25,63492,79,4.78,1671,99,1654,4047,8,8
1668451065,2022-11-14 12:37:45 -0600,87c9ac3e8cc6db840269a24d528d7881c0722504,TX,48377,2,2022-11-09T01:00:00.000Z,FIPSCode,48377,0,2022-11-14T18:37:18.882Z,8,98.98,8,100,62962,1025,61.97,62492,550,33.25,63492,79,4.78,1671,99,1654,4047,8,8
1668451077,2022-11-14 12:37:57 -0600,929fbe429656cc7eb2d067b1d2c5418856157908,TX,48377,2,2022-11-09T01:00:00.000Z,FIPSCode,48377,0,2022-11-14T18:37:18.882Z,8,98.98,8,100,62962,1025,61.97,62492,550,33.25,63492,79,4.78,1671,99,1654,4047,8,8
1668451112,2022-11-14 12:38:32 -0600,44aa509a9fc54d61665f72dc13905d4dd7bc3f07,TX,48377,2,2022-11-09T01:00:00.000Z,FIPSCode,48377,0,2022-11-14T18:37:18.882Z,8,98.98,8,100,62962,1025,61.97,62492,550,33.25,63492,79,4.78,1671,99,1654,4047,8,8
1668451152,2022-11-14 12:39:12 -0600,50541d18724279cc6dad2c7a6f9a360b06d0aa27,TX,48377,2,2022-11-09T01:00:00.000Z,FIPSCode,48377,0,2022-11-14T18:37:18.882Z,8,98.98,8,100,62962,1025,61.97,62492,550,33.25,63492,79,4.78,1671,99,1654,4047,8,8
1668451170,2022-11-14 12:39:30 -0600,5c6766c3a83c11b1cb69a72036dbdc7d471216c3,TX,48377,2,2022-11-09T01:00:00.000Z,FIPSCode,48377,0,2022-11-14T18:37:18.882Z,8,98.98,8,100,62962,1025,61.97,62492,550,33.25,63492,79,4.78,1671,99,1654,4047,8,8
1668451199,2022-11-14 12:39:59 -0600,ae1d0739407bdf19c902cde4784c79b5663924c0,TX,48377,2,2022-11-09T01:00:00.000Z,FIPSCode,48377,0,2022-11-14T18:37:18.882Z,8,98.98,8,100,62962,1025,61.97,62492,550,33.25,63492,79,4.78,1671,99,1654,4047,8,8
1668451216,2022-11-14 12:40:16 -0600,ca3fb5b8eab643eb0943c25aef7e4a8899cd2d59,TX,48377,2,2022-11-09T01:00:00.000Z,FIPSCode,48377,0,2022-11-14T18:37:18.882Z,8,98.98,8,100,62962,1025,61.97,62492,550,33.25,63492,79,4.78,1671,99,1654,4047,8,8
1668451240,2022-11-14 12:40:40 -0600,987054e15342c3c06a45bcf935026f385eac8c70,TX,48377,2,2022-11-09T01:00:00.000Z,FIPSCode,48377,0,2022-11-14T18:37:18.882Z,8,98.98,8,100,62962,1025,61.97,62492,550,33.25,63492,79,4.78,1671,99,1654,4047,8,8
1668451269,2022-11-14 12:41:09 -0600,ceb9308be85d0176bd259eceb0dbbe6141bc3d8b,TX,48377,2,2022-11-09T01:00:00.000Z,FIPSCode,48377,0,2022-11-14T18:37:18.882Z,8,98.98,8,100,62962,1025,61.97,62492,550,33.25,63492,79,4.78,1671,99,1654,4047,8,8
1668451298,2022-11-14 12:41:38 -0600,eac07a3bf7b3d0d31a01eb810b69c92fa98adc20,TX,48377,2,2022-11-09T01:00:00.000Z,FIPSCode,48377,0,2022-11-14T18:37:18.882Z,8,98.98,8,100,62962,1025,61.97,62492,550,33.25,63492,79,4.78,1671,99,1654,4047,8,8
1668451456,2022-11-14 12:44:16 -0600,05ae880b157bbf6f9f36f11ac1c6fa1c5e0e142e,TX,48377,2,2022-11-09T01:00:00.000Z,FIPSCode,48377,0,2022-11-14T18:37:18.882Z,8,98.98,8,100,62962,1025,61.97,62492,550,33.25,63492,79,4.78,1671,99,1654,4047,8,8
1668451516,2022-11-14 12:45:16 -0600,930ca0f9d73ff0516fb5849f5ce9ea7c06d7f98b,TX,48377,2,2022-11-09T01:00:00.000Z,FIPSCode,48377,0,2022-11-14T18:37:18.882Z,8,98.98,8,100,62962,1025,61.97,62492,550,33.25,63492,79,4.78,1671,99,1654,4047,8,8
1668451573,2022-11-14 12:46:13 -0600,2fa6b40e1920afcf24cd070c33d74e152f2ad326,TX,48377,2,2022-11-09T01:00:00.000Z,FIPSCode,48377,0,2022-11-14T18:37:18.882Z,8,98.98,8,100,62962,1025,61.97,62492,550,33.25,63492,79,4.78,1671,99,1654,4047,8,8
1668451614,2022-11-14 12:46:54 -0600,a2b8f40ab4ce434eca3c06852abf8a48cbbbb668,TX,48377,2,2022-11-09T01:00:00.000Z,FIPSCode,48377,0,2022-11-14T18:37:18.882Z,8,98.98,8,100,62962,1025,61.97,62492,550,33.25,63492,79,4.78,1671,99,1654,4047,8,8
1668451666,2022-11-14 12:47:46 -0600,baa8b438ba97574346f12ac6b3cc605c24eb8d5d,TX,48377,2,2022-11-09T01:00:00.000Z,FIPSCode,48377,0,2022-11-14T18:37:18.882Z,8,98.98,8,100,62962,1025,61.97,62492,550,33.25,63492,79,4.78,1671,99,1654,4047,8,8
1668451726,2022-11-14 12:48:46 -0600,8efd259b4db71d68d1843043a81ceed4f2c56289,TX,48377,2,2022-11-09T01:00:00.000Z,FIPSCode,48377,0,2022-11-14T18:37:18.882Z,8,98.98,8,100,62962,1025,61.97,62492,550,33.25,63492,79,4.78,1671,99,1654,4047,8,8
1668451738,2022-11-14 12:48:58 -0600,3fc37b89033fda29cbc3365569a5d8ce88416780,TX,48377,2,2022-11-09T01:00:00.000Z,FIPSCode,48377,0,2022-11-14T18:37:18.882Z,8,98.98,8,100,62962,1025,61.97,62492,550,33.25,63492,79,4.78,1671,99,1654,4047,8,8
1668451773,2022-11-14 12:49:33 -0600,4def4b5f743dfbb8f902ddbee4841d2a9a57e616,TX,48377,2,2022-11-09T01:00:00.000Z,FIPSCode,48377,0,2022-11-14T18:37:18.882Z,8,98.98,8,100,62962,1025,61.97,62492,550,33.25,63492,79,4.78,1671,99,1654,4047,8,8
1668451832,2022-11-14 12:50:32 -0600,24a39c40a971be5263314b9b16006d40fdb8562e,TX,48377,2,2022-11-09T01:00:00.000Z,FIPSCode,48377,0,2022-11-14T18:37:18.882Z,8,98.98,8,100,62962,1025,61.97,62492,550,33.25,63492,79,4.78,1671,99,1654,4047,8,8
1668451842,2022-11-14 12:50:42 -0600,39f51d6c49916aca35f8611b7f61c9cc9532ac7b,TX,48377,2,2022-11-09T01:00:00.000Z,FIPSCode,48377,0,2022-11-14T18:50:19.986Z,8,98.98,8,100,62962,1025,61.97,62492,550,33.25,63492,79,4.78,1671,99,1654,4047,8,8
1668451861,2022-11-14 12:51:01 -0600,4dc5921e486c6286154b85fef939d86c365fed13,TX,48377,2,2022-11-09T01:00:00.000Z,FIPSCode,48377,0,2022-11-14T18:50:19.986Z,8,98.98,8,100,62962,1025,61.97,62492,550,33.25,63492,79,4.78,1671,99,1654,4047,8,8
1668451904,2022-11-14 12:51:44 -0600,4b4c048ed3db67d29a9fe9fbbc50d7b4e9ad87e9,TX,48377,2,2022-11-09T01:00:00.000Z,FIPSCode,48377,0,2022-11-14T18:51:21.591Z,8,98.98,8,100,62962,1025,61.97,62492,550,33.25,63492,79,4.78,1671,99,1654,4047,8,8
1668452064,2022-11-14 12:54:24 -0600,4e6f537a5806dc11166404214c98959ad8549f0a,TX,48377,2,2022-11-09T01:00:00.000Z,FIPSCode,48377,0,2022-11-14T18:52:18.131Z,8,98.98,8,100,62962,1025,61.97,62492,550,33.25,63492,79,4.78,1671,99,1654,4047,8,8
1668452079,2022-11-14 12:54:39 -0600,0de3195b71ac9ab1b78932be705325f4b3ec1dce,TX,48377,2,2022-11-09T01:00:00.000Z,FIPSCode,48377,0,2022-11-14T18:52:18.131Z,8,98.98,8,100,62962,1025,61.97,62492,550,33.25,63492,79,4.78,1671,99,1654,4047,8,8
1668452138,2022-11-14 12:55:38 -0600,bb02624f29ebe76c274554973ef9d2cafef1717b,TX,48377,2,2022-11-09T01:00:00.000Z,FIPSCode,48377,0,2022-11-14T18:52:18.131Z,8,98.98,8,100,62962,1025,61.97,62492,550,33.25,63492,79,4.78,1671,99,1654,4047,8,8
1668452198,2022-11-14 12:56:38 -0600,709e13465bca7041f40554bcbedd2ec9b5a0b936,TX,48377,2,2022-11-09T01:00:00.000Z,FIPSCode,48377,0,2022-11-14T18:52:18.131Z,8,98.98,8,100,62962,1025,61.97,62492,550,33.25,63492,79,4.78,1671,99,1654,4047,8,8
1668452217,2022-11-14 12:56:57 -0600,6fd789a2b51f338221f991fac213bd7d6657e678,TX,48377,2,2022-11-09T01:00:00.000Z,FIPSCode,48377,0,2022-11-14T18:52:18.131Z,8,98.98,8,100,62962,1025,61.97,62492,550,33.25,63492,79,4.78,1671,99,1654,4047,8,8
1668452258,2022-11-14 12:57:38 -0600,7d18c41d8fd1d04b7b6ef4af0c50dc49aa2fe3ba,TX,48377,2,2022-11-09T01:00:00.000Z,FIPSCode,48377,0,2022-11-14T18:52:18.131Z,8,98.98,8,100,62962,1025,61.97,62492,550,33.25,63492,79,4.78,1671,99,1654,4047,8,8
1668452317,2022-11-14 12:58:37 -0600,e3bf76e27cd6a7c2e19e04f6738752f8e7985741,TX,48377,2,2022-11-09T01:00:00.000Z,FIPSCode,48377,0,2022-11-14T18:52:18.131Z,8,98.98,8,100,62962,1025,61.97,62492,550,33.25,63492,79,4.78,1671,99,1654,4047,8,8
1668452343,2022-11-14 12:59:03 -0600,3cd8f6baed19987806bce5d9f9ab425fa7ba8917,TX,48377,2,2022-11-09T01:00:00.000Z,FIPSCode,48377,0,2022-11-14T18:52:18.131Z,8,98.98,8,100,62962,1025,61.97,62492,550,33.25,63492,79,4.78,1671,99,1654,4047,8,8
1668452412,2022-11-14 13:00:12 -0600,bd81d6fd931f860701f4ce2d45d3dde7be45e23d,TX,48377,2,2022-11-09T01:00:00.000Z,FIPSCode,48377,0,2022-11-14T18:52:18.131Z,8,98.98,8,100,62962,1025,61.97,62492,550,33.25,63492,79,4.78,1671,99,1654,4047,8,8
1668452430,2022-11-14 13:00:30 -0600,3690247860101fbbbe946fb55e3b55907feaa82c,TX,48377,2,2022-11-09T01:00:00.000Z,FIPSCode,48377,0,2022-11-14T18:52:18.131Z,8,98.98,8,100,62962,1025,61.97,62492,550,33.25,63492,79,4.78,1671,99,1654,4047,8,8
1668452470,2022-11-14 13:01:10 -0600,f81e9aeecebf8937e6cd53c9860a16946290cd10,TX,48377,2,2022-11-09T01:00:00.000Z,FIPSCode,48377,0,2022-11-14T18:52:18.131Z,8,98.98,8,100,62962,1025,61.97,62492,550,33.25,63492,79,4.78,1671,99,1654,4047,8,8
1668452507,2022-11-14 13:01:47 -0600,10f1605f3f2a13b6ef8b1294acbcec97f1e69943,TX,48377,2,2022-11-09T01:00:00.000Z,FIPSCode,48377,0,2022-11-14T18:52:18.131Z,8,98.98,8,100,62962,1025,61.97,62492,550,33.25,63492,79,4.78,1671,99,1654,4047,8,8
1668452537,2022-11-14 13:02:17 -0600,91405d57ee77c7d4be738dd6fa6d86bca2308963,TX,48377,2,2022-11-09T01:00:00.000Z,FIPSCode,48377,0,2022-11-14T18:52:18.131Z,8,98.98,8,100,62962,1025,61.97,62492,550,33.25,63492,79,4.78,1671,99,1654,4047,8,8
1668452555,2022-11-14 13:02:35 -0600,ba3618275d8bf2314990edc558b30a649431bdf7,TX,48377,2,2022-11-09T01:00:00.000Z,FIPSCode,48377,0,2022-11-14T18:52:18.131Z,8,98.98,8,100,62962,1025,61.97,62492,550,33.25,63492,79,4.78,1671,99,1654,4047,8,8
1668452566,2022-11-14 13:02:46 -0600,535c3cc77e210a2a35884f6d67ced995e889856d,TX,48377,2,2022-11-09T01:00:00.000Z,FIPSCode,48377,0,2022-11-14T18:52:18.131Z,8,98.98,8,100,62962,1025,61.97,62492,550,33.25,63492,79,4.78,1671,99,1654,4047,8,8
1668452614,2022-11-14 13:03:34 -0600,b77ba15b17870e01de0f977899aca567009004d1,TX,48377,2,2022-11-09T01:00:00.000Z,FIPSCode,48377,0,2022-11-14T18:52:18.131Z,8,98.98,8,100,62962,1025,61.97,62492,550,33.25,63492,79,4.78,1671,99,1654,4047,8,8
1668452625,2022-11-14 13:03:45 -0600,1b3abf2989fcf58485d6416b41c6ccc4df2d5518,TX,48377,2,2022-11-09T01:00:00.000Z,FIPSCode,48377,0,2022-11-14T18:52:18.131Z,8,98.98,8,100,62962,1025,61.97,62492,550,33.25,63492,79,4.78,1671,99,1654,4047,8,8
1668452643,2022-11-14 13:04:03 -0600,95d708fc82f21aa8e7f93a7d61e513d3dc6b33c3,TX,48377,2,2022-11-09T01:00:00.000Z,FIPSCode,48377,0,2022-11-14T18:52:18.131Z,8,98.98,8,100,62962,1025,61.97,62492,550,33.25,63492,79,4.78,1671,99,1654,4047,8,8
1668452677,2022-11-14 13:04:37 -0600,7d703f01a63563e3bb03f5cb44589e3480fb71b9,TX,48377,2,2022-11-09T01:00:00.000Z,FIPSCode,48377,0,2022-11-14T18:52:18.131Z,8,98.98,8,100,62962,1025,61.97,62492,550,33.25,63492,79,4.78,1671,99,1654,4047,8,8
1668452683,2022-11-14 13:04:43 -0600,0ee8ab038e882ea686a7e342e267d7f37b232927,TX,48377,2,2022-11-09T01:00:00.000Z,FIPSCode,48377,0,2022-11-14T18:52:18.131Z,8,98.98,8,100,62962,1025,61.97,62492,550,33.25,63492,79,4.78,1671,99,1654,4047,8,8
1668452700,2022-11-14 13:05:00 -0600,677c30ff27f4a8902b8c935ca1ec4cdec90851fa,TX,48377,2,2022-11-09T01:00:00.000Z,FIPSCode,48377,0,2022-11-14T18:52:18.131Z,8,98.98,8,100,62962,1025,61.97,62492,550,33.25,63492,79,4.78,1671,99,1654,4047,8,8
1668452731,2022-11-14 13:05:31 -0600,3e11ad40ad0abe09f0bb8c555ccfa62b13a882f0,TX,48377,2,2022-11-09T01:00:00.000Z,FIPSCode,48377,0,2022-11-14T18:52:18.131Z,8,98.98,8,100,62962,1025,61.97,62492,550,33.25,63492,79,4.78,1671,99,1654,4047,8,8
1668452790,2022-11-14 13:06:30 -0600,844098e2b81edea5763403dcf8c3165100905fcf,TX,48377,2,2022-11-09T01:00:00.000Z,FIPSCode,48377,0,2022-11-14T18:52:18.131Z,8,98.98,8,100,62962,1025,61.97,62492,550,33.25,63492,79,4.78,1671,99,1654,4047,8,8
1668452856,2022-11-14 13:07:36 -0600,f029c7c920ae0c199fef4df864e8c08d19a843a4,TX,48377,2,2022-11-09T01:00:00.000Z,FIPSCode,48377,0,2022-11-14T18:52:18.131Z,8,98.98,8,100,62962,1025,61.97,62492,550,33.25,63492,79,4.78,1671,99,1654,4047,8,8
1668452917,2022-11-14 13:08:37 -0600,f69162ee5450aa8357eda5409d3bf81a0630fe6e,TX,48377,2,2022-11-09T01:00:00.000Z,FIPSCode,48377,0,2022-11-14T18:52:18.131Z,8,98.98,8,100,62962,1025,61.97,62492,550,33.25,63492,79,4.78,1671,99,1654,4047,8,8
1668452942,2022-11-14 13:09:02 -0600,9bb97c40af78e7f7d3aca57e229a38249cff174c,TX,48377,2,2022-11-09T01:00:00.000Z,FIPSCode,48377,0,2022-11-14T18:52:18.131Z,8,98.98,8,100,62962,1025,61.97,62492,550,33.25,63492,79,4.78,1671,99,1654,4047,8,8
1668452977,2022-11-14 13:09:37 -0600,fc49b93bb1fb85c63ba1cb06cc401e087e38eb83,TX,48377,2,2022-11-09T01:00:00.000Z,FIPSCode,48377,0,2022-11-14T18:52:18.131Z,8,98.98,8,100,62962,1025,61.97,62492,550,33.25,63492,79,4.78,1671,99,1654,4047,8,8
1668453000,2022-11-14 13:10:00 -0600,3937b68e630a4ddb9c6d0427d3e54248ddb06e1c,TX,48377,2,2022-11-09T01:00:00.000Z,FIPSCode,48377,0,2022-11-14T18:52:18.131Z,8,98.98,8,100,62962,1025,61.97,62492,550,33.25,63492,79,4.78,1671,99,1654,4047,8,8
1668453035,2022-11-14 13:10:35 -0600,e4f6545b85407efa00d1fd8b20885cf090485838,TX,48377,2,2022-11-09T01:00:00.000Z,FIPSCode,48377,0,2022-11-14T18:52:18.131Z,8,98.98,8,100,62962,1025,61.97,62492,550,33.25,63492,79,4.78,1671,99,1654,4047,8,8
1668453074,2022-11-14 13:11:14 -0600,ee5bea8a3625ea841ee93eaa9cc7d729787f902c,TX,48377,2,2022-11-09T01:00:00.000Z,FIPSCode,48377,0,2022-11-14T18:52:18.131Z,8,98.98,8,100,62962,1025,61.97,62492,550,33.25,63492,79,4.78,1671,99,1654,4047,8,8
1668453092,2022-11-14 13:11:32 -0600,b9feb781404f110427afa02bcfadc54990bfabf3,TX,48377,2,2022-11-09T01:00:00.000Z,FIPSCode,48377,0,2022-11-14T18:52:18.131Z,8,98.98,8,100,62962,1025,61.97,62492,550,33.25,63492,79,4.78,1671,99,1654,4047,8,8
1668453123,2022-11-14 13:12:03 -0600,3b33e3e9d09988821101b3cccbcd8a4d91e4cef3,TX,48377,2,2022-11-09T01:00:00.000Z,FIPSCode,48377,0,2022-11-14T18:52:18.131Z,8,98.98,8,100,62962,1025,61.97,62492,550,33.25,63492,79,4.78,1671,99,1654,4047,8,8
1668453151,2022-11-14 13:12:31 -0600,783ee7aaf711f3239f57a6711d4653510184f4d3,TX,48377,2,2022-11-09T01:00:00.000Z,FIPSCode,48377,0,2022-11-14T18:52:18.131Z,8,98.98,8,100,62962,1025,61.97,62492,550,33.25,63492,79,4.78,1671,99,1654,4047,8,8
1668453217,2022-11-14 13:13:37 -0600,d156cae585a8a2be818a4f456f7adcc316273d1c,TX,48377,2,2022-11-09T01:00:00.000Z,FIPSCode,48377,0,2022-11-14T18:52:18.131Z,8,98.98,8,100,62962,1025,61.97,62492,550,33.25,63492,79,4.78,1671,99,1654,4047,8,8
1668453299,2022-11-14 13:14:59 -0600,378d2eabb61d404443e70e6e1cc30446aaf5255b,TX,48377,2,2022-11-09T01:00:00.000Z,FIPSCode,48377,0,2022-11-14T18:52:18.131Z,8,98.98,8,100,62962,1025,61.97,62492,550,33.25,63492,79,4.78,1671,99,1654,4047,8,8
1668453316,2022-11-14 13:15:16 -0600,a1a8746891894e6dcca835e3353bbb6a09c1e56d,TX,48377,2,2022-11-09T01:00:00.000Z,FIPSCode,48377,0,2022-11-14T18:52:18.131Z,8,98.98,8,100,62962,1025,61.97,62492,550,33.25,63492,79,4.78,1671,99,1654,4047,8,8
1668453356,2022-11-14 13:15:56 -0600,f3f74173cfcd96168c4a84370bdb79f792183e3e,TX,48377,2,2022-11-09T01:00:00.000Z,FIPSCode,48377,0,2022-11-14T18:52:18.131Z,8,98.98,8,100,62962,1025,61.97,62492,550,33.25,63492,79,4.78,1671,99,1654,4047,8,8
1668453368,2022-11-14 13:16:08 -0600,b7190450d64772424de49fcd9a05fae6f483b262,TX,48377,2,2022-11-09T01:00:00.000Z,FIPSCode,48377,0,2022-11-14T18:52:18.131Z,8,98.98,8,100,62962,1025,61.97,62492,550,33.25,63492,79,4.78,1671,99,1654,4047,8,8
1668453397,2022-11-14 13:16:37 -0600,3c944bfeb4053ff1eaf59ce6d5779621c8dd0f11,TX,48377,2,2022-11-09T01:00:00.000Z,FIPSCode,48377,0,2022-11-14T18:52:18.131Z,8,98.98,8,100,62962,1025,61.97,62492,550,33.25,63492,79,4.78,1671,99,1654,4047,8,8
1668453426,2022-11-14 13:17:06 -0600,7571951bce61d6ecd9e16f3398b9a2694f71b264,TX,48377,2,2022-11-09T01:00:00.000Z,FIPSCode,48377,0,2022-11-14T18:52:18.131Z,8,98.98,8,100,62962,1025,61.97,62492,550,33.25,63492,79,4.78,1671,99,1654,4047,8,8
1668453461,2022-11-14 13:17:41 -0600,63da75e6c51629af83670eef551e4aaf6d761b8a,TX,48377,2,2022-11-09T01:00:00.000Z,FIPSCode,48377,0,2022-11-14T18:52:18.131Z,8,98.98,8,100,62962,1025,61.97,62492,550,33.25,63492,79,4.78,1671,99,1654,4047,8,8
1668453492,2022-11-14 13:18:12 -0600,8f2adc977b8714eab9f783c20f5eee039638d9e6,TX,48377,2,2022-11-09T01:00:00.000Z,FIPSCode,48377,0,2022-11-14T18:52:18.131Z,8,98.98,8,100,62962,1025,61.97,62492,550,33.25,63492,79,4.78,1671,99,1654,4047,8,8
1668453520,2022-11-14 13:18:40 -0600,703d2481a391da48cacf64eb33c82f7b2f87499d,TX,48377,2,2022-11-09T01:00:00.000Z,FIPSCode,48377,0,2022-11-14T18:52:18.131Z,8,98.98,8,100,62962,1025,61.97,62492,550,33.25,63492,79,4.78,1671,99,1654,4047,8,8
1668453533,2022-11-14 13:18:53 -0600,8db39b4af73534bca90b7e0a4fa33027765805e2,TX,48377,2,2022-11-09T01:00:00.000Z,FIPSCode,48377,0,2022-11-14T18:52:18.131Z,8,98.98,8,100,62962,1025,61.97,62492,550,33.25,63492,79,4.78,1671,99,1654,4047,8,8
1668453578,2022-11-14 13:19:38 -0600,b1dd582031679bb4111b5eef55c87a16b55caa3b,TX,48377,2,2022-11-09T01:00:00.000Z,FIPSCode,48377,0,2022-11-14T18:52:18.131Z,8,98.98,8,100,62962,1025,61.97,62492,550,33.25,63492,79,4.78,1671,99,1654,4047,8,8
1668453592,2022-11-14 13:19:52 -0600,896d5cc2100b5f19413a87bd91f419eaa84c3dda,TX,48377,2,2022-11-09T01:00:00.000Z,FIPSCode,48377,0,2022-11-14T18:52:18.131Z,8,98.98,8,100,62962,1025,61.97,62492,550,33.25,63492,79,4.78,1671,99,1654,4047,8,8
1668453600,2022-11-14 13:20:00 -0600,543c5772196aba618b6eea0a443bc4ada33bc5d3,TX,48377,2,2022-11-09T01:00:00.000Z,FIPSCode,48377,0,2022-11-14T18:52:18.131Z,8,98.98,8,100,62962,1025,61.97,62492,550,33.25,63492,79,4.78,1671,99,1654,4047,8,8
1668453635,2022-11-14 13:20:35 -0600,c5777e69dbfb348d59d0092e8feb4668505f0637,TX,48377,2,2022-11-09T01:00:00.000Z,FIPSCode,48377,0,2022-11-14T18:52:18.131Z,8,98.98,8,100,62962,1025,61.97,62492,550,33.25,63492,79,4.78,1671,99,1654,4047,8,8
1668453665,2022-11-14 13:21:05 -0600,b0ee9c5262e8ffaee5ffb5295ada0013167a031f,TX,48377,2,2022-11-09T01:00:00.000Z,FIPSCode,48377,0,2022-11-14T18:52:18.131Z,8,98.98,8,100,62962,1025,61.97,62492,550,33.25,63492,79,4.78,1671,99,1654,4047,8,8
1668453695,2022-11-14 13:21:35 -0600,e960ec3da78b9b3e4cb1ecc2c981208e2b272c5f,TX,48377,2,2022-11-09T01:00:00.000Z,FIPSCode,48377,0,2022-11-14T18:52:18.131Z,8,98.98,8,100,62962,1025,61.97,62492,550,33.25,63492,79,4.78,1671,99,1654,4047,8,8
1668453707,2022-11-14 13:21:47 -0600,d88d828a4d2b77353c198f207ea9e4c33b382c02,TX,48377,2,2022-11-09T01:00:00.000Z,FIPSCode,48377,0,2022-11-14T19:21:21.458Z,8,98.98,8,100,62962,1025,61.97,62492,550,33.25,63492,79,4.78,1671,99,1654,4047,8,8
1668453724,2022-11-14 13:22:04 -0600,5264c45aa807ec16c3a3876639654e7bb93efddb,TX,48377,2,2022-11-09T01:00:00.000Z,FIPSCode,48377,0,2022-11-14T19:21:21.458Z,8,98.98,8,100,62962,1025,61.97,62492,550,33.25,63492,79,4.78,1671,99,1654,4047,8,8
1668453766,2022-11-14 13:22:46 -0600,6cddc9e069abba209016ef2f04fa1ccd35c2de41,TX,48377,2,2022-11-09T01:00:00.000Z,FIPSCode,48377,0,2022-11-14T19:22:18.994Z,8,98.98,8,100,62962,1025,61.97,62492,550,33.25,63492,79,4.78,1671,99,1654,4047,8,8
1668453778,2022-11-14 13:22:58 -0600,6c95bebb8eed769a7c3633e47ba02a6237c7f4d5,TX,48377,2,2022-11-09T01:00:00.000Z,FIPSCode,48377,0,2022-11-14T19:22:18.994Z,8,98.98,8,100,62962,1025,61.97,62492,550,33.25,63492,79,4.78,1671,99,1654,4047,8,8
1668453796,2022-11-14 13:23:16 -0600,8e2201a2178be51b401c2a5864d043a2dfd5988f,TX,48377,2,2022-11-09T01:00:00.000Z,FIPSCode,48377,0,2022-11-14T19:22:18.994Z,8,98.98,8,100,62962,1025,61.97,62492,550,33.25,63492,79,4.78,1671,99,1654,4047,8,8
1668453809,2022-11-14 13:23:29 -0600,9fcb1596d341254748bf922cd10732148b6f4288,TX,48377,2,2022-11-09T01:00:00.000Z,FIPSCode,48377,0,2022-11-14T19:22:18.994Z,8,98.98,8,100,62962,1025,61.97,62492,550,33.25,63492,79,4.78,1671,99,1654,4047,8,8
1668453821,2022-11-14 13:23:41 -0600,b65b0c39b045efcb7050239b0acaa96eb443b889,TX,48377,2,2022-11-09T01:00:00.000Z,FIPSCode,48377,0,2022-11-14T19:23:19.117Z,8,98.98,8,100,62962,1025,61.97,62492,550,33.25,63492,79,4.78,1671,99,1654,4047,8,8
1668453856,2022-11-14 13:24:16 -0600,54ee3d060a5ab45fc065245b2616d0315d8c606e,TX,48377,2,2022-11-09T01:00:00.000Z,FIPSCode,48377,0,2022-11-14T19:23:19.117Z,8,98.98,8,100,62962,1025,61.97,62492,550,33.25,63492,79,4.78,1671,99,1654,4047,8,8
1668453874,2022-11-14 13:24:34 -0600,174eb04166d35083715079d0f41fa84e7f6e5c42,TX,48377,2,2022-11-09T01:00:00.000Z,FIPSCode,48377,0,2022-11-14T19:23:19.117Z,8,98.98,8,100,62962,1025,61.97,62492,550,33.25,63492,79,4.78,1671,99,1654,4047,8,8
1668453906,2022-11-14 13:25:06 -0600,4a2065a6e46b7a0a48200fd1753f115aa7e77c44,TX,48377,2,2022-11-09T01:00:00.000Z,FIPSCode,48377,0,2022-11-14T19:23:19.117Z,8,98.98,8,100,62962,1025,61.97,62492,550,33.25,63492,79,4.78,1671,99,1654,4047,8,8
1668453929,2022-11-14 13:25:29 -0600,eb4e3f82a017d8a7a0324b8f4aae4134a048d29f,TX,48377,2,2022-11-09T01:00:00.000Z,FIPSCode,48377,0,2022-11-14T19:25:19.204Z,8,98.98,8,100,62962,1025,61.97,62492,550,33.25,63492,79,4.78,1671,99,1654,4047,8,8
1668453993,2022-11-14 13:26:33 -0600,3419722b8bc0d2cfceb6727d15ad710f99354f68,TX,48377,2,2022-11-09T01:00:00.000Z,FIPSCode,48377,0,2022-11-14T19:26:17.942Z,8,98.98,8,100,62962,1025,61.97,62492,550,33.25,63492,79,4.78,1671,99,1654,4047,8,8
1668454023,2022-11-14 13:27:03 -0600,528976d6070e3177eb89d8ed6e4c8b85e501f4ce,TX,48377,2,2022-11-09T01:00:00.000Z,FIPSCode,48377,0,2022-11-14T19:26:17.942Z,8,98.98,8,100,62962,1025,61.97,62492,550,33.25,63492,79,4.78,1671,99,1654,4047,8,8
1668454052,2022-11-14 13:27:32 -0600,ac12127601878dad0a71995a062156e7ddbcb136,TX,48377,2,2022-11-09T01:00:00.000Z,FIPSCode,48377,0,2022-11-14T19:27:19.144Z,8,98.98,8,100,62962,1025,61.97,62492,550,33.25,63492,79,4.78,1671,99,1654,4047,8,8
1668454083,2022-11-14 13:28:03 -0600,15ccf7e156e98aea4d460e7910ce272c3d4b22c3,TX,48377,2,2022-11-09T01:00:00.000Z,FIPSCode,48377,0,2022-11-14T19:27:19.144Z,8,98.98,8,100,62962,1025,61.97,62492,550,33.25,63492,79,4.78,1671,99,1654,4047,8,8
1668454109,2022-11-14 13:28:29 -0600,9c104403551c426d7f67e7c34fb7d39fe70d0abb,TX,48377,2,2022-11-09T01:00:00.000Z,FIPSCode,48377,0,2022-11-14T19:27:19.144Z,8,98.98,8,100,62962,1025,61.97,62492,550,33.25,63492,79,4.78,1671,99,1654,4047,8,8
1668454128,2022-11-14 13:28:48 -0600,7ba5fe24011c6d633c3e4a8c79bda5bace4c9533,TX,48377,2,2022-11-09T01:00:00.000Z,FIPSCode,48377,0,2022-11-14T19:27:19.144Z,8,98.98,8,100,62962,1025,61.97,62492,550,33.25,63492,79,4.78,1671,99,1654,4047,8,8
1668454141,2022-11-14 13:29:01 -0600,8696957bf9c86b83b469e3d1212f33858c432049,TX,48377,2,2022-11-09T01:00:00.000Z,FIPSCode,48377,0,2022-11-14T19:27:19.144Z,8,98.98,8,100,62962,1025,61.97,62492,550,33.25,63492,79,4.78,1671,99,1654,4047,8,8
1668454181,2022-11-14 13:29:41 -0600,d848c089d11eb6b72c53df1112f93e06344ec2ce,TX,48377,2,2022-11-09T01:00:00.000Z,FIPSCode,48377,0,2022-11-14T19:27:19.144Z,8,98.98,8,100,62962,1025,61.97,62492,550,33.25,63492,79,4.78,1671,99,1654,4047,8,8
1668454330,2022-11-14 13:32:10 -0600,28934c305bb0af5b9d8040777ab1e82a9266099f,TX,48377,2,2022-11-09T01:00:00.000Z,FIPSCode,48377,0,2022-11-14T19:27:19.144Z,8,98.98,8,100,62962,1025,61.97,62492,550,33.25,63492,79,4.78,1671,99,1654,4047,8,8
1668454390,2022-11-14 13:33:10 -0600,f91fe8c21042cff4ccb7c4463edc53cce7ed0193,TX,48377,2,2022-11-09T01:00:00.000Z,FIPSCode,48377,0,2022-11-14T19:27:19.144Z,8,98.98,8,100,62962,1025,61.97,62492,550,33.25,63492,79,4.78,1671,99,1654,4047,8,8
1668454417,2022-11-14 13:33:37 -0600,4881fe23de328553c73fe25a153e4dd48949bf82,TX,48377,2,2022-11-09T01:00:00.000Z,FIPSCode,48377,0,2022-11-14T19:27:19.144Z,8,98.98,8,100,62962,1025,61.97,62492,550,33.25,63492,79,4.78,1671,99,1654,4047,8,8
1668454442,2022-11-14 13:34:02 -0600,8c7d9e390798fa8a760c0519aea50968bce66c8a,TX,48377,2,2022-11-09T01:00:00.000Z,FIPSCode,48377,0,2022-11-14T19:27:19.144Z,8,98.98,8,100,62962,1025,61.97,62492,550,33.25,63492,79,4.78,1671,99,1654,4047,8,8
1668454459,2022-11-14 13:34:19 -0600,d3d824661d9752bcfc0b174e36e034f77919780b,TX,48377,2,2022-11-09T01:00:00.000Z,FIPSCode,48377,0,2022-11-14T19:27:19.144Z,8,98.98,8,100,62962,1025,61.97,62492,550,33.25,63492,79,4.78,1671,99,1654,4047,8,8
1668454488,2022-11-14 13:34:48 -0600,b5a67ab12d1ed3e7ef6e818b1f7743c8764787f9,TX,48377,2,2022-11-09T01:00:00.000Z,FIPSCode,48377,0,2022-11-14T19:27:19.144Z,8,98.98,8,100,62962,1025,61.97,62492,550,33.25,63492,79,4.78,1671,99,1654,4047,8,8
1668454517,2022-11-14 13:35:17 -0600,92dca4a6a41bdfbf4dd39f3edce1f36d86e79401,TX,48377,2,2022-11-09T01:00:00.000Z,FIPSCode,48377,0,2022-11-14T19:27:19.144Z,8,98.98,8,100,62962,1025,61.97,62492,550,33.25,63492,79,4.78,1671,99,1654,4047,8,8
1668454596,2022-11-14 13:36:36 -0600,2d0dc32bc9ae60ed2bf1142ae35261cdcb539dfa,TX,48377,2,2022-11-09T01:00:00.000Z,FIPSCode,48377,0,2022-11-14T19:27:19.144Z,8,98.98,8,100,62962,1025,61.97,62492,550,33.25,63492,79,4.78,1671,99,1654,4047,8,8
1668454628,2022-11-14 13:37:08 -0600,82c01cf12969b9e6e55ea362d376b5a46217cbb2,TX,48377,2,2022-11-09T01:00:00.000Z,FIPSCode,48377,0,2022-11-14T19:27:19.144Z,8,98.98,8,100,62962,1025,61.97,62492,550,33.25,63492,79,4.78,1671,99,1654,4047,8,8
1668454675,2022-11-14 13:37:55 -0600,86b6789a75571de604f001d3bf419feec390bea2,TX,48377,2,2022-11-09T01:00:00.000Z,FIPSCode,48377,0,2022-11-14T19:27:19.144Z,8,98.98,8,100,62962,1025,61.97,62492,550,33.25,63492,79,4.78,1671,99,1654,4047,8,8
1668454693,2022-11-14 13:38:13 -0600,cad41739407e82e6771821ba7ebcd69315f40233,TX,48377,2,2022-11-09T01:00:00.000Z,FIPSCode,48377,0,2022-11-14T19:27:19.144Z,8,98.98,8,100,62962,1025,61.97,62492,550,33.25,63492,79,4.78,1671,99,1654,4047,8,8
1668454716,2022-11-14 13:38:36 -0600,fde44a706f16c1f8dbe93dd9e77d0c8d02b24512,TX,48377,2,2022-11-09T01:00:00.000Z,FIPSCode,48377,0,2022-11-14T19:27:19.144Z,8,98.98,8,100,62962,1025,61.97,62492,550,33.25,63492,79,4.78,1671,99,1654,4047,8,8
1668454752,2022-11-14 13:39:12 -0600,846eda9d44ce64df73f38fbe0456cb753fe6d5eb,TX,48377,2,2022-11-09T01:00:00.000Z,FIPSCode,48377,0,2022-11-14T19:27:19.144Z,8,98.98,8,100,62962,1025,61.97,62492,550,33.25,63492,79,4.78,1671,99,1654,4047,8,8
1668454776,2022-11-14 13:39:36 -0600,2f73442850a44690873c6fad8074df759eb568fb,TX,48377,2,2022-11-09T01:00:00.000Z,FIPSCode,48377,0,2022-11-14T19:27:19.144Z,8,98.98,8,100,62962,1025,61.97,62492,550,33.25,63492,79,4.78,1671,99,1654,4047,8,8
1668454783,2022-11-14 13:39:43 -0600,4753540bdf6a608b797353791fed354bbd0e4e77,TX,48377,2,2022-11-09T01:00:00.000Z,FIPSCode,48377,0,2022-11-14T19:27:19.144Z,8,98.98,8,100,62962,1025,61.97,62492,550,33.25,63492,79,4.78,1671,99,1654,4047,8,8
1668454851,2022-11-14 13:40:51 -0600,5c4445db798d201d3766451b6554e35363b47322,TX,48377,2,2022-11-09T01:00:00.000Z,FIPSCode,48377,0,2022-11-14T19:27:19.144Z,8,98.98,8,100,62962,1025,61.97,62492,550,33.25,63492,79,4.78,1671,99,1654,4047,8,8
1668454869,2022-11-14 13:41:09 -0600,3007d8c9f5f22383320beeed6f1007e6cd95fc78,TX,48377,2,2022-11-09T01:00:00.000Z,FIPSCode,48377,0,2022-11-14T19:27:19.144Z,8,98.98,8,100,62962,1025,61.97,62492,550,33.25,63492,79,4.78,1671,99,1654,4047,8,8
1668454888,2022-11-14 13:41:28 -0600,1dda391b036587881e31261961baeacea706ca6a,TX,48377,2,2022-11-09T01:00:00.000Z,FIPSCode,48377,0,2022-11-14T19:27:19.144Z,8,98.98,8,100,62962,1025,61.97,62492,550,33.25,63492,79,4.78,1671,99,1654,4047,8,8
1668454900,2022-11-14 13:41:40 -0600,449815ded090d5bc4ffca224276f3e21cd02c79b,TX,48377,2,2022-11-09T01:00:00.000Z,FIPSCode,48377,0,2022-11-14T19:27:19.144Z,8,98.98,8,100,62962,1025,61.97,62492,550,33.25,63492,79,4.78,1671,99,1654,4047,8,8
1668454952,2022-11-14 13:42:32 -0600,0e1d27977fd1343e7f24e0385ff4466056caee70,TX,48377,2,2022-11-09T01:00:00.000Z,FIPSCode,48377,0,2022-11-14T19:27:19.144Z,8,98.98,8,100,62962,1025,61.97,62492,550,33.25,63492,79,4.78,1671,99,1654,4047,8,8
1668454969,2022-11-14 13:42:49 -0600,cf3a2b92ad3101ca6b5779e917dc883447331e2e,TX,48377,2,2022-11-09T01:00:00.000Z,FIPSCode,48377,0,2022-11-14T19:27:19.144Z,8,98.98,8,100,62962,1025,61.97,62492,550,33.25,63492,79,4.78,1671,99,1654,4047,8,8
1668454981,2022-11-14 13:43:01 -0600,4a6dade27f35ab9bdde59b564b95f90fe60bde69,TX,48377,2,2022-11-09T01:00:00.000Z,FIPSCode,48377,0,2022-11-14T19:27:19.144Z,8,98.98,8,100,62962,1025,61.97,62492,550,33.25,63492,79,4.78,1671,99,1654,4047,8,8
1668455010,2022-11-14 13:43:30 -0600,ca42f72c386b2c8152b65bd30f14b7aff3e5ac86,TX,48377,2,2022-11-09T01:00:00.000Z,FIPSCode,48377,0,2022-11-14T19:27:19.144Z,8,98.98,8,100,62962,1025,61.97,62492,550,33.25,63492,79,4.78,1671,99,1654,4047,8,8
1668455039,2022-11-14 13:43:59 -0600,67bfec56d8aea4199f8e4ebe668506b2bd6f5e42,TX,48377,2,2022-11-09T01:00:00.000Z,FIPSCode,48377,0,2022-11-14T19:27:19.144Z,8,98.98,8,100,62962,1025,61.97,62492,550,33.25,63492,79,4.78,1671,99,1654,4047,8,8
1668455076,2022-11-14 13:44:36 -0600,0ff59b9e821dbd169229ed473b3220c2b04e73a5,TX,48377,2,2022-11-09T01:00:00.000Z,FIPSCode,48377,0,2022-11-14T19:27:19.144Z,8,98.98,8,100,62962,1025,61.97,62492,550,33.25,63492,79,4.78,1671,99,1654,4047,8,8
1668455106,2022-11-14 13:45:06 -0600,688134d1c78a422e8f8f1b4b970a21d3b589c9a3,TX,48377,2,2022-11-09T01:00:00.000Z,FIPSCode,48377,0,2022-11-14T19:27:19.144Z,8,98.98,8,100,62962,1025,61.97,62492,550,33.25,63492,79,4.78,1671,99,1654,4047,8,8
1668455135,2022-11-14 13:45:35 -0600,40b352808c29b1d51f78a304c8f13cacbb13cff7,TX,48377,2,2022-11-09T01:00:00.000Z,FIPSCode,48377,0,2022-11-14T19:27:19.144Z,8,98.98,8,100,62962,1025,61.97,62492,550,33.25,63492,79,4.78,1671,99,1654,4047,8,8
1668455196,2022-11-14 13:46:36 -0600,af55dd7eadbc583cc47a8ac19c37a76bba5d3f98,TX,48377,2,2022-11-09T01:00:00.000Z,FIPSCode,48377,0,2022-11-14T19:27:19.144Z,8,98.98,8,100,62962,1025,61.97,62492,550,33.25,63492,79,4.78,1671,99,1654,4047,8,8
1668455213,2022-11-14 13:46:53 -0600,e79a4bc77957ac2de48cdcd1a9badf8e96de9a09,TX,48377,2,2022-11-09T01:00:00.000Z,FIPSCode,48377,0,2022-11-14T19:27:19.144Z,8,98.98,8,100,62962,1025,61.97,62492,550,33.25,63492,79,4.78,1671,99,1654,4047,8,8
1668455231,2022-11-14 13:47:11 -0600,243d709d92144c6d046ec58faba5954569ecaa02,TX,48377,2,2022-11-09T01:00:00.000Z,FIPSCode,48377,0,2022-11-14T19:27:19.144Z,8,98.98,8,100,62962,1025,61.97,62492,550,33.25,63492,79,4.78,1671,99,1654,4047,8,8
1668455296,2022-11-14 13:48:16 -0600,1064f76bf80f72b4370350e230891b9b791eb27c,TX,48377,2,2022-11-09T01:00:00.000Z,FIPSCode,48377,0,2022-11-14T19:27:19.144Z,8,98.98,8,100,62962,1025,61.97,62492,550,33.25,63492,79,4.78,1671,99,1654,4047,8,8
1668455314,2022-11-14 13:48:34 -0600,7ea2b7eb617b927f35b8f1b781219ca4825361ab,TX,48377,2,2022-11-09T01:00:00.000Z,FIPSCode,48377,0,2022-11-14T19:27:19.144Z,8,98.98,8,100,62962,1025,61.97,62492,550,33.25,63492,79,4.78,1671,99,1654,4047,8,8
1668455349,2022-11-14 13:49:09 -0600,cf32bf35951c63a9687e52240a2d47606b61ce84,TX,48377,2,2022-11-09T01:00:00.000Z,FIPSCode,48377,0,2022-11-14T19:27:19.144Z,8,98.98,8,100,62962,1025,61.97,62492,550,33.25,63492,79,4.78,1671,99,1654,4047,8,8
1668455372,2022-11-14 13:49:32 -0600,6479724e952658aa62108bcd8f18e5ebbf34ddb3,TX,48377,2,2022-11-09T01:00:00.000Z,FIPSCode,48377,0,2022-11-14T19:27:19.144Z,8,98.98,8,100,62962,1025,61.97,62492,550,33.25,63492,79,4.78,1671,99,1654,4047,8,8
1668455400,2022-11-14 13:50:00 -0600,70fd0128057fa200a742fff1cfb32fc32cc37b24,TX,48377,2,2022-11-09T01:00:00.000Z,FIPSCode,48377,0,2022-11-14T19:27:19.144Z,8,98.98,8,100,62962,1025,61.97,62492,550,33.25,63492,79,4.78,1671,99,1654,4047,8,8
1668455429,2022-11-14 13:50:29 -0600,d5b83bfff89e59e1849921fedc03dd9f00cbd413,TX,48377,2,2022-11-09T01:00:00.000Z,FIPSCode,48377,0,2022-11-14T19:27:19.144Z,8,98.98,8,100,62962,1025,61.97,62492,550,33.25,63492,79,4.78,1671,99,1654,4047,8,8
1668455441,2022-11-14 13:50:41 -0600,a29f41d6de7e7f0dc09e34a87b73e0bb6f43b38f,TX,48377,2,2022-11-09T01:00:00.000Z,FIPSCode,48377,0,2022-11-14T19:27:19.144Z,8,98.98,8,100,62962,1025,61.97,62492,550,33.25,63492,79,4.78,1671,99,1654,4047,8,8
1668455489,2022-11-14 13:51:29 -0600,23bb5e220bbd4205dbcfb14a28b968986a1224bc,TX,48377,2,2022-11-09T01:00:00.000Z,FIPSCode,48377,0,2022-11-14T19:27:19.144Z,8,98.98,8,100,62962,1025,61.97,62492,550,33.25,63492,79,4.78,1671,99,1654,4047,8,8
1668455500,2022-11-14 13:51:40 -0600,05495df35c1374dbe8c73fc56a90a54449df3629,TX,48377,2,2022-11-09T01:00:00.000Z,FIPSCode,48377,0,2022-11-14T19:27:19.144Z,8,98.98,8,100,62962,1025,61.97,62492,550,33.25,63492,79,4.78,1671,99,1654,4047,8,8
1668455518,2022-11-14 13:51:58 -0600,3dd4204ec5b37f805cc68d9b318289f366cc09e8,TX,48377,2,2022-11-09T01:00:00.000Z,FIPSCode,48377,0,2022-11-14T19:27:19.144Z,8,98.98,8,100,62962,1025,61.97,62492,550,33.25,63492,79,4.78,1671,99,1654,4047,8,8
1668455552,2022-11-14 13:52:32 -0600,840813ae8bdd15fcc718a185802797bc1d50d47c,TX,48377,2,2022-11-09T01:00:00.000Z,FIPSCode,48377,0,2022-11-14T19:27:19.144Z,8,98.98,8,100,62962,1025,61.97,62492,550,33.25,63492,79,4.78,1671,99,1654,4047,8,8
1668455590,2022-11-14 13:53:10 -0600,2db0a0684511cdc49eab83b56ba668782a88f450,TX,48377,2,2022-11-09T01:00:00.000Z,FIPSCode,48377,0,2022-11-14T19:27:19.144Z,8,98.98,8,100,62962,1025,61.97,62492,550,33.25,63492,79,4.78,1671,99,1654,4047,8,8
1668455613,2022-11-14 13:53:33 -0600,002b4f1d144b22b1a9a4b3a6d2d4a80bd63aaacd,TX,48377,2,2022-11-09T01:00:00.000Z,FIPSCode,48377,0,2022-11-14T19:27:19.144Z,8,98.98,8,100,62962,1025,61.97,62492,550,33.25,63492,79,4.78,1671,99,1654,4047,8,8
1668455648,2022-11-14 13:54:08 -0600,c08179aee4381f1230c58e7ce655b9f063e1d0e5,TX,48377,2,2022-11-09T01:00:00.000Z,FIPSCode,48377,0,2022-11-14T19:27:19.144Z,8,98.98,8,100,62962,1025,61.97,62492,550,33.25,63492,79,4.78,1671,99,1654,4047,8,8
1668455670,2022-11-14 13:54:30 -0600,8c7677dc95df23d788c49c20919c6ff574b72ac9,TX,48377,2,2022-11-09T01:00:00.000Z,FIPSCode,48377,0,2022-11-14T19:27:19.144Z,8,98.98,8,100,62962,1025,61.97,62492,550,33.25,63492,79,4.78,1671,99,1654,4047,8,8
1668455676,2022-11-14 13:54:36 -0600,4f8e1737b4a4fd519e69777cc9b17dbfb42b1a1f,TX,48377,2,2022-11-09T01:00:00.000Z,FIPSCode,48377,0,2022-11-14T19:27:19.144Z,8,98.98,8,100,62962,1025,61.97,62492,550,33.25,63492,79,4.78,1671,99,1654,4047,8,8
1668455727,2022-11-14 13:55:27 -0600,6efe3211958898f1d810eec89545c720068d0ae8,TX,48377,2,2022-11-09T01:00:00.000Z,FIPSCode,48377,0,2022-11-14T19:27:19.144Z,8,98.98,8,100,62962,1025,61.97,62492,550,33.25,63492,79,4.78,1671,99,1654,4047,8,8
1668455739,2022-11-14 13:55:39 -0600,63d9ff5d111beb57d0d4a7de5b14d95d37557f13,TX,48377,2,2022-11-09T01:00:00.000Z,FIPSCode,48377,0,2022-11-14T19:27:19.144Z,8,98.98,8,100,62962,1025,61.97,62492,550,33.25,63492,79,4.78,1671,99,1654,4047,8,8
1668455758,2022-11-14 13:55:58 -0600,97c2fd255d942799a6b4a857370163575fe50a44,TX,48377,2,2022-11-09T01:00:00.000Z,FIPSCode,48377,0,2022-11-14T19:27:19.144Z,8,98.98,8,100,62962,1025,61.97,62492,550,33.25,63492,79,4.78,1671,99,1654,4047,8,8
1668455794,2022-11-14 13:56:34 -0600,ae2d64d85989e0dec42b8f9b85cd97ed585ea240,TX,48377,2,2022-11-09T01:00:00.000Z,FIPSCode,48377,0,2022-11-14T19:27:19.144Z,8,98.98,8,100,62962,1025,61.97,62492,550,33.25,63492,79,4.78,1671,99,1654,4047,8,8
1668455838,2022-11-14 13:57:18 -0600,f46578eea2e698f2e9e2b7b392cb5e18bdfa39ab,TX,48377,2,2022-11-09T01:00:00.000Z,FIPSCode,48377,0,2022-11-14T19:27:19.144Z,8,98.98,8,100,62962,1025,61.97,62492,550,33.25,63492,79,4.78,1671,99,1654,4047,8,8
1668455861,2022-11-14 13:57:41 -0600,c6254434fd7cb39f75e5b9b02544dd2424071272,TX,48377,2,2022-11-09T01:00:00.000Z,FIPSCode,48377,0,2022-11-14T19:27:19.144Z,8,98.98,8,100,62962,1025,61.97,62492,550,33.25,63492,79,4.78,1671,99,1654,4047,8,8
1668455884,2022-11-14 13:58:04 -0600,6515d753bce06fb1eb4926c5441fe221bfce7bc0,TX,48377,2,2022-11-09T01:00:00.000Z,FIPSCode,48377,0,2022-11-14T19:27:19.144Z,8,98.98,8,100,62962,1025,61.97,62492,550,33.25,63492,79,4.78,1671,99,1654,4047,8,8
1668455930,2022-11-14 13:58:50 -0600,1ebbeca1330d4bb1ed7913343533a86489818fe9,TX,48377,2,2022-11-09T01:00:00.000Z,FIPSCode,48377,0,2022-11-14T19:27:19.144Z,8,98.98,8,100,62962,1025,61.97,62492,550,33.25,63492,79,4.78,1671,99,1654,4047,8,8
1668455980,2022-11-14 13:59:40 -0600,206d50c897f8bf6a1765efef7bc22509847067d2,TX,48377,2,2022-11-09T01:00:00.000Z,FIPSCode,48377,0,2022-11-14T19:27:19.144Z,8,98.98,8,100,62962,1025,61.97,62492,550,33.25,63492,79,4.78,1671,99,1654,4047,8,8
1668456045,2022-11-14 14:00:45 -0600,8d022f637e53a29108c162aca1c239529c821c1b,TX,48377,2,2022-11-09T01:00:00.000Z,FIPSCode,48377,0,2022-11-14T19:27:19.144Z,8,98.98,8,100,62962,1025,61.97,62492,550,33.25,63492,79,4.78,1671,99,1654,4047,8,8
1668456099,2022-11-14 14:01:39 -0600,6281db31d288dfb52dd1fb3e87f8af247c813ff7,TX,48377,2,2022-11-09T01:00:00.000Z,FIPSCode,48377,0,2022-11-14T19:27:19.144Z,8,98.98,8,100,62962,1025,61.97,62492,550,33.25,63492,79,4.78,1671,99,1654,4047,8,8
1668456154,2022-11-14 14:02:34 -0600,5a34b3309f4a7094ecac8207893d783ed5a2e164,TX,48377,2,2022-11-09T01:00:00.000Z,FIPSCode,48377,0,2022-11-14T19:27:19.144Z,8,98.98,8,100,62962,1025,61.97,62492,550,33.25,63492,79,4.78,1671,99,1654,4047,8,8
1668456217,2022-11-14 14:03:37 -0600,dedd18f6410273ac80dab255e73efb0bdb775950,TX,48377,2,2022-11-09T01:00:00.000Z,FIPSCode,48377,0,2022-11-14T19:27:19.144Z,8,98.98,8,100,62962,1025,61.97,62492,550,33.25,63492,79,4.78,1671,99,1654,4047,8,8
1668456223,2022-11-14 14:03:43 -0600,a17c1f5c857c0bdc99e11e083577bca0b11e86dc,TX,48377,2,2022-11-09T01:00:00.000Z,FIPSCode,48377,0,2022-11-14T19:27:19.144Z,8,98.98,8,100,62962,1025,61.97,62492,550,33.25,63492,79,4.78,1671,99,1654,4047,8,8
1668456242,2022-11-14 14:04:02 -0600,eea36b4280d616000dcd8ef2dd88db5db105f761,TX,48377,2,2022-11-09T01:00:00.000Z,FIPSCode,48377,0,2022-11-14T20:03:36.031Z,8,98.98,8,100,62962,1025,61.97,62492,550,33.25,63492,79,4.78,1671,99,1654,4047,8,8
1668456277,2022-11-14 14:04:37 -0600,031681f974cc78281f4dbd117d0aae184587ef0f,TX,48377,2,2022-11-09T01:00:00.000Z,FIPSCode,48377,0,2022-11-14T20:04:18.051Z,8,98.98,8,100,62962,1025,61.97,62492,550,33.25,63492,79,4.78,1671,99,1654,4047,8,8
1668456313,2022-11-14 14:05:13 -0600,2aaa8eab94d80ea3c8152bb9059be83b69903774,TX,48377,2,2022-11-09T01:00:00.000Z,FIPSCode,48377,0,2022-11-14T20:04:18.051Z,8,98.98,8,100,62962,1025,61.97,62492,550,33.25,63492,79,4.78,1671,99,1654,4047,8,8
1668456337,2022-11-14 14:05:37 -0600,043d58ed701e4bf70e52f373965cab855522c964,TX,48377,2,2022-11-09T01:00:00.000Z,FIPSCode,48377,0,2022-11-14T20:05:19.776Z,8,98.98,8,100,62962,1025,61.97,62492,550,33.25,63492,79,4.78,1671,99,1654,4047,8,8
1668456401,2022-11-14 14:06:41 -0600,ce3775939d5746cc7a58501c9dc51e64c13b7e15,TX,48377,2,2022-11-09T01:00:00.000Z,FIPSCode,48377,0,2022-11-14T20:05:19.776Z,8,98.98,8,100,62962,1025,61.97,62492,550,33.25,63492,79,4.78,1671,99,1654,4047,8,8
1668456459,2022-11-14 14:07:39 -0600,69acad45e4101b5ae0e38e342a3098833f161f63,TX,48377,2,2022-11-09T01:00:00.000Z,FIPSCode,48377,0,2022-11-14T20:05:19.776Z,8,98.98,8,100,62962,1025,61.97,62492,550,33.25,63492,79,4.78,1671,99,1654,4047,8,8
1668456500,2022-11-14 14:08:20 -0600,f796470f0dbabf91eae1ae31dfc823df66e84e65,TX,48377,2,2022-11-09T01:00:00.000Z,FIPSCode,48377,0,2022-11-14T20:05:19.776Z,8,98.98,8,100,62962,1025,61.97,62492,550,33.25,63492,79,4.78,1671,99,1654,4047,8,8
1668456518,2022-11-14 14:08:38 -0600,526b12de0e0b4191715c4903a565850bd4eab37a,TX,48377,2,2022-11-09T01:00:00.000Z,FIPSCode,48377,0,2022-11-14T20:05:19.776Z,8,98.98,8,100,62962,1025,61.97,62492,550,33.25,63492,79,4.78,1671,99,1654,4047,8,8
1668456554,2022-11-14 14:09:14 -0600,02cd6d2ae20a7d2760b3e3a67bd056e964c4cbad,TX,48377,2,2022-11-09T01:00:00.000Z,FIPSCode,48377,0,2022-11-14T20:05:19.776Z,8,98.98,8,100,62962,1025,61.97,62492,550,33.25,63492,79,4.78,1671,99,1654,4047,8,8
1668456589,2022-11-14 14:09:49 -0600,f5bdee0f16d15ac5f41bc2820c52fbc763329583,TX,48377,2,2022-11-09T01:00:00.000Z,FIPSCode,48377,0,2022-11-14T20:05:19.776Z,8,98.98,8,100,62962,1025,61.97,62492,550,33.25,63492,79,4.78,1671,99,1654,4047,8,8
1668456602,2022-11-14 14:10:02 -0600,3233ea3e5349905f32d7b57ac6a9156787407ef3,TX,48377,2,2022-11-09T01:00:00.000Z,FIPSCode,48377,0,2022-11-14T20:05:19.776Z,8,98.98,8,100,62962,1025,61.97,62492,550,33.25,63492,79,4.78,1671,99,1654,4047,8,8
1668456637,2022-11-14 14:10:37 -0600,6ede2cbabfde06a17d584100f2a2ec29d4775d03,TX,48377,2,2022-11-09T01:00:00.000Z,FIPSCode,48377,0,2022-11-14T20:05:19.776Z,8,98.98,8,100,62962,1025,61.97,62492,550,33.25,63492,79,4.78,1671,99,1654,4047,8,8
1668456666,2022-11-14 14:11:06 -0600,2b3a9ef3abb085ee6a43e2a9af0eccf184daac2e,TX,48377,2,2022-11-09T01:00:00.000Z,FIPSCode,48377,0,2022-11-14T20:05:19.776Z,8,98.98,8,100,62962,1025,61.97,62492,550,33.25,63492,79,4.78,1671,99,1654,4047,8,8
1668456694,2022-11-14 14:11:34 -0600,48477c41bcf4c82ee54987e79f5356f80d135412,TX,48377,2,2022-11-09T01:00:00.000Z,FIPSCode,48377,0,2022-11-14T20:05:19.776Z,8,98.98,8,100,62962,1025,61.97,62492,550,33.25,63492,79,4.78,1671,99,1654,4047,8,8
1668456723,2022-11-14 14:12:03 -0600,c944458c2303c88c729bfa01ef4473bbe831d426,TX,48377,2,2022-11-09T01:00:00.000Z,FIPSCode,48377,0,2022-11-14T20:05:19.776Z,8,98.98,8,100,62962,1025,61.97,62492,550,33.25,63492,79,4.78,1671,99,1654,4047,8,8
1668456773,2022-11-14 14:12:53 -0600,7039d0513e805a6f058a9cf2bd0c7e5df618041e,TX,48377,2,2022-11-09T01:00:00.000Z,FIPSCode,48377,0,2022-11-14T20:05:19.776Z,8,98.98,8,100,62962,1025,61.97,62492,550,33.25,63492,79,4.78,1671,99,1654,4047,8,8
1668456791,2022-11-14 14:13:11 -0600,62e14952a5dfdacbec9e02a54d7eb64b215fdb35,TX,48377,2,2022-11-09T01:00:00.000Z,FIPSCode,48377,0,2022-11-14T20:05:19.776Z,8,98.98,8,100,62962,1025,61.97,62492,550,33.25,63492,79,4.78,1671,99,1654,4047,8,8
1668456823,2022-11-14 14:13:43 -0600,7676f12b412c19b00c10b9871295d60dc721938e,TX,48377,2,2022-11-09T01:00:00.000Z,FIPSCode,48377,0,2022-11-14T20:05:19.776Z,8,98.98,8,100,62962,1025,61.97,62492,550,33.25,63492,79,4.78,1671,99,1654,4047,8,8
1668456835,2022-11-14 14:13:55 -0600,a4e7ad9d12ab3b68f891dcf21832a3e2db0c7116,TX,48377,2,2022-11-09T01:00:00.000Z,FIPSCode,48377,0,2022-11-14T20:05:19.776Z,8,98.98,8,100,62962,1025,61.97,62492,550,33.25,63492,79,4.78,1671,99,1654,4047,8,8
1668456880,2022-11-14 14:14:40 -0600,8ce7c128b9e2d7da9f99b6048c9f0cf2bbd684d6,TX,48377,2,2022-11-09T01:00:00.000Z,FIPSCode,48377,0,2022-11-14T20:05:19.776Z,8,98.98,8,100,62962,1025,61.97,62492,550,33.25,63492,79,4.78,1671,99,1654,4047,8,8
1668456909,2022-11-14 14:15:09 -0600,f586ca12b826093e99fe5fbd31e13152624711cf,TX,48377,2,2022-11-09T01:00:00.000Z,FIPSCode,48377,0,2022-11-14T20:05:19.776Z,8,98.98,8,100,62962,1025,61.97,62492,550,33.25,63492,79,4.78,1671,99,1654,4047,8,8
1668456939,2022-11-14 14:15:39 -0600,e8876f381dabacd8b553b1e29ebb67c9fb900796,TX,48377,2,2022-11-09T01:00:00.000Z,FIPSCode,48377,0,2022-11-14T20:05:19.776Z,8,98.98,8,100,62962,1025,61.97,62492,550,33.25,63492,79,4.78,1671,99,1654,4047,8,8
1668456957,2022-11-14 14:15:57 -0600,6d3080f086e985fe6bac7130c73e899acce35d11,TX,48377,2,2022-11-09T01:00:00.000Z,FIPSCode,48377,0,2022-11-14T20:05:19.776Z,8,98.98,8,100,62962,1025,61.97,62492,550,33.25,63492,79,4.78,1671,99,1654,4047,8,8
1668456999,2022-11-14 14:16:39 -0600,539a548894927eb464166585f7348b5fb081c84b,TX,48377,2,2022-11-09T01:00:00.000Z,FIPSCode,48377,0,2022-11-14T20:05:19.776Z,8,98.98,8,100,62962,1025,61.97,62492,550,33.25,63492,79,4.78,1671,99,1654,4047,8,8
1668457013,2022-11-14 14:16:53 -0600,d1def6a05c14c28975969bf69f67d5316ff27ffb,TX,48377,2,2022-11-09T01:00:00.000Z,FIPSCode,48377,0,2022-11-14T20:05:19.776Z,8,98.98,8,100,62962,1025,61.97,62492,550,33.25,63492,79,4.78,1671,99,1654,4047,8,8
1668457051,2022-11-14 14:17:31 -0600,07b0bccb09b5a8a206c4ddf91fb11f08c04f12d8,TX,48377,2,2022-11-09T01:00:00.000Z,FIPSCode,48377,0,2022-11-14T20:05:19.776Z,8,98.98,8,100,62962,1025,61.97,62492,550,33.25,63492,79,4.78,1671,99,1654,4047,8,8
1668457081,2022-11-14 14:18:01 -0600,7ef5a861cb16ff46c632e30fe7e9362f1dae1fac,TX,48377,2,2022-11-09T01:00:00.000Z,FIPSCode,48377,0,2022-11-14T20:05:19.776Z,8,98.98,8,100,62962,1025,61.97,62492,550,33.25,63492,79,4.78,1671,99,1654,4047,8,8
1668457115,2022-11-14 14:18:35 -0600,6f419554b15dbcf329704ec132180d22b483a78d,TX,48377,2,2022-11-09T01:00:00.000Z,FIPSCode,48377,0,2022-11-14T20:05:19.776Z,8,98.98,8,100,62962,1025,61.97,62492,550,33.25,63492,79,4.78,1671,99,1654,4047,8,8
1668457133,2022-11-14 14:18:53 -0600,92f2c9b1f5c34ddc2bd37e38313ac3d92ec0caaf,TX,48377,2,2022-11-09T01:00:00.000Z,FIPSCode,48377,0,2022-11-14T20:05:19.776Z,8,98.98,8,100,62962,1025,61.97,62492,550,33.25,63492,79,4.78,1671,99,1654,4047,8,8
1668457146,2022-11-14 14:19:06 -0600,34e547e00ac6f8d5653d8dc15a1bd35236dc9718,TX,48377,2,2022-11-09T01:00:00.000Z,FIPSCode,48377,0,2022-11-14T20:05:19.776Z,8,98.98,8,100,62962,1025,61.97,62492,550,33.25,63492,79,4.78,1671,99,1654,4047,8,8
1668457171,2022-11-14 14:19:31 -0600,f0f876b54f1bd6c346e98b9f70cf361933d0b2ec,TX,48377,2,2022-11-09T01:00:00.000Z,FIPSCode,48377,0,2022-11-14T20:05:19.776Z,8,98.98,8,100,62962,1025,61.97,62492,550,33.25,63492,79,4.78,1671,99,1654,4047,8,8
1668457205,2022-11-14 14:20:05 -0600,a33556c5ee378c71c76db4bafc0d4d4065a2f30b,TX,48377,2,2022-11-09T01:00:00.000Z,FIPSCode,48377,0,2022-11-14T20:05:19.776Z,8,98.98,8,100,62962,1025,61.97,62492,550,33.25,63492,79,4.78,1671,99,1654,4047,8,8
1668457233,2022-11-14 14:20:33 -0600,6a56404d7e21af17515a6649609b605541ec76e6,TX,48377,2,2022-11-09T01:00:00.000Z,FIPSCode,48377,0,2022-11-14T20:05:19.776Z,8,98.98,8,100,62962,1025,61.97,62492,550,33.25,63492,79,4.78,1671,99,1654,4047,8,8
1668457376,2022-11-14 14:22:56 -0600,c8d977354e237591d1b673fcae71d3706dd342cd,TX,48377,2,2022-11-09T01:00:00.000Z,FIPSCode,48377,0,2022-11-14T20:05:19.776Z,8,98.98,8,100,62962,1025,61.97,62492,550,33.25,63492,79,4.78,1671,99,1654,4047,8,8
1669826343,2022-11-30 10:39:03 -0600,42e70f646251b307c20b2047fc570da46557b2c8,TX,48377,2,2022-11-09T01:00:00.000Z,FIPSCode,48377,0,2022-11-30T16:38:16.987Z,8,100.0,8,100,62962,1025,61.97,62492,550,33.25,63492,79,4.78,1654,100,1654,4047,8,8
1669826378,2022-11-30 10:39:38 -0600,6bb42d111df6bde40607b171d9153e1b4014f524,TX,48377,2,2022-11-09T01:00:00.000Z,FIPSCode,48377,0,2022-11-30T16:38:16.987Z,8,100.0,8,100,62962,1025,61.97,62492,550,33.25,63492,79,4.78,1654,100,1654,4047,8,8
1669827719,2022-11-30 11:01:59 -0600,f977d46cb6243ae0994959585051d99b0c0ac539,TX,48377,2,2022-11-09T01:00:00.000Z,FIPSCode,48377,0,2022-11-30T17:01:04.672Z,8,100.0,8,100,62962,1025,61.97,62492,550,33.25,63492,79,4.78,1654,100,1654,4047,8,8
1669827745,2022-11-30 11:02:25 -0600,ff53dabd6eff8bfd3ceb72c6bc22930245283503,TX,48377,2,2022-11-09T01:00:00.000Z,FIPSCode,48377,0,2022-11-30T17:01:04.672Z,8,100.0,8,100,62962,1025,61.97,62492,550,33.25,63492,79,4.78,1654,100,1654,4047,8,8
