captureTimestamp,captureDateTime,captureRevision,statePostal,reportingunitID,reportingunitLevel,pollClosingTime,level,fipsCode,electTotal,lastUpdated,precinctsReporting,eevp,precinctsTotal,precinctsReportingPct,candidates.0.candidateID,candidates.0.voteCount,candidates.0.votePct,candidates.1.candidateID,candidates.1.voteCount,candidates.1.votePct,parameters.vote.expected.actual,parameters.vote.expected.eevpCap,parameters.vote.total,parameters.vote.registered,parameters.precinctsReportingActual,parameters.precinctsReportingProportional
1667886761,2022-11-08 05:52:41 +0000,454ce019f86614717daba988180b8577e032630f,MI,26115,2,2022-11-09T01:00:00.000Z,FIPSCode,26115,0,2022-11-07T21:19:59.081Z,0,0.0,64,0.0,38018,0,0.0,38019,0,0.0,72833,99,0,133349,0,0
1667944347,2022-11-08 21:52:27 +0000,05a3e91e497cb8d3251b3f2f481fd479b6ed8cc7,MI,26115,2,2022-11-09T01:00:00.000Z,FIPSCode,26115,0,2022-11-08T18:57:29.722Z,0,0.0,64,0.0,38018,0,0.0,38019,0,0.0,72833,99,0,133349,0,0
1667956272,2022-11-09 01:11:12 +0000,e9730fe8cd073de363599251493da8f113e7bb60,MI,26115,2,2022-11-09T01:00:00.000Z,FIPSCode,26115,0,2022-11-08T18:57:29.722Z,0,0.0,64,0.0,38018,0,0.0,38019,0,0.0,72833,99,0,133349,0,0
1667957993,2022-11-09 01:39:53 +0000,af6b7ce58befb45bf1dd57f93615d5da519d3770,MI,26115,2,2022-11-09T01:00:00.000Z,FIPSCode,26115,0,2022-11-09T01:06:41.196Z,0,0.0,64,0.0,38018,0,0.0,38019,0,0.0,72833,99,0,133349,0,0
1667958273,2022-11-09 01:44:33 +0000,4199c67ba64ae17927c85a89877c89e59a577ae0,MI,26115,2,2022-11-09T01:00:00.000Z,FIPSCode,26115,0,2022-11-09T01:06:41.196Z,0,0.0,64,0.0,38018,0,0.0,38019,0,0.0,72833,99,0,133349,0,0
1667958559,2022-11-09 01:49:19 +0000,0a6694bb1cdd9734aff1178f6a5894d33a1a95cc,MI,26115,2,2022-11-09T01:00:00.000Z,FIPSCode,26115,0,2022-11-09T01:06:41.196Z,0,0.0,64,0.0,38018,0,0.0,38019,0,0.0,72833,99,0,133349,0,0
1667959124,2022-11-09 01:58:44 +0000,ebdb2f4efab49b8071a842b145008e58069ff969,MI,26115,2,2022-11-09T01:00:00.000Z,FIPSCode,26115,0,2022-11-09T01:06:41.196Z,0,0.0,64,0.0,38018,0,0.0,38019,0,0.0,72833,99,0,133349,0,0
1667959410,2022-11-09 02:03:30 +0000,98a277291480f2bee1271d939218798a5aa6ad2a,MI,26115,2,2022-11-09T01:00:00.000Z,FIPSCode,26115,0,2022-11-09T01:06:41.196Z,0,0.0,64,0.0,38018,0,0.0,38019,0,0.0,72833,99,0,133349,0,0
1667959699,2022-11-09 02:08:19 +0000,204acec220204cf7636f9483a8300da582a314fa,MI,26115,2,2022-11-09T01:00:00.000Z,FIPSCode,26115,0,2022-11-09T01:06:41.196Z,0,0.0,64,0.0,38018,0,0.0,38019,0,0.0,72833,99,0,133349,0,0
1667959981,2022-11-09 02:13:01 +0000,f7108f15221a3f4ac4310e0ba678593081137a5c,MI,26115,2,2022-11-09T01:00:00.000Z,FIPSCode,26115,0,2022-11-09T01:06:41.196Z,0,0.0,64,0.0,38018,0,0.0,38019,0,0.0,72833,99,0,133349,0,0
1667960264,2022-11-09 02:17:44 +0000,e239f4bcca07deff3069ebbdd016fa8b8d41d752,MI,26115,2,2022-11-09T01:00:00.000Z,FIPSCode,26115,0,2022-11-09T01:06:41.196Z,0,0.0,64,0.0,38018,0,0.0,38019,0,0.0,72833,99,0,133349,0,0
1667960540,2022-11-09 02:22:20 +0000,8f457dad835364421624abf7a3b05a9acf49f0bd,MI,26115,2,2022-11-09T01:00:00.000Z,FIPSCode,26115,0,2022-11-09T01:06:41.196Z,0,0.0,64,0.0,38018,0,0.0,38019,0,0.0,72833,99,0,133349,0,0
1667960816,2022-11-09 02:26:56 +0000,8a1624065b18c7c6c4408259c296b51116c46c3f,MI,26115,2,2022-11-09T01:00:00.000Z,FIPSCode,26115,0,2022-11-09T01:06:41.196Z,0,0.0,64,0.0,38018,0,0.0,38019,0,0.0,72833,99,0,133349,0,0
1667961093,2022-11-09 02:31:33 +0000,1ec6490691d550bb25c67a95029d41260dad9223,MI,26115,2,2022-11-09T01:00:00.000Z,FIPSCode,26115,0,2022-11-09T01:06:41.196Z,0,0.0,64,0.0,38018,0,0.0,38019,0,0.0,72833,99,0,133349,0,0
1667961378,2022-11-09 02:36:18 +0000,38867b5c6238941f5844472df77322f71d62b761,MI,26115,2,2022-11-09T01:00:00.000Z,FIPSCode,26115,0,2022-11-09T01:06:41.196Z,0,0.0,64,0.0,38018,0,0.0,38019,0,0.0,72833,99,0,133349,0,0
1667961709,2022-11-09 02:41:49 +0000,0f04550731ed05e8c23b521fa0b273774c5a4a51,MI,26115,2,2022-11-09T01:00:00.000Z,FIPSCode,26115,0,2022-11-09T01:06:41.196Z,0,0.0,64,0.0,38018,0,0.0,38019,0,0.0,72833,99,0,133349,0,0
1667961990,2022-11-09 02:46:30 +0000,34fd47cd084122fe0c5fed09f89e8cc11319e728,MI,26115,2,2022-11-09T01:00:00.000Z,FIPSCode,26115,0,2022-11-09T01:06:41.196Z,0,0.0,64,0.0,38018,0,0.0,38019,0,0.0,72833,99,0,133349,0,0
1667962272,2022-11-09 02:51:12 +0000,22cc2cb364805735e8373437043abe797d3cbbf4,MI,26115,2,2022-11-09T01:00:00.000Z,FIPSCode,26115,0,2022-11-09T01:06:41.196Z,0,0.0,64,0.0,38018,0,0.0,38019,0,0.0,72833,99,0,133349,0,0
1667962555,2022-11-09 02:55:55 +0000,84c8aec46b0824d2dabb875d986800c8bb475bfb,MI,26115,2,2022-11-09T01:00:00.000Z,FIPSCode,26115,0,2022-11-09T01:06:41.196Z,0,0.0,64,0.0,38018,0,0.0,38019,0,0.0,72833,99,0,133349,0,0
1667962837,2022-11-09 03:00:37 +0000,d57fedbb0cf82cf130c9d008e459203d23c317e0,MI,26115,2,2022-11-09T01:00:00.000Z,FIPSCode,26115,0,2022-11-09T01:06:41.196Z,0,0.0,64,0.0,38018,0,0.0,38019,0,0.0,72833,99,0,133349,0,0
1667963111,2022-11-09 03:05:11 +0000,e819c6c0592b367c01eebbb86e897f39b2d774d1,MI,26115,2,2022-11-09T01:00:00.000Z,FIPSCode,26115,0,2022-11-09T01:06:41.196Z,0,0.0,64,0.0,38018,0,0.0,38019,0,0.0,72833,99,0,133349,0,0
1667963396,2022-11-09 03:09:56 +0000,6a46c0776c43a17d759f81499ba9ed2e8d7622fc,MI,26115,2,2022-11-09T01:00:00.000Z,FIPSCode,26115,0,2022-11-09T01:06:41.196Z,0,0.0,64,0.0,38018,0,0.0,38019,0,0.0,72833,99,0,133349,0,0
1667963668,2022-11-09 03:14:28 +0000,504ec01bb7ea4ec861b67f44aa636e0055b5ba3d,MI,26115,2,2022-11-09T01:00:00.000Z,FIPSCode,26115,0,2022-11-09T01:06:41.196Z,0,0.0,64,0.0,38018,0,0.0,38019,0,0.0,72833,99,0,133349,0,0
1667963936,2022-11-09 03:18:56 +0000,05b874b27e9d0f9fdd5056261aa4b35a7cfd0586,MI,26115,2,2022-11-09T01:00:00.000Z,FIPSCode,26115,0,2022-11-09T01:06:41.196Z,0,0.0,64,0.0,38018,0,0.0,38019,0,0.0,72833,99,0,133349,0,0
1667964227,2022-11-09 03:23:47 +0000,1cb90b95cdd6c1be23968f2b7d9618a95c5a5ad9,MI,26115,2,2022-11-09T01:00:00.000Z,FIPSCode,26115,0,2022-11-09T01:06:41.196Z,0,0.0,64,0.0,38018,0,0.0,38019,0,0.0,72833,99,0,133349,0,0
1667964559,2022-11-09 03:29:19 +0000,9953e63a0357b9189618b1f7ef238581cfdffcbb,MI,26115,2,2022-11-09T01:00:00.000Z,FIPSCode,26115,0,2022-11-09T01:06:41.196Z,0,0.0,64,0.0,38018,0,0.0,38019,0,0.0,72833,99,0,133349,0,0
1667964860,2022-11-09 03:34:20 +0000,ee3367b043972f1875e6948799a9babb4f41fd05,MI,26115,2,2022-11-09T01:00:00.000Z,FIPSCode,26115,0,2022-11-09T01:06:41.196Z,0,0.0,64,0.0,38018,0,0.0,38019,0,0.0,72833,99,0,133349,0,0
1667965148,2022-11-09 03:39:08 +0000,6fdfe90630de6ba7d3077daaa37563b39e419cfc,MI,26115,2,2022-11-09T01:00:00.000Z,FIPSCode,26115,0,2022-11-09T01:06:41.196Z,0,0.0,64,0.0,38018,0,0.0,38019,0,0.0,72833,99,0,133349,0,0
1667965711,2022-11-09 03:48:31 +0000,3f97935f76145660588ec69d4480a824e21e2bd4,MI,26115,2,2022-11-09T01:00:00.000Z,FIPSCode,26115,0,2022-11-09T01:06:41.196Z,0,0.0,64,0.0,38018,0,0.0,38019,0,0.0,72833,99,0,133349,0,0
1667966001,2022-11-09 03:53:21 +0000,cee0a612753351ddb30fde2a157613da20f2be01,MI,26115,2,2022-11-09T01:00:00.000Z,FIPSCode,26115,0,2022-11-09T01:06:41.196Z,0,0.0,64,0.0,38018,0,0.0,38019,0,0.0,72833,99,0,133349,0,0
1667966989,2022-11-09 04:09:49 +0000,47c6fd3e525919b429e23d0446afd1809e9c353c,MI,26115,2,2022-11-09T01:00:00.000Z,FIPSCode,26115,0,2022-11-09T01:06:41.196Z,0,0.0,64,0.0,38018,0,0.0,38019,0,0.0,72833,99,0,133349,0,0
1667967269,2022-11-09 04:14:29 +0000,68d92bf23b94b96637a56b0d567d37a581d41ead,MI,26115,2,2022-11-09T01:00:00.000Z,FIPSCode,26115,0,2022-11-09T01:06:41.196Z,0,0.0,64,0.0,38018,0,0.0,38019,0,0.0,72833,99,0,133349,0,0
1667967540,2022-11-08 22:19:00 -0600,673632f1537c7c9f2368084b99ec47b67621c41e,MI,26115,2,2022-11-09T01:00:00.000Z,FIPSCode,26115,0,2022-11-09T01:06:41.196Z,0,0.0,64,0.0,38018,0,0.0,38019,0,0.0,72833,99,0,133349,0,0
1667967862,2022-11-08 22:24:22 -0600,70f93394ffa370662e7d52b8ef52310baba3c929,MI,26115,2,2022-11-09T01:00:00.000Z,FIPSCode,26115,0,2022-11-09T01:06:41.196Z,0,0.0,64,0.0,38018,0,0.0,38019,0,0.0,72833,99,0,133349,0,0
1667967905,2022-11-08 22:25:05 -0600,7b53fc8cb8c53477e9f4fecf82fac92988ee5275,MI,26115,2,2022-11-09T01:00:00.000Z,FIPSCode,26115,0,2022-11-09T01:06:41.196Z,0,0.0,64,0.0,38018,0,0.0,38019,0,0.0,72833,99,0,133349,0,0
1667967954,2022-11-08 22:25:54 -0600,ddd8cd55583cb4e51013ac431e84d23dc8167e7a,MI,26115,2,2022-11-09T01:00:00.000Z,FIPSCode,26115,0,2022-11-09T01:06:41.196Z,0,0.0,64,0.0,38018,0,0.0,38019,0,0.0,72833,99,0,133349,0,0
1667968002,2022-11-08 22:26:42 -0600,1235204137f0f06fe3cd4983951d9356477924c9,MI,26115,2,2022-11-09T01:00:00.000Z,FIPSCode,26115,0,2022-11-09T01:06:41.196Z,0,0.0,64,0.0,38018,0,0.0,38019,0,0.0,72833,99,0,133349,0,0
1667968092,2022-11-08 22:28:12 -0600,c3a7bcfa6d57d19e0339cd5eff437c13c5a7dec5,MI,26115,2,2022-11-09T01:00:00.000Z,FIPSCode,26115,0,2022-11-09T01:06:41.196Z,0,0.0,64,0.0,38018,0,0.0,38019,0,0.0,72833,99,0,133349,0,0
1667968138,2022-11-08 22:28:58 -0600,78be3d1941803188124b187362be51adf1e8fdfb,MI,26115,2,2022-11-09T01:00:00.000Z,FIPSCode,26115,0,2022-11-09T01:06:41.196Z,0,0.0,64,0.0,38018,0,0.0,38019,0,0.0,72833,99,0,133349,0,0
1667968182,2022-11-08 22:29:42 -0600,8e189a9f8e65ddc0a78641bf1d30b4fa1f53a113,MI,26115,2,2022-11-09T01:00:00.000Z,FIPSCode,26115,0,2022-11-09T01:06:41.196Z,0,0.0,64,0.0,38018,0,0.0,38019,0,0.0,72833,99,0,133349,0,0
1667968227,2022-11-08 22:30:27 -0600,b78ec951061d2bf917e09f1eb01cb079af5e3a88,MI,26115,2,2022-11-09T01:00:00.000Z,FIPSCode,26115,0,2022-11-09T01:06:41.196Z,0,0.0,64,0.0,38018,0,0.0,38019,0,0.0,72833,99,0,133349,0,0
1667968272,2022-11-08 22:31:12 -0600,97ef6c54bfa1c7ef6beea70c87aafe0c54251ad8,MI,26115,2,2022-11-09T01:00:00.000Z,FIPSCode,26115,0,2022-11-09T01:06:41.196Z,0,0.0,64,0.0,38018,0,0.0,38019,0,0.0,72833,99,0,133349,0,0
1667968361,2022-11-08 22:32:41 -0600,0b888fe41bc653990f05b2c6fe09da530560e7a3,MI,26115,2,2022-11-09T01:00:00.000Z,FIPSCode,26115,0,2022-11-09T01:06:41.196Z,0,0.0,64,0.0,38018,0,0.0,38019,0,0.0,72833,99,0,133349,0,0
1667968406,2022-11-08 22:33:26 -0600,9894c9990b429281fa1911dc561355d202f43cc4,MI,26115,2,2022-11-09T01:00:00.000Z,FIPSCode,26115,0,2022-11-09T01:06:41.196Z,0,0.0,64,0.0,38018,0,0.0,38019,0,0.0,72833,99,0,133349,0,0
1667968451,2022-11-08 22:34:11 -0600,ec7c4c2fbdf80046dac3b25dd67b45de79385a9e,MI,26115,2,2022-11-09T01:00:00.000Z,FIPSCode,26115,0,2022-11-09T01:06:41.196Z,0,0.0,64,0.0,38018,0,0.0,38019,0,0.0,72833,99,0,133349,0,0
1667968494,2022-11-08 22:34:54 -0600,cfbd241bb06919184c9a5ad42a24eb60bc59879a,MI,26115,2,2022-11-09T01:00:00.000Z,FIPSCode,26115,0,2022-11-09T01:06:41.196Z,0,0.0,64,0.0,38018,0,0.0,38019,0,0.0,72833,99,0,133349,0,0
1667968538,2022-11-08 22:35:38 -0600,921a14073c0a588fcddcb6fa0c38955a3a5e6401,MI,26115,2,2022-11-09T01:00:00.000Z,FIPSCode,26115,0,2022-11-09T01:06:41.196Z,0,0.0,64,0.0,38018,0,0.0,38019,0,0.0,72833,99,0,133349,0,0
1667968667,2022-11-08 22:37:47 -0600,a013d457c641e43c359ed7cf524810962213905d,MI,26115,2,2022-11-09T01:00:00.000Z,FIPSCode,26115,0,2022-11-09T01:06:41.196Z,0,0.0,64,0.0,38018,0,0.0,38019,0,0.0,72833,99,0,133349,0,0
1667968709,2022-11-08 22:38:29 -0600,a479186c1a21e09ae947de1863bf72d461e8b879,MI,26115,2,2022-11-09T01:00:00.000Z,FIPSCode,26115,0,2022-11-09T01:06:41.196Z,0,0.0,64,0.0,38018,0,0.0,38019,0,0.0,72833,99,0,133349,0,0
1667968931,2022-11-08 22:42:11 -0600,cca40a484cb23456c0df129e9bd1750068cb4880,MI,26115,2,2022-11-09T01:00:00.000Z,FIPSCode,26115,0,2022-11-09T01:06:41.196Z,0,0.0,64,0.0,38018,0,0.0,38019,0,0.0,72833,99,0,133349,0,0
1667969067,2022-11-08 22:44:27 -0600,73d0e74cb03400217dbc75a62135f42bc460c502,MI,26115,2,2022-11-09T01:00:00.000Z,FIPSCode,26115,0,2022-11-09T04:41:45.132Z,24,42.19,64,37.5,38018,15489,50.41,38019,15239,49.59,72833,99,30728,133349,24,27
1667969116,2022-11-08 22:45:16 -0600,79682069eac6cae3840febac265b40363b9c51ff,MI,26115,2,2022-11-09T01:00:00.000Z,FIPSCode,26115,0,2022-11-09T04:41:45.132Z,24,42.19,64,37.5,38018,15489,50.41,38019,15239,49.59,72833,99,30728,133349,24,27
1667969160,2022-11-08 22:46:00 -0600,702f27aec8e9117aaf59a55a71ae69d9a7aed7a6,MI,26115,2,2022-11-09T01:00:00.000Z,FIPSCode,26115,0,2022-11-09T04:41:45.132Z,24,42.19,64,37.5,38018,15489,50.41,38019,15239,49.59,72833,99,30728,133349,24,27
1667969292,2022-11-08 22:48:12 -0600,27c0128769cb9950dd2d2f7b010376c6821eb8bd,MI,26115,2,2022-11-09T01:00:00.000Z,FIPSCode,26115,0,2022-11-09T04:41:45.132Z,24,42.19,64,37.5,38018,15489,50.41,38019,15239,49.59,72833,99,30728,133349,24,27
1667969376,2022-11-08 22:49:36 -0600,4ac813ba060ccffdf02cdf61aae9dd9c0b214438,MI,26115,2,2022-11-09T01:00:00.000Z,FIPSCode,26115,0,2022-11-09T04:41:45.132Z,24,42.19,64,37.5,38018,15489,50.41,38019,15239,49.59,72833,99,30728,133349,24,27
1667969463,2022-11-08 22:51:03 -0600,33a57724ad86936b636ee9df9a6a905b84cec6b3,MI,26115,2,2022-11-09T01:00:00.000Z,FIPSCode,26115,0,2022-11-09T04:41:45.132Z,24,42.19,64,37.5,38018,15489,50.41,38019,15239,49.59,72833,99,30728,133349,24,27
1667969505,2022-11-08 22:51:45 -0600,ffc1def8f9e2bf7a494bb8b128a38f199b58da48,MI,26115,2,2022-11-09T01:00:00.000Z,FIPSCode,26115,0,2022-11-09T04:41:45.132Z,24,42.19,64,37.5,38018,15489,50.41,38019,15239,49.59,72833,99,30728,133349,24,27
1667969549,2022-11-08 22:52:29 -0600,d5fdf591369d5db6b2ad36681ee672e4aa744331,MI,26115,2,2022-11-09T01:00:00.000Z,FIPSCode,26115,0,2022-11-09T04:41:45.132Z,24,42.19,64,37.5,38018,15489,50.41,38019,15239,49.59,72833,99,30728,133349,24,27
1667969636,2022-11-08 22:53:56 -0600,343edcc3a5440ed7e985b5b1b439acfe9dc3a7bb,MI,26115,2,2022-11-09T01:00:00.000Z,FIPSCode,26115,0,2022-11-09T04:41:45.132Z,24,42.19,64,37.5,38018,15489,50.41,38019,15239,49.59,72833,99,30728,133349,24,27
1667969681,2022-11-08 22:54:41 -0600,4488651d53a6ff54750765f807b5aba2e7544f5e,MI,26115,2,2022-11-09T01:00:00.000Z,FIPSCode,26115,0,2022-11-09T04:41:45.132Z,24,42.19,64,37.5,38018,15489,50.41,38019,15239,49.59,72833,99,30728,133349,24,27
1667969723,2022-11-08 22:55:23 -0600,b509b5bfc09bde62e91159629c11e0b7e48daab9,MI,26115,2,2022-11-09T01:00:00.000Z,FIPSCode,26115,0,2022-11-09T04:41:45.132Z,24,42.19,64,37.5,38018,15489,50.41,38019,15239,49.59,72833,99,30728,133349,24,27
1667969768,2022-11-08 22:56:08 -0600,13751e5ba6ec1b0e3bf8ed4bdd82f9ad01fec7e2,MI,26115,2,2022-11-09T01:00:00.000Z,FIPSCode,26115,0,2022-11-09T04:41:45.132Z,24,42.19,64,37.5,38018,15489,50.41,38019,15239,49.59,72833,99,30728,133349,24,27
1667969810,2022-11-08 22:56:50 -0600,b4af1c5ed222b2aca51b198a04f7adfc76d9c4e9,MI,26115,2,2022-11-09T01:00:00.000Z,FIPSCode,26115,0,2022-11-09T04:41:45.132Z,24,42.19,64,37.5,38018,15489,50.41,38019,15239,49.59,72833,99,30728,133349,24,27
1667969855,2022-11-08 22:57:35 -0600,8c3f41d4804fda622cab89f365a05518b70e5a91,MI,26115,2,2022-11-09T01:00:00.000Z,FIPSCode,26115,0,2022-11-09T04:41:45.132Z,24,42.19,64,37.5,38018,15489,50.41,38019,15239,49.59,72833,99,30728,133349,24,27
1667969984,2022-11-08 22:59:44 -0600,a2fb710992b888fe9f7e47092d88395e89230dfc,MI,26115,2,2022-11-09T01:00:00.000Z,FIPSCode,26115,0,2022-11-09T04:41:45.132Z,24,42.19,64,37.5,38018,15489,50.41,38019,15239,49.59,72833,99,30728,133349,24,27
1667970027,2022-11-08 23:00:27 -0600,0d3c5c12e1d5e510cd8a9d7ec7188e7376d3702a,MI,26115,2,2022-11-09T01:00:00.000Z,FIPSCode,26115,0,2022-11-09T04:41:45.132Z,24,42.19,64,37.5,38018,15489,50.41,38019,15239,49.59,72833,99,30728,133349,24,27
1667970071,2022-11-08 23:01:11 -0600,dbae837cbbaf1f3aaf9390e6aaa3521af778ad97,MI,26115,2,2022-11-09T01:00:00.000Z,FIPSCode,26115,0,2022-11-09T04:41:45.132Z,24,42.19,64,37.5,38018,15489,50.41,38019,15239,49.59,72833,99,30728,133349,24,27
1667970114,2022-11-08 23:01:54 -0600,68b6dbb0ab0b313af53b82f98636ce9a824bdc54,MI,26115,2,2022-11-09T01:00:00.000Z,FIPSCode,26115,0,2022-11-09T04:41:45.132Z,24,42.19,64,37.5,38018,15489,50.41,38019,15239,49.59,72833,99,30728,133349,24,27
1667970373,2022-11-08 23:06:13 -0600,3ea973c74a9585b2e944f9dd59e390b2b951b2cd,MI,26115,2,2022-11-09T01:00:00.000Z,FIPSCode,26115,0,2022-11-09T04:41:45.132Z,24,42.19,64,37.5,38018,15489,50.41,38019,15239,49.59,72833,99,30728,133349,24,27
1667970415,2022-11-08 23:06:55 -0600,f1d4e9736f94ffa7aa7ebd5da07699c9a419c5df,MI,26115,2,2022-11-09T01:00:00.000Z,FIPSCode,26115,0,2022-11-09T04:41:45.132Z,24,42.19,64,37.5,38018,15489,50.41,38019,15239,49.59,72833,99,30728,133349,24,27
1667970504,2022-11-08 23:08:24 -0600,218805bf82c018e2091a699549a3db0180a36d98,MI,26115,2,2022-11-09T01:00:00.000Z,FIPSCode,26115,0,2022-11-09T04:41:45.132Z,24,42.19,64,37.5,38018,15489,50.41,38019,15239,49.59,72833,99,30728,133349,24,27
1667970548,2022-11-08 23:09:08 -0600,a039c3e3daf59c6709863984d030931ce2f47b8a,MI,26115,2,2022-11-09T01:00:00.000Z,FIPSCode,26115,0,2022-11-09T04:41:45.132Z,24,42.19,64,37.5,38018,15489,50.41,38019,15239,49.59,72833,99,30728,133349,24,27
1667970594,2022-11-08 23:09:54 -0600,d4f30f0656d3b91d4423d751f85b9496715af7d9,MI,26115,2,2022-11-09T01:00:00.000Z,FIPSCode,26115,0,2022-11-09T04:41:45.132Z,24,42.19,64,37.5,38018,15489,50.41,38019,15239,49.59,72833,99,30728,133349,24,27
1667970681,2022-11-08 23:11:21 -0600,dd69cd860a28762a05e9344e662f63641aef1dd4,MI,26115,2,2022-11-09T01:00:00.000Z,FIPSCode,26115,0,2022-11-09T04:41:45.132Z,24,42.19,64,37.5,38018,15489,50.41,38019,15239,49.59,72833,99,30728,133349,24,27
1667970899,2022-11-08 23:14:59 -0600,ca5b649b3885623b3ef37439107a0fa8db2d1846,MI,26115,2,2022-11-09T01:00:00.000Z,FIPSCode,26115,0,2022-11-09T04:41:45.132Z,24,42.19,64,37.5,38018,15489,50.41,38019,15239,49.59,72833,99,30728,133349,24,27
1667970985,2022-11-08 23:16:25 -0600,458b8c029ed943a1966fd047ace4d102323e3185,MI,26115,2,2022-11-09T01:00:00.000Z,FIPSCode,26115,0,2022-11-09T04:41:45.132Z,24,42.19,64,37.5,38018,15489,50.41,38019,15239,49.59,72833,99,30728,133349,24,27
1667971032,2022-11-08 23:17:12 -0600,84fafb476f7846131500489058ff24997434ed54,MI,26115,2,2022-11-09T01:00:00.000Z,FIPSCode,26115,0,2022-11-09T04:41:45.132Z,24,42.19,64,37.5,38018,15489,50.41,38019,15239,49.59,72833,99,30728,133349,24,27
1667971079,2022-11-08 23:17:59 -0600,1cf7281bce65e8581e70a1164dc3589ed87371d4,MI,26115,2,2022-11-09T01:00:00.000Z,FIPSCode,26115,0,2022-11-09T04:41:45.132Z,24,42.19,64,37.5,38018,15489,50.41,38019,15239,49.59,72833,99,30728,133349,24,27
1667971124,2022-11-08 23:18:44 -0600,f9d1c6b5aa5f6a3f4c976d51307de08576c2bf77,MI,26115,2,2022-11-09T01:00:00.000Z,FIPSCode,26115,0,2022-11-09T04:41:45.132Z,24,42.19,64,37.5,38018,15489,50.41,38019,15239,49.59,72833,99,30728,133349,24,27
1667971169,2022-11-08 23:19:29 -0600,a70df26f7f471d11543c24ba2a2ee8ee294f6f1b,MI,26115,2,2022-11-09T01:00:00.000Z,FIPSCode,26115,0,2022-11-09T04:41:45.132Z,24,42.19,64,37.5,38018,15489,50.41,38019,15239,49.59,72833,99,30728,133349,24,27
1667971213,2022-11-08 23:20:13 -0600,5f24f417653bba3396590267801436b107c31ac9,MI,26115,2,2022-11-09T01:00:00.000Z,FIPSCode,26115,0,2022-11-09T04:41:45.132Z,24,42.19,64,37.5,38018,15489,50.41,38019,15239,49.59,72833,99,30728,133349,24,27
1667971258,2022-11-08 23:20:58 -0600,66df93c53186cc5d338c8a4f0b94d8e859c4ec59,MI,26115,2,2022-11-09T01:00:00.000Z,FIPSCode,26115,0,2022-11-09T04:41:45.132Z,24,42.19,64,37.5,38018,15489,50.41,38019,15239,49.59,72833,99,30728,133349,24,27
1667971304,2022-11-08 23:21:44 -0600,1425fca56a9abad3e92162e44d8c52f320121f3e,MI,26115,2,2022-11-09T01:00:00.000Z,FIPSCode,26115,0,2022-11-09T04:41:45.132Z,24,42.19,64,37.5,38018,15489,50.41,38019,15239,49.59,72833,99,30728,133349,24,27
1667971350,2022-11-08 23:22:30 -0600,4e8d6a153dbb49007925da1747ddadcd1394934d,MI,26115,2,2022-11-09T01:00:00.000Z,FIPSCode,26115,0,2022-11-09T04:41:45.132Z,24,42.19,64,37.5,38018,15489,50.41,38019,15239,49.59,72833,99,30728,133349,24,27
1667971395,2022-11-08 23:23:15 -0600,d97519c7c3720d6e80913290b35064b53dd231cc,MI,26115,2,2022-11-09T01:00:00.000Z,FIPSCode,26115,0,2022-11-09T04:41:45.132Z,24,42.19,64,37.5,38018,15489,50.41,38019,15239,49.59,72833,99,30728,133349,24,27
1667971438,2022-11-08 23:23:58 -0600,d5ddddc05986f343066e92d34cfda0b6971066eb,MI,26115,2,2022-11-09T01:00:00.000Z,FIPSCode,26115,0,2022-11-09T04:41:45.132Z,24,42.19,64,37.5,38018,15489,50.41,38019,15239,49.59,72833,99,30728,133349,24,27
1667971614,2022-11-08 23:26:54 -0600,3e2db293b352d34f57f22cada11d4f92f345178d,MI,26115,2,2022-11-09T01:00:00.000Z,FIPSCode,26115,0,2022-11-09T04:41:45.132Z,24,42.19,64,37.5,38018,15489,50.41,38019,15239,49.59,72833,99,30728,133349,24,27
1667971699,2022-11-08 23:28:19 -0600,ab5f2b666bd1b9bf6989ccd1e80db43497d771dc,MI,26115,2,2022-11-09T01:00:00.000Z,FIPSCode,26115,0,2022-11-09T04:41:45.132Z,24,42.19,64,37.5,38018,15489,50.41,38019,15239,49.59,72833,99,30728,133349,24,27
1667971879,2022-11-08 23:31:19 -0600,e58483b4fb47a48c624446a947423840f5e4d94b,MI,26115,2,2022-11-09T01:00:00.000Z,FIPSCode,26115,0,2022-11-09T04:41:45.132Z,24,42.19,64,37.5,38018,15489,50.41,38019,15239,49.59,72833,99,30728,133349,24,27
1667972308,2022-11-08 23:38:28 -0600,ba9f5f7b5ce443fdefcabab3b6292f3cd1310af6,MI,26115,2,2022-11-09T01:00:00.000Z,FIPSCode,26115,0,2022-11-09T04:41:45.132Z,24,42.19,64,37.5,38018,15489,50.41,38019,15239,49.59,72833,99,30728,133349,24,27
1667972364,2022-11-08 23:39:24 -0600,bfe9cb466aa6b65574c16effa903cd993efd4fe0,MI,26115,2,2022-11-09T01:00:00.000Z,FIPSCode,26115,0,2022-11-09T04:41:45.132Z,24,42.19,64,37.5,38018,15489,50.41,38019,15239,49.59,72833,99,30728,133349,24,27
1667972541,2022-11-08 23:42:21 -0600,d38f954f3e6be3d250d58a04e08655875ea7700c,MI,26115,2,2022-11-09T01:00:00.000Z,FIPSCode,26115,0,2022-11-09T04:41:45.132Z,24,42.19,64,37.5,38018,15489,50.41,38019,15239,49.59,72833,99,30728,133349,24,27
1667972585,2022-11-08 23:43:05 -0600,801d3f687be77bd20982c8b22a575eda658a7594,MI,26115,2,2022-11-09T01:00:00.000Z,FIPSCode,26115,0,2022-11-09T04:41:45.132Z,24,42.19,64,37.5,38018,15489,50.41,38019,15239,49.59,72833,99,30728,133349,24,27
1667972810,2022-11-08 23:46:50 -0600,aa61daf8417c040e13c56de238053c966d7a0302,MI,26115,2,2022-11-09T01:00:00.000Z,FIPSCode,26115,0,2022-11-09T04:41:45.132Z,24,42.19,64,37.5,38018,15489,50.41,38019,15239,49.59,72833,99,30728,133349,24,27
1667972854,2022-11-08 23:47:34 -0600,4c493d7ad5df619297ee4ec86e6725cbd0fcac02,MI,26115,2,2022-11-09T01:00:00.000Z,FIPSCode,26115,0,2022-11-09T04:41:45.132Z,24,42.19,64,37.5,38018,15489,50.41,38019,15239,49.59,72833,99,30728,133349,24,27
1667972898,2022-11-08 23:48:18 -0600,7f5611a68542690dfbbea4b10f2d25fb123813f8,MI,26115,2,2022-11-09T01:00:00.000Z,FIPSCode,26115,0,2022-11-09T04:41:45.132Z,24,42.19,64,37.5,38018,15489,50.41,38019,15239,49.59,72833,99,30728,133349,24,27
1667972943,2022-11-08 23:49:03 -0600,2188e3ab5f27e10fb4df9e561d0af4cab5cf665c,MI,26115,2,2022-11-09T01:00:00.000Z,FIPSCode,26115,0,2022-11-09T04:41:45.132Z,24,42.19,64,37.5,38018,15489,50.41,38019,15239,49.59,72833,99,30728,133349,24,27
1667972986,2022-11-08 23:49:46 -0600,8b5a6bad408154143d5639ac38f52891382240a4,MI,26115,2,2022-11-09T01:00:00.000Z,FIPSCode,26115,0,2022-11-09T04:41:45.132Z,24,42.19,64,37.5,38018,15489,50.41,38019,15239,49.59,72833,99,30728,133349,24,27
1667973074,2022-11-08 23:51:14 -0600,eb28abe2520dfc732dc2e53485df27d909fe0dce,MI,26115,2,2022-11-09T01:00:00.000Z,FIPSCode,26115,0,2022-11-09T04:41:45.132Z,24,42.19,64,37.5,38018,15489,50.41,38019,15239,49.59,72833,99,30728,133349,24,27
1667973115,2022-11-08 23:51:55 -0600,76528750fef7c265d19f91ec30e86804e3da6e06,MI,26115,2,2022-11-09T01:00:00.000Z,FIPSCode,26115,0,2022-11-09T04:41:45.132Z,24,42.19,64,37.5,38018,15489,50.41,38019,15239,49.59,72833,99,30728,133349,24,27
1667973160,2022-11-08 23:52:40 -0600,a8c30e49fdf2578eef8c8f50f6106d095bb0fc07,MI,26115,2,2022-11-09T01:00:00.000Z,FIPSCode,26115,0,2022-11-09T04:41:45.132Z,24,42.19,64,37.5,38018,15489,50.41,38019,15239,49.59,72833,99,30728,133349,24,27
1667973248,2022-11-08 23:54:08 -0600,fb954f3a0e354e923f1bd778e51927737d2c1332,MI,26115,2,2022-11-09T01:00:00.000Z,FIPSCode,26115,0,2022-11-09T04:41:45.132Z,24,42.19,64,37.5,38018,15489,50.41,38019,15239,49.59,72833,99,30728,133349,24,27
1667973338,2022-11-08 23:55:38 -0600,60e23f89b0832d690c2e9c2012f75df6b998f230,MI,26115,2,2022-11-09T01:00:00.000Z,FIPSCode,26115,0,2022-11-09T04:41:45.132Z,24,42.19,64,37.5,38018,15489,50.41,38019,15239,49.59,72833,99,30728,133349,24,27
1667973424,2022-11-08 23:57:04 -0600,af3468c86121e4f756caa76aafa8fe74e6306883,MI,26115,2,2022-11-09T01:00:00.000Z,FIPSCode,26115,0,2022-11-09T04:41:45.132Z,24,42.19,64,37.5,38018,15489,50.41,38019,15239,49.59,72833,99,30728,133349,24,27
1667973512,2022-11-08 23:58:32 -0600,c5b8277525be0367964460ee9775326f5b2cc341,MI,26115,2,2022-11-09T01:00:00.000Z,FIPSCode,26115,0,2022-11-09T04:41:45.132Z,24,42.19,64,37.5,38018,15489,50.41,38019,15239,49.59,72833,99,30728,133349,24,27
1667973737,2022-11-09 00:02:17 -0600,f7940d04f83247dd0cbf585d2d4f25b8c66e477d,MI,26115,2,2022-11-09T01:00:00.000Z,FIPSCode,26115,0,2022-11-09T04:41:45.132Z,24,42.19,64,37.5,38018,15489,50.41,38019,15239,49.59,72833,99,30728,133349,24,27
1667973793,2022-11-09 00:03:13 -0600,471324a7f30a6780d5e1d2eb6bf6c21c79776e91,MI,26115,2,2022-11-09T01:00:00.000Z,FIPSCode,26115,0,2022-11-09T04:41:45.132Z,24,42.19,64,37.5,38018,15489,50.41,38019,15239,49.59,72833,99,30728,133349,24,27
1667973835,2022-11-09 00:03:55 -0600,b3bdd8a625be8657c0e5a46d72158acdcfd366d2,MI,26115,2,2022-11-09T01:00:00.000Z,FIPSCode,26115,0,2022-11-09T04:41:45.132Z,24,42.19,64,37.5,38018,15489,50.41,38019,15239,49.59,72833,99,30728,133349,24,27
1667973921,2022-11-09 00:05:21 -0600,8c7bea4e5501d62c6edf8b543f4ffeaf66fbee7c,MI,26115,2,2022-11-09T01:00:00.000Z,FIPSCode,26115,0,2022-11-09T04:41:45.132Z,24,42.19,64,37.5,38018,15489,50.41,38019,15239,49.59,72833,99,30728,133349,24,27
1667974050,2022-11-09 00:07:30 -0600,7abf683084771abb66bcbd62c846b6795b86899c,MI,26115,2,2022-11-09T01:00:00.000Z,FIPSCode,26115,0,2022-11-09T04:41:45.132Z,24,42.19,64,37.5,38018,15489,50.41,38019,15239,49.59,72833,99,30728,133349,24,27
1667974313,2022-11-09 00:11:53 -0600,6b3b0bacc6c41a15c188eab11ce932a1d154d208,MI,26115,2,2022-11-09T01:00:00.000Z,FIPSCode,26115,0,2022-11-09T04:41:45.132Z,24,42.19,64,37.5,38018,15489,50.41,38019,15239,49.59,72833,99,30728,133349,24,27
1667974357,2022-11-09 00:12:37 -0600,f3a34debf9bc3f3d09633b4380781add88e0174a,MI,26115,2,2022-11-09T01:00:00.000Z,FIPSCode,26115,0,2022-11-09T04:41:45.132Z,24,42.19,64,37.5,38018,15489,50.41,38019,15239,49.59,72833,99,30728,133349,24,27
1667974664,2022-11-09 00:17:44 -0600,d987a91643923201706646f74ed6cc4da6a088a6,MI,26115,2,2022-11-09T01:00:00.000Z,FIPSCode,26115,0,2022-11-09T04:41:45.132Z,24,42.19,64,37.5,38018,15489,50.41,38019,15239,49.59,72833,99,30728,133349,24,27
1667974809,2022-11-09 00:20:09 -0600,21e89b68838446570e2788596a6ed47ed4d95a07,MI,26115,2,2022-11-09T01:00:00.000Z,FIPSCode,26115,0,2022-11-09T04:41:45.132Z,24,42.19,64,37.5,38018,15489,50.41,38019,15239,49.59,72833,99,30728,133349,24,27
1667974853,2022-11-09 00:20:53 -0600,675e67cf8102db01ebf6f3cc46b2432f97e9dfb7,MI,26115,2,2022-11-09T01:00:00.000Z,FIPSCode,26115,0,2022-11-09T04:41:45.132Z,24,42.19,64,37.5,38018,15489,50.41,38019,15239,49.59,72833,99,30728,133349,24,27
1667974988,2022-11-09 00:23:08 -0600,5d6616b419546bd84ca0c06ee5a7a5389ea5fc67,MI,26115,2,2022-11-09T01:00:00.000Z,FIPSCode,26115,0,2022-11-09T04:41:45.132Z,24,42.19,64,37.5,38018,15489,50.41,38019,15239,49.59,72833,99,30728,133349,24,27
1667975032,2022-11-09 00:23:52 -0600,2b4eef55da041b24d8b907ba1775c35ebda992e0,MI,26115,2,2022-11-09T01:00:00.000Z,FIPSCode,26115,0,2022-11-09T04:41:45.132Z,24,42.19,64,37.5,38018,15489,50.41,38019,15239,49.59,72833,99,30728,133349,24,27
1667975072,2022-11-09 00:24:32 -0600,1160439825d46dbd816d3f7122a5cf79a867a03f,MI,26115,2,2022-11-09T01:00:00.000Z,FIPSCode,26115,0,2022-11-09T04:41:45.132Z,24,42.19,64,37.5,38018,15489,50.41,38019,15239,49.59,72833,99,30728,133349,24,27
1667975154,2022-11-09 00:25:54 -0600,e385cf3ed45230deb4315fbba874f4f4144f56b6,MI,26115,2,2022-11-09T01:00:00.000Z,FIPSCode,26115,0,2022-11-09T04:41:45.132Z,24,42.19,64,37.5,38018,15489,50.41,38019,15239,49.59,72833,99,30728,133349,24,27
1667975196,2022-11-09 00:26:36 -0600,e7c0ff159fd1c173ed3e565feb144ed98be0c89e,MI,26115,2,2022-11-09T01:00:00.000Z,FIPSCode,26115,0,2022-11-09T04:41:45.132Z,24,42.19,64,37.5,38018,15489,50.41,38019,15239,49.59,72833,99,30728,133349,24,27
1667975236,2022-11-09 00:27:16 -0600,c1052c94c7324634c2c5ef0a7e8880dd0af5593a,MI,26115,2,2022-11-09T01:00:00.000Z,FIPSCode,26115,0,2022-11-09T04:41:45.132Z,24,42.19,64,37.5,38018,15489,50.41,38019,15239,49.59,72833,99,30728,133349,24,27
1667975277,2022-11-09 00:27:57 -0600,17c095274dda52ebfb3b73285837dfacff37cb9b,MI,26115,2,2022-11-09T01:00:00.000Z,FIPSCode,26115,0,2022-11-09T04:41:45.132Z,24,42.19,64,37.5,38018,15489,50.41,38019,15239,49.59,72833,99,30728,133349,24,27
1667975443,2022-11-09 00:30:43 -0600,d3fce30549290fb6ab466f77998222999d6c79b9,MI,26115,2,2022-11-09T01:00:00.000Z,FIPSCode,26115,0,2022-11-09T04:41:45.132Z,24,42.19,64,37.5,38018,15489,50.41,38019,15239,49.59,72833,99,30728,133349,24,27
1667975609,2022-11-09 00:33:29 -0600,62fa28ab1db323241f81f05574f15005f7d100fe,MI,26115,2,2022-11-09T01:00:00.000Z,FIPSCode,26115,0,2022-11-09T04:41:45.132Z,24,42.19,64,37.5,38018,15489,50.41,38019,15239,49.59,72833,99,30728,133349,24,27
1667975652,2022-11-09 00:34:12 -0600,d498600900e4c0350d8f00907a8e8a97bd48aba6,MI,26115,2,2022-11-09T01:00:00.000Z,FIPSCode,26115,0,2022-11-09T04:41:45.132Z,24,42.19,64,37.5,38018,15489,50.41,38019,15239,49.59,72833,99,30728,133349,24,27
1667975898,2022-11-09 00:38:18 -0600,7609424c163438fd3cafbbf7ed6226754e52c1bd,MI,26115,2,2022-11-09T01:00:00.000Z,FIPSCode,26115,0,2022-11-09T04:41:45.132Z,24,42.19,64,37.5,38018,15489,50.41,38019,15239,49.59,72833,99,30728,133349,24,27
1667976061,2022-11-09 00:41:01 -0600,2426095677e6aeddf8c3a2913a97b500b67dca61,MI,26115,2,2022-11-09T01:00:00.000Z,FIPSCode,26115,0,2022-11-09T04:41:45.132Z,24,42.19,64,37.5,38018,15489,50.41,38019,15239,49.59,72833,99,30728,133349,24,27
1667976103,2022-11-09 00:41:43 -0600,5c2c6a219a6e0642a5f516a1c66f722f5c42d6c0,MI,26115,2,2022-11-09T01:00:00.000Z,FIPSCode,26115,0,2022-11-09T04:41:45.132Z,24,42.19,64,37.5,38018,15489,50.41,38019,15239,49.59,72833,99,30728,133349,24,27
1667976184,2022-11-09 00:43:04 -0600,fe83a024be41b5416de8f3b3aadef0173027df04,MI,26115,2,2022-11-09T01:00:00.000Z,FIPSCode,26115,0,2022-11-09T04:41:45.132Z,24,42.19,64,37.5,38018,15489,50.41,38019,15239,49.59,72833,99,30728,133349,24,27
1667976265,2022-11-09 00:44:25 -0600,f24bbc37a7ca703e419e133d048b4da5b1f386e7,MI,26115,2,2022-11-09T01:00:00.000Z,FIPSCode,26115,0,2022-11-09T04:41:45.132Z,24,42.19,64,37.5,38018,15489,50.41,38019,15239,49.59,72833,99,30728,133349,24,27
1667976306,2022-11-09 00:45:06 -0600,a65306ebcf7e41c11b1557bbe78229c6107820ce,MI,26115,2,2022-11-09T01:00:00.000Z,FIPSCode,26115,0,2022-11-09T04:41:45.132Z,24,42.19,64,37.5,38018,15489,50.41,38019,15239,49.59,72833,99,30728,133349,24,27
1667976387,2022-11-09 00:46:27 -0600,3fc81e357a75429f605eafd56848166989ceb407,MI,26115,2,2022-11-09T01:00:00.000Z,FIPSCode,26115,0,2022-11-09T04:41:45.132Z,24,42.19,64,37.5,38018,15489,50.41,38019,15239,49.59,72833,99,30728,133349,24,27
1667976590,2022-11-09 00:49:50 -0600,94cc860afa532570fe1eea1ef2140983ffb9d8e8,MI,26115,2,2022-11-09T01:00:00.000Z,FIPSCode,26115,0,2022-11-09T04:41:45.132Z,24,42.19,64,37.5,38018,15489,50.41,38019,15239,49.59,72833,99,30728,133349,24,27
1667976752,2022-11-09 00:52:32 -0600,6943d942b4cb99d83b19d398209a99f6d9f041ed,MI,26115,2,2022-11-09T01:00:00.000Z,FIPSCode,26115,0,2022-11-09T04:41:45.132Z,24,42.19,64,37.5,38018,15489,50.41,38019,15239,49.59,72833,99,30728,133349,24,27
1667976914,2022-11-09 00:55:14 -0600,5c39d98cea3779ab691e2ae42f4961d1de16c4b9,MI,26115,2,2022-11-09T01:00:00.000Z,FIPSCode,26115,0,2022-11-09T04:41:45.132Z,24,42.19,64,37.5,38018,15489,50.41,38019,15239,49.59,72833,99,30728,133349,24,27
1667976996,2022-11-09 00:56:36 -0600,c42ff185ff10da6e900ee98d629248349a3fcfdc,MI,26115,2,2022-11-09T01:00:00.000Z,FIPSCode,26115,0,2022-11-09T04:41:45.132Z,24,42.19,64,37.5,38018,15489,50.41,38019,15239,49.59,72833,99,30728,133349,24,27
1667977035,2022-11-09 00:57:15 -0600,89983779edad63b3a09a72677c82618581111910,MI,26115,2,2022-11-09T01:00:00.000Z,FIPSCode,26115,0,2022-11-09T04:41:45.132Z,24,42.19,64,37.5,38018,15489,50.41,38019,15239,49.59,72833,99,30728,133349,24,27
1667977161,2022-11-09 00:59:21 -0600,d4158baa35ee56754832f9c50c65e72445101881,MI,26115,2,2022-11-09T01:00:00.000Z,FIPSCode,26115,0,2022-11-09T04:41:45.132Z,24,42.19,64,37.5,38018,15489,50.41,38019,15239,49.59,72833,99,30728,133349,24,27
1667977490,2022-11-09 01:04:50 -0600,73af89bd198396be18bf17786481f7c1aff2cd2b,MI,26115,2,2022-11-09T01:00:00.000Z,FIPSCode,26115,0,2022-11-09T04:41:45.132Z,24,42.19,64,37.5,38018,15489,50.41,38019,15239,49.59,72833,99,30728,133349,24,27
1667977529,2022-11-09 01:05:29 -0600,41a86a702268ec57df877a606f8777dfeb75024d,MI,26115,2,2022-11-09T01:00:00.000Z,FIPSCode,26115,0,2022-11-09T04:41:45.132Z,24,42.19,64,37.5,38018,15489,50.41,38019,15239,49.59,72833,99,30728,133349,24,27
1667977610,2022-11-09 01:06:50 -0600,25c1857d0bb05ceb15bf5f1f5d1e6e8a9c199446,MI,26115,2,2022-11-09T01:00:00.000Z,FIPSCode,26115,0,2022-11-09T04:41:45.132Z,24,42.19,64,37.5,38018,15489,50.41,38019,15239,49.59,72833,99,30728,133349,24,27
1667977690,2022-11-09 01:08:10 -0600,c2d57f962724e5d811f2a0173268728cbb4962f4,MI,26115,2,2022-11-09T01:00:00.000Z,FIPSCode,26115,0,2022-11-09T04:41:45.132Z,24,42.19,64,37.5,38018,15489,50.41,38019,15239,49.59,72833,99,30728,133349,24,27
1667977812,2022-11-09 01:10:12 -0600,f6003f8f022049fc0501c9f6d634893d3cdbfc16,MI,26115,2,2022-11-09T01:00:00.000Z,FIPSCode,26115,0,2022-11-09T04:41:45.132Z,24,42.19,64,37.5,38018,15489,50.41,38019,15239,49.59,72833,99,30728,133349,24,27
1667977854,2022-11-09 01:10:54 -0600,48bc116d28d8730921e71b24209c1971684df670,MI,26115,2,2022-11-09T01:00:00.000Z,FIPSCode,26115,0,2022-11-09T04:41:45.132Z,24,42.19,64,37.5,38018,15489,50.41,38019,15239,49.59,72833,99,30728,133349,24,27
1667977976,2022-11-09 01:12:56 -0600,49c0f85ed6cbaaac8f357b536c767f0a23714980,MI,26115,2,2022-11-09T01:00:00.000Z,FIPSCode,26115,0,2022-11-09T04:41:45.132Z,24,42.19,64,37.5,38018,15489,50.41,38019,15239,49.59,72833,99,30728,133349,24,27
1667978016,2022-11-09 01:13:36 -0600,7febc527721e6e7f43de63ba3eb206040d4f99d8,MI,26115,2,2022-11-09T01:00:00.000Z,FIPSCode,26115,0,2022-11-09T04:41:45.132Z,24,42.19,64,37.5,38018,15489,50.41,38019,15239,49.59,72833,99,30728,133349,24,27
1667978057,2022-11-09 01:14:17 -0600,45226886ebec704c2559e16aa3f6244612fff44c,MI,26115,2,2022-11-09T01:00:00.000Z,FIPSCode,26115,0,2022-11-09T04:41:45.132Z,24,42.19,64,37.5,38018,15489,50.41,38019,15239,49.59,72833,99,30728,133349,24,27
1667978261,2022-11-09 01:17:41 -0600,2fcf177a45bf7e84f8682ce5ff329f68ac735ac5,MI,26115,2,2022-11-09T01:00:00.000Z,FIPSCode,26115,0,2022-11-09T04:41:45.132Z,24,42.19,64,37.5,38018,15489,50.41,38019,15239,49.59,72833,99,30728,133349,24,27
1667978461,2022-11-09 01:21:01 -0600,f1eaab2ad1bc5db55713124b104cf813b6eb5754,MI,26115,2,2022-11-09T01:00:00.000Z,FIPSCode,26115,0,2022-11-09T04:41:45.132Z,24,42.19,64,37.5,38018,15489,50.41,38019,15239,49.59,72833,99,30728,133349,24,27
1667978582,2022-11-09 01:23:02 -0600,6fbbff39de224458e6936cb861e2ada647e487bb,MI,26115,2,2022-11-09T01:00:00.000Z,FIPSCode,26115,0,2022-11-09T04:41:45.132Z,24,42.19,64,37.5,38018,15489,50.41,38019,15239,49.59,72833,99,30728,133349,24,27
1667978947,2022-11-09 01:29:07 -0600,fbdf43e99d03976809db926359d350cf01d6dc4e,MI,26115,2,2022-11-09T01:00:00.000Z,FIPSCode,26115,0,2022-11-09T04:41:45.132Z,24,42.19,64,37.5,38018,15489,50.41,38019,15239,49.59,72833,99,30728,133349,24,27
1667978987,2022-11-09 01:29:47 -0600,6fcf7a05ae4e9ea8d79e41c9b355c51adf37e425,MI,26115,2,2022-11-09T01:00:00.000Z,FIPSCode,26115,0,2022-11-09T04:41:45.132Z,24,42.19,64,37.5,38018,15489,50.41,38019,15239,49.59,72833,99,30728,133349,24,27
1667979072,2022-11-09 01:31:12 -0600,00d0273ce2273675231b3e46721cb19b13a68da3,MI,26115,2,2022-11-09T01:00:00.000Z,FIPSCode,26115,0,2022-11-09T04:41:45.132Z,24,42.19,64,37.5,38018,15489,50.41,38019,15239,49.59,72833,99,30728,133349,24,27
1667979192,2022-11-09 01:33:12 -0600,bdaf4fc12fe65f7bcce0f8063c33ccd41427f273,MI,26115,2,2022-11-09T01:00:00.000Z,FIPSCode,26115,0,2022-11-09T04:41:45.132Z,24,42.19,64,37.5,38018,15489,50.41,38019,15239,49.59,72833,99,30728,133349,24,27
1667979231,2022-11-09 01:33:51 -0600,0aac9649608b65a23e9855cf5cacd405130eb626,MI,26115,2,2022-11-09T01:00:00.000Z,FIPSCode,26115,0,2022-11-09T04:41:45.132Z,24,42.19,64,37.5,38018,15489,50.41,38019,15239,49.59,72833,99,30728,133349,24,27
1667979312,2022-11-09 01:35:12 -0600,5fd2ef815b3efc7160a0f621311c95958f5349fa,MI,26115,2,2022-11-09T01:00:00.000Z,FIPSCode,26115,0,2022-11-09T04:41:45.132Z,24,42.19,64,37.5,38018,15489,50.41,38019,15239,49.59,72833,99,30728,133349,24,27
1667979607,2022-11-09 01:40:07 -0600,421947c10ff858f42c586f7d9249efab54b1c5f4,MI,26115,2,2022-11-09T01:00:00.000Z,FIPSCode,26115,0,2022-11-09T04:41:45.132Z,24,42.19,64,37.5,38018,15489,50.41,38019,15239,49.59,72833,99,30728,133349,24,27
1667979647,2022-11-09 01:40:47 -0600,7abb1af5d8a57363e01f3459ad06df304ed6bc82,MI,26115,2,2022-11-09T01:00:00.000Z,FIPSCode,26115,0,2022-11-09T04:41:45.132Z,24,42.19,64,37.5,38018,15489,50.41,38019,15239,49.59,72833,99,30728,133349,24,27
1667979727,2022-11-09 01:42:07 -0600,f41db939b852c033d0f66ec2a12ae59a5cf6c37a,MI,26115,2,2022-11-09T01:00:00.000Z,FIPSCode,26115,0,2022-11-09T04:41:45.132Z,24,42.19,64,37.5,38018,15489,50.41,38019,15239,49.59,72833,99,30728,133349,24,27
1667979765,2022-11-09 01:42:45 -0600,e20d3d18de2024c6ec748d544de216fd0e889070,MI,26115,2,2022-11-09T01:00:00.000Z,FIPSCode,26115,0,2022-11-09T04:41:45.132Z,24,42.19,64,37.5,38018,15489,50.41,38019,15239,49.59,72833,99,30728,133349,24,27
1667979807,2022-11-09 01:43:27 -0600,fda1599d5dbdfbd32e28d16eb4a1fc9dc29895a1,MI,26115,2,2022-11-09T01:00:00.000Z,FIPSCode,26115,0,2022-11-09T04:41:45.132Z,24,42.19,64,37.5,38018,15489,50.41,38019,15239,49.59,72833,99,30728,133349,24,27
1667979845,2022-11-09 01:44:05 -0600,56f55ff2a859e10bf2feb3a958e483acbe185172,MI,26115,2,2022-11-09T01:00:00.000Z,FIPSCode,26115,0,2022-11-09T04:41:45.132Z,24,42.19,64,37.5,38018,15489,50.41,38019,15239,49.59,72833,99,30728,133349,24,27
1667979926,2022-11-09 01:45:26 -0600,9b0489556f79fd338933dc887f608460bae29ac3,MI,26115,2,2022-11-09T01:00:00.000Z,FIPSCode,26115,0,2022-11-09T04:41:45.132Z,24,42.19,64,37.5,38018,15489,50.41,38019,15239,49.59,72833,99,30728,133349,24,27
1667980354,2022-11-09 01:52:34 -0600,b95b3aa03864d3aa8e20ef68881e81d2ed7e17c2,MI,26115,2,2022-11-09T01:00:00.000Z,FIPSCode,26115,0,2022-11-09T04:41:45.132Z,24,42.19,64,37.5,38018,15489,50.41,38019,15239,49.59,72833,99,30728,133349,24,27
1667980498,2022-11-09 01:54:58 -0600,080f852a8c127ca7a693ce7339f054df2661fd43,MI,26115,2,2022-11-09T01:00:00.000Z,FIPSCode,26115,0,2022-11-09T04:41:45.132Z,24,42.19,64,37.5,38018,15489,50.41,38019,15239,49.59,72833,99,30728,133349,24,27
1667981000,2022-11-09 02:03:20 -0600,1844b1345bbfb22bedca82071a40b5941a2e46f1,MI,26115,2,2022-11-09T01:00:00.000Z,FIPSCode,26115,0,2022-11-09T04:41:45.132Z,24,42.19,64,37.5,38018,15489,50.41,38019,15239,49.59,72833,99,30728,133349,24,27
1667981123,2022-11-09 02:05:23 -0600,cab57d2c03fab6367d8f4209c67e475f346b5a09,MI,26115,2,2022-11-09T01:00:00.000Z,FIPSCode,26115,0,2022-11-09T04:41:45.132Z,24,42.19,64,37.5,38018,15489,50.41,38019,15239,49.59,72833,99,30728,133349,24,27
1667981723,2022-11-09 02:15:23 -0600,ed0d693023b7325c0034a40bd5e527fb691b30d5,MI,26115,2,2022-11-09T01:00:00.000Z,FIPSCode,26115,0,2022-11-09T04:41:45.132Z,24,42.19,64,37.5,38018,15489,50.41,38019,15239,49.59,72833,99,30728,133349,24,27
1667981884,2022-11-09 02:18:04 -0600,1d01d3e7b1a7d975fd5163dbde647aabc94b3598,MI,26115,2,2022-11-09T01:00:00.000Z,FIPSCode,26115,0,2022-11-09T04:41:45.132Z,24,42.19,64,37.5,38018,15489,50.41,38019,15239,49.59,72833,99,30728,133349,24,27
1667982002,2022-11-09 02:20:02 -0600,55d43d6174b4d852acbda6bae98fc1f4f93cabfe,MI,26115,2,2022-11-09T01:00:00.000Z,FIPSCode,26115,0,2022-11-09T04:41:45.132Z,24,42.19,64,37.5,38018,15489,50.41,38019,15239,49.59,72833,99,30728,133349,24,27
1667982199,2022-11-09 02:23:19 -0600,0f8260b25929c4b69b3b9d7f2f5fb7ed3444679e,MI,26115,2,2022-11-09T01:00:00.000Z,FIPSCode,26115,0,2022-11-09T04:41:45.132Z,24,42.19,64,37.5,38018,15489,50.41,38019,15239,49.59,72833,99,30728,133349,24,27
1667982239,2022-11-09 02:23:59 -0600,6ac7decc37ff65117d96ebb80dff7cb7afcf6df0,MI,26115,2,2022-11-09T01:00:00.000Z,FIPSCode,26115,0,2022-11-09T04:41:45.132Z,24,42.19,64,37.5,38018,15489,50.41,38019,15239,49.59,72833,99,30728,133349,24,27
1667982675,2022-11-09 02:31:15 -0600,786807e6e366b393d0fa43f17f9992eb44d36d90,MI,26115,2,2022-11-09T01:00:00.000Z,FIPSCode,26115,0,2022-11-09T04:41:45.132Z,24,42.19,64,37.5,38018,15489,50.41,38019,15239,49.59,72833,99,30728,133349,24,27
1667982715,2022-11-09 02:31:55 -0600,adeb1bd568c98eed36a0f10c8c3df06cf197a331,MI,26115,2,2022-11-09T01:00:00.000Z,FIPSCode,26115,0,2022-11-09T04:41:45.132Z,24,42.19,64,37.5,38018,15489,50.41,38019,15239,49.59,72833,99,30728,133349,24,27
1667982876,2022-11-09 02:34:36 -0600,f1dcf8490c2a8ff76c7720ff88b0d3bca82564fc,MI,26115,2,2022-11-09T01:00:00.000Z,FIPSCode,26115,0,2022-11-09T04:41:45.132Z,24,42.19,64,37.5,38018,15489,50.41,38019,15239,49.59,72833,99,30728,133349,24,27
1667983190,2022-11-09 02:39:50 -0600,33d66fac29e7b6dbaed9d0c4d2c158e412e07a74,MI,26115,2,2022-11-09T01:00:00.000Z,FIPSCode,26115,0,2022-11-09T04:41:45.132Z,24,42.19,64,37.5,38018,15489,50.41,38019,15239,49.59,72833,99,30728,133349,24,27
1667983429,2022-11-09 02:43:49 -0600,91ad4bfbba7a9cd52231076db531ea20d83a9660,MI,26115,2,2022-11-09T01:00:00.000Z,FIPSCode,26115,0,2022-11-09T04:41:45.132Z,24,42.19,64,37.5,38018,15489,50.41,38019,15239,49.59,72833,99,30728,133349,24,27
1667983471,2022-11-09 02:44:31 -0600,70d36d9850461d49fa32ba3e867341f797936529,MI,26115,2,2022-11-09T01:00:00.000Z,FIPSCode,26115,0,2022-11-09T04:41:45.132Z,24,42.19,64,37.5,38018,15489,50.41,38019,15239,49.59,72833,99,30728,133349,24,27
1667983595,2022-11-09 02:46:35 -0600,2dd0aebbae72cb28f364a323cce9d6d3c29ae669,MI,26115,2,2022-11-09T01:00:00.000Z,FIPSCode,26115,0,2022-11-09T08:44:47.399Z,24,42.19,64,37.5,38018,15489,50.41,38019,15239,49.59,72833,99,30728,133349,24,27
1667983635,2022-11-09 02:47:15 -0600,1cdb9a7b5c0dc8139636f660659c4c3e1664a857,MI,26115,2,2022-11-09T01:00:00.000Z,FIPSCode,26115,0,2022-11-09T08:44:47.399Z,24,42.19,64,37.5,38018,15489,50.41,38019,15239,49.59,72833,99,30728,133349,24,27
1667983719,2022-11-09 02:48:39 -0600,a8d889d3e1698c6a2e70070696b60b41396d5c92,MI,26115,2,2022-11-09T01:00:00.000Z,FIPSCode,26115,0,2022-11-09T08:44:47.399Z,24,42.19,64,37.5,38018,15489,50.41,38019,15239,49.59,72833,99,30728,133349,24,27
1667984080,2022-11-09 02:54:40 -0600,64f6a7ce21c05e56c49189b02387a15c5c842df8,MI,26115,2,2022-11-09T01:00:00.000Z,FIPSCode,26115,0,2022-11-09T08:44:47.399Z,24,42.19,64,37.5,38018,15489,50.41,38019,15239,49.59,72833,99,30728,133349,24,27
1667984122,2022-11-09 02:55:22 -0600,f2e853654cd27abddf023ce23da337dc2bd7eb19,MI,26115,2,2022-11-09T01:00:00.000Z,FIPSCode,26115,0,2022-11-09T08:44:47.399Z,24,42.19,64,37.5,38018,15489,50.41,38019,15239,49.59,72833,99,30728,133349,24,27
1667984764,2022-11-09 03:06:04 -0600,db7461c203555bdc9bc9774db7ede91b31160520,MI,26115,2,2022-11-09T01:00:00.000Z,FIPSCode,26115,0,2022-11-09T08:44:47.399Z,24,42.19,64,37.5,38018,15489,50.41,38019,15239,49.59,72833,99,30728,133349,24,27
1667984848,2022-11-09 03:07:28 -0600,e9b16afb9db085ca2bb568866869f7546b9f3f94,MI,26115,2,2022-11-09T01:00:00.000Z,FIPSCode,26115,0,2022-11-09T08:44:47.399Z,24,42.19,64,37.5,38018,15489,50.41,38019,15239,49.59,72833,99,30728,133349,24,27
1667984888,2022-11-09 03:08:08 -0600,0a25683529b8d73a4f5b69baea0a2f251fde5a9e,MI,26115,2,2022-11-09T01:00:00.000Z,FIPSCode,26115,0,2022-11-09T08:44:47.399Z,24,42.19,64,37.5,38018,15489,50.41,38019,15239,49.59,72833,99,30728,133349,24,27
1667984930,2022-11-09 03:08:50 -0600,10c4f67041e9ff33fbd9fde6d5b2468e0d88d48f,MI,26115,2,2022-11-09T01:00:00.000Z,FIPSCode,26115,0,2022-11-09T08:44:47.399Z,24,42.19,64,37.5,38018,15489,50.41,38019,15239,49.59,72833,99,30728,133349,24,27
1667985011,2022-11-09 03:10:11 -0600,0743f6f16071cb28a6e8a0e363705623355a94c0,MI,26115,2,2022-11-09T01:00:00.000Z,FIPSCode,26115,0,2022-11-09T08:44:47.399Z,24,42.19,64,37.5,38018,15489,50.41,38019,15239,49.59,72833,99,30728,133349,24,27
1667985052,2022-11-09 03:10:52 -0600,8db4cd830de981fcfc96ae5cfa5893c8fdf058d5,MI,26115,2,2022-11-09T01:00:00.000Z,FIPSCode,26115,0,2022-11-09T08:44:47.399Z,24,42.19,64,37.5,38018,15489,50.41,38019,15239,49.59,72833,99,30728,133349,24,27
1667985093,2022-11-09 03:11:33 -0600,add46abbfc92cef6d2edcd2670f5bac30248fa35,MI,26115,2,2022-11-09T01:00:00.000Z,FIPSCode,26115,0,2022-11-09T08:44:47.399Z,24,42.19,64,37.5,38018,15489,50.41,38019,15239,49.59,72833,99,30728,133349,24,27
1667985436,2022-11-09 03:17:16 -0600,3424d47f5341c2a346e8a3799f78a52faeab6c0b,MI,26115,2,2022-11-09T01:00:00.000Z,FIPSCode,26115,0,2022-11-09T08:44:47.399Z,24,42.19,64,37.5,38018,15489,50.41,38019,15239,49.59,72833,99,30728,133349,24,27
1667985591,2022-11-09 03:19:51 -0600,483b045d8eb45553d1fc158eaa878605708e5845,MI,26115,2,2022-11-09T01:00:00.000Z,FIPSCode,26115,0,2022-11-09T08:44:47.399Z,24,42.19,64,37.5,38018,15489,50.41,38019,15239,49.59,72833,99,30728,133349,24,27
1667985683,2022-11-09 03:21:23 -0600,8d6490b73382f2ed58c3fbdb846897b79d79f217,MI,26115,2,2022-11-09T01:00:00.000Z,FIPSCode,26115,0,2022-11-09T08:44:47.399Z,24,42.19,64,37.5,38018,15489,50.41,38019,15239,49.59,72833,99,30728,133349,24,27
1667985822,2022-11-09 03:23:42 -0600,fe208075ec8f2013e218507464df245c10479ee1,MI,26115,2,2022-11-09T01:00:00.000Z,FIPSCode,26115,0,2022-11-09T08:44:47.399Z,24,42.19,64,37.5,38018,15489,50.41,38019,15239,49.59,72833,99,30728,133349,24,27
1667985862,2022-11-09 03:24:22 -0600,c99936830ae024241422f34e194ea28fd47bbfa6,MI,26115,2,2022-11-09T01:00:00.000Z,FIPSCode,26115,0,2022-11-09T08:44:47.399Z,24,42.19,64,37.5,38018,15489,50.41,38019,15239,49.59,72833,99,30728,133349,24,27
1667986188,2022-11-09 03:29:48 -0600,64f0dd4fc7a8de22a11d1603592ffce335504ee7,MI,26115,2,2022-11-09T01:00:00.000Z,FIPSCode,26115,0,2022-11-09T08:44:47.399Z,24,42.19,64,37.5,38018,15489,50.41,38019,15239,49.59,72833,99,30728,133349,24,27
1667986229,2022-11-09 03:30:29 -0600,de4f075f484eeefc61db9b38c50cadb02e21f0eb,MI,26115,2,2022-11-09T01:00:00.000Z,FIPSCode,26115,0,2022-11-09T08:44:47.399Z,24,42.19,64,37.5,38018,15489,50.41,38019,15239,49.59,72833,99,30728,133349,24,27
1667986270,2022-11-09 03:31:10 -0600,8b08ac238b66c1bf432ca7a82738d5523f4e4f8f,MI,26115,2,2022-11-09T01:00:00.000Z,FIPSCode,26115,0,2022-11-09T08:44:47.399Z,24,42.19,64,37.5,38018,15489,50.41,38019,15239,49.59,72833,99,30728,133349,24,27
1667986312,2022-11-09 03:31:52 -0600,247a3d1d50873ce12e852fc2d9d50fa5f45ffbf7,MI,26115,2,2022-11-09T01:00:00.000Z,FIPSCode,26115,0,2022-11-09T08:44:47.399Z,24,42.19,64,37.5,38018,15489,50.41,38019,15239,49.59,72833,99,30728,133349,24,27
1667986351,2022-11-09 03:32:31 -0600,458a623671788240c2b9d6b0c9ceca4f2fef369b,MI,26115,2,2022-11-09T01:00:00.000Z,FIPSCode,26115,0,2022-11-09T08:44:47.399Z,24,42.19,64,37.5,38018,15489,50.41,38019,15239,49.59,72833,99,30728,133349,24,27
1667986391,2022-11-09 03:33:11 -0600,49eb3b2b658978da8fc8e7a6de93597cdfa13352,MI,26115,2,2022-11-09T01:00:00.000Z,FIPSCode,26115,0,2022-11-09T08:44:47.399Z,24,42.19,64,37.5,38018,15489,50.41,38019,15239,49.59,72833,99,30728,133349,24,27
1667986431,2022-11-09 03:33:51 -0600,571b6e116a19aa53d8fa13ce1c809bdc2f746683,MI,26115,2,2022-11-09T01:00:00.000Z,FIPSCode,26115,0,2022-11-09T08:44:47.399Z,24,42.19,64,37.5,38018,15489,50.41,38019,15239,49.59,72833,99,30728,133349,24,27
1667986470,2022-11-09 03:34:30 -0600,8252d82224313aea9a0d717a99f01f186da092f3,MI,26115,2,2022-11-09T01:00:00.000Z,FIPSCode,26115,0,2022-11-09T08:44:47.399Z,24,42.19,64,37.5,38018,15489,50.41,38019,15239,49.59,72833,99,30728,133349,24,27
1667986510,2022-11-09 03:35:10 -0600,acecbdfc9911e82977e1f99d23cbbf9908265bd5,MI,26115,2,2022-11-09T01:00:00.000Z,FIPSCode,26115,0,2022-11-09T08:44:47.399Z,24,42.19,64,37.5,38018,15489,50.41,38019,15239,49.59,72833,99,30728,133349,24,27
1667986752,2022-11-09 03:39:12 -0600,64c9b2e34cc426d9eb690d684a4c1ca2c713909d,MI,26115,2,2022-11-09T01:00:00.000Z,FIPSCode,26115,0,2022-11-09T09:35:13.369Z,24,42.19,64,37.5,38018,15489,50.41,38019,15239,49.59,72833,99,30728,133349,24,27
1667986872,2022-11-09 03:41:12 -0600,f878f3b60e8ceb3542d6c044870ffba85849690d,MI,26115,2,2022-11-09T01:00:00.000Z,FIPSCode,26115,0,2022-11-09T09:35:13.369Z,24,42.19,64,37.5,38018,15489,50.41,38019,15239,49.59,72833,99,30728,133349,24,27
1667987035,2022-11-09 03:43:55 -0600,87b2642ee41f88bdc2e6caeced2634ba3e07813c,MI,26115,2,2022-11-09T01:00:00.000Z,FIPSCode,26115,0,2022-11-09T09:35:13.369Z,24,42.19,64,37.5,38018,15489,50.41,38019,15239,49.59,72833,99,30728,133349,24,27
1667987115,2022-11-09 03:45:15 -0600,e23b8de2242415db61d865c6efae16c4ec047a9f,MI,26115,2,2022-11-09T01:00:00.000Z,FIPSCode,26115,0,2022-11-09T09:35:13.369Z,24,42.19,64,37.5,38018,15489,50.41,38019,15239,49.59,72833,99,30728,133349,24,27
1667987239,2022-11-09 03:47:19 -0600,ea04b4cf4ec3ed63cf6d1c51c268e60bdfd448b5,MI,26115,2,2022-11-09T01:00:00.000Z,FIPSCode,26115,0,2022-11-09T09:35:13.369Z,24,42.19,64,37.5,38018,15489,50.41,38019,15239,49.59,72833,99,30728,133349,24,27
1667987280,2022-11-09 03:48:00 -0600,a88286d7028ba2595139baf03aeca44134230973,MI,26115,2,2022-11-09T01:00:00.000Z,FIPSCode,26115,0,2022-11-09T09:35:13.369Z,24,42.19,64,37.5,38018,15489,50.41,38019,15239,49.59,72833,99,30728,133349,24,27
1667987361,2022-11-09 03:49:21 -0600,9cc128b5987d9c59e09370f209f1915ff92ed38a,MI,26115,2,2022-11-09T01:00:00.000Z,FIPSCode,26115,0,2022-11-09T09:35:13.369Z,24,42.19,64,37.5,38018,15489,50.41,38019,15239,49.59,72833,99,30728,133349,24,27
1667987805,2022-11-09 03:56:45 -0600,bbb6a6d5fd03b4b1c0bc88f9b3ab4c08369a3edd,MI,26115,2,2022-11-09T01:00:00.000Z,FIPSCode,26115,0,2022-11-09T09:35:13.369Z,24,42.19,64,37.5,38018,15489,50.41,38019,15239,49.59,72833,99,30728,133349,24,27
1667987926,2022-11-09 03:58:46 -0600,73e091fdf26f4aa144c64e02115a1b8534b6c6ed,MI,26115,2,2022-11-09T01:00:00.000Z,FIPSCode,26115,0,2022-11-09T09:35:13.369Z,24,42.19,64,37.5,38018,15489,50.41,38019,15239,49.59,72833,99,30728,133349,24,27
1667988326,2022-11-09 04:05:26 -0600,81f3312db0f02393b6f99b1a3db05495e5086572,MI,26115,2,2022-11-09T01:00:00.000Z,FIPSCode,26115,0,2022-11-09T09:35:13.369Z,24,42.19,64,37.5,38018,15489,50.41,38019,15239,49.59,72833,99,30728,133349,24,27
1667988367,2022-11-09 04:06:07 -0600,569f912dbebdb6a9fd0dc530b121779cb6ef9407,MI,26115,2,2022-11-09T01:00:00.000Z,FIPSCode,26115,0,2022-11-09T09:35:13.369Z,24,42.19,64,37.5,38018,15489,50.41,38019,15239,49.59,72833,99,30728,133349,24,27
1667988603,2022-11-09 04:10:03 -0600,c57fd67b0b96993b9f7c98a49335fed712bca534,MI,26115,2,2022-11-09T01:00:00.000Z,FIPSCode,26115,0,2022-11-09T09:35:13.369Z,24,42.19,64,37.5,38018,15489,50.41,38019,15239,49.59,72833,99,30728,133349,24,27
1667988643,2022-11-09 04:10:43 -0600,591a6073b04ab0ebd3abfd9fecd162fe68e47757,MI,26115,2,2022-11-09T01:00:00.000Z,FIPSCode,26115,0,2022-11-09T09:35:13.369Z,24,42.19,64,37.5,38018,15489,50.41,38019,15239,49.59,72833,99,30728,133349,24,27
1667989362,2022-11-09 04:22:42 -0600,7d7e6bdfbd3448a38ee52e4c7da63d3df7255eb5,MI,26115,2,2022-11-09T01:00:00.000Z,FIPSCode,26115,0,2022-11-09T09:35:13.369Z,24,42.19,64,37.5,38018,15489,50.41,38019,15239,49.59,72833,99,30728,133349,24,27
1667989403,2022-11-09 04:23:23 -0600,3960f2a4186e207e2f1267a38abefd37b2a3bb6b,MI,26115,2,2022-11-09T01:00:00.000Z,FIPSCode,26115,0,2022-11-09T09:35:13.369Z,24,42.19,64,37.5,38018,15489,50.41,38019,15239,49.59,72833,99,30728,133349,24,27
1667989561,2022-11-09 04:26:01 -0600,47ece8d933215267bcb907f354b91267dbe0644f,MI,26115,2,2022-11-09T01:00:00.000Z,FIPSCode,26115,0,2022-11-09T09:35:13.369Z,24,42.19,64,37.5,38018,15489,50.41,38019,15239,49.59,72833,99,30728,133349,24,27
1667989723,2022-11-09 04:28:43 -0600,dafacf7e31964ad605ca80218ca8e7a0ec8fa136,MI,26115,2,2022-11-09T01:00:00.000Z,FIPSCode,26115,0,2022-11-09T09:35:13.369Z,24,42.19,64,37.5,38018,15489,50.41,38019,15239,49.59,72833,99,30728,133349,24,27
1667989763,2022-11-09 04:29:23 -0600,df58263396b66ef421d79815b8f4d77bd793e4dd,MI,26115,2,2022-11-09T01:00:00.000Z,FIPSCode,26115,0,2022-11-09T09:35:13.369Z,24,42.19,64,37.5,38018,15489,50.41,38019,15239,49.59,72833,99,30728,133349,24,27
1667990084,2022-11-09 04:34:44 -0600,45716aed81695dc8882d856a53214d8956dc86f7,MI,26115,2,2022-11-09T01:00:00.000Z,FIPSCode,26115,0,2022-11-09T09:35:13.369Z,24,42.19,64,37.5,38018,15489,50.41,38019,15239,49.59,72833,99,30728,133349,24,27
1667994429,2022-11-09 05:47:09 -0600,2331ce4c03742a3d8969a782ac80ebfb5332bd38,MI,26115,2,2022-11-09T01:00:00.000Z,FIPSCode,26115,0,2022-11-09T11:45:46.522Z,24,42.19,64,37.5,38018,15489,50.41,38019,15239,49.59,72833,99,30728,133349,24,27
1668001886,2022-11-09 07:51:26 -0600,d4fcd5474557d6bfbea87edfa413855f972ff77d,MI,26115,2,2022-11-09T01:00:00.000Z,FIPSCode,26115,0,2022-11-09T11:45:46.522Z,24,42.19,64,37.5,38018,15489,50.41,38019,15239,49.59,72833,99,30728,133349,24,27
1668002607,2022-11-09 08:03:27 -0600,ff261b881a325c8d9255f39fb455fafb782b229e,MI,26115,2,2022-11-09T01:00:00.000Z,FIPSCode,26115,0,2022-11-09T14:02:43.493Z,64,88.34,64,100.0,38018,33101,51.44,38019,31243,48.56,72833,99,64344,133349,64,57
1668003500,2022-11-09 08:18:20 -0600,a962d0258b51fca8269ffd171ba268eea4c63dfc,MI,26115,2,2022-11-09T01:00:00.000Z,FIPSCode,26115,0,2022-11-09T14:02:43.493Z,64,88.34,64,100.0,38018,33101,51.44,38019,31243,48.56,72833,99,64344,133349,64,57
1668004596,2022-11-09 08:36:36 -0600,eb6cf89279fbfa5cd60a7f462ce5c79fc0b0182a,MI,26115,2,2022-11-09T01:00:00.000Z,FIPSCode,26115,0,2022-11-09T14:02:43.493Z,64,88.34,64,100.0,38018,33101,51.44,38019,31243,48.56,72833,99,64344,133349,64,57
1668005762,2022-11-09 08:56:02 -0600,307ba24af73c27ee28138caea25484bd3ece64e9,MI,26115,2,2022-11-09T01:00:00.000Z,FIPSCode,26115,0,2022-11-09T14:02:43.493Z,64,88.34,64,100.0,38018,33101,51.44,38019,31243,48.56,72833,99,64344,133349,64,57
1668006288,2022-11-09 09:04:48 -0600,e0e40b70a1b0540a49aff6a8cd23d9c7034b2ee6,MI,26115,2,2022-11-09T01:00:00.000Z,FIPSCode,26115,0,2022-11-09T14:02:43.493Z,64,88.34,64,100.0,38018,33101,51.44,38019,31243,48.56,72833,99,64344,133349,64,57
1668006739,2022-11-09 09:12:19 -0600,fc998c998fb95c3d36e9a0dc0813ae1de3ccce2b,MI,26115,2,2022-11-09T01:00:00.000Z,FIPSCode,26115,0,2022-11-09T14:02:43.493Z,64,88.34,64,100.0,38018,33101,51.44,38019,31243,48.56,72833,99,64344,133349,64,57
1668006778,2022-11-09 09:12:58 -0600,636a2ed89d2354abc2d55d1b61bbd660b224b50f,MI,26115,2,2022-11-09T01:00:00.000Z,FIPSCode,26115,0,2022-11-09T14:02:43.493Z,64,88.34,64,100.0,38018,33101,51.44,38019,31243,48.56,72833,99,64344,133349,64,57
1668006860,2022-11-09 09:14:20 -0600,9518afc98bc0a25d5524a44185eda8ff04d969a8,MI,26115,2,2022-11-09T01:00:00.000Z,FIPSCode,26115,0,2022-11-09T14:02:43.493Z,64,88.34,64,100.0,38018,33101,51.44,38019,31243,48.56,72833,99,64344,133349,64,57
1668006901,2022-11-09 09:15:01 -0600,f21267999011947f39c2ad912edb85baae0d4b52,MI,26115,2,2022-11-09T01:00:00.000Z,FIPSCode,26115,0,2022-11-09T14:02:43.493Z,64,88.34,64,100.0,38018,33101,51.44,38019,31243,48.56,72833,99,64344,133349,64,57
1668007024,2022-11-09 09:17:04 -0600,f7a3e790a3e4fbb4fd8791acd3bdf21ad9fbc07f,MI,26115,2,2022-11-09T01:00:00.000Z,FIPSCode,26115,0,2022-11-09T14:02:43.493Z,64,88.34,64,100.0,38018,33101,51.44,38019,31243,48.56,72833,99,64344,133349,64,57
1668007346,2022-11-09 09:22:26 -0600,f6b980a00d97c3c687f3cb686a576e58833e7e35,MI,26115,2,2022-11-09T01:00:00.000Z,FIPSCode,26115,0,2022-11-09T14:02:43.493Z,64,88.34,64,100.0,38018,33101,51.44,38019,31243,48.56,72833,99,64344,133349,64,57
1668007387,2022-11-09 09:23:07 -0600,bea0c94185fce6e47125e27fdd292e977a1919ae,MI,26115,2,2022-11-09T01:00:00.000Z,FIPSCode,26115,0,2022-11-09T14:02:43.493Z,64,88.34,64,100.0,38018,33101,51.44,38019,31243,48.56,72833,99,64344,133349,64,57
1668007427,2022-11-09 09:23:47 -0600,810d539dcb78e8fb01be53cd8a268c9a5599e883,MI,26115,2,2022-11-09T01:00:00.000Z,FIPSCode,26115,0,2022-11-09T14:02:43.493Z,64,88.34,64,100.0,38018,33101,51.44,38019,31243,48.56,72833,99,64344,133349,64,57
1668007509,2022-11-09 09:25:09 -0600,b85fd38276b6000fb4a31432cab1a1e6fb9e8fc0,MI,26115,2,2022-11-09T01:00:00.000Z,FIPSCode,26115,0,2022-11-09T14:02:43.493Z,64,88.34,64,100.0,38018,33101,51.44,38019,31243,48.56,72833,99,64344,133349,64,57
1668008605,2022-11-09 09:43:25 -0600,07f360cc2ba5105c5f02f855cd5f4098e61e4ca9,MI,26115,2,2022-11-09T01:00:00.000Z,FIPSCode,26115,0,2022-11-09T14:02:43.493Z,64,88.34,64,100.0,38018,33101,51.44,38019,31243,48.56,72833,99,64344,133349,64,57
1668013436,2022-11-09 11:03:56 -0600,b8a07d78bf872fba80e5570f26d2834d74ea67c9,MI,26115,2,2022-11-09T01:00:00.000Z,FIPSCode,26115,0,2022-11-09T14:02:43.493Z,64,88.34,64,100.0,38018,33101,51.44,38019,31243,48.56,72833,99,64344,133349,64,57
1668013598,2022-11-09 11:06:38 -0600,b73843ea180f5fe85f68d153a7e2e2afb94e9f06,MI,26115,2,2022-11-09T01:00:00.000Z,FIPSCode,26115,0,2022-11-09T14:02:43.493Z,64,88.34,64,100.0,38018,33101,51.44,38019,31243,48.56,72833,99,64344,133349,64,57
1668013644,2022-11-09 11:07:24 -0600,149fa4c47bc02be1867d5154d9cb65935c12b338,MI,26115,2,2022-11-09T01:00:00.000Z,FIPSCode,26115,0,2022-11-09T14:02:43.493Z,64,88.34,64,100.0,38018,33101,51.44,38019,31243,48.56,72833,99,64344,133349,64,57
1668013729,2022-11-09 11:08:49 -0600,94f4ef7ff4d7cdd1203f0c6148d903f215e9ee90,MI,26115,2,2022-11-09T01:00:00.000Z,FIPSCode,26115,0,2022-11-09T14:02:43.493Z,64,88.34,64,100.0,38018,33101,51.44,38019,31243,48.56,72833,99,64344,133349,64,57
1668013894,2022-11-09 11:11:34 -0600,5a34255d3aefd2368129ef77fd2acdcf370b5145,MI,26115,2,2022-11-09T01:00:00.000Z,FIPSCode,26115,0,2022-11-09T14:02:43.493Z,64,88.34,64,100.0,38018,33101,51.44,38019,31243,48.56,72833,99,64344,133349,64,57
1668014559,2022-11-09 11:22:39 -0600,05066aab4c0b93d613c359f22c9813470546f78b,MI,26115,2,2022-11-09T01:00:00.000Z,FIPSCode,26115,0,2022-11-09T14:02:43.493Z,64,88.34,64,100.0,38018,33101,51.44,38019,31243,48.56,72833,99,64344,133349,64,57
1668014809,2022-11-09 11:26:49 -0600,fffdf43f0b6fc755d70750f983e80a24f6b5fc65,MI,26115,2,2022-11-09T01:00:00.000Z,FIPSCode,26115,0,2022-11-09T14:02:43.493Z,64,88.34,64,100.0,38018,33101,51.44,38019,31243,48.56,72833,99,64344,133349,64,57
1668015021,2022-11-09 11:30:21 -0600,e4d4d750c306b5d6512f6dac36b0537b3910d1d4,MI,26115,2,2022-11-09T01:00:00.000Z,FIPSCode,26115,0,2022-11-09T14:02:43.493Z,64,88.34,64,100.0,38018,33101,51.44,38019,31243,48.56,72833,99,64344,133349,64,57
1668015190,2022-11-09 11:33:10 -0600,d52385464df39ba60b93a76ab54f5eec5ee963c7,MI,26115,2,2022-11-09T01:00:00.000Z,FIPSCode,26115,0,2022-11-09T14:02:43.493Z,64,88.34,64,100.0,38018,33101,51.44,38019,31243,48.56,72833,99,64344,133349,64,57
1668015276,2022-11-09 11:34:36 -0600,dcda9d10235f87ec4665b5c918b5272474a1d6ee,MI,26115,2,2022-11-09T01:00:00.000Z,FIPSCode,26115,0,2022-11-09T14:02:43.493Z,64,88.34,64,100.0,38018,33101,51.44,38019,31243,48.56,72833,99,64344,133349,64,57
1668015610,2022-11-09 11:40:10 -0600,491bd045e4672d0d9bb2414b52976cc9b6f8c270,MI,26115,2,2022-11-09T01:00:00.000Z,FIPSCode,26115,0,2022-11-09T14:02:43.493Z,64,88.34,64,100.0,38018,33101,51.44,38019,31243,48.56,72833,99,64344,133349,64,57
1668015694,2022-11-09 11:41:34 -0600,ce0677c22ad54acfecf4b507a316ae443e7960da,MI,26115,2,2022-11-09T01:00:00.000Z,FIPSCode,26115,0,2022-11-09T14:02:43.493Z,64,88.34,64,100.0,38018,33101,51.44,38019,31243,48.56,72833,99,64344,133349,64,57
1668015778,2022-11-09 11:42:58 -0600,b2ca2e5e78cfd63f34843bde6136a4b7d01b1d3a,MI,26115,2,2022-11-09T01:00:00.000Z,FIPSCode,26115,0,2022-11-09T17:42:16.026Z,64,99.0,64,100.0,38018,33101,51.44,38019,31243,48.56,64994,99,64344,133349,64,63
1668016578,2022-11-09 11:56:18 -0600,0d81dc844cc25b6a9bfd8886e149711097097217,MI,26115,2,2022-11-09T01:00:00.000Z,FIPSCode,26115,0,2022-11-09T17:42:16.026Z,64,99.0,64,100.0,38018,33101,51.44,38019,31243,48.56,64994,99,64344,133349,64,63
1668016790,2022-11-09 11:59:50 -0600,80d6ec4c67d71c567603b1223e198dbd76c1ae26,MI,26115,2,2022-11-09T01:00:00.000Z,FIPSCode,26115,0,2022-11-09T17:42:16.026Z,64,99.0,64,100.0,38018,33101,51.44,38019,31243,48.56,64994,99,64344,133349,64,63
1668017247,2022-11-09 12:07:27 -0600,f1f74c2eca7236dd8b17feefcbe0f888cbf26fb5,MI,26115,2,2022-11-09T01:00:00.000Z,FIPSCode,26115,0,2022-11-09T18:00:09.120Z,64,99.0,64,100.0,38018,33101,51.44,38019,31243,48.56,64994,99,64344,133349,64,63
1668017373,2022-11-09 12:09:33 -0600,a66cc3fd3cee29b8c80138ffdc848edde54da44a,MI,26115,2,2022-11-09T01:00:00.000Z,FIPSCode,26115,0,2022-11-09T18:00:09.120Z,64,99.0,64,100.0,38018,33101,51.44,38019,31243,48.56,64994,99,64344,133349,64,63
1668017499,2022-11-09 12:11:39 -0600,ba3829571487a5c0cbdc22acb7dcdfa5af8ac885,MI,26115,2,2022-11-09T01:00:00.000Z,FIPSCode,26115,0,2022-11-09T18:00:09.120Z,64,99.0,64,100.0,38018,33101,51.44,38019,31243,48.56,64994,99,64344,133349,64,63
1668017583,2022-11-09 12:13:03 -0600,58e8e7118cc28f94d2f7500d8271dd8329a7e1e3,MI,26115,2,2022-11-09T01:00:00.000Z,FIPSCode,26115,0,2022-11-09T18:00:09.120Z,64,99.0,64,100.0,38018,33101,51.44,38019,31243,48.56,64994,99,64344,133349,64,63
1668017667,2022-11-09 12:14:27 -0600,3654f693a279db397b6d6797cd43f2c8eaef3e1e,MI,26115,2,2022-11-09T01:00:00.000Z,FIPSCode,26115,0,2022-11-09T18:00:09.120Z,64,99.0,64,100.0,38018,33101,51.44,38019,31243,48.56,64994,99,64344,133349,64,63
1668017920,2022-11-09 12:18:40 -0600,b3335bb15e0e6f6208266c54cadb6b6af703e3b7,MI,26115,2,2022-11-09T01:00:00.000Z,FIPSCode,26115,0,2022-11-09T18:00:09.120Z,64,99.0,64,100.0,38018,33101,51.44,38019,31243,48.56,64994,99,64344,133349,64,63
1668018046,2022-11-09 12:20:46 -0600,f39f5395bce3d08abf023c8cdf19c243dd1dfbca,MI,26115,2,2022-11-09T01:00:00.000Z,FIPSCode,26115,0,2022-11-09T18:00:09.120Z,64,99.0,64,100.0,38018,33101,51.44,38019,31243,48.56,64994,99,64344,133349,64,63
1668018385,2022-11-09 12:26:25 -0600,e75977acf838069a165f5092d6831e3f2384b980,MI,26115,2,2022-11-09T01:00:00.000Z,FIPSCode,26115,0,2022-11-09T18:00:09.120Z,64,99.0,64,100.0,38018,33101,51.44,38019,31243,48.56,64994,99,64344,133349,64,63
1668019643,2022-11-09 12:47:23 -0600,d7f868b0887104dd86e4682b45b8c8f7558d8507,MI,26115,2,2022-11-09T01:00:00.000Z,FIPSCode,26115,0,2022-11-09T18:00:09.120Z,64,99.0,64,100.0,38018,33101,51.44,38019,31243,48.56,64994,99,64344,133349,64,63
1668019687,2022-11-09 12:48:07 -0600,706537affaa1aaf708353d2526d57832c260ebaf,MI,26115,2,2022-11-09T01:00:00.000Z,FIPSCode,26115,0,2022-11-09T18:00:09.120Z,64,99.0,64,100.0,38018,33101,51.44,38019,31243,48.56,64994,99,64344,133349,64,63
1668020106,2022-11-09 12:55:06 -0600,1cea6be431ad468a34d3324a40be1a320f07b8d5,MI,26115,2,2022-11-09T01:00:00.000Z,FIPSCode,26115,0,2022-11-09T18:00:09.120Z,64,99.0,64,100.0,38018,33101,51.44,38019,31243,48.56,64994,99,64344,133349,64,63
1668020574,2022-11-09 13:02:54 -0600,6b7dab21547cc3703f237ecd147292bc01fe40fa,MI,26115,2,2022-11-09T01:00:00.000Z,FIPSCode,26115,0,2022-11-09T18:00:09.120Z,64,99.0,64,100.0,38018,33101,51.44,38019,31243,48.56,64994,99,64344,133349,64,63
1668021645,2022-11-09 13:20:45 -0600,4da28a2d8efa3237843507a93050808c568e711c,MI,26115,2,2022-11-09T01:00:00.000Z,FIPSCode,26115,0,2022-11-09T18:00:09.120Z,64,99.0,64,100.0,38018,33101,51.44,38019,31243,48.56,64994,99,64344,133349,64,63
1668022564,2022-11-09 13:36:04 -0600,ff3ddf88745ad0a757caf0046d418a0bf15d692c,MI,26115,2,2022-11-09T01:00:00.000Z,FIPSCode,26115,0,2022-11-09T18:00:09.120Z,64,99.0,64,100.0,38018,33101,51.44,38019,31243,48.56,64994,99,64344,133349,64,63
1668023764,2022-11-09 13:56:04 -0600,4947ff9e617899c45c1210bda020138b75df84df,MI,26115,2,2022-11-09T01:00:00.000Z,FIPSCode,26115,0,2022-11-09T18:00:09.120Z,64,99.0,64,100.0,38018,33101,51.44,38019,31243,48.56,64994,99,64344,133349,64,63
1668051271,2022-11-09 21:34:31 -0600,bd927cb6299656d05f9c8a8e2467fdb2e0a92cdd,MI,26115,2,2022-11-09T01:00:00.000Z,FIPSCode,26115,0,2022-11-09T18:00:09.120Z,64,99.0,64,100.0,38018,33101,51.44,38019,31243,48.56,64994,99,64344,133349,64,63
1668094328,2022-11-10 09:32:08 -0600,95e5eb4efd1485e1829ff005e97195b83f5cb2c4,MI,26115,2,2022-11-09T01:00:00.000Z,FIPSCode,26115,0,2022-11-09T18:00:09.120Z,64,99.0,64,100.0,38018,33101,51.44,38019,31243,48.56,64994,99,64344,133349,64,63
1668098756,2022-11-10 10:45:56 -0600,d5d9aaaefe4ede135aeccd2916efb2914cab932a,MI,26115,2,2022-11-09T01:00:00.000Z,FIPSCode,26115,0,2022-11-09T18:00:09.120Z,64,99.0,64,100.0,38018,33101,51.44,38019,31243,48.56,64994,99,64344,133349,64,63
1668098924,2022-11-10 10:48:44 -0600,711b211c723dbfa7124ce44369bec5c73160f008,MI,26115,2,2022-11-09T01:00:00.000Z,FIPSCode,26115,0,2022-11-09T18:00:09.120Z,64,99.0,64,100.0,38018,33101,51.44,38019,31243,48.56,64994,99,64344,133349,64,63
1668099007,2022-11-10 10:50:07 -0600,224da111f9f53ebb8e46e3e8ab4582682558ff6e,MI,26115,2,2022-11-09T01:00:00.000Z,FIPSCode,26115,0,2022-11-09T18:00:09.120Z,64,99.0,64,100.0,38018,33101,51.44,38019,31243,48.56,64994,99,64344,133349,64,63
1668111813,2022-11-10 14:23:33 -0600,72ce72e09272b2aa9a3ab9d03555eaa676ddbc03,MI,26115,2,2022-11-09T01:00:00.000Z,FIPSCode,26115,0,2022-11-09T18:00:09.120Z,64,99.0,64,100.0,38018,33101,51.44,38019,31243,48.56,64994,99,64344,133349,64,63
1668112106,2022-11-10 14:28:26 -0600,23fd2562ad2611d58c5e74a56f3054523ac22aa9,MI,26115,2,2022-11-09T01:00:00.000Z,FIPSCode,26115,0,2022-11-09T18:00:09.120Z,64,99.0,64,100.0,38018,33101,51.44,38019,31243,48.56,64994,99,64344,133349,64,63
1668116181,2022-11-10 15:36:21 -0600,57666b1ec1edcd47a8f49461dadc8e6522ea840c,MI,26115,2,2022-11-09T01:00:00.000Z,FIPSCode,26115,0,2022-11-09T18:00:09.120Z,64,99.0,64,100.0,38018,33101,51.44,38019,31243,48.56,64994,99,64344,133349,64,63
1668168759,2022-11-11 06:12:39 -0600,3f5bc007e8904e3c513841c9338d357d25267077,MI,26115,2,2022-11-09T01:00:00.000Z,FIPSCode,26115,0,2022-11-11T12:11:42.845Z,64,99.0,64,100.0,38018,33101,51.44,38019,31243,48.56,64994,99,64344,133349,64,63
1668184383,2022-11-11 10:33:03 -0600,c22843dac059dfa9dee94abee48d8dadd227d1c2,MI,26115,2,2022-11-09T01:00:00.000Z,FIPSCode,26115,0,2022-11-11T12:11:42.845Z,64,99.0,64,100.0,38018,33101,51.44,38019,31243,48.56,64994,99,64344,133349,64,63
1668185292,2022-11-11 10:48:12 -0600,3465f12c0d4682f0d4afd9f4f0e14904639633ae,MI,26115,2,2022-11-09T01:00:00.000Z,FIPSCode,26115,0,2022-11-11T12:11:42.845Z,64,99.0,64,100.0,38018,33101,51.44,38019,31243,48.56,64994,99,64344,133349,64,63
1668186476,2022-11-11 11:07:56 -0600,4ed7134a27a60408a55ac65e82a883173cf14fa0,MI,26115,2,2022-11-09T01:00:00.000Z,FIPSCode,26115,0,2022-11-11T12:11:42.845Z,64,99.0,64,100.0,38018,33101,51.44,38019,31243,48.56,64994,99,64344,133349,64,63
1668186643,2022-11-11 11:10:43 -0600,45945fe88929c325107cecaa32b5154342db6413,MI,26115,2,2022-11-09T01:00:00.000Z,FIPSCode,26115,0,2022-11-11T12:11:42.845Z,64,99.0,64,100.0,38018,33101,51.44,38019,31243,48.56,64994,99,64344,133349,64,63
1668189169,2022-11-11 11:52:49 -0600,92935208ca2efdf34402bf2726b1afd20c0a22e6,MI,26115,2,2022-11-09T01:00:00.000Z,FIPSCode,26115,0,2022-11-11T12:11:42.845Z,64,99.0,64,100.0,38018,33101,51.44,38019,31243,48.56,64994,99,64344,133349,64,63
1668189293,2022-11-11 11:54:53 -0600,6c2f40d435a6d5e609fa757ba9ec654d22e7b340,MI,26115,2,2022-11-09T01:00:00.000Z,FIPSCode,26115,0,2022-11-11T12:11:42.845Z,64,99.0,64,100.0,38018,33101,51.44,38019,31243,48.56,64994,99,64344,133349,64,63
1668192456,2022-11-11 12:47:36 -0600,bedde03d80731afc3a0832e8c110b10e66f6906f,MI,26115,2,2022-11-09T01:00:00.000Z,FIPSCode,26115,0,2022-11-11T12:11:42.845Z,64,99.0,64,100.0,38018,33101,51.44,38019,31243,48.56,64994,99,64344,133349,64,63
1668192787,2022-11-11 12:53:07 -0600,c15db11f9a0bc5f7bc7f4bb7b2d19eb8fcc97a93,MI,26115,2,2022-11-09T01:00:00.000Z,FIPSCode,26115,0,2022-11-11T12:11:42.845Z,64,99.0,64,100.0,38018,33101,51.44,38019,31243,48.56,64994,99,64344,133349,64,63
1668193120,2022-11-11 12:58:40 -0600,08b815d57907de95d09d07eb2886936c925438f6,MI,26115,2,2022-11-09T01:00:00.000Z,FIPSCode,26115,0,2022-11-11T12:11:42.845Z,64,99.0,64,100.0,38018,33101,51.44,38019,31243,48.56,64994,99,64344,133349,64,63
1668193161,2022-11-11 12:59:21 -0600,918ed076fe4363a9fe998df437480d9bf2a75756,MI,26115,2,2022-11-09T01:00:00.000Z,FIPSCode,26115,0,2022-11-11T12:11:42.845Z,64,99.0,64,100.0,38018,33101,51.44,38019,31243,48.56,64994,99,64344,133349,64,63
1668193287,2022-11-11 13:01:27 -0600,92e36d602a590b9a5512c5686b3c1b563134489b,MI,26115,2,2022-11-09T01:00:00.000Z,FIPSCode,26115,0,2022-11-11T12:11:42.845Z,64,99.0,64,100.0,38018,33101,51.44,38019,31243,48.56,64994,99,64344,133349,64,63
1668446509,2022-11-14 11:21:49 -0600,cb886ac85279689044bc9963f7336ce70efc4d20,MI,26115,2,2022-11-09T01:00:00.000Z,FIPSCode,26115,0,2022-11-11T12:11:42.845Z,64,99.0,64,100.0,38018,33101,51.44,38019,31243,48.56,64994,99,64344,133349,64,63
1668446538,2022-11-14 11:22:18 -0600,97a2342afdda8a8e43880e5297f6dc3570a4b392,MI,26115,2,2022-11-09T01:00:00.000Z,FIPSCode,26115,0,2022-11-11T12:11:42.845Z,64,99.0,64,100.0,38018,33101,51.44,38019,31243,48.56,64994,99,64344,133349,64,63
1668446555,2022-11-14 11:22:35 -0600,90a55c6362fb26d9c3e90744b40cc6eee0e598cf,MI,26115,2,2022-11-09T01:00:00.000Z,FIPSCode,26115,0,2022-11-11T12:11:42.845Z,64,99.0,64,100.0,38018,33101,51.44,38019,31243,48.56,64994,99,64344,133349,64,63
1668461373,2022-11-14 15:29:33 -0600,0fef3fdb3f474b566f32163a83b018dbdaa3e3a4,MI,26115,2,2022-11-09T01:00:00.000Z,FIPSCode,26115,0,2022-11-11T12:11:42.845Z,64,99.0,64,100.0,38018,33101,51.44,38019,31243,48.56,64994,99,64344,133349,64,63
1669668689,2022-11-28 14:51:29 -0600,259fbcb9e0404f53bbaaaac5f374b0de0d9e49f4,MI,26115,2,2022-11-09T01:00:00.000Z,FIPSCode,26115,0,2022-11-11T12:11:42.845Z,64,99.0,64,100.0,38018,33101,51.44,38019,31243,48.56,64994,99,64344,133349,64,63
1669668708,2022-11-28 14:51:48 -0600,90a202cc20d4ec9da5d23f932b38bd80bff63135,MI,26115,2,2022-11-09T01:00:00.000Z,FIPSCode,26115,0,2022-11-28T20:51:06.454Z,64,96.5,64,100.0,38018,33101,51.44,38019,31243,48.56,66679,100,64344,133349,64,63
