captureTimestamp,captureDateTime,captureRevision,statePostal,reportingunitID,reportingunitLevel,pollClosingTime,level,fipsCode,electTotal,lastUpdated,precinctsReporting,eevp,precinctsTotal,precinctsReportingPct,candidates.0.candidateID,candidates.0.voteCount,candidates.0.votePct,candidates.1.candidateID,candidates.1.voteCount,candidates.1.votePct,candidates.2.candidateID,candidates.2.voteCount,candidates.2.votePct,candidates.3.candidateID,candidates.3.voteCount,candidates.3.votePct,candidates.4.candidateID,candidates.4.voteCount,candidates.4.votePct,candidates.5.candidateID,candidates.5.voteCount,candidates.5.votePct,parameters.vote.expected.actual,parameters.vote.expected.eevpCap,parameters.vote.total,parameters.vote.registered,parameters.precinctsReportingActual,parameters.precinctsReportingProportional
1667886761,2022-11-08 05:52:41 +0000,454ce019f86614717daba988180b8577e032630f,NV,32031,2,2022-11-09T03:00:00.000Z,FIPSCode,32031,0,2022-11-07T21:16:53.310Z,0,0.0,494,0.0,37917,0,0.0,36172,0,0.0,37634,0,0.0,37881,0,0.0,37880,0,0.0,37882,0,0.0,249068,99,0,348079,0,0
1667944347,2022-11-08 21:52:27 +0000,05a3e91e497cb8d3251b3f2f481fd479b6ed8cc7,NV,32031,2,2022-11-09T03:00:00.000Z,FIPSCode,32031,0,2022-11-08T20:33:13.568Z,0,0.0,494,0.0,37917,0,0.0,36172,0,0.0,37634,0,0.0,37881,0,0.0,37880,0,0.0,37882,0,0.0,249062,99,0,348079,0,0
1667964860,2022-11-09 03:34:20 +0000,ee3367b043972f1875e6948799a9babb4f41fd05,NV,32031,2,2022-11-09T03:00:00.000Z,FIPSCode,32031,0,2022-11-09T03:30:14.708Z,0,0.0,494,0.0,37917,0,0.0,36172,0,0.0,37634,0,0.0,37881,0,0.0,37880,0,0.0,37882,0,0.0,249062,97,0,348079,0,0
1667972541,2022-11-08 23:42:21 -0600,d38f954f3e6be3d250d58a04e08655875ea7700c,NV,32031,2,2022-11-09T03:00:00.000Z,FIPSCode,32031,0,2022-11-09T03:30:14.708Z,0,0.0,494,0.0,37917,0,0.0,36172,0,0.0,37634,0,0.0,37881,0,0.0,37880,0,0.0,37882,0,0.0,249062,97,0,348079,0,0
1667973248,2022-11-08 23:54:08 -0600,fb954f3a0e354e923f1bd778e51927737d2c1332,NV,32031,2,2022-11-09T03:00:00.000Z,FIPSCode,32031,0,2022-11-09T03:30:14.708Z,0,0.0,494,0.0,37917,0,0.0,36172,0,0.0,37634,0,0.0,37881,0,0.0,37880,0,0.0,37882,0,0.0,249062,97,0,348079,0,0
1667973338,2022-11-08 23:55:38 -0600,60e23f89b0832d690c2e9c2012f75df6b998f230,NV,32031,2,2022-11-09T03:00:00.000Z,FIPSCode,32031,0,2022-11-09T03:30:14.708Z,0,0.0,494,0.0,37917,0,0.0,36172,0,0.0,37634,0,0.0,37881,0,0.0,37880,0,0.0,37882,0,0.0,249062,97,0,348079,0,0
1667973555,2022-11-08 23:59:15 -0600,574ef20eb007a0ff55ecd54e4003b61f517e06b5,NV,32031,2,2022-11-09T03:00:00.000Z,FIPSCode,32031,0,2022-11-09T03:30:14.708Z,0,0.0,494,0.0,37917,0,0.0,36172,0,0.0,37634,0,0.0,37881,0,0.0,37880,0,0.0,37882,0,0.0,249062,97,0,348079,0,0
1667973648,2022-11-09 00:00:48 -0600,56d1333c268e0ca83267f304bc7ebda9b0c770b6,NV,32031,2,2022-11-09T03:00:00.000Z,FIPSCode,32031,0,2022-11-09T03:30:14.708Z,0,0.0,494,0.0,37917,0,0.0,36172,0,0.0,37634,0,0.0,37881,0,0.0,37880,0,0.0,37882,0,0.0,249062,97,0,348079,0,0
1667973737,2022-11-09 00:02:17 -0600,f7940d04f83247dd0cbf585d2d4f25b8c66e477d,NV,32031,2,2022-11-09T03:00:00.000Z,FIPSCode,32031,0,2022-11-09T03:30:14.708Z,0,0.0,494,0.0,37917,0,0.0,36172,0,0.0,37634,0,0.0,37881,0,0.0,37880,0,0.0,37882,0,0.0,249062,97,0,348079,0,0
1667973835,2022-11-09 00:03:55 -0600,b3bdd8a625be8657c0e5a46d72158acdcfd366d2,NV,32031,2,2022-11-09T03:00:00.000Z,FIPSCode,32031,0,2022-11-09T03:30:14.708Z,0,0.0,494,0.0,37917,0,0.0,36172,0,0.0,37634,0,0.0,37881,0,0.0,37880,0,0.0,37882,0,0.0,249062,97,0,348079,0,0
1667974762,2022-11-09 00:19:22 -0600,eae9f5b1ba131d7652f49e9c3001c7a015f755b1,NV,32031,2,2022-11-09T03:00:00.000Z,FIPSCode,32031,0,2022-11-09T03:30:14.708Z,0,0.0,494,0.0,37917,0,0.0,36172,0,0.0,37634,0,0.0,37881,0,0.0,37880,0,0.0,37882,0,0.0,249062,97,0,348079,0,0
1667977447,2022-11-09 01:04:07 -0600,85b5a3bb4e8662c6fa8f3bf8244be3cdf20864e6,NV,32031,2,2022-11-09T03:00:00.000Z,FIPSCode,32031,0,2022-11-09T03:30:14.708Z,0,0.0,494,0.0,37917,0,0.0,36172,0,0.0,37634,0,0.0,37881,0,0.0,37880,0,0.0,37882,0,0.0,249062,97,0,348079,0,0
1667977490,2022-11-09 01:04:50 -0600,73af89bd198396be18bf17786481f7c1aff2cd2b,NV,32031,2,2022-11-09T03:00:00.000Z,FIPSCode,32031,0,2022-11-09T03:30:14.708Z,0,0.0,494,0.0,37917,0,0.0,36172,0,0.0,37634,0,0.0,37881,0,0.0,37880,0,0.0,37882,0,0.0,249062,97,0,348079,0,0
1667977529,2022-11-09 01:05:29 -0600,41a86a702268ec57df877a606f8777dfeb75024d,NV,32031,2,2022-11-09T03:00:00.000Z,FIPSCode,32031,0,2022-11-09T03:30:14.708Z,0,0.0,494,0.0,37917,0,0.0,36172,0,0.0,37634,0,0.0,37881,0,0.0,37880,0,0.0,37882,0,0.0,249062,97,0,348079,0,0
1667977610,2022-11-09 01:06:50 -0600,25c1857d0bb05ceb15bf5f1f5d1e6e8a9c199446,NV,32031,2,2022-11-09T03:00:00.000Z,FIPSCode,32031,0,2022-11-09T03:30:14.708Z,0,0.0,494,0.0,37917,0,0.0,36172,0,0.0,37634,0,0.0,37881,0,0.0,37880,0,0.0,37882,0,0.0,249062,97,0,348079,0,0
1667977690,2022-11-09 01:08:10 -0600,c2d57f962724e5d811f2a0173268728cbb4962f4,NV,32031,2,2022-11-09T03:00:00.000Z,FIPSCode,32031,0,2022-11-09T03:30:14.708Z,0,0.0,494,0.0,37917,0,0.0,36172,0,0.0,37634,0,0.0,37881,0,0.0,37880,0,0.0,37882,0,0.0,249062,97,0,348079,0,0
1667977730,2022-11-09 01:08:50 -0600,eb7c135f53880b948a2c1d8d800428a5719cefdc,NV,32031,2,2022-11-09T03:00:00.000Z,FIPSCode,32031,0,2022-11-09T03:30:14.708Z,0,0.0,494,0.0,37917,0,0.0,36172,0,0.0,37634,0,0.0,37881,0,0.0,37880,0,0.0,37882,0,0.0,249062,97,0,348079,0,0
1667977812,2022-11-09 01:10:12 -0600,f6003f8f022049fc0501c9f6d634893d3cdbfc16,NV,32031,2,2022-11-09T03:00:00.000Z,FIPSCode,32031,0,2022-11-09T03:30:14.708Z,0,0.0,494,0.0,37917,0,0.0,36172,0,0.0,37634,0,0.0,37881,0,0.0,37880,0,0.0,37882,0,0.0,249062,97,0,348079,0,0
1667977854,2022-11-09 01:10:54 -0600,48bc116d28d8730921e71b24209c1971684df670,NV,32031,2,2022-11-09T03:00:00.000Z,FIPSCode,32031,0,2022-11-09T07:09:53.272Z,0,0.0,494,0.0,37917,0,0.0,36172,0,0.0,37634,0,0.0,37881,0,0.0,37880,0,0.0,37882,0,0.0,249062,97,0,348079,0,0
1667977935,2022-11-09 01:12:15 -0600,feb40c975705809cd00ffdf92140d1a7aba09790,NV,32031,2,2022-11-09T03:00:00.000Z,FIPSCode,32031,0,2022-11-09T07:11:11.185Z,172,34.72,494,0.0,36172,43449,50.24,37634,41126,47.56,37917,733,0.85,37880,480,0.56,37882,360,0.42,37881,327,0.38,249062,97,86475,348079,0,172
1667978461,2022-11-09 01:21:01 -0600,f1eaab2ad1bc5db55713124b104cf813b6eb5754,NV,32031,2,2022-11-09T03:00:00.000Z,FIPSCode,32031,0,2022-11-09T07:19:06.270Z,163,33.0,494,0.0,36172,43449,50.24,37634,41126,47.56,37917,733,0.85,37880,480,0.56,37882,360,0.42,37881,327,0.38,262045,97,86475,348079,0,163
1667978704,2022-11-09 01:25:04 -0600,063886ef628b03936d6bad5059dd21f00c0a4b43,NV,32031,2,2022-11-09T03:00:00.000Z,FIPSCode,32031,0,2022-11-09T07:19:06.270Z,163,33.0,494,0.0,36172,43449,50.24,37634,41126,47.56,37917,733,0.85,37880,480,0.56,37882,360,0.42,37881,327,0.38,262045,97,86475,348079,0,163
1667978947,2022-11-09 01:29:07 -0600,fbdf43e99d03976809db926359d350cf01d6dc4e,NV,32031,2,2022-11-09T03:00:00.000Z,FIPSCode,32031,0,2022-11-09T07:19:06.270Z,163,33.0,494,0.0,36172,43449,50.24,37634,41126,47.56,37917,733,0.85,37880,480,0.56,37882,360,0.42,37881,327,0.38,262045,97,86475,348079,0,163
1667979514,2022-11-09 01:38:34 -0600,3beafacc3bafd5d436073bbd9a0ee742070d2376,NV,32031,2,2022-11-09T03:00:00.000Z,FIPSCode,32031,0,2022-11-09T07:36:42.284Z,212,43.0,494,0.0,36172,43449,50.24,37634,41126,47.56,37917,733,0.85,37880,480,0.56,37882,360,0.42,37881,327,0.38,201105,97,86475,348079,0,212
1667979607,2022-11-09 01:40:07 -0600,421947c10ff858f42c586f7d9249efab54b1c5f4,NV,32031,2,2022-11-09T03:00:00.000Z,FIPSCode,32031,0,2022-11-09T07:36:42.284Z,212,43.0,494,0.0,36172,43449,50.24,37634,41126,47.56,37917,733,0.85,37880,480,0.56,37882,360,0.42,37881,327,0.38,201105,97,86475,348079,0,212
1667980632,2022-11-09 01:57:12 -0600,64acd32e8668f8543b9301ec796b80c9900834d5,NV,32031,2,2022-11-09T03:00:00.000Z,FIPSCode,32031,0,2022-11-09T07:36:42.284Z,212,43.0,494,0.0,36172,43449,50.24,37634,41126,47.56,37917,733,0.85,37880,480,0.56,37882,360,0.42,37881,327,0.38,201105,97,86475,348079,0,212
1667982002,2022-11-09 02:20:02 -0600,55d43d6174b4d852acbda6bae98fc1f4f93cabfe,NV,32031,2,2022-11-09T03:00:00.000Z,FIPSCode,32031,0,2022-11-09T08:19:25.758Z,252,51.0,494,0.0,36172,50775,49.51,37634,49355,48.12,37917,924,0.9,37880,610,0.59,37882,469,0.46,37881,425,0.41,201105,97,102558,348079,0,252
1667982318,2022-11-09 02:25:18 -0600,d78896390711a8466dc4ef9e83dee06bc896d9df,NV,32031,2,2022-11-09T03:00:00.000Z,FIPSCode,32031,0,2022-11-09T08:19:25.758Z,252,51.0,494,0.0,36172,50775,49.51,37634,49355,48.12,37917,924,0.9,37880,610,0.59,37882,469,0.46,37881,425,0.41,201105,97,102558,348079,0,252
1667982517,2022-11-09 02:28:37 -0600,646431433e93fe970b24a70347fe4d3180275034,NV,32031,2,2022-11-09T03:00:00.000Z,FIPSCode,32031,0,2022-11-09T08:19:25.758Z,252,51.0,494,0.0,36172,50775,49.51,37634,49355,48.12,37917,924,0.9,37880,610,0.59,37882,469,0.46,37881,425,0.41,201105,97,102558,348079,0,252
1667982715,2022-11-09 02:31:55 -0600,adeb1bd568c98eed36a0f10c8c3df06cf197a331,NV,32031,2,2022-11-09T03:00:00.000Z,FIPSCode,32031,0,2022-11-09T08:19:25.758Z,252,51.0,494,0.0,36172,50775,49.51,37634,49355,48.12,37917,924,0.9,37880,610,0.59,37882,469,0.46,37881,425,0.41,201105,97,102558,348079,0,252
1667982876,2022-11-09 02:34:36 -0600,f1dcf8490c2a8ff76c7720ff88b0d3bca82564fc,NV,32031,2,2022-11-09T03:00:00.000Z,FIPSCode,32031,0,2022-11-09T08:19:25.758Z,252,51.0,494,0.0,36172,50775,49.51,37634,49355,48.12,37917,924,0.9,37880,610,0.59,37882,469,0.46,37881,425,0.41,201105,97,102558,348079,0,252
1667983190,2022-11-09 02:39:50 -0600,33d66fac29e7b6dbaed9d0c4d2c158e412e07a74,NV,32031,2,2022-11-09T03:00:00.000Z,FIPSCode,32031,0,2022-11-09T08:19:25.758Z,252,51.0,494,0.0,36172,50775,49.51,37634,49355,48.12,37917,924,0.9,37880,610,0.59,37882,469,0.46,37881,425,0.41,201105,97,102558,348079,0,252
1667983471,2022-11-09 02:44:31 -0600,70d36d9850461d49fa32ba3e867341f797936529,NV,32031,2,2022-11-09T03:00:00.000Z,FIPSCode,32031,0,2022-11-09T08:41:25.337Z,252,51.0,494,0.0,36172,50775,49.51,37634,49355,48.12,37917,924,0.9,37880,610,0.59,37882,469,0.46,37881,425,0.41,201105,97,102558,348079,0,252
1667983512,2022-11-09 02:45:12 -0600,175271d8577199d4150c4f5fc64eebde1e74dda9,NV,32031,2,2022-11-09T03:00:00.000Z,FIPSCode,32031,0,2022-11-09T08:41:25.337Z,252,51.0,494,0.0,36172,50775,49.51,37634,49355,48.12,37917,924,0.9,37880,610,0.59,37882,469,0.46,37881,425,0.41,201105,97,102558,348079,0,252
1667983595,2022-11-09 02:46:35 -0600,2dd0aebbae72cb28f364a323cce9d6d3c29ae669,NV,32031,2,2022-11-09T03:00:00.000Z,FIPSCode,32031,0,2022-11-09T08:43:42.482Z,0,51.0,494,0.0,36172,50775,49.51,37634,49355,48.12,37917,924,0.9,37880,610,0.59,37882,469,0.46,37881,425,0.41,201105,97,102558,348079,0,252
1667984283,2022-11-09 02:58:03 -0600,0170dd1ad3b2504037f68d6f19c85fd52c958ac5,NV,32031,2,2022-11-09T03:00:00.000Z,FIPSCode,32031,0,2022-11-09T08:43:42.482Z,0,51.0,494,0.0,36172,50775,49.51,37634,49355,48.12,37917,924,0.9,37880,610,0.59,37882,469,0.46,37881,425,0.41,201105,97,102558,348079,0,252
1667984643,2022-11-09 03:04:03 -0600,c379357a888a5ba9047063da02c1ed2809e3ab76,NV,32031,2,2022-11-09T03:00:00.000Z,FIPSCode,32031,0,2022-11-09T08:43:42.482Z,0,51.0,494,0.0,36172,50775,49.51,37634,49355,48.12,37917,924,0.9,37880,610,0.59,37882,469,0.46,37881,425,0.41,201105,97,102558,348079,0,252
1667985134,2022-11-09 03:12:14 -0600,2c897b0fc200e1893488b5752c5c41a90d4a2217,NV,32031,2,2022-11-09T03:00:00.000Z,FIPSCode,32031,0,2022-11-09T08:43:42.482Z,0,51.0,494,0.0,36172,50775,49.51,37634,49355,48.12,37917,924,0.9,37880,610,0.59,37882,469,0.46,37881,425,0.41,201105,97,102558,348079,0,252
1667985174,2022-11-09 03:12:54 -0600,68416a7a90f736185bed11a2c7b588ad616a4f90,NV,32031,2,2022-11-09T03:00:00.000Z,FIPSCode,32031,0,2022-11-09T08:43:42.482Z,0,51.0,494,0.0,36172,50775,49.51,37634,49355,48.12,37917,924,0.9,37880,610,0.59,37882,469,0.46,37881,425,0.41,201105,97,102558,348079,0,252
1667985436,2022-11-09 03:17:16 -0600,3424d47f5341c2a346e8a3799f78a52faeab6c0b,NV,32031,2,2022-11-09T03:00:00.000Z,FIPSCode,32031,0,2022-11-09T08:43:42.482Z,0,51.0,494,0.0,36172,50775,49.51,37634,49355,48.12,37917,924,0.9,37880,610,0.59,37882,469,0.46,37881,425,0.41,201105,97,102558,348079,0,252
1667986108,2022-11-09 03:28:28 -0600,0d89337504a89a16ce478d64716763f3ed0e0320,NV,32031,2,2022-11-09T03:00:00.000Z,FIPSCode,32031,0,2022-11-09T08:43:42.482Z,0,51.0,494,0.0,36172,50775,49.51,37634,49355,48.12,37917,924,0.9,37880,610,0.59,37882,469,0.46,37881,425,0.41,201105,97,102558,348079,0,252
1667986188,2022-11-09 03:29:48 -0600,64f0dd4fc7a8de22a11d1603592ffce335504ee7,NV,32031,2,2022-11-09T03:00:00.000Z,FIPSCode,32031,0,2022-11-09T08:43:42.482Z,0,51.0,494,0.0,36172,50775,49.51,37634,49355,48.12,37917,924,0.9,37880,610,0.59,37882,469,0.46,37881,425,0.41,201105,97,102558,348079,0,252
1667986270,2022-11-09 03:31:10 -0600,8b08ac238b66c1bf432ca7a82738d5523f4e4f8f,NV,32031,2,2022-11-09T03:00:00.000Z,FIPSCode,32031,0,2022-11-09T08:43:42.482Z,0,51.0,494,0.0,36172,50775,49.51,37634,49355,48.12,37917,924,0.9,37880,610,0.59,37882,469,0.46,37881,425,0.41,201105,97,102558,348079,0,252
1667987115,2022-11-09 03:45:15 -0600,e23b8de2242415db61d865c6efae16c4ec047a9f,NV,32031,2,2022-11-09T03:00:00.000Z,FIPSCode,32031,0,2022-11-09T09:44:19.683Z,0,64.34,494,0.0,37634,65474,50.6,36172,60625,46.85,37917,1236,0.96,37880,812,0.63,37882,685,0.53,37881,559,0.43,201105,97,129391,348079,0,318
1667987766,2022-11-09 03:56:06 -0600,0c97af721e07528c29c550b7bce84d073343534b,NV,32031,2,2022-11-09T03:00:00.000Z,FIPSCode,32031,0,2022-11-09T09:44:19.683Z,0,64.34,494,0.0,37634,65474,50.6,36172,60625,46.85,37917,1236,0.96,37880,812,0.63,37882,685,0.53,37881,559,0.43,201105,97,129391,348079,0,318
1667987965,2022-11-09 03:59:25 -0600,4dde3c8f59c3bcf3cff48ec0c0bbba8cecf9614a,NV,32031,2,2022-11-09T03:00:00.000Z,FIPSCode,32031,0,2022-11-09T09:44:19.683Z,0,64.34,494,0.0,37634,65474,50.6,36172,60625,46.85,37917,1236,0.96,37880,812,0.63,37882,685,0.53,37881,559,0.43,201105,97,129391,348079,0,318
1667988167,2022-11-09 04:02:47 -0600,0f435c562543b15444714c77c0ab7ab51485d91e,NV,32031,2,2022-11-09T03:00:00.000Z,FIPSCode,32031,0,2022-11-09T09:44:19.683Z,0,64.34,494,0.0,37634,65474,50.6,36172,60625,46.85,37917,1236,0.96,37880,812,0.63,37882,685,0.53,37881,559,0.43,201105,97,129391,348079,0,318
1667988564,2022-11-09 04:09:24 -0600,2aeef9544d1832238b865b50255c72fd72952396,NV,32031,2,2022-11-09T03:00:00.000Z,FIPSCode,32031,0,2022-11-09T09:44:19.683Z,0,64.34,494,0.0,37634,65474,50.6,36172,60625,46.85,37917,1236,0.96,37880,812,0.63,37882,685,0.53,37881,559,0.43,201105,97,129391,348079,0,318
1667988603,2022-11-09 04:10:03 -0600,c57fd67b0b96993b9f7c98a49335fed712bca534,NV,32031,2,2022-11-09T03:00:00.000Z,FIPSCode,32031,0,2022-11-09T09:44:19.683Z,0,64.34,494,0.0,37634,65474,50.6,36172,60625,46.85,37917,1236,0.96,37880,812,0.63,37882,685,0.53,37881,559,0.43,201105,97,129391,348079,0,318
1667988882,2022-11-09 04:14:42 -0600,50e686bbeb599e4b3a701673cc58310482a21b94,NV,32031,2,2022-11-09T03:00:00.000Z,FIPSCode,32031,0,2022-11-09T09:44:19.683Z,0,64.34,494,0.0,37634,65474,50.6,36172,60625,46.85,37917,1236,0.96,37880,812,0.63,37882,685,0.53,37881,559,0.43,201105,97,129391,348079,0,318
1667989442,2022-11-09 04:24:02 -0600,364fd392403a5661fc5e3dab8aaacc2dcbbce838,NV,32031,2,2022-11-09T03:00:00.000Z,FIPSCode,32031,0,2022-11-09T09:44:19.683Z,0,64.34,494,0.0,37634,65474,50.6,36172,60625,46.85,37917,1236,0.96,37880,812,0.63,37882,685,0.53,37881,559,0.43,201105,97,129391,348079,0,318
1667989803,2022-11-09 04:30:03 -0600,af189c0711a37b9275d1cdbe0ad3bd502b1b34ce,NV,32031,2,2022-11-09T03:00:00.000Z,FIPSCode,32031,0,2022-11-09T09:44:19.683Z,0,64.34,494,0.0,37634,65474,50.6,36172,60625,46.85,37917,1236,0.96,37880,812,0.63,37882,685,0.53,37881,559,0.43,201105,97,129391,348079,0,318
1667996558,2022-11-09 06:22:38 -0600,6ed410a7a425f22f9d63a92f2659d3edeff4d1d6,NV,32031,2,2022-11-09T03:00:00.000Z,FIPSCode,32031,0,2022-11-09T12:21:49.777Z,0,64.34,494,0.0,37634,65474,50.6,36172,60625,46.85,37917,1236,0.96,37880,812,0.63,37882,685,0.53,37881,559,0.43,201105,99,129391,348079,0,318
1667999760,2022-11-09 07:16:00 -0600,e98bf06e249e5e12e2a396ab74d027839309f885,NV,32031,2,2022-11-09T03:00:00.000Z,FIPSCode,32031,0,2022-11-09T12:21:49.777Z,0,64.34,494,0.0,37634,65474,50.6,36172,60625,46.85,37917,1236,0.96,37880,812,0.63,37882,685,0.53,37881,559,0.43,201105,99,129391,348079,0,318
1668006370,2022-11-09 09:06:10 -0600,c8673591ea870e6c097f4102a0483f7cf4142d44,NV,32031,2,2022-11-09T03:00:00.000Z,FIPSCode,32031,0,2022-11-09T15:05:27.728Z,0,64.34,494,0.0,37634,65474,50.6,36172,60625,46.85,37917,1236,0.96,37880,812,0.63,37882,685,0.53,37881,559,0.43,201105,99,129391,348079,0,318
1668007548,2022-11-09 09:25:48 -0600,8349f110c0babbd1dc1eabd5472122a7831f954c,NV,32031,2,2022-11-09T03:00:00.000Z,FIPSCode,32031,0,2022-11-09T15:05:27.728Z,0,64.34,494,0.0,37634,65474,50.6,36172,60625,46.85,37917,1236,0.96,37880,812,0.63,37882,685,0.53,37881,559,0.43,201105,99,129391,348079,0,318
1668007958,2022-11-09 09:32:38 -0600,9ee2c56ac32030f31659c088b6cae3bac4d7e870,NV,32031,2,2022-11-09T03:00:00.000Z,FIPSCode,32031,0,2022-11-09T15:05:27.728Z,0,64.34,494,0.0,37634,65474,50.6,36172,60625,46.85,37917,1236,0.96,37880,812,0.63,37882,685,0.53,37881,559,0.43,201105,99,129391,348079,0,318
1668008162,2022-11-09 09:36:02 -0600,ee3ba892b0a9d70f7fa76b610d9240079f71b247,NV,32031,2,2022-11-09T03:00:00.000Z,FIPSCode,32031,0,2022-11-09T15:05:27.728Z,0,64.34,494,0.0,37634,65474,50.6,36172,60625,46.85,37917,1236,0.96,37880,812,0.63,37882,685,0.53,37881,559,0.43,201105,99,129391,348079,0,318
1668008363,2022-11-09 09:39:23 -0600,4c6b9b20960762f2ce7ebea4971969196bf23aa9,NV,32031,2,2022-11-09T03:00:00.000Z,FIPSCode,32031,0,2022-11-09T15:38:18.312Z,0,64.34,494,0.0,37634,65474,50.6,36172,60625,46.85,37917,1236,0.96,37880,812,0.63,37882,685,0.53,37881,559,0.43,201105,99,129391,348079,0,318
1668008605,2022-11-09 09:43:25 -0600,07f360cc2ba5105c5f02f855cd5f4098e61e4ca9,NV,32031,2,2022-11-09T03:00:00.000Z,FIPSCode,32031,0,2022-11-09T15:38:18.312Z,0,64.34,494,0.0,37634,65474,50.6,36172,60625,46.85,37917,1236,0.96,37880,812,0.63,37882,685,0.53,37881,559,0.43,201105,99,129391,348079,0,318
1668026355,2022-11-09 14:39:15 -0600,74cee3c1afba431e5b7018e9b8ea421024ef496b,NV,32031,2,2022-11-09T03:00:00.000Z,FIPSCode,32031,0,2022-11-09T15:38:18.312Z,0,64.34,494,0.0,37634,65474,50.6,36172,60625,46.85,37917,1236,0.96,37880,812,0.63,37882,685,0.53,37881,559,0.43,201105,99,129391,348079,0,318
1668026897,2022-11-09 14:48:17 -0600,fe33f8a9d126cbd5817113b4241b247a61534c60,NV,32031,2,2022-11-09T03:00:00.000Z,FIPSCode,32031,0,2022-11-09T15:38:18.312Z,0,64.34,494,0.0,37634,65474,50.6,36172,60625,46.85,37917,1236,0.96,37880,812,0.63,37882,685,0.53,37881,559,0.43,201105,99,129391,348079,0,318
1668041891,2022-11-09 18:58:11 -0600,5df04b068c883af1e95aabdce9f8257039477d30,NV,32031,2,2022-11-09T03:00:00.000Z,FIPSCode,32031,0,2022-11-09T15:38:18.312Z,0,64.34,494,0.0,37634,65474,50.6,36172,60625,46.85,37917,1236,0.96,37880,812,0.63,37882,685,0.53,37881,559,0.43,201105,99,129391,348079,0,318
1668043013,2022-11-09 19:16:53 -0600,99b14fa3a44ee71bdff622024b1a59d3398390e8,NV,32031,2,2022-11-09T03:00:00.000Z,FIPSCode,32031,0,2022-11-09T15:38:18.312Z,0,64.34,494,0.0,37634,65474,50.6,36172,60625,46.85,37917,1236,0.96,37880,812,0.63,37882,685,0.53,37881,559,0.43,201105,99,129391,348079,0,318
1668044777,2022-11-09 19:46:17 -0600,bee6969d792b4e164c8a16d0e04efced33272a08,NV,32031,2,2022-11-09T03:00:00.000Z,FIPSCode,32031,0,2022-11-09T15:38:18.312Z,0,64.34,494,0.0,37634,65474,50.6,36172,60625,46.85,37917,1236,0.96,37880,812,0.63,37882,685,0.53,37881,559,0.43,201105,99,129391,348079,0,318
1668044818,2022-11-09 19:46:58 -0600,3e7ca14e1d8c9bbbd652871be3c4ee414fac499e,NV,32031,2,2022-11-09T03:00:00.000Z,FIPSCode,32031,0,2022-11-10T01:46:16.616Z,0,66.0,494,0.0,37634,65474,50.6,36172,60625,46.85,37917,1236,0.96,37880,812,0.63,37882,685,0.53,37881,559,0.43,196047,99,129391,348079,0,326
1668044945,2022-11-09 19:49:05 -0600,2c3c1a26bfe12431c2627940e7f0f1260e1f9ec6,NV,32031,2,2022-11-09T03:00:00.000Z,FIPSCode,32031,0,2022-11-10T01:46:16.616Z,0,66.0,494,0.0,37634,65474,50.6,36172,60625,46.85,37917,1236,0.96,37880,812,0.63,37882,685,0.53,37881,559,0.43,196047,99,129391,348079,0,326
1668045196,2022-11-09 19:53:16 -0600,883df7462b522d5aa2bba6a83df9dc655dbc6241,NV,32031,2,2022-11-09T03:00:00.000Z,FIPSCode,32031,0,2022-11-10T01:46:16.616Z,0,66.0,494,0.0,37634,65474,50.6,36172,60625,46.85,37917,1236,0.96,37880,812,0.63,37882,685,0.53,37881,559,0.43,196047,99,129391,348079,0,326
1668045323,2022-11-09 19:55:23 -0600,7765bc2f4d4a3b28bdc56c709e93ed3164b2d5be,NV,32031,2,2022-11-09T03:00:00.000Z,FIPSCode,32031,0,2022-11-10T01:46:16.616Z,0,66.0,494,0.0,37634,65474,50.6,36172,60625,46.85,37917,1236,0.96,37880,812,0.63,37882,685,0.53,37881,559,0.43,196047,99,129391,348079,0,326
1668045409,2022-11-09 19:56:49 -0600,bddfc4fb27d7700b0cd523c70879e6644f1df4ab,NV,32031,2,2022-11-09T03:00:00.000Z,FIPSCode,32031,0,2022-11-10T01:46:16.616Z,0,66.0,494,0.0,37634,65474,50.6,36172,60625,46.85,37917,1236,0.96,37880,812,0.63,37882,685,0.53,37881,559,0.43,196047,99,129391,348079,0,326
1668045668,2022-11-09 20:01:08 -0600,86319115f366666c9b54865ee2c7771bb6b80825,NV,32031,2,2022-11-09T03:00:00.000Z,FIPSCode,32031,0,2022-11-10T01:46:16.616Z,0,66.0,494,0.0,37634,65474,50.6,36172,60625,46.85,37917,1236,0.96,37880,812,0.63,37882,685,0.53,37881,559,0.43,196047,99,129391,348079,0,326
1668046527,2022-11-09 20:15:27 -0600,56b8f0496524746069ba9fb72162adafe0215eb5,NV,32031,2,2022-11-09T03:00:00.000Z,FIPSCode,32031,0,2022-11-10T01:46:16.616Z,0,66.0,494,0.0,37634,65474,50.6,36172,60625,46.85,37917,1236,0.96,37880,812,0.63,37882,685,0.53,37881,559,0.43,196047,99,129391,348079,0,326
1668048419,2022-11-09 20:46:59 -0600,590133e7598192dd6f8228faa83c52abbea3159b,NV,32031,2,2022-11-09T03:00:00.000Z,FIPSCode,32031,0,2022-11-10T01:46:16.616Z,0,66.0,494,0.0,37634,65474,50.6,36172,60625,46.85,37917,1236,0.96,37880,812,0.63,37882,685,0.53,37881,559,0.43,196047,99,129391,348079,0,326
1668052751,2022-11-09 21:59:11 -0600,2ecb8d788fcd485e38ba67f99598c7855a16e8f4,NV,32031,2,2022-11-09T03:00:00.000Z,FIPSCode,32031,0,2022-11-10T01:46:16.616Z,0,66.0,494,0.0,37634,65474,50.6,36172,60625,46.85,37917,1236,0.96,37880,812,0.63,37882,685,0.53,37881,559,0.43,196047,99,129391,348079,0,326
1668053173,2022-11-09 22:06:13 -0600,fc8546ca7bf9f4b926801e8858ebea96a414cee7,NV,32031,2,2022-11-09T03:00:00.000Z,FIPSCode,32031,0,2022-11-10T04:05:05.980Z,326,66.0,494,0.0,37634,65474,50.6,36172,60625,46.85,37917,1236,0.96,37880,812,0.63,37882,685,0.53,37881,559,0.43,196047,99,129391,348079,0,326
1668054500,2022-11-09 22:28:20 -0600,f2843ca79d3f2377f8f8ebb902d7a87856a965ff,NV,32031,2,2022-11-09T03:00:00.000Z,FIPSCode,32031,0,2022-11-10T04:05:05.980Z,326,66.0,494,0.0,37634,65474,50.6,36172,60625,46.85,37917,1236,0.96,37880,812,0.63,37882,685,0.53,37881,559,0.43,196047,99,129391,348079,0,326
1668054999,2022-11-09 22:36:39 -0600,30b12cfe467e4222860b1abe0a502ffb37101a82,NV,32031,2,2022-11-09T03:00:00.000Z,FIPSCode,32031,0,2022-11-10T04:05:05.980Z,326,66.0,494,0.0,37634,65474,50.6,36172,60625,46.85,37917,1236,0.96,37880,812,0.63,37882,685,0.53,37881,559,0.43,196047,99,129391,348079,0,326
1668056661,2022-11-09 23:04:21 -0600,974b751f9404f1c2dcd6b150b757b8dd1f27e71d,NV,32031,2,2022-11-09T03:00:00.000Z,FIPSCode,32031,0,2022-11-10T04:05:05.980Z,326,66.0,494,0.0,37634,65474,50.6,36172,60625,46.85,37917,1236,0.96,37880,812,0.63,37882,685,0.53,37881,559,0.43,196047,99,129391,348079,0,326
1668083512,2022-11-10 06:31:52 -0600,eec7621c0caaa4b979467077bdfca3f27f8ed57c,NV,32031,2,2022-11-09T03:00:00.000Z,FIPSCode,32031,0,2022-11-10T04:05:05.980Z,326,66.0,494,0.0,37634,65474,50.6,36172,60625,46.85,37917,1236,0.96,37880,812,0.63,37882,685,0.53,37881,559,0.43,196047,99,129391,348079,0,326
1668084485,2022-11-10 06:48:05 -0600,4439d619358fb55ce49a9ee5dd066a3cfce146d4,NV,32031,2,2022-11-09T03:00:00.000Z,FIPSCode,32031,0,2022-11-10T12:47:27.738Z,326,66.0,494,0.0,37634,65474,50.6,36172,60625,46.85,37917,1236,0.96,37880,812,0.63,37882,685,0.53,37881,559,0.43,196047,99,129391,348079,0,326
1668084521,2022-11-10 06:48:41 -0600,1b055e6448619f258bc6e115abb634ab0228b4de,NV,32031,2,2022-11-09T03:00:00.000Z,FIPSCode,32031,0,2022-11-10T12:47:46.906Z,494,76.51,494,100.0,36172,73200,48.8,37634,72844,48.56,37917,1479,0.99,37880,996,0.66,37882,798,0.53,37881,681,0.45,196047,99,149998,348079,494,378
1668085494,2022-11-10 07:04:54 -0600,edf2549419bc69215ba6a02dbc0c2745e2f0c5a5,NV,32031,2,2022-11-09T03:00:00.000Z,FIPSCode,32031,0,2022-11-10T13:04:13.946Z,494,76.51,494,100.0,36172,73200,48.8,37634,72844,48.56,37917,1479,0.99,37880,996,0.66,37882,798,0.53,37881,681,0.45,196047,99,149998,348079,494,378
1668086040,2022-11-10 07:14:00 -0600,54dee3b5fffd07e1961b82fb53219a8121084e42,NV,32031,2,2022-11-09T03:00:00.000Z,FIPSCode,32031,0,2022-11-10T13:12:47.959Z,494,77.0,494,100.0,36172,73200,48.8,37634,72844,48.56,37917,1479,0.99,37880,996,0.66,37882,798,0.53,37881,681,0.45,194803,99,149998,348079,494,380
1668086463,2022-11-10 07:21:03 -0600,caff52dc6396645d58e0cb2c1e8645cf55e60d83,NV,32031,2,2022-11-09T03:00:00.000Z,FIPSCode,32031,0,2022-11-10T13:12:47.959Z,494,77.0,494,100.0,36172,73200,48.8,37634,72844,48.56,37917,1479,0.99,37880,996,0.66,37882,798,0.53,37881,681,0.45,194803,99,149998,348079,494,380
1668086545,2022-11-10 07:22:25 -0600,48fd7d4977466f06fc4a0a1fdd29853aadc7ab75,NV,32031,2,2022-11-09T03:00:00.000Z,FIPSCode,32031,0,2022-11-10T13:12:47.959Z,494,77.0,494,100.0,36172,73200,48.8,37634,72844,48.56,37917,1479,0.99,37880,996,0.66,37882,798,0.53,37881,681,0.45,194803,99,149998,348079,494,380
1668092908,2022-11-10 09:08:28 -0600,bbbae8971ed8c885ec9951072e2d1d7ad397ec93,NV,32031,2,2022-11-09T03:00:00.000Z,FIPSCode,32031,0,2022-11-10T15:07:04.280Z,494,77.0,494,100.0,36172,73200,48.8,37634,72844,48.56,37917,1479,0.99,37880,996,0.66,37882,798,0.53,37881,681,0.45,194803,99,149998,348079,494,380
1668094496,2022-11-10 09:34:56 -0600,7fed92a99cf43ef64d03433ef34a71950833274b,NV,32031,2,2022-11-09T03:00:00.000Z,FIPSCode,32031,0,2022-11-10T15:34:27.507Z,494,77.0,494,100.0,36172,73200,48.8,37634,72844,48.56,37917,1479,0.99,37880,996,0.66,37882,798,0.53,37881,681,0.45,194803,99,149998,348079,494,380
1668094583,2022-11-10 09:36:23 -0600,8f9201cf4585128f002d3115bf7ce238f41b53e4,NV,32031,2,2022-11-09T03:00:00.000Z,FIPSCode,32031,0,2022-11-10T15:35:28.058Z,494,77.0,494,100.0,36172,73200,48.8,37634,72844,48.56,37917,1479,0.99,37880,996,0.66,37882,798,0.53,37881,681,0.45,194803,99,149998,348079,494,380
1668094712,2022-11-10 09:38:32 -0600,a172fe54d93ab4a4428d43d26a1cde467dacf7cd,NV,32031,2,2022-11-09T03:00:00.000Z,FIPSCode,32031,0,2022-11-10T15:37:26.601Z,494,77.0,494,100.0,36172,73200,48.8,37634,72844,48.56,37917,1479,0.99,37880,996,0.66,37882,798,0.53,37881,681,0.45,194803,99,149998,348079,494,380
1668112401,2022-11-10 14:33:21 -0600,841c964557329dcbc7e00254eaed4ba11cd65db9,NV,32031,2,2022-11-09T03:00:00.000Z,FIPSCode,32031,0,2022-11-10T15:37:26.601Z,494,77.0,494,100.0,36172,73200,48.8,37634,72844,48.56,37917,1479,0.99,37880,996,0.66,37882,798,0.53,37881,681,0.45,194803,99,149998,348079,494,380
1668117951,2022-11-10 16:05:51 -0600,616136716518f84cfc92114bfbe9d4bc7cc421c4,NV,32031,2,2022-11-09T03:00:00.000Z,FIPSCode,32031,0,2022-11-10T15:37:26.601Z,494,77.0,494,100.0,36172,73200,48.8,37634,72844,48.56,37917,1479,0.99,37880,996,0.66,37882,798,0.53,37881,681,0.45,194803,99,149998,348079,494,380
1668129267,2022-11-10 19:14:27 -0600,c1a56134959b142144f176e005fcb3939763a8e1,NV,32031,2,2022-11-09T03:00:00.000Z,FIPSCode,32031,0,2022-11-10T15:37:26.601Z,494,77.0,494,100.0,36172,73200,48.8,37634,72844,48.56,37917,1479,0.99,37880,996,0.66,37882,798,0.53,37881,681,0.45,194803,99,149998,348079,494,380
1668132735,2022-11-10 20:12:15 -0600,607353833a466eb57af22c34f46031eea9e6d814,NV,32031,2,2022-11-09T03:00:00.000Z,FIPSCode,32031,0,2022-11-10T15:37:26.601Z,494,77.0,494,100.0,36172,73200,48.8,37634,72844,48.56,37917,1479,0.99,37880,996,0.66,37882,798,0.53,37881,681,0.45,194803,99,149998,348079,494,380
1668133546,2022-11-10 20:25:46 -0600,e01bd60a1f24d766f827eccdbfe2328baa06f184,NV,32031,2,2022-11-09T03:00:00.000Z,FIPSCode,32031,0,2022-11-10T15:37:26.601Z,494,77.0,494,100.0,36172,73200,48.8,37634,72844,48.56,37917,1479,0.99,37880,996,0.66,37882,798,0.53,37881,681,0.45,194803,99,149998,348079,494,380
1668133673,2022-11-10 20:27:53 -0600,a06068ccb0e8d01f929f598f1ade2c03109b8eb3,NV,32031,2,2022-11-09T03:00:00.000Z,FIPSCode,32031,0,2022-11-10T15:37:26.601Z,494,77.0,494,100.0,36172,73200,48.8,37634,72844,48.56,37917,1479,0.99,37880,996,0.66,37882,798,0.53,37881,681,0.45,194803,99,149998,348079,494,380
1668133715,2022-11-10 20:28:35 -0600,cfc25eb9e7dd584a36f1f1e1f335b9554bfee17b,NV,32031,2,2022-11-09T03:00:00.000Z,FIPSCode,32031,0,2022-11-10T15:37:26.601Z,494,77.0,494,100.0,36172,73200,48.8,37634,72844,48.56,37917,1479,0.99,37880,996,0.66,37882,798,0.53,37881,681,0.45,194803,99,149998,348079,494,380
1668135001,2022-11-10 20:50:01 -0600,8b6295221c8eb40fcd5c40f8a93da3c02c0bd251,NV,32031,2,2022-11-09T03:00:00.000Z,FIPSCode,32031,0,2022-11-10T15:37:26.601Z,494,77.0,494,100.0,36172,73200,48.8,37634,72844,48.56,37917,1479,0.99,37880,996,0.66,37882,798,0.53,37881,681,0.45,194803,99,149998,348079,494,380
1668137758,2022-11-10 21:35:58 -0600,2b675f955e047c6f41aaa67606cc5358698ab81b,NV,32031,2,2022-11-09T03:00:00.000Z,FIPSCode,32031,0,2022-11-10T15:37:26.601Z,494,77.0,494,100.0,36172,73200,48.8,37634,72844,48.56,37917,1479,0.99,37880,996,0.66,37882,798,0.53,37881,681,0.45,194803,99,149998,348079,494,380
1668138584,2022-11-10 21:49:44 -0600,0e298ea32096cc922b25ba77c38613a5f34643a4,NV,32031,2,2022-11-09T03:00:00.000Z,FIPSCode,32031,0,2022-11-10T15:37:26.601Z,494,77.0,494,100.0,36172,73200,48.8,37634,72844,48.56,37917,1479,0.99,37880,996,0.66,37882,798,0.53,37881,681,0.45,194803,99,149998,348079,494,380
1668138797,2022-11-10 21:53:17 -0600,e5467fe85a411edd50b0ee8bb99de698e416d6c7,NV,32031,2,2022-11-09T03:00:00.000Z,FIPSCode,32031,0,2022-11-10T15:37:26.601Z,494,77.0,494,100.0,36172,73200,48.8,37634,72844,48.56,37917,1479,0.99,37880,996,0.66,37882,798,0.53,37881,681,0.45,194803,99,149998,348079,494,380
1668138885,2022-11-10 21:54:45 -0600,9db38f39235584e7a551c5cb62a5406f0ec26059,NV,32031,2,2022-11-09T03:00:00.000Z,FIPSCode,32031,0,2022-11-11T03:53:52.631Z,494,86.43,494,100.0,36172,84382,50.12,37634,79409,47.17,37917,1701,1.01,37880,1142,0.68,37882,945,0.56,37881,784,0.47,194803,99,168363,348079,494,427
1668139233,2022-11-10 22:00:33 -0600,004663e0c492ca4eb6954bd51d16a2b999302040,NV,32031,2,2022-11-09T03:00:00.000Z,FIPSCode,32031,0,2022-11-11T03:53:52.631Z,494,86.43,494,100.0,36172,84382,50.12,37634,79409,47.17,37917,1701,1.01,37880,1142,0.68,37882,945,0.56,37881,784,0.47,194803,99,168363,348079,494,427
1668139282,2022-11-10 22:01:22 -0600,98d153297eb0cab3e0caa0404660026ce0ff1491,NV,32031,2,2022-11-09T03:00:00.000Z,FIPSCode,32031,0,2022-11-11T03:53:52.631Z,494,86.43,494,100.0,36172,84382,50.12,37634,79409,47.17,37917,1701,1.01,37880,1142,0.68,37882,945,0.56,37881,784,0.47,194803,99,168363,348079,494,427
1668139539,2022-11-10 22:05:39 -0600,e715181c0c9c556e1bdc74f02883e2a0df8c39ce,NV,32031,2,2022-11-09T03:00:00.000Z,FIPSCode,32031,0,2022-11-11T03:53:52.631Z,494,86.43,494,100.0,36172,84382,50.12,37634,79409,47.17,37917,1701,1.01,37880,1142,0.68,37882,945,0.56,37881,784,0.47,194803,99,168363,348079,494,427
1668139839,2022-11-10 22:10:39 -0600,5e061f807fce1b8f614c43651346634e36ab8f16,NV,32031,2,2022-11-09T03:00:00.000Z,FIPSCode,32031,0,2022-11-11T04:10:03.301Z,494,86.43,494,100.0,36172,84382,50.12,37634,79409,47.17,37917,1701,1.01,37880,1142,0.68,37882,945,0.56,37881,784,0.47,194803,99,168363,348079,494,427
1668139973,2022-11-10 22:12:53 -0600,d45b20694dbe60615e4911c10b747f2cbb398f7b,NV,32031,2,2022-11-09T03:00:00.000Z,FIPSCode,32031,0,2022-11-11T04:10:03.301Z,494,86.43,494,100.0,36172,84382,50.12,37634,79409,47.17,37917,1701,1.01,37880,1142,0.68,37882,945,0.56,37881,784,0.47,194803,99,168363,348079,494,427
1668140061,2022-11-10 22:14:21 -0600,c72e872b5213f294128cda460a5c587bab390cbd,NV,32031,2,2022-11-09T03:00:00.000Z,FIPSCode,32031,0,2022-11-11T04:10:03.301Z,494,86.43,494,100.0,36172,84382,50.12,37634,79409,47.17,37917,1701,1.01,37880,1142,0.68,37882,945,0.56,37881,784,0.47,194803,99,168363,348079,494,427
1668140148,2022-11-10 22:15:48 -0600,d94b7542e769e1eab7d605881690782680dd75b8,NV,32031,2,2022-11-09T03:00:00.000Z,FIPSCode,32031,0,2022-11-11T04:10:03.301Z,494,86.43,494,100.0,36172,84382,50.12,37634,79409,47.17,37917,1701,1.01,37880,1142,0.68,37882,945,0.56,37881,784,0.47,194803,99,168363,348079,494,427
1668140190,2022-11-10 22:16:30 -0600,e8dc1fbf1269424fb746057882dca20707719ba8,NV,32031,2,2022-11-09T03:00:00.000Z,FIPSCode,32031,0,2022-11-11T04:10:03.301Z,494,86.43,494,100.0,36172,84382,50.12,37634,79409,47.17,37917,1701,1.01,37880,1142,0.68,37882,945,0.56,37881,784,0.47,194803,99,168363,348079,494,427
1668140403,2022-11-10 22:20:03 -0600,41db4fe21c022916f82f547744b4818ab6e858f3,NV,32031,2,2022-11-09T03:00:00.000Z,FIPSCode,32031,0,2022-11-11T04:10:03.301Z,494,86.43,494,100.0,36172,84382,50.12,37634,79409,47.17,37917,1701,1.01,37880,1142,0.68,37882,945,0.56,37881,784,0.47,194803,99,168363,348079,494,427
1668140445,2022-11-10 22:20:45 -0600,241a903cf5ea847de30095468a851f535ec84828,NV,32031,2,2022-11-09T03:00:00.000Z,FIPSCode,32031,0,2022-11-11T04:10:03.301Z,494,86.43,494,100.0,36172,84382,50.12,37634,79409,47.17,37917,1701,1.01,37880,1142,0.68,37882,945,0.56,37881,784,0.47,194803,99,168363,348079,494,427
1668142198,2022-11-10 22:49:58 -0600,83d5de4ba22e143bf47f19d877bc07c1ca193422,NV,32031,2,2022-11-09T03:00:00.000Z,FIPSCode,32031,0,2022-11-11T04:10:03.301Z,494,86.43,494,100.0,36172,84382,50.12,37634,79409,47.17,37917,1701,1.01,37880,1142,0.68,37882,945,0.56,37881,784,0.47,194803,99,168363,348079,494,427
1668144122,2022-11-10 23:22:02 -0600,b502407d84e74c7e61ae808c783807c8f14f4d6d,NV,32031,2,2022-11-09T03:00:00.000Z,FIPSCode,32031,0,2022-11-11T05:03:23.253Z,494,86.43,494,100.0,36172,84382,50.12,37634,79409,47.17,37917,1701,1.01,37880,1142,0.68,37882,945,0.56,37881,784,0.47,194803,99,168363,348079,494,427
1668145151,2022-11-10 23:39:11 -0600,0539559d50dc51c0c2805d43661797561352cda7,NV,32031,2,2022-11-09T03:00:00.000Z,FIPSCode,32031,0,2022-11-11T05:03:23.253Z,494,86.43,494,100.0,36172,84382,50.12,37634,79409,47.17,37917,1701,1.01,37880,1142,0.68,37882,945,0.56,37881,784,0.47,194803,99,168363,348079,494,427
1668183309,2022-11-11 10:15:09 -0600,14a8aab15299aabc7ca897def37fb294d73221f2,NV,32031,2,2022-11-09T03:00:00.000Z,FIPSCode,32031,0,2022-11-11T16:14:27.020Z,494,86.43,494,100.0,36172,84382,50.12,37634,79409,47.17,37917,1701,1.01,37880,1142,0.68,37882,945,0.56,37881,784,0.47,194803,99,168363,348079,494,427
1668183393,2022-11-11 10:16:33 -0600,9c59ec95506dcf948602e9b811b995c3949cb1f3,NV,32031,2,2022-11-09T03:00:00.000Z,FIPSCode,32031,0,2022-11-11T16:15:27.999Z,494,86.43,494,100.0,36172,84382,50.12,37634,79409,47.17,37917,1701,1.01,37880,1142,0.68,37882,945,0.56,37881,784,0.47,194803,99,168363,348079,494,427
1668183436,2022-11-11 10:17:16 -0600,82cc4ca6d85f78dfda33d672407a716a60e7255b,NV,32031,2,2022-11-09T03:00:00.000Z,FIPSCode,32031,0,2022-11-11T16:16:27.433Z,494,86.43,494,100.0,36172,84382,50.12,37634,79409,47.17,37917,1701,1.01,37880,1142,0.68,37882,945,0.56,37881,784,0.47,194803,99,168363,348079,494,427
1668211306,2022-11-11 18:01:46 -0600,8e1dd97b5d0896171ad1290ed8815b68f845f6c5,NV,32031,2,2022-11-09T03:00:00.000Z,FIPSCode,32031,0,2022-11-11T16:16:27.433Z,494,86.43,494,100.0,36172,84382,50.12,37634,79409,47.17,37917,1701,1.01,37880,1142,0.68,37882,945,0.56,37881,784,0.47,194803,99,168363,348079,494,427
1668212023,2022-11-11 18:13:43 -0600,c6bf3466be9c62a97e2dd29ade07df01e214111d,NV,32031,2,2022-11-09T03:00:00.000Z,FIPSCode,32031,0,2022-11-11T16:16:27.433Z,494,86.43,494,100.0,36172,84382,50.12,37634,79409,47.17,37917,1701,1.01,37880,1142,0.68,37882,945,0.56,37881,784,0.47,194803,99,168363,348079,494,427
1668214333,2022-11-11 18:52:13 -0600,5e6753b286334628078826d79122d33996147a75,NV,32031,2,2022-11-09T03:00:00.000Z,FIPSCode,32031,0,2022-11-11T16:16:27.433Z,494,86.43,494,100.0,36172,84382,50.12,37634,79409,47.17,37917,1701,1.01,37880,1142,0.68,37882,945,0.56,37881,784,0.47,194803,99,168363,348079,494,427
1668219644,2022-11-11 20:20:44 -0600,50abc6767d7ad7655f9acbd770be3f150f834bc9,NV,32031,2,2022-11-09T03:00:00.000Z,FIPSCode,32031,0,2022-11-11T16:16:27.433Z,494,86.43,494,100.0,36172,84382,50.12,37634,79409,47.17,37917,1701,1.01,37880,1142,0.68,37882,945,0.56,37881,784,0.47,194803,99,168363,348079,494,427
1668220055,2022-11-11 20:27:35 -0600,03c1009df2461bd386ac8a82d35b929f4b55d9be,NV,32031,2,2022-11-09T03:00:00.000Z,FIPSCode,32031,0,2022-11-11T16:16:27.433Z,494,86.43,494,100.0,36172,84382,50.12,37634,79409,47.17,37917,1701,1.01,37880,1142,0.68,37882,945,0.56,37881,784,0.47,194803,99,168363,348079,494,427
1668223579,2022-11-11 21:26:19 -0600,a875b0c10f929da5c8e04a5182a4649f5a80bb89,NV,32031,2,2022-11-09T03:00:00.000Z,FIPSCode,32031,0,2022-11-12T03:25:45.143Z,455,92.04,494,92.11,36172,90203,50.31,37634,84100,46.9,37917,1832,1.02,37880,1269,0.71,37882,1054,0.59,37881,848,0.47,194803,99,179306,348079,494,455
1668223620,2022-11-11 21:27:00 -0600,5cfa387c7f986788dc9e2a0a089a995e284e6389,NV,32031,2,2022-11-09T03:00:00.000Z,FIPSCode,32031,0,2022-11-12T03:25:53.156Z,455,92.04,494,92.11,36172,90203,50.31,37634,84100,46.9,37917,1832,1.02,37880,1269,0.71,37882,1054,0.59,37881,848,0.47,194803,99,179306,348079,494,455
1668227300,2022-11-11 22:28:20 -0600,e2b85161b8c71c6bbcce869ff5bce3ed1c693ce3,NV,32031,2,2022-11-09T03:00:00.000Z,FIPSCode,32031,0,2022-11-12T04:27:07.066Z,455,92.04,494,92.11,36172,90203,50.31,37634,84100,46.9,37917,1832,1.02,37880,1269,0.71,37882,1054,0.59,37881,848,0.47,194803,99,179306,348079,494,455
1668229105,2022-11-11 22:58:25 -0600,af271bba6b878270c1ae6879491a07a277b567f5,NV,32031,2,2022-11-09T03:00:00.000Z,FIPSCode,32031,0,2022-11-12T04:27:07.066Z,455,92.04,494,92.11,36172,90203,50.31,37634,84100,46.9,37917,1832,1.02,37880,1269,0.71,37882,1054,0.59,37881,848,0.47,194803,99,179306,348079,494,455
1668279683,2022-11-12 13:01:23 -0600,52cb6dcf14ee679ca63c3e491233561e7c86c6cb,NV,32031,2,2022-11-09T03:00:00.000Z,FIPSCode,32031,0,2022-11-12T19:00:39.670Z,440,89.0,494,89.07,36172,90203,50.31,37634,84100,46.9,37917,1832,1.02,37880,1269,0.71,37882,1054,0.59,37881,848,0.47,201467,99,179306,348079,494,440
1668280003,2022-11-12 13:06:43 -0600,d5f7293d6894c53f3a9280945b9dec9a2a48cfe4,NV,32031,2,2022-11-09T03:00:00.000Z,FIPSCode,32031,0,2022-11-12T19:00:39.670Z,440,89.0,494,89.07,36172,90203,50.31,37634,84100,46.9,37917,1832,1.02,37880,1269,0.71,37882,1054,0.59,37881,848,0.47,201467,99,179306,348079,494,440
1668280043,2022-11-12 13:07:23 -0600,cd16d80b20735b6374da9fed480dc7325c609dc3,NV,32031,2,2022-11-09T03:00:00.000Z,FIPSCode,32031,0,2022-11-12T19:00:39.670Z,440,89.0,494,89.07,36172,90203,50.31,37634,84100,46.9,37917,1832,1.02,37880,1269,0.71,37882,1054,0.59,37881,848,0.47,201467,99,179306,348079,494,440
1668280084,2022-11-12 13:08:04 -0600,9388e0ed14533ef94f7571ca17ab02793dc6ecdc,NV,32031,2,2022-11-09T03:00:00.000Z,FIPSCode,32031,0,2022-11-12T19:00:39.670Z,440,89.0,494,89.07,36172,90203,50.31,37634,84100,46.9,37917,1832,1.02,37880,1269,0.71,37882,1054,0.59,37881,848,0.47,201467,99,179306,348079,494,440
1668300381,2022-11-12 18:46:21 -0600,03818eba087b51355ab98d1866aee704f76425f7,NV,32031,2,2022-11-09T03:00:00.000Z,FIPSCode,32031,0,2022-11-13T00:43:58.637Z,454,92.0,494,91.9,36172,90203,50.31,37634,84100,46.9,37917,1832,1.02,37880,1269,0.71,37882,1054,0.59,37881,848,0.47,194898,99,179306,348079,494,454
1668300884,2022-11-12 18:54:44 -0600,3ee928bc5f28edf767741776b4e9c485c85c24b2,NV,32031,2,2022-11-09T03:00:00.000Z,FIPSCode,32031,0,2022-11-13T00:43:58.637Z,454,92.0,494,91.9,36172,90203,50.31,37634,84100,46.9,37917,1832,1.02,37880,1269,0.71,37882,1054,0.59,37881,848,0.47,194898,99,179306,348079,494,454
1668300926,2022-11-12 18:55:26 -0600,57db82157307264b0a1e9893619fb25968f4d154,NV,32031,2,2022-11-09T03:00:00.000Z,FIPSCode,32031,0,2022-11-13T00:43:58.637Z,454,92.0,494,91.9,36172,90203,50.31,37634,84100,46.9,37917,1832,1.02,37880,1269,0.71,37882,1054,0.59,37881,848,0.47,194898,99,179306,348079,494,454
1668305656,2022-11-12 20:14:16 -0600,a98855f8c38a2038007d91749aa0f74e7e365de4,NV,32031,2,2022-11-09T03:00:00.000Z,FIPSCode,32031,0,2022-11-13T00:43:58.637Z,454,92.0,494,91.9,36172,90203,50.31,37634,84100,46.9,37917,1832,1.02,37880,1269,0.71,37882,1054,0.59,37881,848,0.47,194898,99,179306,348079,494,454
1668305697,2022-11-12 20:14:57 -0600,bfa61912793398dfd6f65aa8a68f5d3d0d785135,NV,32031,2,2022-11-09T03:00:00.000Z,FIPSCode,32031,0,2022-11-13T00:43:58.637Z,454,92.0,494,91.9,36172,90203,50.31,37634,84100,46.9,37917,1832,1.02,37880,1269,0.71,37882,1054,0.59,37881,848,0.47,194898,99,179306,348079,494,454
1668305739,2022-11-12 20:15:39 -0600,6d5b09912a024ccac6147670b83584c9c0b634bc,NV,32031,2,2022-11-09T03:00:00.000Z,FIPSCode,32031,0,2022-11-13T00:43:58.637Z,454,92.0,494,91.9,36172,90203,50.31,37634,84100,46.9,37917,1832,1.02,37880,1269,0.71,37882,1054,0.59,37881,848,0.47,194898,99,179306,348079,494,454
1668305780,2022-11-12 20:16:20 -0600,44fb14093d9873c2e9294613f6d761a292e426c7,NV,32031,2,2022-11-09T03:00:00.000Z,FIPSCode,32031,0,2022-11-13T00:43:58.637Z,454,92.0,494,91.9,36172,90203,50.31,37634,84100,46.9,37917,1832,1.02,37880,1269,0.71,37882,1054,0.59,37881,848,0.47,194898,99,179306,348079,494,454
1668307066,2022-11-12 20:37:46 -0600,010a919e34e43fa7f2f3e0db2d405b960523d6a4,NV,32031,2,2022-11-09T03:00:00.000Z,FIPSCode,32031,0,2022-11-13T00:43:58.637Z,454,92.0,494,91.9,36172,90203,50.31,37634,84100,46.9,37917,1832,1.02,37880,1269,0.71,37882,1054,0.59,37881,848,0.47,194898,99,179306,348079,494,454
1668307523,2022-11-12 20:45:23 -0600,8cdb7827a89f6f845e1c06a06cf4e2ccec4acd6f,NV,32031,2,2022-11-09T03:00:00.000Z,FIPSCode,32031,0,2022-11-13T02:44:14.343Z,454,92.0,494,91.9,36172,90203,50.31,37634,84100,46.9,37917,1832,1.02,37880,1269,0.71,37882,1054,0.59,37881,848,0.47,194898,99,179306,348079,494,454
1668309354,2022-11-12 21:15:54 -0600,226bf4a775e72f23784458c9aeeca0880eba7d33,NV,32031,2,2022-11-09T03:00:00.000Z,FIPSCode,32031,0,2022-11-13T02:44:14.343Z,454,92.0,494,91.9,36172,90203,50.31,37634,84100,46.9,37917,1832,1.02,37880,1269,0.71,37882,1054,0.59,37881,848,0.47,194898,99,179306,348079,494,454
1668309893,2022-11-12 21:24:53 -0600,18686e549a825815313ac302b8d043784af6be12,NV,32031,2,2022-11-09T03:00:00.000Z,FIPSCode,32031,0,2022-11-13T02:44:14.343Z,454,92.0,494,91.9,36172,90203,50.31,37634,84100,46.9,37917,1832,1.02,37880,1269,0.71,37882,1054,0.59,37881,848,0.47,194898,99,179306,348079,494,454
1668310733,2022-11-12 21:38:53 -0600,0751002aa0fa34435564022cd605c00b759bab75,NV,32031,2,2022-11-09T03:00:00.000Z,FIPSCode,32031,0,2022-11-13T02:44:14.343Z,454,92.0,494,91.9,36172,90203,50.31,37634,84100,46.9,37917,1832,1.02,37880,1269,0.71,37882,1054,0.59,37881,848,0.47,194898,99,179306,348079,494,454
1668312113,2022-11-12 22:01:53 -0600,287928b196e2c47452614bae7f103c2ec5646d41,NV,32031,2,2022-11-09T03:00:00.000Z,FIPSCode,32031,0,2022-11-13T04:01:04.317Z,454,92.0,494,91.9,36172,90203,50.31,37634,84100,46.9,37917,1832,1.02,37880,1269,0.71,37882,1054,0.59,37881,848,0.47,194898,99,179306,348079,494,454
1668312242,2022-11-12 22:04:02 -0600,d64eac005260a0569b5e67090053c09a5598b0cd,NV,32031,2,2022-11-09T03:00:00.000Z,FIPSCode,32031,0,2022-11-13T04:03:03.102Z,482,97.53,494,97.57,36172,96192,50.6,37634,88355,46.48,37917,2015,1.06,37880,1421,0.75,37882,1182,0.62,37881,921,0.48,194898,99,190086,348079,494,482
1668313135,2022-11-12 22:18:55 -0600,c39ed54c1b7c2caff5b68fe32a4cbb9c91f3bdf3,NV,32031,2,2022-11-09T03:00:00.000Z,FIPSCode,32031,0,2022-11-13T04:17:59.567Z,482,97.53,494,97.57,36172,96192,50.6,37634,88355,46.48,37917,2015,1.06,37880,1421,0.75,37882,1182,0.62,37881,921,0.48,194898,99,190086,348079,494,482
1668441576,2022-11-14 09:59:36 -0600,257463d796832c93f8f34910879067356194f889,NV,32031,2,2022-11-09T03:00:00.000Z,FIPSCode,32031,0,2022-11-14T15:59:10.270Z,489,99.0,494,98.99,36172,96683,50.6,37634,88820,46.49,37917,2020,1.06,37880,1429,0.75,37882,1190,0.62,37881,922,0.48,192006,99,191064,348079,494,489
1668456987,2022-11-14 14:16:27 -0600,33d13adb3e68a1946f234bf81ea3a0d5f82b7fc7,NV,32031,2,2022-11-09T03:00:00.000Z,FIPSCode,32031,0,2022-11-14T15:59:10.270Z,489,99.0,494,98.99,36172,96683,50.6,37634,88820,46.49,37917,2020,1.06,37880,1429,0.75,37882,1190,0.62,37881,922,0.48,192006,99,191064,348079,494,489
1668472163,2022-11-14 18:29:23 -0600,9b08d6921709090e17f1e84d11ce7a65dd94beeb,NV,32031,2,2022-11-09T03:00:00.000Z,FIPSCode,32031,0,2022-11-14T15:59:10.270Z,489,99.0,494,98.99,36172,96683,50.6,37634,88820,46.49,37917,2020,1.06,37880,1429,0.75,37882,1190,0.62,37881,922,0.48,192006,99,191064,348079,494,489
1668473031,2022-11-14 18:43:51 -0600,415a39ebfc08c8f4f8e2e8b02ef62e491813e06f,NV,32031,2,2022-11-09T03:00:00.000Z,FIPSCode,32031,0,2022-11-14T15:59:10.270Z,489,99.0,494,98.99,36172,96683,50.6,37634,88820,46.49,37917,2020,1.06,37880,1429,0.75,37882,1190,0.62,37881,922,0.48,192006,99,191064,348079,494,489
1668473055,2022-11-14 18:44:15 -0600,78781d053608f796db2651aea3f653df86298792,NV,32031,2,2022-11-09T03:00:00.000Z,FIPSCode,32031,0,2022-11-14T15:59:10.270Z,489,99.0,494,98.99,36172,96683,50.6,37634,88820,46.49,37917,2020,1.06,37880,1429,0.75,37882,1190,0.62,37881,922,0.48,192006,99,191064,348079,494,489
1668474352,2022-11-14 19:05:52 -0600,f8a100682cfe7f6abbc43c83cf58b8e3d444b22c,NV,32031,2,2022-11-09T03:00:00.000Z,FIPSCode,32031,0,2022-11-14T15:59:10.270Z,489,99.0,494,98.99,36172,96683,50.6,37634,88820,46.49,37917,2020,1.06,37880,1429,0.75,37882,1190,0.62,37881,922,0.48,192006,99,191064,348079,494,489
1668474873,2022-11-14 19:14:33 -0600,ff264582a0a9ce0b96af493ea3e98625b47fc892,NV,32031,2,2022-11-09T03:00:00.000Z,FIPSCode,32031,0,2022-11-14T15:59:10.270Z,489,99.0,494,98.99,36172,96683,50.6,37634,88820,46.49,37917,2020,1.06,37880,1429,0.75,37882,1190,0.62,37881,922,0.48,192006,99,191064,348079,494,489
1668478748,2022-11-14 20:19:08 -0600,3c563bce38acdaedf8552d5ea7e7c24e9765e826,NV,32031,2,2022-11-09T03:00:00.000Z,FIPSCode,32031,0,2022-11-14T15:59:10.270Z,489,99.0,494,98.99,36172,96683,50.6,37634,88820,46.49,37917,2020,1.06,37880,1429,0.75,37882,1190,0.62,37881,922,0.48,192006,99,191064,348079,494,489
1668479093,2022-11-14 20:24:53 -0600,b9284514775f2f36e7d3c5a25b8719b1ee617f87,NV,32031,2,2022-11-09T03:00:00.000Z,FIPSCode,32031,0,2022-11-14T15:59:10.270Z,489,99.0,494,98.99,36172,96683,50.6,37634,88820,46.49,37917,2020,1.06,37880,1429,0.75,37882,1190,0.62,37881,922,0.48,192006,99,191064,348079,494,489
1668482792,2022-11-14 21:26:32 -0600,5b9608c6cdda2c90aae3831d7520459d9e5b3a27,NV,32031,2,2022-11-09T03:00:00.000Z,FIPSCode,32031,0,2022-11-15T03:26:09.793Z,489,99.0,494,98.99,36172,97281,50.67,37634,89123,46.42,37917,2029,1.06,37880,1442,0.75,37882,1192,0.62,37881,926,0.48,192006,99,191993,348079,494,489
1668483692,2022-11-14 21:41:32 -0600,47647e159fe9175e8ff142a7c9231c230db0fe66,NV,32031,2,2022-11-09T03:00:00.000Z,FIPSCode,32031,0,2022-11-15T03:26:09.793Z,489,99.0,494,98.99,36172,97281,50.67,37634,89123,46.42,37917,2029,1.06,37880,1442,0.75,37882,1192,0.62,37881,926,0.48,192006,99,191993,348079,494,489
1668529588,2022-11-15 10:26:28 -0600,f3ee7b9e8397ee880e475c79628b1a728c2e2a83,NV,32031,2,2022-11-09T03:00:00.000Z,FIPSCode,32031,0,2022-11-15T03:26:09.793Z,489,99.0,494,98.99,36172,97281,50.67,37634,89123,46.42,37917,2029,1.06,37880,1442,0.75,37882,1192,0.62,37881,926,0.48,192006,99,191993,348079,494,489
1668535758,2022-11-15 12:09:18 -0600,abf9104308eef2c2d0f0cd53946414bf271708ad,NV,32031,2,2022-11-09T03:00:00.000Z,FIPSCode,32031,0,2022-11-15T03:26:09.793Z,489,99.0,494,98.99,36172,97281,50.67,37634,89123,46.42,37917,2029,1.06,37880,1442,0.75,37882,1192,0.62,37881,926,0.48,192006,99,191993,348079,494,489
1668536596,2022-11-15 12:23:16 -0600,e7cc26171034bc54d4fca1a85c754cd10c952897,NV,32031,2,2022-11-09T03:00:00.000Z,FIPSCode,32031,0,2022-11-15T03:26:09.793Z,489,99.0,494,98.99,36172,97281,50.67,37634,89123,46.42,37917,2029,1.06,37880,1442,0.75,37882,1192,0.62,37881,926,0.48,192006,99,191993,348079,494,489
1668544412,2022-11-15 14:33:32 -0600,99f146134ecc6963b0132cb498a81fb1d3be55b6,NV,32031,2,2022-11-09T03:00:00.000Z,FIPSCode,32031,0,2022-11-15T03:26:09.793Z,489,99.0,494,98.99,36172,97281,50.67,37634,89123,46.42,37917,2029,1.06,37880,1442,0.75,37882,1192,0.62,37881,926,0.48,192006,99,191993,348079,494,489
1668552522,2022-11-15 16:48:42 -0600,ab47b8c49772797232e7d466d0e0b1fa1d0bb309,NV,32031,2,2022-11-09T03:00:00.000Z,FIPSCode,32031,0,2022-11-15T03:26:09.793Z,489,99.0,494,98.99,36172,97281,50.67,37634,89123,46.42,37917,2029,1.06,37880,1442,0.75,37882,1192,0.62,37881,926,0.48,192006,99,191993,348079,494,489
1668556082,2022-11-15 17:48:02 -0600,f25ba16f98b3524efa23fab9daa88973bdebe717,NV,32031,2,2022-11-09T03:00:00.000Z,FIPSCode,32031,0,2022-11-15T03:26:09.793Z,489,99.0,494,98.99,36172,97281,50.67,37634,89123,46.42,37917,2029,1.06,37880,1442,0.75,37882,1192,0.62,37881,926,0.48,192006,99,191993,348079,494,489
1668557103,2022-11-15 18:05:03 -0600,6b944b093e5afab37294ed6d296077341f3a2e1a,NV,32031,2,2022-11-09T03:00:00.000Z,FIPSCode,32031,0,2022-11-15T03:26:09.793Z,489,99.0,494,98.99,36172,97281,50.67,37634,89123,46.42,37917,2029,1.06,37880,1442,0.75,37882,1192,0.62,37881,926,0.48,192006,99,191993,348079,494,489
1668557150,2022-11-15 18:05:50 -0600,f96ca0d85e31ead12e66d8c74a79dda4964eea0a,NV,32031,2,2022-11-09T03:00:00.000Z,FIPSCode,32031,0,2022-11-15T03:26:09.793Z,489,99.0,494,98.99,36172,97281,50.67,37634,89123,46.42,37917,2029,1.06,37880,1442,0.75,37882,1192,0.62,37881,926,0.48,192006,99,191993,348079,494,489
1668558657,2022-11-15 18:30:57 -0600,ce182e1dba5b49dc24a5a598de07dd7a06da48ac,NV,32031,2,2022-11-09T03:00:00.000Z,FIPSCode,32031,0,2022-11-15T03:26:09.793Z,489,99.0,494,98.99,36172,97281,50.67,37634,89123,46.42,37917,2029,1.06,37880,1442,0.75,37882,1192,0.62,37881,926,0.48,192006,99,191993,348079,494,489
1668559630,2022-11-15 18:47:10 -0600,49998e57253dc4d02a1cfd98bb2c8fc17493e165,NV,32031,2,2022-11-09T03:00:00.000Z,FIPSCode,32031,0,2022-11-15T03:26:09.793Z,489,99.0,494,98.99,36172,97281,50.67,37634,89123,46.42,37917,2029,1.06,37880,1442,0.75,37882,1192,0.62,37881,926,0.48,192006,99,191993,348079,494,489
1668570246,2022-11-15 21:44:06 -0600,7a8f8fb8f698e7862c8aa194b929b9e2fe92a4bc,NV,32031,2,2022-11-09T03:00:00.000Z,FIPSCode,32031,0,2022-11-15T03:26:09.793Z,489,99.0,494,98.99,36172,97281,50.67,37634,89123,46.42,37917,2029,1.06,37880,1442,0.75,37882,1192,0.62,37881,926,0.48,192006,99,191993,348079,494,489
1668570258,2022-11-15 21:44:18 -0600,891cc4c7e72e56b478d80257ef1ec587cf5abd5e,NV,32031,2,2022-11-09T03:00:00.000Z,FIPSCode,32031,0,2022-11-16T03:43:56.263Z,489,99.0,494,98.99,36172,97281,50.67,37634,89123,46.42,37917,2029,1.06,37880,1442,0.75,37882,1192,0.62,37881,926,0.48,193932,99,191993,348079,494,489
1668613318,2022-11-16 09:41:58 -0600,4f5f5d4e42021a1c13c5095e138d880454115b4b,NV,32031,2,2022-11-09T03:00:00.000Z,FIPSCode,32031,0,2022-11-16T03:43:56.263Z,489,99.0,494,98.99,36172,97281,50.67,37634,89123,46.42,37917,2029,1.06,37880,1442,0.75,37882,1192,0.62,37881,926,0.48,193932,99,191993,348079,494,489
1668613329,2022-11-16 09:42:09 -0600,3eb3b4867be17872f1dd0b531b251516581fed1d,NV,32031,2,2022-11-09T03:00:00.000Z,FIPSCode,32031,0,2022-11-16T03:43:56.263Z,489,99.0,494,98.99,36172,97281,50.67,37634,89123,46.42,37917,2029,1.06,37880,1442,0.75,37882,1192,0.62,37881,926,0.48,193932,99,191993,348079,494,489
1668613335,2022-11-16 09:42:15 -0600,f70079a3c80004185951695a3c96ed1a461893d5,NV,32031,2,2022-11-09T03:00:00.000Z,FIPSCode,32031,0,2022-11-16T03:43:56.263Z,489,99.0,494,98.99,36172,97281,50.67,37634,89123,46.42,37917,2029,1.06,37880,1442,0.75,37882,1192,0.62,37881,926,0.48,193932,99,191993,348079,494,489
1668613352,2022-11-16 09:42:32 -0600,76214762025bb1702e4479e2d24783b304063621,NV,32031,2,2022-11-09T03:00:00.000Z,FIPSCode,32031,0,2022-11-16T03:43:56.263Z,489,99.0,494,98.99,36172,97281,50.67,37634,89123,46.42,37917,2029,1.06,37880,1442,0.75,37882,1192,0.62,37881,926,0.48,193932,99,191993,348079,494,489
1668630805,2022-11-16 14:33:25 -0600,82599841956c53be1f31b71439338aecafad9bdc,NV,32031,2,2022-11-09T03:00:00.000Z,FIPSCode,32031,0,2022-11-16T03:43:56.263Z,489,99.0,494,98.99,36172,97281,50.67,37634,89123,46.42,37917,2029,1.06,37880,1442,0.75,37882,1192,0.62,37881,926,0.48,193932,99,191993,348079,494,489
1668630869,2022-11-16 14:34:29 -0600,77264c4e8e962377ca3fe77336e59341844b0cb1,NV,32031,2,2022-11-09T03:00:00.000Z,FIPSCode,32031,0,2022-11-16T03:43:56.263Z,489,99.0,494,98.99,36172,97281,50.67,37634,89123,46.42,37917,2029,1.06,37880,1442,0.75,37882,1192,0.62,37881,926,0.48,193932,99,191993,348079,494,489
1668731297,2022-11-17 18:28:17 -0600,14c4ad115e4a854a43fd9a5ae902eae9a4d40d6c,NV,32031,2,2022-11-09T03:00:00.000Z,FIPSCode,32031,0,2022-11-16T03:43:56.263Z,489,99.0,494,98.99,36172,97281,50.67,37634,89123,46.42,37917,2029,1.06,37880,1442,0.75,37882,1192,0.62,37881,926,0.48,193932,99,191993,348079,494,489
1669152838,2022-11-22 15:33:58 -0600,caec1ffe24852fe3ef21a726ebfd83848970f84b,NV,32031,2,2022-11-09T03:00:00.000Z,FIPSCode,32031,0,2022-11-16T03:43:56.263Z,489,99.0,494,98.99,36172,97281,50.67,37634,89123,46.42,37917,2029,1.06,37880,1442,0.75,37882,1192,0.62,37881,926,0.48,193932,99,191993,348079,494,489
1669152850,2022-11-22 15:34:10 -0600,ce9a4aeb50535a14eef2f6085741e50aa4363bd1,NV,32031,2,2022-11-09T03:00:00.000Z,FIPSCode,32031,0,2022-11-22T21:33:45.065Z,489,98.82,494,98.99,36172,97281,50.67,37634,89123,46.42,37917,2029,1.06,37880,1442,0.75,37882,1192,0.62,37881,926,0.48,194280,100,191993,348079,494,489
